Index,Unit,HC service,Pharm,MedAppl
Expenditure,MEUR,165289986.0,12922934.420894817,6712417.613469368
Conversion,na,0.9961465217878348,0.67262391624407,0.8494024341215599
DirectEm,kt CO2e,1699.0,0.0,0.0
