producing_country_iso3,producing_country_name,producing_world_region,producing_sector_group,indicator,unit,value,analysis_year,model
DNK,Denmark,Denmark,Transport,climate_change,kt CO2eq,1501.7446975739383,2019,EXIOBASE v3.7 IOT_2016_ixi
DNK,Denmark,Denmark,Minerals and Metals,material_extraction,kt,1493.9927153296667,2019,EXIOBASE v3.7 IOT_2016_ixi
IND,India,Asia and Pacific,Minerals and Metals,material_extraction,kt,1278.5249240819721,2019,EXIOBASE v3.7 IOT_2016_ixi
DNK,Denmark,Denmark,"Steam, hot water supply and water distribution",climate_change,kt CO2eq,1272.0927111890273,2019,EXIOBASE v3.7 IOT_2016_ixi
CHN,China,Asia and Pacific,Minerals and Metals,material_extraction,kt,1240.66408361115,2019,EXIOBASE v3.7 IOT_2016_ixi
RoW Africa,RoW Africa,Africa,Food and catering,land_use,km2,719.0497887560393,2019,EXIOBASE v3.7 IOT_2016_ixi
RoW Asia and Pacific,RoW Asia and Pacific,Asia and Pacific,Food and catering,land_use,km2,703.4693473446594,2019,EXIOBASE v3.7 IOT_2016_ixi
BRA,Brazil,America,Food and catering,land_use,km2,526.73491635886,2019,EXIOBASE v3.7 IOT_2016_ixi
DNK,Denmark,Denmark,Food and catering,land_use,km2,391.6595983502803,2019,EXIOBASE v3.7 IOT_2016_ixi
RoW Middle East,RoW Middle East,Middle East,Minerals and Metals,material_extraction,kt,390.3052421635753,2019,EXIOBASE v3.7 IOT_2016_ixi
RoW Asia and Pacific,RoW Asia and Pacific,Asia and Pacific,Transport,climate_change,kt CO2eq,367.5152336513146,2019,EXIOBASE v3.7 IOT_2016_ixi
DNK,Denmark,Denmark,Private travel,climate_change,kt CO2eq,357.7208129778782,2019,EXIOBASE v3.7 IOT_2016_ixi
RUS,Russia,Europe,Food and catering,land_use,km2,348.5728475537328,2019,EXIOBASE v3.7 IOT_2016_ixi
AUS,Australia,Asia and Pacific,Food and catering,land_use,km2,282.62090232495257,2019,EXIOBASE v3.7 IOT_2016_ixi
DNK,Denmark,Denmark,Waste management and disposal,climate_change,kt CO2eq,249.31724334799102,2019,EXIOBASE v3.7 IOT_2016_ixi
GLO,Unallocated,Unallocated,Private travel,climate_change,kt CO2eq,245.5214056733666,2019,EXIOBASE v3.7 IOT_2016_ixi
DNK,Denmark,Denmark,Services,climate_change,kt CO2eq,244.01136581569173,2019,EXIOBASE v3.7 IOT_2016_ixi
CHN,China,Asia and Pacific,Food and catering,land_use,km2,212.77227042731,2019,EXIOBASE v3.7 IOT_2016_ixi
RoW America,RoW America,America,Food and catering,land_use,km2,203.63562347085082,2019,EXIOBASE v3.7 IOT_2016_ixi
DEU,Germany,Europe,Transport,climate_change,kt CO2eq,190.32516264278942,2019,EXIOBASE v3.7 IOT_2016_ixi
RoW Middle East,RoW Middle East,Middle East,Transport,climate_change,kt CO2eq,178.48328395052638,2019,EXIOBASE v3.7 IOT_2016_ixi
RoW Asia and Pacific,RoW Asia and Pacific,Asia and Pacific,Minerals and Metals,material_extraction,kt,169.13063404856155,2019,EXIOBASE v3.7 IOT_2016_ixi
BRA,Brazil,America,Minerals and Metals,material_extraction,kt,164.5261341563902,2019,EXIOBASE v3.7 IOT_2016_ixi
DNK,Denmark,Denmark,Operational impact,climate_change,kt CO2eq,163.5946084095433,2019,EXIOBASE v3.7 IOT_2016_ixi
USA,United States,America,Food and catering,land_use,km2,153.66157055092847,2019,EXIOBASE v3.7 IOT_2016_ixi
DNK,Denmark,Denmark,Food and catering,climate_change,kt CO2eq,112.69558540967707,2019,EXIOBASE v3.7 IOT_2016_ixi
CHN,China,Asia and Pacific,Electricity,climate_change,kt CO2eq,112.58118090170629,2019,EXIOBASE v3.7 IOT_2016_ixi
SWE,Sweden,Europe,Food and catering,land_use,km2,110.53155706845368,2019,EXIOBASE v3.7 IOT_2016_ixi
RoW Africa,RoW Africa,Africa,Minerals and Metals,material_extraction,kt,102.17098116863095,2019,EXIOBASE v3.7 IOT_2016_ixi
CHN,China,Asia and Pacific,Chemical,climate_change,kt CO2eq,99.74520002122762,2019,EXIOBASE v3.7 IOT_2016_ixi
RoW Asia and Pacific,RoW Asia and Pacific,Asia and Pacific,Food and catering,climate_change,kt CO2eq,97.81686525560565,2019,EXIOBASE v3.7 IOT_2016_ixi
IDN,Indonesia,Asia and Pacific,Minerals and Metals,material_extraction,kt,94.46260452870139,2019,EXIOBASE v3.7 IOT_2016_ixi
RoW America,RoW America,America,Minerals and Metals,material_extraction,kt,93.63592135557309,2019,EXIOBASE v3.7 IOT_2016_ixi
RoW Middle East,RoW Middle East,Middle East,Services,climate_change,kt CO2eq,84.58983447752985,2019,EXIOBASE v3.7 IOT_2016_ixi
RoW Middle East,RoW Middle East,Middle East,Electricity,climate_change,kt CO2eq,83.87944981049303,2019,EXIOBASE v3.7 IOT_2016_ixi
CAN,Canada,America,Food and catering,land_use,km2,83.45080530229303,2019,EXIOBASE v3.7 IOT_2016_ixi
RoW Europe,RoW Europe,Europe,Food and catering,land_use,km2,81.82529028401837,2019,EXIOBASE v3.7 IOT_2016_ixi
USA,United States,America,Minerals and Metals,material_extraction,kt,78.61508077824932,2019,EXIOBASE v3.7 IOT_2016_ixi
CZE,Czech Republic,Europe,Minerals and Metals,material_extraction,kt,75.48705124991476,2019,EXIOBASE v3.7 IOT_2016_ixi
POL,Poland,Europe,Minerals and Metals,material_extraction,kt,70.43215702380364,2019,EXIOBASE v3.7 IOT_2016_ixi
DEU,Germany,Europe,Minerals and Metals,material_extraction,kt,69.40548036874823,2019,EXIOBASE v3.7 IOT_2016_ixi
AUS,Australia,Asia and Pacific,Minerals and Metals,material_extraction,kt,68.8205300945035,2019,EXIOBASE v3.7 IOT_2016_ixi
GBR,United Kingdom,Europe,Transport,climate_change,kt CO2eq,65.83929488869269,2019,EXIOBASE v3.7 IOT_2016_ixi
SWE,Sweden,Europe,Minerals and Metals,material_extraction,kt,64.00134264674378,2019,EXIOBASE v3.7 IOT_2016_ixi
RoW Middle East,RoW Middle East,Middle East,Food and catering,land_use,km2,63.36177984712251,2019,EXIOBASE v3.7 IOT_2016_ixi
DNK,Denmark,Denmark,Waste management and disposal,waste_generation,kt,63.17953706238647,2019,EXIOBASE v3.7 IOT_2016_ixi
GRC,Greece,Europe,Transport,climate_change,kt CO2eq,62.13025339697569,2019,EXIOBASE v3.7 IOT_2016_ixi
NOR,Norway,Europe,Food and catering,land_use,km2,56.29353119077813,2019,EXIOBASE v3.7 IOT_2016_ixi
IDN,Indonesia,Asia and Pacific,Food and catering,land_use,km2,56.014293481986776,2019,EXIOBASE v3.7 IOT_2016_ixi
DNK,Denmark,Denmark,Coal and Petroleum,climate_change,kt CO2eq,55.16050783455822,2019,EXIOBASE v3.7 IOT_2016_ixi
RUS,Russia,Europe,Transport,climate_change,kt CO2eq,54.76634498946567,2019,EXIOBASE v3.7 IOT_2016_ixi
RoW Middle East,RoW Middle East,Middle East,Coal and Petroleum,climate_change,kt CO2eq,53.70331319476561,2019,EXIOBASE v3.7 IOT_2016_ixi
CHN,China,Asia and Pacific,Transport,climate_change,kt CO2eq,51.626418570198716,2019,EXIOBASE v3.7 IOT_2016_ixi
RUS,Russia,Europe,Coal and Petroleum,climate_change,kt CO2eq,49.43120493682936,2019,EXIOBASE v3.7 IOT_2016_ixi
IND,India,Asia and Pacific,Food and catering,land_use,km2,48.57009631366562,2019,EXIOBASE v3.7 IOT_2016_ixi
USA,United States,America,Transport,climate_change,kt CO2eq,47.56955795105819,2019,EXIOBASE v3.7 IOT_2016_ixi
CHN,China,Asia and Pacific,Coal and Petroleum,climate_change,kt CO2eq,47.275723934430445,2019,EXIOBASE v3.7 IOT_2016_ixi
DNK,Denmark,Denmark,Chemical,climate_change,kt CO2eq,47.026931706803516,2019,EXIOBASE v3.7 IOT_2016_ixi
JPN,Japan,Asia and Pacific,Transport,climate_change,kt CO2eq,46.31697865202084,2019,EXIOBASE v3.7 IOT_2016_ixi
RoW Africa,RoW Africa,Africa,Food and catering,climate_change,kt CO2eq,46.29863140508899,2019,EXIOBASE v3.7 IOT_2016_ixi
RUS,Russia,Europe,Minerals and Metals,material_extraction,kt,45.5258389086181,2019,EXIOBASE v3.7 IOT_2016_ixi
CHE,Switzerland,Europe,Minerals and Metals,material_extraction,kt,43.69503888668505,2019,EXIOBASE v3.7 IOT_2016_ixi
DNK,Denmark,Denmark,Operational impact,waste_generation,kt,42.71652604695465,2019,EXIOBASE v3.7 IOT_2016_ixi
IDN,Indonesia,Asia and Pacific,Coal and Petroleum,climate_change,kt CO2eq,42.52967718187295,2019,EXIOBASE v3.7 IOT_2016_ixi
KOR,South Korea,Asia and Pacific,Transport,climate_change,kt CO2eq,42.49021331909802,2019,EXIOBASE v3.7 IOT_2016_ixi
NLD,Netherlands,Europe,Transport,climate_change,kt CO2eq,39.6930300348668,2019,EXIOBASE v3.7 IOT_2016_ixi
FRA,France,Europe,Transport,climate_change,kt CO2eq,39.488038463379915,2019,EXIOBASE v3.7 IOT_2016_ixi
DNK,Denmark,Denmark,"Steam, hot water supply and water distribution",waste_generation,kt,38.215227205055555,2019,EXIOBASE v3.7 IOT_2016_ixi
DEU,Germany,Europe,Food and catering,land_use,km2,37.49484781028603,2019,EXIOBASE v3.7 IOT_2016_ixi
CZE,Czech Republic,Europe,Food and catering,land_use,km2,37.102632766968505,2019,EXIOBASE v3.7 IOT_2016_ixi
RUS,Russia,Europe,Natural gas and gaseous fuels,climate_change,kt CO2eq,34.54490772905018,2019,EXIOBASE v3.7 IOT_2016_ixi
CZE,Czech Republic,Europe,Chemical,climate_change,kt CO2eq,33.52885342498434,2019,EXIOBASE v3.7 IOT_2016_ixi
NOR,Norway,Europe,Minerals and Metals,material_extraction,kt,32.101847861223604,2019,EXIOBASE v3.7 IOT_2016_ixi
CHN,China,Asia and Pacific,Metal Products,climate_change,kt CO2eq,31.372400260973137,2019,EXIOBASE v3.7 IOT_2016_ixi
CHN,China,Asia and Pacific,Food and catering,climate_change,kt CO2eq,31.34938732138362,2019,EXIOBASE v3.7 IOT_2016_ixi
BRA,Brazil,America,Food and catering,climate_change,kt CO2eq,29.83718164879399,2019,EXIOBASE v3.7 IOT_2016_ixi
RoW Middle East,RoW Middle East,Middle East,Natural gas and gaseous fuels,climate_change,kt CO2eq,29.232384015578596,2019,EXIOBASE v3.7 IOT_2016_ixi
CZE,Czech Republic,Europe,"Steam, hot water supply and water distribution",climate_change,kt CO2eq,28.498465944148876,2019,EXIOBASE v3.7 IOT_2016_ixi
NOR,Norway,Europe,Transport,climate_change,kt CO2eq,28.483012256631444,2019,EXIOBASE v3.7 IOT_2016_ixi
TUR,Turkey,Middle East,Minerals and Metals,material_extraction,kt,28.446425429400474,2019,EXIOBASE v3.7 IOT_2016_ixi
BEL,Belgium,Europe,Transport,climate_change,kt CO2eq,28.304416071090895,2019,EXIOBASE v3.7 IOT_2016_ixi
GLO,Unallocated,Unallocated,Private travel,material_extraction,kt,27.9464815083494,2019,EXIOBASE v3.7 IOT_2016_ixi
IND,India,Asia and Pacific,Transport,climate_change,kt CO2eq,26.960065467840284,2019,EXIOBASE v3.7 IOT_2016_ixi
IND,India,Asia and Pacific,Electricity,climate_change,kt CO2eq,26.657861007204968,2019,EXIOBASE v3.7 IOT_2016_ixi
ZAF,South Africa,Africa,Electricity,climate_change,kt CO2eq,26.390840469120864,2019,EXIOBASE v3.7 IOT_2016_ixi
DNK,Denmark,Denmark,Electricity,climate_change,kt CO2eq,26.230228508048732,2019,EXIOBASE v3.7 IOT_2016_ixi
POL,Poland,Europe,Food and catering,land_use,km2,25.932932998766184,2019,EXIOBASE v3.7 IOT_2016_ixi
RoW Africa,RoW Africa,Africa,Coal and Petroleum,climate_change,kt CO2eq,25.73388737204708,2019,EXIOBASE v3.7 IOT_2016_ixi
IND,India,Asia and Pacific,Food and catering,climate_change,kt CO2eq,25.34380095740273,2019,EXIOBASE v3.7 IOT_2016_ixi
ESP,Spain,Europe,Food and catering,land_use,km2,24.962549165344313,2019,EXIOBASE v3.7 IOT_2016_ixi
FRA,France,Europe,Minerals and Metals,material_extraction,kt,24.167417240535418,2019,EXIOBASE v3.7 IOT_2016_ixi
RoW Middle East,RoW Middle East,Middle East,Minerals and Metals,climate_change,kt CO2eq,22.891764388210245,2019,EXIOBASE v3.7 IOT_2016_ixi
RoW Middle East,RoW Middle East,Middle East,Chemical,climate_change,kt CO2eq,22.628886998449698,2019,EXIOBASE v3.7 IOT_2016_ixi
FRA,France,Europe,Food and catering,land_use,km2,22.39458643496437,2019,EXIOBASE v3.7 IOT_2016_ixi
AUS,Australia,Asia and Pacific,Transport,climate_change,kt CO2eq,22.256714330693566,2019,EXIOBASE v3.7 IOT_2016_ixi
RoW Asia and Pacific,RoW Asia and Pacific,Asia and Pacific,Services,climate_change,kt CO2eq,22.195984799514136,2019,EXIOBASE v3.7 IOT_2016_ixi
ITA,Italy,Europe,Transport,climate_change,kt CO2eq,22.06132754279182,2019,EXIOBASE v3.7 IOT_2016_ixi
FIN,Finland,Europe,Food and catering,land_use,km2,21.91470360572392,2019,EXIOBASE v3.7 IOT_2016_ixi
CAN,Canada,America,Transport,climate_change,kt CO2eq,21.748358292906925,2019,EXIOBASE v3.7 IOT_2016_ixi
ZAF,South Africa,Africa,Minerals and Metals,material_extraction,kt,21.348280676087352,2019,EXIOBASE v3.7 IOT_2016_ixi
CAN,Canada,America,Minerals and Metals,material_extraction,kt,20.307603690119542,2019,EXIOBASE v3.7 IOT_2016_ixi
AUT,Austria,Europe,Minerals and Metals,material_extraction,kt,20.15008596547753,2019,EXIOBASE v3.7 IOT_2016_ixi
NOR,Norway,Europe,Coal and Petroleum,climate_change,kt CO2eq,19.95285611060308,2019,EXIOBASE v3.7 IOT_2016_ixi
IRL,Ireland,Europe,Food and catering,land_use,km2,19.946090257522464,2019,EXIOBASE v3.7 IOT_2016_ixi
ITA,Italy,Europe,Minerals and Metals,material_extraction,kt,19.700558654300636,2019,EXIOBASE v3.7 IOT_2016_ixi
TWN,Taiwan,Asia and Pacific,Electricity,climate_change,kt CO2eq,19.682549540393726,2019,EXIOBASE v3.7 IOT_2016_ixi
BRA,Brazil,America,Electricity,climate_change,kt CO2eq,19.37357218670717,2019,EXIOBASE v3.7 IOT_2016_ixi
DNK,Denmark,Denmark,Minerals and Metals,climate_change,kt CO2eq,19.3587066380975,2019,EXIOBASE v3.7 IOT_2016_ixi
DEU,Germany,Europe,Electricity,climate_change,kt CO2eq,19.22295431637781,2019,EXIOBASE v3.7 IOT_2016_ixi
USA,United States,America,Chemical,climate_change,kt CO2eq,18.809592068168286,2019,EXIOBASE v3.7 IOT_2016_ixi
ZAF,South Africa,Africa,Food and catering,land_use,km2,18.53533848430276,2019,EXIOBASE v3.7 IOT_2016_ixi
USA,United States,America,Electricity,climate_change,kt CO2eq,18.51940078932439,2019,EXIOBASE v3.7 IOT_2016_ixi
GBR,United Kingdom,Europe,Minerals and Metals,material_extraction,kt,18.513716841177995,2019,EXIOBASE v3.7 IOT_2016_ixi
CHN,China,Asia and Pacific,"Steam, hot water supply and water distribution",climate_change,kt CO2eq,18.190806480663923,2019,EXIOBASE v3.7 IOT_2016_ixi
RoW Asia and Pacific,RoW Asia and Pacific,Asia and Pacific,Coal and Petroleum,climate_change,kt CO2eq,17.698426063794365,2019,EXIOBASE v3.7 IOT_2016_ixi
USA,United States,America,Coal and Petroleum,climate_change,kt CO2eq,17.64273009569157,2019,EXIOBASE v3.7 IOT_2016_ixi
RoW Asia and Pacific,RoW Asia and Pacific,Asia and Pacific,Electricity,climate_change,kt CO2eq,17.611558373893686,2019,EXIOBASE v3.7 IOT_2016_ixi
RUS,Russia,Europe,Chemical,climate_change,kt CO2eq,16.849942843975313,2019,EXIOBASE v3.7 IOT_2016_ixi
LVA,Latvia,Europe,Food and catering,land_use,km2,16.6545791595053,2019,EXIOBASE v3.7 IOT_2016_ixi
GBR,United Kingdom,Europe,Food and catering,land_use,km2,16.454930472783406,2019,EXIOBASE v3.7 IOT_2016_ixi
FIN,Finland,Europe,Minerals and Metals,material_extraction,kt,16.36650649914056,2019,EXIOBASE v3.7 IOT_2016_ixi
EST,Estonia,Europe,Food and catering,land_use,km2,16.029830362736035,2019,EXIOBASE v3.7 IOT_2016_ixi
RoW Asia and Pacific,RoW Asia and Pacific,Asia and Pacific,Food and catering,blue_water_consumption,Mm3,15.654026252739461,2019,EXIOBASE v3.7 IOT_2016_ixi
MEX,Mexico,America,Minerals and Metals,material_extraction,kt,15.650123916194346,2019,EXIOBASE v3.7 IOT_2016_ixi
RoW America,RoW America,America,Food and catering,climate_change,kt CO2eq,15.352627757544507,2019,EXIOBASE v3.7 IOT_2016_ixi
AUS,Australia,Asia and Pacific,Food and catering,climate_change,kt CO2eq,15.343827722154636,2019,EXIOBASE v3.7 IOT_2016_ixi
RoW America,RoW America,America,"Steam, hot water supply and water distribution",climate_change,kt CO2eq,15.25614322231506,2019,EXIOBASE v3.7 IOT_2016_ixi
BEL,Belgium,Europe,Minerals and Metals,material_extraction,kt,15.185412827328552,2019,EXIOBASE v3.7 IOT_2016_ixi
ITA,Italy,Europe,Food and catering,land_use,km2,15.077247450134188,2019,EXIOBASE v3.7 IOT_2016_ixi
RoW Asia and Pacific,RoW Asia and Pacific,Asia and Pacific,Chemical,climate_change,kt CO2eq,15.000554901709302,2019,EXIOBASE v3.7 IOT_2016_ixi
BGR,Bulgaria,Europe,Minerals and Metals,material_extraction,kt,14.955566659239533,2019,EXIOBASE v3.7 IOT_2016_ixi
BRA,Brazil,America,Chemical,climate_change,kt CO2eq,14.89372798901966,2019,EXIOBASE v3.7 IOT_2016_ixi
RoW Africa,RoW Africa,Africa,Transport,climate_change,kt CO2eq,14.881994424533733,2019,EXIOBASE v3.7 IOT_2016_ixi
GRC,Greece,Europe,Minerals and Metals,material_extraction,kt,14.738121138305575,2019,EXIOBASE v3.7 IOT_2016_ixi
IRL,Ireland,Europe,Transport,climate_change,kt CO2eq,14.079849705829206,2019,EXIOBASE v3.7 IOT_2016_ixi
RoW Middle East,RoW Middle East,Middle East,Food and catering,climate_change,kt CO2eq,13.851028937925397,2019,EXIOBASE v3.7 IOT_2016_ixi
ESP,Spain,Europe,Transport,climate_change,kt CO2eq,13.66228979319351,2019,EXIOBASE v3.7 IOT_2016_ixi
DNK,Denmark,Denmark,Non-metallic mineral products,climate_change,kt CO2eq,13.331767670722133,2019,EXIOBASE v3.7 IOT_2016_ixi
IND,India,Asia and Pacific,Coal and Petroleum,climate_change,kt CO2eq,13.318722774066162,2019,EXIOBASE v3.7 IOT_2016_ixi
MEX,Mexico,America,Food and catering,land_use,km2,13.286689962687175,2019,EXIOBASE v3.7 IOT_2016_ixi
TWN,Taiwan,Asia and Pacific,Transport,climate_change,kt CO2eq,13.20269622378728,2019,EXIOBASE v3.7 IOT_2016_ixi
TUR,Turkey,Middle East,Food and catering,land_use,km2,13.147478599596202,2019,EXIOBASE v3.7 IOT_2016_ixi
SWE,Sweden,Europe,Chemical,material_extraction,kt,12.895151147953047,2019,EXIOBASE v3.7 IOT_2016_ixi
RoW America,RoW America,America,Natural gas and gaseous fuels,climate_change,kt CO2eq,12.854640653225346,2019,EXIOBASE v3.7 IOT_2016_ixi
CZE,Czech Republic,Europe,Transport,climate_change,kt CO2eq,12.805913622696059,2019,EXIOBASE v3.7 IOT_2016_ixi
USA,United States,America,Food and catering,climate_change,kt CO2eq,12.599027782625008,2019,EXIOBASE v3.7 IOT_2016_ixi
GRC,Greece,Europe,Food and catering,land_use,km2,12.44827857655251,2019,EXIOBASE v3.7 IOT_2016_ixi
DEU,Germany,Europe,Food and catering,climate_change,kt CO2eq,12.380816950621181,2019,EXIOBASE v3.7 IOT_2016_ixi
CZE,Czech Republic,Europe,Electricity,climate_change,kt CO2eq,12.28502417839318,2019,EXIOBASE v3.7 IOT_2016_ixi
DNK,Denmark,Denmark,Chemical,waste_generation,kt,12.04655393634764,2019,EXIOBASE v3.7 IOT_2016_ixi
CZE,Czech Republic,Europe,Coal and Petroleum,climate_change,kt CO2eq,11.961037927219573,2019,EXIOBASE v3.7 IOT_2016_ixi
HUN,Hungary,Europe,Food and catering,land_use,km2,11.568903435040138,2019,EXIOBASE v3.7 IOT_2016_ixi
LTU,Lithuania,Europe,Food and catering,land_use,km2,11.30906888573954,2019,EXIOBASE v3.7 IOT_2016_ixi
ROU,Romania,Europe,Food and catering,land_use,km2,11.308724180859425,2019,EXIOBASE v3.7 IOT_2016_ixi
RUS,Russia,Europe,Services,climate_change,kt CO2eq,11.111747377844717,2019,EXIOBASE v3.7 IOT_2016_ixi
RoW Europe,RoW Europe,Europe,"Steam, hot water supply and water distribution",climate_change,kt CO2eq,11.104999220482494,2019,EXIOBASE v3.7 IOT_2016_ixi
CHN,China,Asia and Pacific,Non-metallic mineral products,climate_change,kt CO2eq,10.956303128914838,2019,EXIOBASE v3.7 IOT_2016_ixi
RUS,Russia,Europe,Metal Products,climate_change,kt CO2eq,10.90946381719705,2019,EXIOBASE v3.7 IOT_2016_ixi
SWE,Sweden,Europe,Transport,climate_change,kt CO2eq,10.881361206266533,2019,EXIOBASE v3.7 IOT_2016_ixi
RoW Asia and Pacific,RoW Asia and Pacific,Asia and Pacific,"Steam, hot water supply and water distribution",climate_change,kt CO2eq,10.51588941364797,2019,EXIOBASE v3.7 IOT_2016_ixi
ESP,Spain,Europe,Minerals and Metals,material_extraction,kt,10.321393192409808,2019,EXIOBASE v3.7 IOT_2016_ixi
GBR,United Kingdom,Europe,Food and catering,material_extraction,kt,10.243157351142639,2019,EXIOBASE v3.7 IOT_2016_ixi
RoW Africa,RoW Africa,Africa,Food and catering,waste_generation,kt,10.199067673153271,2019,EXIOBASE v3.7 IOT_2016_ixi
NLD,Netherlands,Europe,Minerals and Metals,material_extraction,kt,10.149606876189322,2019,EXIOBASE v3.7 IOT_2016_ixi
RoW Europe,RoW Europe,Europe,Electricity,climate_change,kt CO2eq,10.114551052053198,2019,EXIOBASE v3.7 IOT_2016_ixi
BRA,Brazil,America,Chemical,waste_generation,kt,9.972025060199122,2019,EXIOBASE v3.7 IOT_2016_ixi
GBR,United Kingdom,Europe,Coal and Petroleum,climate_change,kt CO2eq,9.851576013035913,2019,EXIOBASE v3.7 IOT_2016_ixi
DNK,Denmark,Denmark,Food and catering,waste_generation,kt,9.82576441374214,2019,EXIOBASE v3.7 IOT_2016_ixi
PRT,Portugal,Europe,Minerals and Metals,material_extraction,kt,9.747040155640748,2019,EXIOBASE v3.7 IOT_2016_ixi
CHE,Switzerland,Europe,Transport,climate_change,kt CO2eq,9.546510507077302,2019,EXIOBASE v3.7 IOT_2016_ixi
RoW Middle East,RoW Middle East,Middle East,Food and catering,blue_water_consumption,Mm3,9.513104588245712,2019,EXIOBASE v3.7 IOT_2016_ixi
RoW Asia and Pacific,RoW Asia and Pacific,Asia and Pacific,Food and catering,waste_generation,kt,9.384935501322378,2019,EXIOBASE v3.7 IOT_2016_ixi
RUS,Russia,Europe,Waste management and disposal,climate_change,kt CO2eq,9.357454168575307,2019,EXIOBASE v3.7 IOT_2016_ixi
SVK,Slovakia,Europe,Food and catering,land_use,km2,9.282835850113255,2019,EXIOBASE v3.7 IOT_2016_ixi
RoW Europe,RoW Europe,Europe,Transport,climate_change,kt CO2eq,9.278460794890464,2019,EXIOBASE v3.7 IOT_2016_ixi
IRL,Ireland,Europe,Food and catering,climate_change,kt CO2eq,9.163692531606644,2019,EXIOBASE v3.7 IOT_2016_ixi
RoW Europe,RoW Europe,Europe,Food and catering,climate_change,kt CO2eq,8.859102371405003,2019,EXIOBASE v3.7 IOT_2016_ixi
RoW Asia and Pacific,RoW Asia and Pacific,Asia and Pacific,Minerals and Metals,climate_change,kt CO2eq,8.84085959093416,2019,EXIOBASE v3.7 IOT_2016_ixi
ROU,Romania,Europe,Minerals and Metals,material_extraction,kt,8.807843104204155,2019,EXIOBASE v3.7 IOT_2016_ixi
POL,Poland,Europe,Coal and Petroleum,climate_change,kt CO2eq,8.732138811023269,2019,EXIOBASE v3.7 IOT_2016_ixi
RoW Africa,RoW Africa,Africa,Transport,land_use,km2,8.600720095338385,2019,EXIOBASE v3.7 IOT_2016_ixi
RoW Asia and Pacific,RoW Asia and Pacific,Asia and Pacific,Services,land_use,km2,8.548177307211112,2019,EXIOBASE v3.7 IOT_2016_ixi
TWN,Taiwan,Asia and Pacific,Chemical,climate_change,kt CO2eq,8.487536500455333,2019,EXIOBASE v3.7 IOT_2016_ixi
RoW Africa,RoW Africa,Africa,Electricity,climate_change,kt CO2eq,8.320217375766523,2019,EXIOBASE v3.7 IOT_2016_ixi
HUN,Hungary,Europe,Minerals and Metals,material_extraction,kt,8.219888730164477,2019,EXIOBASE v3.7 IOT_2016_ixi
CYP,Cyprus,Middle East,Transport,climate_change,kt CO2eq,7.899122502051617,2019,EXIOBASE v3.7 IOT_2016_ixi
HRV,Croatia,Europe,Minerals and Metals,material_extraction,kt,7.85711102319367,2019,EXIOBASE v3.7 IOT_2016_ixi
RoW America,RoW America,America,Coal and Petroleum,climate_change,kt CO2eq,7.588940015969937,2019,EXIOBASE v3.7 IOT_2016_ixi
IND,India,Asia and Pacific,Food and catering,blue_water_consumption,Mm3,7.584161701527977,2019,EXIOBASE v3.7 IOT_2016_ixi
RoW Africa,RoW Africa,Africa,Transport,waste_generation,kt,7.363923213754591,2019,EXIOBASE v3.7 IOT_2016_ixi
SWE,Sweden,Europe,Non-metallic mineral products,material_extraction,kt,7.305636614062765,2019,EXIOBASE v3.7 IOT_2016_ixi
IDN,Indonesia,Asia and Pacific,Chemical,climate_change,kt CO2eq,7.244116078329882,2019,EXIOBASE v3.7 IOT_2016_ixi
AUS,Australia,Asia and Pacific,Coal and Petroleum,climate_change,kt CO2eq,7.207951926648482,2019,EXIOBASE v3.7 IOT_2016_ixi
KOR,South Korea,Asia and Pacific,Electricity,climate_change,kt CO2eq,6.971470937217111,2019,EXIOBASE v3.7 IOT_2016_ixi
RoW Europe,RoW Europe,Europe,Minerals and Metals,material_extraction,kt,6.9602836827804,2019,EXIOBASE v3.7 IOT_2016_ixi
BRA,Brazil,America,Food and catering,blue_water_consumption,Mm3,6.798168848361594,2019,EXIOBASE v3.7 IOT_2016_ixi
RUS,Russia,Europe,"Steam, hot water supply and water distribution",climate_change,kt CO2eq,6.749827480134478,2019,EXIOBASE v3.7 IOT_2016_ixi
RoW Africa,RoW Africa,Africa,Services,land_use,km2,6.475216772775613,2019,EXIOBASE v3.7 IOT_2016_ixi
JPN,Japan,Asia and Pacific,Electricity,climate_change,kt CO2eq,6.469174680058139,2019,EXIOBASE v3.7 IOT_2016_ixi
BRA,Brazil,America,Coal and Petroleum,climate_change,kt CO2eq,6.357652344173614,2019,EXIOBASE v3.7 IOT_2016_ixi
JPN,Japan,Asia and Pacific,Minerals and Metals,material_extraction,kt,6.335556288904924,2019,EXIOBASE v3.7 IOT_2016_ixi
SWE,Sweden,Europe,Services,material_extraction,kt,6.261231156031648,2019,EXIOBASE v3.7 IOT_2016_ixi
CHE,Switzerland,Europe,Food and catering,land_use,km2,6.20667461162133,2019,EXIOBASE v3.7 IOT_2016_ixi
RoW America,RoW America,America,Minerals and Metals,climate_change,kt CO2eq,6.155797488660942,2019,EXIOBASE v3.7 IOT_2016_ixi
SVK,Slovakia,Europe,Minerals and Metals,material_extraction,kt,6.149086696014628,2019,EXIOBASE v3.7 IOT_2016_ixi
IND,India,Asia and Pacific,Metal Products,climate_change,kt CO2eq,6.124365400074819,2019,EXIOBASE v3.7 IOT_2016_ixi
POL,Poland,Europe,Chemical,climate_change,kt CO2eq,6.107701724719473,2019,EXIOBASE v3.7 IOT_2016_ixi
SWE,Sweden,Europe,Paper Products,land_use,km2,6.067664014765413,2019,EXIOBASE v3.7 IOT_2016_ixi
CHN,China,Asia and Pacific,Chemical,waste_generation,kt,5.996884775297982,2019,EXIOBASE v3.7 IOT_2016_ixi
LUX,Luxembourg,Europe,Transport,climate_change,kt CO2eq,5.7983881433366316,2019,EXIOBASE v3.7 IOT_2016_ixi
RUS,Russia,Europe,Food and catering,climate_change,kt CO2eq,5.790207114246392,2019,EXIOBASE v3.7 IOT_2016_ixi
BRA,Brazil,America,Transport,climate_change,kt CO2eq,5.789555057606046,2019,EXIOBASE v3.7 IOT_2016_ixi
CAN,Canada,America,Coal and Petroleum,climate_change,kt CO2eq,5.788446479437638,2019,EXIOBASE v3.7 IOT_2016_ixi
IND,India,Asia and Pacific,Food and catering,waste_generation,kt,5.762713870771602,2019,EXIOBASE v3.7 IOT_2016_ixi
DNK,Denmark,Denmark,Electricity,blue_water_consumption,Mm3,5.678653938570724,2019,EXIOBASE v3.7 IOT_2016_ixi
RoW Europe,RoW Europe,Europe,Chemical,material_extraction,kt,5.619819407820725,2019,EXIOBASE v3.7 IOT_2016_ixi
FRA,France,Europe,Food and catering,climate_change,kt CO2eq,5.611748946051218,2019,EXIOBASE v3.7 IOT_2016_ixi
NLD,Netherlands,Europe,Electricity,climate_change,kt CO2eq,5.609950988235684,2019,EXIOBASE v3.7 IOT_2016_ixi
ZAF,South Africa,Africa,Coal and Petroleum,climate_change,kt CO2eq,5.599193113523191,2019,EXIOBASE v3.7 IOT_2016_ixi
BGR,Bulgaria,Europe,Food and catering,land_use,km2,5.544360699852516,2019,EXIOBASE v3.7 IOT_2016_ixi
RoW Asia and Pacific,RoW Asia and Pacific,Asia and Pacific,Natural gas and gaseous fuels,climate_change,kt CO2eq,5.429579578483293,2019,EXIOBASE v3.7 IOT_2016_ixi
RoW Africa,RoW Africa,Africa,Minerals and Metals,climate_change,kt CO2eq,5.2778854156854695,2019,EXIOBASE v3.7 IOT_2016_ixi
AUT,Austria,Europe,Food and catering,land_use,km2,5.2772096411746565,2019,EXIOBASE v3.7 IOT_2016_ixi
IND,India,Asia and Pacific,Chemical,climate_change,kt CO2eq,5.2738640780996375,2019,EXIOBASE v3.7 IOT_2016_ixi
DNK,Denmark,Denmark,Metal Products,climate_change,kt CO2eq,5.2080904578636575,2019,EXIOBASE v3.7 IOT_2016_ixi
USA,United States,America,Waste management and disposal,climate_change,kt CO2eq,5.189516972030321,2019,EXIOBASE v3.7 IOT_2016_ixi
PRT,Portugal,Europe,Food and catering,land_use,km2,5.189240483452062,2019,EXIOBASE v3.7 IOT_2016_ixi
RoW Europe,RoW Europe,Europe,Transport,land_use,km2,5.1726675413685035,2019,EXIOBASE v3.7 IOT_2016_ixi
TUR,Turkey,Middle East,Transport,climate_change,kt CO2eq,5.135732201783076,2019,EXIOBASE v3.7 IOT_2016_ixi
CAN,Canada,America,Food and catering,climate_change,kt CO2eq,4.862479479280218,2019,EXIOBASE v3.7 IOT_2016_ixi
RoW Middle East,RoW Middle East,Middle East,Textile,climate_change,kt CO2eq,4.847844887417619,2019,EXIOBASE v3.7 IOT_2016_ixi
CHN,China,Asia and Pacific,Electricity,waste_generation,kt,4.833434816560148,2019,EXIOBASE v3.7 IOT_2016_ixi
TWN,Taiwan,Asia and Pacific,Minerals and Metals,material_extraction,kt,4.801664336383777,2019,EXIOBASE v3.7 IOT_2016_ixi
EST,Estonia,Europe,Minerals and Metals,material_extraction,kt,4.764039203371593,2019,EXIOBASE v3.7 IOT_2016_ixi
CHN,China,Asia and Pacific,Minerals and Metals,climate_change,kt CO2eq,4.762105152104589,2019,EXIOBASE v3.7 IOT_2016_ixi
RoW America,RoW America,America,Chemical,climate_change,kt CO2eq,4.720375775357244,2019,EXIOBASE v3.7 IOT_2016_ixi
RoW Africa,RoW Africa,Africa,Food and catering,blue_water_consumption,Mm3,4.62568518336775,2019,EXIOBASE v3.7 IOT_2016_ixi
MEX,Mexico,America,Coal and Petroleum,climate_change,kt CO2eq,4.619251732214084,2019,EXIOBASE v3.7 IOT_2016_ixi
DEU,Germany,Europe,Metal Products,climate_change,kt CO2eq,4.517458938993267,2019,EXIOBASE v3.7 IOT_2016_ixi
POL,Poland,Europe,Waste management and disposal,climate_change,kt CO2eq,4.4651979552575956,2019,EXIOBASE v3.7 IOT_2016_ixi
NLD,Netherlands,Europe,Food and catering,land_use,km2,4.460061578901661,2019,EXIOBASE v3.7 IOT_2016_ixi
IND,India,Asia and Pacific,Textile,land_use,km2,4.428039519830173,2019,EXIOBASE v3.7 IOT_2016_ixi
RoW Asia and Pacific,RoW Asia and Pacific,Asia and Pacific,Non-metallic mineral products,climate_change,kt CO2eq,4.4247798930178535,2019,EXIOBASE v3.7 IOT_2016_ixi
POL,Poland,Europe,Food and catering,climate_change,kt CO2eq,4.420547299481298,2019,EXIOBASE v3.7 IOT_2016_ixi
RoW Africa,RoW Africa,Africa,Natural gas and gaseous fuels,climate_change,kt CO2eq,4.404050696899489,2019,EXIOBASE v3.7 IOT_2016_ixi
RoW Africa,RoW Africa,Africa,Food and catering,material_extraction,kt,4.393656868309151,2019,EXIOBASE v3.7 IOT_2016_ixi
NLD,Netherlands,Europe,"Electrical, electronic and measuring equipment",climate_change,kt CO2eq,4.362143916946147,2019,EXIOBASE v3.7 IOT_2016_ixi
GRC,Greece,Europe,Transport,waste_generation,kt,4.346501436786445,2019,EXIOBASE v3.7 IOT_2016_ixi
CHN,China,Asia and Pacific,Food and catering,waste_generation,kt,4.341968414503995,2019,EXIOBASE v3.7 IOT_2016_ixi
HRV,Croatia,Europe,Transport,climate_change,kt CO2eq,4.314395296979186,2019,EXIOBASE v3.7 IOT_2016_ixi
IDN,Indonesia,Asia and Pacific,Transport,climate_change,kt CO2eq,4.283412203433709,2019,EXIOBASE v3.7 IOT_2016_ixi
PRT,Portugal,Europe,Transport,climate_change,kt CO2eq,4.123077372222032,2019,EXIOBASE v3.7 IOT_2016_ixi
NLD,Netherlands,Europe,Food and catering,climate_change,kt CO2eq,4.077649873866479,2019,EXIOBASE v3.7 IOT_2016_ixi
RoW Asia and Pacific,RoW Asia and Pacific,Asia and Pacific,Waste management and disposal,climate_change,kt CO2eq,4.019666659120941,2019,EXIOBASE v3.7 IOT_2016_ixi
NLD,Netherlands,Europe,Coal and Petroleum,climate_change,kt CO2eq,4.003889080046873,2019,EXIOBASE v3.7 IOT_2016_ixi
LVA,Latvia,Europe,Transport,climate_change,kt CO2eq,3.9987435520012475,2019,EXIOBASE v3.7 IOT_2016_ixi
CAN,Canada,America,Chemical,climate_change,kt CO2eq,3.9421300207783156,2019,EXIOBASE v3.7 IOT_2016_ixi
IND,India,Asia and Pacific,Non-metallic mineral products,climate_change,kt CO2eq,3.906714375992717,2019,EXIOBASE v3.7 IOT_2016_ixi
CHN,China,Asia and Pacific,Food and catering,blue_water_consumption,Mm3,3.8689755122445972,2019,EXIOBASE v3.7 IOT_2016_ixi
DEU,Germany,Europe,Natural gas and gaseous fuels,climate_change,kt CO2eq,3.860858915528077,2019,EXIOBASE v3.7 IOT_2016_ixi
RoW Africa,RoW Africa,Africa,Services,waste_generation,kt,3.8587552655894055,2019,EXIOBASE v3.7 IOT_2016_ixi
RoW Europe,RoW Europe,Europe,Coal and Petroleum,climate_change,kt CO2eq,3.855256535085545,2019,EXIOBASE v3.7 IOT_2016_ixi
KOR,South Korea,Asia and Pacific,Coal and Petroleum,climate_change,kt CO2eq,3.8053922087861523,2019,EXIOBASE v3.7 IOT_2016_ixi
RoW Middle East,RoW Middle East,Middle East,Non-metallic mineral products,climate_change,kt CO2eq,3.773717893398495,2019,EXIOBASE v3.7 IOT_2016_ixi
DEU,Germany,Europe,Coal and Petroleum,climate_change,kt CO2eq,3.752818361483195,2019,EXIOBASE v3.7 IOT_2016_ixi
ESP,Spain,Europe,Electricity,climate_change,kt CO2eq,3.7214748767503343,2019,EXIOBASE v3.7 IOT_2016_ixi
HRV,Croatia,Europe,Food and catering,land_use,km2,3.708251444538276,2019,EXIOBASE v3.7 IOT_2016_ixi
IRL,Ireland,Europe,Minerals and Metals,material_extraction,kt,3.6815304805623663,2019,EXIOBASE v3.7 IOT_2016_ixi
TUR,Turkey,Middle East,Food and catering,climate_change,kt CO2eq,3.675918230957671,2019,EXIOBASE v3.7 IOT_2016_ixi
RoW Asia and Pacific,RoW Asia and Pacific,Asia and Pacific,Transport,land_use,km2,3.6633303369109957,2019,EXIOBASE v3.7 IOT_2016_ixi
RoW America,RoW America,America,Transport,land_use,km2,3.632460955339487,2019,EXIOBASE v3.7 IOT_2016_ixi
TWN,Taiwan,Asia and Pacific,Food and catering,land_use,km2,3.608772903066277,2019,EXIOBASE v3.7 IOT_2016_ixi
DNK,Denmark,Denmark,Furniture and timber,land_use,km2,3.569653635611027,2019,EXIOBASE v3.7 IOT_2016_ixi
DEU,Germany,Europe,Chemical,climate_change,kt CO2eq,3.556253411361746,2019,EXIOBASE v3.7 IOT_2016_ixi
NLD,Netherlands,Europe,Waste management and disposal,climate_change,kt CO2eq,3.5528955291897297,2019,EXIOBASE v3.7 IOT_2016_ixi
BRA,Brazil,America,Minerals and Metals,climate_change,kt CO2eq,3.526435703765987,2019,EXIOBASE v3.7 IOT_2016_ixi
SWE,Sweden,Europe,Paper Products,waste_generation,kt,3.521587522826252,2019,EXIOBASE v3.7 IOT_2016_ixi
CZE,Czech Republic,Europe,Food and catering,climate_change,kt CO2eq,3.4761771002838158,2019,EXIOBASE v3.7 IOT_2016_ixi
RoW Asia and Pacific,RoW Asia and Pacific,Asia and Pacific,Chemical,material_extraction,kt,3.4751003783283902,2019,EXIOBASE v3.7 IOT_2016_ixi
ITA,Italy,Europe,Food and catering,climate_change,kt CO2eq,3.4629819939928765,2019,EXIOBASE v3.7 IOT_2016_ixi
GBR,United Kingdom,Europe,Food and catering,climate_change,kt CO2eq,3.4076907612582645,2019,EXIOBASE v3.7 IOT_2016_ixi
RoW Middle East,RoW Middle East,Middle East,Waste management and disposal,climate_change,kt CO2eq,3.387933536347361,2019,EXIOBASE v3.7 IOT_2016_ixi
POL,Poland,Europe,Services,climate_change,kt CO2eq,3.3808956397817416,2019,EXIOBASE v3.7 IOT_2016_ixi
BRA,Brazil,America,Natural gas and gaseous fuels,climate_change,kt CO2eq,3.379654943385794,2019,EXIOBASE v3.7 IOT_2016_ixi
FIN,Finland,Europe,Transport,climate_change,kt CO2eq,3.3433366785804726,2019,EXIOBASE v3.7 IOT_2016_ixi
RoW Middle East,RoW Middle East,Middle East,Furniture and timber,climate_change,kt CO2eq,3.277510478405901,2019,EXIOBASE v3.7 IOT_2016_ixi
EST,Estonia,Europe,Electricity,climate_change,kt CO2eq,3.2582591034841073,2019,EXIOBASE v3.7 IOT_2016_ixi
BEL,Belgium,Europe,Food and catering,climate_change,kt CO2eq,3.2152352932385297,2019,EXIOBASE v3.7 IOT_2016_ixi
BRA,Brazil,America,Chemical,material_extraction,kt,3.174191113100485,2019,EXIOBASE v3.7 IOT_2016_ixi
USA,United States,America,Chemical,waste_generation,kt,3.166762781538782,2019,EXIOBASE v3.7 IOT_2016_ixi
SVN,Slovenia,Europe,Minerals and Metals,material_extraction,kt,3.161948781427581,2019,EXIOBASE v3.7 IOT_2016_ixi
BEL,Belgium,Europe,Food and catering,land_use,km2,3.108184891259941,2019,EXIOBASE v3.7 IOT_2016_ixi
DEU,Germany,Europe,"Steam, hot water supply and water distribution",climate_change,kt CO2eq,3.083864800419216,2019,EXIOBASE v3.7 IOT_2016_ixi
AUS,Australia,Asia and Pacific,Waste management and disposal,climate_change,kt CO2eq,3.0737810628888584,2019,EXIOBASE v3.7 IOT_2016_ixi
HUN,Hungary,Europe,Services,material_extraction,kt,3.0657302479617714,2019,EXIOBASE v3.7 IOT_2016_ixi
SWE,Sweden,Europe,Coal and Petroleum,climate_change,kt CO2eq,3.062064311910917,2019,EXIOBASE v3.7 IOT_2016_ixi
RUS,Russia,Europe,Minerals and Metals,climate_change,kt CO2eq,3.019406218171231,2019,EXIOBASE v3.7 IOT_2016_ixi
CAN,Canada,America,Electricity,climate_change,kt CO2eq,2.99795246148384,2019,EXIOBASE v3.7 IOT_2016_ixi
RoW Middle East,RoW Middle East,Middle East,Food and catering,waste_generation,kt,2.997183291897979,2019,EXIOBASE v3.7 IOT_2016_ixi
DNK,Denmark,Denmark,Natural gas and gaseous fuels,climate_change,kt CO2eq,2.9795418790138273,2019,EXIOBASE v3.7 IOT_2016_ixi
RoW Europe,RoW Europe,Europe,Services,land_use,km2,2.919766953220016,2019,EXIOBASE v3.7 IOT_2016_ixi
KOR,South Korea,Asia and Pacific,Minerals and Metals,material_extraction,kt,2.897216718355387,2019,EXIOBASE v3.7 IOT_2016_ixi
DEU,Germany,Europe,Services,climate_change,kt CO2eq,2.8462352248244156,2019,EXIOBASE v3.7 IOT_2016_ixi
USA,United States,America,Food and catering,blue_water_consumption,Mm3,2.8394928877729035,2019,EXIOBASE v3.7 IOT_2016_ixi
RoW America,RoW America,America,Chemical,waste_generation,kt,2.8285570448618893,2019,EXIOBASE v3.7 IOT_2016_ixi
DNK,Denmark,Denmark,Paper Products,climate_change,kt CO2eq,2.823741644040651,2019,EXIOBASE v3.7 IOT_2016_ixi
RoW America,RoW America,America,Services,land_use,km2,2.813133547845352,2019,EXIOBASE v3.7 IOT_2016_ixi
ITA,Italy,Europe,Electricity,climate_change,kt CO2eq,2.8130385107535028,2019,EXIOBASE v3.7 IOT_2016_ixi
RoW Africa,RoW Africa,Africa,Textile,land_use,km2,2.8118949487648512,2019,EXIOBASE v3.7 IOT_2016_ixi
NOR,Norway,Europe,Food and catering,climate_change,kt CO2eq,2.7661336792755824,2019,EXIOBASE v3.7 IOT_2016_ixi
CZE,Czech Republic,Europe,Services,climate_change,kt CO2eq,2.7421611881607544,2019,EXIOBASE v3.7 IOT_2016_ixi
DNK,Denmark,Denmark,Services,waste_generation,kt,2.677457302320878,2019,EXIOBASE v3.7 IOT_2016_ixi
NOR,Norway,Europe,Metal Products,climate_change,kt CO2eq,2.6679248247421,2019,EXIOBASE v3.7 IOT_2016_ixi
SWE,Sweden,Europe,Food and catering,climate_change,kt CO2eq,2.6594210051417226,2019,EXIOBASE v3.7 IOT_2016_ixi
NLD,Netherlands,Europe,Services,material_extraction,kt,2.6116302017531736,2019,EXIOBASE v3.7 IOT_2016_ixi
JPN,Japan,Asia and Pacific,Non-metallic mineral products,climate_change,kt CO2eq,2.610869745757777,2019,EXIOBASE v3.7 IOT_2016_ixi
ROU,Romania,Europe,Chemical,climate_change,kt CO2eq,2.6045686778496075,2019,EXIOBASE v3.7 IOT_2016_ixi
MEX,Mexico,America,Transport,climate_change,kt CO2eq,2.603435543145505,2019,EXIOBASE v3.7 IOT_2016_ixi
LTU,Lithuania,Europe,Minerals and Metals,material_extraction,kt,2.584903347110038,2019,EXIOBASE v3.7 IOT_2016_ixi
KOR,South Korea,Asia and Pacific,Food and catering,land_use,km2,2.542098257354205,2019,EXIOBASE v3.7 IOT_2016_ixi
FRA,France,Europe,Services,climate_change,kt CO2eq,2.505592330506295,2019,EXIOBASE v3.7 IOT_2016_ixi
BEL,Belgium,Europe,"Steam, hot water supply and water distribution",climate_change,kt CO2eq,2.4996125800793925,2019,EXIOBASE v3.7 IOT_2016_ixi
BEL,Belgium,Europe,Chemical,climate_change,kt CO2eq,2.4989783982455798,2019,EXIOBASE v3.7 IOT_2016_ixi
JPN,Japan,Asia and Pacific,Chemical,climate_change,kt CO2eq,2.479570328402959,2019,EXIOBASE v3.7 IOT_2016_ixi
MEX,Mexico,America,Chemical,climate_change,kt CO2eq,2.4478041427021817,2019,EXIOBASE v3.7 IOT_2016_ixi
RoW Asia and Pacific,RoW Asia and Pacific,Asia and Pacific,Metal Products,climate_change,kt CO2eq,2.442166049136889,2019,EXIOBASE v3.7 IOT_2016_ixi
CHN,China,Asia and Pacific,Textile,climate_change,kt CO2eq,2.438742572882426,2019,EXIOBASE v3.7 IOT_2016_ixi
CZE,Czech Republic,Europe,Chemical,waste_generation,kt,2.416134479622809,2019,EXIOBASE v3.7 IOT_2016_ixi
TWN,Taiwan,Asia and Pacific,Coal and Petroleum,climate_change,kt CO2eq,2.411265761215571,2019,EXIOBASE v3.7 IOT_2016_ixi
ZAF,South Africa,Africa,Food and catering,climate_change,kt CO2eq,2.361094878149249,2019,EXIOBASE v3.7 IOT_2016_ixi
JPN,Japan,Asia and Pacific,Coal and Petroleum,climate_change,kt CO2eq,2.344569994363596,2019,EXIOBASE v3.7 IOT_2016_ixi
RoW Europe,RoW Europe,Europe,Non-metallic mineral products,climate_change,kt CO2eq,2.3375723911113955,2019,EXIOBASE v3.7 IOT_2016_ixi
RoW Africa,RoW Africa,Africa,Services,climate_change,kt CO2eq,2.31792597059847,2019,EXIOBASE v3.7 IOT_2016_ixi
BEL,Belgium,Europe,Services,climate_change,kt CO2eq,2.308416592732361,2019,EXIOBASE v3.7 IOT_2016_ixi
GBR,United Kingdom,Europe,Electricity,climate_change,kt CO2eq,2.304383023830041,2019,EXIOBASE v3.7 IOT_2016_ixi
CZE,Czech Republic,Europe,Waste management and disposal,climate_change,kt CO2eq,2.2910463321429004,2019,EXIOBASE v3.7 IOT_2016_ixi
NLD,Netherlands,Europe,Chemical,climate_change,kt CO2eq,2.285994014057639,2019,EXIOBASE v3.7 IOT_2016_ixi
NLD,Netherlands,Europe,"Steam, hot water supply and water distribution",climate_change,kt CO2eq,2.2787967281934223,2019,EXIOBASE v3.7 IOT_2016_ixi
BEL,Belgium,Europe,Electricity,climate_change,kt CO2eq,2.2349927430296295,2019,EXIOBASE v3.7 IOT_2016_ixi
SWE,Sweden,Europe,Construction,material_extraction,kt,2.2285402872812043,2019,EXIOBASE v3.7 IOT_2016_ixi
DEU,Germany,Europe,Non-metallic mineral products,climate_change,kt CO2eq,2.215096269090621,2019,EXIOBASE v3.7 IOT_2016_ixi
ESP,Spain,Europe,Food and catering,climate_change,kt CO2eq,2.211001948507602,2019,EXIOBASE v3.7 IOT_2016_ixi
RoW Asia and Pacific,RoW Asia and Pacific,Asia and Pacific,Chemical,waste_generation,kt,2.1952959019904785,2019,EXIOBASE v3.7 IOT_2016_ixi
DNK,Denmark,Denmark,"Electrical, electronic and measuring equipment",climate_change,kt CO2eq,2.1873830954447877,2019,EXIOBASE v3.7 IOT_2016_ixi
GBR,United Kingdom,Europe,Waste management and disposal,climate_change,kt CO2eq,2.16088564688529,2019,EXIOBASE v3.7 IOT_2016_ixi
POL,Poland,Europe,Chemical,waste_generation,kt,2.153130947423627,2019,EXIOBASE v3.7 IOT_2016_ixi
RoW Asia and Pacific,RoW Asia and Pacific,Asia and Pacific,Textile,climate_change,kt CO2eq,2.137693526840429,2019,EXIOBASE v3.7 IOT_2016_ixi
DEU,Germany,Europe,Paper Products,climate_change,kt CO2eq,2.1333604446877725,2019,EXIOBASE v3.7 IOT_2016_ixi
RoW Europe,RoW Europe,Europe,Metal Products,climate_change,kt CO2eq,2.1111356405248003,2019,EXIOBASE v3.7 IOT_2016_ixi
RoW Africa,RoW Africa,Africa,Waste management and disposal,land_use,km2,2.108945071348652,2019,EXIOBASE v3.7 IOT_2016_ixi
CZE,Czech Republic,Europe,Non-metallic mineral products,climate_change,kt CO2eq,2.1007119563721854,2019,EXIOBASE v3.7 IOT_2016_ixi
RoW Africa,RoW Africa,Africa,Coal and Petroleum,waste_generation,kt,2.0990217501698654,2019,EXIOBASE v3.7 IOT_2016_ixi
USA,United States,America,Services,climate_change,kt CO2eq,2.097198463651916,2019,EXIOBASE v3.7 IOT_2016_ixi
SWE,Sweden,Europe,"Electrical, electronic and measuring equipment",climate_change,kt CO2eq,2.0679169642802293,2019,EXIOBASE v3.7 IOT_2016_ixi
RoW Africa,RoW Africa,Africa,Waste management and disposal,climate_change,kt CO2eq,2.0509907566498415,2019,EXIOBASE v3.7 IOT_2016_ixi
IDN,Indonesia,Asia and Pacific,Services,climate_change,kt CO2eq,2.0451660394601605,2019,EXIOBASE v3.7 IOT_2016_ixi
BRA,Brazil,America,Waste management and disposal,climate_change,kt CO2eq,2.029478285356522,2019,EXIOBASE v3.7 IOT_2016_ixi
CYP,Cyprus,Middle East,Minerals and Metals,material_extraction,kt,2.0032503068568523,2019,EXIOBASE v3.7 IOT_2016_ixi
AUT,Austria,Europe,Transport,climate_change,kt CO2eq,1.986109597359359,2019,EXIOBASE v3.7 IOT_2016_ixi
SVN,Slovenia,Europe,Transport,climate_change,kt CO2eq,1.982500581495407,2019,EXIOBASE v3.7 IOT_2016_ixi
SVN,Slovenia,Europe,"Steam, hot water supply and water distribution",climate_change,kt CO2eq,1.9810825410940434,2019,EXIOBASE v3.7 IOT_2016_ixi
ZAF,South Africa,Africa,Transport,climate_change,kt CO2eq,1.9651819113968647,2019,EXIOBASE v3.7 IOT_2016_ixi
IDN,Indonesia,Asia and Pacific,Food and catering,climate_change,kt CO2eq,1.9650433755583627,2019,EXIOBASE v3.7 IOT_2016_ixi
RoW Middle East,RoW Middle East,Middle East,Natural gas and gaseous fuels,material_extraction,kt,1.9412111486984003,2019,EXIOBASE v3.7 IOT_2016_ixi
GBR,United Kingdom,Europe,Natural gas and gaseous fuels,climate_change,kt CO2eq,1.9313241459622843,2019,EXIOBASE v3.7 IOT_2016_ixi
JPN,Japan,Asia and Pacific,Metal Products,climate_change,kt CO2eq,1.9105472397792496,2019,EXIOBASE v3.7 IOT_2016_ixi
RoW Asia and Pacific,RoW Asia and Pacific,Asia and Pacific,"Electrical, electronic and measuring equipment",climate_change,kt CO2eq,1.9069547451592403,2019,EXIOBASE v3.7 IOT_2016_ixi
BRA,Brazil,America,Metal Products,climate_change,kt CO2eq,1.9043761151553666,2019,EXIOBASE v3.7 IOT_2016_ixi
BRA,Brazil,America,Transport,land_use,km2,1.8684508680127887,2019,EXIOBASE v3.7 IOT_2016_ixi
RoW Middle East,RoW Middle East,Middle East,Chemical,material_extraction,kt,1.860176635162796,2019,EXIOBASE v3.7 IOT_2016_ixi
NLD,Netherlands,Europe,Services,climate_change,kt CO2eq,1.8512317081638299,2019,EXIOBASE v3.7 IOT_2016_ixi
GBR,United Kingdom,Europe,Services,climate_change,kt CO2eq,1.835425735099235,2019,EXIOBASE v3.7 IOT_2016_ixi
ROU,Romania,Europe,Electricity,climate_change,kt CO2eq,1.8320952843075213,2019,EXIOBASE v3.7 IOT_2016_ixi
HUN,Hungary,Europe,Food and catering,climate_change,kt CO2eq,1.824136735564343,2019,EXIOBASE v3.7 IOT_2016_ixi
GLO,Unallocated,Unallocated,Private travel,land_use,km2,1.8189380080591757,2019,EXIOBASE v3.7 IOT_2016_ixi
CHN,China,Asia and Pacific,Services,climate_change,kt CO2eq,1.8070391969468107,2019,EXIOBASE v3.7 IOT_2016_ixi
CHE,Switzerland,Europe,Chemical,climate_change,kt CO2eq,1.8044351337700633,2019,EXIOBASE v3.7 IOT_2016_ixi
BGR,Bulgaria,Europe,Chemical,climate_change,kt CO2eq,1.7900409168318008,2019,EXIOBASE v3.7 IOT_2016_ixi
BRA,Brazil,America,Non-metallic mineral products,climate_change,kt CO2eq,1.788210624707158,2019,EXIOBASE v3.7 IOT_2016_ixi
BRA,Brazil,America,Services,climate_change,kt CO2eq,1.7695864149558247,2019,EXIOBASE v3.7 IOT_2016_ixi
RUS,Russia,Europe,Non-metallic mineral products,climate_change,kt CO2eq,1.7597990582077228,2019,EXIOBASE v3.7 IOT_2016_ixi
EST,Estonia,Europe,Transport,climate_change,kt CO2eq,1.7573923507334597,2019,EXIOBASE v3.7 IOT_2016_ixi
SWE,Sweden,Europe,Furniture and timber,land_use,km2,1.7568702550855513,2019,EXIOBASE v3.7 IOT_2016_ixi
CHE,Switzerland,Europe,Food and catering,climate_change,kt CO2eq,1.7512441350252115,2019,EXIOBASE v3.7 IOT_2016_ixi
AUS,Australia,Asia and Pacific,Electricity,climate_change,kt CO2eq,1.750395950693236,2019,EXIOBASE v3.7 IOT_2016_ixi
ITA,Italy,Europe,Coal and Petroleum,climate_change,kt CO2eq,1.7239752027339321,2019,EXIOBASE v3.7 IOT_2016_ixi
SWE,Sweden,Europe,Waste management and disposal,climate_change,kt CO2eq,1.7091618441575158,2019,EXIOBASE v3.7 IOT_2016_ixi
RUS,Russia,Europe,Transport,material_extraction,kt,1.7084757897454337,2019,EXIOBASE v3.7 IOT_2016_ixi
HUN,Hungary,Europe,Electricity,climate_change,kt CO2eq,1.6887710190095153,2019,EXIOBASE v3.7 IOT_2016_ixi
EST,Estonia,Europe,Furniture and timber,land_use,km2,1.6881762963398672,2019,EXIOBASE v3.7 IOT_2016_ixi
DNK,Denmark,Denmark,Food and catering,blue_water_consumption,Mm3,1.6788214730074695,2019,EXIOBASE v3.7 IOT_2016_ixi
ESP,Spain,Europe,Coal and Petroleum,climate_change,kt CO2eq,1.6761222622004306,2019,EXIOBASE v3.7 IOT_2016_ixi
POL,Poland,Europe,Metal Products,climate_change,kt CO2eq,1.6756636609162219,2019,EXIOBASE v3.7 IOT_2016_ixi
FRA,France,Europe,Waste management and disposal,climate_change,kt CO2eq,1.660598829569581,2019,EXIOBASE v3.7 IOT_2016_ixi
ITA,Italy,Europe,"Steam, hot water supply and water distribution",climate_change,kt CO2eq,1.6596089206670073,2019,EXIOBASE v3.7 IOT_2016_ixi
USA,United States,America,"Steam, hot water supply and water distribution",climate_change,kt CO2eq,1.6580553521646035,2019,EXIOBASE v3.7 IOT_2016_ixi
IND,India,Asia and Pacific,Minerals and Metals,climate_change,kt CO2eq,1.6500207351860636,2019,EXIOBASE v3.7 IOT_2016_ixi
CHN,China,Asia and Pacific,Natural gas and gaseous fuels,climate_change,kt CO2eq,1.6439915924824478,2019,EXIOBASE v3.7 IOT_2016_ixi
RoW Africa,RoW Africa,Africa,Minerals and Metals,land_use,km2,1.620046530413366,2019,EXIOBASE v3.7 IOT_2016_ixi
POL,Poland,Europe,Non-metallic mineral products,climate_change,kt CO2eq,1.6015322687018272,2019,EXIOBASE v3.7 IOT_2016_ixi
USA,United States,America,Minerals and Metals,climate_change,kt CO2eq,1.5910270694950572,2019,EXIOBASE v3.7 IOT_2016_ixi
DNK,Denmark,Denmark,Construction,climate_change,kt CO2eq,1.578215202359709,2019,EXIOBASE v3.7 IOT_2016_ixi
USA,United States,America,Metal Products,climate_change,kt CO2eq,1.5774299099373668,2019,EXIOBASE v3.7 IOT_2016_ixi
RoW Asia and Pacific,RoW Asia and Pacific,Asia and Pacific,Waste management and disposal,waste_generation,kt,1.5743205238621378,2019,EXIOBASE v3.7 IOT_2016_ixi
SVK,Slovakia,Europe,Coal and Petroleum,climate_change,kt CO2eq,1.5734191438947631,2019,EXIOBASE v3.7 IOT_2016_ixi
USA,United States,America,Natural gas and gaseous fuels,climate_change,kt CO2eq,1.570997014292075,2019,EXIOBASE v3.7 IOT_2016_ixi
IRL,Ireland,Europe,Electricity,climate_change,kt CO2eq,1.564396416263946,2019,EXIOBASE v3.7 IOT_2016_ixi
CHN,China,Asia and Pacific,Furniture and timber,climate_change,kt CO2eq,1.5635036744650788,2019,EXIOBASE v3.7 IOT_2016_ixi
RUS,Russia,Europe,Services,material_extraction,kt,1.561797114727183,2019,EXIOBASE v3.7 IOT_2016_ixi
CAN,Canada,America,Services,climate_change,kt CO2eq,1.5583603150026641,2019,EXIOBASE v3.7 IOT_2016_ixi
RoW America,RoW America,America,Textile,land_use,km2,1.5447471201989469,2019,EXIOBASE v3.7 IOT_2016_ixi
BRA,Brazil,America,Textile,land_use,km2,1.541302798597678,2019,EXIOBASE v3.7 IOT_2016_ixi
CYP,Cyprus,Middle East,Food and catering,land_use,km2,1.532738564907304,2019,EXIOBASE v3.7 IOT_2016_ixi
HRV,Croatia,Europe,Waste management and disposal,climate_change,kt CO2eq,1.5252880297484763,2019,EXIOBASE v3.7 IOT_2016_ixi
RoW America,RoW America,America,Waste management and disposal,land_use,km2,1.5232121096040825,2019,EXIOBASE v3.7 IOT_2016_ixi
BEL,Belgium,Europe,Waste management and disposal,climate_change,kt CO2eq,1.5130794089956874,2019,EXIOBASE v3.7 IOT_2016_ixi
CHN,China,Asia and Pacific,Paper Products,climate_change,kt CO2eq,1.5069366772726862,2019,EXIOBASE v3.7 IOT_2016_ixi
POL,Poland,Europe,Transport,material_extraction,kt,1.4860946982719385,2019,EXIOBASE v3.7 IOT_2016_ixi
RoW Europe,RoW Europe,Europe,Coal and Petroleum,waste_generation,kt,1.4764340340881648,2019,EXIOBASE v3.7 IOT_2016_ixi
RoW Asia and Pacific,RoW Asia and Pacific,Asia and Pacific,Food and catering,material_extraction,kt,1.4710275579989949,2019,EXIOBASE v3.7 IOT_2016_ixi
BGR,Bulgaria,Europe,Services,land_use,km2,1.4659780706300263,2019,EXIOBASE v3.7 IOT_2016_ixi
CHE,Switzerland,Europe,Services,climate_change,kt CO2eq,1.463430378177361,2019,EXIOBASE v3.7 IOT_2016_ixi
RoW America,RoW America,America,Non-metallic mineral products,climate_change,kt CO2eq,1.4398724361379638,2019,EXIOBASE v3.7 IOT_2016_ixi
AUS,Australia,Asia and Pacific,Chemical,climate_change,kt CO2eq,1.4314880701067063,2019,EXIOBASE v3.7 IOT_2016_ixi
FRA,France,Europe,Coal and Petroleum,climate_change,kt CO2eq,1.4299363158770637,2019,EXIOBASE v3.7 IOT_2016_ixi
FIN,Finland,Europe,Paper Products,waste_generation,kt,1.4295985925399706,2019,EXIOBASE v3.7 IOT_2016_ixi
ITA,Italy,Europe,Services,climate_change,kt CO2eq,1.417547349373549,2019,EXIOBASE v3.7 IOT_2016_ixi
AUS,Australia,Asia and Pacific,Natural gas and gaseous fuels,climate_change,kt CO2eq,1.4107510037638331,2019,EXIOBASE v3.7 IOT_2016_ixi
NLD,Netherlands,Europe,Chemical,material_extraction,kt,1.4107441065771742,2019,EXIOBASE v3.7 IOT_2016_ixi
CHN,China,Asia and Pacific,Paper Products,waste_generation,kt,1.389064910230311,2019,EXIOBASE v3.7 IOT_2016_ixi
SWE,Sweden,Europe,Metal Products,climate_change,kt CO2eq,1.3842956980564578,2019,EXIOBASE v3.7 IOT_2016_ixi
USA,United States,America,Paper Products,climate_change,kt CO2eq,1.378329466882253,2019,EXIOBASE v3.7 IOT_2016_ixi
GRC,Greece,Europe,"Steam, hot water supply and water distribution",climate_change,kt CO2eq,1.3753888408476624,2019,EXIOBASE v3.7 IOT_2016_ixi
RoW Asia and Pacific,RoW Asia and Pacific,Asia and Pacific,Waste management and disposal,land_use,km2,1.3542122592405923,2019,EXIOBASE v3.7 IOT_2016_ixi
TUR,Turkey,Middle East,Non-metallic mineral products,climate_change,kt CO2eq,1.329801054521891,2019,EXIOBASE v3.7 IOT_2016_ixi
JPN,Japan,Asia and Pacific,Minerals and Metals,climate_change,kt CO2eq,1.3284149335022488,2019,EXIOBASE v3.7 IOT_2016_ixi
PRT,Portugal,Europe,Electricity,climate_change,kt CO2eq,1.327391486966699,2019,EXIOBASE v3.7 IOT_2016_ixi
HRV,Croatia,Europe,Electricity,climate_change,kt CO2eq,1.3250476090409393,2019,EXIOBASE v3.7 IOT_2016_ixi
JPN,Japan,Asia and Pacific,Food and catering,land_use,km2,1.2997777388270204,2019,EXIOBASE v3.7 IOT_2016_ixi
ZAF,South Africa,Africa,Chemical,climate_change,kt CO2eq,1.2945494790679772,2019,EXIOBASE v3.7 IOT_2016_ixi
ESP,Spain,Europe,Transport,land_use,km2,1.29281765847894,2019,EXIOBASE v3.7 IOT_2016_ixi
RUS,Russia,Europe,Minerals and Metals,land_use,km2,1.2874377467470957,2019,EXIOBASE v3.7 IOT_2016_ixi
ROU,Romania,Europe,Transport,climate_change,kt CO2eq,1.2553765940265942,2019,EXIOBASE v3.7 IOT_2016_ixi
CZE,Czech Republic,Europe,Electricity,waste_generation,kt,1.2512442679150624,2019,EXIOBASE v3.7 IOT_2016_ixi
GRC,Greece,Europe,Food and catering,climate_change,kt CO2eq,1.2473003807236205,2019,EXIOBASE v3.7 IOT_2016_ixi
DNK,Denmark,Denmark,Paper Products,waste_generation,kt,1.2393019905262812,2019,EXIOBASE v3.7 IOT_2016_ixi
LVA,Latvia,Europe,Minerals and Metals,material_extraction,kt,1.2347908711771698,2019,EXIOBASE v3.7 IOT_2016_ixi
RoW Europe,RoW Europe,Europe,Natural gas and gaseous fuels,climate_change,kt CO2eq,1.2219808146259163,2019,EXIOBASE v3.7 IOT_2016_ixi
IND,India,Asia and Pacific,Natural gas and gaseous fuels,climate_change,kt CO2eq,1.2201295253992932,2019,EXIOBASE v3.7 IOT_2016_ixi
USA,United States,America,Waste management and disposal,waste_generation,kt,1.2112549561663788,2019,EXIOBASE v3.7 IOT_2016_ixi
DEU,Germany,Europe,Waste management and disposal,climate_change,kt CO2eq,1.2024408215686633,2019,EXIOBASE v3.7 IOT_2016_ixi
NOR,Norway,Europe,Natural gas and gaseous fuels,climate_change,kt CO2eq,1.201294783394648,2019,EXIOBASE v3.7 IOT_2016_ixi
DEU,Germany,Europe,Minerals and Metals,climate_change,kt CO2eq,1.1852363493523725,2019,EXIOBASE v3.7 IOT_2016_ixi
DEU,Germany,Europe,Waste management and disposal,waste_generation,kt,1.1780595004981664,2019,EXIOBASE v3.7 IOT_2016_ixi
RoW America,RoW America,America,Transport,climate_change,kt CO2eq,1.1764941572762966,2019,EXIOBASE v3.7 IOT_2016_ixi
RoW America,RoW America,America,Food and catering,blue_water_consumption,Mm3,1.1733914800334275,2019,EXIOBASE v3.7 IOT_2016_ixi
DEU,Germany,Europe,Paper Products,waste_generation,kt,1.1622938966120833,2019,EXIOBASE v3.7 IOT_2016_ixi
IDN,Indonesia,Asia and Pacific,Chemical,waste_generation,kt,1.1617749413638248,2019,EXIOBASE v3.7 IOT_2016_ixi
RoW America,RoW America,America,Food and catering,material_extraction,kt,1.155892599333191,2019,EXIOBASE v3.7 IOT_2016_ixi
AUS,Australia,Asia and Pacific,Textile,climate_change,kt CO2eq,1.1513918509840901,2019,EXIOBASE v3.7 IOT_2016_ixi
RoW Europe,RoW Europe,Europe,Chemical,climate_change,kt CO2eq,1.15074393598636,2019,EXIOBASE v3.7 IOT_2016_ixi
GBR,United Kingdom,Europe,"Electrical, electronic and measuring equipment",climate_change,kt CO2eq,1.1421084997965023,2019,EXIOBASE v3.7 IOT_2016_ixi
RUS,Russia,Europe,Food and catering,material_extraction,kt,1.1363510512783865,2019,EXIOBASE v3.7 IOT_2016_ixi
LTU,Lithuania,Europe,Food and catering,climate_change,kt CO2eq,1.1332757960535602,2019,EXIOBASE v3.7 IOT_2016_ixi
KOR,South Korea,Asia and Pacific,Food and catering,climate_change,kt CO2eq,1.1296277337735599,2019,EXIOBASE v3.7 IOT_2016_ixi
LUX,Luxembourg,Europe,Food and catering,land_use,km2,1.1251417830668113,2019,EXIOBASE v3.7 IOT_2016_ixi
GRC,Greece,Europe,Waste management and disposal,climate_change,kt CO2eq,1.1179102730563668,2019,EXIOBASE v3.7 IOT_2016_ixi
DEU,Germany,Europe,Services,material_extraction,kt,1.115982425936209,2019,EXIOBASE v3.7 IOT_2016_ixi
CHN,China,Asia and Pacific,Chemical,blue_water_consumption,Mm3,1.1132855052181232,2019,EXIOBASE v3.7 IOT_2016_ixi
HUN,Hungary,Europe,"Steam, hot water supply and water distribution",climate_change,kt CO2eq,1.112518283887396,2019,EXIOBASE v3.7 IOT_2016_ixi
HUN,Hungary,Europe,Waste management and disposal,climate_change,kt CO2eq,1.1115174530918364,2019,EXIOBASE v3.7 IOT_2016_ixi
MEX,Mexico,America,Food and catering,climate_change,kt CO2eq,1.1074480463911685,2019,EXIOBASE v3.7 IOT_2016_ixi
CHN,China,Asia and Pacific,Metal Products,waste_generation,kt,1.1052434215256424,2019,EXIOBASE v3.7 IOT_2016_ixi
ESP,Spain,Europe,Non-metallic mineral products,climate_change,kt CO2eq,1.1044490893703596,2019,EXIOBASE v3.7 IOT_2016_ixi
CHE,Switzerland,Europe,Waste management and disposal,climate_change,kt CO2eq,1.1022576253589471,2019,EXIOBASE v3.7 IOT_2016_ixi
GBR,United Kingdom,Europe,Chemical,climate_change,kt CO2eq,1.086166645149797,2019,EXIOBASE v3.7 IOT_2016_ixi
HUN,Hungary,Europe,Transport,climate_change,kt CO2eq,1.085530392774949,2019,EXIOBASE v3.7 IOT_2016_ixi
AUT,Austria,Europe,Food and catering,climate_change,kt CO2eq,1.0809985065680592,2019,EXIOBASE v3.7 IOT_2016_ixi
RoW Africa,RoW Africa,Africa,Non-metallic mineral products,climate_change,kt CO2eq,1.074906907048214,2019,EXIOBASE v3.7 IOT_2016_ixi
ITA,Italy,Europe,Natural gas and gaseous fuels,climate_change,kt CO2eq,1.0741522087089632,2019,EXIOBASE v3.7 IOT_2016_ixi
TWN,Taiwan,Asia and Pacific,Natural gas and gaseous fuels,climate_change,kt CO2eq,1.0692732791548878,2019,EXIOBASE v3.7 IOT_2016_ixi
BEL,Belgium,Europe,Waste management and disposal,waste_generation,kt,1.0691311723680328,2019,EXIOBASE v3.7 IOT_2016_ixi
NLD,Netherlands,Europe,Waste management and disposal,waste_generation,kt,1.0666507018464897,2019,EXIOBASE v3.7 IOT_2016_ixi
KOR,South Korea,Asia and Pacific,Chemical,climate_change,kt CO2eq,1.0654287645584914,2019,EXIOBASE v3.7 IOT_2016_ixi
LTU,Lithuania,Europe,Services,land_use,km2,1.0622697473750886,2019,EXIOBASE v3.7 IOT_2016_ixi
USA,United States,America,Paper Products,waste_generation,kt,1.061193768147869,2019,EXIOBASE v3.7 IOT_2016_ixi
ITA,Italy,Europe,Non-metallic mineral products,climate_change,kt CO2eq,1.0468605360137944,2019,EXIOBASE v3.7 IOT_2016_ixi
NOR,Norway,Europe,Chemical,climate_change,kt CO2eq,1.0420082022363157,2019,EXIOBASE v3.7 IOT_2016_ixi
ZAF,South Africa,Africa,Paper Products,climate_change,kt CO2eq,1.0378109606070676,2019,EXIOBASE v3.7 IOT_2016_ixi
IND,India,Asia and Pacific,Furniture and timber,climate_change,kt CO2eq,1.0354534376801967,2019,EXIOBASE v3.7 IOT_2016_ixi
AUS,Australia,Asia and Pacific,Metal Products,climate_change,kt CO2eq,1.0346923509347246,2019,EXIOBASE v3.7 IOT_2016_ixi
SWE,Sweden,Europe,Waste management and disposal,waste_generation,kt,1.0292004182640566,2019,EXIOBASE v3.7 IOT_2016_ixi
ESP,Spain,Europe,Waste management and disposal,climate_change,kt CO2eq,1.0279548081105685,2019,EXIOBASE v3.7 IOT_2016_ixi
JPN,Japan,Asia and Pacific,Waste management and disposal,climate_change,kt CO2eq,1.0195713615585058,2019,EXIOBASE v3.7 IOT_2016_ixi
CAN,Canada,America,Furniture and timber,land_use,km2,1.0159721887416058,2019,EXIOBASE v3.7 IOT_2016_ixi
SWE,Sweden,Europe,Paper Products,climate_change,kt CO2eq,1.0119734852500382,2019,EXIOBASE v3.7 IOT_2016_ixi
AUS,Australia,Asia and Pacific,Food and catering,blue_water_consumption,Mm3,1.010779883615985,2019,EXIOBASE v3.7 IOT_2016_ixi
ITA,Italy,Europe,Metal Products,climate_change,kt CO2eq,1.0017075138696463,2019,EXIOBASE v3.7 IOT_2016_ixi
IND,India,Asia and Pacific,Electricity,waste_generation,kt,1.0011327985047749,2019,EXIOBASE v3.7 IOT_2016_ixi
LUX,Luxembourg,Europe,Food and catering,climate_change,kt CO2eq,0.9983156985767921,2019,EXIOBASE v3.7 IOT_2016_ixi
RoW Middle East,RoW Middle East,Middle East,Metal Products,climate_change,kt CO2eq,0.9962175400910114,2019,EXIOBASE v3.7 IOT_2016_ixi
ZAF,South Africa,Africa,Electricity,waste_generation,kt,0.9958878783490163,2019,EXIOBASE v3.7 IOT_2016_ixi
RoW Middle East,RoW Middle East,Middle East,Coal and Petroleum,material_extraction,kt,0.9946495031355522,2019,EXIOBASE v3.7 IOT_2016_ixi
BEL,Belgium,Europe,Non-metallic mineral products,climate_change,kt CO2eq,0.994439985540496,2019,EXIOBASE v3.7 IOT_2016_ixi
MEX,Mexico,America,Electricity,climate_change,kt CO2eq,0.9904248571979257,2019,EXIOBASE v3.7 IOT_2016_ixi
USA,United States,America,Textile,land_use,km2,0.985464649833599,2019,EXIOBASE v3.7 IOT_2016_ixi
DNK,Denmark,Denmark,Furniture and timber,climate_change,kt CO2eq,0.9819288904741887,2019,EXIOBASE v3.7 IOT_2016_ixi
CHN,China,Asia and Pacific,"Electrical, electronic and measuring equipment",climate_change,kt CO2eq,0.9763066885442238,2019,EXIOBASE v3.7 IOT_2016_ixi
RoW Africa,RoW Africa,Africa,Chemical,climate_change,kt CO2eq,0.9650998526566595,2019,EXIOBASE v3.7 IOT_2016_ixi
JPN,Japan,Asia and Pacific,Waste management and disposal,waste_generation,kt,0.9640901317189506,2019,EXIOBASE v3.7 IOT_2016_ixi
TWN,Taiwan,Asia and Pacific,Non-metallic mineral products,climate_change,kt CO2eq,0.9631803722577578,2019,EXIOBASE v3.7 IOT_2016_ixi
LTU,Lithuania,Europe,Transport,climate_change,kt CO2eq,0.9626844447879098,2019,EXIOBASE v3.7 IOT_2016_ixi
IRL,Ireland,Europe,Services,climate_change,kt CO2eq,0.9620113983075869,2019,EXIOBASE v3.7 IOT_2016_ixi
RUS,Russia,Europe,Electricity,climate_change,kt CO2eq,0.9382524158126635,2019,EXIOBASE v3.7 IOT_2016_ixi
RoW Europe,RoW Europe,Europe,Transport,material_extraction,kt,0.930160148376701,2019,EXIOBASE v3.7 IOT_2016_ixi
CHN,China,Asia and Pacific,General and special Machinery,climate_change,kt CO2eq,0.9263456736538038,2019,EXIOBASE v3.7 IOT_2016_ixi
KOR,South Korea,Asia and Pacific,Metal Products,climate_change,kt CO2eq,0.9230118087739375,2019,EXIOBASE v3.7 IOT_2016_ixi
HUN,Hungary,Europe,Services,climate_change,kt CO2eq,0.9124611226500366,2019,EXIOBASE v3.7 IOT_2016_ixi
RUS,Russia,Europe,Chemical,material_extraction,kt,0.9116554101666796,2019,EXIOBASE v3.7 IOT_2016_ixi
DNK,Denmark,Denmark,Textile,climate_change,kt CO2eq,0.9094824955931234,2019,EXIOBASE v3.7 IOT_2016_ixi
POL,Poland,Europe,Transport,climate_change,kt CO2eq,0.8846141456801948,2019,EXIOBASE v3.7 IOT_2016_ixi
ROU,Romania,Europe,Food and catering,climate_change,kt CO2eq,0.8833349112548514,2019,EXIOBASE v3.7 IOT_2016_ixi
RoW Europe,RoW Europe,Europe,Food and catering,material_extraction,kt,0.8787462411546334,2019,EXIOBASE v3.7 IOT_2016_ixi
MEX,Mexico,America,Waste management and disposal,climate_change,kt CO2eq,0.8736491697658169,2019,EXIOBASE v3.7 IOT_2016_ixi
ZAF,South Africa,Africa,Non-metallic mineral products,climate_change,kt CO2eq,0.8729004978298106,2019,EXIOBASE v3.7 IOT_2016_ixi
RoW Asia and Pacific,RoW Asia and Pacific,Asia and Pacific,Furniture and timber,climate_change,kt CO2eq,0.867247611275785,2019,EXIOBASE v3.7 IOT_2016_ixi
SWE,Sweden,Europe,Coal and Petroleum,waste_generation,kt,0.866023200941475,2019,EXIOBASE v3.7 IOT_2016_ixi
USA,United States,America,Non-metallic mineral products,climate_change,kt CO2eq,0.857142958870939,2019,EXIOBASE v3.7 IOT_2016_ixi
RoW Europe,RoW Europe,Europe,Paper Products,land_use,km2,0.8535449346885569,2019,EXIOBASE v3.7 IOT_2016_ixi
IND,India,Asia and Pacific,Services,climate_change,kt CO2eq,0.8477737613417007,2019,EXIOBASE v3.7 IOT_2016_ixi
FRA,France,Europe,Chemical,climate_change,kt CO2eq,0.8471717596119818,2019,EXIOBASE v3.7 IOT_2016_ixi
BGR,Bulgaria,Europe,Transport,climate_change,kt CO2eq,0.8468809130268553,2019,EXIOBASE v3.7 IOT_2016_ixi
RoW Europe,RoW Europe,Europe,Paper Products,climate_change,kt CO2eq,0.8436754124177877,2019,EXIOBASE v3.7 IOT_2016_ixi
DNK,Denmark,Denmark,Electricity,waste_generation,kt,0.8433351673029175,2019,EXIOBASE v3.7 IOT_2016_ixi
FIN,Finland,Europe,Waste management and disposal,climate_change,kt CO2eq,0.8428893708574535,2019,EXIOBASE v3.7 IOT_2016_ixi
SWE,Sweden,Europe,Minerals and Metals,climate_change,kt CO2eq,0.8415206943937295,2019,EXIOBASE v3.7 IOT_2016_ixi
RoW Asia and Pacific,RoW Asia and Pacific,Asia and Pacific,Services,waste_generation,kt,0.8377075754862195,2019,EXIOBASE v3.7 IOT_2016_ixi
RoW Europe,RoW Europe,Europe,Services,material_extraction,kt,0.8310050187752972,2019,EXIOBASE v3.7 IOT_2016_ixi
CAN,Canada,America,"Steam, hot water supply and water distribution",climate_change,kt CO2eq,0.8193072250988497,2019,EXIOBASE v3.7 IOT_2016_ixi
RoW Asia and Pacific,RoW Asia and Pacific,Asia and Pacific,Minerals and Metals,land_use,km2,0.8126513842556262,2019,EXIOBASE v3.7 IOT_2016_ixi
GBR,United Kingdom,Europe,Waste management and disposal,waste_generation,kt,0.8082002885483576,2019,EXIOBASE v3.7 IOT_2016_ixi
ITA,Italy,Europe,Waste management and disposal,climate_change,kt CO2eq,0.8080938227415106,2019,EXIOBASE v3.7 IOT_2016_ixi
FIN,Finland,Europe,Coal and Petroleum,climate_change,kt CO2eq,0.8076900015411217,2019,EXIOBASE v3.7 IOT_2016_ixi
NLD,Netherlands,Europe,Metal Products,climate_change,kt CO2eq,0.8048882378007747,2019,EXIOBASE v3.7 IOT_2016_ixi
IND,India,Asia and Pacific,Textile,climate_change,kt CO2eq,0.8009986331940595,2019,EXIOBASE v3.7 IOT_2016_ixi
ZAF,South Africa,Africa,Chemical,waste_generation,kt,0.8007115292847564,2019,EXIOBASE v3.7 IOT_2016_ixi
TUR,Turkey,Middle East,Chemical,climate_change,kt CO2eq,0.7987496731502624,2019,EXIOBASE v3.7 IOT_2016_ixi
SVN,Slovenia,Europe,Food and catering,land_use,km2,0.7974721857824681,2019,EXIOBASE v3.7 IOT_2016_ixi
SVN,Slovenia,Europe,"Electrical, electronic and measuring equipment",climate_change,kt CO2eq,0.794333221602937,2019,EXIOBASE v3.7 IOT_2016_ixi
DNK,Denmark,Denmark,Chemical,material_extraction,kt,0.7940384703463342,2019,EXIOBASE v3.7 IOT_2016_ixi
RoW Asia and Pacific,RoW Asia and Pacific,Asia and Pacific,Transport,material_extraction,kt,0.7937088424464885,2019,EXIOBASE v3.7 IOT_2016_ixi
BEL,Belgium,Europe,Coal and Petroleum,climate_change,kt CO2eq,0.7853456996603101,2019,EXIOBASE v3.7 IOT_2016_ixi
LVA,Latvia,Europe,Food and catering,climate_change,kt CO2eq,0.776278828569543,2019,EXIOBASE v3.7 IOT_2016_ixi
PRT,Portugal,Europe,Waste management and disposal,climate_change,kt CO2eq,0.764405273255962,2019,EXIOBASE v3.7 IOT_2016_ixi
NLD,Netherlands,Europe,Furniture and timber,land_use,km2,0.7627902664903885,2019,EXIOBASE v3.7 IOT_2016_ixi
USA,United States,America,Electricity,waste_generation,kt,0.7608180589660251,2019,EXIOBASE v3.7 IOT_2016_ixi
POL,Poland,Europe,Paper Products,climate_change,kt CO2eq,0.7574786621224443,2019,EXIOBASE v3.7 IOT_2016_ixi
NLD,Netherlands,Europe,Natural gas and gaseous fuels,climate_change,kt CO2eq,0.7541529874034268,2019,EXIOBASE v3.7 IOT_2016_ixi
KOR,South Korea,Asia and Pacific,Services,climate_change,kt CO2eq,0.7475059356844785,2019,EXIOBASE v3.7 IOT_2016_ixi
SVK,Slovakia,Europe,Food and catering,climate_change,kt CO2eq,0.7474622679184771,2019,EXIOBASE v3.7 IOT_2016_ixi
CYP,Cyprus,Middle East,Electricity,climate_change,kt CO2eq,0.741134884176478,2019,EXIOBASE v3.7 IOT_2016_ixi
ZAF,South Africa,Africa,Metal Products,climate_change,kt CO2eq,0.7391031365389646,2019,EXIOBASE v3.7 IOT_2016_ixi
CAN,Canada,America,Waste management and disposal,climate_change,kt CO2eq,0.7371317881602454,2019,EXIOBASE v3.7 IOT_2016_ixi
IND,India,Asia and Pacific,Transport Equipment,climate_change,kt CO2eq,0.734997317745202,2019,EXIOBASE v3.7 IOT_2016_ixi
NLD,Netherlands,Europe,Food and catering,waste_generation,kt,0.7332559401777305,2019,EXIOBASE v3.7 IOT_2016_ixi
TUR,Turkey,Middle East,Food and catering,blue_water_consumption,Mm3,0.7277358645532818,2019,EXIOBASE v3.7 IOT_2016_ixi
HRV,Croatia,Europe,Services,land_use,km2,0.7250428877027596,2019,EXIOBASE v3.7 IOT_2016_ixi
RoW Asia and Pacific,RoW Asia and Pacific,Asia and Pacific,Paper Products,climate_change,kt CO2eq,0.7241532406622447,2019,EXIOBASE v3.7 IOT_2016_ixi
PRT,Portugal,Europe,Food and catering,climate_change,kt CO2eq,0.7231235124754181,2019,EXIOBASE v3.7 IOT_2016_ixi
SWE,Sweden,Europe,Chemical,climate_change,kt CO2eq,0.7155384936013361,2019,EXIOBASE v3.7 IOT_2016_ixi
HRV,Croatia,Europe,Coal and Petroleum,climate_change,kt CO2eq,0.710444871337345,2019,EXIOBASE v3.7 IOT_2016_ixi
TWN,Taiwan,Asia and Pacific,Waste management and disposal,climate_change,kt CO2eq,0.7030660020229338,2019,EXIOBASE v3.7 IOT_2016_ixi
GBR,United Kingdom,Europe,Minerals and Metals,climate_change,kt CO2eq,0.7027778149324607,2019,EXIOBASE v3.7 IOT_2016_ixi
IRL,Ireland,Europe,Waste management and disposal,climate_change,kt CO2eq,0.7006561394131855,2019,EXIOBASE v3.7 IOT_2016_ixi
USA,United States,America,Textile,climate_change,kt CO2eq,0.6996271239715487,2019,EXIOBASE v3.7 IOT_2016_ixi
GRC,Greece,Europe,Food and catering,waste_generation,kt,0.6970902221350836,2019,EXIOBASE v3.7 IOT_2016_ixi
TUR,Turkey,Middle East,Electricity,climate_change,kt CO2eq,0.6937902745379319,2019,EXIOBASE v3.7 IOT_2016_ixi
BGR,Bulgaria,Europe,Waste management and disposal,climate_change,kt CO2eq,0.6839081894624476,2019,EXIOBASE v3.7 IOT_2016_ixi
SWE,Sweden,Europe,Non-metallic mineral products,climate_change,kt CO2eq,0.6821748003957234,2019,EXIOBASE v3.7 IOT_2016_ixi
FRA,France,Europe,"Electrical, electronic and measuring equipment",climate_change,kt CO2eq,0.6783283349006652,2019,EXIOBASE v3.7 IOT_2016_ixi
RoW Africa,RoW Africa,Africa,Coal and Petroleum,material_extraction,kt,0.6774258243489006,2019,EXIOBASE v3.7 IOT_2016_ixi
DEU,Germany,Europe,Food and catering,waste_generation,kt,0.6736823116680408,2019,EXIOBASE v3.7 IOT_2016_ixi
USA,United States,America,Non-metallic mineral products,material_extraction,kt,0.6714684575948456,2019,EXIOBASE v3.7 IOT_2016_ixi
ESP,Spain,Europe,Food and catering,blue_water_consumption,Mm3,0.6710098949272969,2019,EXIOBASE v3.7 IOT_2016_ixi
KOR,South Korea,Asia and Pacific,"Steam, hot water supply and water distribution",climate_change,kt CO2eq,0.6709706984043943,2019,EXIOBASE v3.7 IOT_2016_ixi
MEX,Mexico,America,Non-metallic mineral products,climate_change,kt CO2eq,0.669108065203613,2019,EXIOBASE v3.7 IOT_2016_ixi
LVA,Latvia,Europe,Furniture and timber,land_use,km2,0.6642681092645771,2019,EXIOBASE v3.7 IOT_2016_ixi
FRA,France,Europe,Metal Products,climate_change,kt CO2eq,0.6621677075706048,2019,EXIOBASE v3.7 IOT_2016_ixi
ROU,Romania,Europe,"Steam, hot water supply and water distribution",climate_change,kt CO2eq,0.6559058660725644,2019,EXIOBASE v3.7 IOT_2016_ixi
AUS,Australia,Asia and Pacific,"Electrical, electronic and measuring equipment",climate_change,kt CO2eq,0.6538810584850099,2019,EXIOBASE v3.7 IOT_2016_ixi
CZE,Czech Republic,Europe,Metal Products,climate_change,kt CO2eq,0.6529813042147308,2019,EXIOBASE v3.7 IOT_2016_ixi
HUN,Hungary,Europe,Food and catering,waste_generation,kt,0.6516832123654313,2019,EXIOBASE v3.7 IOT_2016_ixi
RoW Asia and Pacific,RoW Asia and Pacific,Asia and Pacific,Textile,land_use,km2,0.6441116090146508,2019,EXIOBASE v3.7 IOT_2016_ixi
RoW America,RoW America,America,Electricity,climate_change,kt CO2eq,0.6402974613695196,2019,EXIOBASE v3.7 IOT_2016_ixi
SVK,Slovakia,Europe,Waste management and disposal,climate_change,kt CO2eq,0.6390843861435522,2019,EXIOBASE v3.7 IOT_2016_ixi
RoW Europe,RoW Europe,Europe,Food and catering,waste_generation,kt,0.6359901138522129,2019,EXIOBASE v3.7 IOT_2016_ixi
RoW America,RoW America,America,Food and catering,waste_generation,kt,0.6358882252310055,2019,EXIOBASE v3.7 IOT_2016_ixi
BRA,Brazil,America,Food and catering,waste_generation,kt,0.6336273141518011,2019,EXIOBASE v3.7 IOT_2016_ixi
ZAF,South Africa,Africa,"Steam, hot water supply and water distribution",climate_change,kt CO2eq,0.6329089177838982,2019,EXIOBASE v3.7 IOT_2016_ixi
RoW America,RoW America,America,Furniture and timber,land_use,km2,0.6318864705632364,2019,EXIOBASE v3.7 IOT_2016_ixi
POL,Poland,Europe,Metal Products,material_extraction,kt,0.6312990166380774,2019,EXIOBASE v3.7 IOT_2016_ixi
ROU,Romania,Europe,Coal and Petroleum,climate_change,kt CO2eq,0.6277989244954749,2019,EXIOBASE v3.7 IOT_2016_ixi
GBR,United Kingdom,Europe,Metal Products,climate_change,kt CO2eq,0.62698607055131,2019,EXIOBASE v3.7 IOT_2016_ixi
NOR,Norway,Europe,Waste management and disposal,climate_change,kt CO2eq,0.6255713640501133,2019,EXIOBASE v3.7 IOT_2016_ixi
LTU,Lithuania,Europe,Waste management and disposal,climate_change,kt CO2eq,0.6215193701853681,2019,EXIOBASE v3.7 IOT_2016_ixi
RoW America,RoW America,America,Coal and Petroleum,material_extraction,kt,0.6211598189492364,2019,EXIOBASE v3.7 IOT_2016_ixi
RoW Europe,RoW Europe,Europe,Electricity,land_use,km2,0.6200861964076836,2019,EXIOBASE v3.7 IOT_2016_ixi
MLT,Malta,Europe,Minerals and Metals,material_extraction,kt,0.618731269376902,2019,EXIOBASE v3.7 IOT_2016_ixi
CHN,China,Asia and Pacific,Waste management and disposal,climate_change,kt CO2eq,0.6057698652538002,2019,EXIOBASE v3.7 IOT_2016_ixi
FIN,Finland,Europe,Paper Products,climate_change,kt CO2eq,0.6005962442909709,2019,EXIOBASE v3.7 IOT_2016_ixi
BEL,Belgium,Europe,Food and catering,waste_generation,kt,0.5999951468213109,2019,EXIOBASE v3.7 IOT_2016_ixi
CZE,Czech Republic,Europe,Minerals and Metals,climate_change,kt CO2eq,0.5998367717210222,2019,EXIOBASE v3.7 IOT_2016_ixi
AUS,Australia,Asia and Pacific,Services,land_use,km2,0.5973357655106203,2019,EXIOBASE v3.7 IOT_2016_ixi
PRT,Portugal,Europe,Non-metallic mineral products,climate_change,kt CO2eq,0.5965616285192645,2019,EXIOBASE v3.7 IOT_2016_ixi
DNK,Denmark,Denmark,General and special Machinery,climate_change,kt CO2eq,0.5927053142406433,2019,EXIOBASE v3.7 IOT_2016_ixi
EST,Estonia,Europe,Food and catering,climate_change,kt CO2eq,0.5891976574185066,2019,EXIOBASE v3.7 IOT_2016_ixi
AUT,Austria,Europe,Coal and Petroleum,climate_change,kt CO2eq,0.5891414417107869,2019,EXIOBASE v3.7 IOT_2016_ixi
POL,Poland,Europe,Food and catering,waste_generation,kt,0.5884931132245473,2019,EXIOBASE v3.7 IOT_2016_ixi
SVN,Slovenia,Europe,Services,land_use,km2,0.5838921131278837,2019,EXIOBASE v3.7 IOT_2016_ixi
AUS,Australia,Asia and Pacific,Services,climate_change,kt CO2eq,0.580063149570986,2019,EXIOBASE v3.7 IOT_2016_ixi
LVA,Latvia,Europe,"Steam, hot water supply and water distribution",climate_change,kt CO2eq,0.5794983515985201,2019,EXIOBASE v3.7 IOT_2016_ixi
TUR,Turkey,Middle East,Waste management and disposal,climate_change,kt CO2eq,0.5791370887940612,2019,EXIOBASE v3.7 IOT_2016_ixi
RUS,Russia,Europe,Services,land_use,km2,0.5790332820743828,2019,EXIOBASE v3.7 IOT_2016_ixi
RoW Middle East,RoW Middle East,Middle East,Services,material_extraction,kt,0.5777964135073271,2019,EXIOBASE v3.7 IOT_2016_ixi
MLT,Malta,Europe,Transport,climate_change,kt CO2eq,0.5770176838303416,2019,EXIOBASE v3.7 IOT_2016_ixi
HRV,Croatia,Europe,Natural gas and gaseous fuels,climate_change,kt CO2eq,0.5745019911057526,2019,EXIOBASE v3.7 IOT_2016_ixi
ITA,Italy,Europe,Waste management and disposal,waste_generation,kt,0.5729173150184511,2019,EXIOBASE v3.7 IOT_2016_ixi
DEU,Germany,Europe,Electricity,waste_generation,kt,0.5646778253582105,2019,EXIOBASE v3.7 IOT_2016_ixi
USA,United States,America,Transport Equipment,climate_change,kt CO2eq,0.5641324693837912,2019,EXIOBASE v3.7 IOT_2016_ixi
CHE,Switzerland,Europe,Minerals and Metals,climate_change,kt CO2eq,0.5632931758835853,2019,EXIOBASE v3.7 IOT_2016_ixi
RoW Europe,RoW Europe,Europe,Services,climate_change,kt CO2eq,0.5623950396266644,2019,EXIOBASE v3.7 IOT_2016_ixi
AUT,Austria,Europe,Services,climate_change,kt CO2eq,0.5606443502340277,2019,EXIOBASE v3.7 IOT_2016_ixi
RoW Asia and Pacific,RoW Asia and Pacific,Asia and Pacific,Transport,waste_generation,kt,0.5597666303784391,2019,EXIOBASE v3.7 IOT_2016_ixi
GRC,Greece,Europe,Electricity,climate_change,kt CO2eq,0.55958400723302,2019,EXIOBASE v3.7 IOT_2016_ixi
KOR,South Korea,Asia and Pacific,Non-metallic mineral products,climate_change,kt CO2eq,0.5579199824525434,2019,EXIOBASE v3.7 IOT_2016_ixi
SVK,Slovakia,Europe,Metal Products,climate_change,kt CO2eq,0.5487758158124781,2019,EXIOBASE v3.7 IOT_2016_ixi
NLD,Netherlands,Europe,Services,land_use,km2,0.5475807585484687,2019,EXIOBASE v3.7 IOT_2016_ixi
GRC,Greece,Europe,Coal and Petroleum,climate_change,kt CO2eq,0.5474324904504451,2019,EXIOBASE v3.7 IOT_2016_ixi
TUR,Turkey,Middle East,Coal and Petroleum,climate_change,kt CO2eq,0.5460423289467167,2019,EXIOBASE v3.7 IOT_2016_ixi
BRA,Brazil,America,Paper Products,waste_generation,kt,0.5431077849891445,2019,EXIOBASE v3.7 IOT_2016_ixi
POL,Poland,Europe,Non-metallic mineral products,material_extraction,kt,0.5409969899684951,2019,EXIOBASE v3.7 IOT_2016_ixi
AUS,Australia,Asia and Pacific,Minerals and Metals,climate_change,kt CO2eq,0.539432714564064,2019,EXIOBASE v3.7 IOT_2016_ixi
POL,Poland,Europe,Waste management and disposal,waste_generation,kt,0.5391225285703193,2019,EXIOBASE v3.7 IOT_2016_ixi
RUS,Russia,Europe,Coal and Petroleum,waste_generation,kt,0.534759249770624,2019,EXIOBASE v3.7 IOT_2016_ixi
CHN,China,Asia and Pacific,Non-metallic mineral products,waste_generation,kt,0.5316651784275523,2019,EXIOBASE v3.7 IOT_2016_ixi
ROU,Romania,Europe,Natural gas and gaseous fuels,climate_change,kt CO2eq,0.5302636847169121,2019,EXIOBASE v3.7 IOT_2016_ixi
ESP,Spain,Europe,Chemical,climate_change,kt CO2eq,0.5272357353928109,2019,EXIOBASE v3.7 IOT_2016_ixi
CZE,Czech Republic,Europe,Construction,waste_generation,kt,0.5271270735587921,2019,EXIOBASE v3.7 IOT_2016_ixi
IRL,Ireland,Europe,Food and catering,waste_generation,kt,0.5249483980432662,2019,EXIOBASE v3.7 IOT_2016_ixi
RoW America,RoW America,America,Textile,climate_change,kt CO2eq,0.5236231261866486,2019,EXIOBASE v3.7 IOT_2016_ixi
SVK,Slovakia,Europe,Services,climate_change,kt CO2eq,0.5230080730991886,2019,EXIOBASE v3.7 IOT_2016_ixi
DEU,Germany,Europe,Metal Products,waste_generation,kt,0.5228798415594124,2019,EXIOBASE v3.7 IOT_2016_ixi
RUS,Russia,Europe,Metal Products,waste_generation,kt,0.5228770154474447,2019,EXIOBASE v3.7 IOT_2016_ixi
CAN,Canada,America,Food and catering,waste_generation,kt,0.5220977054732214,2019,EXIOBASE v3.7 IOT_2016_ixi
RUS,Russia,Europe,Food and catering,blue_water_consumption,Mm3,0.5218273368904286,2019,EXIOBASE v3.7 IOT_2016_ixi
RoW Africa,RoW Africa,Africa,Chemical,waste_generation,kt,0.5174274183872596,2019,EXIOBASE v3.7 IOT_2016_ixi
ITA,Italy,Europe,Minerals and Metals,climate_change,kt CO2eq,0.5161843873676982,2019,EXIOBASE v3.7 IOT_2016_ixi
ESP,Spain,Europe,Natural gas and gaseous fuels,climate_change,kt CO2eq,0.515987029597932,2019,EXIOBASE v3.7 IOT_2016_ixi
USA,United States,America,"Electrical, electronic and measuring equipment",climate_change,kt CO2eq,0.5141446481798311,2019,EXIOBASE v3.7 IOT_2016_ixi
CAN,Canada,America,Metal Products,climate_change,kt CO2eq,0.513802055741138,2019,EXIOBASE v3.7 IOT_2016_ixi
ESP,Spain,Europe,Metal Products,climate_change,kt CO2eq,0.5129337613943606,2019,EXIOBASE v3.7 IOT_2016_ixi
RUS,Russia,Europe,Food and catering,waste_generation,kt,0.5128546388964187,2019,EXIOBASE v3.7 IOT_2016_ixi
FIN,Finland,Europe,Food and catering,climate_change,kt CO2eq,0.510143964557732,2019,EXIOBASE v3.7 IOT_2016_ixi
FIN,Finland,Europe,Coal and Petroleum,waste_generation,kt,0.5088588556394338,2019,EXIOBASE v3.7 IOT_2016_ixi
USA,United States,America,Coal and Petroleum,material_extraction,kt,0.5071820586886618,2019,EXIOBASE v3.7 IOT_2016_ixi
ITA,Italy,Europe,Food and catering,waste_generation,kt,0.5027224889687953,2019,EXIOBASE v3.7 IOT_2016_ixi
FRA,France,Europe,Natural gas and gaseous fuels,climate_change,kt CO2eq,0.49645235332908266,2019,EXIOBASE v3.7 IOT_2016_ixi
RUS,Russia,Europe,"Electrical, electronic and measuring equipment",climate_change,kt CO2eq,0.4962211226449852,2019,EXIOBASE v3.7 IOT_2016_ixi
FRA,France,Europe,Electricity,climate_change,kt CO2eq,0.4917544461463771,2019,EXIOBASE v3.7 IOT_2016_ixi
SVK,Slovakia,Europe,Transport,climate_change,kt CO2eq,0.49151347721424204,2019,EXIOBASE v3.7 IOT_2016_ixi
RoW Africa,RoW Africa,Africa,Waste management and disposal,waste_generation,kt,0.49039606227095034,2019,EXIOBASE v3.7 IOT_2016_ixi
SWE,Sweden,Europe,Transport Equipment,climate_change,kt CO2eq,0.48925601058229606,2019,EXIOBASE v3.7 IOT_2016_ixi
AUS,Australia,Asia and Pacific,Non-metallic mineral products,climate_change,kt CO2eq,0.4876338945162617,2019,EXIOBASE v3.7 IOT_2016_ixi
RoW Europe,RoW Europe,Europe,Waste management and disposal,climate_change,kt CO2eq,0.4870297097204778,2019,EXIOBASE v3.7 IOT_2016_ixi
RoW Europe,RoW Europe,Europe,Waste management and disposal,land_use,km2,0.48468076116887443,2019,EXIOBASE v3.7 IOT_2016_ixi
RoW America,RoW America,America,Metal Products,material_extraction,kt,0.4839327591996119,2019,EXIOBASE v3.7 IOT_2016_ixi
CHN,China,Asia and Pacific,Metal Products,blue_water_consumption,Mm3,0.4837428084544453,2019,EXIOBASE v3.7 IOT_2016_ixi
IND,India,Asia and Pacific,Chemical,waste_generation,kt,0.4828269936808913,2019,EXIOBASE v3.7 IOT_2016_ixi
BGR,Bulgaria,Europe,Food and catering,climate_change,kt CO2eq,0.4821882980973451,2019,EXIOBASE v3.7 IOT_2016_ixi
TWN,Taiwan,Asia and Pacific,Metal Products,climate_change,kt CO2eq,0.4821052223094664,2019,EXIOBASE v3.7 IOT_2016_ixi
NLD,Netherlands,Europe,Non-metallic mineral products,climate_change,kt CO2eq,0.4800481424504817,2019,EXIOBASE v3.7 IOT_2016_ixi
RoW Europe,RoW Europe,Europe,Food and catering,blue_water_consumption,Mm3,0.4797477403176776,2019,EXIOBASE v3.7 IOT_2016_ixi
BGR,Bulgaria,Europe,Non-metallic mineral products,climate_change,kt CO2eq,0.4759986526258124,2019,EXIOBASE v3.7 IOT_2016_ixi
RoW Asia and Pacific,RoW Asia and Pacific,Asia and Pacific,Coal and Petroleum,material_extraction,kt,0.47563934193809576,2019,EXIOBASE v3.7 IOT_2016_ixi
DEU,Germany,Europe,Chemical,material_extraction,kt,0.47563361177094976,2019,EXIOBASE v3.7 IOT_2016_ixi
AUS,Australia,Asia and Pacific,Food and catering,waste_generation,kt,0.4709962236996893,2019,EXIOBASE v3.7 IOT_2016_ixi
RoW America,RoW America,America,Paper Products,land_use,km2,0.46827557936254666,2019,EXIOBASE v3.7 IOT_2016_ixi
CHN,China,Asia and Pacific,Coal and Petroleum,waste_generation,kt,0.46784390925103764,2019,EXIOBASE v3.7 IOT_2016_ixi
AUT,Austria,Europe,Natural gas and gaseous fuels,climate_change,kt CO2eq,0.4670873146918385,2019,EXIOBASE v3.7 IOT_2016_ixi
CZE,Czech Republic,Europe,Non-metallic mineral products,material_extraction,kt,0.4649943969358509,2019,EXIOBASE v3.7 IOT_2016_ixi
CZE,Czech Republic,Europe,Construction,climate_change,kt CO2eq,0.4623574643270223,2019,EXIOBASE v3.7 IOT_2016_ixi
KOR,South Korea,Asia and Pacific,Natural gas and gaseous fuels,climate_change,kt CO2eq,0.4615019723419067,2019,EXIOBASE v3.7 IOT_2016_ixi
AUT,Austria,Europe,Transport,material_extraction,kt,0.4564387322451979,2019,EXIOBASE v3.7 IOT_2016_ixi
BEL,Belgium,Europe,Coal and Petroleum,waste_generation,kt,0.45441466338654996,2019,EXIOBASE v3.7 IOT_2016_ixi
IDN,Indonesia,Asia and Pacific,Food and catering,waste_generation,kt,0.4527762235051622,2019,EXIOBASE v3.7 IOT_2016_ixi
PRT,Portugal,Europe,Minerals and Metals,climate_change,kt CO2eq,0.452369111030118,2019,EXIOBASE v3.7 IOT_2016_ixi
USA,United States,America,Furniture and timber,climate_change,kt CO2eq,0.45231866420155864,2019,EXIOBASE v3.7 IOT_2016_ixi
TWN,Taiwan,Asia and Pacific,"Electrical, electronic and measuring equipment",climate_change,kt CO2eq,0.4520752079695197,2019,EXIOBASE v3.7 IOT_2016_ixi
SWE,Sweden,Europe,Services,climate_change,kt CO2eq,0.4487508587662776,2019,EXIOBASE v3.7 IOT_2016_ixi
BRA,Brazil,America,Services,land_use,km2,0.4482152360956171,2019,EXIOBASE v3.7 IOT_2016_ixi
POL,Poland,Europe,Coal and Petroleum,waste_generation,kt,0.44811070232548683,2019,EXIOBASE v3.7 IOT_2016_ixi
AUT,Austria,Europe,Waste management and disposal,climate_change,kt CO2eq,0.4458987847147431,2019,EXIOBASE v3.7 IOT_2016_ixi
RoW Asia and Pacific,RoW Asia and Pacific,Asia and Pacific,Paper Products,land_use,km2,0.444482386033108,2019,EXIOBASE v3.7 IOT_2016_ixi
HRV,Croatia,Europe,"Steam, hot water supply and water distribution",climate_change,kt CO2eq,0.44398877848582413,2019,EXIOBASE v3.7 IOT_2016_ixi
BGR,Bulgaria,Europe,Electricity,climate_change,kt CO2eq,0.4433139921944433,2019,EXIOBASE v3.7 IOT_2016_ixi
SVK,Slovakia,Europe,Non-metallic mineral products,climate_change,kt CO2eq,0.44121954680427145,2019,EXIOBASE v3.7 IOT_2016_ixi
HUN,Hungary,Europe,Paper Products,climate_change,kt CO2eq,0.43590739939620876,2019,EXIOBASE v3.7 IOT_2016_ixi
TWN,Taiwan,Asia and Pacific,Services,climate_change,kt CO2eq,0.4326544612352714,2019,EXIOBASE v3.7 IOT_2016_ixi
LUX,Luxembourg,Europe,Waste management and disposal,climate_change,kt CO2eq,0.4312164737800553,2019,EXIOBASE v3.7 IOT_2016_ixi
ROU,Romania,Europe,Metal Products,climate_change,kt CO2eq,0.42875937954777804,2019,EXIOBASE v3.7 IOT_2016_ixi
RoW Asia and Pacific,RoW Asia and Pacific,Asia and Pacific,Coal and Petroleum,waste_generation,kt,0.4279363298819216,2019,EXIOBASE v3.7 IOT_2016_ixi
KOR,South Korea,Asia and Pacific,Minerals and Metals,climate_change,kt CO2eq,0.42747393912371096,2019,EXIOBASE v3.7 IOT_2016_ixi
DEU,Germany,Europe,"Electrical, electronic and measuring equipment",climate_change,kt CO2eq,0.4263032055724659,2019,EXIOBASE v3.7 IOT_2016_ixi
CAN,Canada,America,Chemical,waste_generation,kt,0.42491612515344535,2019,EXIOBASE v3.7 IOT_2016_ixi
GBR,United Kingdom,Europe,Paper Products,climate_change,kt CO2eq,0.42295090775514504,2019,EXIOBASE v3.7 IOT_2016_ixi
IDN,Indonesia,Asia and Pacific,Non-metallic mineral products,climate_change,kt CO2eq,0.4202090292766768,2019,EXIOBASE v3.7 IOT_2016_ixi
NOR,Norway,Europe,"Electrical, electronic and measuring equipment",climate_change,kt CO2eq,0.4195953939652648,2019,EXIOBASE v3.7 IOT_2016_ixi
GBR,United Kingdom,Europe,Non-metallic mineral products,climate_change,kt CO2eq,0.41927721222286835,2019,EXIOBASE v3.7 IOT_2016_ixi
HUN,Hungary,Europe,Coal and Petroleum,climate_change,kt CO2eq,0.4187536160343865,2019,EXIOBASE v3.7 IOT_2016_ixi
TUR,Turkey,Middle East,"Steam, hot water supply and water distribution",climate_change,kt CO2eq,0.4157820865666191,2019,EXIOBASE v3.7 IOT_2016_ixi
CHE,Switzerland,Europe,Non-metallic mineral products,climate_change,kt CO2eq,0.4144130895630844,2019,EXIOBASE v3.7 IOT_2016_ixi
FIN,Finland,Europe,"Steam, hot water supply and water distribution",climate_change,kt CO2eq,0.413493628858212,2019,EXIOBASE v3.7 IOT_2016_ixi
ZAF,South Africa,Africa,Minerals and Metals,climate_change,kt CO2eq,0.413103920412476,2019,EXIOBASE v3.7 IOT_2016_ixi
POL,Poland,Europe,Paper Products,waste_generation,kt,0.4112167975045709,2019,EXIOBASE v3.7 IOT_2016_ixi
RoW Asia and Pacific,RoW Asia and Pacific,Asia and Pacific,Electricity,land_use,km2,0.4099436537593023,2019,EXIOBASE v3.7 IOT_2016_ixi
ESP,Spain,Europe,Food and catering,waste_generation,kt,0.4070870315220179,2019,EXIOBASE v3.7 IOT_2016_ixi
POL,Poland,Europe,Services,material_extraction,kt,0.40489652465356796,2019,EXIOBASE v3.7 IOT_2016_ixi
IDN,Indonesia,Asia and Pacific,Paper Products,climate_change,kt CO2eq,0.4040176151335079,2019,EXIOBASE v3.7 IOT_2016_ixi
BEL,Belgium,Europe,Metal Products,climate_change,kt CO2eq,0.4031809529766099,2019,EXIOBASE v3.7 IOT_2016_ixi
RoW Middle East,RoW Middle East,Middle East,Chemical,waste_generation,kt,0.39929816961343556,2019,EXIOBASE v3.7 IOT_2016_ixi
ESP,Spain,Europe,Services,climate_change,kt CO2eq,0.3990420713751555,2019,EXIOBASE v3.7 IOT_2016_ixi
CAN,Canada,America,Minerals and Metals,climate_change,kt CO2eq,0.3982233196678609,2019,EXIOBASE v3.7 IOT_2016_ixi
RoW America,RoW America,America,Waste management and disposal,climate_change,kt CO2eq,0.39750988671447396,2019,EXIOBASE v3.7 IOT_2016_ixi
KOR,South Korea,Asia and Pacific,Food and catering,waste_generation,kt,0.3968800107010402,2019,EXIOBASE v3.7 IOT_2016_ixi
CZE,Czech Republic,Europe,Services,land_use,km2,0.3949951396436177,2019,EXIOBASE v3.7 IOT_2016_ixi
TUR,Turkey,Middle East,Metal Products,climate_change,kt CO2eq,0.39396683616933276,2019,EXIOBASE v3.7 IOT_2016_ixi
DEU,Germany,Europe,Construction,waste_generation,kt,0.38802263078182914,2019,EXIOBASE v3.7 IOT_2016_ixi
GRC,Greece,Europe,Coal and Petroleum,waste_generation,kt,0.38740933830434127,2019,EXIOBASE v3.7 IOT_2016_ixi
RUS,Russia,Europe,Furniture and timber,climate_change,kt CO2eq,0.38510546287548886,2019,EXIOBASE v3.7 IOT_2016_ixi
RoW Middle East,RoW Middle East,Middle East,Transport,material_extraction,kt,0.38472305693529163,2019,EXIOBASE v3.7 IOT_2016_ixi
POL,Poland,Europe,"Steam, hot water supply and water distribution",climate_change,kt CO2eq,0.38457362097741277,2019,EXIOBASE v3.7 IOT_2016_ixi
SVN,Slovenia,Europe,Chemical,climate_change,kt CO2eq,0.38261036061688647,2019,EXIOBASE v3.7 IOT_2016_ixi
POL,Poland,Europe,Services,land_use,km2,0.38244457981464364,2019,EXIOBASE v3.7 IOT_2016_ixi
FRA,France,Europe,Minerals and Metals,climate_change,kt CO2eq,0.3790570692916264,2019,EXIOBASE v3.7 IOT_2016_ixi
BEL,Belgium,Europe,"Electrical, electronic and measuring equipment",climate_change,kt CO2eq,0.3756832523735591,2019,EXIOBASE v3.7 IOT_2016_ixi
NOR,Norway,Europe,Paper Products,waste_generation,kt,0.37277503653440636,2019,EXIOBASE v3.7 IOT_2016_ixi
AUS,Australia,Asia and Pacific,Textile,land_use,km2,0.3725406796841059,2019,EXIOBASE v3.7 IOT_2016_ixi
RoW Europe,RoW Europe,Europe,Electricity,waste_generation,kt,0.37157990023289034,2019,EXIOBASE v3.7 IOT_2016_ixi
HUN,Hungary,Europe,Chemical,climate_change,kt CO2eq,0.37139309011781546,2019,EXIOBASE v3.7 IOT_2016_ixi
RoW Africa,RoW Africa,Africa,Metal Products,climate_change,kt CO2eq,0.37116073463324223,2019,EXIOBASE v3.7 IOT_2016_ixi
RoW Africa,RoW Africa,Africa,Natural gas and gaseous fuels,material_extraction,kt,0.36843061326702514,2019,EXIOBASE v3.7 IOT_2016_ixi
ZAF,South Africa,Africa,Services,climate_change,kt CO2eq,0.36741776167656154,2019,EXIOBASE v3.7 IOT_2016_ixi
DNK,Denmark,Denmark,Non-metallic mineral products,material_extraction,kt,0.36648912673956285,2019,EXIOBASE v3.7 IOT_2016_ixi
JPN,Japan,Asia and Pacific,Paper Products,climate_change,kt CO2eq,0.3614477215707024,2019,EXIOBASE v3.7 IOT_2016_ixi
RoW Middle East,RoW Middle East,Middle East,Construction,climate_change,kt CO2eq,0.3608733340588715,2019,EXIOBASE v3.7 IOT_2016_ixi
BEL,Belgium,Europe,Construction,waste_generation,kt,0.35891690107730645,2019,EXIOBASE v3.7 IOT_2016_ixi
POL,Poland,Europe,Minerals and Metals,climate_change,kt CO2eq,0.35859665991131734,2019,EXIOBASE v3.7 IOT_2016_ixi
JPN,Japan,Asia and Pacific,Services,climate_change,kt CO2eq,0.3583646833994019,2019,EXIOBASE v3.7 IOT_2016_ixi
LVA,Latvia,Europe,Services,climate_change,kt CO2eq,0.3580594719604832,2019,EXIOBASE v3.7 IOT_2016_ixi
TWN,Taiwan,Asia and Pacific,"Steam, hot water supply and water distribution",climate_change,kt CO2eq,0.35704865530904806,2019,EXIOBASE v3.7 IOT_2016_ixi
CHE,Switzerland,Europe,Services,land_use,km2,0.35384147652138304,2019,EXIOBASE v3.7 IOT_2016_ixi
TWN,Taiwan,Asia and Pacific,Minerals and Metals,climate_change,kt CO2eq,0.3532099567138657,2019,EXIOBASE v3.7 IOT_2016_ixi
MLT,Malta,Europe,Transport,waste_generation,kt,0.353052722535687,2019,EXIOBASE v3.7 IOT_2016_ixi
TUR,Turkey,Middle East,Food and catering,waste_generation,kt,0.3520591445316946,2019,EXIOBASE v3.7 IOT_2016_ixi
HUN,Hungary,Europe,Non-metallic mineral products,climate_change,kt CO2eq,0.35034038436620807,2019,EXIOBASE v3.7 IOT_2016_ixi
DNK,Denmark,Denmark,"Electrical, electronic and measuring equipment",waste_generation,kt,0.3488401430024175,2019,EXIOBASE v3.7 IOT_2016_ixi
RUS,Russia,Europe,Metal Products,material_extraction,kt,0.34028118237030314,2019,EXIOBASE v3.7 IOT_2016_ixi
RUS,Russia,Europe,Furniture and timber,waste_generation,kt,0.33711683184063596,2019,EXIOBASE v3.7 IOT_2016_ixi
ITA,Italy,Europe,Chemical,climate_change,kt CO2eq,0.33671968885326087,2019,EXIOBASE v3.7 IOT_2016_ixi
POL,Poland,Europe,Construction,waste_generation,kt,0.3356313892179698,2019,EXIOBASE v3.7 IOT_2016_ixi
CHN,China,Asia and Pacific,Services,waste_generation,kt,0.33481718929136306,2019,EXIOBASE v3.7 IOT_2016_ixi
LTU,Lithuania,Europe,Services,climate_change,kt CO2eq,0.3324664742846141,2019,EXIOBASE v3.7 IOT_2016_ixi
AUT,Austria,Europe,"Steam, hot water supply and water distribution",climate_change,kt CO2eq,0.3322804743754906,2019,EXIOBASE v3.7 IOT_2016_ixi
ESP,Spain,Europe,Services,land_use,km2,0.3317787752005956,2019,EXIOBASE v3.7 IOT_2016_ixi
DEU,Germany,Europe,"Steam, hot water supply and water distribution",waste_generation,kt,0.3315645671366706,2019,EXIOBASE v3.7 IOT_2016_ixi
IDN,Indonesia,Asia and Pacific,"Steam, hot water supply and water distribution",climate_change,kt CO2eq,0.331383459431166,2019,EXIOBASE v3.7 IOT_2016_ixi
CHN,China,Asia and Pacific,Textile,land_use,km2,0.3306288226811662,2019,EXIOBASE v3.7 IOT_2016_ixi
NLD,Netherlands,Europe,Coal and Petroleum,waste_generation,kt,0.3293407354066538,2019,EXIOBASE v3.7 IOT_2016_ixi
IRL,Ireland,Europe,Waste management and disposal,waste_generation,kt,0.328344448597891,2019,EXIOBASE v3.7 IOT_2016_ixi
JPN,Japan,Asia and Pacific,Natural gas and gaseous fuels,climate_change,kt CO2eq,0.3272689263451867,2019,EXIOBASE v3.7 IOT_2016_ixi
LVA,Latvia,Europe,Waste management and disposal,climate_change,kt CO2eq,0.3260579439403788,2019,EXIOBASE v3.7 IOT_2016_ixi
BEL,Belgium,Europe,Minerals and Metals,climate_change,kt CO2eq,0.3178637923512224,2019,EXIOBASE v3.7 IOT_2016_ixi
SVN,Slovenia,Europe,Waste management and disposal,climate_change,kt CO2eq,0.31651090154744005,2019,EXIOBASE v3.7 IOT_2016_ixi
PRT,Portugal,Europe,Coal and Petroleum,climate_change,kt CO2eq,0.3131345063254632,2019,EXIOBASE v3.7 IOT_2016_ixi
TUR,Turkey,Middle East,Services,climate_change,kt CO2eq,0.3121547489309168,2019,EXIOBASE v3.7 IOT_2016_ixi
CZE,Czech Republic,Europe,Paper Products,climate_change,kt CO2eq,0.31121730026292294,2019,EXIOBASE v3.7 IOT_2016_ixi
FRA,France,Europe,Non-metallic mineral products,climate_change,kt CO2eq,0.3097170224041862,2019,EXIOBASE v3.7 IOT_2016_ixi
BRA,Brazil,America,Paper Products,climate_change,kt CO2eq,0.3092122611633493,2019,EXIOBASE v3.7 IOT_2016_ixi
RoW Europe,RoW Europe,Europe,Minerals and Metals,land_use,km2,0.3081121904430731,2019,EXIOBASE v3.7 IOT_2016_ixi
NLD,Netherlands,Europe,Construction,waste_generation,kt,0.306232596147094,2019,EXIOBASE v3.7 IOT_2016_ixi
POL,Poland,Europe,Waste management and disposal,material_extraction,kt,0.30555374766934623,2019,EXIOBASE v3.7 IOT_2016_ixi
NOR,Norway,Europe,Services,climate_change,kt CO2eq,0.30494444606862225,2019,EXIOBASE v3.7 IOT_2016_ixi
CYP,Cyprus,Middle East,Waste management and disposal,climate_change,kt CO2eq,0.3039509379899133,2019,EXIOBASE v3.7 IOT_2016_ixi
ROU,Romania,Europe,Waste management and disposal,climate_change,kt CO2eq,0.3016174895916684,2019,EXIOBASE v3.7 IOT_2016_ixi
CHN,China,Asia and Pacific,General and special Machinery,waste_generation,kt,0.29956691801929786,2019,EXIOBASE v3.7 IOT_2016_ixi
PRT,Portugal,Europe,Food and catering,waste_generation,kt,0.29862542995358676,2019,EXIOBASE v3.7 IOT_2016_ixi
PRT,Portugal,Europe,Coal and Petroleum,waste_generation,kt,0.2981671012990106,2019,EXIOBASE v3.7 IOT_2016_ixi
RoW Europe,RoW Europe,Europe,Furniture and timber,land_use,km2,0.29707103739825047,2019,EXIOBASE v3.7 IOT_2016_ixi
FIN,Finland,Europe,Chemical,climate_change,kt CO2eq,0.2969330750943443,2019,EXIOBASE v3.7 IOT_2016_ixi
SWE,Sweden,Europe,Electricity,climate_change,kt CO2eq,0.29622465559222644,2019,EXIOBASE v3.7 IOT_2016_ixi
FIN,Finland,Europe,Metal Products,climate_change,kt CO2eq,0.2953761384102105,2019,EXIOBASE v3.7 IOT_2016_ixi
BEL,Belgium,Europe,Chemical,material_extraction,kt,0.2944287893372587,2019,EXIOBASE v3.7 IOT_2016_ixi
EST,Estonia,Europe,Waste management and disposal,climate_change,kt CO2eq,0.29269021284368824,2019,EXIOBASE v3.7 IOT_2016_ixi
BGR,Bulgaria,Europe,Services,climate_change,kt CO2eq,0.29039954180311306,2019,EXIOBASE v3.7 IOT_2016_ixi
RoW Middle East,RoW Middle East,Middle East,Electricity,material_extraction,kt,0.29024285418736223,2019,EXIOBASE v3.7 IOT_2016_ixi
CZE,Czech Republic,Europe,Waste management and disposal,waste_generation,kt,0.28805469108302084,2019,EXIOBASE v3.7 IOT_2016_ixi
ESP,Spain,Europe,Minerals and Metals,climate_change,kt CO2eq,0.2879049062055835,2019,EXIOBASE v3.7 IOT_2016_ixi
CHN,China,Asia and Pacific,Textile,waste_generation,kt,0.28627232556580956,2019,EXIOBASE v3.7 IOT_2016_ixi
GBR,United Kingdom,Europe,Textile,climate_change,kt CO2eq,0.2861930656952245,2019,EXIOBASE v3.7 IOT_2016_ixi
MLT,Malta,Europe,Waste management and disposal,climate_change,kt CO2eq,0.28459879377490593,2019,EXIOBASE v3.7 IOT_2016_ixi
LVA,Latvia,Europe,Services,land_use,km2,0.28405239161118384,2019,EXIOBASE v3.7 IOT_2016_ixi
RoW Africa,RoW Africa,Africa,"Electrical, electronic and measuring equipment",climate_change,kt CO2eq,0.28372984372163923,2019,EXIOBASE v3.7 IOT_2016_ixi
RoW America,RoW America,America,Transport,material_extraction,kt,0.2836242530615172,2019,EXIOBASE v3.7 IOT_2016_ixi
NLD,Netherlands,Europe,Construction,climate_change,kt CO2eq,0.2827725257334178,2019,EXIOBASE v3.7 IOT_2016_ixi
FIN,Finland,Europe,"Electrical, electronic and measuring equipment",climate_change,kt CO2eq,0.280712273349858,2019,EXIOBASE v3.7 IOT_2016_ixi
ESP,Spain,Europe,Paper Products,climate_change,kt CO2eq,0.2802143273629243,2019,EXIOBASE v3.7 IOT_2016_ixi
MLT,Malta,Europe,Electricity,climate_change,kt CO2eq,0.27972808750583017,2019,EXIOBASE v3.7 IOT_2016_ixi
RoW Asia and Pacific,RoW Asia and Pacific,Asia and Pacific,Transport Equipment,climate_change,kt CO2eq,0.27796964920672174,2019,EXIOBASE v3.7 IOT_2016_ixi
NOR,Norway,Europe,Minerals and Metals,climate_change,kt CO2eq,0.2777512952065236,2019,EXIOBASE v3.7 IOT_2016_ixi
AUT,Austria,Europe,Non-metallic mineral products,climate_change,kt CO2eq,0.277673028399499,2019,EXIOBASE v3.7 IOT_2016_ixi
ITA,Italy,Europe,Metal Products,waste_generation,kt,0.2775072897177839,2019,EXIOBASE v3.7 IOT_2016_ixi
HUN,Hungary,Europe,Metal Products,climate_change,kt CO2eq,0.2758659232052975,2019,EXIOBASE v3.7 IOT_2016_ixi
NLD,Netherlands,Europe,Textile,climate_change,kt CO2eq,0.2727438173703059,2019,EXIOBASE v3.7 IOT_2016_ixi
MEX,Mexico,America,Chemical,waste_generation,kt,0.272224669845916,2019,EXIOBASE v3.7 IOT_2016_ixi
LTU,Lithuania,Europe,Coal and Petroleum,climate_change,kt CO2eq,0.2707534784523164,2019,EXIOBASE v3.7 IOT_2016_ixi
AUT,Austria,Europe,Minerals and Metals,climate_change,kt CO2eq,0.26925195234134763,2019,EXIOBASE v3.7 IOT_2016_ixi
HRV,Croatia,Europe,Food and catering,climate_change,kt CO2eq,0.2689324441531207,2019,EXIOBASE v3.7 IOT_2016_ixi
RoW America,RoW America,America,Services,climate_change,kt CO2eq,0.26748704343117463,2019,EXIOBASE v3.7 IOT_2016_ixi
SWE,Sweden,Europe,Food and catering,waste_generation,kt,0.2674180703863249,2019,EXIOBASE v3.7 IOT_2016_ixi
RUS,Russia,Europe,Electricity,waste_generation,kt,0.26657198092772044,2019,EXIOBASE v3.7 IOT_2016_ixi
IND,India,Asia and Pacific,Paper Products,climate_change,kt CO2eq,0.26567592318776184,2019,EXIOBASE v3.7 IOT_2016_ixi
BRA,Brazil,America,Food and catering,material_extraction,kt,0.2654575935263969,2019,EXIOBASE v3.7 IOT_2016_ixi
CHE,Switzerland,Europe,Waste management and disposal,waste_generation,kt,0.26512287347923474,2019,EXIOBASE v3.7 IOT_2016_ixi
IDN,Indonesia,Asia and Pacific,Textile,climate_change,kt CO2eq,0.26459687917063696,2019,EXIOBASE v3.7 IOT_2016_ixi
ITA,Italy,Europe,Non-metallic mineral products,material_extraction,kt,0.26375706649234704,2019,EXIOBASE v3.7 IOT_2016_ixi
IDN,Indonesia,Asia and Pacific,Natural gas and gaseous fuels,climate_change,kt CO2eq,0.26337531381354806,2019,EXIOBASE v3.7 IOT_2016_ixi
RoW Africa,RoW Africa,Africa,Chemical,blue_water_consumption,Mm3,0.2616781562604993,2019,EXIOBASE v3.7 IOT_2016_ixi
RoW Europe,RoW Europe,Europe,Construction,land_use,km2,0.2611792206596685,2019,EXIOBASE v3.7 IOT_2016_ixi
DNK,Denmark,Denmark,Construction,waste_generation,kt,0.2606471006774509,2019,EXIOBASE v3.7 IOT_2016_ixi
IRL,Ireland,Europe,Chemical,climate_change,kt CO2eq,0.26020509894199756,2019,EXIOBASE v3.7 IOT_2016_ixi
AUT,Austria,Europe,Paper Products,climate_change,kt CO2eq,0.2600125717831854,2019,EXIOBASE v3.7 IOT_2016_ixi
DNK,Denmark,Denmark,Non-metallic mineral products,waste_generation,kt,0.2589361468577146,2019,EXIOBASE v3.7 IOT_2016_ixi
CYP,Cyprus,Middle East,Food and catering,waste_generation,kt,0.25557317252523304,2019,EXIOBASE v3.7 IOT_2016_ixi
CAN,Canada,America,Paper Products,waste_generation,kt,0.2555475091499875,2019,EXIOBASE v3.7 IOT_2016_ixi
AUT,Austria,Europe,Chemical,climate_change,kt CO2eq,0.2550697139582661,2019,EXIOBASE v3.7 IOT_2016_ixi
ESP,Spain,Europe,Furniture and timber,climate_change,kt CO2eq,0.25503240822185047,2019,EXIOBASE v3.7 IOT_2016_ixi
AUT,Austria,Europe,Metal Products,climate_change,kt CO2eq,0.25239240791604833,2019,EXIOBASE v3.7 IOT_2016_ixi
FIN,Finland,Europe,Natural gas and gaseous fuels,climate_change,kt CO2eq,0.25171447760181315,2019,EXIOBASE v3.7 IOT_2016_ixi
CHN,China,Asia and Pacific,"Electrical, electronic and measuring equipment",waste_generation,kt,0.2508493849620713,2019,EXIOBASE v3.7 IOT_2016_ixi
SVK,Slovakia,Europe,Metal Products,material_extraction,kt,0.25060511453446493,2019,EXIOBASE v3.7 IOT_2016_ixi
FIN,Finland,Europe,Chemical,material_extraction,kt,0.25023566710194606,2019,EXIOBASE v3.7 IOT_2016_ixi
GRC,Greece,Europe,Non-metallic mineral products,climate_change,kt CO2eq,0.24919668947433526,2019,EXIOBASE v3.7 IOT_2016_ixi
RoW Asia and Pacific,RoW Asia and Pacific,Asia and Pacific,Electricity,waste_generation,kt,0.24913833800925667,2019,EXIOBASE v3.7 IOT_2016_ixi
ZAF,South Africa,Africa,Coal and Petroleum,waste_generation,kt,0.24894453873437494,2019,EXIOBASE v3.7 IOT_2016_ixi
ROU,Romania,Europe,Services,climate_change,kt CO2eq,0.24796169839097046,2019,EXIOBASE v3.7 IOT_2016_ixi
MEX,Mexico,America,Metal Products,climate_change,kt CO2eq,0.2478457856272285,2019,EXIOBASE v3.7 IOT_2016_ixi
RoW Middle East,RoW Middle East,Middle East,Minerals and Metals,land_use,km2,0.24609758581765742,2019,EXIOBASE v3.7 IOT_2016_ixi
RoW Europe,RoW Europe,Europe,Minerals and Metals,climate_change,kt CO2eq,0.24560465066185605,2019,EXIOBASE v3.7 IOT_2016_ixi
LTU,Lithuania,Europe,Non-metallic mineral products,climate_change,kt CO2eq,0.24415366436677144,2019,EXIOBASE v3.7 IOT_2016_ixi
EST,Estonia,Europe,Minerals and Metals,climate_change,kt CO2eq,0.24404547502545335,2019,EXIOBASE v3.7 IOT_2016_ixi
AUT,Austria,Europe,Food and catering,waste_generation,kt,0.24368108367658084,2019,EXIOBASE v3.7 IOT_2016_ixi
GRC,Greece,Europe,Services,land_use,km2,0.2435786007545912,2019,EXIOBASE v3.7 IOT_2016_ixi
RoW Africa,RoW Africa,Africa,Textile,climate_change,kt CO2eq,0.2419944990608978,2019,EXIOBASE v3.7 IOT_2016_ixi
LUX,Luxembourg,Europe,Minerals and Metals,material_extraction,kt,0.2411073743364197,2019,EXIOBASE v3.7 IOT_2016_ixi
FRA,France,Europe,Food and catering,waste_generation,kt,0.24105348692142042,2019,EXIOBASE v3.7 IOT_2016_ixi
LUX,Luxembourg,Europe,Services,climate_change,kt CO2eq,0.2405066387718624,2019,EXIOBASE v3.7 IOT_2016_ixi
IDN,Indonesia,Asia and Pacific,Minerals and Metals,climate_change,kt CO2eq,0.23990644989139356,2019,EXIOBASE v3.7 IOT_2016_ixi
POL,Poland,Europe,Electricity,climate_change,kt CO2eq,0.23954270438789677,2019,EXIOBASE v3.7 IOT_2016_ixi
TUR,Turkey,Middle East,Minerals and Metals,climate_change,kt CO2eq,0.23909642472972675,2019,EXIOBASE v3.7 IOT_2016_ixi
POL,Poland,Europe,Natural gas and gaseous fuels,climate_change,kt CO2eq,0.23863128397050648,2019,EXIOBASE v3.7 IOT_2016_ixi
KOR,South Korea,Asia and Pacific,Waste management and disposal,climate_change,kt CO2eq,0.23861895498323066,2019,EXIOBASE v3.7 IOT_2016_ixi
CZE,Czech Republic,Europe,Natural gas and gaseous fuels,climate_change,kt CO2eq,0.23758846625216723,2019,EXIOBASE v3.7 IOT_2016_ixi
CAN,Canada,America,Non-metallic mineral products,climate_change,kt CO2eq,0.23645515744114823,2019,EXIOBASE v3.7 IOT_2016_ixi
KOR,South Korea,Asia and Pacific,Electricity,waste_generation,kt,0.2364155899872174,2019,EXIOBASE v3.7 IOT_2016_ixi
SWE,Sweden,Europe,Natural gas and gaseous fuels,climate_change,kt CO2eq,0.23615780438278233,2019,EXIOBASE v3.7 IOT_2016_ixi
FRA,France,Europe,Food and catering,blue_water_consumption,Mm3,0.23547525392675409,2019,EXIOBASE v3.7 IOT_2016_ixi
GRC,Greece,Europe,Food and catering,blue_water_consumption,Mm3,0.2353614442769294,2019,EXIOBASE v3.7 IOT_2016_ixi
PRT,Portugal,Europe,Services,climate_change,kt CO2eq,0.23530612046687557,2019,EXIOBASE v3.7 IOT_2016_ixi
MEX,Mexico,America,Food and catering,blue_water_consumption,Mm3,0.2349106873240959,2019,EXIOBASE v3.7 IOT_2016_ixi
SVK,Slovakia,Europe,Non-metallic mineral products,material_extraction,kt,0.2344945461041426,2019,EXIOBASE v3.7 IOT_2016_ixi
EST,Estonia,Europe,"Steam, hot water supply and water distribution",climate_change,kt CO2eq,0.23423912146429052,2019,EXIOBASE v3.7 IOT_2016_ixi
IDN,Indonesia,Asia and Pacific,Furniture and timber,climate_change,kt CO2eq,0.2333706725256895,2019,EXIOBASE v3.7 IOT_2016_ixi
IRL,Ireland,Europe,Metal Products,climate_change,kt CO2eq,0.23260118399352403,2019,EXIOBASE v3.7 IOT_2016_ixi
FIN,Finland,Europe,Waste management and disposal,waste_generation,kt,0.23164791625253475,2019,EXIOBASE v3.7 IOT_2016_ixi
HRV,Croatia,Europe,Non-metallic mineral products,climate_change,kt CO2eq,0.23118817025733301,2019,EXIOBASE v3.7 IOT_2016_ixi
HUN,Hungary,Europe,Minerals and Metals,climate_change,kt CO2eq,0.2301467449018455,2019,EXIOBASE v3.7 IOT_2016_ixi
GBR,United Kingdom,Europe,Furniture and timber,climate_change,kt CO2eq,0.22997458325869946,2019,EXIOBASE v3.7 IOT_2016_ixi
POL,Poland,Europe,Food and catering,blue_water_consumption,Mm3,0.22970903692909467,2019,EXIOBASE v3.7 IOT_2016_ixi
ZAF,South Africa,Africa,Food and catering,waste_generation,kt,0.2283354916049251,2019,EXIOBASE v3.7 IOT_2016_ixi
CHN,China,Asia and Pacific,"Electrical, electronic and measuring equipment",blue_water_consumption,Mm3,0.22672916996103626,2019,EXIOBASE v3.7 IOT_2016_ixi
GBR,United Kingdom,Europe,Construction,waste_generation,kt,0.22567383615690653,2019,EXIOBASE v3.7 IOT_2016_ixi
ROU,Romania,Europe,Chemical,waste_generation,kt,0.22381029378470205,2019,EXIOBASE v3.7 IOT_2016_ixi
NOR,Norway,Europe,Waste management and disposal,waste_generation,kt,0.22268219525049074,2019,EXIOBASE v3.7 IOT_2016_ixi
SVK,Slovakia,Europe,Services,material_extraction,kt,0.2224051122928932,2019,EXIOBASE v3.7 IOT_2016_ixi
CAN,Canada,America,Natural gas and gaseous fuels,climate_change,kt CO2eq,0.2217165573754137,2019,EXIOBASE v3.7 IOT_2016_ixi
HUN,Hungary,Europe,Services,land_use,km2,0.22110470821641484,2019,EXIOBASE v3.7 IOT_2016_ixi
RoW Asia and Pacific,RoW Asia and Pacific,Asia and Pacific,Furniture and timber,land_use,km2,0.21967425177724936,2019,EXIOBASE v3.7 IOT_2016_ixi
TWN,Taiwan,Asia and Pacific,Paper Products,climate_change,kt CO2eq,0.21761406765706892,2019,EXIOBASE v3.7 IOT_2016_ixi
TUR,Turkey,Middle East,Textile,climate_change,kt CO2eq,0.21723554896007438,2019,EXIOBASE v3.7 IOT_2016_ixi
CAN,Canada,America,Services,waste_generation,kt,0.21676585515034644,2019,EXIOBASE v3.7 IOT_2016_ixi
IND,India,Asia and Pacific,"Electrical, electronic and measuring equipment",climate_change,kt CO2eq,0.2167636429806688,2019,EXIOBASE v3.7 IOT_2016_ixi
CHE,Switzerland,Europe,Chemical,waste_generation,kt,0.21649291451153832,2019,EXIOBASE v3.7 IOT_2016_ixi
CZE,Czech Republic,Europe,Paper Products,waste_generation,kt,0.21578853392329014,2019,EXIOBASE v3.7 IOT_2016_ixi
RoW Africa,RoW Africa,Africa,Construction,climate_change,kt CO2eq,0.2154530663842327,2019,EXIOBASE v3.7 IOT_2016_ixi
LTU,Lithuania,Europe,Furniture and timber,land_use,km2,0.21531036412765403,2019,EXIOBASE v3.7 IOT_2016_ixi
NLD,Netherlands,Europe,Chemical,waste_generation,kt,0.21507896025334758,2019,EXIOBASE v3.7 IOT_2016_ixi
FRA,France,Europe,"Steam, hot water supply and water distribution",climate_change,kt CO2eq,0.21192077563182696,2019,EXIOBASE v3.7 IOT_2016_ixi
RoW Africa,RoW Africa,Africa,Electricity,land_use,km2,0.21102098168643613,2019,EXIOBASE v3.7 IOT_2016_ixi
ESP,Spain,Europe,Paper Products,waste_generation,kt,0.2107854045958833,2019,EXIOBASE v3.7 IOT_2016_ixi
SWE,Sweden,Europe,Electricity,waste_generation,kt,0.2080420532909273,2019,EXIOBASE v3.7 IOT_2016_ixi
JPN,Japan,Asia and Pacific,Metal Products,waste_generation,kt,0.2070030737332049,2019,EXIOBASE v3.7 IOT_2016_ixi
HRV,Croatia,Europe,Services,climate_change,kt CO2eq,0.2068186602455251,2019,EXIOBASE v3.7 IOT_2016_ixi
IND,India,Asia and Pacific,Chemical,blue_water_consumption,Mm3,0.20587876949217374,2019,EXIOBASE v3.7 IOT_2016_ixi
RoW Africa,RoW Africa,Africa,Construction,waste_generation,kt,0.2055195854652118,2019,EXIOBASE v3.7 IOT_2016_ixi
USA,United States,America,Food and catering,waste_generation,kt,0.20535593905137722,2019,EXIOBASE v3.7 IOT_2016_ixi
SVK,Slovakia,Europe,Services,land_use,km2,0.2051854111945271,2019,EXIOBASE v3.7 IOT_2016_ixi
RoW Asia and Pacific,RoW Asia and Pacific,Asia and Pacific,Services,material_extraction,kt,0.2027454049408979,2019,EXIOBASE v3.7 IOT_2016_ixi
CZE,Czech Republic,Europe,Coal and Petroleum,waste_generation,kt,0.20254159595181565,2019,EXIOBASE v3.7 IOT_2016_ixi
RUS,Russia,Europe,Paper Products,climate_change,kt CO2eq,0.20096692284358694,2019,EXIOBASE v3.7 IOT_2016_ixi
ESP,Spain,Europe,Waste management and disposal,waste_generation,kt,0.20048586414319686,2019,EXIOBASE v3.7 IOT_2016_ixi
RUS,Russia,Europe,Chemical,waste_generation,kt,0.1996620359573693,2019,EXIOBASE v3.7 IOT_2016_ixi
DEU,Germany,Europe,General and special Machinery,climate_change,kt CO2eq,0.199175142766859,2019,EXIOBASE v3.7 IOT_2016_ixi
CHN,China,Asia and Pacific,Transport Equipment,climate_change,kt CO2eq,0.1990104144502444,2019,EXIOBASE v3.7 IOT_2016_ixi
RoW Asia and Pacific,RoW Asia and Pacific,Asia and Pacific,Construction,climate_change,kt CO2eq,0.1985600268010589,2019,EXIOBASE v3.7 IOT_2016_ixi
TWN,Taiwan,Asia and Pacific,Food and catering,climate_change,kt CO2eq,0.1984868012529782,2019,EXIOBASE v3.7 IOT_2016_ixi
IDN,Indonesia,Asia and Pacific,Metal Products,climate_change,kt CO2eq,0.19652731882650254,2019,EXIOBASE v3.7 IOT_2016_ixi
DNK,Denmark,Denmark,Coal and Petroleum,waste_generation,kt,0.1964910818319146,2019,EXIOBASE v3.7 IOT_2016_ixi
GLO,Unallocated,Unallocated,Private travel,blue_water_consumption,Mm3,0.1948252496002659,2019,EXIOBASE v3.7 IOT_2016_ixi
IND,India,Asia and Pacific,Metal Products,waste_generation,kt,0.19430937459244607,2019,EXIOBASE v3.7 IOT_2016_ixi
ESP,Spain,Europe,Transport Equipment,climate_change,kt CO2eq,0.19398706942185287,2019,EXIOBASE v3.7 IOT_2016_ixi
RoW Middle East,RoW Middle East,Middle East,Food and catering,material_extraction,kt,0.1933908132756391,2019,EXIOBASE v3.7 IOT_2016_ixi
SVN,Slovenia,Europe,Food and catering,climate_change,kt CO2eq,0.1932993627255421,2019,EXIOBASE v3.7 IOT_2016_ixi
ITA,Italy,Europe,Food and catering,blue_water_consumption,Mm3,0.19118076747858753,2019,EXIOBASE v3.7 IOT_2016_ixi
CZE,Czech Republic,Europe,Food and catering,waste_generation,kt,0.19093095167540708,2019,EXIOBASE v3.7 IOT_2016_ixi
CAN,Canada,America,Electricity,waste_generation,kt,0.18742250816853115,2019,EXIOBASE v3.7 IOT_2016_ixi
RUS,Russia,Europe,Textile,climate_change,kt CO2eq,0.186916353965818,2019,EXIOBASE v3.7 IOT_2016_ixi
RoW Europe,RoW Europe,Europe,"Steam, hot water supply and water distribution",land_use,km2,0.18671929532609344,2019,EXIOBASE v3.7 IOT_2016_ixi
SVK,Slovakia,Europe,"Steam, hot water supply and water distribution",climate_change,kt CO2eq,0.18666411382268,2019,EXIOBASE v3.7 IOT_2016_ixi
POL,Poland,Europe,"Electrical, electronic and measuring equipment",climate_change,kt CO2eq,0.18598232192183722,2019,EXIOBASE v3.7 IOT_2016_ixi
LUX,Luxembourg,Europe,Metal Products,climate_change,kt CO2eq,0.18460788636630648,2019,EXIOBASE v3.7 IOT_2016_ixi
GBR,United Kingdom,Europe,Transport Equipment,climate_change,kt CO2eq,0.18417274388040744,2019,EXIOBASE v3.7 IOT_2016_ixi
RoW Middle East,RoW Middle East,Middle East,Paper Products,climate_change,kt CO2eq,0.18410616577522895,2019,EXIOBASE v3.7 IOT_2016_ixi
CZE,Czech Republic,Europe,"Steam, hot water supply and water distribution",waste_generation,kt,0.18352019754815133,2019,EXIOBASE v3.7 IOT_2016_ixi
FRA,France,Europe,Waste management and disposal,waste_generation,kt,0.18313152690526027,2019,EXIOBASE v3.7 IOT_2016_ixi
CHE,Switzerland,Europe,Food and catering,waste_generation,kt,0.18253831483821273,2019,EXIOBASE v3.7 IOT_2016_ixi
USA,United States,America,Chemical,material_extraction,kt,0.1821792393829,2019,EXIOBASE v3.7 IOT_2016_ixi
SWE,Sweden,Europe,Construction,waste_generation,kt,0.18122256536472134,2019,EXIOBASE v3.7 IOT_2016_ixi
NLD,Netherlands,Europe,Waste management and disposal,material_extraction,kt,0.18013842110760003,2019,EXIOBASE v3.7 IOT_2016_ixi
CHN,China,Asia and Pacific,"Steam, hot water supply and water distribution",waste_generation,kt,0.1797299300323708,2019,EXIOBASE v3.7 IOT_2016_ixi
RoW Middle East,RoW Middle East,Middle East,"Electrical, electronic and measuring equipment",climate_change,kt CO2eq,0.17796802201726614,2019,EXIOBASE v3.7 IOT_2016_ixi
HRV,Croatia,Europe,Coal and Petroleum,waste_generation,kt,0.17782787811503684,2019,EXIOBASE v3.7 IOT_2016_ixi
POL,Poland,Europe,Metal Products,waste_generation,kt,0.1753203074226725,2019,EXIOBASE v3.7 IOT_2016_ixi
LTU,Lithuania,Europe,Chemical,climate_change,kt CO2eq,0.17494594743555367,2019,EXIOBASE v3.7 IOT_2016_ixi
USA,United States,America,Metal Products,waste_generation,kt,0.17453538853015096,2019,EXIOBASE v3.7 IOT_2016_ixi
ROU,Romania,Europe,Food and catering,waste_generation,kt,0.17450856761536962,2019,EXIOBASE v3.7 IOT_2016_ixi
AUT,Austria,Europe,Electricity,climate_change,kt CO2eq,0.1743745597969759,2019,EXIOBASE v3.7 IOT_2016_ixi
FRA,France,Europe,Paper Products,climate_change,kt CO2eq,0.17422371874453446,2019,EXIOBASE v3.7 IOT_2016_ixi
SVN,Slovenia,Europe,Non-metallic mineral products,climate_change,kt CO2eq,0.17024047536139286,2019,EXIOBASE v3.7 IOT_2016_ixi
USA,United States,America,General and special Machinery,climate_change,kt CO2eq,0.16990379891207952,2019,EXIOBASE v3.7 IOT_2016_ixi
EST,Estonia,Europe,Services,climate_change,kt CO2eq,0.1694562579697854,2019,EXIOBASE v3.7 IOT_2016_ixi
LUX,Luxembourg,Europe,Metal Products,waste_generation,kt,0.16863790362828232,2019,EXIOBASE v3.7 IOT_2016_ixi
RoW Middle East,RoW Middle East,Middle East,Services,waste_generation,kt,0.16843681442398112,2019,EXIOBASE v3.7 IOT_2016_ixi
SVK,Slovakia,Europe,Food and catering,waste_generation,kt,0.16822986148623018,2019,EXIOBASE v3.7 IOT_2016_ixi
AUT,Austria,Europe,Waste management and disposal,waste_generation,kt,0.16778965147818334,2019,EXIOBASE v3.7 IOT_2016_ixi
BGR,Bulgaria,Europe,Coal and Petroleum,climate_change,kt CO2eq,0.1677819504196815,2019,EXIOBASE v3.7 IOT_2016_ixi
POL,Poland,Europe,Chemical,material_extraction,kt,0.16682041410870205,2019,EXIOBASE v3.7 IOT_2016_ixi
FRA,France,Europe,Textile,climate_change,kt CO2eq,0.16676442675216516,2019,EXIOBASE v3.7 IOT_2016_ixi
CAN,Canada,America,Paper Products,climate_change,kt CO2eq,0.16549444021772586,2019,EXIOBASE v3.7 IOT_2016_ixi
IDN,Indonesia,Asia and Pacific,Food and catering,blue_water_consumption,Mm3,0.16424200506833747,2019,EXIOBASE v3.7 IOT_2016_ixi
GRC,Greece,Europe,Metal Products,climate_change,kt CO2eq,0.16416196068739802,2019,EXIOBASE v3.7 IOT_2016_ixi
SWE,Sweden,Europe,Metal Products,waste_generation,kt,0.16278636632006252,2019,EXIOBASE v3.7 IOT_2016_ixi
DEU,Germany,Europe,Chemical,waste_generation,kt,0.16166965311063086,2019,EXIOBASE v3.7 IOT_2016_ixi
LUX,Luxembourg,Europe,Non-metallic mineral products,climate_change,kt CO2eq,0.16166061732943152,2019,EXIOBASE v3.7 IOT_2016_ixi
JPN,Japan,Asia and Pacific,Food and catering,climate_change,kt CO2eq,0.16165287449090318,2019,EXIOBASE v3.7 IOT_2016_ixi
ITA,Italy,Europe,Paper Products,climate_change,kt CO2eq,0.16143067005856027,2019,EXIOBASE v3.7 IOT_2016_ixi
FRA,France,Europe,Electricity,waste_generation,kt,0.16108234566085985,2019,EXIOBASE v3.7 IOT_2016_ixi
BGR,Bulgaria,Europe,Transport,land_use,km2,0.1574082193366112,2019,EXIOBASE v3.7 IOT_2016_ixi
CYP,Cyprus,Middle East,Food and catering,climate_change,kt CO2eq,0.15727620092362882,2019,EXIOBASE v3.7 IOT_2016_ixi
CHN,China,Asia and Pacific,Electricity,blue_water_consumption,Mm3,0.1559134111114185,2019,EXIOBASE v3.7 IOT_2016_ixi
NOR,Norway,Europe,Non-metallic mineral products,climate_change,kt CO2eq,0.15540426980319394,2019,EXIOBASE v3.7 IOT_2016_ixi
AUS,Australia,Asia and Pacific,Chemical,waste_generation,kt,0.15494632739306258,2019,EXIOBASE v3.7 IOT_2016_ixi
CZE,Czech Republic,Europe,Furniture and timber,land_use,km2,0.15429654280083155,2019,EXIOBASE v3.7 IOT_2016_ixi
IRL,Ireland,Europe,Minerals and Metals,climate_change,kt CO2eq,0.1532687935143096,2019,EXIOBASE v3.7 IOT_2016_ixi
NOR,Norway,Europe,Coal and Petroleum,material_extraction,kt,0.1524633120443779,2019,EXIOBASE v3.7 IOT_2016_ixi
RoW Asia and Pacific,RoW Asia and Pacific,Asia and Pacific,General and special Machinery,climate_change,kt CO2eq,0.15128504726727238,2019,EXIOBASE v3.7 IOT_2016_ixi
BEL,Belgium,Europe,Natural gas and gaseous fuels,climate_change,kt CO2eq,0.15013073831617033,2019,EXIOBASE v3.7 IOT_2016_ixi
RoW Asia and Pacific,RoW Asia and Pacific,Asia and Pacific,Metal Products,waste_generation,kt,0.149747570800767,2019,EXIOBASE v3.7 IOT_2016_ixi
CHN,China,Asia and Pacific,Furniture and timber,waste_generation,kt,0.1496351359435524,2019,EXIOBASE v3.7 IOT_2016_ixi
RoW Middle East,RoW Middle East,Middle East,Services,land_use,km2,0.14836348682582148,2019,EXIOBASE v3.7 IOT_2016_ixi
KOR,South Korea,Asia and Pacific,Paper Products,climate_change,kt CO2eq,0.14633202570895087,2019,EXIOBASE v3.7 IOT_2016_ixi
SVN,Slovenia,Europe,Services,climate_change,kt CO2eq,0.14630768174428474,2019,EXIOBASE v3.7 IOT_2016_ixi
RoW Europe,RoW Europe,Europe,Non-metallic mineral products,material_extraction,kt,0.14541546657621066,2019,EXIOBASE v3.7 IOT_2016_ixi
NLD,Netherlands,Europe,Paper Products,climate_change,kt CO2eq,0.1452471490283642,2019,EXIOBASE v3.7 IOT_2016_ixi
JPN,Japan,Asia and Pacific,Textile,climate_change,kt CO2eq,0.14498239276814687,2019,EXIOBASE v3.7 IOT_2016_ixi
RoW Middle East,RoW Middle East,Middle East,Transport,land_use,km2,0.14497584698164073,2019,EXIOBASE v3.7 IOT_2016_ixi
RoW America,RoW America,America,Chemical,land_use,km2,0.14406991183414192,2019,EXIOBASE v3.7 IOT_2016_ixi
RUS,Russia,Europe,Transport,land_use,km2,0.14394166523857027,2019,EXIOBASE v3.7 IOT_2016_ixi
MEX,Mexico,America,Natural gas and gaseous fuels,climate_change,kt CO2eq,0.14298040656037003,2019,EXIOBASE v3.7 IOT_2016_ixi
AUT,Austria,Europe,Services,material_extraction,kt,0.14047178297321047,2019,EXIOBASE v3.7 IOT_2016_ixi
NOR,Norway,Europe,Food and catering,waste_generation,kt,0.14030840294687696,2019,EXIOBASE v3.7 IOT_2016_ixi
KOR,South Korea,Asia and Pacific,Chemical,waste_generation,kt,0.14009264555095996,2019,EXIOBASE v3.7 IOT_2016_ixi
SVK,Slovakia,Europe,Transport,material_extraction,kt,0.13989400148767908,2019,EXIOBASE v3.7 IOT_2016_ixi
HUN,Hungary,Europe,Waste management and disposal,waste_generation,kt,0.1398477972608143,2019,EXIOBASE v3.7 IOT_2016_ixi
BGR,Bulgaria,Europe,Food and catering,waste_generation,kt,0.13841648784092384,2019,EXIOBASE v3.7 IOT_2016_ixi
ZAF,South Africa,Africa,Food and catering,blue_water_consumption,Mm3,0.13788519697897317,2019,EXIOBASE v3.7 IOT_2016_ixi
BEL,Belgium,Europe,Non-metallic mineral products,material_extraction,kt,0.1377332845248282,2019,EXIOBASE v3.7 IOT_2016_ixi
SWE,Sweden,Europe,Services,land_use,km2,0.13690307122119333,2019,EXIOBASE v3.7 IOT_2016_ixi
RUS,Russia,Europe,Construction,climate_change,kt CO2eq,0.1368657001732049,2019,EXIOBASE v3.7 IOT_2016_ixi
RoW Asia and Pacific,RoW Asia and Pacific,Asia and Pacific,"Steam, hot water supply and water distribution",waste_generation,kt,0.13664333741814183,2019,EXIOBASE v3.7 IOT_2016_ixi
AUT,Austria,Europe,"Electrical, electronic and measuring equipment",climate_change,kt CO2eq,0.1362113010171112,2019,EXIOBASE v3.7 IOT_2016_ixi
RoW Europe,RoW Europe,Europe,Chemical,waste_generation,kt,0.13544373779968985,2019,EXIOBASE v3.7 IOT_2016_ixi
LUX,Luxembourg,Europe,Electricity,climate_change,kt CO2eq,0.13421667275636182,2019,EXIOBASE v3.7 IOT_2016_ixi
GBR,United Kingdom,Europe,General and special Machinery,climate_change,kt CO2eq,0.13419791201218406,2019,EXIOBASE v3.7 IOT_2016_ixi
CZE,Czech Republic,Europe,Chemical,blue_water_consumption,Mm3,0.13397513515681111,2019,EXIOBASE v3.7 IOT_2016_ixi
DEU,Germany,Europe,Food and catering,blue_water_consumption,Mm3,0.1338104365494323,2019,EXIOBASE v3.7 IOT_2016_ixi
NLD,Netherlands,Europe,Paper Products,waste_generation,kt,0.13298898637111756,2019,EXIOBASE v3.7 IOT_2016_ixi
RUS,Russia,Europe,Transport Equipment,climate_change,kt CO2eq,0.13257469062458446,2019,EXIOBASE v3.7 IOT_2016_ixi
USA,United States,America,Chemical,blue_water_consumption,Mm3,0.13243822711859646,2019,EXIOBASE v3.7 IOT_2016_ixi
FIN,Finland,Europe,Electricity,climate_change,kt CO2eq,0.1301061806120434,2019,EXIOBASE v3.7 IOT_2016_ixi
USA,United States,America,Textile,blue_water_consumption,Mm3,0.12913523659778073,2019,EXIOBASE v3.7 IOT_2016_ixi
KOR,South Korea,Asia and Pacific,Transport Equipment,climate_change,kt CO2eq,0.12850356564639293,2019,EXIOBASE v3.7 IOT_2016_ixi
RoW Africa,RoW Africa,Africa,Minerals and Metals,blue_water_consumption,Mm3,0.1284187421159734,2019,EXIOBASE v3.7 IOT_2016_ixi
SWE,Sweden,Europe,Food and catering,material_extraction,kt,0.12689538273070491,2019,EXIOBASE v3.7 IOT_2016_ixi
EST,Estonia,Europe,Coal and Petroleum,climate_change,kt CO2eq,0.12682306570405041,2019,EXIOBASE v3.7 IOT_2016_ixi
LVA,Latvia,Europe,Non-metallic mineral products,climate_change,kt CO2eq,0.12677548692280258,2019,EXIOBASE v3.7 IOT_2016_ixi
CHE,Switzerland,Europe,Construction,waste_generation,kt,0.12648665156618522,2019,EXIOBASE v3.7 IOT_2016_ixi
EST,Estonia,Europe,Food and catering,waste_generation,kt,0.12645839112409069,2019,EXIOBASE v3.7 IOT_2016_ixi
FIN,Finland,Europe,Minerals and Metals,climate_change,kt CO2eq,0.12638164969925375,2019,EXIOBASE v3.7 IOT_2016_ixi
AUT,Austria,Europe,Non-metallic mineral products,material_extraction,kt,0.12447040885161895,2019,EXIOBASE v3.7 IOT_2016_ixi
CHE,Switzerland,Europe,Furniture and timber,climate_change,kt CO2eq,0.12417817884586609,2019,EXIOBASE v3.7 IOT_2016_ixi
RoW America,RoW America,America,Non-metallic mineral products,material_extraction,kt,0.12384812573374157,2019,EXIOBASE v3.7 IOT_2016_ixi
DNK,Denmark,Denmark,Furniture and timber,waste_generation,kt,0.12358040086291719,2019,EXIOBASE v3.7 IOT_2016_ixi
POL,Poland,Europe,Electricity,waste_generation,kt,0.12332576150285214,2019,EXIOBASE v3.7 IOT_2016_ixi
ROU,Romania,Europe,Non-metallic mineral products,climate_change,kt CO2eq,0.12326062252303452,2019,EXIOBASE v3.7 IOT_2016_ixi
KOR,South Korea,Asia and Pacific,Metal Products,waste_generation,kt,0.12278308482162098,2019,EXIOBASE v3.7 IOT_2016_ixi
RoW Europe,RoW Europe,Europe,Coal and Petroleum,material_extraction,kt,0.12278230224778491,2019,EXIOBASE v3.7 IOT_2016_ixi
USA,United States,America,Coal and Petroleum,waste_generation,kt,0.12235368319798128,2019,EXIOBASE v3.7 IOT_2016_ixi
CHN,China,Asia and Pacific,Paper Products,blue_water_consumption,Mm3,0.12223007717842296,2019,EXIOBASE v3.7 IOT_2016_ixi
POL,Poland,Europe,Construction,material_extraction,kt,0.1218444487823916,2019,EXIOBASE v3.7 IOT_2016_ixi
BRA,Brazil,America,Electricity,waste_generation,kt,0.12157011433064928,2019,EXIOBASE v3.7 IOT_2016_ixi
TUR,Turkey,Middle East,Metal Products,waste_generation,kt,0.12085393542165847,2019,EXIOBASE v3.7 IOT_2016_ixi
JPN,Japan,Asia and Pacific,Electricity,waste_generation,kt,0.12065709198297292,2019,EXIOBASE v3.7 IOT_2016_ixi
FIN,Finland,Europe,Services,climate_change,kt CO2eq,0.12053400910728546,2019,EXIOBASE v3.7 IOT_2016_ixi
CHE,Switzerland,Europe,"Steam, hot water supply and water distribution",climate_change,kt CO2eq,0.12049431923999268,2019,EXIOBASE v3.7 IOT_2016_ixi
MEX,Mexico,America,Textile,climate_change,kt CO2eq,0.1199778208054991,2019,EXIOBASE v3.7 IOT_2016_ixi
CZE,Czech Republic,Europe,Services,waste_generation,kt,0.11994676762848415,2019,EXIOBASE v3.7 IOT_2016_ixi
RUS,Russia,Europe,Waste management and disposal,waste_generation,kt,0.11951023246033064,2019,EXIOBASE v3.7 IOT_2016_ixi
GRC,Greece,Europe,Textile,land_use,km2,0.1189252183156898,2019,EXIOBASE v3.7 IOT_2016_ixi
RoW Middle East,RoW Middle East,Middle East,Textile,land_use,km2,0.1175126005834447,2019,EXIOBASE v3.7 IOT_2016_ixi
RoW Middle East,RoW Middle East,Middle East,Waste management and disposal,material_extraction,kt,0.11743721742200908,2019,EXIOBASE v3.7 IOT_2016_ixi
RoW Africa,RoW Africa,Africa,Minerals and Metals,waste_generation,kt,0.11742748882920967,2019,EXIOBASE v3.7 IOT_2016_ixi
POL,Poland,Europe,Transport,land_use,km2,0.1173962264021387,2019,EXIOBASE v3.7 IOT_2016_ixi
FRA,France,Europe,Metal Products,waste_generation,kt,0.11672595200889847,2019,EXIOBASE v3.7 IOT_2016_ixi
SVK,Slovakia,Europe,Chemical,climate_change,kt CO2eq,0.11607497362640094,2019,EXIOBASE v3.7 IOT_2016_ixi
RoW Middle East,RoW Middle East,Middle East,Waste management and disposal,waste_generation,kt,0.11571857259308749,2019,EXIOBASE v3.7 IOT_2016_ixi
ROU,Romania,Europe,Food and catering,blue_water_consumption,Mm3,0.11471009928775575,2019,EXIOBASE v3.7 IOT_2016_ixi
FIN,Finland,Europe,Food and catering,waste_generation,kt,0.11292458455223962,2019,EXIOBASE v3.7 IOT_2016_ixi
POL,Poland,Europe,"Electrical, electronic and measuring equipment",material_extraction,kt,0.1114573535125889,2019,EXIOBASE v3.7 IOT_2016_ixi
IRL,Ireland,Europe,Transport Equipment,climate_change,kt CO2eq,0.11128042097549118,2019,EXIOBASE v3.7 IOT_2016_ixi
JPN,Japan,Asia and Pacific,Chemical,waste_generation,kt,0.11033197921768519,2019,EXIOBASE v3.7 IOT_2016_ixi
RoW America,RoW America,America,Non-metallic mineral products,land_use,km2,0.11030381701441616,2019,EXIOBASE v3.7 IOT_2016_ixi
RoW Europe,RoW Europe,Europe,Construction,material_extraction,kt,0.1101254693647411,2019,EXIOBASE v3.7 IOT_2016_ixi
SVN,Slovenia,Europe,Minerals and Metals,climate_change,kt CO2eq,0.11007227197561531,2019,EXIOBASE v3.7 IOT_2016_ixi
KOR,South Korea,Asia and Pacific,Coal and Petroleum,waste_generation,kt,0.10974510155021432,2019,EXIOBASE v3.7 IOT_2016_ixi
FIN,Finland,Europe,Non-metallic mineral products,climate_change,kt CO2eq,0.10967915090166436,2019,EXIOBASE v3.7 IOT_2016_ixi
ESP,Spain,Europe,Metal Products,waste_generation,kt,0.10853608055610221,2019,EXIOBASE v3.7 IOT_2016_ixi
ZAF,South Africa,Africa,Textile,land_use,km2,0.10707829985727084,2019,EXIOBASE v3.7 IOT_2016_ixi
SVN,Slovenia,Europe,Paper Products,climate_change,kt CO2eq,0.10640900503934297,2019,EXIOBASE v3.7 IOT_2016_ixi
RUS,Russia,Europe,Minerals and Metals,blue_water_consumption,Mm3,0.10511967326567985,2019,EXIOBASE v3.7 IOT_2016_ixi
NLD,Netherlands,Europe,Minerals and Metals,climate_change,kt CO2eq,0.10509406106116669,2019,EXIOBASE v3.7 IOT_2016_ixi
RoW America,RoW America,America,Minerals and Metals,land_use,km2,0.1046402736086219,2019,EXIOBASE v3.7 IOT_2016_ixi
CHE,Switzerland,Europe,Paper Products,climate_change,kt CO2eq,0.10386718900185554,2019,EXIOBASE v3.7 IOT_2016_ixi
RoW Middle East,RoW Middle East,Middle East,Metal Products,waste_generation,kt,0.1035517926490386,2019,EXIOBASE v3.7 IOT_2016_ixi
RoW Europe,RoW Europe,Europe,"Steam, hot water supply and water distribution",waste_generation,kt,0.10354476073018269,2019,EXIOBASE v3.7 IOT_2016_ixi
RoW Middle East,RoW Middle East,Middle East,Metal Products,material_extraction,kt,0.1035141290991153,2019,EXIOBASE v3.7 IOT_2016_ixi
MEX,Mexico,America,Metal Products,land_use,km2,0.10349408651105409,2019,EXIOBASE v3.7 IOT_2016_ixi
RoW Europe,RoW Europe,Europe,Metal Products,waste_generation,kt,0.10290360040111865,2019,EXIOBASE v3.7 IOT_2016_ixi
RoW Middle East,RoW Middle East,Middle East,General and special Machinery,climate_change,kt CO2eq,0.10238408062033037,2019,EXIOBASE v3.7 IOT_2016_ixi
HUN,Hungary,Europe,Services,waste_generation,kt,0.10201621721718138,2019,EXIOBASE v3.7 IOT_2016_ixi
GRC,Greece,Europe,Services,climate_change,kt CO2eq,0.10197548541125738,2019,EXIOBASE v3.7 IOT_2016_ixi
ESP,Spain,Europe,Chemical,waste_generation,kt,0.10172390746850621,2019,EXIOBASE v3.7 IOT_2016_ixi
KOR,South Korea,Asia and Pacific,"Electrical, electronic and measuring equipment",climate_change,kt CO2eq,0.10154438276912171,2019,EXIOBASE v3.7 IOT_2016_ixi
FIN,Finland,Europe,Services,waste_generation,kt,0.10151664914596185,2019,EXIOBASE v3.7 IOT_2016_ixi
SVN,Slovenia,Europe,Metal Products,climate_change,kt CO2eq,0.10135025350141148,2019,EXIOBASE v3.7 IOT_2016_ixi
RoW Europe,RoW Europe,Europe,Textile,climate_change,kt CO2eq,0.10131048723303293,2019,EXIOBASE v3.7 IOT_2016_ixi
BEL,Belgium,Europe,Transport Equipment,climate_change,kt CO2eq,0.10103522820502048,2019,EXIOBASE v3.7 IOT_2016_ixi
RoW Africa,RoW Africa,Africa,Transport Equipment,waste_generation,kt,0.10027981403584127,2019,EXIOBASE v3.7 IOT_2016_ixi
EST,Estonia,Europe,Electricity,waste_generation,kt,0.10001023602702949,2019,EXIOBASE v3.7 IOT_2016_ixi
MEX,Mexico,America,Furniture and timber,climate_change,kt CO2eq,0.09921756244136322,2019,EXIOBASE v3.7 IOT_2016_ixi
RoW Asia and Pacific,RoW Asia and Pacific,Asia and Pacific,Metal Products,material_extraction,kt,0.09907681771055217,2019,EXIOBASE v3.7 IOT_2016_ixi
ZAF,South Africa,Africa,"Electrical, electronic and measuring equipment",climate_change,kt CO2eq,0.0983001746217445,2019,EXIOBASE v3.7 IOT_2016_ixi
BEL,Belgium,Europe,Electricity,waste_generation,kt,0.0982143956765464,2019,EXIOBASE v3.7 IOT_2016_ixi
RUS,Russia,Europe,General and special Machinery,climate_change,kt CO2eq,0.09778152642006069,2019,EXIOBASE v3.7 IOT_2016_ixi
BGR,Bulgaria,Europe,Non-metallic mineral products,material_extraction,kt,0.0969259880220518,2019,EXIOBASE v3.7 IOT_2016_ixi
IND,India,Asia and Pacific,Textile,blue_water_consumption,Mm3,0.09689499057970044,2019,EXIOBASE v3.7 IOT_2016_ixi
BGR,Bulgaria,Europe,Chemical,waste_generation,kt,0.09666254664583493,2019,EXIOBASE v3.7 IOT_2016_ixi
DEU,Germany,Europe,Textile,climate_change,kt CO2eq,0.09654108665328771,2019,EXIOBASE v3.7 IOT_2016_ixi
PRT,Portugal,Europe,Food and catering,blue_water_consumption,Mm3,0.09650950059119548,2019,EXIOBASE v3.7 IOT_2016_ixi
MLT,Malta,Europe,Services,climate_change,kt CO2eq,0.09625943060736948,2019,EXIOBASE v3.7 IOT_2016_ixi
BGR,Bulgaria,Europe,Minerals and Metals,climate_change,kt CO2eq,0.0961933595823486,2019,EXIOBASE v3.7 IOT_2016_ixi
JPN,Japan,Asia and Pacific,"Electrical, electronic and measuring equipment",climate_change,kt CO2eq,0.09585166565971635,2019,EXIOBASE v3.7 IOT_2016_ixi
IRL,Ireland,Europe,"Electrical, electronic and measuring equipment",climate_change,kt CO2eq,0.0957542122248936,2019,EXIOBASE v3.7 IOT_2016_ixi
RoW Asia and Pacific,RoW Asia and Pacific,Asia and Pacific,Minerals and Metals,blue_water_consumption,Mm3,0.09542586548237292,2019,EXIOBASE v3.7 IOT_2016_ixi
PRT,Portugal,Europe,Waste management and disposal,waste_generation,kt,0.09530809629304257,2019,EXIOBASE v3.7 IOT_2016_ixi
GBR,United Kingdom,Europe,Food and catering,waste_generation,kt,0.09473227719956588,2019,EXIOBASE v3.7 IOT_2016_ixi
IRL,Ireland,Europe,Non-metallic mineral products,climate_change,kt CO2eq,0.09471397897351863,2019,EXIOBASE v3.7 IOT_2016_ixi
BEL,Belgium,Europe,Paper Products,climate_change,kt CO2eq,0.09454621321995296,2019,EXIOBASE v3.7 IOT_2016_ixi
CAN,Canada,America,Coal and Petroleum,waste_generation,kt,0.0935807660146733,2019,EXIOBASE v3.7 IOT_2016_ixi
GRC,Greece,Europe,Minerals and Metals,climate_change,kt CO2eq,0.09323963625829378,2019,EXIOBASE v3.7 IOT_2016_ixi
RoW Europe,RoW Europe,Europe,Construction,climate_change,kt CO2eq,0.09314562544015116,2019,EXIOBASE v3.7 IOT_2016_ixi
CZE,Czech Republic,Europe,Textile,climate_change,kt CO2eq,0.09303153258286062,2019,EXIOBASE v3.7 IOT_2016_ixi
RUS,Russia,Europe,Coal and Petroleum,material_extraction,kt,0.09222398291492506,2019,EXIOBASE v3.7 IOT_2016_ixi
CHE,Switzerland,Europe,Electricity,waste_generation,kt,0.09141003232542144,2019,EXIOBASE v3.7 IOT_2016_ixi
HRV,Croatia,Europe,Chemical,climate_change,kt CO2eq,0.09131653798103688,2019,EXIOBASE v3.7 IOT_2016_ixi
CHE,Switzerland,Europe,Services,waste_generation,kt,0.09107100044869933,2019,EXIOBASE v3.7 IOT_2016_ixi
IND,India,Asia and Pacific,"Steam, hot water supply and water distribution",climate_change,kt CO2eq,0.09065733592607267,2019,EXIOBASE v3.7 IOT_2016_ixi
SVK,Slovakia,Europe,Furniture and timber,land_use,km2,0.09027100999611525,2019,EXIOBASE v3.7 IOT_2016_ixi
IND,India,Asia and Pacific,Construction,climate_change,kt CO2eq,0.08965565549758314,2019,EXIOBASE v3.7 IOT_2016_ixi
CHE,Switzerland,Europe,Metal Products,climate_change,kt CO2eq,0.0894700628190554,2019,EXIOBASE v3.7 IOT_2016_ixi
CHN,China,Asia and Pacific,General and special Machinery,blue_water_consumption,Mm3,0.08942189831861233,2019,EXIOBASE v3.7 IOT_2016_ixi
ROU,Romania,Europe,Minerals and Metals,climate_change,kt CO2eq,0.08908051566518996,2019,EXIOBASE v3.7 IOT_2016_ixi
RoW Asia and Pacific,RoW Asia and Pacific,Asia and Pacific,"Electrical, electronic and measuring equipment",material_extraction,kt,0.0890155863325989,2019,EXIOBASE v3.7 IOT_2016_ixi
RoW Europe,RoW Europe,Europe,Coal and Petroleum,land_use,km2,0.08868526142779207,2019,EXIOBASE v3.7 IOT_2016_ixi
FRA,France,Europe,Paper Products,waste_generation,kt,0.08800785750154841,2019,EXIOBASE v3.7 IOT_2016_ixi
AUT,Austria,Europe,Chemical,waste_generation,kt,0.08796722538574721,2019,EXIOBASE v3.7 IOT_2016_ixi
MEX,Mexico,America,Food and catering,waste_generation,kt,0.08768548893328025,2019,EXIOBASE v3.7 IOT_2016_ixi
FIN,Finland,Europe,Chemical,waste_generation,kt,0.08704168677052733,2019,EXIOBASE v3.7 IOT_2016_ixi
RoW Middle East,RoW Middle East,Middle East,Transport,waste_generation,kt,0.08690919734424385,2019,EXIOBASE v3.7 IOT_2016_ixi
CAN,Canada,America,Furniture and timber,climate_change,kt CO2eq,0.08683790509249005,2019,EXIOBASE v3.7 IOT_2016_ixi
NOR,Norway,Europe,"Steam, hot water supply and water distribution",climate_change,kt CO2eq,0.08661866632515898,2019,EXIOBASE v3.7 IOT_2016_ixi
HUN,Hungary,Europe,Furniture and timber,land_use,km2,0.0863970733534819,2019,EXIOBASE v3.7 IOT_2016_ixi
SWE,Sweden,Europe,Chemical,waste_generation,kt,0.0863247057655576,2019,EXIOBASE v3.7 IOT_2016_ixi
ITA,Italy,Europe,Paper Products,waste_generation,kt,0.08610700888456405,2019,EXIOBASE v3.7 IOT_2016_ixi
HRV,Croatia,Europe,Non-metallic mineral products,material_extraction,kt,0.08601917697223235,2019,EXIOBASE v3.7 IOT_2016_ixi
HUN,Hungary,Europe,Natural gas and gaseous fuels,climate_change,kt CO2eq,0.08569505990036938,2019,EXIOBASE v3.7 IOT_2016_ixi
GBR,United Kingdom,Europe,Metal Products,waste_generation,kt,0.08556893563283824,2019,EXIOBASE v3.7 IOT_2016_ixi
SWE,Sweden,Europe,Furniture and timber,climate_change,kt CO2eq,0.08551036819522151,2019,EXIOBASE v3.7 IOT_2016_ixi
NLD,Netherlands,Europe,Services,waste_generation,kt,0.08530716321401349,2019,EXIOBASE v3.7 IOT_2016_ixi
HUN,Hungary,Europe,Electricity,waste_generation,kt,0.08515462407933212,2019,EXIOBASE v3.7 IOT_2016_ixi
POL,Poland,Europe,Chemical,blue_water_consumption,Mm3,0.08507534621740176,2019,EXIOBASE v3.7 IOT_2016_ixi
RoW Europe,RoW Europe,Europe,Chemical,land_use,km2,0.08504031219428422,2019,EXIOBASE v3.7 IOT_2016_ixi
ZAF,South Africa,Africa,Furniture and timber,climate_change,kt CO2eq,0.08467743921315254,2019,EXIOBASE v3.7 IOT_2016_ixi
BEL,Belgium,Europe,Textile,climate_change,kt CO2eq,0.08405495208050784,2019,EXIOBASE v3.7 IOT_2016_ixi
GRC,Greece,Europe,Chemical,climate_change,kt CO2eq,0.08391658483849761,2019,EXIOBASE v3.7 IOT_2016_ixi
SVK,Slovakia,Europe,Coal and Petroleum,waste_generation,kt,0.08371751836395613,2019,EXIOBASE v3.7 IOT_2016_ixi
ITA,Italy,Europe,Services,land_use,km2,0.08356525178135353,2019,EXIOBASE v3.7 IOT_2016_ixi
ITA,Italy,Europe,"Electrical, electronic and measuring equipment",climate_change,kt CO2eq,0.08332022592871693,2019,EXIOBASE v3.7 IOT_2016_ixi
BEL,Belgium,Europe,Services,waste_generation,kt,0.08261053442673011,2019,EXIOBASE v3.7 IOT_2016_ixi
RoW Africa,RoW Africa,Africa,"Electrical, electronic and measuring equipment",waste_generation,kt,0.0822328562931818,2019,EXIOBASE v3.7 IOT_2016_ixi
NLD,Netherlands,Europe,Electricity,waste_generation,kt,0.08190743032366507,2019,EXIOBASE v3.7 IOT_2016_ixi
NLD,Netherlands,Europe,Food and catering,blue_water_consumption,Mm3,0.0817628535926213,2019,EXIOBASE v3.7 IOT_2016_ixi
RoW Middle East,RoW Middle East,Middle East,Minerals and Metals,blue_water_consumption,Mm3,0.0816144802556583,2019,EXIOBASE v3.7 IOT_2016_ixi
LUX,Luxembourg,Europe,"Steam, hot water supply and water distribution",climate_change,kt CO2eq,0.0810124685708978,2019,EXIOBASE v3.7 IOT_2016_ixi
IRL,Ireland,Europe,Non-metallic mineral products,material_extraction,kt,0.08081762074595966,2019,EXIOBASE v3.7 IOT_2016_ixi
ITA,Italy,Europe,Services,waste_generation,kt,0.08076085171054335,2019,EXIOBASE v3.7 IOT_2016_ixi
RoW Africa,RoW Africa,Africa,Furniture and timber,climate_change,kt CO2eq,0.08071969250973282,2019,EXIOBASE v3.7 IOT_2016_ixi
BEL,Belgium,Europe,Services,material_extraction,kt,0.08066967768112296,2019,EXIOBASE v3.7 IOT_2016_ixi
BEL,Belgium,Europe,Chemical,waste_generation,kt,0.08048409178580072,2019,EXIOBASE v3.7 IOT_2016_ixi
DEU,Germany,Europe,Furniture and timber,climate_change,kt CO2eq,0.08005334407455783,2019,EXIOBASE v3.7 IOT_2016_ixi
LVA,Latvia,Europe,Food and catering,waste_generation,kt,0.07955844237639638,2019,EXIOBASE v3.7 IOT_2016_ixi
LUX,Luxembourg,Europe,Food and catering,waste_generation,kt,0.07878244837459825,2019,EXIOBASE v3.7 IOT_2016_ixi
GBR,United Kingdom,Europe,Coal and Petroleum,waste_generation,kt,0.07856671200713171,2019,EXIOBASE v3.7 IOT_2016_ixi
RoW America,RoW America,America,Construction,material_extraction,kt,0.07840240423472634,2019,EXIOBASE v3.7 IOT_2016_ixi
MEX,Mexico,America,Minerals and Metals,climate_change,kt CO2eq,0.07831190195148142,2019,EXIOBASE v3.7 IOT_2016_ixi
BEL,Belgium,Europe,Waste management and disposal,land_use,km2,0.07824229860095579,2019,EXIOBASE v3.7 IOT_2016_ixi
IDN,Indonesia,Asia and Pacific,Paper Products,waste_generation,kt,0.07818896348890877,2019,EXIOBASE v3.7 IOT_2016_ixi
POL,Poland,Europe,Services,waste_generation,kt,0.07785803024993945,2019,EXIOBASE v3.7 IOT_2016_ixi
RoW Asia and Pacific,RoW Asia and Pacific,Asia and Pacific,Minerals and Metals,waste_generation,kt,0.07783417952026715,2019,EXIOBASE v3.7 IOT_2016_ixi
DEU,Germany,Europe,Transport Equipment,climate_change,kt CO2eq,0.07778789364057387,2019,EXIOBASE v3.7 IOT_2016_ixi
ITA,Italy,Europe,Chemical,waste_generation,kt,0.07747801781128659,2019,EXIOBASE v3.7 IOT_2016_ixi
DEU,Germany,Europe,Electricity,blue_water_consumption,Mm3,0.07731126436292625,2019,EXIOBASE v3.7 IOT_2016_ixi
AUS,Australia,Asia and Pacific,Paper Products,climate_change,kt CO2eq,0.07707914445241504,2019,EXIOBASE v3.7 IOT_2016_ixi
ZAF,South Africa,Africa,Textile,climate_change,kt CO2eq,0.07676057623859361,2019,EXIOBASE v3.7 IOT_2016_ixi
AUS,Australia,Asia and Pacific,Coal and Petroleum,waste_generation,kt,0.07639795457631245,2019,EXIOBASE v3.7 IOT_2016_ixi
LUX,Luxembourg,Europe,Waste management and disposal,waste_generation,kt,0.07603129212319558,2019,EXIOBASE v3.7 IOT_2016_ixi
RoW America,RoW America,America,Construction,land_use,km2,0.0759949530241721,2019,EXIOBASE v3.7 IOT_2016_ixi
CAN,Canada,America,Electricity,land_use,km2,0.07595651227749399,2019,EXIOBASE v3.7 IOT_2016_ixi
PRT,Portugal,Europe,Paper Products,waste_generation,kt,0.07590422444628216,2019,EXIOBASE v3.7 IOT_2016_ixi
SVK,Slovakia,Europe,Services,waste_generation,kt,0.07473825873061568,2019,EXIOBASE v3.7 IOT_2016_ixi
ZAF,South Africa,Africa,Furniture and timber,waste_generation,kt,0.07461246107076219,2019,EXIOBASE v3.7 IOT_2016_ixi
RoW America,RoW America,America,Metal Products,climate_change,kt CO2eq,0.07457599848218907,2019,EXIOBASE v3.7 IOT_2016_ixi
RoW Europe,RoW Europe,Europe,General and special Machinery,land_use,km2,0.07454215853327739,2019,EXIOBASE v3.7 IOT_2016_ixi
SVN,Slovenia,Europe,Food and catering,waste_generation,kt,0.07446215381849859,2019,EXIOBASE v3.7 IOT_2016_ixi
POL,Poland,Europe,Furniture and timber,climate_change,kt CO2eq,0.0744093978200217,2019,EXIOBASE v3.7 IOT_2016_ixi
ITA,Italy,Europe,General and special Machinery,climate_change,kt CO2eq,0.07417203925803528,2019,EXIOBASE v3.7 IOT_2016_ixi
MEX,Mexico,America,Chemical,material_extraction,kt,0.0738148342802134,2019,EXIOBASE v3.7 IOT_2016_ixi
RoW America,RoW America,America,Metal Products,land_use,km2,0.0737927783917682,2019,EXIOBASE v3.7 IOT_2016_ixi
BEL,Belgium,Europe,Furniture and timber,climate_change,kt CO2eq,0.07309177677693948,2019,EXIOBASE v3.7 IOT_2016_ixi
RoW Europe,RoW Europe,Europe,Non-metallic mineral products,land_use,km2,0.0730585346964501,2019,EXIOBASE v3.7 IOT_2016_ixi
IND,India,Asia and Pacific,General and special Machinery,climate_change,kt CO2eq,0.07274774811217832,2019,EXIOBASE v3.7 IOT_2016_ixi
RoW Africa,RoW Africa,Africa,Metal Products,waste_generation,kt,0.07244566624183428,2019,EXIOBASE v3.7 IOT_2016_ixi
CAN,Canada,America,Transport,waste_generation,kt,0.07226023124077022,2019,EXIOBASE v3.7 IOT_2016_ixi
JPN,Japan,Asia and Pacific,Furniture and timber,climate_change,kt CO2eq,0.07178903215526698,2019,EXIOBASE v3.7 IOT_2016_ixi
RoW Asia and Pacific,RoW Asia and Pacific,Asia and Pacific,Services,blue_water_consumption,Mm3,0.07165225284828915,2019,EXIOBASE v3.7 IOT_2016_ixi
TUR,Turkey,Middle East,Textile,land_use,km2,0.07124711762193929,2019,EXIOBASE v3.7 IOT_2016_ixi
PRT,Portugal,Europe,Paper Products,climate_change,kt CO2eq,0.07105221233752201,2019,EXIOBASE v3.7 IOT_2016_ixi
LVA,Latvia,Europe,Metal Products,climate_change,kt CO2eq,0.07085699410610186,2019,EXIOBASE v3.7 IOT_2016_ixi
CHN,China,Asia and Pacific,Minerals and Metals,waste_generation,kt,0.07073059650161524,2019,EXIOBASE v3.7 IOT_2016_ixi
DNK,Denmark,Denmark,Chemical,blue_water_consumption,Mm3,0.07043948212178232,2019,EXIOBASE v3.7 IOT_2016_ixi
RoW Europe,RoW Europe,Europe,Paper Products,material_extraction,kt,0.06965668434446083,2019,EXIOBASE v3.7 IOT_2016_ixi
CAN,Canada,America,Construction,material_extraction,kt,0.06961364972280333,2019,EXIOBASE v3.7 IOT_2016_ixi
IND,India,Asia and Pacific,Metal Products,blue_water_consumption,Mm3,0.06933546531357195,2019,EXIOBASE v3.7 IOT_2016_ixi
RoW Europe,RoW Europe,Europe,Furniture and timber,climate_change,kt CO2eq,0.06932701483635877,2019,EXIOBASE v3.7 IOT_2016_ixi
IND,India,Asia and Pacific,Waste management and disposal,climate_change,kt CO2eq,0.06863280490334464,2019,EXIOBASE v3.7 IOT_2016_ixi
RUS,Russia,Europe,Services,waste_generation,kt,0.06861869257801376,2019,EXIOBASE v3.7 IOT_2016_ixi
TWN,Taiwan,Asia and Pacific,Transport Equipment,climate_change,kt CO2eq,0.06817902872845455,2019,EXIOBASE v3.7 IOT_2016_ixi
ITA,Italy,Europe,Textile,climate_change,kt CO2eq,0.06815991141554427,2019,EXIOBASE v3.7 IOT_2016_ixi
IRL,Ireland,Europe,Food and catering,blue_water_consumption,Mm3,0.0681583741257085,2019,EXIOBASE v3.7 IOT_2016_ixi
TUR,Turkey,Middle East,Paper Products,waste_generation,kt,0.06796119006917212,2019,EXIOBASE v3.7 IOT_2016_ixi
RUS,Russia,Europe,"Steam, hot water supply and water distribution",waste_generation,kt,0.06765120688958372,2019,EXIOBASE v3.7 IOT_2016_ixi
SVK,Slovakia,Europe,"Electrical, electronic and measuring equipment",climate_change,kt CO2eq,0.06750795428792028,2019,EXIOBASE v3.7 IOT_2016_ixi
AUT,Austria,Europe,Metal Products,waste_generation,kt,0.0673757018020559,2019,EXIOBASE v3.7 IOT_2016_ixi
TWN,Taiwan,Asia and Pacific,Textile,climate_change,kt CO2eq,0.06697572639641232,2019,EXIOBASE v3.7 IOT_2016_ixi
ESP,Spain,Europe,Electricity,waste_generation,kt,0.06677935413594205,2019,EXIOBASE v3.7 IOT_2016_ixi
GBR,United Kingdom,Europe,Chemical,waste_generation,kt,0.06667155592452356,2019,EXIOBASE v3.7 IOT_2016_ixi
RoW America,RoW America,America,Paper Products,climate_change,kt CO2eq,0.06658760318982274,2019,EXIOBASE v3.7 IOT_2016_ixi
BEL,Belgium,Europe,Metal Products,waste_generation,kt,0.06644356187611443,2019,EXIOBASE v3.7 IOT_2016_ixi
LTU,Lithuania,Europe,Coal and Petroleum,waste_generation,kt,0.06628582221263131,2019,EXIOBASE v3.7 IOT_2016_ixi
RoW Africa,RoW Africa,Africa,Textile,waste_generation,kt,0.0659420117191555,2019,EXIOBASE v3.7 IOT_2016_ixi
MEX,Mexico,America,Paper Products,climate_change,kt CO2eq,0.06553150610219335,2019,EXIOBASE v3.7 IOT_2016_ixi
RoW Asia and Pacific,RoW Asia and Pacific,Asia and Pacific,Paper Products,waste_generation,kt,0.06524602648336257,2019,EXIOBASE v3.7 IOT_2016_ixi
IDN,Indonesia,Asia and Pacific,Construction,waste_generation,kt,0.0648583482936347,2019,EXIOBASE v3.7 IOT_2016_ixi
TUR,Turkey,Middle East,Paper Products,climate_change,kt CO2eq,0.06485599271682735,2019,EXIOBASE v3.7 IOT_2016_ixi
RoW Asia and Pacific,RoW Asia and Pacific,Asia and Pacific,Natural gas and gaseous fuels,material_extraction,kt,0.06467343544501489,2019,EXIOBASE v3.7 IOT_2016_ixi
HUN,Hungary,Europe,"Electrical, electronic and measuring equipment",climate_change,kt CO2eq,0.06423488262515353,2019,EXIOBASE v3.7 IOT_2016_ixi
BRA,Brazil,America,Chemical,blue_water_consumption,Mm3,0.06343860004332089,2019,EXIOBASE v3.7 IOT_2016_ixi
GBR,United Kingdom,Europe,Services,material_extraction,kt,0.06293322356713146,2019,EXIOBASE v3.7 IOT_2016_ixi
ROU,Romania,Europe,Electricity,waste_generation,kt,0.06274924467020929,2019,EXIOBASE v3.7 IOT_2016_ixi
RoW Asia and Pacific,RoW Asia and Pacific,Asia and Pacific,Non-metallic mineral products,land_use,km2,0.06256174120917857,2019,EXIOBASE v3.7 IOT_2016_ixi
AUS,Australia,Asia and Pacific,Electricity,waste_generation,kt,0.06240949603320643,2019,EXIOBASE v3.7 IOT_2016_ixi
ESP,Spain,Europe,Textile,climate_change,kt CO2eq,0.06227888677004348,2019,EXIOBASE v3.7 IOT_2016_ixi
RoW Middle East,RoW Middle East,Middle East,Waste management and disposal,land_use,km2,0.06177738389833105,2019,EXIOBASE v3.7 IOT_2016_ixi
CHE,Switzerland,Europe,Natural gas and gaseous fuels,climate_change,kt CO2eq,0.06164112744584467,2019,EXIOBASE v3.7 IOT_2016_ixi
RoW Europe,RoW Europe,Europe,Textile,land_use,km2,0.061397534822895734,2019,EXIOBASE v3.7 IOT_2016_ixi
IND,India,Asia and Pacific,Services,waste_generation,kt,0.060645077663527,2019,EXIOBASE v3.7 IOT_2016_ixi
RoW Africa,RoW Africa,Africa,Electricity,waste_generation,kt,0.060640547620285326,2019,EXIOBASE v3.7 IOT_2016_ixi
BEL,Belgium,Europe,Waste management and disposal,material_extraction,kt,0.060514805103152894,2019,EXIOBASE v3.7 IOT_2016_ixi
RoW Asia and Pacific,RoW Asia and Pacific,Asia and Pacific,Non-metallic mineral products,waste_generation,kt,0.0602744459861211,2019,EXIOBASE v3.7 IOT_2016_ixi
DEU,Germany,Europe,Construction,climate_change,kt CO2eq,0.06003263653567799,2019,EXIOBASE v3.7 IOT_2016_ixi
CZE,Czech Republic,Europe,Minerals and Metals,waste_generation,kt,0.05984079402684854,2019,EXIOBASE v3.7 IOT_2016_ixi
FRA,France,Europe,Chemical,waste_generation,kt,0.05937606424322871,2019,EXIOBASE v3.7 IOT_2016_ixi
BEL,Belgium,Europe,Chemical,blue_water_consumption,Mm3,0.058935672773141635,2019,EXIOBASE v3.7 IOT_2016_ixi
CAN,Canada,America,Waste management and disposal,waste_generation,kt,0.05879369502640826,2019,EXIOBASE v3.7 IOT_2016_ixi
KOR,South Korea,Asia and Pacific,Textile,climate_change,kt CO2eq,0.058718383599655345,2019,EXIOBASE v3.7 IOT_2016_ixi
RoW Middle East,RoW Middle East,Middle East,Electricity,land_use,km2,0.05871806889198047,2019,EXIOBASE v3.7 IOT_2016_ixi
LVA,Latvia,Europe,Waste management and disposal,material_extraction,kt,0.05851165348842182,2019,EXIOBASE v3.7 IOT_2016_ixi
MLT,Malta,Europe,Food and catering,waste_generation,kt,0.058488596731006086,2019,EXIOBASE v3.7 IOT_2016_ixi
NLD,Netherlands,Europe,Metal Products,waste_generation,kt,0.05846104773406796,2019,EXIOBASE v3.7 IOT_2016_ixi
CZE,Czech Republic,Europe,Furniture and timber,climate_change,kt CO2eq,0.058093583035067994,2019,EXIOBASE v3.7 IOT_2016_ixi
IND,India,Asia and Pacific,Coal and Petroleum,waste_generation,kt,0.05780623428998796,2019,EXIOBASE v3.7 IOT_2016_ixi
HRV,Croatia,Europe,Food and catering,waste_generation,kt,0.05774073767004642,2019,EXIOBASE v3.7 IOT_2016_ixi
FIN,Finland,Europe,Metal Products,waste_generation,kt,0.05767041735183103,2019,EXIOBASE v3.7 IOT_2016_ixi
PRT,Portugal,Europe,Furniture and timber,waste_generation,kt,0.05765557543141513,2019,EXIOBASE v3.7 IOT_2016_ixi
CZE,Czech Republic,Europe,Transport,waste_generation,kt,0.057643996966276895,2019,EXIOBASE v3.7 IOT_2016_ixi
BRA,Brazil,America,Metal Products,waste_generation,kt,0.05759498660284096,2019,EXIOBASE v3.7 IOT_2016_ixi
DEU,Germany,Europe,Services,waste_generation,kt,0.057594771780100654,2019,EXIOBASE v3.7 IOT_2016_ixi
AUT,Austria,Europe,"Steam, hot water supply and water distribution",waste_generation,kt,0.05743197795353315,2019,EXIOBASE v3.7 IOT_2016_ixi
CZE,Czech Republic,Europe,Construction,land_use,km2,0.05734504962685877,2019,EXIOBASE v3.7 IOT_2016_ixi
DEU,Germany,Europe,Chemical,blue_water_consumption,Mm3,0.057218400483856305,2019,EXIOBASE v3.7 IOT_2016_ixi
GBR,United Kingdom,Europe,Electricity,waste_generation,kt,0.05717660067260602,2019,EXIOBASE v3.7 IOT_2016_ixi
HUN,Hungary,Europe,Furniture and timber,climate_change,kt CO2eq,0.05716787529779889,2019,EXIOBASE v3.7 IOT_2016_ixi
ESP,Spain,Europe,Textile,land_use,km2,0.05715714435336507,2019,EXIOBASE v3.7 IOT_2016_ixi
NOR,Norway,Europe,Metal Products,waste_generation,kt,0.05702772513695693,2019,EXIOBASE v3.7 IOT_2016_ixi
KOR,South Korea,Asia and Pacific,Furniture and timber,climate_change,kt CO2eq,0.056913704542819514,2019,EXIOBASE v3.7 IOT_2016_ixi
LTU,Lithuania,Europe,Non-metallic mineral products,material_extraction,kt,0.05690485681932224,2019,EXIOBASE v3.7 IOT_2016_ixi
POL,Poland,Europe,Services,blue_water_consumption,Mm3,0.05682625453648171,2019,EXIOBASE v3.7 IOT_2016_ixi
CZE,Czech Republic,Europe,"Electrical, electronic and measuring equipment",climate_change,kt CO2eq,0.05647364465066892,2019,EXIOBASE v3.7 IOT_2016_ixi
AUS,Australia,Asia and Pacific,Construction,waste_generation,kt,0.05631484432410395,2019,EXIOBASE v3.7 IOT_2016_ixi
RoW Middle East,RoW Middle East,Middle East,Electricity,blue_water_consumption,Mm3,0.05626232039310685,2019,EXIOBASE v3.7 IOT_2016_ixi
BGR,Bulgaria,Europe,Metal Products,climate_change,kt CO2eq,0.056140068183991094,2019,EXIOBASE v3.7 IOT_2016_ixi
CHE,Switzerland,Europe,Non-metallic mineral products,material_extraction,kt,0.055907562878205155,2019,EXIOBASE v3.7 IOT_2016_ixi
DEU,Germany,Europe,"Electrical, electronic and measuring equipment",waste_generation,kt,0.055898980055265404,2019,EXIOBASE v3.7 IOT_2016_ixi
HUN,Hungary,Europe,Textile,climate_change,kt CO2eq,0.05559433088624622,2019,EXIOBASE v3.7 IOT_2016_ixi
USA,United States,America,"Electrical, electronic and measuring equipment",waste_generation,kt,0.05535491354269504,2019,EXIOBASE v3.7 IOT_2016_ixi
RoW Asia and Pacific,RoW Asia and Pacific,Asia and Pacific,Textile,blue_water_consumption,Mm3,0.05475449879100237,2019,EXIOBASE v3.7 IOT_2016_ixi
SVN,Slovenia,Europe,Electricity,waste_generation,kt,0.054552140112732385,2019,EXIOBASE v3.7 IOT_2016_ixi
SWE,Sweden,Europe,Services,waste_generation,kt,0.05403771819347797,2019,EXIOBASE v3.7 IOT_2016_ixi
HRV,Croatia,Europe,"Electrical, electronic and measuring equipment",climate_change,kt CO2eq,0.053892093558001314,2019,EXIOBASE v3.7 IOT_2016_ixi
TUR,Turkey,Middle East,Furniture and timber,climate_change,kt CO2eq,0.05259671684898363,2019,EXIOBASE v3.7 IOT_2016_ixi
RoW Europe,RoW Europe,Europe,Waste management and disposal,material_extraction,kt,0.05256631492743621,2019,EXIOBASE v3.7 IOT_2016_ixi
LUX,Luxembourg,Europe,Minerals and Metals,climate_change,kt CO2eq,0.05253386748759052,2019,EXIOBASE v3.7 IOT_2016_ixi
AUT,Austria,Europe,Services,waste_generation,kt,0.05221906866520935,2019,EXIOBASE v3.7 IOT_2016_ixi
JPN,Japan,Asia and Pacific,Transport Equipment,climate_change,kt CO2eq,0.052199832752503894,2019,EXIOBASE v3.7 IOT_2016_ixi
RoW Middle East,RoW Middle East,Middle East,Services,blue_water_consumption,Mm3,0.051759886766329546,2019,EXIOBASE v3.7 IOT_2016_ixi
MEX,Mexico,America,"Electrical, electronic and measuring equipment",climate_change,kt CO2eq,0.05142897276282246,2019,EXIOBASE v3.7 IOT_2016_ixi
SVK,Slovakia,Europe,Minerals and Metals,climate_change,kt CO2eq,0.05081595157392872,2019,EXIOBASE v3.7 IOT_2016_ixi
AUS,Australia,Asia and Pacific,Paper Products,waste_generation,kt,0.050616052140992226,2019,EXIOBASE v3.7 IOT_2016_ixi
BRA,Brazil,America,Textile,climate_change,kt CO2eq,0.05056723119447028,2019,EXIOBASE v3.7 IOT_2016_ixi
CHN,China,Asia and Pacific,Transport,waste_generation,kt,0.05052955588040962,2019,EXIOBASE v3.7 IOT_2016_ixi
RoW Europe,RoW Europe,Europe,Metal Products,material_extraction,kt,0.050459314197656015,2019,EXIOBASE v3.7 IOT_2016_ixi
AUT,Austria,Europe,Paper Products,waste_generation,kt,0.050384876266781176,2019,EXIOBASE v3.7 IOT_2016_ixi
IDN,Indonesia,Asia and Pacific,Textile,land_use,km2,0.05025179514457211,2019,EXIOBASE v3.7 IOT_2016_ixi
RoW Africa,RoW Africa,Africa,Services,blue_water_consumption,Mm3,0.05013753993336659,2019,EXIOBASE v3.7 IOT_2016_ixi
ITA,Italy,Europe,Electricity,waste_generation,kt,0.05002330491851858,2019,EXIOBASE v3.7 IOT_2016_ixi
SWE,Sweden,Europe,Furniture and timber,waste_generation,kt,0.0499499419066742,2019,EXIOBASE v3.7 IOT_2016_ixi
PRT,Portugal,Europe,Chemical,climate_change,kt CO2eq,0.04975342326422512,2019,EXIOBASE v3.7 IOT_2016_ixi
CZE,Czech Republic,Europe,Metal Products,waste_generation,kt,0.04971248139345934,2019,EXIOBASE v3.7 IOT_2016_ixi
NOR,Norway,Europe,Chemical,waste_generation,kt,0.049587406432306955,2019,EXIOBASE v3.7 IOT_2016_ixi
BRA,Brazil,America,Non-metallic mineral products,material_extraction,kt,0.049483065265052556,2019,EXIOBASE v3.7 IOT_2016_ixi
EST,Estonia,Europe,Natural gas and gaseous fuels,material_extraction,kt,0.04923822063454209,2019,EXIOBASE v3.7 IOT_2016_ixi
ZAF,South Africa,Africa,Metal Products,waste_generation,kt,0.049205019818868004,2019,EXIOBASE v3.7 IOT_2016_ixi
MEX,Mexico,America,Transport Equipment,climate_change,kt CO2eq,0.04919304587285759,2019,EXIOBASE v3.7 IOT_2016_ixi
SVN,Slovenia,Europe,Chemical,waste_generation,kt,0.04884664882700483,2019,EXIOBASE v3.7 IOT_2016_ixi
SVK,Slovakia,Europe,Metal Products,waste_generation,kt,0.04881854523214257,2019,EXIOBASE v3.7 IOT_2016_ixi
CAN,Canada,America,Metal Products,waste_generation,kt,0.04876568336621652,2019,EXIOBASE v3.7 IOT_2016_ixi
GBR,United Kingdom,Europe,Paper Products,waste_generation,kt,0.04832908431256508,2019,EXIOBASE v3.7 IOT_2016_ixi
ZAF,South Africa,Africa,Natural gas and gaseous fuels,climate_change,kt CO2eq,0.0479557180471397,2019,EXIOBASE v3.7 IOT_2016_ixi
LTU,Lithuania,Europe,Electricity,climate_change,kt CO2eq,0.04777956476211168,2019,EXIOBASE v3.7 IOT_2016_ixi
SVN,Slovenia,Europe,Furniture and timber,land_use,km2,0.04737625726896539,2019,EXIOBASE v3.7 IOT_2016_ixi
GBR,United Kingdom,Europe,Services,waste_generation,kt,0.04731293082317446,2019,EXIOBASE v3.7 IOT_2016_ixi
CHN,China,Asia and Pacific,Textile,blue_water_consumption,Mm3,0.04722870756788639,2019,EXIOBASE v3.7 IOT_2016_ixi
FRA,France,Europe,Furniture and timber,climate_change,kt CO2eq,0.047048027619807434,2019,EXIOBASE v3.7 IOT_2016_ixi
RoW Europe,RoW Europe,Europe,"Electrical, electronic and measuring equipment",climate_change,kt CO2eq,0.04632735848627473,2019,EXIOBASE v3.7 IOT_2016_ixi
RoW Asia and Pacific,RoW Asia and Pacific,Asia and Pacific,Metal Products,blue_water_consumption,Mm3,0.04612696771215812,2019,EXIOBASE v3.7 IOT_2016_ixi
NOR,Norway,Europe,Electricity,climate_change,kt CO2eq,0.04600169031915405,2019,EXIOBASE v3.7 IOT_2016_ixi
CAN,Canada,America,Food and catering,blue_water_consumption,Mm3,0.045631111065703694,2019,EXIOBASE v3.7 IOT_2016_ixi
AUS,Australia,Asia and Pacific,Metal Products,waste_generation,kt,0.045599882953609484,2019,EXIOBASE v3.7 IOT_2016_ixi
RoW Africa,RoW Africa,Africa,Paper Products,land_use,km2,0.04526584222768114,2019,EXIOBASE v3.7 IOT_2016_ixi
IDN,Indonesia,Asia and Pacific,Electricity,climate_change,kt CO2eq,0.045259475315457584,2019,EXIOBASE v3.7 IOT_2016_ixi
RoW Asia and Pacific,RoW Asia and Pacific,Asia and Pacific,"Electrical, electronic and measuring equipment",waste_generation,kt,0.045109626912566675,2019,EXIOBASE v3.7 IOT_2016_ixi
FRA,France,Europe,Transport Equipment,climate_change,kt CO2eq,0.04484663419983114,2019,EXIOBASE v3.7 IOT_2016_ixi
RoW America,RoW America,America,Services,waste_generation,kt,0.04460465387350853,2019,EXIOBASE v3.7 IOT_2016_ixi
DEU,Germany,Europe,Natural gas and gaseous fuels,waste_generation,kt,0.044225929760672404,2019,EXIOBASE v3.7 IOT_2016_ixi
PRT,Portugal,Europe,Metal Products,climate_change,kt CO2eq,0.043720977309275585,2019,EXIOBASE v3.7 IOT_2016_ixi
HRV,Croatia,Europe,Paper Products,climate_change,kt CO2eq,0.04367664611354355,2019,EXIOBASE v3.7 IOT_2016_ixi
RoW America,RoW America,America,Transport Equipment,material_extraction,kt,0.043575949527376784,2019,EXIOBASE v3.7 IOT_2016_ixi
RoW Europe,RoW Europe,Europe,Services,waste_generation,kt,0.043499248469542236,2019,EXIOBASE v3.7 IOT_2016_ixi
KOR,South Korea,Asia and Pacific,"Steam, hot water supply and water distribution",waste_generation,kt,0.04335537181775044,2019,EXIOBASE v3.7 IOT_2016_ixi
CHE,Switzerland,Europe,Coal and Petroleum,waste_generation,kt,0.04315724169136668,2019,EXIOBASE v3.7 IOT_2016_ixi
RoW America,RoW America,America,Natural gas and gaseous fuels,material_extraction,kt,0.04313311729550278,2019,EXIOBASE v3.7 IOT_2016_ixi
RoW America,RoW America,America,General and special Machinery,land_use,km2,0.04283058450843731,2019,EXIOBASE v3.7 IOT_2016_ixi
KOR,South Korea,Asia and Pacific,General and special Machinery,climate_change,kt CO2eq,0.042350657847110534,2019,EXIOBASE v3.7 IOT_2016_ixi
SVK,Slovakia,Europe,Natural gas and gaseous fuels,climate_change,kt CO2eq,0.042202174805234915,2019,EXIOBASE v3.7 IOT_2016_ixi
IND,India,Asia and Pacific,Non-metallic mineral products,waste_generation,kt,0.04184631373698105,2019,EXIOBASE v3.7 IOT_2016_ixi
IRL,Ireland,Europe,Chemical,blue_water_consumption,Mm3,0.04162940214039306,2019,EXIOBASE v3.7 IOT_2016_ixi
RoW America,RoW America,America,Chemical,material_extraction,kt,0.04106612703572422,2019,EXIOBASE v3.7 IOT_2016_ixi
CHE,Switzerland,Europe,Coal and Petroleum,climate_change,kt CO2eq,0.04080655617946347,2019,EXIOBASE v3.7 IOT_2016_ixi
CHN,China,Asia and Pacific,Waste management and disposal,waste_generation,kt,0.04055590745618269,2019,EXIOBASE v3.7 IOT_2016_ixi
HRV,Croatia,Europe,Electricity,waste_generation,kt,0.04044941797561353,2019,EXIOBASE v3.7 IOT_2016_ixi
FIN,Finland,Europe,Metal Products,material_extraction,kt,0.04042438985871922,2019,EXIOBASE v3.7 IOT_2016_ixi
CHE,Switzerland,Europe,Electricity,climate_change,kt CO2eq,0.040422771249484866,2019,EXIOBASE v3.7 IOT_2016_ixi
BEL,Belgium,Europe,Food and catering,blue_water_consumption,Mm3,0.040228820911731654,2019,EXIOBASE v3.7 IOT_2016_ixi
ESP,Spain,Europe,"Electrical, electronic and measuring equipment",climate_change,kt CO2eq,0.039815063504814126,2019,EXIOBASE v3.7 IOT_2016_ixi
EST,Estonia,Europe,Non-metallic mineral products,climate_change,kt CO2eq,0.03966575278966175,2019,EXIOBASE v3.7 IOT_2016_ixi
EST,Estonia,Europe,Paper Products,climate_change,kt CO2eq,0.03966172363506636,2019,EXIOBASE v3.7 IOT_2016_ixi
RoW Africa,RoW Africa,Africa,Non-metallic mineral products,waste_generation,kt,0.0396297991692713,2019,EXIOBASE v3.7 IOT_2016_ixi
RoW Africa,RoW Africa,Africa,Transport Equipment,climate_change,kt CO2eq,0.03959475520245658,2019,EXIOBASE v3.7 IOT_2016_ixi
RoW America,RoW America,America,Coal and Petroleum,waste_generation,kt,0.03956281186423311,2019,EXIOBASE v3.7 IOT_2016_ixi
JPN,Japan,Asia and Pacific,General and special Machinery,climate_change,kt CO2eq,0.0387568154323503,2019,EXIOBASE v3.7 IOT_2016_ixi
IND,India,Asia and Pacific,Electricity,blue_water_consumption,Mm3,0.03839955416804026,2019,EXIOBASE v3.7 IOT_2016_ixi
DNK,Denmark,Denmark,Coal and Petroleum,blue_water_consumption,Mm3,0.03831305602825424,2019,EXIOBASE v3.7 IOT_2016_ixi
SVK,Slovakia,Europe,Paper Products,climate_change,kt CO2eq,0.03828439061674832,2019,EXIOBASE v3.7 IOT_2016_ixi
AUS,Australia,Asia and Pacific,Construction,climate_change,kt CO2eq,0.03824574295761404,2019,EXIOBASE v3.7 IOT_2016_ixi
BGR,Bulgaria,Europe,Textile,climate_change,kt CO2eq,0.03824018572439447,2019,EXIOBASE v3.7 IOT_2016_ixi
HUN,Hungary,Europe,Non-metallic mineral products,material_extraction,kt,0.03821691733898399,2019,EXIOBASE v3.7 IOT_2016_ixi
DEU,Germany,Europe,Coal and Petroleum,waste_generation,kt,0.03809439247195254,2019,EXIOBASE v3.7 IOT_2016_ixi
TUR,Turkey,Middle East,Waste management and disposal,waste_generation,kt,0.03809233572445461,2019,EXIOBASE v3.7 IOT_2016_ixi
LTU,Lithuania,Europe,Food and catering,waste_generation,kt,0.037977008282585205,2019,EXIOBASE v3.7 IOT_2016_ixi
CAN,Canada,America,"Electrical, electronic and measuring equipment",waste_generation,kt,0.03756502470779835,2019,EXIOBASE v3.7 IOT_2016_ixi
HRV,Croatia,Europe,Minerals and Metals,climate_change,kt CO2eq,0.03729430496737711,2019,EXIOBASE v3.7 IOT_2016_ixi
LTU,Lithuania,Europe,Natural gas and gaseous fuels,climate_change,kt CO2eq,0.037036957358618935,2019,EXIOBASE v3.7 IOT_2016_ixi
SVK,Slovakia,Europe,Transport,waste_generation,kt,0.03664014562414947,2019,EXIOBASE v3.7 IOT_2016_ixi
CZE,Czech Republic,Europe,Transport Equipment,climate_change,kt CO2eq,0.03661576280793471,2019,EXIOBASE v3.7 IOT_2016_ixi
JPN,Japan,Asia and Pacific,Non-metallic mineral products,waste_generation,kt,0.03649104626057924,2019,EXIOBASE v3.7 IOT_2016_ixi
MEX,Mexico,America,Services,climate_change,kt CO2eq,0.03634456883908561,2019,EXIOBASE v3.7 IOT_2016_ixi
IND,India,Asia and Pacific,Paper Products,blue_water_consumption,Mm3,0.03634328785186144,2019,EXIOBASE v3.7 IOT_2016_ixi
MEX,Mexico,America,Textile,land_use,km2,0.03633119852067361,2019,EXIOBASE v3.7 IOT_2016_ixi
GRC,Greece,Europe,Electricity,waste_generation,kt,0.03631982994927478,2019,EXIOBASE v3.7 IOT_2016_ixi
LTU,Lithuania,Europe,Minerals and Metals,climate_change,kt CO2eq,0.03598233459054486,2019,EXIOBASE v3.7 IOT_2016_ixi
IRL,Ireland,Europe,Services,waste_generation,kt,0.03557427804280508,2019,EXIOBASE v3.7 IOT_2016_ixi
MEX,Mexico,America,Metal Products,waste_generation,kt,0.03530467597902563,2019,EXIOBASE v3.7 IOT_2016_ixi
USA,United States,America,Electricity,blue_water_consumption,Mm3,0.035182524871872345,2019,EXIOBASE v3.7 IOT_2016_ixi
ITA,Italy,Europe,Services,blue_water_consumption,Mm3,0.03512865690255097,2019,EXIOBASE v3.7 IOT_2016_ixi
BGR,Bulgaria,Europe,Furniture and timber,land_use,km2,0.03486912937500186,2019,EXIOBASE v3.7 IOT_2016_ixi
BEL,Belgium,Europe,Construction,climate_change,kt CO2eq,0.03473086808179457,2019,EXIOBASE v3.7 IOT_2016_ixi
CYP,Cyprus,Middle East,Non-metallic mineral products,climate_change,kt CO2eq,0.03460472899922697,2019,EXIOBASE v3.7 IOT_2016_ixi
CAN,Canada,America,Construction,climate_change,kt CO2eq,0.03424999533509345,2019,EXIOBASE v3.7 IOT_2016_ixi
RoW Asia and Pacific,RoW Asia and Pacific,Asia and Pacific,Paper Products,blue_water_consumption,Mm3,0.0341498807185471,2019,EXIOBASE v3.7 IOT_2016_ixi
LTU,Lithuania,Europe,Chemical,waste_generation,kt,0.03409753841801124,2019,EXIOBASE v3.7 IOT_2016_ixi
IRL,Ireland,Europe,Electricity,waste_generation,kt,0.03396883836991633,2019,EXIOBASE v3.7 IOT_2016_ixi
SVK,Slovakia,Europe,Food and catering,blue_water_consumption,Mm3,0.03384306486749856,2019,EXIOBASE v3.7 IOT_2016_ixi
IRL,Ireland,Europe,Chemical,waste_generation,kt,0.03359862466749246,2019,EXIOBASE v3.7 IOT_2016_ixi
EST,Estonia,Europe,Textile,climate_change,kt CO2eq,0.03358888227977194,2019,EXIOBASE v3.7 IOT_2016_ixi
POL,Poland,Europe,Non-metallic mineral products,waste_generation,kt,0.033588454794451446,2019,EXIOBASE v3.7 IOT_2016_ixi
KOR,South Korea,Asia and Pacific,Paper Products,waste_generation,kt,0.03354231855574124,2019,EXIOBASE v3.7 IOT_2016_ixi
SVK,Slovakia,Europe,Electricity,climate_change,kt CO2eq,0.03352673440401596,2019,EXIOBASE v3.7 IOT_2016_ixi
POL,Poland,Europe,Transport Equipment,climate_change,kt CO2eq,0.03346054222683951,2019,EXIOBASE v3.7 IOT_2016_ixi
ZAF,South Africa,Africa,Paper Products,waste_generation,kt,0.033425406765887206,2019,EXIOBASE v3.7 IOT_2016_ixi
BRA,Brazil,America,Furniture and timber,waste_generation,kt,0.033342367382545174,2019,EXIOBASE v3.7 IOT_2016_ixi
AUT,Austria,Europe,Construction,waste_generation,kt,0.03319840107654681,2019,EXIOBASE v3.7 IOT_2016_ixi
DEU,Germany,Europe,Furniture and timber,waste_generation,kt,0.03310043312707303,2019,EXIOBASE v3.7 IOT_2016_ixi
HUN,Hungary,Europe,Paper Products,waste_generation,kt,0.03304609109593465,2019,EXIOBASE v3.7 IOT_2016_ixi
SVK,Slovakia,Europe,Waste management and disposal,waste_generation,kt,0.03303696285957849,2019,EXIOBASE v3.7 IOT_2016_ixi
DNK,Denmark,Denmark,Metal Products,waste_generation,kt,0.03295447798906531,2019,EXIOBASE v3.7 IOT_2016_ixi
RoW Asia and Pacific,RoW Asia and Pacific,Asia and Pacific,Natural gas and gaseous fuels,waste_generation,kt,0.03278076745559598,2019,EXIOBASE v3.7 IOT_2016_ixi
RoW Asia and Pacific,RoW Asia and Pacific,Asia and Pacific,Coal and Petroleum,land_use,km2,0.032665398343740396,2019,EXIOBASE v3.7 IOT_2016_ixi
ZAF,South Africa,Africa,Natural gas and gaseous fuels,material_extraction,kt,0.03260541485486957,2019,EXIOBASE v3.7 IOT_2016_ixi
TUR,Turkey,Middle East,Chemical,waste_generation,kt,0.032356775508877535,2019,EXIOBASE v3.7 IOT_2016_ixi
RoW America,RoW America,America,Paper Products,waste_generation,kt,0.0322351248388169,2019,EXIOBASE v3.7 IOT_2016_ixi
AUT,Austria,Europe,Construction,climate_change,kt CO2eq,0.03207812263448198,2019,EXIOBASE v3.7 IOT_2016_ixi
RoW Asia and Pacific,RoW Asia and Pacific,Asia and Pacific,Chemical,blue_water_consumption,Mm3,0.032006556466296944,2019,EXIOBASE v3.7 IOT_2016_ixi
SWE,Sweden,Europe,Paper Products,blue_water_consumption,Mm3,0.03200017865865413,2019,EXIOBASE v3.7 IOT_2016_ixi
IND,India,Asia and Pacific,Textile,waste_generation,kt,0.031978833581912454,2019,EXIOBASE v3.7 IOT_2016_ixi
POL,Poland,Europe,Furniture and timber,waste_generation,kt,0.03194461976709504,2019,EXIOBASE v3.7 IOT_2016_ixi
CZE,Czech Republic,Europe,Food and catering,material_extraction,kt,0.03182894775211358,2019,EXIOBASE v3.7 IOT_2016_ixi
RoW America,RoW America,America,Chemical,blue_water_consumption,Mm3,0.031817396362968466,2019,EXIOBASE v3.7 IOT_2016_ixi
ZAF,South Africa,Africa,Electricity,blue_water_consumption,Mm3,0.03170431521350413,2019,EXIOBASE v3.7 IOT_2016_ixi
TUR,Turkey,Middle East,Services,land_use,km2,0.03169933865511664,2019,EXIOBASE v3.7 IOT_2016_ixi
GBR,United Kingdom,Europe,Food and catering,blue_water_consumption,Mm3,0.0316763076133469,2019,EXIOBASE v3.7 IOT_2016_ixi
ROU,Romania,Europe,Metal Products,waste_generation,kt,0.0315680289782617,2019,EXIOBASE v3.7 IOT_2016_ixi
FRA,France,Europe,General and special Machinery,climate_change,kt CO2eq,0.031370091443589355,2019,EXIOBASE v3.7 IOT_2016_ixi
SVN,Slovenia,Europe,Coal and Petroleum,climate_change,kt CO2eq,0.031322175522729784,2019,EXIOBASE v3.7 IOT_2016_ixi
RoW Europe,RoW Europe,Europe,Electricity,material_extraction,kt,0.03132154129970452,2019,EXIOBASE v3.7 IOT_2016_ixi
NLD,Netherlands,Europe,General and special Machinery,climate_change,kt CO2eq,0.03131961485423727,2019,EXIOBASE v3.7 IOT_2016_ixi
SVN,Slovenia,Europe,Non-metallic mineral products,material_extraction,kt,0.03127994891010426,2019,EXIOBASE v3.7 IOT_2016_ixi
HUN,Hungary,Europe,Transport,land_use,km2,0.031269140535611126,2019,EXIOBASE v3.7 IOT_2016_ixi
SWE,Sweden,Europe,"Electrical, electronic and measuring equipment",waste_generation,kt,0.03125472354932095,2019,EXIOBASE v3.7 IOT_2016_ixi
AUT,Austria,Europe,Furniture and timber,climate_change,kt CO2eq,0.03115476964307593,2019,EXIOBASE v3.7 IOT_2016_ixi
IRL,Ireland,Europe,General and special Machinery,climate_change,kt CO2eq,0.030747569600589178,2019,EXIOBASE v3.7 IOT_2016_ixi
CZE,Czech Republic,Europe,Transport,land_use,km2,0.030645503650276015,2019,EXIOBASE v3.7 IOT_2016_ixi
GBR,United Kingdom,Europe,Chemical,blue_water_consumption,Mm3,0.03058087870282584,2019,EXIOBASE v3.7 IOT_2016_ixi
JPN,Japan,Asia and Pacific,Construction,waste_generation,kt,0.03056912389618957,2019,EXIOBASE v3.7 IOT_2016_ixi
ESP,Spain,Europe,Services,blue_water_consumption,Mm3,0.030536206152483796,2019,EXIOBASE v3.7 IOT_2016_ixi
RUS,Russia,Europe,Waste management and disposal,material_extraction,kt,0.030520618490871575,2019,EXIOBASE v3.7 IOT_2016_ixi
SWE,Sweden,Europe,Food and catering,blue_water_consumption,Mm3,0.03046285729099104,2019,EXIOBASE v3.7 IOT_2016_ixi
POL,Poland,Europe,Furniture and timber,material_extraction,kt,0.030452220393121624,2019,EXIOBASE v3.7 IOT_2016_ixi
PRT,Portugal,Europe,Electricity,waste_generation,kt,0.03036144722411799,2019,EXIOBASE v3.7 IOT_2016_ixi
ESP,Spain,Europe,Services,waste_generation,kt,0.030226459113017436,2019,EXIOBASE v3.7 IOT_2016_ixi
DNK,Denmark,Denmark,Paper Products,blue_water_consumption,Mm3,0.030144770298170583,2019,EXIOBASE v3.7 IOT_2016_ixi
BEL,Belgium,Europe,Services,blue_water_consumption,Mm3,0.029962721215006982,2019,EXIOBASE v3.7 IOT_2016_ixi
RoW America,RoW America,America,Services,material_extraction,kt,0.029896865165025863,2019,EXIOBASE v3.7 IOT_2016_ixi
BRA,Brazil,America,Furniture and timber,climate_change,kt CO2eq,0.029740178629682416,2019,EXIOBASE v3.7 IOT_2016_ixi
AUS,Australia,Asia and Pacific,General and special Machinery,climate_change,kt CO2eq,0.02971055544951279,2019,EXIOBASE v3.7 IOT_2016_ixi
TUR,Turkey,Middle East,Non-metallic mineral products,material_extraction,kt,0.02951238119946536,2019,EXIOBASE v3.7 IOT_2016_ixi
RUS,Russia,Europe,General and special Machinery,material_extraction,kt,0.029478844963838072,2019,EXIOBASE v3.7 IOT_2016_ixi
RoW Europe,RoW Europe,Europe,Metal Products,land_use,km2,0.02926903379144502,2019,EXIOBASE v3.7 IOT_2016_ixi
CYP,Cyprus,Middle East,Minerals and Metals,climate_change,kt CO2eq,0.029222629418837208,2019,EXIOBASE v3.7 IOT_2016_ixi
RoW Asia and Pacific,RoW Asia and Pacific,Asia and Pacific,General and special Machinery,material_extraction,kt,0.029131460483371115,2019,EXIOBASE v3.7 IOT_2016_ixi
USA,United States,America,Services,waste_generation,kt,0.02890876109819591,2019,EXIOBASE v3.7 IOT_2016_ixi
POL,Poland,Europe,Transport,waste_generation,kt,0.028908299713487982,2019,EXIOBASE v3.7 IOT_2016_ixi
RUS,Russia,Europe,Paper Products,land_use,km2,0.028733221132279486,2019,EXIOBASE v3.7 IOT_2016_ixi
LTU,Lithuania,Europe,"Steam, hot water supply and water distribution",climate_change,kt CO2eq,0.02871339443666468,2019,EXIOBASE v3.7 IOT_2016_ixi
RoW Europe,RoW Europe,Europe,Natural gas and gaseous fuels,material_extraction,kt,0.02869757244539992,2019,EXIOBASE v3.7 IOT_2016_ixi
IRL,Ireland,Europe,Coal and Petroleum,waste_generation,kt,0.028560893647922376,2019,EXIOBASE v3.7 IOT_2016_ixi
ITA,Italy,Europe,Construction,climate_change,kt CO2eq,0.028499435403657406,2019,EXIOBASE v3.7 IOT_2016_ixi
KOR,South Korea,Asia and Pacific,Food and catering,blue_water_consumption,Mm3,0.028339269388120616,2019,EXIOBASE v3.7 IOT_2016_ixi
EST,Estonia,Europe,Furniture and timber,climate_change,kt CO2eq,0.02825945187959359,2019,EXIOBASE v3.7 IOT_2016_ixi
BGR,Bulgaria,Europe,Waste management and disposal,land_use,km2,0.028083855736173773,2019,EXIOBASE v3.7 IOT_2016_ixi
POL,Poland,Europe,Textile,climate_change,kt CO2eq,0.028020989145744215,2019,EXIOBASE v3.7 IOT_2016_ixi
FRA,France,Europe,Services,land_use,km2,0.027602938776075867,2019,EXIOBASE v3.7 IOT_2016_ixi
LVA,Latvia,Europe,Non-metallic mineral products,material_extraction,kt,0.027511430777190378,2019,EXIOBASE v3.7 IOT_2016_ixi
RoW Africa,RoW Africa,Africa,Coal and Petroleum,land_use,km2,0.027402290504024016,2019,EXIOBASE v3.7 IOT_2016_ixi
RoW Asia and Pacific,RoW Asia and Pacific,Asia and Pacific,Textile,waste_generation,kt,0.0273460448682616,2019,EXIOBASE v3.7 IOT_2016_ixi
TUR,Turkey,Middle East,Transport Equipment,climate_change,kt CO2eq,0.027282816220823604,2019,EXIOBASE v3.7 IOT_2016_ixi
MLT,Malta,Europe,Food and catering,climate_change,kt CO2eq,0.027079496512317027,2019,EXIOBASE v3.7 IOT_2016_ixi
RoW Africa,RoW Africa,Africa,Waste management and disposal,material_extraction,kt,0.02702674756393241,2019,EXIOBASE v3.7 IOT_2016_ixi
SVN,Slovenia,Europe,Construction,material_extraction,kt,0.026984966216025415,2019,EXIOBASE v3.7 IOT_2016_ixi
CHE,Switzerland,Europe,"Electrical, electronic and measuring equipment",climate_change,kt CO2eq,0.026830486435933495,2019,EXIOBASE v3.7 IOT_2016_ixi
DEU,Germany,Europe,Non-metallic mineral products,waste_generation,kt,0.026812718631042096,2019,EXIOBASE v3.7 IOT_2016_ixi
RoW America,RoW America,America,Metal Products,waste_generation,kt,0.0268022519660997,2019,EXIOBASE v3.7 IOT_2016_ixi
FRA,France,Europe,Services,waste_generation,kt,0.026785368197501113,2019,EXIOBASE v3.7 IOT_2016_ixi
IRL,Ireland,Europe,Coal and Petroleum,climate_change,kt CO2eq,0.026690430002275695,2019,EXIOBASE v3.7 IOT_2016_ixi
RoW Middle East,RoW Middle East,Middle East,Transport Equipment,climate_change,kt CO2eq,0.02657576785800205,2019,EXIOBASE v3.7 IOT_2016_ixi
RoW America,RoW America,America,Furniture and timber,waste_generation,kt,0.026560735005097084,2019,EXIOBASE v3.7 IOT_2016_ixi
HUN,Hungary,Europe,Chemical,waste_generation,kt,0.02637009127073042,2019,EXIOBASE v3.7 IOT_2016_ixi
CZE,Czech Republic,Europe,Non-metallic mineral products,waste_generation,kt,0.026286997278597124,2019,EXIOBASE v3.7 IOT_2016_ixi
HUN,Hungary,Europe,Food and catering,blue_water_consumption,Mm3,0.026266301453753863,2019,EXIOBASE v3.7 IOT_2016_ixi
HUN,Hungary,Europe,Metal Products,waste_generation,kt,0.026229408790464537,2019,EXIOBASE v3.7 IOT_2016_ixi
NOR,Norway,Europe,Food and catering,blue_water_consumption,Mm3,0.026075954066524132,2019,EXIOBASE v3.7 IOT_2016_ixi
FRA,France,Europe,Textile,land_use,km2,0.0260604459867106,2019,EXIOBASE v3.7 IOT_2016_ixi
CZE,Czech Republic,Europe,General and special Machinery,climate_change,kt CO2eq,0.026044286044053937,2019,EXIOBASE v3.7 IOT_2016_ixi
RUS,Russia,Europe,Coal and Petroleum,land_use,km2,0.025984159660358018,2019,EXIOBASE v3.7 IOT_2016_ixi
POL,Poland,Europe,General and special Machinery,climate_change,kt CO2eq,0.025854973847273005,2019,EXIOBASE v3.7 IOT_2016_ixi
BEL,Belgium,Europe,Furniture and timber,waste_generation,kt,0.025806463352115675,2019,EXIOBASE v3.7 IOT_2016_ixi
CAN,Canada,America,Textile,land_use,km2,0.025779460041885947,2019,EXIOBASE v3.7 IOT_2016_ixi
SVN,Slovenia,Europe,Construction,waste_generation,kt,0.025488517751798005,2019,EXIOBASE v3.7 IOT_2016_ixi
SVK,Slovakia,Europe,Furniture and timber,climate_change,kt CO2eq,0.02521400554088587,2019,EXIOBASE v3.7 IOT_2016_ixi
LVA,Latvia,Europe,Minerals and Metals,climate_change,kt CO2eq,0.02509739839438053,2019,EXIOBASE v3.7 IOT_2016_ixi
CZE,Czech Republic,Europe,Food and catering,blue_water_consumption,Mm3,0.02482662478858682,2019,EXIOBASE v3.7 IOT_2016_ixi
RoW America,RoW America,America,Waste management and disposal,waste_generation,kt,0.024587217076216413,2019,EXIOBASE v3.7 IOT_2016_ixi
FIN,Finland,Europe,Furniture and timber,land_use,km2,0.02437342829203533,2019,EXIOBASE v3.7 IOT_2016_ixi
NLD,Netherlands,Europe,Construction,material_extraction,kt,0.024135507851490042,2019,EXIOBASE v3.7 IOT_2016_ixi
LVA,Latvia,Europe,Furniture and timber,climate_change,kt CO2eq,0.024110978751280578,2019,EXIOBASE v3.7 IOT_2016_ixi
FIN,Finland,Europe,Non-metallic mineral products,material_extraction,kt,0.024089623189023614,2019,EXIOBASE v3.7 IOT_2016_ixi
LVA,Latvia,Europe,Electricity,climate_change,kt CO2eq,0.02404676394001621,2019,EXIOBASE v3.7 IOT_2016_ixi
AUS,Australia,Asia and Pacific,Services,waste_generation,kt,0.02395516996707927,2019,EXIOBASE v3.7 IOT_2016_ixi
FIN,Finland,Europe,Transport Equipment,climate_change,kt CO2eq,0.023949138632413308,2019,EXIOBASE v3.7 IOT_2016_ixi
RoW Asia and Pacific,RoW Asia and Pacific,Asia and Pacific,Transport Equipment,waste_generation,kt,0.02381391603926278,2019,EXIOBASE v3.7 IOT_2016_ixi
POL,Poland,Europe,Transport Equipment,land_use,km2,0.02378592640837948,2019,EXIOBASE v3.7 IOT_2016_ixi
RoW Africa,RoW Africa,Africa,Paper Products,waste_generation,kt,0.023736161062019163,2019,EXIOBASE v3.7 IOT_2016_ixi
LUX,Luxembourg,Europe,Textile,climate_change,kt CO2eq,0.02366688882505414,2019,EXIOBASE v3.7 IOT_2016_ixi
RoW Middle East,RoW Middle East,Middle East,Minerals and Metals,waste_generation,kt,0.023657236530587,2019,EXIOBASE v3.7 IOT_2016_ixi
ITA,Italy,Europe,Transport,waste_generation,kt,0.02356378419435734,2019,EXIOBASE v3.7 IOT_2016_ixi
SWE,Sweden,Europe,Chemical,blue_water_consumption,Mm3,0.02345025317107082,2019,EXIOBASE v3.7 IOT_2016_ixi
DNK,Denmark,Denmark,"Electrical, electronic and measuring equipment",blue_water_consumption,Mm3,0.02343404723945188,2019,EXIOBASE v3.7 IOT_2016_ixi
RUS,Russia,Europe,Electricity,blue_water_consumption,Mm3,0.023210675184230634,2019,EXIOBASE v3.7 IOT_2016_ixi
SWE,Sweden,Europe,Waste management and disposal,blue_water_consumption,Mm3,0.023125405209787352,2019,EXIOBASE v3.7 IOT_2016_ixi
SVK,Slovakia,Europe,Chemical,waste_generation,kt,0.02307267524060595,2019,EXIOBASE v3.7 IOT_2016_ixi
BGR,Bulgaria,Europe,Paper Products,climate_change,kt CO2eq,0.022965162769050494,2019,EXIOBASE v3.7 IOT_2016_ixi
HRV,Croatia,Europe,Electricity,blue_water_consumption,Mm3,0.022900575096750846,2019,EXIOBASE v3.7 IOT_2016_ixi
RoW Africa,RoW Africa,Africa,Construction,land_use,km2,0.0228496736693173,2019,EXIOBASE v3.7 IOT_2016_ixi
PRT,Portugal,Europe,Chemical,waste_generation,kt,0.022663883600126822,2019,EXIOBASE v3.7 IOT_2016_ixi
HRV,Croatia,Europe,Metal Products,climate_change,kt CO2eq,0.02260429235281182,2019,EXIOBASE v3.7 IOT_2016_ixi
FRA,France,Europe,Construction,waste_generation,kt,0.022583904456384488,2019,EXIOBASE v3.7 IOT_2016_ixi
CZE,Czech Republic,Europe,Coal and Petroleum,material_extraction,kt,0.02254226365718112,2019,EXIOBASE v3.7 IOT_2016_ixi
CZE,Czech Republic,Europe,Furniture and timber,waste_generation,kt,0.022334403246681008,2019,EXIOBASE v3.7 IOT_2016_ixi
CHE,Switzerland,Europe,Metal Products,waste_generation,kt,0.022279065202838053,2019,EXIOBASE v3.7 IOT_2016_ixi
ROU,Romania,Europe,Construction,climate_change,kt CO2eq,0.022250041786047413,2019,EXIOBASE v3.7 IOT_2016_ixi
CAN,Canada,America,"Electrical, electronic and measuring equipment",climate_change,kt CO2eq,0.022053716122125436,2019,EXIOBASE v3.7 IOT_2016_ixi
NLD,Netherlands,Europe,Non-metallic mineral products,material_extraction,kt,0.022037144208788533,2019,EXIOBASE v3.7 IOT_2016_ixi
RoW Europe,RoW Europe,Europe,Chemical,blue_water_consumption,Mm3,0.02196370805179038,2019,EXIOBASE v3.7 IOT_2016_ixi
PRT,Portugal,Europe,Services,material_extraction,kt,0.021949286149137003,2019,EXIOBASE v3.7 IOT_2016_ixi
NLD,Netherlands,Europe,Furniture and timber,climate_change,kt CO2eq,0.021947560609232475,2019,EXIOBASE v3.7 IOT_2016_ixi
RoW America,RoW America,America,Electricity,land_use,km2,0.02191399523050676,2019,EXIOBASE v3.7 IOT_2016_ixi
SVN,Slovenia,Europe,Waste management and disposal,waste_generation,kt,0.02184502873076147,2019,EXIOBASE v3.7 IOT_2016_ixi
DNK,Denmark,Denmark,General and special Machinery,waste_generation,kt,0.021814117337854554,2019,EXIOBASE v3.7 IOT_2016_ixi
POL,Poland,Europe,"Electrical, electronic and measuring equipment",waste_generation,kt,0.021799062001729687,2019,EXIOBASE v3.7 IOT_2016_ixi
MLT,Malta,Europe,Minerals and Metals,climate_change,kt CO2eq,0.0217308871596843,2019,EXIOBASE v3.7 IOT_2016_ixi
IND,India,Asia and Pacific,Paper Products,waste_generation,kt,0.02167618277267123,2019,EXIOBASE v3.7 IOT_2016_ixi
RoW Europe,RoW Europe,Europe,"Steam, hot water supply and water distribution",material_extraction,kt,0.021515395057065224,2019,EXIOBASE v3.7 IOT_2016_ixi
NOR,Norway,Europe,Furniture and timber,waste_generation,kt,0.021451649930115176,2019,EXIOBASE v3.7 IOT_2016_ixi
IDN,Indonesia,Asia and Pacific,"Electrical, electronic and measuring equipment",climate_change,kt CO2eq,0.021206423459541213,2019,EXIOBASE v3.7 IOT_2016_ixi
DEU,Germany,Europe,Paper Products,blue_water_consumption,Mm3,0.02118276656190137,2019,EXIOBASE v3.7 IOT_2016_ixi
RoW Europe,RoW Europe,Europe,Electricity,blue_water_consumption,Mm3,0.021093828461290813,2019,EXIOBASE v3.7 IOT_2016_ixi
HUN,Hungary,Europe,Waste management and disposal,material_extraction,kt,0.02100845429596014,2019,EXIOBASE v3.7 IOT_2016_ixi
RoW Middle East,RoW Middle East,Middle East,"Electrical, electronic and measuring equipment",waste_generation,kt,0.020992305438099497,2019,EXIOBASE v3.7 IOT_2016_ixi
ROU,Romania,Europe,"Steam, hot water supply and water distribution",waste_generation,kt,0.020944026931625687,2019,EXIOBASE v3.7 IOT_2016_ixi
HUN,Hungary,Europe,Transport Equipment,climate_change,kt CO2eq,0.020891665250965825,2019,EXIOBASE v3.7 IOT_2016_ixi
PRT,Portugal,Europe,Textile,climate_change,kt CO2eq,0.020879154607735248,2019,EXIOBASE v3.7 IOT_2016_ixi
IND,India,Asia and Pacific,Transport,waste_generation,kt,0.020799741517578848,2019,EXIOBASE v3.7 IOT_2016_ixi
RUS,Russia,Europe,Transport,waste_generation,kt,0.020752838793384343,2019,EXIOBASE v3.7 IOT_2016_ixi
SVN,Slovenia,Europe,Electricity,climate_change,kt CO2eq,0.020744842648725663,2019,EXIOBASE v3.7 IOT_2016_ixi
RoW America,RoW America,America,Transport,waste_generation,kt,0.020728437273604863,2019,EXIOBASE v3.7 IOT_2016_ixi
BGR,Bulgaria,Europe,Waste management and disposal,waste_generation,kt,0.02069810589127364,2019,EXIOBASE v3.7 IOT_2016_ixi
CZE,Czech Republic,Europe,Services,material_extraction,kt,0.0206835594790634,2019,EXIOBASE v3.7 IOT_2016_ixi
NOR,Norway,Europe,Metal Products,blue_water_consumption,Mm3,0.020582566885114173,2019,EXIOBASE v3.7 IOT_2016_ixi
CHE,Switzerland,Europe,Waste management and disposal,land_use,km2,0.020505271388603048,2019,EXIOBASE v3.7 IOT_2016_ixi
LVA,Latvia,Europe,Waste management and disposal,land_use,km2,0.02049101092110797,2019,EXIOBASE v3.7 IOT_2016_ixi
RoW Asia and Pacific,RoW Asia and Pacific,Asia and Pacific,Textile,material_extraction,kt,0.020468930193284537,2019,EXIOBASE v3.7 IOT_2016_ixi
RoW Europe,RoW Europe,Europe,Natural gas and gaseous fuels,land_use,km2,0.020419918521053453,2019,EXIOBASE v3.7 IOT_2016_ixi
RoW Middle East,RoW Middle East,Middle East,Coal and Petroleum,waste_generation,kt,0.020401517483345975,2019,EXIOBASE v3.7 IOT_2016_ixi
NOR,Norway,Europe,Paper Products,climate_change,kt CO2eq,0.020322887228419136,2019,EXIOBASE v3.7 IOT_2016_ixi
RoW Europe,RoW Europe,Europe,"Electrical, electronic and measuring equipment",material_extraction,kt,0.020312298129907404,2019,EXIOBASE v3.7 IOT_2016_ixi
RUS,Russia,Europe,Construction,waste_generation,kt,0.02024115150242365,2019,EXIOBASE v3.7 IOT_2016_ixi
LTU,Lithuania,Europe,Metal Products,climate_change,kt CO2eq,0.02023808975402957,2019,EXIOBASE v3.7 IOT_2016_ixi
EST,Estonia,Europe,Chemical,climate_change,kt CO2eq,0.020108143779310986,2019,EXIOBASE v3.7 IOT_2016_ixi
RoW Africa,RoW Africa,Africa,Paper Products,climate_change,kt CO2eq,0.02004889473520149,2019,EXIOBASE v3.7 IOT_2016_ixi
POL,Poland,Europe,Electricity,material_extraction,kt,0.02001079303723513,2019,EXIOBASE v3.7 IOT_2016_ixi
HRV,Croatia,Europe,Waste management and disposal,material_extraction,kt,0.020001589480749198,2019,EXIOBASE v3.7 IOT_2016_ixi
RUS,Russia,Europe,Paper Products,material_extraction,kt,0.019985537582194006,2019,EXIOBASE v3.7 IOT_2016_ixi
NOR,Norway,Europe,Paper Products,blue_water_consumption,Mm3,0.01990990661419891,2019,EXIOBASE v3.7 IOT_2016_ixi
RoW Asia and Pacific,RoW Asia and Pacific,Asia and Pacific,Furniture and timber,blue_water_consumption,Mm3,0.01983578583703753,2019,EXIOBASE v3.7 IOT_2016_ixi
POL,Poland,Europe,Construction,climate_change,kt CO2eq,0.019831775235432173,2019,EXIOBASE v3.7 IOT_2016_ixi
USA,United States,America,Construction,climate_change,kt CO2eq,0.01973983735974011,2019,EXIOBASE v3.7 IOT_2016_ixi
RoW America,RoW America,America,Minerals and Metals,blue_water_consumption,Mm3,0.01966496387170707,2019,EXIOBASE v3.7 IOT_2016_ixi
LVA,Latvia,Europe,Chemical,climate_change,kt CO2eq,0.01957302491010519,2019,EXIOBASE v3.7 IOT_2016_ixi
RoW Middle East,RoW Middle East,Middle East,Chemical,land_use,km2,0.019528639339944098,2019,EXIOBASE v3.7 IOT_2016_ixi
BEL,Belgium,Europe,Metal Products,blue_water_consumption,Mm3,0.019439866427652535,2019,EXIOBASE v3.7 IOT_2016_ixi
JPN,Japan,Asia and Pacific,"Steam, hot water supply and water distribution",climate_change,kt CO2eq,0.01935790077594836,2019,EXIOBASE v3.7 IOT_2016_ixi
JPN,Japan,Asia and Pacific,Food and catering,waste_generation,kt,0.01931206962317941,2019,EXIOBASE v3.7 IOT_2016_ixi
CHE,Switzerland,Europe,Construction,climate_change,kt CO2eq,0.019163857363586143,2019,EXIOBASE v3.7 IOT_2016_ixi
RUS,Russia,Europe,Chemical,land_use,km2,0.019135912499844112,2019,EXIOBASE v3.7 IOT_2016_ixi
GRC,Greece,Europe,Metal Products,waste_generation,kt,0.01883901007269574,2019,EXIOBASE v3.7 IOT_2016_ixi
RoW Asia and Pacific,RoW Asia and Pacific,Asia and Pacific,"Steam, hot water supply and water distribution",land_use,km2,0.01880249963984065,2019,EXIOBASE v3.7 IOT_2016_ixi
RoW Europe,RoW Europe,Europe,Transport,waste_generation,kt,0.018772402454636326,2019,EXIOBASE v3.7 IOT_2016_ixi
IDN,Indonesia,Asia and Pacific,Services,waste_generation,kt,0.01872661873190776,2019,EXIOBASE v3.7 IOT_2016_ixi
LTU,Lithuania,Europe,Construction,climate_change,kt CO2eq,0.018631294494112147,2019,EXIOBASE v3.7 IOT_2016_ixi
RUS,Russia,Europe,Metal Products,blue_water_consumption,Mm3,0.01860326773097294,2019,EXIOBASE v3.7 IOT_2016_ixi
CHE,Switzerland,Europe,Electricity,blue_water_consumption,Mm3,0.01855342454920338,2019,EXIOBASE v3.7 IOT_2016_ixi
PRT,Portugal,Europe,"Steam, hot water supply and water distribution",climate_change,kt CO2eq,0.018542245937807428,2019,EXIOBASE v3.7 IOT_2016_ixi
RoW Europe,RoW Europe,Europe,General and special Machinery,climate_change,kt CO2eq,0.018428563668356827,2019,EXIOBASE v3.7 IOT_2016_ixi
CHN,China,Asia and Pacific,Transport Equipment,waste_generation,kt,0.018422395540892433,2019,EXIOBASE v3.7 IOT_2016_ixi
IRL,Ireland,Europe,Furniture and timber,climate_change,kt CO2eq,0.018400836241266177,2019,EXIOBASE v3.7 IOT_2016_ixi
LVA,Latvia,Europe,Metal Products,waste_generation,kt,0.018372878319866424,2019,EXIOBASE v3.7 IOT_2016_ixi
RoW Europe,RoW Europe,Europe,"Electrical, electronic and measuring equipment",waste_generation,kt,0.018358995930905987,2019,EXIOBASE v3.7 IOT_2016_ixi
MLT,Malta,Europe,Construction,waste_generation,kt,0.01831107633364851,2019,EXIOBASE v3.7 IOT_2016_ixi
NOR,Norway,Europe,Chemical,material_extraction,kt,0.0183027662861618,2019,EXIOBASE v3.7 IOT_2016_ixi
RoW Africa,RoW Africa,Africa,Textile,blue_water_consumption,Mm3,0.018282485577239844,2019,EXIOBASE v3.7 IOT_2016_ixi
NOR,Norway,Europe,General and special Machinery,waste_generation,kt,0.018259744279972782,2019,EXIOBASE v3.7 IOT_2016_ixi
SWE,Sweden,Europe,Metal Products,blue_water_consumption,Mm3,0.018207503398401555,2019,EXIOBASE v3.7 IOT_2016_ixi
RoW Africa,RoW Africa,Africa,"Steam, hot water supply and water distribution",climate_change,kt CO2eq,0.01793604270146852,2019,EXIOBASE v3.7 IOT_2016_ixi
DEU,Germany,Europe,Metal Products,blue_water_consumption,Mm3,0.017688808841702004,2019,EXIOBASE v3.7 IOT_2016_ixi
LTU,Lithuania,Europe,Paper Products,climate_change,kt CO2eq,0.017648987384843953,2019,EXIOBASE v3.7 IOT_2016_ixi
BGR,Bulgaria,Europe,Electricity,waste_generation,kt,0.01762912182011115,2019,EXIOBASE v3.7 IOT_2016_ixi
BEL,Belgium,Europe,"Steam, hot water supply and water distribution",waste_generation,kt,0.017604759132006927,2019,EXIOBASE v3.7 IOT_2016_ixi
RoW America,RoW America,America,Coal and Petroleum,land_use,km2,0.01747786048268018,2019,EXIOBASE v3.7 IOT_2016_ixi
SVK,Slovakia,Europe,"Electrical, electronic and measuring equipment",waste_generation,kt,0.017380991553791317,2019,EXIOBASE v3.7 IOT_2016_ixi
EST,Estonia,Europe,Coal and Petroleum,material_extraction,kt,0.017304868617287587,2019,EXIOBASE v3.7 IOT_2016_ixi
BGR,Bulgaria,Europe,Chemical,land_use,km2,0.017278282208022164,2019,EXIOBASE v3.7 IOT_2016_ixi
GBR,United Kingdom,Europe,"Electrical, electronic and measuring equipment",waste_generation,kt,0.01721765299612146,2019,EXIOBASE v3.7 IOT_2016_ixi
SVN,Slovenia,Europe,Paper Products,waste_generation,kt,0.017184868005921904,2019,EXIOBASE v3.7 IOT_2016_ixi
BRA,Brazil,America,Textile,blue_water_consumption,Mm3,0.01717159974697293,2019,EXIOBASE v3.7 IOT_2016_ixi
ESP,Spain,Europe,General and special Machinery,climate_change,kt CO2eq,0.017068272113087965,2019,EXIOBASE v3.7 IOT_2016_ixi
HUN,Hungary,Europe,"Electrical, electronic and measuring equipment",waste_generation,kt,0.01704813231040328,2019,EXIOBASE v3.7 IOT_2016_ixi
DEU,Germany,Europe,Textile,waste_generation,kt,0.017039358549891623,2019,EXIOBASE v3.7 IOT_2016_ixi
POL,Poland,Europe,Waste management and disposal,land_use,km2,0.01702112233903981,2019,EXIOBASE v3.7 IOT_2016_ixi
POL,Poland,Europe,Metal Products,land_use,km2,0.01694228112211546,2019,EXIOBASE v3.7 IOT_2016_ixi
CZE,Czech Republic,Europe,Services,blue_water_consumption,Mm3,0.016847819099688348,2019,EXIOBASE v3.7 IOT_2016_ixi
ITA,Italy,Europe,Construction,waste_generation,kt,0.016818926966549512,2019,EXIOBASE v3.7 IOT_2016_ixi
RoW Africa,RoW Africa,Africa,General and special Machinery,waste_generation,kt,0.01679853719423878,2019,EXIOBASE v3.7 IOT_2016_ixi
RoW Africa,RoW Africa,Africa,Furniture and timber,land_use,km2,0.016749293661969422,2019,EXIOBASE v3.7 IOT_2016_ixi
ROU,Romania,Europe,Construction,waste_generation,kt,0.01671330176649136,2019,EXIOBASE v3.7 IOT_2016_ixi
CAN,Canada,America,General and special Machinery,climate_change,kt CO2eq,0.016624482786858855,2019,EXIOBASE v3.7 IOT_2016_ixi
CYP,Cyprus,Middle East,Services,climate_change,kt CO2eq,0.016529219656956202,2019,EXIOBASE v3.7 IOT_2016_ixi
GRC,Greece,Europe,Electricity,blue_water_consumption,Mm3,0.01626929791532571,2019,EXIOBASE v3.7 IOT_2016_ixi
FIN,Finland,Europe,Paper Products,blue_water_consumption,Mm3,0.016262188240432383,2019,EXIOBASE v3.7 IOT_2016_ixi
GBR,United Kingdom,Europe,"Steam, hot water supply and water distribution",climate_change,kt CO2eq,0.0162146415965865,2019,EXIOBASE v3.7 IOT_2016_ixi
RoW Middle East,RoW Middle East,Middle East,Construction,waste_generation,kt,0.0161905044072073,2019,EXIOBASE v3.7 IOT_2016_ixi
LTU,Lithuania,Europe,Services,waste_generation,kt,0.01617118222332937,2019,EXIOBASE v3.7 IOT_2016_ixi
NOR,Norway,Europe,Non-metallic mineral products,material_extraction,kt,0.01609785933996856,2019,EXIOBASE v3.7 IOT_2016_ixi
TWN,Taiwan,Asia and Pacific,General and special Machinery,climate_change,kt CO2eq,0.01595382695892178,2019,EXIOBASE v3.7 IOT_2016_ixi
HUN,Hungary,Europe,Transport,material_extraction,kt,0.0159070463199407,2019,EXIOBASE v3.7 IOT_2016_ixi
BEL,Belgium,Europe,Paper Products,waste_generation,kt,0.015857460386277417,2019,EXIOBASE v3.7 IOT_2016_ixi
JPN,Japan,Asia and Pacific,Coal and Petroleum,waste_generation,kt,0.01584339379312784,2019,EXIOBASE v3.7 IOT_2016_ixi
MEX,Mexico,America,General and special Machinery,climate_change,kt CO2eq,0.01583975084462593,2019,EXIOBASE v3.7 IOT_2016_ixi
POL,Poland,Europe,General and special Machinery,material_extraction,kt,0.01570483153796549,2019,EXIOBASE v3.7 IOT_2016_ixi
NLD,Netherlands,Europe,"Electrical, electronic and measuring equipment",waste_generation,kt,0.01567471303177639,2019,EXIOBASE v3.7 IOT_2016_ixi
NOR,Norway,Europe,Services,waste_generation,kt,0.015644483891859365,2019,EXIOBASE v3.7 IOT_2016_ixi
BGR,Bulgaria,Europe,Services,waste_generation,kt,0.015515478869302166,2019,EXIOBASE v3.7 IOT_2016_ixi
DNK,Denmark,Denmark,Metal Products,blue_water_consumption,Mm3,0.015494290480077156,2019,EXIOBASE v3.7 IOT_2016_ixi
LTU,Lithuania,Europe,Furniture and timber,climate_change,kt CO2eq,0.01547795577302255,2019,EXIOBASE v3.7 IOT_2016_ixi
LTU,Lithuania,Europe,Textile,climate_change,kt CO2eq,0.015422436229610032,2019,EXIOBASE v3.7 IOT_2016_ixi
RoW Middle East,RoW Middle East,Middle East,Non-metallic mineral products,material_extraction,kt,0.015390548250377436,2019,EXIOBASE v3.7 IOT_2016_ixi
HUN,Hungary,Europe,Waste management and disposal,land_use,km2,0.015316641155316037,2019,EXIOBASE v3.7 IOT_2016_ixi
CAN,Canada,America,Coal and Petroleum,material_extraction,kt,0.01530903886728202,2019,EXIOBASE v3.7 IOT_2016_ixi
GBR,United Kingdom,Europe,Textile,land_use,km2,0.0152531143090345,2019,EXIOBASE v3.7 IOT_2016_ixi
IND,India,Asia and Pacific,Furniture and timber,waste_generation,kt,0.015202154245365456,2019,EXIOBASE v3.7 IOT_2016_ixi
KOR,South Korea,Asia and Pacific,Services,waste_generation,kt,0.015028020374860538,2019,EXIOBASE v3.7 IOT_2016_ixi
SVK,Slovakia,Europe,Construction,waste_generation,kt,0.015027709354251895,2019,EXIOBASE v3.7 IOT_2016_ixi
RoW Africa,RoW Africa,Africa,Non-metallic mineral products,land_use,km2,0.015017078388963094,2019,EXIOBASE v3.7 IOT_2016_ixi
IND,India,Asia and Pacific,Construction,waste_generation,kt,0.01498774397879019,2019,EXIOBASE v3.7 IOT_2016_ixi
ROU,Romania,Europe,"Electrical, electronic and measuring equipment",climate_change,kt CO2eq,0.01496961627432935,2019,EXIOBASE v3.7 IOT_2016_ixi
MEX,Mexico,America,Coal and Petroleum,waste_generation,kt,0.014904606476494504,2019,EXIOBASE v3.7 IOT_2016_ixi
AUS,Australia,Asia and Pacific,Transport Equipment,climate_change,kt CO2eq,0.014803093432830794,2019,EXIOBASE v3.7 IOT_2016_ixi
AUT,Austria,Europe,General and special Machinery,climate_change,kt CO2eq,0.014637117315227129,2019,EXIOBASE v3.7 IOT_2016_ixi
KOR,South Korea,Asia and Pacific,"Electrical, electronic and measuring equipment",waste_generation,kt,0.014623576943822507,2019,EXIOBASE v3.7 IOT_2016_ixi
ROU,Romania,Europe,Paper Products,climate_change,kt CO2eq,0.014594862236181373,2019,EXIOBASE v3.7 IOT_2016_ixi
BGR,Bulgaria,Europe,Food and catering,blue_water_consumption,Mm3,0.014512875584848536,2019,EXIOBASE v3.7 IOT_2016_ixi
RUS,Russia,Europe,Metal Products,land_use,km2,0.014509727647439963,2019,EXIOBASE v3.7 IOT_2016_ixi
RoW Europe,RoW Europe,Europe,Construction,waste_generation,kt,0.01442243986140717,2019,EXIOBASE v3.7 IOT_2016_ixi
CHE,Switzerland,Europe,Food and catering,blue_water_consumption,Mm3,0.014406543800786346,2019,EXIOBASE v3.7 IOT_2016_ixi
USA,United States,America,Textile,waste_generation,kt,0.014388243780598345,2019,EXIOBASE v3.7 IOT_2016_ixi
POL,Poland,Europe,Furniture and timber,land_use,km2,0.014382989819773916,2019,EXIOBASE v3.7 IOT_2016_ixi
RoW Asia and Pacific,RoW Asia and Pacific,Asia and Pacific,Furniture and timber,waste_generation,kt,0.014373266746505117,2019,EXIOBASE v3.7 IOT_2016_ixi
SVN,Slovenia,Europe,"Steam, hot water supply and water distribution",waste_generation,kt,0.014339598718522752,2019,EXIOBASE v3.7 IOT_2016_ixi
CHE,Switzerland,Europe,Chemical,blue_water_consumption,Mm3,0.014294946020774506,2019,EXIOBASE v3.7 IOT_2016_ixi
RUS,Russia,Europe,Services,blue_water_consumption,Mm3,0.01424709772683887,2019,EXIOBASE v3.7 IOT_2016_ixi
GBR,United Kingdom,Europe,Minerals and Metals,blue_water_consumption,Mm3,0.014231535590803316,2019,EXIOBASE v3.7 IOT_2016_ixi
AUS,Australia,Asia and Pacific,Furniture and timber,climate_change,kt CO2eq,0.01416776751381408,2019,EXIOBASE v3.7 IOT_2016_ixi
IND,India,Asia and Pacific,"Electrical, electronic and measuring equipment",waste_generation,kt,0.014163725416931063,2019,EXIOBASE v3.7 IOT_2016_ixi
BEL,Belgium,Europe,Electricity,blue_water_consumption,Mm3,0.014143841526378924,2019,EXIOBASE v3.7 IOT_2016_ixi
BGR,Bulgaria,Europe,Chemical,blue_water_consumption,Mm3,0.014097325623997436,2019,EXIOBASE v3.7 IOT_2016_ixi
KOR,South Korea,Asia and Pacific,Waste management and disposal,waste_generation,kt,0.014090889939347949,2019,EXIOBASE v3.7 IOT_2016_ixi
KOR,South Korea,Asia and Pacific,Chemical,blue_water_consumption,Mm3,0.014065906125478688,2019,EXIOBASE v3.7 IOT_2016_ixi
ZAF,South Africa,Africa,Services,waste_generation,kt,0.014032649639143276,2019,EXIOBASE v3.7 IOT_2016_ixi
RoW Middle East,RoW Middle East,Middle East,Paper Products,waste_generation,kt,0.013980021923809706,2019,EXIOBASE v3.7 IOT_2016_ixi
FIN,Finland,Europe,Furniture and timber,climate_change,kt CO2eq,0.013926712175593686,2019,EXIOBASE v3.7 IOT_2016_ixi
HUN,Hungary,Europe,General and special Machinery,climate_change,kt CO2eq,0.01383531359661365,2019,EXIOBASE v3.7 IOT_2016_ixi
PRT,Portugal,Europe,Services,waste_generation,kt,0.013730198528583077,2019,EXIOBASE v3.7 IOT_2016_ixi
CZE,Czech Republic,Europe,Waste management and disposal,material_extraction,kt,0.013625431654170472,2019,EXIOBASE v3.7 IOT_2016_ixi
NLD,Netherlands,Europe,Transport Equipment,climate_change,kt CO2eq,0.013595577197498716,2019,EXIOBASE v3.7 IOT_2016_ixi
ZAF,South Africa,Africa,Transport Equipment,climate_change,kt CO2eq,0.013579194289254673,2019,EXIOBASE v3.7 IOT_2016_ixi
HRV,Croatia,Europe,Metal Products,waste_generation,kt,0.0135376644120051,2019,EXIOBASE v3.7 IOT_2016_ixi
RoW Europe,RoW Europe,Europe,Transport Equipment,climate_change,kt CO2eq,0.013514089013491264,2019,EXIOBASE v3.7 IOT_2016_ixi
CAN,Canada,America,Textile,climate_change,kt CO2eq,0.013396875534501581,2019,EXIOBASE v3.7 IOT_2016_ixi
USA,United States,America,Non-metallic mineral products,waste_generation,kt,0.0133681722487918,2019,EXIOBASE v3.7 IOT_2016_ixi
GRC,Greece,Europe,Paper Products,climate_change,kt CO2eq,0.013365869552266759,2019,EXIOBASE v3.7 IOT_2016_ixi
SVK,Slovakia,Europe,Paper Products,waste_generation,kt,0.013335035941809735,2019,EXIOBASE v3.7 IOT_2016_ixi
BRA,Brazil,America,"Electrical, electronic and measuring equipment",waste_generation,kt,0.013270352363431749,2019,EXIOBASE v3.7 IOT_2016_ixi
NLD,Netherlands,Europe,Chemical,blue_water_consumption,Mm3,0.013269007030416769,2019,EXIOBASE v3.7 IOT_2016_ixi
HUN,Hungary,Europe,Construction,climate_change,kt CO2eq,0.01325807934748822,2019,EXIOBASE v3.7 IOT_2016_ixi
JPN,Japan,Asia and Pacific,Chemical,blue_water_consumption,Mm3,0.013173916589318792,2019,EXIOBASE v3.7 IOT_2016_ixi
ZAF,South Africa,Africa,Construction,climate_change,kt CO2eq,0.01316007811735808,2019,EXIOBASE v3.7 IOT_2016_ixi
MEX,Mexico,America,Electricity,waste_generation,kt,0.013025253473069976,2019,EXIOBASE v3.7 IOT_2016_ixi
ITA,Italy,Europe,Non-metallic mineral products,waste_generation,kt,0.012948204440075224,2019,EXIOBASE v3.7 IOT_2016_ixi
CYP,Cyprus,Middle East,Food and catering,blue_water_consumption,Mm3,0.012883938258574293,2019,EXIOBASE v3.7 IOT_2016_ixi
CAN,Canada,America,Transport Equipment,waste_generation,kt,0.012876427715180758,2019,EXIOBASE v3.7 IOT_2016_ixi
ROU,Romania,Europe,Services,waste_generation,kt,0.012873479646452829,2019,EXIOBASE v3.7 IOT_2016_ixi
CHE,Switzerland,Europe,"Electrical, electronic and measuring equipment",waste_generation,kt,0.012802616393865674,2019,EXIOBASE v3.7 IOT_2016_ixi
TUR,Turkey,Middle East,Metal Products,blue_water_consumption,Mm3,0.012733622352347082,2019,EXIOBASE v3.7 IOT_2016_ixi
SVN,Slovenia,Europe,Furniture and timber,climate_change,kt CO2eq,0.012685315993509399,2019,EXIOBASE v3.7 IOT_2016_ixi
LVA,Latvia,Europe,Services,material_extraction,kt,0.01265905507024056,2019,EXIOBASE v3.7 IOT_2016_ixi
RoW Africa,RoW Africa,Africa,Chemical,material_extraction,kt,0.012652447280614088,2019,EXIOBASE v3.7 IOT_2016_ixi
LTU,Lithuania,Europe,Construction,land_use,km2,0.01265134746004669,2019,EXIOBASE v3.7 IOT_2016_ixi
ZAF,South Africa,Africa,Non-metallic mineral products,waste_generation,kt,0.012647137231776932,2019,EXIOBASE v3.7 IOT_2016_ixi
AUT,Austria,Europe,Textile,climate_change,kt CO2eq,0.012581757535842055,2019,EXIOBASE v3.7 IOT_2016_ixi
FIN,Finland,Europe,Chemical,blue_water_consumption,Mm3,0.012447633918163257,2019,EXIOBASE v3.7 IOT_2016_ixi
BGR,Bulgaria,Europe,Natural gas and gaseous fuels,climate_change,kt CO2eq,0.012412910164506942,2019,EXIOBASE v3.7 IOT_2016_ixi
RoW Middle East,RoW Middle East,Middle East,Furniture and timber,material_extraction,kt,0.012380402954903252,2019,EXIOBASE v3.7 IOT_2016_ixi
SVN,Slovenia,Europe,Metal Products,waste_generation,kt,0.012371535911653058,2019,EXIOBASE v3.7 IOT_2016_ixi
SWE,Sweden,Europe,Transport,waste_generation,kt,0.012347644310314576,2019,EXIOBASE v3.7 IOT_2016_ixi
CHN,China,Asia and Pacific,Furniture and timber,blue_water_consumption,Mm3,0.01234148202088253,2019,EXIOBASE v3.7 IOT_2016_ixi
TUR,Turkey,Middle East,Electricity,waste_generation,kt,0.012340150742109982,2019,EXIOBASE v3.7 IOT_2016_ixi
NLD,Netherlands,Europe,Electricity,blue_water_consumption,Mm3,0.012327432007197095,2019,EXIOBASE v3.7 IOT_2016_ixi
GBR,United Kingdom,Europe,Construction,climate_change,kt CO2eq,0.012318347439280723,2019,EXIOBASE v3.7 IOT_2016_ixi
IDN,Indonesia,Asia and Pacific,"Electrical, electronic and measuring equipment",waste_generation,kt,0.012306001729081353,2019,EXIOBASE v3.7 IOT_2016_ixi
CHN,China,Asia and Pacific,Non-metallic mineral products,blue_water_consumption,Mm3,0.012305627896706918,2019,EXIOBASE v3.7 IOT_2016_ixi
PRT,Portugal,Europe,Textile,land_use,km2,0.012224519438692825,2019,EXIOBASE v3.7 IOT_2016_ixi
EST,Estonia,Europe,Waste management and disposal,waste_generation,kt,0.01220761238269802,2019,EXIOBASE v3.7 IOT_2016_ixi
FIN,Finland,Europe,"Steam, hot water supply and water distribution",waste_generation,kt,0.012164786357420165,2019,EXIOBASE v3.7 IOT_2016_ixi
RoW Africa,RoW Africa,Africa,Metal Products,blue_water_consumption,Mm3,0.012081546816441078,2019,EXIOBASE v3.7 IOT_2016_ixi
SVN,Slovenia,Europe,Services,waste_generation,kt,0.01207589003815634,2019,EXIOBASE v3.7 IOT_2016_ixi
CHN,China,Asia and Pacific,Construction,climate_change,kt CO2eq,0.0120323390951366,2019,EXIOBASE v3.7 IOT_2016_ixi
ROU,Romania,Europe,Coal and Petroleum,waste_generation,kt,0.011900929626458072,2019,EXIOBASE v3.7 IOT_2016_ixi
NLD,Netherlands,Europe,Services,blue_water_consumption,Mm3,0.011859189484337842,2019,EXIOBASE v3.7 IOT_2016_ixi
LVA,Latvia,Europe,Construction,climate_change,kt CO2eq,0.011802140589681116,2019,EXIOBASE v3.7 IOT_2016_ixi
SVK,Slovakia,Europe,Electricity,waste_generation,kt,0.01172825381313295,2019,EXIOBASE v3.7 IOT_2016_ixi
AUT,Austria,Europe,Food and catering,blue_water_consumption,Mm3,0.011697244343737022,2019,EXIOBASE v3.7 IOT_2016_ixi
SVK,Slovakia,Europe,Construction,climate_change,kt CO2eq,0.011657302765985889,2019,EXIOBASE v3.7 IOT_2016_ixi
AUT,Austria,Europe,Chemical,material_extraction,kt,0.011549990341609898,2019,EXIOBASE v3.7 IOT_2016_ixi
TUR,Turkey,Middle East,Coal and Petroleum,waste_generation,kt,0.011520391867645674,2019,EXIOBASE v3.7 IOT_2016_ixi
SWE,Sweden,Europe,General and special Machinery,climate_change,kt CO2eq,0.011432304075349242,2019,EXIOBASE v3.7 IOT_2016_ixi
RUS,Russia,Europe,Chemical,blue_water_consumption,Mm3,0.011419805016653076,2019,EXIOBASE v3.7 IOT_2016_ixi
NLD,Netherlands,Europe,"Steam, hot water supply and water distribution",waste_generation,kt,0.011409287806739643,2019,EXIOBASE v3.7 IOT_2016_ixi
RoW Africa,RoW Africa,Africa,Chemical,land_use,km2,0.011289900066880004,2019,EXIOBASE v3.7 IOT_2016_ixi
GBR,United Kingdom,Europe,Non-metallic mineral products,material_extraction,kt,0.011247023802282971,2019,EXIOBASE v3.7 IOT_2016_ixi
ROU,Romania,Europe,Furniture and timber,climate_change,kt CO2eq,0.011243067328997788,2019,EXIOBASE v3.7 IOT_2016_ixi
CHN,China,Asia and Pacific,Construction,waste_generation,kt,0.01120984629376197,2019,EXIOBASE v3.7 IOT_2016_ixi
USA,United States,America,Furniture and timber,waste_generation,kt,0.011170246599096188,2019,EXIOBASE v3.7 IOT_2016_ixi
MLT,Malta,Europe,Services,waste_generation,kt,0.011153696660284741,2019,EXIOBASE v3.7 IOT_2016_ixi
RoW America,RoW America,America,Minerals and Metals,waste_generation,kt,0.01113638595862921,2019,EXIOBASE v3.7 IOT_2016_ixi
AUT,Austria,Europe,Construction,material_extraction,kt,0.011121890012275999,2019,EXIOBASE v3.7 IOT_2016_ixi
NOR,Norway,Europe,Chemical,blue_water_consumption,Mm3,0.011095141743610171,2019,EXIOBASE v3.7 IOT_2016_ixi
RoW Asia and Pacific,RoW Asia and Pacific,Asia and Pacific,Transport,blue_water_consumption,Mm3,0.011089231153433556,2019,EXIOBASE v3.7 IOT_2016_ixi
ESP,Spain,Europe,Coal and Petroleum,waste_generation,kt,0.011059400661996587,2019,EXIOBASE v3.7 IOT_2016_ixi
GBR,United Kingdom,Europe,Metal Products,blue_water_consumption,Mm3,0.011058064751860167,2019,EXIOBASE v3.7 IOT_2016_ixi
FIN,Finland,Europe,Electricity,waste_generation,kt,0.011037999061232274,2019,EXIOBASE v3.7 IOT_2016_ixi
BGR,Bulgaria,Europe,Transport Equipment,climate_change,kt CO2eq,0.011011770845988929,2019,EXIOBASE v3.7 IOT_2016_ixi
CZE,Czech Republic,Europe,Construction,material_extraction,kt,0.0109976978480435,2019,EXIOBASE v3.7 IOT_2016_ixi
CAN,Canada,America,General and special Machinery,waste_generation,kt,0.010996218638979592,2019,EXIOBASE v3.7 IOT_2016_ixi
ITA,Italy,Europe,Chemical,blue_water_consumption,Mm3,0.010987667177518649,2019,EXIOBASE v3.7 IOT_2016_ixi
HRV,Croatia,Europe,Waste management and disposal,land_use,km2,0.01095277489189315,2019,EXIOBASE v3.7 IOT_2016_ixi
CAN,Canada,America,Furniture and timber,waste_generation,kt,0.010928367939589035,2019,EXIOBASE v3.7 IOT_2016_ixi
FIN,Finland,Europe,Construction,climate_change,kt CO2eq,0.010836956513345727,2019,EXIOBASE v3.7 IOT_2016_ixi
RoW Asia and Pacific,RoW Asia and Pacific,Asia and Pacific,"Electrical, electronic and measuring equipment",blue_water_consumption,Mm3,0.010824376479360418,2019,EXIOBASE v3.7 IOT_2016_ixi
RoW Asia and Pacific,RoW Asia and Pacific,Asia and Pacific,Electricity,blue_water_consumption,Mm3,0.010806112097369215,2019,EXIOBASE v3.7 IOT_2016_ixi
RoW Asia and Pacific,RoW Asia and Pacific,Asia and Pacific,Construction,waste_generation,kt,0.01077990724490954,2019,EXIOBASE v3.7 IOT_2016_ixi
BEL,Belgium,Europe,Services,land_use,km2,0.010763989822729352,2019,EXIOBASE v3.7 IOT_2016_ixi
BGR,Bulgaria,Europe,Metal Products,material_extraction,kt,0.010742174612500446,2019,EXIOBASE v3.7 IOT_2016_ixi
RoW America,RoW America,America,Construction,climate_change,kt CO2eq,0.01069494682783674,2019,EXIOBASE v3.7 IOT_2016_ixi
AUT,Austria,Europe,Chemical,blue_water_consumption,Mm3,0.010625225432602494,2019,EXIOBASE v3.7 IOT_2016_ixi
MLT,Malta,Europe,Food and catering,land_use,km2,0.010623728312767656,2019,EXIOBASE v3.7 IOT_2016_ixi
RoW Europe,RoW Europe,Europe,General and special Machinery,material_extraction,kt,0.010585197406666141,2019,EXIOBASE v3.7 IOT_2016_ixi
BGR,Bulgaria,Europe,Metal Products,waste_generation,kt,0.01055610816246548,2019,EXIOBASE v3.7 IOT_2016_ixi
NLD,Netherlands,Europe,Textile,waste_generation,kt,0.010525255912783086,2019,EXIOBASE v3.7 IOT_2016_ixi
PRT,Portugal,Europe,Construction,climate_change,kt CO2eq,0.01044061492010637,2019,EXIOBASE v3.7 IOT_2016_ixi
ZAF,South Africa,Africa,General and special Machinery,climate_change,kt CO2eq,0.01042104656660205,2019,EXIOBASE v3.7 IOT_2016_ixi
FIN,Finland,Europe,Furniture and timber,waste_generation,kt,0.010356571690333789,2019,EXIOBASE v3.7 IOT_2016_ixi
LTU,Lithuania,Europe,"Electrical, electronic and measuring equipment",climate_change,kt CO2eq,0.010353653052594449,2019,EXIOBASE v3.7 IOT_2016_ixi
LUX,Luxembourg,Europe,Services,waste_generation,kt,0.010350763477406901,2019,EXIOBASE v3.7 IOT_2016_ixi
BEL,Belgium,Europe,"Electrical, electronic and measuring equipment",waste_generation,kt,0.010336379730061136,2019,EXIOBASE v3.7 IOT_2016_ixi
BRA,Brazil,America,Textile,waste_generation,kt,0.010302735595488999,2019,EXIOBASE v3.7 IOT_2016_ixi
BRA,Brazil,America,Transport Equipment,climate_change,kt CO2eq,0.010282324769628842,2019,EXIOBASE v3.7 IOT_2016_ixi
SVN,Slovenia,Europe,"Electrical, electronic and measuring equipment",waste_generation,kt,0.010258659068078622,2019,EXIOBASE v3.7 IOT_2016_ixi
GRC,Greece,Europe,Textile,climate_change,kt CO2eq,0.01025256985201706,2019,EXIOBASE v3.7 IOT_2016_ixi
LVA,Latvia,Europe,Chemical,waste_generation,kt,0.010195471520974823,2019,EXIOBASE v3.7 IOT_2016_ixi
EST,Estonia,Europe,Paper Products,waste_generation,kt,0.010186630305133853,2019,EXIOBASE v3.7 IOT_2016_ixi
CAN,Canada,America,Natural gas and gaseous fuels,material_extraction,kt,0.0101767368588979,2019,EXIOBASE v3.7 IOT_2016_ixi
LVA,Latvia,Europe,Construction,waste_generation,kt,0.010160950669066011,2019,EXIOBASE v3.7 IOT_2016_ixi
JPN,Japan,Asia and Pacific,Construction,climate_change,kt CO2eq,0.01011022814199251,2019,EXIOBASE v3.7 IOT_2016_ixi
CHE,Switzerland,Europe,Textile,climate_change,kt CO2eq,0.010088283127084314,2019,EXIOBASE v3.7 IOT_2016_ixi
USA,United States,America,"Steam, hot water supply and water distribution",waste_generation,kt,0.009991782494412713,2019,EXIOBASE v3.7 IOT_2016_ixi
IND,India,Asia and Pacific,General and special Machinery,waste_generation,kt,0.009973826761806337,2019,EXIOBASE v3.7 IOT_2016_ixi
USA,United States,America,Metal Products,blue_water_consumption,Mm3,0.009906398690541076,2019,EXIOBASE v3.7 IOT_2016_ixi
USA,United States,America,Construction,waste_generation,kt,0.00988943234356868,2019,EXIOBASE v3.7 IOT_2016_ixi
BEL,Belgium,Europe,Textile,land_use,km2,0.009853773557635915,2019,EXIOBASE v3.7 IOT_2016_ixi
LUX,Luxembourg,Europe,Chemical,climate_change,kt CO2eq,0.009817974268176339,2019,EXIOBASE v3.7 IOT_2016_ixi
RoW Asia and Pacific,RoW Asia and Pacific,Asia and Pacific,Metal Products,land_use,km2,0.009775867669298088,2019,EXIOBASE v3.7 IOT_2016_ixi
ITA,Italy,Europe,"Electrical, electronic and measuring equipment",waste_generation,kt,0.00974053251624497,2019,EXIOBASE v3.7 IOT_2016_ixi
RoW Asia and Pacific,RoW Asia and Pacific,Asia and Pacific,General and special Machinery,waste_generation,kt,0.009738753358203634,2019,EXIOBASE v3.7 IOT_2016_ixi
SVN,Slovenia,Europe,Construction,climate_change,kt CO2eq,0.009735131147617258,2019,EXIOBASE v3.7 IOT_2016_ixi
CZE,Czech Republic,Europe,Non-metallic mineral products,blue_water_consumption,Mm3,0.009731126592856767,2019,EXIOBASE v3.7 IOT_2016_ixi
RUS,Russia,Europe,Waste management and disposal,land_use,km2,0.009723295763860775,2019,EXIOBASE v3.7 IOT_2016_ixi
ESP,Spain,Europe,Non-metallic mineral products,waste_generation,kt,0.009713781400205849,2019,EXIOBASE v3.7 IOT_2016_ixi
RoW Middle East,RoW Middle East,Middle East,Paper Products,land_use,km2,0.009686784542061299,2019,EXIOBASE v3.7 IOT_2016_ixi
GBR,United Kingdom,Europe,Transport Equipment,waste_generation,kt,0.009656344760002758,2019,EXIOBASE v3.7 IOT_2016_ixi
CZE,Czech Republic,Europe,Paper Products,blue_water_consumption,Mm3,0.009636417323225836,2019,EXIOBASE v3.7 IOT_2016_ixi
ITA,Italy,Europe,Furniture and timber,climate_change,kt CO2eq,0.009619769584587821,2019,EXIOBASE v3.7 IOT_2016_ixi
BEL,Belgium,Europe,General and special Machinery,climate_change,kt CO2eq,0.009583435699321784,2019,EXIOBASE v3.7 IOT_2016_ixi
LUX,Luxembourg,Europe,Natural gas and gaseous fuels,climate_change,kt CO2eq,0.009578619369763942,2019,EXIOBASE v3.7 IOT_2016_ixi
BGR,Bulgaria,Europe,Transport,material_extraction,kt,0.009518876525110352,2019,EXIOBASE v3.7 IOT_2016_ixi
RoW Europe,RoW Europe,Europe,Waste management and disposal,waste_generation,kt,0.009439163702197703,2019,EXIOBASE v3.7 IOT_2016_ixi
CZE,Czech Republic,Europe,Textile,waste_generation,kt,0.009367915891270569,2019,EXIOBASE v3.7 IOT_2016_ixi
RUS,Russia,Europe,Electricity,land_use,km2,0.00935519360899871,2019,EXIOBASE v3.7 IOT_2016_ixi
PRT,Portugal,Europe,Metal Products,waste_generation,kt,0.009352283748702173,2019,EXIOBASE v3.7 IOT_2016_ixi
POL,Poland,Europe,Chemical,land_use,km2,0.009298321581966924,2019,EXIOBASE v3.7 IOT_2016_ixi
IND,India,Asia and Pacific,Transport Equipment,waste_generation,kt,0.009194162735663609,2019,EXIOBASE v3.7 IOT_2016_ixi
CZE,Czech Republic,Europe,"Electrical, electronic and measuring equipment",waste_generation,kt,0.009183799077826342,2019,EXIOBASE v3.7 IOT_2016_ixi
BRA,Brazil,America,Minerals and Metals,waste_generation,kt,0.009140844915427689,2019,EXIOBASE v3.7 IOT_2016_ixi
ESP,Spain,Europe,Furniture and timber,waste_generation,kt,0.009135221277341038,2019,EXIOBASE v3.7 IOT_2016_ixi
EST,Estonia,Europe,Natural gas and gaseous fuels,climate_change,kt CO2eq,0.009129932941058658,2019,EXIOBASE v3.7 IOT_2016_ixi
AUS,Australia,Asia and Pacific,"Electrical, electronic and measuring equipment",waste_generation,kt,0.009113450727245244,2019,EXIOBASE v3.7 IOT_2016_ixi
POL,Poland,Europe,Minerals and Metals,blue_water_consumption,Mm3,0.009111610087468969,2019,EXIOBASE v3.7 IOT_2016_ixi
MLT,Malta,Europe,Construction,climate_change,kt CO2eq,0.009087686008955773,2019,EXIOBASE v3.7 IOT_2016_ixi
RoW Europe,RoW Europe,Europe,Furniture and timber,waste_generation,kt,0.009086201270997189,2019,EXIOBASE v3.7 IOT_2016_ixi
RoW Africa,RoW Africa,Africa,Furniture and timber,blue_water_consumption,Mm3,0.009022211439396455,2019,EXIOBASE v3.7 IOT_2016_ixi
CZE,Czech Republic,Europe,Waste management and disposal,land_use,km2,0.009004132143719382,2019,EXIOBASE v3.7 IOT_2016_ixi
TUR,Turkey,Middle East,Non-metallic mineral products,blue_water_consumption,Mm3,0.00899719201318823,2019,EXIOBASE v3.7 IOT_2016_ixi
CAN,Canada,America,Metal Products,blue_water_consumption,Mm3,0.008992190562392787,2019,EXIOBASE v3.7 IOT_2016_ixi
ITA,Italy,Europe,Metal Products,blue_water_consumption,Mm3,0.008990983583611493,2019,EXIOBASE v3.7 IOT_2016_ixi
POL,Poland,Europe,Transport,blue_water_consumption,Mm3,0.008948810563790677,2019,EXIOBASE v3.7 IOT_2016_ixi
GBR,United Kingdom,Europe,Chemical,material_extraction,kt,0.008925998660601805,2019,EXIOBASE v3.7 IOT_2016_ixi
ROU,Romania,Europe,Paper Products,waste_generation,kt,0.008917865625780097,2019,EXIOBASE v3.7 IOT_2016_ixi
POL,Poland,Europe,Textile,land_use,km2,0.008890188604758806,2019,EXIOBASE v3.7 IOT_2016_ixi
RoW Europe,RoW Europe,Europe,Paper Products,waste_generation,kt,0.00883944243695682,2019,EXIOBASE v3.7 IOT_2016_ixi
SWE,Sweden,Europe,"Electrical, electronic and measuring equipment",blue_water_consumption,Mm3,0.008790554639289353,2019,EXIOBASE v3.7 IOT_2016_ixi
GRC,Greece,Europe,Chemical,waste_generation,kt,0.008786678039977994,2019,EXIOBASE v3.7 IOT_2016_ixi
BGR,Bulgaria,Europe,Construction,climate_change,kt CO2eq,0.00872136215350918,2019,EXIOBASE v3.7 IOT_2016_ixi
JPN,Japan,Asia and Pacific,"Electrical, electronic and measuring equipment",waste_generation,kt,0.00870828015786057,2019,EXIOBASE v3.7 IOT_2016_ixi
POL,Poland,Europe,General and special Machinery,waste_generation,kt,0.008654252730606523,2019,EXIOBASE v3.7 IOT_2016_ixi
RoW America,RoW America,America,Construction,waste_generation,kt,0.008652203306915735,2019,EXIOBASE v3.7 IOT_2016_ixi
MEX,Mexico,America,Metal Products,blue_water_consumption,Mm3,0.008638971822360396,2019,EXIOBASE v3.7 IOT_2016_ixi
RoW Europe,RoW Europe,Europe,Minerals and Metals,waste_generation,kt,0.008633655642012732,2019,EXIOBASE v3.7 IOT_2016_ixi
BEL,Belgium,Europe,Paper Products,blue_water_consumption,Mm3,0.008615435413261088,2019,EXIOBASE v3.7 IOT_2016_ixi
BGR,Bulgaria,Europe,Paper Products,waste_generation,kt,0.008611056450718073,2019,EXIOBASE v3.7 IOT_2016_ixi
CHE,Switzerland,Europe,General and special Machinery,climate_change,kt CO2eq,0.008558760268424993,2019,EXIOBASE v3.7 IOT_2016_ixi
RoW Middle East,RoW Middle East,Middle East,Textile,blue_water_consumption,Mm3,0.008553083262315962,2019,EXIOBASE v3.7 IOT_2016_ixi
LVA,Latvia,Europe,Waste management and disposal,waste_generation,kt,0.008540020767509647,2019,EXIOBASE v3.7 IOT_2016_ixi
IDN,Indonesia,Asia and Pacific,Chemical,blue_water_consumption,Mm3,0.00849440481553818,2019,EXIOBASE v3.7 IOT_2016_ixi
DEU,Germany,Europe,Transport Equipment,waste_generation,kt,0.008468311156058839,2019,EXIOBASE v3.7 IOT_2016_ixi
BRA,Brazil,America,Electricity,blue_water_consumption,Mm3,0.008456428158803715,2019,EXIOBASE v3.7 IOT_2016_ixi
IRL,Ireland,Europe,Paper Products,climate_change,kt CO2eq,0.008441259022604463,2019,EXIOBASE v3.7 IOT_2016_ixi
BEL,Belgium,Europe,Transport,waste_generation,kt,0.008433920067808593,2019,EXIOBASE v3.7 IOT_2016_ixi
LVA,Latvia,Europe,Furniture and timber,waste_generation,kt,0.008417015984896085,2019,EXIOBASE v3.7 IOT_2016_ixi
PRT,Portugal,Europe,Services,land_use,km2,0.008410089183135284,2019,EXIOBASE v3.7 IOT_2016_ixi
RoW Middle East,RoW Middle East,Middle East,Textile,waste_generation,kt,0.008362617717288735,2019,EXIOBASE v3.7 IOT_2016_ixi
JPN,Japan,Asia and Pacific,Paper Products,waste_generation,kt,0.008348405011387046,2019,EXIOBASE v3.7 IOT_2016_ixi
LVA,Latvia,Europe,Paper Products,climate_change,kt CO2eq,0.008343287539395321,2019,EXIOBASE v3.7 IOT_2016_ixi
ROU,Romania,Europe,Chemical,blue_water_consumption,Mm3,0.00832033786910803,2019,EXIOBASE v3.7 IOT_2016_ixi
SVN,Slovenia,Europe,General and special Machinery,climate_change,kt CO2eq,0.00831005270041295,2019,EXIOBASE v3.7 IOT_2016_ixi
TUR,Turkey,Middle East,Services,waste_generation,kt,0.008303462247595778,2019,EXIOBASE v3.7 IOT_2016_ixi
EST,Estonia,Europe,Furniture and timber,waste_generation,kt,0.008266938168763774,2019,EXIOBASE v3.7 IOT_2016_ixi
CAN,Canada,America,Chemical,material_extraction,kt,0.008104747535846222,2019,EXIOBASE v3.7 IOT_2016_ixi
CAN,Canada,America,Transport Equipment,climate_change,kt CO2eq,0.00810104874562059,2019,EXIOBASE v3.7 IOT_2016_ixi
MLT,Malta,Europe,Metal Products,climate_change,kt CO2eq,0.00806754751585463,2019,EXIOBASE v3.7 IOT_2016_ixi
CAN,Canada,America,Chemical,blue_water_consumption,Mm3,0.008027711616805294,2019,EXIOBASE v3.7 IOT_2016_ixi
RoW Middle East,RoW Middle East,Middle East,Transport,blue_water_consumption,Mm3,0.00800068538326559,2019,EXIOBASE v3.7 IOT_2016_ixi
MLT,Malta,Europe,Non-metallic mineral products,climate_change,kt CO2eq,0.007994720822436165,2019,EXIOBASE v3.7 IOT_2016_ixi
RoW Middle East,RoW Middle East,Middle East,General and special Machinery,waste_generation,kt,0.007971789640655121,2019,EXIOBASE v3.7 IOT_2016_ixi
SVK,Slovakia,Europe,Construction,material_extraction,kt,0.007961877985197954,2019,EXIOBASE v3.7 IOT_2016_ixi
SVN,Slovenia,Europe,Chemical,material_extraction,kt,0.00796006637452933,2019,EXIOBASE v3.7 IOT_2016_ixi
FRA,France,Europe,Furniture and timber,waste_generation,kt,0.007951408955460402,2019,EXIOBASE v3.7 IOT_2016_ixi
RoW Africa,RoW Africa,Africa,Transport,blue_water_consumption,Mm3,0.00794976153034351,2019,EXIOBASE v3.7 IOT_2016_ixi
CZE,Czech Republic,Europe,Electricity,land_use,km2,0.007941307548763571,2019,EXIOBASE v3.7 IOT_2016_ixi
HUN,Hungary,Europe,Electricity,blue_water_consumption,Mm3,0.007937026261939545,2019,EXIOBASE v3.7 IOT_2016_ixi
HRV,Croatia,Europe,Paper Products,waste_generation,kt,0.0079108419717084,2019,EXIOBASE v3.7 IOT_2016_ixi
AUT,Austria,Europe,Furniture and timber,waste_generation,kt,0.007892193871425455,2019,EXIOBASE v3.7 IOT_2016_ixi
LTU,Lithuania,Europe,Food and catering,blue_water_consumption,Mm3,0.007875095327849267,2019,EXIOBASE v3.7 IOT_2016_ixi
AUS,Australia,Asia and Pacific,Services,blue_water_consumption,Mm3,0.007866478857027227,2019,EXIOBASE v3.7 IOT_2016_ixi
SVK,Slovakia,Europe,Paper Products,land_use,km2,0.007814605393667164,2019,EXIOBASE v3.7 IOT_2016_ixi
RUS,Russia,Europe,Transport Equipment,material_extraction,kt,0.007790299461894187,2019,EXIOBASE v3.7 IOT_2016_ixi
RoW America,RoW America,America,Textile,waste_generation,kt,0.0077883872532638655,2019,EXIOBASE v3.7 IOT_2016_ixi
GRC,Greece,Europe,"Electrical, electronic and measuring equipment",climate_change,kt CO2eq,0.007782714472593958,2019,EXIOBASE v3.7 IOT_2016_ixi
SVK,Slovakia,Europe,Textile,climate_change,kt CO2eq,0.007776834143414069,2019,EXIOBASE v3.7 IOT_2016_ixi
BRA,Brazil,America,"Electrical, electronic and measuring equipment",climate_change,kt CO2eq,0.007768921902745482,2019,EXIOBASE v3.7 IOT_2016_ixi
CYP,Cyprus,Middle East,Metal Products,climate_change,kt CO2eq,0.007721273935467168,2019,EXIOBASE v3.7 IOT_2016_ixi
RUS,Russia,Europe,Minerals and Metals,waste_generation,kt,0.007662414479726146,2019,EXIOBASE v3.7 IOT_2016_ixi
DEU,Germany,Europe,General and special Machinery,waste_generation,kt,0.007657639033707775,2019,EXIOBASE v3.7 IOT_2016_ixi
RoW America,RoW America,America,Furniture and timber,climate_change,kt CO2eq,0.007646813451938452,2019,EXIOBASE v3.7 IOT_2016_ixi
GBR,United Kingdom,Europe,Furniture and timber,waste_generation,kt,0.007627566774497012,2019,EXIOBASE v3.7 IOT_2016_ixi
GBR,United Kingdom,Europe,"Electrical, electronic and measuring equipment",blue_water_consumption,Mm3,0.007622161622647462,2019,EXIOBASE v3.7 IOT_2016_ixi
ROU,Romania,Europe,Electricity,blue_water_consumption,Mm3,0.0076071849196761715,2019,EXIOBASE v3.7 IOT_2016_ixi
RoW Middle East,RoW Middle East,Middle East,Natural gas and gaseous fuels,waste_generation,kt,0.0075279368615799236,2019,EXIOBASE v3.7 IOT_2016_ixi
SVK,Slovakia,Europe,General and special Machinery,waste_generation,kt,0.00751848593144644,2019,EXIOBASE v3.7 IOT_2016_ixi
RUS,Russia,Europe,Non-metallic mineral products,waste_generation,kt,0.007477174399316608,2019,EXIOBASE v3.7 IOT_2016_ixi
AUT,Austria,Europe,Electricity,waste_generation,kt,0.007472148126795537,2019,EXIOBASE v3.7 IOT_2016_ixi
IDN,Indonesia,Asia and Pacific,Waste management and disposal,climate_change,kt CO2eq,0.00745560300269103,2019,EXIOBASE v3.7 IOT_2016_ixi
IND,India,Asia and Pacific,Coal and Petroleum,blue_water_consumption,Mm3,0.007444735780444898,2019,EXIOBASE v3.7 IOT_2016_ixi
AUT,Austria,Europe,Metal Products,blue_water_consumption,Mm3,0.007425427637098574,2019,EXIOBASE v3.7 IOT_2016_ixi
SWE,Sweden,Europe,Textile,climate_change,kt CO2eq,0.00733868898266744,2019,EXIOBASE v3.7 IOT_2016_ixi
RUS,Russia,Europe,Textile,material_extraction,kt,0.007281319915397245,2019,EXIOBASE v3.7 IOT_2016_ixi
SVK,Slovakia,Europe,Transport Equipment,climate_change,kt CO2eq,0.007256889345842509,2019,EXIOBASE v3.7 IOT_2016_ixi
USA,United States,America,Transport Equipment,waste_generation,kt,0.007246362766450789,2019,EXIOBASE v3.7 IOT_2016_ixi
NLD,Netherlands,Europe,Non-metallic mineral products,waste_generation,kt,0.007236164036460572,2019,EXIOBASE v3.7 IOT_2016_ixi
BGR,Bulgaria,Europe,Transport,waste_generation,kt,0.007232884311405118,2019,EXIOBASE v3.7 IOT_2016_ixi
KOR,South Korea,Asia and Pacific,Electricity,blue_water_consumption,Mm3,0.007227093895725893,2019,EXIOBASE v3.7 IOT_2016_ixi
SVK,Slovakia,Europe,Services,blue_water_consumption,Mm3,0.007218305073122541,2019,EXIOBASE v3.7 IOT_2016_ixi
TUR,Turkey,Middle East,"Steam, hot water supply and water distribution",waste_generation,kt,0.007204936499673971,2019,EXIOBASE v3.7 IOT_2016_ixi
BRA,Brazil,America,Paper Products,blue_water_consumption,Mm3,0.007165140247219319,2019,EXIOBASE v3.7 IOT_2016_ixi
GRC,Greece,Europe,Furniture and timber,climate_change,kt CO2eq,0.0071405784519932985,2019,EXIOBASE v3.7 IOT_2016_ixi
FIN,Finland,Europe,Construction,waste_generation,kt,0.0071284798632222195,2019,EXIOBASE v3.7 IOT_2016_ixi
ROU,Romania,Europe,Transport Equipment,climate_change,kt CO2eq,0.007090724634967941,2019,EXIOBASE v3.7 IOT_2016_ixi
TUR,Turkey,Middle East,"Electrical, electronic and measuring equipment",climate_change,kt CO2eq,0.007012570673454267,2019,EXIOBASE v3.7 IOT_2016_ixi
ZAF,South Africa,Africa,Waste management and disposal,climate_change,kt CO2eq,0.007012261834314588,2019,EXIOBASE v3.7 IOT_2016_ixi
LUX,Luxembourg,Europe,Transport,waste_generation,kt,0.006967033198672257,2019,EXIOBASE v3.7 IOT_2016_ixi
POL,Poland,Europe,Metal Products,blue_water_consumption,Mm3,0.006960480684321454,2019,EXIOBASE v3.7 IOT_2016_ixi
RoW America,RoW America,America,Electricity,waste_generation,kt,0.006952352339279002,2019,EXIOBASE v3.7 IOT_2016_ixi
DNK,Denmark,Denmark,Transport,waste_generation,kt,0.006950703371114054,2019,EXIOBASE v3.7 IOT_2016_ixi
RoW Africa,RoW Africa,Africa,Metal Products,material_extraction,kt,0.006920556368637278,2019,EXIOBASE v3.7 IOT_2016_ixi
NLD,Netherlands,Europe,Furniture and timber,blue_water_consumption,Mm3,0.006866336335692709,2019,EXIOBASE v3.7 IOT_2016_ixi
HUN,Hungary,Europe,Transport,waste_generation,kt,0.006819608052014672,2019,EXIOBASE v3.7 IOT_2016_ixi
IDN,Indonesia,Asia and Pacific,Metal Products,waste_generation,kt,0.0068155359783223434,2019,EXIOBASE v3.7 IOT_2016_ixi
RoW Middle East,RoW Middle East,Middle East,Metal Products,land_use,km2,0.006811786712997032,2019,EXIOBASE v3.7 IOT_2016_ixi
TUR,Turkey,Middle East,General and special Machinery,climate_change,kt CO2eq,0.00680386373795591,2019,EXIOBASE v3.7 IOT_2016_ixi
ZAF,South Africa,Africa,Services,material_extraction,kt,0.006732529369143013,2019,EXIOBASE v3.7 IOT_2016_ixi
KOR,South Korea,Asia and Pacific,Construction,climate_change,kt CO2eq,0.006717324743050149,2019,EXIOBASE v3.7 IOT_2016_ixi
POL,Poland,Europe,Food and catering,material_extraction,kt,0.006716616288539422,2019,EXIOBASE v3.7 IOT_2016_ixi
CZE,Czech Republic,Europe,Electricity,material_extraction,kt,0.006697740642733553,2019,EXIOBASE v3.7 IOT_2016_ixi
TUR,Turkey,Middle East,Furniture and timber,waste_generation,kt,0.0066723518392926015,2019,EXIOBASE v3.7 IOT_2016_ixi
USA,United States,America,General and special Machinery,waste_generation,kt,0.006670108400372849,2019,EXIOBASE v3.7 IOT_2016_ixi
SWE,Sweden,Europe,Services,blue_water_consumption,Mm3,0.006633528464057059,2019,EXIOBASE v3.7 IOT_2016_ixi
FRA,France,Europe,Chemical,blue_water_consumption,Mm3,0.0066297378972580805,2019,EXIOBASE v3.7 IOT_2016_ixi
RoW Europe,RoW Europe,Europe,Furniture and timber,material_extraction,kt,0.006626872624501576,2019,EXIOBASE v3.7 IOT_2016_ixi
IDN,Indonesia,Asia and Pacific,Transport Equipment,climate_change,kt CO2eq,0.006623076649888267,2019,EXIOBASE v3.7 IOT_2016_ixi
TWN,Taiwan,Asia and Pacific,Furniture and timber,climate_change,kt CO2eq,0.006620849094895358,2019,EXIOBASE v3.7 IOT_2016_ixi
RUS,Russia,Europe,Paper Products,blue_water_consumption,Mm3,0.006603828624611587,2019,EXIOBASE v3.7 IOT_2016_ixi
BEL,Belgium,Europe,Construction,material_extraction,kt,0.006576805471201494,2019,EXIOBASE v3.7 IOT_2016_ixi
RoW Africa,RoW Africa,Africa,General and special Machinery,climate_change,kt CO2eq,0.0065616545597766,2019,EXIOBASE v3.7 IOT_2016_ixi
CHE,Switzerland,Europe,Construction,material_extraction,kt,0.006528513399745658,2019,EXIOBASE v3.7 IOT_2016_ixi
BEL,Belgium,Europe,Textile,waste_generation,kt,0.006526231352861326,2019,EXIOBASE v3.7 IOT_2016_ixi
GBR,United Kingdom,Europe,Non-metallic mineral products,waste_generation,kt,0.006525027771611952,2019,EXIOBASE v3.7 IOT_2016_ixi
RoW Africa,RoW Africa,Africa,Natural gas and gaseous fuels,waste_generation,kt,0.006482382565481707,2019,EXIOBASE v3.7 IOT_2016_ixi
POL,Poland,Europe,Paper Products,blue_water_consumption,Mm3,0.006472339529567089,2019,EXIOBASE v3.7 IOT_2016_ixi
MEX,Mexico,America,Paper Products,waste_generation,kt,0.006432101858501498,2019,EXIOBASE v3.7 IOT_2016_ixi
RoW Middle East,RoW Middle East,Middle East,Furniture and timber,land_use,km2,0.006415048611184497,2019,EXIOBASE v3.7 IOT_2016_ixi
FRA,France,Europe,"Electrical, electronic and measuring equipment",waste_generation,kt,0.006404189884406741,2019,EXIOBASE v3.7 IOT_2016_ixi
RoW Middle East,RoW Middle East,Middle East,"Steam, hot water supply and water distribution",climate_change,kt CO2eq,0.006391748992753563,2019,EXIOBASE v3.7 IOT_2016_ixi
RUS,Russia,Europe,Electricity,material_extraction,kt,0.006273162944158584,2019,EXIOBASE v3.7 IOT_2016_ixi
RoW Europe,RoW Europe,Europe,Transport Equipment,material_extraction,kt,0.006183241572354597,2019,EXIOBASE v3.7 IOT_2016_ixi
NLD,Netherlands,Europe,Metal Products,blue_water_consumption,Mm3,0.006162994179871948,2019,EXIOBASE v3.7 IOT_2016_ixi
HRV,Croatia,Europe,Services,waste_generation,kt,0.006126850890860325,2019,EXIOBASE v3.7 IOT_2016_ixi
SWE,Sweden,Europe,Non-metallic mineral products,waste_generation,kt,0.006117455185290674,2019,EXIOBASE v3.7 IOT_2016_ixi
ITA,Italy,Europe,Textile,blue_water_consumption,Mm3,0.006116385235275737,2019,EXIOBASE v3.7 IOT_2016_ixi
BGR,Bulgaria,Europe,"Steam, hot water supply and water distribution",climate_change,kt CO2eq,0.006104184981789847,2019,EXIOBASE v3.7 IOT_2016_ixi
LVA,Latvia,Europe,Natural gas and gaseous fuels,climate_change,kt CO2eq,0.006063737621392356,2019,EXIOBASE v3.7 IOT_2016_ixi
POL,Poland,Europe,Paper Products,material_extraction,kt,0.006025176459012883,2019,EXIOBASE v3.7 IOT_2016_ixi
FRA,France,Europe,Textile,blue_water_consumption,Mm3,0.006024021907505342,2019,EXIOBASE v3.7 IOT_2016_ixi
RUS,Russia,Europe,Paper Products,waste_generation,kt,0.00602146534793122,2019,EXIOBASE v3.7 IOT_2016_ixi
ESP,Spain,Europe,Electricity,blue_water_consumption,Mm3,0.005962512244250945,2019,EXIOBASE v3.7 IOT_2016_ixi
HRV,Croatia,Europe,Textile,climate_change,kt CO2eq,0.005935934432930444,2019,EXIOBASE v3.7 IOT_2016_ixi
TUR,Turkey,Middle East,Chemical,blue_water_consumption,Mm3,0.0059358014278956825,2019,EXIOBASE v3.7 IOT_2016_ixi
POL,Poland,Europe,Electricity,blue_water_consumption,Mm3,0.005899689814867803,2019,EXIOBASE v3.7 IOT_2016_ixi
DNK,Denmark,Denmark,Non-metallic mineral products,blue_water_consumption,Mm3,0.005895700659121115,2019,EXIOBASE v3.7 IOT_2016_ixi
KOR,South Korea,Asia and Pacific,General and special Machinery,waste_generation,kt,0.005895550112073522,2019,EXIOBASE v3.7 IOT_2016_ixi
LVA,Latvia,Europe,Food and catering,blue_water_consumption,Mm3,0.005817789064900305,2019,EXIOBASE v3.7 IOT_2016_ixi
TUR,Turkey,Middle East,Non-metallic mineral products,waste_generation,kt,0.005699025200575504,2019,EXIOBASE v3.7 IOT_2016_ixi
RoW Europe,RoW Europe,Europe,General and special Machinery,waste_generation,kt,0.0056733427155366304,2019,EXIOBASE v3.7 IOT_2016_ixi
NOR,Norway,Europe,Furniture and timber,climate_change,kt CO2eq,0.0056536714635975205,2019,EXIOBASE v3.7 IOT_2016_ixi
BRA,Brazil,America,Services,waste_generation,kt,0.005637089014379683,2019,EXIOBASE v3.7 IOT_2016_ixi
BGR,Bulgaria,Europe,"Electrical, electronic and measuring equipment",waste_generation,kt,0.0056217159101279775,2019,EXIOBASE v3.7 IOT_2016_ixi
MLT,Malta,Europe,Services,land_use,km2,0.0056151375268741225,2019,EXIOBASE v3.7 IOT_2016_ixi
IND,India,Asia and Pacific,General and special Machinery,blue_water_consumption,Mm3,0.0056076652847182095,2019,EXIOBASE v3.7 IOT_2016_ixi
JPN,Japan,Asia and Pacific,Metal Products,blue_water_consumption,Mm3,0.005591495277265699,2019,EXIOBASE v3.7 IOT_2016_ixi
HRV,Croatia,Europe,Transport Equipment,climate_change,kt CO2eq,0.0055474923299604125,2019,EXIOBASE v3.7 IOT_2016_ixi
ITA,Italy,Europe,Paper Products,blue_water_consumption,Mm3,0.005537590186344429,2019,EXIOBASE v3.7 IOT_2016_ixi
RUS,Russia,Europe,Textile,land_use,km2,0.005531506120273042,2019,EXIOBASE v3.7 IOT_2016_ixi
EST,Estonia,Europe,Services,waste_generation,kt,0.00552911487370426,2019,EXIOBASE v3.7 IOT_2016_ixi
PRT,Portugal,Europe,Natural gas and gaseous fuels,climate_change,kt CO2eq,0.005508824953537965,2019,EXIOBASE v3.7 IOT_2016_ixi
ITA,Italy,Europe,Furniture and timber,waste_generation,kt,0.005462040400584713,2019,EXIOBASE v3.7 IOT_2016_ixi
CHE,Switzerland,Europe,Non-metallic mineral products,waste_generation,kt,0.005428684951345084,2019,EXIOBASE v3.7 IOT_2016_ixi
RoW America,RoW America,America,"Electrical, electronic and measuring equipment",climate_change,kt CO2eq,0.0054218659929651195,2019,EXIOBASE v3.7 IOT_2016_ixi
BRA,Brazil,America,Metal Products,blue_water_consumption,Mm3,0.005414120316305202,2019,EXIOBASE v3.7 IOT_2016_ixi
KOR,South Korea,Asia and Pacific,Natural gas and gaseous fuels,waste_generation,kt,0.005407452447238272,2019,EXIOBASE v3.7 IOT_2016_ixi
JPN,Japan,Asia and Pacific,Paper Products,blue_water_consumption,Mm3,0.005384943150890205,2019,EXIOBASE v3.7 IOT_2016_ixi
FRA,France,Europe,Construction,climate_change,kt CO2eq,0.005384533440097768,2019,EXIOBASE v3.7 IOT_2016_ixi
NLD,Netherlands,Europe,General and special Machinery,waste_generation,kt,0.005382019182843236,2019,EXIOBASE v3.7 IOT_2016_ixi
HUN,Hungary,Europe,Services,blue_water_consumption,Mm3,0.005378675756099489,2019,EXIOBASE v3.7 IOT_2016_ixi
TUR,Turkey,Middle East,Textile,waste_generation,kt,0.00537595859952268,2019,EXIOBASE v3.7 IOT_2016_ixi
POL,Poland,Europe,Transport Equipment,waste_generation,kt,0.005372523009586386,2019,EXIOBASE v3.7 IOT_2016_ixi
RoW America,RoW America,America,Natural gas and gaseous fuels,waste_generation,kt,0.005344706050024402,2019,EXIOBASE v3.7 IOT_2016_ixi
NOR,Norway,Europe,Textile,climate_change,kt CO2eq,0.005344530526891361,2019,EXIOBASE v3.7 IOT_2016_ixi
HUN,Hungary,Europe,Furniture and timber,waste_generation,kt,0.00533892467678701,2019,EXIOBASE v3.7 IOT_2016_ixi
RoW Middle East,RoW Middle East,Middle East,Coal and Petroleum,land_use,km2,0.005324500014386882,2019,EXIOBASE v3.7 IOT_2016_ixi
RoW Asia and Pacific,RoW Asia and Pacific,Asia and Pacific,General and special Machinery,blue_water_consumption,Mm3,0.005313063666117544,2019,EXIOBASE v3.7 IOT_2016_ixi
IDN,Indonesia,Asia and Pacific,Coal and Petroleum,waste_generation,kt,0.005307548840237906,2019,EXIOBASE v3.7 IOT_2016_ixi
IND,India,Asia and Pacific,"Electrical, electronic and measuring equipment",blue_water_consumption,Mm3,0.005297139669207518,2019,EXIOBASE v3.7 IOT_2016_ixi
NLD,Netherlands,Europe,"Electrical, electronic and measuring equipment",blue_water_consumption,Mm3,0.005292537084138189,2019,EXIOBASE v3.7 IOT_2016_ixi
SVN,Slovenia,Europe,Electricity,blue_water_consumption,Mm3,0.005242225857687509,2019,EXIOBASE v3.7 IOT_2016_ixi
RoW Asia and Pacific,RoW Asia and Pacific,Asia and Pacific,Non-metallic mineral products,blue_water_consumption,Mm3,0.005234604720918706,2019,EXIOBASE v3.7 IOT_2016_ixi
RoW Europe,RoW Europe,Europe,Transport Equipment,waste_generation,kt,0.005231378897242331,2019,EXIOBASE v3.7 IOT_2016_ixi
FRA,France,Europe,Non-metallic mineral products,waste_generation,kt,0.005205550238567852,2019,EXIOBASE v3.7 IOT_2016_ixi
SVK,Slovakia,Europe,General and special Machinery,climate_change,kt CO2eq,0.0051891668938389614,2019,EXIOBASE v3.7 IOT_2016_ixi
AUS,Australia,Asia and Pacific,Textile,waste_generation,kt,0.00514668517747494,2019,EXIOBASE v3.7 IOT_2016_ixi
RoW Middle East,RoW Middle East,Middle East,Waste management and disposal,blue_water_consumption,Mm3,0.00514440096147427,2019,EXIOBASE v3.7 IOT_2016_ixi
CAN,Canada,America,Non-metallic mineral products,material_extraction,kt,0.005140841969159122,2019,EXIOBASE v3.7 IOT_2016_ixi
AUS,Australia,Asia and Pacific,Furniture and timber,waste_generation,kt,0.005131856711648375,2019,EXIOBASE v3.7 IOT_2016_ixi
RoW America,RoW America,America,"Electrical, electronic and measuring equipment",material_extraction,kt,0.005119135628109421,2019,EXIOBASE v3.7 IOT_2016_ixi
SVN,Slovenia,Europe,Transport Equipment,climate_change,kt CO2eq,0.005108381603176241,2019,EXIOBASE v3.7 IOT_2016_ixi
SVK,Slovakia,Europe,Chemical,blue_water_consumption,Mm3,0.005105372707230513,2019,EXIOBASE v3.7 IOT_2016_ixi
ROU,Romania,Europe,General and special Machinery,climate_change,kt CO2eq,0.005081655971348127,2019,EXIOBASE v3.7 IOT_2016_ixi
MLT,Malta,Europe,Furniture and timber,climate_change,kt CO2eq,0.005077797370478578,2019,EXIOBASE v3.7 IOT_2016_ixi
BGR,Bulgaria,Europe,"Electrical, electronic and measuring equipment",climate_change,kt CO2eq,0.005051719272198783,2019,EXIOBASE v3.7 IOT_2016_ixi
LTU,Lithuania,Europe,Construction,waste_generation,kt,0.005041536111298463,2019,EXIOBASE v3.7 IOT_2016_ixi
HUN,Hungary,Europe,Non-metallic mineral products,waste_generation,kt,0.005033599853592817,2019,EXIOBASE v3.7 IOT_2016_ixi
LVA,Latvia,Europe,Construction,material_extraction,kt,0.005031341683867054,2019,EXIOBASE v3.7 IOT_2016_ixi
NOR,Norway,Europe,Coal and Petroleum,waste_generation,kt,0.004993103788981395,2019,EXIOBASE v3.7 IOT_2016_ixi
PRT,Portugal,Europe,Non-metallic mineral products,waste_generation,kt,0.004984300948069214,2019,EXIOBASE v3.7 IOT_2016_ixi
BEL,Belgium,Europe,Non-metallic mineral products,waste_generation,kt,0.004965496799159633,2019,EXIOBASE v3.7 IOT_2016_ixi
SVN,Slovenia,Europe,Textile,land_use,km2,0.004938976356650047,2019,EXIOBASE v3.7 IOT_2016_ixi
TUR,Turkey,Middle East,"Electrical, electronic and measuring equipment",waste_generation,kt,0.004914076884956371,2019,EXIOBASE v3.7 IOT_2016_ixi
PRT,Portugal,Europe,Furniture and timber,climate_change,kt CO2eq,0.004910491820226046,2019,EXIOBASE v3.7 IOT_2016_ixi
RUS,Russia,Europe,"Electrical, electronic and measuring equipment",material_extraction,kt,0.004904655779588631,2019,EXIOBASE v3.7 IOT_2016_ixi
BRA,Brazil,America,Coal and Petroleum,waste_generation,kt,0.004897502285084846,2019,EXIOBASE v3.7 IOT_2016_ixi
BRA,Brazil,America,Metal Products,material_extraction,kt,0.004876724884430013,2019,EXIOBASE v3.7 IOT_2016_ixi
CYP,Cyprus,Middle East,Chemical,climate_change,kt CO2eq,0.00486228368544416,2019,EXIOBASE v3.7 IOT_2016_ixi
KOR,South Korea,Asia and Pacific,Transport Equipment,waste_generation,kt,0.00485797747363175,2019,EXIOBASE v3.7 IOT_2016_ixi
CAN,Canada,America,Non-metallic mineral products,waste_generation,kt,0.00484303106892799,2019,EXIOBASE v3.7 IOT_2016_ixi
CZE,Czech Republic,Europe,General and special Machinery,waste_generation,kt,0.004841867999108558,2019,EXIOBASE v3.7 IOT_2016_ixi
LUX,Luxembourg,Europe,Furniture and timber,climate_change,kt CO2eq,0.00484167405890879,2019,EXIOBASE v3.7 IOT_2016_ixi
CZE,Czech Republic,Europe,Metal Products,material_extraction,kt,0.004832523633114367,2019,EXIOBASE v3.7 IOT_2016_ixi
RoW Middle East,RoW Middle East,Middle East,Non-metallic mineral products,land_use,km2,0.0048308499278192155,2019,EXIOBASE v3.7 IOT_2016_ixi
RUS,Russia,Europe,Furniture and timber,material_extraction,kt,0.004818857502441987,2019,EXIOBASE v3.7 IOT_2016_ixi
LUX,Luxembourg,Europe,Furniture and timber,waste_generation,kt,0.00480865853962348,2019,EXIOBASE v3.7 IOT_2016_ixi
RoW Africa,RoW Africa,Africa,Metal Products,land_use,km2,0.004802935091549267,2019,EXIOBASE v3.7 IOT_2016_ixi
NOR,Norway,Europe,Construction,climate_change,kt CO2eq,0.004786695582424867,2019,EXIOBASE v3.7 IOT_2016_ixi
CZE,Czech Republic,Europe,Chemical,material_extraction,kt,0.004720055954014248,2019,EXIOBASE v3.7 IOT_2016_ixi
EST,Estonia,Europe,"Steam, hot water supply and water distribution",waste_generation,kt,0.0046992899713264955,2019,EXIOBASE v3.7 IOT_2016_ixi
SVK,Slovakia,Europe,Electricity,blue_water_consumption,Mm3,0.004689075723028793,2019,EXIOBASE v3.7 IOT_2016_ixi
POL,Poland,Europe,"Steam, hot water supply and water distribution",waste_generation,kt,0.004684541962963284,2019,EXIOBASE v3.7 IOT_2016_ixi
BEL,Belgium,Europe,Furniture and timber,land_use,km2,0.004678475698752123,2019,EXIOBASE v3.7 IOT_2016_ixi
RoW Europe,RoW Europe,Europe,Non-metallic mineral products,waste_generation,kt,0.004672141919370153,2019,EXIOBASE v3.7 IOT_2016_ixi
HUN,Hungary,Europe,"Steam, hot water supply and water distribution",waste_generation,kt,0.004664495100378548,2019,EXIOBASE v3.7 IOT_2016_ixi
RoW America,RoW America,America,"Electrical, electronic and measuring equipment",waste_generation,kt,0.0046376357121547356,2019,EXIOBASE v3.7 IOT_2016_ixi
ITA,Italy,Europe,Electricity,blue_water_consumption,Mm3,0.004614844497505573,2019,EXIOBASE v3.7 IOT_2016_ixi
RoW Asia and Pacific,RoW Asia and Pacific,Asia and Pacific,Waste management and disposal,blue_water_consumption,Mm3,0.004593286829438497,2019,EXIOBASE v3.7 IOT_2016_ixi
ITA,Italy,Europe,Chemical,material_extraction,kt,0.004583288235330546,2019,EXIOBASE v3.7 IOT_2016_ixi
MLT,Malta,Europe,Paper Products,climate_change,kt CO2eq,0.004580352684698623,2019,EXIOBASE v3.7 IOT_2016_ixi
SWE,Sweden,Europe,Textile,waste_generation,kt,0.004576947829643254,2019,EXIOBASE v3.7 IOT_2016_ixi
AUS,Australia,Asia and Pacific,Metal Products,blue_water_consumption,Mm3,0.004557488008255061,2019,EXIOBASE v3.7 IOT_2016_ixi
AUS,Australia,Asia and Pacific,Minerals and Metals,blue_water_consumption,Mm3,0.004550195148447222,2019,EXIOBASE v3.7 IOT_2016_ixi
SVK,Slovakia,Europe,Paper Products,blue_water_consumption,Mm3,0.004547796186004099,2019,EXIOBASE v3.7 IOT_2016_ixi
BGR,Bulgaria,Europe,Coal and Petroleum,waste_generation,kt,0.00454246495359871,2019,EXIOBASE v3.7 IOT_2016_ixi
BEL,Belgium,Europe,Non-metallic mineral products,blue_water_consumption,Mm3,0.00452268540953429,2019,EXIOBASE v3.7 IOT_2016_ixi
RoW Europe,RoW Europe,Europe,Natural gas and gaseous fuels,waste_generation,kt,0.00451005661140314,2019,EXIOBASE v3.7 IOT_2016_ixi
CAN,Canada,America,Construction,waste_generation,kt,0.004488097271840326,2019,EXIOBASE v3.7 IOT_2016_ixi
ROU,Romania,Europe,Waste management and disposal,waste_generation,kt,0.004450817368798607,2019,EXIOBASE v3.7 IOT_2016_ixi
BGR,Bulgaria,Europe,General and special Machinery,climate_change,kt CO2eq,0.004444949658161292,2019,EXIOBASE v3.7 IOT_2016_ixi
DEU,Germany,Europe,Minerals and Metals,waste_generation,kt,0.004444899088107192,2019,EXIOBASE v3.7 IOT_2016_ixi
CHE,Switzerland,Europe,Paper Products,waste_generation,kt,0.004432765264549483,2019,EXIOBASE v3.7 IOT_2016_ixi
RoW Europe,RoW Europe,Europe,Metal Products,blue_water_consumption,Mm3,0.004429587959338085,2019,EXIOBASE v3.7 IOT_2016_ixi
FIN,Finland,Europe,General and special Machinery,climate_change,kt CO2eq,0.004417406897127613,2019,EXIOBASE v3.7 IOT_2016_ixi
RoW America,RoW America,America,Services,blue_water_consumption,Mm3,0.004366614849486283,2019,EXIOBASE v3.7 IOT_2016_ixi
CAN,Canada,America,Services,blue_water_consumption,Mm3,0.004363314307541432,2019,EXIOBASE v3.7 IOT_2016_ixi
ROU,Romania,Europe,Textile,climate_change,kt CO2eq,0.004357013397977081,2019,EXIOBASE v3.7 IOT_2016_ixi
SVK,Slovakia,Europe,Minerals and Metals,waste_generation,kt,0.004347586035218321,2019,EXIOBASE v3.7 IOT_2016_ixi
GRC,Greece,Europe,Waste management and disposal,waste_generation,kt,0.0043225109893653265,2019,EXIOBASE v3.7 IOT_2016_ixi
RUS,Russia,Europe,Textile,waste_generation,kt,0.004316984608598837,2019,EXIOBASE v3.7 IOT_2016_ixi
GBR,United Kingdom,Europe,General and special Machinery,waste_generation,kt,0.0043015459852728385,2019,EXIOBASE v3.7 IOT_2016_ixi
DNK,Denmark,Denmark,Minerals and Metals,waste_generation,kt,0.004284379800531518,2019,EXIOBASE v3.7 IOT_2016_ixi
AUT,Austria,Europe,Transport Equipment,climate_change,kt CO2eq,0.0042313171566217694,2019,EXIOBASE v3.7 IOT_2016_ixi
RoW Europe,RoW Europe,Europe,Textile,waste_generation,kt,0.0042165186553770415,2019,EXIOBASE v3.7 IOT_2016_ixi
SVK,Slovakia,Europe,Food and catering,material_extraction,kt,0.00421544820781438,2019,EXIOBASE v3.7 IOT_2016_ixi
FIN,Finland,Europe,"Electrical, electronic and measuring equipment",waste_generation,kt,0.00420641945583009,2019,EXIOBASE v3.7 IOT_2016_ixi
SVK,Slovakia,Europe,Non-metallic mineral products,waste_generation,kt,0.004206250032883977,2019,EXIOBASE v3.7 IOT_2016_ixi
POL,Poland,Europe,Coal and Petroleum,blue_water_consumption,Mm3,0.004197152325405548,2019,EXIOBASE v3.7 IOT_2016_ixi
KOR,South Korea,Asia and Pacific,Non-metallic mineral products,waste_generation,kt,0.004184501215823757,2019,EXIOBASE v3.7 IOT_2016_ixi
RoW America,RoW America,America,General and special Machinery,climate_change,kt CO2eq,0.004138181657448734,2019,EXIOBASE v3.7 IOT_2016_ixi
AUS,Australia,Asia and Pacific,Transport,waste_generation,kt,0.004135288365165136,2019,EXIOBASE v3.7 IOT_2016_ixi
GRC,Greece,Europe,Paper Products,waste_generation,kt,0.004131096333268805,2019,EXIOBASE v3.7 IOT_2016_ixi
HRV,Croatia,Europe,Construction,climate_change,kt CO2eq,0.0041296377879646694,2019,EXIOBASE v3.7 IOT_2016_ixi
LUX,Luxembourg,Europe,Transport Equipment,climate_change,kt CO2eq,0.004123351195148491,2019,EXIOBASE v3.7 IOT_2016_ixi
BGR,Bulgaria,Europe,Non-metallic mineral products,waste_generation,kt,0.004122621162790762,2019,EXIOBASE v3.7 IOT_2016_ixi
HRV,Croatia,Europe,Chemical,waste_generation,kt,0.004121420994364399,2019,EXIOBASE v3.7 IOT_2016_ixi
AUT,Austria,Europe,Non-metallic mineral products,waste_generation,kt,0.004120236103708681,2019,EXIOBASE v3.7 IOT_2016_ixi
TWN,Taiwan,Asia and Pacific,Construction,climate_change,kt CO2eq,0.004103874423111847,2019,EXIOBASE v3.7 IOT_2016_ixi
SVK,Slovakia,Europe,General and special Machinery,land_use,km2,0.004091485395814258,2019,EXIOBASE v3.7 IOT_2016_ixi
GBR,United Kingdom,Europe,Electricity,blue_water_consumption,Mm3,0.004083878044995537,2019,EXIOBASE v3.7 IOT_2016_ixi
NOR,Norway,Europe,Transport Equipment,climate_change,kt CO2eq,0.004057689091552301,2019,EXIOBASE v3.7 IOT_2016_ixi
RoW Asia and Pacific,RoW Asia and Pacific,Asia and Pacific,Non-metallic mineral products,material_extraction,kt,0.004050429573663932,2019,EXIOBASE v3.7 IOT_2016_ixi
KOR,South Korea,Asia and Pacific,Furniture and timber,waste_generation,kt,0.004039904665975912,2019,EXIOBASE v3.7 IOT_2016_ixi
NLD,Netherlands,Europe,Coal and Petroleum,material_extraction,kt,0.004019621142702906,2019,EXIOBASE v3.7 IOT_2016_ixi
ZAF,South Africa,Africa,Chemical,blue_water_consumption,Mm3,0.003993640649394937,2019,EXIOBASE v3.7 IOT_2016_ixi
ITA,Italy,Europe,Metal Products,material_extraction,kt,0.00397353771969778,2019,EXIOBASE v3.7 IOT_2016_ixi
KOR,South Korea,Asia and Pacific,Textile,waste_generation,kt,0.003967716716003753,2019,EXIOBASE v3.7 IOT_2016_ixi
TUR,Turkey,Middle East,Coal and Petroleum,material_extraction,kt,0.0039637478173426555,2019,EXIOBASE v3.7 IOT_2016_ixi
POL,Poland,Europe,Textile,waste_generation,kt,0.003949816780250054,2019,EXIOBASE v3.7 IOT_2016_ixi
ITA,Italy,Europe,Textile,waste_generation,kt,0.003935582475336709,2019,EXIOBASE v3.7 IOT_2016_ixi
DNK,Denmark,Denmark,Transport Equipment,climate_change,kt CO2eq,0.003897273016210881,2019,EXIOBASE v3.7 IOT_2016_ixi
GBR,United Kingdom,Europe,Paper Products,blue_water_consumption,Mm3,0.003886579720214504,2019,EXIOBASE v3.7 IOT_2016_ixi
RoW America,RoW America,America,Metal Products,blue_water_consumption,Mm3,0.0038724186014438915,2019,EXIOBASE v3.7 IOT_2016_ixi
RoW Africa,RoW Africa,Africa,Non-metallic mineral products,blue_water_consumption,Mm3,0.003863666992604421,2019,EXIOBASE v3.7 IOT_2016_ixi
RUS,Russia,Europe,Natural gas and gaseous fuels,waste_generation,kt,0.0038560167479182485,2019,EXIOBASE v3.7 IOT_2016_ixi
SWE,Sweden,Europe,General and special Machinery,waste_generation,kt,0.003831431826672973,2019,EXIOBASE v3.7 IOT_2016_ixi
GRC,Greece,Europe,Construction,climate_change,kt CO2eq,0.003812733943660292,2019,EXIOBASE v3.7 IOT_2016_ixi
RoW America,RoW America,America,Textile,blue_water_consumption,Mm3,0.003790777268809177,2019,EXIOBASE v3.7 IOT_2016_ixi
ROU,Romania,Europe,Furniture and timber,waste_generation,kt,0.0037805828211154467,2019,EXIOBASE v3.7 IOT_2016_ixi
FIN,Finland,Europe,Transport Equipment,waste_generation,kt,0.0037538872616751434,2019,EXIOBASE v3.7 IOT_2016_ixi
BRA,Brazil,America,Non-metallic mineral products,waste_generation,kt,0.0037453277870510638,2019,EXIOBASE v3.7 IOT_2016_ixi
GBR,United Kingdom,Europe,Transport Equipment,blue_water_consumption,Mm3,0.003736732755359417,2019,EXIOBASE v3.7 IOT_2016_ixi
ZAF,South Africa,Africa,Minerals and Metals,waste_generation,kt,0.003709613295964835,2019,EXIOBASE v3.7 IOT_2016_ixi
NLD,Netherlands,Europe,Furniture and timber,waste_generation,kt,0.0037069569479716118,2019,EXIOBASE v3.7 IOT_2016_ixi
DNK,Denmark,Denmark,Coal and Petroleum,material_extraction,kt,0.003701386492233895,2019,EXIOBASE v3.7 IOT_2016_ixi
CZE,Czech Republic,Europe,Metal Products,land_use,km2,0.003700152136587337,2019,EXIOBASE v3.7 IOT_2016_ixi
ESP,Spain,Europe,"Electrical, electronic and measuring equipment",waste_generation,kt,0.0036988657645448844,2019,EXIOBASE v3.7 IOT_2016_ixi
RoW America,RoW America,America,General and special Machinery,waste_generation,kt,0.0036728630394756404,2019,EXIOBASE v3.7 IOT_2016_ixi
NOR,Norway,Europe,"Electrical, electronic and measuring equipment",waste_generation,kt,0.003655371402974762,2019,EXIOBASE v3.7 IOT_2016_ixi
SVK,Slovakia,Europe,Furniture and timber,waste_generation,kt,0.0036506693624563185,2019,EXIOBASE v3.7 IOT_2016_ixi
LVA,Latvia,Europe,Services,waste_generation,kt,0.0036102511252787527,2019,EXIOBASE v3.7 IOT_2016_ixi
RoW Africa,RoW Africa,Africa,Coal and Petroleum,blue_water_consumption,Mm3,0.0036018054643950684,2019,EXIOBASE v3.7 IOT_2016_ixi
HUN,Hungary,Europe,Chemical,blue_water_consumption,Mm3,0.00357773429773416,2019,EXIOBASE v3.7 IOT_2016_ixi
LTU,Lithuania,Europe,Paper Products,waste_generation,kt,0.0035591225390886505,2019,EXIOBASE v3.7 IOT_2016_ixi
BGR,Bulgaria,Europe,Services,blue_water_consumption,Mm3,0.003556629784082486,2019,EXIOBASE v3.7 IOT_2016_ixi
BGR,Bulgaria,Europe,Minerals and Metals,land_use,km2,0.0035375058823712774,2019,EXIOBASE v3.7 IOT_2016_ixi
PRT,Portugal,Europe,"Electrical, electronic and measuring equipment",climate_change,kt CO2eq,0.003534920816345681,2019,EXIOBASE v3.7 IOT_2016_ixi
ITA,Italy,Europe,General and special Machinery,waste_generation,kt,0.0035292973122443743,2019,EXIOBASE v3.7 IOT_2016_ixi
BGR,Bulgaria,Europe,Metal Products,blue_water_consumption,Mm3,0.003522493294909529,2019,EXIOBASE v3.7 IOT_2016_ixi
EST,Estonia,Europe,Construction,climate_change,kt CO2eq,0.003520757200849263,2019,EXIOBASE v3.7 IOT_2016_ixi
ESP,Spain,Europe,Transport,blue_water_consumption,Mm3,0.0035135875184162174,2019,EXIOBASE v3.7 IOT_2016_ixi
LTU,Lithuania,Europe,Transport,waste_generation,kt,0.003508876317210745,2019,EXIOBASE v3.7 IOT_2016_ixi
RUS,Russia,Europe,General and special Machinery,waste_generation,kt,0.0035077012305284832,2019,EXIOBASE v3.7 IOT_2016_ixi
ESP,Spain,Europe,Construction,climate_change,kt CO2eq,0.003507005106551569,2019,EXIOBASE v3.7 IOT_2016_ixi
HRV,Croatia,Europe,Furniture and timber,climate_change,kt CO2eq,0.0034828582043125726,2019,EXIOBASE v3.7 IOT_2016_ixi
DNK,Denmark,Denmark,Textile,blue_water_consumption,Mm3,0.0034623609782594078,2019,EXIOBASE v3.7 IOT_2016_ixi
FRA,France,Europe,Metal Products,blue_water_consumption,Mm3,0.003433959941716512,2019,EXIOBASE v3.7 IOT_2016_ixi
CHE,Switzerland,Europe,Furniture and timber,waste_generation,kt,0.003431692626087998,2019,EXIOBASE v3.7 IOT_2016_ixi
TUR,Turkey,Middle East,Minerals and Metals,waste_generation,kt,0.0034166387781166072,2019,EXIOBASE v3.7 IOT_2016_ixi
PRT,Portugal,Europe,Textile,waste_generation,kt,0.003409780201273449,2019,EXIOBASE v3.7 IOT_2016_ixi
GRC,Greece,Europe,Non-metallic mineral products,waste_generation,kt,0.0033931506802797576,2019,EXIOBASE v3.7 IOT_2016_ixi
BGR,Bulgaria,Europe,Construction,waste_generation,kt,0.003352985330923758,2019,EXIOBASE v3.7 IOT_2016_ixi
ITA,Italy,Europe,"Electrical, electronic and measuring equipment",blue_water_consumption,Mm3,0.00331105930966905,2019,EXIOBASE v3.7 IOT_2016_ixi
IRL,Ireland,Europe,Food and catering,material_extraction,kt,0.003309928470311279,2019,EXIOBASE v3.7 IOT_2016_ixi
RUS,Russia,Europe,Non-metallic mineral products,land_use,km2,0.003309359758007974,2019,EXIOBASE v3.7 IOT_2016_ixi
RoW Middle East,RoW Middle East,Middle East,Transport Equipment,waste_generation,kt,0.003306239200276023,2019,EXIOBASE v3.7 IOT_2016_ixi
TWN,Taiwan,Asia and Pacific,Food and catering,blue_water_consumption,Mm3,0.0032958396779396637,2019,EXIOBASE v3.7 IOT_2016_ixi
LVA,Latvia,Europe,Chemical,blue_water_consumption,Mm3,0.0032949039065672987,2019,EXIOBASE v3.7 IOT_2016_ixi
HUN,Hungary,Europe,Metal Products,material_extraction,kt,0.0032909782259063717,2019,EXIOBASE v3.7 IOT_2016_ixi
LUX,Luxembourg,Europe,Paper Products,waste_generation,kt,0.0032727145411515566,2019,EXIOBASE v3.7 IOT_2016_ixi
CZE,Czech Republic,Europe,Metal Products,blue_water_consumption,Mm3,0.003268854099405106,2019,EXIOBASE v3.7 IOT_2016_ixi
CAN,Canada,America,Paper Products,blue_water_consumption,Mm3,0.0032671233709591686,2019,EXIOBASE v3.7 IOT_2016_ixi
KOR,South Korea,Asia and Pacific,Metal Products,blue_water_consumption,Mm3,0.003260615139572674,2019,EXIOBASE v3.7 IOT_2016_ixi
FIN,Finland,Europe,Food and catering,blue_water_consumption,Mm3,0.0032591573247951503,2019,EXIOBASE v3.7 IOT_2016_ixi
RoW Middle East,RoW Middle East,Middle East,Non-metallic mineral products,waste_generation,kt,0.0032584076241671395,2019,EXIOBASE v3.7 IOT_2016_ixi
BGR,Bulgaria,Europe,Furniture and timber,climate_change,kt CO2eq,0.003256847053153149,2019,EXIOBASE v3.7 IOT_2016_ixi
MEX,Mexico,America,Textile,blue_water_consumption,Mm3,0.0032482932931087545,2019,EXIOBASE v3.7 IOT_2016_ixi
RoW Middle East,RoW Middle East,Middle East,Natural gas and gaseous fuels,land_use,km2,0.003241028564168532,2019,EXIOBASE v3.7 IOT_2016_ixi
ITA,Italy,Europe,Non-metallic mineral products,blue_water_consumption,Mm3,0.003230665602959379,2019,EXIOBASE v3.7 IOT_2016_ixi
CAN,Canada,America,Electricity,blue_water_consumption,Mm3,0.0032208224010285393,2019,EXIOBASE v3.7 IOT_2016_ixi
RUS,Russia,Europe,Textile,blue_water_consumption,Mm3,0.003202182937856503,2019,EXIOBASE v3.7 IOT_2016_ixi
NLD,Netherlands,Europe,Paper Products,blue_water_consumption,Mm3,0.0031739389937306536,2019,EXIOBASE v3.7 IOT_2016_ixi
ESP,Spain,Europe,"Steam, hot water supply and water distribution",climate_change,kt CO2eq,0.003165442118059299,2019,EXIOBASE v3.7 IOT_2016_ixi
JPN,Japan,Asia and Pacific,Services,waste_generation,kt,0.003143119361790062,2019,EXIOBASE v3.7 IOT_2016_ixi
SVK,Slovakia,Europe,Transport,land_use,km2,0.0031388206180928174,2019,EXIOBASE v3.7 IOT_2016_ixi
SWE,Sweden,Europe,Non-metallic mineral products,land_use,km2,0.0031231548494515247,2019,EXIOBASE v3.7 IOT_2016_ixi
MEX,Mexico,America,"Electrical, electronic and measuring equipment",waste_generation,kt,0.003119996767991402,2019,EXIOBASE v3.7 IOT_2016_ixi
CZE,Czech Republic,Europe,Transport Equipment,waste_generation,kt,0.003067675406403768,2019,EXIOBASE v3.7 IOT_2016_ixi
ITA,Italy,Europe,Transport Equipment,waste_generation,kt,0.003036277408265218,2019,EXIOBASE v3.7 IOT_2016_ixi
SVN,Slovenia,Europe,Textile,climate_change,kt CO2eq,0.003019902580296203,2019,EXIOBASE v3.7 IOT_2016_ixi
NOR,Norway,Europe,"Electrical, electronic and measuring equipment",blue_water_consumption,Mm3,0.0030007613194442517,2019,EXIOBASE v3.7 IOT_2016_ixi
LUX,Luxembourg,Europe,"Electrical, electronic and measuring equipment",climate_change,kt CO2eq,0.0029759525695781533,2019,EXIOBASE v3.7 IOT_2016_ixi
FRA,France,Europe,Textile,waste_generation,kt,0.0029693268228232353,2019,EXIOBASE v3.7 IOT_2016_ixi
AUS,Australia,Asia and Pacific,Textile,blue_water_consumption,Mm3,0.00293612859197816,2019,EXIOBASE v3.7 IOT_2016_ixi
NOR,Norway,Europe,Non-metallic mineral products,blue_water_consumption,Mm3,0.0029302855178900407,2019,EXIOBASE v3.7 IOT_2016_ixi
MEX,Mexico,America,Services,waste_generation,kt,0.0029129222081982443,2019,EXIOBASE v3.7 IOT_2016_ixi
SVK,Slovakia,Europe,"Steam, hot water supply and water distribution",waste_generation,kt,0.002902262077839655,2019,EXIOBASE v3.7 IOT_2016_ixi
LVA,Latvia,Europe,Coal and Petroleum,climate_change,kt CO2eq,0.0028952194047685217,2019,EXIOBASE v3.7 IOT_2016_ixi
CHE,Switzerland,Europe,Minerals and Metals,waste_generation,kt,0.002888704745859047,2019,EXIOBASE v3.7 IOT_2016_ixi
IRL,Ireland,Europe,Natural gas and gaseous fuels,climate_change,kt CO2eq,0.002881434436041921,2019,EXIOBASE v3.7 IOT_2016_ixi
NOR,Norway,Europe,Coal and Petroleum,blue_water_consumption,Mm3,0.0028441222576652265,2019,EXIOBASE v3.7 IOT_2016_ixi
PRT,Portugal,Europe,Transport,waste_generation,kt,0.002842514235036509,2019,EXIOBASE v3.7 IOT_2016_ixi
AUT,Austria,Europe,"Electrical, electronic and measuring equipment",waste_generation,kt,0.0028365450879264224,2019,EXIOBASE v3.7 IOT_2016_ixi
IND,India,Asia and Pacific,Furniture and timber,blue_water_consumption,Mm3,0.002832292121934134,2019,EXIOBASE v3.7 IOT_2016_ixi
SVK,Slovakia,Europe,Non-metallic mineral products,blue_water_consumption,Mm3,0.002814870015805011,2019,EXIOBASE v3.7 IOT_2016_ixi
ITA,Italy,Europe,Coal and Petroleum,waste_generation,kt,0.0027790242621524037,2019,EXIOBASE v3.7 IOT_2016_ixi
HRV,Croatia,Europe,Services,blue_water_consumption,Mm3,0.002768128814740787,2019,EXIOBASE v3.7 IOT_2016_ixi
LUX,Luxembourg,Europe,Construction,climate_change,kt CO2eq,0.002761870837003064,2019,EXIOBASE v3.7 IOT_2016_ixi
IDN,Indonesia,Asia and Pacific,General and special Machinery,waste_generation,kt,0.002761041109048363,2019,EXIOBASE v3.7 IOT_2016_ixi
LTU,Lithuania,Europe,Transport Equipment,climate_change,kt CO2eq,0.002758366273819205,2019,EXIOBASE v3.7 IOT_2016_ixi
FIN,Finland,Europe,Non-metallic mineral products,waste_generation,kt,0.0027525522358911435,2019,EXIOBASE v3.7 IOT_2016_ixi
GRC,Greece,Europe,Services,blue_water_consumption,Mm3,0.002742940170390071,2019,EXIOBASE v3.7 IOT_2016_ixi
SVK,Slovakia,Europe,Metal Products,blue_water_consumption,Mm3,0.002730069500328276,2019,EXIOBASE v3.7 IOT_2016_ixi
EST,Estonia,Europe,"Electrical, electronic and measuring equipment",climate_change,kt CO2eq,0.0027271988743919353,2019,EXIOBASE v3.7 IOT_2016_ixi
USA,United States,America,Paper Products,blue_water_consumption,Mm3,0.0027250238564601923,2019,EXIOBASE v3.7 IOT_2016_ixi
TUR,Turkey,Middle East,Services,blue_water_consumption,Mm3,0.0027178222685905608,2019,EXIOBASE v3.7 IOT_2016_ixi
SWE,Sweden,Europe,Natural gas and gaseous fuels,waste_generation,kt,0.002713200863484952,2019,EXIOBASE v3.7 IOT_2016_ixi
ESP,Spain,Europe,Construction,waste_generation,kt,0.0026929838126036115,2019,EXIOBASE v3.7 IOT_2016_ixi
DEU,Germany,Europe,"Electrical, electronic and measuring equipment",blue_water_consumption,Mm3,0.0026876339037261027,2019,EXIOBASE v3.7 IOT_2016_ixi
TUR,Turkey,Middle East,Construction,climate_change,kt CO2eq,0.002660313727185502,2019,EXIOBASE v3.7 IOT_2016_ixi
FRA,France,Europe,Paper Products,blue_water_consumption,Mm3,0.0026593021265917606,2019,EXIOBASE v3.7 IOT_2016_ixi
CYP,Cyprus,Middle East,Furniture and timber,climate_change,kt CO2eq,0.0026463900177704958,2019,EXIOBASE v3.7 IOT_2016_ixi
HUN,Hungary,Europe,General and special Machinery,waste_generation,kt,0.0026318318376136393,2019,EXIOBASE v3.7 IOT_2016_ixi
RoW Europe,RoW Europe,Europe,Textile,material_extraction,kt,0.002607650480558404,2019,EXIOBASE v3.7 IOT_2016_ixi
RoW America,RoW America,America,Transport Equipment,climate_change,kt CO2eq,0.0025997788496508675,2019,EXIOBASE v3.7 IOT_2016_ixi
RoW Europe,RoW Europe,Europe,Non-metallic mineral products,blue_water_consumption,Mm3,0.0025814482919898703,2019,EXIOBASE v3.7 IOT_2016_ixi
BEL,Belgium,Europe,Textile,blue_water_consumption,Mm3,0.0025748424728695334,2019,EXIOBASE v3.7 IOT_2016_ixi
IND,India,Asia and Pacific,Non-metallic mineral products,blue_water_consumption,Mm3,0.002572643601676613,2019,EXIOBASE v3.7 IOT_2016_ixi
CZE,Czech Republic,Europe,Textile,blue_water_consumption,Mm3,0.0025713986393267824,2019,EXIOBASE v3.7 IOT_2016_ixi
GRC,Greece,Europe,Services,waste_generation,kt,0.0025686439669742895,2019,EXIOBASE v3.7 IOT_2016_ixi
RoW Europe,RoW Europe,Europe,"Electrical, electronic and measuring equipment",blue_water_consumption,Mm3,0.002567267087628728,2019,EXIOBASE v3.7 IOT_2016_ixi
RUS,Russia,Europe,General and special Machinery,blue_water_consumption,Mm3,0.002559350282456069,2019,EXIOBASE v3.7 IOT_2016_ixi
GBR,United Kingdom,Europe,Textile,waste_generation,kt,0.0025353798694991167,2019,EXIOBASE v3.7 IOT_2016_ixi
IDN,Indonesia,Asia and Pacific,Textile,waste_generation,kt,0.002524673648038124,2019,EXIOBASE v3.7 IOT_2016_ixi
GBR,United Kingdom,Europe,Transport,waste_generation,kt,0.0025097677963829357,2019,EXIOBASE v3.7 IOT_2016_ixi
JPN,Japan,Asia and Pacific,General and special Machinery,waste_generation,kt,0.002499687526772665,2019,EXIOBASE v3.7 IOT_2016_ixi
IND,India,Asia and Pacific,Natural gas and gaseous fuels,waste_generation,kt,0.002468129524656916,2019,EXIOBASE v3.7 IOT_2016_ixi
MEX,Mexico,America,Furniture and timber,material_extraction,kt,0.0024598096831428807,2019,EXIOBASE v3.7 IOT_2016_ixi
EST,Estonia,Europe,Electricity,blue_water_consumption,Mm3,0.0024527920024819665,2019,EXIOBASE v3.7 IOT_2016_ixi
GRC,Greece,Europe,Construction,waste_generation,kt,0.002425277361016169,2019,EXIOBASE v3.7 IOT_2016_ixi
NLD,Netherlands,Europe,General and special Machinery,blue_water_consumption,Mm3,0.002421045366623225,2019,EXIOBASE v3.7 IOT_2016_ixi
FIN,Finland,Europe,General and special Machinery,waste_generation,kt,0.0024196139712042088,2019,EXIOBASE v3.7 IOT_2016_ixi
NOR,Norway,Europe,Textile,waste_generation,kt,0.0023934417775272948,2019,EXIOBASE v3.7 IOT_2016_ixi
BRA,Brazil,America,General and special Machinery,waste_generation,kt,0.002386177116808512,2019,EXIOBASE v3.7 IOT_2016_ixi
RoW Africa,RoW Africa,Africa,Furniture and timber,waste_generation,kt,0.002380235802888447,2019,EXIOBASE v3.7 IOT_2016_ixi
RUS,Russia,Europe,Transport,blue_water_consumption,Mm3,0.002364206130800569,2019,EXIOBASE v3.7 IOT_2016_ixi
RoW America,RoW America,America,Non-metallic mineral products,waste_generation,kt,0.002354535412958604,2019,EXIOBASE v3.7 IOT_2016_ixi
TUR,Turkey,Middle East,General and special Machinery,waste_generation,kt,0.0023465675651706546,2019,EXIOBASE v3.7 IOT_2016_ixi
FIN,Finland,Europe,Transport,waste_generation,kt,0.00230598464730676,2019,EXIOBASE v3.7 IOT_2016_ixi
ROU,Romania,Europe,Transport,waste_generation,kt,0.002302152317701683,2019,EXIOBASE v3.7 IOT_2016_ixi
JPN,Japan,Asia and Pacific,Natural gas and gaseous fuels,waste_generation,kt,0.0023015282733616646,2019,EXIOBASE v3.7 IOT_2016_ixi
GRC,Greece,Europe,Textile,waste_generation,kt,0.0023001503485737492,2019,EXIOBASE v3.7 IOT_2016_ixi
LVA,Latvia,Europe,Textile,climate_change,kt CO2eq,0.002287017913946361,2019,EXIOBASE v3.7 IOT_2016_ixi
AUS,Australia,Asia and Pacific,Non-metallic mineral products,waste_generation,kt,0.002262164011093219,2019,EXIOBASE v3.7 IOT_2016_ixi
KOR,South Korea,Asia and Pacific,Construction,waste_generation,kt,0.002252536547059122,2019,EXIOBASE v3.7 IOT_2016_ixi
IDN,Indonesia,Asia and Pacific,Transport Equipment,waste_generation,kt,0.0022349137476545614,2019,EXIOBASE v3.7 IOT_2016_ixi
SVN,Slovenia,Europe,Natural gas and gaseous fuels,climate_change,kt CO2eq,0.002220127824233715,2019,EXIOBASE v3.7 IOT_2016_ixi
JPN,Japan,Asia and Pacific,Furniture and timber,waste_generation,kt,0.0021948995749066676,2019,EXIOBASE v3.7 IOT_2016_ixi
EST,Estonia,Europe,Transport,waste_generation,kt,0.002188085402695071,2019,EXIOBASE v3.7 IOT_2016_ixi
USA,United States,America,"Electrical, electronic and measuring equipment",blue_water_consumption,Mm3,0.0021855402981189685,2019,EXIOBASE v3.7 IOT_2016_ixi
RoW Africa,RoW Africa,Africa,Paper Products,blue_water_consumption,Mm3,0.0021816842435078317,2019,EXIOBASE v3.7 IOT_2016_ixi
EST,Estonia,Europe,Metal Products,climate_change,kt CO2eq,0.0021642835814713493,2019,EXIOBASE v3.7 IOT_2016_ixi
AUT,Austria,Europe,Paper Products,blue_water_consumption,Mm3,0.0021471672640290514,2019,EXIOBASE v3.7 IOT_2016_ixi
RoW Europe,RoW Europe,Europe,Textile,blue_water_consumption,Mm3,0.002143976503312771,2019,EXIOBASE v3.7 IOT_2016_ixi
RoW Europe,RoW Europe,Europe,Services,blue_water_consumption,Mm3,0.0021410611847868647,2019,EXIOBASE v3.7 IOT_2016_ixi
GBR,United Kingdom,Europe,Non-metallic mineral products,blue_water_consumption,Mm3,0.002140082689936267,2019,EXIOBASE v3.7 IOT_2016_ixi
ESP,Spain,Europe,Textile,waste_generation,kt,0.002139768690635553,2019,EXIOBASE v3.7 IOT_2016_ixi
CHE,Switzerland,Europe,Transport,waste_generation,kt,0.002132473573996409,2019,EXIOBASE v3.7 IOT_2016_ixi
MLT,Malta,Europe,Coal and Petroleum,climate_change,kt CO2eq,0.0021309626880427336,2019,EXIOBASE v3.7 IOT_2016_ixi
IDN,Indonesia,Asia and Pacific,General and special Machinery,climate_change,kt CO2eq,0.0021085157230963086,2019,EXIOBASE v3.7 IOT_2016_ixi
LTU,Lithuania,Europe,Non-metallic mineral products,waste_generation,kt,0.0020980831469276395,2019,EXIOBASE v3.7 IOT_2016_ixi
ITA,Italy,Europe,General and special Machinery,blue_water_consumption,Mm3,0.0020606785794203162,2019,EXIOBASE v3.7 IOT_2016_ixi
IDN,Indonesia,Asia and Pacific,Non-metallic mineral products,waste_generation,kt,0.0020573893039531983,2019,EXIOBASE v3.7 IOT_2016_ixi
PRT,Portugal,Europe,Construction,waste_generation,kt,0.002051403932021622,2019,EXIOBASE v3.7 IOT_2016_ixi
AUT,Austria,Europe,Transport Equipment,waste_generation,kt,0.002030544159419978,2019,EXIOBASE v3.7 IOT_2016_ixi
TWN,Taiwan,Asia and Pacific,Chemical,blue_water_consumption,Mm3,0.002014404404516254,2019,EXIOBASE v3.7 IOT_2016_ixi
BGR,Bulgaria,Europe,Minerals and Metals,blue_water_consumption,Mm3,0.001987997774797691,2019,EXIOBASE v3.7 IOT_2016_ixi
CHE,Switzerland,Europe,Construction,land_use,km2,0.001985929351826223,2019,EXIOBASE v3.7 IOT_2016_ixi
CZE,Czech Republic,Europe,"Steam, hot water supply and water distribution",land_use,km2,0.0019547706933671855,2019,EXIOBASE v3.7 IOT_2016_ixi
ESP,Spain,Europe,Transport Equipment,waste_generation,kt,0.0019452735754745512,2019,EXIOBASE v3.7 IOT_2016_ixi
FRA,France,Europe,Transport Equipment,waste_generation,kt,0.0019388847976753438,2019,EXIOBASE v3.7 IOT_2016_ixi
LUX,Luxembourg,Europe,Construction,waste_generation,kt,0.001937068668354555,2019,EXIOBASE v3.7 IOT_2016_ixi
IRL,Ireland,Europe,Paper Products,blue_water_consumption,Mm3,0.001932488773848909,2019,EXIOBASE v3.7 IOT_2016_ixi
IRL,Ireland,Europe,Textile,climate_change,kt CO2eq,0.001930123725794392,2019,EXIOBASE v3.7 IOT_2016_ixi
BGR,Bulgaria,Europe,Construction,land_use,km2,0.001922055202641566,2019,EXIOBASE v3.7 IOT_2016_ixi
RoW Middle East,RoW Middle East,Middle East,Electricity,waste_generation,kt,0.001920364713263306,2019,EXIOBASE v3.7 IOT_2016_ixi
RoW Africa,RoW Africa,Africa,Natural gas and gaseous fuels,land_use,km2,0.0019177603000008385,2019,EXIOBASE v3.7 IOT_2016_ixi
POL,Poland,Europe,Minerals and Metals,land_use,km2,0.0019155149518118649,2019,EXIOBASE v3.7 IOT_2016_ixi
ZAF,South Africa,Africa,Construction,waste_generation,kt,0.001910647672345605,2019,EXIOBASE v3.7 IOT_2016_ixi
IDN,Indonesia,Asia and Pacific,Furniture and timber,waste_generation,kt,0.0019095917700562494,2019,EXIOBASE v3.7 IOT_2016_ixi
LVA,Latvia,Europe,Paper Products,blue_water_consumption,Mm3,0.001907006406063423,2019,EXIOBASE v3.7 IOT_2016_ixi
CHE,Switzerland,Europe,Transport Equipment,climate_change,kt CO2eq,0.001905511502469532,2019,EXIOBASE v3.7 IOT_2016_ixi
AUT,Austria,Europe,Coal and Petroleum,waste_generation,kt,0.0019018699841168829,2019,EXIOBASE v3.7 IOT_2016_ixi
EST,Estonia,Europe,Construction,land_use,km2,0.001899429516934639,2019,EXIOBASE v3.7 IOT_2016_ixi
NOR,Norway,Europe,General and special Machinery,climate_change,kt CO2eq,0.0018988505150660253,2019,EXIOBASE v3.7 IOT_2016_ixi
SWE,Sweden,Europe,Construction,climate_change,kt CO2eq,0.0018905516934477425,2019,EXIOBASE v3.7 IOT_2016_ixi
BRA,Brazil,America,General and special Machinery,climate_change,kt CO2eq,0.0018880529612994444,2019,EXIOBASE v3.7 IOT_2016_ixi
MEX,Mexico,America,Textile,waste_generation,kt,0.001887896968306334,2019,EXIOBASE v3.7 IOT_2016_ixi
IND,India,Asia and Pacific,Non-metallic mineral products,material_extraction,kt,0.001886299884175901,2019,EXIOBASE v3.7 IOT_2016_ixi
RoW America,RoW America,America,Transport Equipment,waste_generation,kt,0.0018847553352198106,2019,EXIOBASE v3.7 IOT_2016_ixi
ESP,Spain,Europe,Chemical,blue_water_consumption,Mm3,0.0018814433856931211,2019,EXIOBASE v3.7 IOT_2016_ixi
SVN,Slovenia,Europe,General and special Machinery,waste_generation,kt,0.0018737881611602344,2019,EXIOBASE v3.7 IOT_2016_ixi
RoW Middle East,RoW Middle East,Middle East,Chemical,blue_water_consumption,Mm3,0.0018618674254878445,2019,EXIOBASE v3.7 IOT_2016_ixi
AUT,Austria,Europe,General and special Machinery,waste_generation,kt,0.0018526773375762413,2019,EXIOBASE v3.7 IOT_2016_ixi
RUS,Russia,Europe,Non-metallic mineral products,blue_water_consumption,Mm3,0.0018500474160327866,2019,EXIOBASE v3.7 IOT_2016_ixi
TWN,Taiwan,Asia and Pacific,Paper Products,blue_water_consumption,Mm3,0.0018420014703450019,2019,EXIOBASE v3.7 IOT_2016_ixi
SWE,Sweden,Europe,Minerals and Metals,land_use,km2,0.001839487853773179,2019,EXIOBASE v3.7 IOT_2016_ixi
LUX,Luxembourg,Europe,Paper Products,climate_change,kt CO2eq,0.0018378204733845334,2019,EXIOBASE v3.7 IOT_2016_ixi
IRL,Ireland,Europe,Construction,climate_change,kt CO2eq,0.001820518652661756,2019,EXIOBASE v3.7 IOT_2016_ixi
RoW Asia and Pacific,RoW Asia and Pacific,Asia and Pacific,Waste management and disposal,material_extraction,kt,0.0018176961684527417,2019,EXIOBASE v3.7 IOT_2016_ixi
RoW Africa,RoW Africa,Africa,"Electrical, electronic and measuring equipment",blue_water_consumption,Mm3,0.001815765451844854,2019,EXIOBASE v3.7 IOT_2016_ixi
SVK,Slovakia,Europe,Textile,blue_water_consumption,Mm3,0.0018089350410665631,2019,EXIOBASE v3.7 IOT_2016_ixi
LTU,Lithuania,Europe,Furniture and timber,waste_generation,kt,0.001807035664538925,2019,EXIOBASE v3.7 IOT_2016_ixi
RUS,Russia,Europe,Coal and Petroleum,blue_water_consumption,Mm3,0.0017956770313198047,2019,EXIOBASE v3.7 IOT_2016_ixi
GRC,Greece,Europe,Transport Equipment,climate_change,kt CO2eq,0.0017884484442345645,2019,EXIOBASE v3.7 IOT_2016_ixi
PRT,Portugal,Europe,Services,blue_water_consumption,Mm3,0.0017862482241006736,2019,EXIOBASE v3.7 IOT_2016_ixi
FIN,Finland,Europe,Metal Products,blue_water_consumption,Mm3,0.0017828899660910817,2019,EXIOBASE v3.7 IOT_2016_ixi
RoW Middle East,RoW Middle East,Middle East,"Steam, hot water supply and water distribution",land_use,km2,0.001773494426391978,2019,EXIOBASE v3.7 IOT_2016_ixi
TWN,Taiwan,Asia and Pacific,Transport Equipment,blue_water_consumption,Mm3,0.0017724682321679053,2019,EXIOBASE v3.7 IOT_2016_ixi
BEL,Belgium,Europe,Metal Products,material_extraction,kt,0.0017690229859483372,2019,EXIOBASE v3.7 IOT_2016_ixi
MLT,Malta,Europe,Chemical,climate_change,kt CO2eq,0.001754193170777176,2019,EXIOBASE v3.7 IOT_2016_ixi
HUN,Hungary,Europe,Transport Equipment,waste_generation,kt,0.0017452548206460783,2019,EXIOBASE v3.7 IOT_2016_ixi
BEL,Belgium,Europe,Minerals and Metals,blue_water_consumption,Mm3,0.0017423975206552265,2019,EXIOBASE v3.7 IOT_2016_ixi
BGR,Bulgaria,Europe,General and special Machinery,waste_generation,kt,0.0017308543646794364,2019,EXIOBASE v3.7 IOT_2016_ixi
RoW Middle East,RoW Middle East,Middle East,Paper Products,material_extraction,kt,0.0017225554957285161,2019,EXIOBASE v3.7 IOT_2016_ixi
RoW Asia and Pacific,RoW Asia and Pacific,Asia and Pacific,Coal and Petroleum,blue_water_consumption,Mm3,0.0017129414002409141,2019,EXIOBASE v3.7 IOT_2016_ixi
JPN,Japan,Asia and Pacific,Textile,waste_generation,kt,0.0017086687465232991,2019,EXIOBASE v3.7 IOT_2016_ixi
SVN,Slovenia,Europe,Services,blue_water_consumption,Mm3,0.001697630599102105,2019,EXIOBASE v3.7 IOT_2016_ixi
SVN,Slovenia,Europe,General and special Machinery,land_use,km2,0.00169551115311224,2019,EXIOBASE v3.7 IOT_2016_ixi
CZE,Czech Republic,Europe,Minerals and Metals,blue_water_consumption,Mm3,0.0016939571358981784,2019,EXIOBASE v3.7 IOT_2016_ixi
NOR,Norway,Europe,Services,land_use,km2,0.0016880622284756522,2019,EXIOBASE v3.7 IOT_2016_ixi
RoW Europe,RoW Europe,Europe,General and special Machinery,blue_water_consumption,Mm3,0.001684249286067439,2019,EXIOBASE v3.7 IOT_2016_ixi
HUN,Hungary,Europe,Natural gas and gaseous fuels,waste_generation,kt,0.001671844795039589,2019,EXIOBASE v3.7 IOT_2016_ixi
SWE,Sweden,Europe,General and special Machinery,blue_water_consumption,Mm3,0.0016604599663419487,2019,EXIOBASE v3.7 IOT_2016_ixi
POL,Poland,Europe,Minerals and Metals,waste_generation,kt,0.0016499039326960852,2019,EXIOBASE v3.7 IOT_2016_ixi
FRA,France,Europe,General and special Machinery,waste_generation,kt,0.0016484671081510576,2019,EXIOBASE v3.7 IOT_2016_ixi
LVA,Latvia,Europe,Paper Products,waste_generation,kt,0.001646872439063621,2019,EXIOBASE v3.7 IOT_2016_ixi
DNK,Denmark,Denmark,Natural gas and gaseous fuels,waste_generation,kt,0.0016442807474415485,2019,EXIOBASE v3.7 IOT_2016_ixi
BGR,Bulgaria,Europe,Non-metallic mineral products,blue_water_consumption,Mm3,0.0016347761218721728,2019,EXIOBASE v3.7 IOT_2016_ixi
ZAF,South Africa,Africa,Transport,waste_generation,kt,0.0016326110320822873,2019,EXIOBASE v3.7 IOT_2016_ixi
POL,Poland,Europe,"Electrical, electronic and measuring equipment",land_use,km2,0.0016291130534921649,2019,EXIOBASE v3.7 IOT_2016_ixi
KOR,South Korea,Asia and Pacific,Transport,waste_generation,kt,0.0016266440967076293,2019,EXIOBASE v3.7 IOT_2016_ixi
KOR,South Korea,Asia and Pacific,Paper Products,blue_water_consumption,Mm3,0.0016201237683217183,2019,EXIOBASE v3.7 IOT_2016_ixi
POL,Poland,Europe,"Electrical, electronic and measuring equipment",blue_water_consumption,Mm3,0.0016112728114577948,2019,EXIOBASE v3.7 IOT_2016_ixi
KOR,South Korea,Asia and Pacific,"Electrical, electronic and measuring equipment",blue_water_consumption,Mm3,0.0016109740521848056,2019,EXIOBASE v3.7 IOT_2016_ixi
BGR,Bulgaria,Europe,Furniture and timber,waste_generation,kt,0.0016040015014828313,2019,EXIOBASE v3.7 IOT_2016_ixi
HRV,Croatia,Europe,General and special Machinery,climate_change,kt CO2eq,0.0016001362766628637,2019,EXIOBASE v3.7 IOT_2016_ixi
GBR,United Kingdom,Europe,Minerals and Metals,waste_generation,kt,0.0015915280238426423,2019,EXIOBASE v3.7 IOT_2016_ixi
IDN,Indonesia,Asia and Pacific,Minerals and Metals,waste_generation,kt,0.0015892890934580885,2019,EXIOBASE v3.7 IOT_2016_ixi
USA,United States,America,Minerals and Metals,blue_water_consumption,Mm3,0.0015882268120426721,2019,EXIOBASE v3.7 IOT_2016_ixi
RoW America,RoW America,America,Paper Products,blue_water_consumption,Mm3,0.0015662403545478145,2019,EXIOBASE v3.7 IOT_2016_ixi
ROU,Romania,Europe,Non-metallic mineral products,waste_generation,kt,0.0015621459186782015,2019,EXIOBASE v3.7 IOT_2016_ixi
RoW Europe,RoW Europe,Europe,Paper Products,blue_water_consumption,Mm3,0.0015569137653031776,2019,EXIOBASE v3.7 IOT_2016_ixi
LVA,Latvia,Europe,Textile,land_use,km2,0.0015555039346684884,2019,EXIOBASE v3.7 IOT_2016_ixi
RoW Africa,RoW Africa,Africa,Waste management and disposal,blue_water_consumption,Mm3,0.0015477409657687492,2019,EXIOBASE v3.7 IOT_2016_ixi
MEX,Mexico,America,Furniture and timber,waste_generation,kt,0.001543338079299971,2019,EXIOBASE v3.7 IOT_2016_ixi
BEL,Belgium,Europe,General and special Machinery,waste_generation,kt,0.0015421127562280478,2019,EXIOBASE v3.7 IOT_2016_ixi
ITA,Italy,Europe,Textile,land_use,km2,0.001541992499555452,2019,EXIOBASE v3.7 IOT_2016_ixi
SVK,Slovakia,Europe,Waste management and disposal,blue_water_consumption,Mm3,0.0015369394857290583,2019,EXIOBASE v3.7 IOT_2016_ixi
GBR,United Kingdom,Europe,General and special Machinery,blue_water_consumption,Mm3,0.0015306229612129202,2019,EXIOBASE v3.7 IOT_2016_ixi
BRA,Brazil,America,Textile,material_extraction,kt,0.001528756962211389,2019,EXIOBASE v3.7 IOT_2016_ixi
ROU,Romania,Europe,Metal Products,blue_water_consumption,Mm3,0.0015180503199514752,2019,EXIOBASE v3.7 IOT_2016_ixi
DNK,Denmark,Denmark,Textile,waste_generation,kt,0.0015104796840856648,2019,EXIOBASE v3.7 IOT_2016_ixi
NLD,Netherlands,Europe,Textile,land_use,km2,0.001505493853800264,2019,EXIOBASE v3.7 IOT_2016_ixi
AUT,Austria,Europe,Electricity,blue_water_consumption,Mm3,0.00149454180313832,2019,EXIOBASE v3.7 IOT_2016_ixi
POL,Poland,Europe,Non-metallic mineral products,blue_water_consumption,Mm3,0.0014938354571583622,2019,EXIOBASE v3.7 IOT_2016_ixi
EST,Estonia,Europe,Chemical,waste_generation,kt,0.0014916958303923884,2019,EXIOBASE v3.7 IOT_2016_ixi
HRV,Croatia,Europe,Transport,waste_generation,kt,0.0014901950168662763,2019,EXIOBASE v3.7 IOT_2016_ixi
TUR,Turkey,Middle East,Chemical,material_extraction,kt,0.0014812235170834993,2019,EXIOBASE v3.7 IOT_2016_ixi
RUS,Russia,Europe,"Electrical, electronic and measuring equipment",waste_generation,kt,0.0014749248334895782,2019,EXIOBASE v3.7 IOT_2016_ixi
JPN,Japan,Asia and Pacific,Transport Equipment,waste_generation,kt,0.0014666965961693313,2019,EXIOBASE v3.7 IOT_2016_ixi
JPN,Japan,Asia and Pacific,Food and catering,blue_water_consumption,Mm3,0.0014640168772441578,2019,EXIOBASE v3.7 IOT_2016_ixi
HRV,Croatia,Europe,Chemical,blue_water_consumption,Mm3,0.0014462808443080762,2019,EXIOBASE v3.7 IOT_2016_ixi
LVA,Latvia,Europe,Electricity,waste_generation,kt,0.0014413713575590118,2019,EXIOBASE v3.7 IOT_2016_ixi
CHE,Switzerland,Europe,General and special Machinery,waste_generation,kt,0.001432008856561323,2019,EXIOBASE v3.7 IOT_2016_ixi
EST,Estonia,Europe,Food and catering,blue_water_consumption,Mm3,0.0014192696859530352,2019,EXIOBASE v3.7 IOT_2016_ixi
EST,Estonia,Europe,Non-metallic mineral products,waste_generation,kt,0.0014166200773591078,2019,EXIOBASE v3.7 IOT_2016_ixi
HUN,Hungary,Europe,Construction,waste_generation,kt,0.001415041835916476,2019,EXIOBASE v3.7 IOT_2016_ixi
AUT,Austria,Europe,Textile,waste_generation,kt,0.0014087955103793664,2019,EXIOBASE v3.7 IOT_2016_ixi
RoW Middle East,RoW Middle East,Middle East,Natural gas and gaseous fuels,blue_water_consumption,Mm3,0.001406542266214611,2019,EXIOBASE v3.7 IOT_2016_ixi
MEX,Mexico,America,Electricity,blue_water_consumption,Mm3,0.0014037458159480013,2019,EXIOBASE v3.7 IOT_2016_ixi
IRL,Ireland,Europe,Construction,waste_generation,kt,0.001402863919114317,2019,EXIOBASE v3.7 IOT_2016_ixi
PRT,Portugal,Europe,Transport Equipment,climate_change,kt CO2eq,0.0013997465891820713,2019,EXIOBASE v3.7 IOT_2016_ixi
ITA,Italy,Europe,Minerals and Metals,blue_water_consumption,Mm3,0.0013926476321659423,2019,EXIOBASE v3.7 IOT_2016_ixi
IDN,Indonesia,Asia and Pacific,Construction,climate_change,kt CO2eq,0.001392373693236285,2019,EXIOBASE v3.7 IOT_2016_ixi
RoW Africa,RoW Africa,Africa,Electricity,material_extraction,kt,0.0013866116677697438,2019,EXIOBASE v3.7 IOT_2016_ixi
PRT,Portugal,Europe,"Electrical, electronic and measuring equipment",waste_generation,kt,0.001385945230053912,2019,EXIOBASE v3.7 IOT_2016_ixi
RUS,Russia,Europe,Transport Equipment,waste_generation,kt,0.0013842786694109707,2019,EXIOBASE v3.7 IOT_2016_ixi
DNK,Denmark,Denmark,Transport Equipment,waste_generation,kt,0.0013824427602190698,2019,EXIOBASE v3.7 IOT_2016_ixi
USA,United States,America,Transport,waste_generation,kt,0.001378550820738533,2019,EXIOBASE v3.7 IOT_2016_ixi
SVN,Slovenia,Europe,Furniture and timber,waste_generation,kt,0.001375539809814788,2019,EXIOBASE v3.7 IOT_2016_ixi
CAN,Canada,America,Furniture and timber,material_extraction,kt,0.001370092008433202,2019,EXIOBASE v3.7 IOT_2016_ixi
FIN,Finland,Europe,Minerals and Metals,blue_water_consumption,Mm3,0.0013690633998524042,2019,EXIOBASE v3.7 IOT_2016_ixi
LUX,Luxembourg,Europe,"Steam, hot water supply and water distribution",land_use,km2,0.001368618840493516,2019,EXIOBASE v3.7 IOT_2016_ixi
FIN,Finland,Europe,"Electrical, electronic and measuring equipment",material_extraction,kt,0.0013654938798554656,2019,EXIOBASE v3.7 IOT_2016_ixi
RoW America,RoW America,America,Furniture and timber,material_extraction,kt,0.0013654937210685017,2019,EXIOBASE v3.7 IOT_2016_ixi
CHE,Switzerland,Europe,Paper Products,blue_water_consumption,Mm3,0.0013632926741295828,2019,EXIOBASE v3.7 IOT_2016_ixi
HUN,Hungary,Europe,Paper Products,blue_water_consumption,Mm3,0.0013624919125922062,2019,EXIOBASE v3.7 IOT_2016_ixi
RoW Europe,RoW Europe,Europe,Minerals and Metals,blue_water_consumption,Mm3,0.001360556104378282,2019,EXIOBASE v3.7 IOT_2016_ixi
NOR,Norway,Europe,Transport Equipment,waste_generation,kt,0.0013540307458708794,2019,EXIOBASE v3.7 IOT_2016_ixi
AUS,Australia,Asia and Pacific,Electricity,blue_water_consumption,Mm3,0.0013438531873024462,2019,EXIOBASE v3.7 IOT_2016_ixi
DEU,Germany,Europe,Services,blue_water_consumption,Mm3,0.0013323330549140729,2019,EXIOBASE v3.7 IOT_2016_ixi
HRV,Croatia,Europe,Metal Products,blue_water_consumption,Mm3,0.0013304035746116852,2019,EXIOBASE v3.7 IOT_2016_ixi
EST,Estonia,Europe,Textile,waste_generation,kt,0.0013251581542130372,2019,EXIOBASE v3.7 IOT_2016_ixi
TWN,Taiwan,Asia and Pacific,Non-metallic mineral products,blue_water_consumption,Mm3,0.001324360940628546,2019,EXIOBASE v3.7 IOT_2016_ixi
ESP,Spain,Europe,Transport,waste_generation,kt,0.0013227924589325625,2019,EXIOBASE v3.7 IOT_2016_ixi
BRA,Brazil,America,Construction,waste_generation,kt,0.001315353660713605,2019,EXIOBASE v3.7 IOT_2016_ixi
SVN,Slovenia,Europe,Non-metallic mineral products,waste_generation,kt,0.001295828172686041,2019,EXIOBASE v3.7 IOT_2016_ixi
IRL,Ireland,Europe,Furniture and timber,waste_generation,kt,0.001293306322312763,2019,EXIOBASE v3.7 IOT_2016_ixi
BRA,Brazil,America,Minerals and Metals,blue_water_consumption,Mm3,0.0012903123368166365,2019,EXIOBASE v3.7 IOT_2016_ixi
AUS,Australia,Asia and Pacific,Chemical,blue_water_consumption,Mm3,0.0012862833849913201,2019,EXIOBASE v3.7 IOT_2016_ixi
DEU,Germany,Europe,Coal and Petroleum,blue_water_consumption,Mm3,0.0012847145275015257,2019,EXIOBASE v3.7 IOT_2016_ixi
HRV,Croatia,Europe,Construction,material_extraction,kt,0.0012841351977091566,2019,EXIOBASE v3.7 IOT_2016_ixi
HUN,Hungary,Europe,Minerals and Metals,waste_generation,kt,0.0012838556475556991,2019,EXIOBASE v3.7 IOT_2016_ixi
FIN,Finland,Europe,Coal and Petroleum,material_extraction,kt,0.0012824151695193851,2019,EXIOBASE v3.7 IOT_2016_ixi
FRA,France,Europe,"Steam, hot water supply and water distribution",waste_generation,kt,0.0012787672727081394,2019,EXIOBASE v3.7 IOT_2016_ixi
FIN,Finland,Europe,Textile,waste_generation,kt,0.0012749699555550291,2019,EXIOBASE v3.7 IOT_2016_ixi
TUR,Turkey,Middle East,Electricity,blue_water_consumption,Mm3,0.0012729115914313425,2019,EXIOBASE v3.7 IOT_2016_ixi
BGR,Bulgaria,Europe,Paper Products,land_use,km2,0.001269074618410677,2019,EXIOBASE v3.7 IOT_2016_ixi
NOR,Norway,Europe,Non-metallic mineral products,waste_generation,kt,0.0012686185476955326,2019,EXIOBASE v3.7 IOT_2016_ixi
DNK,Denmark,Denmark,Metal Products,land_use,km2,0.001240769655749085,2019,EXIOBASE v3.7 IOT_2016_ixi
RoW America,RoW America,America,Non-metallic mineral products,blue_water_consumption,Mm3,0.001232116781810259,2019,EXIOBASE v3.7 IOT_2016_ixi
IDN,Indonesia,Asia and Pacific,Electricity,waste_generation,kt,0.0012301625726547484,2019,EXIOBASE v3.7 IOT_2016_ixi
HUN,Hungary,Europe,"Electrical, electronic and measuring equipment",blue_water_consumption,Mm3,0.001218728339572601,2019,EXIOBASE v3.7 IOT_2016_ixi
MEX,Mexico,America,Chemical,blue_water_consumption,Mm3,0.0012172728045043311,2019,EXIOBASE v3.7 IOT_2016_ixi
ZAF,South Africa,Africa,"Electrical, electronic and measuring equipment",waste_generation,kt,0.0012109712708419425,2019,EXIOBASE v3.7 IOT_2016_ixi
CHE,Switzerland,Europe,Metal Products,land_use,km2,0.001210932802613482,2019,EXIOBASE v3.7 IOT_2016_ixi
MEX,Mexico,America,General and special Machinery,waste_generation,kt,0.0011999184685053026,2019,EXIOBASE v3.7 IOT_2016_ixi
NOR,Norway,Europe,General and special Machinery,blue_water_consumption,Mm3,0.0011984908291852274,2019,EXIOBASE v3.7 IOT_2016_ixi
NOR,Norway,Europe,Furniture and timber,blue_water_consumption,Mm3,0.0011773299494520718,2019,EXIOBASE v3.7 IOT_2016_ixi
TUR,Turkey,Middle East,Natural gas and gaseous fuels,climate_change,kt CO2eq,0.00116850344353346,2019,EXIOBASE v3.7 IOT_2016_ixi
NOR,Norway,Europe,Textile,blue_water_consumption,Mm3,0.0011601478343746905,2019,EXIOBASE v3.7 IOT_2016_ixi
GRC,Greece,Europe,Furniture and timber,waste_generation,kt,0.0011467975489775776,2019,EXIOBASE v3.7 IOT_2016_ixi
IDN,Indonesia,Asia and Pacific,Transport,waste_generation,kt,0.00114349431542771,2019,EXIOBASE v3.7 IOT_2016_ixi
MEX,Mexico,America,Construction,material_extraction,kt,0.001132399714754665,2019,EXIOBASE v3.7 IOT_2016_ixi
RoW America,RoW America,America,Transport,blue_water_consumption,Mm3,0.0011312090181503868,2019,EXIOBASE v3.7 IOT_2016_ixi
ZAF,South Africa,Africa,Metal Products,blue_water_consumption,Mm3,0.0011304939439129896,2019,EXIOBASE v3.7 IOT_2016_ixi
RoW Europe,RoW Europe,Europe,Transport,blue_water_consumption,Mm3,0.0011292439416392727,2019,EXIOBASE v3.7 IOT_2016_ixi
BRA,Brazil,America,Construction,climate_change,kt CO2eq,0.001128555204045213,2019,EXIOBASE v3.7 IOT_2016_ixi
BGR,Bulgaria,Europe,Transport Equipment,waste_generation,kt,0.0011244567973386801,2019,EXIOBASE v3.7 IOT_2016_ixi
PRT,Portugal,Europe,General and special Machinery,climate_change,kt CO2eq,0.0011236412318259411,2019,EXIOBASE v3.7 IOT_2016_ixi
CYP,Cyprus,Middle East,Chemical,waste_generation,kt,0.0011223842104037098,2019,EXIOBASE v3.7 IOT_2016_ixi
TUR,Turkey,Middle East,Textile,blue_water_consumption,Mm3,0.0011188298681301457,2019,EXIOBASE v3.7 IOT_2016_ixi
HUN,Hungary,Europe,Chemical,material_extraction,kt,0.0011180203043979356,2019,EXIOBASE v3.7 IOT_2016_ixi
AUS,Australia,Asia and Pacific,General and special Machinery,waste_generation,kt,0.001113019815498956,2019,EXIOBASE v3.7 IOT_2016_ixi
SVN,Slovenia,Europe,Transport Equipment,waste_generation,kt,0.0011015958467629472,2019,EXIOBASE v3.7 IOT_2016_ixi
BEL,Belgium,Europe,Food and catering,material_extraction,kt,0.001094048935116898,2019,EXIOBASE v3.7 IOT_2016_ixi
BEL,Belgium,Europe,Waste management and disposal,blue_water_consumption,Mm3,0.0010933508114589114,2019,EXIOBASE v3.7 IOT_2016_ixi
NOR,Norway,Europe,"Electrical, electronic and measuring equipment",material_extraction,kt,0.0010875626448450008,2019,EXIOBASE v3.7 IOT_2016_ixi
RoW Middle East,RoW Middle East,Middle East,Construction,land_use,km2,0.001084732119849013,2019,EXIOBASE v3.7 IOT_2016_ixi
ESP,Spain,Europe,General and special Machinery,waste_generation,kt,0.0010817777107982982,2019,EXIOBASE v3.7 IOT_2016_ixi
LUX,Luxembourg,Europe,Services,material_extraction,kt,0.001080483605448122,2019,EXIOBASE v3.7 IOT_2016_ixi
TUR,Turkey,Middle East,Paper Products,blue_water_consumption,Mm3,0.0010784524917031475,2019,EXIOBASE v3.7 IOT_2016_ixi
IND,India,Asia and Pacific,Minerals and Metals,waste_generation,kt,0.0010750438327972742,2019,EXIOBASE v3.7 IOT_2016_ixi
CZE,Czech Republic,Europe,"Electrical, electronic and measuring equipment",land_use,km2,0.001074789206814785,2019,EXIOBASE v3.7 IOT_2016_ixi
LUX,Luxembourg,Europe,General and special Machinery,waste_generation,kt,0.0010746449568516463,2019,EXIOBASE v3.7 IOT_2016_ixi
RoW America,RoW America,America,General and special Machinery,blue_water_consumption,Mm3,0.001073485905056936,2019,EXIOBASE v3.7 IOT_2016_ixi
IND,India,Asia and Pacific,Transport Equipment,blue_water_consumption,Mm3,0.00107265235874368,2019,EXIOBASE v3.7 IOT_2016_ixi
HRV,Croatia,Europe,Construction,waste_generation,kt,0.001062570664252303,2019,EXIOBASE v3.7 IOT_2016_ixi
TWN,Taiwan,Asia and Pacific,Metal Products,blue_water_consumption,Mm3,0.0010619703952435896,2019,EXIOBASE v3.7 IOT_2016_ixi
RoW Middle East,RoW Middle East,Middle East,Furniture and timber,waste_generation,kt,0.0010608103084962272,2019,EXIOBASE v3.7 IOT_2016_ixi
HUN,Hungary,Europe,Metal Products,blue_water_consumption,Mm3,0.0010525181852254015,2019,EXIOBASE v3.7 IOT_2016_ixi
FIN,Finland,Europe,Textile,climate_change,kt CO2eq,0.0010373439565089784,2019,EXIOBASE v3.7 IOT_2016_ixi
HRV,Croatia,Europe,Food and catering,blue_water_consumption,Mm3,0.0010369145418318755,2019,EXIOBASE v3.7 IOT_2016_ixi
IRL,Ireland,Europe,"Steam, hot water supply and water distribution",climate_change,kt CO2eq,0.001035642188810875,2019,EXIOBASE v3.7 IOT_2016_ixi
POL,Poland,Europe,Coal and Petroleum,material_extraction,kt,0.0010329843283998581,2019,EXIOBASE v3.7 IOT_2016_ixi
ZAF,South Africa,Africa,Textile,blue_water_consumption,Mm3,0.0010319954114940836,2019,EXIOBASE v3.7 IOT_2016_ixi
HRV,Croatia,Europe,Non-metallic mineral products,waste_generation,kt,0.001029983747304447,2019,EXIOBASE v3.7 IOT_2016_ixi
CAN,Canada,America,Minerals and Metals,waste_generation,kt,0.0010292597681760142,2019,EXIOBASE v3.7 IOT_2016_ixi
CAN,Canada,America,Transport,blue_water_consumption,Mm3,0.0010255531880111939,2019,EXIOBASE v3.7 IOT_2016_ixi
BEL,Belgium,Europe,Transport Equipment,waste_generation,kt,0.0010246348257887542,2019,EXIOBASE v3.7 IOT_2016_ixi
SVK,Slovakia,Europe,Transport Equipment,waste_generation,kt,0.0010226455046627352,2019,EXIOBASE v3.7 IOT_2016_ixi
CYP,Cyprus,Middle East,Paper Products,climate_change,kt CO2eq,0.0010125882971772453,2019,EXIOBASE v3.7 IOT_2016_ixi
GBR,United Kingdom,Europe,Furniture and timber,blue_water_consumption,Mm3,0.0010124785986655857,2019,EXIOBASE v3.7 IOT_2016_ixi
TUR,Turkey,Middle East,Construction,waste_generation,kt,0.001010817305328135,2019,EXIOBASE v3.7 IOT_2016_ixi
IRL,Ireland,Europe,Metal Products,waste_generation,kt,0.0010056543538121414,2019,EXIOBASE v3.7 IOT_2016_ixi
SVK,Slovakia,Europe,Transport,blue_water_consumption,Mm3,0.0010046486379234778,2019,EXIOBASE v3.7 IOT_2016_ixi
ZAF,South Africa,Africa,General and special Machinery,waste_generation,kt,0.0010028935555524182,2019,EXIOBASE v3.7 IOT_2016_ixi
CZE,Czech Republic,Europe,"Electrical, electronic and measuring equipment",material_extraction,kt,0.001000017670918417,2019,EXIOBASE v3.7 IOT_2016_ixi
NOR,Norway,Europe,Metal Products,material_extraction,kt,0.0009955555039721884,2019,EXIOBASE v3.7 IOT_2016_ixi
LUX,Luxembourg,Europe,Food and catering,blue_water_consumption,Mm3,0.0009924352082782435,2019,EXIOBASE v3.7 IOT_2016_ixi
HRV,Croatia,Europe,Paper Products,blue_water_consumption,Mm3,0.0009909664966580188,2019,EXIOBASE v3.7 IOT_2016_ixi
RoW Middle East,RoW Middle East,Middle East,Coal and Petroleum,blue_water_consumption,Mm3,0.0009827383781782423,2019,EXIOBASE v3.7 IOT_2016_ixi
CHE,Switzerland,Europe,Services,blue_water_consumption,Mm3,0.0009786693076528677,2019,EXIOBASE v3.7 IOT_2016_ixi
DNK,Denmark,Denmark,Furniture and timber,blue_water_consumption,Mm3,0.0009772990276372387,2019,EXIOBASE v3.7 IOT_2016_ixi
BGR,Bulgaria,Europe,Textile,waste_generation,kt,0.0009691933895822557,2019,EXIOBASE v3.7 IOT_2016_ixi
RoW America,RoW America,America,Electricity,blue_water_consumption,Mm3,0.0009621714816316085,2019,EXIOBASE v3.7 IOT_2016_ixi
PRT,Portugal,Europe,Transport,material_extraction,kt,0.0009607048411163464,2019,EXIOBASE v3.7 IOT_2016_ixi
MEX,Mexico,America,Transport Equipment,waste_generation,kt,0.0009575248108548623,2019,EXIOBASE v3.7 IOT_2016_ixi
IRL,Ireland,Europe,Electricity,blue_water_consumption,Mm3,0.0009535514431757438,2019,EXIOBASE v3.7 IOT_2016_ixi
RoW Asia and Pacific,RoW Asia and Pacific,Asia and Pacific,Chemical,land_use,km2,0.0009511372433706077,2019,EXIOBASE v3.7 IOT_2016_ixi
FRA,France,Europe,Coal and Petroleum,waste_generation,kt,0.0009421879257110577,2019,EXIOBASE v3.7 IOT_2016_ixi
NOR,Norway,Europe,Minerals and Metals,blue_water_consumption,Mm3,0.0009394394108817339,2019,EXIOBASE v3.7 IOT_2016_ixi
HUN,Hungary,Europe,Coal and Petroleum,waste_generation,kt,0.0009373388467800246,2019,EXIOBASE v3.7 IOT_2016_ixi
RoW Africa,RoW Africa,Africa,Services,material_extraction,kt,0.0009275371030867219,2019,EXIOBASE v3.7 IOT_2016_ixi
SVN,Slovenia,Europe,Food and catering,blue_water_consumption,Mm3,0.0009257524523001514,2019,EXIOBASE v3.7 IOT_2016_ixi
CHE,Switzerland,Europe,Paper Products,land_use,km2,0.000920559049835569,2019,EXIOBASE v3.7 IOT_2016_ixi
RoW Africa,RoW Africa,Africa,Transport,material_extraction,kt,0.000920220693106763,2019,EXIOBASE v3.7 IOT_2016_ixi
CHE,Switzerland,Europe,Textile,waste_generation,kt,0.00091845437449139,2019,EXIOBASE v3.7 IOT_2016_ixi
MEX,Mexico,America,Non-metallic mineral products,material_extraction,kt,0.0009169271477660954,2019,EXIOBASE v3.7 IOT_2016_ixi
ZAF,South Africa,Africa,Transport Equipment,waste_generation,kt,0.0009122646551964636,2019,EXIOBASE v3.7 IOT_2016_ixi
PRT,Portugal,Europe,Electricity,blue_water_consumption,Mm3,0.0009101794346596721,2019,EXIOBASE v3.7 IOT_2016_ixi
MEX,Mexico,America,Chemical,land_use,km2,0.000902776805336739,2019,EXIOBASE v3.7 IOT_2016_ixi
HUN,Hungary,Europe,Construction,land_use,km2,0.0008944154477362892,2019,EXIOBASE v3.7 IOT_2016_ixi
CAN,Canada,America,Textile,waste_generation,kt,0.000891348447968511,2019,EXIOBASE v3.7 IOT_2016_ixi
SWE,Sweden,Europe,Transport Equipment,waste_generation,kt,0.0008906753042227919,2019,EXIOBASE v3.7 IOT_2016_ixi
USA,United States,America,Services,blue_water_consumption,Mm3,0.0008818400765545608,2019,EXIOBASE v3.7 IOT_2016_ixi
NOR,Norway,Europe,Transport,land_use,km2,0.0008713718167281503,2019,EXIOBASE v3.7 IOT_2016_ixi
LVA,Latvia,Europe,"Steam, hot water supply and water distribution",waste_generation,kt,0.0008643993692689092,2019,EXIOBASE v3.7 IOT_2016_ixi
NLD,Netherlands,Europe,Transport Equipment,waste_generation,kt,0.0008590558687950796,2019,EXIOBASE v3.7 IOT_2016_ixi
LVA,Latvia,Europe,"Electrical, electronic and measuring equipment",climate_change,kt CO2eq,0.0008460600031951256,2019,EXIOBASE v3.7 IOT_2016_ixi
BGR,Bulgaria,Europe,Paper Products,blue_water_consumption,Mm3,0.0008459699231707088,2019,EXIOBASE v3.7 IOT_2016_ixi
CYP,Cyprus,Middle East,General and special Machinery,climate_change,kt CO2eq,0.0008436359052313203,2019,EXIOBASE v3.7 IOT_2016_ixi
BGR,Bulgaria,Europe,Electricity,blue_water_consumption,Mm3,0.0008396550901457914,2019,EXIOBASE v3.7 IOT_2016_ixi
MEX,Mexico,America,Construction,climate_change,kt CO2eq,0.0008387428250472191,2019,EXIOBASE v3.7 IOT_2016_ixi
BRA,Brazil,America,Transport Equipment,waste_generation,kt,0.0008372047816556996,2019,EXIOBASE v3.7 IOT_2016_ixi
ITA,Italy,Europe,Transport Equipment,climate_change,kt CO2eq,0.0008304541005755256,2019,EXIOBASE v3.7 IOT_2016_ixi
PRT,Portugal,Europe,Non-metallic mineral products,material_extraction,kt,0.0008172182374442127,2019,EXIOBASE v3.7 IOT_2016_ixi
IDN,Indonesia,Asia and Pacific,Waste management and disposal,waste_generation,kt,0.0008128988341042947,2019,EXIOBASE v3.7 IOT_2016_ixi
POL,Poland,Europe,Textile,blue_water_consumption,Mm3,0.0008126548283567305,2019,EXIOBASE v3.7 IOT_2016_ixi
RUS,Russia,Europe,Construction,land_use,km2,0.0008087884216402779,2019,EXIOBASE v3.7 IOT_2016_ixi
BGR,Bulgaria,Europe,"Electrical, electronic and measuring equipment",blue_water_consumption,Mm3,0.0008011232309016393,2019,EXIOBASE v3.7 IOT_2016_ixi
LVA,Latvia,Europe,Textile,blue_water_consumption,Mm3,0.0007964048414246667,2019,EXIOBASE v3.7 IOT_2016_ixi
LVA,Latvia,Europe,Metal Products,blue_water_consumption,Mm3,0.0007885441388738921,2019,EXIOBASE v3.7 IOT_2016_ixi
RoW Africa,RoW Africa,Africa,Natural gas and gaseous fuels,blue_water_consumption,Mm3,0.0007859421741232158,2019,EXIOBASE v3.7 IOT_2016_ixi
ITA,Italy,Europe,Natural gas and gaseous fuels,waste_generation,kt,0.0007825889743030759,2019,EXIOBASE v3.7 IOT_2016_ixi
EST,Estonia,Europe,"Electrical, electronic and measuring equipment",waste_generation,kt,0.0007814706510371288,2019,EXIOBASE v3.7 IOT_2016_ixi
EST,Estonia,Europe,Transport Equipment,climate_change,kt CO2eq,0.0007648613482843958,2019,EXIOBASE v3.7 IOT_2016_ixi
FRA,France,Europe,Non-metallic mineral products,blue_water_consumption,Mm3,0.000759375917124432,2019,EXIOBASE v3.7 IOT_2016_ixi
DEU,Germany,Europe,Non-metallic mineral products,blue_water_consumption,Mm3,0.0007581088976398859,2019,EXIOBASE v3.7 IOT_2016_ixi
BEL,Belgium,Europe,Minerals and Metals,land_use,km2,0.0007574683231729125,2019,EXIOBASE v3.7 IOT_2016_ixi
SVN,Slovenia,Europe,Textile,waste_generation,kt,0.0007524954158506688,2019,EXIOBASE v3.7 IOT_2016_ixi
ESP,Spain,Europe,Metal Products,blue_water_consumption,Mm3,0.0007468960556558106,2019,EXIOBASE v3.7 IOT_2016_ixi
DEU,Germany,Europe,Transport,waste_generation,kt,0.0007416954943408862,2019,EXIOBASE v3.7 IOT_2016_ixi
RoW Africa,RoW Africa,Africa,General and special Machinery,blue_water_consumption,Mm3,0.0007406749354534415,2019,EXIOBASE v3.7 IOT_2016_ixi
RoW America,RoW America,America,"Electrical, electronic and measuring equipment",blue_water_consumption,Mm3,0.0007340590125808312,2019,EXIOBASE v3.7 IOT_2016_ixi
LTU,Lithuania,Europe,Services,blue_water_consumption,Mm3,0.0007312362117003129,2019,EXIOBASE v3.7 IOT_2016_ixi
CZE,Czech Republic,Europe,Coal and Petroleum,blue_water_consumption,Mm3,0.0007268413518241975,2019,EXIOBASE v3.7 IOT_2016_ixi
CAN,Canada,America,"Steam, hot water supply and water distribution",waste_generation,kt,0.0007215480895237602,2019,EXIOBASE v3.7 IOT_2016_ixi
HRV,Croatia,Europe,"Electrical, electronic and measuring equipment",waste_generation,kt,0.0007180389814387285,2019,EXIOBASE v3.7 IOT_2016_ixi
NOR,Norway,Europe,Transport,waste_generation,kt,0.0007138601755152375,2019,EXIOBASE v3.7 IOT_2016_ixi
PRT,Portugal,Europe,Textile,blue_water_consumption,Mm3,0.0007115477193132819,2019,EXIOBASE v3.7 IOT_2016_ixi
BGR,Bulgaria,Europe,Services,material_extraction,kt,0.000710527659248766,2019,EXIOBASE v3.7 IOT_2016_ixi
FIN,Finland,Europe,Waste management and disposal,blue_water_consumption,Mm3,0.0007064798428022611,2019,EXIOBASE v3.7 IOT_2016_ixi
USA,United States,America,General and special Machinery,blue_water_consumption,Mm3,0.0006997131176891028,2019,EXIOBASE v3.7 IOT_2016_ixi
LUX,Luxembourg,Europe,General and special Machinery,climate_change,kt CO2eq,0.0006992879723269722,2019,EXIOBASE v3.7 IOT_2016_ixi
RoW Middle East,RoW Middle East,Middle East,Metal Products,blue_water_consumption,Mm3,0.0006944534998774359,2019,EXIOBASE v3.7 IOT_2016_ixi
CYP,Cyprus,Middle East,Services,waste_generation,kt,0.0006917980670202203,2019,EXIOBASE v3.7 IOT_2016_ixi
ROU,Romania,Europe,"Electrical, electronic and measuring equipment",waste_generation,kt,0.0006901106326313548,2019,EXIOBASE v3.7 IOT_2016_ixi
LUX,Luxembourg,Europe,Non-metallic mineral products,waste_generation,kt,0.000688993878400354,2019,EXIOBASE v3.7 IOT_2016_ixi
RoW America,RoW America,America,"Steam, hot water supply and water distribution",waste_generation,kt,0.0006859104472122248,2019,EXIOBASE v3.7 IOT_2016_ixi
DNK,Denmark,Denmark,Minerals and Metals,blue_water_consumption,Mm3,0.0006779206184586835,2019,EXIOBASE v3.7 IOT_2016_ixi
DEU,Germany,Europe,"Electrical, electronic and measuring equipment",material_extraction,kt,0.0006754752643789331,2019,EXIOBASE v3.7 IOT_2016_ixi
SWE,Sweden,Europe,Minerals and Metals,waste_generation,kt,0.0006654026726458578,2019,EXIOBASE v3.7 IOT_2016_ixi
KOR,South Korea,Asia and Pacific,General and special Machinery,blue_water_consumption,Mm3,0.0006622769228921174,2019,EXIOBASE v3.7 IOT_2016_ixi
BEL,Belgium,Europe,Transport,blue_water_consumption,Mm3,0.0006602524136565622,2019,EXIOBASE v3.7 IOT_2016_ixi
CHE,Switzerland,Europe,Metal Products,blue_water_consumption,Mm3,0.0006550417594465582,2019,EXIOBASE v3.7 IOT_2016_ixi
LVA,Latvia,Europe,Transport Equipment,climate_change,kt CO2eq,0.0006536128203601402,2019,EXIOBASE v3.7 IOT_2016_ixi
DEU,Germany,Europe,Waste management and disposal,blue_water_consumption,Mm3,0.0006421002180563354,2019,EXIOBASE v3.7 IOT_2016_ixi
SVN,Slovenia,Europe,"Electrical, electronic and measuring equipment",land_use,km2,0.0006416323004577987,2019,EXIOBASE v3.7 IOT_2016_ixi
AUS,Australia,Asia and Pacific,Minerals and Metals,waste_generation,kt,0.0006399997132175247,2019,EXIOBASE v3.7 IOT_2016_ixi
DEU,Germany,Europe,Textile,blue_water_consumption,Mm3,0.0006389975335682908,2019,EXIOBASE v3.7 IOT_2016_ixi
CZE,Czech Republic,Europe,Natural gas and gaseous fuels,waste_generation,kt,0.0006316733469380581,2019,EXIOBASE v3.7 IOT_2016_ixi
GRC,Greece,Europe,Minerals and Metals,waste_generation,kt,0.0006261718438870966,2019,EXIOBASE v3.7 IOT_2016_ixi
RUS,Russia,Europe,Non-metallic mineral products,material_extraction,kt,0.0006253237983296926,2019,EXIOBASE v3.7 IOT_2016_ixi
HRV,Croatia,Europe,Minerals and Metals,waste_generation,kt,0.0006250598426441073,2019,EXIOBASE v3.7 IOT_2016_ixi
JPN,Japan,Asia and Pacific,General and special Machinery,blue_water_consumption,Mm3,0.0006230539902932329,2019,EXIOBASE v3.7 IOT_2016_ixi
RoW Middle East,RoW Middle East,Middle East,Non-metallic mineral products,blue_water_consumption,Mm3,0.0006214073261992885,2019,EXIOBASE v3.7 IOT_2016_ixi
ROU,Romania,Europe,Textile,land_use,km2,0.0006171098562155133,2019,EXIOBASE v3.7 IOT_2016_ixi
BRA,Brazil,America,Waste management and disposal,waste_generation,kt,0.0006128884551120931,2019,EXIOBASE v3.7 IOT_2016_ixi
BRA,Brazil,America,Non-metallic mineral products,blue_water_consumption,Mm3,0.0006099216553203759,2019,EXIOBASE v3.7 IOT_2016_ixi
GBR,United Kingdom,Europe,Textile,blue_water_consumption,Mm3,0.0006078184493762655,2019,EXIOBASE v3.7 IOT_2016_ixi
EST,Estonia,Europe,Construction,waste_generation,kt,0.0006069433869671789,2019,EXIOBASE v3.7 IOT_2016_ixi
TUR,Turkey,Middle East,Metal Products,material_extraction,kt,0.0006047426647327755,2019,EXIOBASE v3.7 IOT_2016_ixi
RoW America,RoW America,America,Coal and Petroleum,blue_water_consumption,Mm3,0.0006040144761025313,2019,EXIOBASE v3.7 IOT_2016_ixi
PRT,Portugal,Europe,General and special Machinery,waste_generation,kt,0.0006025044197029311,2019,EXIOBASE v3.7 IOT_2016_ixi
KOR,South Korea,Asia and Pacific,Non-metallic mineral products,blue_water_consumption,Mm3,0.0006001736705966769,2019,EXIOBASE v3.7 IOT_2016_ixi
RoW Europe,RoW Europe,Europe,Coal and Petroleum,blue_water_consumption,Mm3,0.0005991685982373135,2019,EXIOBASE v3.7 IOT_2016_ixi
GRC,Greece,Europe,General and special Machinery,climate_change,kt CO2eq,0.0005978388540398906,2019,EXIOBASE v3.7 IOT_2016_ixi
AUT,Austria,Europe,Natural gas and gaseous fuels,waste_generation,kt,0.0005974364881782298,2019,EXIOBASE v3.7 IOT_2016_ixi
NLD,Netherlands,Europe,Waste management and disposal,blue_water_consumption,Mm3,0.0005948488934043235,2019,EXIOBASE v3.7 IOT_2016_ixi
TUR,Turkey,Middle East,Transport Equipment,waste_generation,kt,0.0005933589804055762,2019,EXIOBASE v3.7 IOT_2016_ixi
DNK,Denmark,Denmark,General and special Machinery,blue_water_consumption,Mm3,0.000593302609843235,2019,EXIOBASE v3.7 IOT_2016_ixi
BEL,Belgium,Europe,Minerals and Metals,waste_generation,kt,0.0005913365021260867,2019,EXIOBASE v3.7 IOT_2016_ixi
MLT,Malta,Europe,Food and catering,blue_water_consumption,Mm3,0.0005862475389957592,2019,EXIOBASE v3.7 IOT_2016_ixi
BRA,Brazil,America,"Electrical, electronic and measuring equipment",blue_water_consumption,Mm3,0.0005860383948577915,2019,EXIOBASE v3.7 IOT_2016_ixi
BGR,Bulgaria,Europe,Textile,land_use,km2,0.0005816465781116895,2019,EXIOBASE v3.7 IOT_2016_ixi
NLD,Netherlands,Europe,Transport,blue_water_consumption,Mm3,0.0005805297202570942,2019,EXIOBASE v3.7 IOT_2016_ixi
RUS,Russia,Europe,Waste management and disposal,blue_water_consumption,Mm3,0.0005742570809126102,2019,EXIOBASE v3.7 IOT_2016_ixi
RUS,Russia,Europe,Furniture and timber,blue_water_consumption,Mm3,0.0005703000896231068,2019,EXIOBASE v3.7 IOT_2016_ixi
JPN,Japan,Asia and Pacific,"Electrical, electronic and measuring equipment",blue_water_consumption,Mm3,0.000559802051731538,2019,EXIOBASE v3.7 IOT_2016_ixi
NOR,Norway,Europe,Natural gas and gaseous fuels,blue_water_consumption,Mm3,0.0005588910629452274,2019,EXIOBASE v3.7 IOT_2016_ixi
ITA,Italy,Europe,Furniture and timber,blue_water_consumption,Mm3,0.0005558437884928149,2019,EXIOBASE v3.7 IOT_2016_ixi
KOR,South Korea,Asia and Pacific,Furniture and timber,blue_water_consumption,Mm3,0.0005540385010733713,2019,EXIOBASE v3.7 IOT_2016_ixi
JPN,Japan,Asia and Pacific,Furniture and timber,blue_water_consumption,Mm3,0.0005534667662856316,2019,EXIOBASE v3.7 IOT_2016_ixi
RoW Asia and Pacific,RoW Asia and Pacific,Asia and Pacific,Transport Equipment,blue_water_consumption,Mm3,0.0005514607957904019,2019,EXIOBASE v3.7 IOT_2016_ixi
NOR,Norway,Europe,Construction,waste_generation,kt,0.0005500607104891822,2019,EXIOBASE v3.7 IOT_2016_ixi
IND,India,Asia and Pacific,Waste management and disposal,waste_generation,kt,0.00054943569259433,2019,EXIOBASE v3.7 IOT_2016_ixi
BGR,Bulgaria,Europe,Waste management and disposal,blue_water_consumption,Mm3,0.0005478749498113879,2019,EXIOBASE v3.7 IOT_2016_ixi
AUT,Austria,Europe,Minerals and Metals,blue_water_consumption,Mm3,0.0005463341732951122,2019,EXIOBASE v3.7 IOT_2016_ixi
HUN,Hungary,Europe,General and special Machinery,blue_water_consumption,Mm3,0.0005437006554690897,2019,EXIOBASE v3.7 IOT_2016_ixi
AUT,Austria,Europe,Electricity,material_extraction,kt,0.000543348545566984,2019,EXIOBASE v3.7 IOT_2016_ixi
LTU,Lithuania,Europe,Textile,blue_water_consumption,Mm3,0.0005427910710372303,2019,EXIOBASE v3.7 IOT_2016_ixi
MEX,Mexico,America,"Electrical, electronic and measuring equipment",land_use,km2,0.0005406271327277228,2019,EXIOBASE v3.7 IOT_2016_ixi
LVA,Latvia,Europe,Transport,waste_generation,kt,0.0005387294112424537,2019,EXIOBASE v3.7 IOT_2016_ixi
ROU,Romania,Europe,General and special Machinery,waste_generation,kt,0.000536588685841324,2019,EXIOBASE v3.7 IOT_2016_ixi
EST,Estonia,Europe,Non-metallic mineral products,material_extraction,kt,0.0005360912118511047,2019,EXIOBASE v3.7 IOT_2016_ixi
POL,Poland,Europe,Furniture and timber,blue_water_consumption,Mm3,0.0005343830075376682,2019,EXIOBASE v3.7 IOT_2016_ixi
CZE,Czech Republic,Europe,Coal and Petroleum,land_use,km2,0.0005331498949151512,2019,EXIOBASE v3.7 IOT_2016_ixi
CHE,Switzerland,Europe,Transport Equipment,waste_generation,kt,0.0005310272657243513,2019,EXIOBASE v3.7 IOT_2016_ixi
IRL,Ireland,Europe,Metal Products,blue_water_consumption,Mm3,0.0005280732648658209,2019,EXIOBASE v3.7 IOT_2016_ixi
NOR,Norway,Europe,Natural gas and gaseous fuels,waste_generation,kt,0.0005204630046878887,2019,EXIOBASE v3.7 IOT_2016_ixi
DEU,Germany,Europe,"Steam, hot water supply and water distribution",blue_water_consumption,Mm3,0.0005182647454313486,2019,EXIOBASE v3.7 IOT_2016_ixi
HRV,Croatia,Europe,Waste management and disposal,waste_generation,kt,0.0005179774451925046,2019,EXIOBASE v3.7 IOT_2016_ixi
RoW Africa,RoW Africa,Africa,Electricity,blue_water_consumption,Mm3,0.000511907209334472,2019,EXIOBASE v3.7 IOT_2016_ixi
HUN,Hungary,Europe,"Electrical, electronic and measuring equipment",land_use,km2,0.000509444453890504,2019,EXIOBASE v3.7 IOT_2016_ixi
MLT,Malta,Europe,Natural gas and gaseous fuels,climate_change,kt CO2eq,0.0005033188398360881,2019,EXIOBASE v3.7 IOT_2016_ixi
NOR,Norway,Europe,Services,blue_water_consumption,Mm3,0.000503300240534624,2019,EXIOBASE v3.7 IOT_2016_ixi
RoW America,RoW America,America,Waste management and disposal,material_extraction,kt,0.0005023805153643008,2019,EXIOBASE v3.7 IOT_2016_ixi
SVK,Slovakia,Europe,Waste management and disposal,land_use,km2,0.0004994672190097405,2019,EXIOBASE v3.7 IOT_2016_ixi
JPN,Japan,Asia and Pacific,Non-metallic mineral products,blue_water_consumption,Mm3,0.0004988924941958304,2019,EXIOBASE v3.7 IOT_2016_ixi
USA,United States,America,Furniture and timber,blue_water_consumption,Mm3,0.0004975216970603048,2019,EXIOBASE v3.7 IOT_2016_ixi
MLT,Malta,Europe,"Steam, hot water supply and water distribution",climate_change,kt CO2eq,0.0004964369175842623,2019,EXIOBASE v3.7 IOT_2016_ixi
JPN,Japan,Asia and Pacific,Textile,blue_water_consumption,Mm3,0.0004863522422329662,2019,EXIOBASE v3.7 IOT_2016_ixi
RoW Middle East,RoW Middle East,Middle East,Furniture and timber,blue_water_consumption,Mm3,0.000477682975251378,2019,EXIOBASE v3.7 IOT_2016_ixi
LTU,Lithuania,Europe,Chemical,blue_water_consumption,Mm3,0.00047390433862095325,2019,EXIOBASE v3.7 IOT_2016_ixi
LVA,Latvia,Europe,Non-metallic mineral products,waste_generation,kt,0.0004725925547830219,2019,EXIOBASE v3.7 IOT_2016_ixi
ROU,Romania,Europe,Textile,blue_water_consumption,Mm3,0.0004716727124959874,2019,EXIOBASE v3.7 IOT_2016_ixi
IRL,Ireland,Europe,Non-metallic mineral products,waste_generation,kt,0.00047151367583634154,2019,EXIOBASE v3.7 IOT_2016_ixi
BGR,Bulgaria,Europe,General and special Machinery,blue_water_consumption,Mm3,0.00046738544929453567,2019,EXIOBASE v3.7 IOT_2016_ixi
ITA,Italy,Europe,"Steam, hot water supply and water distribution",waste_generation,kt,0.00046598598244278525,2019,EXIOBASE v3.7 IOT_2016_ixi
BRA,Brazil,America,Transport Equipment,material_extraction,kt,0.0004626085041983828,2019,EXIOBASE v3.7 IOT_2016_ixi
RoW Middle East,RoW Middle East,Middle East,"Steam, hot water supply and water distribution",waste_generation,kt,0.0004610841973191438,2019,EXIOBASE v3.7 IOT_2016_ixi
AUS,Australia,Asia and Pacific,Transport Equipment,waste_generation,kt,0.00045746362837235547,2019,EXIOBASE v3.7 IOT_2016_ixi
PRT,Portugal,Europe,Metal Products,blue_water_consumption,Mm3,0.00045415544408214826,2019,EXIOBASE v3.7 IOT_2016_ixi
CHE,Switzerland,Europe,Services,material_extraction,kt,0.00045242476646287867,2019,EXIOBASE v3.7 IOT_2016_ixi
MEX,Mexico,America,Furniture and timber,blue_water_consumption,Mm3,0.0004523371273797398,2019,EXIOBASE v3.7 IOT_2016_ixi
ZAF,South Africa,Africa,Paper Products,blue_water_consumption,Mm3,0.00044956028072589224,2019,EXIOBASE v3.7 IOT_2016_ixi
PRT,Portugal,Europe,Paper Products,blue_water_consumption,Mm3,0.0004461731908398701,2019,EXIOBASE v3.7 IOT_2016_ixi
MEX,Mexico,America,"Electrical, electronic and measuring equipment",material_extraction,kt,0.0004426999818634838,2019,EXIOBASE v3.7 IOT_2016_ixi
PRT,Portugal,Europe,Non-metallic mineral products,blue_water_consumption,Mm3,0.0004419338672554249,2019,EXIOBASE v3.7 IOT_2016_ixi
ROU,Romania,Europe,Paper Products,blue_water_consumption,Mm3,0.00043898233972419477,2019,EXIOBASE v3.7 IOT_2016_ixi
NLD,Netherlands,Europe,Non-metallic mineral products,blue_water_consumption,Mm3,0.0004361194457454351,2019,EXIOBASE v3.7 IOT_2016_ixi
GRC,Greece,Europe,"Electrical, electronic and measuring equipment",waste_generation,kt,0.0004347248301202609,2019,EXIOBASE v3.7 IOT_2016_ixi
HUN,Hungary,Europe,Non-metallic mineral products,blue_water_consumption,Mm3,0.00042907497048671903,2019,EXIOBASE v3.7 IOT_2016_ixi
CHE,Switzerland,Europe,"Electrical, electronic and measuring equipment",blue_water_consumption,Mm3,0.00042724232739584,2019,EXIOBASE v3.7 IOT_2016_ixi
LVA,Latvia,Europe,General and special Machinery,climate_change,kt CO2eq,0.0004216320556161482,2019,EXIOBASE v3.7 IOT_2016_ixi
MEX,Mexico,America,"Electrical, electronic and measuring equipment",blue_water_consumption,Mm3,0.0004215258321528409,2019,EXIOBASE v3.7 IOT_2016_ixi
IRL,Ireland,Europe,"Electrical, electronic and measuring equipment",blue_water_consumption,Mm3,0.00041623104798043937,2019,EXIOBASE v3.7 IOT_2016_ixi
HRV,Croatia,Europe,Furniture and timber,waste_generation,kt,0.00041327420858030953,2019,EXIOBASE v3.7 IOT_2016_ixi
ITA,Italy,Europe,Minerals and Metals,waste_generation,kt,0.00041271686075285466,2019,EXIOBASE v3.7 IOT_2016_ixi
ESP,Spain,Europe,Services,material_extraction,kt,0.00041154774778981613,2019,EXIOBASE v3.7 IOT_2016_ixi
MEX,Mexico,America,Furniture and timber,land_use,km2,0.0004110010204639917,2019,EXIOBASE v3.7 IOT_2016_ixi
SWE,Sweden,Europe,Non-metallic mineral products,blue_water_consumption,Mm3,0.0004074367503041405,2019,EXIOBASE v3.7 IOT_2016_ixi
CHE,Switzerland,Europe,Transport,blue_water_consumption,Mm3,0.00040731027582521296,2019,EXIOBASE v3.7 IOT_2016_ixi
SWE,Sweden,Europe,Minerals and Metals,blue_water_consumption,Mm3,0.00040713312059701014,2019,EXIOBASE v3.7 IOT_2016_ixi
SVK,Slovakia,Europe,Textile,waste_generation,kt,0.0004056855686879165,2019,EXIOBASE v3.7 IOT_2016_ixi
ZAF,South Africa,Africa,Textile,waste_generation,kt,0.0004050671071413784,2019,EXIOBASE v3.7 IOT_2016_ixi
CHE,Switzerland,Europe,Natural gas and gaseous fuels,waste_generation,kt,0.0004041579192192221,2019,EXIOBASE v3.7 IOT_2016_ixi
RoW Africa,RoW Africa,Africa,Transport Equipment,blue_water_consumption,Mm3,0.000400866373583843,2019,EXIOBASE v3.7 IOT_2016_ixi
LVA,Latvia,Europe,Services,blue_water_consumption,Mm3,0.0003981182299104985,2019,EXIOBASE v3.7 IOT_2016_ixi
TWN,Taiwan,Asia and Pacific,Textile,land_use,km2,0.0003965120727457548,2019,EXIOBASE v3.7 IOT_2016_ixi
IDN,Indonesia,Asia and Pacific,General and special Machinery,blue_water_consumption,Mm3,0.0003957266404126689,2019,EXIOBASE v3.7 IOT_2016_ixi
LTU,Lithuania,Europe,Textile,waste_generation,kt,0.00039496429057380306,2019,EXIOBASE v3.7 IOT_2016_ixi
RoW America,RoW America,America,Waste management and disposal,blue_water_consumption,Mm3,0.00039331983106701034,2019,EXIOBASE v3.7 IOT_2016_ixi
AUT,Austria,Europe,Services,blue_water_consumption,Mm3,0.0003915779823474311,2019,EXIOBASE v3.7 IOT_2016_ixi
HRV,Croatia,Europe,"Steam, hot water supply and water distribution",waste_generation,kt,0.0003907386816663178,2019,EXIOBASE v3.7 IOT_2016_ixi
EST,Estonia,Europe,Paper Products,blue_water_consumption,Mm3,0.00038836585761172263,2019,EXIOBASE v3.7 IOT_2016_ixi
LVA,Latvia,Europe,Non-metallic mineral products,blue_water_consumption,Mm3,0.00038816782929276784,2019,EXIOBASE v3.7 IOT_2016_ixi
IRL,Ireland,Europe,General and special Machinery,blue_water_consumption,Mm3,0.0003860799397152652,2019,EXIOBASE v3.7 IOT_2016_ixi
RoW Middle East,RoW Middle East,Middle East,"Electrical, electronic and measuring equipment",blue_water_consumption,Mm3,0.00038576526443016786,2019,EXIOBASE v3.7 IOT_2016_ixi
NLD,Netherlands,Europe,Minerals and Metals,waste_generation,kt,0.0003841724230758109,2019,EXIOBASE v3.7 IOT_2016_ixi
TWN,Taiwan,Asia and Pacific,Textile,blue_water_consumption,Mm3,0.0003817736991097878,2019,EXIOBASE v3.7 IOT_2016_ixi
CAN,Canada,America,"Electrical, electronic and measuring equipment",blue_water_consumption,Mm3,0.00038109039443586,2019,EXIOBASE v3.7 IOT_2016_ixi
LTU,Lithuania,Europe,General and special Machinery,climate_change,kt CO2eq,0.00038001357401587846,2019,EXIOBASE v3.7 IOT_2016_ixi
RoW Africa,RoW Africa,Africa,"Steam, hot water supply and water distribution",waste_generation,kt,0.0003773777957732584,2019,EXIOBASE v3.7 IOT_2016_ixi
SWE,Sweden,Europe,Furniture and timber,blue_water_consumption,Mm3,0.0003772286563733959,2019,EXIOBASE v3.7 IOT_2016_ixi
GRC,Greece,Europe,Chemical,blue_water_consumption,Mm3,0.0003769871693155123,2019,EXIOBASE v3.7 IOT_2016_ixi
FIN,Finland,Europe,Natural gas and gaseous fuels,waste_generation,kt,0.0003746877691831075,2019,EXIOBASE v3.7 IOT_2016_ixi
POL,Poland,Europe,General and special Machinery,blue_water_consumption,Mm3,0.0003687043740938853,2019,EXIOBASE v3.7 IOT_2016_ixi
HUN,Hungary,Europe,"Electrical, electronic and measuring equipment",material_extraction,kt,0.0003679382779576659,2019,EXIOBASE v3.7 IOT_2016_ixi
CHN,China,Asia and Pacific,Transport Equipment,blue_water_consumption,Mm3,0.0003676909549116686,2019,EXIOBASE v3.7 IOT_2016_ixi
ESP,Spain,Europe,Minerals and Metals,waste_generation,kt,0.00036308842653129527,2019,EXIOBASE v3.7 IOT_2016_ixi
PRT,Portugal,Europe,Chemical,blue_water_consumption,Mm3,0.00036237224296120114,2019,EXIOBASE v3.7 IOT_2016_ixi
NLD,Netherlands,Europe,Coal and Petroleum,blue_water_consumption,Mm3,0.00036116144543283816,2019,EXIOBASE v3.7 IOT_2016_ixi
IRL,Ireland,Europe,Paper Products,waste_generation,kt,0.0003595148270844888,2019,EXIOBASE v3.7 IOT_2016_ixi
AUS,Australia,Asia and Pacific,Paper Products,blue_water_consumption,Mm3,0.0003588213340121953,2019,EXIOBASE v3.7 IOT_2016_ixi
HUN,Hungary,Europe,Electricity,material_extraction,kt,0.0003570567331509111,2019,EXIOBASE v3.7 IOT_2016_ixi
SWE,Sweden,Europe,"Steam, hot water supply and water distribution",waste_generation,kt,0.0003551330525261172,2019,EXIOBASE v3.7 IOT_2016_ixi
ESP,Spain,Europe,Paper Products,blue_water_consumption,Mm3,0.0003543073734241406,2019,EXIOBASE v3.7 IOT_2016_ixi
RoW Africa,RoW Africa,Africa,Non-metallic mineral products,material_extraction,kt,0.0003538753948801844,2019,EXIOBASE v3.7 IOT_2016_ixi
BRA,Brazil,America,Services,blue_water_consumption,Mm3,0.00035299812568480006,2019,EXIOBASE v3.7 IOT_2016_ixi
ROU,Romania,Europe,Transport Equipment,waste_generation,kt,0.0003450951705324262,2019,EXIOBASE v3.7 IOT_2016_ixi
SVK,Slovakia,Europe,Minerals and Metals,blue_water_consumption,Mm3,0.00034479151905646914,2019,EXIOBASE v3.7 IOT_2016_ixi
LUX,Luxembourg,Europe,Metal Products,blue_water_consumption,Mm3,0.00034423594347486586,2019,EXIOBASE v3.7 IOT_2016_ixi
MEX,Mexico,America,Non-metallic mineral products,waste_generation,kt,0.00033370657177448347,2019,EXIOBASE v3.7 IOT_2016_ixi
PRT,Portugal,Europe,Minerals and Metals,blue_water_consumption,Mm3,0.00033206198822520835,2019,EXIOBASE v3.7 IOT_2016_ixi
BRA,Brazil,America,Transport,waste_generation,kt,0.00033098649835662806,2019,EXIOBASE v3.7 IOT_2016_ixi
RoW Asia and Pacific,RoW Asia and Pacific,Asia and Pacific,Electricity,material_extraction,kt,0.00032922546322077396,2019,EXIOBASE v3.7 IOT_2016_ixi
DEU,Germany,Europe,Non-metallic mineral products,material_extraction,kt,0.000328878910452077,2019,EXIOBASE v3.7 IOT_2016_ixi
IDN,Indonesia,Asia and Pacific,Paper Products,blue_water_consumption,Mm3,0.0003252063973623829,2019,EXIOBASE v3.7 IOT_2016_ixi
TUR,Turkey,Middle East,Minerals and Metals,blue_water_consumption,Mm3,0.00032463952220496405,2019,EXIOBASE v3.7 IOT_2016_ixi
CAN,Canada,America,Metal Products,material_extraction,kt,0.00032380308543206214,2019,EXIOBASE v3.7 IOT_2016_ixi
HRV,Croatia,Europe,Natural gas and gaseous fuels,waste_generation,kt,0.00032263245253435097,2019,EXIOBASE v3.7 IOT_2016_ixi
IRL,Ireland,Europe,Chemical,material_extraction,kt,0.0003200736080775686,2019,EXIOBASE v3.7 IOT_2016_ixi
LTU,Lithuania,Europe,Chemical,material_extraction,kt,0.0003197448108863219,2019,EXIOBASE v3.7 IOT_2016_ixi
AUS,Australia,Asia and Pacific,Waste management and disposal,waste_generation,kt,0.0003183694207015178,2019,EXIOBASE v3.7 IOT_2016_ixi
NLD,Netherlands,Europe,Furniture and timber,material_extraction,kt,0.0003139587263291581,2019,EXIOBASE v3.7 IOT_2016_ixi
AUT,Austria,Europe,Transport,waste_generation,kt,0.00031223314091060857,2019,EXIOBASE v3.7 IOT_2016_ixi
KOR,South Korea,Asia and Pacific,Textile,blue_water_consumption,Mm3,0.0003074151890314622,2019,EXIOBASE v3.7 IOT_2016_ixi
BGR,Bulgaria,Europe,Construction,material_extraction,kt,0.0003070683157051852,2019,EXIOBASE v3.7 IOT_2016_ixi
HUN,Hungary,Europe,Textile,waste_generation,kt,0.0003066190018313654,2019,EXIOBASE v3.7 IOT_2016_ixi
ITA,Italy,Europe,Waste management and disposal,blue_water_consumption,Mm3,0.000303631233942308,2019,EXIOBASE v3.7 IOT_2016_ixi
FRA,France,Europe,Electricity,blue_water_consumption,Mm3,0.00030275204392762097,2019,EXIOBASE v3.7 IOT_2016_ixi
RUS,Russia,Europe,Construction,blue_water_consumption,Mm3,0.0003008016351728485,2019,EXIOBASE v3.7 IOT_2016_ixi
POL,Poland,Europe,Waste management and disposal,blue_water_consumption,Mm3,0.0002974377087377822,2019,EXIOBASE v3.7 IOT_2016_ixi
LUX,Luxembourg,Europe,"Electrical, electronic and measuring equipment",waste_generation,kt,0.00029551179924564025,2019,EXIOBASE v3.7 IOT_2016_ixi
POL,Poland,Europe,Construction,blue_water_consumption,Mm3,0.0002913611906649791,2019,EXIOBASE v3.7 IOT_2016_ixi
GBR,United Kingdom,Europe,Natural gas and gaseous fuels,waste_generation,kt,0.00028803389149003575,2019,EXIOBASE v3.7 IOT_2016_ixi
HUN,Hungary,Europe,Textile,land_use,km2,0.0002865530288884408,2019,EXIOBASE v3.7 IOT_2016_ixi
ESP,Spain,Europe,"Electrical, electronic and measuring equipment",blue_water_consumption,Mm3,0.0002856029742445603,2019,EXIOBASE v3.7 IOT_2016_ixi
FRA,France,Europe,Transport,waste_generation,kt,0.0002832248794862987,2019,EXIOBASE v3.7 IOT_2016_ixi
RoW America,RoW America,America,Furniture and timber,blue_water_consumption,Mm3,0.0002824619159021621,2019,EXIOBASE v3.7 IOT_2016_ixi
BGR,Bulgaria,Europe,Textile,blue_water_consumption,Mm3,0.0002811398258338102,2019,EXIOBASE v3.7 IOT_2016_ixi
GBR,United Kingdom,Europe,Services,blue_water_consumption,Mm3,0.00028028142013440834,2019,EXIOBASE v3.7 IOT_2016_ixi
RoW Europe,RoW Europe,Europe,Furniture and timber,blue_water_consumption,Mm3,0.0002799509013675142,2019,EXIOBASE v3.7 IOT_2016_ixi
RoW Middle East,RoW Middle East,Middle East,General and special Machinery,land_use,km2,0.0002759986056705754,2019,EXIOBASE v3.7 IOT_2016_ixi
PRT,Portugal,Europe,Natural gas and gaseous fuels,waste_generation,kt,0.000274270587257681,2019,EXIOBASE v3.7 IOT_2016_ixi
SVK,Slovakia,Europe,Minerals and Metals,land_use,km2,0.000273793304975948,2019,EXIOBASE v3.7 IOT_2016_ixi
SVN,Slovenia,Europe,Chemical,blue_water_consumption,Mm3,0.0002734711145420238,2019,EXIOBASE v3.7 IOT_2016_ixi
CHE,Switzerland,Europe,Textile,blue_water_consumption,Mm3,0.00026720247503093827,2019,EXIOBASE v3.7 IOT_2016_ixi
RoW America,RoW America,America,Textile,material_extraction,kt,0.0002645178351591512,2019,EXIOBASE v3.7 IOT_2016_ixi
MLT,Malta,Europe,"Electrical, electronic and measuring equipment",climate_change,kt CO2eq,0.00026363644506765025,2019,EXIOBASE v3.7 IOT_2016_ixi
SVN,Slovenia,Europe,Natural gas and gaseous fuels,waste_generation,kt,0.00026215853181752743,2019,EXIOBASE v3.7 IOT_2016_ixi
LTU,Lithuania,Europe,"Electrical, electronic and measuring equipment",waste_generation,kt,0.00026027685509592456,2019,EXIOBASE v3.7 IOT_2016_ixi
SWE,Sweden,Europe,Textile,blue_water_consumption,Mm3,0.0002598001213936666,2019,EXIOBASE v3.7 IOT_2016_ixi
DEU,Germany,Europe,Minerals and Metals,blue_water_consumption,Mm3,0.00025717654070351865,2019,EXIOBASE v3.7 IOT_2016_ixi
AUS,Australia,Asia and Pacific,"Electrical, electronic and measuring equipment",blue_water_consumption,Mm3,0.0002544947981323503,2019,EXIOBASE v3.7 IOT_2016_ixi
CAN,Canada,America,General and special Machinery,blue_water_consumption,Mm3,0.0002531767592008114,2019,EXIOBASE v3.7 IOT_2016_ixi
AUT,Austria,Europe,Coal and Petroleum,blue_water_consumption,Mm3,0.00025286690309259607,2019,EXIOBASE v3.7 IOT_2016_ixi
TUR,Turkey,Middle East,Furniture and timber,material_extraction,kt,0.00024714637771114655,2019,EXIOBASE v3.7 IOT_2016_ixi
POL,Poland,Europe,"Steam, hot water supply and water distribution",material_extraction,kt,0.00024375453825160908,2019,EXIOBASE v3.7 IOT_2016_ixi
HUN,Hungary,Europe,Furniture and timber,blue_water_consumption,Mm3,0.00024297909970697233,2019,EXIOBASE v3.7 IOT_2016_ixi
AUT,Austria,Europe,Furniture and timber,blue_water_consumption,Mm3,0.0002425272820834165,2019,EXIOBASE v3.7 IOT_2016_ixi
IDN,Indonesia,Asia and Pacific,"Electrical, electronic and measuring equipment",blue_water_consumption,Mm3,0.00024226642365916966,2019,EXIOBASE v3.7 IOT_2016_ixi
USA,United States,America,Minerals and Metals,waste_generation,kt,0.00024076511498352679,2019,EXIOBASE v3.7 IOT_2016_ixi
MLT,Malta,Europe,Services,blue_water_consumption,Mm3,0.00024050489432747823,2019,EXIOBASE v3.7 IOT_2016_ixi
POL,Poland,Europe,Transport Equipment,blue_water_consumption,Mm3,0.0002398485608334384,2019,EXIOBASE v3.7 IOT_2016_ixi
USA,United States,America,Non-metallic mineral products,blue_water_consumption,Mm3,0.00023972582526149804,2019,EXIOBASE v3.7 IOT_2016_ixi
GRC,Greece,Europe,Paper Products,blue_water_consumption,Mm3,0.00023930638890722048,2019,EXIOBASE v3.7 IOT_2016_ixi
RoW America,RoW America,America,Transport Equipment,land_use,km2,0.00023927619494358367,2019,EXIOBASE v3.7 IOT_2016_ixi
FIN,Finland,Europe,Services,blue_water_consumption,Mm3,0.00023750591180541497,2019,EXIOBASE v3.7 IOT_2016_ixi
FIN,Finland,Europe,Minerals and Metals,waste_generation,kt,0.00023732128312553135,2019,EXIOBASE v3.7 IOT_2016_ixi
RUS,Russia,Europe,Furniture and timber,land_use,km2,0.0002369169630809538,2019,EXIOBASE v3.7 IOT_2016_ixi
FIN,Finland,Europe,Non-metallic mineral products,blue_water_consumption,Mm3,0.00023632188085748177,2019,EXIOBASE v3.7 IOT_2016_ixi
HUN,Hungary,Europe,"Steam, hot water supply and water distribution",material_extraction,kt,0.000235144874305342,2019,EXIOBASE v3.7 IOT_2016_ixi
RoW Middle East,RoW Middle East,Middle East,Paper Products,blue_water_consumption,Mm3,0.00023501336654438418,2019,EXIOBASE v3.7 IOT_2016_ixi
SVN,Slovenia,Europe,Transport,waste_generation,kt,0.00023487418179925644,2019,EXIOBASE v3.7 IOT_2016_ixi
ZAF,South Africa,Africa,General and special Machinery,blue_water_consumption,Mm3,0.0002335267442576681,2019,EXIOBASE v3.7 IOT_2016_ixi
DEU,Germany,Europe,General and special Machinery,blue_water_consumption,Mm3,0.00023317980598127374,2019,EXIOBASE v3.7 IOT_2016_ixi
CHE,Switzerland,Europe,Non-metallic mineral products,blue_water_consumption,Mm3,0.00023270725084865814,2019,EXIOBASE v3.7 IOT_2016_ixi
IDN,Indonesia,Asia and Pacific,Metal Products,blue_water_consumption,Mm3,0.00023044647018888239,2019,EXIOBASE v3.7 IOT_2016_ixi
TUR,Turkey,Middle East,Transport,waste_generation,kt,0.00022786029032647977,2019,EXIOBASE v3.7 IOT_2016_ixi
AUT,Austria,Europe,Natural gas and gaseous fuels,material_extraction,kt,0.00022770528754048974,2019,EXIOBASE v3.7 IOT_2016_ixi
GRC,Greece,Europe,Transport Equipment,waste_generation,kt,0.0002271560086771306,2019,EXIOBASE v3.7 IOT_2016_ixi
IRL,Ireland,Europe,"Electrical, electronic and measuring equipment",waste_generation,kt,0.0002234419895459545,2019,EXIOBASE v3.7 IOT_2016_ixi
SVK,Slovakia,Europe,"Steam, hot water supply and water distribution",material_extraction,kt,0.0002228512430107051,2019,EXIOBASE v3.7 IOT_2016_ixi
CHE,Switzerland,Europe,"Steam, hot water supply and water distribution",waste_generation,kt,0.00022283786985588102,2019,EXIOBASE v3.7 IOT_2016_ixi
LVA,Latvia,Europe,"Electrical, electronic and measuring equipment",blue_water_consumption,Mm3,0.00022189992251666818,2019,EXIOBASE v3.7 IOT_2016_ixi
CZE,Czech Republic,Europe,Waste management and disposal,blue_water_consumption,Mm3,0.00021835536255492073,2019,EXIOBASE v3.7 IOT_2016_ixi
HUN,Hungary,Europe,Transport Equipment,blue_water_consumption,Mm3,0.000218342877008111,2019,EXIOBASE v3.7 IOT_2016_ixi
LVA,Latvia,Europe,General and special Machinery,waste_generation,kt,0.0002176438710260541,2019,EXIOBASE v3.7 IOT_2016_ixi
MLT,Malta,Europe,Transport Equipment,climate_change,kt CO2eq,0.00021708531124222999,2019,EXIOBASE v3.7 IOT_2016_ixi
CYP,Cyprus,Middle East,Coal and Petroleum,climate_change,kt CO2eq,0.0002158655414735677,2019,EXIOBASE v3.7 IOT_2016_ixi
SVK,Slovakia,Europe,Coal and Petroleum,material_extraction,kt,0.0002158247810364184,2019,EXIOBASE v3.7 IOT_2016_ixi
ESP,Spain,Europe,Textile,blue_water_consumption,Mm3,0.00021409882294543204,2019,EXIOBASE v3.7 IOT_2016_ixi
NOR,Norway,Europe,Minerals and Metals,waste_generation,kt,0.00021309815306950385,2019,EXIOBASE v3.7 IOT_2016_ixi
NOR,Norway,Europe,"Steam, hot water supply and water distribution",waste_generation,kt,0.0002105829017050699,2019,EXIOBASE v3.7 IOT_2016_ixi
GRC,Greece,Europe,Natural gas and gaseous fuels,climate_change,kt CO2eq,0.00020902333035200253,2019,EXIOBASE v3.7 IOT_2016_ixi
EST,Estonia,Europe,General and special Machinery,climate_change,kt CO2eq,0.00020729927884036552,2019,EXIOBASE v3.7 IOT_2016_ixi
CYP,Cyprus,Middle East,Non-metallic mineral products,waste_generation,kt,0.00020723018644181837,2019,EXIOBASE v3.7 IOT_2016_ixi
EST,Estonia,Europe,Metal Products,waste_generation,kt,0.00020551364588081148,2019,EXIOBASE v3.7 IOT_2016_ixi
GRC,Greece,Europe,Metal Products,blue_water_consumption,Mm3,0.0002006963932596816,2019,EXIOBASE v3.7 IOT_2016_ixi
CAN,Canada,America,Food and catering,material_extraction,kt,0.0001994436126109784,2019,EXIOBASE v3.7 IOT_2016_ixi
MEX,Mexico,America,Natural gas and gaseous fuels,waste_generation,kt,0.00019848172895275024,2019,EXIOBASE v3.7 IOT_2016_ixi
ZAF,South Africa,Africa,"Electrical, electronic and measuring equipment",blue_water_consumption,Mm3,0.00019683140551663857,2019,EXIOBASE v3.7 IOT_2016_ixi
CYP,Cyprus,Middle East,Paper Products,waste_generation,kt,0.00019389531757992647,2019,EXIOBASE v3.7 IOT_2016_ixi
LUX,Luxembourg,Europe,Chemical,waste_generation,kt,0.00019266748333400706,2019,EXIOBASE v3.7 IOT_2016_ixi
LUX,Luxembourg,Europe,Non-metallic mineral products,blue_water_consumption,Mm3,0.000192591932253544,2019,EXIOBASE v3.7 IOT_2016_ixi
BRA,Brazil,America,Furniture and timber,blue_water_consumption,Mm3,0.00019153802473656978,2019,EXIOBASE v3.7 IOT_2016_ixi
TUR,Turkey,Middle East,Paper Products,land_use,km2,0.00019118446080243083,2019,EXIOBASE v3.7 IOT_2016_ixi
GRC,Greece,Europe,General and special Machinery,waste_generation,kt,0.00019032752511057995,2019,EXIOBASE v3.7 IOT_2016_ixi
HRV,Croatia,Europe,General and special Machinery,waste_generation,kt,0.00018775346866566246,2019,EXIOBASE v3.7 IOT_2016_ixi
NLD,Netherlands,Europe,Transport,waste_generation,kt,0.00018644328274627895,2019,EXIOBASE v3.7 IOT_2016_ixi
CZE,Czech Republic,Europe,Textile,land_use,km2,0.0001862680666674502,2019,EXIOBASE v3.7 IOT_2016_ixi
BGR,Bulgaria,Europe,Natural gas and gaseous fuels,waste_generation,kt,0.0001831758083548768,2019,EXIOBASE v3.7 IOT_2016_ixi
POL,Poland,Europe,Paper Products,land_use,km2,0.00018173213639950705,2019,EXIOBASE v3.7 IOT_2016_ixi
IRL,Ireland,Europe,Transport,waste_generation,kt,0.0001809953244168061,2019,EXIOBASE v3.7 IOT_2016_ixi
RUS,Russia,Europe,"Electrical, electronic and measuring equipment",blue_water_consumption,Mm3,0.00017764117529499881,2019,EXIOBASE v3.7 IOT_2016_ixi
NOR,Norway,Europe,Transport,blue_water_consumption,Mm3,0.00017714127302102353,2019,EXIOBASE v3.7 IOT_2016_ixi
HUN,Hungary,Europe,Textile,blue_water_consumption,Mm3,0.00017529277189036512,2019,EXIOBASE v3.7 IOT_2016_ixi
BGR,Bulgaria,Europe,Furniture and timber,blue_water_consumption,Mm3,0.00017476081312465727,2019,EXIOBASE v3.7 IOT_2016_ixi
BEL,Belgium,Europe,Construction,blue_water_consumption,Mm3,0.00017334633816407652,2019,EXIOBASE v3.7 IOT_2016_ixi
CAN,Canada,America,Textile,blue_water_consumption,Mm3,0.0001727408090663514,2019,EXIOBASE v3.7 IOT_2016_ixi
CZE,Czech Republic,Europe,Transport Equipment,land_use,km2,0.0001717175996812147,2019,EXIOBASE v3.7 IOT_2016_ixi
CYP,Cyprus,Middle East,Construction,climate_change,kt CO2eq,0.0001716263170915589,2019,EXIOBASE v3.7 IOT_2016_ixi
PRT,Portugal,Europe,Transport Equipment,waste_generation,kt,0.00017120556249643822,2019,EXIOBASE v3.7 IOT_2016_ixi
BGR,Bulgaria,Europe,"Steam, hot water supply and water distribution",waste_generation,kt,0.00017016095037096707,2019,EXIOBASE v3.7 IOT_2016_ixi
RoW Africa,RoW Africa,Africa,Construction,blue_water_consumption,Mm3,0.0001673893990016696,2019,EXIOBASE v3.7 IOT_2016_ixi
SWE,Sweden,Europe,Transport Equipment,blue_water_consumption,Mm3,0.0001671354856624462,2019,EXIOBASE v3.7 IOT_2016_ixi
CAN,Canada,America,Electricity,material_extraction,kt,0.00016688216158954546,2019,EXIOBASE v3.7 IOT_2016_ixi
NLD,Netherlands,Europe,Textile,blue_water_consumption,Mm3,0.00016573930740272248,2019,EXIOBASE v3.7 IOT_2016_ixi
ZAF,South Africa,Africa,Waste management and disposal,waste_generation,kt,0.00016493382345224698,2019,EXIOBASE v3.7 IOT_2016_ixi
PRT,Portugal,Europe,"Electrical, electronic and measuring equipment",blue_water_consumption,Mm3,0.0001632750028606259,2019,EXIOBASE v3.7 IOT_2016_ixi
LTU,Lithuania,Europe,Paper Products,blue_water_consumption,Mm3,0.00016317630128895275,2019,EXIOBASE v3.7 IOT_2016_ixi
LVA,Latvia,Europe,Waste management and disposal,blue_water_consumption,Mm3,0.0001590693892566233,2019,EXIOBASE v3.7 IOT_2016_ixi
NLD,Netherlands,Europe,Transport Equipment,blue_water_consumption,Mm3,0.00015724833513781387,2019,EXIOBASE v3.7 IOT_2016_ixi
KOR,South Korea,Asia and Pacific,Minerals and Metals,waste_generation,kt,0.00015723555160782477,2019,EXIOBASE v3.7 IOT_2016_ixi
RoW Europe,RoW Europe,Europe,Construction,blue_water_consumption,Mm3,0.0001567888386684563,2019,EXIOBASE v3.7 IOT_2016_ixi
HRV,Croatia,Europe,Textile,waste_generation,kt,0.00015665374267337826,2019,EXIOBASE v3.7 IOT_2016_ixi
RoW Middle East,RoW Middle East,Middle East,"Steam, hot water supply and water distribution",blue_water_consumption,Mm3,0.0001557628774093096,2019,EXIOBASE v3.7 IOT_2016_ixi
AUT,Austria,Europe,Textile,land_use,km2,0.0001545308266744236,2019,EXIOBASE v3.7 IOT_2016_ixi
BRA,Brazil,America,Transport Equipment,blue_water_consumption,Mm3,0.00015356637961205026,2019,EXIOBASE v3.7 IOT_2016_ixi
HUN,Hungary,Europe,Waste management and disposal,blue_water_consumption,Mm3,0.0001532175176105922,2019,EXIOBASE v3.7 IOT_2016_ixi
DNK,Denmark,Denmark,Chemical,land_use,km2,0.00015249920131741668,2019,EXIOBASE v3.7 IOT_2016_ixi
AUT,Austria,Europe,Non-metallic mineral products,blue_water_consumption,Mm3,0.00015147985480232177,2019,EXIOBASE v3.7 IOT_2016_ixi
CYP,Cyprus,Middle East,Waste management and disposal,waste_generation,kt,0.00015081025202057634,2019,EXIOBASE v3.7 IOT_2016_ixi
EST,Estonia,Europe,Chemical,blue_water_consumption,Mm3,0.0001502888756969401,2019,EXIOBASE v3.7 IOT_2016_ixi
MEX,Mexico,America,Paper Products,blue_water_consumption,Mm3,0.00015025507815161058,2019,EXIOBASE v3.7 IOT_2016_ixi
FRA,France,Europe,Natural gas and gaseous fuels,waste_generation,kt,0.0001492413055370268,2019,EXIOBASE v3.7 IOT_2016_ixi
PRT,Portugal,Europe,Chemical,material_extraction,kt,0.00014906166214293404,2019,EXIOBASE v3.7 IOT_2016_ixi
MEX,Mexico,America,Paper Products,land_use,km2,0.0001488923866534234,2019,EXIOBASE v3.7 IOT_2016_ixi
RUS,Russia,Europe,Natural gas and gaseous fuels,material_extraction,kt,0.00014615793997197211,2019,EXIOBASE v3.7 IOT_2016_ixi
HRV,Croatia,Europe,Natural gas and gaseous fuels,blue_water_consumption,Mm3,0.00014587963652820912,2019,EXIOBASE v3.7 IOT_2016_ixi
HUN,Hungary,Europe,Natural gas and gaseous fuels,land_use,km2,0.00014582948979616943,2019,EXIOBASE v3.7 IOT_2016_ixi
RoW Middle East,RoW Middle East,Middle East,"Steam, hot water supply and water distribution",material_extraction,kt,0.0001450203693504145,2019,EXIOBASE v3.7 IOT_2016_ixi
BRA,Brazil,America,General and special Machinery,blue_water_consumption,Mm3,0.00014406560042159108,2019,EXIOBASE v3.7 IOT_2016_ixi
ROU,Romania,Europe,Minerals and Metals,waste_generation,kt,0.00014299953318662134,2019,EXIOBASE v3.7 IOT_2016_ixi
DEU,Germany,Europe,General and special Machinery,material_extraction,kt,0.00014286581943304024,2019,EXIOBASE v3.7 IOT_2016_ixi
EST,Estonia,Europe,Non-metallic mineral products,blue_water_consumption,Mm3,0.00014248219797730817,2019,EXIOBASE v3.7 IOT_2016_ixi
ROU,Romania,Europe,Non-metallic mineral products,blue_water_consumption,Mm3,0.0001424669540719576,2019,EXIOBASE v3.7 IOT_2016_ixi
LTU,Lithuania,Europe,Non-metallic mineral products,blue_water_consumption,Mm3,0.00014205960693218432,2019,EXIOBASE v3.7 IOT_2016_ixi
CAN,Canada,America,Coal and Petroleum,blue_water_consumption,Mm3,0.0001413557827533912,2019,EXIOBASE v3.7 IOT_2016_ixi
IND,India,Asia and Pacific,Non-metallic mineral products,land_use,km2,0.00014031260132768347,2019,EXIOBASE v3.7 IOT_2016_ixi
LVA,Latvia,Europe,Construction,land_use,km2,0.0001400961967628103,2019,EXIOBASE v3.7 IOT_2016_ixi
HUN,Hungary,Europe,Construction,material_extraction,kt,0.0001396058055675745,2019,EXIOBASE v3.7 IOT_2016_ixi
RoW Middle East,RoW Middle East,Middle East,Textile,material_extraction,kt,0.00013950398498566754,2019,EXIOBASE v3.7 IOT_2016_ixi
SVN,Slovenia,Europe,Metal Products,land_use,km2,0.0001395008015902672,2019,EXIOBASE v3.7 IOT_2016_ixi
RUS,Russia,Europe,General and special Machinery,land_use,km2,0.0001380190144580351,2019,EXIOBASE v3.7 IOT_2016_ixi
CZE,Czech Republic,Europe,"Electrical, electronic and measuring equipment",blue_water_consumption,Mm3,0.00013770137259222425,2019,EXIOBASE v3.7 IOT_2016_ixi
RoW Europe,RoW Europe,Europe,Waste management and disposal,blue_water_consumption,Mm3,0.0001343252173540192,2019,EXIOBASE v3.7 IOT_2016_ixi
IDN,Indonesia,Asia and Pacific,Textile,blue_water_consumption,Mm3,0.00013431927820749837,2019,EXIOBASE v3.7 IOT_2016_ixi
CYP,Cyprus,Middle East,Construction,waste_generation,kt,0.0001328404077918375,2019,EXIOBASE v3.7 IOT_2016_ixi
TWN,Taiwan,Asia and Pacific,Electricity,blue_water_consumption,Mm3,0.0001317082203503849,2019,EXIOBASE v3.7 IOT_2016_ixi
LUX,Luxembourg,Europe,Chemical,blue_water_consumption,Mm3,0.00013050904772504322,2019,EXIOBASE v3.7 IOT_2016_ixi
RUS,Russia,Europe,Natural gas and gaseous fuels,blue_water_consumption,Mm3,0.00013031182959539838,2019,EXIOBASE v3.7 IOT_2016_ixi
DEU,Germany,Europe,Furniture and timber,blue_water_consumption,Mm3,0.00012951779459222231,2019,EXIOBASE v3.7 IOT_2016_ixi
USA,United States,America,Natural gas and gaseous fuels,waste_generation,kt,0.00012579045535944319,2019,EXIOBASE v3.7 IOT_2016_ixi
ESP,Spain,Europe,Natural gas and gaseous fuels,waste_generation,kt,0.0001256306108921813,2019,EXIOBASE v3.7 IOT_2016_ixi
CZE,Czech Republic,Europe,Chemical,land_use,km2,0.00012541558893096943,2019,EXIOBASE v3.7 IOT_2016_ixi
CYP,Cyprus,Middle East,Transport,waste_generation,kt,0.00012530789918203827,2019,EXIOBASE v3.7 IOT_2016_ixi
SVN,Slovenia,Europe,Coal and Petroleum,waste_generation,kt,0.000123721286982791,2019,EXIOBASE v3.7 IOT_2016_ixi
EST,Estonia,Europe,Services,blue_water_consumption,Mm3,0.0001231851449323916,2019,EXIOBASE v3.7 IOT_2016_ixi
RUS,Russia,Europe,Transport Equipment,blue_water_consumption,Mm3,0.0001227608009790334,2019,EXIOBASE v3.7 IOT_2016_ixi
RoW Asia and Pacific,RoW Asia and Pacific,Asia and Pacific,Construction,material_extraction,kt,0.0001226523990324346,2019,EXIOBASE v3.7 IOT_2016_ixi
BGR,Bulgaria,Europe,Metal Products,land_use,km2,0.0001216943039128849,2019,EXIOBASE v3.7 IOT_2016_ixi
MEX,Mexico,America,General and special Machinery,blue_water_consumption,Mm3,0.00012062003822108395,2019,EXIOBASE v3.7 IOT_2016_ixi
ZAF,South Africa,Africa,"Steam, hot water supply and water distribution",waste_generation,kt,0.00012040189430096899,2019,EXIOBASE v3.7 IOT_2016_ixi
ROU,Romania,Europe,"Electrical, electronic and measuring equipment",blue_water_consumption,Mm3,0.00011477826087330296,2019,EXIOBASE v3.7 IOT_2016_ixi
HUN,Hungary,Europe,Food and catering,material_extraction,kt,0.0001141650245548434,2019,EXIOBASE v3.7 IOT_2016_ixi
USA,United States,America,Transport Equipment,blue_water_consumption,Mm3,0.0001115417632032289,2019,EXIOBASE v3.7 IOT_2016_ixi
NOR,Norway,Europe,Electricity,waste_generation,kt,0.00011032562710873374,2019,EXIOBASE v3.7 IOT_2016_ixi
IRL,Ireland,Europe,Minerals and Metals,blue_water_consumption,Mm3,0.00010988973279741517,2019,EXIOBASE v3.7 IOT_2016_ixi
SVK,Slovakia,Europe,Metal Products,land_use,km2,0.0001093736622494794,2019,EXIOBASE v3.7 IOT_2016_ixi
ITA,Italy,Europe,Transport Equipment,blue_water_consumption,Mm3,0.00010868470257401117,2019,EXIOBASE v3.7 IOT_2016_ixi
HRV,Croatia,Europe,Non-metallic mineral products,blue_water_consumption,Mm3,0.0001083276879976745,2019,EXIOBASE v3.7 IOT_2016_ixi
CYP,Cyprus,Middle East,Natural gas and gaseous fuels,climate_change,kt CO2eq,0.0001072605337149536,2019,EXIOBASE v3.7 IOT_2016_ixi
IRL,Ireland,Europe,Transport Equipment,waste_generation,kt,0.00010705943165172274,2019,EXIOBASE v3.7 IOT_2016_ixi
LVA,Latvia,Europe,Transport Equipment,waste_generation,kt,0.0001065009972771778,2019,EXIOBASE v3.7 IOT_2016_ixi
CAN,Canada,America,Textile,material_extraction,kt,0.0001056574409155938,2019,EXIOBASE v3.7 IOT_2016_ixi
MLT,Malta,Europe,Transport,land_use,km2,0.00010553330204355261,2019,EXIOBASE v3.7 IOT_2016_ixi
ZAF,South Africa,Africa,Services,land_use,km2,0.0001048812444958655,2019,EXIOBASE v3.7 IOT_2016_ixi
EST,Estonia,Europe,Transport Equipment,waste_generation,kt,0.00010454497678535465,2019,EXIOBASE v3.7 IOT_2016_ixi
RoW Asia and Pacific,RoW Asia and Pacific,Asia and Pacific,Paper Products,material_extraction,kt,0.00010453461081344122,2019,EXIOBASE v3.7 IOT_2016_ixi
GRC,Greece,Europe,Coal and Petroleum,material_extraction,kt,0.0001026253802607126,2019,EXIOBASE v3.7 IOT_2016_ixi
BRA,Brazil,America,Natural gas and gaseous fuels,waste_generation,kt,0.00010241089322150935,2019,EXIOBASE v3.7 IOT_2016_ixi
RoW Europe,RoW Europe,Europe,Natural gas and gaseous fuels,blue_water_consumption,Mm3,0.00010231957488648092,2019,EXIOBASE v3.7 IOT_2016_ixi
ESP,Spain,Europe,General and special Machinery,blue_water_consumption,Mm3,0.00010200806723694904,2019,EXIOBASE v3.7 IOT_2016_ixi
RoW America,RoW America,America,Transport Equipment,blue_water_consumption,Mm3,0.00010100342865835626,2019,EXIOBASE v3.7 IOT_2016_ixi
JPN,Japan,Asia and Pacific,Waste management and disposal,blue_water_consumption,Mm3,0.0001006958739892065,2019,EXIOBASE v3.7 IOT_2016_ixi
IRL,Ireland,Europe,Textile,blue_water_consumption,Mm3,9.814222988011417e-05,2019,EXIOBASE v3.7 IOT_2016_ixi
BEL,Belgium,Europe,Natural gas and gaseous fuels,waste_generation,kt,9.81273278516517e-05,2019,EXIOBASE v3.7 IOT_2016_ixi
CZE,Czech Republic,Europe,Construction,blue_water_consumption,Mm3,9.7940700698351e-05,2019,EXIOBASE v3.7 IOT_2016_ixi
FIN,Finland,Europe,Electricity,blue_water_consumption,Mm3,9.755694276563994e-05,2019,EXIOBASE v3.7 IOT_2016_ixi
AUT,Austria,Europe,Minerals and Metals,waste_generation,kt,9.478579520749098e-05,2019,EXIOBASE v3.7 IOT_2016_ixi
IRL,Ireland,Europe,Non-metallic mineral products,blue_water_consumption,Mm3,9.464725491783817e-05,2019,EXIOBASE v3.7 IOT_2016_ixi
CZE,Czech Republic,Europe,General and special Machinery,blue_water_consumption,Mm3,9.454496247417535e-05,2019,EXIOBASE v3.7 IOT_2016_ixi
HUN,Hungary,Europe,Coal and Petroleum,blue_water_consumption,Mm3,9.426449515085499e-05,2019,EXIOBASE v3.7 IOT_2016_ixi
BGR,Bulgaria,Europe,Transport,blue_water_consumption,Mm3,9.419623780105478e-05,2019,EXIOBASE v3.7 IOT_2016_ixi
MEX,Mexico,America,Metal Products,material_extraction,kt,9.361021017632043e-05,2019,EXIOBASE v3.7 IOT_2016_ixi
RoW Africa,RoW Africa,Africa,Textile,material_extraction,kt,9.339607777459574e-05,2019,EXIOBASE v3.7 IOT_2016_ixi
ROU,Romania,Europe,General and special Machinery,blue_water_consumption,Mm3,9.251656520669439e-05,2019,EXIOBASE v3.7 IOT_2016_ixi
LUX,Luxembourg,Europe,Waste management and disposal,blue_water_consumption,Mm3,9.123210823864093e-05,2019,EXIOBASE v3.7 IOT_2016_ixi
CHN,China,Asia and Pacific,Natural gas and gaseous fuels,waste_generation,kt,9.111363407497405e-05,2019,EXIOBASE v3.7 IOT_2016_ixi
GRC,Greece,Europe,Non-metallic mineral products,blue_water_consumption,Mm3,9.058568939894552e-05,2019,EXIOBASE v3.7 IOT_2016_ixi
AUT,Austria,Europe,Textile,blue_water_consumption,Mm3,8.988906562546819e-05,2019,EXIOBASE v3.7 IOT_2016_ixi
RoW Middle East,RoW Middle East,Middle East,General and special Machinery,blue_water_consumption,Mm3,8.986494803643506e-05,2019,EXIOBASE v3.7 IOT_2016_ixi
MEX,Mexico,America,Waste management and disposal,material_extraction,kt,8.861259147930068e-05,2019,EXIOBASE v3.7 IOT_2016_ixi
RoW America,RoW America,America,Paper Products,material_extraction,kt,8.852316294499618e-05,2019,EXIOBASE v3.7 IOT_2016_ixi
LUX,Luxembourg,Europe,Coal and Petroleum,climate_change,kt CO2eq,8.829271205393724e-05,2019,EXIOBASE v3.7 IOT_2016_ixi
AUS,Australia,Asia and Pacific,"Steam, hot water supply and water distribution",climate_change,kt CO2eq,8.777300466136721e-05,2019,EXIOBASE v3.7 IOT_2016_ixi
RoW Middle East,RoW Middle East,Middle East,"Electrical, electronic and measuring equipment",land_use,km2,8.64106688770483e-05,2019,EXIOBASE v3.7 IOT_2016_ixi
CZE,Czech Republic,Europe,Transport,blue_water_consumption,Mm3,8.534517859006364e-05,2019,EXIOBASE v3.7 IOT_2016_ixi
ROU,Romania,Europe,Textile,waste_generation,kt,8.489634551338066e-05,2019,EXIOBASE v3.7 IOT_2016_ixi
IRL,Ireland,Europe,General and special Machinery,waste_generation,kt,8.429799078863749e-05,2019,EXIOBASE v3.7 IOT_2016_ixi
LVA,Latvia,Europe,Natural gas and gaseous fuels,waste_generation,kt,8.417956552765343e-05,2019,EXIOBASE v3.7 IOT_2016_ixi
LTU,Lithuania,Europe,Electricity,blue_water_consumption,Mm3,8.389467821554567e-05,2019,EXIOBASE v3.7 IOT_2016_ixi
RUS,Russia,Europe,Natural gas and gaseous fuels,land_use,km2,8.200695160918982e-05,2019,EXIOBASE v3.7 IOT_2016_ixi
HUN,Hungary,Europe,Metal Products,land_use,km2,8.19359769452367e-05,2019,EXIOBASE v3.7 IOT_2016_ixi
LVA,Latvia,Europe,Textile,waste_generation,kt,8.183245685344337e-05,2019,EXIOBASE v3.7 IOT_2016_ixi
ESP,Spain,Europe,Minerals and Metals,blue_water_consumption,Mm3,8.158344918438631e-05,2019,EXIOBASE v3.7 IOT_2016_ixi
NLD,Netherlands,Europe,Natural gas and gaseous fuels,waste_generation,kt,8.142826946148623e-05,2019,EXIOBASE v3.7 IOT_2016_ixi
BGR,Bulgaria,Europe,Minerals and Metals,waste_generation,kt,8.095472411118403e-05,2019,EXIOBASE v3.7 IOT_2016_ixi
ITA,Italy,Europe,Transport,blue_water_consumption,Mm3,7.989898605930048e-05,2019,EXIOBASE v3.7 IOT_2016_ixi
DNK,Denmark,Denmark,Services,blue_water_consumption,Mm3,7.96513592835771e-05,2019,EXIOBASE v3.7 IOT_2016_ixi
BEL,Belgium,Europe,Transport Equipment,blue_water_consumption,Mm3,7.760132881937238e-05,2019,EXIOBASE v3.7 IOT_2016_ixi
DEU,Germany,Europe,Food and catering,material_extraction,kt,7.737855323255988e-05,2019,EXIOBASE v3.7 IOT_2016_ixi
CHE,Switzerland,Europe,General and special Machinery,blue_water_consumption,Mm3,7.681830925462215e-05,2019,EXIOBASE v3.7 IOT_2016_ixi
SVN,Slovenia,Europe,Metal Products,blue_water_consumption,Mm3,7.654625692077741e-05,2019,EXIOBASE v3.7 IOT_2016_ixi
HRV,Croatia,Europe,"Electrical, electronic and measuring equipment",blue_water_consumption,Mm3,7.63721670157402e-05,2019,EXIOBASE v3.7 IOT_2016_ixi
LUX,Luxembourg,Europe,Textile,blue_water_consumption,Mm3,7.601395802114926e-05,2019,EXIOBASE v3.7 IOT_2016_ixi
SVN,Slovenia,Europe,Waste management and disposal,land_use,km2,7.51740433079464e-05,2019,EXIOBASE v3.7 IOT_2016_ixi
BRA,Brazil,America,Waste management and disposal,material_extraction,kt,7.393062892786933e-05,2019,EXIOBASE v3.7 IOT_2016_ixi
TUR,Turkey,Middle East,Paper Products,material_extraction,kt,7.389989041272431e-05,2019,EXIOBASE v3.7 IOT_2016_ixi
IRL,Ireland,Europe,Furniture and timber,blue_water_consumption,Mm3,7.299536166691078e-05,2019,EXIOBASE v3.7 IOT_2016_ixi
RoW Europe,RoW Europe,Europe,"Steam, hot water supply and water distribution",blue_water_consumption,Mm3,7.270294483205395e-05,2019,EXIOBASE v3.7 IOT_2016_ixi
BEL,Belgium,Europe,Furniture and timber,blue_water_consumption,Mm3,7.246704040247982e-05,2019,EXIOBASE v3.7 IOT_2016_ixi
EST,Estonia,Europe,Coal and Petroleum,waste_generation,kt,7.228225477784223e-05,2019,EXIOBASE v3.7 IOT_2016_ixi
USA,United States,America,Waste management and disposal,blue_water_consumption,Mm3,7.196155597891086e-05,2019,EXIOBASE v3.7 IOT_2016_ixi
CAN,Canada,America,Furniture and timber,blue_water_consumption,Mm3,7.154232952407936e-05,2019,EXIOBASE v3.7 IOT_2016_ixi
ZAF,South Africa,Africa,Services,blue_water_consumption,Mm3,7.070700125873202e-05,2019,EXIOBASE v3.7 IOT_2016_ixi
HUN,Hungary,Europe,Transport Equipment,material_extraction,kt,7.051878910091404e-05,2019,EXIOBASE v3.7 IOT_2016_ixi
POL,Poland,Europe,Construction,land_use,km2,7.032300131144959e-05,2019,EXIOBASE v3.7 IOT_2016_ixi
LTU,Lithuania,Europe,Metal Products,waste_generation,kt,6.885332648934068e-05,2019,EXIOBASE v3.7 IOT_2016_ixi
ZAF,South Africa,Africa,Furniture and timber,blue_water_consumption,Mm3,6.825659786360532e-05,2019,EXIOBASE v3.7 IOT_2016_ixi
ESP,Spain,Europe,Furniture and timber,blue_water_consumption,Mm3,6.804859300693511e-05,2019,EXIOBASE v3.7 IOT_2016_ixi
RoW America,RoW America,America,Natural gas and gaseous fuels,land_use,km2,6.752001214433695e-05,2019,EXIOBASE v3.7 IOT_2016_ixi
BGR,Bulgaria,Europe,Chemical,material_extraction,kt,6.691729934920139e-05,2019,EXIOBASE v3.7 IOT_2016_ixi
HUN,Hungary,Europe,Transport,blue_water_consumption,Mm3,6.667900016263598e-05,2019,EXIOBASE v3.7 IOT_2016_ixi
ROU,Romania,Europe,Natural gas and gaseous fuels,waste_generation,kt,6.635537026062734e-05,2019,EXIOBASE v3.7 IOT_2016_ixi
IDN,Indonesia,Asia and Pacific,Furniture and timber,blue_water_consumption,Mm3,6.599420036912252e-05,2019,EXIOBASE v3.7 IOT_2016_ixi
PRT,Portugal,Europe,General and special Machinery,blue_water_consumption,Mm3,6.579091063870351e-05,2019,EXIOBASE v3.7 IOT_2016_ixi
CYP,Cyprus,Middle East,Furniture and timber,waste_generation,kt,6.57086578248559e-05,2019,EXIOBASE v3.7 IOT_2016_ixi
POL,Poland,Europe,Natural gas and gaseous fuels,waste_generation,kt,6.55069565513916e-05,2019,EXIOBASE v3.7 IOT_2016_ixi
CAN,Canada,America,Services,land_use,km2,6.480816416549192e-05,2019,EXIOBASE v3.7 IOT_2016_ixi
HRV,Croatia,Europe,Transport Equipment,waste_generation,kt,6.456035468048419e-05,2019,EXIOBASE v3.7 IOT_2016_ixi
DNK,Denmark,Denmark,Textile,land_use,km2,6.384572072799806e-05,2019,EXIOBASE v3.7 IOT_2016_ixi
SWE,Sweden,Europe,Coal and Petroleum,land_use,km2,6.36335447030164e-05,2019,EXIOBASE v3.7 IOT_2016_ixi
AUT,Austria,Europe,"Electrical, electronic and measuring equipment",blue_water_consumption,Mm3,6.233573807729398e-05,2019,EXIOBASE v3.7 IOT_2016_ixi
FIN,Finland,Europe,"Electrical, electronic and measuring equipment",blue_water_consumption,Mm3,6.209928256458112e-05,2019,EXIOBASE v3.7 IOT_2016_ixi
LTU,Lithuania,Europe,Transport Equipment,waste_generation,kt,6.198638834837895e-05,2019,EXIOBASE v3.7 IOT_2016_ixi
RoW Asia and Pacific,RoW Asia and Pacific,Asia and Pacific,Natural gas and gaseous fuels,blue_water_consumption,Mm3,6.114865221931117e-05,2019,EXIOBASE v3.7 IOT_2016_ixi
CZE,Czech Republic,Europe,"Steam, hot water supply and water distribution",material_extraction,kt,6.109389750938659e-05,2019,EXIOBASE v3.7 IOT_2016_ixi
CZE,Czech Republic,Europe,Furniture and timber,blue_water_consumption,Mm3,6.006022897113646e-05,2019,EXIOBASE v3.7 IOT_2016_ixi
SVK,Slovakia,Europe,"Electrical, electronic and measuring equipment",land_use,km2,5.9963151110756336e-05,2019,EXIOBASE v3.7 IOT_2016_ixi
LUX,Luxembourg,Europe,Transport Equipment,waste_generation,kt,5.970606070333508e-05,2019,EXIOBASE v3.7 IOT_2016_ixi
DEU,Germany,Europe,Construction,material_extraction,kt,5.9654413569173796e-05,2019,EXIOBASE v3.7 IOT_2016_ixi
RUS,Russia,Europe,Transport Equipment,land_use,km2,5.775430379973511e-05,2019,EXIOBASE v3.7 IOT_2016_ixi
MEX,Mexico,America,Minerals and Metals,waste_generation,kt,5.642286580199487e-05,2019,EXIOBASE v3.7 IOT_2016_ixi
LUX,Luxembourg,Europe,Electricity,waste_generation,kt,5.633956518828946e-05,2019,EXIOBASE v3.7 IOT_2016_ixi
LUX,Luxembourg,Europe,"Electrical, electronic and measuring equipment",blue_water_consumption,Mm3,5.599208561089117e-05,2019,EXIOBASE v3.7 IOT_2016_ixi
PRT,Portugal,Europe,Minerals and Metals,waste_generation,kt,5.579643557010748e-05,2019,EXIOBASE v3.7 IOT_2016_ixi
AUS,Australia,Asia and Pacific,General and special Machinery,blue_water_consumption,Mm3,5.5721573417229285e-05,2019,EXIOBASE v3.7 IOT_2016_ixi
PRT,Portugal,Europe,Food and catering,material_extraction,kt,5.532513694780095e-05,2019,EXIOBASE v3.7 IOT_2016_ixi
CAN,Canada,America,Non-metallic mineral products,blue_water_consumption,Mm3,5.4823656971941245e-05,2019,EXIOBASE v3.7 IOT_2016_ixi
LUX,Luxembourg,Europe,Paper Products,blue_water_consumption,Mm3,5.461807783880682e-05,2019,EXIOBASE v3.7 IOT_2016_ixi
SWE,Sweden,Europe,"Steam, hot water supply and water distribution",climate_change,kt CO2eq,5.3574440409292455e-05,2019,EXIOBASE v3.7 IOT_2016_ixi
MLT,Malta,Europe,Waste management and disposal,waste_generation,kt,5.303259974579254e-05,2019,EXIOBASE v3.7 IOT_2016_ixi
LVA,Latvia,Europe,General and special Machinery,blue_water_consumption,Mm3,5.295475740875067e-05,2019,EXIOBASE v3.7 IOT_2016_ixi
RoW Asia and Pacific,RoW Asia and Pacific,Asia and Pacific,Construction,blue_water_consumption,Mm3,5.277159606976152e-05,2019,EXIOBASE v3.7 IOT_2016_ixi
EST,Estonia,Europe,Coal and Petroleum,blue_water_consumption,Mm3,5.267804026362842e-05,2019,EXIOBASE v3.7 IOT_2016_ixi
AUS,Australia,Asia and Pacific,Non-metallic mineral products,blue_water_consumption,Mm3,5.233081269063669e-05,2019,EXIOBASE v3.7 IOT_2016_ixi
CHE,Switzerland,Europe,Furniture and timber,blue_water_consumption,Mm3,5.203529805268755e-05,2019,EXIOBASE v3.7 IOT_2016_ixi
CZE,Czech Republic,Europe,Transport Equipment,blue_water_consumption,Mm3,5.1548998075685665e-05,2019,EXIOBASE v3.7 IOT_2016_ixi
PRT,Portugal,Europe,Construction,material_extraction,kt,5.13922771682317e-05,2019,EXIOBASE v3.7 IOT_2016_ixi
EST,Estonia,Europe,Textile,land_use,km2,5.086820908926133e-05,2019,EXIOBASE v3.7 IOT_2016_ixi
CAN,Canada,America,Natural gas and gaseous fuels,blue_water_consumption,Mm3,5.0517430886408765e-05,2019,EXIOBASE v3.7 IOT_2016_ixi
MEX,Mexico,America,Waste management and disposal,waste_generation,kt,4.8468245966679435e-05,2019,EXIOBASE v3.7 IOT_2016_ixi
TUR,Turkey,Middle East,Coal and Petroleum,blue_water_consumption,Mm3,4.8444288136635264e-05,2019,EXIOBASE v3.7 IOT_2016_ixi
LTU,Lithuania,Europe,Metal Products,blue_water_consumption,Mm3,4.831544340016037e-05,2019,EXIOBASE v3.7 IOT_2016_ixi
EST,Estonia,Europe,General and special Machinery,waste_generation,kt,4.8188457667955115e-05,2019,EXIOBASE v3.7 IOT_2016_ixi
MEX,Mexico,America,Services,land_use,km2,4.7680951151068664e-05,2019,EXIOBASE v3.7 IOT_2016_ixi
IRL,Ireland,Europe,Textile,waste_generation,kt,4.737320003534054e-05,2019,EXIOBASE v3.7 IOT_2016_ixi
FRA,France,Europe,Services,blue_water_consumption,Mm3,4.68928755030433e-05,2019,EXIOBASE v3.7 IOT_2016_ixi
HUN,Hungary,Europe,Minerals and Metals,land_use,km2,4.652413676331995e-05,2019,EXIOBASE v3.7 IOT_2016_ixi
HUN,Hungary,Europe,Electricity,land_use,km2,4.4882132992446125e-05,2019,EXIOBASE v3.7 IOT_2016_ixi
AUT,Austria,Europe,Metal Products,material_extraction,kt,4.327092606358139e-05,2019,EXIOBASE v3.7 IOT_2016_ixi
BGR,Bulgaria,Europe,Furniture and timber,material_extraction,kt,4.286573125003518e-05,2019,EXIOBASE v3.7 IOT_2016_ixi
KOR,South Korea,Asia and Pacific,Transport Equipment,blue_water_consumption,Mm3,4.25156331115111e-05,2019,EXIOBASE v3.7 IOT_2016_ixi
CHE,Switzerland,Europe,Waste management and disposal,blue_water_consumption,Mm3,4.210011758698187e-05,2019,EXIOBASE v3.7 IOT_2016_ixi
RoW Middle East,RoW Middle East,Middle East,Construction,blue_water_consumption,Mm3,4.199803766849199e-05,2019,EXIOBASE v3.7 IOT_2016_ixi
CAN,Canada,America,"Steam, hot water supply and water distribution",material_extraction,kt,4.176576769267708e-05,2019,EXIOBASE v3.7 IOT_2016_ixi
SVN,Slovenia,Europe,"Electrical, electronic and measuring equipment",blue_water_consumption,Mm3,4.1477978094653375e-05,2019,EXIOBASE v3.7 IOT_2016_ixi
JPN,Japan,Asia and Pacific,Transport,waste_generation,kt,4.139115782546936e-05,2019,EXIOBASE v3.7 IOT_2016_ixi
RoW Africa,RoW Africa,Africa,Paper Products,material_extraction,kt,4.1007855769700345e-05,2019,EXIOBASE v3.7 IOT_2016_ixi
PRT,Portugal,Europe,Waste management and disposal,blue_water_consumption,Mm3,4.073813559837041e-05,2019,EXIOBASE v3.7 IOT_2016_ixi
NOR,Norway,Europe,Furniture and timber,material_extraction,kt,4.027378747334285e-05,2019,EXIOBASE v3.7 IOT_2016_ixi
RoW Europe,RoW Europe,Europe,Transport Equipment,blue_water_consumption,Mm3,3.9953268431160704e-05,2019,EXIOBASE v3.7 IOT_2016_ixi
RoW Asia and Pacific,RoW Asia and Pacific,Asia and Pacific,General and special Machinery,land_use,km2,3.986175290892623e-05,2019,EXIOBASE v3.7 IOT_2016_ixi
CYP,Cyprus,Middle East,Chemical,blue_water_consumption,Mm3,3.9844223155445017e-05,2019,EXIOBASE v3.7 IOT_2016_ixi
HUN,Hungary,Europe,"Steam, hot water supply and water distribution",land_use,km2,3.937452336282115e-05,2019,EXIOBASE v3.7 IOT_2016_ixi
EST,Estonia,Europe,Natural gas and gaseous fuels,waste_generation,kt,3.923395054438247e-05,2019,EXIOBASE v3.7 IOT_2016_ixi
MEX,Mexico,America,Non-metallic mineral products,land_use,km2,3.8728546462745605e-05,2019,EXIOBASE v3.7 IOT_2016_ixi
ITA,Italy,Europe,Coal and Petroleum,blue_water_consumption,Mm3,3.857855937983443e-05,2019,EXIOBASE v3.7 IOT_2016_ixi
CYP,Cyprus,Middle East,Textile,climate_change,kt CO2eq,3.819680829661461e-05,2019,EXIOBASE v3.7 IOT_2016_ixi
ESP,Spain,Europe,Non-metallic mineral products,blue_water_consumption,Mm3,3.818272734822709e-05,2019,EXIOBASE v3.7 IOT_2016_ixi
HRV,Croatia,Europe,"Steam, hot water supply and water distribution",blue_water_consumption,Mm3,3.736924391737908e-05,2019,EXIOBASE v3.7 IOT_2016_ixi
TUR,Turkey,Middle East,General and special Machinery,blue_water_consumption,Mm3,3.7365994110201776e-05,2019,EXIOBASE v3.7 IOT_2016_ixi
HRV,Croatia,Europe,Textile,blue_water_consumption,Mm3,3.731666633696776e-05,2019,EXIOBASE v3.7 IOT_2016_ixi
CAN,Canada,America,Natural gas and gaseous fuels,waste_generation,kt,3.7252184806153265e-05,2019,EXIOBASE v3.7 IOT_2016_ixi
CYP,Cyprus,Middle East,"Electrical, electronic and measuring equipment",climate_change,kt CO2eq,3.711117145301317e-05,2019,EXIOBASE v3.7 IOT_2016_ixi
IDN,Indonesia,Asia and Pacific,Non-metallic mineral products,blue_water_consumption,Mm3,3.6913762882754314e-05,2019,EXIOBASE v3.7 IOT_2016_ixi
NOR,Norway,Europe,Electricity,blue_water_consumption,Mm3,3.662419837709705e-05,2019,EXIOBASE v3.7 IOT_2016_ixi
ROU,Romania,Europe,Waste management and disposal,blue_water_consumption,Mm3,3.657571890776061e-05,2019,EXIOBASE v3.7 IOT_2016_ixi
LVA,Latvia,Europe,Metal Products,material_extraction,kt,3.636089013733251e-05,2019,EXIOBASE v3.7 IOT_2016_ixi
RoW America,RoW America,America,"Electrical, electronic and measuring equipment",land_use,km2,3.635161796068918e-05,2019,EXIOBASE v3.7 IOT_2016_ixi
SVK,Slovakia,Europe,Coal and Petroleum,blue_water_consumption,Mm3,3.61156570409443e-05,2019,EXIOBASE v3.7 IOT_2016_ixi
BGR,Bulgaria,Europe,Transport Equipment,blue_water_consumption,Mm3,3.595871489859009e-05,2019,EXIOBASE v3.7 IOT_2016_ixi
ESP,Spain,Europe,Food and catering,material_extraction,kt,3.594033233779843e-05,2019,EXIOBASE v3.7 IOT_2016_ixi
PRT,Portugal,Europe,"Steam, hot water supply and water distribution",waste_generation,kt,3.572380389919099e-05,2019,EXIOBASE v3.7 IOT_2016_ixi
ESP,Spain,Europe,"Steam, hot water supply and water distribution",waste_generation,kt,3.559981637785819e-05,2019,EXIOBASE v3.7 IOT_2016_ixi
HUN,Hungary,Europe,Paper Products,land_use,km2,3.554773836065341e-05,2019,EXIOBASE v3.7 IOT_2016_ixi
ITA,Italy,Europe,Natural gas and gaseous fuels,blue_water_consumption,Mm3,3.507120832584299e-05,2019,EXIOBASE v3.7 IOT_2016_ixi
IRL,Ireland,Europe,Minerals and Metals,waste_generation,kt,3.457185066404214e-05,2019,EXIOBASE v3.7 IOT_2016_ixi
SVK,Slovakia,Europe,Construction,land_use,km2,3.443904252896248e-05,2019,EXIOBASE v3.7 IOT_2016_ixi
SVN,Slovenia,Europe,Coal and Petroleum,land_use,km2,3.441131275896788e-05,2019,EXIOBASE v3.7 IOT_2016_ixi
JPN,Japan,Asia and Pacific,"Steam, hot water supply and water distribution",waste_generation,kt,3.438780246340198e-05,2019,EXIOBASE v3.7 IOT_2016_ixi
CZE,Czech Republic,Europe,Electricity,blue_water_consumption,Mm3,3.42929358135758e-05,2019,EXIOBASE v3.7 IOT_2016_ixi
HRV,Croatia,Europe,Furniture and timber,blue_water_consumption,Mm3,3.349077467905837e-05,2019,EXIOBASE v3.7 IOT_2016_ixi
RoW America,RoW America,America,Construction,blue_water_consumption,Mm3,3.347963609988954e-05,2019,EXIOBASE v3.7 IOT_2016_ixi
EST,Estonia,Europe,Furniture and timber,blue_water_consumption,Mm3,3.339007827694191e-05,2019,EXIOBASE v3.7 IOT_2016_ixi
AUT,Austria,Europe,Food and catering,material_extraction,kt,3.267881572894344e-05,2019,EXIOBASE v3.7 IOT_2016_ixi
LVA,Latvia,Europe,"Electrical, electronic and measuring equipment",waste_generation,kt,3.232483766440496e-05,2019,EXIOBASE v3.7 IOT_2016_ixi
AUT,Austria,Europe,Waste management and disposal,blue_water_consumption,Mm3,3.202759767174578e-05,2019,EXIOBASE v3.7 IOT_2016_ixi
RoW Asia and Pacific,RoW Asia and Pacific,Asia and Pacific,Transport Equipment,land_use,km2,3.202208781134499e-05,2019,EXIOBASE v3.7 IOT_2016_ixi
SVK,Slovakia,Europe,Construction,blue_water_consumption,Mm3,3.148802174609687e-05,2019,EXIOBASE v3.7 IOT_2016_ixi
GRC,Greece,Europe,Textile,blue_water_consumption,Mm3,3.115266084733166e-05,2019,EXIOBASE v3.7 IOT_2016_ixi
CAN,Canada,America,Construction,blue_water_consumption,Mm3,3.095216736663362e-05,2019,EXIOBASE v3.7 IOT_2016_ixi
EST,Estonia,Europe,"Electrical, electronic and measuring equipment",blue_water_consumption,Mm3,3.081317827695058e-05,2019,EXIOBASE v3.7 IOT_2016_ixi
USA,United States,America,Services,land_use,km2,3.021316636948129e-05,2019,EXIOBASE v3.7 IOT_2016_ixi
RoW Middle East,RoW Middle East,Middle East,Transport Equipment,blue_water_consumption,Mm3,3.014603966489384e-05,2019,EXIOBASE v3.7 IOT_2016_ixi
JPN,Japan,Asia and Pacific,Electricity,blue_water_consumption,Mm3,2.9929618691914084e-05,2019,EXIOBASE v3.7 IOT_2016_ixi
CZE,Czech Republic,Europe,Natural gas and gaseous fuels,land_use,km2,2.992078229926543e-05,2019,EXIOBASE v3.7 IOT_2016_ixi
SVN,Slovenia,Europe,Transport,blue_water_consumption,Mm3,2.97278348404656e-05,2019,EXIOBASE v3.7 IOT_2016_ixi
AUS,Australia,Asia and Pacific,Furniture and timber,blue_water_consumption,Mm3,2.9671978806834088e-05,2019,EXIOBASE v3.7 IOT_2016_ixi
SVN,Slovenia,Europe,Paper Products,blue_water_consumption,Mm3,2.9429551936417776e-05,2019,EXIOBASE v3.7 IOT_2016_ixi
LTU,Lithuania,Europe,Minerals and Metals,waste_generation,kt,2.9219731284374492e-05,2019,EXIOBASE v3.7 IOT_2016_ixi
RoW Asia and Pacific,RoW Asia and Pacific,Asia and Pacific,Furniture and timber,material_extraction,kt,2.85431603187894e-05,2019,EXIOBASE v3.7 IOT_2016_ixi
BGR,Bulgaria,Europe,Construction,blue_water_consumption,Mm3,2.849072058126263e-05,2019,EXIOBASE v3.7 IOT_2016_ixi
LTU,Lithuania,Europe,Waste management and disposal,waste_generation,kt,2.8396511113153287e-05,2019,EXIOBASE v3.7 IOT_2016_ixi
TUR,Turkey,Middle East,Transport Equipment,blue_water_consumption,Mm3,2.815389536948982e-05,2019,EXIOBASE v3.7 IOT_2016_ixi
IRL,Ireland,Europe,Services,blue_water_consumption,Mm3,2.7898234855741838e-05,2019,EXIOBASE v3.7 IOT_2016_ixi
BEL,Belgium,Europe,"Electrical, electronic and measuring equipment",blue_water_consumption,Mm3,2.7250162377034333e-05,2019,EXIOBASE v3.7 IOT_2016_ixi
MEX,Mexico,America,Transport Equipment,blue_water_consumption,Mm3,2.7094066480271058e-05,2019,EXIOBASE v3.7 IOT_2016_ixi
SVK,Slovakia,Europe,Furniture and timber,blue_water_consumption,Mm3,2.6554276908911786e-05,2019,EXIOBASE v3.7 IOT_2016_ixi
LTU,Lithuania,Europe,Transport,blue_water_consumption,Mm3,2.63564111366735e-05,2019,EXIOBASE v3.7 IOT_2016_ixi
NLD,Netherlands,Europe,Construction,blue_water_consumption,Mm3,2.6239622787635143e-05,2019,EXIOBASE v3.7 IOT_2016_ixi
IRL,Ireland,Europe,Natural gas and gaseous fuels,waste_generation,kt,2.617473049698117e-05,2019,EXIOBASE v3.7 IOT_2016_ixi
MEX,Mexico,America,Non-metallic mineral products,blue_water_consumption,Mm3,2.606998623419168e-05,2019,EXIOBASE v3.7 IOT_2016_ixi
HUN,Hungary,Europe,Transport Equipment,land_use,km2,2.597530489964233e-05,2019,EXIOBASE v3.7 IOT_2016_ixi
SVN,Slovenia,Europe,Construction,land_use,km2,2.547652227789225e-05,2019,EXIOBASE v3.7 IOT_2016_ixi
PRT,Portugal,Europe,Transport,blue_water_consumption,Mm3,2.510963661719941e-05,2019,EXIOBASE v3.7 IOT_2016_ixi
LUX,Luxembourg,Europe,Natural gas and gaseous fuels,waste_generation,kt,2.500169035671796e-05,2019,EXIOBASE v3.7 IOT_2016_ixi
POL,Poland,Europe,Coal and Petroleum,land_use,km2,2.472893567827202e-05,2019,EXIOBASE v3.7 IOT_2016_ixi
SVN,Slovenia,Europe,Minerals and Metals,waste_generation,kt,2.4617152823364225e-05,2019,EXIOBASE v3.7 IOT_2016_ixi
POL,Poland,Europe,General and special Machinery,land_use,km2,2.452572974109177e-05,2019,EXIOBASE v3.7 IOT_2016_ixi
MEX,Mexico,America,General and special Machinery,land_use,km2,2.450845906457233e-05,2019,EXIOBASE v3.7 IOT_2016_ixi
JPN,Japan,Asia and Pacific,Minerals and Metals,waste_generation,kt,2.4022889748453674e-05,2019,EXIOBASE v3.7 IOT_2016_ixi
LUX,Luxembourg,Europe,General and special Machinery,blue_water_consumption,Mm3,2.3528304366727537e-05,2019,EXIOBASE v3.7 IOT_2016_ixi
ROU,Romania,Europe,Furniture and timber,blue_water_consumption,Mm3,2.342737088877483e-05,2019,EXIOBASE v3.7 IOT_2016_ixi
DEU,Germany,Europe,Transport Equipment,blue_water_consumption,Mm3,2.3326187955471865e-05,2019,EXIOBASE v3.7 IOT_2016_ixi
TUR,Turkey,Middle East,"Electrical, electronic and measuring equipment",blue_water_consumption,Mm3,2.3183930433890173e-05,2019,EXIOBASE v3.7 IOT_2016_ixi
RoW Africa,RoW Africa,Africa,Construction,material_extraction,kt,2.277075233202655e-05,2019,EXIOBASE v3.7 IOT_2016_ixi
HRV,Croatia,Europe,Furniture and timber,material_extraction,kt,2.2702134251308218e-05,2019,EXIOBASE v3.7 IOT_2016_ixi
HRV,Croatia,Europe,Waste management and disposal,blue_water_consumption,Mm3,2.2381711559799202e-05,2019,EXIOBASE v3.7 IOT_2016_ixi
ZAF,South Africa,Africa,Transport Equipment,blue_water_consumption,Mm3,2.2184001749589714e-05,2019,EXIOBASE v3.7 IOT_2016_ixi
RoW Europe,RoW Europe,Europe,Transport Equipment,land_use,km2,2.112794021144566e-05,2019,EXIOBASE v3.7 IOT_2016_ixi
TUR,Turkey,Middle East,Furniture and timber,blue_water_consumption,Mm3,2.0651422988827744e-05,2019,EXIOBASE v3.7 IOT_2016_ixi
LTU,Lithuania,Europe,Waste management and disposal,blue_water_consumption,Mm3,2.0580122577599597e-05,2019,EXIOBASE v3.7 IOT_2016_ixi
USA,United States,America,Natural gas and gaseous fuels,blue_water_consumption,Mm3,2.0385974272113647e-05,2019,EXIOBASE v3.7 IOT_2016_ixi
LVA,Latvia,Europe,Construction,blue_water_consumption,Mm3,2.0312790662878568e-05,2019,EXIOBASE v3.7 IOT_2016_ixi
HRV,Croatia,Europe,Minerals and Metals,blue_water_consumption,Mm3,2.0197772199225593e-05,2019,EXIOBASE v3.7 IOT_2016_ixi
CYP,Cyprus,Middle East,Metal Products,blue_water_consumption,Mm3,2.0104481448527136e-05,2019,EXIOBASE v3.7 IOT_2016_ixi
SVN,Slovenia,Europe,"Steam, hot water supply and water distribution",blue_water_consumption,Mm3,2.009409587857856e-05,2019,EXIOBASE v3.7 IOT_2016_ixi
MLT,Malta,Europe,Textile,climate_change,kt CO2eq,1.9961847124596928e-05,2019,EXIOBASE v3.7 IOT_2016_ixi
BGR,Bulgaria,Europe,General and special Machinery,land_use,km2,1.98450654623788e-05,2019,EXIOBASE v3.7 IOT_2016_ixi
MEX,Mexico,America,Construction,waste_generation,kt,1.978968759704352e-05,2019,EXIOBASE v3.7 IOT_2016_ixi
RUS,Russia,Europe,"Electrical, electronic and measuring equipment",land_use,km2,1.9655721307052086e-05,2019,EXIOBASE v3.7 IOT_2016_ixi
LUX,Luxembourg,Europe,"Steam, hot water supply and water distribution",waste_generation,kt,1.9268727815908306e-05,2019,EXIOBASE v3.7 IOT_2016_ixi
CYP,Cyprus,Middle East,Paper Products,blue_water_consumption,Mm3,1.926630172813203e-05,2019,EXIOBASE v3.7 IOT_2016_ixi
LVA,Latvia,Europe,Transport,blue_water_consumption,Mm3,1.9180385928637805e-05,2019,EXIOBASE v3.7 IOT_2016_ixi
LTU,Lithuania,Europe,"Electrical, electronic and measuring equipment",blue_water_consumption,Mm3,1.91203670349164e-05,2019,EXIOBASE v3.7 IOT_2016_ixi
LTU,Lithuania,Europe,General and special Machinery,waste_generation,kt,1.8871408088277278e-05,2019,EXIOBASE v3.7 IOT_2016_ixi
DEU,Germany,Europe,Natural gas and gaseous fuels,blue_water_consumption,Mm3,1.8543036471663084e-05,2019,EXIOBASE v3.7 IOT_2016_ixi
HRV,Croatia,Europe,General and special Machinery,blue_water_consumption,Mm3,1.8512984450813794e-05,2019,EXIOBASE v3.7 IOT_2016_ixi
AUT,Austria,Europe,Natural gas and gaseous fuels,blue_water_consumption,Mm3,1.8328391289467293e-05,2019,EXIOBASE v3.7 IOT_2016_ixi
FIN,Finland,Europe,Coal and Petroleum,blue_water_consumption,Mm3,1.8147325084244843e-05,2019,EXIOBASE v3.7 IOT_2016_ixi
EST,Estonia,Europe,Minerals and Metals,blue_water_consumption,Mm3,1.8108977387316345e-05,2019,EXIOBASE v3.7 IOT_2016_ixi
EST,Estonia,Europe,Textile,blue_water_consumption,Mm3,1.787110341348404e-05,2019,EXIOBASE v3.7 IOT_2016_ixi
SVK,Slovakia,Europe,"Electrical, electronic and measuring equipment",blue_water_consumption,Mm3,1.7836126587596542e-05,2019,EXIOBASE v3.7 IOT_2016_ixi
LUX,Luxembourg,Europe,Natural gas and gaseous fuels,land_use,km2,1.761190370217382e-05,2019,EXIOBASE v3.7 IOT_2016_ixi
POL,Poland,Europe,Natural gas and gaseous fuels,material_extraction,kt,1.760063674743146e-05,2019,EXIOBASE v3.7 IOT_2016_ixi
IND,India,Asia and Pacific,Paper Products,material_extraction,kt,1.7431476405543734e-05,2019,EXIOBASE v3.7 IOT_2016_ixi
CAN,Canada,America,Minerals and Metals,blue_water_consumption,Mm3,1.7374999715411775e-05,2019,EXIOBASE v3.7 IOT_2016_ixi
EST,Estonia,Europe,Transport Equipment,blue_water_consumption,Mm3,1.6903187758798117e-05,2019,EXIOBASE v3.7 IOT_2016_ixi
LUX,Luxembourg,Europe,Electricity,land_use,km2,1.6688030697034477e-05,2019,EXIOBASE v3.7 IOT_2016_ixi
ESP,Spain,Europe,Transport Equipment,blue_water_consumption,Mm3,1.6566150720620135e-05,2019,EXIOBASE v3.7 IOT_2016_ixi
HRV,Croatia,Europe,Coal and Petroleum,blue_water_consumption,Mm3,1.644875750004771e-05,2019,EXIOBASE v3.7 IOT_2016_ixi
HUN,Hungary,Europe,Minerals and Metals,blue_water_consumption,Mm3,1.6150383458558966e-05,2019,EXIOBASE v3.7 IOT_2016_ixi
MEX,Mexico,America,Waste management and disposal,land_use,km2,1.60275311962421e-05,2019,EXIOBASE v3.7 IOT_2016_ixi
BRA,Brazil,America,Furniture and timber,material_extraction,kt,1.592405327064603e-05,2019,EXIOBASE v3.7 IOT_2016_ixi
RoW Asia and Pacific,RoW Asia and Pacific,Asia and Pacific,"Steam, hot water supply and water distribution",material_extraction,kt,1.589262085522048e-05,2019,EXIOBASE v3.7 IOT_2016_ixi
LUX,Luxembourg,Europe,Furniture and timber,blue_water_consumption,Mm3,1.5740637023930877e-05,2019,EXIOBASE v3.7 IOT_2016_ixi
AUT,Austria,Europe,General and special Machinery,blue_water_consumption,Mm3,1.5690675636423613e-05,2019,EXIOBASE v3.7 IOT_2016_ixi
RoW Asia and Pacific,RoW Asia and Pacific,Asia and Pacific,"Steam, hot water supply and water distribution",blue_water_consumption,Mm3,1.5527350640098197e-05,2019,EXIOBASE v3.7 IOT_2016_ixi
POL,Poland,Europe,Transport Equipment,material_extraction,kt,1.534644875187518e-05,2019,EXIOBASE v3.7 IOT_2016_ixi
DNK,Denmark,Denmark,Construction,blue_water_consumption,Mm3,1.491605286931734e-05,2019,EXIOBASE v3.7 IOT_2016_ixi
HUN,Hungary,Europe,Natural gas and gaseous fuels,material_extraction,kt,1.483754675629609e-05,2019,EXIOBASE v3.7 IOT_2016_ixi
LUX,Luxembourg,Europe,Transport,blue_water_consumption,Mm3,1.48332314903592e-05,2019,EXIOBASE v3.7 IOT_2016_ixi
CZE,Czech Republic,Europe,General and special Machinery,land_use,km2,1.471065317843361e-05,2019,EXIOBASE v3.7 IOT_2016_ixi
NOR,Norway,Europe,Transport Equipment,blue_water_consumption,Mm3,1.4691336459705846e-05,2019,EXIOBASE v3.7 IOT_2016_ixi
FIN,Finland,Europe,Chemical,land_use,km2,1.46494005548303e-05,2019,EXIOBASE v3.7 IOT_2016_ixi
NLD,Netherlands,Europe,Minerals and Metals,blue_water_consumption,Mm3,1.4634130290352598e-05,2019,EXIOBASE v3.7 IOT_2016_ixi
MLT,Malta,Europe,Non-metallic mineral products,waste_generation,kt,1.451718192323495e-05,2019,EXIOBASE v3.7 IOT_2016_ixi
MEX,Mexico,America,Food and catering,material_extraction,kt,1.445490021172197e-05,2019,EXIOBASE v3.7 IOT_2016_ixi
BEL,Belgium,Europe,Coal and Petroleum,blue_water_consumption,Mm3,1.4384411719224218e-05,2019,EXIOBASE v3.7 IOT_2016_ixi
RoW Middle East,RoW Middle East,Middle East,Construction,material_extraction,kt,1.375990470565694e-05,2019,EXIOBASE v3.7 IOT_2016_ixi
LTU,Lithuania,Europe,General and special Machinery,blue_water_consumption,Mm3,1.3756399946366295e-05,2019,EXIOBASE v3.7 IOT_2016_ixi
POL,Poland,Europe,"Steam, hot water supply and water distribution",blue_water_consumption,Mm3,1.3746256071366524e-05,2019,EXIOBASE v3.7 IOT_2016_ixi
DEU,Germany,Europe,Metal Products,material_extraction,kt,1.3534531018181054e-05,2019,EXIOBASE v3.7 IOT_2016_ixi
LUX,Luxembourg,Europe,"Steam, hot water supply and water distribution",blue_water_consumption,Mm3,1.344584601514875e-05,2019,EXIOBASE v3.7 IOT_2016_ixi
FIN,Finland,Europe,General and special Machinery,blue_water_consumption,Mm3,1.3445476673729343e-05,2019,EXIOBASE v3.7 IOT_2016_ixi
EST,Estonia,Europe,Natural gas and gaseous fuels,blue_water_consumption,Mm3,1.3354621111303177e-05,2019,EXIOBASE v3.7 IOT_2016_ixi
LTU,Lithuania,Europe,Coal and Petroleum,blue_water_consumption,Mm3,1.3061950462502528e-05,2019,EXIOBASE v3.7 IOT_2016_ixi
EST,Estonia,Europe,Minerals and Metals,waste_generation,kt,1.2815030425499287e-05,2019,EXIOBASE v3.7 IOT_2016_ixi
RoW Asia and Pacific,RoW Asia and Pacific,Asia and Pacific,Natural gas and gaseous fuels,land_use,km2,1.2709847313371953e-05,2019,EXIOBASE v3.7 IOT_2016_ixi
IRL,Ireland,Europe,Coal and Petroleum,blue_water_consumption,Mm3,1.2674958308224183e-05,2019,EXIOBASE v3.7 IOT_2016_ixi
CAN,Canada,America,Transport Equipment,blue_water_consumption,Mm3,1.250156293364883e-05,2019,EXIOBASE v3.7 IOT_2016_ixi
LUX,Luxembourg,Europe,Transport Equipment,blue_water_consumption,Mm3,1.2331656994273122e-05,2019,EXIOBASE v3.7 IOT_2016_ixi
HUN,Hungary,Europe,Chemical,land_use,km2,1.231707596255742e-05,2019,EXIOBASE v3.7 IOT_2016_ixi
IRL,Ireland,Europe,Metal Products,material_extraction,kt,1.21902435266409e-05,2019,EXIOBASE v3.7 IOT_2016_ixi
HUN,Hungary,Europe,Furniture and timber,material_extraction,kt,1.215292031454051e-05,2019,EXIOBASE v3.7 IOT_2016_ixi
MEX,Mexico,America,Services,blue_water_consumption,Mm3,1.208268517644447e-05,2019,EXIOBASE v3.7 IOT_2016_ixi
SVK,Slovakia,Europe,Chemical,land_use,km2,1.196574402237197e-05,2019,EXIOBASE v3.7 IOT_2016_ixi
CYP,Cyprus,Middle East,Textile,blue_water_consumption,Mm3,1.1776290023312294e-05,2019,EXIOBASE v3.7 IOT_2016_ixi
USA,United States,America,Coal and Petroleum,blue_water_consumption,Mm3,1.1712441834854542e-05,2019,EXIOBASE v3.7 IOT_2016_ixi
SVK,Slovakia,Europe,Natural gas and gaseous fuels,waste_generation,kt,1.1691970426245247e-05,2019,EXIOBASE v3.7 IOT_2016_ixi
SVK,Slovakia,Europe,Textile,land_use,km2,1.165688834821298e-05,2019,EXIOBASE v3.7 IOT_2016_ixi
DNK,Denmark,Denmark,Transport,blue_water_consumption,Mm3,1.1602016623779149e-05,2019,EXIOBASE v3.7 IOT_2016_ixi
FRA,France,Europe,Minerals and Metals,waste_generation,kt,1.1508727385152448e-05,2019,EXIOBASE v3.7 IOT_2016_ixi
CAN,Canada,America,"Steam, hot water supply and water distribution",land_use,km2,1.12878128534425e-05,2019,EXIOBASE v3.7 IOT_2016_ixi
RoW America,RoW America,America,Natural gas and gaseous fuels,blue_water_consumption,Mm3,1.127758927294846e-05,2019,EXIOBASE v3.7 IOT_2016_ixi
GRC,Greece,Europe,"Steam, hot water supply and water distribution",waste_generation,kt,1.1082374825187071e-05,2019,EXIOBASE v3.7 IOT_2016_ixi
MEX,Mexico,America,Transport,waste_generation,kt,1.0957410457656836e-05,2019,EXIOBASE v3.7 IOT_2016_ixi
SVN,Slovenia,Europe,General and special Machinery,blue_water_consumption,Mm3,1.087112742312535e-05,2019,EXIOBASE v3.7 IOT_2016_ixi
SWE,Sweden,Europe,Transport,blue_water_consumption,Mm3,1.0717102088666404e-05,2019,EXIOBASE v3.7 IOT_2016_ixi
LTU,Lithuania,Europe,Minerals and Metals,blue_water_consumption,Mm3,1.0700157105755332e-05,2019,EXIOBASE v3.7 IOT_2016_ixi
JPN,Japan,Asia and Pacific,Transport Equipment,blue_water_consumption,Mm3,1.0329255091602546e-05,2019,EXIOBASE v3.7 IOT_2016_ixi
ITA,Italy,Europe,"Steam, hot water supply and water distribution",blue_water_consumption,Mm3,1.0200603776377758e-05,2019,EXIOBASE v3.7 IOT_2016_ixi
LUX,Luxembourg,Europe,Textile,waste_generation,kt,1.008632355063561e-05,2019,EXIOBASE v3.7 IOT_2016_ixi
EST,Estonia,Europe,Waste management and disposal,blue_water_consumption,Mm3,1.0065571900969267e-05,2019,EXIOBASE v3.7 IOT_2016_ixi
FRA,France,Europe,Waste management and disposal,blue_water_consumption,Mm3,1.001954008895718e-05,2019,EXIOBASE v3.7 IOT_2016_ixi
ZAF,South Africa,Africa,Non-metallic mineral products,blue_water_consumption,Mm3,9.772394642572203e-06,2019,EXIOBASE v3.7 IOT_2016_ixi
POL,Poland,Europe,Electricity,land_use,km2,9.608683854671707e-06,2019,EXIOBASE v3.7 IOT_2016_ixi
IDN,Indonesia,Asia and Pacific,Electricity,blue_water_consumption,Mm3,9.48195686109293e-06,2019,EXIOBASE v3.7 IOT_2016_ixi
HUN,Hungary,Europe,General and special Machinery,material_extraction,kt,9.414352690493176e-06,2019,EXIOBASE v3.7 IOT_2016_ixi
LTU,Lithuania,Europe,"Steam, hot water supply and water distribution",waste_generation,kt,9.35756332782653e-06,2019,EXIOBASE v3.7 IOT_2016_ixi
SVK,Slovakia,Europe,Transport Equipment,land_use,km2,9.305456323665611e-06,2019,EXIOBASE v3.7 IOT_2016_ixi
BRA,Brazil,America,Coal and Petroleum,blue_water_consumption,Mm3,9.252381009520575e-06,2019,EXIOBASE v3.7 IOT_2016_ixi
IRL,Ireland,Europe,Furniture and timber,material_extraction,kt,9.195426769666487e-06,2019,EXIOBASE v3.7 IOT_2016_ixi
CHE,Switzerland,Europe,Minerals and Metals,blue_water_consumption,Mm3,9.14544148173853e-06,2019,EXIOBASE v3.7 IOT_2016_ixi
IND,India,Asia and Pacific,"Electrical, electronic and measuring equipment",material_extraction,kt,9.081695821658864e-06,2019,EXIOBASE v3.7 IOT_2016_ixi
SVK,Slovakia,Europe,Coal and Petroleum,land_use,km2,9.00633402301182e-06,2019,EXIOBASE v3.7 IOT_2016_ixi
IRL,Ireland,Europe,Transport Equipment,blue_water_consumption,Mm3,8.96145976865594e-06,2019,EXIOBASE v3.7 IOT_2016_ixi
SVK,Slovakia,Europe,Natural gas and gaseous fuels,land_use,km2,8.682104730810956e-06,2019,EXIOBASE v3.7 IOT_2016_ixi
CHE,Switzerland,Europe,Construction,blue_water_consumption,Mm3,8.5610473358921e-06,2019,EXIOBASE v3.7 IOT_2016_ixi
SVN,Slovenia,Europe,Non-metallic mineral products,blue_water_consumption,Mm3,8.50765661779656e-06,2019,EXIOBASE v3.7 IOT_2016_ixi
MLT,Malta,Europe,Electricity,waste_generation,kt,8.41526219857666e-06,2019,EXIOBASE v3.7 IOT_2016_ixi
SVK,Slovakia,Europe,General and special Machinery,blue_water_consumption,Mm3,8.304984487220989e-06,2019,EXIOBASE v3.7 IOT_2016_ixi
HUN,Hungary,Europe,Coal and Petroleum,land_use,km2,8.201951588422155e-06,2019,EXIOBASE v3.7 IOT_2016_ixi
HRV,Croatia,Europe,Transport Equipment,blue_water_consumption,Mm3,7.992496640794878e-06,2019,EXIOBASE v3.7 IOT_2016_ixi
CYP,Cyprus,Middle East,Metal Products,waste_generation,kt,7.891347112308732e-06,2019,EXIOBASE v3.7 IOT_2016_ixi
TUR,Turkey,Middle East,Non-metallic mineral products,land_use,km2,7.706187549788463e-06,2019,EXIOBASE v3.7 IOT_2016_ixi
RoW America,RoW America,America,Electricity,material_extraction,kt,7.65994849999385e-06,2019,EXIOBASE v3.7 IOT_2016_ixi
SVK,Slovakia,Europe,Electricity,land_use,km2,7.588817915096799e-06,2019,EXIOBASE v3.7 IOT_2016_ixi
PRT,Portugal,Europe,Furniture and timber,blue_water_consumption,Mm3,7.507736558002182e-06,2019,EXIOBASE v3.7 IOT_2016_ixi
HUN,Hungary,Europe,"Steam, hot water supply and water distribution",blue_water_consumption,Mm3,7.451808604029685e-06,2019,EXIOBASE v3.7 IOT_2016_ixi
BGR,Bulgaria,Europe,Non-metallic mineral products,land_use,km2,7.416089377423723e-06,2019,EXIOBASE v3.7 IOT_2016_ixi
FIN,Finland,Europe,General and special Machinery,material_extraction,kt,7.125204329769398e-06,2019,EXIOBASE v3.7 IOT_2016_ixi
FIN,Finland,Europe,Textile,blue_water_consumption,Mm3,7.123993293635814e-06,2019,EXIOBASE v3.7 IOT_2016_ixi
ZAF,South Africa,Africa,Coal and Petroleum,blue_water_consumption,Mm3,7.111622070468376e-06,2019,EXIOBASE v3.7 IOT_2016_ixi
CYP,Cyprus,Middle East,Non-metallic mineral products,blue_water_consumption,Mm3,7.065417392051715e-06,2019,EXIOBASE v3.7 IOT_2016_ixi
CZE,Czech Republic,Europe,"Steam, hot water supply and water distribution",blue_water_consumption,Mm3,7.055697422858061e-06,2019,EXIOBASE v3.7 IOT_2016_ixi
RoW America,RoW America,America,General and special Machinery,material_extraction,kt,7.024999818760719e-06,2019,EXIOBASE v3.7 IOT_2016_ixi
RoW Asia and Pacific,RoW Asia and Pacific,Asia and Pacific,Transport Equipment,material_extraction,kt,6.9375599241142615e-06,2019,EXIOBASE v3.7 IOT_2016_ixi
CYP,Cyprus,Middle East,Transport Equipment,climate_change,kt CO2eq,6.8436265442988745e-06,2019,EXIOBASE v3.7 IOT_2016_ixi
GBR,United Kingdom,Europe,"Steam, hot water supply and water distribution",waste_generation,kt,6.756393617207502e-06,2019,EXIOBASE v3.7 IOT_2016_ixi
GBR,United Kingdom,Europe,Waste management and disposal,blue_water_consumption,Mm3,6.7384867379465775e-06,2019,EXIOBASE v3.7 IOT_2016_ixi
DEU,Germany,Europe,Construction,blue_water_consumption,Mm3,6.445110013692041e-06,2019,EXIOBASE v3.7 IOT_2016_ixi
MLT,Malta,Europe,Chemical,waste_generation,kt,6.440753952274404e-06,2019,EXIOBASE v3.7 IOT_2016_ixi
NOR,Norway,Europe,Construction,blue_water_consumption,Mm3,6.437664725630966e-06,2019,EXIOBASE v3.7 IOT_2016_ixi
CYP,Cyprus,Middle East,Services,blue_water_consumption,Mm3,6.365914964832323e-06,2019,EXIOBASE v3.7 IOT_2016_ixi
LTU,Lithuania,Europe,Construction,blue_water_consumption,Mm3,6.290288338600984e-06,2019,EXIOBASE v3.7 IOT_2016_ixi
HUN,Hungary,Europe,Construction,blue_water_consumption,Mm3,6.266587426378517e-06,2019,EXIOBASE v3.7 IOT_2016_ixi
RoW Middle East,RoW Middle East,Middle East,Transport Equipment,land_use,km2,6.126523301333868e-06,2019,EXIOBASE v3.7 IOT_2016_ixi
PRT,Portugal,Europe,Transport Equipment,blue_water_consumption,Mm3,6.0965140299692886e-06,2019,EXIOBASE v3.7 IOT_2016_ixi
LTU,Lithuania,Europe,Furniture and timber,blue_water_consumption,Mm3,6.05616455908481e-06,2019,EXIOBASE v3.7 IOT_2016_ixi
SVK,Slovakia,Europe,Transport Equipment,blue_water_consumption,Mm3,6.049137783595496e-06,2019,EXIOBASE v3.7 IOT_2016_ixi
FIN,Finland,Europe,Furniture and timber,blue_water_consumption,Mm3,5.9852043407811685e-06,2019,EXIOBASE v3.7 IOT_2016_ixi
FIN,Finland,Europe,Furniture and timber,material_extraction,kt,5.779239279639663e-06,2019,EXIOBASE v3.7 IOT_2016_ixi
EST,Estonia,Europe,Services,land_use,km2,5.722544818230703e-06,2019,EXIOBASE v3.7 IOT_2016_ixi
IND,India,Asia and Pacific,Furniture and timber,material_extraction,kt,5.289696542208063e-06,2019,EXIOBASE v3.7 IOT_2016_ixi
LVA,Latvia,Europe,Transport Equipment,blue_water_consumption,Mm3,5.243117679355698e-06,2019,EXIOBASE v3.7 IOT_2016_ixi
IND,India,Asia and Pacific,"Steam, hot water supply and water distribution",waste_generation,kt,5.201029073143777e-06,2019,EXIOBASE v3.7 IOT_2016_ixi
LVA,Latvia,Europe,Furniture and timber,blue_water_consumption,Mm3,5.18808870023462e-06,2019,EXIOBASE v3.7 IOT_2016_ixi
RoW Asia and Pacific,RoW Asia and Pacific,Asia and Pacific,"Electrical, electronic and measuring equipment",land_use,km2,4.848732073803788e-06,2019,EXIOBASE v3.7 IOT_2016_ixi
AUT,Austria,Europe,Coal and Petroleum,material_extraction,kt,4.84707437629732e-06,2019,EXIOBASE v3.7 IOT_2016_ixi
SWE,Sweden,Europe,Coal and Petroleum,blue_water_consumption,Mm3,4.743103325541497e-06,2019,EXIOBASE v3.7 IOT_2016_ixi
EST,Estonia,Europe,Metal Products,blue_water_consumption,Mm3,4.652411063480909e-06,2019,EXIOBASE v3.7 IOT_2016_ixi
BEL,Belgium,Europe,General and special Machinery,blue_water_consumption,Mm3,4.530136738107698e-06,2019,EXIOBASE v3.7 IOT_2016_ixi
HUN,Hungary,Europe,General and special Machinery,land_use,km2,4.49116910419516e-06,2019,EXIOBASE v3.7 IOT_2016_ixi
RoW Africa,RoW Africa,Africa,Furniture and timber,material_extraction,kt,4.4094563901380065e-06,2019,EXIOBASE v3.7 IOT_2016_ixi
MLT,Malta,Europe,Transport,blue_water_consumption,Mm3,4.370393297466456e-06,2019,EXIOBASE v3.7 IOT_2016_ixi
LVA,Latvia,Europe,Minerals and Metals,waste_generation,kt,4.310552363393797e-06,2019,EXIOBASE v3.7 IOT_2016_ixi
CYP,Cyprus,Middle East,Transport Equipment,waste_generation,kt,4.107118374389294e-06,2019,EXIOBASE v3.7 IOT_2016_ixi
RUS,Russia,Europe,"Steam, hot water supply and water distribution",material_extraction,kt,4.0736112209771405e-06,2019,EXIOBASE v3.7 IOT_2016_ixi
MLT,Malta,Europe,General and special Machinery,climate_change,kt CO2eq,4.049601539638787e-06,2019,EXIOBASE v3.7 IOT_2016_ixi
IND,India,Asia and Pacific,Textile,material_extraction,kt,4.029253920089313e-06,2019,EXIOBASE v3.7 IOT_2016_ixi
LVA,Latvia,Europe,Coal and Petroleum,waste_generation,kt,4.023801030090839e-06,2019,EXIOBASE v3.7 IOT_2016_ixi
SVN,Slovenia,Europe,Minerals and Metals,blue_water_consumption,Mm3,4.007604763779165e-06,2019,EXIOBASE v3.7 IOT_2016_ixi
ESP,Spain,Europe,Coal and Petroleum,blue_water_consumption,Mm3,3.987152733857973e-06,2019,EXIOBASE v3.7 IOT_2016_ixi
CHE,Switzerland,Europe,Transport Equipment,blue_water_consumption,Mm3,3.986372228896775e-06,2019,EXIOBASE v3.7 IOT_2016_ixi
SWE,Sweden,Europe,Electricity,blue_water_consumption,Mm3,3.881715528822595e-06,2019,EXIOBASE v3.7 IOT_2016_ixi
EST,Estonia,Europe,Transport,blue_water_consumption,Mm3,3.859073885240099e-06,2019,EXIOBASE v3.7 IOT_2016_ixi
SWE,Sweden,Europe,Construction,blue_water_consumption,Mm3,3.8121688850357255e-06,2019,EXIOBASE v3.7 IOT_2016_ixi
MEX,Mexico,America,Transport,blue_water_consumption,Mm3,3.7969312747587744e-06,2019,EXIOBASE v3.7 IOT_2016_ixi
ESP,Spain,Europe,Waste management and disposal,blue_water_consumption,Mm3,3.743358478222012e-06,2019,EXIOBASE v3.7 IOT_2016_ixi
AUS,Australia,Asia and Pacific,"Steam, hot water supply and water distribution",waste_generation,kt,3.667953809060519e-06,2019,EXIOBASE v3.7 IOT_2016_ixi
LTU,Lithuania,Europe,Electricity,waste_generation,kt,3.634131817162279e-06,2019,EXIOBASE v3.7 IOT_2016_ixi
BGR,Bulgaria,Europe,"Electrical, electronic and measuring equipment",land_use,km2,3.612309003695551e-06,2019,EXIOBASE v3.7 IOT_2016_ixi
BGR,Bulgaria,Europe,Electricity,land_use,km2,3.554965254624522e-06,2019,EXIOBASE v3.7 IOT_2016_ixi
LTU,Lithuania,Europe,Natural gas and gaseous fuels,waste_generation,kt,3.512551908369489e-06,2019,EXIOBASE v3.7 IOT_2016_ixi
PRT,Portugal,Europe,Construction,blue_water_consumption,Mm3,3.453514011781077e-06,2019,EXIOBASE v3.7 IOT_2016_ixi
HUN,Hungary,Europe,Natural gas and gaseous fuels,blue_water_consumption,Mm3,3.2447415377619873e-06,2019,EXIOBASE v3.7 IOT_2016_ixi
EST,Estonia,Europe,General and special Machinery,blue_water_consumption,Mm3,3.0947453280495814e-06,2019,EXIOBASE v3.7 IOT_2016_ixi
CZE,Czech Republic,Europe,Natural gas and gaseous fuels,blue_water_consumption,Mm3,2.954142634021372e-06,2019,EXIOBASE v3.7 IOT_2016_ixi
LVA,Latvia,Europe,Electricity,blue_water_consumption,Mm3,2.9532045474565165e-06,2019,EXIOBASE v3.7 IOT_2016_ixi
MEX,Mexico,America,Transport Equipment,land_use,km2,2.94210990235343e-06,2019,EXIOBASE v3.7 IOT_2016_ixi
TUR,Turkey,Middle East,General and special Machinery,land_use,km2,2.936428061553557e-06,2019,EXIOBASE v3.7 IOT_2016_ixi
LUX,Luxembourg,Europe,Minerals and Metals,waste_generation,kt,2.865716576159827e-06,2019,EXIOBASE v3.7 IOT_2016_ixi
RoW Asia and Pacific,RoW Asia and Pacific,Asia and Pacific,Construction,land_use,km2,2.864818196249426e-06,2019,EXIOBASE v3.7 IOT_2016_ixi
MLT,Malta,Europe,Paper Products,blue_water_consumption,Mm3,2.7637985522643534e-06,2019,EXIOBASE v3.7 IOT_2016_ixi
AUT,Austria,Europe,Transport Equipment,blue_water_consumption,Mm3,2.723418706992503e-06,2019,EXIOBASE v3.7 IOT_2016_ixi
MLT,Malta,Europe,"Electrical, electronic and measuring equipment",waste_generation,kt,2.7059479076312103e-06,2019,EXIOBASE v3.7 IOT_2016_ixi
EST,Estonia,Europe,Chemical,material_extraction,kt,2.640387170841517e-06,2019,EXIOBASE v3.7 IOT_2016_ixi
MEX,Mexico,America,Waste management and disposal,blue_water_consumption,Mm3,2.623708483915815e-06,2019,EXIOBASE v3.7 IOT_2016_ixi
MLT,Malta,Europe,Paper Products,waste_generation,kt,2.5922606578289743e-06,2019,EXIOBASE v3.7 IOT_2016_ixi
PRT,Portugal,Europe,Coal and Petroleum,blue_water_consumption,Mm3,2.529190807169723e-06,2019,EXIOBASE v3.7 IOT_2016_ixi
DEU,Germany,Europe,Transport,blue_water_consumption,Mm3,2.5064711853412412e-06,2019,EXIOBASE v3.7 IOT_2016_ixi
ZAF,South Africa,Africa,Transport,blue_water_consumption,Mm3,2.5011047108737594e-06,2019,EXIOBASE v3.7 IOT_2016_ixi
CYP,Cyprus,Middle East,Minerals and Metals,waste_generation,kt,2.4904564777199248e-06,2019,EXIOBASE v3.7 IOT_2016_ixi
SVN,Slovenia,Europe,Waste management and disposal,blue_water_consumption,Mm3,2.4790391384718704e-06,2019,EXIOBASE v3.7 IOT_2016_ixi
DNK,Denmark,Denmark,Transport Equipment,blue_water_consumption,Mm3,2.356823344533131e-06,2019,EXIOBASE v3.7 IOT_2016_ixi
TUR,Turkey,Middle East,Waste management and disposal,blue_water_consumption,Mm3,2.187947003515349e-06,2019,EXIOBASE v3.7 IOT_2016_ixi
SVN,Slovenia,Europe,Textile,blue_water_consumption,Mm3,2.1762168993812445e-06,2019,EXIOBASE v3.7 IOT_2016_ixi
AUT,Austria,Europe,Construction,blue_water_consumption,Mm3,2.1512269042210053e-06,2019,EXIOBASE v3.7 IOT_2016_ixi
MEX,Mexico,America,Coal and Petroleum,blue_water_consumption,Mm3,2.0355149787087613e-06,2019,EXIOBASE v3.7 IOT_2016_ixi
NOR,Norway,Europe,"Steam, hot water supply and water distribution",blue_water_consumption,Mm3,1.962370552619149e-06,2019,EXIOBASE v3.7 IOT_2016_ixi
BGR,Bulgaria,Europe,Food and catering,material_extraction,kt,1.9498314286303696e-06,2019,EXIOBASE v3.7 IOT_2016_ixi
MLT,Malta,Europe,Chemical,blue_water_consumption,Mm3,1.9490979250480616e-06,2019,EXIOBASE v3.7 IOT_2016_ixi
MLT,Malta,Europe,Minerals and Metals,waste_generation,kt,1.884447737447379e-06,2019,EXIOBASE v3.7 IOT_2016_ixi
IND,India,Asia and Pacific,Waste management and disposal,blue_water_consumption,Mm3,1.837166483110094e-06,2019,EXIOBASE v3.7 IOT_2016_ixi
RoW Africa,RoW Africa,Africa,"Steam, hot water supply and water distribution",land_use,km2,1.783923001514277e-06,2019,EXIOBASE v3.7 IOT_2016_ixi
HRV,Croatia,Europe,Transport,blue_water_consumption,Mm3,1.7445798048762668e-06,2019,EXIOBASE v3.7 IOT_2016_ixi
CZE,Czech Republic,Europe,Natural gas and gaseous fuels,material_extraction,kt,1.738418207012239e-06,2019,EXIOBASE v3.7 IOT_2016_ixi
GRC,Greece,Europe,"Electrical, electronic and measuring equipment",blue_water_consumption,Mm3,1.708163048927056e-06,2019,EXIOBASE v3.7 IOT_2016_ixi
MLT,Malta,Europe,Transport Equipment,waste_generation,kt,1.6746241556861533e-06,2019,EXIOBASE v3.7 IOT_2016_ixi
IDN,Indonesia,Asia and Pacific,Transport Equipment,blue_water_consumption,Mm3,1.6039906512627844e-06,2019,EXIOBASE v3.7 IOT_2016_ixi
NOR,Norway,Europe,General and special Machinery,land_use,km2,1.59547950650821e-06,2019,EXIOBASE v3.7 IOT_2016_ixi
MLT,Malta,Europe,Metal Products,blue_water_consumption,Mm3,1.5758046986244351e-06,2019,EXIOBASE v3.7 IOT_2016_ixi
LTU,Lithuania,Europe,"Steam, hot water supply and water distribution",blue_water_consumption,Mm3,1.5713415244776016e-06,2019,EXIOBASE v3.7 IOT_2016_ixi
POL,Poland,Europe,Natural gas and gaseous fuels,blue_water_consumption,Mm3,1.5157122277599018e-06,2019,EXIOBASE v3.7 IOT_2016_ixi
TUR,Turkey,Middle East,Natural gas and gaseous fuels,waste_generation,kt,1.5071622582796342e-06,2019,EXIOBASE v3.7 IOT_2016_ixi
SVN,Slovenia,Europe,Construction,blue_water_consumption,Mm3,1.4773697731947555e-06,2019,EXIOBASE v3.7 IOT_2016_ixi
AUT,Austria,Europe,Transport,blue_water_consumption,Mm3,1.4580580127607173e-06,2019,EXIOBASE v3.7 IOT_2016_ixi
SVN,Slovenia,Europe,Furniture and timber,blue_water_consumption,Mm3,1.4276448487697087e-06,2019,EXIOBASE v3.7 IOT_2016_ixi
CYP,Cyprus,Middle East,Furniture and timber,blue_water_consumption,Mm3,1.4267633093189213e-06,2019,EXIOBASE v3.7 IOT_2016_ixi
RoW Africa,RoW Africa,Africa,"Electrical, electronic and measuring equipment",material_extraction,kt,1.4096597290240582e-06,2019,EXIOBASE v3.7 IOT_2016_ixi
MEX,Mexico,America,Paper Products,material_extraction,kt,1.4076308729071285e-06,2019,EXIOBASE v3.7 IOT_2016_ixi
GRC,Greece,Europe,Furniture and timber,blue_water_consumption,Mm3,1.400671851808631e-06,2019,EXIOBASE v3.7 IOT_2016_ixi
LTU,Lithuania,Europe,Transport Equipment,blue_water_consumption,Mm3,1.366793227177888e-06,2019,EXIOBASE v3.7 IOT_2016_ixi
IRL,Ireland,Europe,"Steam, hot water supply and water distribution",waste_generation,kt,1.341461176277063e-06,2019,EXIOBASE v3.7 IOT_2016_ixi
DEU,Germany,Europe,Furniture and timber,material_extraction,kt,1.334894869490201e-06,2019,EXIOBASE v3.7 IOT_2016_ixi
IND,India,Asia and Pacific,General and special Machinery,material_extraction,kt,1.312935794827583e-06,2019,EXIOBASE v3.7 IOT_2016_ixi
LUX,Luxembourg,Europe,Electricity,blue_water_consumption,Mm3,1.158268273650329e-06,2019,EXIOBASE v3.7 IOT_2016_ixi
EST,Estonia,Europe,Construction,blue_water_consumption,Mm3,1.145337243849395e-06,2019,EXIOBASE v3.7 IOT_2016_ixi
FRA,France,Europe,Services,material_extraction,kt,1.104953405720801e-06,2019,EXIOBASE v3.7 IOT_2016_ixi
FIN,Finland,Europe,Transport Equipment,blue_water_consumption,Mm3,1.077942594524325e-06,2019,EXIOBASE v3.7 IOT_2016_ixi
RoW Africa,RoW Africa,Africa,Transport Equipment,material_extraction,kt,1.0583189317299623e-06,2019,EXIOBASE v3.7 IOT_2016_ixi
MLT,Malta,Europe,Furniture and timber,waste_generation,kt,1.014020904954239e-06,2019,EXIOBASE v3.7 IOT_2016_ixi
LTU,Lithuania,Europe,Textile,land_use,km2,9.819583830133266e-07,2019,EXIOBASE v3.7 IOT_2016_ixi
CYP,Cyprus,Middle East,General and special Machinery,waste_generation,kt,9.70146944822714e-07,2019,EXIOBASE v3.7 IOT_2016_ixi
NLD,Netherlands,Europe,Natural gas and gaseous fuels,blue_water_consumption,Mm3,9.47932183748119e-07,2019,EXIOBASE v3.7 IOT_2016_ixi
MLT,Malta,Europe,Minerals and Metals,blue_water_consumption,Mm3,9.454625992203175e-07,2019,EXIOBASE v3.7 IOT_2016_ixi
GRC,Greece,Europe,Waste management and disposal,blue_water_consumption,Mm3,9.293331617562795e-07,2019,EXIOBASE v3.7 IOT_2016_ixi
POL,Poland,Europe,Natural gas and gaseous fuels,land_use,km2,9.072766061939747e-07,2019,EXIOBASE v3.7 IOT_2016_ixi
BRA,Brazil,America,Transport,blue_water_consumption,Mm3,9.026684820456354e-07,2019,EXIOBASE v3.7 IOT_2016_ixi
POL,Poland,Europe,"Steam, hot water supply and water distribution",land_use,km2,8.918721053330798e-07,2019,EXIOBASE v3.7 IOT_2016_ixi
ZAF,South Africa,Africa,Waste management and disposal,blue_water_consumption,Mm3,8.241202713559069e-07,2019,EXIOBASE v3.7 IOT_2016_ixi
CYP,Cyprus,Middle East,Textile,waste_generation,kt,8.165118483270871e-07,2019,EXIOBASE v3.7 IOT_2016_ixi
MEX,Mexico,America,General and special Machinery,material_extraction,kt,8.123679606212469e-07,2019,EXIOBASE v3.7 IOT_2016_ixi
ESP,Spain,Europe,"Steam, hot water supply and water distribution",blue_water_consumption,Mm3,7.947419789324357e-07,2019,EXIOBASE v3.7 IOT_2016_ixi
HRV,Croatia,Europe,Construction,blue_water_consumption,Mm3,7.573918116486595e-07,2019,EXIOBASE v3.7 IOT_2016_ixi
AUT,Austria,Europe,"Steam, hot water supply and water distribution",blue_water_consumption,Mm3,7.492430610296957e-07,2019,EXIOBASE v3.7 IOT_2016_ixi
BRA,Brazil,America,Natural gas and gaseous fuels,blue_water_consumption,Mm3,7.367514109157397e-07,2019,EXIOBASE v3.7 IOT_2016_ixi
MLT,Malta,Europe,Non-metallic mineral products,blue_water_consumption,Mm3,7.314946025140893e-07,2019,EXIOBASE v3.7 IOT_2016_ixi
SVN,Slovenia,Europe,Coal and Petroleum,blue_water_consumption,Mm3,7.145496997839318e-07,2019,EXIOBASE v3.7 IOT_2016_ixi
SVK,Slovakia,Europe,"Steam, hot water supply and water distribution",blue_water_consumption,Mm3,6.466223672795319e-07,2019,EXIOBASE v3.7 IOT_2016_ixi
EST,Estonia,Europe,"Steam, hot water supply and water distribution",blue_water_consumption,Mm3,6.097632842419972e-07,2019,EXIOBASE v3.7 IOT_2016_ixi
ROU,Romania,Europe,Transport Equipment,blue_water_consumption,Mm3,5.653147109246706e-07,2019,EXIOBASE v3.7 IOT_2016_ixi
CYP,Cyprus,Middle East,General and special Machinery,blue_water_consumption,Mm3,5.515434705054237e-07,2019,EXIOBASE v3.7 IOT_2016_ixi
TUR,Turkey,Middle East,Construction,blue_water_consumption,Mm3,4.79206237181358e-07,2019,EXIOBASE v3.7 IOT_2016_ixi
DEU,Germany,Europe,Transport Equipment,material_extraction,kt,4.775327424739891e-07,2019,EXIOBASE v3.7 IOT_2016_ixi
HUN,Hungary,Europe,Non-metallic mineral products,land_use,km2,4.6551945377803224e-07,2019,EXIOBASE v3.7 IOT_2016_ixi
NOR,Norway,Europe,General and special Machinery,material_extraction,kt,4.578719397860578e-07,2019,EXIOBASE v3.7 IOT_2016_ixi
GRC,Greece,Europe,Natural gas and gaseous fuels,waste_generation,kt,4.3886992888871927e-07,2019,EXIOBASE v3.7 IOT_2016_ixi
CYP,Cyprus,Middle East,"Electrical, electronic and measuring equipment",waste_generation,kt,4.386554341864615e-07,2019,EXIOBASE v3.7 IOT_2016_ixi
BRA,Brazil,America,Waste management and disposal,blue_water_consumption,Mm3,4.260235194827545e-07,2019,EXIOBASE v3.7 IOT_2016_ixi
RoW Africa,RoW Africa,Africa,General and special Machinery,land_use,km2,4.038756829949645e-07,2019,EXIOBASE v3.7 IOT_2016_ixi
RoW Africa,RoW Africa,Africa,General and special Machinery,material_extraction,kt,3.949147372842042e-07,2019,EXIOBASE v3.7 IOT_2016_ixi
AUT,Austria,Europe,"Steam, hot water supply and water distribution",material_extraction,kt,3.766551846077594e-07,2019,EXIOBASE v3.7 IOT_2016_ixi
CYP,Cyprus,Middle East,Electricity,waste_generation,kt,3.637414939690977e-07,2019,EXIOBASE v3.7 IOT_2016_ixi
SVN,Slovenia,Europe,Transport Equipment,blue_water_consumption,Mm3,3.3851199184120187e-07,2019,EXIOBASE v3.7 IOT_2016_ixi
GRC,Greece,Europe,General and special Machinery,blue_water_consumption,Mm3,3.2241172923355135e-07,2019,EXIOBASE v3.7 IOT_2016_ixi
ESP,Spain,Europe,Natural gas and gaseous fuels,blue_water_consumption,Mm3,3.1667090546252837e-07,2019,EXIOBASE v3.7 IOT_2016_ixi
AUS,Australia,Asia and Pacific,Transport Equipment,blue_water_consumption,Mm3,2.927401450291373e-07,2019,EXIOBASE v3.7 IOT_2016_ixi
MLT,Malta,Europe,Metal Products,waste_generation,kt,2.9256314796948596e-07,2019,EXIOBASE v3.7 IOT_2016_ixi
RUS,Russia,Europe,"Steam, hot water supply and water distribution",land_use,km2,2.9232037638957036e-07,2019,EXIOBASE v3.7 IOT_2016_ixi
LUX,Luxembourg,Europe,Services,blue_water_consumption,Mm3,2.772136374926842e-07,2019,EXIOBASE v3.7 IOT_2016_ixi
ITA,Italy,Europe,Coal and Petroleum,material_extraction,kt,2.7382256438940914e-07,2019,EXIOBASE v3.7 IOT_2016_ixi
MLT,Malta,Europe,"Electrical, electronic and measuring equipment",land_use,km2,2.668629580825912e-07,2019,EXIOBASE v3.7 IOT_2016_ixi
MLT,Malta,Europe,Textile,waste_generation,kt,2.564057071935652e-07,2019,EXIOBASE v3.7 IOT_2016_ixi
NOR,Norway,Europe,Transport Equipment,material_extraction,kt,2.505712545371191e-07,2019,EXIOBASE v3.7 IOT_2016_ixi
CYP,Cyprus,Middle East,"Electrical, electronic and measuring equipment",blue_water_consumption,Mm3,2.2883091623174245e-07,2019,EXIOBASE v3.7 IOT_2016_ixi
IRL,Ireland,Europe,Coal and Petroleum,material_extraction,kt,2.233877489386285e-07,2019,EXIOBASE v3.7 IOT_2016_ixi
IDN,Indonesia,Asia and Pacific,Natural gas and gaseous fuels,waste_generation,kt,2.1307141561069068e-07,2019,EXIOBASE v3.7 IOT_2016_ixi
RUS,Russia,Europe,"Steam, hot water supply and water distribution",blue_water_consumption,Mm3,2.0453309408338634e-07,2019,EXIOBASE v3.7 IOT_2016_ixi
CAN,Canada,America,Waste management and disposal,blue_water_consumption,Mm3,2.0151137574026394e-07,2019,EXIOBASE v3.7 IOT_2016_ixi
MLT,Malta,Europe,General and special Machinery,waste_generation,kt,1.9340493900826733e-07,2019,EXIOBASE v3.7 IOT_2016_ixi
LVA,Latvia,Europe,Natural gas and gaseous fuels,blue_water_consumption,Mm3,1.91170007352568e-07,2019,EXIOBASE v3.7 IOT_2016_ixi
CHE,Switzerland,Europe,"Steam, hot water supply and water distribution",blue_water_consumption,Mm3,1.7896294658643e-07,2019,EXIOBASE v3.7 IOT_2016_ixi
LVA,Latvia,Europe,Coal and Petroleum,blue_water_consumption,Mm3,1.713964360394007e-07,2019,EXIOBASE v3.7 IOT_2016_ixi
MLT,Malta,Europe,Construction,blue_water_consumption,Mm3,1.621451518204635e-07,2019,EXIOBASE v3.7 IOT_2016_ixi
AUS,Australia,Asia and Pacific,Natural gas and gaseous fuels,waste_generation,kt,1.5935395105318228e-07,2019,EXIOBASE v3.7 IOT_2016_ixi
DNK,Denmark,Denmark,Natural gas and gaseous fuels,blue_water_consumption,Mm3,1.582981866502404e-07,2019,EXIOBASE v3.7 IOT_2016_ixi
MLT,Malta,Europe,"Electrical, electronic and measuring equipment",blue_water_consumption,Mm3,1.30732727694196e-07,2019,EXIOBASE v3.7 IOT_2016_ixi
SVK,Slovakia,Europe,Natural gas and gaseous fuels,blue_water_consumption,Mm3,1.1636566613730104e-07,2019,EXIOBASE v3.7 IOT_2016_ixi
GBR,United Kingdom,Europe,"Steam, hot water supply and water distribution",blue_water_consumption,Mm3,1.0647618955377389e-07,2019,EXIOBASE v3.7 IOT_2016_ixi
FIN,Finland,Europe,Transport,blue_water_consumption,Mm3,9.006968092356836e-08,2019,EXIOBASE v3.7 IOT_2016_ixi
SWE,Sweden,Europe,"Steam, hot water supply and water distribution",blue_water_consumption,Mm3,8.30652519077367e-08,2019,EXIOBASE v3.7 IOT_2016_ixi
MLT,Malta,Europe,Furniture and timber,blue_water_consumption,Mm3,8.077751720671355e-08,2019,EXIOBASE v3.7 IOT_2016_ixi
MLT,Malta,Europe,Transport Equipment,blue_water_consumption,Mm3,7.46509254814388e-08,2019,EXIOBASE v3.7 IOT_2016_ixi
CYP,Cyprus,Middle East,Transport Equipment,blue_water_consumption,Mm3,7.193823822465946e-08,2019,EXIOBASE v3.7 IOT_2016_ixi
BGR,Bulgaria,Europe,Natural gas and gaseous fuels,blue_water_consumption,Mm3,7.163806945213922e-08,2019,EXIOBASE v3.7 IOT_2016_ixi
MLT,Malta,Europe,General and special Machinery,blue_water_consumption,Mm3,7.070583218039361e-08,2019,EXIOBASE v3.7 IOT_2016_ixi
MLT,Malta,Europe,Textile,blue_water_consumption,Mm3,6.990984236747441e-08,2019,EXIOBASE v3.7 IOT_2016_ixi
KOR,South Korea,Asia and Pacific,Textile,land_use,km2,6.356043103699219e-08,2019,EXIOBASE v3.7 IOT_2016_ixi
ZAF,South Africa,Africa,Natural gas and gaseous fuels,waste_generation,kt,5.867925636336865e-08,2019,EXIOBASE v3.7 IOT_2016_ixi
GRC,Greece,Europe,Natural gas and gaseous fuels,material_extraction,kt,5.644799679354139e-08,2019,EXIOBASE v3.7 IOT_2016_ixi
AUS,Australia,Asia and Pacific,Transport,blue_water_consumption,Mm3,5.496517265931654e-08,2019,EXIOBASE v3.7 IOT_2016_ixi
MLT,Malta,Europe,Electricity,blue_water_consumption,Mm3,5.40606505195258e-08,2019,EXIOBASE v3.7 IOT_2016_ixi
LUX,Luxembourg,Europe,Minerals and Metals,blue_water_consumption,Mm3,5.270600217718006e-08,2019,EXIOBASE v3.7 IOT_2016_ixi
CYP,Cyprus,Middle East,Waste management and disposal,blue_water_consumption,Mm3,5.20127610334189e-08,2019,EXIOBASE v3.7 IOT_2016_ixi
RoW Middle East,RoW Middle East,Middle East,"Electrical, electronic and measuring equipment",material_extraction,kt,5.1095150771265304e-08,2019,EXIOBASE v3.7 IOT_2016_ixi
CHE,Switzerland,Europe,Natural gas and gaseous fuels,blue_water_consumption,Mm3,4.8627281984243916e-08,2019,EXIOBASE v3.7 IOT_2016_ixi
RoW Africa,RoW Africa,Africa,Transport Equipment,land_use,km2,4.848375806282804e-08,2019,EXIOBASE v3.7 IOT_2016_ixi
LUX,Luxembourg,Europe,Natural gas and gaseous fuels,blue_water_consumption,Mm3,4.441209483750525e-08,2019,EXIOBASE v3.7 IOT_2016_ixi
ESP,Spain,Europe,Construction,land_use,km2,3.844284221970273e-08,2019,EXIOBASE v3.7 IOT_2016_ixi
EST,Estonia,Europe,Construction,material_extraction,kt,3.807982664639214e-08,2019,EXIOBASE v3.7 IOT_2016_ixi
GRC,Greece,Europe,Transport,blue_water_consumption,Mm3,3.801853045226005e-08,2019,EXIOBASE v3.7 IOT_2016_ixi
RoW Africa,RoW Africa,Africa,"Steam, hot water supply and water distribution",blue_water_consumption,Mm3,3.579227503595945e-08,2019,EXIOBASE v3.7 IOT_2016_ixi
MLT,Malta,Europe,Natural gas and gaseous fuels,blue_water_consumption,Mm3,3.224768119319452e-08,2019,EXIOBASE v3.7 IOT_2016_ixi
LUX,Luxembourg,Europe,Services,land_use,km2,3.039649573343407e-08,2019,EXIOBASE v3.7 IOT_2016_ixi
LVA,Latvia,Europe,"Steam, hot water supply and water distribution",blue_water_consumption,Mm3,2.50467433988484e-08,2019,EXIOBASE v3.7 IOT_2016_ixi
MLT,Malta,Europe,Coal and Petroleum,blue_water_consumption,Mm3,2.487592358239669e-08,2019,EXIOBASE v3.7 IOT_2016_ixi
ITA,Italy,Europe,Construction,blue_water_consumption,Mm3,2.442311267966729e-08,2019,EXIOBASE v3.7 IOT_2016_ixi
CHE,Switzerland,Europe,Coal and Petroleum,blue_water_consumption,Mm3,2.438256743796384e-08,2019,EXIOBASE v3.7 IOT_2016_ixi
TUR,Turkey,Middle East,Natural gas and gaseous fuels,blue_water_consumption,Mm3,2.1912012992179003e-08,2019,EXIOBASE v3.7 IOT_2016_ixi
GRC,Greece,Europe,Transport Equipment,blue_water_consumption,Mm3,2.11340867425778e-08,2019,EXIOBASE v3.7 IOT_2016_ixi
LUX,Luxembourg,Europe,Construction,blue_water_consumption,Mm3,2.062127971024427e-08,2019,EXIOBASE v3.7 IOT_2016_ixi
BRA,Brazil,America,Coal and Petroleum,material_extraction,kt,2.043193837180791e-08,2019,EXIOBASE v3.7 IOT_2016_ixi
RoW Middle East,RoW Middle East,Middle East,Transport Equipment,material_extraction,kt,1.7616958647143566e-08,2019,EXIOBASE v3.7 IOT_2016_ixi
MLT,Malta,Europe,"Steam, hot water supply and water distribution",waste_generation,kt,1.7524314073836662e-08,2019,EXIOBASE v3.7 IOT_2016_ixi
LVA,Latvia,Europe,Food and catering,material_extraction,kt,1.701206201006049e-08,2019,EXIOBASE v3.7 IOT_2016_ixi
BGR,Bulgaria,Europe,Coal and Petroleum,blue_water_consumption,Mm3,1.4562411779711103e-08,2019,EXIOBASE v3.7 IOT_2016_ixi
RoW Middle East,RoW Middle East,Middle East,General and special Machinery,material_extraction,kt,1.1311538097148709e-08,2019,EXIOBASE v3.7 IOT_2016_ixi
MLT,Malta,Europe,Construction,material_extraction,kt,1.088808949138668e-08,2019,EXIOBASE v3.7 IOT_2016_ixi
MEX,Mexico,America,Transport Equipment,material_extraction,kt,1.074609765708133e-08,2019,EXIOBASE v3.7 IOT_2016_ixi
SVK,Slovakia,Europe,"Steam, hot water supply and water distribution",land_use,km2,1.0533524355797552e-08,2019,EXIOBASE v3.7 IOT_2016_ixi
FIN,Finland,Europe,Construction,blue_water_consumption,Mm3,8.794770705469143e-09,2019,EXIOBASE v3.7 IOT_2016_ixi
CYP,Cyprus,Middle East,Natural gas and gaseous fuels,waste_generation,kt,8.063827415676113e-09,2019,EXIOBASE v3.7 IOT_2016_ixi
CYP,Cyprus,Middle East,"Steam, hot water supply and water distribution",waste_generation,kt,7.533943794514006e-09,2019,EXIOBASE v3.7 IOT_2016_ixi
CYP,Cyprus,Middle East,Coal and Petroleum,waste_generation,kt,7.02794624760297e-09,2019,EXIOBASE v3.7 IOT_2016_ixi
NLD,Netherlands,Europe,"Steam, hot water supply and water distribution",blue_water_consumption,Mm3,6.941921680463251e-09,2019,EXIOBASE v3.7 IOT_2016_ixi
PRT,Portugal,Europe,"Steam, hot water supply and water distribution",blue_water_consumption,Mm3,6.367723760897937e-09,2019,EXIOBASE v3.7 IOT_2016_ixi
TUR,Turkey,Middle East,"Steam, hot water supply and water distribution",blue_water_consumption,Mm3,6.194667355174836e-09,2019,EXIOBASE v3.7 IOT_2016_ixi
GBR,United Kingdom,Europe,Natural gas and gaseous fuels,blue_water_consumption,Mm3,5.949619739196205e-09,2019,EXIOBASE v3.7 IOT_2016_ixi
IND,India,Asia and Pacific,Metal Products,material_extraction,kt,5.711392511401215e-09,2019,EXIOBASE v3.7 IOT_2016_ixi
RoW America,RoW America,America,"Steam, hot water supply and water distribution",material_extraction,kt,4.998056708846176e-09,2019,EXIOBASE v3.7 IOT_2016_ixi
MEX,Mexico,America,"Steam, hot water supply and water distribution",waste_generation,kt,4.675451631201189e-09,2019,EXIOBASE v3.7 IOT_2016_ixi
BGR,Bulgaria,Europe,Coal and Petroleum,material_extraction,kt,4.522170615761789e-09,2019,EXIOBASE v3.7 IOT_2016_ixi
IND,India,Asia and Pacific,Waste management and disposal,material_extraction,kt,4.229507933313275e-09,2019,EXIOBASE v3.7 IOT_2016_ixi
IND,India,Asia and Pacific,Food and catering,material_extraction,kt,3.714243885886482e-09,2019,EXIOBASE v3.7 IOT_2016_ixi
USA,United States,America,Natural gas and gaseous fuels,material_extraction,kt,3.7080487260811584e-09,2019,EXIOBASE v3.7 IOT_2016_ixi
IDN,Indonesia,Asia and Pacific,"Steam, hot water supply and water distribution",waste_generation,kt,3.6482747561840855e-09,2019,EXIOBASE v3.7 IOT_2016_ixi
CAN,Canada,America,Services,material_extraction,kt,3.616627788563924e-09,2019,EXIOBASE v3.7 IOT_2016_ixi
BGR,Bulgaria,Europe,Natural gas and gaseous fuels,land_use,km2,3.490491222371596e-09,2019,EXIOBASE v3.7 IOT_2016_ixi
BRA,Brazil,America,"Steam, hot water supply and water distribution",climate_change,kt CO2eq,3.454541923059526e-09,2019,EXIOBASE v3.7 IOT_2016_ixi
ESP,Spain,Europe,Construction,material_extraction,kt,3.2252603227343496e-09,2019,EXIOBASE v3.7 IOT_2016_ixi
IRL,Ireland,Europe,Natural gas and gaseous fuels,blue_water_consumption,Mm3,2.833063411834936e-09,2019,EXIOBASE v3.7 IOT_2016_ixi
AUS,Australia,Asia and Pacific,Construction,blue_water_consumption,Mm3,2.1587267758000634e-09,2019,EXIOBASE v3.7 IOT_2016_ixi
MLT,Malta,Europe,"Steam, hot water supply and water distribution",blue_water_consumption,Mm3,1.898062771823837e-09,2019,EXIOBASE v3.7 IOT_2016_ixi
MEX,Mexico,America,Construction,blue_water_consumption,Mm3,1.358926384792766e-09,2019,EXIOBASE v3.7 IOT_2016_ixi
MEX,Mexico,America,Natural gas and gaseous fuels,blue_water_consumption,Mm3,1.310832020760917e-09,2019,EXIOBASE v3.7 IOT_2016_ixi
ESP,Spain,Europe,Construction,blue_water_consumption,Mm3,1.2794352002230414e-09,2019,EXIOBASE v3.7 IOT_2016_ixi
RoW Africa,RoW Africa,Africa,"Electrical, electronic and measuring equipment",land_use,km2,9.193113959467414e-10,2019,EXIOBASE v3.7 IOT_2016_ixi
FIN,Finland,Europe,"Steam, hot water supply and water distribution",blue_water_consumption,Mm3,9.068180391717165e-10,2019,EXIOBASE v3.7 IOT_2016_ixi
PRT,Portugal,Europe,Natural gas and gaseous fuels,blue_water_consumption,Mm3,7.251267262147701e-10,2019,EXIOBASE v3.7 IOT_2016_ixi
RoW America,RoW America,America,"Steam, hot water supply and water distribution",blue_water_consumption,Mm3,6.91881085082096e-10,2019,EXIOBASE v3.7 IOT_2016_ixi
CYP,Cyprus,Middle East,Construction,material_extraction,kt,3.227578052095652e-10,2019,EXIOBASE v3.7 IOT_2016_ixi
SWE,Sweden,Europe,Natural gas and gaseous fuels,blue_water_consumption,Mm3,3.081117054637209e-10,2019,EXIOBASE v3.7 IOT_2016_ixi
CYP,Cyprus,Middle East,"Steam, hot water supply and water distribution",climate_change,kt CO2eq,2.030895739181274e-10,2019,EXIOBASE v3.7 IOT_2016_ixi
FIN,Finland,Europe,Natural gas and gaseous fuels,blue_water_consumption,Mm3,1.255382090573269e-10,2019,EXIOBASE v3.7 IOT_2016_ixi
MEX,Mexico,America,"Steam, hot water supply and water distribution",climate_change,kt CO2eq,1.239145758598571e-10,2019,EXIOBASE v3.7 IOT_2016_ixi
MLT,Malta,Europe,Coal and Petroleum,waste_generation,kt,6.434725924410814e-11,2019,EXIOBASE v3.7 IOT_2016_ixi
GRC,Greece,Europe,Coal and Petroleum,blue_water_consumption,Mm3,5.595656084172553e-11,2019,EXIOBASE v3.7 IOT_2016_ixi
BGR,Bulgaria,Europe,"Steam, hot water supply and water distribution",land_use,km2,4.587195971593193e-11,2019,EXIOBASE v3.7 IOT_2016_ixi
BRA,Brazil,America,"Steam, hot water supply and water distribution",waste_generation,kt,4.039706429859848e-11,2019,EXIOBASE v3.7 IOT_2016_ixi
LTU,Lithuania,Europe,Natural gas and gaseous fuels,blue_water_consumption,Mm3,2.339615406908727e-11,2019,EXIOBASE v3.7 IOT_2016_ixi
SVN,Slovenia,Europe,Natural gas and gaseous fuels,blue_water_consumption,Mm3,1.330039277416863e-11,2019,EXIOBASE v3.7 IOT_2016_ixi
BGR,Bulgaria,Europe,"Steam, hot water supply and water distribution",blue_water_consumption,Mm3,1.4040744960720406e-12,2019,EXIOBASE v3.7 IOT_2016_ixi
LUX,Luxembourg,Europe,Coal and Petroleum,waste_generation,kt,1.070679498197311e-12,2019,EXIOBASE v3.7 IOT_2016_ixi
MEX,Mexico,America,"Steam, hot water supply and water distribution",blue_water_consumption,Mm3,2.829021236410406e-13,2019,EXIOBASE v3.7 IOT_2016_ixi
MLT,Malta,Europe,Natural gas and gaseous fuels,waste_generation,kt,4.320072275764468e-14,2019,EXIOBASE v3.7 IOT_2016_ixi
