mrio_vintage,mrio_year,country_producing,sector_producing,exiobase_industry_index,value,unit,variable
v3.10.2,2022,AUT,"Manufacture of medical, precision and optical instruments, watches and clocks (33)",89,0.0,M.EUR,total_industry_output
v3.10.2,2022,BEL,"Manufacture of medical, precision and optical instruments, watches and clocks (33)",89,0.0,M.EUR,total_industry_output
v3.10.2,2022,BGR,"Manufacture of medical, precision and optical instruments, watches and clocks (33)",89,0.0,M.EUR,total_industry_output
v3.10.2,2022,CYP,"Manufacture of medical, precision and optical instruments, watches and clocks (33)",89,0.0,M.EUR,total_industry_output
v3.10.2,2022,CZE,"Manufacture of medical, precision and optical instruments, watches and clocks (33)",89,0.0,M.EUR,total_industry_output
v3.10.2,2022,DEU,"Manufacture of medical, precision and optical instruments, watches and clocks (33)",89,0.0,M.EUR,total_industry_output
v3.10.2,2022,DNK,"Manufacture of medical, precision and optical instruments, watches and clocks (33)",89,0.0,M.EUR,total_industry_output
v3.10.2,2022,EST,"Manufacture of medical, precision and optical instruments, watches and clocks (33)",89,0.0,M.EUR,total_industry_output
v3.10.2,2022,ESP,"Manufacture of medical, precision and optical instruments, watches and clocks (33)",89,0.0,M.EUR,total_industry_output
v3.10.2,2022,FIN,"Manufacture of medical, precision and optical instruments, watches and clocks (33)",89,0.0,M.EUR,total_industry_output
v3.10.2,2022,FRA,"Manufacture of medical, precision and optical instruments, watches and clocks (33)",89,0.0,M.EUR,total_industry_output
v3.10.2,2022,GRC,"Manufacture of medical, precision and optical instruments, watches and clocks (33)",89,275.025169957,M.EUR,total_industry_output
v3.10.2,2022,HRV,"Manufacture of medical, precision and optical instruments, watches and clocks (33)",89,0.0,M.EUR,total_industry_output
v3.10.2,2022,HUN,"Manufacture of medical, precision and optical instruments, watches and clocks (33)",89,0.0,M.EUR,total_industry_output
v3.10.2,2022,IRL,"Manufacture of medical, precision and optical instruments, watches and clocks (33)",89,0.0,M.EUR,total_industry_output
v3.10.2,2022,ITA,"Manufacture of medical, precision and optical instruments, watches and clocks (33)",89,0.0,M.EUR,total_industry_output
v3.10.2,2022,LTU,"Manufacture of medical, precision and optical instruments, watches and clocks (33)",89,0.0,M.EUR,total_industry_output
v3.10.2,2022,LUX,"Manufacture of medical, precision and optical instruments, watches and clocks (33)",89,6.6806863216,M.EUR,total_industry_output
v3.10.2,2022,LVA,"Manufacture of medical, precision and optical instruments, watches and clocks (33)",89,0.0,M.EUR,total_industry_output
v3.10.2,2022,MLT,"Manufacture of medical, precision and optical instruments, watches and clocks (33)",89,0.0,M.EUR,total_industry_output
v3.10.2,2022,NLD,"Manufacture of medical, precision and optical instruments, watches and clocks (33)",89,0.0,M.EUR,total_industry_output
v3.10.2,2022,POL,"Manufacture of medical, precision and optical instruments, watches and clocks (33)",89,0.0,M.EUR,total_industry_output
v3.10.2,2022,PRT,"Manufacture of medical, precision and optical instruments, watches and clocks (33)",89,0.0,M.EUR,total_industry_output
v3.10.2,2022,ROU,"Manufacture of medical, precision and optical instruments, watches and clocks (33)",89,0.0,M.EUR,total_industry_output
v3.10.2,2022,SWE,"Manufacture of medical, precision and optical instruments, watches and clocks (33)",89,0.0,M.EUR,total_industry_output
v3.10.2,2022,SVN,"Manufacture of medical, precision and optical instruments, watches and clocks (33)",89,0.0,M.EUR,total_industry_output
v3.10.2,2022,SVK,"Manufacture of medical, precision and optical instruments, watches and clocks (33)",89,0.0,M.EUR,total_industry_output
v3.10.2,2022,GBR,"Manufacture of medical, precision and optical instruments, watches and clocks (33)",89,1.21656830102e-05,M.EUR,total_industry_output
v3.10.2,2022,USA,"Manufacture of medical, precision and optical instruments, watches and clocks (33)",89,2195.25732279,M.EUR,total_industry_output
v3.10.2,2022,JPN,"Manufacture of medical, precision and optical instruments, watches and clocks (33)",89,14874.4362397,M.EUR,total_industry_output
v3.10.2,2022,CHN,"Manufacture of medical, precision and optical instruments, watches and clocks (33)",89,71194.6861115,M.EUR,total_industry_output
v3.10.2,2022,CAN,"Manufacture of medical, precision and optical instruments, watches and clocks (33)",89,7553.86746432,M.EUR,total_industry_output
v3.10.2,2022,KOR,"Manufacture of medical, precision and optical instruments, watches and clocks (33)",89,6053.43779747,M.EUR,total_industry_output
v3.10.2,2022,BRA,"Manufacture of medical, precision and optical instruments, watches and clocks (33)",89,5717.45566344,M.EUR,total_industry_output
v3.10.2,2022,IND,"Manufacture of medical, precision and optical instruments, watches and clocks (33)",89,3745.64962721,M.EUR,total_industry_output
v3.10.2,2022,MEX,"Manufacture of medical, precision and optical instruments, watches and clocks (33)",89,6645.27879967,M.EUR,total_industry_output
v3.10.2,2022,RUS,"Manufacture of medical, precision and optical instruments, watches and clocks (33)",89,7434.38969293,M.EUR,total_industry_output
v3.10.2,2022,AUS,"Manufacture of medical, precision and optical instruments, watches and clocks (33)",89,2120.21377673,M.EUR,total_industry_output
v3.10.2,2022,CHE,"Manufacture of medical, precision and optical instruments, watches and clocks (33)",89,0.0,M.EUR,total_industry_output
v3.10.2,2022,TUR,"Manufacture of medical, precision and optical instruments, watches and clocks (33)",89,38.5860673144,M.EUR,total_industry_output
v3.10.2,2022,TWN,"Manufacture of medical, precision and optical instruments, watches and clocks (33)",89,8866.70030946,M.EUR,total_industry_output
v3.10.2,2022,NOR,"Manufacture of medical, precision and optical instruments, watches and clocks (33)",89,0.0,M.EUR,total_industry_output
v3.10.2,2022,IDN,"Manufacture of medical, precision and optical instruments, watches and clocks (33)",89,1827.76787189,M.EUR,total_industry_output
v3.10.2,2022,ZAF,"Manufacture of medical, precision and optical instruments, watches and clocks (33)",89,541.43182152,M.EUR,total_industry_output
v3.10.2,2022,WA,"Manufacture of medical, precision and optical instruments, watches and clocks (33)",89,15140.409293,M.EUR,total_industry_output
v3.10.2,2022,WL,"Manufacture of medical, precision and optical instruments, watches and clocks (33)",89,13418.5905495,M.EUR,total_industry_output
v3.10.2,2022,WE,"Manufacture of medical, precision and optical instruments, watches and clocks (33)",89,2521.97482023,M.EUR,total_industry_output
v3.10.2,2022,WF,"Manufacture of medical, precision and optical instruments, watches and clocks (33)",89,3804.22435909,M.EUR,total_industry_output
v3.10.2,2022,WM,"Manufacture of medical, precision and optical instruments, watches and clocks (33)",89,12097.5363655,M.EUR,total_industry_output
v3.10.2,2007,AUT,"Manufacture of medical, precision and optical instruments, watches and clocks (33)",89,13.415659251,M.EUR,total_industry_output
v3.10.2,2007,BEL,"Manufacture of medical, precision and optical instruments, watches and clocks (33)",89,5.57010825311,M.EUR,total_industry_output
v3.10.2,2007,BGR,"Manufacture of medical, precision and optical instruments, watches and clocks (33)",89,0.0314322918998,M.EUR,total_industry_output
v3.10.2,2007,CYP,"Manufacture of medical, precision and optical instruments, watches and clocks (33)",89,1.11821126455e-05,M.EUR,total_industry_output
v3.10.2,2007,CZE,"Manufacture of medical, precision and optical instruments, watches and clocks (33)",89,8.89580029334,M.EUR,total_industry_output
v3.10.2,2007,DEU,"Manufacture of medical, precision and optical instruments, watches and clocks (33)",89,5593.48847247,M.EUR,total_industry_output
v3.10.2,2007,DNK,"Manufacture of medical, precision and optical instruments, watches and clocks (33)",89,23.5428169517,M.EUR,total_industry_output
v3.10.2,2007,EST,"Manufacture of medical, precision and optical instruments, watches and clocks (33)",89,0.525582504208,M.EUR,total_industry_output
v3.10.2,2007,ESP,"Manufacture of medical, precision and optical instruments, watches and clocks (33)",89,39.9829866056,M.EUR,total_industry_output
v3.10.2,2007,FIN,"Manufacture of medical, precision and optical instruments, watches and clocks (33)",89,8.81791417757,M.EUR,total_industry_output
v3.10.2,2007,FRA,"Manufacture of medical, precision and optical instruments, watches and clocks (33)",89,419.600237581,M.EUR,total_industry_output
v3.10.2,2007,GRC,"Manufacture of medical, precision and optical instruments, watches and clocks (33)",89,221.621463786,M.EUR,total_industry_output
v3.10.2,2007,HRV,"Manufacture of medical, precision and optical instruments, watches and clocks (33)",89,0.410881514752,M.EUR,total_industry_output
v3.10.2,2007,HUN,"Manufacture of medical, precision and optical instruments, watches and clocks (33)",89,11.6254493424,M.EUR,total_industry_output
v3.10.2,2007,IRL,"Manufacture of medical, precision and optical instruments, watches and clocks (33)",89,57.8926860286,M.EUR,total_industry_output
v3.10.2,2007,ITA,"Manufacture of medical, precision and optical instruments, watches and clocks (33)",89,438.901863044,M.EUR,total_industry_output
v3.10.2,2007,LTU,"Manufacture of medical, precision and optical instruments, watches and clocks (33)",89,0.565852484018,M.EUR,total_industry_output
v3.10.2,2007,LUX,"Manufacture of medical, precision and optical instruments, watches and clocks (33)",89,142.845078725,M.EUR,total_industry_output
v3.10.2,2007,LVA,"Manufacture of medical, precision and optical instruments, watches and clocks (33)",89,0.000192316356856,M.EUR,total_industry_output
v3.10.2,2007,MLT,"Manufacture of medical, precision and optical instruments, watches and clocks (33)",89,0.396779507248,M.EUR,total_industry_output
v3.10.2,2007,NLD,"Manufacture of medical, precision and optical instruments, watches and clocks (33)",89,111.292512538,M.EUR,total_industry_output
v3.10.2,2007,POL,"Manufacture of medical, precision and optical instruments, watches and clocks (33)",89,16.2785131196,M.EUR,total_industry_output
v3.10.2,2007,PRT,"Manufacture of medical, precision and optical instruments, watches and clocks (33)",89,0.816659382977,M.EUR,total_industry_output
v3.10.2,2007,ROU,"Manufacture of medical, precision and optical instruments, watches and clocks (33)",89,0.445164531886,M.EUR,total_industry_output
v3.10.2,2007,SWE,"Manufacture of medical, precision and optical instruments, watches and clocks (33)",89,24.2403811063,M.EUR,total_industry_output
v3.10.2,2007,SVN,"Manufacture of medical, precision and optical instruments, watches and clocks (33)",89,0.0813342615208,M.EUR,total_industry_output
v3.10.2,2007,SVK,"Manufacture of medical, precision and optical instruments, watches and clocks (33)",89,1.62917405951,M.EUR,total_industry_output
v3.10.2,2007,GBR,"Manufacture of medical, precision and optical instruments, watches and clocks (33)",89,589.936246261,M.EUR,total_industry_output
v3.10.2,2007,USA,"Manufacture of medical, precision and optical instruments, watches and clocks (33)",89,45915.3796299,M.EUR,total_industry_output
v3.10.2,2007,JPN,"Manufacture of medical, precision and optical instruments, watches and clocks (33)",89,13727.7634027,M.EUR,total_industry_output
v3.10.2,2007,CHN,"Manufacture of medical, precision and optical instruments, watches and clocks (33)",89,22436.2424662,M.EUR,total_industry_output
v3.10.2,2007,CAN,"Manufacture of medical, precision and optical instruments, watches and clocks (33)",89,3761.14976776,M.EUR,total_industry_output
v3.10.2,2007,KOR,"Manufacture of medical, precision and optical instruments, watches and clocks (33)",89,2536.86864828,M.EUR,total_industry_output
v3.10.2,2007,BRA,"Manufacture of medical, precision and optical instruments, watches and clocks (33)",89,3933.61090386,M.EUR,total_industry_output
v3.10.2,2007,IND,"Manufacture of medical, precision and optical instruments, watches and clocks (33)",89,881.382637702,M.EUR,total_industry_output
v3.10.2,2007,MEX,"Manufacture of medical, precision and optical instruments, watches and clocks (33)",89,2051.82056418,M.EUR,total_industry_output
v3.10.2,2007,RUS,"Manufacture of medical, precision and optical instruments, watches and clocks (33)",89,3706.99116214,M.EUR,total_industry_output
v3.10.2,2007,AUS,"Manufacture of medical, precision and optical instruments, watches and clocks (33)",89,2313.057531,M.EUR,total_industry_output
v3.10.2,2007,CHE,"Manufacture of medical, precision and optical instruments, watches and clocks (33)",89,205.249906479,M.EUR,total_industry_output
v3.10.2,2007,TUR,"Manufacture of medical, precision and optical instruments, watches and clocks (33)",89,646.658576815,M.EUR,total_industry_output
v3.10.2,2007,TWN,"Manufacture of medical, precision and optical instruments, watches and clocks (33)",89,2742.84738831,M.EUR,total_industry_output
v3.10.2,2007,NOR,"Manufacture of medical, precision and optical instruments, watches and clocks (33)",89,448.974478057,M.EUR,total_industry_output
v3.10.2,2007,IDN,"Manufacture of medical, precision and optical instruments, watches and clocks (33)",89,600.161962895,M.EUR,total_industry_output
v3.10.2,2007,ZAF,"Manufacture of medical, precision and optical instruments, watches and clocks (33)",89,453.057883002,M.EUR,total_industry_output
v3.10.2,2007,WA,"Manufacture of medical, precision and optical instruments, watches and clocks (33)",89,6503.68482396,M.EUR,total_industry_output
v3.10.2,2007,WL,"Manufacture of medical, precision and optical instruments, watches and clocks (33)",89,5846.39111129,M.EUR,total_industry_output
v3.10.2,2007,WE,"Manufacture of medical, precision and optical instruments, watches and clocks (33)",89,931.013723586,M.EUR,total_industry_output
v3.10.2,2007,WF,"Manufacture of medical, precision and optical instruments, watches and clocks (33)",89,1911.78758274,M.EUR,total_industry_output
v3.10.2,2007,WM,"Manufacture of medical, precision and optical instruments, watches and clocks (33)",89,4321.21717631,M.EUR,total_industry_output
v3.10.2,2008,AUT,"Manufacture of medical, precision and optical instruments, watches and clocks (33)",89,16.2633958635,M.EUR,total_industry_output
v3.10.2,2008,BEL,"Manufacture of medical, precision and optical instruments, watches and clocks (33)",89,4.26956627847,M.EUR,total_industry_output
v3.10.2,2008,BGR,"Manufacture of medical, precision and optical instruments, watches and clocks (33)",89,0.0188113216402,M.EUR,total_industry_output
v3.10.2,2008,CYP,"Manufacture of medical, precision and optical instruments, watches and clocks (33)",89,0.0,M.EUR,total_industry_output
v3.10.2,2008,CZE,"Manufacture of medical, precision and optical instruments, watches and clocks (33)",89,9.59691013185,M.EUR,total_industry_output
v3.10.2,2008,DEU,"Manufacture of medical, precision and optical instruments, watches and clocks (33)",89,4641.78475196,M.EUR,total_industry_output
v3.10.2,2008,DNK,"Manufacture of medical, precision and optical instruments, watches and clocks (33)",89,34.8492262752,M.EUR,total_industry_output
v3.10.2,2008,EST,"Manufacture of medical, precision and optical instruments, watches and clocks (33)",89,0.00854543922019,M.EUR,total_industry_output
v3.10.2,2008,ESP,"Manufacture of medical, precision and optical instruments, watches and clocks (33)",89,54.6994589671,M.EUR,total_industry_output
v3.10.2,2008,FIN,"Manufacture of medical, precision and optical instruments, watches and clocks (33)",89,7.80219359706,M.EUR,total_industry_output
v3.10.2,2008,FRA,"Manufacture of medical, precision and optical instruments, watches and clocks (33)",89,285.891552235,M.EUR,total_industry_output
v3.10.2,2008,GRC,"Manufacture of medical, precision and optical instruments, watches and clocks (33)",89,184.093549933,M.EUR,total_industry_output
v3.10.2,2008,HRV,"Manufacture of medical, precision and optical instruments, watches and clocks (33)",89,0.439900152163,M.EUR,total_industry_output
v3.10.2,2008,HUN,"Manufacture of medical, precision and optical instruments, watches and clocks (33)",89,13.151576917,M.EUR,total_industry_output
v3.10.2,2008,IRL,"Manufacture of medical, precision and optical instruments, watches and clocks (33)",89,39.1177303033,M.EUR,total_industry_output
v3.10.2,2008,ITA,"Manufacture of medical, precision and optical instruments, watches and clocks (33)",89,340.692449306,M.EUR,total_industry_output
v3.10.2,2008,LTU,"Manufacture of medical, precision and optical instruments, watches and clocks (33)",89,0.762511278954,M.EUR,total_industry_output
v3.10.2,2008,LUX,"Manufacture of medical, precision and optical instruments, watches and clocks (33)",89,108.518077105,M.EUR,total_industry_output
v3.10.2,2008,LVA,"Manufacture of medical, precision and optical instruments, watches and clocks (33)",89,0.0,M.EUR,total_industry_output
v3.10.2,2008,MLT,"Manufacture of medical, precision and optical instruments, watches and clocks (33)",89,1.05509888355e-05,M.EUR,total_industry_output
v3.10.2,2008,NLD,"Manufacture of medical, precision and optical instruments, watches and clocks (33)",89,91.518091485,M.EUR,total_industry_output
v3.10.2,2008,POL,"Manufacture of medical, precision and optical instruments, watches and clocks (33)",89,21.0007908428,M.EUR,total_industry_output
v3.10.2,2008,PRT,"Manufacture of medical, precision and optical instruments, watches and clocks (33)",89,0.834220493115,M.EUR,total_industry_output
v3.10.2,2008,ROU,"Manufacture of medical, precision and optical instruments, watches and clocks (33)",89,0.987985813788,M.EUR,total_industry_output
v3.10.2,2008,SWE,"Manufacture of medical, precision and optical instruments, watches and clocks (33)",89,19.4681758212,M.EUR,total_industry_output
v3.10.2,2008,SVN,"Manufacture of medical, precision and optical instruments, watches and clocks (33)",89,0.0847466504266,M.EUR,total_industry_output
v3.10.2,2008,SVK,"Manufacture of medical, precision and optical instruments, watches and clocks (33)",89,1.15628389578,M.EUR,total_industry_output
v3.10.2,2008,GBR,"Manufacture of medical, precision and optical instruments, watches and clocks (33)",89,289.548223052,M.EUR,total_industry_output
v3.10.2,2008,USA,"Manufacture of medical, precision and optical instruments, watches and clocks (33)",89,26824.6856592,M.EUR,total_industry_output
v3.10.2,2008,JPN,"Manufacture of medical, precision and optical instruments, watches and clocks (33)",89,10448.5700263,M.EUR,total_industry_output
v3.10.2,2008,CHN,"Manufacture of medical, precision and optical instruments, watches and clocks (33)",89,28898.0563773,M.EUR,total_industry_output
v3.10.2,2008,CAN,"Manufacture of medical, precision and optical instruments, watches and clocks (33)",89,3318.15600786,M.EUR,total_industry_output
v3.10.2,2008,KOR,"Manufacture of medical, precision and optical instruments, watches and clocks (33)",89,2250.88192229,M.EUR,total_industry_output
v3.10.2,2008,BRA,"Manufacture of medical, precision and optical instruments, watches and clocks (33)",89,4700.98200995,M.EUR,total_industry_output
v3.10.2,2008,IND,"Manufacture of medical, precision and optical instruments, watches and clocks (33)",89,949.150479668,M.EUR,total_industry_output
v3.10.2,2008,MEX,"Manufacture of medical, precision and optical instruments, watches and clocks (33)",89,1956.9248875,M.EUR,total_industry_output
v3.10.2,2008,RUS,"Manufacture of medical, precision and optical instruments, watches and clocks (33)",89,4295.0994996,M.EUR,total_industry_output
v3.10.2,2008,AUS,"Manufacture of medical, precision and optical instruments, watches and clocks (33)",89,2291.53269324,M.EUR,total_industry_output
v3.10.2,2008,CHE,"Manufacture of medical, precision and optical instruments, watches and clocks (33)",89,12.2376037795,M.EUR,total_industry_output
v3.10.2,2008,TUR,"Manufacture of medical, precision and optical instruments, watches and clocks (33)",89,686.492503806,M.EUR,total_industry_output
v3.10.2,2008,TWN,"Manufacture of medical, precision and optical instruments, watches and clocks (33)",89,2939.43806163,M.EUR,total_industry_output
v3.10.2,2008,NOR,"Manufacture of medical, precision and optical instruments, watches and clocks (33)",89,159.005036587,M.EUR,total_industry_output
v3.10.2,2008,IDN,"Manufacture of medical, precision and optical instruments, watches and clocks (33)",89,665.669416399,M.EUR,total_industry_output
v3.10.2,2008,ZAF,"Manufacture of medical, precision and optical instruments, watches and clocks (33)",89,414.535220238,M.EUR,total_industry_output
v3.10.2,2008,WA,"Manufacture of medical, precision and optical instruments, watches and clocks (33)",89,7065.20418616,M.EUR,total_industry_output
v3.10.2,2008,WL,"Manufacture of medical, precision and optical instruments, watches and clocks (33)",89,6837.16736368,M.EUR,total_industry_output
v3.10.2,2008,WE,"Manufacture of medical, precision and optical instruments, watches and clocks (33)",89,1067.68353295,M.EUR,total_industry_output
v3.10.2,2008,WF,"Manufacture of medical, precision and optical instruments, watches and clocks (33)",89,1465.03804994,M.EUR,total_industry_output
v3.10.2,2008,WM,"Manufacture of medical, precision and optical instruments, watches and clocks (33)",89,5134.2565641,M.EUR,total_industry_output
v3.10.2,2009,AUT,"Manufacture of medical, precision and optical instruments, watches and clocks (33)",89,14.1956829229,M.EUR,total_industry_output
v3.10.2,2009,BEL,"Manufacture of medical, precision and optical instruments, watches and clocks (33)",89,4.12617618822,M.EUR,total_industry_output
v3.10.2,2009,BGR,"Manufacture of medical, precision and optical instruments, watches and clocks (33)",89,0.0144963371922,M.EUR,total_industry_output
v3.10.2,2009,CYP,"Manufacture of medical, precision and optical instruments, watches and clocks (33)",89,0.0,M.EUR,total_industry_output
v3.10.2,2009,CZE,"Manufacture of medical, precision and optical instruments, watches and clocks (33)",89,6.03670867225,M.EUR,total_industry_output
v3.10.2,2009,DEU,"Manufacture of medical, precision and optical instruments, watches and clocks (33)",89,4306.00546137,M.EUR,total_industry_output
v3.10.2,2009,DNK,"Manufacture of medical, precision and optical instruments, watches and clocks (33)",89,39.3555570534,M.EUR,total_industry_output
v3.10.2,2009,EST,"Manufacture of medical, precision and optical instruments, watches and clocks (33)",89,0.0181956194997,M.EUR,total_industry_output
v3.10.2,2009,ESP,"Manufacture of medical, precision and optical instruments, watches and clocks (33)",89,30.9947323846,M.EUR,total_industry_output
v3.10.2,2009,FIN,"Manufacture of medical, precision and optical instruments, watches and clocks (33)",89,3.6641180887,M.EUR,total_industry_output
v3.10.2,2009,FRA,"Manufacture of medical, precision and optical instruments, watches and clocks (33)",89,940.975598261,M.EUR,total_industry_output
v3.10.2,2009,GRC,"Manufacture of medical, precision and optical instruments, watches and clocks (33)",89,153.808049372,M.EUR,total_industry_output
v3.10.2,2009,HRV,"Manufacture of medical, precision and optical instruments, watches and clocks (33)",89,0.0,M.EUR,total_industry_output
v3.10.2,2009,HUN,"Manufacture of medical, precision and optical instruments, watches and clocks (33)",89,7.73290433343,M.EUR,total_industry_output
v3.10.2,2009,IRL,"Manufacture of medical, precision and optical instruments, watches and clocks (33)",89,38.5847011966,M.EUR,total_industry_output
v3.10.2,2009,ITA,"Manufacture of medical, precision and optical instruments, watches and clocks (33)",89,396.848595853,M.EUR,total_industry_output
v3.10.2,2009,LTU,"Manufacture of medical, precision and optical instruments, watches and clocks (33)",89,0.280853436972,M.EUR,total_industry_output
v3.10.2,2009,LUX,"Manufacture of medical, precision and optical instruments, watches and clocks (33)",89,97.0427716016,M.EUR,total_industry_output
v3.10.2,2009,LVA,"Manufacture of medical, precision and optical instruments, watches and clocks (33)",89,0.0,M.EUR,total_industry_output
v3.10.2,2009,MLT,"Manufacture of medical, precision and optical instruments, watches and clocks (33)",89,0.0,M.EUR,total_industry_output
v3.10.2,2009,NLD,"Manufacture of medical, precision and optical instruments, watches and clocks (33)",89,89.8536344768,M.EUR,total_industry_output
v3.10.2,2009,POL,"Manufacture of medical, precision and optical instruments, watches and clocks (33)",89,18.1699622626,M.EUR,total_industry_output
v3.10.2,2009,PRT,"Manufacture of medical, precision and optical instruments, watches and clocks (33)",89,0.367665590874,M.EUR,total_industry_output
v3.10.2,2009,ROU,"Manufacture of medical, precision and optical instruments, watches and clocks (33)",89,0.656408759461,M.EUR,total_industry_output
v3.10.2,2009,SWE,"Manufacture of medical, precision and optical instruments, watches and clocks (33)",89,9.37325159228,M.EUR,total_industry_output
v3.10.2,2009,SVN,"Manufacture of medical, precision and optical instruments, watches and clocks (33)",89,0.0489796826277,M.EUR,total_industry_output
v3.10.2,2009,SVK,"Manufacture of medical, precision and optical instruments, watches and clocks (33)",89,0.912072007007,M.EUR,total_industry_output
v3.10.2,2009,GBR,"Manufacture of medical, precision and optical instruments, watches and clocks (33)",89,380.078125449,M.EUR,total_industry_output
v3.10.2,2009,USA,"Manufacture of medical, precision and optical instruments, watches and clocks (33)",89,18749.9167241,M.EUR,total_industry_output
v3.10.2,2009,JPN,"Manufacture of medical, precision and optical instruments, watches and clocks (33)",89,12588.5437592,M.EUR,total_industry_output
v3.10.2,2009,CHN,"Manufacture of medical, precision and optical instruments, watches and clocks (33)",89,34389.2974303,M.EUR,total_industry_output
v3.10.2,2009,CAN,"Manufacture of medical, precision and optical instruments, watches and clocks (33)",89,2200.9989306,M.EUR,total_industry_output
v3.10.2,2009,KOR,"Manufacture of medical, precision and optical instruments, watches and clocks (33)",89,1879.50593822,M.EUR,total_industry_output
v3.10.2,2009,BRA,"Manufacture of medical, precision and optical instruments, watches and clocks (33)",89,3980.64456393,M.EUR,total_industry_output
v3.10.2,2009,IND,"Manufacture of medical, precision and optical instruments, watches and clocks (33)",89,1013.15709002,M.EUR,total_industry_output
v3.10.2,2009,MEX,"Manufacture of medical, precision and optical instruments, watches and clocks (33)",89,1732.23335549,M.EUR,total_industry_output
v3.10.2,2009,RUS,"Manufacture of medical, precision and optical instruments, watches and clocks (33)",89,3349.60581356,M.EUR,total_industry_output
v3.10.2,2009,AUS,"Manufacture of medical, precision and optical instruments, watches and clocks (33)",89,1824.98136015,M.EUR,total_industry_output
v3.10.2,2009,CHE,"Manufacture of medical, precision and optical instruments, watches and clocks (33)",89,3.98194354433,M.EUR,total_industry_output
v3.10.2,2009,TUR,"Manufacture of medical, precision and optical instruments, watches and clocks (33)",89,298.90464006,M.EUR,total_industry_output
v3.10.2,2009,TWN,"Manufacture of medical, precision and optical instruments, watches and clocks (33)",89,2436.94771273,M.EUR,total_industry_output
v3.10.2,2009,NOR,"Manufacture of medical, precision and optical instruments, watches and clocks (33)",89,1.49536359271,M.EUR,total_industry_output
v3.10.2,2009,IDN,"Manufacture of medical, precision and optical instruments, watches and clocks (33)",89,723.02397888,M.EUR,total_industry_output
v3.10.2,2009,ZAF,"Manufacture of medical, precision and optical instruments, watches and clocks (33)",89,430.225113455,M.EUR,total_industry_output
v3.10.2,2009,WA,"Manufacture of medical, precision and optical instruments, watches and clocks (33)",89,5528.62550602,M.EUR,total_industry_output
v3.10.2,2009,WL,"Manufacture of medical, precision and optical instruments, watches and clocks (33)",89,6098.95779068,M.EUR,total_industry_output
v3.10.2,2009,WE,"Manufacture of medical, precision and optical instruments, watches and clocks (33)",89,1526.40097529,M.EUR,total_industry_output
v3.10.2,2009,WF,"Manufacture of medical, precision and optical instruments, watches and clocks (33)",89,2304.7679182,M.EUR,total_industry_output
v3.10.2,2009,WM,"Manufacture of medical, precision and optical instruments, watches and clocks (33)",89,4538.71956213,M.EUR,total_industry_output
v3.10.2,2010,AUT,"Manufacture of medical, precision and optical instruments, watches and clocks (33)",89,17.8212394968,M.EUR,total_industry_output
v3.10.2,2010,BEL,"Manufacture of medical, precision and optical instruments, watches and clocks (33)",89,9.33799190304,M.EUR,total_industry_output
v3.10.2,2010,BGR,"Manufacture of medical, precision and optical instruments, watches and clocks (33)",89,0.375995168957,M.EUR,total_industry_output
v3.10.2,2010,CYP,"Manufacture of medical, precision and optical instruments, watches and clocks (33)",89,0.0,M.EUR,total_industry_output
v3.10.2,2010,CZE,"Manufacture of medical, precision and optical instruments, watches and clocks (33)",89,6.72237108547,M.EUR,total_industry_output
v3.10.2,2010,DEU,"Manufacture of medical, precision and optical instruments, watches and clocks (33)",89,7336.3675859,M.EUR,total_industry_output
v3.10.2,2010,DNK,"Manufacture of medical, precision and optical instruments, watches and clocks (33)",89,13.3152971061,M.EUR,total_industry_output
v3.10.2,2010,EST,"Manufacture of medical, precision and optical instruments, watches and clocks (33)",89,0.00530713835973,M.EUR,total_industry_output
v3.10.2,2010,ESP,"Manufacture of medical, precision and optical instruments, watches and clocks (33)",89,0.843402989249,M.EUR,total_industry_output
v3.10.2,2010,FIN,"Manufacture of medical, precision and optical instruments, watches and clocks (33)",89,7.63548737616,M.EUR,total_industry_output
v3.10.2,2010,FRA,"Manufacture of medical, precision and optical instruments, watches and clocks (33)",89,3363.65824695,M.EUR,total_industry_output
v3.10.2,2010,GRC,"Manufacture of medical, precision and optical instruments, watches and clocks (33)",89,240.541033369,M.EUR,total_industry_output
v3.10.2,2010,HRV,"Manufacture of medical, precision and optical instruments, watches and clocks (33)",89,0.0,M.EUR,total_industry_output
v3.10.2,2010,HUN,"Manufacture of medical, precision and optical instruments, watches and clocks (33)",89,9.57474153077,M.EUR,total_industry_output
v3.10.2,2010,IRL,"Manufacture of medical, precision and optical instruments, watches and clocks (33)",89,3.82663508785,M.EUR,total_industry_output
v3.10.2,2010,ITA,"Manufacture of medical, precision and optical instruments, watches and clocks (33)",89,1724.20830352,M.EUR,total_industry_output
v3.10.2,2010,LTU,"Manufacture of medical, precision and optical instruments, watches and clocks (33)",89,0.000398187785787,M.EUR,total_industry_output
v3.10.2,2010,LUX,"Manufacture of medical, precision and optical instruments, watches and clocks (33)",89,96.259012276,M.EUR,total_industry_output
v3.10.2,2010,LVA,"Manufacture of medical, precision and optical instruments, watches and clocks (33)",89,0.0,M.EUR,total_industry_output
v3.10.2,2010,MLT,"Manufacture of medical, precision and optical instruments, watches and clocks (33)",89,0.0,M.EUR,total_industry_output
v3.10.2,2010,NLD,"Manufacture of medical, precision and optical instruments, watches and clocks (33)",89,102.587951708,M.EUR,total_industry_output
v3.10.2,2010,POL,"Manufacture of medical, precision and optical instruments, watches and clocks (33)",89,43.8130171326,M.EUR,total_industry_output
v3.10.2,2010,PRT,"Manufacture of medical, precision and optical instruments, watches and clocks (33)",89,0.573632410007,M.EUR,total_industry_output
v3.10.2,2010,ROU,"Manufacture of medical, precision and optical instruments, watches and clocks (33)",89,0.755305740672,M.EUR,total_industry_output
v3.10.2,2010,SWE,"Manufacture of medical, precision and optical instruments, watches and clocks (33)",89,9.7810012445,M.EUR,total_industry_output
v3.10.2,2010,SVN,"Manufacture of medical, precision and optical instruments, watches and clocks (33)",89,0.0492917935353,M.EUR,total_industry_output
v3.10.2,2010,SVK,"Manufacture of medical, precision and optical instruments, watches and clocks (33)",89,0.92407698012,M.EUR,total_industry_output
v3.10.2,2010,GBR,"Manufacture of medical, precision and optical instruments, watches and clocks (33)",89,493.375701582,M.EUR,total_industry_output
v3.10.2,2010,USA,"Manufacture of medical, precision and optical instruments, watches and clocks (33)",89,17889.8959273,M.EUR,total_industry_output
v3.10.2,2010,JPN,"Manufacture of medical, precision and optical instruments, watches and clocks (33)",89,12272.803529,M.EUR,total_industry_output
v3.10.2,2010,CHN,"Manufacture of medical, precision and optical instruments, watches and clocks (33)",89,22729.9481152,M.EUR,total_industry_output
v3.10.2,2010,CAN,"Manufacture of medical, precision and optical instruments, watches and clocks (33)",89,4051.87872474,M.EUR,total_industry_output
v3.10.2,2010,KOR,"Manufacture of medical, precision and optical instruments, watches and clocks (33)",89,2758.82506852,M.EUR,total_industry_output
v3.10.2,2010,BRA,"Manufacture of medical, precision and optical instruments, watches and clocks (33)",89,7996.05741387,M.EUR,total_industry_output
v3.10.2,2010,IND,"Manufacture of medical, precision and optical instruments, watches and clocks (33)",89,1783.04639068,M.EUR,total_industry_output
v3.10.2,2010,MEX,"Manufacture of medical, precision and optical instruments, watches and clocks (33)",89,1963.46155871,M.EUR,total_industry_output
v3.10.2,2010,RUS,"Manufacture of medical, precision and optical instruments, watches and clocks (33)",89,3763.37322007,M.EUR,total_industry_output
v3.10.2,2010,AUS,"Manufacture of medical, precision and optical instruments, watches and clocks (33)",89,1763.11463027,M.EUR,total_industry_output
v3.10.2,2010,CHE,"Manufacture of medical, precision and optical instruments, watches and clocks (33)",89,7.83443987522,M.EUR,total_industry_output
v3.10.2,2010,TUR,"Manufacture of medical, precision and optical instruments, watches and clocks (33)",89,381.972025672,M.EUR,total_industry_output
v3.10.2,2010,TWN,"Manufacture of medical, precision and optical instruments, watches and clocks (33)",89,3212.84410223,M.EUR,total_industry_output
v3.10.2,2010,NOR,"Manufacture of medical, precision and optical instruments, watches and clocks (33)",89,115.998239727,M.EUR,total_industry_output
v3.10.2,2010,IDN,"Manufacture of medical, precision and optical instruments, watches and clocks (33)",89,983.378192885,M.EUR,total_industry_output
v3.10.2,2010,ZAF,"Manufacture of medical, precision and optical instruments, watches and clocks (33)",89,542.03099075,M.EUR,total_industry_output
v3.10.2,2010,WA,"Manufacture of medical, precision and optical instruments, watches and clocks (33)",89,7249.98804926,M.EUR,total_industry_output
v3.10.2,2010,WL,"Manufacture of medical, precision and optical instruments, watches and clocks (33)",89,8332.93331373,M.EUR,total_industry_output
v3.10.2,2010,WE,"Manufacture of medical, precision and optical instruments, watches and clocks (33)",89,2080.87474735,M.EUR,total_industry_output
v3.10.2,2010,WF,"Manufacture of medical, precision and optical instruments, watches and clocks (33)",89,1456.25450861,M.EUR,total_industry_output
v3.10.2,2010,WM,"Manufacture of medical, precision and optical instruments, watches and clocks (33)",89,6984.54745651,M.EUR,total_industry_output
v3.10.2,2011,AUT,"Manufacture of medical, precision and optical instruments, watches and clocks (33)",89,131.011059642,M.EUR,total_industry_output
v3.10.2,2011,BEL,"Manufacture of medical, precision and optical instruments, watches and clocks (33)",89,442.06386177,M.EUR,total_industry_output
v3.10.2,2011,BGR,"Manufacture of medical, precision and optical instruments, watches and clocks (33)",89,0.0281859850077,M.EUR,total_industry_output
v3.10.2,2011,CYP,"Manufacture of medical, precision and optical instruments, watches and clocks (33)",89,0.0,M.EUR,total_industry_output
v3.10.2,2011,CZE,"Manufacture of medical, precision and optical instruments, watches and clocks (33)",89,16.9265486942,M.EUR,total_industry_output
v3.10.2,2011,DEU,"Manufacture of medical, precision and optical instruments, watches and clocks (33)",89,297.119345516,M.EUR,total_industry_output
v3.10.2,2011,DNK,"Manufacture of medical, precision and optical instruments, watches and clocks (33)",89,76.1639009546,M.EUR,total_industry_output
v3.10.2,2011,EST,"Manufacture of medical, precision and optical instruments, watches and clocks (33)",89,12.2982327194,M.EUR,total_industry_output
v3.10.2,2011,ESP,"Manufacture of medical, precision and optical instruments, watches and clocks (33)",89,372.247437456,M.EUR,total_industry_output
v3.10.2,2011,FIN,"Manufacture of medical, precision and optical instruments, watches and clocks (33)",89,7.72759110502,M.EUR,total_industry_output
v3.10.2,2011,FRA,"Manufacture of medical, precision and optical instruments, watches and clocks (33)",89,55.4042626422,M.EUR,total_industry_output
v3.10.2,2011,GRC,"Manufacture of medical, precision and optical instruments, watches and clocks (33)",89,214.335261454,M.EUR,total_industry_output
v3.10.2,2011,HRV,"Manufacture of medical, precision and optical instruments, watches and clocks (33)",89,0.0,M.EUR,total_industry_output
v3.10.2,2011,HUN,"Manufacture of medical, precision and optical instruments, watches and clocks (33)",89,122.529336047,M.EUR,total_industry_output
v3.10.2,2011,IRL,"Manufacture of medical, precision and optical instruments, watches and clocks (33)",89,504.667049674,M.EUR,total_industry_output
v3.10.2,2011,ITA,"Manufacture of medical, precision and optical instruments, watches and clocks (33)",89,192.153498059,M.EUR,total_industry_output
v3.10.2,2011,LTU,"Manufacture of medical, precision and optical instruments, watches and clocks (33)",89,0.0,M.EUR,total_industry_output
v3.10.2,2011,LUX,"Manufacture of medical, precision and optical instruments, watches and clocks (33)",89,195.33470844,M.EUR,total_industry_output
v3.10.2,2011,LVA,"Manufacture of medical, precision and optical instruments, watches and clocks (33)",89,0.0,M.EUR,total_industry_output
v3.10.2,2011,MLT,"Manufacture of medical, precision and optical instruments, watches and clocks (33)",89,0.0,M.EUR,total_industry_output
v3.10.2,2011,NLD,"Manufacture of medical, precision and optical instruments, watches and clocks (33)",89,77.9292112811,M.EUR,total_industry_output
v3.10.2,2011,POL,"Manufacture of medical, precision and optical instruments, watches and clocks (33)",89,4.12522237196,M.EUR,total_industry_output
v3.10.2,2011,PRT,"Manufacture of medical, precision and optical instruments, watches and clocks (33)",89,47.4943450387,M.EUR,total_industry_output
v3.10.2,2011,ROU,"Manufacture of medical, precision and optical instruments, watches and clocks (33)",89,310.910979163,M.EUR,total_industry_output
v3.10.2,2011,SWE,"Manufacture of medical, precision and optical instruments, watches and clocks (33)",89,49.1736604429,M.EUR,total_industry_output
v3.10.2,2011,SVN,"Manufacture of medical, precision and optical instruments, watches and clocks (33)",89,0.200999999917,M.EUR,total_industry_output
v3.10.2,2011,SVK,"Manufacture of medical, precision and optical instruments, watches and clocks (33)",89,133.879011654,M.EUR,total_industry_output
v3.10.2,2011,GBR,"Manufacture of medical, precision and optical instruments, watches and clocks (33)",89,1450.49280453,M.EUR,total_industry_output
v3.10.2,2011,USA,"Manufacture of medical, precision and optical instruments, watches and clocks (33)",89,12467.3816081,M.EUR,total_industry_output
v3.10.2,2011,JPN,"Manufacture of medical, precision and optical instruments, watches and clocks (33)",89,21740.2089456,M.EUR,total_industry_output
v3.10.2,2011,CHN,"Manufacture of medical, precision and optical instruments, watches and clocks (33)",89,38078.5980246,M.EUR,total_industry_output
v3.10.2,2011,CAN,"Manufacture of medical, precision and optical instruments, watches and clocks (33)",89,3985.89609801,M.EUR,total_industry_output
v3.10.2,2011,KOR,"Manufacture of medical, precision and optical instruments, watches and clocks (33)",89,5835.6551434,M.EUR,total_industry_output
v3.10.2,2011,BRA,"Manufacture of medical, precision and optical instruments, watches and clocks (33)",89,9163.26133522,M.EUR,total_industry_output
v3.10.2,2011,IND,"Manufacture of medical, precision and optical instruments, watches and clocks (33)",89,1398.3777453,M.EUR,total_industry_output
v3.10.2,2011,MEX,"Manufacture of medical, precision and optical instruments, watches and clocks (33)",89,4084.30910966,M.EUR,total_industry_output
v3.10.2,2011,RUS,"Manufacture of medical, precision and optical instruments, watches and clocks (33)",89,10105.359234,M.EUR,total_industry_output
v3.10.2,2011,AUS,"Manufacture of medical, precision and optical instruments, watches and clocks (33)",89,4742.74475068,M.EUR,total_industry_output
v3.10.2,2011,CHE,"Manufacture of medical, precision and optical instruments, watches and clocks (33)",89,479.001768148,M.EUR,total_industry_output
v3.10.2,2011,TUR,"Manufacture of medical, precision and optical instruments, watches and clocks (33)",89,1305.03643202,M.EUR,total_industry_output
v3.10.2,2011,TWN,"Manufacture of medical, precision and optical instruments, watches and clocks (33)",89,3346.3816391,M.EUR,total_industry_output
v3.10.2,2011,NOR,"Manufacture of medical, precision and optical instruments, watches and clocks (33)",89,19.010423978,M.EUR,total_industry_output
v3.10.2,2011,IDN,"Manufacture of medical, precision and optical instruments, watches and clocks (33)",89,1151.15275396,M.EUR,total_industry_output
v3.10.2,2011,ZAF,"Manufacture of medical, precision and optical instruments, watches and clocks (33)",89,508.240132671,M.EUR,total_industry_output
v3.10.2,2011,WA,"Manufacture of medical, precision and optical instruments, watches and clocks (33)",89,7400.47666299,M.EUR,total_industry_output
v3.10.2,2011,WL,"Manufacture of medical, precision and optical instruments, watches and clocks (33)",89,8481.09770989,M.EUR,total_industry_output
v3.10.2,2011,WE,"Manufacture of medical, precision and optical instruments, watches and clocks (33)",89,2367.44748299,M.EUR,total_industry_output
v3.10.2,2011,WF,"Manufacture of medical, precision and optical instruments, watches and clocks (33)",89,2478.55447077,M.EUR,total_industry_output
v3.10.2,2011,WM,"Manufacture of medical, precision and optical instruments, watches and clocks (33)",89,6875.34024372,M.EUR,total_industry_output
v3.10.2,2012,AUT,"Manufacture of medical, precision and optical instruments, watches and clocks (33)",89,92.3449999984,M.EUR,total_industry_output
v3.10.2,2012,BEL,"Manufacture of medical, precision and optical instruments, watches and clocks (33)",89,360.058509748,M.EUR,total_industry_output
v3.10.2,2012,BGR,"Manufacture of medical, precision and optical instruments, watches and clocks (33)",89,0.0,M.EUR,total_industry_output
v3.10.2,2012,CYP,"Manufacture of medical, precision and optical instruments, watches and clocks (33)",89,0.0,M.EUR,total_industry_output
v3.10.2,2012,CZE,"Manufacture of medical, precision and optical instruments, watches and clocks (33)",89,51.7599878816,M.EUR,total_industry_output
v3.10.2,2012,DEU,"Manufacture of medical, precision and optical instruments, watches and clocks (33)",89,13.8735339873,M.EUR,total_industry_output
v3.10.2,2012,DNK,"Manufacture of medical, precision and optical instruments, watches and clocks (33)",89,0.0,M.EUR,total_industry_output
v3.10.2,2012,EST,"Manufacture of medical, precision and optical instruments, watches and clocks (33)",89,0.0,M.EUR,total_industry_output
v3.10.2,2012,ESP,"Manufacture of medical, precision and optical instruments, watches and clocks (33)",89,130.237917537,M.EUR,total_industry_output
v3.10.2,2012,FIN,"Manufacture of medical, precision and optical instruments, watches and clocks (33)",89,116.128775364,M.EUR,total_industry_output
v3.10.2,2012,FRA,"Manufacture of medical, precision and optical instruments, watches and clocks (33)",89,1007.88757698,M.EUR,total_industry_output
v3.10.2,2012,GRC,"Manufacture of medical, precision and optical instruments, watches and clocks (33)",89,227.526979264,M.EUR,total_industry_output
v3.10.2,2012,HRV,"Manufacture of medical, precision and optical instruments, watches and clocks (33)",89,0.0,M.EUR,total_industry_output
v3.10.2,2012,HUN,"Manufacture of medical, precision and optical instruments, watches and clocks (33)",89,135.978798119,M.EUR,total_industry_output
v3.10.2,2012,IRL,"Manufacture of medical, precision and optical instruments, watches and clocks (33)",89,5.53209114732,M.EUR,total_industry_output
v3.10.2,2012,ITA,"Manufacture of medical, precision and optical instruments, watches and clocks (33)",89,127.554936487,M.EUR,total_industry_output
v3.10.2,2012,LTU,"Manufacture of medical, precision and optical instruments, watches and clocks (33)",89,0.0,M.EUR,total_industry_output
v3.10.2,2012,LUX,"Manufacture of medical, precision and optical instruments, watches and clocks (33)",89,205.189217203,M.EUR,total_industry_output
v3.10.2,2012,LVA,"Manufacture of medical, precision and optical instruments, watches and clocks (33)",89,0.0,M.EUR,total_industry_output
v3.10.2,2012,MLT,"Manufacture of medical, precision and optical instruments, watches and clocks (33)",89,0.0,M.EUR,total_industry_output
v3.10.2,2012,NLD,"Manufacture of medical, precision and optical instruments, watches and clocks (33)",89,25.6569353623,M.EUR,total_industry_output
v3.10.2,2012,POL,"Manufacture of medical, precision and optical instruments, watches and clocks (33)",89,126.685286305,M.EUR,total_industry_output
v3.10.2,2012,PRT,"Manufacture of medical, precision and optical instruments, watches and clocks (33)",89,0.0,M.EUR,total_industry_output
v3.10.2,2012,ROU,"Manufacture of medical, precision and optical instruments, watches and clocks (33)",89,332.020659683,M.EUR,total_industry_output
v3.10.2,2012,SWE,"Manufacture of medical, precision and optical instruments, watches and clocks (33)",89,151.684374134,M.EUR,total_industry_output
v3.10.2,2012,SVN,"Manufacture of medical, precision and optical instruments, watches and clocks (33)",89,0.0,M.EUR,total_industry_output
v3.10.2,2012,SVK,"Manufacture of medical, precision and optical instruments, watches and clocks (33)",89,280.823137526,M.EUR,total_industry_output
v3.10.2,2012,GBR,"Manufacture of medical, precision and optical instruments, watches and clocks (33)",89,280.558565542,M.EUR,total_industry_output
v3.10.2,2012,USA,"Manufacture of medical, precision and optical instruments, watches and clocks (33)",89,13868.9552851,M.EUR,total_industry_output
v3.10.2,2012,JPN,"Manufacture of medical, precision and optical instruments, watches and clocks (33)",89,26494.6196561,M.EUR,total_industry_output
v3.10.2,2012,CHN,"Manufacture of medical, precision and optical instruments, watches and clocks (33)",89,34055.1400964,M.EUR,total_industry_output
v3.10.2,2012,CAN,"Manufacture of medical, precision and optical instruments, watches and clocks (33)",89,4269.39658466,M.EUR,total_industry_output
v3.10.2,2012,KOR,"Manufacture of medical, precision and optical instruments, watches and clocks (33)",89,6000.13750424,M.EUR,total_industry_output
v3.10.2,2012,BRA,"Manufacture of medical, precision and optical instruments, watches and clocks (33)",89,8163.29606381,M.EUR,total_industry_output
v3.10.2,2012,IND,"Manufacture of medical, precision and optical instruments, watches and clocks (33)",89,1537.09742486,M.EUR,total_industry_output
v3.10.2,2012,MEX,"Manufacture of medical, precision and optical instruments, watches and clocks (33)",89,4404.44580932,M.EUR,total_industry_output
v3.10.2,2012,RUS,"Manufacture of medical, precision and optical instruments, watches and clocks (33)",89,8411.71582861,M.EUR,total_industry_output
v3.10.2,2012,AUS,"Manufacture of medical, precision and optical instruments, watches and clocks (33)",89,3137.54343701,M.EUR,total_industry_output
v3.10.2,2012,CHE,"Manufacture of medical, precision and optical instruments, watches and clocks (33)",89,0.0,M.EUR,total_industry_output
v3.10.2,2012,TUR,"Manufacture of medical, precision and optical instruments, watches and clocks (33)",89,957.815948597,M.EUR,total_industry_output
v3.10.2,2012,TWN,"Manufacture of medical, precision and optical instruments, watches and clocks (33)",89,3694.83766389,M.EUR,total_industry_output
v3.10.2,2012,NOR,"Manufacture of medical, precision and optical instruments, watches and clocks (33)",89,23.9433387907,M.EUR,total_industry_output
v3.10.2,2012,IDN,"Manufacture of medical, precision and optical instruments, watches and clocks (33)",89,1257.97871071,M.EUR,total_industry_output
v3.10.2,2012,ZAF,"Manufacture of medical, precision and optical instruments, watches and clocks (33)",89,485.536774218,M.EUR,total_industry_output
v3.10.2,2012,WA,"Manufacture of medical, precision and optical instruments, watches and clocks (33)",89,7930.38732126,M.EUR,total_industry_output
v3.10.2,2012,WL,"Manufacture of medical, precision and optical instruments, watches and clocks (33)",89,9653.04512075,M.EUR,total_industry_output
v3.10.2,2012,WE,"Manufacture of medical, precision and optical instruments, watches and clocks (33)",89,2631.94364772,M.EUR,total_industry_output
v3.10.2,2012,WF,"Manufacture of medical, precision and optical instruments, watches and clocks (33)",89,3427.57560794,M.EUR,total_industry_output
v3.10.2,2012,WM,"Manufacture of medical, precision and optical instruments, watches and clocks (33)",89,8912.47103382,M.EUR,total_industry_output
v3.10.2,2013,AUT,"Manufacture of medical, precision and optical instruments, watches and clocks (33)",89,71.8359999989,M.EUR,total_industry_output
v3.10.2,2013,BEL,"Manufacture of medical, precision and optical instruments, watches and clocks (33)",89,0.0,M.EUR,total_industry_output
v3.10.2,2013,BGR,"Manufacture of medical, precision and optical instruments, watches and clocks (33)",89,0.0,M.EUR,total_industry_output
v3.10.2,2013,CYP,"Manufacture of medical, precision and optical instruments, watches and clocks (33)",89,0.0,M.EUR,total_industry_output
v3.10.2,2013,CZE,"Manufacture of medical, precision and optical instruments, watches and clocks (33)",89,66.6174001594,M.EUR,total_industry_output
v3.10.2,2013,DEU,"Manufacture of medical, precision and optical instruments, watches and clocks (33)",89,0.679931874336,M.EUR,total_industry_output
v3.10.2,2013,DNK,"Manufacture of medical, precision and optical instruments, watches and clocks (33)",89,0.0,M.EUR,total_industry_output
v3.10.2,2013,EST,"Manufacture of medical, precision and optical instruments, watches and clocks (33)",89,0.0,M.EUR,total_industry_output
v3.10.2,2013,ESP,"Manufacture of medical, precision and optical instruments, watches and clocks (33)",89,0.0,M.EUR,total_industry_output
v3.10.2,2013,FIN,"Manufacture of medical, precision and optical instruments, watches and clocks (33)",89,100.605855524,M.EUR,total_industry_output
v3.10.2,2013,FRA,"Manufacture of medical, precision and optical instruments, watches and clocks (33)",89,1096.29788602,M.EUR,total_industry_output
v3.10.2,2013,GRC,"Manufacture of medical, precision and optical instruments, watches and clocks (33)",89,192.633809269,M.EUR,total_industry_output
v3.10.2,2013,HRV,"Manufacture of medical, precision and optical instruments, watches and clocks (33)",89,0.0,M.EUR,total_industry_output
v3.10.2,2013,HUN,"Manufacture of medical, precision and optical instruments, watches and clocks (33)",89,0.0,M.EUR,total_industry_output
v3.10.2,2013,IRL,"Manufacture of medical, precision and optical instruments, watches and clocks (33)",89,0.0,M.EUR,total_industry_output
v3.10.2,2013,ITA,"Manufacture of medical, precision and optical instruments, watches and clocks (33)",89,627.634993505,M.EUR,total_industry_output
v3.10.2,2013,LTU,"Manufacture of medical, precision and optical instruments, watches and clocks (33)",89,0.0,M.EUR,total_industry_output
v3.10.2,2013,LUX,"Manufacture of medical, precision and optical instruments, watches and clocks (33)",89,207.704745829,M.EUR,total_industry_output
v3.10.2,2013,LVA,"Manufacture of medical, precision and optical instruments, watches and clocks (33)",89,0.0,M.EUR,total_industry_output
v3.10.2,2013,MLT,"Manufacture of medical, precision and optical instruments, watches and clocks (33)",89,0.0,M.EUR,total_industry_output
v3.10.2,2013,NLD,"Manufacture of medical, precision and optical instruments, watches and clocks (33)",89,147.499206091,M.EUR,total_industry_output
v3.10.2,2013,POL,"Manufacture of medical, precision and optical instruments, watches and clocks (33)",89,73.4478002138,M.EUR,total_industry_output
v3.10.2,2013,PRT,"Manufacture of medical, precision and optical instruments, watches and clocks (33)",89,0.0,M.EUR,total_industry_output
v3.10.2,2013,ROU,"Manufacture of medical, precision and optical instruments, watches and clocks (33)",89,0.0,M.EUR,total_industry_output
v3.10.2,2013,SWE,"Manufacture of medical, precision and optical instruments, watches and clocks (33)",89,0.0,M.EUR,total_industry_output
v3.10.2,2013,SVN,"Manufacture of medical, precision and optical instruments, watches and clocks (33)",89,0.0,M.EUR,total_industry_output
v3.10.2,2013,SVK,"Manufacture of medical, precision and optical instruments, watches and clocks (33)",89,0.0,M.EUR,total_industry_output
v3.10.2,2013,GBR,"Manufacture of medical, precision and optical instruments, watches and clocks (33)",89,2.38480157971,M.EUR,total_industry_output
v3.10.2,2013,USA,"Manufacture of medical, precision and optical instruments, watches and clocks (33)",89,6558.8275259,M.EUR,total_industry_output
v3.10.2,2013,JPN,"Manufacture of medical, precision and optical instruments, watches and clocks (33)",89,22141.3021192,M.EUR,total_industry_output
v3.10.2,2013,CHN,"Manufacture of medical, precision and optical instruments, watches and clocks (33)",89,38064.6210757,M.EUR,total_industry_output
v3.10.2,2013,CAN,"Manufacture of medical, precision and optical instruments, watches and clocks (33)",89,3501.67039264,M.EUR,total_industry_output
v3.10.2,2013,KOR,"Manufacture of medical, precision and optical instruments, watches and clocks (33)",89,5602.93704935,M.EUR,total_industry_output
v3.10.2,2013,BRA,"Manufacture of medical, precision and optical instruments, watches and clocks (33)",89,7395.70716545,M.EUR,total_industry_output
v3.10.2,2013,IND,"Manufacture of medical, precision and optical instruments, watches and clocks (33)",89,1351.00775864,M.EUR,total_industry_output
v3.10.2,2013,MEX,"Manufacture of medical, precision and optical instruments, watches and clocks (33)",89,4153.18143411,M.EUR,total_industry_output
v3.10.2,2013,RUS,"Manufacture of medical, precision and optical instruments, watches and clocks (33)",89,8283.88792415,M.EUR,total_industry_output
v3.10.2,2013,AUS,"Manufacture of medical, precision and optical instruments, watches and clocks (33)",89,2985.97264428,M.EUR,total_industry_output
v3.10.2,2013,CHE,"Manufacture of medical, precision and optical instruments, watches and clocks (33)",89,0.0,M.EUR,total_industry_output
v3.10.2,2013,TUR,"Manufacture of medical, precision and optical instruments, watches and clocks (33)",89,1432.24563647,M.EUR,total_industry_output
v3.10.2,2013,TWN,"Manufacture of medical, precision and optical instruments, watches and clocks (33)",89,3798.14446271,M.EUR,total_industry_output
v3.10.2,2013,NOR,"Manufacture of medical, precision and optical instruments, watches and clocks (33)",89,0.0,M.EUR,total_industry_output
v3.10.2,2013,IDN,"Manufacture of medical, precision and optical instruments, watches and clocks (33)",89,1204.33766121,M.EUR,total_industry_output
v3.10.2,2013,ZAF,"Manufacture of medical, precision and optical instruments, watches and clocks (33)",89,328.400096809,M.EUR,total_industry_output
v3.10.2,2013,WA,"Manufacture of medical, precision and optical instruments, watches and clocks (33)",89,8163.81877462,M.EUR,total_industry_output
v3.10.2,2013,WL,"Manufacture of medical, precision and optical instruments, watches and clocks (33)",89,9497.40638793,M.EUR,total_industry_output
v3.10.2,2013,WE,"Manufacture of medical, precision and optical instruments, watches and clocks (33)",89,2119.90204508,M.EUR,total_industry_output
v3.10.2,2013,WF,"Manufacture of medical, precision and optical instruments, watches and clocks (33)",89,1833.95126264,M.EUR,total_industry_output
v3.10.2,2013,WM,"Manufacture of medical, precision and optical instruments, watches and clocks (33)",89,10307.0781083,M.EUR,total_industry_output
v3.10.2,2014,AUT,"Manufacture of medical, precision and optical instruments, watches and clocks (33)",89,0.0,M.EUR,total_industry_output
v3.10.2,2014,BEL,"Manufacture of medical, precision and optical instruments, watches and clocks (33)",89,0.0,M.EUR,total_industry_output
v3.10.2,2014,BGR,"Manufacture of medical, precision and optical instruments, watches and clocks (33)",89,0.0,M.EUR,total_industry_output
v3.10.2,2014,CYP,"Manufacture of medical, precision and optical instruments, watches and clocks (33)",89,0.0,M.EUR,total_industry_output
v3.10.2,2014,CZE,"Manufacture of medical, precision and optical instruments, watches and clocks (33)",89,0.0,M.EUR,total_industry_output
v3.10.2,2014,DEU,"Manufacture of medical, precision and optical instruments, watches and clocks (33)",89,22.264418901,M.EUR,total_industry_output
v3.10.2,2014,DNK,"Manufacture of medical, precision and optical instruments, watches and clocks (33)",89,0.0,M.EUR,total_industry_output
v3.10.2,2014,EST,"Manufacture of medical, precision and optical instruments, watches and clocks (33)",89,0.0,M.EUR,total_industry_output
v3.10.2,2014,ESP,"Manufacture of medical, precision and optical instruments, watches and clocks (33)",89,0.0,M.EUR,total_industry_output
v3.10.2,2014,FIN,"Manufacture of medical, precision and optical instruments, watches and clocks (33)",89,0.0,M.EUR,total_industry_output
v3.10.2,2014,FRA,"Manufacture of medical, precision and optical instruments, watches and clocks (33)",89,653.601711399,M.EUR,total_industry_output
v3.10.2,2014,GRC,"Manufacture of medical, precision and optical instruments, watches and clocks (33)",89,203.671541914,M.EUR,total_industry_output
v3.10.2,2014,HRV,"Manufacture of medical, precision and optical instruments, watches and clocks (33)",89,0.0,M.EUR,total_industry_output
v3.10.2,2014,HUN,"Manufacture of medical, precision and optical instruments, watches and clocks (33)",89,0.0,M.EUR,total_industry_output
v3.10.2,2014,IRL,"Manufacture of medical, precision and optical instruments, watches and clocks (33)",89,0.0,M.EUR,total_industry_output
v3.10.2,2014,ITA,"Manufacture of medical, precision and optical instruments, watches and clocks (33)",89,11.7634210523,M.EUR,total_industry_output
v3.10.2,2014,LTU,"Manufacture of medical, precision and optical instruments, watches and clocks (33)",89,0.0,M.EUR,total_industry_output
v3.10.2,2014,LUX,"Manufacture of medical, precision and optical instruments, watches and clocks (33)",89,210.895716133,M.EUR,total_industry_output
v3.10.2,2014,LVA,"Manufacture of medical, precision and optical instruments, watches and clocks (33)",89,0.0,M.EUR,total_industry_output
v3.10.2,2014,MLT,"Manufacture of medical, precision and optical instruments, watches and clocks (33)",89,0.0,M.EUR,total_industry_output
v3.10.2,2014,NLD,"Manufacture of medical, precision and optical instruments, watches and clocks (33)",89,0.0,M.EUR,total_industry_output
v3.10.2,2014,POL,"Manufacture of medical, precision and optical instruments, watches and clocks (33)",89,0.0,M.EUR,total_industry_output
v3.10.2,2014,PRT,"Manufacture of medical, precision and optical instruments, watches and clocks (33)",89,0.0,M.EUR,total_industry_output
v3.10.2,2014,ROU,"Manufacture of medical, precision and optical instruments, watches and clocks (33)",89,0.0,M.EUR,total_industry_output
v3.10.2,2014,SWE,"Manufacture of medical, precision and optical instruments, watches and clocks (33)",89,0.0,M.EUR,total_industry_output
v3.10.2,2014,SVN,"Manufacture of medical, precision and optical instruments, watches and clocks (33)",89,0.0,M.EUR,total_industry_output
v3.10.2,2014,SVK,"Manufacture of medical, precision and optical instruments, watches and clocks (33)",89,0.0,M.EUR,total_industry_output
v3.10.2,2014,GBR,"Manufacture of medical, precision and optical instruments, watches and clocks (33)",89,8.54734927558,M.EUR,total_industry_output
v3.10.2,2014,USA,"Manufacture of medical, precision and optical instruments, watches and clocks (33)",89,9438.54618995,M.EUR,total_industry_output
v3.10.2,2014,JPN,"Manufacture of medical, precision and optical instruments, watches and clocks (33)",89,22710.000861,M.EUR,total_industry_output
v3.10.2,2014,CHN,"Manufacture of medical, precision and optical instruments, watches and clocks (33)",89,43914.1358006,M.EUR,total_industry_output
v3.10.2,2014,CAN,"Manufacture of medical, precision and optical instruments, watches and clocks (33)",89,3118.512648,M.EUR,total_industry_output
v3.10.2,2014,KOR,"Manufacture of medical, precision and optical instruments, watches and clocks (33)",89,6269.18084312,M.EUR,total_industry_output
v3.10.2,2014,BRA,"Manufacture of medical, precision and optical instruments, watches and clocks (33)",89,8625.99459812,M.EUR,total_industry_output
v3.10.2,2014,IND,"Manufacture of medical, precision and optical instruments, watches and clocks (33)",89,1410.26836354,M.EUR,total_industry_output
v3.10.2,2014,MEX,"Manufacture of medical, precision and optical instruments, watches and clocks (33)",89,4171.57547538,M.EUR,total_industry_output
v3.10.2,2014,RUS,"Manufacture of medical, precision and optical instruments, watches and clocks (33)",89,8081.2537119,M.EUR,total_industry_output
v3.10.2,2014,AUS,"Manufacture of medical, precision and optical instruments, watches and clocks (33)",89,2232.45648447,M.EUR,total_industry_output
v3.10.2,2014,CHE,"Manufacture of medical, precision and optical instruments, watches and clocks (33)",89,0.0,M.EUR,total_industry_output
v3.10.2,2014,TUR,"Manufacture of medical, precision and optical instruments, watches and clocks (33)",89,1373.30984693,M.EUR,total_industry_output
v3.10.2,2014,TWN,"Manufacture of medical, precision and optical instruments, watches and clocks (33)",89,4208.62316785,M.EUR,total_industry_output
v3.10.2,2014,NOR,"Manufacture of medical, precision and optical instruments, watches and clocks (33)",89,0.0,M.EUR,total_industry_output
v3.10.2,2014,IDN,"Manufacture of medical, precision and optical instruments, watches and clocks (33)",89,1158.93516904,M.EUR,total_industry_output
v3.10.2,2014,ZAF,"Manufacture of medical, precision and optical instruments, watches and clocks (33)",89,316.788630047,M.EUR,total_industry_output
v3.10.2,2014,WA,"Manufacture of medical, precision and optical instruments, watches and clocks (33)",89,8374.64980681,M.EUR,total_industry_output
v3.10.2,2014,WL,"Manufacture of medical, precision and optical instruments, watches and clocks (33)",89,13143.924472,M.EUR,total_industry_output
v3.10.2,2014,WE,"Manufacture of medical, precision and optical instruments, watches and clocks (33)",89,1975.88538446,M.EUR,total_industry_output
v3.10.2,2014,WF,"Manufacture of medical, precision and optical instruments, watches and clocks (33)",89,3973.13493056,M.EUR,total_industry_output
v3.10.2,2014,WM,"Manufacture of medical, precision and optical instruments, watches and clocks (33)",89,7644.32729157,M.EUR,total_industry_output
v3.10.2,2015,AUT,"Manufacture of medical, precision and optical instruments, watches and clocks (33)",89,0.0,M.EUR,total_industry_output
v3.10.2,2015,BEL,"Manufacture of medical, precision and optical instruments, watches and clocks (33)",89,0.0,M.EUR,total_industry_output
v3.10.2,2015,BGR,"Manufacture of medical, precision and optical instruments, watches and clocks (33)",89,0.0,M.EUR,total_industry_output
v3.10.2,2015,CYP,"Manufacture of medical, precision and optical instruments, watches and clocks (33)",89,0.0,M.EUR,total_industry_output
v3.10.2,2015,CZE,"Manufacture of medical, precision and optical instruments, watches and clocks (33)",89,0.0,M.EUR,total_industry_output
v3.10.2,2015,DEU,"Manufacture of medical, precision and optical instruments, watches and clocks (33)",89,5.65572235398,M.EUR,total_industry_output
v3.10.2,2015,DNK,"Manufacture of medical, precision and optical instruments, watches and clocks (33)",89,0.0,M.EUR,total_industry_output
v3.10.2,2015,EST,"Manufacture of medical, precision and optical instruments, watches and clocks (33)",89,0.0,M.EUR,total_industry_output
v3.10.2,2015,ESP,"Manufacture of medical, precision and optical instruments, watches and clocks (33)",89,0.0,M.EUR,total_industry_output
v3.10.2,2015,FIN,"Manufacture of medical, precision and optical instruments, watches and clocks (33)",89,0.0,M.EUR,total_industry_output
v3.10.2,2015,FRA,"Manufacture of medical, precision and optical instruments, watches and clocks (33)",89,0.0,M.EUR,total_industry_output
v3.10.2,2015,GRC,"Manufacture of medical, precision and optical instruments, watches and clocks (33)",89,186.435291291,M.EUR,total_industry_output
v3.10.2,2015,HRV,"Manufacture of medical, precision and optical instruments, watches and clocks (33)",89,0.0,M.EUR,total_industry_output
v3.10.2,2015,HUN,"Manufacture of medical, precision and optical instruments, watches and clocks (33)",89,0.0,M.EUR,total_industry_output
v3.10.2,2015,IRL,"Manufacture of medical, precision and optical instruments, watches and clocks (33)",89,0.0,M.EUR,total_industry_output
v3.10.2,2015,ITA,"Manufacture of medical, precision and optical instruments, watches and clocks (33)",89,106.609356728,M.EUR,total_industry_output
v3.10.2,2015,LTU,"Manufacture of medical, precision and optical instruments, watches and clocks (33)",89,0.0,M.EUR,total_industry_output
v3.10.2,2015,LUX,"Manufacture of medical, precision and optical instruments, watches and clocks (33)",89,178.486446908,M.EUR,total_industry_output
v3.10.2,2015,LVA,"Manufacture of medical, precision and optical instruments, watches and clocks (33)",89,0.0,M.EUR,total_industry_output
v3.10.2,2015,MLT,"Manufacture of medical, precision and optical instruments, watches and clocks (33)",89,0.0,M.EUR,total_industry_output
v3.10.2,2015,NLD,"Manufacture of medical, precision and optical instruments, watches and clocks (33)",89,0.0,M.EUR,total_industry_output
v3.10.2,2015,POL,"Manufacture of medical, precision and optical instruments, watches and clocks (33)",89,0.0,M.EUR,total_industry_output
v3.10.2,2015,PRT,"Manufacture of medical, precision and optical instruments, watches and clocks (33)",89,0.0,M.EUR,total_industry_output
v3.10.2,2015,ROU,"Manufacture of medical, precision and optical instruments, watches and clocks (33)",89,0.0,M.EUR,total_industry_output
v3.10.2,2015,SWE,"Manufacture of medical, precision and optical instruments, watches and clocks (33)",89,0.0,M.EUR,total_industry_output
v3.10.2,2015,SVN,"Manufacture of medical, precision and optical instruments, watches and clocks (33)",89,0.0,M.EUR,total_industry_output
v3.10.2,2015,SVK,"Manufacture of medical, precision and optical instruments, watches and clocks (33)",89,0.0,M.EUR,total_industry_output
v3.10.2,2015,GBR,"Manufacture of medical, precision and optical instruments, watches and clocks (33)",89,12.3839513777,M.EUR,total_industry_output
v3.10.2,2015,USA,"Manufacture of medical, precision and optical instruments, watches and clocks (33)",89,7471.16912402,M.EUR,total_industry_output
v3.10.2,2015,JPN,"Manufacture of medical, precision and optical instruments, watches and clocks (33)",89,20411.5546194,M.EUR,total_industry_output
v3.10.2,2015,CHN,"Manufacture of medical, precision and optical instruments, watches and clocks (33)",89,49649.8772318,M.EUR,total_industry_output
v3.10.2,2015,CAN,"Manufacture of medical, precision and optical instruments, watches and clocks (33)",89,3209.34895071,M.EUR,total_industry_output
v3.10.2,2015,KOR,"Manufacture of medical, precision and optical instruments, watches and clocks (33)",89,6422.70848747,M.EUR,total_industry_output
v3.10.2,2015,BRA,"Manufacture of medical, precision and optical instruments, watches and clocks (33)",89,6669.5292986,M.EUR,total_industry_output
v3.10.2,2015,IND,"Manufacture of medical, precision and optical instruments, watches and clocks (33)",89,1833.56671446,M.EUR,total_industry_output
v3.10.2,2015,MEX,"Manufacture of medical, precision and optical instruments, watches and clocks (33)",89,5446.3664147,M.EUR,total_industry_output
v3.10.2,2015,RUS,"Manufacture of medical, precision and optical instruments, watches and clocks (33)",89,5054.3892988,M.EUR,total_industry_output
v3.10.2,2015,AUS,"Manufacture of medical, precision and optical instruments, watches and clocks (33)",89,3553.28167483,M.EUR,total_industry_output
v3.10.2,2015,CHE,"Manufacture of medical, precision and optical instruments, watches and clocks (33)",89,0.0,M.EUR,total_industry_output
v3.10.2,2015,TUR,"Manufacture of medical, precision and optical instruments, watches and clocks (33)",89,1284.6284895,M.EUR,total_industry_output
v3.10.2,2015,TWN,"Manufacture of medical, precision and optical instruments, watches and clocks (33)",89,5118.30301044,M.EUR,total_industry_output
v3.10.2,2015,NOR,"Manufacture of medical, precision and optical instruments, watches and clocks (33)",89,0.0,M.EUR,total_industry_output
v3.10.2,2015,IDN,"Manufacture of medical, precision and optical instruments, watches and clocks (33)",89,1333.26347356,M.EUR,total_industry_output
v3.10.2,2015,ZAF,"Manufacture of medical, precision and optical instruments, watches and clocks (33)",89,329.989568634,M.EUR,total_industry_output
v3.10.2,2015,WA,"Manufacture of medical, precision and optical instruments, watches and clocks (33)",89,9536.46870776,M.EUR,total_industry_output
v3.10.2,2015,WL,"Manufacture of medical, precision and optical instruments, watches and clocks (33)",89,11221.1731306,M.EUR,total_industry_output
v3.10.2,2015,WE,"Manufacture of medical, precision and optical instruments, watches and clocks (33)",89,1552.16443391,M.EUR,total_industry_output
v3.10.2,2015,WF,"Manufacture of medical, precision and optical instruments, watches and clocks (33)",89,3555.41676665,M.EUR,total_industry_output
v3.10.2,2015,WM,"Manufacture of medical, precision and optical instruments, watches and clocks (33)",89,9638.93133232,M.EUR,total_industry_output
v3.10.2,2016,AUT,"Manufacture of medical, precision and optical instruments, watches and clocks (33)",89,0.0,M.EUR,total_industry_output
v3.10.2,2016,BEL,"Manufacture of medical, precision and optical instruments, watches and clocks (33)",89,0.0,M.EUR,total_industry_output
v3.10.2,2016,BGR,"Manufacture of medical, precision and optical instruments, watches and clocks (33)",89,0.0,M.EUR,total_industry_output
v3.10.2,2016,CYP,"Manufacture of medical, precision and optical instruments, watches and clocks (33)",89,0.0,M.EUR,total_industry_output
v3.10.2,2016,CZE,"Manufacture of medical, precision and optical instruments, watches and clocks (33)",89,0.0,M.EUR,total_industry_output
v3.10.2,2016,DEU,"Manufacture of medical, precision and optical instruments, watches and clocks (33)",89,4.6367073868,M.EUR,total_industry_output
v3.10.2,2016,DNK,"Manufacture of medical, precision and optical instruments, watches and clocks (33)",89,0.0,M.EUR,total_industry_output
v3.10.2,2016,EST,"Manufacture of medical, precision and optical instruments, watches and clocks (33)",89,0.0,M.EUR,total_industry_output
v3.10.2,2016,ESP,"Manufacture of medical, precision and optical instruments, watches and clocks (33)",89,0.0,M.EUR,total_industry_output
v3.10.2,2016,FIN,"Manufacture of medical, precision and optical instruments, watches and clocks (33)",89,0.0,M.EUR,total_industry_output
v3.10.2,2016,FRA,"Manufacture of medical, precision and optical instruments, watches and clocks (33)",89,0.0,M.EUR,total_industry_output
v3.10.2,2016,GRC,"Manufacture of medical, precision and optical instruments, watches and clocks (33)",89,194.130631716,M.EUR,total_industry_output
v3.10.2,2016,HRV,"Manufacture of medical, precision and optical instruments, watches and clocks (33)",89,0.0,M.EUR,total_industry_output
v3.10.2,2016,HUN,"Manufacture of medical, precision and optical instruments, watches and clocks (33)",89,0.0,M.EUR,total_industry_output
v3.10.2,2016,IRL,"Manufacture of medical, precision and optical instruments, watches and clocks (33)",89,0.0,M.EUR,total_industry_output
v3.10.2,2016,ITA,"Manufacture of medical, precision and optical instruments, watches and clocks (33)",89,0.0,M.EUR,total_industry_output
v3.10.2,2016,LTU,"Manufacture of medical, precision and optical instruments, watches and clocks (33)",89,0.0,M.EUR,total_industry_output
v3.10.2,2016,LUX,"Manufacture of medical, precision and optical instruments, watches and clocks (33)",89,163.815836624,M.EUR,total_industry_output
v3.10.2,2016,LVA,"Manufacture of medical, precision and optical instruments, watches and clocks (33)",89,0.0,M.EUR,total_industry_output
v3.10.2,2016,MLT,"Manufacture of medical, precision and optical instruments, watches and clocks (33)",89,0.0,M.EUR,total_industry_output
v3.10.2,2016,NLD,"Manufacture of medical, precision and optical instruments, watches and clocks (33)",89,0.0,M.EUR,total_industry_output
v3.10.2,2016,POL,"Manufacture of medical, precision and optical instruments, watches and clocks (33)",89,0.0,M.EUR,total_industry_output
v3.10.2,2016,PRT,"Manufacture of medical, precision and optical instruments, watches and clocks (33)",89,0.0,M.EUR,total_industry_output
v3.10.2,2016,ROU,"Manufacture of medical, precision and optical instruments, watches and clocks (33)",89,0.0,M.EUR,total_industry_output
v3.10.2,2016,SWE,"Manufacture of medical, precision and optical instruments, watches and clocks (33)",89,0.0,M.EUR,total_industry_output
v3.10.2,2016,SVN,"Manufacture of medical, precision and optical instruments, watches and clocks (33)",89,0.0,M.EUR,total_industry_output
v3.10.2,2016,SVK,"Manufacture of medical, precision and optical instruments, watches and clocks (33)",89,0.0,M.EUR,total_industry_output
v3.10.2,2016,GBR,"Manufacture of medical, precision and optical instruments, watches and clocks (33)",89,10.0495808736,M.EUR,total_industry_output
v3.10.2,2016,USA,"Manufacture of medical, precision and optical instruments, watches and clocks (33)",89,10000.2825063,M.EUR,total_industry_output
v3.10.2,2016,JPN,"Manufacture of medical, precision and optical instruments, watches and clocks (33)",89,24571.5739495,M.EUR,total_industry_output
v3.10.2,2016,CHN,"Manufacture of medical, precision and optical instruments, watches and clocks (33)",89,46385.0265276,M.EUR,total_industry_output
v3.10.2,2016,CAN,"Manufacture of medical, precision and optical instruments, watches and clocks (33)",89,4778.20871427,M.EUR,total_industry_output
v3.10.2,2016,KOR,"Manufacture of medical, precision and optical instruments, watches and clocks (33)",89,6531.61911528,M.EUR,total_industry_output
v3.10.2,2016,BRA,"Manufacture of medical, precision and optical instruments, watches and clocks (33)",89,6273.39215661,M.EUR,total_industry_output
v3.10.2,2016,IND,"Manufacture of medical, precision and optical instruments, watches and clocks (33)",89,2158.58892966,M.EUR,total_industry_output
v3.10.2,2016,MEX,"Manufacture of medical, precision and optical instruments, watches and clocks (33)",89,4438.79776604,M.EUR,total_industry_output
v3.10.2,2016,RUS,"Manufacture of medical, precision and optical instruments, watches and clocks (33)",89,9846.77328203,M.EUR,total_industry_output
v3.10.2,2016,AUS,"Manufacture of medical, precision and optical instruments, watches and clocks (33)",89,2526.80678718,M.EUR,total_industry_output
v3.10.2,2016,CHE,"Manufacture of medical, precision and optical instruments, watches and clocks (33)",89,0.0,M.EUR,total_industry_output
v3.10.2,2016,TUR,"Manufacture of medical, precision and optical instruments, watches and clocks (33)",89,1553.31757449,M.EUR,total_industry_output
v3.10.2,2016,TWN,"Manufacture of medical, precision and optical instruments, watches and clocks (33)",89,5536.32814886,M.EUR,total_industry_output
v3.10.2,2016,NOR,"Manufacture of medical, precision and optical instruments, watches and clocks (33)",89,0.0,M.EUR,total_industry_output
v3.10.2,2016,IDN,"Manufacture of medical, precision and optical instruments, watches and clocks (33)",89,1430.30694707,M.EUR,total_industry_output
v3.10.2,2016,ZAF,"Manufacture of medical, precision and optical instruments, watches and clocks (33)",89,297.710137925,M.EUR,total_industry_output
v3.10.2,2016,WA,"Manufacture of medical, precision and optical instruments, watches and clocks (33)",89,10283.3433449,M.EUR,total_industry_output
v3.10.2,2016,WL,"Manufacture of medical, precision and optical instruments, watches and clocks (33)",89,11075.9558585,M.EUR,total_industry_output
v3.10.2,2016,WE,"Manufacture of medical, precision and optical instruments, watches and clocks (33)",89,801.28240686,M.EUR,total_industry_output
v3.10.2,2016,WF,"Manufacture of medical, precision and optical instruments, watches and clocks (33)",89,3462.77798876,M.EUR,total_industry_output
v3.10.2,2016,WM,"Manufacture of medical, precision and optical instruments, watches and clocks (33)",89,7786.10932605,M.EUR,total_industry_output
v3.10.2,2017,AUT,"Manufacture of medical, precision and optical instruments, watches and clocks (33)",89,0.0,M.EUR,total_industry_output
v3.10.2,2017,BEL,"Manufacture of medical, precision and optical instruments, watches and clocks (33)",89,0.0,M.EUR,total_industry_output
v3.10.2,2017,BGR,"Manufacture of medical, precision and optical instruments, watches and clocks (33)",89,0.0,M.EUR,total_industry_output
v3.10.2,2017,CYP,"Manufacture of medical, precision and optical instruments, watches and clocks (33)",89,0.0,M.EUR,total_industry_output
v3.10.2,2017,CZE,"Manufacture of medical, precision and optical instruments, watches and clocks (33)",89,0.0,M.EUR,total_industry_output
v3.10.2,2017,DEU,"Manufacture of medical, precision and optical instruments, watches and clocks (33)",89,26.5672547956,M.EUR,total_industry_output
v3.10.2,2017,DNK,"Manufacture of medical, precision and optical instruments, watches and clocks (33)",89,0.0,M.EUR,total_industry_output
v3.10.2,2017,EST,"Manufacture of medical, precision and optical instruments, watches and clocks (33)",89,0.0,M.EUR,total_industry_output
v3.10.2,2017,ESP,"Manufacture of medical, precision and optical instruments, watches and clocks (33)",89,0.0,M.EUR,total_industry_output
v3.10.2,2017,FIN,"Manufacture of medical, precision and optical instruments, watches and clocks (33)",89,0.0,M.EUR,total_industry_output
v3.10.2,2017,FRA,"Manufacture of medical, precision and optical instruments, watches and clocks (33)",89,0.0,M.EUR,total_industry_output
v3.10.2,2017,GRC,"Manufacture of medical, precision and optical instruments, watches and clocks (33)",89,178.286469511,M.EUR,total_industry_output
v3.10.2,2017,HRV,"Manufacture of medical, precision and optical instruments, watches and clocks (33)",89,0.0,M.EUR,total_industry_output
v3.10.2,2017,HUN,"Manufacture of medical, precision and optical instruments, watches and clocks (33)",89,0.0,M.EUR,total_industry_output
v3.10.2,2017,IRL,"Manufacture of medical, precision and optical instruments, watches and clocks (33)",89,0.0,M.EUR,total_industry_output
v3.10.2,2017,ITA,"Manufacture of medical, precision and optical instruments, watches and clocks (33)",89,0.0,M.EUR,total_industry_output
v3.10.2,2017,LTU,"Manufacture of medical, precision and optical instruments, watches and clocks (33)",89,0.0,M.EUR,total_industry_output
v3.10.2,2017,LUX,"Manufacture of medical, precision and optical instruments, watches and clocks (33)",89,212.584906811,M.EUR,total_industry_output
v3.10.2,2017,LVA,"Manufacture of medical, precision and optical instruments, watches and clocks (33)",89,0.0,M.EUR,total_industry_output
v3.10.2,2017,MLT,"Manufacture of medical, precision and optical instruments, watches and clocks (33)",89,0.0,M.EUR,total_industry_output
v3.10.2,2017,NLD,"Manufacture of medical, precision and optical instruments, watches and clocks (33)",89,0.0,M.EUR,total_industry_output
v3.10.2,2017,POL,"Manufacture of medical, precision and optical instruments, watches and clocks (33)",89,0.0,M.EUR,total_industry_output
v3.10.2,2017,PRT,"Manufacture of medical, precision and optical instruments, watches and clocks (33)",89,0.0,M.EUR,total_industry_output
v3.10.2,2017,ROU,"Manufacture of medical, precision and optical instruments, watches and clocks (33)",89,0.0,M.EUR,total_industry_output
v3.10.2,2017,SWE,"Manufacture of medical, precision and optical instruments, watches and clocks (33)",89,0.0,M.EUR,total_industry_output
v3.10.2,2017,SVN,"Manufacture of medical, precision and optical instruments, watches and clocks (33)",89,0.0,M.EUR,total_industry_output
v3.10.2,2017,SVK,"Manufacture of medical, precision and optical instruments, watches and clocks (33)",89,0.0,M.EUR,total_industry_output
v3.10.2,2017,GBR,"Manufacture of medical, precision and optical instruments, watches and clocks (33)",89,0.0,M.EUR,total_industry_output
v3.10.2,2017,USA,"Manufacture of medical, precision and optical instruments, watches and clocks (33)",89,7508.68582482,M.EUR,total_industry_output
v3.10.2,2017,JPN,"Manufacture of medical, precision and optical instruments, watches and clocks (33)",89,26748.0855267,M.EUR,total_industry_output
v3.10.2,2017,CHN,"Manufacture of medical, precision and optical instruments, watches and clocks (33)",89,51978.7240406,M.EUR,total_industry_output
v3.10.2,2017,CAN,"Manufacture of medical, precision and optical instruments, watches and clocks (33)",89,4727.58473112,M.EUR,total_industry_output
v3.10.2,2017,KOR,"Manufacture of medical, precision and optical instruments, watches and clocks (33)",89,8734.67322187,M.EUR,total_industry_output
v3.10.2,2017,BRA,"Manufacture of medical, precision and optical instruments, watches and clocks (33)",89,8121.61068829,M.EUR,total_industry_output
v3.10.2,2017,IND,"Manufacture of medical, precision and optical instruments, watches and clocks (33)",89,2003.92167285,M.EUR,total_industry_output
v3.10.2,2017,MEX,"Manufacture of medical, precision and optical instruments, watches and clocks (33)",89,4662.26054443,M.EUR,total_industry_output
v3.10.2,2017,RUS,"Manufacture of medical, precision and optical instruments, watches and clocks (33)",89,8090.52029432,M.EUR,total_industry_output
v3.10.2,2017,AUS,"Manufacture of medical, precision and optical instruments, watches and clocks (33)",89,2167.44187768,M.EUR,total_industry_output
v3.10.2,2017,CHE,"Manufacture of medical, precision and optical instruments, watches and clocks (33)",89,0.0,M.EUR,total_industry_output
v3.10.2,2017,TUR,"Manufacture of medical, precision and optical instruments, watches and clocks (33)",89,1319.00563798,M.EUR,total_industry_output
v3.10.2,2017,TWN,"Manufacture of medical, precision and optical instruments, watches and clocks (33)",89,5915.46889459,M.EUR,total_industry_output
v3.10.2,2017,NOR,"Manufacture of medical, precision and optical instruments, watches and clocks (33)",89,0.0,M.EUR,total_industry_output
v3.10.2,2017,IDN,"Manufacture of medical, precision and optical instruments, watches and clocks (33)",89,1920.03121044,M.EUR,total_industry_output
v3.10.2,2017,ZAF,"Manufacture of medical, precision and optical instruments, watches and clocks (33)",89,330.204494374,M.EUR,total_industry_output
v3.10.2,2017,WA,"Manufacture of medical, precision and optical instruments, watches and clocks (33)",89,10917.6511906,M.EUR,total_industry_output
v3.10.2,2017,WL,"Manufacture of medical, precision and optical instruments, watches and clocks (33)",89,11855.6120804,M.EUR,total_industry_output
v3.10.2,2017,WE,"Manufacture of medical, precision and optical instruments, watches and clocks (33)",89,2333.18082756,M.EUR,total_industry_output
v3.10.2,2017,WF,"Manufacture of medical, precision and optical instruments, watches and clocks (33)",89,2622.94048694,M.EUR,total_industry_output
v3.10.2,2017,WM,"Manufacture of medical, precision and optical instruments, watches and clocks (33)",89,9045.12523914,M.EUR,total_industry_output
v3.10.2,2018,AUT,"Manufacture of medical, precision and optical instruments, watches and clocks (33)",89,0.0,M.EUR,total_industry_output
v3.10.2,2018,BEL,"Manufacture of medical, precision and optical instruments, watches and clocks (33)",89,0.0,M.EUR,total_industry_output
v3.10.2,2018,BGR,"Manufacture of medical, precision and optical instruments, watches and clocks (33)",89,0.0,M.EUR,total_industry_output
v3.10.2,2018,CYP,"Manufacture of medical, precision and optical instruments, watches and clocks (33)",89,2.07622466609e-05,M.EUR,total_industry_output
v3.10.2,2018,CZE,"Manufacture of medical, precision and optical instruments, watches and clocks (33)",89,0.0,M.EUR,total_industry_output
v3.10.2,2018,DEU,"Manufacture of medical, precision and optical instruments, watches and clocks (33)",89,0.0,M.EUR,total_industry_output
v3.10.2,2018,DNK,"Manufacture of medical, precision and optical instruments, watches and clocks (33)",89,0.0,M.EUR,total_industry_output
v3.10.2,2018,EST,"Manufacture of medical, precision and optical instruments, watches and clocks (33)",89,0.0,M.EUR,total_industry_output
v3.10.2,2018,ESP,"Manufacture of medical, precision and optical instruments, watches and clocks (33)",89,0.0,M.EUR,total_industry_output
v3.10.2,2018,FIN,"Manufacture of medical, precision and optical instruments, watches and clocks (33)",89,0.0,M.EUR,total_industry_output
v3.10.2,2018,FRA,"Manufacture of medical, precision and optical instruments, watches and clocks (33)",89,0.0,M.EUR,total_industry_output
v3.10.2,2018,GRC,"Manufacture of medical, precision and optical instruments, watches and clocks (33)",89,188.062049459,M.EUR,total_industry_output
v3.10.2,2018,HRV,"Manufacture of medical, precision and optical instruments, watches and clocks (33)",89,0.0,M.EUR,total_industry_output
v3.10.2,2018,HUN,"Manufacture of medical, precision and optical instruments, watches and clocks (33)",89,0.0,M.EUR,total_industry_output
v3.10.2,2018,IRL,"Manufacture of medical, precision and optical instruments, watches and clocks (33)",89,0.0,M.EUR,total_industry_output
v3.10.2,2018,ITA,"Manufacture of medical, precision and optical instruments, watches and clocks (33)",89,0.0,M.EUR,total_industry_output
v3.10.2,2018,LTU,"Manufacture of medical, precision and optical instruments, watches and clocks (33)",89,0.0,M.EUR,total_industry_output
v3.10.2,2018,LUX,"Manufacture of medical, precision and optical instruments, watches and clocks (33)",89,206.024809397,M.EUR,total_industry_output
v3.10.2,2018,LVA,"Manufacture of medical, precision and optical instruments, watches and clocks (33)",89,0.0,M.EUR,total_industry_output
v3.10.2,2018,MLT,"Manufacture of medical, precision and optical instruments, watches and clocks (33)",89,0.0,M.EUR,total_industry_output
v3.10.2,2018,NLD,"Manufacture of medical, precision and optical instruments, watches and clocks (33)",89,0.0,M.EUR,total_industry_output
v3.10.2,2018,POL,"Manufacture of medical, precision and optical instruments, watches and clocks (33)",89,0.0,M.EUR,total_industry_output
v3.10.2,2018,PRT,"Manufacture of medical, precision and optical instruments, watches and clocks (33)",89,0.0,M.EUR,total_industry_output
v3.10.2,2018,ROU,"Manufacture of medical, precision and optical instruments, watches and clocks (33)",89,0.0,M.EUR,total_industry_output
v3.10.2,2018,SWE,"Manufacture of medical, precision and optical instruments, watches and clocks (33)",89,0.0,M.EUR,total_industry_output
v3.10.2,2018,SVN,"Manufacture of medical, precision and optical instruments, watches and clocks (33)",89,0.0,M.EUR,total_industry_output
v3.10.2,2018,SVK,"Manufacture of medical, precision and optical instruments, watches and clocks (33)",89,0.0,M.EUR,total_industry_output
v3.10.2,2018,GBR,"Manufacture of medical, precision and optical instruments, watches and clocks (33)",89,0.0,M.EUR,total_industry_output
v3.10.2,2018,USA,"Manufacture of medical, precision and optical instruments, watches and clocks (33)",89,13484.5078455,M.EUR,total_industry_output
v3.10.2,2018,JPN,"Manufacture of medical, precision and optical instruments, watches and clocks (33)",89,25744.533939,M.EUR,total_industry_output
v3.10.2,2018,CHN,"Manufacture of medical, precision and optical instruments, watches and clocks (33)",89,54828.8628404,M.EUR,total_industry_output
v3.10.2,2018,CAN,"Manufacture of medical, precision and optical instruments, watches and clocks (33)",89,4210.85672326,M.EUR,total_industry_output
v3.10.2,2018,KOR,"Manufacture of medical, precision and optical instruments, watches and clocks (33)",89,9097.28448649,M.EUR,total_industry_output
v3.10.2,2018,BRA,"Manufacture of medical, precision and optical instruments, watches and clocks (33)",89,5585.90863703,M.EUR,total_industry_output
v3.10.2,2018,IND,"Manufacture of medical, precision and optical instruments, watches and clocks (33)",89,2020.00166331,M.EUR,total_industry_output
v3.10.2,2018,MEX,"Manufacture of medical, precision and optical instruments, watches and clocks (33)",89,4385.25364897,M.EUR,total_industry_output
v3.10.2,2018,RUS,"Manufacture of medical, precision and optical instruments, watches and clocks (33)",89,9319.14364493,M.EUR,total_industry_output
v3.10.2,2018,AUS,"Manufacture of medical, precision and optical instruments, watches and clocks (33)",89,2367.49994577,M.EUR,total_industry_output
v3.10.2,2018,CHE,"Manufacture of medical, precision and optical instruments, watches and clocks (33)",89,0.0,M.EUR,total_industry_output
v3.10.2,2018,TUR,"Manufacture of medical, precision and optical instruments, watches and clocks (33)",89,1259.51364478,M.EUR,total_industry_output
v3.10.2,2018,TWN,"Manufacture of medical, precision and optical instruments, watches and clocks (33)",89,6517.76814494,M.EUR,total_industry_output
v3.10.2,2018,NOR,"Manufacture of medical, precision and optical instruments, watches and clocks (33)",89,0.0,M.EUR,total_industry_output
v3.10.2,2018,IDN,"Manufacture of medical, precision and optical instruments, watches and clocks (33)",89,1877.94017245,M.EUR,total_industry_output
v3.10.2,2018,ZAF,"Manufacture of medical, precision and optical instruments, watches and clocks (33)",89,332.78822837,M.EUR,total_industry_output
v3.10.2,2018,WA,"Manufacture of medical, precision and optical instruments, watches and clocks (33)",89,10029.7554233,M.EUR,total_industry_output
v3.10.2,2018,WL,"Manufacture of medical, precision and optical instruments, watches and clocks (33)",89,11746.0436588,M.EUR,total_industry_output
v3.10.2,2018,WE,"Manufacture of medical, precision and optical instruments, watches and clocks (33)",89,2512.16869686,M.EUR,total_industry_output
v3.10.2,2018,WF,"Manufacture of medical, precision and optical instruments, watches and clocks (33)",89,4442.32157908,M.EUR,total_industry_output
v3.10.2,2018,WM,"Manufacture of medical, precision and optical instruments, watches and clocks (33)",89,8294.26295651,M.EUR,total_industry_output
v3.10.2,2019,AUT,"Manufacture of medical, precision and optical instruments, watches and clocks (33)",89,0.0,M.EUR,total_industry_output
v3.10.2,2019,BEL,"Manufacture of medical, precision and optical instruments, watches and clocks (33)",89,0.0,M.EUR,total_industry_output
v3.10.2,2019,BGR,"Manufacture of medical, precision and optical instruments, watches and clocks (33)",89,0.0,M.EUR,total_industry_output
v3.10.2,2019,CYP,"Manufacture of medical, precision and optical instruments, watches and clocks (33)",89,0.0,M.EUR,total_industry_output
v3.10.2,2019,CZE,"Manufacture of medical, precision and optical instruments, watches and clocks (33)",89,0.0,M.EUR,total_industry_output
v3.10.2,2019,DEU,"Manufacture of medical, precision and optical instruments, watches and clocks (33)",89,0.0,M.EUR,total_industry_output
v3.10.2,2019,DNK,"Manufacture of medical, precision and optical instruments, watches and clocks (33)",89,0.0,M.EUR,total_industry_output
v3.10.2,2019,EST,"Manufacture of medical, precision and optical instruments, watches and clocks (33)",89,0.0,M.EUR,total_industry_output
v3.10.2,2019,ESP,"Manufacture of medical, precision and optical instruments, watches and clocks (33)",89,0.0,M.EUR,total_industry_output
v3.10.2,2019,FIN,"Manufacture of medical, precision and optical instruments, watches and clocks (33)",89,0.0,M.EUR,total_industry_output
v3.10.2,2019,FRA,"Manufacture of medical, precision and optical instruments, watches and clocks (33)",89,0.0,M.EUR,total_industry_output
v3.10.2,2019,GRC,"Manufacture of medical, precision and optical instruments, watches and clocks (33)",89,210.074342473,M.EUR,total_industry_output
v3.10.2,2019,HRV,"Manufacture of medical, precision and optical instruments, watches and clocks (33)",89,0.0,M.EUR,total_industry_output
v3.10.2,2019,HUN,"Manufacture of medical, precision and optical instruments, watches and clocks (33)",89,0.0,M.EUR,total_industry_output
v3.10.2,2019,IRL,"Manufacture of medical, precision and optical instruments, watches and clocks (33)",89,0.0,M.EUR,total_industry_output
v3.10.2,2019,ITA,"Manufacture of medical, precision and optical instruments, watches and clocks (33)",89,0.0,M.EUR,total_industry_output
v3.10.2,2019,LTU,"Manufacture of medical, precision and optical instruments, watches and clocks (33)",89,0.0,M.EUR,total_industry_output
v3.10.2,2019,LUX,"Manufacture of medical, precision and optical instruments, watches and clocks (33)",89,212.631010312,M.EUR,total_industry_output
v3.10.2,2019,LVA,"Manufacture of medical, precision and optical instruments, watches and clocks (33)",89,0.0,M.EUR,total_industry_output
v3.10.2,2019,MLT,"Manufacture of medical, precision and optical instruments, watches and clocks (33)",89,0.0,M.EUR,total_industry_output
v3.10.2,2019,NLD,"Manufacture of medical, precision and optical instruments, watches and clocks (33)",89,0.0,M.EUR,total_industry_output
v3.10.2,2019,POL,"Manufacture of medical, precision and optical instruments, watches and clocks (33)",89,0.0,M.EUR,total_industry_output
v3.10.2,2019,PRT,"Manufacture of medical, precision and optical instruments, watches and clocks (33)",89,0.0,M.EUR,total_industry_output
v3.10.2,2019,ROU,"Manufacture of medical, precision and optical instruments, watches and clocks (33)",89,0.0,M.EUR,total_industry_output
v3.10.2,2019,SWE,"Manufacture of medical, precision and optical instruments, watches and clocks (33)",89,0.0,M.EUR,total_industry_output
v3.10.2,2019,SVN,"Manufacture of medical, precision and optical instruments, watches and clocks (33)",89,0.0,M.EUR,total_industry_output
v3.10.2,2019,SVK,"Manufacture of medical, precision and optical instruments, watches and clocks (33)",89,0.0,M.EUR,total_industry_output
v3.10.2,2019,GBR,"Manufacture of medical, precision and optical instruments, watches and clocks (33)",89,0.0,M.EUR,total_industry_output
v3.10.2,2019,USA,"Manufacture of medical, precision and optical instruments, watches and clocks (33)",89,7569.45930322,M.EUR,total_industry_output
v3.10.2,2019,JPN,"Manufacture of medical, precision and optical instruments, watches and clocks (33)",89,26488.5636099,M.EUR,total_industry_output
v3.10.2,2019,CHN,"Manufacture of medical, precision and optical instruments, watches and clocks (33)",89,61979.1703294,M.EUR,total_industry_output
v3.10.2,2019,CAN,"Manufacture of medical, precision and optical instruments, watches and clocks (33)",89,4309.27402803,M.EUR,total_industry_output
v3.10.2,2019,KOR,"Manufacture of medical, precision and optical instruments, watches and clocks (33)",89,6584.40554028,M.EUR,total_industry_output
v3.10.2,2019,BRA,"Manufacture of medical, precision and optical instruments, watches and clocks (33)",89,6935.6490223,M.EUR,total_industry_output
v3.10.2,2019,IND,"Manufacture of medical, precision and optical instruments, watches and clocks (33)",89,1991.23837752,M.EUR,total_industry_output
v3.10.2,2019,MEX,"Manufacture of medical, precision and optical instruments, watches and clocks (33)",89,4317.05267199,M.EUR,total_industry_output
v3.10.2,2019,RUS,"Manufacture of medical, precision and optical instruments, watches and clocks (33)",89,8299.95486602,M.EUR,total_industry_output
v3.10.2,2019,AUS,"Manufacture of medical, precision and optical instruments, watches and clocks (33)",89,2288.96796514,M.EUR,total_industry_output
v3.10.2,2019,CHE,"Manufacture of medical, precision and optical instruments, watches and clocks (33)",89,0.0,M.EUR,total_industry_output
v3.10.2,2019,TUR,"Manufacture of medical, precision and optical instruments, watches and clocks (33)",89,1245.61182802,M.EUR,total_industry_output
v3.10.2,2019,TWN,"Manufacture of medical, precision and optical instruments, watches and clocks (33)",89,6191.59334078,M.EUR,total_industry_output
v3.10.2,2019,NOR,"Manufacture of medical, precision and optical instruments, watches and clocks (33)",89,0.0,M.EUR,total_industry_output
v3.10.2,2019,IDN,"Manufacture of medical, precision and optical instruments, watches and clocks (33)",89,2314.98233647,M.EUR,total_industry_output
v3.10.2,2019,ZAF,"Manufacture of medical, precision and optical instruments, watches and clocks (33)",89,337.511589642,M.EUR,total_industry_output
v3.10.2,2019,WA,"Manufacture of medical, precision and optical instruments, watches and clocks (33)",89,15698.9938868,M.EUR,total_industry_output
v3.10.2,2019,WL,"Manufacture of medical, precision and optical instruments, watches and clocks (33)",89,13735.5313169,M.EUR,total_industry_output
v3.10.2,2019,WE,"Manufacture of medical, precision and optical instruments, watches and clocks (33)",89,2549.30952284,M.EUR,total_industry_output
v3.10.2,2019,WF,"Manufacture of medical, precision and optical instruments, watches and clocks (33)",89,5295.06724222,M.EUR,total_industry_output
v3.10.2,2019,WM,"Manufacture of medical, precision and optical instruments, watches and clocks (33)",89,10354.5824859,M.EUR,total_industry_output
v3.10.2,2020,AUT,"Manufacture of medical, precision and optical instruments, watches and clocks (33)",89,0.0,M.EUR,total_industry_output
v3.10.2,2020,BEL,"Manufacture of medical, precision and optical instruments, watches and clocks (33)",89,0.0,M.EUR,total_industry_output
v3.10.2,2020,BGR,"Manufacture of medical, precision and optical instruments, watches and clocks (33)",89,0.0,M.EUR,total_industry_output
v3.10.2,2020,CYP,"Manufacture of medical, precision and optical instruments, watches and clocks (33)",89,0.0,M.EUR,total_industry_output
v3.10.2,2020,CZE,"Manufacture of medical, precision and optical instruments, watches and clocks (33)",89,0.0,M.EUR,total_industry_output
v3.10.2,2020,DEU,"Manufacture of medical, precision and optical instruments, watches and clocks (33)",89,0.0,M.EUR,total_industry_output
v3.10.2,2020,DNK,"Manufacture of medical, precision and optical instruments, watches and clocks (33)",89,0.0,M.EUR,total_industry_output
v3.10.2,2020,EST,"Manufacture of medical, precision and optical instruments, watches and clocks (33)",89,0.0,M.EUR,total_industry_output
v3.10.2,2020,ESP,"Manufacture of medical, precision and optical instruments, watches and clocks (33)",89,0.0,M.EUR,total_industry_output
v3.10.2,2020,FIN,"Manufacture of medical, precision and optical instruments, watches and clocks (33)",89,0.0,M.EUR,total_industry_output
v3.10.2,2020,FRA,"Manufacture of medical, precision and optical instruments, watches and clocks (33)",89,0.0,M.EUR,total_industry_output
v3.10.2,2020,GRC,"Manufacture of medical, precision and optical instruments, watches and clocks (33)",89,179.943343306,M.EUR,total_industry_output
v3.10.2,2020,HRV,"Manufacture of medical, precision and optical instruments, watches and clocks (33)",89,0.0,M.EUR,total_industry_output
v3.10.2,2020,HUN,"Manufacture of medical, precision and optical instruments, watches and clocks (33)",89,0.0,M.EUR,total_industry_output
v3.10.2,2020,IRL,"Manufacture of medical, precision and optical instruments, watches and clocks (33)",89,0.0,M.EUR,total_industry_output
v3.10.2,2020,ITA,"Manufacture of medical, precision and optical instruments, watches and clocks (33)",89,0.0,M.EUR,total_industry_output
v3.10.2,2020,LTU,"Manufacture of medical, precision and optical instruments, watches and clocks (33)",89,0.0,M.EUR,total_industry_output
v3.10.2,2020,LUX,"Manufacture of medical, precision and optical instruments, watches and clocks (33)",89,186.453442944,M.EUR,total_industry_output
v3.10.2,2020,LVA,"Manufacture of medical, precision and optical instruments, watches and clocks (33)",89,0.0,M.EUR,total_industry_output
v3.10.2,2020,MLT,"Manufacture of medical, precision and optical instruments, watches and clocks (33)",89,0.0,M.EUR,total_industry_output
v3.10.2,2020,NLD,"Manufacture of medical, precision and optical instruments, watches and clocks (33)",89,0.0,M.EUR,total_industry_output
v3.10.2,2020,POL,"Manufacture of medical, precision and optical instruments, watches and clocks (33)",89,0.0,M.EUR,total_industry_output
v3.10.2,2020,PRT,"Manufacture of medical, precision and optical instruments, watches and clocks (33)",89,0.0,M.EUR,total_industry_output
v3.10.2,2020,ROU,"Manufacture of medical, precision and optical instruments, watches and clocks (33)",89,0.0,M.EUR,total_industry_output
v3.10.2,2020,SWE,"Manufacture of medical, precision and optical instruments, watches and clocks (33)",89,0.0,M.EUR,total_industry_output
v3.10.2,2020,SVN,"Manufacture of medical, precision and optical instruments, watches and clocks (33)",89,0.0,M.EUR,total_industry_output
v3.10.2,2020,SVK,"Manufacture of medical, precision and optical instruments, watches and clocks (33)",89,0.0,M.EUR,total_industry_output
v3.10.2,2020,GBR,"Manufacture of medical, precision and optical instruments, watches and clocks (33)",89,0.0,M.EUR,total_industry_output
v3.10.2,2020,USA,"Manufacture of medical, precision and optical instruments, watches and clocks (33)",89,7569.0242606,M.EUR,total_industry_output
v3.10.2,2020,JPN,"Manufacture of medical, precision and optical instruments, watches and clocks (33)",89,20141.0562637,M.EUR,total_industry_output
v3.10.2,2020,CHN,"Manufacture of medical, precision and optical instruments, watches and clocks (33)",89,61346.0160829,M.EUR,total_industry_output
v3.10.2,2020,CAN,"Manufacture of medical, precision and optical instruments, watches and clocks (33)",89,4367.96713174,M.EUR,total_industry_output
v3.10.2,2020,KOR,"Manufacture of medical, precision and optical instruments, watches and clocks (33)",89,9793.87111571,M.EUR,total_industry_output
v3.10.2,2020,BRA,"Manufacture of medical, precision and optical instruments, watches and clocks (33)",89,5759.88170404,M.EUR,total_industry_output
v3.10.2,2020,IND,"Manufacture of medical, precision and optical instruments, watches and clocks (33)",89,3590.70043863,M.EUR,total_industry_output
v3.10.2,2020,MEX,"Manufacture of medical, precision and optical instruments, watches and clocks (33)",89,4092.71785255,M.EUR,total_industry_output
v3.10.2,2020,RUS,"Manufacture of medical, precision and optical instruments, watches and clocks (33)",89,7767.63627854,M.EUR,total_industry_output
v3.10.2,2020,AUS,"Manufacture of medical, precision and optical instruments, watches and clocks (33)",89,2793.64871584,M.EUR,total_industry_output
v3.10.2,2020,CHE,"Manufacture of medical, precision and optical instruments, watches and clocks (33)",89,0.0,M.EUR,total_industry_output
v3.10.2,2020,TUR,"Manufacture of medical, precision and optical instruments, watches and clocks (33)",89,1204.70068362,M.EUR,total_industry_output
v3.10.2,2020,TWN,"Manufacture of medical, precision and optical instruments, watches and clocks (33)",89,7202.56595883,M.EUR,total_industry_output
v3.10.2,2020,NOR,"Manufacture of medical, precision and optical instruments, watches and clocks (33)",89,0.0,M.EUR,total_industry_output
v3.10.2,2020,IDN,"Manufacture of medical, precision and optical instruments, watches and clocks (33)",89,2066.73606782,M.EUR,total_industry_output
v3.10.2,2020,ZAF,"Manufacture of medical, precision and optical instruments, watches and clocks (33)",89,290.293950045,M.EUR,total_industry_output
v3.10.2,2020,WA,"Manufacture of medical, precision and optical instruments, watches and clocks (33)",89,11881.7170357,M.EUR,total_industry_output
v3.10.2,2020,WL,"Manufacture of medical, precision and optical instruments, watches and clocks (33)",89,7909.63250076,M.EUR,total_industry_output
v3.10.2,2020,WE,"Manufacture of medical, precision and optical instruments, watches and clocks (33)",89,1480.77546104,M.EUR,total_industry_output
v3.10.2,2020,WF,"Manufacture of medical, precision and optical instruments, watches and clocks (33)",89,3464.58756046,M.EUR,total_industry_output
v3.10.2,2020,WM,"Manufacture of medical, precision and optical instruments, watches and clocks (33)",89,9900.69295476,M.EUR,total_industry_output
v3.10.2,2021,AUT,"Manufacture of medical, precision and optical instruments, watches and clocks (33)",89,0.0,M.EUR,total_industry_output
v3.10.2,2021,BEL,"Manufacture of medical, precision and optical instruments, watches and clocks (33)",89,0.0,M.EUR,total_industry_output
v3.10.2,2021,BGR,"Manufacture of medical, precision and optical instruments, watches and clocks (33)",89,0.0,M.EUR,total_industry_output
v3.10.2,2021,CYP,"Manufacture of medical, precision and optical instruments, watches and clocks (33)",89,0.0,M.EUR,total_industry_output
v3.10.2,2021,CZE,"Manufacture of medical, precision and optical instruments, watches and clocks (33)",89,0.0,M.EUR,total_industry_output
v3.10.2,2021,DEU,"Manufacture of medical, precision and optical instruments, watches and clocks (33)",89,0.0,M.EUR,total_industry_output
v3.10.2,2021,DNK,"Manufacture of medical, precision and optical instruments, watches and clocks (33)",89,0.0,M.EUR,total_industry_output
v3.10.2,2021,EST,"Manufacture of medical, precision and optical instruments, watches and clocks (33)",89,0.0,M.EUR,total_industry_output
v3.10.2,2021,ESP,"Manufacture of medical, precision and optical instruments, watches and clocks (33)",89,0.0,M.EUR,total_industry_output
v3.10.2,2021,FIN,"Manufacture of medical, precision and optical instruments, watches and clocks (33)",89,0.0,M.EUR,total_industry_output
v3.10.2,2021,FRA,"Manufacture of medical, precision and optical instruments, watches and clocks (33)",89,0.0,M.EUR,total_industry_output
v3.10.2,2021,GRC,"Manufacture of medical, precision and optical instruments, watches and clocks (33)",89,226.930861889,M.EUR,total_industry_output
v3.10.2,2021,HRV,"Manufacture of medical, precision and optical instruments, watches and clocks (33)",89,0.0,M.EUR,total_industry_output
v3.10.2,2021,HUN,"Manufacture of medical, precision and optical instruments, watches and clocks (33)",89,0.0,M.EUR,total_industry_output
v3.10.2,2021,IRL,"Manufacture of medical, precision and optical instruments, watches and clocks (33)",89,0.0,M.EUR,total_industry_output
v3.10.2,2021,ITA,"Manufacture of medical, precision and optical instruments, watches and clocks (33)",89,0.0,M.EUR,total_industry_output
v3.10.2,2021,LTU,"Manufacture of medical, precision and optical instruments, watches and clocks (33)",89,0.0,M.EUR,total_industry_output
v3.10.2,2021,LUX,"Manufacture of medical, precision and optical instruments, watches and clocks (33)",89,5.46209688413,M.EUR,total_industry_output
v3.10.2,2021,LVA,"Manufacture of medical, precision and optical instruments, watches and clocks (33)",89,0.0,M.EUR,total_industry_output
v3.10.2,2021,MLT,"Manufacture of medical, precision and optical instruments, watches and clocks (33)",89,0.0,M.EUR,total_industry_output
v3.10.2,2021,NLD,"Manufacture of medical, precision and optical instruments, watches and clocks (33)",89,0.0,M.EUR,total_industry_output
v3.10.2,2021,POL,"Manufacture of medical, precision and optical instruments, watches and clocks (33)",89,0.0,M.EUR,total_industry_output
v3.10.2,2021,PRT,"Manufacture of medical, precision and optical instruments, watches and clocks (33)",89,0.0,M.EUR,total_industry_output
v3.10.2,2021,ROU,"Manufacture of medical, precision and optical instruments, watches and clocks (33)",89,0.0,M.EUR,total_industry_output
v3.10.2,2021,SWE,"Manufacture of medical, precision and optical instruments, watches and clocks (33)",89,0.0,M.EUR,total_industry_output
v3.10.2,2021,SVN,"Manufacture of medical, precision and optical instruments, watches and clocks (33)",89,0.0,M.EUR,total_industry_output
v3.10.2,2021,SVK,"Manufacture of medical, precision and optical instruments, watches and clocks (33)",89,0.0,M.EUR,total_industry_output
v3.10.2,2021,GBR,"Manufacture of medical, precision and optical instruments, watches and clocks (33)",89,0.0,M.EUR,total_industry_output
v3.10.2,2021,USA,"Manufacture of medical, precision and optical instruments, watches and clocks (33)",89,1412.2152848,M.EUR,total_industry_output
v3.10.2,2021,JPN,"Manufacture of medical, precision and optical instruments, watches and clocks (33)",89,14253.5977558,M.EUR,total_industry_output
v3.10.2,2021,CHN,"Manufacture of medical, precision and optical instruments, watches and clocks (33)",89,61564.6093989,M.EUR,total_industry_output
v3.10.2,2021,CAN,"Manufacture of medical, precision and optical instruments, watches and clocks (33)",89,4403.66770884,M.EUR,total_industry_output
v3.10.2,2021,KOR,"Manufacture of medical, precision and optical instruments, watches and clocks (33)",89,6332.06229014,M.EUR,total_industry_output
v3.10.2,2021,BRA,"Manufacture of medical, precision and optical instruments, watches and clocks (33)",89,4169.6234537,M.EUR,total_industry_output
v3.10.2,2021,IND,"Manufacture of medical, precision and optical instruments, watches and clocks (33)",89,2729.71331413,M.EUR,total_industry_output
v3.10.2,2021,MEX,"Manufacture of medical, precision and optical instruments, watches and clocks (33)",89,5952.99692059,M.EUR,total_industry_output
v3.10.2,2021,RUS,"Manufacture of medical, precision and optical instruments, watches and clocks (33)",89,5766.89362498,M.EUR,total_industry_output
v3.10.2,2021,AUS,"Manufacture of medical, precision and optical instruments, watches and clocks (33)",89,2483.53290468,M.EUR,total_industry_output
v3.10.2,2021,CHE,"Manufacture of medical, precision and optical instruments, watches and clocks (33)",89,0.0,M.EUR,total_industry_output
v3.10.2,2021,TUR,"Manufacture of medical, precision and optical instruments, watches and clocks (33)",89,28.915530736,M.EUR,total_industry_output
v3.10.2,2021,TWN,"Manufacture of medical, precision and optical instruments, watches and clocks (33)",89,8027.71871855,M.EUR,total_industry_output
v3.10.2,2021,NOR,"Manufacture of medical, precision and optical instruments, watches and clocks (33)",89,0.0,M.EUR,total_industry_output
v3.10.2,2021,IDN,"Manufacture of medical, precision and optical instruments, watches and clocks (33)",89,1436.76725187,M.EUR,total_industry_output
v3.10.2,2021,ZAF,"Manufacture of medical, precision and optical instruments, watches and clocks (33)",89,485.677675237,M.EUR,total_industry_output
v3.10.2,2021,WA,"Manufacture of medical, precision and optical instruments, watches and clocks (33)",89,14882.5537934,M.EUR,total_industry_output
v3.10.2,2021,WL,"Manufacture of medical, precision and optical instruments, watches and clocks (33)",89,11602.9178493,M.EUR,total_industry_output
v3.10.2,2021,WE,"Manufacture of medical, precision and optical instruments, watches and clocks (33)",89,1288.29725149,M.EUR,total_industry_output
v3.10.2,2021,WF,"Manufacture of medical, precision and optical instruments, watches and clocks (33)",89,3950.5804457,M.EUR,total_industry_output
v3.10.2,2021,WM,"Manufacture of medical, precision and optical instruments, watches and clocks (33)",89,10954.3367037,M.EUR,total_industry_output
v3.10.2,2022,AUT,"Manufacture of medical, precision and optical instruments, watches and clocks (33)",89,0.0,M.EUR,total_industry_output
v3.10.2,2022,BEL,"Manufacture of medical, precision and optical instruments, watches and clocks (33)",89,0.0,M.EUR,total_industry_output
v3.10.2,2022,BGR,"Manufacture of medical, precision and optical instruments, watches and clocks (33)",89,0.0,M.EUR,total_industry_output
v3.10.2,2022,CYP,"Manufacture of medical, precision and optical instruments, watches and clocks (33)",89,0.0,M.EUR,total_industry_output
v3.10.2,2022,CZE,"Manufacture of medical, precision and optical instruments, watches and clocks (33)",89,0.0,M.EUR,total_industry_output
v3.10.2,2022,DEU,"Manufacture of medical, precision and optical instruments, watches and clocks (33)",89,0.0,M.EUR,total_industry_output
v3.10.2,2022,DNK,"Manufacture of medical, precision and optical instruments, watches and clocks (33)",89,0.0,M.EUR,total_industry_output
v3.10.2,2022,EST,"Manufacture of medical, precision and optical instruments, watches and clocks (33)",89,0.0,M.EUR,total_industry_output
v3.10.2,2022,ESP,"Manufacture of medical, precision and optical instruments, watches and clocks (33)",89,0.0,M.EUR,total_industry_output
v3.10.2,2022,FIN,"Manufacture of medical, precision and optical instruments, watches and clocks (33)",89,0.0,M.EUR,total_industry_output
v3.10.2,2022,FRA,"Manufacture of medical, precision and optical instruments, watches and clocks (33)",89,0.0,M.EUR,total_industry_output
v3.10.2,2022,GRC,"Manufacture of medical, precision and optical instruments, watches and clocks (33)",89,275.025169957,M.EUR,total_industry_output
v3.10.2,2022,HRV,"Manufacture of medical, precision and optical instruments, watches and clocks (33)",89,0.0,M.EUR,total_industry_output
v3.10.2,2022,HUN,"Manufacture of medical, precision and optical instruments, watches and clocks (33)",89,0.0,M.EUR,total_industry_output
v3.10.2,2022,IRL,"Manufacture of medical, precision and optical instruments, watches and clocks (33)",89,0.0,M.EUR,total_industry_output
v3.10.2,2022,ITA,"Manufacture of medical, precision and optical instruments, watches and clocks (33)",89,0.0,M.EUR,total_industry_output
v3.10.2,2022,LTU,"Manufacture of medical, precision and optical instruments, watches and clocks (33)",89,0.0,M.EUR,total_industry_output
v3.10.2,2022,LUX,"Manufacture of medical, precision and optical instruments, watches and clocks (33)",89,6.6806863216,M.EUR,total_industry_output
v3.10.2,2022,LVA,"Manufacture of medical, precision and optical instruments, watches and clocks (33)",89,0.0,M.EUR,total_industry_output
v3.10.2,2022,MLT,"Manufacture of medical, precision and optical instruments, watches and clocks (33)",89,0.0,M.EUR,total_industry_output
v3.10.2,2022,NLD,"Manufacture of medical, precision and optical instruments, watches and clocks (33)",89,0.0,M.EUR,total_industry_output
v3.10.2,2022,POL,"Manufacture of medical, precision and optical instruments, watches and clocks (33)",89,0.0,M.EUR,total_industry_output
v3.10.2,2022,PRT,"Manufacture of medical, precision and optical instruments, watches and clocks (33)",89,0.0,M.EUR,total_industry_output
v3.10.2,2022,ROU,"Manufacture of medical, precision and optical instruments, watches and clocks (33)",89,0.0,M.EUR,total_industry_output
v3.10.2,2022,SWE,"Manufacture of medical, precision and optical instruments, watches and clocks (33)",89,0.0,M.EUR,total_industry_output
v3.10.2,2022,SVN,"Manufacture of medical, precision and optical instruments, watches and clocks (33)",89,0.0,M.EUR,total_industry_output
v3.10.2,2022,SVK,"Manufacture of medical, precision and optical instruments, watches and clocks (33)",89,0.0,M.EUR,total_industry_output
v3.10.2,2022,GBR,"Manufacture of medical, precision and optical instruments, watches and clocks (33)",89,1.21656830102e-05,M.EUR,total_industry_output
v3.10.2,2022,USA,"Manufacture of medical, precision and optical instruments, watches and clocks (33)",89,2195.25732279,M.EUR,total_industry_output
v3.10.2,2022,JPN,"Manufacture of medical, precision and optical instruments, watches and clocks (33)",89,14874.4362397,M.EUR,total_industry_output
v3.10.2,2022,CHN,"Manufacture of medical, precision and optical instruments, watches and clocks (33)",89,71194.6861115,M.EUR,total_industry_output
v3.10.2,2022,CAN,"Manufacture of medical, precision and optical instruments, watches and clocks (33)",89,7553.86746432,M.EUR,total_industry_output
v3.10.2,2022,KOR,"Manufacture of medical, precision and optical instruments, watches and clocks (33)",89,6053.43779747,M.EUR,total_industry_output
v3.10.2,2022,BRA,"Manufacture of medical, precision and optical instruments, watches and clocks (33)",89,5717.45566344,M.EUR,total_industry_output
v3.10.2,2022,IND,"Manufacture of medical, precision and optical instruments, watches and clocks (33)",89,3745.64962721,M.EUR,total_industry_output
v3.10.2,2022,MEX,"Manufacture of medical, precision and optical instruments, watches and clocks (33)",89,6645.27879967,M.EUR,total_industry_output
v3.10.2,2022,RUS,"Manufacture of medical, precision and optical instruments, watches and clocks (33)",89,7434.38969293,M.EUR,total_industry_output
v3.10.2,2022,AUS,"Manufacture of medical, precision and optical instruments, watches and clocks (33)",89,2120.21377673,M.EUR,total_industry_output
v3.10.2,2022,CHE,"Manufacture of medical, precision and optical instruments, watches and clocks (33)",89,0.0,M.EUR,total_industry_output
v3.10.2,2022,TUR,"Manufacture of medical, precision and optical instruments, watches and clocks (33)",89,38.5860673144,M.EUR,total_industry_output
v3.10.2,2022,TWN,"Manufacture of medical, precision and optical instruments, watches and clocks (33)",89,8866.70030946,M.EUR,total_industry_output
v3.10.2,2022,NOR,"Manufacture of medical, precision and optical instruments, watches and clocks (33)",89,0.0,M.EUR,total_industry_output
v3.10.2,2022,IDN,"Manufacture of medical, precision and optical instruments, watches and clocks (33)",89,1827.76787189,M.EUR,total_industry_output
v3.10.2,2022,ZAF,"Manufacture of medical, precision and optical instruments, watches and clocks (33)",89,541.43182152,M.EUR,total_industry_output
v3.10.2,2022,WA,"Manufacture of medical, precision and optical instruments, watches and clocks (33)",89,15140.409293,M.EUR,total_industry_output
v3.10.2,2022,WL,"Manufacture of medical, precision and optical instruments, watches and clocks (33)",89,13418.5905495,M.EUR,total_industry_output
v3.10.2,2022,WE,"Manufacture of medical, precision and optical instruments, watches and clocks (33)",89,2521.97482023,M.EUR,total_industry_output
v3.10.2,2022,WF,"Manufacture of medical, precision and optical instruments, watches and clocks (33)",89,3804.22435909,M.EUR,total_industry_output
v3.10.2,2022,WM,"Manufacture of medical, precision and optical instruments, watches and clocks (33)",89,12097.5363655,M.EUR,total_industry_output
v3.8.2,2016,AUT,"Manufacture of medical, precision and optical instruments, watches and clocks (33)",89,4709.59084358,M.EUR,total_industry_output
v3.8.2,2016,BEL,"Manufacture of medical, precision and optical instruments, watches and clocks (33)",89,2420.95498292,M.EUR,total_industry_output
v3.8.2,2016,BGR,"Manufacture of medical, precision and optical instruments, watches and clocks (33)",89,330.580883486,M.EUR,total_industry_output
v3.8.2,2016,CYP,"Manufacture of medical, precision and optical instruments, watches and clocks (33)",89,8.18427148303,M.EUR,total_industry_output
v3.8.2,2016,CZE,"Manufacture of medical, precision and optical instruments, watches and clocks (33)",89,3175.79553438,M.EUR,total_industry_output
v3.8.2,2016,DEU,"Manufacture of medical, precision and optical instruments, watches and clocks (33)",89,68118.1528881,M.EUR,total_industry_output
v3.8.2,2016,DNK,"Manufacture of medical, precision and optical instruments, watches and clocks (33)",89,4918.96974143,M.EUR,total_industry_output
v3.8.2,2016,EST,"Manufacture of medical, precision and optical instruments, watches and clocks (33)",89,209.822221834,M.EUR,total_industry_output
v3.8.2,2016,ESP,"Manufacture of medical, precision and optical instruments, watches and clocks (33)",89,4055.8381761,M.EUR,total_industry_output
v3.8.2,2016,FIN,"Manufacture of medical, precision and optical instruments, watches and clocks (33)",89,3141.21119945,M.EUR,total_industry_output
v3.8.2,2016,FRA,"Manufacture of medical, precision and optical instruments, watches and clocks (33)",89,30719.762329,M.EUR,total_industry_output
v3.8.2,2016,GRC,"Manufacture of medical, precision and optical instruments, watches and clocks (33)",89,338.530680453,M.EUR,total_industry_output
v3.8.2,2016,HRV,"Manufacture of medical, precision and optical instruments, watches and clocks (33)",89,142.057908214,M.EUR,total_industry_output
v3.8.2,2016,HUN,"Manufacture of medical, precision and optical instruments, watches and clocks (33)",89,2540.66754099,M.EUR,total_industry_output
v3.8.2,2016,IRL,"Manufacture of medical, precision and optical instruments, watches and clocks (33)",89,10952.1681976,M.EUR,total_industry_output
v3.8.2,2016,ITA,"Manufacture of medical, precision and optical instruments, watches and clocks (33)",89,21878.7343134,M.EUR,total_industry_output
v3.8.2,2016,LTU,"Manufacture of medical, precision and optical instruments, watches and clocks (33)",89,203.884405322,M.EUR,total_industry_output
v3.8.2,2016,LUX,"Manufacture of medical, precision and optical instruments, watches and clocks (33)",89,868.935796566,M.EUR,total_industry_output
v3.8.2,2016,LVA,"Manufacture of medical, precision and optical instruments, watches and clocks (33)",89,38.9749886273,M.EUR,total_industry_output
v3.8.2,2016,MLT,"Manufacture of medical, precision and optical instruments, watches and clocks (33)",89,42.6967113555,M.EUR,total_industry_output
v3.8.2,2016,NLD,"Manufacture of medical, precision and optical instruments, watches and clocks (33)",89,12454.858775,M.EUR,total_industry_output
v3.8.2,2016,POL,"Manufacture of medical, precision and optical instruments, watches and clocks (33)",89,4164.84109863,M.EUR,total_industry_output
v3.8.2,2016,PRT,"Manufacture of medical, precision and optical instruments, watches and clocks (33)",89,946.812932216,M.EUR,total_industry_output
v3.8.2,2016,ROU,"Manufacture of medical, precision and optical instruments, watches and clocks (33)",89,672.544319628,M.EUR,total_industry_output
v3.8.2,2016,SWE,"Manufacture of medical, precision and optical instruments, watches and clocks (33)",89,6342.90850788,M.EUR,total_industry_output
v3.8.2,2016,SVN,"Manufacture of medical, precision and optical instruments, watches and clocks (33)",89,468.892689155,M.EUR,total_industry_output
v3.8.2,2016,SVK,"Manufacture of medical, precision and optical instruments, watches and clocks (33)",89,750.736555042,M.EUR,total_industry_output
v3.8.2,2016,GBR,"Manufacture of medical, precision and optical instruments, watches and clocks (33)",89,20851.6009914,M.EUR,total_industry_output
v3.8.2,2016,USA,"Manufacture of medical, precision and optical instruments, watches and clocks (33)",89,239044.841763,M.EUR,total_industry_output
v3.8.2,2016,JPN,"Manufacture of medical, precision and optical instruments, watches and clocks (33)",89,67838.0885074,M.EUR,total_industry_output
v3.8.2,2016,CHN,"Manufacture of medical, precision and optical instruments, watches and clocks (33)",89,139294.502601,M.EUR,total_industry_output
v3.8.2,2016,CAN,"Manufacture of medical, precision and optical instruments, watches and clocks (33)",89,6882.83338177,M.EUR,total_industry_output
v3.8.2,2016,KOR,"Manufacture of medical, precision and optical instruments, watches and clocks (33)",89,20681.1469419,M.EUR,total_industry_output
v3.8.2,2016,BRA,"Manufacture of medical, precision and optical instruments, watches and clocks (33)",89,15243.1202773,M.EUR,total_industry_output
v3.8.2,2016,IND,"Manufacture of medical, precision and optical instruments, watches and clocks (33)",89,8410.34301498,M.EUR,total_industry_output
v3.8.2,2016,MEX,"Manufacture of medical, precision and optical instruments, watches and clocks (33)",89,13568.2952378,M.EUR,total_industry_output
v3.8.2,2016,RUS,"Manufacture of medical, precision and optical instruments, watches and clocks (33)",89,2176.85023044,M.EUR,total_industry_output
v3.8.2,2016,AUS,"Manufacture of medical, precision and optical instruments, watches and clocks (33)",89,4069.38129204,M.EUR,total_industry_output
v3.8.2,2016,CHE,"Manufacture of medical, precision and optical instruments, watches and clocks (33)",89,58109.0131031,M.EUR,total_industry_output
v3.8.2,2016,TUR,"Manufacture of medical, precision and optical instruments, watches and clocks (33)",89,1447.82611225,M.EUR,total_industry_output
v3.8.2,2016,TWN,"Manufacture of medical, precision and optical instruments, watches and clocks (33)",89,42978.537599,M.EUR,total_industry_output
v3.8.2,2016,NOR,"Manufacture of medical, precision and optical instruments, watches and clocks (33)",89,1970.6909076,M.EUR,total_industry_output
v3.8.2,2016,IDN,"Manufacture of medical, precision and optical instruments, watches and clocks (33)",89,3522.44535786,M.EUR,total_industry_output
v3.8.2,2016,ZAF,"Manufacture of medical, precision and optical instruments, watches and clocks (33)",89,1241.48852099,M.EUR,total_industry_output
v3.8.2,2016,WA,"Manufacture of medical, precision and optical instruments, watches and clocks (33)",89,15585.3493582,M.EUR,total_industry_output
v3.8.2,2016,WL,"Manufacture of medical, precision and optical instruments, watches and clocks (33)",89,32909.185347,M.EUR,total_industry_output
v3.8.2,2016,WE,"Manufacture of medical, precision and optical instruments, watches and clocks (33)",89,4131.24512266,M.EUR,total_industry_output
v3.8.2,2016,WF,"Manufacture of medical, precision and optical instruments, watches and clocks (33)",89,11226.0184421,M.EUR,total_industry_output
v3.8.2,2016,WM,"Manufacture of medical, precision and optical instruments, watches and clocks (33)",89,25883.3987505,M.EUR,total_industry_output
v3.6,1995,AUT,"Manufacture of medical, precision and optical instruments, watches and clocks (33)",89,1377.5622987666925,M.EUR,total_industry_output
v3.6,1995,BEL,"Manufacture of medical, precision and optical instruments, watches and clocks (33)",89,1055.975481614508,M.EUR,total_industry_output
v3.6,1995,BGR,"Manufacture of medical, precision and optical instruments, watches and clocks (33)",89,27.377842644327874,M.EUR,total_industry_output
v3.6,1995,CYP,"Manufacture of medical, precision and optical instruments, watches and clocks (33)",89,4.570127607461961,M.EUR,total_industry_output
v3.6,1995,CZE,"Manufacture of medical, precision and optical instruments, watches and clocks (33)",89,403.5345396606656,M.EUR,total_industry_output
v3.6,1995,DEU,"Manufacture of medical, precision and optical instruments, watches and clocks (33)",89,27540.149497916274,M.EUR,total_industry_output
v3.6,1995,DNK,"Manufacture of medical, precision and optical instruments, watches and clocks (33)",89,1683.6025577784467,M.EUR,total_industry_output
v3.6,1995,EST,"Manufacture of medical, precision and optical instruments, watches and clocks (33)",89,28.913873354245542,M.EUR,total_industry_output
v3.6,1995,ESP,"Manufacture of medical, precision and optical instruments, watches and clocks (33)",89,2194.4742281128383,M.EUR,total_industry_output
v3.6,1995,FIN,"Manufacture of medical, precision and optical instruments, watches and clocks (33)",89,1092.811701757067,M.EUR,total_industry_output
v3.6,1995,FRA,"Manufacture of medical, precision and optical instruments, watches and clocks (33)",89,18179.884949869866,M.EUR,total_industry_output
v3.6,1995,GRC,"Manufacture of medical, precision and optical instruments, watches and clocks (33)",89,81.83377986818152,M.EUR,total_industry_output
v3.6,1995,HRV,"Manufacture of medical, precision and optical instruments, watches and clocks (33)",89,66.87798084423865,M.EUR,total_industry_output
v3.6,1995,HUN,"Manufacture of medical, precision and optical instruments, watches and clocks (33)",89,302.1453727738309,M.EUR,total_industry_output
v3.6,1995,IRL,"Manufacture of medical, precision and optical instruments, watches and clocks (33)",89,1134.2000421465962,M.EUR,total_industry_output
v3.6,1995,ITA,"Manufacture of medical, precision and optical instruments, watches and clocks (33)",89,9129.288048083177,M.EUR,total_industry_output
v3.6,1995,LTU,"Manufacture of medical, precision and optical instruments, watches and clocks (33)",89,30.838790040833487,M.EUR,total_industry_output
v3.6,1995,LUX,"Manufacture of medical, precision and optical instruments, watches and clocks (33)",89,198.68604936434767,M.EUR,total_industry_output
v3.6,1995,LVA,"Manufacture of medical, precision and optical instruments, watches and clocks (33)",89,7.224773897195097,M.EUR,total_industry_output
v3.6,1995,MLT,"Manufacture of medical, precision and optical instruments, watches and clocks (33)",89,32.527505965710205,M.EUR,total_industry_output
v3.6,1995,NLD,"Manufacture of medical, precision and optical instruments, watches and clocks (33)",89,3416.3288707136103,M.EUR,total_industry_output
v3.6,1995,POL,"Manufacture of medical, precision and optical instruments, watches and clocks (33)",89,706.0824892480684,M.EUR,total_industry_output
v3.6,1995,PRT,"Manufacture of medical, precision and optical instruments, watches and clocks (33)",89,347.7472427647834,M.EUR,total_industry_output
v3.6,1995,ROU,"Manufacture of medical, precision and optical instruments, watches and clocks (33)",89,124.83064261424391,M.EUR,total_industry_output
v3.6,1995,SWE,"Manufacture of medical, precision and optical instruments, watches and clocks (33)",89,2913.1630161684425,M.EUR,total_industry_output
v3.6,1995,SVN,"Manufacture of medical, precision and optical instruments, watches and clocks (33)",89,198.50362931217688,M.EUR,total_industry_output
v3.6,1995,SVK,"Manufacture of medical, precision and optical instruments, watches and clocks (33)",89,159.73264247874235,M.EUR,total_industry_output
v3.6,1995,GBR,"Manufacture of medical, precision and optical instruments, watches and clocks (33)",89,10854.413146516083,M.EUR,total_industry_output
v3.6,1995,USA,"Manufacture of medical, precision and optical instruments, watches and clocks (33)",89,120493.99770121834,M.EUR,total_industry_output
v3.6,1995,JPN,"Manufacture of medical, precision and optical instruments, watches and clocks (33)",89,37016.64266221166,M.EUR,total_industry_output
v3.6,1995,CHN,"Manufacture of medical, precision and optical instruments, watches and clocks (33)",89,6951.541014800723,M.EUR,total_industry_output
v3.6,1995,CAN,"Manufacture of medical, precision and optical instruments, watches and clocks (33)",89,2618.4995586404016,M.EUR,total_industry_output
v3.6,1995,KOR,"Manufacture of medical, precision and optical instruments, watches and clocks (33)",89,6215.422327129887,M.EUR,total_industry_output
v3.6,1995,BRA,"Manufacture of medical, precision and optical instruments, watches and clocks (33)",89,7472.078949906334,M.EUR,total_industry_output
v3.6,1995,IND,"Manufacture of medical, precision and optical instruments, watches and clocks (33)",89,541.9660857946982,M.EUR,total_industry_output
v3.6,1995,MEX,"Manufacture of medical, precision and optical instruments, watches and clocks (33)",89,2313.2058777754423,M.EUR,total_industry_output
v3.6,1995,RUS,"Manufacture of medical, precision and optical instruments, watches and clocks (33)",89,731.4963437709376,M.EUR,total_industry_output
v3.6,1995,AUS,"Manufacture of medical, precision and optical instruments, watches and clocks (33)",89,1920.6481888547414,M.EUR,total_industry_output
v3.6,1995,CHE,"Manufacture of medical, precision and optical instruments, watches and clocks (33)",89,11143.878848477074,M.EUR,total_industry_output
v3.6,1995,TUR,"Manufacture of medical, precision and optical instruments, watches and clocks (33)",89,378.24969177480915,M.EUR,total_industry_output
v3.6,1995,TWN,"Manufacture of medical, precision and optical instruments, watches and clocks (33)",89,7069.239145360542,M.EUR,total_industry_output
v3.6,1995,NOR,"Manufacture of medical, precision and optical instruments, watches and clocks (33)",89,1066.8224769515996,M.EUR,total_industry_output
v3.6,1995,IDN,"Manufacture of medical, precision and optical instruments, watches and clocks (33)",89,918.8578015346469,M.EUR,total_industry_output
v3.6,1995,ZAF,"Manufacture of medical, precision and optical instruments, watches and clocks (33)",89,526.7604361795552,M.EUR,total_industry_output
v3.6,1995,WA,"Manufacture of medical, precision and optical instruments, watches and clocks (33)",89,4333.0325133906645,M.EUR,total_industry_output
v3.6,1995,WL,"Manufacture of medical, precision and optical instruments, watches and clocks (33)",89,10076.940114583937,M.EUR,total_industry_output
v3.6,1995,WE,"Manufacture of medical, precision and optical instruments, watches and clocks (33)",89,1598.8239971752914,M.EUR,total_industry_output
v3.6,1995,WF,"Manufacture of medical, precision and optical instruments, watches and clocks (33)",89,2186.31766504289,M.EUR,total_industry_output
v3.6,1995,WM,"Manufacture of medical, precision and optical instruments, watches and clocks (33)",89,4366.312410885835,M.EUR,total_industry_output
v3.6,1996,AUT,"Manufacture of medical, precision and optical instruments, watches and clocks (33)",89,1463.7428931102227,M.EUR,total_industry_output
v3.6,1996,BEL,"Manufacture of medical, precision and optical instruments, watches and clocks (33)",89,1079.8179619352675,M.EUR,total_industry_output
v3.6,1996,BGR,"Manufacture of medical, precision and optical instruments, watches and clocks (33)",89,18.989352786309546,M.EUR,total_industry_output
v3.6,1996,CYP,"Manufacture of medical, precision and optical instruments, watches and clocks (33)",89,4.010406478829291,M.EUR,total_industry_output
v3.6,1996,CZE,"Manufacture of medical, precision and optical instruments, watches and clocks (33)",89,561.8955905252775,M.EUR,total_industry_output
v3.6,1996,DEU,"Manufacture of medical, precision and optical instruments, watches and clocks (33)",89,28534.739953944918,M.EUR,total_industry_output
v3.6,1996,DNK,"Manufacture of medical, precision and optical instruments, watches and clocks (33)",89,1776.9781371958172,M.EUR,total_industry_output
v3.6,1996,EST,"Manufacture of medical, precision and optical instruments, watches and clocks (33)",89,28.9314981763298,M.EUR,total_industry_output
v3.6,1996,ESP,"Manufacture of medical, precision and optical instruments, watches and clocks (33)",89,2373.1854986434205,M.EUR,total_industry_output
v3.6,1996,FIN,"Manufacture of medical, precision and optical instruments, watches and clocks (33)",89,1167.6799955076622,M.EUR,total_industry_output
v3.6,1996,FRA,"Manufacture of medical, precision and optical instruments, watches and clocks (33)",89,17925.243785054172,M.EUR,total_industry_output
v3.6,1996,GRC,"Manufacture of medical, precision and optical instruments, watches and clocks (33)",89,85.77919093585082,M.EUR,total_industry_output
v3.6,1996,HRV,"Manufacture of medical, precision and optical instruments, watches and clocks (33)",89,69.40142674456303,M.EUR,total_industry_output
v3.6,1996,HUN,"Manufacture of medical, precision and optical instruments, watches and clocks (33)",89,321.3067077491999,M.EUR,total_industry_output
v3.6,1996,IRL,"Manufacture of medical, precision and optical instruments, watches and clocks (33)",89,1312.1530924616952,M.EUR,total_industry_output
v3.6,1996,ITA,"Manufacture of medical, precision and optical instruments, watches and clocks (33)",89,10528.489799426321,M.EUR,total_industry_output
v3.6,1996,LTU,"Manufacture of medical, precision and optical instruments, watches and clocks (33)",89,39.29859991798247,M.EUR,total_industry_output
v3.6,1996,LUX,"Manufacture of medical, precision and optical instruments, watches and clocks (33)",89,210.96564668695132,M.EUR,total_industry_output
v3.6,1996,LVA,"Manufacture of medical, precision and optical instruments, watches and clocks (33)",89,8.673288369169883,M.EUR,total_industry_output
v3.6,1996,MLT,"Manufacture of medical, precision and optical instruments, watches and clocks (33)",89,31.403740349928416,M.EUR,total_industry_output
v3.6,1996,NLD,"Manufacture of medical, precision and optical instruments, watches and clocks (33)",89,3760.9085064801566,M.EUR,total_industry_output
v3.6,1996,POL,"Manufacture of medical, precision and optical instruments, watches and clocks (33)",89,820.6412121863715,M.EUR,total_industry_output
v3.6,1996,PRT,"Manufacture of medical, precision and optical instruments, watches and clocks (33)",89,379.38202186783997,M.EUR,total_industry_output
v3.6,1996,ROU,"Manufacture of medical, precision and optical instruments, watches and clocks (33)",89,137.49033784618746,M.EUR,total_industry_output
v3.6,1996,SWE,"Manufacture of medical, precision and optical instruments, watches and clocks (33)",89,3297.1130853000786,M.EUR,total_industry_output
v3.6,1996,SVN,"Manufacture of medical, precision and optical instruments, watches and clocks (33)",89,203.99668505035217,M.EUR,total_industry_output
v3.6,1996,SVK,"Manufacture of medical, precision and optical instruments, watches and clocks (33)",89,230.29744069164644,M.EUR,total_industry_output
v3.6,1996,GBR,"Manufacture of medical, precision and optical instruments, watches and clocks (33)",89,11838.186040139602,M.EUR,total_industry_output
v3.6,1996,USA,"Manufacture of medical, precision and optical instruments, watches and clocks (33)",89,128246.27116013398,M.EUR,total_industry_output
v3.6,1996,JPN,"Manufacture of medical, precision and optical instruments, watches and clocks (33)",89,34748.62803180932,M.EUR,total_industry_output
v3.6,1996,CHN,"Manufacture of medical, precision and optical instruments, watches and clocks (33)",89,8314.035791372358,M.EUR,total_industry_output
v3.6,1996,CAN,"Manufacture of medical, precision and optical instruments, watches and clocks (33)",89,2796.469873393454,M.EUR,total_industry_output
v3.6,1996,KOR,"Manufacture of medical, precision and optical instruments, watches and clocks (33)",89,6646.765118633836,M.EUR,total_industry_output
v3.6,1996,BRA,"Manufacture of medical, precision and optical instruments, watches and clocks (33)",89,8021.430142249614,M.EUR,total_industry_output
v3.6,1996,IND,"Manufacture of medical, precision and optical instruments, watches and clocks (33)",89,581.6300760716834,M.EUR,total_industry_output
v3.6,1996,MEX,"Manufacture of medical, precision and optical instruments, watches and clocks (33)",89,2954.022646313328,M.EUR,total_industry_output
v3.6,1996,RUS,"Manufacture of medical, precision and optical instruments, watches and clocks (33)",89,713.5714037627824,M.EUR,total_industry_output
v3.6,1996,AUS,"Manufacture of medical, precision and optical instruments, watches and clocks (33)",89,2387.0336779893037,M.EUR,total_industry_output
v3.6,1996,CHE,"Manufacture of medical, precision and optical instruments, watches and clocks (33)",89,11393.657379218312,M.EUR,total_industry_output
v3.6,1996,TUR,"Manufacture of medical, precision and optical instruments, watches and clocks (33)",89,424.5201618302449,M.EUR,total_industry_output
v3.6,1996,TWN,"Manufacture of medical, precision and optical instruments, watches and clocks (33)",89,7550.469134190706,M.EUR,total_industry_output
v3.6,1996,NOR,"Manufacture of medical, precision and optical instruments, watches and clocks (33)",89,1121.6805854968547,M.EUR,total_industry_output
v3.6,1996,IDN,"Manufacture of medical, precision and optical instruments, watches and clocks (33)",89,1061.3396166715704,M.EUR,total_industry_output
v3.6,1996,ZAF,"Manufacture of medical, precision and optical instruments, watches and clocks (33)",89,507.852204680372,M.EUR,total_industry_output
v3.6,1996,WA,"Manufacture of medical, precision and optical instruments, watches and clocks (33)",89,4694.81864134376,M.EUR,total_industry_output
v3.6,1996,WL,"Manufacture of medical, precision and optical instruments, watches and clocks (33)",89,10732.467159910411,M.EUR,total_industry_output
v3.6,1996,WE,"Manufacture of medical, precision and optical instruments, watches and clocks (33)",89,1585.410979934442,M.EUR,total_industry_output
v3.6,1996,WF,"Manufacture of medical, precision and optical instruments, watches and clocks (33)",89,2331.826883936593,M.EUR,total_industry_output
v3.6,1996,WM,"Manufacture of medical, precision and optical instruments, watches and clocks (33)",89,5158.972407588684,M.EUR,total_industry_output
v3.6,1998,AUT,"Manufacture of medical, precision and optical instruments, watches and clocks (33)",89,1573.6370011617569,M.EUR,total_industry_output
v3.6,1998,BEL,"Manufacture of medical, precision and optical instruments, watches and clocks (33)",89,1209.028653208031,M.EUR,total_industry_output
v3.6,1998,BGR,"Manufacture of medical, precision and optical instruments, watches and clocks (33)",89,44.67690254433501,M.EUR,total_industry_output
v3.6,1998,CYP,"Manufacture of medical, precision and optical instruments, watches and clocks (33)",89,5.1727289354715635,M.EUR,total_industry_output
v3.6,1998,CZE,"Manufacture of medical, precision and optical instruments, watches and clocks (33)",89,740.5224310672164,M.EUR,total_industry_output
v3.6,1998,DEU,"Manufacture of medical, precision and optical instruments, watches and clocks (33)",89,30915.2334072806,M.EUR,total_industry_output
v3.6,1998,DNK,"Manufacture of medical, precision and optical instruments, watches and clocks (33)",89,1858.4117848183816,M.EUR,total_industry_output
v3.6,1998,EST,"Manufacture of medical, precision and optical instruments, watches and clocks (33)",89,48.09011526601793,M.EUR,total_industry_output
v3.6,1998,ESP,"Manufacture of medical, precision and optical instruments, watches and clocks (33)",89,2751.200432045009,M.EUR,total_industry_output
v3.6,1998,FIN,"Manufacture of medical, precision and optical instruments, watches and clocks (33)",89,1414.644170714716,M.EUR,total_industry_output
v3.6,1998,FRA,"Manufacture of medical, precision and optical instruments, watches and clocks (33)",89,17659.583735160446,M.EUR,total_industry_output
v3.6,1998,GRC,"Manufacture of medical, precision and optical instruments, watches and clocks (33)",89,94.62509218140204,M.EUR,total_industry_output
v3.6,1998,HRV,"Manufacture of medical, precision and optical instruments, watches and clocks (33)",89,73.5704401312476,M.EUR,total_industry_output
v3.6,1998,HUN,"Manufacture of medical, precision and optical instruments, watches and clocks (33)",89,457.3786334788691,M.EUR,total_industry_output
v3.6,1998,IRL,"Manufacture of medical, precision and optical instruments, watches and clocks (33)",89,1994.7356898690755,M.EUR,total_industry_output
v3.6,1998,ITA,"Manufacture of medical, precision and optical instruments, watches and clocks (33)",89,12003.283307474796,M.EUR,total_industry_output
v3.6,1998,LTU,"Manufacture of medical, precision and optical instruments, watches and clocks (33)",89,58.71018434699241,M.EUR,total_industry_output
v3.6,1998,LUX,"Manufacture of medical, precision and optical instruments, watches and clocks (33)",89,282.26737926922385,M.EUR,total_industry_output
v3.6,1998,LVA,"Manufacture of medical, precision and optical instruments, watches and clocks (33)",89,13.127951448295473,M.EUR,total_industry_output
v3.6,1998,MLT,"Manufacture of medical, precision and optical instruments, watches and clocks (33)",89,36.36321271722702,M.EUR,total_industry_output
v3.6,1998,NLD,"Manufacture of medical, precision and optical instruments, watches and clocks (33)",89,4167.587660709228,M.EUR,total_industry_output
v3.6,1998,POL,"Manufacture of medical, precision and optical instruments, watches and clocks (33)",89,1066.604561069001,M.EUR,total_industry_output
v3.6,1998,PRT,"Manufacture of medical, precision and optical instruments, watches and clocks (33)",89,475.4912729525468,M.EUR,total_industry_output
v3.6,1998,ROU,"Manufacture of medical, precision and optical instruments, watches and clocks (33)",89,162.64428737246544,M.EUR,total_industry_output
v3.6,1998,SWE,"Manufacture of medical, precision and optical instruments, watches and clocks (33)",89,3986.2140931284557,M.EUR,total_industry_output
v3.6,1998,SVN,"Manufacture of medical, precision and optical instruments, watches and clocks (33)",89,240.99912603147177,M.EUR,total_industry_output
v3.6,1998,SVK,"Manufacture of medical, precision and optical instruments, watches and clocks (33)",89,224.43150696792185,M.EUR,total_industry_output
v3.6,1998,GBR,"Manufacture of medical, precision and optical instruments, watches and clocks (33)",89,15561.098726500908,M.EUR,total_industry_output
v3.6,1998,USA,"Manufacture of medical, precision and optical instruments, watches and clocks (33)",89,160442.01633956147,M.EUR,total_industry_output
v3.6,1998,JPN,"Manufacture of medical, precision and optical instruments, watches and clocks (33)",89,34543.40064705444,M.EUR,total_industry_output
v3.6,1998,CHN,"Manufacture of medical, precision and optical instruments, watches and clocks (33)",89,10800.223558966667,M.EUR,total_industry_output
v3.6,1998,CAN,"Manufacture of medical, precision and optical instruments, watches and clocks (33)",89,3392.2342998527106,M.EUR,total_industry_output
v3.6,1998,KOR,"Manufacture of medical, precision and optical instruments, watches and clocks (33)",89,4464.532763259432,M.EUR,total_industry_output
v3.6,1998,BRA,"Manufacture of medical, precision and optical instruments, watches and clocks (33)",89,7393.366715175464,M.EUR,total_industry_output
v3.6,1998,IND,"Manufacture of medical, precision and optical instruments, watches and clocks (33)",89,897.9153158824694,M.EUR,total_industry_output
v3.6,1998,MEX,"Manufacture of medical, precision and optical instruments, watches and clocks (33)",89,4360.15596959203,M.EUR,total_industry_output
v3.6,1998,RUS,"Manufacture of medical, precision and optical instruments, watches and clocks (33)",89,509.9130734139963,M.EUR,total_industry_output
v3.6,1998,AUS,"Manufacture of medical, precision and optical instruments, watches and clocks (33)",89,2605.4658572100757,M.EUR,total_industry_output
v3.6,1998,CHE,"Manufacture of medical, precision and optical instruments, watches and clocks (33)",89,13740.500727906272,M.EUR,total_industry_output
v3.6,1998,TUR,"Manufacture of medical, precision and optical instruments, watches and clocks (33)",89,492.6966000685266,M.EUR,total_industry_output
v3.6,1998,TWN,"Manufacture of medical, precision and optical instruments, watches and clocks (33)",89,7932.230949284385,M.EUR,total_industry_output
v3.6,1998,NOR,"Manufacture of medical, precision and optical instruments, watches and clocks (33)",89,1318.777456794435,M.EUR,total_industry_output
v3.6,1998,IDN,"Manufacture of medical, precision and optical instruments, watches and clocks (33)",89,644.7730085286264,M.EUR,total_industry_output
v3.6,1998,ZAF,"Manufacture of medical, precision and optical instruments, watches and clocks (33)",89,525.4040773275941,M.EUR,total_industry_output
v3.6,1998,WA,"Manufacture of medical, precision and optical instruments, watches and clocks (33)",89,4233.25129082003,M.EUR,total_industry_output
v3.6,1998,WL,"Manufacture of medical, precision and optical instruments, watches and clocks (33)",89,13386.168751471707,M.EUR,total_industry_output
v3.6,1998,WE,"Manufacture of medical, precision and optical instruments, watches and clocks (33)",89,1590.2101862276531,M.EUR,total_industry_output
v3.6,1998,WF,"Manufacture of medical, precision and optical instruments, watches and clocks (33)",89,2888.7614771992444,M.EUR,total_industry_output
v3.6,1998,WM,"Manufacture of medical, precision and optical instruments, watches and clocks (33)",89,5893.742731908829,M.EUR,total_industry_output
v3.6,1999,AUT,"Manufacture of medical, precision and optical instruments, watches and clocks (33)",89,1666.5104395869794,M.EUR,total_industry_output
v3.6,1999,BEL,"Manufacture of medical, precision and optical instruments, watches and clocks (33)",89,1248.247243343896,M.EUR,total_industry_output
v3.6,1999,BGR,"Manufacture of medical, precision and optical instruments, watches and clocks (33)",89,50.093748917991526,M.EUR,total_industry_output
v3.6,1999,CYP,"Manufacture of medical, precision and optical instruments, watches and clocks (33)",89,5.3085187470593596,M.EUR,total_industry_output
v3.6,1999,CZE,"Manufacture of medical, precision and optical instruments, watches and clocks (33)",89,735.7987305480477,M.EUR,total_industry_output
v3.6,1999,DEU,"Manufacture of medical, precision and optical instruments, watches and clocks (33)",89,32957.05054158901,M.EUR,total_industry_output
v3.6,1999,DNK,"Manufacture of medical, precision and optical instruments, watches and clocks (33)",89,2070.9856077212776,M.EUR,total_industry_output
v3.6,1999,EST,"Manufacture of medical, precision and optical instruments, watches and clocks (33)",89,47.35738867211646,M.EUR,total_industry_output
v3.6,1999,ESP,"Manufacture of medical, precision and optical instruments, watches and clocks (33)",89,3181.0085765773315,M.EUR,total_industry_output
v3.6,1999,FIN,"Manufacture of medical, precision and optical instruments, watches and clocks (33)",89,1653.181927692826,M.EUR,total_industry_output
v3.6,1999,FRA,"Manufacture of medical, precision and optical instruments, watches and clocks (33)",89,18973.099219273507,M.EUR,total_industry_output
v3.6,1999,GRC,"Manufacture of medical, precision and optical instruments, watches and clocks (33)",89,113.01030183944648,M.EUR,total_industry_output
v3.6,1999,HRV,"Manufacture of medical, precision and optical instruments, watches and clocks (33)",89,69.51283359246213,M.EUR,total_industry_output
v3.6,1999,HUN,"Manufacture of medical, precision and optical instruments, watches and clocks (33)",89,498.1023308434595,M.EUR,total_industry_output
v3.6,1999,IRL,"Manufacture of medical, precision and optical instruments, watches and clocks (33)",89,2551.173845876955,M.EUR,total_industry_output
v3.6,1999,ITA,"Manufacture of medical, precision and optical instruments, watches and clocks (33)",89,12694.906665567605,M.EUR,total_industry_output
v3.6,1999,LTU,"Manufacture of medical, precision and optical instruments, watches and clocks (33)",89,61.25176320661223,M.EUR,total_industry_output
v3.6,1999,LUX,"Manufacture of medical, precision and optical instruments, watches and clocks (33)",89,338.7239911475816,M.EUR,total_industry_output
v3.6,1999,LVA,"Manufacture of medical, precision and optical instruments, watches and clocks (33)",89,14.185167813525709,M.EUR,total_industry_output
v3.6,1999,MLT,"Manufacture of medical, precision and optical instruments, watches and clocks (33)",89,39.42563546899257,M.EUR,total_industry_output
v3.6,1999,NLD,"Manufacture of medical, precision and optical instruments, watches and clocks (33)",89,4809.352608447558,M.EUR,total_industry_output
v3.6,1999,POL,"Manufacture of medical, precision and optical instruments, watches and clocks (33)",89,1092.9114458566712,M.EUR,total_industry_output
v3.6,1999,PRT,"Manufacture of medical, precision and optical instruments, watches and clocks (33)",89,481.954619872698,M.EUR,total_industry_output
v3.6,1999,ROU,"Manufacture of medical, precision and optical instruments, watches and clocks (33)",89,149.80109928286433,M.EUR,total_industry_output
v3.6,1999,SWE,"Manufacture of medical, precision and optical instruments, watches and clocks (33)",89,4468.570746029848,M.EUR,total_industry_output
v3.6,1999,SVN,"Manufacture of medical, precision and optical instruments, watches and clocks (33)",89,249.7979109197448,M.EUR,total_industry_output
v3.6,1999,SVK,"Manufacture of medical, precision and optical instruments, watches and clocks (33)",89,158.17360105597936,M.EUR,total_industry_output
v3.6,1999,GBR,"Manufacture of medical, precision and optical instruments, watches and clocks (33)",89,16284.015781802582,M.EUR,total_industry_output
v3.6,1999,USA,"Manufacture of medical, precision and optical instruments, watches and clocks (33)",89,178466.49232173228,M.EUR,total_industry_output
v3.6,1999,JPN,"Manufacture of medical, precision and optical instruments, watches and clocks (33)",89,39608.258942603614,M.EUR,total_industry_output
v3.6,1999,CHN,"Manufacture of medical, precision and optical instruments, watches and clocks (33)",89,12222.083681116557,M.EUR,total_industry_output
v3.6,1999,CAN,"Manufacture of medical, precision and optical instruments, watches and clocks (33)",89,3955.4796571143484,M.EUR,total_industry_output
v3.6,1999,KOR,"Manufacture of medical, precision and optical instruments, watches and clocks (33)",89,6388.360655918493,M.EUR,total_industry_output
v3.6,1999,BRA,"Manufacture of medical, precision and optical instruments, watches and clocks (33)",89,6469.887363115299,M.EUR,total_industry_output
v3.6,1999,IND,"Manufacture of medical, precision and optical instruments, watches and clocks (33)",89,1206.2511665800535,M.EUR,total_industry_output
v3.6,1999,MEX,"Manufacture of medical, precision and optical instruments, watches and clocks (33)",89,5545.046261400513,M.EUR,total_industry_output
v3.6,1999,RUS,"Manufacture of medical, precision and optical instruments, watches and clocks (33)",89,447.3376765084102,M.EUR,total_industry_output
v3.6,1999,AUS,"Manufacture of medical, precision and optical instruments, watches and clocks (33)",89,2919.623870143924,M.EUR,total_industry_output
v3.6,1999,CHE,"Manufacture of medical, precision and optical instruments, watches and clocks (33)",89,14345.653140659188,M.EUR,total_industry_output
v3.6,1999,TUR,"Manufacture of medical, precision and optical instruments, watches and clocks (33)",89,483.48488758823777,M.EUR,total_industry_output
v3.6,1999,TWN,"Manufacture of medical, precision and optical instruments, watches and clocks (33)",89,9067.817904626434,M.EUR,total_industry_output
v3.6,1999,NOR,"Manufacture of medical, precision and optical instruments, watches and clocks (33)",89,1346.8498211806937,M.EUR,total_industry_output
v3.6,1999,IDN,"Manufacture of medical, precision and optical instruments, watches and clocks (33)",89,895.1610494148431,M.EUR,total_industry_output
v3.6,1999,ZAF,"Manufacture of medical, precision and optical instruments, watches and clocks (33)",89,767.6772316640033,M.EUR,total_industry_output
v3.6,1999,WA,"Manufacture of medical, precision and optical instruments, watches and clocks (33)",89,4780.515792122856,M.EUR,total_industry_output
v3.6,1999,WL,"Manufacture of medical, precision and optical instruments, watches and clocks (33)",89,13298.24114532539,M.EUR,total_industry_output
v3.6,1999,WE,"Manufacture of medical, precision and optical instruments, watches and clocks (33)",89,1482.936862681824,M.EUR,total_industry_output
v3.6,1999,WF,"Manufacture of medical, precision and optical instruments, watches and clocks (33)",89,2998.210100038735,M.EUR,total_industry_output
v3.6,1999,WM,"Manufacture of medical, precision and optical instruments, watches and clocks (33)",89,6743.188833197654,M.EUR,total_industry_output
v3.6,2000,AUT,"Manufacture of medical, precision and optical instruments, watches and clocks (33)",89,1888.596526926204,M.EUR,total_industry_output
v3.6,2000,BEL,"Manufacture of medical, precision and optical instruments, watches and clocks (33)",89,1667.5717489653248,M.EUR,total_industry_output
v3.6,2000,BGR,"Manufacture of medical, precision and optical instruments, watches and clocks (33)",89,55.46941517662567,M.EUR,total_industry_output
v3.6,2000,CYP,"Manufacture of medical, precision and optical instruments, watches and clocks (33)",89,8.417911733932446,M.EUR,total_industry_output
v3.6,2000,CZE,"Manufacture of medical, precision and optical instruments, watches and clocks (33)",89,928.5973039528718,M.EUR,total_industry_output
v3.6,2000,DEU,"Manufacture of medical, precision and optical instruments, watches and clocks (33)",89,41416.97225819634,M.EUR,total_industry_output
v3.6,2000,DNK,"Manufacture of medical, precision and optical instruments, watches and clocks (33)",89,2871.294211670185,M.EUR,total_industry_output
v3.6,2000,EST,"Manufacture of medical, precision and optical instruments, watches and clocks (33)",89,60.54838086717176,M.EUR,total_industry_output
v3.6,2000,ESP,"Manufacture of medical, precision and optical instruments, watches and clocks (33)",89,3520.685081402501,M.EUR,total_industry_output
v3.6,2000,FIN,"Manufacture of medical, precision and optical instruments, watches and clocks (33)",89,1946.7603293327459,M.EUR,total_industry_output
v3.6,2000,FRA,"Manufacture of medical, precision and optical instruments, watches and clocks (33)",89,22346.78510712757,M.EUR,total_industry_output
v3.6,2000,GRC,"Manufacture of medical, precision and optical instruments, watches and clocks (33)",89,131.86998153420694,M.EUR,total_industry_output
v3.6,2000,HRV,"Manufacture of medical, precision and optical instruments, watches and clocks (33)",89,71.29337766283241,M.EUR,total_industry_output
v3.6,2000,HUN,"Manufacture of medical, precision and optical instruments, watches and clocks (33)",89,609.3809012986877,M.EUR,total_industry_output
v3.6,2000,IRL,"Manufacture of medical, precision and optical instruments, watches and clocks (33)",89,3296.7364007922515,M.EUR,total_industry_output
v3.6,2000,ITA,"Manufacture of medical, precision and optical instruments, watches and clocks (33)",89,14215.06136753514,M.EUR,total_industry_output
v3.6,2000,LTU,"Manufacture of medical, precision and optical instruments, watches and clocks (33)",89,80.43198823852892,M.EUR,total_industry_output
v3.6,2000,LUX,"Manufacture of medical, precision and optical instruments, watches and clocks (33)",89,378.4472360474026,M.EUR,total_industry_output
v3.6,2000,LVA,"Manufacture of medical, precision and optical instruments, watches and clocks (33)",89,16.804783104160926,M.EUR,total_industry_output
v3.6,2000,MLT,"Manufacture of medical, precision and optical instruments, watches and clocks (33)",89,52.6691873168766,M.EUR,total_industry_output
v3.6,2000,NLD,"Manufacture of medical, precision and optical instruments, watches and clocks (33)",89,6380.704526236144,M.EUR,total_industry_output
v3.6,2000,POL,"Manufacture of medical, precision and optical instruments, watches and clocks (33)",89,1270.893260492155,M.EUR,total_industry_output
v3.6,2000,PRT,"Manufacture of medical, precision and optical instruments, watches and clocks (33)",89,527.448439454659,M.EUR,total_industry_output
v3.6,2000,ROU,"Manufacture of medical, precision and optical instruments, watches and clocks (33)",89,178.80781640436004,M.EUR,total_industry_output
v3.6,2000,SWE,"Manufacture of medical, precision and optical instruments, watches and clocks (33)",89,4693.760127249291,M.EUR,total_industry_output
v3.6,2000,SVN,"Manufacture of medical, precision and optical instruments, watches and clocks (33)",89,280.08461086260985,M.EUR,total_industry_output
v3.6,2000,SVK,"Manufacture of medical, precision and optical instruments, watches and clocks (33)",89,243.81988144990552,M.EUR,total_industry_output
v3.6,2000,GBR,"Manufacture of medical, precision and optical instruments, watches and clocks (33)",89,19679.4448396704,M.EUR,total_industry_output
v3.6,2000,USA,"Manufacture of medical, precision and optical instruments, watches and clocks (33)",89,235342.08105441992,M.EUR,total_industry_output
v3.6,2000,JPN,"Manufacture of medical, precision and optical instruments, watches and clocks (33)",89,53794.1240036051,M.EUR,total_industry_output
v3.6,2000,CHN,"Manufacture of medical, precision and optical instruments, watches and clocks (33)",89,17576.004234011652,M.EUR,total_industry_output
v3.6,2000,CAN,"Manufacture of medical, precision and optical instruments, watches and clocks (33)",89,6166.965184334982,M.EUR,total_industry_output
v3.6,2000,KOR,"Manufacture of medical, precision and optical instruments, watches and clocks (33)",89,9014.653890391188,M.EUR,total_industry_output
v3.6,2000,BRA,"Manufacture of medical, precision and optical instruments, watches and clocks (33)",89,6898.4088941202535,M.EUR,total_industry_output
v3.6,2000,IND,"Manufacture of medical, precision and optical instruments, watches and clocks (33)",89,1693.5498203174886,M.EUR,total_industry_output
v3.6,2000,MEX,"Manufacture of medical, precision and optical instruments, watches and clocks (33)",89,7890.630145122718,M.EUR,total_industry_output
v3.6,2000,RUS,"Manufacture of medical, precision and optical instruments, watches and clocks (33)",89,677.9825598897862,M.EUR,total_industry_output
v3.6,2000,AUS,"Manufacture of medical, precision and optical instruments, watches and clocks (33)",89,3064.9497585659524,M.EUR,total_industry_output
v3.6,2000,CHE,"Manufacture of medical, precision and optical instruments, watches and clocks (33)",89,19617.593587937332,M.EUR,total_industry_output
v3.6,2000,TUR,"Manufacture of medical, precision and optical instruments, watches and clocks (33)",89,643.6047038121671,M.EUR,total_industry_output
v3.6,2000,TWN,"Manufacture of medical, precision and optical instruments, watches and clocks (33)",89,14691.846176685072,M.EUR,total_industry_output
v3.6,2000,NOR,"Manufacture of medical, precision and optical instruments, watches and clocks (33)",89,1435.5366012359952,M.EUR,total_industry_output
v3.6,2000,IDN,"Manufacture of medical, precision and optical instruments, watches and clocks (33)",89,1284.8024476328849,M.EUR,total_industry_output
v3.6,2000,ZAF,"Manufacture of medical, precision and optical instruments, watches and clocks (33)",89,900.6981446875469,M.EUR,total_industry_output
v3.6,2000,WA,"Manufacture of medical, precision and optical instruments, watches and clocks (33)",89,6922.465344251119,M.EUR,total_industry_output
v3.6,2000,WL,"Manufacture of medical, precision and optical instruments, watches and clocks (33)",89,16242.456035717707,M.EUR,total_industry_output
v3.6,2000,WE,"Manufacture of medical, precision and optical instruments, watches and clocks (33)",89,1460.2345191134007,M.EUR,total_industry_output
v3.6,2000,WF,"Manufacture of medical, precision and optical instruments, watches and clocks (33)",89,3484.9299933491875,M.EUR,total_industry_output
v3.6,2000,WM,"Manufacture of medical, precision and optical instruments, watches and clocks (33)",89,8737.821629294745,M.EUR,total_industry_output
v3.6,2001,AUT,"Manufacture of medical, precision and optical instruments, watches and clocks (33)",89,2132.5913115666085,M.EUR,total_industry_output
v3.6,2001,BEL,"Manufacture of medical, precision and optical instruments, watches and clocks (33)",89,1607.254181968459,M.EUR,total_industry_output
v3.6,2001,BGR,"Manufacture of medical, precision and optical instruments, watches and clocks (33)",89,76.62257651402592,M.EUR,total_industry_output
v3.6,2001,CYP,"Manufacture of medical, precision and optical instruments, watches and clocks (33)",89,8.471924131822567,M.EUR,total_industry_output
v3.6,2001,CZE,"Manufacture of medical, precision and optical instruments, watches and clocks (33)",89,1039.0659707507705,M.EUR,total_industry_output
v3.6,2001,DEU,"Manufacture of medical, precision and optical instruments, watches and clocks (33)",89,43177.16675355641,M.EUR,total_industry_output
v3.6,2001,DNK,"Manufacture of medical, precision and optical instruments, watches and clocks (33)",89,3310.6703044975325,M.EUR,total_industry_output
v3.6,2001,EST,"Manufacture of medical, precision and optical instruments, watches and clocks (33)",89,53.487450923676576,M.EUR,total_industry_output
v3.6,2001,ESP,"Manufacture of medical, precision and optical instruments, watches and clocks (33)",89,3726.7041011256388,M.EUR,total_industry_output
v3.6,2001,FIN,"Manufacture of medical, precision and optical instruments, watches and clocks (33)",89,2160.8392282909786,M.EUR,total_industry_output
v3.6,2001,FRA,"Manufacture of medical, precision and optical instruments, watches and clocks (33)",89,22862.60080337982,M.EUR,total_industry_output
v3.6,2001,GRC,"Manufacture of medical, precision and optical instruments, watches and clocks (33)",89,242.94427934631554,M.EUR,total_industry_output
v3.6,2001,HRV,"Manufacture of medical, precision and optical instruments, watches and clocks (33)",89,80.92200736660635,M.EUR,total_industry_output
v3.6,2001,HUN,"Manufacture of medical, precision and optical instruments, watches and clocks (33)",89,728.6521887767849,M.EUR,total_industry_output
v3.6,2001,IRL,"Manufacture of medical, precision and optical instruments, watches and clocks (33)",89,4818.239524887243,M.EUR,total_industry_output
v3.6,2001,ITA,"Manufacture of medical, precision and optical instruments, watches and clocks (33)",89,15730.637433183476,M.EUR,total_industry_output
v3.6,2001,LTU,"Manufacture of medical, precision and optical instruments, watches and clocks (33)",89,83.49219729724327,M.EUR,total_industry_output
v3.6,2001,LUX,"Manufacture of medical, precision and optical instruments, watches and clocks (33)",89,383.0462516733877,M.EUR,total_industry_output
v3.6,2001,LVA,"Manufacture of medical, precision and optical instruments, watches and clocks (33)",89,16.88825118990869,M.EUR,total_industry_output
v3.6,2001,MLT,"Manufacture of medical, precision and optical instruments, watches and clocks (33)",89,43.04136215231006,M.EUR,total_industry_output
v3.6,2001,NLD,"Manufacture of medical, precision and optical instruments, watches and clocks (33)",89,6640.125067278419,M.EUR,total_industry_output
v3.6,2001,POL,"Manufacture of medical, precision and optical instruments, watches and clocks (33)",89,1336.5620219076432,M.EUR,total_industry_output
v3.6,2001,PRT,"Manufacture of medical, precision and optical instruments, watches and clocks (33)",89,570.8439161871231,M.EUR,total_industry_output
v3.6,2001,ROU,"Manufacture of medical, precision and optical instruments, watches and clocks (33)",89,227.23297971096449,M.EUR,total_industry_output
v3.6,2001,SWE,"Manufacture of medical, precision and optical instruments, watches and clocks (33)",89,4852.93150667798,M.EUR,total_industry_output
v3.6,2001,SVN,"Manufacture of medical, precision and optical instruments, watches and clocks (33)",89,286.65987653406575,M.EUR,total_industry_output
v3.6,2001,SVK,"Manufacture of medical, precision and optical instruments, watches and clocks (33)",89,230.53522757807102,M.EUR,total_industry_output
v3.6,2001,GBR,"Manufacture of medical, precision and optical instruments, watches and clocks (33)",89,20064.284836902483,M.EUR,total_industry_output
v3.6,2001,USA,"Manufacture of medical, precision and optical instruments, watches and clocks (33)",89,218692.27723717983,M.EUR,total_industry_output
v3.6,2001,JPN,"Manufacture of medical, precision and optical instruments, watches and clocks (33)",89,48196.36882438605,M.EUR,total_industry_output
v3.6,2001,CHN,"Manufacture of medical, precision and optical instruments, watches and clocks (33)",89,19483.961592732063,M.EUR,total_industry_output
v3.6,2001,CAN,"Manufacture of medical, precision and optical instruments, watches and clocks (33)",89,5615.61658089538,M.EUR,total_industry_output
v3.6,2001,KOR,"Manufacture of medical, precision and optical instruments, watches and clocks (33)",89,8345.13366768149,M.EUR,total_industry_output
v3.6,2001,BRA,"Manufacture of medical, precision and optical instruments, watches and clocks (33)",89,6369.826156090404,M.EUR,total_industry_output
v3.6,2001,IND,"Manufacture of medical, precision and optical instruments, watches and clocks (33)",89,1902.037953322842,M.EUR,total_industry_output
v3.6,2001,MEX,"Manufacture of medical, precision and optical instruments, watches and clocks (33)",89,8298.446247538535,M.EUR,total_industry_output
v3.6,2001,RUS,"Manufacture of medical, precision and optical instruments, watches and clocks (33)",89,800.0849998111433,M.EUR,total_industry_output
v3.6,2001,AUS,"Manufacture of medical, precision and optical instruments, watches and clocks (33)",89,2961.8185878814134,M.EUR,total_industry_output
v3.6,2001,CHE,"Manufacture of medical, precision and optical instruments, watches and clocks (33)",89,21115.999170774874,M.EUR,total_industry_output
v3.6,2001,TUR,"Manufacture of medical, precision and optical instruments, watches and clocks (33)",89,503.17617732541214,M.EUR,total_industry_output
v3.6,2001,TWN,"Manufacture of medical, precision and optical instruments, watches and clocks (33)",89,12175.519093909048,M.EUR,total_industry_output
v3.6,2001,NOR,"Manufacture of medical, precision and optical instruments, watches and clocks (33)",89,1633.9925494991,M.EUR,total_industry_output
v3.6,2001,IDN,"Manufacture of medical, precision and optical instruments, watches and clocks (33)",89,1280.624551896926,M.EUR,total_industry_output
v3.6,2001,ZAF,"Manufacture of medical, precision and optical instruments, watches and clocks (33)",89,568.7009965059349,M.EUR,total_industry_output
v3.6,2001,WA,"Manufacture of medical, precision and optical instruments, watches and clocks (33)",89,6982.288397697302,M.EUR,total_industry_output
v3.6,2001,WL,"Manufacture of medical, precision and optical instruments, watches and clocks (33)",89,16667.976954993148,M.EUR,total_industry_output
v3.6,2001,WE,"Manufacture of medical, precision and optical instruments, watches and clocks (33)",89,1834.8480619966458,M.EUR,total_industry_output
v3.6,2001,WF,"Manufacture of medical, precision and optical instruments, watches and clocks (33)",89,3571.4746453654593,M.EUR,total_industry_output
v3.6,2001,WM,"Manufacture of medical, precision and optical instruments, watches and clocks (33)",89,8964.13615324503,M.EUR,total_industry_output
v3.6,2002,AUT,"Manufacture of medical, precision and optical instruments, watches and clocks (33)",89,2212.097032858478,M.EUR,total_industry_output
v3.6,2002,BEL,"Manufacture of medical, precision and optical instruments, watches and clocks (33)",89,1481.4209126591138,M.EUR,total_industry_output
v3.6,2002,BGR,"Manufacture of medical, precision and optical instruments, watches and clocks (33)",89,95.39565219306071,M.EUR,total_industry_output
v3.6,2002,CYP,"Manufacture of medical, precision and optical instruments, watches and clocks (33)",89,8.511133528406882,M.EUR,total_industry_output
v3.6,2002,CZE,"Manufacture of medical, precision and optical instruments, watches and clocks (33)",89,1161.1201478301286,M.EUR,total_industry_output
v3.6,2002,DEU,"Manufacture of medical, precision and optical instruments, watches and clocks (33)",89,41291.63260097271,M.EUR,total_industry_output
v3.6,2002,DNK,"Manufacture of medical, precision and optical instruments, watches and clocks (33)",89,3047.6533736410634,M.EUR,total_industry_output
v3.6,2002,EST,"Manufacture of medical, precision and optical instruments, watches and clocks (33)",89,57.635187444130096,M.EUR,total_industry_output
v3.6,2002,ESP,"Manufacture of medical, precision and optical instruments, watches and clocks (33)",89,3818.594342436315,M.EUR,total_industry_output
v3.6,2002,FIN,"Manufacture of medical, precision and optical instruments, watches and clocks (33)",89,2190.275128156231,M.EUR,total_industry_output
v3.6,2002,FRA,"Manufacture of medical, precision and optical instruments, watches and clocks (33)",89,24727.60513220545,M.EUR,total_industry_output
v3.6,2002,GRC,"Manufacture of medical, precision and optical instruments, watches and clocks (33)",89,327.318948420418,M.EUR,total_industry_output
v3.6,2002,HRV,"Manufacture of medical, precision and optical instruments, watches and clocks (33)",89,89.48206560671139,M.EUR,total_industry_output
v3.6,2002,HUN,"Manufacture of medical, precision and optical instruments, watches and clocks (33)",89,851.0089967906624,M.EUR,total_industry_output
v3.6,2002,IRL,"Manufacture of medical, precision and optical instruments, watches and clocks (33)",89,5836.668000071189,M.EUR,total_industry_output
v3.6,2002,ITA,"Manufacture of medical, precision and optical instruments, watches and clocks (33)",89,17120.66299665398,M.EUR,total_industry_output
v3.6,2002,LTU,"Manufacture of medical, precision and optical instruments, watches and clocks (33)",89,91.08029662780872,M.EUR,total_industry_output
v3.6,2002,LUX,"Manufacture of medical, precision and optical instruments, watches and clocks (33)",89,394.5417221136466,M.EUR,total_industry_output
v3.6,2002,LVA,"Manufacture of medical, precision and optical instruments, watches and clocks (33)",89,17.961011058795666,M.EUR,total_industry_output
v3.6,2002,MLT,"Manufacture of medical, precision and optical instruments, watches and clocks (33)",89,50.32331455790851,M.EUR,total_industry_output
v3.6,2002,NLD,"Manufacture of medical, precision and optical instruments, watches and clocks (33)",89,6868.516239942186,M.EUR,total_industry_output
v3.6,2002,POL,"Manufacture of medical, precision and optical instruments, watches and clocks (33)",89,1332.5546897829122,M.EUR,total_industry_output
v3.6,2002,PRT,"Manufacture of medical, precision and optical instruments, watches and clocks (33)",89,620.3203167098414,M.EUR,total_industry_output
v3.6,2002,ROU,"Manufacture of medical, precision and optical instruments, watches and clocks (33)",89,244.69379306845073,M.EUR,total_industry_output
v3.6,2002,SWE,"Manufacture of medical, precision and optical instruments, watches and clocks (33)",89,4979.947457885807,M.EUR,total_industry_output
v3.6,2002,SVN,"Manufacture of medical, precision and optical instruments, watches and clocks (33)",89,303.4063748494171,M.EUR,total_industry_output
v3.6,2002,SVK,"Manufacture of medical, precision and optical instruments, watches and clocks (33)",89,257.69506858375513,M.EUR,total_industry_output
v3.6,2002,GBR,"Manufacture of medical, precision and optical instruments, watches and clocks (33)",89,19513.09800809954,M.EUR,total_industry_output
v3.6,2002,USA,"Manufacture of medical, precision and optical instruments, watches and clocks (33)",89,191158.51783368608,M.EUR,total_industry_output
v3.6,2002,JPN,"Manufacture of medical, precision and optical instruments, watches and clocks (33)",89,39936.52967005773,M.EUR,total_industry_output
v3.6,2002,CHN,"Manufacture of medical, precision and optical instruments, watches and clocks (33)",89,20413.28936180202,M.EUR,total_industry_output
v3.6,2002,CAN,"Manufacture of medical, precision and optical instruments, watches and clocks (33)",89,5552.712003103968,M.EUR,total_industry_output
v3.6,2002,KOR,"Manufacture of medical, precision and optical instruments, watches and clocks (33)",89,8956.49645385696,M.EUR,total_industry_output
v3.6,2002,BRA,"Manufacture of medical, precision and optical instruments, watches and clocks (33)",89,5690.841659438558,M.EUR,total_industry_output
v3.6,2002,IND,"Manufacture of medical, precision and optical instruments, watches and clocks (33)",89,2052.8161381418513,M.EUR,total_industry_output
v3.6,2002,MEX,"Manufacture of medical, precision and optical instruments, watches and clocks (33)",89,8103.489663746204,M.EUR,total_industry_output
v3.6,2002,RUS,"Manufacture of medical, precision and optical instruments, watches and clocks (33)",89,719.0058452505311,M.EUR,total_industry_output
v3.6,2002,AUS,"Manufacture of medical, precision and optical instruments, watches and clocks (33)",89,3161.9012738348665,M.EUR,total_industry_output
v3.6,2002,CHE,"Manufacture of medical, precision and optical instruments, watches and clocks (33)",89,21291.313565831875,M.EUR,total_industry_output
v3.6,2002,TUR,"Manufacture of medical, precision and optical instruments, watches and clocks (33)",89,605.3878445394973,M.EUR,total_industry_output
v3.6,2002,TWN,"Manufacture of medical, precision and optical instruments, watches and clocks (33)",89,12033.589509060084,M.EUR,total_industry_output
v3.6,2002,NOR,"Manufacture of medical, precision and optical instruments, watches and clocks (33)",89,1932.5542325709378,M.EUR,total_industry_output
v3.6,2002,IDN,"Manufacture of medical, precision and optical instruments, watches and clocks (33)",89,1262.3539599537578,M.EUR,total_industry_output
v3.6,2002,ZAF,"Manufacture of medical, precision and optical instruments, watches and clocks (33)",89,522.4461221361404,M.EUR,total_industry_output
v3.6,2002,WA,"Manufacture of medical, precision and optical instruments, watches and clocks (33)",89,6760.298729906656,M.EUR,total_industry_output
v3.6,2002,WL,"Manufacture of medical, precision and optical instruments, watches and clocks (33)",89,13251.443768667674,M.EUR,total_industry_output
v3.6,2002,WE,"Manufacture of medical, precision and optical instruments, watches and clocks (33)",89,1973.1244337942442,M.EUR,total_industry_output
v3.6,2002,WF,"Manufacture of medical, precision and optical instruments, watches and clocks (33)",89,3596.3894742096286,M.EUR,total_industry_output
v3.6,2002,WM,"Manufacture of medical, precision and optical instruments, watches and clocks (33)",89,9163.542482703368,M.EUR,total_industry_output
v3.6,2003,AUT,"Manufacture of medical, precision and optical instruments, watches and clocks (33)",89,2391.9765919754773,M.EUR,total_industry_output
v3.6,2003,BEL,"Manufacture of medical, precision and optical instruments, watches and clocks (33)",89,1464.673276510253,M.EUR,total_industry_output
v3.6,2003,BGR,"Manufacture of medical, precision and optical instruments, watches and clocks (33)",89,102.56288884045634,M.EUR,total_industry_output
v3.6,2003,CYP,"Manufacture of medical, precision and optical instruments, watches and clocks (33)",89,9.057160978914935,M.EUR,total_industry_output
v3.6,2003,CZE,"Manufacture of medical, precision and optical instruments, watches and clocks (33)",89,1131.450045551902,M.EUR,total_industry_output
v3.6,2003,DEU,"Manufacture of medical, precision and optical instruments, watches and clocks (33)",89,42442.745318402354,M.EUR,total_industry_output
v3.6,2003,DNK,"Manufacture of medical, precision and optical instruments, watches and clocks (33)",89,3062.5662231929873,M.EUR,total_industry_output
v3.6,2003,EST,"Manufacture of medical, precision and optical instruments, watches and clocks (33)",89,79.47618221166813,M.EUR,total_industry_output
v3.6,2003,ESP,"Manufacture of medical, precision and optical instruments, watches and clocks (33)",89,3909.1354532579076,M.EUR,total_industry_output
v3.6,2003,FIN,"Manufacture of medical, precision and optical instruments, watches and clocks (33)",89,2070.7127885228188,M.EUR,total_industry_output
v3.6,2003,FRA,"Manufacture of medical, precision and optical instruments, watches and clocks (33)",89,23609.6362637256,M.EUR,total_industry_output
v3.6,2003,GRC,"Manufacture of medical, precision and optical instruments, watches and clocks (33)",89,432.8040029021412,M.EUR,total_industry_output
v3.6,2003,HRV,"Manufacture of medical, precision and optical instruments, watches and clocks (33)",89,93.23851147730086,M.EUR,total_industry_output
v3.6,2003,HUN,"Manufacture of medical, precision and optical instruments, watches and clocks (33)",89,970.1354305989389,M.EUR,total_industry_output
v3.6,2003,IRL,"Manufacture of medical, precision and optical instruments, watches and clocks (33)",89,5873.866971636613,M.EUR,total_industry_output
v3.6,2003,ITA,"Manufacture of medical, precision and optical instruments, watches and clocks (33)",89,15699.992382584967,M.EUR,total_industry_output
v3.6,2003,LTU,"Manufacture of medical, precision and optical instruments, watches and clocks (33)",89,86.38680431901399,M.EUR,total_industry_output
v3.6,2003,LUX,"Manufacture of medical, precision and optical instruments, watches and clocks (33)",89,416.6718373626094,M.EUR,total_industry_output
v3.6,2003,LVA,"Manufacture of medical, precision and optical instruments, watches and clocks (33)",89,19.011129455933762,M.EUR,total_industry_output
v3.6,2003,MLT,"Manufacture of medical, precision and optical instruments, watches and clocks (33)",89,54.57784200017206,M.EUR,total_industry_output
v3.6,2003,NLD,"Manufacture of medical, precision and optical instruments, watches and clocks (33)",89,6427.24418735181,M.EUR,total_industry_output
v3.6,2003,POL,"Manufacture of medical, precision and optical instruments, watches and clocks (33)",89,1277.1095941843664,M.EUR,total_industry_output
v3.6,2003,PRT,"Manufacture of medical, precision and optical instruments, watches and clocks (33)",89,647.9370829297051,M.EUR,total_industry_output
v3.6,2003,ROU,"Manufacture of medical, precision and optical instruments, watches and clocks (33)",89,250.6479324899558,M.EUR,total_industry_output
v3.6,2003,SWE,"Manufacture of medical, precision and optical instruments, watches and clocks (33)",89,5227.898194154888,M.EUR,total_industry_output
v3.6,2003,SVN,"Manufacture of medical, precision and optical instruments, watches and clocks (33)",89,317.2263174169171,M.EUR,total_industry_output
v3.6,2003,SVK,"Manufacture of medical, precision and optical instruments, watches and clocks (33)",89,288.38848148396255,M.EUR,total_industry_output
v3.6,2003,GBR,"Manufacture of medical, precision and optical instruments, watches and clocks (33)",89,17602.55483029889,M.EUR,total_industry_output
v3.6,2003,USA,"Manufacture of medical, precision and optical instruments, watches and clocks (33)",89,163427.93179325506,M.EUR,total_industry_output
v3.6,2003,JPN,"Manufacture of medical, precision and optical instruments, watches and clocks (33)",89,37523.2289686297,M.EUR,total_industry_output
v3.6,2003,CHN,"Manufacture of medical, precision and optical instruments, watches and clocks (33)",89,21117.204643130004,M.EUR,total_industry_output
v3.6,2003,CAN,"Manufacture of medical, precision and optical instruments, watches and clocks (33)",89,5122.484529107591,M.EUR,total_industry_output
v3.6,2003,KOR,"Manufacture of medical, precision and optical instruments, watches and clocks (33)",89,9528.274887591753,M.EUR,total_industry_output
v3.6,2003,BRA,"Manufacture of medical, precision and optical instruments, watches and clocks (33)",89,5699.8489944635585,M.EUR,total_industry_output
v3.6,2003,IND,"Manufacture of medical, precision and optical instruments, watches and clocks (33)",89,2126.488641249436,M.EUR,total_industry_output
v3.6,2003,MEX,"Manufacture of medical, precision and optical instruments, watches and clocks (33)",89,6807.483683045543,M.EUR,total_industry_output
v3.6,2003,RUS,"Manufacture of medical, precision and optical instruments, watches and clocks (33)",89,802.4016799186113,M.EUR,total_industry_output
v3.6,2003,AUS,"Manufacture of medical, precision and optical instruments, watches and clocks (33)",89,3321.59640493825,M.EUR,total_industry_output
v3.6,2003,CHE,"Manufacture of medical, precision and optical instruments, watches and clocks (33)",89,20390.66800315508,M.EUR,total_industry_output
v3.6,2003,TUR,"Manufacture of medical, precision and optical instruments, watches and clocks (33)",89,634.9603478132766,M.EUR,total_industry_output
v3.6,2003,TWN,"Manufacture of medical, precision and optical instruments, watches and clocks (33)",89,11197.279078550315,M.EUR,total_industry_output
v3.6,2003,NOR,"Manufacture of medical, precision and optical instruments, watches and clocks (33)",89,1597.0758593829867,M.EUR,total_industry_output
v3.6,2003,IDN,"Manufacture of medical, precision and optical instruments, watches and clocks (33)",89,1272.2495112617069,M.EUR,total_industry_output
v3.6,2003,ZAF,"Manufacture of medical, precision and optical instruments, watches and clocks (33)",89,638.3667629829204,M.EUR,total_industry_output
v3.6,2003,WA,"Manufacture of medical, precision and optical instruments, watches and clocks (33)",89,5537.3628025200605,M.EUR,total_industry_output
v3.6,2003,WL,"Manufacture of medical, precision and optical instruments, watches and clocks (33)",89,11954.76552789724,M.EUR,total_industry_output
v3.6,2003,WE,"Manufacture of medical, precision and optical instruments, watches and clocks (33)",89,2044.899652499373,M.EUR,total_industry_output
v3.6,2003,WF,"Manufacture of medical, precision and optical instruments, watches and clocks (33)",89,3615.946291846979,M.EUR,total_industry_output
v3.6,2003,WM,"Manufacture of medical, precision and optical instruments, watches and clocks (33)",89,7838.055409304333,M.EUR,total_industry_output
v3.6,2004,AUT,"Manufacture of medical, precision and optical instruments, watches and clocks (33)",89,2681.440672088636,M.EUR,total_industry_output
v3.6,2004,BEL,"Manufacture of medical, precision and optical instruments, watches and clocks (33)",89,1536.5155292932716,M.EUR,total_industry_output
v3.6,2004,BGR,"Manufacture of medical, precision and optical instruments, watches and clocks (33)",89,119.891997194552,M.EUR,total_industry_output
v3.6,2004,CYP,"Manufacture of medical, precision and optical instruments, watches and clocks (33)",89,10.594252107739138,M.EUR,total_industry_output
v3.6,2004,CZE,"Manufacture of medical, precision and optical instruments, watches and clocks (33)",89,1410.5277853363862,M.EUR,total_industry_output
v3.6,2004,DEU,"Manufacture of medical, precision and optical instruments, watches and clocks (33)",89,44101.92255487516,M.EUR,total_industry_output
v3.6,2004,DNK,"Manufacture of medical, precision and optical instruments, watches and clocks (33)",89,3044.142041163312,M.EUR,total_industry_output
v3.6,2004,EST,"Manufacture of medical, precision and optical instruments, watches and clocks (33)",89,94.79158715456053,M.EUR,total_industry_output
v3.6,2004,ESP,"Manufacture of medical, precision and optical instruments, watches and clocks (33)",89,3999.29061026358,M.EUR,total_industry_output
v3.6,2004,FIN,"Manufacture of medical, precision and optical instruments, watches and clocks (33)",89,2033.392529165397,M.EUR,total_industry_output
v3.6,2004,FRA,"Manufacture of medical, precision and optical instruments, watches and clocks (33)",89,23916.091634114768,M.EUR,total_industry_output
v3.6,2004,GRC,"Manufacture of medical, precision and optical instruments, watches and clocks (33)",89,317.5118623640954,M.EUR,total_industry_output
v3.6,2004,HRV,"Manufacture of medical, precision and optical instruments, watches and clocks (33)",89,102.32766249201713,M.EUR,total_industry_output
v3.6,2004,HUN,"Manufacture of medical, precision and optical instruments, watches and clocks (33)",89,1019.3093218858668,M.EUR,total_industry_output
v3.6,2004,IRL,"Manufacture of medical, precision and optical instruments, watches and clocks (33)",89,6091.163121930193,M.EUR,total_industry_output
v3.6,2004,ITA,"Manufacture of medical, precision and optical instruments, watches and clocks (33)",89,16683.00848826259,M.EUR,total_industry_output
v3.6,2004,LTU,"Manufacture of medical, precision and optical instruments, watches and clocks (33)",89,98.32806300575255,M.EUR,total_industry_output
v3.6,2004,LUX,"Manufacture of medical, precision and optical instruments, watches and clocks (33)",89,480.71809350562506,M.EUR,total_industry_output
v3.6,2004,LVA,"Manufacture of medical, precision and optical instruments, watches and clocks (33)",89,45.9732262653594,M.EUR,total_industry_output
v3.6,2004,MLT,"Manufacture of medical, precision and optical instruments, watches and clocks (33)",89,52.07156378085214,M.EUR,total_industry_output
v3.6,2004,NLD,"Manufacture of medical, precision and optical instruments, watches and clocks (33)",89,7007.061260736169,M.EUR,total_industry_output
v3.6,2004,POL,"Manufacture of medical, precision and optical instruments, watches and clocks (33)",89,1451.4075721618447,M.EUR,total_industry_output
v3.6,2004,PRT,"Manufacture of medical, precision and optical instruments, watches and clocks (33)",89,644.6441498190263,M.EUR,total_industry_output
v3.6,2004,ROU,"Manufacture of medical, precision and optical instruments, watches and clocks (33)",89,296.57484822481246,M.EUR,total_industry_output
v3.6,2004,SWE,"Manufacture of medical, precision and optical instruments, watches and clocks (33)",89,5416.948424517481,M.EUR,total_industry_output
v3.6,2004,SVN,"Manufacture of medical, precision and optical instruments, watches and clocks (33)",89,354.7394282734634,M.EUR,total_industry_output
v3.6,2004,SVK,"Manufacture of medical, precision and optical instruments, watches and clocks (33)",89,334.9731015950201,M.EUR,total_industry_output
v3.6,2004,GBR,"Manufacture of medical, precision and optical instruments, watches and clocks (33)",89,17652.800486092914,M.EUR,total_industry_output
v3.6,2004,USA,"Manufacture of medical, precision and optical instruments, watches and clocks (33)",89,153774.4758264954,M.EUR,total_industry_output
v3.6,2004,JPN,"Manufacture of medical, precision and optical instruments, watches and clocks (33)",89,40526.98738967848,M.EUR,total_industry_output
v3.6,2004,CHN,"Manufacture of medical, precision and optical instruments, watches and clocks (33)",89,24309.191484272065,M.EUR,total_industry_output
v3.6,2004,CAN,"Manufacture of medical, precision and optical instruments, watches and clocks (33)",89,5366.078476147732,M.EUR,total_industry_output
v3.6,2004,KOR,"Manufacture of medical, precision and optical instruments, watches and clocks (33)",89,11674.942555257736,M.EUR,total_industry_output
v3.6,2004,BRA,"Manufacture of medical, precision and optical instruments, watches and clocks (33)",89,6590.486399825771,M.EUR,total_industry_output
v3.6,2004,IND,"Manufacture of medical, precision and optical instruments, watches and clocks (33)",89,2529.0601493219765,M.EUR,total_industry_output
v3.6,2004,MEX,"Manufacture of medical, precision and optical instruments, watches and clocks (33)",89,6751.229999835867,M.EUR,total_industry_output
v3.6,2004,RUS,"Manufacture of medical, precision and optical instruments, watches and clocks (33)",89,967.3346705036507,M.EUR,total_industry_output
v3.6,2004,AUS,"Manufacture of medical, precision and optical instruments, watches and clocks (33)",89,3486.1015415827874,M.EUR,total_industry_output
v3.6,2004,CHE,"Manufacture of medical, precision and optical instruments, watches and clocks (33)",89,21109.297742947445,M.EUR,total_industry_output
v3.6,2004,TUR,"Manufacture of medical, precision and optical instruments, watches and clocks (33)",89,758.1455919435031,M.EUR,total_industry_output
v3.6,2004,TWN,"Manufacture of medical, precision and optical instruments, watches and clocks (33)",89,13350.940576759216,M.EUR,total_industry_output
v3.6,2004,NOR,"Manufacture of medical, precision and optical instruments, watches and clocks (33)",89,1713.2222930457033,M.EUR,total_industry_output
v3.6,2004,IDN,"Manufacture of medical, precision and optical instruments, watches and clocks (33)",89,1314.10798784307,M.EUR,total_industry_output
v3.6,2004,ZAF,"Manufacture of medical, precision and optical instruments, watches and clocks (33)",89,768.1112109323075,M.EUR,total_industry_output
v3.6,2004,WA,"Manufacture of medical, precision and optical instruments, watches and clocks (33)",89,6514.740740195672,M.EUR,total_industry_output
v3.6,2004,WL,"Manufacture of medical, precision and optical instruments, watches and clocks (33)",89,12703.368906961376,M.EUR,total_industry_output
v3.6,2004,WE,"Manufacture of medical, precision and optical instruments, watches and clocks (33)",89,2513.5148388698435,M.EUR,total_industry_output
v3.6,2004,WF,"Manufacture of medical, precision and optical instruments, watches and clocks (33)",89,3903.2281426772506,M.EUR,total_industry_output
v3.6,2004,WM,"Manufacture of medical, precision and optical instruments, watches and clocks (33)",89,8324.686845340428,M.EUR,total_industry_output
