model_id,indicator_id,scope_id,producing_region_id,producing_industry_id,value
1,1,1,7,165,0.0973758018470864
1,1,3,1,96,7.777167821713778e-06
1,1,3,1,97,1.0004971700883208e-05
1,1,3,1,99,7.511461366583237e-11
1,1,3,1,100,1.719842676738692e-13
1,1,3,1,101,6.793792995262968e-07
1,1,3,1,102,2.0565357159305644e-12
1,1,3,1,107,2.1313651689466218e-13
1,1,3,1,108,5.809953906482131e-10
1,1,3,1,109,1.2395425976282464e-09
1,1,3,1,111,7.475363356351905e-10
1,1,3,2,96,0.0001650531266836
1,1,3,2,97,0.0003679299336143
1,1,3,2,98,0.000472995476341
1,1,3,2,101,3.135057443192166e-05
1,1,3,2,102,3.855503880733882e-05
1,1,3,3,96,1.016678999897856e-05
1,1,3,3,97,5.3410976896955335e-08
1,1,3,3,98,4.016049321453046e-06
1,1,3,3,99,4.904945023651354e-10
1,1,3,3,100,1.2066775088199318e-10
1,1,3,3,101,1.650972940139131e-09
1,1,3,3,102,6.01668667729404e-14
1,1,3,3,107,1.1281658052894963e-10
1,1,3,3,108,1.535383445419624e-09
1,1,3,3,109,3.6124436270806904e-09
1,1,3,3,111,4.57014799159963e-07
1,1,3,5,96,5.717469736166984e-09
1,1,3,5,97,2.5439909679425153e-11
1,1,3,5,98,2.979352692718203e-09
1,1,3,5,99,2.705273383386886e-10
1,1,3,5,100,2.1362352000037247e-11
1,1,3,5,101,3.787606989982241e-12
1,1,3,5,102,2.4142240546763027e-10
1,1,3,5,103,4.703177381372692e-14
1,1,3,5,107,5.96501394423387e-10
1,1,3,5,108,2.522208270319731e-09
1,1,3,5,109,1.4653453823038153e-08
1,1,3,5,111,9.475446556003469e-08
1,1,3,6,96,0.0020081546907233
1,1,3,6,97,0.0002381701731197
1,1,3,6,98,0.0013680637932853
1,1,3,6,99,1.352235842218602e-09
1,1,3,6,100,1.8825918055715742e-09
1,1,3,6,101,6.724889924392263e-06
1,1,3,6,102,3.035553647875918e-05
1,1,3,6,103,7.133868415917933e-11
1,1,3,6,107,5.769104603181262e-10
1,1,3,6,108,2.3116056089839644e-08
1,1,3,6,109,6.344791613347103e-08
1,1,3,6,111,1.0047760259260296e-08
1,1,3,7,102,0.0404665849300418
1,1,3,8,96,1.589437226339543e-12
1,1,3,8,97,7.414092733313309e-06
1,1,3,8,99,6.841430492200028e-14
1,1,3,8,100,3.517549845314682e-13
1,1,3,8,101,5.980786372569083e-07
1,1,3,8,102,1.6420525572097708e-13
1,1,3,8,107,1.3709391104798952e-12
1,1,3,8,108,6.971909788203664e-11
1,1,3,8,109,3.2634650207487074e-11
1,1,3,8,111,1.1023525983095987e-09
1,1,3,9,96,5.1305126259571934e-05
1,1,3,9,97,2.2789903381319107e-05
1,1,3,9,98,6.612070397287283e-05
1,1,3,9,99,6.270087036251303e-10
1,1,3,9,100,4.261348322743916e-10
1,1,3,9,101,2.6712520520874857e-06
1,1,3,9,102,8.909866746223162e-07
1,1,3,9,103,4.961451419391849e-12
1,1,3,9,104,2.427927230857111e-08
1,1,3,9,107,4.501232375127199e-11
1,1,3,9,108,6.950187423098063e-10
1,1,3,9,109,3.025152860412569e-08
1,1,3,9,111,5.426782808562086e-10
1,1,3,10,96,2.5257801042335764e-06
1,1,3,10,97,1.871476371192313e-06
1,1,3,10,98,1.1324702590697552e-09
1,1,3,10,99,8.551716540288932e-10
1,1,3,10,100,1.1541124684532636e-11
1,1,3,10,101,2.5864356953393894e-11
1,1,3,10,102,1.116142309650274e-05
1,1,3,10,103,3.343714947719214e-12
1,1,3,10,107,6.180006238221627e-11
1,1,3,10,108,4.283747616404397e-10
1,1,3,10,109,2.383516257636796e-09
1,1,3,10,111,1.0638356118059032e-08
1,1,3,11,96,2.5781543999152023e-08
1,1,3,11,97,1.9643865070659606e-09
1,1,3,11,98,1.2208971623136947e-06
1,1,3,11,101,4.4162010584459424e-10
1,1,3,11,102,2.2118827105947523e-09
1,1,3,12,96,0.0073610660461349
1,1,3,12,97,0.0003508823064205
1,1,3,12,101,1.671562690233967e-07
1,1,3,13,96,0.012012673364417
1,1,3,13,97,5.662381478862288e-06
1,1,3,13,99,2.617226876557417e-07
1,1,3,13,100,2.716998208106221e-07
1,1,3,13,101,1.6688868304334489e-06
1,1,3,13,102,6.063391470566685e-09
1,1,3,13,103,2.9228377337916783e-10
1,1,3,13,108,9.391578450310704e-07
1,1,3,13,109,4.929736909364792e-06
1,1,3,13,111,1.792258189633848e-07
1,1,3,14,96,1.1348426357342352e-05
1,1,3,14,97,3.512353475385711e-05
1,1,3,14,98,7.690432685355619e-05
1,1,3,14,99,1.9234479709255792e-10
1,1,3,14,100,4.209747110062131e-11
1,1,3,14,101,2.718524720599498e-09
1,1,3,14,102,2.827472248836999e-09
1,1,3,14,107,1.2795846991374226e-11
1,1,3,14,108,3.4487604951413414e-09
1,1,3,14,109,2.0495586223678383e-08
1,1,3,14,111,4.607243820223875e-07
1,1,3,15,96,2.625171502595731e-06
1,1,3,15,97,1.6903035903890785e-07
1,1,3,15,101,2.886760178996757e-08
1,1,3,15,102,1.6878479610762158e-06
1,1,3,16,96,4.9200896931885185e-06
1,1,3,16,97,2.8416253859052425e-05
1,1,3,16,99,3.079299646651181e-09
1,1,3,16,100,2.9249186294982445e-10
1,1,3,16,101,8.283261242726047e-06
1,1,3,16,102,1.0761936635407883e-06
1,1,3,16,103,6.33802048591424e-13
1,1,3,16,106,2.954571173741608e-06
1,1,3,16,107,1.139112919090516e-09
1,1,3,16,108,4.763298433913452e-10
1,1,3,16,109,2.2019258654203986e-07
1,1,3,16,111,3.164345989432267e-06
1,1,3,17,96,1.5687076547292255e-14
1,1,3,17,97,3.902054024453962e-05
1,1,3,17,98,5.7233771102335e-11
1,1,3,17,99,1.0410228170600064e-11
1,1,3,17,101,3.774632496947384e-07
1,1,3,17,102,7.248051026390956e-12
1,1,3,17,111,1.9843609489432992e-10
1,1,3,18,97,3.0694839499406724e-08
1,1,3,18,99,1.895440081219892e-10
1,1,3,18,100,8.295681335263234e-11
1,1,3,18,101,6.6066874462831215e-09
1,1,3,18,102,2.1458543907379238e-10
1,1,3,18,103,4.696252924270785e-13
1,1,3,18,108,1.3737542572070144e-09
1,1,3,18,109,3.2214924776860936e-08
1,1,3,19,97,3.004454358906478e-09
1,1,3,19,99,7.639199629062866e-10
1,1,3,19,100,2.0178946141589863e-11
1,1,3,19,101,3.9575166815967296e-10
1,1,3,19,102,2.5027549894504203e-11
1,1,3,19,108,5.14472737636708e-10
1,1,3,19,109,3.89604545515854e-09
1,1,3,19,111,6.204641648962425e-10
1,1,3,20,101,2.685457683146944e-14
1,1,3,20,108,1.0644204795115113e-14
1,1,3,20,109,6.367628498011407e-14
1,1,3,21,96,1.9928960591172137e-05
1,1,3,21,97,8.206137917826249e-06
1,1,3,21,98,1.3452524555263495e-11
1,1,3,21,100,8.628878024035838e-12
1,1,3,21,101,7.792585918950987e-12
1,1,3,21,102,7.960504473196473e-08
1,1,3,21,107,1.8485311786127765e-11
1,1,3,21,108,1.1685485566496942e-10
1,1,3,21,109,2.1598475136375048e-11
1,1,3,21,111,1.2760656760466554e-10
1,1,3,22,96,0.00016540680374
1,1,3,22,97,1.784305634506935e-06
1,1,3,22,99,9.458303501598796e-09
1,1,3,22,100,8.011385631884621e-10
1,1,3,22,101,1.1097760339344264e-08
1,1,3,22,102,7.659753520617595e-09
1,1,3,22,107,3.433213357976435e-09
1,1,3,22,108,2.584214265198077e-07
1,1,3,22,109,5.440235950454429e-07
1,1,3,22,111,2.1435956262419547e-06
1,1,3,23,96,7.329074825213166e-07
1,1,3,23,97,1.878358734424724e-06
1,1,3,23,99,5.684339218583087e-11
1,1,3,23,100,3.0506669027292103e-11
1,1,3,23,101,4.390094170493576e-07
1,1,3,23,102,1.2900603462244714e-07
1,1,3,23,103,3.9398858243838495e-14
1,1,3,23,106,3.354923988890733e-13
1,1,3,23,108,1.4200455270374323e-10
1,1,3,23,109,4.754608786200731e-10
1,1,3,23,111,2.6617249741405716e-12
1,1,3,24,96,2.2158911736512343e-09
1,1,3,24,97,5.993594744438243e-10
1,1,3,24,98,1.546626373635277e-09
1,1,3,24,101,2.6264650022100247e-11
1,1,3,25,96,1.513117028009351e-06
1,1,3,25,97,1.7284048366540585e-07
1,1,3,25,98,2.0870895015535807e-11
1,1,3,25,99,1.3525376268003308e-10
1,1,3,25,100,4.849868733463055e-13
1,1,3,25,101,4.8623923907107506e-08
1,1,3,25,102,2.305267926462774e-05
1,1,3,25,107,2.5242892517226253e-13
1,1,3,25,108,1.9576557498984967e-11
1,1,3,25,109,6.319596552040798e-11
1,1,3,25,111,8.018067216600825e-10
1,1,3,26,96,3.173118288359074e-05
1,1,3,26,97,1.5006313466185134e-13
1,1,3,26,98,3.0459902440782493e-05
1,1,3,26,99,2.969822040554994e-13
1,1,3,26,101,2.3806110751380357e-15
1,1,3,26,102,4.0606407888638973e-14
1,1,3,26,108,2.8874044047917417e-13
1,1,3,26,109,2.1960418220005973e-12
1,1,3,26,111,1.1585756117520944e-11
1,1,3,27,96,1.4018636717106862e-05
1,1,3,27,97,4.6989238773142307e-07
1,1,3,27,98,7.626206573611426e-05
1,1,3,27,99,2.351302949734409e-09
1,1,3,27,100,2.8790936198131596e-12
1,1,3,27,101,1.677516872404931e-09
1,1,3,27,102,2.398812220154546e-10
1,1,3,27,107,3.881372893919672e-10
1,1,3,27,108,4.792115464768935e-09
1,1,3,27,109,8.168894991267127e-09
1,1,3,27,111,4.9628929427892045e-09
1,1,3,28,96,0.0001568741128438
1,1,3,28,97,0.0009388064626484
1,1,3,28,98,1.897303148336847e-09
1,1,3,28,99,1.2333153498850107e-10
1,1,3,28,100,1.5837668366700218e-10
1,1,3,28,101,4.492660373905111e-05
1,1,3,28,102,4.8817264338153605e-06
1,1,3,28,103,1.0365726647765257e-13
1,1,3,28,107,9.997499197194635e-11
1,1,3,28,108,1.8607516931906977e-08
1,1,3,28,109,7.663907365880886e-08
1,1,3,28,111,1.1190077075475823e-09
1,1,3,29,96,5.467679586870837e-10
1,1,3,29,97,8.410298363704512e-11
1,1,3,29,98,1.6835193971911487e-10
1,1,3,29,101,5.3695559169536705e-12
1,1,3,29,102,5.18667027476463e-12
1,1,3,29,104,3.028042534979914e-14
1,1,3,29,106,3.00759541566572e-12
1,1,3,31,96,8.42826048688537e-08
1,1,3,31,97,2.3450203717060976e-12
1,1,3,31,101,1.479661694818846e-13
1,1,3,31,102,6.13635040325159e-13
1,1,3,31,106,3.614764861717404e-15
1,1,3,32,96,0.0001006107022637
1,1,3,32,97,1.1090219452835895e-05
1,1,3,32,98,0.0001305464179879
1,1,3,32,101,1.2716346151273691e-06
1,1,3,32,102,8.521385985770208e-07
1,1,3,34,96,3.892724374190055e-07
1,1,3,34,97,1.7131750077414462e-05
1,1,3,34,101,2.7774310444989107e-06
1,1,3,34,102,5.431384861589623e-09
1,1,3,36,97,5.852105043828664e-11
1,1,3,36,101,3.738285614007789e-09
1,1,3,36,106,3.5637948815035903e-10
1,1,3,37,96,7.760478016262683e-05
1,1,3,37,97,0.0004063565436187
1,1,3,37,98,3.943917219001709e-05
1,1,3,37,99,4.2537565097270475e-08
1,1,3,37,100,6.160313266669179e-11
1,1,3,37,101,6.684315678233182e-09
1,1,3,37,102,1.08811706791541e-09
1,1,3,37,106,1.246217777197221e-07
1,1,3,37,107,2.6228610501906623e-09
1,1,3,37,108,4.3529902414119743e-08
1,1,3,37,109,6.216287824595905e-08
1,1,3,37,111,1.2329181977798046e-07
1,1,3,38,96,1.5733377661810414e-05
1,1,3,38,97,1.5780100623657757e-07
1,1,3,38,101,1.5015437862884837e-08
1,1,3,38,102,6.523701361921839e-08
1,1,3,38,108,1.1522345506631184e-08
1,1,3,38,109,5.222548301640678e-08
1,1,3,39,97,2.838931985298156e-12
1,1,3,39,98,3.383710679279476e-05
1,1,3,39,99,1.4972944983319367e-10
1,1,3,39,100,7.265524930429083e-14
1,1,3,39,101,5.566543215169152e-12
1,1,3,39,102,2.074583893947189e-07
1,1,3,39,103,5.0325158449295286e-14
1,1,3,39,108,2.1086371008669483e-10
1,1,3,39,109,4.590036254856106e-10
1,1,3,39,111,1.4741864961623288e-11
1,1,3,40,96,3.79923882110771e-05
1,1,3,40,97,1.206618822292952e-05
1,1,3,40,99,2.934367647635983e-09
1,1,3,40,100,4.556604298965777e-12
1,1,3,40,101,0.0003249289882461
1,1,3,40,102,9.700731025028783e-15
1,1,3,40,106,4.682711816309327e-07
1,1,3,40,107,6.268474775739179e-11
1,1,3,40,108,1.1517589177588272e-08
1,1,3,40,109,2.8122114291619433e-08
1,1,3,40,111,2.20671686958105e-07
1,1,3,41,97,4.413957725124599e-13
1,1,3,42,96,9.08213030324608e-06
1,1,3,42,97,6.065960663174103e-07
1,1,3,42,99,2.39059328186754e-07
1,1,3,42,100,9.53490170362513e-07
1,1,3,42,101,1.5907461820123522e-10
1,1,3,42,102,2.0595480926483014e-09
1,1,3,42,107,1.5354820769231102e-10
1,1,3,42,108,2.651828477643437e-09
1,1,3,42,109,2.0840226492005555e-08
1,1,3,42,111,1.8742614995377292e-08
1,1,3,44,96,5.654141079111216e-06
1,1,3,45,96,9.824940731861612e-05
1,1,3,45,97,0.000674555523633
1,1,3,45,98,8.581789155364991e-05
1,1,3,45,99,2.532439087648336e-06
1,1,3,45,100,3.2479367302794297e-06
1,1,3,45,101,7.392130873655931e-05
1,1,3,45,102,9.077764755948714e-06
1,1,3,45,103,6.752862229133479e-07
1,1,3,45,106,3.5262489702123045e-05
1,1,3,45,107,1.0045713246950972e-05
1,1,3,45,108,7.388581793317825e-06
1,1,3,45,109,1.1368320138102533e-05
1,1,3,45,111,2.399112119585776e-05
1,1,3,46,96,7.888008516056814e-06
1,1,3,46,97,6.102691929551257e-05
1,1,3,46,98,3.4778235691736843e-05
1,1,3,46,99,5.159301871148448e-07
1,1,3,46,100,1.728600087112404e-07
1,1,3,46,101,2.9038935140008223e-06
1,1,3,46,102,4.055027650261841e-07
1,1,3,46,106,9.442476462423928e-07
1,1,3,46,107,2.2966565663719762e-07
1,1,3,46,108,3.445925746469817e-07
1,1,3,46,109,5.2533919205878e-07
1,1,3,47,96,0.0006758263394382
1,1,3,47,97,0.0003096061090056
1,1,3,47,98,0.0001716517872874
1,1,3,47,99,8.200048599502835e-07
1,1,3,47,100,1.5299327444226382e-06
1,1,3,47,101,2.65397663857336e-05
1,1,3,47,102,2.065048710299618e-06
1,1,3,47,106,0.0001373042433153
1,1,3,47,107,3.1308490530080702e-06
1,1,3,47,108,2.2739639085926653e-06
1,1,3,47,109,3.225197726859054e-06
1,1,3,47,111,1.692659722759601e-05
1,1,3,48,96,5.605895492131558e-06
1,1,3,48,97,6.640166997049676e-06
1,1,3,48,99,1.0033790343902429e-06
1,1,3,48,100,3.5322978578212906e-06
1,1,3,48,101,1.018563774543738e-06
1,1,3,48,102,3.1719298106930428e-06
1,1,3,48,103,8.185326070098304e-08
1,1,3,48,106,2.3696984095849e-06
1,1,3,48,108,1.593954087718465e-06
1,1,3,48,109,1.0760731685392329e-06
1,1,3,49,96,1.8376641869740585e-08
1,1,3,49,97,0.0002497291091517
1,1,3,49,99,1.2363106427182644e-08
1,1,3,49,100,3.968770018880997e-08
1,1,3,49,101,2.957229716611211e-05
1,1,3,49,102,6.406685502005977e-09
1,1,3,49,108,3.072892966008225e-08
1,1,3,49,109,7.814822448457979e-08
1,1,4,1,2,9.273106209374162e-05
1,1,4,1,3,0.0006967628371961
1,1,4,1,4,0.0008198102812359
1,1,4,1,5,0.0001582761068486
1,1,4,1,6,0.0012444943951992
1,1,4,1,8,0.0008494745617425
1,1,4,1,9,0.0025106134988622
1,1,4,1,10,0.0002864779321978
1,1,4,1,11,6.135192868406703e-05
1,1,4,1,12,0.000123798622132
1,1,4,1,13,7.842407248038116e-05
1,1,4,1,14,2.5634507935115567e-05
1,1,4,1,20,5.84196308426278e-08
1,1,4,1,21,1.2640864523060708e-05
1,1,4,1,22,2.1811462887101945e-05
1,1,4,1,25,1.2744508865569256e-06
1,1,4,1,31,2.9413249342949425e-06
1,1,4,1,32,2.9883337877789087e-06
1,1,4,1,33,1.735793235947965e-05
1,1,4,1,34,9.879141059120278e-06
1,1,4,1,35,4.049055922414764e-06
1,1,4,1,36,3.613924373845131e-06
1,1,4,1,37,7.076295347604624e-07
1,1,4,1,38,2.1828285353699662e-05
1,1,4,1,39,6.248933826303312e-05
1,1,4,1,40,3.2425508245276433e-05
1,1,4,1,41,4.970808159616341e-06
1,1,4,1,42,3.6494141129751786e-05
1,1,4,1,43,0.00010165415911
1,1,4,1,44,4.487106456102132e-05
1,1,4,1,45,1.573481901440827e-05
1,1,4,1,46,6.560864817012602e-07
1,1,4,1,47,2.9958281909249383e-05
1,1,4,1,48,2.8788436443207807e-05
1,1,4,1,49,3.8082329794946767e-06
1,1,4,1,50,4.995876111504251e-07
1,1,4,1,51,2.093606179219657e-07
1,1,4,1,52,0.0001133599597453
1,1,4,1,53,0.000315755422408
1,1,4,1,54,0.0017010302732017
1,1,4,1,55,4.6349990616448056e-05
1,1,4,1,56,1.2002038241873604e-05
1,1,4,1,57,0.0002372216455161
1,1,4,1,58,3.506208708680975e-07
1,1,4,1,59,0.0002746718199651
1,1,4,1,60,0.0001349172750453
1,1,4,1,61,0.0144915120926034
1,1,4,1,62,0.0020443436558256
1,1,4,1,63,0.0002619922627246
1,1,4,1,64,9.884684321459829e-06
1,1,4,1,65,4.796194240532163e-07
1,1,4,1,66,4.285469862387944e-07
1,1,4,1,67,9.088478364540428e-05
1,1,4,1,68,4.692476917556656e-06
1,1,4,1,69,1.9150001551854983e-05
1,1,4,1,70,5.558106486453533e-06
1,1,4,1,71,2.5103938119234063e-05
1,1,4,1,72,0.004542891193149
1,1,4,1,73,0.0007807119931628
1,1,4,1,74,1.2420615817932049e-06
1,1,4,1,76,0.0001097760653385
1,1,4,1,77,9.986448678313515e-05
1,1,4,1,78,2.5590539276522832e-05
1,1,4,1,79,2.2305559905226533e-05
1,1,4,1,80,2.0899981868817785e-05
1,1,4,1,81,5.015283711049357e-05
1,1,4,1,82,0.0001558873848624
1,1,4,1,84,1.175992237283492e-05
1,1,4,1,85,0.0002528398186003
1,1,4,1,86,1.6193316759300795e-05
1,1,4,1,87,1.550929908505732e-12
1,1,4,1,88,3.1037704077964796e-05
1,1,4,1,89,8.172408632369311e-07
1,1,4,1,90,3.237791036390687e-08
1,1,4,1,91,2.1597353613506925e-06
1,1,4,1,93,0.0001064959484709
1,1,4,1,94,6.780529321098314e-07
1,1,4,1,95,2.146508821451652e-05
1,1,4,1,96,0.0006226754672986
1,1,4,1,97,0.0011627185898143
1,1,4,1,99,1.1518396805679672e-08
1,1,4,1,100,2.9784672360830486e-11
1,1,4,1,101,3.29912653019278e-05
1,1,4,1,102,1.4537390077191478e-10
1,1,4,1,107,3.4143917245016504e-11
1,1,4,1,108,1.8967294350752613e-08
1,1,4,1,109,3.623507978321429e-08
1,1,4,1,110,8.458347577549507e-08
1,1,4,1,111,8.76161466312167e-09
1,1,4,1,112,2.837422185417721e-07
1,1,4,1,113,7.492911273562852e-07
1,1,4,1,114,1.7817765156512402e-09
1,1,4,1,117,0.0002225050561558
1,1,4,1,118,2.5529638340918898e-06
1,1,4,1,119,1.1515804102760863e-05
1,1,4,1,120,9.875995006074128e-08
1,1,4,1,121,3.984822577638264e-07
1,1,4,1,122,2.6034802638441453e-08
1,1,4,1,126,1.903898578405006e-05
1,1,4,1,133,4.274945811907698e-07
1,1,4,1,134,1.528118917233257e-05
1,1,4,1,135,2.7293920313529083e-06
1,1,4,1,136,9.708735209657105e-08
1,1,4,1,137,1.5939776790931775e-08
1,1,4,1,138,3.8772797712540557e-10
1,1,4,1,139,3.308226540683042e-08
1,1,4,1,140,2.7052239028614768e-08
1,1,4,1,141,8.969051805194637e-09
1,1,4,1,142,4.463056147250461e-07
1,1,4,1,143,3.957671366718855e-09
1,1,4,1,144,5.905079282939837e-09
1,1,4,1,145,3.0887750672203783e-08
1,1,4,1,146,6.939469412036683e-11
1,1,4,1,147,7.57136957406233e-12
1,1,4,1,148,2.2023332503351606e-10
1,1,4,1,149,4.2736245561253314e-07
1,1,4,1,150,2.5226657999942872e-11
1,1,4,1,151,1.8807344021691592e-08
1,1,4,1,152,4.3642234152000376e-08
1,1,4,1,153,1.9481025820754775e-08
1,1,4,1,154,3.2717509511558945e-08
1,1,4,1,155,4.9153057179648e-09
1,1,4,1,156,7.134954331540845e-08
1,1,4,1,157,1.572071748414955e-09
1,1,4,1,158,3.150616101471911e-09
1,1,4,1,159,2.749424690257957e-09
1,1,4,1,160,3.0403639299544096e-08
1,1,4,1,161,2.0978534865735116e-08
1,1,4,2,2,1.4175027872301245e-06
1,1,4,2,3,0.0003380618345943
1,1,4,2,4,0.0006047134505286
1,1,4,2,5,4.643334483517602e-05
1,1,4,2,6,7.174521182197761e-06
1,1,4,2,7,8.77052762698052e-05
1,1,4,2,8,8.586509183726246e-05
1,1,4,2,9,0.0043703830796098
1,1,4,2,10,0.0014750595834767
1,1,4,2,11,4.2771267915178494e-05
1,1,4,2,12,0.0002960109101749
1,1,4,2,13,2.7651447862517454e-05
1,1,4,2,14,2.7282618043491846e-05
1,1,4,2,18,3.6929345313426463e-08
1,1,4,2,19,2.0466336411275783e-08
1,1,4,2,32,0.0003104277582548
1,1,4,2,33,3.33185170040783e-05
1,1,4,2,34,4.267073137112301e-05
1,1,4,2,35,3.8450849531460525e-05
1,1,4,2,36,4.937258187248087e-05
1,1,4,2,37,3.4783034604083076e-05
1,1,4,2,38,0.0002089039509338
1,1,4,2,39,0.0008960148519516
1,1,4,2,40,0.0001594617282669
1,1,4,2,41,0.0065737173908306
1,1,4,2,42,0.0003009011771055
1,1,4,2,43,0.0021875087498001
1,1,4,2,44,0.0003919709631442
1,1,4,2,45,0.0177961797626015
1,1,4,2,46,1.5863223874715926e-05
1,1,4,2,47,0.0001457355190529
1,1,4,2,48,0.0023215640323738
1,1,4,2,49,4.7552370602190424e-05
1,1,4,2,50,2.7157519357969843e-05
1,1,4,2,51,3.148911167887848e-06
1,1,4,2,52,0.0014478544050169
1,1,4,2,53,0.0038496405239064
1,1,4,2,54,0.0034817842916345
1,1,4,2,55,0.0001060701882074
1,1,4,2,56,1.0092035360203392e-05
1,1,4,2,57,0.0046169285855134
1,1,4,2,58,8.658262316853788e-05
1,1,4,2,59,0.0066458981603363
1,1,4,2,60,0.0001472712228395
1,1,4,2,61,0.0257761029558281
1,1,4,2,62,0.0036375304751181
1,1,4,2,63,0.0029609652407457
1,1,4,2,64,0.0007586394606352
1,1,4,2,65,9.47131636474442e-05
1,1,4,2,66,2.5854569983899506e-05
1,1,4,2,67,2.639240959297829e-05
1,1,4,2,68,0.0004029069455112
1,1,4,2,69,0.0022306039755494
1,1,4,2,70,0.001017898258578
1,1,4,2,71,0.0002780316918446
1,1,4,2,72,0.0121864789783559
1,1,4,2,73,0.0081626278630599
1,1,4,2,74,5.534884489306352e-05
1,1,4,2,76,0.0012758549584979
1,1,4,2,77,2.169523571388633e-05
1,1,4,2,78,0.0001354913556811
1,1,4,2,79,4.753569773373429e-05
1,1,4,2,80,0.0004592240879049
1,1,4,2,81,0.0005687897261565
1,1,4,2,82,8.949054946314085e-06
1,1,4,2,84,5.0266008246927695e-06
1,1,4,2,85,0.0013357591052249
1,1,4,2,86,4.098411523031021e-06
1,1,4,2,87,1.8364565191532208e-08
1,1,4,2,88,1.765300055501128e-07
1,1,4,2,89,6.277909097703333e-08
1,1,4,2,90,1.2645179861972936e-06
1,1,4,2,91,7.488167641608316e-05
1,1,4,2,92,3.6724053921663694e-06
1,1,4,2,93,3.9643037716574577e-07
1,1,4,2,95,0.0001419708115585
1,1,4,2,96,0.0011577209209998
1,1,4,2,97,0.0035831209032375
1,1,4,2,98,0.0073459357819832
1,1,4,2,101,0.0002917573091909
1,1,4,2,102,0.0007559877463886
1,1,4,2,113,6.848544298450118e-05
1,1,4,2,114,3.586784661186995e-07
1,1,4,2,115,3.350007252144007e-07
1,1,4,2,116,1.1091397902426845e-08
1,1,4,2,117,0.0882030476470983
1,1,4,2,118,8.667659359144187e-06
1,1,4,2,119,9.31356795393862e-08
1,1,4,2,120,6.114352003271652e-05
1,1,4,2,121,0.0001701815803624
1,1,4,2,122,7.570298813751777e-06
1,1,4,2,126,3.946190572132902e-05
1,1,4,2,127,8.75658184587184e-08
1,1,4,2,128,2.6888894455108036e-06
1,1,4,2,132,4.735871428042185e-07
1,1,4,2,133,1.440509756725394e-05
1,1,4,2,135,0.0003083152086754
1,1,4,2,136,1.9481324823934137e-06
1,1,4,2,138,2.5107177974103506e-07
1,1,4,2,139,3.825689404588191e-05
1,1,4,2,140,2.7657647564525365e-05
1,1,4,2,141,6.12528446377635e-06
1,1,4,2,142,4.660800266677734e-05
1,1,4,2,143,3.351243043655573e-06
1,1,4,2,144,1.3153589310321754e-05
1,1,4,2,145,3.0866196340296735e-05
1,1,4,2,146,2.893508777236004e-06
1,1,4,2,147,3.566896546833783e-07
1,1,4,2,148,7.853390529309794e-06
1,1,4,2,149,3.548355114663634e-05
1,1,4,2,151,3.3047213126061674e-06
1,1,4,2,152,8.578145581550314e-06
1,1,4,2,153,2.369070679485577e-06
1,1,4,2,154,2.2529907798958093e-06
1,1,4,2,155,3.3582360555102924e-06
1,1,4,2,156,4.558497460478715e-06
1,1,4,2,157,2.4862979171915724e-07
1,1,4,2,158,2.7720159785447433e-07
1,1,4,2,159,3.5705515530578236e-06
1,1,4,2,160,4.33184880731795e-07
1,1,4,3,1,0.0036111994024866
1,1,4,3,2,0.0001022864436839
1,1,4,3,3,0.0027569968281759
1,1,4,3,4,0.0017351370376225
1,1,4,3,5,0.0034397240472877
1,1,4,3,6,8.577928500410732e-10
1,1,4,3,7,1.0689637508590386e-06
1,1,4,3,8,0.0008330124823494
1,1,4,3,9,0.0009940092011211
1,1,4,3,10,6.194933710520326e-05
1,1,4,3,11,3.183411207659209e-05
1,1,4,3,12,0.0001671089505026
1,1,4,3,13,1.8744545517453765e-05
1,1,4,3,14,1.1107281934152785e-07
1,1,4,3,15,3.415197517274289e-10
1,1,4,3,18,7.156685553902391e-06
1,1,4,3,19,1.3738888384073083e-06
1,1,4,3,20,1.0254015864985602e-06
1,1,4,3,21,1.153195547888716e-08
1,1,4,3,22,2.62148500292237e-08
1,1,4,3,23,1.7301314501342884e-09
1,1,4,3,26,6.044726117363968e-07
1,1,4,3,29,1.485681707222487e-06
1,1,4,3,30,1.8001472426009015e-08
1,1,4,3,31,2.0103157424128037e-08
1,1,4,3,32,7.382102376670199e-07
1,1,4,3,33,5.910960017677857e-06
1,1,4,3,34,8.625406271195935e-07
1,1,4,3,35,2.231954993450739e-05
1,1,4,3,36,3.2405079317047266e-05
1,1,4,3,37,7.070272050741226e-06
1,1,4,3,38,2.6672553382462383e-05
1,1,4,3,39,0.0001384157624444
1,1,4,3,40,0.0001743509928677
1,1,4,3,41,6.708580517230848e-07
1,1,4,3,42,1.3408600804606443e-05
1,1,4,3,43,0.0010274239664225
1,1,4,3,44,0.0003524529546503
1,1,4,3,45,0.0014156209584626
1,1,4,3,46,1.0329393154766368e-07
1,1,4,3,47,0.000110273313744
1,1,4,3,48,0.0002651688034347
1,1,4,3,49,0.0001185630658179
1,1,4,3,50,3.3718367743790894e-06
1,1,4,3,51,2.9461406195811563e-08
1,1,4,3,52,4.4467590104201146e-05
1,1,4,3,53,1.5058618917415662e-05
1,1,4,3,54,0.0009857317145846
1,1,4,3,55,7.503836267756423e-05
1,1,4,3,56,9.559626578404394e-07
1,1,4,3,57,0.0001352211104236
1,1,4,3,59,0.0003821998810811
1,1,4,3,60,0.0012146446464824
1,1,4,3,61,1.1507097924095651e-05
1,1,4,3,62,4.517898704536086e-05
1,1,4,3,63,0.0050965364450728
1,1,4,3,64,0.0010912473196939
1,1,4,3,65,1.067797402979534e-05
1,1,4,3,66,6.288384856741318e-07
1,1,4,3,67,0.0001739433228556
1,1,4,3,68,0.0001714306577471
1,1,4,3,69,0.0002423559274074
1,1,4,3,70,3.128932292841018e-05
1,1,4,3,71,0.0010497346049706
1,1,4,3,72,0.0008581969837391
1,1,4,3,73,0.0003513225937188
1,1,4,3,74,8.536774465557521e-07
1,1,4,3,76,5.758656118324364e-06
1,1,4,3,77,1.839739395034454e-05
1,1,4,3,78,1.81051574873216e-05
1,1,4,3,80,2.7870214924222312e-05
1,1,4,3,81,4.787652215802162e-07
1,1,4,3,82,1.8635383623514057e-07
1,1,4,3,84,2.183428102204413e-06
1,1,4,3,85,0.000556202144691
1,1,4,3,86,0.0003350504116611
1,1,4,3,87,1.6388986348228228e-05
1,1,4,3,88,0.0002892820225933
1,1,4,3,89,2.024245123779347e-05
1,1,4,3,90,9.83688125357884e-05
1,1,4,3,91,2.6055529066716426e-05
1,1,4,3,92,8.424523743920225e-06
1,1,4,3,93,0.0003124390037036
1,1,4,3,94,1.5570999554064964e-08
1,1,4,3,95,4.9382454740595246e-05
1,1,4,3,96,0.0067978835837179
1,1,4,3,97,0.0001909680729788
1,1,4,3,98,0.0033900790235061
1,1,4,3,99,5.650411631036547e-07
1,1,4,3,100,2.3087107054632978e-08
1,1,4,3,101,1.3131842737453483e-06
1,1,4,3,102,3.758939169975121e-10
1,1,4,3,107,3.009311982571041e-08
1,1,4,3,108,1.5803793037175306e-06
1,1,4,3,109,3.090827754972095e-06
1,1,4,3,110,3.6787975457125382e-06
1,1,4,3,111,0.000101176434711
1,1,4,3,112,5.4146667688937396e-08
1,1,4,3,113,3.2239577040134365e-05
1,1,4,3,115,0.000217901773177
1,1,4,3,116,0.0001145824987464
1,1,4,3,117,0.0019648851676459
1,1,4,3,118,0.0006778676254703
1,1,4,3,119,0.0001085224102259
1,1,4,3,120,8.902612899974134e-06
1,1,4,3,121,5.3866202326231976e-05
1,1,4,3,122,2.423161029246043e-06
1,1,4,3,126,6.953958017740073e-06
1,1,4,3,127,4.15174404134865e-06
1,1,4,3,128,1.939244678353386e-07
1,1,4,3,129,1.7747908052306097e-07
1,1,4,3,130,3.3552071319544775e-08
1,1,4,3,131,2.0583795826030746e-05
1,1,4,3,132,9.82256339113905e-07
1,1,4,3,133,7.883338941410265e-06
1,1,4,3,134,1.1470822360568781e-07
1,1,4,3,135,2.4089105120251553e-05
1,1,4,3,137,4.68607349495919e-09
1,1,4,3,138,1.1380274912489817e-08
1,1,4,3,139,1.2302390437693122e-08
1,1,4,3,140,4.718147066202168e-08
1,1,4,3,141,3.141315221432577e-08
1,1,4,3,142,4.904047067519368e-06
1,1,4,3,143,1.7354153526003634e-10
1,1,4,3,144,2.4568394882580517e-10
1,1,4,3,145,2.6414225356741255e-06
1,1,4,3,149,2.8017298402249803e-08
1,1,4,3,151,1.7731834869586266e-06
1,1,4,3,152,2.846913855062976e-06
1,1,4,3,153,1.76573708431549e-06
1,1,4,3,154,1.0118359993513449e-06
1,1,4,3,155,2.072619791824439e-07
1,1,4,3,156,1.3516890135854367e-06
1,1,4,3,157,1.9048586785637738e-07
1,1,4,3,158,7.134486160333567e-07
1,1,4,3,160,9.567774472994652e-07
1,1,4,3,161,1.050088250119271e-06
1,1,4,4,2,2.94728944669442e-05
1,1,4,4,3,2.888724749687466e-05
1,1,4,4,4,0.0019490650421948
1,1,4,4,5,1.955543765143021e-07
1,1,4,4,8,0.0003354397673698
1,1,4,4,9,3.2504535643185486e-05
1,1,4,4,10,1.410116122309445e-05
1,1,4,4,11,3.4314985022955132e-06
1,1,4,4,12,2.5478488140464877e-05
1,1,4,4,13,2.181906981460995e-06
1,1,4,4,14,6.126657370646328e-06
1,1,4,4,18,5.694284538874629e-09
1,1,4,4,35,1.228360245532436e-07
1,1,4,4,36,7.408336121112401e-07
1,1,4,4,37,2.8522215187615524e-07
1,1,4,4,38,1.1124834978907712e-08
1,1,4,4,39,3.807343651485827e-06
1,1,4,4,40,1.4307871760715804e-05
1,1,4,4,42,2.436746622960904e-08
1,1,4,4,43,4.720157611335837e-06
1,1,4,4,44,1.3244798208753567e-06
1,1,4,4,45,3.4365522718007867e-06
1,1,4,4,46,6.851795298065406e-09
1,1,4,4,47,1.0064441060235386e-08
1,1,4,4,48,1.641900188157466e-06
1,1,4,4,49,3.160543544542745e-09
1,1,4,4,50,7.998407508639116e-09
1,1,4,4,51,1.4552041226935272e-09
1,1,4,4,52,6.37589306654631e-08
1,1,4,4,53,4.524971486034164e-06
1,1,4,4,54,5.271877522880872e-07
1,1,4,4,55,1.7307382453878532e-07
1,1,4,4,59,1.7224277028505716e-07
1,1,4,4,60,4.814105326497933e-07
1,1,4,4,62,2.871710241777042e-09
1,1,4,4,63,1.7505287007785e-06
1,1,4,4,64,7.330930745258553e-08
1,1,4,4,67,2.4726722856266352e-08
1,1,4,4,68,5.67395109614026e-08
1,1,4,4,69,2.1782124313040457e-07
1,1,4,4,70,3.508544116217512e-08
1,1,4,4,71,1.5752269068667205e-07
1,1,4,4,72,1.4511087187364511e-06
1,1,4,4,74,1.564261078901923e-11
1,1,4,4,76,2.548495371757354e-08
1,1,4,4,78,2.6252620088942185e-11
1,1,4,4,80,4.746562485620314e-09
1,1,4,4,82,3.9265547558464984e-12
1,1,4,4,85,1.047677979528954e-06
1,1,4,4,86,1.557566307066397e-07
1,1,4,4,88,1.9516654416844465e-08
1,1,4,4,89,6.176029606459826e-09
1,1,4,4,90,4.466972634865117e-09
1,1,4,4,91,4.604933393979907e-09
1,1,4,4,92,1.1655177661383531e-09
1,1,4,4,93,4.347279897650595e-07
1,1,4,4,94,2.0248739335776525e-11
1,1,4,4,117,6.538337571325905e-09
1,1,4,4,118,3.423923969812657e-08
1,1,4,4,119,1.581297588753759e-09
1,1,4,4,137,1.6448911885879764e-15
1,1,4,4,138,1.1652776088462108e-10
1,1,4,4,139,1.0658539595998882e-15
1,1,4,4,140,6.10218669641434e-16
1,1,4,4,142,1.1004345721074108e-10
1,1,4,4,145,7.603487060245574e-13
1,1,4,4,149,3.379625664397541e-11
1,1,4,4,151,4.5017878876780637e-11
1,1,4,4,152,6.329791539373259e-11
1,1,4,4,153,4.688562401487096e-10
1,1,4,4,154,2.1011741200437726e-10
1,1,4,4,155,2.0984016758686844e-12
1,1,4,4,156,1.9555671931004846e-10
1,1,4,4,157,9.922499951791764e-11
1,1,4,4,158,4.988918838080307e-11
1,1,4,5,2,6.95649440532396e-06
1,1,4,5,3,0.0001736349553614
1,1,4,5,4,0.0002951587032575
1,1,4,5,5,1.105618855144071e-05
1,1,4,5,6,1.1038624580522105e-07
1,1,4,5,7,1.8998767020204084e-08
1,1,4,5,8,0.0003422978040707
1,1,4,5,9,0.0010996778056135
1,1,4,5,10,0.0008468314212846
1,1,4,5,11,8.294060564758e-05
1,1,4,5,12,0.0001047322116175
1,1,4,5,13,1.978979837147035e-05
1,1,4,5,14,9.983364111990703e-06
1,1,4,5,19,1.405942120712286e-05
1,1,4,5,20,2.294322729957756e-05
1,1,4,5,21,1.7530613361127373e-06
1,1,4,5,22,2.8640082642514192e-06
1,1,4,5,23,2.0981816014871695e-08
1,1,4,5,24,6.110443714224478e-07
1,1,4,5,25,3.08189427838104e-09
1,1,4,5,27,2.281132162039268e-11
1,1,4,5,28,6.465527213022457e-11
1,1,4,5,30,1.2367822503454896e-14
1,1,4,5,31,4.813082620909227e-10
1,1,4,5,32,3.3634707498121523e-06
1,1,4,5,33,1.3457898900245676e-05
1,1,4,5,34,1.0792168142382636e-06
1,1,4,5,35,9.560884175258216e-06
1,1,4,5,36,9.872579893751802e-05
1,1,4,5,37,1.5046231219208824e-06
1,1,4,5,38,2.8567293335605713e-05
1,1,4,5,39,2.771890258004293e-05
1,1,4,5,40,7.296098768020354e-05
1,1,4,5,41,1.626288385524666e-10
1,1,4,5,42,5.355796181376568e-05
1,1,4,5,43,0.0001751851920529
1,1,4,5,44,5.6866887909716374e-05
1,1,4,5,45,0.0069301298750084
1,1,4,5,46,2.487511220073362e-07
1,1,4,5,47,0.0004299461451034
1,1,4,5,48,0.0005601965361874
1,1,4,5,49,0.0001515837699381
1,1,4,5,50,3.0122814257825483e-05
1,1,4,5,51,1.2802115107439764e-06
1,1,4,5,52,0.0037327650479758
1,1,4,5,53,0.0015182617465543
1,1,4,5,54,0.0018109186688581
1,1,4,5,55,9.6341665328875e-05
1,1,4,5,56,1.0921299111251344e-07
1,1,4,5,57,2.336142198866539e-06
1,1,4,5,58,1.7865676877056793e-08
1,1,4,5,59,4.196064407512055e-05
1,1,4,5,60,0.0002652730848055
1,1,4,5,61,0.0008158744147917
1,1,4,5,62,0.0003366289305078
1,1,4,5,63,0.0060329994108122
1,1,4,5,64,4.83904782527582e-05
1,1,4,5,65,0.0003298946635919
1,1,4,5,66,3.0340959176149898e-05
1,1,4,5,67,2.4812760695508858e-05
1,1,4,5,68,1.9468300486615147e-05
1,1,4,5,69,0.001627015951814
1,1,4,5,70,0.0003570760727198
1,1,4,5,71,0.0002814562396156
1,1,4,5,72,0.0008736800839275
1,1,4,5,73,0.000221691828175
1,1,4,5,74,6.254269427263732e-07
1,1,4,5,76,1.7155122201496115e-05
1,1,4,5,77,4.1662695545955265e-05
1,1,4,5,78,2.958441436611599e-07
1,1,4,5,79,2.319462280810163e-07
1,1,4,5,80,4.1545986977916824e-05
1,1,4,5,82,1.9817752050949157e-08
1,1,4,5,84,3.1448677426942683e-06
1,1,4,5,85,5.743369118983444e-05
1,1,4,5,86,2.5329512235470987e-05
1,1,4,5,87,1.1666633348795173e-06
1,1,4,5,88,2.3169657818536728e-05
1,1,4,5,89,3.0532163130554413e-06
1,1,4,5,90,1.058915392695498e-05
1,1,4,5,91,1.5232653290408375e-05
1,1,4,5,92,5.506515968383935e-07
1,1,4,5,93,5.6993412815085085e-06
1,1,4,5,94,4.364646174198907e-06
1,1,4,5,96,4.2722289973954914e-07
1,1,4,5,97,4.087556283608881e-09
1,1,4,5,98,1.244493385323322e-07
1,1,4,5,99,1.2735373728222648e-08
1,1,4,5,100,8.576938084505053e-10
1,1,4,5,101,2.6992829699737356e-10
1,1,4,5,102,1.0232677515368866e-08
1,1,4,5,103,1.4048270846383072e-12
1,1,4,5,107,2.4908836211200058e-08
1,1,4,5,108,1.0376391884279293e-07
1,1,4,5,109,2.9685580889976944e-07
1,1,4,5,110,2.8179822103837965e-07
1,1,4,5,111,7.245146254844628e-07
1,1,4,5,113,9.348971054311956e-06
1,1,4,5,114,1.3762912066638136e-08
1,1,4,5,117,0.0006926742861934
1,1,4,5,118,0.0003639877247773
1,1,4,5,119,0.0001318878618176
1,1,4,5,120,1.8688896252148723e-06
1,1,4,5,121,7.504927824611912e-06
1,1,4,5,122,2.239000816624438e-07
1,1,4,5,126,1.385461081357715e-09
1,1,4,5,127,8.798956089109797e-09
1,1,4,5,131,1.5895365839313886e-05
1,1,4,5,133,4.168546978638665e-06
1,1,4,5,134,2.5887522566169378e-05
1,1,4,5,135,0.0001454595414598
1,1,4,5,136,2.6208682936187113e-08
1,1,4,5,137,1.1831232880191644e-07
1,1,4,5,138,1.4422580413047917e-08
1,1,4,5,139,3.818816082207405e-07
1,1,4,5,140,2.982213284698983e-07
1,1,4,5,141,3.6668122207110084e-08
1,1,4,5,142,3.542729834393795e-07
1,1,4,5,143,4.5071333127179864e-08
1,1,4,5,144,6.750107184480093e-08
1,1,4,5,145,3.187315780342705e-07
1,1,4,5,148,1.632932785747307e-06
1,1,4,5,149,4.572971811761063e-07
1,1,4,5,151,6.494234857254172e-07
1,1,4,5,152,1.3643812493832734e-06
1,1,4,5,153,1.3319677092157238e-06
1,1,4,5,154,9.083453334178928e-07
1,1,4,5,155,1.2774503773303646e-07
1,1,4,5,156,5.297192122563214e-07
1,1,4,5,157,2.200549114049058e-07
1,1,4,5,158,2.669384337687988e-07
1,1,4,5,159,3.6249903874083006e-08
1,1,4,5,160,3.1041907024662054e-08
1,1,4,6,2,1.580834801523242e-09
1,1,4,6,3,0.0028307409136286
1,1,4,6,4,0.0056437135209263
1,1,4,6,5,8.95044063215533e-06
1,1,4,6,6,0.0068763017863238
1,1,4,6,8,0.0264879442976902
1,1,4,6,9,0.0406123620287542
1,1,4,6,10,0.0102845456166397
1,1,4,6,11,0.0003153521029051
1,1,4,6,12,0.0013358506093569
1,1,4,6,13,0.0001568046577582
1,1,4,6,14,0.0076407356116052
1,1,4,6,20,0.0004821418084998
1,1,4,6,21,1.135266429093682e-05
1,1,4,6,22,2.681720826913213e-05
1,1,4,6,23,9.297262365665983e-10
1,1,4,6,24,5.98157191964111e-08
1,1,4,6,25,3.253331306553705e-08
1,1,4,6,30,5.357594693327032e-07
1,1,4,6,31,4.9002918044075895e-08
1,1,4,6,32,7.619898936922467e-06
1,1,4,6,33,1.2122257672993482e-05
1,1,4,6,34,3.021820542875967e-05
1,1,4,6,35,3.08771060549104e-05
1,1,4,6,36,7.832008609419881e-05
1,1,4,6,37,2.4117301772183497e-06
1,1,4,6,38,0.0002094853342154
1,1,4,6,39,0.000294913224529
1,1,4,6,40,0.0002150828270742
1,1,4,6,41,4.71891490538509e-07
1,1,4,6,42,3.3314875974595215e-05
1,1,4,6,43,0.0005479593323885
1,1,4,6,44,0.0002755354290037
1,1,4,6,45,0.045103621557579
1,1,4,6,46,2.618028305424429e-06
1,1,4,6,47,9.506408775427124e-05
1,1,4,6,48,0.0001077017866829
1,1,4,6,49,0.0041255068558529
1,1,4,6,50,8.10575356947848e-05
1,1,4,6,51,1.589441294761247e-05
1,1,4,6,52,0.0024505928628973
1,1,4,6,53,0.0105081193005239
1,1,4,6,54,0.0080708395444649
1,1,4,6,55,0.0003062516522561
1,1,4,6,56,4.546129119998351e-05
1,1,4,6,57,0.0019474684143662
1,1,4,6,58,1.7927881878435457e-05
1,1,4,6,59,0.0417124253311362
1,1,4,6,60,0.0052598828829196
1,1,4,6,61,0.003272079902608
1,1,4,6,62,0.0026537578309729
1,1,4,6,63,0.9217290072224104
1,1,4,6,64,0.000772981288716
1,1,4,6,65,5.8433391957915134e-05
1,1,4,6,66,2.1852191723366763e-05
1,1,4,6,67,7.236759782378587e-05
1,1,4,6,68,4.060194331640925e-05
1,1,4,6,69,0.000158909523466
1,1,4,6,70,2.8885760064388095e-05
1,1,4,6,71,0.0004404373107442
1,1,4,6,72,0.0046070360067229
1,1,4,6,73,0.001872784529347
1,1,4,6,74,1.868448299197079e-05
1,1,4,6,76,0.0026096405162679
1,1,4,6,77,0.0039079264709825
1,1,4,6,78,0.0005698310563701
1,1,4,6,79,0.0002006103219339
1,1,4,6,80,0.0003064268064334
1,1,4,6,81,2.583852231720846e-07
1,1,4,6,82,0.0001036760981226
1,1,4,6,84,9.975136281906e-05
1,1,4,6,85,0.0005065223738933
1,1,4,6,86,0.0002085456603898
1,1,4,6,87,0.0002872563489444
1,1,4,6,88,0.0008414710613402
1,1,4,6,89,7.541280317182266e-05
1,1,4,6,90,0.0015312648011224
1,1,4,6,91,1.4874498669934315e-05
1,1,4,6,92,8.650592192504712e-06
1,1,4,6,93,4.172948737150724e-05
1,1,4,6,94,0.0001093666367328
1,1,4,6,95,1.7618888578710273e-05
1,1,4,6,96,0.0427074277123447
1,1,4,6,97,0.0038822966349503
1,1,4,6,98,0.0263876047251267
1,1,4,6,99,2.5599931126737323e-08
1,1,4,6,100,4.899109436247329e-08
1,1,4,6,101,9.446837629028668e-05
1,1,4,6,102,0.0009827010941343
1,1,4,6,103,6.736476073748584e-09
1,1,4,6,107,1.560396503038012e-08
1,1,4,6,108,4.110754714837985e-07
1,1,4,6,109,8.349354019671941e-07
1,1,4,6,110,7.379595938207815e-07
1,1,4,6,111,7.36578876400295e-08
1,1,4,6,112,0.0009544687306891
1,1,4,6,113,1.1460724422343791e-05
1,1,4,6,114,2.1543388462469753e-08
1,1,4,6,115,1.4289789262490622e-08
1,1,4,6,116,2.0851996369542836e-09
1,1,4,6,117,0.0032007920350382
1,1,4,6,118,1.760921814394558e-05
1,1,4,6,119,0.0002300063935861
1,1,4,6,120,5.169078666465241e-07
1,1,4,6,121,3.961858946019841e-06
1,1,4,6,122,5.914363011150559e-08
1,1,4,6,125,3.930772589825529e-07
1,1,4,6,126,3.479371325556787e-06
1,1,4,6,127,2.1968220618826547e-06
1,1,4,6,133,1.7128447692935142e-05
1,1,4,6,134,2.1946708733027453e-06
1,1,4,6,138,9.276047361108096e-10
1,1,4,6,139,5.1229776544256405e-09
1,1,4,6,140,5.405573325876498e-09
1,1,4,6,141,3.467622907188719e-09
1,1,4,6,142,3.603726788462895e-08
1,1,4,6,143,1.4556707419350724e-09
1,1,4,6,144,3.8960692710068385e-09
1,1,4,6,145,1.4580843395366366e-08
1,1,4,6,146,8.47517405350006e-10
1,1,4,6,147,2.1053626263807071e-10
1,1,4,6,148,1.7856574031021783e-08
1,1,4,6,149,1.3070987518872332e-08
1,1,4,6,150,3.656995718274432e-12
1,1,4,6,151,1.524204127450271e-08
1,1,4,6,152,1.0579487105977961e-07
1,1,4,6,153,3.1152672547831176e-10
1,1,4,6,154,1.2004730145745562e-09
1,1,4,6,155,3.2455142579398003e-10
1,1,4,6,156,2.219195792570405e-08
1,1,4,6,157,5.7029109147679065e-09
1,1,4,6,158,6.033670818146168e-10
1,1,4,7,2,0.1861905661482462
1,1,4,7,3,0.014993151876115
1,1,4,7,4,0.0077822823588026
1,1,4,7,5,8.407140092634626e-07
1,1,4,7,8,0.2018384485655042
1,1,4,7,9,0.1958323932447283
1,1,4,7,10,0.2375355007474068
1,1,4,7,11,0.0028262752735313
1,1,4,7,12,0.037802571654928
1,1,4,7,13,0.0012270468083197
1,1,4,7,14,0.1482284608532598
1,1,4,7,18,0.119335977611707
1,1,4,7,19,1.058516700907951e-09
1,1,4,7,21,7.493213318808191e-08
1,1,4,7,32,9.440790063757992e-07
1,1,4,7,33,4.531222535504541e-05
1,1,4,7,34,1.2178164279973178e-06
1,1,4,7,35,0.003987306408485
1,1,4,7,36,0.0051588463459331
1,1,4,7,37,0.0009216755621086
1,1,4,7,38,0.0081656182851654
1,1,4,7,39,0.0082740793913217
1,1,4,7,40,0.0382930274429184
1,1,4,7,41,4.268688689774219e-05
1,1,4,7,42,0.0011965079587644
1,1,4,7,43,0.0466902311406112
1,1,4,7,44,0.0039427847628966
1,1,4,7,45,0.03687705679
1,1,4,7,46,0.004138554504506
1,1,4,7,47,0.003319852972034
1,1,4,7,48,0.0006349528635976
1,1,4,7,49,6.23634321378028e-07
1,1,4,7,50,2.711378299119839e-05
1,1,4,7,51,2.484257487639699e-05
1,1,4,7,52,0.0109398685480809
1,1,4,7,53,0.0302536060024339
1,1,4,7,54,0.0069561623542344
1,1,4,7,55,0.0015434396899906
1,1,4,7,59,0.0005280228834072
1,1,4,7,60,0.0008424048110884
1,1,4,7,61,1.3144702809842968e-05
1,1,4,7,62,3.223812090928861e-05
1,1,4,7,63,0.0841228034226125
1,1,4,7,64,0.0013248013683288
1,1,4,7,65,3.385965632122741e-05
1,1,4,7,66,1.272035192939018e-05
1,1,4,7,67,0.0033537198895663
1,1,4,7,68,0.0010264944734606
1,1,4,7,69,0.0009566882470001
1,1,4,7,70,0.0002289953793739
1,1,4,7,71,0.0001980807364815
1,1,4,7,72,0.002511189632493
1,1,4,7,74,4.646778513481146e-05
1,1,4,7,76,7.539480697928346e-05
1,1,4,7,77,0.0001816401761014
1,1,4,7,78,8.383068573157768e-05
1,1,4,7,80,3.724427388178648e-05
1,1,4,7,82,4.4179342950636624e-05
1,1,4,7,85,0.0026298051320096
1,1,4,7,86,0.0005610953471129
1,1,4,7,87,2.6562394609479635e-05
1,1,4,7,88,0.0001469044179736
1,1,4,7,89,0.0001008595259276
1,1,4,7,90,0.0067408417308513
1,1,4,7,91,1.920749222677225e-05
1,1,4,7,92,7.635016604668642e-05
1,1,4,7,93,0.0005898011974682
1,1,4,7,102,2.5440975040872837
1,1,4,7,113,2.8915065378334176e-05
1,1,4,7,115,7.30989425066351e-08
1,1,4,7,117,1.2502707965659214e-08
1,1,4,7,119,1.7409140126830493e-07
1,1,4,7,120,1.184250618551164e-08
1,1,4,7,121,2.39422146095729e-07
1,1,4,7,122,2.922481537913292e-09
1,1,4,7,123,1.5458647467900635e-06
1,1,4,7,124,1.0463534490698893e-07
1,1,4,7,127,2.9418674291303703e-05
1,1,4,7,131,3.015421164840088e-09
1,1,4,7,132,4.844992200781613e-08
1,1,4,7,133,3.5499047880673164e-06
1,1,4,7,160,2.6598777397611063e-05
1,1,4,7,164,0.095
1,1,4,8,2,1.056663279383787e-06
1,1,4,8,3,4.5438945072862377e-05
1,1,4,8,4,0.0001280197606173
1,1,4,8,5,3.5444049952072486e-08
1,1,4,8,7,1.552375403279145e-06
1,1,4,8,8,9.320577023623124e-06
1,1,4,8,9,0.0009612743600864
1,1,4,8,10,0.0001589050242465
1,1,4,8,11,1.4345001478211836e-05
1,1,4,8,12,6.379996242881212e-06
1,1,4,8,13,2.4923367537880435e-05
1,1,4,8,14,0.0001126766612313
1,1,4,8,18,1.780120117390259e-07
1,1,4,8,19,1.5179525479129668e-07
1,1,4,8,20,1.3928665869653475e-06
1,1,4,8,23,2.493815219798539e-06
1,1,4,8,32,9.792330507353543e-07
1,1,4,8,33,9.649036770809861e-08
1,1,4,8,34,6.60402526405866e-08
1,1,4,8,35,1.5848921033894305e-06
1,1,4,8,36,1.165967200375789e-05
1,1,4,8,37,5.492784812196763e-06
1,1,4,8,38,8.238542387217084e-06
1,1,4,8,39,5.871447009953376e-05
1,1,4,8,40,2.93412487957639e-06
1,1,4,8,41,1.1501600417977374e-08
1,1,4,8,42,5.638904700422666e-07
1,1,4,8,43,9.377548479326296e-06
1,1,4,8,44,1.6030521766422332e-05
1,1,4,8,45,8.06495666370388e-05
1,1,4,8,47,2.0492170566325396e-05
1,1,4,8,48,2.9949483776162283e-06
1,1,4,8,49,1.623908742151331e-06
1,1,4,8,50,2.7918094493498915e-06
1,1,4,8,51,1.546696102110613e-06
1,1,4,8,52,2.6244761234932024e-08
1,1,4,8,53,3.786916513453137e-09
1,1,4,8,54,9.259973375804505e-05
1,1,4,8,55,2.333396161896969e-05
1,1,4,8,56,1.0306538162871704e-07
1,1,4,8,57,1.374756109952022e-06
1,1,4,8,58,3.867059347099724e-15
1,1,4,8,59,1.208233213764581e-07
1,1,4,8,60,9.2330453390393e-07
1,1,4,8,61,4.3366819831060727e-10
1,1,4,8,62,2.0616611159807853e-07
1,1,4,8,63,2.5803019807733444e-07
1,1,4,8,64,0.000131833853082
1,1,4,8,65,1.301002857674304e-05
1,1,4,8,66,5.537917692354393e-07
1,1,4,8,67,1.2280486877731151e-05
1,1,4,8,68,2.701745931409113e-07
1,1,4,8,69,1.3610644231561218e-05
1,1,4,8,70,7.425051837200976e-06
1,1,4,8,71,0.0001911081885603
1,1,4,8,72,1.8790057195797905e-06
1,1,4,8,74,1.0831942713792231e-08
1,1,4,8,76,3.572132509023169e-07
1,1,4,8,78,1.0031426886964536e-08
1,1,4,8,79,2.449822798329944e-09
1,1,4,8,80,1.2979086970046814e-08
1,1,4,8,82,1.1148995635724862e-09
1,1,4,8,84,4.979102198242325e-10
1,1,4,8,85,6.707726462182042e-06
1,1,4,8,86,2.899182322778278e-06
1,1,4,8,87,1.112782290960219e-06
1,1,4,8,88,8.29844241650636e-06
1,1,4,8,89,8.97982478976709e-06
1,1,4,8,90,4.3117597644536184e-06
1,1,4,8,91,4.95421868363846e-06
1,1,4,8,92,8.182679327741277e-06
1,1,4,8,93,0.0001807494859312
1,1,4,8,95,1.0880360733202148e-05
1,1,4,8,96,8.761396209283812e-11
1,1,4,8,97,0.0012759600922221
1,1,4,8,99,1.5886789625038868e-11
1,1,4,8,100,5.612688287411941e-11
1,1,4,8,101,0.0001031963665044
1,1,4,8,102,9.305966872323396e-12
1,1,4,8,107,1.8824505186768358e-10
1,1,4,8,108,2.107494899989313e-09
1,1,4,8,109,1.4939404147469055e-09
1,1,4,8,110,1.3263004860160835e-09
1,1,4,8,111,5.367590257324207e-09
1,1,4,8,112,5.930766190289629e-07
1,1,4,8,113,8.275072609924856e-07
1,1,4,8,115,2.064756770857155e-07
1,1,4,8,116,7.001130644904627e-08
1,1,4,8,117,0.0001073692379298
1,1,4,8,118,5.280453221056428e-07
1,1,4,8,120,4.68989725880203e-07
1,1,4,8,122,3.843559227139117e-08
1,1,4,8,126,1.0853663084200707e-05
1,1,4,8,127,3.117441136330184e-08
1,1,4,8,128,4.083175795294141e-07
1,1,4,8,131,5.644217407623553e-06
1,1,4,8,132,3.766412336834459e-07
1,1,4,8,133,3.7162500573324944e-08
1,1,4,8,134,2.748218434470798e-09
1,1,4,8,135,2.227933906014037e-06
1,1,4,8,136,1.6844342820303803e-09
1,1,4,8,137,4.3088076992548264e-10
1,1,4,8,138,2.6580016752381016e-10
1,1,4,9,1,0.021161602265886
1,1,4,9,2,0.0095799749181675
1,1,4,9,3,0.559846244715744
1,1,4,9,4,0.3995547923530644
1,1,4,9,5,0.0751006121120766
1,1,4,9,6,0.014777715293246
1,1,4,9,8,0.0397586550897357
1,1,4,9,9,0.0058068320579502
1,1,4,9,10,0.0077993031707704
1,1,4,9,11,0.0003611812809178
1,1,4,9,12,0.0005382281655808
1,1,4,9,13,5.8195202132291185e-05
1,1,4,9,14,0.0024886578323044
1,1,4,9,18,0.0049329771215324
1,1,4,9,19,6.76648725856643e-06
1,1,4,9,20,7.265771032371822e-06
1,1,4,9,21,6.521062905629124e-07
1,1,4,9,22,8.191818786930173e-08
1,1,4,9,24,1.0899168291597782e-05
1,1,4,9,26,1.2171723053748038e-07
1,1,4,9,27,5.052177708127246e-10
1,1,4,9,31,5.319832243532986e-10
1,1,4,9,32,5.233497263716877e-07
1,1,4,9,33,3.094086016411357e-06
1,1,4,9,34,1.6144929894434396e-05
1,1,4,9,35,1.9239401580771097e-06
1,1,4,9,36,2.6562421513410592e-05
1,1,4,9,37,6.115319722823625e-07
1,1,4,9,38,3.569482038828736e-06
1,1,4,9,39,3.3141605912521505e-05
1,1,4,9,40,2.095641394313755e-05
1,1,4,9,41,8.033218484097212e-08
1,1,4,9,42,1.4372294469699369e-06
1,1,4,9,43,2.3475555483637977e-05
1,1,4,9,44,2.040811804810326e-05
1,1,4,9,45,0.0017066949443991
1,1,4,9,46,3.217059386701267e-09
1,1,4,9,47,0.0001553141628863
1,1,4,9,48,0.000146055945924
1,1,4,9,49,5.1897225914834855e-05
1,1,4,9,50,2.133576322351893e-05
1,1,4,9,51,7.237158591188209e-06
1,1,4,9,52,9.374062159280602e-07
1,1,4,9,53,3.1242613821722215e-06
1,1,4,9,54,0.0003072812790165
1,1,4,9,55,5.3646053213117656e-05
1,1,4,9,56,2.373689291302744e-06
1,1,4,9,57,6.024470304689702e-05
1,1,4,9,58,8.503512852851246e-06
1,1,4,9,59,0.007853221525132
1,1,4,9,60,0.0019326103684388
1,1,4,9,61,0.0003082841743706
1,1,4,9,62,0.0002506618440136
1,1,4,9,63,0.0011344440195588
1,1,4,9,64,0.0001461979605653
1,1,4,9,65,5.010637606037359e-06
1,1,4,9,66,3.0515616046333043e-06
1,1,4,9,67,7.161990346700172e-06
1,1,4,9,68,3.513137188886891e-06
1,1,4,9,69,8.219908615372325e-05
1,1,4,9,70,4.8672984623403926e-05
1,1,4,9,71,5.754607001581074e-06
1,1,4,9,72,0.0002020954876873
1,1,4,9,73,0.0005044059343556
1,1,4,9,74,2.957768386795958e-07
1,1,4,9,76,2.0889671726795856e-05
1,1,4,9,77,1.2872542586945229e-05
1,1,4,9,78,1.2531918013338513e-05
1,1,4,9,79,5.729832499029456e-06
1,1,4,9,80,1.540411875911417e-05
1,1,4,9,81,3.418488433626151e-10
1,1,4,9,82,6.589046718287996e-08
1,1,4,9,84,3.215528935380798e-06
1,1,4,9,85,0.0003960436865885
1,1,4,9,86,0.0001515583168672
1,1,4,9,87,4.2817096492730036e-06
1,1,4,9,88,0.0002166464885994
1,1,4,9,89,1.7634333778643143e-05
1,1,4,9,90,9.657551522394336e-05
1,1,4,9,91,5.183260935646866e-06
1,1,4,9,92,7.500334127723969e-06
1,1,4,9,93,9.849788212408928e-05
1,1,4,9,96,0.002714397031274
1,1,4,9,97,0.0012042019569987
1,1,4,9,98,0.0050825171371795
1,1,4,9,99,5.778564364178683e-08
1,1,4,9,100,5.184871988023165e-08
1,1,4,9,101,0.0001096566782638
1,1,4,9,102,0.0001164659066127
1,1,4,9,103,1.516504853858971e-09
1,1,4,9,104,5.467636335212703e-06
1,1,4,9,107,3.461461575952788e-09
1,1,4,9,108,5.6914553627812824e-08
1,1,4,9,109,1.2070915426987148e-06
1,1,4,9,110,9.7174157398705e-07
1,1,4,9,111,1.3351731918594137e-08
1,1,4,9,112,3.0469777447843e-06
1,1,4,9,113,0.0017019072401959
1,1,4,9,114,1.0640649561742976e-06
1,1,4,9,115,3.0276363728713057e-07
1,1,4,9,116,8.217255590424874e-07
1,1,4,9,117,0.0246953325149989
1,1,4,9,118,0.0021772553899328
1,1,4,9,119,2.2821377708386557e-07
1,1,4,9,120,6.035869456185484e-05
1,1,4,9,121,0.0009809618368462
1,1,4,9,122,4.42052132418233e-05
1,1,4,9,123,1.0471521721307027e-10
1,1,4,9,124,4.1355035440267274e-13
1,1,4,9,125,2.4717523161721607e-05
1,1,4,9,126,5.842117534987674e-05
1,1,4,9,127,7.463308622476532e-07
1,1,4,9,128,1.5784304449051296e-08
1,1,4,9,129,4.840713673907273e-09
1,1,4,9,130,1.619924914574401e-09
1,1,4,9,132,9.265424594838168e-07
1,1,4,9,133,7.83969958386322e-07
1,1,4,9,134,3.0266202194387926e-08
1,1,4,9,135,0.0003874916692635
1,1,4,9,136,0.0017465813031125
1,1,4,9,137,1.4409939674308756e-08
1,1,4,9,138,8.284412880416e-08
1,1,4,9,139,8.729529689971882e-07
1,1,4,9,140,7.249390115964401e-07
1,1,4,9,141,1.5401353079389797e-07
1,1,4,9,142,3.1955067650537157e-11
1,1,4,9,143,1.2741231143010736e-07
1,1,4,9,144,2.2356685389371098e-07
1,1,4,9,145,1.1844394493591406e-06
1,1,4,9,146,6.227632202153919e-11
1,1,4,9,147,9.750472639801564e-12
1,1,4,9,148,4.640978621740158e-11
1,1,4,9,149,8.674442938778976e-11
1,1,4,9,151,4.5293251245377366e-11
1,1,4,9,152,9.252199462045376e-11
1,1,4,9,153,1.3533060558871635e-10
1,1,4,9,154,9.919473030675203e-11
1,1,4,9,155,2.2867967923823103e-11
1,1,4,9,156,1.5433884579357948e-10
1,1,4,9,157,2.0237921345125392e-11
1,1,4,9,158,2.8037923273940196e-11
1,1,4,9,159,8.65286580964412e-09
1,1,4,9,160,1.722275154777135e-07
1,1,4,9,161,1.2524348945329477e-07
1,1,4,10,2,1.3028087439254632e-06
1,1,4,10,3,6.895798357131964e-05
1,1,4,10,4,0.0001267830136414
1,1,4,10,5,1.3103022442481977e-08
1,1,4,10,6,0.0001397489828264
1,1,4,10,8,0.0003068915735489
1,1,4,10,9,0.0025321963292555
1,1,4,10,10,0.0005728246266368
1,1,4,10,11,1.2334090807625136e-05
1,1,4,10,12,5.479967956395205e-05
1,1,4,10,13,6.057521515251553e-06
1,1,4,10,14,0.0010185439671282
1,1,4,10,15,1.1426279805439738e-11
1,1,4,10,20,5.8962530631568345e-08
1,1,4,10,26,3.6137492257769245e-05
1,1,4,10,27,3.080528867713262e-07
1,1,4,10,29,1.3284336876097908e-06
1,1,4,10,30,2.564278124731914e-07
1,1,4,10,31,2.1605521288609354e-06
1,1,4,10,32,1.4016040128249763e-09
1,1,4,10,33,3.8504524821566234e-05
1,1,4,10,34,9.49446774910282e-05
1,1,4,10,35,1.3106036610526278e-05
1,1,4,10,36,2.315724177662197e-05
1,1,4,10,37,1.615665005840629e-06
1,1,4,10,38,3.0459288986323377e-05
1,1,4,10,39,6.390561268860542e-05
1,1,4,10,40,2.4817072311836064e-05
1,1,4,10,41,1.0191399837309293e-07
1,1,4,10,42,0.0001734467877152
1,1,4,10,43,0.0002062826254417
1,1,4,10,44,0.0001004611935653
1,1,4,10,45,0.0026941145499985
1,1,4,10,47,5.694592440403974e-06
1,1,4,10,48,2.467784901587864e-06
1,1,4,10,49,2.855147022510548e-07
1,1,4,10,50,7.499159902898197e-06
1,1,4,10,52,0.0005339136126711
1,1,4,10,54,0.0190632620375678
1,1,4,10,55,0.0007591654677312
1,1,4,10,56,9.134187243272796e-06
1,1,4,10,57,9.24913918267814e-05
1,1,4,10,58,4.82642504540936e-08
1,1,4,10,59,0.0173074982997726
1,1,4,10,61,0.0011138163996498
1,1,4,10,62,0.0005991493319955
1,1,4,10,63,0.0222836161374988
1,1,4,10,64,0.0001839766792425
1,1,4,10,65,0.0001701651890548
1,1,4,10,67,1.1608740533426786e-06
1,1,4,10,68,4.48756450167604e-05
1,1,4,10,69,8.175149037106612e-05
1,1,4,10,71,2.2912485585108364e-05
1,1,4,10,72,0.0031360639139607
1,1,4,10,74,1.5615783436134514e-06
1,1,4,10,76,2.3134125106558477e-05
1,1,4,10,78,4.624278292621869e-05
1,1,4,10,80,8.866125368060007e-05
1,1,4,10,82,0.0001869049023158
1,1,4,10,84,1.910795226212936e-05
1,1,4,10,85,0.000137623667695
1,1,4,10,86,3.489643651545043e-05
1,1,4,10,87,6.009112185380676e-06
1,1,4,10,88,4.801042391152494e-05
1,1,4,10,89,1.4656806183372345e-05
1,1,4,10,90,3.913674529243626e-05
1,1,4,10,91,7.237186093671025e-07
1,1,4,10,92,2.5608700336977455e-06
1,1,4,10,93,6.24956294127013e-06
1,1,4,10,94,5.418226649374332e-06
1,1,4,10,96,0.0002958595998716
1,1,4,10,97,5.6735337704452094e-05
1,1,4,10,98,5.4081838153803014e-08
1,1,4,10,99,3.7520439286565744e-08
1,1,4,10,100,9.546581334691486e-10
1,1,4,10,101,1.377186380616234e-09
1,1,4,10,102,0.0006331991026378
1,1,4,10,103,3.8942594501027674e-11
1,1,4,10,107,2.454322742063755e-09
1,1,4,10,108,3.690111600881776e-08
1,1,4,10,109,7.697516248574968e-08
1,1,4,10,110,9.218041999295079e-10
1,1,4,10,111,9.903508448379613e-08
1,1,4,10,113,2.4116934402988593e-08
1,1,4,10,117,1.5860311972427904e-07
1,1,4,10,118,8.063436360592049e-07
1,1,4,10,119,5.687071123878098e-09
1,1,4,10,123,2.8533101416232474e-08
1,1,4,10,124,7.291774058624789e-11
1,1,4,10,126,1.2411277812680577e-07
1,1,4,10,127,1.730317019963519e-07
1,1,4,10,131,1.3026134065521164e-09
1,1,4,10,132,8.404964043171455e-08
1,1,4,10,133,0.0001263672818284
1,1,4,10,134,7.650313678178499e-09
1,1,4,10,135,1.368449926858448e-05
1,1,4,10,138,3.077254855254387e-11
1,1,4,10,139,2.287745731105635e-06
1,1,4,10,140,1.7906928901142536e-06
1,1,4,10,141,2.0890776481228937e-07
1,1,4,10,142,1.3960259777953081e-08
1,1,4,10,143,2.094304581888917e-07
1,1,4,10,144,3.040695275853826e-06
1,1,4,10,145,6.869394729148883e-09
1,1,4,10,148,1.6249434606302027e-10
1,1,4,10,149,1.3307646586837236e-09
1,1,4,10,151,5.212548218507759e-10
1,1,4,10,152,1.3787197952657872e-09
1,1,4,10,153,5.077453609730928e-09
1,1,4,10,154,3.486048137637213e-09
1,1,4,10,155,3.406385135143013e-09
1,1,4,10,156,1.0865912577699821e-08
1,1,4,10,157,3.0118005904115886e-10
1,1,4,10,158,2.283742979379748e-10
1,1,4,10,160,2.5330027889017615e-08
1,1,4,11,1,0.0089830419644943
1,1,4,11,2,0.0051404258404729
1,1,4,11,3,0.1810006394545165
1,1,4,11,4,0.0245114838912884
1,1,4,11,5,0.0069582342398249
1,1,4,11,6,0.0027635386122044
1,1,4,11,7,0.0002410300834753
1,1,4,11,8,0.0280015795750673
1,1,4,11,9,0.01095124369064
1,1,4,11,10,0.0024759662676542
1,1,4,11,11,0.0002811923216711
1,1,4,11,12,0.001321566339068
1,1,4,11,13,0.0002021624917773
1,1,4,11,14,0.00503257883488
1,1,4,11,35,2.8789334636888483e-05
1,1,4,11,36,0.0002234908834488
1,1,4,11,37,2.4610674781594963e-05
1,1,4,11,38,1.2674399715955463e-06
1,1,4,11,39,0.0016496204866568
1,1,4,11,40,0.0022277124727666
1,1,4,11,41,2.0199169982314788e-05
1,1,4,11,42,0.0007184643667939
1,1,4,11,43,0.0031811992878951
1,1,4,11,44,0.0011731288398255
1,1,4,11,45,0.0023037455066162
1,1,4,11,46,4.46648056223744e-07
1,1,4,11,47,0.0009610001401684
1,1,4,11,48,0.0001686681132711
1,1,4,11,49,0.0015913655920928
1,1,4,11,52,0.0001372152692328
1,1,4,11,53,0.0002031779456244
1,1,4,11,54,0.0039603806232303
1,1,4,11,55,7.083904076459136e-05
1,1,4,11,59,0.0094295821684882
1,1,4,11,60,0.0005386845457223
1,1,4,11,61,0.0072860600851931
1,1,4,11,62,0.0006140563459205
1,1,4,11,63,0.0004879596688123
1,1,4,11,65,0.0006132974275654
1,1,4,11,66,0.0002710343526478
1,1,4,11,67,1.7826653058335377e-05
1,1,4,11,68,0.0001198973488548
1,1,4,11,69,5.259853512295053e-05
1,1,4,11,70,1.1424759507051707e-05
1,1,4,11,71,2.795818257672358e-05
1,1,4,11,72,0.0012738889430127
1,1,4,11,73,0.0005704859756316
1,1,4,11,74,1.270244735331365e-09
1,1,4,11,76,2.5460304630723702e-05
1,1,4,11,77,1.466290803614659e-05
1,1,4,11,78,6.316305182871907e-05
1,1,4,11,79,1.6136073410551874e-05
1,1,4,11,80,7.470876416699826e-06
1,1,4,11,82,3.5722340548991676e-08
1,1,4,11,95,2.2437214364937724e-06
1,1,4,11,96,8.167484891157254e-06
1,1,4,11,97,6.7212109883726e-07
1,1,4,11,98,0.0006095442028178
1,1,4,11,101,9.713356749316189e-07
1,1,4,11,102,9.011766644076376e-07
1,1,4,11,134,1.6642673625463935e-08
1,1,4,11,136,1.750574731429861e-06
1,1,4,11,137,1.4706849433092965e-07
1,1,4,11,138,3.471132135643644e-06
1,1,4,11,160,6.296259288709543e-08
1,1,4,12,1,0.0099269740029477
1,1,4,12,2,0.0033936261316065
1,1,4,12,3,0.1096526235783753
1,1,4,12,4,0.0940053716596537
1,1,4,12,5,0.0217596122494207
1,1,4,12,6,0.0047559142308819
1,1,4,12,8,0.1383444698728091
1,1,4,12,9,0.0017397545758977
1,1,4,12,10,0.0006036973805443
1,1,4,12,11,0.0001117486497267
1,1,4,12,12,0.0051112188930319
1,1,4,12,13,0.0005257818049382
1,1,4,12,14,0.0029595308896973
1,1,4,12,35,1.523264440375935e-06
1,1,4,12,36,1.143204950874999e-05
1,1,4,12,37,7.792203371554409e-07
1,1,4,12,38,1.1721167188280825e-07
1,1,4,12,39,9.562665828444766e-05
1,1,4,12,40,0.0001031651331436
1,1,4,12,41,1.993969531626474e-06
1,1,4,12,42,3.824539383983712e-05
1,1,4,12,43,0.0001857812602014
1,1,4,12,44,0.0001010596881757
1,1,4,12,45,0.0002061647602335
1,1,4,12,46,1.8364110476646576e-08
1,1,4,12,47,7.079814714242141e-06
1,1,4,12,48,3.786611959012798e-05
1,1,4,12,49,1.0550972474089083e-05
1,1,4,12,50,6.873661900658565e-07
1,1,4,12,51,9.74712712861988e-08
1,1,4,12,52,1.6742808174658092e-05
1,1,4,12,53,0.000124568193645
1,1,4,12,54,8.421560773695525e-05
1,1,4,12,55,5.8077939577105485e-06
1,1,4,12,56,4.630384800303899e-12
1,1,4,12,57,4.590789272164481e-07
1,1,4,12,58,1.3453793055881922e-10
1,1,4,12,59,3.251402323085492e-05
1,1,4,12,60,0.00012586549237
1,1,4,12,61,0.0001793127089102
1,1,4,12,62,4.024241095378172e-05
1,1,4,12,63,1.8246258987293164e-05
1,1,4,12,64,8.557726598298221e-06
1,1,4,12,65,2.57399420533337e-05
1,1,4,12,66,1.0143761316514896e-06
1,1,4,12,67,9.927336655383804e-06
1,1,4,12,68,4.838744240189317e-06
1,1,4,12,69,1.027198692446658e-05
1,1,4,12,70,9.501560737929672e-06
1,1,4,12,71,2.3738084319638967e-05
1,1,4,12,72,4.353078926153391e-05
1,1,4,12,73,0.0001420062150225
1,1,4,12,74,4.83853282927111e-08
1,1,4,12,76,1.682601793861556e-06
1,1,4,12,77,2.4669232288910744e-08
1,1,4,12,78,8.475940129423267e-06
1,1,4,12,79,5.1439577638424755e-06
1,1,4,12,80,1.2700377404934566e-05
1,1,4,12,82,1.131435315051222e-10
1,1,4,12,85,3.4421891430372574e-05
1,1,4,12,86,6.365526082570453e-07
1,1,4,12,87,6.784617055648693e-09
1,1,4,12,88,1.5902079057344051e-06
1,1,4,12,89,2.7526644932083902e-09
1,1,4,12,90,3.080371757287759e-08
1,1,4,12,91,2.602009269323309e-09
1,1,4,12,92,7.077269931396886e-10
1,1,4,12,93,3.513435086473273e-07
1,1,4,12,95,1.591258359324088e-06
1,1,4,12,96,0.0190717209903546
1,1,4,12,97,0.0011015621155632
1,1,4,12,101,1.2798615633416736e-05
1,1,4,12,117,0.0001695643350696
1,1,4,12,118,1.970437300183943e-07
1,1,4,12,123,6.822827765388534e-09
1,1,4,12,124,3.1912280684789755e-11
1,1,4,12,125,2.1642987596140028e-11
1,1,4,12,136,3.0170414244335013e-06
1,1,4,12,138,9.644969775796276e-11
1,1,4,13,2,1.608868970162478e-07
1,1,4,13,3,4.2201663422611095e-05
1,1,4,13,4,9.140744286830931e-05
1,1,4,13,5,1.8604560051394022e-09
1,1,4,13,6,5.860016936215614e-11
1,1,4,13,7,2.827910490926498e-09
1,1,4,13,8,3.075118290750559e-05
1,1,4,13,9,0.0006048499808485
1,1,4,13,10,0.0002305875609336
1,1,4,13,11,3.3948940043049154e-05
1,1,4,13,12,0.0001384156451389
1,1,4,13,13,1.2264461524068914e-05
1,1,4,13,14,9.439067964957074e-05
1,1,4,13,15,5.193805817945031e-12
1,1,4,13,18,1.2620436584455494e-05
1,1,4,13,19,3.5437469103904332e-06
1,1,4,13,20,1.0903002936972676e-06
1,1,4,13,21,5.9228237863656894e-08
1,1,4,13,22,1.4556307404514572e-08
1,1,4,13,33,3.3461379483568135e-06
1,1,4,13,34,2.318557623897877e-07
1,1,4,13,35,2.635377240849723e-06
1,1,4,13,36,7.958124981553087e-06
1,1,4,13,37,2.242244481802535e-06
1,1,4,13,38,1.500713352022505e-07
1,1,4,13,39,8.49005248389488e-05
1,1,4,13,40,3.553380388100729e-05
1,1,4,13,41,7.263127247440724e-06
1,1,4,13,42,8.163139889030707e-06
1,1,4,13,43,4.696653811342983e-05
1,1,4,13,44,4.401541273663635e-05
1,1,4,13,45,2.9619671386363733e-05
1,1,4,13,46,4.978168538672958e-07
1,1,4,13,47,5.020107798250687e-06
1,1,4,13,48,3.2444762573870535e-05
1,1,4,13,49,1.8555774586642132e-06
1,1,4,13,50,2.817966587839529e-06
1,1,4,13,51,7.77853054073913e-07
1,1,4,13,52,1.4339672237482042e-05
1,1,4,13,53,0.0002052171633745
1,1,4,13,54,0.0001155172995761
1,1,4,13,55,0.0002356762442951
1,1,4,13,59,9.09881058052708e-06
1,1,4,13,60,3.9216632807360935e-06
1,1,4,13,61,1.2266016978376644e-05
1,1,4,13,62,1.3682946607658426e-05
1,1,4,13,63,0.0003162383211021
1,1,4,13,64,7.594816973504156e-05
1,1,4,13,65,6.2669394391075026e-06
1,1,4,13,66,8.405752076200862e-07
1,1,4,13,67,2.0170150016221347e-06
1,1,4,13,68,6.011047680178821e-06
1,1,4,13,69,1.9594560429140956e-05
1,1,4,13,70,2.1343882187246008e-06
1,1,4,13,71,4.547576293983011e-05
1,1,4,13,72,0.0005304810026714
1,1,4,13,73,0.0002437575629735
1,1,4,13,74,3.834413601158813e-08
1,1,4,13,75,1.049836935969325e-09
1,1,4,13,76,9.209269835962376e-06
1,1,4,13,77,5.346120262302088e-06
1,1,4,13,78,1.3856095586382125e-06
1,1,4,13,79,2.04072402810408e-07
1,1,4,13,80,9.770374304040607e-06
1,1,4,13,81,1.0414781539313481e-07
1,1,4,13,82,1.3980655916155195e-08
1,1,4,13,83,2.063005548280099e-09
1,1,4,13,85,0.0001872363055928
1,1,4,13,86,2.0055572829956223e-05
1,1,4,13,87,9.316089741965328e-07
1,1,4,13,88,2.324700410056603e-05
1,1,4,13,89,1.0226766549496084e-05
1,1,4,13,90,4.37885552564187e-06
1,1,4,13,91,1.8712677114534208e-06
1,1,4,13,92,4.34234958677555e-07
1,1,4,13,93,2.9733389340358135e-05
1,1,4,13,94,1.667004232000648e-08
1,1,4,13,95,2.4814916142175733e-07
1,1,4,13,96,0.0275356367893366
1,1,4,13,97,8.403217520789277e-06
1,1,4,13,99,1.277826951129552e-06
1,1,4,13,100,1.8954004952911645e-06
1,1,4,13,101,4.983160054875169e-06
1,1,4,13,102,1.8288307035388964e-08
1,1,4,13,103,1.8003136946827107e-09
1,1,4,13,108,1.932508289123885e-06
1,1,4,13,109,8.824655058036826e-06
1,1,4,13,110,1.2234118669552067e-06
1,1,4,13,111,3.859534435381578e-07
1,1,4,13,112,2.23524032648754e-08
1,1,4,13,113,1.1958755521791732e-05
1,1,4,13,114,1.160831776829193e-07
1,1,4,13,117,0.0001309019521548
1,1,4,13,118,4.662319412103308e-09
1,1,4,13,119,3.12306185965617e-05
1,1,4,13,120,1.2245120073489828e-08
1,1,4,13,121,1.6716918934248357e-08
1,1,4,13,122,2.02048555481637e-09
1,1,4,13,125,3.388706060736988e-07
1,1,4,13,126,1.1679526996946293e-07
1,1,4,13,132,0.0004909732096459
1,1,4,13,134,9.30924149399716e-07
1,1,4,13,135,1.1662980229812423e-06
1,1,4,13,136,1.7678044930311697e-07
1,1,4,13,137,1.1981352494875444e-07
1,1,4,13,138,1.6005944781671067e-08
1,1,4,13,142,9.639390600747897e-08
1,1,4,13,145,1.0885092473674525e-08
1,1,4,13,148,6.861069264150802e-09
1,1,4,13,149,4.5661058708187505e-09
1,1,4,13,151,1.975082130270522e-08
1,1,4,13,152,2.3581012721390653e-08
1,1,4,13,153,5.495720094766536e-08
1,1,4,13,154,4.040866094808776e-08
1,1,4,13,155,2.2389959667026846e-09
1,1,4,13,156,9.340660876254185e-08
1,1,4,13,157,6.364860753157998e-09
1,1,4,13,158,6.033490919240743e-09
1,1,4,13,159,6.189818705688022e-07
1,1,4,13,160,9.333257528624602e-06
1,1,4,13,162,5.30230166535768e-05
1,1,4,14,1,0.0001095621681312
1,1,4,14,2,0.001350126995773
1,1,4,14,3,0.0020851768292053
1,1,4,14,4,0.0038675771057317
1,1,4,14,5,0.0073018440062642
1,1,4,14,6,0.0002102256763174
1,1,4,14,8,0.0013925721278791
1,1,4,14,9,0.0010270124861836
1,1,4,14,10,0.00063439747168
1,1,4,14,11,0.0001999847823968
1,1,4,14,12,0.0001556430152385
1,1,4,14,13,1.8708018654274426e-05
1,1,4,14,14,0.0004389507497516
1,1,4,14,18,2.0401708025021245e-05
1,1,4,14,19,4.693278527729799e-06
1,1,4,14,21,1.2653105704571068e-06
1,1,4,14,22,1.4468113168343546e-07
1,1,4,14,32,1.726133542888763e-07
1,1,4,14,33,4.554318917315632e-07
1,1,4,14,34,5.127937324862235e-09
1,1,4,14,35,4.7333327052689146e-05
1,1,4,14,36,0.000165526240824
1,1,4,14,37,4.029260077910589e-05
1,1,4,14,38,3.0517397414324376e-05
1,1,4,14,39,0.0003453374767584
1,1,4,14,40,0.0001199306929263
1,1,4,14,41,1.022815024429661e-06
1,1,4,14,42,0.0001156163241461
1,1,4,14,43,0.0008210481032558
1,1,4,14,44,0.0004603942449773
1,1,4,14,45,4.1369301005425287e-05
1,1,4,14,46,2.1304515743912022e-05
1,1,4,14,47,5.1615918461575254e-05
1,1,4,14,48,9.463821939115506e-05
1,1,4,14,49,4.2960201160152675e-06
1,1,4,14,50,2.9112338438323344e-05
1,1,4,14,52,0.0011000797461367
1,1,4,14,54,0.0003344917582737
1,1,4,14,55,6.449380312495225e-05
1,1,4,14,56,1.1891083692252856e-05
1,1,4,14,57,0.0004194251519723
1,1,4,14,58,1.0080012545984095e-06
1,1,4,14,59,0.0025276545932172
1,1,4,14,61,0.001068765878427
1,1,4,14,62,5.7527149341413734e-05
1,1,4,14,63,0.0150292959584116
1,1,4,14,64,0.0004036224772537
1,1,4,14,65,2.135140531765636e-05
1,1,4,14,67,7.566529338772536e-06
1,1,4,14,68,6.450279266017755e-05
1,1,4,14,69,0.0001936259986379
1,1,4,14,71,0.0001561052418617
1,1,4,14,72,0.0002447259072672
1,1,4,14,74,4.737633745410494e-07
1,1,4,14,76,5.318140637213531e-05
1,1,4,14,78,4.603463370425347e-07
1,1,4,14,80,3.307850418364864e-06
1,1,4,14,82,1.0293561408623485e-07
1,1,4,14,84,1.605992082722737e-05
1,1,4,14,85,0.0008935532320552
1,1,4,14,86,0.0006633014295954
1,1,4,14,87,0.0002810199784212
1,1,4,14,88,0.0003930064992658
1,1,4,14,89,0.0002924792899179
1,1,4,14,90,0.0002671367000559
1,1,4,14,91,5.500196435728617e-05
1,1,4,14,92,9.140696336129356e-06
1,1,4,14,93,9.750805566728104e-05
1,1,4,14,94,8.487466156555605e-06
1,1,4,14,96,0.0005169001761103
1,1,4,14,97,0.0014963588590355
1,1,4,14,98,0.0038765365432157
1,1,4,14,99,1.1401065960794981e-08
1,1,4,14,100,4.9578860852124654e-09
1,1,4,14,101,2.2658351742231327e-08
1,1,4,14,102,1.3059541490241472e-07
1,1,4,14,107,2.2840550853275974e-09
1,1,4,14,108,1.515315511090892e-07
1,1,4,14,109,4.853681299821379e-07
1,1,4,14,110,9.930111568001106e-07
1,1,4,14,111,4.6080993861783285e-06
1,1,4,14,112,1.5442095565072911e-06
1,1,4,14,113,2.7285202714086982e-06
1,1,4,14,115,9.923508409094892e-06
1,1,4,14,116,2.1923645406002555e-06
1,1,4,14,117,0.0036771651860788
1,1,4,14,118,0.000901111830048
1,1,4,14,119,3.358821692920437e-05
1,1,4,14,120,6.80116398348403e-06
1,1,4,14,121,1.7528328594951022e-05
1,1,4,14,122,2.1965589468692576e-06
1,1,4,14,123,1.3316589053589703e-11
1,1,4,14,124,1.130107123463297e-09
1,1,4,14,126,5.793175944427124e-05
1,1,4,14,127,4.435833880880072e-07
1,1,4,14,131,8.697748068130707e-05
1,1,4,14,132,3.065367062120131e-06
1,1,4,14,133,1.1687579536236883e-06
1,1,4,14,134,6.611281807694213e-05
1,1,4,14,135,0.0002049220312992
1,1,4,14,136,4.83397617963961e-08
1,1,4,14,137,1.5420479137232775e-09
1,1,4,14,138,2.3510641801163796e-08
1,1,4,14,139,3.757147440515628e-07
1,1,4,14,140,4.917392716054634e-07
1,1,4,14,141,1.5481962255954992e-07
1,1,4,14,142,5.446211947502899e-07
1,1,4,14,143,8.331383494487595e-08
1,1,4,14,144,1.7629640552239872e-07
1,1,4,14,145,2.3678443244140265e-07
1,1,4,14,148,6.471211840336867e-07
1,1,4,14,149,6.0069180979166e-07
1,1,4,14,151,5.891377477907038e-07
1,1,4,14,152,1.868110046527657e-06
1,1,4,14,153,1.942971622398681e-06
1,1,4,14,154,1.2398083480018637e-06
1,1,4,14,155,3.906645781474253e-07
1,1,4,14,156,4.910954196425954e-07
1,1,4,14,157,2.8321107938862004e-07
1,1,4,14,158,3.786227876100898e-07
1,1,4,14,160,4.5585517166046474e-07
1,1,4,14,161,2.313762034027379e-07
1,1,4,15,2,4.232014987091056e-07
1,1,4,15,3,6.684735778826753e-07
1,1,4,15,4,7.72308939655196e-06
1,1,4,15,5,2.6225812188869176e-08
1,1,4,15,8,6.585759329991534e-05
1,1,4,15,9,0.0182029015729296
1,1,4,15,10,0.0009105236725658
1,1,4,15,11,3.626889388400576e-05
1,1,4,15,12,0.0013490369633696
1,1,4,15,13,1.061830717922304e-06
1,1,4,15,14,0.0001616894857042
1,1,4,15,15,1.3698778125934346e-09
1,1,4,15,18,5.03821024659706e-07
1,1,4,15,19,1.766780537792095e-07
1,1,4,15,20,2.2025442355500577e-07
1,1,4,15,22,2.3007242338007455e-09
1,1,4,15,29,1.7316280568741514e-08
1,1,4,15,30,9.607058295967933e-09
1,1,4,15,32,3.221595933165788e-06
1,1,4,15,33,1.93695497705325e-06
1,1,4,15,34,5.786539918742901e-07
1,1,4,15,35,0.0002169501033216
1,1,4,15,36,0.0006100484518491
1,1,4,15,37,5.420658078171521e-05
1,1,4,15,38,9.752811308046324e-05
1,1,4,15,39,0.0004908822370046
1,1,4,15,40,0.0001268088364011
1,1,4,15,41,1.783571452404424e-06
1,1,4,15,42,0.0006541198887321
1,1,4,15,43,0.0026675161780232
1,1,4,15,44,0.0003083567186755
1,1,4,15,45,0.000437749085911
1,1,4,15,47,5.991847249931738e-05
1,1,4,15,48,1.1213943014078e-05
1,1,4,15,49,0.0003988157255081
1,1,4,15,50,2.2001942492557037e-05
1,1,4,15,51,4.230483368826401e-06
1,1,4,15,52,0.0023762621616462
1,1,4,15,53,2.0817794291858808e-05
1,1,4,15,54,0.0016019992893825
1,1,4,15,55,0.0004157867820974
1,1,4,15,57,8.0599794951668e-05
1,1,4,15,58,1.967782829748927e-08
1,1,4,15,59,0.000265940129967
1,1,4,15,60,0.0024631428474189
1,1,4,15,61,0.0011864582754782
1,1,4,15,62,0.0039721608188624
1,1,4,15,63,0.2050432456800248
1,1,4,15,64,0.0006571153104789
1,1,4,15,65,0.0001139626122123
1,1,4,15,66,9.500817686942898e-05
1,1,4,15,67,1.4383207739808131e-05
1,1,4,15,68,0.0002047346034416
1,1,4,15,69,4.5676457950865944e-05
1,1,4,15,70,3.0755800100002384e-06
1,1,4,15,71,0.0005350222832223
1,1,4,15,72,0.0002849938789084
1,1,4,15,74,4.615645892004525e-06
1,1,4,15,76,1.603449812693339e-05
1,1,4,15,77,1.614459534701779e-05
1,1,4,15,78,6.335391900440563e-07
1,1,4,15,79,1.3819537960683077e-06
1,1,4,15,80,1.0982208773264109e-06
1,1,4,15,82,1.112105322278295e-06
1,1,4,15,85,0.0016419817382838
1,1,4,15,86,0.0013681234576615
1,1,4,15,87,0.0002992737075877
1,1,4,15,88,0.0017528630752616
1,1,4,15,89,0.0002638738737177
1,1,4,15,90,0.0008441682469816
1,1,4,15,91,9.046699368183916e-06
1,1,4,15,92,7.687138468158807e-06
1,1,4,15,93,0.0001003555167925
1,1,4,15,96,0.0003333337443353
1,1,4,15,97,1.2786854330726935e-05
1,1,4,15,101,1.0485974356040872e-05
1,1,4,15,102,9.76998428167894e-05
1,1,4,15,117,1.3373674438099142e-07
1,1,4,15,160,1.122575218500492e-09
1,1,4,16,1,0.0242088885591266
1,1,4,16,2,0.0063372355503098
1,1,4,16,3,0.0511268022378289
1,1,4,16,4,0.0395074390440237
1,1,4,16,5,0.0050003705345645
1,1,4,16,6,0.001856031685919
1,1,4,16,7,2.6685942612793233e-05
1,1,4,16,8,0.0208950138679733
1,1,4,16,9,0.0047274417331694
1,1,4,16,10,0.0010220142791092
1,1,4,16,11,0.0004378601060249
1,1,4,16,12,0.001239247453598
1,1,4,16,13,6.615699091498677e-06
1,1,4,16,14,0.0006989667103832
1,1,4,16,20,5.658494861562325e-08
1,1,4,16,21,2.3206266896202775e-05
1,1,4,16,22,6.9099656445100115e-06
1,1,4,16,28,1.0915479885536353e-07
1,1,4,16,30,1.6597834077547148e-08
1,1,4,16,32,2.908965407791132e-05
1,1,4,16,33,8.206301427795319e-05
1,1,4,16,34,0.0001002995578267
1,1,4,16,35,9.180040261743232e-05
1,1,4,16,36,0.0002488652625964
1,1,4,16,37,5.407078827698781e-06
1,1,4,16,38,0.0002501005824754
1,1,4,16,39,0.001073540281368
1,1,4,16,40,0.0004345204607923
1,1,4,16,41,2.7870761177258067e-05
1,1,4,16,42,7.53481750979498e-05
1,1,4,16,43,0.0018945731181784
1,1,4,16,44,0.0008399778147041
1,1,4,16,45,0.0020415788164848
1,1,4,16,46,2.630797133839887e-08
1,1,4,16,47,0.0019025292543551
1,1,4,16,48,0.0006272673636022
1,1,4,16,49,0.0023031678720593
1,1,4,16,50,2.8956101285120074e-05
1,1,4,16,51,2.643795839492709e-05
1,1,4,16,52,6.389029023591431e-05
1,1,4,16,53,0.0018347617990614
1,1,4,16,54,0.0027151595528715
1,1,4,16,55,0.0002914921827321
1,1,4,16,56,5.973230473294443e-07
1,1,4,16,57,1.3854028992130136e-05
1,1,4,16,58,5.771479219192035e-08
1,1,4,16,59,0.0285314938590612
1,1,4,16,60,0.0086459435052463
1,1,4,16,61,0.0007913128158365
1,1,4,16,62,0.0014245942565888
1,1,4,16,63,0.0020350276771537
1,1,4,16,64,0.0015551345149776
1,1,4,16,65,0.0006682707155224
1,1,4,16,66,0.0003605594464044
1,1,4,16,67,0.0007309267704874
1,1,4,16,68,0.0001958337173781
1,1,4,16,69,0.0003413605713909
1,1,4,16,70,8.601988879162707e-05
1,1,4,16,71,0.0023318696744584
1,1,4,16,72,0.0028011583927708
1,1,4,16,73,0.0031877215386372
1,1,4,16,74,4.796956455290709e-06
1,1,4,16,76,7.340418337320717e-05
1,1,4,16,77,0.0002922005793341
1,1,4,16,78,8.132094640733273e-05
1,1,4,16,79,6.749745416063866e-05
1,1,4,16,80,6.089915842540173e-05
1,1,4,16,81,1.8096096253567654e-05
1,1,4,16,82,3.5173627508115755e-06
1,1,4,16,84,1.213096056098156e-05
1,1,4,16,85,0.0026169829973692
1,1,4,16,86,0.0032086706096573
1,1,4,16,87,8.183753710763014e-05
1,1,4,16,88,0.002477907938189
1,1,4,16,89,0.0001864932727626
1,1,4,16,90,0.0004539485840035
1,1,4,16,91,9.151083875161132e-05
1,1,4,16,92,3.6587559294949384e-05
1,1,4,16,93,0.000516381444939
1,1,4,16,94,3.7710466778940782e-06
1,1,4,16,95,8.31191064333823e-08
1,1,4,16,96,0.0009465586197008
1,1,4,16,97,0.0027507813735404
1,1,4,16,99,8.654244111296872e-07
1,1,4,16,100,1.1553059648904303e-07
1,1,4,16,101,0.0008599459732193
1,1,4,16,102,0.0002961913587645
1,1,4,16,103,1.4321897377431703e-09
1,1,4,16,106,0.0010005748332916
1,1,4,16,107,2.575427347320328e-07
1,1,4,16,108,2.820869677909427e-07
1,1,4,16,109,2.295665962499034e-05
1,1,4,16,110,3.557991770331181e-06
1,1,4,16,111,1.0495003536601667e-05
1,1,4,16,112,8.140891525598898e-06
1,1,4,16,113,3.16510821547912e-08
1,1,4,16,114,3.1089055948930837e-10
1,1,4,16,115,4.837644450505611e-06
1,1,4,16,116,1.7099726063036362e-06
1,1,4,16,117,0.011655600693538
1,1,4,16,118,0.006456781785001
1,1,4,16,119,3.800278723716535e-06
1,1,4,16,120,1.056382927566752e-05
1,1,4,16,121,4.976369248537128e-05
1,1,4,16,122,2.9412622194239984e-06
1,1,4,16,123,1.5881138276997538e-06
1,1,4,16,124,5.385859631947834e-09
1,1,4,16,125,1.7916422552578038e-06
1,1,4,16,126,7.004895093262113e-06
1,1,4,16,127,3.539762204832784e-05
1,1,4,16,130,6.163603230130597e-09
1,1,4,16,131,3.207357138600849e-07
1,1,4,16,132,2.1555726858167906e-05
1,1,4,16,133,3.395803197464342e-05
1,1,4,16,134,2.6514208862917647e-05
1,1,4,16,135,3.518988384646937e-05
1,1,4,16,136,1.1603328199628546e-08
1,1,4,16,137,1.001665310093478e-07
1,1,4,16,138,8.656628778643722e-09
1,1,4,16,139,4.576713300274222e-05
1,1,4,16,140,3.057162348170051e-05
1,1,4,16,141,1.679284316910423e-05
1,1,4,16,142,3.315803259748794e-07
1,1,4,16,143,4.252645980706186e-06
1,1,4,16,144,1.7436467182156158e-05
1,1,4,16,145,4.062380256825006e-05
1,1,4,16,146,9.377791133344986e-09
1,1,4,16,148,4.040962947004469e-09
1,1,4,16,149,4.715782303096938e-07
1,1,4,16,150,4.295285770815559e-10
1,1,4,16,151,1.1791053390519689e-07
1,1,4,16,152,1.9006644676131962e-07
1,1,4,16,153,2.0152023302108018e-07
1,1,4,16,154,2.1307537291560785e-07
1,1,4,16,155,2.6592556041787596e-08
1,1,4,16,156,1.7966823219505365e-07
1,1,4,16,157,3.8650075164066675e-08
1,1,4,16,158,5.68509987576571e-08
1,1,4,16,160,2.8141732360654824e-06
1,1,4,16,161,1.6236259717092534e-06
1,1,4,17,2,3.541124616318108e-08
1,1,4,17,3,0.0008501359088388
1,1,4,17,4,0.0001181984546346
1,1,4,17,5,3.723168316749133e-07
1,1,4,17,6,7.294285120639787e-07
1,1,4,17,7,1.1057049166428792e-08
1,1,4,17,8,2.953740907190153e-06
1,1,4,17,9,0.0024317114202124
1,1,4,17,10,0.0002727601015082
1,1,4,17,11,0.0001440609300994
1,1,4,17,12,1.3532952806225335e-05
1,1,4,17,13,9.461165172805065e-06
1,1,4,17,14,0.0003287594427386
1,1,4,17,18,5.157399516392194e-09
1,1,4,17,19,1.4302797699041354e-07
1,1,4,17,20,3.5785331198135196e-08
1,1,4,17,21,5.723926866239763e-09
1,1,4,17,32,8.89393815639148e-10
1,1,4,17,33,8.553650013756225e-09
1,1,4,17,34,2.275589571657665e-07
1,1,4,17,35,2.5787412299872164e-06
1,1,4,17,36,2.2554912112939169e-07
1,1,4,17,37,2.875333098637744e-06
1,1,4,17,38,2.7605086693977925e-07
1,1,4,17,39,2.8356290762953026e-05
1,1,4,17,40,1.3136842220802749e-05
1,1,4,17,41,2.457046695499906e-07
1,1,4,17,42,5.458876511206692e-05
1,1,4,17,43,0.0001641993379008
1,1,4,17,44,2.4592575735195203e-05
1,1,4,17,45,0.0003226796913732
1,1,4,17,46,5.032658875780016e-06
1,1,4,17,47,0.0004940925934715
1,1,4,17,48,0.0001214073205762
1,1,4,17,49,6.874076914852034e-06
1,1,4,17,50,3.502027082903216e-06
1,1,4,17,51,4.057674422997688e-07
1,1,4,17,52,0.0001793885949737
1,1,4,17,53,3.031699167804404e-05
1,1,4,17,54,0.0001404201265268
1,1,4,17,55,1.3857134169035345e-05
1,1,4,17,57,2.247377883070325e-07
1,1,4,17,59,0.0003607711348185
1,1,4,17,60,2.865988953324584e-05
1,1,4,17,61,4.821039585712037e-05
1,1,4,17,62,1.761267336041867e-05
1,1,4,17,63,4.349788794646363e-05
1,1,4,17,64,4.834551997073891e-05
1,1,4,17,65,3.115381092451405e-06
1,1,4,17,66,6.21975033803592e-07
1,1,4,17,67,3.759544270203172e-07
1,1,4,17,68,3.646802307484123e-06
1,1,4,17,69,0.0001159868417506
1,1,4,17,70,1.4602999618168404e-05
1,1,4,17,71,5.9047136221142445e-06
1,1,4,17,72,2.2391204859164354e-06
1,1,4,17,74,1.5427416107895735e-08
1,1,4,17,76,1.3521805364149513e-07
1,1,4,17,78,9.864761226420992e-07
1,1,4,17,80,2.3490217994113358e-07
1,1,4,17,82,7.672088068129048e-08
1,1,4,17,84,4.686457559172887e-09
1,1,4,17,85,5.180749725283611e-05
1,1,4,17,86,1.486922478264751e-05
1,1,4,17,87,6.844327830539798e-08
1,1,4,17,88,1.4155669396688178e-05
1,1,4,17,89,5.822311396297853e-07
1,1,4,17,90,7.072070637851044e-07
1,1,4,17,91,1.1254398213739538e-06
1,1,4,17,92,4.5443884231043156e-07
1,1,4,17,93,1.1205233630241875e-05
1,1,4,17,94,5.476657397925731e-06
1,1,4,17,96,8.755006925668924e-12
1,1,4,17,97,0.0058859231227392
1,1,4,17,98,7.3758046622424815e-09
1,1,4,17,99,3.241860987712579e-09
1,1,4,17,101,4.75804717863708e-05
1,1,4,17,102,1.8263295225697654e-09
1,1,4,17,111,6.12376973781345e-08
1,1,4,17,112,1.4115219422913763e-06
1,1,4,17,113,3.5888981167294614e-06
1,1,4,17,114,3.7251189599875885e-09
1,1,4,17,115,1.8173977067462823e-09
1,1,4,17,116,8.805382987215237e-11
1,1,4,17,117,7.139614811907625e-05
1,1,4,17,118,2.002799495798191e-06
1,1,4,17,119,3.2554968293115477e-07
1,1,4,17,120,2.4009741385653313e-06
1,1,4,17,121,1.0986223323946608e-05
1,1,4,17,127,5.695340732598657e-07
1,1,4,17,131,9.926375382727714e-06
1,1,4,17,132,9.625415039261886e-07
1,1,4,17,133,7.683903206269457e-08
1,1,4,17,134,3.196690906643045e-08
1,1,4,17,135,3.304350138249974e-05
1,1,4,17,142,1.6461169571814032e-09
1,1,4,17,145,1.614079131307915e-11
1,1,4,17,148,2.1442507260870502e-10
1,1,4,17,149,1.3880310437763784e-09
1,1,4,17,151,9.300779795393959e-10
1,1,4,17,152,6.218389464074157e-09
1,1,4,17,153,1.4338528977733304e-09
1,1,4,17,154,1.6419371525414644e-09
1,1,4,17,155,4.699027051784398e-11
1,1,4,17,156,5.230531547273292e-09
1,1,4,17,157,3.1482902558363893e-10
1,1,4,17,158,3.8224724558421226e-10
1,1,4,18,2,1.2305905675288027e-09
1,1,4,18,3,1.633065187477226e-06
1,1,4,18,4,1.0701725486362305e-06
1,1,4,18,5,1.3895041378220109e-10
1,1,4,18,8,7.314008484190595e-07
1,1,4,18,9,3.667979970181658e-05
1,1,4,18,10,0.0001005659643553
1,1,4,18,11,1.0513169840320662e-05
1,1,4,18,12,1.383804551438056e-06
1,1,4,18,13,2.6337355692168667e-06
1,1,4,18,14,5.535907674527486e-06
1,1,4,18,33,3.324356831519957e-07
1,1,4,18,35,1.692089608462295e-06
1,1,4,18,36,2.6119043063463243e-06
1,1,4,18,37,1.6357542864224372e-06
1,1,4,18,38,2.2470833179551944e-06
1,1,4,18,39,2.8570246174126212e-05
1,1,4,18,40,7.887157767858608e-06
1,1,4,18,41,5.198814090980362e-07
1,1,4,18,42,6.496117412252363e-06
1,1,4,18,43,1.6085722728626287e-05
1,1,4,18,44,3.033837749523518e-07
1,1,4,18,45,2.681335651408449e-06
1,1,4,18,46,6.440550609279843e-10
1,1,4,18,47,2.6638294828281826e-05
1,1,4,18,48,2.700529084268475e-05
1,1,4,18,51,9.522024327908538e-10
1,1,4,18,52,2.1146002939847988e-06
1,1,4,18,53,2.1904051206133306e-07
1,1,4,18,54,7.665910463585717e-06
1,1,4,18,55,1.9322583082421195e-05
1,1,4,18,59,1.8401960933624492e-08
1,1,4,18,60,3.889477651832683e-06
1,1,4,18,61,3.6698388368721465e-06
1,1,4,18,62,1.2709832771688723e-06
1,1,4,18,63,0.0003622424031557
1,1,4,18,64,2.6953480015753265e-05
1,1,4,18,65,2.8311646285840536e-07
1,1,4,18,66,4.6355485051718496e-05
1,1,4,18,67,1.3438154591528926e-06
1,1,4,18,68,4.607951504020347e-06
1,1,4,18,69,6.277529117906025e-06
1,1,4,18,70,1.9685661352296453e-05
1,1,4,18,71,2.569212188255717e-05
1,1,4,18,72,2.976161948793898e-06
1,1,4,18,73,0.000148315833693
1,1,4,18,74,5.614227889836414e-07
1,1,4,18,76,3.8497270437755405e-06
1,1,4,18,78,3.213671852465843e-06
1,1,4,18,80,2.147653543236048e-12
1,1,4,18,81,1.1524921085176984e-06
1,1,4,18,82,4.821245999078678e-07
1,1,4,18,85,4.244345128745701e-05
1,1,4,18,86,1.303603823466567e-05
1,1,4,18,87,1.376856354117328e-07
1,1,4,18,88,3.235119557222501e-06
1,1,4,18,89,9.212002918812586e-06
1,1,4,18,90,1.3278191227086846e-05
1,1,4,18,91,1.3602250232350287e-05
1,1,4,18,92,9.347557564432024e-07
1,1,4,18,93,1.1720131156381325e-05
1,1,4,18,97,1.006045330846446e-06
1,1,4,18,99,7.032374009243037e-09
1,1,4,18,100,3.691806096494174e-09
1,1,4,18,101,8.833725950247867e-07
1,1,4,18,102,2.0301133544479843e-08
1,1,4,18,103,3.139055181604873e-11
1,1,4,18,108,7.944341932159746e-08
1,1,4,18,109,7.859024283448784e-07
1,1,4,18,110,1.9369399467508946e-07
1,1,4,18,113,6.991604997652253e-07
1,1,4,18,115,2.2141259619375792e-08
1,1,4,18,116,2.4860272201765147e-08
1,1,4,18,117,7.210545129546652e-07
1,1,4,18,119,2.2332509743672856e-08
1,1,4,18,125,2.5695419921986436e-06
1,1,4,18,130,4.3937046055077966e-08
1,1,4,18,131,6.91452563533995e-10
1,1,4,18,134,4.7170891231519076e-07
1,1,4,18,136,5.36886439824259e-08
1,1,4,18,138,1.2447470965714694e-08
1,1,4,18,139,5.980929388759384e-05
1,1,4,18,140,4.150887819243876e-05
1,1,4,18,141,2.721272813157217e-06
1,1,4,18,142,5.7597368619176745e-05
1,1,4,18,143,4.509176257750998e-06
1,1,4,18,144,1.145863463010208e-05
1,1,4,18,145,7.097252747738101e-06
1,1,4,18,149,0.0001291471837351
1,1,4,18,151,3.726412526113036e-06
1,1,4,18,152,1.082010084429752e-05
1,1,4,18,153,2.40503483281935e-06
1,1,4,18,154,2.857599925194908e-06
1,1,4,18,155,3.4721055469319593e-07
1,1,4,18,156,1.3391181839418276e-06
1,1,4,18,157,2.947776777052626e-07
1,1,4,18,158,2.7271235077260693e-07
1,1,4,18,159,1.0251665527411156e-08
1,1,4,18,160,1.0600439849674216e-09
1,1,4,19,2,1.7722886277015043e-06
1,1,4,19,3,0.0001016079550789
1,1,4,19,4,6.278808527844167e-05
1,1,4,19,5,3.5496610253151814e-06
1,1,4,19,7,4.753771920278106e-08
1,1,4,19,8,9.772853256444484e-05
1,1,4,19,9,0.0021495764498337
1,1,4,19,10,0.0003808255136764
1,1,4,19,11,7.924733964361465e-05
1,1,4,19,12,3.045725955792847e-06
1,1,4,19,13,6.815385864495919e-06
1,1,4,19,14,0.0002785300076273
1,1,4,19,18,3.576725937676967e-08
1,1,4,19,19,1.224022115937588e-06
1,1,4,19,20,1.654567914531932e-07
1,1,4,19,35,5.8273761336578516e-06
1,1,4,19,36,1.2313893655937849e-05
1,1,4,19,37,3.666934252347436e-06
1,1,4,19,38,8.32493893352111e-05
1,1,4,19,39,2.037399165508255e-05
1,1,4,19,40,3.218787508073476e-05
1,1,4,19,41,2.989473803232965e-05
1,1,4,19,42,4.212240470815356e-06
1,1,4,19,43,0.0001207744146668
1,1,4,19,44,4.265832233518552e-05
1,1,4,19,45,0.0218049019319272
1,1,4,19,46,6.067752013135461e-07
1,1,4,19,47,0.0003947660839567
1,1,4,19,48,0.0002782450444399
1,1,4,19,49,3.1997094165993646e-05
1,1,4,19,50,5.7757496685045e-06
1,1,4,19,51,1.3688889979296618e-07
1,1,4,19,52,0.001112465562061
1,1,4,19,53,2.1736959853025333e-05
1,1,4,19,54,0.0008768874433479
1,1,4,19,55,0.0003076843667212
1,1,4,19,57,1.4580887869194089e-08
1,1,4,19,59,0.019096250817072
1,1,4,19,60,0.0187112602752391
1,1,4,19,61,1.1016721775128144e-05
1,1,4,19,62,5.347638588721224e-07
1,1,4,19,63,0.0007888665904834
1,1,4,19,64,0.0002752472531693
1,1,4,19,65,0.0001324940369684
1,1,4,19,66,1.7911106929786817e-06
1,1,4,19,67,1.3167058658298489e-05
1,1,4,19,68,1.103634791423758e-05
1,1,4,19,69,4.099010451321008e-05
1,1,4,19,70,1.607749352823406e-06
1,1,4,19,71,0.0002209985887856
1,1,4,19,72,0.0004633962122919
1,1,4,19,73,1.101034664723746e-06
1,1,4,19,74,2.844525912049523e-10
1,1,4,19,76,4.745262450664353e-06
1,1,4,19,78,2.51470490748415e-07
1,1,4,19,80,4.274407985139244e-07
1,1,4,19,81,1.6921290178669705e-08
1,1,4,19,82,5.470663771655911e-09
1,1,4,19,85,0.0002832736980077
1,1,4,19,86,5.9214393638440074e-05
1,1,4,19,87,9.375626627846475e-06
1,1,4,19,88,4.874112805675385e-05
1,1,4,19,89,7.4182238677788e-06
1,1,4,19,90,0.0001074788013261
1,1,4,19,91,3.482700483606042e-07
1,1,4,19,92,4.266467494647873e-07
1,1,4,19,93,2.0742875040075903e-05
1,1,4,19,94,1.563320140183328e-06
1,1,4,19,95,0.0007155930653048
1,1,4,19,97,2.072822549918799e-07
1,1,4,19,99,1.379446206486266e-07
1,1,4,19,100,2.086666918660612e-09
1,1,4,19,101,3.0724537260147495e-08
1,1,4,19,102,2.6531314771607504e-09
1,1,4,19,108,4.197690964244213e-08
1,1,4,19,109,2.4739323481650633e-07
1,1,4,19,110,1.094072320277483e-07
1,1,4,19,111,5.2448606354394915e-09
1,1,4,19,113,9.842045093848813e-06
1,1,4,19,114,9.111827073784498e-08
1,1,4,19,115,5.632508331487523e-08
1,1,4,19,116,4.9933553876959874e-08
1,1,4,19,117,0.0001244029458837
1,1,4,19,118,1.3238926976205012e-05
1,1,4,19,119,4.96468391288513e-05
1,1,4,19,120,8.47229315057977e-06
1,1,4,19,121,7.628497333907586e-06
1,1,4,19,122,1.7730666363023684e-06
1,1,4,19,123,3.1186557254280855e-06
1,1,4,19,124,2.345526352063264e-08
1,1,4,19,125,5.274107733960308e-07
1,1,4,19,126,3.599395354824649e-07
1,1,4,19,127,2.3835005506353533e-07
1,1,4,19,131,6.4152719399796e-08
1,1,4,19,132,4.551645778287722e-07
1,1,4,19,134,4.179993492826804e-09
1,1,4,19,135,3.315130728961615e-06
1,1,4,19,137,5.333134324864234e-12
1,1,4,19,138,1.5399296744117328e-10
1,1,4,19,142,7.990914024412077e-11
1,1,4,19,144,5.632173727628177e-11
1,1,4,19,145,1.1062220871512779e-10
1,1,4,19,149,8.083904008943012e-10
1,1,4,19,151,1.093951546345175e-09
1,1,4,19,152,2.4663258759114732e-09
1,1,4,19,153,3.7533487871127685e-09
1,1,4,19,154,2.7277362222927263e-09
1,1,4,19,155,1.7824687403157994e-10
1,1,4,19,156,3.4865546678818336e-10
1,1,4,19,157,4.3342630468414605e-10
1,1,4,19,158,6.34249240520872e-10
1,1,4,19,160,9.10731633288278e-09
1,1,4,19,161,2.8504824389115887e-09
1,1,4,20,2,3.1927766178031377e-07
1,1,4,20,3,3.447762501298053e-07
1,1,4,20,4,0.0008279490222131
1,1,4,20,8,0.0002396159600311
1,1,4,20,9,4.078742925492734e-05
1,1,4,20,10,2.626191266898131e-05
1,1,4,20,11,2.006087575861197e-05
1,1,4,20,12,1.204606928583296e-05
1,1,4,20,14,6.303149773173445e-06
1,1,4,20,19,3.2149801994609664e-08
1,1,4,20,32,2.8772502306446735e-08
1,1,4,20,34,4.6764159554370447e-08
1,1,4,20,35,2.760857580973779e-08
1,1,4,20,36,1.0465833118242417e-08
1,1,4,20,37,2.0937818144170235e-09
1,1,4,20,38,2.7577177419529145e-08
1,1,4,20,39,8.66840368964375e-08
1,1,4,20,40,2.789731465615689e-07
1,1,4,20,41,9.049210165720351e-10
1,1,4,20,42,1.3484354812391168e-08
1,1,4,20,43,4.960324996395508e-07
1,1,4,20,44,3.5062860569458824e-08
1,1,4,20,45,3.9850741129928855e-06
1,1,4,20,46,7.144733218680707e-12
1,1,4,20,47,3.775006983154896e-08
1,1,4,20,48,1.2947228949518488e-07
1,1,4,20,49,1.2900134544891858e-07
1,1,4,20,50,8.902810429219076e-09
1,1,4,20,51,4.0614105254404426e-08
1,1,4,20,52,3.0015008140180657e-07
1,1,4,20,53,7.92306135496624e-08
1,1,4,20,54,2.040338039345843e-06
1,1,4,20,55,1.4258820490762745e-08
1,1,4,20,57,1.4183810775775834e-07
1,1,4,20,59,4.83550153417553e-07
1,1,4,20,60,4.1724941391868433e-08
1,1,4,20,61,4.1724941391868433e-08
1,1,4,20,62,7.613841718025016e-07
1,1,4,20,63,8.585646630375008e-06
1,1,4,20,64,5.247571978823379e-08
1,1,4,20,65,4.680937355843253e-08
1,1,4,20,67,1.0428989859280956e-07
1,1,4,20,68,8.213663813054576e-09
1,1,4,20,69,4.6764159554370394e-08
1,1,4,20,70,4.6764159554370394e-08
1,1,4,20,71,3.366173846018936e-07
1,1,4,20,72,3.443868873517587e-07
1,1,4,20,74,3.2439702131771065e-08
1,1,4,20,75,4.061410525440439e-08
1,1,4,20,76,6.501480348563807e-08
1,1,4,20,77,4.0614105254404366e-08
1,1,4,20,78,6.557705330046089e-08
1,1,4,20,79,4.061410525440437e-08
1,1,4,20,80,6.433679450771202e-08
1,1,4,20,81,8.402787693859115e-08
1,1,4,20,82,3.659664824313006e-08
1,1,4,20,83,4.0614105254404406e-08
1,1,4,20,85,4.05537417497149e-07
1,1,4,20,86,1.527813792926821e-07
1,1,4,20,87,3.481577315478332e-08
1,1,4,20,88,1.3625135957898828e-07
1,1,4,20,89,1.7847999040228498e-08
1,1,4,20,90,4.4234428765969275e-08
1,1,4,20,91,2.29843711687315e-08
1,1,4,20,92,3.4739506288323974e-08
1,1,4,20,93,1.1706565539018433e-07
1,1,4,20,101,1.564458605063878e-09
1,1,4,20,108,6.465614493511192e-09
1,1,4,20,109,3.0396345820966425e-08
1,1,4,20,113,4.358484715901388e-07
1,1,4,20,117,6.6065744810387345e-06
1,1,4,20,118,2.5970590150859676e-05
1,1,4,20,119,7.254297193910544e-10
1,1,4,20,120,8.678847862368873e-07
1,1,4,20,121,8.951509682991544e-05
1,1,4,20,122,5.315111178124533e-09
1,1,4,20,125,1.0354208204112135e-09
1,1,4,20,126,1.0090464470252385e-07
1,1,4,20,127,6.25742093555375e-08
1,1,4,20,131,1.4694504160478813e-07
1,1,4,20,132,3.3750303256673485e-11
1,1,4,20,133,1.4454078974961008e-10
1,1,4,20,135,7.460677946846892e-10
1,1,4,20,136,6.424422696155937e-08
1,1,4,20,137,8.077485583840913e-10
1,1,4,20,138,3.1572184897441407e-09
1,1,4,20,159,1.7512518716151557e-11
1,1,4,20,160,2.329100337878985e-09
1,1,4,21,2,0.0002685012670022
1,1,4,21,3,0.0031005514950459
1,1,4,21,4,0.0019457005157351
1,1,4,21,5,1.0694539860835208e-05
1,1,4,21,6,0.0001119512777081
1,1,4,21,7,2.350441751777461e-05
1,1,4,21,8,0.1026075008244792
1,1,4,21,9,0.0100244135158983
1,1,4,21,10,0.0040396944443422
1,1,4,21,11,0.0005676881192193
1,1,4,21,12,4.447201821991748e-05
1,1,4,21,14,0.0001434130558669
1,1,4,21,15,7.965947775462109e-09
1,1,4,21,19,6.763542885199555e-05
1,1,4,21,21,1.1356307493503062e-08
1,1,4,21,22,8.979409655807707e-08
1,1,4,21,31,1.4133317584667775e-10
1,1,4,21,33,1.1845655132303557e-07
1,1,4,21,34,5.440345077200703e-07
1,1,4,21,35,0.0001487911428651
1,1,4,21,36,5.481885238833565e-05
1,1,4,21,37,5.1454108023025345e-05
1,1,4,21,38,6.7847189903627995e-06
1,1,4,21,39,0.0004632966742289
1,1,4,21,40,0.0004518273872119
1,1,4,21,41,0.0001080645678462
1,1,4,21,42,3.6750642335515376e-05
1,1,4,21,43,0.0023984502161131
1,1,4,21,44,8.725696271536014e-05
1,1,4,21,45,0.0057583274578354
1,1,4,21,46,1.4607676806201214e-06
1,1,4,21,47,1.4489219188694516e-05
1,1,4,21,48,1.8295856204922748e-06
1,1,4,21,49,0.000113457117453
1,1,4,21,50,3.350893100302776e-06
1,1,4,21,51,2.4069596316989432e-05
1,1,4,21,52,8.004946838532196e-05
1,1,4,21,53,0.00117580346437
1,1,4,21,54,0.0033236722344228
1,1,4,21,55,0.0001598857652223
1,1,4,21,56,6.395387347142547e-05
1,1,4,21,57,0.0006685922486497
1,1,4,21,58,4.691534548809846e-06
1,1,4,21,59,0.0039689542503685
1,1,4,21,60,0.0042832739971317
1,1,4,21,61,0.0060012571494457
1,1,4,21,62,0.0029480165667864
1,1,4,21,63,0.0220836481889538
1,1,4,21,64,0.0008845618925243
1,1,4,21,65,0.0001469228593646
1,1,4,21,66,0.000147334111194
1,1,4,21,67,9.184522622580733e-06
1,1,4,21,68,0.0002308558709098
1,1,4,21,69,5.561427285318289e-05
1,1,4,21,70,1.656371511004685e-05
1,1,4,21,71,1.3130944320790158e-05
1,1,4,21,72,0.0004243029119775
1,1,4,21,73,7.219398310495757e-05
1,1,4,21,74,1.9170686608749203e-06
1,1,4,21,76,3.397107362111241e-05
1,1,4,21,77,2.0138164919962323e-05
1,1,4,21,78,3.6517299141985206e-05
1,1,4,21,79,2.4199872128734188e-06
1,1,4,21,80,0.0001031381885279
1,1,4,21,81,8.074638419396586e-08
1,1,4,21,82,2.77423309661143e-05
1,1,4,21,84,1.2074241381073027e-05
1,1,4,21,85,0.0040034564415681
1,1,4,21,86,0.0022417864926927
1,1,4,21,87,0.0001493657001973
1,1,4,21,88,0.0022506777618173
1,1,4,21,89,0.000450372965717
1,1,4,21,90,0.0007790393007587
1,1,4,21,91,4.932798698821787e-05
1,1,4,21,92,0.0002644829613504
1,1,4,21,93,0.0025351404612364
1,1,4,21,94,0.0001525327675399
1,1,4,21,95,9.795093481433532e-05
1,1,4,21,96,0.0021183079226598
1,1,4,21,97,0.0002336040110605
1,1,4,21,98,1.2607236116207156e-09
1,1,4,21,100,8.853376990661644e-10
1,1,4,21,101,6.996790359112805e-10
1,1,4,21,102,1.0854938378268344e-06
1,1,4,21,107,9.997298762066561e-10
1,1,4,21,108,3.292631207742733e-09
1,1,4,21,109,8.068039907368802e-09
1,1,4,21,110,7.732049540647758e-10
1,1,4,21,111,9.455331560241952e-10
1,1,4,21,113,3.771304539862768e-05
1,1,4,21,114,6.958752276322507e-09
1,1,4,21,117,0.0021786308548996
1,1,4,21,118,0.0006468857438774
1,1,4,21,120,1.5723825027646715e-08
1,1,4,21,121,3.0082404281065104e-07
1,1,4,21,122,1.2327322562344376e-09
1,1,4,21,123,1.0850769917019076e-05
1,1,4,21,124,5.738651069467775e-07
1,1,4,21,125,0.0006147862537086
1,1,4,21,126,9.9223249021927e-05
1,1,4,21,127,0.000183965225299
1,1,4,21,132,1.9633974001638972e-05
1,1,4,21,133,2.0647229635679992e-05
1,1,4,21,135,0.0007221804964091
1,1,4,21,136,9.618048514912776e-05
1,1,4,21,139,1.1053563874841008e-05
1,1,4,21,140,9.990005953684024e-06
1,1,4,21,141,1.0309713332324212e-06
1,1,4,21,142,7.092282716366012e-06
1,1,4,21,143,1.5378335877028786e-06
1,1,4,21,144,3.4015786695998943e-06
1,1,4,21,145,4.867552153973848e-06
1,1,4,21,146,9.323649243093906e-07
1,1,4,21,147,8.212969538286036e-08
1,1,4,21,148,4.794999848154675e-06
1,1,4,21,149,2.3557443583305817e-05
1,1,4,21,151,1.3421750721965576e-06
1,1,4,21,152,3.712135126986728e-06
1,1,4,21,153,6.115415111335521e-07
1,1,4,21,154,3.288739374712899e-07
1,1,4,21,155,1.810829431006857e-07
1,1,4,21,156,7.504052804367277e-06
1,1,4,21,157,5.948960922686947e-08
1,1,4,21,158,2.097272698145488e-07
1,1,4,21,160,8.736549682374095e-07
1,1,4,21,161,0.000188658196345
1,1,4,22,2,0.0016324222160933
1,1,4,22,3,0.0599814489534623
1,1,4,22,4,0.0045215735367442
1,1,4,22,5,1.589008771018593e-05
1,1,4,22,6,0.000979282202171
1,1,4,22,7,1.6422598393081394e-08
1,1,4,22,8,0.1052149862172782
1,1,4,22,9,0.0215802348510095
1,1,4,22,10,0.0086005375950674
1,1,4,22,11,0.0004305218315485
1,1,4,22,12,0.0003692705971843
1,1,4,22,13,7.685835178002223e-05
1,1,4,22,14,0.0010470529514681
1,1,4,22,18,0.0104354887262444
1,1,4,22,19,2.6572516723529226e-06
1,1,4,22,20,1.688979225028981e-05
1,1,4,22,21,4.169656506230785e-07
1,1,4,22,22,4.898191908670942e-06
1,1,4,22,26,0.0009223834121792
1,1,4,22,29,9.565047348871684e-06
1,1,4,22,30,6.339666250211293e-05
1,1,4,22,31,4.613078551653093e-09
1,1,4,22,32,1.9191558387890484e-05
1,1,4,22,33,5.691034536965405e-05
1,1,4,22,34,5.357128894444375e-06
1,1,4,22,35,0.0001395684819387
1,1,4,22,36,0.0038859879138269
1,1,4,22,37,0.0001839404388369
1,1,4,22,38,0.0012534082935132
1,1,4,22,39,0.0017199175214131
1,1,4,22,40,0.0031330140316291
1,1,4,22,41,4.430760620520154e-06
1,1,4,22,42,0.0011134549495577
1,1,4,22,43,0.0024523542220222
1,1,4,22,44,0.0017640590429406
1,1,4,22,45,0.0081085473716793
1,1,4,22,46,1.447651586100152e-06
1,1,4,22,47,0.0004592578651123
1,1,4,22,48,0.0001439565769534
1,1,4,22,49,3.9939894636207304e-05
1,1,4,22,50,0.0001369486979707
1,1,4,22,51,5.853130231881303e-05
1,1,4,22,52,0.0037862618450459
1,1,4,22,53,0.0010719593204848
1,1,4,22,54,0.0001746179836407
1,1,4,22,55,0.0001312463122772
1,1,4,22,56,0.0002662022582295
1,1,4,22,57,0.0014573848141201
1,1,4,22,58,1.569100909394846e-05
1,1,4,22,59,0.0033821907222479
1,1,4,22,60,0.0035020305032089
1,1,4,22,61,0.0645632803747747
1,1,4,22,62,0.0301447171175499
1,1,4,22,63,0.0143994029961438
1,1,4,22,64,0.0010673698033203
1,1,4,22,65,0.0005407610005494
1,1,4,22,66,0.0001962811504437
1,1,4,22,67,0.0004014768305569
1,1,4,22,68,0.0013678747962125
1,1,4,22,69,0.0001071436561413
1,1,4,22,70,9.078520744469024e-06
1,1,4,22,71,1.2741750424079372e-05
1,1,4,22,72,0.0031735900542586
1,1,4,22,73,0.00283680202695
1,1,4,22,74,6.172525761997446e-05
1,1,4,22,76,0.0001630713757687
1,1,4,22,77,7.558368078109823e-05
1,1,4,22,78,4.338329658885998e-05
1,1,4,22,79,1.016938965483676e-05
1,1,4,22,80,4.521060199667063e-05
1,1,4,22,81,3.817081312935608e-06
1,1,4,22,82,2.6829524549355013e-08
1,1,4,22,84,2.188460333144661e-05
1,1,4,22,85,0.0012591851447069
1,1,4,22,86,0.0004081879518942
1,1,4,22,87,5.1606410497389485e-06
1,1,4,22,88,0.0003824792756106
1,1,4,22,89,6.005541410458093e-05
1,1,4,22,90,0.0002343505100868
1,1,4,22,91,3.872799084979168e-05
1,1,4,22,92,2.80575240265994e-05
1,1,4,22,93,8.677797362230386e-05
1,1,4,22,94,0.0001102941296605
1,1,4,22,96,0.023688154108675
1,1,4,22,97,0.0003121296883616
1,1,4,22,99,1.221303857424281e-06
1,1,4,22,100,4.079176380198546e-07
1,1,4,22,101,1.3091537845147222e-06
1,1,4,22,102,1.6502382092658533e-06
1,1,4,22,107,6.093417252758393e-07
1,1,4,22,108,1.7668014773901846e-05
1,1,4,22,109,3.487740529974311e-05
1,1,4,22,110,0.0001351816613567
1,1,4,22,111,7.108528109082412e-05
1,1,4,22,112,4.914409581107446e-05
1,1,4,22,113,9.26044978698566e-05
1,1,4,22,114,1.6539923427087488e-08
1,1,4,22,115,1.7731929393457617e-05
1,1,4,22,116,9.535131189280968e-06
1,1,4,22,117,0.0221511355975256
1,1,4,22,118,0.0121667975843777
1,1,4,22,119,0.0002791775149975
1,1,4,22,120,0.0003999459677376
1,1,4,22,121,0.0024414117856201
1,1,4,22,122,6.63416069549161e-05
1,1,4,22,125,1.0610366755361458e-06
1,1,4,22,126,0.0001904246718384
1,1,4,22,127,1.2884750157936632e-06
1,1,4,22,128,2.2461165127375645e-08
1,1,4,22,129,2.0366690851576507e-11
1,1,4,22,130,6.147283166304882e-08
1,1,4,22,131,0.0001364256179826
1,1,4,22,132,6.441362059067164e-06
1,1,4,22,133,5.46042468578906e-07
1,1,4,22,134,9.908425204683596e-05
1,1,4,22,135,0.000313550273084
1,1,4,22,136,1.3275191312933095e-09
1,1,4,22,137,2.518809272662508e-05
1,1,4,22,138,5.478571770141708e-06
1,1,4,22,139,2.6953402464226666e-08
1,1,4,22,140,1.604864090293872e-07
1,1,4,22,141,9.889760120831285e-08
1,1,4,22,142,2.4918768443306127e-06
1,1,4,22,143,4.766322407246104e-09
1,1,4,22,144,2.665555169036778e-07
1,1,4,22,145,2.56555346287562e-07
1,1,4,22,146,2.3966312078305226e-08
1,1,4,22,147,2.6606622071943104e-09
1,1,4,22,148,1.0723037424381734e-06
1,1,4,22,149,3.093869699101623e-06
1,1,4,22,150,1.6990576809521438e-08
1,1,4,22,151,1.3356503473601156e-06
1,1,4,22,152,2.4112822825653403e-06
1,1,4,22,153,1.7015722232639813e-06
1,1,4,22,154,9.322281876934688e-07
1,1,4,22,155,2.889784062349311e-07
1,1,4,22,156,1.6286428846196072e-06
1,1,4,22,157,2.275997701655532e-07
1,1,4,22,158,3.269528928947923e-07
1,1,4,22,159,0.0002750689778283
1,1,4,22,160,1.6881812738933817e-07
1,1,4,22,161,1.7172789577309057e-05
1,1,4,23,1,0.0132354613074078
1,1,4,23,2,0.0008952349159177
1,1,4,23,3,0.0318152372808723
1,1,4,23,4,0.0459123066885492
1,1,4,23,5,0.0016780109355139
1,1,4,23,6,6.798554117778909e-05
1,1,4,23,8,0.073918945719612
1,1,4,23,9,0.0024799220135631
1,1,4,23,10,0.0002656455854351
1,1,4,23,11,0.0001374640547511
1,1,4,23,12,0.0001901110884871
1,1,4,23,13,1.7562648589849253e-05
1,1,4,23,14,0.0003331041164245
1,1,4,23,15,1.3590912822638713e-13
1,1,4,23,18,1.4936353221709592e-08
1,1,4,23,19,2.2573493724224212e-08
1,1,4,23,26,2.3086876935456197e-07
1,1,4,23,29,3.67588165206264e-06
1,1,4,23,30,4.829409687059866e-08
1,1,4,23,31,3.7156077814189773e-09
1,1,4,23,32,7.86925841885509e-06
1,1,4,23,33,9.944917618235554e-06
1,1,4,23,34,4.418930764175167e-07
1,1,4,23,35,3.760928450019596e-06
1,1,4,23,36,4.314351703226289e-06
1,1,4,23,37,1.1977046603692229e-06
1,1,4,23,38,1.8220660888203469e-06
1,1,4,23,39,2.842372288693243e-05
1,1,4,23,40,9.315620008716724e-06
1,1,4,23,41,3.700748464384136e-06
1,1,4,23,42,1.3944327870392312e-05
1,1,4,23,43,0.0001206061891894
1,1,4,23,44,9.61977950006042e-05
1,1,4,23,45,0.0002873631530611
1,1,4,23,46,3.9625133392923985e-08
1,1,4,23,47,7.013334203099698e-05
1,1,4,23,48,3.488496667756389e-05
1,1,4,23,49,0.0001505556487347
1,1,4,23,50,2.141906107025525e-07
1,1,4,23,51,3.188387184031073e-08
1,1,4,23,52,0.0001278261271161
1,1,4,23,53,1.995639740862196e-05
1,1,4,23,54,0.0004032216655879
1,1,4,23,55,2.449494583397415e-05
1,1,4,23,57,1.3009523842551112e-05
1,1,4,23,58,4.7569179711053e-11
1,1,4,23,59,4.917761602464619e-05
1,1,4,23,60,8.975764133448136e-06
1,1,4,23,61,0.0004038046552995
1,1,4,23,62,0.0001800192909541
1,1,4,23,63,1.2255741221276573e-06
1,1,4,23,64,1.5705599403946548e-05
1,1,4,23,65,1.3651345687416514e-05
1,1,4,23,66,4.056774070186612e-06
1,1,4,23,67,2.3445343159640898e-05
1,1,4,23,68,0.0003819058763624
1,1,4,23,69,1.9676655969087333e-06
1,1,4,23,70,1.4688469426732345e-07
1,1,4,23,71,5.693550244188871e-07
1,1,4,23,72,0.0001239134849875
1,1,4,23,73,0.0001791752795688
1,1,4,23,74,7.677727963574877e-09
1,1,4,23,76,1.4439620314895363e-05
1,1,4,23,77,1.9091266677841933e-05
1,1,4,23,78,1.7080373019047734e-06
1,1,4,23,79,1.0035327220480207e-06
1,1,4,23,80,1.1827338216438351e-06
1,1,4,23,81,6.8367167357622796e-09
1,1,4,23,82,3.921976865881138e-08
1,1,4,23,84,2.326450239047841e-07
1,1,4,23,85,0.0002456679279095
1,1,4,23,86,5.624795186716668e-05
1,1,4,23,87,8.372933629865398e-07
1,1,4,23,88,8.602165682250716e-05
1,1,4,23,89,2.4117049435695964e-05
1,1,4,23,90,1.3034486870804178e-05
1,1,4,23,91,3.324329353857852e-06
1,1,4,23,92,6.69382819062534e-07
1,1,4,23,93,4.857166147166532e-06
1,1,4,23,94,7.068709450783543e-06
1,1,4,23,95,8.198650273837878e-06
1,1,4,23,96,0.0001641221142224
1,1,4,23,97,0.0004597948712699
1,1,4,23,99,1.4973129947696555e-08
1,1,4,23,100,1.8139565839059832e-08
1,1,4,23,101,7.266288243136637e-05
1,1,4,23,102,4.307512312845169e-05
1,1,4,23,103,1.4419239359688459e-10
1,1,4,23,106,8.880667866988574e-11
1,1,4,23,108,2.1097276184988924e-08
1,1,4,23,109,6.93006583887836e-08
1,1,4,23,110,1.215557076988892e-08
1,1,4,23,111,2.8257480084454857e-11
1,1,4,23,112,1.5075947110501945e-08
1,1,4,23,113,5.517912073024848e-06
1,1,4,23,115,3.5391200196061046e-09
1,1,4,23,116,9.82705145103825e-10
1,1,4,23,117,8.949631494256064e-05
1,1,4,23,118,9.899864741953431e-05
1,1,4,23,119,3.841828474980075e-06
1,1,4,23,120,5.239031230598562e-09
1,1,4,23,121,1.1402094526767964e-08
1,1,4,23,122,6.705578312821324e-10
1,1,4,23,125,1.063898398074178e-05
1,1,4,23,127,4.079462369653368e-07
1,1,4,23,131,1.0966611915848732e-09
1,1,4,23,132,6.348265100549614e-09
1,1,4,23,133,5.7561646722998375e-08
1,1,4,23,134,1.0855154871744411e-06
1,1,4,23,135,1.5207148340417354e-07
1,1,4,23,136,1.563098186777354e-05
1,1,4,23,137,8.114838959959578e-09
1,1,4,23,138,2.320573470328953e-10
1,1,4,23,139,1.5621178001790846e-06
1,1,4,23,140,1.1974329826430606e-06
1,1,4,23,141,1.4051937781400224e-07
1,1,4,23,142,8.61872121716537e-11
1,1,4,23,143,1.666968358990784e-07
1,1,4,23,144,3.225163960873141e-07
1,1,4,23,145,4.543687159307708e-07
1,1,4,23,146,1.0387591888501694e-12
1,1,4,23,147,9.085823308464972e-14
1,1,4,23,149,4.5043621255981616e-11
1,1,4,23,151,1.951420370405069e-11
1,1,4,23,152,2.1702448560330332e-10
1,1,4,23,153,7.069964613730879e-11
1,1,4,23,154,7.432923899450276e-11
1,1,4,23,155,2.217241377378456e-12
1,1,4,23,156,7.327812618231051e-11
1,1,4,23,157,1.444426740171943e-11
1,1,4,23,158,1.5666930985173907e-11
1,1,4,23,159,5.862017694044346e-06
1,1,4,23,160,7.927766286207999e-08
1,1,4,23,161,5.4375857932031156e-08
1,1,4,24,1,0.0007999723928985
1,1,4,24,2,0.0648462645986057
1,1,4,24,3,0.0335704304996214
1,1,4,24,4,0.0021357462703081
1,1,4,24,5,0.0460112242224126
1,1,4,24,6,3.1679861287061954e-05
1,1,4,24,7,7.864031427596318e-07
1,1,4,24,8,0.0015694565096829
1,1,4,24,9,0.0101497588429299
1,1,4,24,10,0.0003503301763315
1,1,4,24,11,0.0004010128911365
1,1,4,24,12,0.0001646530497015
1,1,4,24,13,5.9593546947554274e-05
1,1,4,24,14,0.0007070340353929
1,1,4,24,35,1.1755012421563768e-05
1,1,4,24,36,1.1812132599376349e-05
1,1,4,24,37,5.288904669943248e-06
1,1,4,24,38,1.810401744282207e-06
1,1,4,24,39,0.0001814715364041
1,1,4,24,40,4.0987580464617954e-05
1,1,4,24,41,1.547737300135944e-07
1,1,4,24,42,8.935621713935376e-06
1,1,4,24,43,0.0001805349820491
1,1,4,24,44,0.0004258581935718
1,1,4,24,45,0.0052145896638238
1,1,4,24,46,2.6193773703141575e-06
1,1,4,24,47,0.0002437962806583
1,1,4,24,48,0.0014625105084775
1,1,4,24,49,4.036929079421e-06
1,1,4,24,52,0.0001211753730599
1,1,4,24,54,0.0003842774962776
1,1,4,24,55,1.9325538383845866e-05
1,1,4,24,59,8.554912972419294e-05
1,1,4,24,61,0.0008522365647667
1,1,4,24,62,2.9999476669323735e-05
1,1,4,24,63,0.0011032437999333
1,1,4,24,64,8.153052408613648e-05
1,1,4,24,65,2.3802796960887732e-06
1,1,4,24,67,3.008521258180793e-06
1,1,4,24,68,8.66500768129542e-08
1,1,4,24,69,0.0001245554436234
1,1,4,24,71,6.847726219298126e-07
1,1,4,24,72,0.0010384275035294
1,1,4,24,74,1.7709377766030851e-09
1,1,4,24,76,0.0001319673611878
1,1,4,24,78,2.2362282939557474e-07
1,1,4,24,80,1.4040173272728836e-10
1,1,4,24,82,2.970919410509061e-09
1,1,4,24,85,0.0002394975691707
1,1,4,24,86,5.189968439616824e-05
1,1,4,24,87,3.9747828301219535e-05
1,1,4,24,88,5.5260083588298416e-05
1,1,4,24,89,1.5605433387981387e-05
1,1,4,24,90,6.75241806689395e-06
1,1,4,24,91,4.6490147951590443e-07
1,1,4,24,92,8.636887538249962e-08
1,1,4,24,93,2.467061070206166e-05
1,1,4,24,96,0.0012910272930425
1,1,4,24,97,0.0003862325062668
1,1,4,24,98,0.0010361622532908
1,1,4,24,101,4.799867413869017e-05
1,1,4,25,2,0.0002745269971396
1,1,4,25,3,0.0025063841621802
1,1,4,25,4,0.0021759239775895
1,1,4,25,5,0.0001486659693028
1,1,4,25,6,0.0045174527688007
1,1,4,25,8,0.0030572096605151
1,1,4,25,9,0.0100870695212278
1,1,4,25,10,0.0021392848404306
1,1,4,25,11,0.0003739751745344
1,1,4,25,12,0.0002725377050975
1,1,4,25,13,9.448641463586082e-05
1,1,4,25,14,0.0044042504147321
1,1,4,25,20,1.1415791230013453e-06
1,1,4,25,25,2.936847155352942e-07
1,1,4,25,26,8.123944576467589e-05
1,1,4,25,29,1.447906755742744e-07
1,1,4,25,30,4.292501923254465e-07
1,1,4,25,32,1.960351916606522e-07
1,1,4,25,33,2.116181485589865e-07
1,1,4,25,34,5.120586841088277e-08
1,1,4,25,35,6.619592155807015e-06
1,1,4,25,36,1.5932661426879412e-05
1,1,4,25,37,4.043329966045826e-06
1,1,4,25,38,2.4664942490309727e-05
1,1,4,25,39,1.1072055599398632e-05
1,1,4,25,40,0.0001760144954115
1,1,4,25,41,1.9862292027535297e-08
1,1,4,25,42,3.101296008477335e-05
1,1,4,25,43,8.25936100252333e-05
1,1,4,25,44,4.086160410680373e-05
1,1,4,25,45,0.0030922021252086
1,1,4,25,47,0.0002499933933549
1,1,4,25,48,1.6580883409309115e-05
1,1,4,25,49,0.0001106798669778
1,1,4,25,50,1.456691758478162e-05
1,1,4,25,51,1.496516635348827e-07
1,1,4,25,52,0.0026075192115761
1,1,4,25,53,0.0006081376578811
1,1,4,25,54,0.036055460415962
1,1,4,25,55,0.0019755219459072
1,1,4,25,56,3.2794383537219194e-07
1,1,4,25,57,6.91333413747276e-06
1,1,4,25,58,2.245361941969809e-07
1,1,4,25,59,0.004797443122573
1,1,4,25,60,0.0104053161576802
1,1,4,25,61,2.0972996334027902e-09
1,1,4,25,62,6.997066427280028e-05
1,1,4,25,63,0.0370028618852535
1,1,4,25,64,0.0083145144851521
1,1,4,25,65,9.831401561065628e-05
1,1,4,25,66,4.564525923101896e-05
1,1,4,25,67,1.2770843540367914e-05
1,1,4,25,68,2.250001165939195e-05
1,1,4,25,69,0.0008601605150907
1,1,4,25,70,2.128821345313395e-05
1,1,4,25,71,3.1344619444525496e-05
1,1,4,25,72,0.0074689512511803
1,1,4,25,73,0.0036113133928352
1,1,4,25,74,1.931863703181556e-06
1,1,4,25,76,0.0002692095134991
1,1,4,25,77,7.095254994992404e-05
1,1,4,25,78,7.698805237262214e-05
1,1,4,25,79,4.359183294291157e-05
1,1,4,25,80,0.0013499442902345
1,1,4,25,81,2.4558964469010114e-07
1,1,4,25,82,6.653290159874128e-07
1,1,4,25,83,1.3575894514628788e-08
1,1,4,25,84,1.2428743835945333e-05
1,1,4,25,85,0.0091480848752976
1,1,4,25,86,0.0027218685965683
1,1,4,25,87,0.000823241109072
1,1,4,25,88,0.0035327655961568
1,1,4,25,89,0.0025301284609827
1,1,4,25,90,0.0028269905036923
1,1,4,25,91,7.765987836907807e-05
1,1,4,25,92,0.0001106305948054
1,1,4,25,93,0.0019765412480776
1,1,4,25,96,7.639484395960752e-05
1,1,4,25,97,2.845915043302096e-05
1,1,4,25,98,9.920154749025832e-10
1,1,4,25,99,6.1432924088651855e-09
1,1,4,25,100,1.2096709833843168e-10
1,1,4,25,101,5.092993398758247e-06
1,1,4,25,102,0.0028135062915863
1,1,4,25,107,2.6332487526635244e-11
1,1,4,25,108,9.868398657249388e-10
1,1,4,25,109,2.307457036149279e-09
1,1,4,25,110,7.415841862223069e-11
1,1,4,25,111,7.345329630047728e-09
1,1,4,25,112,4.875475842560589e-06
1,1,4,25,113,6.856698127039901e-06
1,1,4,25,114,4.5917335484662794e-08
1,1,4,25,115,0.0002773691714197
1,1,4,25,116,3.510196250219942e-05
1,1,4,25,117,0.0014773675440011
1,1,4,25,118,0.0026992125592924
1,1,4,25,120,3.970071443386365e-06
1,1,4,25,121,1.6476383296486797e-05
1,1,4,25,122,7.474764564416765e-07
1,1,4,25,125,8.938413390151383e-06
1,1,4,25,126,6.0827251908603446e-05
1,1,4,25,127,1.2132839400506744e-05
1,1,4,25,132,4.9213898248583584e-08
1,1,4,25,133,0.0002805393438196
1,1,4,25,134,0.0040309732587335
1,1,4,25,135,0.0002494989572847
1,1,4,25,136,4.185903564527372e-06
1,1,4,25,137,4.487063450360464e-06
1,1,4,25,138,1.708174016977595e-05
1,1,4,25,139,0.001234553687289
1,1,4,25,140,0.0009016860969168
1,1,4,25,141,0.0001756229305728
1,1,4,25,144,0.0007779501458916
1,1,4,25,145,0.0007384219465891
1,1,4,25,160,1.6746767348414812e-05
1,1,4,25,161,3.4252414010810725e-07
1,1,4,26,2,6.766623797578293e-06
1,1,4,26,3,3.4165489486989274e-05
1,1,4,26,4,2.859515218012145e-05
1,1,4,26,8,5.784032051226389e-06
1,1,4,26,9,0.000269034967122
1,1,4,26,10,2.4548626899060494e-05
1,1,4,26,11,5.732324339970953e-06
1,1,4,26,12,1.870504968967748e-05
1,1,4,26,13,2.337280417923812e-05
1,1,4,26,14,4.350795891582218e-05
1,1,4,26,18,6.646692109482472e-10
1,1,4,26,20,2.496908835882479e-07
1,1,4,26,32,5.255722838669127e-07
1,1,4,26,33,2.752657281650652e-07
1,1,4,26,34,3.0371727608494216e-10
1,1,4,26,35,6.546471755671259e-07
1,1,4,26,36,4.357099657781728e-07
1,1,4,26,37,8.778252865704644e-07
1,1,4,26,38,3.5363824540371345e-07
1,1,4,26,39,4.150182228359093e-07
1,1,4,26,40,1.3203205077822002e-05
1,1,4,26,41,7.298237346944099e-09
1,1,4,26,42,2.98085072336882e-07
1,1,4,26,43,8.664512403243771e-06
1,1,4,26,44,3.2351215766520532e-06
1,1,4,26,45,1.1287428661261296e-05
1,1,4,26,47,2.4022699182220232e-06
1,1,4,26,48,5.291546156602275e-07
1,1,4,26,49,4.2184500307744683e-07
1,1,4,26,50,4.913334351506177e-07
1,1,4,26,51,6.57883656169204e-08
1,1,4,26,52,3.15177142715157e-07
1,1,4,26,53,9.15746735725826e-07
1,1,4,26,54,1.1345950981354466e-05
1,1,4,26,55,3.760315214356632e-06
1,1,4,26,58,1.928004636712333e-07
1,1,4,26,59,1.4618024019104146e-06
1,1,4,26,60,9.346342772403384e-06
1,1,4,26,61,1.3569211569731691e-08
1,1,4,26,62,1.976688363674804e-07
1,1,4,26,63,0.000296327069577
1,1,4,26,64,2.5298490212172294e-06
1,1,4,26,65,2.0615578787412553e-08
1,1,4,26,66,4.6005849569750224e-08
1,1,4,26,67,1.449137486228249e-07
1,1,4,26,68,3.294877472681414e-07
1,1,4,26,69,7.1352598651238766e-06
1,1,4,26,70,1.4531702415559254e-06
1,1,4,26,71,8.618606654890639e-07
1,1,4,26,72,2.612111417969316e-06
1,1,4,26,73,1.773020346244322e-05
1,1,4,26,74,1.3142582703661986e-10
1,1,4,26,76,7.940555816068387e-06
1,1,4,26,77,5.5533225510536985e-06
1,1,4,26,78,3.226538062892905e-07
1,1,4,26,79,5.345765959720537e-07
1,1,4,26,80,8.173228379526919e-07
1,1,4,26,82,2.3170023617251234e-07
1,1,4,26,84,2.4163142531245155e-06
1,1,4,26,85,2.599977611038847e-05
1,1,4,26,86,1.3030730840446455e-05
1,1,4,26,87,1.759234182116026e-07
1,1,4,26,88,4.25254743756736e-06
1,1,4,26,89,7.264076017378359e-07
1,1,4,26,90,7.025796275113092e-06
1,1,4,26,91,2.0062264987055074e-07
1,1,4,26,92,3.1987996737135955e-08
1,1,4,26,93,2.0405149297324684e-06
1,1,4,26,94,5.140728212742053e-12
1,1,4,26,95,1.538044313736255e-11
1,1,4,26,96,0.0013833437513555
1,1,4,26,97,7.146835106202631e-12
1,1,4,26,98,0.0020003471379478
1,1,4,26,99,1.2719762646731274e-11
1,1,4,26,101,1.1640841514419218e-13
1,1,4,26,102,2.083911604525013e-12
1,1,4,26,108,1.240499894422424e-11
1,1,4,26,109,3.380518011278616e-11
1,1,4,26,110,1.325587654067606e-11
1,1,4,26,111,1.7717446640840063e-10
1,1,4,26,112,1.2543567702258524e-05
1,1,4,26,113,2.230343390851602e-07
1,1,4,26,114,1.7370643014780284e-10
1,1,4,26,115,2.3905132698472663e-08
1,1,4,26,116,9.867183659797924e-09
1,1,4,26,117,0.0017954236839303
1,1,4,26,118,0.0001549243286163
1,1,4,26,119,9.144019868027427e-06
1,1,4,26,120,9.13587048257418e-06
1,1,4,26,121,6.422117866097292e-07
1,1,4,26,122,2.1580787442620137e-07
1,1,4,26,125,5.086224989903352e-08
1,1,4,26,126,6.134871269477332e-09
1,1,4,26,127,3.3155515209318107e-11
1,1,4,26,128,3.411260163328156e-07
1,1,4,26,131,8.457128662291282e-05
1,1,4,26,132,1.3980166307743403e-09
1,1,4,26,133,3.873539470787953e-08
1,1,4,26,134,2.3603104198311435e-05
1,1,4,26,135,0.0001779896582874
1,1,4,26,136,2.163914589028682e-06
1,1,4,26,137,1.8167948979832908e-06
1,1,4,26,138,5.8603507916230257e-08
1,1,4,26,141,1.255691207489252e-09
1,1,4,26,142,1.0013704877297253e-06
1,1,4,26,144,4.35093495683224e-09
1,1,4,26,145,1.0342949616226781e-07
1,1,4,26,148,4.338691103973895e-08
1,1,4,26,149,8.79004319805675e-08
1,1,4,26,151,1.4367862182777129e-07
1,1,4,26,152,2.792074736386075e-07
1,1,4,26,153,5.384655829432582e-07
1,1,4,26,154,4.070289643786685e-07
1,1,4,26,155,4.134286109872149e-08
1,1,4,26,156,5.704086361409474e-07
1,1,4,26,157,1.0445721670014245e-07
1,1,4,26,158,1.2344205274496866e-07
1,1,4,26,159,6.43349550362183e-10
1,1,4,26,160,5.346766334852743e-07
1,1,4,26,161,2.031362087789943e-09
1,1,4,27,2,0.0010502810166767
1,1,4,27,3,0.0090166204064064
1,1,4,27,4,0.0009194735587064
1,1,4,27,5,0.0021172602327988
1,1,4,27,6,0.0008310885181312
1,1,4,27,8,0.0011730537322631
1,1,4,27,9,0.000554109863872
1,1,4,27,10,0.0001487813274798
1,1,4,27,11,3.6249284446254106e-05
1,1,4,27,12,0.0002869185285028
1,1,4,27,13,0.0002247832165606
1,1,4,27,14,5.219894032993068e-06
1,1,4,27,18,3.205228064476844e-05
1,1,4,27,20,2.767825961585993e-07
1,1,4,27,21,6.422884555077737e-09
1,1,4,27,22,5.6344004272026885e-09
1,1,4,27,23,2.2135692205730257e-07
1,1,4,27,25,3.707487284295344e-13
1,1,4,27,29,4.1254381373230145e-08
1,1,4,27,32,7.15987152703572e-06
1,1,4,27,33,2.312017265753819e-05
1,1,4,27,34,7.469714916854352e-06
1,1,4,27,35,5.4282000553852855e-06
1,1,4,27,36,2.2015852355161852e-05
1,1,4,27,37,1.6038056771309185e-05
1,1,4,27,38,4.82942433662215e-06
1,1,4,27,39,0.000120872784819
1,1,4,27,40,0.0002961901077758
1,1,4,27,41,1.0049571867766958e-06
1,1,4,27,42,4.599020319294373e-05
1,1,4,27,43,0.0002005565947535
1,1,4,27,44,0.0003341709432586
1,1,4,27,45,0.0121993591731866
1,1,4,27,46,6.186360224037423e-08
1,1,4,27,47,0.000166676451041
1,1,4,27,48,0.0006531222517654
1,1,4,27,49,5.330760348029312e-06
1,1,4,27,50,7.956207079957108e-06
1,1,4,27,51,4.314392571841608e-06
1,1,4,27,52,0.0001080787746131
1,1,4,27,53,3.3138174542436074e-05
1,1,4,27,54,0.0017914060310216
1,1,4,27,55,0.0001476309479292
1,1,4,27,56,7.738712568046458e-06
1,1,4,27,57,0.000121979070306
1,1,4,27,59,0.0053639379400428
1,1,4,27,60,0.0012386920255717
1,1,4,27,61,0.0003552715692462
1,1,4,27,62,0.0001021433664795
1,1,4,27,63,2.1556441466320255e-05
1,1,4,27,64,7.514356694083574e-05
1,1,4,27,65,9.924470880475905e-07
1,1,4,27,66,7.628998404526254e-07
1,1,4,27,67,2.173992023097149e-06
1,1,4,27,68,2.7149638147938636e-07
1,1,4,27,69,0.0026984844883221
1,1,4,27,70,0.0002866250310576
1,1,4,27,71,2.3693853356556695e-05
1,1,4,27,72,0.0021682402196678
1,1,4,27,73,0.0004552644997697
1,1,4,27,74,3.393609398423035e-07
1,1,4,27,76,3.301818595170764e-05
1,1,4,27,78,6.465298135763675e-07
1,1,4,27,80,2.401295461477434e-06
1,1,4,27,81,2.6022604082358045e-05
1,1,4,27,82,9.811946043903357e-08
1,1,4,27,84,1.173435798540293e-06
1,1,4,27,85,7.212195960826484e-05
1,1,4,27,86,7.103531632362476e-06
1,1,4,27,87,1.6658420712446668e-06
1,1,4,27,88,1.1312451477232945e-05
1,1,4,27,89,3.09228261223284e-06
1,1,4,27,90,2.0090233824934383e-06
1,1,4,27,91,3.3750990871128733e-06
1,1,4,27,92,2.8417327177578344e-07
1,1,4,27,93,2.5899687414301858e-06
1,1,4,27,94,6.309514688124608e-07
1,1,4,27,95,0.0017711158583141
1,1,4,27,96,0.0003385906220207
1,1,4,27,97,3.0524384267890316e-05
1,1,4,27,98,0.0031234068800742
1,1,4,27,99,6.81862100065779e-08
1,1,4,27,100,1.35723865303144e-10
1,1,4,27,101,2.664424398667062e-08
1,1,4,27,102,1.1394647400788592e-08
1,1,4,27,107,1.2184421414503886e-08
1,1,4,27,108,1.2365825536385185e-07
1,1,4,27,109,1.4782103081667437e-07
1,1,4,27,110,4.332680116399479e-07
1,1,4,27,111,3.3201052659262026e-08
1,1,4,27,112,1.0499774278378832e-06
1,1,4,27,113,4.748939718466939e-05
1,1,4,27,114,1.0563301975679866e-08
1,1,4,27,115,6.563933183532341e-08
1,1,4,27,116,1.0920193421918604e-08
1,1,4,27,117,0.0014677965518603
1,1,4,27,118,0.0001941485489154
1,1,4,27,119,0.0001285122514152
1,1,4,27,120,5.124775300577833e-05
1,1,4,27,121,0.000182129677239
1,1,4,27,122,1.2584819501861343e-05
1,1,4,27,123,1.2244828267495177e-06
1,1,4,27,124,3.657078447178992e-08
1,1,4,27,126,0.000355541189981
1,1,4,27,127,8.187539323107402e-09
1,1,4,27,131,4.507502757298553e-05
1,1,4,27,132,7.594879768207145e-05
1,1,4,27,133,2.1235353605180483e-06
1,1,4,27,134,9.431980451944324e-05
1,1,4,27,135,0.0004549473777677
1,1,4,27,136,7.737912923271945e-07
1,1,4,27,137,7.66964765068895e-07
1,1,4,27,138,2.938725875547915e-06
1,1,4,27,139,1.294689389591053e-06
1,1,4,27,140,9.229144421714595e-07
1,1,4,27,141,1.626878090711895e-07
1,1,4,27,142,4.222904889986988e-06
1,1,4,27,143,1.737138068983538e-07
1,1,4,27,144,3.772070652980636e-07
1,1,4,27,145,1.1015114157055335e-06
1,1,4,27,148,2.5288339292661356e-06
1,1,4,27,149,4.242686206926451e-06
1,1,4,27,151,2.0233839501360364e-06
1,1,4,27,152,3.919591987898135e-06
1,1,4,27,153,4.4521997881285025e-06
1,1,4,27,154,2.5205783673918294e-06
1,1,4,27,155,5.369327329448845e-07
1,1,4,27,156,1.5061718517283174e-05
1,1,4,27,157,8.266582322134217e-07
1,1,4,27,158,1.1603531097059871e-06
1,1,4,27,159,1.431657249110672e-06
1,1,4,27,160,4.466676429435523e-07
1,1,4,27,161,3.9846426559188175e-06
1,1,4,28,2,0.0003142499734242
1,1,4,28,3,0.0005905551681902
1,1,4,28,4,0.0014939019421713
1,1,4,28,5,9.932759584252168e-05
1,1,4,28,6,0.0002303463327508
1,1,4,28,7,0.0001175591758253
1,1,4,28,8,0.0042255980214481
1,1,4,28,9,0.018896385346198
1,1,4,28,10,0.0013776878079849
1,1,4,28,11,0.0003551896852767
1,1,4,28,12,0.0013168992172269
1,1,4,28,13,1.715637967937089e-05
1,1,4,28,14,0.0083391008606457
1,1,4,28,18,7.804982729826735e-06
1,1,4,28,29,3.951721091311836e-06
1,1,4,28,30,1.3604286727914348e-07
1,1,4,28,32,0.0021854457932193
1,1,4,28,33,0.0006754327311261
1,1,4,28,34,0.0091117759790479
1,1,4,28,35,0.0004904519884508
1,1,4,28,36,0.000339044846441
1,1,4,28,37,9.289975883780832e-05
1,1,4,28,38,1.1670508071026833e-05
1,1,4,28,39,0.0022814210591998
1,1,4,28,40,0.0200911085424883
1,1,4,28,41,7.376136597602365e-06
1,1,4,28,42,6.490130736813522e-06
1,1,4,28,43,0.0039779002638309
1,1,4,28,44,0.0004194429531193
1,1,4,28,45,0.011026089608662
1,1,4,28,46,3.2181548846933636e-06
1,1,4,28,47,0.0005251519937276
1,1,4,28,48,0.0001420344958682
1,1,4,28,49,0.0003203244353847
1,1,4,28,50,0.000123766008953
1,1,4,28,51,4.825863723215789e-05
1,1,4,28,52,1.2548347503757568e-05
1,1,4,28,53,0.0001125620265851
1,1,4,28,54,0.0027802985867318
1,1,4,28,55,0.0007241991691985
1,1,4,28,59,0.0207071869802069
1,1,4,28,60,0.0055545533384984
1,1,4,28,61,0.0003266630281413
1,1,4,28,62,0.00047567389899
1,1,4,28,63,0.305380176866333
1,1,4,28,64,0.0021978404327053
1,1,4,28,65,0.0011435705653122
1,1,4,28,66,0.0004521949442129
1,1,4,28,67,2.0229382695415324e-05
1,1,4,28,68,4.101025386697662e-05
1,1,4,28,69,0.001395454463499
1,1,4,28,70,0.0004405383094266
1,1,4,28,71,5.0175473194229134e-05
1,1,4,28,72,0.0074050334011599
1,1,4,28,73,0.0031603395769694
1,1,4,28,74,2.4600565835370787e-06
1,1,4,28,76,7.854010528970159e-05
1,1,4,28,77,0.0001062323328258
1,1,4,28,78,6.300274925487633e-05
1,1,4,28,79,3.769565095173624e-05
1,1,4,28,80,1.203028709235691e-05
1,1,4,28,82,3.7551802818558783e-05
1,1,4,28,84,3.037524942052951e-05
1,1,4,28,85,0.0013634520901924
1,1,4,28,86,0.0014215711184251
1,1,4,28,87,0.0006231853448618
1,1,4,28,88,0.0006688292272902
1,1,4,28,89,0.0008835162605571
1,1,4,28,90,0.0023356388197234
1,1,4,28,91,0.0017347265092335
1,1,4,28,92,0.0009673637204761
1,1,4,28,93,0.0011265317137676
1,1,4,28,95,6.316051883225218e-07
1,1,4,28,96,0.0112467550718406
1,1,4,28,97,0.0068983024767785
1,1,4,28,98,1.2347875624388324e-08
1,1,4,28,99,2.419175518433717e-09
1,1,4,28,100,2.56995279293884e-09
1,1,4,28,101,0.0004714355134766
1,1,4,28,102,9.011097531209468e-05
1,1,4,28,103,1.1030531982632454e-11
1,1,4,28,107,1.6217663807628351e-09
1,1,4,28,108,7.658676596133094e-08
1,1,4,28,109,1.8487773529231053e-07
1,1,4,28,110,3.47032218378022e-07
1,1,4,28,111,5.989092014771132e-09
1,1,4,28,112,1.842116872801257e-07
1,1,4,28,117,6.387693888530826e-08
1,1,4,28,127,4.359141560657357e-06
1,1,4,28,128,5.795061031164007e-07
1,1,4,28,133,0.0002933929639131
1,1,4,28,135,1.2683524093564192e-06
1,1,4,28,137,5.626290703916066e-08
1,1,4,28,139,2.138494370695978e-08
1,1,4,28,140,1.4670841761267892e-08
1,1,4,28,141,1.2430408567712504e-09
1,1,4,28,142,4.990954482228353e-08
1,1,4,28,143,1.687727545662968e-09
1,1,4,28,144,4.096469825036526e-09
1,1,4,28,145,2.0354274460275572e-08
1,1,4,28,146,6.978406424478002e-09
1,1,4,28,147,1.2072094706788286e-09
1,1,4,28,148,1.4183067390862272e-07
1,1,4,28,149,2.1652584380395338e-07
1,1,4,28,151,8.79929260997109e-08
1,1,4,28,152,2.85217989071008e-07
1,1,4,28,153,4.335254500807982e-07
1,1,4,28,154,3.272724830500289e-07
1,1,4,28,155,1.7830992291170184e-07
1,1,4,28,156,3.1567170517280114e-07
1,1,4,28,157,6.913694980502778e-08
1,1,4,28,158,1.0647602629835753e-07
1,1,4,28,161,1.9316731927280013e-06
1,1,4,29,1,0.4768091776828749
1,1,4,29,2,0.2978303345848269
1,1,4,29,3,0.5763097597163231
1,1,4,29,4,0.1525759787352329
1,1,4,29,5,1.2824250546944105
1,1,4,29,6,0.0193313318691998
1,1,4,29,7,0.0091747637752189
1,1,4,29,8,0.8206493916789868
1,1,4,29,9,0.0108998313468306
1,1,4,29,10,0.0016370391706209
1,1,4,29,11,0.0015355765328232
1,1,4,29,12,0.0008868387349935
1,1,4,29,13,4.316401713710692e-05
1,1,4,29,14,6.991498938089619e-05
1,1,4,29,15,7.018082142575229e-06
1,1,4,29,18,0.0001582715898319
1,1,4,29,21,0.0005047730354309
1,1,4,29,22,2.11878708977192e-05
1,1,4,29,23,2.0699383915265092e-06
1,1,4,29,32,5.210505494905608e-07
1,1,4,29,33,5.597893997910666e-07
1,1,4,29,34,0.0004752403077343
1,1,4,29,35,1.2011556637349406e-05
1,1,4,29,36,1.0096207164586709e-05
1,1,4,29,37,1.3321736055734871e-05
1,1,4,29,38,8.604324125020674e-06
1,1,4,29,39,0.0001636094722695
1,1,4,29,40,0.0001295184608104
1,1,4,29,41,7.191121398548756e-07
1,1,4,29,42,9.065609331003476e-06
1,1,4,29,43,4.365216371851416e-05
1,1,4,29,44,1.6990003804428897e-05
1,1,4,29,45,0.0231875069033327
1,1,4,29,46,3.196040797658104e-09
1,1,4,29,47,0.0003444832583436
1,1,4,29,48,1.9768000957238382e-05
1,1,4,29,49,1.8848874258764463e-05
1,1,4,29,50,1.2908508991832678e-05
1,1,4,29,52,5.497443397002103e-05
1,1,4,29,54,0.0027753871272516
1,1,4,29,55,9.960917691473856e-05
1,1,4,29,56,5.039986182750814e-09
1,1,4,29,57,0.0002844304573923
1,1,4,29,58,6.145423984619835e-08
1,1,4,29,59,0.0107806891653404
1,1,4,29,61,0.0030368437134167
1,1,4,29,62,0.0017988582537083
1,1,4,29,63,0.1777056132233753
1,1,4,29,64,0.00398482515752
1,1,4,29,65,3.1466537603431274e-06
1,1,4,29,67,1.0409161549778922e-05
1,1,4,29,68,5.158582040290704e-07
1,1,4,29,69,0.0004357712551783
1,1,4,29,71,1.2981113207893504e-05
1,1,4,29,72,0.0065791957264608
1,1,4,29,74,6.219300139223144e-05
1,1,4,29,76,0.0003181675779621
1,1,4,29,78,0.0003335670484762
1,1,4,29,80,0.0001613135204153
1,1,4,29,82,1.6298877069015317e-05
1,1,4,29,84,7.776365272950231e-06
1,1,4,29,85,0.0022304217131396
1,1,4,29,86,0.0014221391569835
1,1,4,29,87,9.587451267957837e-05
1,1,4,29,88,0.0012454487769997
1,1,4,29,89,0.0002858063350281
1,1,4,29,90,0.0006991981133408
1,1,4,29,91,2.2136824349925984e-05
1,1,4,29,92,0.0001016120583874
1,1,4,29,93,0.0008274720206353
1,1,4,29,94,0.0001220031520714
1,1,4,29,96,0.0182913265688301
1,1,4,29,97,0.0041545654234744
1,1,4,29,98,0.0080558876323464
1,1,4,29,101,0.0001337670431873
1,1,4,29,102,0.0002906464845359
1,1,4,29,104,1.6034734823452832e-06
1,1,4,29,106,0.0001374550252548
1,1,4,29,110,0.0002187578099675
1,1,4,29,135,1.1553809355562365e-07
1,1,4,29,136,0.0002692531908619
1,1,4,29,160,5.879517542711778e-09
1,1,4,30,1,0.0002487781719914
1,1,4,30,2,8.216179331763504e-07
1,1,4,30,3,6.434905844170136e-08
1,1,4,30,4,2.1146257355551004e-06
1,1,4,30,5,2.8369713120468288e-08
1,1,4,30,6,7.953922955663363e-06
1,1,4,30,8,5.344001537905138e-05
1,1,4,30,9,9.6636966566831e-05
1,1,4,30,10,3.72645171401205e-06
1,1,4,30,11,1.1388763969671836e-05
1,1,4,30,12,1.927851108413401e-07
1,1,4,30,35,1.0734179879490497e-07
1,1,4,30,36,6.00930253571371e-08
1,1,4,30,37,1.7620091688171025e-07
1,1,4,30,38,8.817347377595604e-08
1,1,4,30,39,1.65571018966714e-05
1,1,4,30,40,2.6679231450076393e-06
1,1,4,30,42,1.3249701354218758e-06
1,1,4,30,43,6.423533948287011e-06
1,1,4,30,44,1.643257101473707e-07
1,1,4,30,45,5.0851526227293225e-05
1,1,4,30,47,1.543596629454706e-07
1,1,4,30,48,2.7341211746367115e-05
1,1,4,30,49,0.0001359546133019
1,1,4,30,52,0.0017645697657591
1,1,4,30,54,0.0004414911616775
1,1,4,30,55,2.561090115027829e-05
1,1,4,30,59,0.0019501709608274
1,1,4,30,63,0.0094185946918185
1,1,4,30,64,0.0002735990046175
1,1,4,30,65,2.6839119661007216e-05
1,1,4,30,67,2.7207262525310834e-07
1,1,4,30,68,2.786434158953482e-06
1,1,4,30,69,9.26035157057244e-05
1,1,4,30,71,3.757690937293552e-05
1,1,4,30,72,0.003181658792929
1,1,4,30,74,3.895598877702219e-07
1,1,4,30,76,6.36577227172191e-05
1,1,4,30,78,0.0001105595507624
1,1,4,30,80,0.0002693745883318
1,1,4,30,82,3.7056077115418044e-10
1,1,4,30,85,0.0004075555638088
1,1,4,30,86,0.0002675031597653
1,1,4,30,87,2.6882263564892473e-05
1,1,4,30,88,0.0001768829659048
1,1,4,30,89,4.048678520111214e-05
1,1,4,30,90,9.783283482025726e-05
1,1,4,30,91,4.891685875041839e-06
1,1,4,30,92,3.173317014799524e-07
1,1,4,30,93,0.0002061313403176
1,1,4,30,96,7.221005884658907e-07
1,1,4,30,97,5.608272644869932e-06
1,1,4,30,101,5.722710499033099e-07
1,1,4,30,102,5.435621353796279e-06
1,1,4,30,106,3.330755805019911e-06
1,1,4,31,1,0.6613775152749513
1,1,4,31,2,1.4921922729930237
1,1,4,31,3,0.3472647089916558
1,1,4,31,4,0.1334604246011383
1,1,4,31,5,0.364098784653298
1,1,4,31,6,0.015153769222907
1,1,4,31,7,0.0014026814939447
1,1,4,31,8,0.222379482588275
1,1,4,31,9,0.0204444782865039
1,1,4,31,10,0.1080653668494332
1,1,4,31,11,0.0158794750478778
1,1,4,31,12,0.0270685753521539
1,1,4,31,35,0.0003378775777586
1,1,4,31,36,0.0005969335809848
1,1,4,31,37,0.0003368101402714
1,1,4,31,38,1.0383599405701184e-06
1,1,4,31,39,0.0022829362563648
1,1,4,31,40,0.000574803571604
1,1,4,31,41,1.500315940452435e-05
1,1,4,31,42,0.0003666068619595
1,1,4,31,43,0.0198503057326796
1,1,4,31,44,0.0001079353190638
1,1,4,31,45,0.0182558096465753
1,1,4,31,46,4.466158121042799e-06
1,1,4,31,47,0.0351752013120262
1,1,4,31,48,7.045850301898616e-05
1,1,4,31,49,0.0012652301683279
1,1,4,31,52,0.0048814598489877
1,1,4,31,54,0.0762265651964494
1,1,4,31,55,0.0033387007954163
1,1,4,31,59,1.8170043250111023
1,1,4,31,61,0.0074446030316356
1,1,4,31,62,0.0035762424621745
1,1,4,31,63,0.0358280211006715
1,1,4,31,64,0.0059562481511381
1,1,4,31,65,0.0007299049097425
1,1,4,31,67,4.302134910337795e-06
1,1,4,31,68,0.0001173167489803
1,1,4,31,69,0.0007045791898093
1,1,4,31,71,0.0084168805819314
1,1,4,31,72,0.2455908107182025
1,1,4,31,74,8.147635782743379e-09
1,1,4,31,76,0.0005226696545477
1,1,4,31,78,0.0004379009293715
1,1,4,31,80,0.0004995915275535
1,1,4,31,82,2.5370955365224166e-06
1,1,4,31,85,0.1247460116448251
1,1,4,31,86,0.0748648204011302
1,1,4,31,87,0.0047447419541257
1,1,4,31,88,0.0316714256190293
1,1,4,31,89,0.0642382397546678
1,1,4,31,90,0.0683554541859014
1,1,4,31,91,0.0001750527399089
1,1,4,31,92,0.0001295618232476
1,1,4,31,93,0.0122766757926179
1,1,4,31,96,0.0266418248817575
1,1,4,31,97,0.0003066141526569
1,1,4,31,101,4.344085601006237e-05
1,1,4,31,102,0.0012669643988004
1,1,4,31,106,2.2198870143539956e-06
1,1,4,32,2,0.0036094701189813
1,1,4,32,3,0.007883552945852
1,1,4,32,4,0.0016012201168474
1,1,4,32,5,0.0073225937912688
1,1,4,32,6,3.150741750673285e-08
1,1,4,32,7,4.322309214918291e-06
1,1,4,32,8,0.0007614099306793
1,1,4,32,9,0.0050100692395933
1,1,4,32,10,0.0008010104646507
1,1,4,32,11,0.0002718351543738
1,1,4,32,12,5.4551924666040554e-05
1,1,4,32,13,4.900434718615976e-05
1,1,4,32,14,3.34235624525879e-05
1,1,4,32,15,3.784977609155554e-07
1,1,4,32,18,2.625191817194149e-06
1,1,4,32,19,0.0003563079680658
1,1,4,32,20,3.007754754776054e-09
1,1,4,32,21,9.853946681760738e-05
1,1,4,32,22,1.570506214808661e-05
1,1,4,32,23,3.0642308630149644e-05
1,1,4,32,24,2.383287339728819e-12
1,1,4,32,25,6.719457001937638e-09
1,1,4,32,28,7.660089979183963e-09
1,1,4,32,29,1.3345768767378792e-09
1,1,4,32,31,3.9967972839663354e-11
1,1,4,32,33,1.516714685116933e-09
1,1,4,32,34,7.494719385073821e-06
1,1,4,32,35,1.006684202244454e-05
1,1,4,32,36,9.41318041199414e-06
1,1,4,32,37,1.7809220196533082e-06
1,1,4,32,38,1.6529022177171965e-05
1,1,4,32,39,6.085642894505296e-05
1,1,4,32,40,2.0188738039676544e-05
1,1,4,32,41,9.822927118366148e-05
1,1,4,32,42,1.1574698753890974e-05
1,1,4,32,43,0.0001915773865578
1,1,4,32,44,1.3685835435740997e-06
1,1,4,32,45,0.0169603575578309
1,1,4,32,46,2.0239123962133445e-07
1,1,4,32,47,2.8476689476134832e-05
1,1,4,32,48,9.828800562852495e-06
1,1,4,32,49,4.562632481594355e-05
1,1,4,32,50,1.3138940741035083e-05
1,1,4,32,51,2.870987468717041e-06
1,1,4,32,52,0.0002346823878901
1,1,4,32,53,8.736576123204577e-05
1,1,4,32,54,0.0018421569461386
1,1,4,32,55,0.0001556394836382
1,1,4,32,56,1.835086056445023e-06
1,1,4,32,57,9.53594718956272e-05
1,1,4,32,58,9.926458853614113e-06
1,1,4,32,59,0.0013045090221928
1,1,4,32,60,0.0003785472977018
1,1,4,32,61,0.0001210660363538
1,1,4,32,62,5.0364088503629766e-05
1,1,4,32,63,0.0052394480566952
1,1,4,32,64,6.575441854904898e-05
1,1,4,32,65,9.122954906469604e-07
1,1,4,32,66,4.9986508892911784e-08
1,1,4,32,67,4.089769311107956e-06
1,1,4,32,68,4.292538368188713e-05
1,1,4,32,69,1.5307412428153648e-06
1,1,4,32,70,1.523936006897656e-07
1,1,4,32,71,5.978334330443082e-06
1,1,4,32,72,0.0009964842378003
1,1,4,32,73,0.0004228411051596
1,1,4,32,74,2.2366994934848493e-05
1,1,4,32,76,1.3596641122308804e-06
1,1,4,32,77,2.3553695910307234e-08
1,1,4,32,78,0.0003288812425423
1,1,4,32,79,3.424439428194505e-05
1,1,4,32,80,0.0005698614854413
1,1,4,32,81,6.61024750482946e-08
1,1,4,32,82,0.0006705843325268
1,1,4,32,84,5.844192254320042e-06
1,1,4,32,85,0.0005783974800945
1,1,4,32,86,0.0001589752767938
1,1,4,32,87,9.079884194854983e-06
1,1,4,32,88,0.0001102789351734
1,1,4,32,89,6.738453559426629e-05
1,1,4,32,90,5.2652985705602167e-05
1,1,4,32,91,5.341767628417748e-06
1,1,4,32,92,5.122821996114612e-06
1,1,4,32,93,3.5882574616073785e-05
1,1,4,32,96,0.0012620424071766
1,1,4,32,97,0.0001383688982838
1,1,4,32,98,0.0021333808490447
1,1,4,32,101,2.1687134492356163e-05
1,1,4,32,102,1.9712334372617004e-05
1,1,4,32,113,7.788210513136072e-08
1,1,4,32,114,4.1939503896922747e-11
1,1,4,32,115,2.5353432292817306e-05
1,1,4,32,116,1.3089461209996464e-06
1,1,4,32,117,9.80711391927614e-05
1,1,4,32,118,5.264967744407866e-06
1,1,4,32,119,0.0001356202600091
1,1,4,32,120,4.37235482093846e-05
1,1,4,32,121,4.3335896604238585e-05
1,1,4,32,122,1.2171048937733776e-05
1,1,4,32,123,1.8438790964573015e-05
1,1,4,32,124,1.654288325904031e-07
1,1,4,32,125,4.022690980111969e-06
1,1,4,32,126,5.368978959382881e-06
1,1,4,32,127,3.173527230977966e-08
1,1,4,32,128,4.772220464717139e-07
1,1,4,32,129,2.0605843119825506e-07
1,1,4,32,130,2.262269826957816e-06
1,1,4,32,131,3.758195591047163e-05
1,1,4,32,132,1.248886207789858e-05
1,1,4,32,133,6.557890689020612e-08
1,1,4,32,134,4.0410189080025535e-08
1,1,4,32,135,0.0001423758228283
1,1,4,32,136,1.0745279297327236e-05
1,1,4,32,139,1.6015536303433415e-09
1,1,4,32,140,1.239621116610695e-09
1,1,4,32,141,2.2493220365318646e-10
1,1,4,32,142,1.5445581781046023e-09
1,1,4,32,143,1.1147999109141955e-10
1,1,4,32,144,2.6163284197068335e-10
1,1,4,32,145,2.7826227431198903e-11
1,1,4,32,149,7.381398082490532e-09
1,1,4,32,150,1.546461372144307e-09
1,1,4,32,151,5.867581598813419e-09
1,1,4,32,152,1.2415708305156516e-08
1,1,4,32,153,3.974172858871033e-08
1,1,4,32,154,3.3821743994030225e-08
1,1,4,32,155,9.115409611856373e-09
1,1,4,32,156,3.02014536207003e-08
1,1,4,32,157,2.7450560822238366e-09
1,1,4,32,158,1.7083815342836624e-09
1,1,4,32,159,2.5551389435361333e-08
1,1,4,32,160,1.0869755526802484e-05
1,1,4,32,161,3.250401522831898e-06
1,1,4,33,1,0.0113046286009115
1,1,4,33,3,5.73004009050788e-07
1,1,4,33,4,0.0006844448930715
1,1,4,33,5,4.229470017611121e-05
1,1,4,33,8,0.0001599319045078
1,1,4,33,9,0.0002152569655209
1,1,4,33,10,0.0006376687843733
1,1,4,33,11,0.0003921125576329
1,1,4,33,12,1.222408034578729e-06
1,1,4,33,35,1.4685920106927743e-06
1,1,4,33,36,2.626871617301155e-05
1,1,4,33,37,5.8505875257153455e-06
1,1,4,33,38,5.947825664287434e-07
1,1,4,33,39,0.0001518456268253
1,1,4,33,40,0.0002741664082041
1,1,4,33,42,5.9140857248785886e-05
1,1,4,33,43,9.112147508081771e-05
1,1,4,33,44,1.16183638677107e-06
1,1,4,33,45,7.795588691605851e-07
1,1,4,33,46,3.932381892894587e-09
1,1,4,33,47,0.0001440963132035
1,1,4,33,48,1.0476103449335552e-05
1,1,4,33,49,2.486971691618153e-06
1,1,4,33,52,1.1452059578371945e-05
1,1,4,33,53,0.0001123792226514
1,1,4,33,54,0.0003728629200861
1,1,4,33,55,3.295310421019495e-05
1,1,4,33,59,0.000352998394258
1,1,4,33,61,2.760141651236054e-05
1,1,4,33,63,0.0071868450263664
1,1,4,33,64,0.000386551711396
1,1,4,33,65,0.0001217388630216
1,1,4,33,67,8.986183900183398e-06
1,1,4,33,68,3.697168811931897e-07
1,1,4,33,69,7.41345901769655e-05
1,1,4,33,70,9.454076335598385e-06
1,1,4,33,71,7.796144930061351e-06
1,1,4,33,72,0.0004695642913789
1,1,4,33,73,0.0001536825382259
1,1,4,33,74,2.2472465618735137e-07
1,1,4,33,76,1.622091141625365e-05
1,1,4,33,78,1.199299132582038e-06
1,1,4,33,80,2.4577273124972417e-13
1,1,4,33,81,2.7278253557831775e-14
1,1,4,33,82,8.870551708348377e-16
1,1,4,33,85,0.0007068612324936
1,1,4,33,86,0.0002876914122588
1,1,4,33,87,6.211886786706957e-05
1,1,4,33,88,0.0003100878207689
1,1,4,33,89,9.688419442969808e-05
1,1,4,33,90,0.0004584896496924
1,1,4,33,91,1.0048113102335051e-05
1,1,4,33,92,9.811546945065667e-06
1,1,4,33,93,0.0003265503819238
1,1,4,33,97,5.0583387432318974e-05
1,1,4,33,101,0.0034205269481728
1,1,4,34,1,0.0319237277417241
1,1,4,34,2,0.0007009993942
1,1,4,34,3,0.0069863520096317
1,1,4,34,4,0.0129872954433374
1,1,4,34,5,0.0064344839600134
1,1,4,34,6,0.06602143473826
1,1,4,34,7,0.0085960884557111
1,1,4,34,8,0.0073100959082473
1,1,4,34,9,0.0274327066237404
1,1,4,34,10,0.0016054592313371
1,1,4,34,11,0.0010041480818707
1,1,4,34,12,9.539259936946196e-05
1,1,4,34,13,0.0003410909337975
1,1,4,34,14,0.0004104987052003
1,1,4,34,15,5.474331911851755e-07
1,1,4,34,18,0.0006516389242119
1,1,4,34,19,0.0001465893962095
1,1,4,34,20,1.4253656610184837e-07
1,1,4,34,21,1.326746849846547e-07
1,1,4,34,22,1.7483287065550072e-10
1,1,4,34,24,2.2835349161430465e-08
1,1,4,34,26,3.001868621369752e-06
1,1,4,34,27,2.350148057005804e-07
1,1,4,34,28,1.036899422753099e-07
1,1,4,34,29,7.771042291225549e-07
1,1,4,34,30,3.155372404511451e-07
1,1,4,34,31,4.724223883455381e-07
1,1,4,34,32,3.262857296368366e-07
1,1,4,34,33,9.427483652353768e-07
1,1,4,34,34,8.531498180481911e-07
1,1,4,34,35,1.300883538876227e-05
1,1,4,34,36,1.0253276443293377e-05
1,1,4,34,37,3.5200323721890047e-06
1,1,4,34,38,2.7393159683506052e-06
1,1,4,34,39,0.000200456272783
1,1,4,34,40,1.948986118431192e-05
1,1,4,34,41,6.426322307022382e-09
1,1,4,34,42,6.06618786068612e-07
1,1,4,34,43,0.0003717744843902
1,1,4,34,44,4.435402400892762e-07
1,1,4,34,45,0.0006112667399905
1,1,4,34,47,2.020748673675027e-05
1,1,4,34,48,4.0062410359871704e-05
1,1,4,34,49,9.395340529356358e-05
1,1,4,34,50,3.903412816258881e-07
1,1,4,34,51,4.3609656193450986e-07
1,1,4,34,52,0.0028876639115884
1,1,4,34,53,0.000530544691522
1,1,4,34,54,0.0001309885226266
1,1,4,34,55,9.637847796854724e-06
1,1,4,34,56,2.4339365391427055e-08
1,1,4,34,57,1.474667123084319e-06
1,1,4,34,58,7.861646943135845e-08
1,1,4,34,59,0.0022253703449659
1,1,4,34,60,0.0002898142941583
1,1,4,34,61,1.8994885626582904e-07
1,1,4,34,62,3.846670859983507e-05
1,1,4,34,63,0.0015384140234993
1,1,4,34,64,0.0030745438749086
1,1,4,34,65,3.5684179737126845e-06
1,1,4,34,66,6.706235354555704e-07
1,1,4,34,67,1.2824216695614205e-07
1,1,4,34,68,1.2356615619339424e-05
1,1,4,34,69,9.131269645323242e-05
1,1,4,34,71,0.0001673922347301
1,1,4,34,72,0.0013197086557791
1,1,4,34,73,0.0002878398472944
1,1,4,34,74,3.095310564623844e-05
1,1,4,34,76,0.0009716670952592
1,1,4,34,77,0.0001547434628425
1,1,4,34,78,0.0008742906833468
1,1,4,34,79,0.0001544884370397
1,1,4,34,80,0.0002658647239971
1,1,4,34,81,5.879065606559931e-07
1,1,4,34,82,7.629160231381489e-07
1,1,4,34,83,1.2455696694817377e-05
1,1,4,34,84,1.25151084210591e-06
1,1,4,34,85,0.000384532451225
1,1,4,34,86,0.000180132482353
1,1,4,34,87,0.0001186385996991
1,1,4,34,88,0.000268133277912
1,1,4,34,89,3.3440863431694e-05
1,1,4,34,90,6.506317151664374e-05
1,1,4,34,91,0.000181313743427
1,1,4,34,92,0.0001324220886438
1,1,4,34,93,0.0001144403095626
1,1,4,34,94,1.5102462385673613e-07
1,1,4,34,96,0.0001492447739878
1,1,4,34,97,0.0014142988418562
1,1,4,34,101,0.0001720059115113
1,1,4,34,102,7.142831276933197e-06
1,1,4,34,115,1.7467275674822848e-06
1,1,4,34,116,1.3393128868732906e-07
1,1,4,34,117,1.6402058855523533e-05
1,1,4,34,118,1.871498654205334e-05
1,1,4,34,119,9.24704648368922e-07
1,1,4,34,120,8.540730377762791e-09
1,1,4,34,121,3.48799599416853e-08
1,1,4,34,122,2.8372173432784483e-08
1,1,4,34,123,1.5075983488734235e-08
1,1,4,34,124,6.257316458526176e-11
1,1,4,34,125,8.885380764451914e-11
1,1,4,34,126,4.56893038343683e-08
1,1,4,34,127,1.6406433567332726e-08
1,1,4,34,131,8.73402062906643e-08
1,1,4,34,132,2.65331743082274e-10
1,1,4,34,134,1.0471822347685412e-09
1,1,4,34,135,4.9057637625495346e-08
1,1,4,34,136,2.1988508920671443e-06
1,1,4,34,137,5.5007065745389233e-08
1,1,4,34,138,4.102614763922733e-10
1,1,4,35,1,1.1222106914304888
1,1,4,35,2,2.0431243842109543
1,1,4,35,3,0.4294523033596891
1,1,4,35,4,0.4813806578809494
1,1,4,35,5,1.2669700748340913
1,1,4,35,6,3.6273506506379536
1,1,4,35,7,0.0230755759277166
1,1,4,35,8,2.2183893727630335
1,1,4,35,9,0.4234962992827435
1,1,4,35,10,0.0034915173012092
1,1,4,35,11,0.003145699107485
1,1,4,35,12,0.0053999183732502
1,1,4,35,35,0.0072802408669821
1,1,4,35,36,0.0002826957038402
1,1,4,35,37,0.0041244319157559
1,1,4,35,38,0.0005816797823928
1,1,4,35,39,0.0903476201046491
1,1,4,35,40,0.1667168140645073
1,1,4,35,41,0.0791043244253995
1,1,4,35,42,0.0014591455474482
1,1,4,35,43,0.0658961149869911
1,1,4,35,44,0.0024165441501587
1,1,4,35,45,0.0324560404461513
1,1,4,35,46,2.9279561703686213e-06
1,1,4,35,47,0.0038979353626854
1,1,4,35,48,0.0011742119156673
1,1,4,35,49,0.0009982154851595
1,1,4,35,50,0.0002590209012642
1,1,4,35,52,0.0179989907589112
1,1,4,35,54,0.0191258319787787
1,1,4,35,55,0.0038008644929857
1,1,4,35,56,0.0002389290690821
1,1,4,35,57,0.018249692760519
1,1,4,35,58,1.596901313313887e-07
1,1,4,35,59,0.0502609201693717
1,1,4,35,61,0.0969071206514904
1,1,4,35,62,0.1112196237274951
1,1,4,35,63,0.1496170201891496
1,1,4,35,64,0.0072805659584216
1,1,4,35,65,0.0003579387321082
1,1,4,35,67,0.0001208966825916
1,1,4,35,68,0.0004592397240782
1,1,4,35,69,0.0004815742151872
1,1,4,35,71,0.0003590637214017
1,1,4,35,72,0.0691017456746544
1,1,4,35,74,0.000544700447088
1,1,4,35,76,0.0051872733011026
1,1,4,35,78,0.000299855441664
1,1,4,35,80,0.0009946917866262
1,1,4,35,82,0.0014032724925757
1,1,4,35,84,0.0009332730361556
1,1,4,35,85,0.0112618068508416
1,1,4,35,86,0.0043887212649759
1,1,4,35,87,5.651021787169638e-06
1,1,4,35,88,0.0021666711381204
1,1,4,35,89,0.0003385944846871
1,1,4,35,90,0.0020734251089202
1,1,4,35,91,0.0004783752522129
1,1,4,35,92,0.0003927182001797
1,1,4,35,93,0.0021012080650164
1,1,4,35,94,8.861720557220219e-07
1,1,4,35,96,0.0185589234187964
1,1,4,35,97,0.0008684778176433
1,1,4,35,98,0.0013808493027193
1,1,4,35,101,2.665681272506212e-05
1,1,4,35,102,0.000173467505425
1,1,4,36,1,0.0004790010248245
1,1,4,36,2,0.0435338252849521
1,1,4,36,3,0.0305828409657037
1,1,4,36,4,0.0402773432364481
1,1,4,36,5,0.0033205974659798
1,1,4,36,6,0.0107154342088889
1,1,4,36,7,0.0008231111032058
1,1,4,36,8,0.1428536278601512
1,1,4,36,9,0.004341760050452
1,1,4,36,10,0.0001721627994995
1,1,4,36,11,7.422980315472111e-05
1,1,4,36,12,8.282528634470023e-06
1,1,4,36,19,5.9847608355119955e-09
1,1,4,36,35,0.0001756165321925
1,1,4,36,36,6.835579873267883e-05
1,1,4,36,37,3.829098415083495e-06
1,1,4,36,38,2.059237495420471e-06
1,1,4,36,39,2.0790699818507024e-05
1,1,4,36,40,3.6699020493170775e-05
1,1,4,36,41,8.272527516567105e-07
1,1,4,36,42,1.3536021153388115e-05
1,1,4,36,43,0.0001997684796171
1,1,4,36,44,4.144325741969993e-06
1,1,4,36,45,8.115544438370588e-06
1,1,4,36,46,4.473220818965491e-08
1,1,4,36,47,4.934738997353834e-05
1,1,4,36,48,3.7673570825493183e-06
1,1,4,36,49,0.0009006972981648
1,1,4,36,50,6.218802015048994e-06
1,1,4,36,52,2.8762386447890973e-06
1,1,4,36,53,4.52458934798494e-05
1,1,4,36,54,2.0234174632354228e-05
1,1,4,36,55,2.3986522996853427e-06
1,1,4,36,56,1.304091831218708e-09
1,1,4,36,57,2.0243304862603687e-06
1,1,4,36,58,3.1998321777747265e-11
1,1,4,36,59,1.1297914293703368e-05
1,1,4,36,61,5.740493346581943e-06
1,1,4,36,62,0.0009327892741962
1,1,4,36,63,0.0002571925928124
1,1,4,36,64,0.000132416698283
1,1,4,36,65,7.071184204308781e-06
1,1,4,36,67,1.4377846898151908e-05
1,1,4,36,68,1.3966335277794995e-06
1,1,4,36,69,8.116451863291104e-07
1,1,4,36,71,2.363769838009537e-07
1,1,4,36,72,0.0024118977501487
1,1,4,36,73,0.0017496137253847
1,1,4,36,74,8.642638822218219e-05
1,1,4,36,76,5.6563537371861975e-05
1,1,4,36,77,0.0012692153524814
1,1,4,36,78,0.0005529777434424
1,1,4,36,79,0.000117749734039
1,1,4,36,80,0.0016773395257179
1,1,4,36,81,4.1431472419819325e-05
1,1,4,36,82,2.532864246198294e-07
1,1,4,36,84,8.693978545922148e-07
1,1,4,36,85,0.0003299540002325
1,1,4,36,86,6.213569413725282e-05
1,1,4,36,87,0.0001064621975613
1,1,4,36,88,0.0001133520993679
1,1,4,36,89,0.0002416581646745
1,1,4,36,90,4.709321256969896e-05
1,1,4,36,91,3.650266409059576e-05
1,1,4,36,92,1.2219762829672931e-05
1,1,4,36,93,0.0011244705860583
1,1,4,36,94,1.4396030773524775e-06
1,1,4,36,97,0.0002416881115188
1,1,4,36,101,0.000109072265534
1,1,4,36,106,7.943488880778768e-05
1,1,4,36,110,7.583907899590568e-09
1,1,4,36,112,2.2411153669286945e-08
1,1,4,36,113,4.2458234145456255e-10
1,1,4,36,115,8.038298509859437e-09
1,1,4,36,116,2.1822623838159904e-10
1,1,4,36,117,2.93763413277579e-07
1,1,4,36,118,2.0565187576553545e-08
1,1,4,36,121,3.194507566057392e-07
1,1,4,36,125,2.650690384871727e-07
1,1,4,36,126,4.694575079154185e-10
1,1,4,36,127,1.4668439362708947e-09
1,1,4,36,134,4.7668582370039426e-08
1,1,4,36,135,3.014784060392331e-07
1,1,4,36,160,1.0031454801137493e-12
1,1,4,36,161,1.6410286459264306e-08
1,1,4,37,1,0.0352510208117387
1,1,4,37,2,0.2589860143269537
1,1,4,37,3,0.3805633274268265
1,1,4,37,4,0.0022132516801754
1,1,4,37,5,0.0039266094117712
1,1,4,37,6,0.0277348425059234
1,1,4,37,7,7.59518855613377e-05
1,1,4,37,8,0.0459274967619686
1,1,4,37,9,0.0165733176526683
1,1,4,37,10,0.0007117524184307
1,1,4,37,11,0.0003836497285078
1,1,4,37,12,0.0024407711067035
1,1,4,37,13,1.5556542580425865e-05
1,1,4,37,14,3.089281581103247e-05
1,1,4,37,15,1.152076357666141e-07
1,1,4,37,18,1.5509344663224542e-05
1,1,4,37,19,2.1067608200166756e-06
1,1,4,37,20,0.0002102418687657
1,1,4,37,21,0.0014805148111681
1,1,4,37,22,0.0004806835542893
1,1,4,37,24,9.124435644156577e-05
1,1,4,37,25,1.3391446020045996e-05
1,1,4,37,26,0.0009982881501105
1,1,4,37,27,8.656419102732193e-08
1,1,4,37,28,3.8317900642466596e-07
1,1,4,37,29,0.000354839484944
1,1,4,37,30,1.0889504169107296e-05
1,1,4,37,31,3.935589680155528e-07
1,1,4,37,33,2.3974747905808548e-05
1,1,4,37,34,9.617042751945968e-05
1,1,4,37,35,9.892292763129282e-07
1,1,4,37,36,1.1224875033758077e-06
1,1,4,37,37,2.4294693308160165e-05
1,1,4,37,38,7.138580818932743e-06
1,1,4,37,39,0.000655061452487
1,1,4,37,40,0.0001295635353612
1,1,4,37,41,3.730854535210954e-05
1,1,4,37,42,0.0002984603228552
1,1,4,37,43,5.294656927779414e-05
1,1,4,37,44,1.4749048752229976e-05
1,1,4,37,45,0.007343275572876
1,1,4,37,46,1.1427211950855485e-07
1,1,4,37,47,0.0008407695718199
1,1,4,37,48,9.309472867305022e-05
1,1,4,37,49,9.5335516775898e-05
1,1,4,37,50,5.586045645708926e-05
1,1,4,37,52,0.0008138909205557
1,1,4,37,54,0.0027761901945768
1,1,4,37,55,0.0001863579132586
1,1,4,37,56,0.0004388864253722
1,1,4,37,57,0.0019562654405029
1,1,4,37,58,5.235387316678789e-05
1,1,4,37,59,0.0028484654799131
1,1,4,37,61,0.0103883332843945
1,1,4,37,62,0.0177552145988077
1,1,4,37,63,0.0027487250855961
1,1,4,37,64,0.0002576028333697
1,1,4,37,65,0.0005585574606569
1,1,4,37,67,0.0001199047524578
1,1,4,37,68,0.0011707568739961
1,1,4,37,69,0.0001106623455562
1,1,4,37,71,1.080270560263552e-05
1,1,4,37,72,0.0058418640036746
1,1,4,37,74,0.0001084287630082
1,1,4,37,76,0.0002202622146382
1,1,4,37,78,1.462318221150225e-05
1,1,4,37,80,0.0001215031889809
1,1,4,37,82,4.2374001636243344e-05
1,1,4,37,84,8.62120804151939e-06
1,1,4,37,85,0.0081325748224235
1,1,4,37,86,0.0037185993513683
1,1,4,37,87,1.6737502525242051e-06
1,1,4,37,88,0.0001101454136885
1,1,4,37,89,5.278123033401597e-06
1,1,4,37,90,4.082716874182755e-05
1,1,4,37,91,1.6041413780339054e-05
1,1,4,37,92,1.884714581484989e-05
1,1,4,37,93,0.0002473812591794
1,1,4,37,94,3.1020336196753247e-06
1,1,4,37,96,0.0067455883576664
1,1,4,37,97,0.017731876025098
1,1,4,37,98,0.0033538910433473
1,1,4,37,99,3.5447696868035605e-06
1,1,4,37,100,4.70285618759715e-10
1,1,4,37,101,1.017072612676229e-06
1,1,4,37,102,3.608967127664227e-08
1,1,4,37,106,0.0001105438372692
1,1,4,37,107,1.516984005620728e-07
1,1,4,37,108,2.784556205909449e-06
1,1,4,37,109,5.052832023673688e-06
1,1,4,37,110,8.02081497077149e-06
1,1,4,37,111,4.296637516211508e-06
1,1,4,37,112,0.0001195702702067
1,1,4,37,113,4.119350258320895e-05
1,1,4,37,115,3.773786079094988e-05
1,1,4,37,116,2.4952674542009483e-05
1,1,4,37,117,0.0019895332240969
1,1,4,37,118,0.0001529548887669
1,1,4,37,119,5.0571183709365903e-05
1,1,4,37,120,0.0004259367053622
1,1,4,37,121,0.0002548527905925
1,1,4,37,122,0.0001180128652398
1,1,4,37,123,0.0001328973199882
1,1,4,37,124,2.489852615082934e-06
1,1,4,37,125,0.0001359443083182
1,1,4,37,126,0.0001577614260674
1,1,4,37,127,8.829145925078674e-06
1,1,4,37,131,3.44308986707e-05
1,1,4,37,134,0.0007752702952353
1,1,4,37,136,4.748764578206436e-05
1,1,4,37,137,1.3675935458974306e-06
1,1,4,37,138,2.1647581910334973e-06
1,1,4,37,139,1.7236300003872073e-07
1,1,4,37,140,1.2106694948120964e-07
1,1,4,37,141,1.1569912011660878e-08
1,1,4,37,142,1.529135708551862e-07
1,1,4,37,143,1.6601557275159225e-08
1,1,4,37,144,2.2315216581773897e-08
1,1,4,37,145,2.1633508785271162e-08
1,1,4,37,151,7.918884757416148e-07
1,1,4,37,152,1.115743682091827e-06
1,1,4,37,153,9.240801007961631e-05
1,1,4,37,154,6.0829966542425634e-05
1,1,4,37,155,1.002154921292052e-05
1,1,4,37,156,3.916763436810734e-05
1,1,4,37,157,1.0671536134952668e-05
1,1,4,37,158,1.3742424186956265e-05
1,1,4,37,160,4.224122297617789e-06
1,1,4,38,1,0.0217477758533581
1,1,4,38,2,0.0294318482010044
1,1,4,38,3,0.036315230131441
1,1,4,38,4,0.0698853297092848
1,1,4,38,5,0.0033207177579442
1,1,4,38,6,0.3100338557398384
1,1,4,38,7,5.067240252913179e-06
1,1,4,38,8,0.4345313176733812
1,1,4,38,9,0.0273088429266318
1,1,4,38,10,0.0008218747947736
1,1,4,38,11,0.0002171524269763
1,1,4,38,12,0.0021928388171691
1,1,4,38,13,2.963371075076095e-06
1,1,4,38,14,0.002166684483232
1,1,4,38,15,4.564666833584507e-06
1,1,4,38,18,3.801497234492027e-09
1,1,4,38,19,3.836033921475059e-06
1,1,4,38,24,6.119642938803599e-07
1,1,4,38,25,0.0001156252814924
1,1,4,38,26,3.555057016099882e-06
1,1,4,38,27,1.7803081264387677e-07
1,1,4,38,28,5.8422658032759175e-08
1,1,4,38,29,6.757794755328589e-06
1,1,4,38,30,1.380835234405566e-07
1,1,4,38,31,2.02142487396186e-07
1,1,4,38,32,2.2160751601165275e-06
1,1,4,38,33,7.475828649460401e-06
1,1,4,38,34,6.40449733366336e-06
1,1,4,38,35,5.669651761283787e-07
1,1,4,38,36,2.2379878674099383e-05
1,1,4,38,37,3.0453958280194536e-06
1,1,4,38,38,5.24164726875708e-07
1,1,4,38,39,7.281612669824802e-05
1,1,4,38,40,5.038995388333408e-05
1,1,4,38,41,5.959173133127732e-07
1,1,4,38,42,0.0001460404810347
1,1,4,38,43,0.0001356332098629
1,1,4,38,44,5.4036045998151545e-05
1,1,4,38,45,3.0841524006218284e-05
1,1,4,38,46,9.863669695747301e-08
1,1,4,38,47,1.3814232945038554e-10
1,1,4,38,48,9.701714812159882e-05
1,1,4,38,49,7.900675709906447e-06
1,1,4,38,50,9.323987480934572e-07
1,1,4,38,52,1.9487500213321744e-05
1,1,4,38,54,0.0001554876004732
1,1,4,38,55,1.2106298173688374e-05
1,1,4,38,59,0.0001020536102743
1,1,4,38,61,7.81888249097113e-06
1,1,4,38,62,1.067763785214274e-06
1,1,4,38,63,0.0001430296608768
1,1,4,38,64,6.664419588155522e-05
1,1,4,38,65,1.6809546721959996e-05
1,1,4,38,67,4.181479863672731e-07
1,1,4,38,68,4.667337448122893e-06
1,1,4,38,69,6.32712454807911e-06
1,1,4,38,71,1.4782525699873589e-06
1,1,4,38,72,8.55015231052498e-05
1,1,4,38,74,3.8800318088192045e-05
1,1,4,38,76,1.0048200779327674e-05
1,1,4,38,78,3.139837615267114e-06
1,1,4,38,80,7.594359418486988e-06
1,1,4,38,82,1.0255706832103531e-05
1,1,4,38,84,6.538838172219694e-07
1,1,4,38,85,6.715175574385502e-05
1,1,4,38,86,3.038809403513296e-05
1,1,4,38,87,4.701002472937779e-06
1,1,4,38,88,3.081895112182609e-05
1,1,4,38,89,3.103655929458842e-05
1,1,4,38,90,7.572391655785101e-06
1,1,4,38,91,1.0743706007971304e-07
1,1,4,38,92,5.7544516342675114e-08
1,1,4,38,93,7.735510001244538e-06
1,1,4,38,96,0.0108357253377216
1,1,4,38,97,0.0001476043053908
1,1,4,38,101,1.3578865001353498e-05
1,1,4,38,102,2.3293740031671663e-05
1,1,4,38,108,3.570998296345551e-06
1,1,4,38,109,1.4904855603729124e-05
1,1,4,38,113,1.0087125870319303e-09
1,1,4,38,115,1.0711746450149138e-05
1,1,4,38,116,2.3791456406936385e-07
1,1,4,38,117,0.0002709107939892
1,1,4,38,118,2.3748516627209817e-05
1,1,4,38,125,4.59523701299845e-09
1,1,4,38,133,6.378075473713247e-09
1,1,4,38,160,3.0513148691067855e-08
1,1,4,39,2,1.931750257481313e-10
1,1,4,39,3,9.333313385329269e-06
1,1,4,39,4,4.117978879881227e-05
1,1,4,39,5,1.2568676007965204e-10
1,1,4,39,6,3.013704615186336e-05
1,1,4,39,8,7.580860324611208e-06
1,1,4,39,9,0.0035272217287696
1,1,4,39,10,0.0002943093659004
1,1,4,39,11,6.283373576300944e-05
1,1,4,39,12,0.0002137564114684
1,1,4,39,13,1.4008382579241704e-11
1,1,4,39,14,3.6260841061583733e-09
1,1,4,39,22,5.22108956975629e-09
1,1,4,39,32,6.253443827204543e-08
1,1,4,39,33,8.890375269635803e-07
1,1,4,39,34,1.3242650186679966e-06
1,1,4,39,35,2.1475271137163936e-05
1,1,4,39,36,2.9495646216721316e-05
1,1,4,39,37,3.968522885198529e-06
1,1,4,39,38,2.1489368671968453e-06
1,1,4,39,39,0.0003096030448474
1,1,4,39,40,0.0018381754306706
1,1,4,39,41,2.364908391691686e-05
1,1,4,39,42,0.0002534441063248
1,1,4,39,43,4.478907091058027e-05
1,1,4,39,44,4.7925000544703686e-05
1,1,4,39,45,1.7910127947560166e-05
1,1,4,39,46,3.997674231410101e-08
1,1,4,39,47,0.0001340963648071
1,1,4,39,48,4.238411933761546e-05
1,1,4,39,49,1.2978988449447174e-06
1,1,4,39,50,6.440395897621195e-08
1,1,4,39,52,2.940928458443515e-06
1,1,4,39,54,0.0004176940405611
1,1,4,39,55,0.0002017064993161
1,1,4,39,57,1.6431734317104258e-07
1,1,4,39,58,5.483380356648211e-09
1,1,4,39,59,0.0006842394574593
1,1,4,39,61,1.070722940980402e-06
1,1,4,39,62,1.52354057176242e-06
1,1,4,39,63,0.0023991070187772
1,1,4,39,64,7.478486313320325e-05
1,1,4,39,65,7.455735935263148e-06
1,1,4,39,67,1.241480278823762e-06
1,1,4,39,68,3.930304973528448e-08
1,1,4,39,69,0.0001453328414614
1,1,4,39,71,4.0718457635644835e-07
1,1,4,39,72,2.4464374849018733e-05
1,1,4,39,74,1.5197190376687276e-07
1,1,4,39,76,5.2436265515704134e-08
1,1,4,39,78,3.411677737746946e-09
1,1,4,39,80,2.067988297066872e-08
1,1,4,39,82,1.548498893087517e-09
1,1,4,39,84,1.6018529942029722e-08
1,1,4,39,85,0.0004687269047011
1,1,4,39,86,0.0001105544057236
1,1,4,39,87,2.6215250240904616e-05
1,1,4,39,88,0.0002441934575655
1,1,4,39,89,8.774164496305914e-05
1,1,4,39,90,0.0001393516855109
1,1,4,39,91,1.2658396657943155e-06
1,1,4,39,92,1.0479418305637568e-06
1,1,4,39,93,2.9874100999773417e-05
1,1,4,39,97,4.5080981666200894e-10
1,1,4,39,98,0.0092082742504747
1,1,4,39,99,3.9950723481463704e-08
1,1,4,39,100,2.6502986724882776e-11
1,1,4,39,101,2.82984177114118e-10
1,1,4,39,102,5.0030733696233184e-05
1,1,4,39,103,3.5260526107106605e-11
1,1,4,39,108,3.2588292260856476e-08
1,1,4,39,109,7.942546603686497e-08
1,1,4,39,110,6.7891360223856365e-09
1,1,4,39,111,4.215469620976612e-10
1,1,4,39,112,1.526635707461099e-07
1,1,4,39,113,1.103321303588128e-06
1,1,4,39,115,1.5245842939487116e-07
1,1,4,39,116,9.440995123912471e-09
1,1,4,39,117,4.2661324826065355e-05
1,1,4,39,118,3.0324852727410764e-05
1,1,4,39,119,5.33118416845562e-06
1,1,4,39,120,1.2732973786847088e-05
1,1,4,39,121,0.0001180609700577
1,1,4,39,122,2.1070191573828075e-06
1,1,4,39,123,0.0001323949926334
1,1,4,39,124,9.3694239636377e-07
1,1,4,39,125,1.615565665980874e-05
1,1,4,39,126,4.3990953215670276e-07
1,1,4,39,128,5.4449600851207e-06
1,1,4,39,129,6.067486453251553e-07
1,1,4,39,130,3.532469589921919e-06
1,1,4,39,131,9.846646560946057e-08
1,1,4,39,132,1.484027286465426e-05
1,1,4,39,133,8.979020223086717e-08
1,1,4,39,134,3.3618776705462556e-05
1,1,4,39,135,0.0002260760893359
1,1,4,39,136,5.702704756192498e-05
1,1,4,39,137,2.6134157282817178e-06
1,1,4,39,138,3.1651101523337277e-07
1,1,4,39,139,2.9454029949066216e-06
1,1,4,39,140,2.410049454810842e-06
1,1,4,39,141,3.005632225872079e-07
1,1,4,39,142,6.886802615969178e-07
1,1,4,39,143,5.300516480797896e-07
1,1,4,39,144,8.259795631971888e-07
1,1,4,39,145,8.499013045068022e-07
1,1,4,39,146,1.857223814310443e-07
1,1,4,39,147,3.1280348405002475e-08
1,1,4,39,149,2.1291585594738243e-06
1,1,4,39,150,2.0942117060688409e-07
1,1,4,39,151,4.550692254210345e-07
1,1,4,39,152,1.0655483263353062e-06
1,1,4,39,153,1.6949833217177745e-07
1,1,4,39,154,6.979394995449822e-08
1,1,4,39,155,6.726336542804978e-08
1,1,4,39,156,6.246106699798296e-08
1,1,4,39,157,3.41289142099573e-08
1,1,4,39,158,4.1967651625703046e-08
1,1,4,39,159,1.382591824218406e-07
1,1,4,39,160,2.8807152187511685e-06
1,1,4,39,161,1.1503207382966158e-06
1,1,4,39,162,4.1411933584212026e-08
1,1,4,40,1,0.0215950226417112
1,1,4,40,2,0.0641106495510437
1,1,4,40,3,0.0165294674788087
1,1,4,40,4,0.2853921879132701
1,1,4,40,5,0.0098687898465548
1,1,4,40,6,0.2082653442849457
1,1,4,40,7,4.945107018714072e-05
1,1,4,40,8,0.1839028281992331
1,1,4,40,9,0.0062191442198829
1,1,4,40,10,6.286496141785497e-06
1,1,4,40,11,0.0004258484366617
1,1,4,40,12,0.0004695814908469
1,1,4,40,13,9.618627830419297e-07
1,1,4,40,14,0.0002391033519573
1,1,4,40,15,6.278174975449724e-07
1,1,4,40,20,1.3999785236872242e-06
1,1,4,40,21,7.507419480147823e-07
1,1,4,40,22,2.885459522357127e-09
1,1,4,40,25,1.291292697830664e-07
1,1,4,40,26,1.6843373302404451e-06
1,1,4,40,27,4.234794638632755e-10
1,1,4,40,28,2.9411049394612904e-08
1,1,4,40,29,5.08034296299808e-07
1,1,4,40,30,7.911592587248006e-08
1,1,4,40,31,3.4760866505367653e-07
1,1,4,40,32,1.2925544776036773e-06
1,1,4,40,33,2.3650978795571982e-06
1,1,4,40,34,4.109201905653134e-07
1,1,4,40,35,0.0001559402685432
1,1,4,40,36,2.5744967289306273e-13
1,1,4,40,37,0.0004124022883569
1,1,4,40,38,0.0001183310124332
1,1,4,40,39,0.0002357643551688
1,1,4,40,40,0.0002911250786218
1,1,4,40,41,1.2317801602114624e-05
1,1,4,40,42,0.0001453826968559
1,1,4,40,43,0.0004387801376213
1,1,4,40,44,2.4822534252222025e-05
1,1,4,40,45,0.0040777346822243
1,1,4,40,46,9.07815214570874e-08
1,1,4,40,47,0.0038315911019465
1,1,4,40,48,0.0008891135796411
1,1,4,40,49,6.157369675981936e-05
1,1,4,40,50,1.6796372861325755e-05
1,1,4,40,52,0.0001139375424506
1,1,4,40,54,0.0024219519574356
1,1,4,40,55,0.0001610985626962
1,1,4,40,56,5.259041260477184e-07
1,1,4,40,57,6.130731892797558e-05
1,1,4,40,58,1.3492515226824316e-06
1,1,4,40,59,0.0071780569300607
1,1,4,40,61,0.0008723116513052
1,1,4,40,62,0.0003464096501408
1,1,4,40,63,0.0123899517017386
1,1,4,40,64,0.0004360606999468
1,1,4,40,65,0.0002296905092101
1,1,4,40,67,0.0001072828568214
1,1,4,40,68,0.0001380001208273
1,1,4,40,69,0.0161147011500278
1,1,4,40,71,4.409468886538068e-05
1,1,4,40,72,0.0163245582440468
1,1,4,40,74,1.0055256840770263e-05
1,1,4,40,76,6.447784115009314e-05
1,1,4,40,78,5.847918851905328e-06
1,1,4,40,80,2.481763857048848e-05
1,1,4,40,82,3.885181354253177e-07
1,1,4,40,84,2.38171643145768e-06
1,1,4,40,85,0.0002266911811249
1,1,4,40,86,3.442738597815969e-05
1,1,4,40,87,1.1432759356706257e-07
1,1,4,40,88,2.1187150305363667e-05
1,1,4,40,89,3.999731170580216e-07
1,1,4,40,90,2.189525448026539e-05
1,1,4,40,91,5.841022047909288e-06
1,1,4,40,92,4.510366540050504e-06
1,1,4,40,93,7.671104819847051e-07
1,1,4,40,94,2.272395536638429e-06
1,1,4,40,96,0.0010715380116907
1,1,4,40,97,0.0003870501264879
1,1,4,40,99,1.0030678880059121e-07
1,1,4,40,100,2.0296767129270303e-09
1,1,4,40,101,0.0035286832735972
1,1,4,40,102,1.6224835977426134e-12
1,1,4,40,106,9.538649869367812e-05
1,1,4,40,107,4.556115538786121e-09
1,1,4,40,108,2.3160732108513445e-07
1,1,4,40,109,6.681724169298435e-07
1,1,4,40,110,2.7198365328404663e-08
1,1,4,40,111,1.470428284871121e-06
1,1,4,40,112,2.9947750497165697e-06
1,1,4,40,113,1.304426108612189e-09
1,1,4,40,115,0.0002083396781142
1,1,4,40,116,3.579586336883047e-05
1,1,4,40,117,0.0005657963541545
1,1,4,40,118,0.0001878329043703
1,1,4,40,136,6.996436193030016e-10
1,1,4,40,137,3.7370694463072247e-10
1,1,4,40,138,1.993537151386989e-07
1,1,4,40,159,1.6348844850537298e-08
1,1,4,40,160,5.2479110035130564e-08
1,1,4,41,9,2.5096911065784343e-05
1,1,4,41,10,0.000172026618638
1,1,4,41,11,0.0003345841653817
1,1,4,41,12,5.512958645599557e-06
1,1,4,41,35,2.769821954346829e-07
1,1,4,41,36,3.5289499485795674e-05
1,1,4,41,37,0.0001148078746073
1,1,4,41,38,1.459840121458794e-05
1,1,4,41,39,8.531105524876719e-05
1,1,4,41,42,9.229603903970878e-07
1,1,4,41,47,6.763376244392487e-05
1,1,4,41,48,1.310993370356179e-05
1,1,4,41,49,6.763165434908931e-05
1,1,4,41,52,0.000522960903469
1,1,4,41,54,0.0002471665804074
1,1,4,41,55,0.0001558958156116
1,1,4,41,61,0.004860598207169
1,1,4,41,62,0.0004252289786194
1,1,4,41,69,0.0007904120527853
1,1,4,41,72,0.0005607275084234
1,1,4,41,78,1.4051483189980736e-06
1,1,4,41,91,0.0003863875342883
1,1,4,41,92,0.0005284422884783
1,1,4,41,97,4.6879763151743774e-05
1,1,4,42,2,3.977515900912597e-08
1,1,4,42,3,5.7644022040690355e-08
1,1,4,42,4,8.352930701667266e-05
1,1,4,42,5,1.3691381645520708e-08
1,1,4,42,8,0.0006484082142728
1,1,4,42,9,0.004666312514814
1,1,4,42,10,0.0004225092294203
1,1,4,42,11,4.457883911309934e-05
1,1,4,42,12,0.0009267860269658
1,1,4,42,13,1.556285751514306e-07
1,1,4,42,14,2.3813863619733893e-05
1,1,4,42,15,2.5820970257772773e-08
1,1,4,42,18,0.0002996904822455
1,1,4,42,19,0.0002096990512585
1,1,4,42,20,1.200894652896141e-05
1,1,4,42,21,0.003292161177822
1,1,4,42,22,0.0009528356901356
1,1,4,42,25,1.290734125841087e-07
1,1,4,42,27,5.231134544581566e-07
1,1,4,42,31,1.5515600533495497e-06
1,1,4,42,32,7.044268773711619e-05
1,1,4,42,33,7.84445197451168e-05
1,1,4,42,34,1.820431091732186e-06
1,1,4,42,35,1.3473440343874895e-05
1,1,4,42,36,0.0001232411864568
1,1,4,42,37,7.674630135270988e-05
1,1,4,42,38,7.502117406078935e-05
1,1,4,42,39,0.0055026043897561
1,1,4,42,40,0.000495099143516
1,1,4,42,41,6.255859440548446e-05
1,1,4,42,42,0.0021194388823028
1,1,4,42,43,0.0063695005314281
1,1,4,42,44,7.850168138764433e-05
1,1,4,42,45,0.0268877330944422
1,1,4,42,46,3.1522628364569647e-06
1,1,4,42,47,0.0031462290665182
1,1,4,42,48,0.000160765150862
1,1,4,42,49,2.6230353149515993e-05
1,1,4,42,50,0.0004514592971111
1,1,4,42,52,0.0079236282259934
1,1,4,42,54,0.0130062765485918
1,1,4,42,55,0.0009646553931303
1,1,4,42,57,0.0005976980317141
1,1,4,42,58,6.082404318495576e-09
1,1,4,42,59,0.0059161020918108
1,1,4,42,61,0.0106429732382105
1,1,4,42,62,0.0044530834404288
1,1,4,42,63,0.0056355698249242
1,1,4,42,64,0.0022922068401794
1,1,4,42,65,0.0022900740987037
1,1,4,42,67,0.0052686536779125
1,1,4,42,68,2.510953669528718e-05
1,1,4,42,69,0.0001141733996153
1,1,4,42,71,0.000133725361588
1,1,4,42,72,0.0194585961338482
1,1,4,42,74,4.010899655378607e-06
1,1,4,42,76,0.0006494514921228
1,1,4,42,78,0.0001873644167231
1,1,4,42,80,0.0003217125042209
1,1,4,42,82,2.7371773768745972e-05
1,1,4,42,84,2.4752655479790057e-05
1,1,4,42,85,0.0059068819885896
1,1,4,42,86,0.0025925403097306
1,1,4,42,87,9.39370983342818e-05
1,1,4,42,88,0.000872567206472
1,1,4,42,89,0.0003161286663704
1,1,4,42,90,0.0005250933789738
1,1,4,42,91,7.119551301512436e-05
1,1,4,42,92,0.0001785795411194
1,1,4,42,93,0.0015122823497102
1,1,4,42,96,7.833551909305602e-06
1,1,4,42,97,3.334655422970494e-07
1,1,4,42,99,0.0002399642606255
1,1,4,42,100,4.628290440696207e-07
1,1,4,42,101,1.804738387668166e-08
1,1,4,42,102,1.3829110902083185e-07
1,1,4,42,107,1.171190298538042e-07
1,1,4,42,108,1.609634077363279e-06
1,1,4,42,109,8.752317814823302e-06
1,1,4,42,110,3.855506300182678e-07
1,1,4,42,111,2.152199628632916e-06
1,1,4,42,113,2.7035789451566316e-06
1,1,4,42,115,1.1675216728465133e-07
1,1,4,42,116,3.8817432875567715e-08
1,1,4,42,117,0.0010670995415546
1,1,4,42,118,0.0002525063791497
1,1,4,42,119,3.519123972716241e-06
1,1,4,42,120,3.75942513928857e-06
1,1,4,42,121,6.962117420536037e-05
1,1,4,42,122,2.2473009426545197e-05
1,1,4,42,125,0.0012194562947406
1,1,4,42,126,3.1463827593335805e-07
1,1,4,42,127,0.000165800620075
1,1,4,42,131,2.000317948308168e-06
1,1,4,42,133,1.1466179245495957e-07
1,1,4,42,135,8.773735698260183e-06
1,1,4,42,138,3.456811380887167e-06
1,1,4,42,160,2.612196071278975e-07
1,1,4,43,1,0.0206944277971689
1,1,4,43,3,0.002174118031544
1,1,4,43,4,0.0019161529981118
1,1,4,43,5,0.027331952662799
1,1,4,43,6,0.0102268513713067
1,1,4,43,7,4.041735914015923e-06
1,1,4,43,8,0.0050603805004901
1,1,4,43,9,0.0001074795553572
1,1,4,43,10,0.000442865915897
1,1,4,43,11,0.0008301924304685
1,1,4,43,12,0.0003852509904177
1,1,4,43,35,4.8819465595495295e-09
1,1,4,43,36,2.8418815801839096e-08
1,1,4,43,37,9.204659863897268e-07
1,1,4,43,38,3.030366916348569e-08
1,1,4,43,39,0.0002330304108892
1,1,4,43,40,4.693128121333409e-05
1,1,4,43,42,1.0827641457843327e-05
1,1,4,43,43,3.2101773205629206e-05
1,1,4,43,44,1.8768275800331629e-06
1,1,4,43,45,0.000104877830791
1,1,4,43,46,1.8617616338054574e-09
1,1,4,43,47,1.3582449674721046e-05
1,1,4,43,48,4.6884370237278695e-05
1,1,4,43,49,1.4630079664752268e-07
1,1,4,43,52,7.780056397623997e-05
1,1,4,43,54,3.489199354595155e-05
1,1,4,43,55,6.101988662715818e-06
1,1,4,43,59,0.0001689824349706
1,1,4,43,61,2.156226571281243e-05
1,1,4,43,62,3.338110852609652e-06
1,1,4,43,63,0.0016826076060254
1,1,4,43,64,9.667320909979063e-06
1,1,4,43,65,1.0434732810572406e-06
1,1,4,43,67,9.39746258390903e-07
1,1,4,43,68,1.163757102304792e-06
1,1,4,43,69,4.773591266998248e-06
1,1,4,43,71,4.574288930611287e-06
1,1,4,43,72,0.0001848279493276
1,1,4,43,74,5.151004614270648e-11
1,1,4,43,76,7.408438692509552e-06
1,1,4,43,78,5.316419477458632e-12
1,1,4,43,80,5.3825289525082464e-08
1,1,4,43,82,7.261633557698483e-10
1,1,4,43,85,3.349771305623728e-05
1,1,4,43,86,0.0002767749144222
1,1,4,43,87,1.349418798997341e-05
1,1,4,43,88,4.859798659997672e-05
1,1,4,43,89,2.0368237085169617e-05
1,1,4,43,90,1.8256291625911773e-05
1,1,4,43,91,6.541002729195788e-07
1,1,4,43,92,1.7940105290638553e-07
1,1,4,43,93,8.907125730449081e-05
1,1,4,43,96,9.201933985129476e-06
1,1,4,43,97,0.0011539660550629
1,1,4,43,106,2.2280858129077396e-05
1,1,4,44,1,0.000231316032105
1,1,4,44,2,0.0065014621626017
1,1,4,44,3,0.0145027190289131
1,1,4,44,4,0.0433205277701886
1,1,4,44,5,0.0028789543738844
1,1,4,44,6,0.0097457298444132
1,1,4,44,7,0.0006260467242395
1,1,4,44,8,0.0126128267529298
1,1,4,44,9,0.0048851942404766
1,1,4,44,10,8.815453517463387e-05
1,1,4,44,11,0.0002650177107514
1,1,4,44,12,0.0030807280963464
1,1,4,44,35,3.7276270299659025e-05
1,1,4,44,36,3.5141586321357692e-06
1,1,4,44,37,4.673277567089567e-05
1,1,4,44,38,6.580812619833969e-06
1,1,4,44,39,0.0017452026723035
1,1,4,44,40,1.8394695610556591e-06
1,1,4,44,41,1.751385175669283e-09
1,1,4,44,42,0.0002496349863265
1,1,4,44,43,0.001588617295097
1,1,4,44,44,0.0001148511832909
1,1,4,44,45,0.0002837622977741
1,1,4,44,46,5.321825684920526e-06
1,1,4,44,47,0.000180586620583
1,1,4,44,48,1.921222953030366e-05
1,1,4,44,49,0.000357867771193
1,1,4,44,50,1.0360677005911315e-05
1,1,4,44,52,0.0001930774140595
1,1,4,44,54,0.0002250621957649
1,1,4,44,55,1.9501490506702565e-05
1,1,4,44,56,1.0298100508424609e-07
1,1,4,44,57,4.33889984017874e-06
1,1,4,44,58,3.9699296987598884e-08
1,1,4,44,59,0.0002006993868511
1,1,4,44,61,0.0002256971678876
1,1,4,44,62,0.0001482200458961
1,1,4,44,63,0.0035753990117474
1,1,4,44,64,2.7623092574207207e-05
1,1,4,44,65,1.775317614016931e-07
1,1,4,44,67,2.8317757013333553e-06
1,1,4,44,68,5.4863641349986234e-08
1,1,4,44,69,1.24104083889074e-06
1,1,4,44,71,5.85818178364408e-06
1,1,4,44,72,0.0008395305958954
1,1,4,44,74,4.775038058490078e-05
1,1,4,44,76,3.89840064577124e-05
1,1,4,44,78,1.0377009957721514e-05
1,1,4,44,80,7.124116699461972e-06
1,1,4,44,82,1.7574554557432424e-06
1,1,4,44,84,1.344598432086709e-05
1,1,4,44,85,0.0004645549582637
1,1,4,44,86,0.0002473059090375
1,1,4,44,87,2.8103626057223585e-05
1,1,4,44,88,0.0001697023134009
1,1,4,44,89,8.414180031834685e-05
1,1,4,44,90,7.036504589669329e-05
1,1,4,44,91,5.9257545111348515e-05
1,1,4,44,92,9.416612384530285e-06
1,1,4,44,93,0.0001518669617358
1,1,4,44,94,7.02494465019877e-07
1,1,4,44,96,0.0140294641431675
1,1,4,44,120,2.551334143619309e-07
1,1,4,44,121,5.932941417862254e-07
1,1,4,44,122,8.322142408741523e-08
1,1,4,44,125,2.5016529954846458e-08
1,1,4,44,162,9.580629485164592e-05
1,1,4,45,1,2.917354797070173
1,1,4,45,2,2.4776150624283324
1,1,4,45,3,0.8329957133222176
1,1,4,45,4,0.8803728640426047
1,1,4,45,5,0.1968648217388509
1,1,4,45,6,2.029302936044568
1,1,4,45,7,0.0181438090927188
1,1,4,45,8,1.9567047533366004
1,1,4,45,9,0.0985226932795836
1,1,4,45,10,0.0607137526500022
1,1,4,45,11,0.0274252615898187
1,1,4,45,12,0.0595348532833567
1,1,4,45,13,0.0045800063690866
1,1,4,45,14,0.0258594685847514
1,1,4,45,15,0.0004611920942586
1,1,4,45,18,0.0012289619235538
1,1,4,45,19,0.0084348346889451
1,1,4,45,20,0.0005505576193179
1,1,4,45,21,0.0015609052194243
1,1,4,45,22,0.0009105110253664
1,1,4,45,23,2.775510840632584e-05
1,1,4,45,24,2.054212996254904e-05
1,1,4,45,25,6.052964392961038e-06
1,1,4,45,26,0.0004615698760613
1,1,4,45,27,3.127163996833404e-05
1,1,4,45,28,0.0001259440252342
1,1,4,45,29,0.0008292929867227
1,1,4,45,30,0.0002135139819225
1,1,4,45,31,0.0001529540554024
1,1,4,45,32,0.0009175708420581
1,1,4,45,33,0.001757509025898
1,1,4,45,34,2.7256276845511787e-05
1,1,4,45,35,0.0002644800623155
1,1,4,45,36,0.0003899372980293
1,1,4,45,37,0.0001340856149929
1,1,4,45,38,8.249278783374865e-05
1,1,4,45,39,7.618181554754785e-05
1,1,4,45,40,0.0005779296161237
1,1,4,45,41,0.0002593330927894
1,1,4,45,42,0.0004440513937599
1,1,4,45,43,0.0009626786442284
1,1,4,45,44,0.0010995359849475
1,1,4,45,45,0.4313260476328888
1,1,4,45,46,8.900866797458538e-06
1,1,4,45,47,0.0960415867914439
1,1,4,45,48,0.0014528414252605
1,1,4,45,49,0.0005327263350273
1,1,4,45,50,0.0001737842988295
1,1,4,45,52,0.0005777882561104
1,1,4,45,54,0.0276083295675002
1,1,4,45,55,0.002497592327852
1,1,4,45,56,0.0002465492228873
1,1,4,45,57,0.0006648509784821
1,1,4,45,58,9.189853406804195e-05
1,1,4,45,59,2.922260186506012e-05
1,1,4,45,61,0.0047900663537188
1,1,4,45,62,0.018130252837589
1,1,4,45,63,0.0096547351667542
1,1,4,45,64,0.0051613593059799
1,1,4,45,65,0.0008226292857068
1,1,4,45,67,0.0011800161539889
1,1,4,45,68,0.000246422897813
1,1,4,45,69,0.0121295108893856
1,1,4,45,71,0.0004107620142749
1,1,4,45,72,0.0324527332288762
1,1,4,45,74,0.0002782388438551
1,1,4,45,76,0.0012633799736731
1,1,4,45,78,0.0003836858312721
1,1,4,45,80,0.0004785610913209
1,1,4,45,82,0.0003011715781652
1,1,4,45,84,0.0006032261010896
1,1,4,45,85,0.0206240678294539
1,1,4,45,86,0.0057827774522809
1,1,4,45,87,0.0003258781262923
1,1,4,45,88,0.0091278452803058
1,1,4,45,89,0.0017219222225632
1,1,4,45,90,0.0015768141712635
1,1,4,45,91,0.0002761535743123
1,1,4,45,92,0.0005499546641889
1,1,4,45,93,0.0146241720493451
1,1,4,45,94,0.0004914389075986
1,1,4,45,96,0.0059941827877748
1,1,4,45,97,0.0227089660373404
1,1,4,45,98,0.0010275966927505
1,1,4,45,99,0.000214249227405
1,1,4,45,100,2.0619114650375972e-05
1,1,4,45,101,0.0053468102911598
1,1,4,45,102,9.968262785929031e-05
1,1,4,45,103,2.5080137571508356e-06
1,1,4,45,106,0.0023835308693787
1,1,4,45,107,2.3915756387664515e-05
1,1,4,45,108,0.0002865136016547
1,1,4,45,109,0.000457365725007
1,1,4,45,110,0.0005573952937244
1,1,4,45,111,0.0004350505192553
1,1,4,45,112,0.000215060895518
1,1,4,45,113,0.000361159502554
1,1,4,45,115,0.005849002515068
1,1,4,45,116,0.0020826792886553
1,1,4,45,117,0.0347288645662078
1,1,4,45,118,0.0203781393780725
1,1,4,45,119,0.0074046298281052
1,1,4,45,120,0.0036881730464156
1,1,4,45,121,0.0067605520415201
1,1,4,45,122,0.0010404872395668
1,1,4,45,123,0.0005362497191489
1,1,4,45,124,1.7010613163942646e-05
1,1,4,45,125,0.0060075397576129
1,1,4,45,126,0.0025757227938119
1,1,4,45,127,0.0001573408254032
1,1,4,45,128,4.88570537345531e-05
1,1,4,45,129,9.801360701823476e-06
1,1,4,45,130,0.0001061706945249
1,1,4,45,131,0.0004273105431221
1,1,4,45,132,0.0004465146372831
1,1,4,45,133,0.0001210845145479
1,1,4,45,134,0.0030524490639054
1,1,4,45,135,0.002339700735429
1,1,4,45,136,0.0002217054856758
1,1,4,45,137,0.0001278504106195
1,1,4,45,138,3.692165286684101e-05
1,1,4,45,153,0.0003497675031804
1,1,4,45,154,0.0006799542307288
1,1,4,45,155,0.0009777380215709
1,1,4,45,156,0.00096717751478
1,1,4,45,157,0.0011786794923961
1,1,4,45,158,0.0008547951722117
1,1,4,45,159,0.0001652547931126
1,1,4,45,160,0.0003494365673634
1,1,4,45,161,0.001747356077802
1,1,4,45,162,0.0017132781683959
1,1,4,46,1,0.0885965115852162
1,1,4,46,2,0.0178017185956426
1,1,4,46,3,0.2392266262911638
1,1,4,46,4,0.1475509224020724
1,1,4,46,5,0.0186726682825736
1,1,4,46,6,0.2413775718812168
1,1,4,46,7,0.003351894912555
1,1,4,46,8,0.1022483555494454
1,1,4,46,9,0.0958198673642834
1,1,4,46,10,0.0039559931235752
1,1,4,46,11,0.0026353246137249
1,1,4,46,12,0.0092113075363765
1,1,4,46,13,0.0004556836177447
1,1,4,46,14,0.0021451266540699
1,1,4,46,15,0.0002128007561196
1,1,4,46,18,9.64978069299772e-05
1,1,4,46,19,0.0013165822528191
1,1,4,46,20,0.0001426132953378
1,1,4,46,21,0.0001163174308238
1,1,4,46,22,9.576907345446562e-05
1,1,4,46,25,2.935981462982423e-05
1,1,4,46,26,6.207789227370591e-05
1,1,4,46,27,2.011187913642121e-06
1,1,4,46,28,1.1975126872770256e-05
1,1,4,46,29,6.499704787544334e-05
1,1,4,46,30,7.535472947117106e-06
1,1,4,46,31,3.2523715712472234e-06
1,1,4,46,32,7.875566684396049e-05
1,1,4,46,33,6.103056049734332e-05
1,1,4,46,34,1.0154588614284568e-05
1,1,4,46,35,0.0004332412855625
1,1,4,46,36,0.0001021916480577
1,1,4,46,37,0.0002234726692785
1,1,4,46,38,5.0892203661942e-05
1,1,4,46,39,0.0017090250670917
1,1,4,46,40,0.0003917973341707
1,1,4,46,41,0.0002843658414081
1,1,4,46,42,0.0007277563659794
1,1,4,46,43,0.000531022647285
1,1,4,46,44,0.0001976905268848
1,1,4,46,45,0.0702030510625252
1,1,4,46,46,5.3697914768815926e-06
1,1,4,46,47,0.0008890600717122
1,1,4,46,48,0.0013328221398597
1,1,4,46,49,5.6237271473216354e-05
1,1,4,46,50,6.61027892403866e-05
1,1,4,46,52,0.00019854447776
1,1,4,46,54,0.0009814038837912
1,1,4,46,55,0.0001271688842403
1,1,4,46,56,4.7192094840491985e-05
1,1,4,46,57,0.0002668407647479
1,1,4,46,58,2.2309978664572707e-05
1,1,4,46,59,0.0010406472192543
1,1,4,46,61,0.0008405490459799
1,1,4,46,62,0.0017935643971307
1,1,4,46,63,0.0063174184902386
1,1,4,46,64,0.0001383864830589
1,1,4,46,65,2.3562289335330667e-05
1,1,4,46,67,1.0615230412053636e-05
1,1,4,46,68,1.3771655475013006e-05
1,1,4,46,69,0.001917450004606
1,1,4,46,71,2.2784346642116403e-05
1,1,4,46,72,0.0020308295757676
1,1,4,46,74,5.082320860123248e-05
1,1,4,46,76,0.0001366641330169
1,1,4,46,78,8.808741441916065e-05
1,1,4,46,80,0.0001834233741613
1,1,4,46,82,2.423247281252931e-05
1,1,4,46,84,2.3423429689532984e-05
1,1,4,46,85,0.0012884331105082
1,1,4,46,86,0.0005631770452883
1,1,4,46,87,3.9295385044770606e-05
1,1,4,46,88,0.0003487547527863
1,1,4,46,89,0.0001258492414512
1,1,4,46,90,0.0001774180502839
1,1,4,46,91,0.0001531103921117
1,1,4,46,92,0.0001597972337972
1,1,4,46,93,0.0005684648249346
1,1,4,46,94,9.434943542819146e-05
1,1,4,46,96,0.0003757048256112
1,1,4,46,97,0.0016265104657501
1,1,4,46,98,0.0007355015042204
1,1,4,46,99,2.4783857174516713e-05
1,1,4,46,100,8.600763227810578e-07
1,1,4,46,101,0.0002061787721316
1,1,4,46,102,1.6586506545531652e-05
1,1,4,46,106,2.650551823149973e-05
1,1,4,46,107,2.2517729139232215e-06
1,1,4,46,108,1.2526020517168756e-05
1,1,4,46,109,2.364646960328596e-05
1,1,4,46,110,1.8169963741648404e-05
1,1,4,46,112,3.7910330391216474e-06
1,1,4,46,113,2.6382419142467803e-05
1,1,4,46,115,0.0002205966467549
1,1,4,46,116,9.750594702919508e-05
1,1,4,46,117,0.0013114137099005
1,1,4,46,118,0.0008395746239345
1,1,4,46,119,0.0001490217151049
1,1,4,46,120,5.9498191268281336e-05
1,1,4,46,121,0.0006762302049495
1,1,4,46,122,6.789739639449521e-05
1,1,4,46,123,0.0005259838544009
1,1,4,46,124,1.7080051297953447e-05
1,1,4,46,125,5.709332568941873e-05
1,1,4,46,126,0.0001420066790206
1,1,4,46,127,3.5409902627554967e-06
1,1,4,46,128,2.5453249486456465e-06
1,1,4,46,129,4.66231273265974e-07
1,1,4,46,130,6.05091480889232e-06
1,1,4,46,131,5.223352896663181e-05
1,1,4,46,132,1.2210882166529784e-05
1,1,4,46,133,2.128191590700393e-06
1,1,4,46,134,3.708296867146625e-05
1,1,4,46,135,0.0001020692956375
1,1,4,46,136,3.815395423814637e-06
1,1,4,46,137,4.117442015745882e-07
1,1,4,46,138,3.5291439381626093e-06
1,1,4,46,153,2.066886017296401e-05
1,1,4,46,154,1.739063819241578e-05
1,1,4,46,155,2.499522321105811e-05
1,1,4,46,156,2.5045831568361183e-05
1,1,4,46,157,2.4408072109815105e-05
1,1,4,46,158,1.5274742175852035e-05
1,1,4,46,159,2.0450829846276025e-05
1,1,4,46,160,3.853246100205318e-05
1,1,4,46,161,1.0344443453340691e-05
1,1,4,46,162,0.0044899685819198
1,1,4,47,1,0.0375800678169106
1,1,4,47,2,0.1847867562741556
1,1,4,47,3,0.6298807328980458
1,1,4,47,4,0.083815942287523
1,1,4,47,5,0.0943552794702478
1,1,4,47,6,0.0142722418634578
1,1,4,47,7,9.239162569495642e-05
1,1,4,47,8,0.2523392941241401
1,1,4,47,9,0.4237926034603059
1,1,4,47,10,0.1165718740280905
1,1,4,47,11,0.0466887114591633
1,1,4,47,12,0.0466108109705623
1,1,4,47,13,0.001614558904325
1,1,4,47,14,0.0377857202883115
1,1,4,47,15,0.0003207172852402
1,1,4,47,18,4.4161240394015125e-05
1,1,4,47,19,0.0001356761127228
1,1,4,47,20,0.0003910443140335
1,1,4,47,21,8.39944452668471e-06
1,1,4,47,22,5.483094090721023e-05
1,1,4,47,24,7.534020454262223e-05
1,1,4,47,25,4.234523445067921e-05
1,1,4,47,26,8.141331655394696e-05
1,1,4,47,27,5.419728750386051e-07
1,1,4,47,28,1.128501592217677e-05
1,1,4,47,29,7.953703153492168e-05
1,1,4,47,30,5.715231937058969e-05
1,1,4,47,31,8.225573027145393e-06
1,1,4,47,33,0.0001400733613257
1,1,4,47,34,0.0002349992172587
1,1,4,47,35,0.0004645854500278
1,1,4,47,36,0.0007046133056993
1,1,4,47,37,0.0011416148233631
1,1,4,47,38,0.0006772970913322
1,1,4,47,39,0.0013024314102343
1,1,4,47,40,0.006514912507945
1,1,4,47,41,0.0003318471608804
1,1,4,47,42,0.0018642143341527
1,1,4,47,43,0.0042432916018898
1,1,4,47,44,0.0015356382593924
1,1,4,47,45,0.0877528378164854
1,1,4,47,46,1.455709418847379e-05
1,1,4,47,47,0.0060372735948594
1,1,4,47,48,0.002950686839449
1,1,4,47,49,2.0915427065984812e-05
1,1,4,47,50,0.0001498326278266
1,1,4,47,52,0.0175213285210975
1,1,4,47,54,5.479412515898105e-05
1,1,4,47,55,0.0001488440739785
1,1,4,47,56,0.0002685483562532
1,1,4,47,57,0.0007768819752683
1,1,4,47,58,6.043165981342009e-05
1,1,4,47,59,0.0039507208323931
1,1,4,47,61,6.662332761129186e-05
1,1,4,47,62,0.0083370704922805
1,1,4,47,63,0.5074445430502644
1,1,4,47,64,0.001436453767201
1,1,4,47,65,0.0001290360943763
1,1,4,47,67,6.340869701698985e-05
1,1,4,47,68,0.0001245688903968
1,1,4,47,69,0.0048094212631979
1,1,4,47,71,9.052017900915244e-05
1,1,4,47,72,0.0044307024458467
1,1,4,47,74,7.094689260173322e-05
1,1,4,47,76,0.0002560156601346
1,1,4,47,78,6.376068724623877e-05
1,1,4,47,80,0.0001402847605557
1,1,4,47,82,4.06404282237064e-05
1,1,4,47,84,0.0001307852689098
1,1,4,47,85,0.0040315077876872
1,1,4,47,86,0.0042436812911494
1,1,4,47,87,0.0002785025429655
1,1,4,47,88,0.0039326644888538
1,1,4,47,89,0.0007484816794115
1,1,4,47,90,0.000991447108584
1,1,4,47,91,0.0001727262910159
1,1,4,47,92,0.0001753206459503
1,1,4,47,93,0.0008684135177446
1,1,4,47,94,4.111197815905583e-05
1,1,4,47,96,0.052864497202325
1,1,4,47,97,0.0137399455049866
1,1,4,47,98,0.0153394763184185
1,1,4,47,99,7.670549354381933e-05
1,1,4,47,100,4.678739947410007e-06
1,1,4,47,101,0.0003590333772917
1,1,4,47,102,7.384181754855809e-06
1,1,4,47,106,0.003519097125375
1,1,4,47,107,4.1290679634258166e-05
1,1,4,47,108,0.0001283682812609
1,1,4,47,109,0.0001814063216273
1,1,4,47,110,0.0011570485091145
1,1,4,47,111,0.0014846215499616
1,1,4,47,112,6.466375992118353e-05
1,1,4,47,113,9.40784530284257e-05
1,1,4,47,115,9.226530703900052e-05
1,1,4,47,116,0.0001717763763946
1,1,4,47,117,0.0009906478782863
1,1,4,47,118,0.0007347415813218
1,1,4,47,119,0.0001883681047426
1,1,4,47,120,0.0003158045254737
1,1,4,47,121,0.000826822374044
1,1,4,47,122,8.260534261550087e-05
1,1,4,47,123,0.0002403064402096
1,1,4,47,124,1.739586722007811e-05
1,1,4,47,125,0.000171423583463
1,1,4,47,126,0.0002579350752843
1,1,4,47,127,1.4538010333679329e-05
1,1,4,47,128,1.280303993822769e-08
1,1,4,47,129,7.110192597620519e-12
1,1,4,47,130,4.874579255538962e-07
1,1,4,47,131,1.2531580807112263e-05
1,1,4,47,132,1.693247752800953e-05
1,1,4,47,133,2.4854837916445975e-06
1,1,4,47,134,0.0001485867056563
1,1,4,47,135,8.201203568753953e-05
1,1,4,47,136,1.8043014208376287e-05
1,1,4,47,137,2.518220084127219e-06
1,1,4,47,138,2.104978739119152e-06
1,1,4,47,153,3.4298866366961654e-05
1,1,4,47,154,2.5051799088822016e-05
1,1,4,47,155,1.7083758860584562e-05
1,1,4,47,156,5.1750182265019115e-05
1,1,4,47,157,2.126088334733617e-05
1,1,4,47,158,1.837799426427776e-05
1,1,4,47,159,4.6267879419391525e-06
1,1,4,47,160,2.2493418734621046e-05
1,1,4,47,161,2.2195993264177897e-05
1,1,4,47,162,1.3939823678590476e-05
1,1,4,48,1,0.7820720313763554
1,1,4,48,2,0.2339254677080472
1,1,4,48,3,0.3004711549182622
1,1,4,48,4,0.5130069822260005
1,1,4,48,5,0.4425450774955311
1,1,4,48,6,0.5435314221595012
1,1,4,48,7,0.0029883847743538
1,1,4,48,8,0.3319977533566662
1,1,4,48,9,0.2298086051392526
1,1,4,48,10,0.0251482218332224
1,1,4,48,11,0.0205421608158067
1,1,4,48,12,0.0880833424222969
1,1,4,48,13,0.0032137471316448
1,1,4,48,14,0.0313045695137534
1,1,4,48,15,0.0004362287952151
1,1,4,48,18,0.000583789408546
1,1,4,48,19,0.0044791068508192
1,1,4,48,20,8.532256272737558e-05
1,1,4,48,21,0.0020830163376624
1,1,4,48,22,0.0004124638871561
1,1,4,48,24,0.000139110419403
1,1,4,48,25,0.0001920627097859
1,1,4,48,26,0.0013137398964025
1,1,4,48,27,3.1307555609293555e-05
1,1,4,48,28,3.059378742305311e-05
1,1,4,48,29,0.0006765211930409
1,1,4,48,30,0.0002557644301427
1,1,4,48,31,8.917447751927137e-05
1,1,4,48,32,0.001145727717455
1,1,4,48,33,0.0009770141353763
1,1,4,48,34,0.0010144184395957
1,1,4,48,35,0.0014774535067849
1,1,4,48,36,0.0005341524983926
1,1,4,48,37,0.0006309837253393
1,1,4,48,38,0.0009304478425433
1,1,4,48,39,0.0075024500023228
1,1,4,48,40,0.0016135057306586
1,1,4,48,41,0.0002072466163467
1,1,4,48,42,0.0018837660487381
1,1,4,48,43,0.003504556864468
1,1,4,48,44,0.0039660712268955
1,1,4,48,45,0.0306335931989885
1,1,4,48,46,2.5273765163922423e-05
1,1,4,48,47,0.0018419929576604
1,1,4,48,48,0.0001313325668463
1,1,4,48,49,0.0193809274074869
1,1,4,48,50,0.0006068757794365
1,1,4,48,52,0.0005271304022452
1,1,4,48,54,0.0016314877347369
1,1,4,48,55,0.0038468140115614
1,1,4,48,56,0.0001621817376931
1,1,4,48,57,0.0011660804410438
1,1,4,48,58,1.0178470495468398e-05
1,1,4,48,59,0.0706965267819612
1,1,4,48,61,0.0004262277556431
1,1,4,48,62,0.0038624186066015
1,1,4,48,63,0.0029908758149033
1,1,4,48,64,0.001930149714396
1,1,4,48,65,0.0002189411826101
1,1,4,48,67,9.244363313581756e-05
1,1,4,48,68,7.413118248355615e-05
1,1,4,48,69,0.0097685314784834
1,1,4,48,71,0.0001046161743418
1,1,4,48,72,0.0076905539446281
1,1,4,48,74,0.0001928481736929
1,1,4,48,76,0.0190970144977208
1,1,4,48,78,0.002815756043284
1,1,4,48,80,0.0059418472632916
1,1,4,48,82,0.0001067129621527
1,1,4,48,84,0.0001098710161159
1,1,4,48,85,0.0039678202818227
1,1,4,48,86,0.0014551846053109
1,1,4,48,87,0.0001674643831748
1,1,4,48,88,0.0024029402384267
1,1,4,48,89,0.0007893741767201
1,1,4,48,90,0.0006388101690057
1,1,4,48,91,0.0002475166058257
1,1,4,48,92,0.0003267636050981
1,1,4,48,93,0.022081657490942
1,1,4,48,94,0.0002093868372731
1,1,4,48,96,0.0002155159665316
1,1,4,48,97,0.0002945712721144
1,1,4,48,99,0.000110571201964
1,1,4,48,100,7.412463344801972e-06
1,1,4,48,101,8.530922727338553e-05
1,1,4,48,102,6.088447837857848e-06
1,1,4,48,103,3.098072484539366e-07
1,1,4,48,106,2.3613167824273568e-05
1,1,4,48,108,7.261543775170131e-05
1,1,4,48,109,6.236462450449788e-05
1,1,4,48,110,4.226823273658404e-05
1,1,4,48,112,3.09311311371169e-05
1,1,4,48,113,0.000204655563372
1,1,4,48,115,0.0015542237235486
1,1,4,48,116,0.0003709163850285
1,1,4,48,117,0.0123935235079564
1,1,4,48,118,0.0121987000418839
1,1,4,48,119,0.0037649555823159
1,1,4,48,120,0.0008173230274269
1,1,4,48,121,0.0013966329569226
1,1,4,48,122,0.0002323194945745
1,1,4,48,123,0.0003131931207399
1,1,4,48,124,3.659203811432717e-06
1,1,4,48,125,0.0001238320961737
1,1,4,48,126,0.001032056666763
1,1,4,48,127,0.0001968042835739
1,1,4,48,128,6.864321921527871e-06
1,1,4,48,129,3.578118755702267e-12
1,1,4,48,130,1.135038602844304e-05
1,1,4,48,131,5.891680712899402e-05
1,1,4,48,132,6.340993251117408e-05
1,1,4,48,133,2.461906457025276e-05
1,1,4,48,134,0.0002719178183008
1,1,4,48,135,0.0002154488161834
1,1,4,48,136,1.1807433185549072e-05
1,1,4,48,137,3.9205827092023057e-07
1,1,4,48,138,4.110879070483941e-07
1,1,4,48,153,2.937487007998803e-05
1,1,4,48,154,4.459658638949483e-05
1,1,4,48,155,4.3900110900061015e-05
1,1,4,48,156,0.0001132888271246
1,1,4,48,157,2.7616944920451683e-05
1,1,4,48,158,3.421344958796776e-05
1,1,4,48,159,8.876839785976674e-06
1,1,4,48,160,4.420803192760894e-05
1,1,4,48,161,9.030455684263398e-06
1,1,4,48,162,0.0091461032279373
1,1,4,49,1,3.1453813409032043
1,1,4,49,2,6.275412666182024
1,1,4,49,3,3.9622876935959006
1,1,4,49,4,2.015128326605115
1,1,4,49,5,0.6471371553763994
1,1,4,49,6,0.4470642772264308
1,1,4,49,7,0.0063755207729907
1,1,4,49,8,1.230907589592184
1,1,4,49,9,0.0823950503774259
1,1,4,49,10,0.0231511538896963
1,1,4,49,11,0.0177862427828812
1,1,4,49,12,0.0066650783287786
1,1,4,49,13,0.0004500798117244
1,1,4,49,14,0.0196717094302101
1,1,4,49,15,1.81894744170202e-05
1,1,4,49,18,0.000156015630692
1,1,4,49,19,0.0004886036074303
1,1,4,49,20,7.200540303941631e-06
1,1,4,49,21,2.0490860264862203e-05
1,1,4,49,22,2.692735861186578e-05
1,1,4,49,25,2.197259621268794e-05
1,1,4,49,26,0.0002094560063236
1,1,4,49,28,1.2484322801708952e-06
1,1,4,49,29,0.0007535121280596
1,1,4,49,30,7.824172371475517e-05
1,1,4,49,31,2.452454231046793e-05
1,1,4,49,32,0.000101084907672
1,1,4,49,33,0.000256126041414
1,1,4,49,34,2.4575914536886877e-08
1,1,4,49,35,7.89273527341761e-06
1,1,4,49,36,2.084572442011655e-06
1,1,4,49,37,6.704810497496318e-05
1,1,4,49,38,3.4447061428674034e-05
1,1,4,49,39,5.2906704882390065e-05
1,1,4,49,40,0.000107470718517
1,1,4,49,41,2.3716922229701696e-06
1,1,4,49,42,2.8671416270711434e-05
1,1,4,49,43,0.0003807712157884
1,1,4,49,44,0.0001143650372633
1,1,4,49,45,0.0029503986498386
1,1,4,49,46,5.998111280003827e-07
1,1,4,49,47,0.0001308247078704
1,1,4,49,48,6.279214300272757e-05
1,1,4,49,49,7.723915729855338e-05
1,1,4,49,50,1.361386130055401e-06
1,1,4,49,52,7.416106456460801e-06
1,1,4,49,54,8.726862183943606e-05
1,1,4,49,55,1.3481227891381588e-05
1,1,4,49,56,5.297967847610718e-06
1,1,4,49,57,3.5101533514189045e-06
1,1,4,49,58,1.4548016372598756e-06
1,1,4,49,59,1.6419442765797462e-05
1,1,4,49,61,5.184733450476999e-05
1,1,4,49,62,0.0002338031042136
1,1,4,49,63,0.0013561105973639
1,1,4,49,64,0.0014917137574289
1,1,4,49,65,5.036508008913123e-06
1,1,4,49,67,1.6803784556164243e-06
1,1,4,49,68,5.613274578148168e-06
1,1,4,49,69,8.364533926940681e-05
1,1,4,49,71,2.080061430338635e-06
1,1,4,49,72,0.0002384589602311
1,1,4,49,74,1.0293302637281808e-05
1,1,4,49,76,8.20313678432859e-05
1,1,4,49,78,4.226823630060587e-06
1,1,4,49,80,6.87872008179013e-06
1,1,4,49,82,4.130411057806961e-06
1,1,4,49,84,2.8450097950893954e-06
1,1,4,49,85,0.0002107207499579
1,1,4,49,86,4.23704515975409e-05
1,1,4,49,87,1.906322929940117e-05
1,1,4,49,88,0.0001375285362404
1,1,4,49,89,5.4980788744770335e-05
1,1,4,49,90,5.0061867131476365e-05
1,1,4,49,91,8.14207657020638e-06
1,1,4,49,92,1.0937838153457462e-05
1,1,4,49,93,1.5874093473304893e-05
1,1,4,49,94,3.8446976110647435e-06
1,1,4,49,96,1.822547250507626e-06
1,1,4,49,97,0.0143882474386151
1,1,4,49,99,8.186372891610554e-07
1,1,4,49,100,4.33931969177393e-07
1,1,4,49,101,0.0048648610994891
1,1,4,49,102,5.2927980245596e-08
1,1,4,49,108,2.4754930808705853e-06
1,1,4,49,109,5.453192498008099e-06
1,1,4,49,110,3.6249531711126864e-06
1,1,4,49,112,6.98803748859727e-07
1,1,4,49,113,5.777058838401453e-07
1,1,4,49,115,2.795910806016775e-06
1,1,4,49,116,1.409415889297788e-06
1,1,4,49,117,0.0023085590927953
1,1,4,49,118,0.001692672338409
1,1,4,49,119,1.1720576301271127e-05
1,1,4,49,120,6.249886014300035e-07
1,1,4,49,121,1.3855081446474233e-06
1,1,4,49,122,2.1676224963702941e-07
1,1,4,49,123,0.0002060270230761
1,1,4,49,124,4.2007576220204795e-08
1,1,4,49,125,3.551423528659712e-06
1,1,4,49,126,3.064688668863438e-06
1,1,4,49,127,5.062358110431375e-07
1,1,4,49,128,1.2292629131766272e-08
1,1,4,49,129,9.184208837867564e-11
1,1,4,49,130,2.3128474483637704e-12
1,1,4,49,131,5.731793286884774e-07
1,1,4,49,132,7.832675389777325e-08
1,1,4,49,133,1.1182752123035088e-07
1,1,4,49,134,1.773325101925185e-05
1,1,4,49,135,4.519636899464559e-06
1,1,4,49,136,0.0001208948885653
1,1,4,49,137,2.1949920883926835e-09
1,1,4,49,138,1.5812632945461702e-08
1,1,4,49,153,4.6932716969912705e-07
1,1,4,49,154,3.6981456781690075e-07
1,1,4,49,155,1.0304129658123417e-07
1,1,4,49,156,1.2694159524775812e-06
1,1,4,49,157,4.683048219866747e-07
1,1,4,49,158,5.305534268405561e-07
1,1,4,49,159,8.668176305456096e-08
1,1,4,49,160,1.3005272438819913e-07
1,1,4,49,161,6.391593769173797e-07
1,1,4,49,162,0.0002755854716591
1,2,1,7,165,263.56770753446403
1,2,2,7,138,130.3030621077094
1,2,3,1,96,0.0025867289540211
1,2,3,1,97,0.0007179115943887
1,2,3,1,99,1.0961036385646405e-06
1,2,3,1,100,2.557942125221461e-05
1,2,3,1,101,0.0002101542270265
1,2,3,1,102,0.0007857477864538
1,2,3,1,103,6.9752170013507105e-06
1,2,3,1,106,1.51525910717193e-07
1,2,3,1,108,0.0001995261193878
1,2,3,1,111,0.0182639415522778
1,2,3,2,96,0.0319654790454531
1,2,3,2,97,0.0669499958793071
1,2,3,2,98,0.0003754873864839
1,2,3,2,99,0.0001095141055049
1,2,3,2,100,0.0143480326833105
1,2,3,2,101,0.0003763010955584
1,2,3,2,102,0.0100558247556198
1,2,3,2,103,1.3535332404116425e-06
1,2,3,2,107,0.0009457371865914
1,2,3,2,108,5.608566064293844e-05
1,2,3,2,109,0.0059574741820977
1,2,3,3,96,0.0061259204053556
1,2,3,3,97,2.949094042537175e-07
1,2,3,3,98,9.21977367476132e-09
1,2,3,3,99,6.941076502799929e-08
1,2,3,3,100,1.0823060625871718e-05
1,2,3,3,101,1.1062526736952924e-05
1,2,3,3,102,8.988017347681666e-09
1,2,3,3,107,3.5595548428945876e-10
1,2,3,3,108,6.17200578440737e-06
1,2,3,3,109,1.7596277505523262e-08
1,2,3,3,111,0.0140955475356075
1,2,3,4,100,1.9784246665198367e-12
1,2,3,4,101,2.1146675047767137e-06
1,2,3,4,102,8.093938563236026e-13
1,2,3,4,103,4.503011037008536e-14
1,2,3,4,108,9.353726377227763e-09
1,2,3,4,109,8.995148702096955e-10
1,2,3,5,96,0.0136390097181715
1,2,3,5,97,9.54700348467764e-05
1,2,3,5,98,0.0001491083551653
1,2,3,5,99,5.87372699545034e-07
1,2,3,5,100,0.0032722068465455
1,2,3,5,101,1.5005223548976855e-05
1,2,3,5,102,9.349885662026344e-05
1,2,3,5,103,0.0003968384110879
1,2,3,5,107,8.803184100902541e-06
1,2,3,5,108,0.0002318272935958
1,2,3,5,109,3.118688731190786e-05
1,2,3,5,111,0.5737062452232132
1,2,3,6,96,0.7346778789572398
1,2,3,6,97,0.0192903769748063
1,2,3,6,98,3.801513749558879e-07
1,2,3,6,99,1.2313681495686667e-05
1,2,3,6,100,8.994004981271742e-08
1,2,3,6,101,0.0069527363266878
1,2,3,6,102,0.0167893377258993
1,2,3,6,103,0.004170329090209
1,2,3,6,107,0.0100714937267945
1,2,3,6,108,0.0404035174411285
1,2,3,6,109,0.0105190127684333
1,2,3,6,111,0.9022269988392568
1,2,3,7,96,0.0024112398214006
1,2,3,7,97,2.1507446501174137e-05
1,2,3,7,99,0.0001124284981269
1,2,3,7,100,0.0019312095176152
1,2,3,7,101,0.3845942492312478
1,2,3,7,102,0.000362705061342
1,2,3,7,103,0.0001028338107715
1,2,3,7,108,54.422438038433505
1,2,3,7,109,3.7011313195011697
1,2,3,7,111,4.194322696580718
1,2,3,8,96,0.0258405932981341
1,2,3,8,97,0.0001385252721229
1,2,3,8,99,2.203020925994048e-08
1,2,3,8,100,1.41590356123201e-06
1,2,3,8,101,3.94864815546782e-05
1,2,3,8,102,3.4118745191115186e-06
1,2,3,8,107,4.114731460238684e-06
1,2,3,8,108,1.3098563474839608e-06
1,2,3,8,109,3.2125193150776585e-06
1,2,3,8,111,0.0289404503145173
1,2,3,9,96,0.0630733555654571
1,2,3,9,97,0.018355445790249
1,2,3,9,98,1.8890309457245145e-06
1,2,3,9,99,3.249650466806885e-05
1,2,3,9,100,0.0006838311481157
1,2,3,9,101,0.0125787348817298
1,2,3,9,102,8.885629083336236e-05
1,2,3,9,103,7.316211913996989e-09
1,2,3,9,104,1.8961181264603113e-05
1,2,3,9,107,0.0003014146603014
1,2,3,9,108,3.89765917930189e-05
1,2,3,9,109,5.578733575185091e-05
1,2,3,9,111,1.9168945551144693e-05
1,2,3,10,96,0.0020998727990672
1,2,3,10,97,0.0024789307374123
1,2,3,10,98,2.4077170645290304e-05
1,2,3,10,99,2.1129113639328525e-05
1,2,3,10,100,5.946840779499653e-05
1,2,3,10,101,0.0001792619850338
1,2,3,10,102,0.000162284655749
1,2,3,10,103,0.0001791224040042
1,2,3,10,107,0.0031588906930041
1,2,3,10,108,0.0017800490304006
1,2,3,10,109,2.3600766938298387e-06
1,2,3,10,111,0.1511081567850755
1,2,3,11,96,0.0011649691119366
1,2,3,11,97,0.000844039128794
1,2,3,11,98,1.4006650573767856e-06
1,2,3,11,99,2.7778535643046765e-08
1,2,3,11,100,2.3224580986118407e-06
1,2,3,11,101,1.7598229821934764e-05
1,2,3,11,102,8.750504112241194e-07
1,2,3,11,103,3.8194922374437684e-08
1,2,3,11,105,4.652076052535263e-10
1,2,3,11,107,3.0396557058252246e-10
1,2,3,12,96,0.2148171585602588
1,2,3,12,97,0.0263381440231231
1,2,3,12,99,2.7985872401743573e-08
1,2,3,12,100,1.977350054757869e-07
1,2,3,12,101,0.0019845503050845
1,2,3,12,102,4.162183584912606e-08
1,2,3,12,103,3.928626355228297e-07
1,2,3,12,108,1.8605850893072157e-05
1,2,3,12,109,3.565514175322696e-10
1,2,3,12,111,0.5380045476872217
1,2,3,13,96,0.097493903300216
1,2,3,13,97,0.0087759075829732
1,2,3,13,99,0.0018347664061053
1,2,3,13,100,0.0073614974666731
1,2,3,13,101,0.0022507729542372
1,2,3,13,102,0.0003368897147897
1,2,3,13,108,7.81349046057381e-06
1,2,3,13,109,1.934687952604439e-13
1,2,3,13,111,0.0418425074529687
1,2,3,14,96,0.0290179300253308
1,2,3,14,97,0.0041889987234434
1,2,3,14,98,2.0032494699347465e-06
1,2,3,14,99,0.0001792842210549
1,2,3,14,100,0.0006558760511775
1,2,3,14,101,0.0006111278788375
1,2,3,14,102,0.0005613277999725
1,2,3,14,107,2.0260612486280804e-06
1,2,3,14,108,4.791867919004016e-07
1,2,3,14,109,5.074737247074452e-06
1,2,3,14,111,0.1029017710399108
1,2,3,15,96,0.0079672412370526
1,2,3,15,97,0.0088782667222844
1,2,3,15,99,5.436760937084692e-19
1,2,3,15,100,3.50537558143106e-07
1,2,3,15,101,0.0001474478026203
1,2,3,15,102,0.0001765685235445
1,2,3,16,96,0.0096571716628692
1,2,3,16,97,0.0080731686316836
1,2,3,16,99,1.3694179029762984e-07
1,2,3,16,100,4.862411729448098e-07
1,2,3,16,101,0.0013995600176706
1,2,3,16,102,0.0005000941059363
1,2,3,16,103,1.0765191204259804e-06
1,2,3,16,107,0.0003013366096569
1,2,3,16,108,1.996498104289676e-05
1,2,3,16,109,0.0016262900944162
1,2,3,16,111,0.5315346940902019
1,2,3,17,96,9.683345943273036e-06
1,2,3,17,97,9.082395107451849e-08
1,2,3,17,98,2.483109153982307e-07
1,2,3,17,99,6.247132704247535e-08
1,2,3,17,100,4.709924417488308e-05
1,2,3,17,101,6.342444836583555e-09
1,2,3,17,102,1.957448679819091e-06
1,2,3,17,108,4.233386958627863e-05
1,2,3,17,109,0.0007473798658145
1,2,3,17,111,0.0012465398763746
1,2,3,18,97,0.0016214132862684
1,2,3,18,99,3.604171331052915e-08
1,2,3,18,100,2.1878295441556983e-06
1,2,3,18,101,4.3525139251143696e-08
1,2,3,18,102,0.0001033791655775
1,2,3,18,103,2.121998195171312e-09
1,2,3,18,108,3.895587558127376e-08
1,2,3,18,109,7.891764940031143e-07
1,2,3,19,96,4.3763120428943935e-08
1,2,3,19,97,1.5099230770402772e-05
1,2,3,19,99,1.731789679817641e-05
1,2,3,19,100,9.027299896305496e-07
1,2,3,19,101,2.04387843689211e-06
1,2,3,19,102,8.041766813430306e-05
1,2,3,19,108,3.448362616342865e-06
1,2,3,19,109,2.9849212448690765e-05
1,2,3,19,111,0.0164343017941289
1,2,3,20,101,2.175530229090519e-06
1,2,3,20,102,2.6611073720685624e-10
1,2,3,20,103,6.292470390649084e-16
1,2,3,20,108,3.710623482761756e-11
1,2,3,20,109,1.7531931056685183e-10
1,2,3,21,96,0.0304542001146103
1,2,3,21,97,0.0061799145777634
1,2,3,21,98,0.0001316144528108
1,2,3,21,99,1.898926626253527e-07
1,2,3,21,100,0.0007467826528357
1,2,3,21,101,1.1307456828436335e-06
1,2,3,21,102,0.0001058259453002
1,2,3,21,103,0.0001061038575957
1,2,3,21,107,3.0006150657002323e-05
1,2,3,21,108,0.0013771802031932
1,2,3,21,109,2.0237043643101953e-06
1,2,3,21,111,0.1326770053393539
1,2,3,22,96,0.0037386062253854
1,2,3,22,97,6.605433178393735e-05
1,2,3,22,99,0.0003446112089769
1,2,3,22,100,0.0015003047264888
1,2,3,22,101,0.0001657927062718
1,2,3,22,102,0.0001667408748264
1,2,3,22,107,1.152493669339871e-05
1,2,3,22,108,0.0009247609734287
1,2,3,22,109,0.0017489944132014
1,2,3,22,111,0.3927467347664568
1,2,3,23,96,0.0026101537704726
1,2,3,23,97,0.0005397239612548
1,2,3,23,99,5.230211478077964e-09
1,2,3,23,100,4.164358961891526e-07
1,2,3,23,101,0.0001867693127062
1,2,3,23,102,4.390472575051581e-06
1,2,3,23,103,1.8340733474041695e-06
1,2,3,23,106,4.1792224965436856e-10
1,2,3,23,108,1.862919344814627e-07
1,2,3,23,109,3.836109866008644e-08
1,2,3,23,111,0.0013628684666453
1,2,3,24,96,1.3153977528571758e-06
1,2,3,24,97,6.337377673502696e-09
1,2,3,24,98,6.795565135407017e-11
1,2,3,24,99,1.4584928693262423e-10
1,2,3,24,101,1.5245093550904222e-10
1,2,3,24,102,6.759501646815645e-09
1,2,3,24,107,2.652244835107251e-09
1,2,3,25,96,0.0001683044805498
1,2,3,25,97,0.0001112067727389
1,2,3,25,98,0.0006287955045589
1,2,3,25,99,0.0049927208297613
1,2,3,25,100,0.0014611690868278
1,2,3,25,101,7.269072287623779e-05
1,2,3,25,102,0.0006783315869154
1,2,3,25,103,1.5159899257160776e-06
1,2,3,25,107,0.0028365800563254
1,2,3,25,108,4.991424685280766e-06
1,2,3,25,109,8.225455539715494e-06
1,2,3,25,111,0.1444994876607162
1,2,3,26,96,1.3125794222530837e-05
1,2,3,26,97,3.571757815211432e-05
1,2,3,26,98,1.0248819970913984e-05
1,2,3,26,99,0.0001020115891022
1,2,3,26,101,1.007177144484017e-05
1,2,3,26,102,9.358871442755396e-06
1,2,3,26,108,1.9006932048654872e-06
1,2,3,26,109,3.5516792362332065e-07
1,2,3,26,111,0.0581269013223244
1,2,3,27,96,3.0699213694457254e-08
1,2,3,27,97,0.0002368531486623
1,2,3,27,98,5.21101457240686e-10
1,2,3,27,99,2.2490796148464332e-10
1,2,3,27,101,5.202663246280509e-08
1,2,3,27,102,3.156251588131969e-05
1,2,3,27,103,1.6221118940138958e-06
1,2,3,27,107,1.0298180386198497e-07
1,2,3,27,108,2.374214493657921e-07
1,2,3,27,109,7.250417251927292e-05
1,2,3,27,111,0.0675455261362989
1,2,3,28,96,0.1004878449104373
1,2,3,28,97,0.379060505029516
1,2,3,28,98,0.0001091035196861
1,2,3,28,99,8.669645337669195e-05
1,2,3,28,100,0.0102757605835851
1,2,3,28,101,0.0054282516225133
1,2,3,28,102,0.006757437069901
1,2,3,28,103,0.0001010052108579
1,2,3,28,107,0.00097945282268
1,2,3,28,109,0.0009378408054307
1,2,3,28,111,0.0042628240005914
1,2,3,29,96,3.378463430093303e-07
1,2,3,29,97,1.211058444071141e-07
1,2,3,29,98,5.1388471236741294e-11
1,2,3,29,99,1.2110537858544457e-10
1,2,3,29,100,6.83423363864881e-12
1,2,3,29,101,4.043859620690843e-09
1,2,3,29,102,2.277520970198524e-09
1,2,3,29,103,3.5656830817290326e-11
1,2,3,29,104,8.844569960255113e-14
1,2,3,29,106,8.671985657415502e-13
1,2,3,29,107,1.6203770723313276e-11
1,2,3,29,108,5.504081992733425e-10
1,2,3,29,109,6.468540247793859e-11
1,2,3,29,111,1.2103391381186115e-10
1,2,3,31,96,0.0001185341491583
1,2,3,31,97,6.818862615092869e-09
1,2,3,31,98,4.15155184173841e-12
1,2,3,31,99,6.671893745984082e-12
1,2,3,31,100,1.3154298547800365e-12
1,2,3,31,101,9.716858930711275e-11
1,2,3,31,102,4.106656855649855e-12
1,2,3,31,103,1.0348413646380815e-11
1,2,3,31,106,1.4394335494070855e-10
1,2,3,31,107,6.434681949180091e-09
1,2,3,32,96,0.1097897017964728
1,2,3,32,97,0.0420658299346621
1,2,3,32,98,1.6545786622371003e-08
1,2,3,32,99,0.000334081098763
1,2,3,32,100,0.0004546286090063
1,2,3,32,101,0.0097375587509896
1,2,3,32,102,0.0001698663424589
1,2,3,32,103,0.0009670822375134
1,2,3,32,105,0.001358038827237
1,2,3,32,107,2.5298261348675605e-05
1,2,3,32,108,1.5543993237457e-05
1,2,3,32,109,0.0039625680255711
1,2,3,34,96,0.0004900403516084
1,2,3,34,97,0.0165703494605251
1,2,3,34,98,1.0054584484768033e-08
1,2,3,34,99,6.02179495397373e-08
1,2,3,34,100,2.463067327735544e-07
1,2,3,34,101,0.0076195005672019
1,2,3,34,102,3.199294000879277e-07
1,2,3,34,107,0.0020933366241744
1,2,3,34,109,5.069030455597675e-06
1,2,3,36,96,8.999617805870955e-06
1,2,3,36,97,8.554630703125847e-08
1,2,3,36,98,1.2475985133074428e-10
1,2,3,36,99,1.1140348451290797e-07
1,2,3,36,100,2.300936816141953e-07
1,2,3,36,101,5.6305273659687336e-06
1,2,3,36,102,2.164290680535535e-09
1,2,3,36,103,7.543188362689277e-08
1,2,3,36,106,1.1646321780538474e-09
1,2,3,36,107,9.743342752325436e-12
1,2,3,36,108,2.4078024289159032e-08
1,2,3,36,109,3.8645354685818126e-08
1,2,3,37,96,0.0007794430119444
1,2,3,37,97,0.0012219674594416
1,2,3,37,98,1.32735336706949e-05
1,2,3,37,99,1.9305239813659896e-05
1,2,3,37,100,0.0014031931188247
1,2,3,37,101,0.0002250231890603
1,2,3,37,102,0.004786251121291
1,2,3,37,106,4.4474308390140046e-06
1,2,3,37,107,0.0037941681231349
1,2,3,37,108,4.077486883170798e-05
1,2,3,37,109,2.986349952129816e-05
1,2,3,37,111,0.4282370461883395
1,2,3,38,96,0.0106813120089321
1,2,3,38,97,0.0014626556823865
1,2,3,38,99,5.924406733892604e-07
1,2,3,38,100,1.903643130387708e-06
1,2,3,38,101,6.795050141934174e-05
1,2,3,38,102,0.0001003024307169
1,2,3,38,103,1.3952539473150864e-08
1,2,3,38,104,6.964808357482895e-11
1,2,3,38,107,4.548245973752636e-09
1,2,3,38,108,3.123141830575234e-08
1,2,3,38,109,6.114800654951757e-07
1,2,3,39,97,2.3155051944395776e-08
1,2,3,39,98,4.410608087574014e-09
1,2,3,39,99,1.0099224181075284e-08
1,2,3,39,100,1.6568350140565798e-08
1,2,3,39,101,5.145708444604615e-06
1,2,3,39,102,1.6094979922881607e-05
1,2,3,39,103,1.309515270511343e-06
1,2,3,39,108,2.3306290952356482e-08
1,2,3,39,109,9.436004653303534e-05
1,2,3,39,111,0.002784020724102
1,2,3,40,96,0.0364648647769854
1,2,3,40,97,0.0495653843740906
1,2,3,40,99,0.0001259330659408
1,2,3,40,100,0.0002808905726047
1,2,3,40,101,0.0084649417930363
1,2,3,40,102,6.86937818326373e-05
1,2,3,40,106,8.823361104771965e-05
1,2,3,40,107,0.0001665233374322
1,2,3,40,109,8.62166097197353e-07
1,2,3,40,111,0.1080270259726581
1,2,3,41,96,1.1296096846268352e-05
1,2,3,41,97,1.3055400737229831e-08
1,2,3,41,98,1.6793734677065198e-11
1,2,3,41,99,1.7794084527862265e-12
1,2,3,41,100,2.8084961775134348e-15
1,2,3,41,101,6.123590278384051e-10
1,2,3,41,102,2.5772926324643758e-12
1,2,3,41,107,2.2586363623920284e-15
1,2,3,42,96,3.5628156243734843e-06
1,2,3,42,97,0.3480936788449807
1,2,3,42,99,5.3615510399097885e-05
1,2,3,42,100,2.1014296173531263e-05
1,2,3,42,101,5.3581428343109e-10
1,2,3,42,102,1.726049912602907e-05
1,2,3,42,107,1.5377186928496728e-05
1,2,3,42,108,1.3544343978618832e-06
1,2,3,42,109,7.509093207866728e-07
1,2,3,42,111,0.0027984291908075
1,2,3,44,96,0.0097072486898201
1,2,3,44,99,1.5099652548934635e-05
1,2,3,44,101,0.0010327444785777
1,2,3,44,103,3.176845446124851e-07
1,2,3,44,108,5.320891953813696e-05
1,2,3,44,109,2.100756487425788e-05
1,2,3,44,111,3.5753967239414515e-06
1,2,3,45,96,0.2446189249273857
1,2,3,45,97,0.390368401629791
1,2,3,45,98,0.0012007008432103
1,2,3,45,99,0.000100614709716
1,2,3,45,100,0.0305720142686069
1,2,3,45,101,0.0539030742730575
1,2,3,45,102,0.0593101389385191
1,2,3,45,103,0.0008030317666421
1,2,3,45,105,1.429536850375058e-11
1,2,3,45,106,1.4615501110874389e-05
1,2,3,45,107,0.0006300958345708
1,2,3,45,108,0.0003750259158301
1,2,3,45,109,0.0003578459559888
1,2,3,45,111,0.9693380785071491
1,2,3,46,96,0.0332717763302219
1,2,3,46,97,0.0660808761618512
1,2,3,46,98,2.5882223468732325e-06
1,2,3,46,99,6.237180163402911e-06
1,2,3,46,100,0.0005891338498293
1,2,3,46,101,0.0314889211158261
1,2,3,46,102,0.0040749735798951
1,2,3,46,103,2.158191014070712e-09
1,2,3,46,105,3.5555913502273425e-08
1,2,3,46,106,2.144089901685352e-06
1,2,3,46,107,9.093075712660003e-05
1,2,3,46,108,0.0003414023920429
1,2,3,46,109,1.2194653461240804e-05
1,2,3,46,111,2.0236063052555423e-05
1,2,3,47,96,0.1967423168642624
1,2,3,47,97,0.0498212500235622
1,2,3,47,98,0.0004253841519715
1,2,3,47,99,0.0012918263511001
1,2,3,47,100,0.2422957163778161
1,2,3,47,101,0.011720124349992
1,2,3,47,102,0.0056803564705826
1,2,3,47,105,1.6674819901321136e-05
1,2,3,47,106,0.0008091757783762
1,2,3,47,107,0.0006333935082137
1,2,3,47,108,0.000343835914767
1,2,3,47,109,0.0002115267498187
1,2,3,47,111,0.665414968542618
1,2,3,48,96,0.0365359049300841
1,2,3,48,97,0.0646010862681935
1,2,3,48,98,3.1586384728296344e-08
1,2,3,48,99,8.468037445932014e-05
1,2,3,48,100,0.0016576568059528
1,2,3,48,101,0.0253200198364345
1,2,3,48,102,0.0090389206152007
1,2,3,48,103,0.0050570983763686
1,2,3,48,105,8.0300123931726e-05
1,2,3,48,106,0.0003761258726564
1,2,3,48,108,0.0010866832533146
1,2,3,48,109,0.0040084865610192
1,2,3,48,111,0.0002609492506844
1,2,3,49,96,0.0139327328027448
1,2,3,49,97,0.238718297823146
1,2,3,49,98,6.946249854716189e-07
1,2,3,49,99,0.0009206683984927
1,2,3,49,100,0.0140096548375847
1,2,3,49,101,0.0759625622955302
1,2,3,49,102,4.547055436073681e-05
1,2,3,49,103,1.3155189058129213e-17
1,2,3,49,105,0.000112861083999
1,2,3,49,106,8.279072769049862e-12
1,2,3,49,107,2.2776829986914083e-07
1,2,3,49,108,2.7486751536616604e-05
1,2,3,49,109,0.0002044400081328
1,2,3,49,111,1.0776141462843256e-07
1,2,4,1,2,0.0650045048307867
1,2,4,1,3,0.0859274221956652
1,2,4,1,4,0.0083585223092629
1,2,4,1,5,0.0275682597606903
1,2,4,1,6,0.0228489868190039
1,2,4,1,7,6.413575152588275e-05
1,2,4,1,8,0.0440504946207388
1,2,4,1,9,0.2001159464300523
1,2,4,1,10,0.0160514661208736
1,2,4,1,11,0.0111596377628505
1,2,4,1,12,0.0509431315330904
1,2,4,1,13,0.0010929801537934
1,2,4,1,14,0.3667682438709574
1,2,4,1,15,3.902934663177448e-06
1,2,4,1,18,0.0513733756650146
1,2,4,1,19,1.7031437045452776e-05
1,2,4,1,20,0.0058904557436962
1,2,4,1,21,0.2434115446578918
1,2,4,1,22,0.3856472480504121
1,2,4,1,25,0.0133859301696182
1,2,4,1,31,0.003064189677518
1,2,4,1,32,0.0573983043326635
1,2,4,1,33,0.1819226161679157
1,2,4,1,34,0.0147398702412491
1,2,4,1,35,0.0052351743941663
1,2,4,1,36,0.0056473198315197
1,2,4,1,37,0.0006726917197588
1,2,4,1,38,0.0003079394973723
1,2,4,1,39,0.0015534016027485
1,2,4,1,40,0.0254218982518397
1,2,4,1,41,0.0003795446671508
1,2,4,1,42,0.0025476271875263
1,2,4,1,43,0.0280939303543373
1,2,4,1,44,0.038109269601582
1,2,4,1,45,0.0028051268291383
1,2,4,1,46,0.003257899890832
1,2,4,1,47,0.0057758419773521
1,2,4,1,48,0.0005663400261456
1,2,4,1,49,0.0002151580536215
1,2,4,1,50,0.0117493820297992
1,2,4,1,51,0.0114762094580416
1,2,4,1,52,0.036767507543841
1,2,4,1,53,0.0446467329560621
1,2,4,1,54,0.07276546489847
1,2,4,1,55,0.047915302002173
1,2,4,1,56,0.0571341695383797
1,2,4,1,57,0.3930961984979212
1,2,4,1,58,0.0186025257634005
1,2,4,1,59,0.4809628256913731
1,2,4,1,60,0.3704963526615796
1,2,4,1,61,0.0061614152781449
1,2,4,1,62,0.0086627544194761
1,2,4,1,63,0.3512025889030252
1,2,4,1,64,0.0059744623481893
1,2,4,1,65,0.0047779327902302
1,2,4,1,66,0.0046356673779512
1,2,4,1,67,0.0065569395379533
1,2,4,1,68,0.0031819474948968
1,2,4,1,69,0.1047861005177827
1,2,4,1,70,0.0264136685980033
1,2,4,1,71,0.0439003876089262
1,2,4,1,72,0.1312350100094715
1,2,4,1,73,0.0317285859572646
1,2,4,1,74,0.0017439603849593
1,2,4,1,76,0.0016807248246415
1,2,4,1,77,0.1463235007145222
1,2,4,1,78,0.0001770770127583
1,2,4,1,79,0.0001287410906397
1,2,4,1,80,0.0038293875082682
1,2,4,1,81,0.0094145509115945
1,2,4,1,82,0.0076819981882506
1,2,4,1,84,0.0567995397463022
1,2,4,1,85,0.0211676988066701
1,2,4,1,86,0.0148497227780648
1,2,4,1,87,0.0009196680110344
1,2,4,1,88,0.0329460206545383
1,2,4,1,89,0.0069337061818876
1,2,4,1,90,0.0374134651464539
1,2,4,1,91,0.0017284491372161
1,2,4,1,92,0.0007554388910653
1,2,4,1,93,0.0045963925641193
1,2,4,1,94,0.0020339453609182
1,2,4,1,95,0.0003347396147932
1,2,4,1,96,0.207105298116756
1,2,4,1,97,0.0834314360494839
1,2,4,1,99,0.0001680812299095
1,2,4,1,100,0.0044299091508858
1,2,4,1,101,0.0102052768799236
1,2,4,1,102,0.0555435141995596
1,2,4,1,103,0.0007821980449342
1,2,4,1,106,7.875776570845193e-06
1,2,4,1,108,0.0065137705014663
1,2,4,1,110,0.5529666034790457
1,2,4,1,111,0.2140653376733351
1,2,4,1,112,0.0048822444311933
1,2,4,1,113,0.0292041307554473
1,2,4,1,114,0.0009435087890636
1,2,4,1,115,0.0015000697590174
1,2,4,1,116,0.0054156057373529
1,2,4,1,117,0.11223271195177
1,2,4,1,118,0.1622591606600885
1,2,4,1,119,0.0835448165523322
1,2,4,1,120,0.1603500394340016
1,2,4,1,121,0.1135151286974974
1,2,4,1,122,0.0984644483531661
1,2,4,1,123,0.1304260713321842
1,2,4,1,124,0.01371857751693
1,2,4,1,125,0.359426427430745
1,2,4,1,126,0.0122753992433624
1,2,4,1,127,0.0038264448493879
1,2,4,1,128,0.0038921112837131
1,2,4,1,129,0.0006393978817132
1,2,4,1,130,0.0004360053847482
1,2,4,1,131,0.005591530343822
1,2,4,1,132,0.0031610286877898
1,2,4,1,133,0.0013306737232109
1,2,4,1,134,0.003612988282104
1,2,4,1,135,0.0230341957240038
1,2,4,1,136,0.0007456775114305
1,2,4,1,137,0.0035682255038399
1,2,4,1,138,0.0018869186153914
1,2,4,1,139,0.0018682024719795
1,2,4,1,140,0.0018053684839101
1,2,4,1,141,0.0232245787482806
1,2,4,1,142,0.0776331720701019
1,2,4,1,143,0.0027241556451028
1,2,4,1,144,0.0007634752421854
1,2,4,1,145,0.0071136590632719
1,2,4,1,146,0.0001851988035968
1,2,4,1,147,2.030464884469923e-06
1,2,4,1,148,0.0001827282027858
1,2,4,1,149,0.0112534616067067
1,2,4,1,150,1.2734123445107643e-06
1,2,4,1,151,0.0509774215070268
1,2,4,1,152,0.097697231614013
1,2,4,1,153,0.0975941983222167
1,2,4,1,154,0.0787380628520818
1,2,4,1,155,0.0039324502687768
1,2,4,1,156,6.247359576652267e-05
1,2,4,1,157,0.0054232097049004
1,2,4,1,158,0.0108364432804133
1,2,4,1,159,0.000323698499314
1,2,4,1,160,0.0016193355281926
1,2,4,1,161,0.0007702074954741
1,2,4,1,162,4.364634411117833e-05
1,2,4,2,2,0.374176440568163
1,2,4,2,3,0.1105800876175399
1,2,4,2,4,0.0520735670796965
1,2,4,2,5,0.0578045908469983
1,2,4,2,6,0.0362136936669785
1,2,4,2,7,0.0708638799478834
1,2,4,2,8,0.0279867797676216
1,2,4,2,9,0.386140898228918
1,2,4,2,10,0.1396798766244092
1,2,4,2,11,0.0283567971916583
1,2,4,2,12,0.1055175883570781
1,2,4,2,13,0.0003622016088096
1,2,4,2,14,0.3645472832081262
1,2,4,2,15,0.0022740924046656
1,2,4,2,18,0.0239783236315024
1,2,4,2,19,0.0087290563548934
1,2,4,2,20,0.0125846946745436
1,2,4,2,23,2.2436133680176497e-05
1,2,4,2,24,8.116241185848823e-06
1,2,4,2,27,5.22822469955333e-05
1,2,4,2,28,7.395490612371629e-05
1,2,4,2,29,6.210424989856677e-05
1,2,4,2,30,0.0003633749037917
1,2,4,2,31,0.0049736932064564
1,2,4,2,32,0.0355176022426515
1,2,4,2,33,0.1397867771912797
1,2,4,2,34,0.031406826807064
1,2,4,2,35,0.022630338610311
1,2,4,2,36,0.0228317259382665
1,2,4,2,37,0.0069281918773846
1,2,4,2,38,0.0002943041967401
1,2,4,2,39,0.0099064055100244
1,2,4,2,40,0.1024258895374485
1,2,4,2,41,0.012357032875717
1,2,4,2,42,0.0071079418147544
1,2,4,2,43,0.136224146200473
1,2,4,2,44,0.0305650149401443
1,2,4,2,45,0.0278107514405878
1,2,4,2,46,0.003095147989339
1,2,4,2,47,0.0196713802821539
1,2,4,2,48,0.0038102123038524
1,2,4,2,49,0.0002116489950551
1,2,4,2,50,0.0103313973391617
1,2,4,2,51,0.0048912252595639
1,2,4,2,52,0.0041556428590371
1,2,4,2,53,0.0226976148283593
1,2,4,2,54,0.0131104489670366
1,2,4,2,55,0.0382848946644396
1,2,4,2,56,0.0310294666336938
1,2,4,2,57,1.6637645855582848
1,2,4,2,58,0.0002111853732982
1,2,4,2,59,6.9461662252771
1,2,4,2,60,0.034762993025533
1,2,4,2,61,0.0027369509043351
1,2,4,2,62,0.0089560014993635
1,2,4,2,63,1.773563509181796
1,2,4,2,64,0.0379997933515871
1,2,4,2,65,0.1651560361166167
1,2,4,2,66,0.1134935077281557
1,2,4,2,67,0.0192963980861084
1,2,4,2,68,0.0151200971350887
1,2,4,2,69,0.2215050749106843
1,2,4,2,70,0.108778638319268
1,2,4,2,71,0.0357450292679142
1,2,4,2,72,0.2171052196835358
1,2,4,2,73,0.1111097087713091
1,2,4,2,74,0.0053611736209986
1,2,4,2,75,6.561035797274916e-10
1,2,4,2,76,0.0102223733174352
1,2,4,2,77,0.0042210606583355
1,2,4,2,78,0.0017333943191855
1,2,4,2,79,0.0035147311004637
1,2,4,2,80,0.0060352385452404
1,2,4,2,81,0.0082267612353975
1,2,4,2,82,0.0013572123591199
1,2,4,2,83,0.0012164983581705
1,2,4,2,84,0.0127976483058264
1,2,4,2,85,0.0483918018915749
1,2,4,2,86,0.0086167856067011
1,2,4,2,87,0.0014138786010951
1,2,4,2,88,0.0683846965324755
1,2,4,2,89,0.1689641703975918
1,2,4,2,90,0.0322608843751745
1,2,4,2,91,0.0158096678112878
1,2,4,2,92,0.0583535867429998
1,2,4,2,93,0.0184827326978841
1,2,4,2,94,0.033760983566951
1,2,4,2,95,0.1298874101708392
1,2,4,2,96,0.2242132856509356
1,2,4,2,97,0.6519989481428358
1,2,4,2,98,0.0058315699959612
1,2,4,2,99,0.001277305697927
1,2,4,2,100,0.4087296198702043
1,2,4,2,101,0.0035019643842291
1,2,4,2,102,0.1971747540721793
1,2,4,2,103,3.1349868507836335e-05
1,2,4,2,107,0.0110935934996195
1,2,4,2,108,0.0006792679772099
1,2,4,2,109,0.0307374730249834
1,2,4,2,110,0.0576925060836479
1,2,4,2,112,0.0058012840507977
1,2,4,2,113,0.0197139931143355
1,2,4,2,114,4.927861081740372e-05
1,2,4,2,115,0.0260288701672663
1,2,4,2,116,0.0041734399667028
1,2,4,2,117,0.321035058932212
1,2,4,2,118,0.0042384190753993
1,2,4,2,119,0.0860148179525456
1,2,4,2,120,0.0527497739706903
1,2,4,2,121,0.0508682328765804
1,2,4,2,122,0.0370201299517551
1,2,4,2,123,3.475879710794114
1,2,4,2,124,0.1371887681081696
1,2,4,2,125,1.03438040077052
1,2,4,2,126,0.32293025389717
1,2,4,2,127,0.0806490150800584
1,2,4,2,128,0.0214325448026919
1,2,4,2,129,0.0051149719674514
1,2,4,2,130,0.0598895802104185
1,2,4,2,131,0.0373497667835927
1,2,4,2,132,0.1051198127215464
1,2,4,2,133,0.0426561818793182
1,2,4,2,134,0.0365009554492308
1,2,4,2,135,0.3410520666690191
1,2,4,2,136,0.0202065195859652
1,2,4,2,137,0.012243388272234
1,2,4,2,138,0.001046360238654
1,2,4,2,139,0.0115858974352865
1,2,4,2,140,0.0102440279639313
1,2,4,2,141,0.0157848331646067
1,2,4,2,142,0.0689021748105476
1,2,4,2,143,0.0034934381021402
1,2,4,2,144,0.0036438889908651
1,2,4,2,145,0.0271043988613126
1,2,4,2,146,0.0009512300147013
1,2,4,2,147,0.0001024913786101
1,2,4,2,148,0.0041047117505348
1,2,4,2,149,0.0386858348672186
1,2,4,2,150,1.41607880735835e-06
1,2,4,2,151,0.04830966143447
1,2,4,2,152,0.1343039978025362
1,2,4,2,153,0.4582048216780728
1,2,4,2,154,0.1024920806028387
1,2,4,2,155,0.0627667474663738
1,2,4,2,156,0.0014068964116832
1,2,4,2,157,0.0471132841425172
1,2,4,2,158,0.0080256168584814
1,2,4,2,159,0.0125277492923957
1,2,4,2,160,0.008597619274849
1,2,4,2,161,0.0038401769856831
1,2,4,2,162,0.0003894325103028
1,2,4,3,1,0.0003006418852451
1,2,4,3,2,0.092336627642395
1,2,4,3,3,0.0490031240467016
1,2,4,3,4,0.0091179026415791
1,2,4,3,5,0.1805526648551096
1,2,4,3,6,0.0005277743232546
1,2,4,3,7,7.854626999456188e-05
1,2,4,3,8,0.0056118602542074
1,2,4,3,9,0.0085203112885901
1,2,4,3,10,0.003500284970784
1,2,4,3,11,0.0040879501944998
1,2,4,3,12,0.03710816135672
1,2,4,3,13,2.2071439458641216e-05
1,2,4,3,14,0.0333116864818614
1,2,4,3,15,0.0093458975233731
1,2,4,3,18,0.0046790639966417
1,2,4,3,19,5.051093632014056e-06
1,2,4,3,20,0.1934260011090698
1,2,4,3,21,0.0035345099637015
1,2,4,3,22,0.0184330505737225
1,2,4,3,23,0.0006254996828474
1,2,4,3,26,0.0334273539911229
1,2,4,3,29,0.0126093492988151
1,2,4,3,30,0.0018060701667512
1,2,4,3,31,0.0052499812585971
1,2,4,3,32,0.0107558522202163
1,2,4,3,33,0.0112243924471523
1,2,4,3,34,0.002088842972783
1,2,4,3,35,0.0007674406159217
1,2,4,3,36,0.000764607612984
1,2,4,3,37,0.0006268304715568
1,2,4,3,38,0.0012136555775737
1,2,4,3,39,0.0014435861296974
1,2,4,3,40,0.0022101801970777
1,2,4,3,41,0.0080562031502735
1,2,4,3,42,0.0003082553146883
1,2,4,3,43,0.0086109087846182
1,2,4,3,44,0.0077524255236508
1,2,4,3,45,0.0031282957244398
1,2,4,3,46,0.0010440202736031
1,2,4,3,47,0.0204386048702335
1,2,4,3,48,0.0058259356866727
1,2,4,3,49,0.0051721976710878
1,2,4,3,50,0.0013219853723029
1,2,4,3,51,5.4117528240470175e-05
1,2,4,3,52,0.0042201307228034
1,2,4,3,53,0.0026047425268799
1,2,4,3,54,0.0070014374196674
1,2,4,3,55,0.0045495005672237
1,2,4,3,56,0.0003680463120822
1,2,4,3,57,0.2762761156170266
1,2,4,3,59,0.0005526803566883
1,2,4,3,60,0.0017881346769518
1,2,4,3,61,0.0001997177155048
1,2,4,3,62,0.0108104416806857
1,2,4,3,63,1.2986010798214076
1,2,4,3,64,0.0021580520702101
1,2,4,3,65,0.0202033466993787
1,2,4,3,66,0.0046317498376306
1,2,4,3,67,0.0160677725448252
1,2,4,3,68,0.0044103988725774
1,2,4,3,69,0.1968831167364568
1,2,4,3,70,0.0275549950547691
1,2,4,3,71,0.0201904248383364
1,2,4,3,72,0.0173825266827867
1,2,4,3,73,0.0028075232401316
1,2,4,3,74,8.809991931777712e-05
1,2,4,3,76,0.003735161219068
1,2,4,3,77,0.0152745382002799
1,2,4,3,78,0.0014805861657329
1,2,4,3,80,0.0079829317427894
1,2,4,3,81,0.0001247736837156
1,2,4,3,82,0.0038533087556747
1,2,4,3,84,0.0104517525482387
1,2,4,3,85,0.0038047566307951
1,2,4,3,86,0.0035518906922644
1,2,4,3,87,0.000622076508962
1,2,4,3,88,0.004824344814811
1,2,4,3,89,0.0003953450777741
1,2,4,3,90,4.521694218945799e-06
1,2,4,3,91,0.0029984169913926
1,2,4,3,92,0.0044065212192176
1,2,4,3,93,0.0025475312493066
1,2,4,3,94,6.02303678631792e-08
1,2,4,3,95,6.245080384295282e-07
1,2,4,3,96,4.096011992272243
1,2,4,3,97,0.0010544327010219
1,2,4,3,98,7.782713516320554e-06
1,2,4,3,99,7.9959997949455e-05
1,2,4,3,100,0.0020707534324779
1,2,4,3,101,0.008799136427778
1,2,4,3,102,5.615285003308706e-05
1,2,4,3,107,9.494890725386528e-08
1,2,4,3,108,0.0063528822283455
1,2,4,3,109,1.5055477264904486e-05
1,2,4,3,110,3.2736597145722335e-05
1,2,4,3,111,3.120549372961336
1,2,4,3,112,0.000125848271332
1,2,4,3,113,0.0082511247431687
1,2,4,3,115,0.0074427050819417
1,2,4,3,116,0.0030864386051451
1,2,4,3,117,0.0335924302993076
1,2,4,3,118,0.0199769406593404
1,2,4,3,119,0.0951953190440297
1,2,4,3,120,0.0323754688714503
1,2,4,3,121,0.0718576908032028
1,2,4,3,122,0.1818195308835146
1,2,4,3,123,0.0757592906256854
1,2,4,3,124,0.008812110553319
1,2,4,3,125,0.0729605973773817
1,2,4,3,126,0.0112405382138767
1,2,4,3,127,0.0012351185267422
1,2,4,3,128,0.0131143786184275
1,2,4,3,129,0.0161624764002552
1,2,4,3,130,0.0217270230944766
1,2,4,3,131,0.0065741978214238
1,2,4,3,132,0.009571534769183
1,2,4,3,133,0.0008356121530235
1,2,4,3,134,0.0059637314626285
1,2,4,3,135,0.0056402653470268
1,2,4,3,136,4.926497827370778e-05
1,2,4,3,137,0.0002712334391134
1,2,4,3,138,0.000244150861718
1,2,4,3,139,1.0090183265115357e-05
1,2,4,3,140,4.215336850316726e-05
1,2,4,3,141,0.0003726954836212
1,2,4,3,142,4.752973194476058e-05
1,2,4,3,143,3.6354154487305342e-06
1,2,4,3,144,8.495816718451268e-05
1,2,4,3,145,3.893273907715091e-05
1,2,4,3,149,1.093252350749958e-05
1,2,4,3,151,0.0071978908419287
1,2,4,3,152,0.0137250408799006
1,2,4,3,153,0.8154762393411344
1,2,4,3,154,0.0633760237954098
1,2,4,3,155,0.003365849436569
1,2,4,3,156,0.0001360302100126
1,2,4,3,157,0.0061665077917991
1,2,4,3,158,0.019089920934738
1,2,4,3,159,0.0008902690273231
1,2,4,3,160,0.0010775310630782
1,2,4,3,161,0.0001666408920349
1,2,4,4,1,7.678490517340077e-15
1,2,4,4,2,0.0008801817401631
1,2,4,4,3,0.0011370728899103
1,2,4,4,4,0.0011111126695311
1,2,4,4,5,5.650371699897595e-06
1,2,4,4,6,2.2834034872679596e-09
1,2,4,4,8,8.871869038798293e-05
1,2,4,4,9,0.000763048206258
1,2,4,4,10,0.000576832857544
1,2,4,4,11,0.0003744090592976
1,2,4,4,12,0.0019879561944252
1,2,4,4,13,2.0948212800722493e-06
1,2,4,4,14,0.0181991549339632
1,2,4,4,15,1.362186176693321e-07
1,2,4,4,18,2.3891602751810956e-06
1,2,4,4,19,8.179395141677966e-06
1,2,4,4,20,2.8063710396020333e-06
1,2,4,4,25,7.57906564012308e-07
1,2,4,4,26,1.1205928488995934e-08
1,2,4,4,27,1.9710800931623387e-06
1,2,4,4,28,4.023061770589149e-05
1,2,4,4,29,0.000177061333714
1,2,4,4,30,1.1311224023721258e-05
1,2,4,4,31,4.335357660846611e-05
1,2,4,4,32,5.291771133727016e-06
1,2,4,4,33,0.0026228050485413
1,2,4,4,34,0.0008233650509747
1,2,4,4,35,3.015106892340972e-05
1,2,4,4,36,3.698971675998556e-05
1,2,4,4,37,3.675793531734545e-05
1,2,4,4,38,4.884407796233491e-07
1,2,4,4,39,2.2486731138196055e-05
1,2,4,4,40,0.0031397793188885
1,2,4,4,41,3.814296549645122e-05
1,2,4,4,42,7.012887898385228e-07
1,2,4,4,43,0.0003475663254196
1,2,4,4,44,0.0001848411872077
1,2,4,4,45,4.692800445993542e-05
1,2,4,4,46,5.030333688666093e-06
1,2,4,4,47,8.378700109242817e-06
1,2,4,4,48,4.609516368892807e-06
1,2,4,4,49,6.053695583455176e-08
1,2,4,4,50,0.0002206449269928
1,2,4,4,51,7.434029199333438e-06
1,2,4,4,52,0.0002062965120158
1,2,4,4,53,1.7962783643953136e-05
1,2,4,4,54,4.0261371671135085e-06
1,2,4,4,55,7.853716044258496e-05
1,2,4,4,56,1.8980772046734642e-09
1,2,4,4,57,0.0002955976689377
1,2,4,4,58,2.62366847454177e-06
1,2,4,4,59,3.0238664429150693e-05
1,2,4,4,60,0.0001649189009711
1,2,4,4,62,0.0001148474274267
1,2,4,4,63,0.0002950925509745
1,2,4,4,64,5.848315080136922e-05
1,2,4,4,67,0.0004007635874598
1,2,4,4,68,0.0003290504543149
1,2,4,4,69,0.0017559134081554
1,2,4,4,70,0.0002644168664927
1,2,4,4,71,0.0005949071109125
1,2,4,4,72,5.752573848054886e-07
1,2,4,4,74,0.0008173811684273
1,2,4,4,76,0.0001259206198095
1,2,4,4,78,3.372878179842743e-06
1,2,4,4,80,0.0002071135120313
1,2,4,4,82,0.0001439858123807
1,2,4,4,85,0.0013073332659297
1,2,4,4,86,0.0002049437163275
1,2,4,4,88,1.0744182702541698e-05
1,2,4,4,89,5.961695812615957e-07
1,2,4,4,90,1.1579676528515287e-05
1,2,4,4,91,4.720624406965375e-06
1,2,4,4,92,2.1661541982927953e-07
1,2,4,4,93,4.20863695855358e-05
1,2,4,4,94,2.4468160990269844e-11
1,2,4,4,100,1.5019616431662472e-05
1,2,4,4,101,0.0577475976130828
1,2,4,4,102,9.483156248796151e-07
1,2,4,4,103,3.317305124391715e-07
1,2,4,4,108,0.0007766977368347
1,2,4,4,109,1.8317595330770325e-05
1,2,4,4,110,1.8137358100567534e-09
1,2,4,4,112,3.873056580301598e-07
1,2,4,4,113,1.4393109408339914e-05
1,2,4,4,115,6.255007185886158e-05
1,2,4,4,116,3.70777727960825e-05
1,2,4,4,117,1.7791799485009192e-07
1,2,4,4,118,2.6728172338583343e-08
1,2,4,4,119,0.0036415091706204
1,2,4,4,120,6.8897678143271495e-06
1,2,4,4,121,3.936167812960084e-05
1,2,4,4,122,6.033259001228012e-05
1,2,4,4,123,0.7396603300005655
1,2,4,4,124,1.3147118925759911e-06
1,2,4,4,125,0.0065731941986836
1,2,4,4,126,2.7314656081588036e-06
1,2,4,4,127,1.6518711431357694e-07
1,2,4,4,128,0.0001959781580081
1,2,4,4,129,0.0001240331106296
1,2,4,4,130,2.305311938186983e-06
1,2,4,4,131,7.28964090006751e-05
1,2,4,4,132,0.0010074324265816
1,2,4,4,133,1.1466379986689978e-08
1,2,4,4,134,9.670446112958183e-06
1,2,4,4,135,0.0001029196440535
1,2,4,4,136,1.0906323070307883e-06
1,2,4,4,137,2.7878350271759505e-07
1,2,4,4,138,2.6189441709266077e-05
1,2,4,4,139,4.7847295185660394e-08
1,2,4,4,140,2.9788453481225467e-08
1,2,4,4,141,6.601591911356541e-09
1,2,4,4,142,2.4921611837512015e-05
1,2,4,4,143,6.1808624211336855e-09
1,2,4,4,144,8.106356909205595e-09
1,2,4,4,145,3.437397148965602e-07
1,2,4,4,149,1.429682112614002e-05
1,2,4,4,151,0.0007726013644251
1,2,4,4,152,0.0011479351169155
1,2,4,4,153,0.0258937252477114
1,2,4,4,154,0.0008940189007427
1,2,4,4,155,0.000106519682348
1,2,4,4,156,5.9458533333693726e-06
1,2,4,4,157,0.0004306694360492
1,2,4,4,158,0.0002297019409996
1,2,4,4,159,1.1510953739711044e-05
1,2,4,4,160,4.395932188519436e-05
1,2,4,4,161,8.779202930920395e-05
1,2,4,5,2,0.0828440256262773
1,2,4,5,3,0.0919139531654595
1,2,4,5,4,0.0070045878874192
1,2,4,5,5,0.0531330040587375
1,2,4,5,6,0.0096801583566716
1,2,4,5,7,8.368228116581885e-05
1,2,4,5,8,0.0810792755773019
1,2,4,5,9,0.1431945855636972
1,2,4,5,10,0.0302960390141747
1,2,4,5,11,0.0114758723192269
1,2,4,5,12,0.0059835001094061
1,2,4,5,13,2.2794475703536613e-05
1,2,4,5,14,0.0761679850287454
1,2,4,5,15,0.0190476288219544
1,2,4,5,18,0.0603760076086949
1,2,4,5,19,5.41768374241786e-05
1,2,4,5,20,0.9127015445063088
1,2,4,5,21,0.1741975228151136
1,2,4,5,22,0.3588102330393773
1,2,4,5,23,0.0004743029436577
1,2,4,5,24,0.0142942915397123
1,2,4,5,25,5.0742147666759066e-05
1,2,4,5,27,3.592149014800492e-06
1,2,4,5,28,4.048131744364335e-06
1,2,4,5,30,2.1797478688224737e-07
1,2,4,5,31,0.0145070839571526
1,2,4,5,32,0.0674063591631155
1,2,4,5,33,0.0487021035061169
1,2,4,5,34,0.0036556290791862
1,2,4,5,35,0.0012188718790996
1,2,4,5,36,0.0086307260842045
1,2,4,5,37,0.000334931201246
1,2,4,5,38,0.0007604047275016
1,2,4,5,39,0.0037102544575716
1,2,4,5,40,0.0092069679599706
1,2,4,5,41,0.0003425501764584
1,2,4,5,42,0.0006765624917705
1,2,4,5,43,0.0229241426783086
1,2,4,5,44,0.0188198387947383
1,2,4,5,45,0.0051276430807068
1,2,4,5,46,0.000912650134143
1,2,4,5,47,0.0046743011099737
1,2,4,5,48,0.0031057972275736
1,2,4,5,49,0.0018002654683465
1,2,4,5,50,0.0228687015886852
1,2,4,5,51,0.0005400116030024
1,2,4,5,52,0.0393000874719839
1,2,4,5,53,0.0036884043843098
1,2,4,5,54,0.0624993660578074
1,2,4,5,55,0.0173970160911602
1,2,4,5,56,0.0996759367537
1,2,4,5,57,0.2633377991642746
1,2,4,5,59,0.004433234983039
1,2,4,5,60,0.0087153445570814
1,2,4,5,61,0.0159403630002227
1,2,4,5,62,0.0111248986941611
1,2,4,5,63,2.310302361893259
1,2,4,5,64,0.1020690998600639
1,2,4,5,65,0.0838661102848415
1,2,4,5,66,0.0118943159893115
1,2,4,5,67,0.0220573958770186
1,2,4,5,68,0.005698608731112
1,2,4,5,69,0.2334688355036133
1,2,4,5,70,0.0480674377828181
1,2,4,5,71,0.0443904088325344
1,2,4,5,72,0.2980254679445195
1,2,4,5,73,0.087035228725725
1,2,4,5,74,0.0026974000280163
1,2,4,5,76,0.0026236425999128
1,2,4,5,77,0.004995773799388
1,2,4,5,78,0.000575395782301
1,2,4,5,79,0.0004397901324517
1,2,4,5,80,0.0021264997227976
1,2,4,5,82,0.0001421615754717
1,2,4,5,84,0.0978347340943717
1,2,4,5,85,0.0215553354702908
1,2,4,5,86,0.0119354128847252
1,2,4,5,87,0.0238420219829137
1,2,4,5,88,0.0198482681827476
1,2,4,5,89,0.0243278516642038
1,2,4,5,90,0.0022988443553507
1,2,4,5,91,0.0095409214786965
1,2,4,5,92,0.0006803282511822
1,2,4,5,93,0.0073709488743985
1,2,4,5,94,0.0019874199283908
1,2,4,5,96,1.0191391560000642
1,2,4,5,97,0.015339643330177
1,2,4,5,98,0.0062283449070403
1,2,4,5,99,2.765121962311953e-05
1,2,4,5,100,0.1313783965476533
1,2,4,5,101,0.0010693650237083
1,2,4,5,102,0.0039629447233684
1,2,4,5,103,0.0118534620941388
1,2,4,5,107,0.0003676052947342
1,2,4,5,108,0.0095373997307424
1,2,4,5,109,0.000631797033781
1,2,4,5,110,0.1986861226569296
1,2,4,5,111,4.386691043417264
1,2,4,5,112,0.0322821642360947
1,2,4,5,113,0.0306873233885341
1,2,4,5,114,0.0034642234047133
1,2,4,5,115,0.0102684316605126
1,2,4,5,116,0.095180620343727
1,2,4,5,117,0.0787497707349368
1,2,4,5,118,0.1044928687810087
1,2,4,5,119,0.0817013346096616
1,2,4,5,120,0.1343296005792297
1,2,4,5,121,0.7159559277148881
1,2,4,5,122,0.2409858296212599
1,2,4,5,123,0.8755097198177982
1,2,4,5,124,0.0011562567250201
1,2,4,5,125,0.2356820884720457
1,2,4,5,126,0.0344063503230923
1,2,4,5,127,0.0076082953279401
1,2,4,5,128,0.0114141440411007
1,2,4,5,129,0.0019046337579499
1,2,4,5,130,0.0020729792897584
1,2,4,5,131,0.0328623512794991
1,2,4,5,132,0.0043108924591042
1,2,4,5,133,0.0112451944522799
1,2,4,5,134,0.0037435015418739
1,2,4,5,135,0.0661672409663188
1,2,4,5,136,0.0026770864721314
1,2,4,5,137,0.0025559073377666
1,2,4,5,138,0.0017574176762514
1,2,4,5,139,0.0011183474161842
1,2,4,5,140,0.0010604566511607
1,2,4,5,141,0.0037727537347755
1,2,4,5,142,0.009766867853475
1,2,4,5,143,0.001939899983626
1,2,4,5,144,0.0003525331774177
1,2,4,5,145,0.0065584026264427
1,2,4,5,148,0.0033989516893051
1,2,4,5,149,0.0198801137967717
1,2,4,5,151,0.0398620992140931
1,2,4,5,152,0.0858392614471904
1,2,4,5,153,0.3033334780524331
1,2,4,5,154,0.0567086783786998
1,2,4,5,155,0.0023505305054576
1,2,4,5,156,0.0005305030992997
1,2,4,5,157,0.0118941844348866
1,2,4,5,158,0.0063053477902502
1,2,4,5,159,0.0002266875642804
1,2,4,5,160,0.00256589486523
1,2,4,5,161,0.0003342807171691
1,2,4,5,162,3.808111306789086e-05
1,2,4,6,2,0.5633782947784708
1,2,4,6,3,0.7976401573005907
1,2,4,6,4,0.0770608649596863
1,2,4,6,5,0.7585289141547272
1,2,4,6,6,0.1310785575278711
1,2,4,6,8,0.5972877565072671
1,2,4,6,9,2.4827759634440856
1,2,4,6,10,0.5777540623269956
1,2,4,6,11,0.0674935405971309
1,2,4,6,12,0.2660768014329437
1,2,4,6,13,0.0035852773488467
1,2,4,6,14,4.1700590890023745
1,2,4,6,15,1.9281189723677195e-05
1,2,4,6,18,0.0654713149643541
1,2,4,6,19,0.0411930050516967
1,2,4,6,20,1.3378900077096512
1,2,4,6,21,0.5397459106681006
1,2,4,6,22,2.2043334490830633
1,2,4,6,23,4.613296086016748e-06
1,2,4,6,24,0.0008366726753503
1,2,4,6,25,0.0431196326734039
1,2,4,6,30,0.0168867904811003
1,2,4,6,31,0.0019656180191384
1,2,4,6,32,0.0342118589280729
1,2,4,6,33,0.7233960255459884
1,2,4,6,34,0.207136409771299
1,2,4,6,35,0.0351270711904972
1,2,4,6,36,0.1394348151540289
1,2,4,6,37,0.0072506939101002
1,2,4,6,38,0.0068105749241112
1,2,4,6,39,0.0686757240528642
1,2,4,6,40,0.3059008509718339
1,2,4,6,41,0.0308052735180045
1,2,4,6,42,0.0485401960348832
1,2,4,6,43,0.3904747444693135
1,2,4,6,44,0.2856872994988074
1,2,4,6,45,0.2980568078851445
1,2,4,6,46,0.0178066581155881
1,2,4,6,47,0.0644102069575563
1,2,4,6,48,0.0253968943218944
1,2,4,6,49,0.0030105496504916
1,2,4,6,50,0.0314918189306481
1,2,4,6,51,0.0080036844232294
1,2,4,6,52,0.3390567597247057
1,2,4,6,53,0.3342195092001016
1,2,4,6,54,0.6820954899951138
1,2,4,6,55,0.2364626081540096
1,2,4,6,56,1.4959856174246164
1,2,4,6,57,2.3920068724717183
1,2,4,6,58,0.0007669221715715
1,2,4,6,59,13.089195939175
1,2,4,6,60,1.178649973877363
1,2,4,6,61,0.0079901437023906
1,2,4,6,62,0.162779950468001
1,2,4,6,63,9.6708092920562
1,2,4,6,64,0.1074421393651803
1,2,4,6,65,0.3108114288276672
1,2,4,6,66,0.1510061716274347
1,2,4,6,67,0.0716631415910151
1,2,4,6,68,0.0755009376540306
1,2,4,6,69,0.9886791091380408
1,2,4,6,70,0.1756855631230345
1,2,4,6,71,0.2118621295838635
1,2,4,6,72,1.2341385375485217
1,2,4,6,73,1.0597132403566545
1,2,4,6,74,0.0083292211718051
1,2,4,6,76,0.096134331834853
1,2,4,6,77,0.1641229521253014
1,2,4,6,78,0.0140827131306705
1,2,4,6,79,0.0039414633809248
1,2,4,6,80,0.108514202373799
1,2,4,6,81,0.1302891674642292
1,2,4,6,82,0.0324493036473838
1,2,4,6,84,0.4135377696327879
1,2,4,6,85,0.1061073633639057
1,2,4,6,86,0.1482574373549199
1,2,4,6,87,0.0862450598059194
1,2,4,6,88,0.1999008643981817
1,2,4,6,89,0.5330158536485038
1,2,4,6,90,0.0119442696780071
1,2,4,6,91,0.0467909009518481
1,2,4,6,92,0.0081557212234354
1,2,4,6,93,0.0383248404185644
1,2,4,6,94,0.0019151312764079
1,2,4,6,95,0.0314826660799717
1,2,4,6,96,15.624395148624288
1,2,4,6,97,0.3144430918247077
1,2,4,6,98,7.332468169455403e-06
1,2,4,6,99,0.000233117174064
1,2,4,6,100,2.3405293990444204e-06
1,2,4,6,101,0.0976690650614707
1,2,4,6,102,0.5435219556925541
1,2,4,6,103,0.3938020790117957
1,2,4,6,107,0.2724083661612499
1,2,4,6,108,0.718500375547022
1,2,4,6,109,0.1384237133278645
1,2,4,6,110,2.9213728029519346
1,2,4,6,111,6.614024737010936
1,2,4,6,112,0.0160876192633219
1,2,4,6,113,0.0558728469772419
1,2,4,6,114,0.0007528470737335
1,2,4,6,115,0.0547379345033967
1,2,4,6,116,0.0130464022277358
1,2,4,6,117,0.2047125979511714
1,2,4,6,118,0.0528019479503327
1,2,4,6,119,0.667730271906863
1,2,4,6,120,0.1622088170697512
1,2,4,6,121,0.0004089113395808
1,2,4,6,122,0.1257375366232406
1,2,4,6,123,62.828934261618976
1,2,4,6,124,0.1538877654750412
1,2,4,6,125,4.956294935760434
1,2,4,6,126,0.7530956143941574
1,2,4,6,127,0.0732237364594675
1,2,4,6,128,0.1023698580841356
1,2,4,6,129,0.0347205697259323
1,2,4,6,130,0.0215548666193879
1,2,4,6,131,0.1217686702744609
1,2,4,6,132,0.1881405289006368
1,2,4,6,133,0.1287060831099308
1,2,4,6,134,0.1810610947349577
1,2,4,6,135,1.5214507385478235
1,2,4,6,136,0.1271135404659776
1,2,4,6,137,0.0063510838992294
1,2,4,6,138,0.0102413029868617
1,2,4,6,139,0.008950837195417
1,2,4,6,140,0.0090134897459004
1,2,4,6,141,0.0125774348040732
1,2,4,6,142,0.0195165136147068
1,2,4,6,143,0.0079528309816172
1,2,4,6,144,0.0043681812512948
1,2,4,6,145,0.0104765801073515
1,2,4,6,146,0.0027212063305963
1,2,4,6,147,0.0002305366959889
1,2,4,6,148,0.0058440312069167
1,2,4,6,149,0.0129431505827704
1,2,4,6,150,0.0003059408565461
1,2,4,6,151,0.2117549853046343
1,2,4,6,152,0.4741234841723799
1,2,4,6,153,1.2425498348874122
1,2,4,6,154,0.7253144139204324
1,2,4,6,155,0.3796500606711624
1,2,4,6,156,0.0032353558798128
1,2,4,6,157,0.0503353278384775
1,2,4,6,158,0.2150369949360137
1,2,4,6,159,0.0018595920934766
1,2,4,6,160,0.0338524940380842
1,2,4,6,161,0.0671132611527484
1,2,4,6,162,0.0039832916946129
1,2,4,7,2,6.740647116703611
1,2,4,7,3,13.158373884491512
1,2,4,7,4,0.4033949520024834
1,2,4,7,5,2.253165266130845
1,2,4,7,6,0.8864269932476514
1,2,4,7,8,1.762609714642422
1,2,4,7,9,6.9904776190446105
1,2,4,7,10,12.611100333526496
1,2,4,7,11,1.0143451897438382
1,2,4,7,12,4.812619776752256
1,2,4,7,13,0.1677829542388933
1,2,4,7,14,58.937160365948
1,2,4,7,15,1.8264010399375157
1,2,4,7,18,0.3497630764160526
1,2,4,7,19,0.9603578078357186
1,2,4,7,20,0.3333638861419167
1,2,4,7,21,10.461409363421517
1,2,4,7,22,0.1700884977527364
1,2,4,7,23,3.6734407540939894e-08
1,2,4,7,24,0.0019064988911238
1,2,4,7,25,2.1434825013752845
1,2,4,7,26,0.1366708475373046
1,2,4,7,27,0.0515366744417792
1,2,4,7,28,0.0497654255754093
1,2,4,7,29,0.0231826834471613
1,2,4,7,30,0.54691652389373
1,2,4,7,31,0.0307916920653607
1,2,4,7,32,0.3545072533646011
1,2,4,7,33,18.41265500465668
1,2,4,7,34,0.3744614495106446
1,2,4,7,35,0.3693605969945777
1,2,4,7,36,1.5078240216894347
1,2,4,7,37,0.1506870604693332
1,2,4,7,38,0.0442988955636099
1,2,4,7,39,0.2007337011693821
1,2,4,7,40,1.327002660644917
1,2,4,7,41,0.0225183740369641
1,2,4,7,42,0.2934732251884351
1,2,4,7,43,1.238370684251877
1,2,4,7,44,0.524298728264419
1,2,4,7,45,1.6898719504997757
1,2,4,7,46,0.0834054660422384
1,2,4,7,47,0.0363515378681171
1,2,4,7,48,0.0118133731762059
1,2,4,7,49,0.0001990590703297
1,2,4,7,50,0.3129382189541465
1,2,4,7,51,0.1003838858878637
1,2,4,7,52,0.0393103104048099
1,2,4,7,53,0.2176011283404554
1,2,4,7,54,0.1647270930855428
1,2,4,7,55,1.6835880522787696
1,2,4,7,56,1.0388444835406994e-08
1,2,4,7,57,7.224914674588205
1,2,4,7,58,6.202629659043113e-07
1,2,4,7,59,0.5442718902144764
1,2,4,7,60,4.4796211190756585
1,2,4,7,61,0.0474871130100127
1,2,4,7,62,0.0854747003465265
1,2,4,7,63,35.47616378355615
1,2,4,7,64,0.1475111627304602
1,2,4,7,65,2.006964307810088
1,2,4,7,66,0.8368787283047563
1,2,4,7,67,1.548944799510497
1,2,4,7,68,2.699511966769123
1,2,4,7,69,4.227522308328287
1,2,4,7,70,1.190425119411547
1,2,4,7,71,1.4123402155444886
1,2,4,7,72,0.3641425475845475
1,2,4,7,74,0.9144859641488218
1,2,4,7,76,0.0819607331835695
1,2,4,7,77,0.3020602854301762
1,2,4,7,78,0.2556404915749268
1,2,4,7,80,0.2063597089717485
1,2,4,7,82,0.6582373700718899
1,2,4,7,84,0.1637467709669444
1,2,4,7,85,1.1010293987667947
1,2,4,7,86,0.2255887700861704
1,2,4,7,87,0.0222689163945654
1,2,4,7,88,0.6627309681323109
1,2,4,7,89,0.7946296569852626
1,2,4,7,90,0.4465638339935902
1,2,4,7,91,0.0178110379739036
1,2,4,7,92,0.0432323211045407
1,2,4,7,93,0.4121894130596747
1,2,4,7,94,1.1342217306230904
1,2,4,7,95,0.3218544312395967
1,2,4,7,96,0.1164768341366098
1,2,4,7,97,0.0013138988683005
1,2,4,7,99,0.000126898862177
1,2,4,7,100,0.0989362464812067
1,2,4,7,101,0.1737172513025975
1,2,4,7,102,0.0228029383471645
1,2,4,7,103,0.0015199012723806
1,2,4,7,104,0.0003016415236233
1,2,4,7,105,0.0008080690544037
1,2,4,7,108,12.66003046364802
1,2,4,7,109,0.6067895065984992
1,2,4,7,110,0.0962341877984824
1,2,4,7,111,77.61563528820642
1,2,4,7,112,6.461964998745739
1,2,4,7,113,0.9943002514983392
1,2,4,7,115,0.1397952854904311
1,2,4,7,116,0.0919393025041186
1,2,4,7,117,1.578915513556243
1,2,4,7,118,159.06768103321969
1,2,4,7,119,3.703013973837316
1,2,4,7,120,6.582992091573663
1,2,4,7,121,13.695958758133804
1,2,4,7,122,0.3014317051600386
1,2,4,7,123,53.28451700427314
1,2,4,7,124,14.05469325993572
1,2,4,7,125,23.20597771603194
1,2,4,7,126,15.757482669362156
1,2,4,7,127,1.1151125038863745
1,2,4,7,128,0.2062241494657442
1,2,4,7,129,0.05728698637093
1,2,4,7,130,0.3595512440171654
1,2,4,7,131,0.146047409443845
1,2,4,7,132,0.1489225507171614
1,2,4,7,133,1.1541990539592413
1,2,4,7,134,0.2281891990235562
1,2,4,7,135,4.052475917781929
1,2,4,7,136,0.6277879836245952
1,2,4,7,137,0.3441078555908097
1,2,4,7,138,12.551920252536068
1,2,4,7,139,2.7995251931542335
1,2,4,7,140,2.542934183361909
1,2,4,7,141,7.789421192112792
1,2,4,7,142,4.155294808923914
1,2,4,7,143,7.225064916326684
1,2,4,7,144,0.5126714150099635
1,2,4,7,145,0.3650904162273835
1,2,4,7,146,0.079335525127907
1,2,4,7,147,0.0017621158000526
1,2,4,7,148,0.5290595231697216
1,2,4,7,149,0.0724697974719359
1,2,4,7,150,3.9446335346816984e-08
1,2,4,7,151,8.805782657700833
1,2,4,7,152,17.349572502184547
1,2,4,7,153,27.304994204144737
1,2,4,7,154,4.060680149028257
1,2,4,7,155,0.014266868250443
1,2,4,7,156,0.2284979250153033
1,2,4,7,157,0.1473697016025134
1,2,4,7,158,0.109769155937374
1,2,4,7,159,0.0651741477169806
1,2,4,7,160,0.6527003508175302
1,2,4,7,161,0.7189102498027816
1,2,4,7,162,0.5433054854197494
1,2,4,7,164,340.3307
1,2,4,8,2,0.1981327777756423
1,2,4,8,3,0.1816226302470251
1,2,4,8,4,0.0104899103461496
1,2,4,8,5,0.1142927188776975
1,2,4,8,7,0.0007731065294992
1,2,4,8,8,0.0048120821690655
1,2,4,8,9,0.1410107574588396
1,2,4,8,10,0.0090070805283468
1,2,4,8,11,0.0110739599131389
1,2,4,8,12,0.0192743804604598
1,2,4,8,13,0.023129095717369
1,2,4,8,14,0.1631000192985347
1,2,4,8,15,0.0082022206383769
1,2,4,8,18,0.0810641259450504
1,2,4,8,19,0.0225297947806174
1,2,4,8,20,0.038178214292457
1,2,4,8,23,0.0042250533570243
1,2,4,8,25,7.815903905111925
1,2,4,8,26,1.552467856798677e-15
1,2,4,8,27,3.727395643980345
1,2,4,8,28,0.9644503496792342
1,2,4,8,29,8.991261388744377
1,2,4,8,30,1.4151041722436823
1,2,4,8,31,20.347106921248596
1,2,4,8,32,0.0257300873563045
1,2,4,8,33,0.0139813000143527
1,2,4,8,34,0.0346879045593582
1,2,4,8,35,0.0010916555288856
1,2,4,8,36,0.0009987701250124
1,2,4,8,37,0.0002341448496081
1,2,4,8,38,0.0001667489812367
1,2,4,8,39,0.0002578524770071
1,2,4,8,40,0.004701834604045
1,2,4,8,41,0.0012065660739396
1,2,4,8,42,0.0002885528015252
1,2,4,8,43,0.0031880701790737
1,2,4,8,44,0.0088180281490676
1,2,4,8,45,0.015094400193
1,2,4,8,47,0.0026024966471581
1,2,4,8,48,0.0005625599321563
1,2,4,8,49,5.628400291116623e-05
1,2,4,8,50,0.0360095513939182
1,2,4,8,51,0.0109160232518956
1,2,4,8,52,0.0011156773554444
1,2,4,8,53,0.0002125136892762
1,2,4,8,54,0.006595637229116
1,2,4,8,55,0.0318340851090659
1,2,4,8,56,0.0019422383489171
1,2,4,8,57,0.0047970488716806
1,2,4,8,58,0.170278480515097
1,2,4,8,59,0.0267754963543037
1,2,4,8,60,0.0163991731518549
1,2,4,8,61,0.0001695926883347
1,2,4,8,62,0.001350540488671
1,2,4,8,63,0.014676684871647
1,2,4,8,64,0.000750299726286
1,2,4,8,65,0.0060544456066138
1,2,4,8,66,0.0087209853089267
1,2,4,8,67,0.0015118126409938
1,2,4,8,68,0.001948351766705
1,2,4,8,69,0.0413153368957189
1,2,4,8,70,0.0238875674492027
1,2,4,8,71,0.0084060239339363
1,2,4,8,72,7.748336152933533e-05
1,2,4,8,74,0.0008873009109487
1,2,4,8,76,0.0003566521058468
1,2,4,8,78,0.0001827690925975
1,2,4,8,79,3.070233422363596e-05
1,2,4,8,80,0.0001618160696286
1,2,4,8,82,4.154248152294621e-05
1,2,4,8,84,5.390724778791125e-06
1,2,4,8,85,0.0027595245317507
1,2,4,8,86,0.0002075075861901
1,2,4,8,87,5.858840489336283e-05
1,2,4,8,88,0.0012362481794316
1,2,4,8,89,0.0006142192096849
1,2,4,8,90,4.165896890950711e-05
1,2,4,8,91,0.0008255931395137
1,2,4,8,92,0.000148872904675
1,2,4,8,93,0.0025506408190504
1,2,4,8,94,1.355050933162859e-05
1,2,4,8,95,7.822900691492297e-05
1,2,4,8,96,1.4244014951714277
1,2,4,8,97,0.0238401009200836
1,2,4,8,99,5.115732744888417e-06
1,2,4,8,100,0.0002259250240566
1,2,4,8,101,0.0068132535901571
1,2,4,8,102,0.0001933603836732
1,2,4,8,107,0.0005649979865867
1,2,4,8,108,3.959482632308029e-05
1,2,4,8,109,0.0001470618623897
1,2,4,8,110,0.0045427218836767
1,2,4,8,111,0.1409172340945949
1,2,4,8,112,0.0004778221018794
1,2,4,8,113,0.0036364779080665
1,2,4,8,115,0.0141226838879054
1,2,4,8,116,0.0007659521057136
1,2,4,8,117,0.0410199565895156
1,2,4,8,118,0.0026098749271706
1,2,4,8,119,0.0157247463237641
1,2,4,8,120,0.0532192131994249
1,2,4,8,121,0.0001893824736457
1,2,4,8,122,0.013980430649758
1,2,4,8,123,0.6945411116671656
1,2,4,8,124,0.0132331885982868
1,2,4,8,125,0.1245040166777722
1,2,4,8,126,0.022707208576514
1,2,4,8,127,0.0025944846993466
1,2,4,8,128,0.001014511628608
1,2,4,8,129,0.0009999218162981
1,2,4,8,130,0.000816019977078
1,2,4,8,131,0.0081080485739377
1,2,4,8,132,0.0099027473683092
1,2,4,8,133,0.0008961693201007
1,2,4,8,134,0.0008822285345348
1,2,4,8,135,0.0095264143509824
1,2,4,8,136,0.0003761705789906
1,2,4,8,137,0.0003198681603365
1,2,4,8,138,0.0001282673519964
1,2,4,8,140,4.7411184363436313e-08
1,2,4,8,141,2.6297770513852933e-06
1,2,4,8,144,0.0001362669477461
1,2,4,8,145,0.0001303788833011
1,2,4,8,148,0.0001355322339334
1,2,4,8,149,0.0003852701589309
1,2,4,8,150,0.0001218976445505
1,2,4,8,151,0.0008327621320936
1,2,4,8,152,0.0017502498247749
1,2,4,8,153,0.5944793169887477
1,2,4,8,154,0.0791164207608701
1,2,4,8,155,0.0016681709572841
1,2,4,8,156,0.0005969774114695
1,2,4,8,157,0.0102756834760073
1,2,4,8,158,0.0089865218682088
1,2,4,8,159,0.0002174470714076
1,2,4,8,160,0.0008781605319905
1,2,4,8,161,0.0001524946051864
1,2,4,8,162,1.9897788488560576e-08
1,2,4,9,1,0.0355313190863195
1,2,4,9,2,0.0709832576004197
1,2,4,9,3,0.4720297009867175
1,2,4,9,4,0.1789782857556235
1,2,4,9,5,0.0403779660385409
1,2,4,9,6,0.006127919678878
1,2,4,9,7,0.0048708171747732
1,2,4,9,8,0.0108568659598406
1,2,4,9,9,0.5585480330543463
1,2,4,9,10,0.3033453636251732
1,2,4,9,11,0.0308464335235303
1,2,4,9,12,0.2673828669998117
1,2,4,9,13,0.0115962260626109
1,2,4,9,14,0.4930643383477845
1,2,4,9,15,0.020243475364532
1,2,4,9,18,0.0096331448177988
1,2,4,9,19,0.0911942075807179
1,2,4,9,20,0.0464522075632462
1,2,4,9,21,0.2004400132466929
1,2,4,9,22,0.2880195507702877
1,2,4,9,24,0.0337337855843105
1,2,4,9,26,0.0007248874715042
1,2,4,9,27,7.983681853654848e-05
1,2,4,9,31,0.0008313103571644
1,2,4,9,32,0.0335648438606296
1,2,4,9,33,0.0803396346961888
1,2,4,9,34,0.0380947721374537
1,2,4,9,35,0.0013537618579948
1,2,4,9,36,0.0209730015622211
1,2,4,9,37,0.0008274704203772
1,2,4,9,38,0.0033492601400315
1,2,4,9,39,0.0061088882036044
1,2,4,9,40,0.0040410439945954
1,2,4,9,41,0.0007303128043009
1,2,4,9,42,0.0004912117829348
1,2,4,9,43,0.0523951396577701
1,2,4,9,44,0.109286843851049
1,2,4,9,45,0.0362708613193186
1,2,4,9,46,0.0085570010275257
1,2,4,9,47,0.0013514666602108
1,2,4,9,48,0.0314653557955965
1,2,4,9,49,0.0031777564264989
1,2,4,9,50,0.1362845806444252
1,2,4,9,51,0.0874106408382874
1,2,4,9,52,0.1186367825874765
1,2,4,9,53,0.0082250270478978
1,2,4,9,54,0.0703608229622318
1,2,4,9,55,0.0508781160593018
1,2,4,9,56,0.1872717977088697
1,2,4,9,57,2.6439479631498166
1,2,4,9,58,0.0146575481169328
1,2,4,9,59,0.9417125160844836
1,2,4,9,60,0.7775634941487244
1,2,4,9,61,0.0172351251608355
1,2,4,9,62,0.0122440118844122
1,2,4,9,63,0.5577406668159258
1,2,4,9,64,0.043268313006987
1,2,4,9,65,0.0926341935973128
1,2,4,9,66,0.179892423308102
1,2,4,9,67,0.1265972535486234
1,2,4,9,68,0.0634158003797807
1,2,4,9,69,0.7490280108080006
1,2,4,9,70,0.5109564363812638
1,2,4,9,71,0.2295774297992232
1,2,4,9,72,0.0837621128260933
1,2,4,9,73,0.1371978626032158
1,2,4,9,74,0.0065940335399642
1,2,4,9,76,0.1078243366559258
1,2,4,9,77,0.0619027526696577
1,2,4,9,78,0.002083729163461
1,2,4,9,79,0.0007459944640857
1,2,4,9,80,0.0168923109553566
1,2,4,9,81,0.0024124372380004
1,2,4,9,82,0.0006001807195263
1,2,4,9,84,0.0275706643135475
1,2,4,9,85,0.0267566105498801
1,2,4,9,86,0.0149935889449266
1,2,4,9,87,0.002570754179776
1,2,4,9,88,0.0448018454589218
1,2,4,9,89,0.0133064119412712
1,2,4,9,90,0.0016683655694645
1,2,4,9,91,0.0060395312582761
1,2,4,9,92,0.0842077097129877
1,2,4,9,93,0.1943956048059086
1,2,4,9,94,0.1064157246285203
1,2,4,9,95,0.0841678260414637
1,2,4,9,96,3.337017985944983
1,2,4,9,97,0.9698884357851568
1,2,4,9,98,0.0001452046269538
1,2,4,9,99,0.0029949048992394
1,2,4,9,100,0.0832031717632522
1,2,4,9,101,0.5163654559718684
1,2,4,9,102,0.0116149082415138
1,2,4,9,103,2.2362550676344724e-06
1,2,4,9,104,0.0042700144519693
1,2,4,9,107,0.0231788803179208
1,2,4,9,108,0.0031917633134047
1,2,4,9,109,0.0022260171397279
1,2,4,9,110,0.126389291252417
1,2,4,9,111,0.0004716212739474
1,2,4,9,112,0.0045725186570515
1,2,4,9,113,0.2824150397378778
1,2,4,9,114,0.1994864486297009
1,2,4,9,115,0.0208703503831857
1,2,4,9,116,0.0017698173270266
1,2,4,9,117,0.0525960875646882
1,2,4,9,118,0.027487991360331
1,2,4,9,119,0.6705652699713416
1,2,4,9,120,0.0357775826617893
1,2,4,9,121,0.1171437733645169
1,2,4,9,122,0.0055708713551401
1,2,4,9,123,2.332561516240954
1,2,4,9,124,0.2767699277691144
1,2,4,9,125,2.8563706662435693
1,2,4,9,126,0.0468962785118844
1,2,4,9,127,0.0236210272668278
1,2,4,9,128,0.0281942482097012
1,2,4,9,129,0.0062915133687651
1,2,4,9,130,0.0073977041066345
1,2,4,9,131,0.0723887275465845
1,2,4,9,132,0.012481284978186
1,2,4,9,133,0.0059044654640065
1,2,4,9,134,0.0078893008909404
1,2,4,9,135,0.0984070689694152
1,2,4,9,136,0.011703080374512
1,2,4,9,137,0.0074415359539819
1,2,4,9,138,0.0028409450674439
1,2,4,9,139,0.0008166450268352
1,2,4,9,140,0.0010012146750586
1,2,4,9,141,0.0225897961288709
1,2,4,9,142,0.0309350634469584
1,2,4,9,143,0.008095152758927
1,2,4,9,144,0.0003991510663868
1,2,4,9,145,0.0002932533510661
1,2,4,9,146,0.0005663483619372
1,2,4,9,147,4.408725718663944e-05
1,2,4,9,148,0.0003905031526974
1,2,4,9,149,0.1410013026501314
1,2,4,9,151,0.0086700492598059
1,2,4,9,152,0.0207508768873212
1,2,4,9,153,0.5554569155370284
1,2,4,9,154,0.1887811033343302
1,2,4,9,155,0.0108626862319283
1,2,4,9,156,0.0014029222944199
1,2,4,9,157,0.0144029216192819
1,2,4,9,158,0.0233544111125652
1,2,4,9,159,0.0011629969307307
1,2,4,9,160,0.0103764057026924
1,2,4,9,161,0.0017919704804961
1,2,4,9,162,0.0239579770608039
1,2,4,10,2,0.0393203517831758
1,2,4,10,3,0.1177308590411985
1,2,4,10,4,0.0018608965443125
1,2,4,10,5,0.0231623413147824
1,2,4,10,6,0.0103512496795335
1,2,4,10,8,0.0122304793898064
1,2,4,10,9,0.2268631154359616
1,2,4,10,10,0.0272776051642311
1,2,4,10,11,0.0075864826518108
1,2,4,10,12,0.06700411378011
1,2,4,10,13,1.7073893265973977e-05
1,2,4,10,14,0.3203982263501087
1,2,4,10,15,0.000969572859269
1,2,4,10,18,0.1277819220233866
1,2,4,10,19,0.0005640456792649
1,2,4,10,20,0.0281108510924551
1,2,4,10,23,0.0009239830475276
1,2,4,10,26,0.0003624857113761
1,2,4,10,27,0.0007814531855503
1,2,4,10,29,0.0158825265828175
1,2,4,10,30,0.0033447103020289
1,2,4,10,31,0.0024847359988394
1,2,4,10,32,0.0074082257456279
1,2,4,10,33,0.0797694445538958
1,2,4,10,34,0.0318075012001225
1,2,4,10,35,0.0008404690998497
1,2,4,10,36,0.001214386210496
1,2,4,10,37,0.0007560358738548
1,2,4,10,38,3.281942216177931e-05
1,2,4,10,39,0.0001593989730356
1,2,4,10,40,0.0046189478397923
1,2,4,10,41,0.0010333559945571
1,2,4,10,42,0.0003694386574404
1,2,4,10,43,0.0069423401582126
1,2,4,10,44,0.0093434253126027
1,2,4,10,45,0.1239585745327103
1,2,4,10,47,0.0011991220754903
1,2,4,10,48,0.0010992040872369
1,2,4,10,49,0.0005237774437577
1,2,4,10,50,0.0056502445193082
1,2,4,10,52,0.1393773398878264
1,2,4,10,54,0.2793754585803902
1,2,4,10,55,0.0458579733101309
1,2,4,10,56,0.1918546999323765
1,2,4,10,57,1.401955981365175
1,2,4,10,58,0.0066390216541695
1,2,4,10,59,0.3453669018258918
1,2,4,10,60,0.0135997543348463
1,2,4,10,61,0.0210619189983489
1,2,4,10,62,0.0310594283324338
1,2,4,10,63,0.4487007028475897
1,2,4,10,64,0.0479377911750152
1,2,4,10,65,0.0324826853039903
1,2,4,10,67,0.0107791315646405
1,2,4,10,68,0.0140833190254355
1,2,4,10,69,0.0502947271280322
1,2,4,10,71,0.0147317517101713
1,2,4,10,72,0.1487646667926053
1,2,4,10,74,0.0015939978067755
1,2,4,10,76,0.0016415054012955
1,2,4,10,78,0.0021664796274835
1,2,4,10,80,0.012087354399377
1,2,4,10,82,0.0055538989192186
1,2,4,10,84,0.0649541658190569
1,2,4,10,85,0.0127046713519309
1,2,4,10,86,0.0046459372061664
1,2,4,10,87,0.0012066440796104
1,2,4,10,88,0.0307910671826998
1,2,4,10,89,0.1159447637828989
1,2,4,10,90,0.0400719447140427
1,2,4,10,91,0.0183052253156791
1,2,4,10,92,0.002276049667548
1,2,4,10,93,0.0105558200501899
1,2,4,10,94,0.0068317621895231
1,2,4,10,96,0.2459705518592527
1,2,4,10,97,0.0751508139231459
1,2,4,10,98,0.0011498206117215
1,2,4,10,99,0.0009270344985693
1,2,4,10,100,0.004919104570635
1,2,4,10,101,0.0095450725798312
1,2,4,10,102,0.0092065767513453
1,2,4,10,103,0.0020861500619078
1,2,4,10,107,0.1254519327113938
1,2,4,10,108,0.1533372216436334
1,2,4,10,109,7.621818664098471e-05
1,2,4,10,110,0.4130218840039548
1,2,4,10,111,1.406703151062688
1,2,4,10,112,9.8197478011823e-05
1,2,4,10,113,0.0168686441956249
1,2,4,10,115,0.0043150524161923
1,2,4,10,116,0.0002066644503145
1,2,4,10,117,0.0024158778803764
1,2,4,10,118,0.0005675932227725
1,2,4,10,119,0.0031447156433317
1,2,4,10,120,0.011094492709449
1,2,4,10,121,0.001592974998679
1,2,4,10,122,0.0038069324225543
1,2,4,10,123,0.4526688472433888
1,2,4,10,124,0.0708668526351505
1,2,4,10,125,0.9970021401365684
1,2,4,10,126,0.0232600530728681
1,2,4,10,127,0.0007447923556929
1,2,4,10,128,0.0029393043429206
1,2,4,10,129,0.0043911554071764
1,2,4,10,130,0.0171674877202349
1,2,4,10,131,0.0156550317804966
1,2,4,10,132,0.0174001023894322
1,2,4,10,133,0.0003785518517094
1,2,4,10,134,0.0008439257881346
1,2,4,10,135,0.0055024978575793
1,2,4,10,136,0.0039658502279335
1,2,4,10,137,8.113297029918468e-05
1,2,4,10,138,7.878143213946067e-05
1,2,4,10,139,0.0012400946132906
1,2,4,10,140,0.0012459518645106
1,2,4,10,141,0.0054561764458869
1,2,4,10,142,0.0891807320645625
1,2,4,10,143,0.002257414495655
1,2,4,10,144,0.0016233120956444
1,2,4,10,145,0.0263268075353089
1,2,4,10,148,0.0004577025522825
1,2,4,10,149,0.0003146364630979
1,2,4,10,151,0.0074820985095138
1,2,4,10,152,0.0232876996733948
1,2,4,10,153,2.63372090078327
1,2,4,10,154,1.0160199383629012
1,2,4,10,155,0.0270361749837283
1,2,4,10,156,0.0003612031554612
1,2,4,10,157,0.0889298814844557
1,2,4,10,158,0.0309081824842972
1,2,4,10,159,0.0001012896410768
1,2,4,10,160,0.0002728896453726
1,2,4,10,161,3.810029413625221e-05
1,2,4,10,162,3.669851846752645e-06
1,2,4,11,1,0.0010460414429028
1,2,4,11,2,0.5743130862445716
1,2,4,11,3,0.923243197601957
1,2,4,11,4,0.1564352525908947
1,2,4,11,5,0.6015468396949203
1,2,4,11,6,0.0695859781303069
1,2,4,11,7,0.0008032475916661
1,2,4,11,8,0.1821595132697245
1,2,4,11,9,1.137999322010907
1,2,4,11,10,0.091701688171636
1,2,4,11,11,0.0275074400787803
1,2,4,11,12,0.0855307422617594
1,2,4,11,13,0.0011488444738444
1,2,4,11,14,2.346591539546841
1,2,4,11,15,0.0196595597104134
1,2,4,11,18,0.0412047624939529
1,2,4,11,19,0.0191845938754202
1,2,4,11,20,0.0302176151137842
1,2,4,11,21,0.1688426718802089
1,2,4,11,22,0.2766611079585478
1,2,4,11,28,0.014443077867216
1,2,4,11,31,0.0001717023935956
1,2,4,11,32,0.0749738528844098
1,2,4,11,33,0.2550608399409315
1,2,4,11,34,0.0453853687416047
1,2,4,11,35,0.0128717035914843
1,2,4,11,36,0.0260853450491137
1,2,4,11,37,0.0049482877443516
1,2,4,11,38,0.0014654885640079
1,2,4,11,39,0.0025933084309939
1,2,4,11,40,0.2131569375468616
1,2,4,11,41,0.0008638956616992
1,2,4,11,42,0.0160150228013507
1,2,4,11,43,0.2525163517321515
1,2,4,11,44,0.2641404865522915
1,2,4,11,45,0.0235048479284787
1,2,4,11,46,0.0002477326463434
1,2,4,11,47,0.0085703508384631
1,2,4,11,48,0.0052648065032433
1,2,4,11,49,0.0002537244204014
1,2,4,11,50,0.0056279887727278
1,2,4,11,51,0.0071261072729746
1,2,4,11,52,0.038588169406864
1,2,4,11,53,0.0567998182466254
1,2,4,11,54,0.1510396881131343
1,2,4,11,55,0.0377363809594912
1,2,4,11,56,2.725170026313126
1,2,4,11,57,0.8597601874445554
1,2,4,11,58,4.3336403402245005e-05
1,2,4,11,59,1.758567375259967
1,2,4,11,60,0.2000075413582553
1,2,4,11,61,0.0026992537042973
1,2,4,11,62,0.030985446398052
1,2,4,11,63,0.3689004130430484
1,2,4,11,64,0.0550020807362337
1,2,4,11,65,0.0629373965746969
1,2,4,11,66,0.0276413497980672
1,2,4,11,67,0.0171587706165045
1,2,4,11,68,0.0125182581574654
1,2,4,11,69,0.0591152765583136
1,2,4,11,70,0.0120405101367261
1,2,4,11,71,0.068790039995685
1,2,4,11,72,0.351867261017981
1,2,4,11,73,0.0410534885797439
1,2,4,11,74,0.0071352355158414
1,2,4,11,76,0.0161551333146745
1,2,4,11,77,0.0088033462714788
1,2,4,11,78,0.0011683332436682
1,2,4,11,79,0.0001505324915266
1,2,4,11,80,0.0218221775589873
1,2,4,11,82,0.0019393711086457
1,2,4,11,84,0.0319113368693766
1,2,4,11,85,0.048307543824402
1,2,4,11,86,0.0227170221922096
1,2,4,11,87,0.0072669224591885
1,2,4,11,88,0.0741591829447415
1,2,4,11,89,0.1041982844061275
1,2,4,11,90,0.3373527004678167
1,2,4,11,91,0.0131883581081328
1,2,4,11,92,0.0138848959497492
1,2,4,11,93,0.0333900638974441
1,2,4,11,95,0.3727403694375213
1,2,4,11,96,0.3690573233597165
1,2,4,11,97,0.288790675697524
1,2,4,11,98,0.0006992949874628
1,2,4,11,99,0.0001459391511403
1,2,4,11,100,0.0150014147119259
1,2,4,11,101,0.0387069977463979
1,2,4,11,102,0.0003565175526705
1,2,4,11,103,0.0015613852993539
1,2,4,11,105,2.327294438550293e-07
1,2,4,11,107,3.5083161112070034e-07
1,2,4,11,108,1.0077320478064946e-07
1,2,4,11,109,4.9494396649197026e-05
1,2,4,11,110,0.6342106878269365
1,2,4,11,111,0.360049291093683
1,2,4,11,112,0.0027936697002951
1,2,4,11,113,0.0081561781057675
1,2,4,11,114,2.9800498696170887e-06
1,2,4,11,115,0.0089518742106392
1,2,4,11,116,0.000899030807933
1,2,4,11,117,0.1609482123934329
1,2,4,11,118,0.0120423820881626
1,2,4,11,119,0.482684257329702
1,2,4,11,120,2.293125302890237
1,2,4,11,121,0.0076869312178531
1,2,4,11,122,1.163535616077776
1,2,4,11,123,4.617472068236063
1,2,4,11,124,0.289079479080818
1,2,4,11,125,4.4971839865212075
1,2,4,11,126,1.442452080453961
1,2,4,11,127,0.0533715638777074
1,2,4,11,128,0.1572834704041382
1,2,4,11,129,0.0100076483859162
1,2,4,11,130,0.0123450461194367
1,2,4,11,131,0.0620279643422228
1,2,4,11,132,0.0735122583665155
1,2,4,11,133,0.0334058998552219
1,2,4,11,134,0.0802472059814276
1,2,4,11,135,0.3719256858422878
1,2,4,11,136,0.012799813624886
1,2,4,11,137,0.0057258270904415
1,2,4,11,138,0.0031655523726305
1,2,4,11,139,0.0082922265837538
1,2,4,11,140,0.0082982789509316
1,2,4,11,141,0.0660965139531395
1,2,4,11,142,0.1816285864255944
1,2,4,11,143,0.0348649552123497
1,2,4,11,144,0.0027449022967556
1,2,4,11,145,0.0234087697996028
1,2,4,11,146,0.0005598775098138
1,2,4,11,147,3.6164532088388854e-05
1,2,4,11,148,0.0047386518054898
1,2,4,11,149,0.1846917813307032
1,2,4,11,150,1.400751330342766e-05
1,2,4,11,151,0.0848931372575813
1,2,4,11,152,0.1634881670952298
1,2,4,11,153,0.6955380598059939
1,2,4,11,154,0.2496117726938685
1,2,4,11,155,0.015093146981057
1,2,4,11,156,0.0114346880292572
1,2,4,11,157,0.0117394104603882
1,2,4,11,158,0.0357110417717384
1,2,4,11,159,0.0007057461671752
1,2,4,11,160,0.0397941634499788
1,2,4,11,161,0.0026215925855144
1,2,4,11,162,0.0025103382803636
1,2,4,12,1,0.0013214663471135
1,2,4,12,2,0.0572916723875421
1,2,4,12,3,0.0892057267421335
1,2,4,12,4,0.1385244731037422
1,2,4,12,5,0.0490205753824338
1,2,4,12,6,0.0198050269037689
1,2,4,12,7,0.0104773142073768
1,2,4,12,8,0.0146883567925759
1,2,4,12,9,0.1652485521428027
1,2,4,12,10,0.0157924834609223
1,2,4,12,11,0.0065742557866933
1,2,4,12,12,0.0486361325232806
1,2,4,12,13,0.0004202243445485
1,2,4,12,14,2.0542777244202166
1,2,4,12,15,0.0002263162992905
1,2,4,12,18,0.0002115555495388
1,2,4,12,19,0.0165790742071114
1,2,4,12,20,0.0529211432505352
1,2,4,12,21,0.2630464619732492
1,2,4,12,22,0.0105406548461449
1,2,4,12,25,0.0407825288834729
1,2,4,12,27,0.0001986744378473
1,2,4,12,28,0.0031514289767701
1,2,4,12,29,1.2155537609511745e-07
1,2,4,12,30,0.0071136705139238
1,2,4,12,31,2.126507668217849e-07
1,2,4,12,33,0.0652890136027704
1,2,4,12,34,0.0506855520726514
1,2,4,12,35,0.0009732950781721
1,2,4,12,36,0.0004382844245994
1,2,4,12,37,7.822421686586499e-05
1,2,4,12,38,0.0009863812714915
1,2,4,12,39,0.0011377658544809
1,2,4,12,40,0.0155209115078003
1,2,4,12,41,0.0001920724389556
1,2,4,12,42,8.999271716823492e-05
1,2,4,12,43,0.014315078095818
1,2,4,12,44,0.0200560199983881
1,2,4,12,45,0.0004345216474357
1,2,4,12,46,0.0010712704923593
1,2,4,12,47,0.0013174264586487
1,2,4,12,48,0.0008238101901879
1,2,4,12,49,4.280760094231836e-05
1,2,4,12,50,0.004952653390756
1,2,4,12,51,0.0008176137869892
1,2,4,12,52,0.0004008625050892
1,2,4,12,53,0.0015408261949237
1,2,4,12,54,0.0012309950605573
1,2,4,12,55,0.0052673855703487
1,2,4,12,56,2.312008982080198e-08
1,2,4,12,57,0.6068391792726254
1,2,4,12,58,0.0058802835738509
1,2,4,12,59,0.0126489753833101
1,2,4,12,60,0.0266161710347857
1,2,4,12,61,0.0008272271898151
1,2,4,12,62,0.0072586256711501
1,2,4,12,63,0.0664837656010369
1,2,4,12,64,0.0132260148649437
1,2,4,12,65,0.0047193769135328
1,2,4,12,66,7.465929454915016e-05
1,2,4,12,67,0.0034180446073763
1,2,4,12,68,0.0092611185168908
1,2,4,12,69,0.0521806660053554
1,2,4,12,70,0.0460535935318217
1,2,4,12,71,0.0163393792251112
1,2,4,12,72,0.0031020377919601
1,2,4,12,73,0.0035001126509723
1,2,4,12,74,0.000496905553701
1,2,4,12,76,0.0544059018555574
1,2,4,12,77,0.001260113283273
1,2,4,12,78,0.0002198659143714
1,2,4,12,79,0.0002609773246607
1,2,4,12,80,0.0427772068443452
1,2,4,12,82,5.322656919492688e-05
1,2,4,12,85,0.0029910633167194
1,2,4,12,86,0.0011474089082998
1,2,4,12,87,2.4722769259763577e-05
1,2,4,12,88,0.0057318457250446
1,2,4,12,89,0.0003501607844038
1,2,4,12,90,0.0087362952515339
1,2,4,12,91,0.0017069191955593
1,2,4,12,92,0.0004870674113799
1,2,4,12,93,0.0042283208151717
1,2,4,12,94,1.7039255600537753e-07
1,2,4,12,95,9.094259681797472e-05
1,2,4,12,96,0.5565678783921817
1,2,4,12,97,0.0826861346931173
1,2,4,12,99,6.372495450508202e-06
1,2,4,12,100,9.778333435379228e-07
1,2,4,12,101,0.1519506071076609
1,2,4,12,102,1.2785422636293978e-06
1,2,4,12,103,0.0002803735995579
1,2,4,12,108,0.0015019350682778
1,2,4,12,109,1.794614536595271e-08
1,2,4,12,110,0.001327277500548
1,2,4,12,111,1.5033506659152414
1,2,4,12,112,0.0001322821473426
1,2,4,12,113,0.0020045814588716
1,2,4,12,115,0.0005998459920765
1,2,4,12,116,0.0003124747818277
1,2,4,12,117,0.0016967134144445
1,2,4,12,118,0.0015785901581396
1,2,4,12,119,0.0856144831478228
1,2,4,12,120,0.0114888992087423
1,2,4,12,121,0.0028827161343171
1,2,4,12,122,8.309713745375204e-08
1,2,4,12,123,7.960723095857423
1,2,4,12,124,0.0867960353625075
1,2,4,12,125,0.1840587010846686
1,2,4,12,126,0.0096292018848198
1,2,4,12,127,0.0030108350498847
1,2,4,12,128,0.0099911894626232
1,2,4,12,129,0.0005838714269315
1,2,4,12,130,0.0017508334618095
1,2,4,12,131,0.0067108633524742
1,2,4,12,132,0.0015316503569496
1,2,4,12,133,0.0003696825438497
1,2,4,12,134,0.0026335286453474
1,2,4,12,135,0.0305548932874002
1,2,4,12,136,0.0161891529264112
1,2,4,12,137,0.0001090699817952
1,2,4,12,138,0.0001444158649634
1,2,4,12,142,0.0141917971544414
1,2,4,12,145,0.0053774225169321
1,2,4,12,148,0.0007346373255155
1,2,4,12,149,0.0001980000868619
1,2,4,12,151,0.0463113993076021
1,2,4,12,152,0.0666935683313012
1,2,4,12,153,1.6152565037422622
1,2,4,12,154,0.0484270438538575
1,2,4,12,155,0.0080367682389545
1,2,4,12,156,0.0004758511685595
1,2,4,12,157,0.0262950303265181
1,2,4,12,158,0.0287002938498876
1,2,4,12,159,0.0002450203036089
1,2,4,12,160,0.0012553893876676
1,2,4,12,161,8.960413556092326e-05
1,2,4,12,162,0.0002264608522773
1,2,4,13,1,0.0002679156620384
1,2,4,13,2,0.0388243922035732
1,2,4,13,3,0.027638400731904
1,2,4,13,4,0.0077075886505451
1,2,4,13,5,0.0025485123980442
1,2,4,13,6,0.0065262754417794
1,2,4,13,7,0.0009435751481372
1,2,4,13,8,0.0096382015468837
1,2,4,13,9,0.0376805639206117
1,2,4,13,10,0.0181817561197341
1,2,4,13,11,0.012098555409779
1,2,4,13,12,0.0156582111823255
1,2,4,13,13,0.0002112353609152
1,2,4,13,14,0.1792042856488487
1,2,4,13,15,0.0007959053059747
1,2,4,13,18,0.0038979585802609
1,2,4,13,19,0.0094993855489431
1,2,4,13,20,0.0065723485469296
1,2,4,13,21,0.3893706383377213
1,2,4,13,22,0.1672270126870063
1,2,4,13,24,4.5448366608790765e-05
1,2,4,13,25,8.291998981682134e-05
1,2,4,13,26,0.0018071395889389
1,2,4,13,27,5.668020720603047e-05
1,2,4,13,28,1.7178444046849167e-05
1,2,4,13,29,0.0006320214924301
1,2,4,13,30,9.028769131451128e-05
1,2,4,13,31,6.128948601869392e-05
1,2,4,13,32,0.0019772437138023
1,2,4,13,33,0.0265193881053504
1,2,4,13,34,0.0005430276930487
1,2,4,13,35,0.0002657326443255
1,2,4,13,36,0.0003211512294269
1,2,4,13,37,0.0005465399409669
1,2,4,13,38,0.0002381058415849
1,2,4,13,39,0.0016378406613033
1,2,4,13,40,0.0089723013838296
1,2,4,13,41,0.0020640420449524
1,2,4,13,42,0.0005895057753582
1,2,4,13,43,0.020648501745729
1,2,4,13,44,0.0077773507930905
1,2,4,13,45,0.0005720418504053
1,2,4,13,46,0.0019771891653894
1,2,4,13,47,0.0009815981248717
1,2,4,13,48,0.0028553895275983
1,2,4,13,49,0.000252093823412
1,2,4,13,50,0.0009119642093982
1,2,4,13,51,3.224633007222964e-05
1,2,4,13,52,0.000725373233407
1,2,4,13,53,0.0011822266053749
1,2,4,13,54,0.0026628503428642
1,2,4,13,55,0.0079851474173445
1,2,4,13,56,0.0009169090075668
1,2,4,13,57,0.942887031104783
1,2,4,13,58,0.0170010298522515
1,2,4,13,59,0.0193842963029386
1,2,4,13,60,0.0057743993463613
1,2,4,13,61,0.0004246677612504
1,2,4,13,62,0.0030743503690077
1,2,4,13,63,0.5006671061050968
1,2,4,13,64,0.0006827045585214
1,2,4,13,65,0.0004782341333365
1,2,4,13,66,0.0003374223989114
1,2,4,13,67,0.0016061930639808
1,2,4,13,68,0.0060969936497785
1,2,4,13,69,0.1026163306513679
1,2,4,13,70,0.0107656365679206
1,2,4,13,71,0.0103411089603137
1,2,4,13,72,0.0044215520174943
1,2,4,13,73,0.0019285811481609
1,2,4,13,74,1.6170938451322992e-05
1,2,4,13,75,1.4482554633658548e-07
1,2,4,13,76,0.0011817053594645
1,2,4,13,77,0.0010713987994114
1,2,4,13,78,1.945473357726523e-05
1,2,4,13,79,7.052740012632048e-06
1,2,4,13,80,0.0011919473060962
1,2,4,13,81,4.203512690138598e-05
1,2,4,13,82,1.9949817458302364e-06
1,2,4,13,83,1.3724638522923563e-06
1,2,4,13,85,0.0514546823862732
1,2,4,13,86,0.0009881757266791
1,2,4,13,87,0.0024542102032085
1,2,4,13,88,0.0019788968305291
1,2,4,13,89,0.0149139763806367
1,2,4,13,90,0.01250582285876
1,2,4,13,91,0.0004729573877325
1,2,4,13,92,0.003256231032834
1,2,4,13,93,0.0020091603415165
1,2,4,13,94,0.0708859893471163
1,2,4,13,95,0.1180302916888484
1,2,4,13,96,0.2234770420380722
1,2,4,13,97,0.0130238240989877
1,2,4,13,99,0.0089580081258845
1,2,4,13,100,0.0513544171754986
1,2,4,13,101,0.0067206245945601
1,2,4,13,102,0.0010161215173136
1,2,4,13,108,1.6077845872170446e-05
1,2,4,13,109,3.463258616142572e-13
1,2,4,13,110,9.875411993887632e-05
1,2,4,13,111,0.090105655151413
1,2,4,13,112,0.0009295579300428
1,2,4,13,113,0.0020666853999664
1,2,4,13,114,2.5161537044519917e-05
1,2,4,13,115,0.0007105592125996
1,2,4,13,116,0.00365781116426
1,2,4,13,117,0.0035687633440164
1,2,4,13,118,0.0005920412066178
1,2,4,13,119,0.0296941218435593
1,2,4,13,120,0.0190441953246762
1,2,4,13,121,9.104332338840958e-06
1,2,4,13,122,0.0001071888242574
1,2,4,13,123,0.4053650293552235
1,2,4,13,124,0.0437189984172221
1,2,4,13,125,0.1081304465637533
1,2,4,13,126,0.0023444660013795
1,2,4,13,127,0.0035656057422783
1,2,4,13,128,0.0044186011144787
1,2,4,13,129,0.0005374731372676
1,2,4,13,130,0.0245033821585801
1,2,4,13,131,0.0092593602830925
1,2,4,13,132,0.002146349782416
1,2,4,13,133,0.0005195084250813
1,2,4,13,134,0.0057218082196285
1,2,4,13,135,0.0225806327405858
1,2,4,13,136,0.0001575504893363
1,2,4,13,137,0.0010636320244688
1,2,4,13,138,0.0004199817328127
1,2,4,13,142,0.0001237176322881
1,2,4,13,145,6.179835300926586e-05
1,2,4,13,148,0.0109994477100651
1,2,4,13,149,0.0001288648891641
1,2,4,13,151,0.0020619669687035
1,2,4,13,152,0.0025843694555867
1,2,4,13,153,0.1388721582617933
1,2,4,13,154,0.0748602824266915
1,2,4,13,155,0.0060228022144325
1,2,4,13,156,0.0018715766547347
1,2,4,13,157,0.0124948919113688
1,2,4,13,158,0.0026260784462251
1,2,4,13,159,0.0002277258255152
1,2,4,13,160,0.0024423797798063
1,2,4,13,161,0.0027425245630251
1,2,4,13,162,0.0034724063111023
1,2,4,14,1,0.0346730012100618
1,2,4,14,2,0.1542384098424117
1,2,4,14,3,0.1472949344123185
1,2,4,14,4,0.0224302373877531
1,2,4,14,5,0.1736408553143602
1,2,4,14,6,0.064287670888867
1,2,4,14,7,2.225035482481763e-05
1,2,4,14,8,0.0123313543775698
1,2,4,14,9,0.0947921594648439
1,2,4,14,10,0.0276510135232537
1,2,4,14,11,0.0304293290834364
1,2,4,14,12,0.0505216834793494
1,2,4,14,13,9.780333701369764e-05
1,2,4,14,14,0.1454105372400582
1,2,4,14,15,0.0016795113194043
1,2,4,14,18,0.0113827239588112
1,2,4,14,19,0.0073835204847182
1,2,4,14,20,0.0013482285206184
1,2,4,14,21,0.4038643364936259
1,2,4,14,22,0.033642579643562
1,2,4,14,23,0.0001242057247963
1,2,4,14,28,0.0048626504874654
1,2,4,14,31,0.93082982052984
1,2,4,14,32,0.023360116382989
1,2,4,14,33,0.0814626611935671
1,2,4,14,34,0.001509515465351
1,2,4,14,35,0.0336512040908969
1,2,4,14,36,0.0372243976362654
1,2,4,14,37,0.0098733076598026
1,2,4,14,38,0.0011577087935253
1,2,4,14,39,0.0136083240807335
1,2,4,14,40,0.0104503688586738
1,2,4,14,41,0.0010552896041961
1,2,4,14,42,0.0026241690042276
1,2,4,14,43,0.0250065896804448
1,2,4,14,44,0.0296063406608111
1,2,4,14,45,0.0335042587116847
1,2,4,14,46,0.0410624501537115
1,2,4,14,47,0.0029939860760029
1,2,4,14,48,0.0017223473537258
1,2,4,14,49,0.0045276159941158
1,2,4,14,50,0.012373937574365
1,2,4,14,52,0.047173722552177
1,2,4,14,54,0.1153529745678843
1,2,4,14,55,0.1782726210668928
1,2,4,14,56,0.0773790106680604
1,2,4,14,57,0.9548984881731558
1,2,4,14,58,0.0009190606714452
1,2,4,14,59,6.7863127138139365
1,2,4,14,61,0.0026726887268523
1,2,4,14,62,0.0110754715717642
1,2,4,14,63,0.2106165309578986
1,2,4,14,64,0.006541016173496
1,2,4,14,65,0.0650619893142854
1,2,4,14,67,0.0090667508718319
1,2,4,14,68,0.0105489809599094
1,2,4,14,69,0.1535788163457657
1,2,4,14,71,0.0834472966861935
1,2,4,14,72,0.07596491206259
1,2,4,14,74,0.003363608053092
1,2,4,14,76,0.0117483643895947
1,2,4,14,78,0.0070270676903185
1,2,4,14,80,0.0082932186755246
1,2,4,14,82,0.0002732496053108
1,2,4,14,84,0.0182905552894368
1,2,4,14,85,0.0237657145707481
1,2,4,14,86,0.0110409428569352
1,2,4,14,87,0.009924084795094
1,2,4,14,88,0.0187048696244101
1,2,4,14,89,0.0618448086840079
1,2,4,14,90,0.0152541241314308
1,2,4,14,91,0.0055044197660251
1,2,4,14,92,0.0007720768164567
1,2,4,14,93,0.0136074211900851
1,2,4,14,94,0.0163037116861414
1,2,4,14,96,1.3217139247458414
1,2,4,14,97,0.178462828250078
1,2,4,14,98,0.0001009783206368
1,2,4,14,99,0.0106269119876074
1,2,4,14,100,0.077243565058456
1,2,4,14,101,0.0050936268238648
1,2,4,14,102,0.0259266335730892
1,2,4,14,107,0.0003616513624485
1,2,4,14,108,2.105449710119123e-05
1,2,4,14,109,0.0001201778617543
1,2,4,14,110,0.0878773217366784
1,2,4,14,111,1.0292087991614791
1,2,4,14,112,0.001745235427937
1,2,4,14,113,0.0125155792328838
1,2,4,14,115,0.0082854231808438
1,2,4,14,116,0.0013555596428741
1,2,4,14,117,0.0843181443748542
1,2,4,14,118,0.0214055875867571
1,2,4,14,119,0.1545074480251187
1,2,4,14,120,0.0616534390394424
1,2,4,14,121,0.0003185974974842
1,2,4,14,122,0.0370116626255586
1,2,4,14,123,0.0001016415181908
1,2,4,14,124,0.0111428313755359
1,2,4,14,125,0.3772534599006382
1,2,4,14,126,0.0719149432657216
1,2,4,14,127,0.0127655922372788
1,2,4,14,128,0.0194056955470837
1,2,4,14,129,0.0023828818124506
1,2,4,14,130,0.0022998762754776
1,2,4,14,131,0.0412161933035357
1,2,4,14,132,0.0125648590671384
1,2,4,14,133,0.0152037638189834
1,2,4,14,134,0.0194663266643867
1,2,4,14,135,0.0976525719531308
1,2,4,14,136,0.0051660492651858
1,2,4,14,137,0.0016938276356369
1,2,4,14,138,0.0050595387863799
1,2,4,14,139,0.0012093020137586
1,2,4,14,140,0.0012254448127937
1,2,4,14,141,0.0080593700377488
1,2,4,14,142,0.0258691417914765
1,2,4,14,143,0.0043102956910401
1,2,4,14,144,0.0003826488177618
1,2,4,14,145,0.0218699694730789
1,2,4,14,148,0.00207199572515
1,2,4,14,149,0.0071422464832773
1,2,4,14,151,0.0544408061347623
1,2,4,14,152,0.1494142285823469
1,2,4,14,153,1.100905185916497
1,2,4,14,154,0.1203877847693568
1,2,4,14,155,0.0089004297487764
1,2,4,14,156,0.0009449017097948
1,2,4,14,157,0.0199795703386
1,2,4,14,158,0.0269515171240791
1,2,4,14,159,0.00085502520694
1,2,4,14,160,0.0102424036941332
1,2,4,14,161,0.0011478384854838
1,2,4,15,2,0.0231790374732011
1,2,4,15,3,0.0329864321586245
1,2,4,15,4,0.0036794906411153
1,2,4,15,5,0.0053826722935123
1,2,4,15,8,0.0488859197828166
1,2,4,15,9,1.6553098859920328
1,2,4,15,10,0.016907357839059
1,2,4,15,11,0.0010107681382775
1,2,4,15,12,0.067224685993108
1,2,4,15,13,3.222616118325936e-06
1,2,4,15,14,1.9955432456399644
1,2,4,15,15,4.526512328770729e-05
1,2,4,15,18,0.0057393952659753
1,2,4,15,19,0.0082771151799018
1,2,4,15,20,0.0068695090782955
1,2,4,15,21,1.515857326323376e-16
1,2,4,15,22,0.0662974662295738
1,2,4,15,23,2.538572334870721e-19
1,2,4,15,24,8.342583438419678e-16
1,2,4,15,25,1.2859421786477108e-06
1,2,4,15,26,0.0051360243548163
1,2,4,15,27,1.2392292794574663e-06
1,2,4,15,28,8.046049618669783e-06
1,2,4,15,29,0.0005799822486793
1,2,4,15,30,0.0032233357978154
1,2,4,15,31,1.2859421917390952e-06
1,2,4,15,32,0.002621811973332
1,2,4,15,33,0.0368449869817484
1,2,4,15,34,0.0007014749235553
1,2,4,15,35,0.0184506528222538
1,2,4,15,36,0.0066291538142995
1,2,4,15,37,0.001729889763878
1,2,4,15,38,0.0006883548801682
1,2,4,15,39,0.000112102758675
1,2,4,15,40,0.0332473581810678
1,2,4,15,41,0.0001590636704004
1,2,4,15,42,0.0012762349247582
1,2,4,15,43,0.0241699846959541
1,2,4,15,44,0.013038313619237
1,2,4,15,45,0.0108062571820569
1,2,4,15,47,0.0020377142534762
1,2,4,15,48,6.408088506120749e-05
1,2,4,15,49,7.640725401662172e-05
1,2,4,15,50,0.0063035728709959
1,2,4,15,51,0.0010181819462374
1,2,4,15,52,0.0038189591230409
1,2,4,15,53,3.885671858710244e-05
1,2,4,15,54,0.0012013077121644
1,2,4,15,55,0.0051942716243344
1,2,4,15,56,1.77657834205662e-15
1,2,4,15,57,0.0293579452994857
1,2,4,15,58,4.394914056125678e-05
1,2,4,15,59,0.0055603121191063
1,2,4,15,60,0.023307460636329
1,2,4,15,61,8.686922257846751e-06
1,2,4,15,62,3.09944953941521e-05
1,2,4,15,63,0.2440651367776141
1,2,4,15,64,0.0153452358206912
1,2,4,15,65,0.020267554377056
1,2,4,15,66,0.0148351529170979
1,2,4,15,67,0.0038079181543536
1,2,4,15,68,0.0106217262069965
1,2,4,15,69,0.087520575825397
1,2,4,15,70,0.0159459095008623
1,2,4,15,71,0.0188592233178
1,2,4,15,72,0.0019932621358218
1,2,4,15,74,0.0524957173295008
1,2,4,15,76,0.0134309896338178
1,2,4,15,77,0.1130438742474847
1,2,4,15,78,0.0012791908039054
1,2,4,15,79,0.0019058938065436
1,2,4,15,80,0.0024343368209686
1,2,4,15,82,0.0069330692618693
1,2,4,15,85,0.024078058843554
1,2,4,15,86,0.0163404153442709
1,2,4,15,87,0.098966104040183
1,2,4,15,88,0.0383668161756911
1,2,4,15,89,0.0379529177256532
1,2,4,15,90,0.0434094995078561
1,2,4,15,91,0.0305349748686233
1,2,4,15,92,0.0566166004815892
1,2,4,15,93,0.0138811600554972
1,2,4,15,94,3.776262937239634e-06
1,2,4,15,95,1.6812185866071966e-08
1,2,4,15,96,1.0116483250498345
1,2,4,15,97,0.6716255229692838
1,2,4,15,99,8.725097325108334e-16
1,2,4,15,100,0.0001663577507617
1,2,4,15,101,0.0535594847255141
1,2,4,15,102,0.0102205396425027
1,2,4,15,108,0.005171160664042
1,2,4,15,109,0.0035280334565464
1,2,4,15,110,0.000231939292777
1,2,4,15,112,0.0012974598786211
1,2,4,15,113,0.0008333498254087
1,2,4,15,115,0.0475595971978071
1,2,4,15,116,0.0521076304064851
1,2,4,15,117,0.0685142152540061
1,2,4,15,118,0.0047224541809391
1,2,4,15,119,0.043335640578964
1,2,4,15,120,0.0405416417643939
1,2,4,15,121,0.1662774623353073
1,2,4,15,122,0.3380674770039867
1,2,4,15,123,0.1055211895808312
1,2,4,15,124,0.1023818759023157
1,2,4,15,125,4.343328670257866
1,2,4,15,126,0.0314681998446266
1,2,4,15,127,0.0213070783889318
1,2,4,15,128,0.0197230330982631
1,2,4,15,129,0.0032340244672654
1,2,4,15,130,0.0057189720488145
1,2,4,15,131,0.0612120096105765
1,2,4,15,132,0.3273607891651716
1,2,4,15,133,0.0219869674802234
1,2,4,15,134,0.0047975303207748
1,2,4,15,135,0.0643277698270852
1,2,4,15,136,0.0069297326236359
1,2,4,15,137,0.0050896017344842
1,2,4,15,138,0.0006843383473377
1,2,4,15,139,1.906718824024381e-16
1,2,4,15,140,0.0002309066620091
1,2,4,15,141,3.535055090659923e-05
1,2,4,15,142,0.0003893644950381
1,2,4,15,143,3.14861354425102e-17
1,2,4,15,144,1.1376443593107092e-05
1,2,4,15,145,0.0001305910363001
1,2,4,15,146,3.645377191631604e-19
1,2,4,15,147,1.2474929607101674e-20
1,2,4,15,148,0.0008013070063834
1,2,4,15,149,0.0102599714789014
1,2,4,15,150,7.155863281449157e-20
1,2,4,15,151,0.0276894911581325
1,2,4,15,152,0.077560090489115
1,2,4,15,153,0.2106048745111526
1,2,4,15,154,0.0165594228885548
1,2,4,15,155,0.0004211321806111
1,2,4,15,156,5.687556900235905e-05
1,2,4,15,157,0.0057558917275593
1,2,4,15,158,0.0038355599763551
1,2,4,15,159,0.0004795193245274
1,2,4,15,160,0.0035370590955521
1,2,4,15,161,0.0066185833608054
1,2,4,15,162,2.653351608353297e-05
1,2,4,16,1,0.1527166462931324
1,2,4,16,2,0.1492821982698404
1,2,4,16,3,0.153308328992279
1,2,4,16,4,0.1047889955989614
1,2,4,16,5,0.0206697391452958
1,2,4,16,6,0.0120727881110111
1,2,4,16,7,0.0008944977075444
1,2,4,16,8,0.2136003148368705
1,2,4,16,9,0.3139622275085437
1,2,4,16,10,0.054216966866101
1,2,4,16,11,0.0634674972375436
1,2,4,16,12,0.0812988184553475
1,2,4,16,13,0.0374472292485031
1,2,4,16,14,1.2644978355057952
1,2,4,16,15,0.0191608721334717
1,2,4,16,18,0.0199800262949512
1,2,4,16,19,0.0029144544487782
1,2,4,16,20,0.0056588258867274
1,2,4,16,21,0.4334874510902732
1,2,4,16,22,0.7265958350982855
1,2,4,16,26,1.0827865564503255e-05
1,2,4,16,28,9.873288364973932e-05
1,2,4,16,30,0.0001023565926404
1,2,4,16,32,0.0616211925709373
1,2,4,16,33,0.2390685144294729
1,2,4,16,34,0.0538012021577454
1,2,4,16,35,0.0059686849147285
1,2,4,16,36,0.0046557433175517
1,2,4,16,37,0.0005740948051135
1,2,4,16,38,0.0014086646037576
1,2,4,16,39,0.0041395838309288
1,2,4,16,40,0.0454802353362146
1,2,4,16,41,0.0026877984280561
1,2,4,16,42,0.0005463667346167
1,2,4,16,43,0.1033967016802797
1,2,4,16,44,0.1270217462697793
1,2,4,16,45,0.0100233090282649
1,2,4,16,46,0.0001497205042152
1,2,4,16,47,0.0147623200816828
1,2,4,16,48,0.0174304745614302
1,2,4,16,49,0.0047459900190003
1,2,4,16,50,0.0019426426574798
1,2,4,16,51,0.0033242081690368
1,2,4,16,52,0.0040672452180022
1,2,4,16,53,0.0342553244974058
1,2,4,16,54,0.0809286212399677
1,2,4,16,55,0.0558856266558729
1,2,4,16,56,0.0100664067229207
1,2,4,16,57,1.4103824072901778
1,2,4,16,58,0.0010283443815016
1,2,4,16,59,0.8437129365854115
1,2,4,16,60,0.159293882414804
1,2,4,16,61,0.000549362575815
1,2,4,16,62,0.0005258916179042
1,2,4,16,63,0.3988402560222908
1,2,4,16,64,0.0601399168743338
1,2,4,16,65,0.1396344942488351
1,2,4,16,66,0.0457929106533438
1,2,4,16,67,0.1166759720570576
1,2,4,16,68,0.0187877444385669
1,2,4,16,69,0.2548133887954073
1,2,4,16,70,0.0645583636286216
1,2,4,16,71,0.1165188699800146
1,2,4,16,72,0.350202649206585
1,2,4,16,73,0.2538965420796411
1,2,4,16,74,0.0121601372278023
1,2,4,16,76,0.0186328248465431
1,2,4,16,77,0.0397054729475475
1,2,4,16,78,0.0044846899711607
1,2,4,16,79,0.0380369011151872
1,2,4,16,80,0.0342810394904069
1,2,4,16,81,0.0069378646854659
1,2,4,16,82,0.000309455544329
1,2,4,16,84,0.0509637562814921
1,2,4,16,85,0.0951746760800952
1,2,4,16,86,0.0698735684694387
1,2,4,16,87,0.0035076905942859
1,2,4,16,88,0.078602824479052
1,2,4,16,89,0.0139930679429343
1,2,4,16,90,0.0065022205932923
1,2,4,16,91,0.0003486527337192
1,2,4,16,92,0.0002372804052806
1,2,4,16,93,0.0029976454597602
1,2,4,16,94,0.0006401438238926
1,2,4,16,95,0.0096043186501163
1,2,4,16,96,1.8579090320395808
1,2,4,16,97,0.7815077246859486
1,2,4,16,99,3.8486922945695514e-05
1,2,4,16,100,0.0001920591300602
1,2,4,16,101,0.1452985685476884
1,2,4,16,102,0.1376365219063858
1,2,4,16,103,0.0024325885979461
1,2,4,16,104,0.0058510987402558
1,2,4,16,107,0.0681293778916089
1,2,4,16,108,0.0118234476435425
1,2,4,16,109,0.1695524301490435
1,2,4,16,110,0.2262847092281742
1,2,4,16,111,1.7629104127466215
1,2,4,16,112,0.010279222291444
1,2,4,16,113,0.0290755861572558
1,2,4,16,114,0.0010512290791093
1,2,4,16,115,0.0234957673401722
1,2,4,16,116,0.0014608370929364
1,2,4,16,117,0.1380227516070532
1,2,4,16,118,0.2164487970765095
1,2,4,16,119,0.798832514938722
1,2,4,16,120,0.2423514273389358
1,2,4,16,121,0.0197173576556571
1,2,4,16,122,0.0767006900300542
1,2,4,16,123,4.7421322964311345
1,2,4,16,124,0.2788262388617723
1,2,4,16,125,0.5112557335610031
1,2,4,16,126,0.1207620704778
1,2,4,16,127,0.0633032594865256
1,2,4,16,128,0.1755528062564981
1,2,4,16,129,0.0314477042080389
1,2,4,16,130,0.0406731108472914
1,2,4,16,131,0.0437671536317949
1,2,4,16,132,0.0107759197132159
1,2,4,16,133,0.0100177176831041
1,2,4,16,134,0.009834635125479
1,2,4,16,135,0.1219784551215053
1,2,4,16,136,0.0006512902302678
1,2,4,16,137,0.0011426605661471
1,2,4,16,138,0.0004915637902049
1,2,4,16,139,0.002385498782827
1,2,4,16,140,0.0027004923699609
1,2,4,16,141,0.0033827068356667
1,2,4,16,142,0.0024401931672264
1,2,4,16,143,0.0005751012407946
1,2,4,16,144,0.0012079631261003
1,2,4,16,145,0.0021519272978277
1,2,4,16,146,0.000259682534295
1,2,4,16,147,1.4161802010547152e-05
1,2,4,16,148,0.0001139552186338
1,2,4,16,149,0.0306828199333839
1,2,4,16,150,3.0119009883233715e-05
1,2,4,16,151,0.083287745566993
1,2,4,16,152,0.167188284226298
1,2,4,16,153,0.562867167044809
1,2,4,16,154,0.1435841988982188
1,2,4,16,155,0.0123231010882412
1,2,4,16,156,0.0009921927105245
1,2,4,16,157,0.0215056198009505
1,2,4,16,158,0.0307784649276755
1,2,4,16,159,0.0001044766811438
1,2,4,16,160,0.009142755728623
1,2,4,16,161,0.0005326611875559
1,2,4,16,162,0.0051864990920246
1,2,4,17,2,0.1856469478216522
1,2,4,17,3,0.2570891228173929
1,2,4,17,4,0.0211635005506762
1,2,4,17,5,0.1248034946636849
1,2,4,17,6,0.0655527457837359
1,2,4,17,7,0.0005171822468743
1,2,4,17,8,0.0881087161032163
1,2,4,17,9,0.111248995762207
1,2,4,17,10,0.0074546043800425
1,2,4,17,11,0.0111345544194562
1,2,4,17,12,0.0408572676801196
1,2,4,17,13,0.0001140105831951
1,2,4,17,14,0.2477016116524511
1,2,4,17,15,1.2850344512150986e-06
1,2,4,17,18,0.1355644985524247
1,2,4,17,19,0.0769485958613353
1,2,4,17,20,0.000509776086752
1,2,4,17,21,0.2107362326312197
1,2,4,17,23,0.0290171323296361
1,2,4,17,25,2.8671025364195193e-08
1,2,4,17,26,6.667978715553095e-05
1,2,4,17,27,6.71254124631405e-11
1,2,4,17,28,7.11735007339953e-06
1,2,4,17,29,1.0282586854232688e-08
1,2,4,17,30,2.5011458944388067e-08
1,2,4,17,31,4.139718774078446e-06
1,2,4,17,32,0.0149008551430171
1,2,4,17,33,0.0650712774246906
1,2,4,17,34,0.0004776560640572
1,2,4,17,35,0.0010405024480532
1,2,4,17,36,0.0008635763909833
1,2,4,17,37,0.0014710386740713
1,2,4,17,38,0.0003181911794118
1,2,4,17,39,0.0007274903205961
1,2,4,17,40,0.0046804793375241
1,2,4,17,41,2.532238274465737e-05
1,2,4,17,42,0.0050392936685385
1,2,4,17,43,0.014155929535414
1,2,4,17,44,0.0084506494480875
1,2,4,17,45,0.0172272076003228
1,2,4,17,46,0.0016938087262079
1,2,4,17,47,0.0171401451890524
1,2,4,17,48,0.0097987646316099
1,2,4,17,49,0.0033191113132711
1,2,4,17,50,0.0176328182967799
1,2,4,17,51,0.0008770345802873
1,2,4,17,52,0.0042427290830268
1,2,4,17,53,0.0032454629066774
1,2,4,17,54,0.0101361256587633
1,2,4,17,55,0.016349032259594
1,2,4,17,57,0.7543748123604463
1,2,4,17,58,2.753843248327887e-05
1,2,4,17,59,0.4279420722723849
1,2,4,17,60,0.0339814258739652
1,2,4,17,61,0.0072995825977586
1,2,4,17,62,0.0680035915719672
1,2,4,17,63,0.0082372120951932
1,2,4,17,64,0.1623287642178008
1,2,4,17,65,0.0083276083803363
1,2,4,17,66,0.001984446981883
1,2,4,17,67,0.0016800092810723
1,2,4,17,68,0.0008739858980232
1,2,4,17,69,0.1253189795143188
1,2,4,17,70,0.014703917055212
1,2,4,17,71,0.050526728767141
1,2,4,17,72,0.0005190076515591
1,2,4,17,74,0.000155073865477
1,2,4,17,76,1.8901676957097557e-05
1,2,4,17,78,0.0016585813812309
1,2,4,17,80,0.0001121940592913
1,2,4,17,82,0.0064036719920889
1,2,4,17,84,0.0003973343027887
1,2,4,17,85,0.0098567024409558
1,2,4,17,86,0.0005043564594641
1,2,4,17,87,3.510058935204563e-05
1,2,4,17,88,0.0038894528647701
1,2,4,17,89,0.0156618168834055
1,2,4,17,90,0.0001967176826378
1,2,4,17,91,0.0012481274553853
1,2,4,17,92,0.0021954525110138
1,2,4,17,93,0.0120759639882341
1,2,4,17,94,3.2627882361280335e-10
1,2,4,17,96,0.0054043059292419
1,2,4,17,97,1.3700035683202948e-05
1,2,4,17,98,3.200021197633869e-05
1,2,4,17,99,1.9454266964252425e-05
1,2,4,17,100,0.0090520977757488
1,2,4,17,101,7.994858250378794e-07
1,2,4,17,102,0.0004932286348222
1,2,4,17,108,0.0072865884367909
1,2,4,17,109,0.028923600667243
1,2,4,17,110,0.0753246767904916
1,2,4,17,111,0.3846842065696579
1,2,4,17,112,0.0353879249007688
1,2,4,17,113,0.0131569969713332
1,2,4,17,114,0.0054003082886092
1,2,4,17,115,0.0313320404050845
1,2,4,17,116,0.003421821502138
1,2,4,17,117,0.0905189083217649
1,2,4,17,118,0.0042552456095119
1,2,4,17,119,0.0067845702609311
1,2,4,17,120,0.2964199431409209
1,2,4,17,121,0.115038597498883
1,2,4,17,122,0.1109589536635437
1,2,4,17,123,0.4073649830141903
1,2,4,17,124,0.0066677549519771
1,2,4,17,125,0.012598906405716
1,2,4,17,126,0.0145361550582309
1,2,4,17,127,0.0021100008937909
1,2,4,17,128,0.001242300585484
1,2,4,17,129,0.0002692292781523
1,2,4,17,130,6.050288550882296e-05
1,2,4,17,131,0.0170119080495755
1,2,4,17,132,0.0014029486123895
1,2,4,17,133,0.00088390137912
1,2,4,17,134,0.0003557792128594
1,2,4,17,135,0.0082400724380054
1,2,4,17,136,0.0001977036872364
1,2,4,17,137,5.303910258827581e-05
1,2,4,17,138,3.767909609844936e-05
1,2,4,17,139,0.0001247245926827
1,2,4,17,140,0.0004128007868767
1,2,4,17,142,0.0019768403283601
1,2,4,17,145,0.000111753616222
1,2,4,17,148,0.000307538803771
1,2,4,17,149,0.0073891102067017
1,2,4,17,151,0.0096291716016525
1,2,4,17,152,0.0171130456294784
1,2,4,17,153,0.1068180152413968
1,2,4,17,154,0.0014304463918688
1,2,4,17,155,0.0002463075816876
1,2,4,17,156,0.0002884438395685
1,2,4,17,157,0.001971210622049
1,2,4,17,158,0.0013753997398989
1,2,4,17,159,0.0008352576230844
1,2,4,17,160,0.0005693936228555
1,2,4,17,161,0.0002701419104676
1,2,4,17,162,6.59309047254602e-06
1,2,4,18,2,0.0893007437636547
1,2,4,18,3,0.0099082845673108
1,2,4,18,4,0.0027194071488985
1,2,4,18,5,0.0002118870975888
1,2,4,18,8,0.0009749121337152
1,2,4,18,9,0.0309408382749158
1,2,4,18,10,0.0023959200510497
1,2,4,18,11,5.562687776275202e-05
1,2,4,18,12,0.0013140965364915
1,2,4,18,13,1.3043133128030217e-05
1,2,4,18,14,0.0139104618409092
1,2,4,18,15,7.943063338746044e-06
1,2,4,18,18,0.001523747953198
1,2,4,18,19,0.0001744875442167
1,2,4,18,33,0.0024037729392882
1,2,4,18,35,0.0001550419042846
1,2,4,18,36,0.0001400432089238
1,2,4,18,37,1.4051913654033731e-05
1,2,4,18,38,6.539942169906047e-05
1,2,4,18,39,0.0002501530513611
1,2,4,18,40,0.0003654620032269
1,2,4,18,41,6.343990000693924e-05
1,2,4,18,42,6.120370257626936e-05
1,2,4,18,43,0.000341884462326
1,2,4,18,44,0.0008185658211573
1,2,4,18,45,0.0002127782169224
1,2,4,18,46,0.0003215678689912
1,2,4,18,47,0.0035164179938832
1,2,4,18,48,0.0067961099123509
1,2,4,18,50,0.0011456494482186
1,2,4,18,51,7.463418688521751e-05
1,2,4,18,52,9.564770857837214e-05
1,2,4,18,53,5.745979526992104e-05
1,2,4,18,54,0.0005177874613268
1,2,4,18,55,0.0005336168965651
1,2,4,18,59,9.503743033031216e-05
1,2,4,18,60,0.0003763808436229
1,2,4,18,61,0.000110800649346
1,2,4,18,62,5.746549035040477e-05
1,2,4,18,63,0.0161186423213132
1,2,4,18,64,3.020927690770514e-05
1,2,4,18,65,0.0003109550849176
1,2,4,18,66,0.0002054598213114
1,2,4,18,67,0.0062379390137829
1,2,4,18,68,0.0022093476059006
1,2,4,18,69,0.0216890832991536
1,2,4,18,70,0.0692594350758664
1,2,4,18,71,0.0124393150580822
1,2,4,18,72,0.0028159042366927
1,2,4,18,73,0.0682756628363416
1,2,4,18,74,0.0002936573055521
1,2,4,18,76,3.1810652047396364e-05
1,2,4,18,78,1.067495384602255e-05
1,2,4,18,80,0.0012030950185267
1,2,4,18,81,0.000122479824385
1,2,4,18,82,4.245561527525112e-05
1,2,4,18,84,0.000590735172232
1,2,4,18,85,0.0018744592222684
1,2,4,18,86,0.0001357671394014
1,2,4,18,87,7.886697796584027e-05
1,2,4,18,88,9.69533458932424e-06
1,2,4,18,89,0.0008901297374636
1,2,4,18,90,1.170089458281807e-05
1,2,4,18,91,0.0002643996150994
1,2,4,18,92,0.0020031813824419
1,2,4,18,93,0.0006947922609056
1,2,4,18,97,0.053142980795005
1,2,4,18,99,1.3372029558983984e-06
1,2,4,18,100,9.736442520845434e-05
1,2,4,18,101,5.819696409390324e-06
1,2,4,18,102,0.0097803199283504
1,2,4,18,103,1.4183796182449006e-07
1,2,4,18,108,2.252795900436469e-06
1,2,4,18,109,1.9252434308809197e-05
1,2,4,18,110,4.3449901530310294e-05
1,2,4,18,112,4.8253491789238795e-05
1,2,4,18,113,0.0015714321917612
1,2,4,18,115,0.0069055185777967
1,2,4,18,116,0.003197654588703
1,2,4,18,117,0.0033103528510535
1,2,4,18,118,0.0199692693683676
1,2,4,18,119,0.0132336307952655
1,2,4,18,120,0.0050529554985459
1,2,4,18,121,7.98257809289481e-06
1,2,4,18,122,1.4774561105703154e-06
1,2,4,18,123,0.2676062035937916
1,2,4,18,124,5.775136915400099e-07
1,2,4,18,125,1.5433051512931644
1,2,4,18,126,0.0070570555457331
1,2,4,18,127,0.0288175100160477
1,2,4,18,128,0.0178074268506857
1,2,4,18,129,0.0003872776856858
1,2,4,18,130,0.006851155190737
1,2,4,18,131,0.0062698308816502
1,2,4,18,132,0.0030728495669991
1,2,4,18,133,0.001118297916758
1,2,4,18,134,0.0011360854989167
1,2,4,18,135,0.0104713722255646
1,2,4,18,136,0.0001321764256908
1,2,4,18,137,0.000121516997227
1,2,4,18,138,0.0001504156729025
1,2,4,18,139,0.0038442141241945
1,2,4,18,140,0.0032182684058161
1,2,4,18,141,0.0004803766708179
1,2,4,18,142,0.0030957906319196
1,2,4,18,143,0.0002598397018417
1,2,4,18,144,0.0009071466246282
1,2,4,18,145,0.0004239924857011
1,2,4,18,149,0.0130023672362998
1,2,4,18,151,0.0069281040663552
1,2,4,18,152,0.0101823817513806
1,2,4,18,153,0.0246999040953632
1,2,4,18,154,0.0018242894258386
1,2,4,18,155,0.0002640985891758
1,2,4,18,156,6.947925228322681e-05
1,2,4,18,157,0.0007812159975416
1,2,4,18,158,0.0003255896815236
1,2,4,18,159,8.998180091291974e-05
1,2,4,18,160,0.0094113660716526
1,2,4,18,161,0.0034526856449243
1,2,4,18,162,2.3334831425712017e-05
1,2,4,19,1,1.320547365004409e-11
1,2,4,19,2,0.2165216521637868
1,2,4,19,3,0.3050683021595602
1,2,4,19,4,0.0236312940669842
1,2,4,19,5,0.1431974279907036
1,2,4,19,6,0.0026600706794125
1,2,4,19,7,0.000388126354954
1,2,4,19,8,0.2429351721063772
1,2,4,19,9,0.181361160506847
1,2,4,19,10,0.0115928849623971
1,2,4,19,11,0.0296986558363162
1,2,4,19,12,0.0239388971372596
1,2,4,19,13,0.0005862592001343
1,2,4,19,14,0.1709773689060436
1,2,4,19,15,6.054787481244577e-05
1,2,4,19,18,0.2832323585028463
1,2,4,19,19,0.0100597858607845
1,2,4,19,20,0.0132763579163174
1,2,4,19,23,1.9019812723891464e-06
1,2,4,19,25,0.0001149846174859
1,2,4,19,26,2.270089407366012e-06
1,2,4,19,27,7.039265488318045e-05
1,2,4,19,28,0.0037184776252261
1,2,4,19,29,0.005788779300015
1,2,4,19,30,0.0204315923088004
1,2,4,19,31,0.0160683513322473
1,2,4,19,32,0.0028713714703797
1,2,4,19,33,0.0225060140501334
1,2,4,19,34,0.0002278095946
1,2,4,19,35,0.0005162110939793
1,2,4,19,36,0.0008836897277789
1,2,4,19,37,0.0004648247033467
1,2,4,19,38,0.000392447070254
1,2,4,19,39,0.0020389213578578
1,2,4,19,40,0.0057697076993778
1,2,4,19,41,0.0016826047295649
1,2,4,19,42,7.0461702070795e-05
1,2,4,19,43,0.0071338535168649
1,2,4,19,44,0.0030850852420145
1,2,4,19,45,0.1148571058115673
1,2,4,19,46,0.0001724910599437
1,2,4,19,47,0.0018953639609611
1,2,4,19,48,0.0019098385687649
1,2,4,19,49,0.0013200735895843
1,2,4,19,50,0.0277929731386958
1,2,4,19,51,0.0001658920178252
1,2,4,19,52,0.0001713000748782
1,2,4,19,53,0.0004414334030577
1,2,4,19,54,0.0024581993171563
1,2,4,19,55,0.0042162302647399
1,2,4,19,57,0.0871459329279634
1,2,4,19,58,1.066127350993474e-05
1,2,4,19,59,0.0350633823976674
1,2,4,19,60,0.0256124821888361
1,2,4,19,61,1.571040518146909e-05
1,2,4,19,62,0.0030284336364052
1,2,4,19,63,0.0034036378482114
1,2,4,19,64,0.0045648455671535
1,2,4,19,65,0.012085965501695
1,2,4,19,66,2.341517388588132e-05
1,2,4,19,67,0.0005709547535033
1,2,4,19,68,0.0070887420641789
1,2,4,19,69,0.0829215519172367
1,2,4,19,70,0.013074689636496
1,2,4,19,71,0.0179307635770899
1,2,4,19,72,0.0149795618464235
1,2,4,19,73,8.066562119387672e-05
1,2,4,19,74,0.0070296550401147
1,2,4,19,76,0.0025551471812065
1,2,4,19,78,0.0002717684955918
1,2,4,19,80,0.0016827606019487
1,2,4,19,81,7.895884983996019e-05
1,2,4,19,82,4.6967717108890863e-05
1,2,4,19,83,3.2559720359089685e-18
1,2,4,19,84,0.0009595063564813
1,2,4,19,85,0.0477998412180054
1,2,4,19,86,0.0005980488743865
1,2,4,19,87,0.0008838279531002
1,2,4,19,88,0.0012390736077135
1,2,4,19,89,7.535760060998688e-05
1,2,4,19,90,4.469388514566612e-06
1,2,4,19,91,6.610244870110765e-05
1,2,4,19,92,0.000117356463781
1,2,4,19,93,0.0007028690124287
1,2,4,19,94,0.0011144794818355
1,2,4,19,95,0.0140656272705264
1,2,4,19,96,5.739103385496698e-06
1,2,4,19,97,0.0010417208014672
1,2,4,19,99,0.0031271740761532
1,2,4,19,100,9.334961264218392e-05
1,2,4,19,101,0.0001586783436227
1,2,4,19,102,0.0085249514054045
1,2,4,19,108,0.0002813591379506
1,2,4,19,109,0.0018953816913581
1,2,4,19,110,0.0066918342418881
1,2,4,19,111,0.1389211938861505
1,2,4,19,112,0.0283578566110656
1,2,4,19,113,0.0060882424045211
1,2,4,19,114,0.0013254334061222
1,2,4,19,115,0.0014228453770876
1,2,4,19,116,0.002985181086747
1,2,4,19,117,0.0914666132753613
1,2,4,19,118,0.0151987171401369
1,2,4,19,119,0.0265226950300475
1,2,4,19,120,0.1298680102135517
1,2,4,19,121,0.4758422324654865
1,2,4,19,122,0.0685513372927952
1,2,4,19,123,1.3038191506299446
1,2,4,19,124,0.0578803875906015
1,2,4,19,125,0.292620625282616
1,2,4,19,126,0.0581709080754555
1,2,4,19,127,0.0006464559238504
1,2,4,19,128,0.0212998857435183
1,2,4,19,129,0.0151815261878099
1,2,4,19,130,0.000850690811034
1,2,4,19,131,0.0093910287399702
1,2,4,19,132,0.0167294570681672
1,2,4,19,133,0.0007223988892195
1,2,4,19,134,0.0001068586375199
1,2,4,19,135,0.0199395612013649
1,2,4,19,136,0.0004107043977334
1,2,4,19,137,0.0003129314808412
1,2,4,19,138,0.0001068796114997
1,2,4,19,139,2.715027243462253e-07
1,2,4,19,140,2.3786387205518666e-07
1,2,4,19,141,4.300020827487869e-07
1,2,4,19,142,6.265323803726551e-06
1,2,4,19,143,1.601055312482607e-07
1,2,4,19,144,3.4203524535325125e-05
1,2,4,19,145,6.13027399442815e-05
1,2,4,19,149,0.000839128736999
1,2,4,19,151,0.0158275448914346
1,2,4,19,152,0.0335021786046899
1,2,4,19,153,0.0689188425132469
1,2,4,19,154,0.0401941043569923
1,2,4,19,155,6.21400300759577e-05
1,2,4,19,156,4.197410508478314e-05
1,2,4,19,157,0.0011339650575561
1,2,4,19,158,0.0010724136584119
1,2,4,19,159,0.0006957136551087
1,2,4,19,160,0.0013653736258689
1,2,4,19,161,6.711770377184771e-05
1,2,4,19,162,1.7582812134525288e-05
1,2,4,20,1,6.80246407443904e-14
1,2,4,20,2,0.0003107146397181
1,2,4,20,3,0.0001476628255071
1,2,4,20,4,0.0016844212301132
1,2,4,20,5,1.3407425156021309e-08
1,2,4,20,6,0.0002707633294718
1,2,4,20,7,0.0003243983300952
1,2,4,20,8,0.000195490260806
1,2,4,20,9,0.0017130503030527
1,2,4,20,10,0.0009204177770065
1,2,4,20,11,0.0014734705699809
1,2,4,20,12,0.0009330518771099
1,2,4,20,14,0.0099356369639678
1,2,4,20,15,3.429259250842699e-05
1,2,4,20,19,6.659555179451921e-06
1,2,4,20,20,0.0010215300582113
1,2,4,20,21,0.0014102127446095
1,2,4,20,22,6.010826892463128e-05
1,2,4,20,23,2.6127405521721493e-10
1,2,4,20,24,3.485518984610729e-09
1,2,4,20,25,0.0010673521879949
1,2,4,20,26,0.0039462417687832
1,2,4,20,27,0.000223356376383
1,2,4,20,28,0.000740575735326
1,2,4,20,29,0.0001019284631474
1,2,4,20,30,8.045418736469946e-08
1,2,4,20,31,3.422389788959988e-05
1,2,4,20,32,0.0153041770183577
1,2,4,20,33,3.0754178720299336e-06
1,2,4,20,34,6.765387710912439e-06
1,2,4,20,35,1.0842638116118038e-05
1,2,4,20,36,6.167402147579542e-05
1,2,4,20,37,7.438459247734877e-05
1,2,4,20,38,2.379091059823776e-06
1,2,4,20,39,2.3084123910400114e-08
1,2,4,20,40,2.5002645070071127e-06
1,2,4,20,41,1.0052895250848945e-06
1,2,4,20,42,2.1186110434674735e-06
1,2,4,20,43,0.0001286516247241
1,2,4,20,44,7.821838363789327e-05
1,2,4,20,45,0.0003836628813036
1,2,4,20,46,1.6241279713504912e-08
1,2,4,20,47,3.021748990057221e-06
1,2,4,20,48,8.417787404834056e-07
1,2,4,20,49,5.187708525208889e-07
1,2,4,20,50,0.0374560420534409
1,2,4,20,51,3.562810676554536e-05
1,2,4,20,52,5.004527015767344e-05
1,2,4,20,53,0.002888890525485
1,2,4,20,54,1.777273237593729e-05
1,2,4,20,55,0.0007535073863835
1,2,4,20,56,2.637416142253868e-05
1,2,4,20,57,0.0012506615112754
1,2,4,20,58,0.0007497826506389
1,2,4,20,59,0.0024519016286595
1,2,4,20,60,9.595951456541146e-05
1,2,4,20,61,0.0003723202253155
1,2,4,20,62,6.998077209787453e-07
1,2,4,20,63,0.0003527799276935
1,2,4,20,64,1.73057718702369e-05
1,2,4,20,65,8.904173072247366e-05
1,2,4,20,67,0.0015078078843391
1,2,4,20,68,0.0002383967735831
1,2,4,20,69,0.0004908969490879
1,2,4,20,70,0.000328701588679
1,2,4,20,71,0.0002522758515035
1,2,4,20,72,0.0002038485784623
1,2,4,20,74,0.0009542997586545
1,2,4,20,75,0.0008549834513913
1,2,4,20,76,0.0330145406893095
1,2,4,20,77,0.0029714868115117
1,2,4,20,78,0.0029129379961541
1,2,4,20,79,6.371746423063546e-05
1,2,4,20,80,0.0002173972412364
1,2,4,20,81,0.0001546150249767
1,2,4,20,82,0.0012016286469975
1,2,4,20,83,4.736465603428599e-06
1,2,4,20,84,4.322149522317937e-05
1,2,4,20,85,0.0001101879660024
1,2,4,20,86,1.7830083898810632e-05
1,2,4,20,87,9.166775495345244e-07
1,2,4,20,88,1.2379833486272933e-05
1,2,4,20,89,9.147738856463582e-05
1,2,4,20,90,5.3876865381491525e-06
1,2,4,20,91,7.193915408302168e-05
1,2,4,20,92,0.0001430327757608
1,2,4,20,93,9.072235416376823e-05
1,2,4,20,94,0.001346271370928
1,2,4,20,101,0.1267391777884521
1,2,4,20,102,0.0002876635572814
1,2,4,20,103,6.802120285448001e-10
1,2,4,20,108,2.253945826100383e-05
1,2,4,20,109,8.368997021022336e-05
1,2,4,20,110,2.32996209972995e-08
1,2,4,20,112,0.0005295249613083
1,2,4,20,113,0.0033096146634448
1,2,4,20,115,0.0001610139844178
1,2,4,20,116,0.0001482154954429
1,2,4,20,117,0.0052626952437831
1,2,4,20,118,0.0017368843484689
1,2,4,20,119,0.0107231959066616
1,2,4,20,120,7.473277055345706e-07
1,2,4,20,121,0.0111582276570878
1,2,4,20,122,1.8715829991226063e-05
1,2,4,20,123,0.0463807107197234
1,2,4,20,124,0.00732895550463
1,2,4,20,125,0.0389415192744371
1,2,4,20,126,0.0009395358184777
1,2,4,20,127,0.0002562788224779
1,2,4,20,128,0.0002797023271155
1,2,4,20,129,7.75739474197352e-05
1,2,4,20,130,0.0004282164492893
1,2,4,20,131,0.0022249126027493
1,2,4,20,132,0.007262600243494
1,2,4,20,133,0.0002975028912753
1,2,4,20,134,0.0001434828611316
1,2,4,20,135,0.0041749561583569
1,2,4,20,136,0.0005557099340005
1,2,4,20,137,0.0001718600638137
1,2,4,20,138,0.0016160808918381
1,2,4,20,139,2.5260331508052264e-10
1,2,4,20,140,2.2172994803916208e-10
1,2,4,20,141,5.7446639183974705e-11
1,2,4,20,142,4.2666848975112414e-05
1,2,4,20,143,4.161354298104227e-11
1,2,4,20,144,7.006301586192245e-11
1,2,4,20,145,1.472741933460345e-06
1,2,4,20,146,3.9072811343326523e-13
1,2,4,20,147,5.319435446953378e-14
1,2,4,20,148,2.3105004642998255e-10
1,2,4,20,149,8.573935379162635e-05
1,2,4,20,150,4.689345110675818e-12
1,2,4,20,151,0.0075731445434977
1,2,4,20,152,0.0156981452489811
1,2,4,20,153,0.0198528985579051
1,2,4,20,154,0.0007679182779648
1,2,4,20,155,6.10633657596227e-05
1,2,4,20,156,1.964505299836601e-05
1,2,4,20,157,0.0007649220824583
1,2,4,20,158,0.0002117848534824
1,2,4,20,159,3.214899026304369e-06
1,2,4,20,160,0.0004336790092708
1,2,4,20,161,0.0006532315587677
1,2,4,20,162,2.010644624231338e-06
1,2,4,21,2,0.1399936097309236
1,2,4,21,3,0.1460199665124637
1,2,4,21,4,0.0869105809487172
1,2,4,21,5,0.0036881934251683
1,2,4,21,6,0.0715559897636603
1,2,4,21,7,0.0006717520122077
1,2,4,21,8,0.0314250089188539
1,2,4,21,9,0.2083264539325246
1,2,4,21,10,0.1891055544182455
1,2,4,21,11,0.1532632359060068
1,2,4,21,12,0.0608738964882503
1,2,4,21,14,2.2209554930470436
1,2,4,21,15,0.3174493063852943
1,2,4,21,18,0.005014284351592
1,2,4,21,19,0.0605238196836123
1,2,4,21,20,2.4074138800080184e-06
1,2,4,21,21,0.1867200594693321
1,2,4,21,22,0.4152392385640476
1,2,4,21,23,6.111073282089057e-17
1,2,4,21,24,4.031195875895656e-13
1,2,4,21,26,0.0013280173612838
1,2,4,21,31,1.311555503295096e-05
1,2,4,21,33,0.0075539117438217
1,2,4,21,34,0.0155236134273206
1,2,4,21,35,0.0171189569795727
1,2,4,21,36,0.0530177572707301
1,2,4,21,37,0.0103701134856969
1,2,4,21,38,0.0002966021608018
1,2,4,21,39,0.0122032672377819
1,2,4,21,40,0.1112218271362391
1,2,4,21,41,0.0061705078652169
1,2,4,21,42,0.0101419881620235
1,2,4,21,43,0.3307063169355694
1,2,4,21,44,0.0264575192678029
1,2,4,21,45,0.0082028412848867
1,2,4,21,46,0.0074190334665639
1,2,4,21,47,0.0044387631694406
1,2,4,21,48,0.0044091813854396
1,2,4,21,49,2.0366541723187855e-05
1,2,4,21,50,0.0035338290396298
1,2,4,21,51,0.006136537466412
1,2,4,21,52,0.0017545073447215
1,2,4,21,53,0.0411957704140417
1,2,4,21,54,0.0580421561390225
1,2,4,21,55,0.0906751649051818
1,2,4,21,56,5.652031837794307
1,2,4,21,57,3.1131667886508594
1,2,4,21,58,0.0104876275505264
1,2,4,21,59,2.538692921664664
1,2,4,21,60,2.459614026610619
1,2,4,21,61,0.0471470332741345
1,2,4,21,62,0.0417899339017488
1,2,4,21,63,12.735200904841136
1,2,4,21,64,0.0380135228158786
1,2,4,21,65,0.0226324867198372
1,2,4,21,66,0.008655049086671
1,2,4,21,67,0.0014126457306669
1,2,4,21,68,0.009371107953688
1,2,4,21,69,0.4010451008712813
1,2,4,21,70,0.1278186507428155
1,2,4,21,71,0.0126558844417432
1,2,4,21,72,0.022635751988616
1,2,4,21,73,0.0033061823571422
1,2,4,21,74,0.0009029800622825
1,2,4,21,76,0.0214724244165416
1,2,4,21,77,0.0287945046969198
1,2,4,21,78,0.0019604623602708
1,2,4,21,79,9.321767724209956e-05
1,2,4,21,80,0.0033568425123774
1,2,4,21,81,0.0055838565631911
1,2,4,21,82,0.0031127247588809
1,2,4,21,84,0.7676417834107032
1,2,4,21,85,0.0498593944469995
1,2,4,21,86,0.0244836093151081
1,2,4,21,87,0.0107141444749329
1,2,4,21,88,0.0298229925711983
1,2,4,21,89,0.0544775967050508
1,2,4,21,90,1.28053893794745
1,2,4,21,91,0.002684500387858
1,2,4,21,92,0.0087222701817668
1,2,4,21,93,0.0237516537142029
1,2,4,21,94,0.4870081914842661
1,2,4,21,95,0.2379283671954767
1,2,4,21,96,3.2370666340532868
1,2,4,21,97,0.175923540139492
1,2,4,21,98,0.0123344467878572
1,2,4,21,99,3.0169866024099427e-05
1,2,4,21,100,0.0766211822351016
1,2,4,21,101,0.0001015271512514
1,2,4,21,102,0.0014430418561089
1,2,4,21,103,0.0010270930493538
1,2,4,21,104,0.030802055399501
1,2,4,21,105,0.1116923165187935
1,2,4,21,106,0.0025118428521029
1,2,4,21,107,0.0016228043989106
1,2,4,21,108,0.0388049472990699
1,2,4,21,109,0.0007559481615659
1,2,4,21,110,0.0053978005227877
1,2,4,21,111,0.9831038475935912
1,2,4,21,112,0.04387285989776
1,2,4,21,113,0.216906270124261
1,2,4,21,114,0.0456289823755703
1,2,4,21,115,0.8600987775723584
1,2,4,21,116,0.0017069596267569
1,2,4,21,117,0.2052068537189441
1,2,4,21,118,0.0278792106286438
1,2,4,21,119,0.170523615621264
1,2,4,21,120,0.0262875844590035
1,2,4,21,121,0.0001777002948682
1,2,4,21,122,0.0001831302312672
1,2,4,21,123,16.40930182697172
1,2,4,21,124,0.3973090928656813
1,2,4,21,125,6.1430105332639435
1,2,4,21,126,0.0798508983417853
1,2,4,21,127,0.0628407781339629
1,2,4,21,128,0.1332129858827109
1,2,4,21,129,0.0172831338486521
1,2,4,21,130,0.012932105963905
1,2,4,21,131,0.1210282267681429
1,2,4,21,132,0.0836143587755665
1,2,4,21,133,0.0222474625667487
1,2,4,21,134,0.0172862015249574
1,2,4,21,135,0.3392630808230639
1,2,4,21,136,0.022151587574715
1,2,4,21,137,0.0183276145228261
1,2,4,21,138,0.005243388588331
1,2,4,21,139,0.0142326020340846
1,2,4,21,140,0.0132507344756689
1,2,4,21,141,0.1648106944807954
1,2,4,21,142,0.3477810744817664
1,2,4,21,143,0.1357412601610907
1,2,4,21,144,0.0050044951069726
1,2,4,21,145,0.0037971624492978
1,2,4,21,146,0.0009324096137504
1,2,4,21,147,7.81623594921002e-05
1,2,4,21,148,0.0043128458030978
1,2,4,21,149,0.0328466666647088
1,2,4,21,150,1.7226219756963777e-17
1,2,4,21,151,0.0604461934489504
1,2,4,21,152,0.088630678672066
1,2,4,21,153,0.3645366973127747
1,2,4,21,154,0.1047601884537096
1,2,4,21,155,0.0475675088691039
1,2,4,21,156,0.0019827707435283
1,2,4,21,157,0.0194501779049495
1,2,4,21,158,0.0645594059300278
1,2,4,21,159,0.000664206331546
1,2,4,21,160,0.0197932027584527
1,2,4,21,161,0.0073333751450814
1,2,4,21,162,0.0152601692179629
1,2,4,22,2,0.6262093084458032
1,2,4,22,3,1.6934472834883
1,2,4,22,4,0.3935286792085691
1,2,4,22,5,0.2650643156693772
1,2,4,22,6,0.1892184080558653
1,2,4,22,7,0.000336289973557
1,2,4,22,8,0.1402318556642808
1,2,4,22,9,0.869137875809015
1,2,4,22,10,0.4848854506021193
1,2,4,22,11,0.0894067306222923
1,2,4,22,12,0.0685129877090141
1,2,4,22,13,0.0003754664090711
1,2,4,22,14,1.3672381295188714
1,2,4,22,15,0.0253331832166631
1,2,4,22,18,0.5108042861042377
1,2,4,22,19,0.1483113203028931
1,2,4,22,20,2.038176802009192
1,2,4,22,21,0.4530967716889298
1,2,4,22,22,4.072387231578137
1,2,4,22,26,0.5638174439571357
1,2,4,22,29,0.0166544819828121
1,2,4,22,30,0.0210300766401265
1,2,4,22,31,0.0379301382991374
1,2,4,22,32,0.8557406636868577
1,2,4,22,33,1.419346059302836
1,2,4,22,34,0.0563686896558152
1,2,4,22,35,0.013743916380398
1,2,4,22,36,0.0963424867995887
1,2,4,22,37,0.0058935411918873
1,2,4,22,38,0.0011059331694219
1,2,4,22,39,0.0323907716912417
1,2,4,22,40,0.0811321493596686
1,2,4,22,41,0.0008724528432972
1,2,4,22,42,0.0178083114208993
1,2,4,22,43,0.1542130110377563
1,2,4,22,44,0.1446512839232814
1,2,4,22,45,0.7324531648801915
1,2,4,22,46,0.0426456636584681
1,2,4,22,47,0.0207058814602119
1,2,4,22,48,0.0038220748641651
1,2,4,22,49,0.0032269318075514
1,2,4,22,50,0.0624422403962949
1,2,4,22,51,0.0379532654784403
1,2,4,22,52,0.6665270383837986
1,2,4,22,53,0.0344548792540206
1,2,4,22,54,0.1947465658029266
1,2,4,22,55,0.0691386146240492
1,2,4,22,56,0.5525649166849332
1,2,4,22,57,2.873104937997466
1,2,4,22,58,8.645516423119956e-07
1,2,4,22,59,3.0958674141496556
1,2,4,22,60,1.5487282040056989
1,2,4,22,61,0.048057644800666
1,2,4,22,62,0.1466509459670943
1,2,4,22,63,5.666880370625348
1,2,4,22,64,0.5303013990067005
1,2,4,22,65,0.3404511351290074
1,2,4,22,66,0.2830183522501445
1,2,4,22,67,0.0657856790419765
1,2,4,22,68,0.0443810027707163
1,2,4,22,69,2.103272997663818
1,2,4,22,70,0.2022828338753767
1,2,4,22,71,1.0907043804732155
1,2,4,22,72,0.9190366672258904
1,2,4,22,73,1.108104038185992
1,2,4,22,74,0.0586091096013077
1,2,4,22,76,0.0861985334568049
1,2,4,22,77,0.0479477335653695
1,2,4,22,78,0.0402311044556757
1,2,4,22,79,0.0066952935620157
1,2,4,22,80,0.0479673199378854
1,2,4,22,81,0.1565196410288369
1,2,4,22,82,0.0017261957707974
1,2,4,22,84,0.0531909532408655
1,2,4,22,85,0.187585264780641
1,2,4,22,86,0.0675664611025131
1,2,4,22,87,0.0036534108157185
1,2,4,22,88,0.150020988387122
1,2,4,22,89,0.4601762088444947
1,2,4,22,90,0.0575195835344261
1,2,4,22,91,0.0361866579019334
1,2,4,22,92,0.0053154452898721
1,2,4,22,93,0.0333215149139762
1,2,4,22,94,3.089797915950686
1,2,4,22,96,0.5354113519888088
1,2,4,22,97,0.0115549251181703
1,2,4,22,99,0.044497937580887
1,2,4,22,100,0.7639137453371972
1,2,4,22,101,0.0195578334928696
1,2,4,22,102,0.0359231092677251
1,2,4,22,107,0.002045496179879
1,2,4,22,108,0.0632249839376779
1,2,4,22,109,0.112128201004074
1,2,4,22,110,0.5897482654685404
1,2,4,22,111,13.02415049582942
1,2,4,22,112,0.0019824771239181
1,2,4,22,113,0.0698548256938311
1,2,4,22,114,0.0002439626067468
1,2,4,22,115,0.0076484752494218
1,2,4,22,116,0.0107894917292535
1,2,4,22,117,0.2795053280177703
1,2,4,22,118,0.4870326270800212
1,2,4,22,119,0.14364666114159
1,2,4,22,120,0.2095015610372902
1,2,4,22,121,0.4754731363629336
1,2,4,22,122,0.2979259629161047
1,2,4,22,125,0.3751774539686834
1,2,4,22,126,0.3148677155791722
1,2,4,22,127,2.4274775009402045
1,2,4,22,128,0.0231636531065545
1,2,4,22,129,0.0294621418238713
1,2,4,22,130,0.0213959037316527
1,2,4,22,131,0.9120563897206032
1,2,4,22,132,0.1725187714556968
1,2,4,22,133,0.140122221250688
1,2,4,22,134,0.0288243964616746
1,2,4,22,135,0.3367715511621775
1,2,4,22,136,0.0023113160973758
1,2,4,22,137,0.0058367809668758
1,2,4,22,138,0.01300786567751
1,2,4,22,139,0.0018744733741664
1,2,4,22,140,0.0046089463274659
1,2,4,22,141,0.0080337807520185
1,2,4,22,142,0.0585024201236861
1,2,4,22,143,0.0005654166243596
1,2,4,22,144,0.0039331828623626
1,2,4,22,145,0.0055896629546926
1,2,4,22,146,0.0004724155988202
1,2,4,22,147,1.109428170217188e-05
1,2,4,22,148,0.0121687747408801
1,2,4,22,149,0.1329542743358321
1,2,4,22,150,0.0003332761015114
1,2,4,22,151,0.6359163345763369
1,2,4,22,152,1.2564700593650242
1,2,4,22,153,1.093936773357304
1,2,4,22,154,0.2139708216735043
1,2,4,22,155,0.0141600444209807
1,2,4,22,156,0.0046906883661283
1,2,4,22,157,0.0288440073340696
1,2,4,22,158,0.0230129551996663
1,2,4,22,159,0.0042073682834429
1,2,4,22,160,0.0340406887769303
1,2,4,22,161,0.0170692327991548
1,2,4,22,162,0.0104719203353066
1,2,4,23,1,0.001508047209494
1,2,4,23,2,0.0025899662752747
1,2,4,23,3,0.0209249992913856
1,2,4,23,4,0.0656681068222048
1,2,4,23,5,0.0010468793673331
1,2,4,23,6,0.0008301971158254
1,2,4,23,8,0.2213198768165253
1,2,4,23,9,0.2716727635853402
1,2,4,23,10,0.0174432400094517
1,2,4,23,11,0.0091442688690663
1,2,4,23,12,0.0275595229351837
1,2,4,23,13,0.0008172333983062
1,2,4,23,14,0.0875839921327826
1,2,4,23,15,0.0003290215780931
1,2,4,23,18,0.0453100448382427
1,2,4,23,19,0.0012891400320002
1,2,4,23,20,0.0024667058562433
1,2,4,23,25,0.0301335883530943
1,2,4,23,26,0.004046706206069
1,2,4,23,27,0.0042058419578787
1,2,4,23,28,0.0359565579052077
1,2,4,23,29,3.993343490004409e-05
1,2,4,23,30,5.493772775615358e-06
1,2,4,23,31,0.0005625835682575
1,2,4,23,32,0.1722428257069526
1,2,4,23,33,0.2733523292357216
1,2,4,23,34,0.0281059290055392
1,2,4,23,35,0.0017798790486076
1,2,4,23,36,0.0027275212886351
1,2,4,23,37,0.0003799733029168
1,2,4,23,38,0.0001323780178163
1,2,4,23,39,0.0018174433810343
1,2,4,23,40,0.0056094691918741
1,2,4,23,41,0.00047737927633
1,2,4,23,42,0.0001054398376274
1,2,4,23,43,0.0262672404237292
1,2,4,23,44,0.0439909496335189
1,2,4,23,45,0.0141055654216837
1,2,4,23,46,0.039583975039452
1,2,4,23,47,0.0225108113870684
1,2,4,23,48,0.0058594632102647
1,2,4,23,49,0.0060688342848266
1,2,4,23,50,0.0050406625532211
1,2,4,23,51,0.0083548371235168
1,2,4,23,52,0.0633628310064171
1,2,4,23,53,0.0094759299173489
1,2,4,23,54,0.0511588690144141
1,2,4,23,55,0.0085813345645421
1,2,4,23,57,0.5132226475871536
1,2,4,23,58,0.0052819191588474
1,2,4,23,59,0.0361216417932781
1,2,4,23,60,0.009790820187295
1,2,4,23,61,0.0010418720422888
1,2,4,23,62,0.0038881628708613
1,2,4,23,63,0.0218725636840827
1,2,4,23,64,0.0268322438150577
1,2,4,23,65,0.1250370402109474
1,2,4,23,66,0.0242430171301811
1,2,4,23,67,0.0307769994773042
1,2,4,23,68,0.0047963614663673
1,2,4,23,69,0.1619619382359953
1,2,4,23,70,0.0169259199421429
1,2,4,23,71,0.0852243505222304
1,2,4,23,72,0.0328843173168804
1,2,4,23,73,0.0094471410598045
1,2,4,23,74,0.0003555534888424
1,2,4,23,76,0.0020403353397963
1,2,4,23,77,0.8326426001732857
1,2,4,23,78,0.0006130478841824
1,2,4,23,79,0.0003018617240123
1,2,4,23,80,0.0009397086516607
1,2,4,23,81,0.0001458716515902
1,2,4,23,82,0.0005221178084473
1,2,4,23,84,0.0029634943938272
1,2,4,23,85,0.0191370953350889
1,2,4,23,86,0.0013890284819351
1,2,4,23,87,0.0001390023147339
1,2,4,23,88,0.0041338550845567
1,2,4,23,89,0.0061346538833636
1,2,4,23,90,0.0001061444314039
1,2,4,23,91,0.0007631069356227
1,2,4,23,92,0.0001505159736803
1,2,4,23,93,0.0003980815677653
1,2,4,23,94,0.0003678583917983
1,2,4,23,95,1.2211662362036918e-05
1,2,4,23,96,0.5844993610679028
1,2,4,23,97,0.1321165679049607
1,2,4,23,99,1.3776911106778763e-06
1,2,4,23,100,0.0002476168850133
1,2,4,23,101,0.0309132243726622
1,2,4,23,102,0.0014659790707924
1,2,4,23,103,0.0067123626872059
1,2,4,23,106,1.1062631242003997e-07
1,2,4,23,108,2.7676946393336847e-05
1,2,4,23,109,5.59131048042622e-06
1,2,4,23,110,0.0131998996469974
1,2,4,23,111,0.0144685228294098
1,2,4,23,112,0.0001497540281781
1,2,4,23,113,0.0049451472176119
1,2,4,23,115,0.0095897610636263
1,2,4,23,116,0.0001672436134774
1,2,4,23,117,0.0135142244647884
1,2,4,23,118,0.0271963800582404
1,2,4,23,119,0.0501817671569042
1,2,4,23,120,0.0067268558392077
1,2,4,23,121,6.226492470154443e-05
1,2,4,23,122,0.0028209870140109
1,2,4,23,123,0.4052386651137229
1,2,4,23,124,0.0323433175442335
1,2,4,23,125,1.1502861874512074
1,2,4,23,126,0.0087981986968465
1,2,4,23,127,0.0027306173448966
1,2,4,23,128,0.0076473781615223
1,2,4,23,129,0.0002600516446466
1,2,4,23,130,0.0005401850196878
1,2,4,23,131,0.0070523133298532
1,2,4,23,132,0.0056002644837211
1,2,4,23,133,0.0010045836306766
1,2,4,23,134,0.0020396531628261
1,2,4,23,135,0.0171299557878104
1,2,4,23,136,0.0006675415867701
1,2,4,23,137,0.0001444815692249
1,2,4,23,138,0.0005169871472117
1,2,4,23,139,0.0035097612764873
1,2,4,23,140,0.0028341957656916
1,2,4,23,141,0.0155123596301632
1,2,4,23,142,0.0352929840127655
1,2,4,23,143,0.0054677629975447
1,2,4,23,144,0.0008161872348819
1,2,4,23,145,0.0010254394009317
1,2,4,23,146,0.0004513443746941
1,2,4,23,147,7.159797307587625e-06
1,2,4,23,149,0.0075039775343283
1,2,4,23,150,0.0001390855247496
1,2,4,23,151,0.0557108781410545
1,2,4,23,152,0.1407344040557594
1,2,4,23,153,0.3378816351473609
1,2,4,23,154,0.1413626296113983
1,2,4,23,155,0.00504089788464
1,2,4,23,156,0.0004388021193305
1,2,4,23,157,0.0088965521778091
1,2,4,23,158,0.0113773062555814
1,2,4,23,159,0.0003225918572886
1,2,4,23,160,0.0016517489097273
1,2,4,23,161,0.0003155428212604
1,2,4,23,162,0.0372706007870533
1,2,4,24,1,0.0226266054892821
1,2,4,24,2,0.4106816910924157
1,2,4,24,3,0.3677873816442111
1,2,4,24,4,0.0243188519321167
1,2,4,24,5,0.1465212738466038
1,2,4,24,6,0.0011396453170506
1,2,4,24,7,0.0033476304404826
1,2,4,24,8,0.0088251929758018
1,2,4,24,9,0.3088002428887713
1,2,4,24,10,0.0167467830076804
1,2,4,24,11,0.0190472736965281
1,2,4,24,12,0.0497481688364792
1,2,4,24,13,0.0002855273225913
1,2,4,24,14,0.231078747405273
1,2,4,24,15,4.501319115887574e-05
1,2,4,24,18,0.0016459352895716
1,2,4,24,19,0.0015090297961361
1,2,4,24,20,0.0643188674986621
1,2,4,24,21,0.065238160390648
1,2,4,24,22,0.2616137178291958
1,2,4,24,23,0.0021275601646101
1,2,4,24,24,0.0003126748090742
1,2,4,24,25,0.0367069031585403
1,2,4,24,26,0.0197621299421778
1,2,4,24,27,4.6250612685774395e-08
1,2,4,24,28,8.610718025810279e-08
1,2,4,24,29,4.9549280000315905e-05
1,2,4,24,30,3.871446582338936e-05
1,2,4,24,31,0.0003141354280975
1,2,4,24,32,8.52313315212741e-05
1,2,4,24,33,0.0041774729336371
1,2,4,24,34,0.0035359958182139
1,2,4,24,35,0.0004220349856767
1,2,4,24,36,0.0003234889495581
1,2,4,24,37,0.0002110402199456
1,2,4,24,38,8.538917221502798e-05
1,2,4,24,39,0.0007471021854081
1,2,4,24,40,0.001323722937389
1,2,4,24,41,8.368530955550607e-05
1,2,4,24,42,2.8448196073944616e-05
1,2,4,24,43,0.0096759074227025
1,2,4,24,44,0.0162332171767996
1,2,4,24,45,0.001086290716791
1,2,4,24,46,0.0036634537733689
1,2,4,24,47,0.0006586043163021
1,2,4,24,48,0.0112476278834565
1,2,4,24,49,0.0005934860656435
1,2,4,24,50,0.007079676423853
1,2,4,24,52,0.0023162504715663
1,2,4,24,53,0.0003805014578541
1,2,4,24,54,0.0056753686422107
1,2,4,24,55,0.0036039759025726
1,2,4,24,56,0.000214580855105
1,2,4,24,57,0.7360998287616285
1,2,4,24,59,0.1212927751560404
1,2,4,24,61,0.0019573804057573
1,2,4,24,62,0.0626439153320552
1,2,4,24,63,0.407750277087289
1,2,4,24,64,0.0011475542027345
1,2,4,24,65,0.0070379578433599
1,2,4,24,67,0.0430506438622762
1,2,4,24,68,0.0013693396430182
1,2,4,24,69,0.0588005648992136
1,2,4,24,70,0.0091864246430536
1,2,4,24,71,0.0153508048439553
1,2,4,24,72,0.1899235901811732
1,2,4,24,74,9.64331778409415e-08
1,2,4,24,76,0.0150349870871341
1,2,4,24,78,3.6547076600002822e-06
1,2,4,24,80,7.742635643682805e-06
1,2,4,24,82,5.036670352841904e-05
1,2,4,24,84,0.0042416165010361
1,2,4,24,85,0.0121703088269405
1,2,4,24,86,0.0039888863115084
1,2,4,24,87,0.0042625353750894
1,2,4,24,88,0.0103821411522242
1,2,4,24,89,0.0022128973789498
1,2,4,24,90,1.214688657450247e-05
1,2,4,24,91,0.0045403543333892
1,2,4,24,92,0.0012702580175091
1,2,4,24,93,0.0009794094948462
1,2,4,24,94,6.136236540161736e-07
1,2,4,24,96,0.7663798747603466
1,2,4,24,97,0.0040838617997455
1,2,4,24,98,4.552688485802674e-05
1,2,4,24,99,0.0010304225581186
1,2,4,24,100,1.9431722368133794e-07
1,2,4,24,101,0.0002786042368537
1,2,4,24,102,0.0067981368512143
1,2,4,24,103,7.603826682376001e-06
1,2,4,24,107,0.0004726131469415
1,2,4,24,108,0.0001455312263023
1,2,4,24,109,0.000123412770753
1,2,4,24,110,0.0214153065329611
1,2,4,24,111,0.1705447386551148
1,2,4,24,112,1.0936049419526077e-05
1,2,4,24,113,0.0147653114123525
1,2,4,24,115,0.0105425451516184
1,2,4,24,116,0.0004509914871452
1,2,4,24,117,0.0039968754912332
1,2,4,24,118,0.0013272922057843
1,2,4,24,119,0.0078656864106338
1,2,4,24,120,0.0285797022837182
1,2,4,24,121,1.6711141897500255e-06
1,2,4,24,122,0.0004651589787947
1,2,4,24,123,0.4923006246485353
1,2,4,24,124,0.0169180714321468
1,2,4,24,125,0.077582631909523
1,2,4,24,126,0.0059758672531283
1,2,4,24,127,0.0048867409467741
1,2,4,24,128,0.0059204739376911
1,2,4,24,129,0.0001684019377357
1,2,4,24,130,0.0002273348719729
1,2,4,24,131,0.0049446623574902
1,2,4,24,132,6.045620870440843e-05
1,2,4,24,133,0.0040340614162023
1,2,4,24,134,0.0023726510480536
1,2,4,24,135,0.0727882044708437
1,2,4,24,136,1.8249783177299303e-05
1,2,4,24,137,0.0009382685912021
1,2,4,24,138,0.0003640811378848
1,2,4,24,139,5.1609318690686735e-06
1,2,4,24,140,4.726790100014052e-06
1,2,4,24,141,1.3879511972645206e-07
1,2,4,24,142,0.0002500503011846
1,2,4,24,143,1.050120112592164e-06
1,2,4,24,144,2.8806279820546064e-07
1,2,4,24,145,8.001439311458427e-05
1,2,4,24,149,0.0001436792369745
1,2,4,24,151,0.0034541972777803
1,2,4,24,152,0.0057455520256437
1,2,4,24,153,0.1027108683615529
1,2,4,24,154,0.0090793990600746
1,2,4,24,155,0.0005361914396695
1,2,4,24,156,2.9590286950393635e-05
1,2,4,24,157,0.0007555409490536
1,2,4,24,158,0.0016198124536296
1,2,4,25,2,0.4717288139078673
1,2,4,25,3,0.9322971969091336
1,2,4,25,4,0.048386975752761
1,2,4,25,5,0.1720987581472551
1,2,4,25,6,0.0979069158850705
1,2,4,25,8,0.1003602041014341
1,2,4,25,9,1.365154106379686
1,2,4,25,10,0.0769895811064301
1,2,4,25,11,0.1227103055746224
1,2,4,25,12,0.3747472943308923
1,2,4,25,13,0.0396242675488875
1,2,4,25,14,1.364621518208115
1,2,4,25,15,8.330080294717921e-06
1,2,4,25,18,0.1829143752789986
1,2,4,25,19,0.0038453091041445
1,2,4,25,20,0.0242159630533178
1,2,4,25,22,0.1293901136611321
1,2,4,25,24,1.4029039605624048e-06
1,2,4,25,25,0.0340483202730066
1,2,4,25,26,0.2110464653259611
1,2,4,25,27,1.5456741854332802e-05
1,2,4,25,28,9.800453921204016e-05
1,2,4,25,29,0.0088249232553789
1,2,4,25,30,0.0031433905482025
1,2,4,25,31,0.001920703051377
1,2,4,25,32,0.1458932023648684
1,2,4,25,33,0.1509373296868629
1,2,4,25,34,0.1595785811446422
1,2,4,25,35,0.0014546558996524
1,2,4,25,36,0.0036153558424986
1,2,4,25,37,0.00057205723268
1,2,4,25,38,0.0429967499921487
1,2,4,25,39,0.0008888884128454
1,2,4,25,40,0.0898118055970565
1,2,4,25,41,0.0001545311203458
1,2,4,25,42,0.0664834835700538
1,2,4,25,43,0.0562235335300741
1,2,4,25,44,0.0743106549917353
1,2,4,25,45,0.0037026235175085
1,2,4,25,47,0.0048561239552433
1,2,4,25,48,0.0015870996226333
1,2,4,25,49,0.0003708184745592
1,2,4,25,50,0.0832756264856409
1,2,4,25,51,0.0258877863612243
1,2,4,25,52,0.2487599528712753
1,2,4,25,53,0.0367067372670491
1,2,4,25,54,1.167537804678374
1,2,4,25,55,0.0395518670403672
1,2,4,25,56,0.0679392621088588
1,2,4,25,57,2.7716327515852353
1,2,4,25,58,0.0019514926097465
1,2,4,25,59,1.2770742970694708
1,2,4,25,60,1.440397780888995
1,2,4,25,61,0.0073354983884559
1,2,4,25,62,0.0115776374623081
1,2,4,25,63,1.4922860895442545
1,2,4,25,64,0.0145105839478449
1,2,4,25,65,0.1241584142535017
1,2,4,25,66,0.0995850705977916
1,2,4,25,67,0.1237977957576857
1,2,4,25,68,0.0255695515765712
1,2,4,25,69,0.631400013486776
1,2,4,25,70,0.0441647779491723
1,2,4,25,71,0.0771903627491333
1,2,4,25,72,0.4856852336688759
1,2,4,25,73,0.2566894598992341
1,2,4,25,74,0.0004475199512645
1,2,4,25,76,0.1638172185694125
1,2,4,25,77,0.0208753918242795
1,2,4,25,78,0.0055994040518206
1,2,4,25,79,0.0115800194688621
1,2,4,25,80,0.0101667216770448
1,2,4,25,81,0.0030766532525906
1,2,4,25,82,0.0027895289569651
1,2,4,25,83,0.0008305811076704
1,2,4,25,84,0.1280823438674816
1,2,4,25,85,0.0489811135462059
1,2,4,25,86,0.0191704855098472
1,2,4,25,87,0.0020016852431179
1,2,4,25,88,0.0249347335653698
1,2,4,25,89,0.0195816019004575
1,2,4,25,90,1.0904957167409508
1,2,4,25,91,0.0308118035034911
1,2,4,25,92,0.5424775213456879
1,2,4,25,93,0.0019521361317553
1,2,4,25,94,0.5995185691112694
1,2,4,25,95,0.0044251537354557
1,2,4,25,96,0.0084974224011105
1,2,4,25,97,0.0183108158889201
1,2,4,25,98,0.0298873081680182
1,2,4,25,99,0.2267718351438055
1,2,4,25,100,0.364449832210553
1,2,4,25,101,0.0076138111039107
1,2,4,25,102,0.082788215879823
1,2,4,25,103,7.66519560211546e-05
1,2,4,25,107,0.2959019411128037
1,2,4,25,108,0.0002516140473857
1,2,4,25,109,0.0003003338125203
1,2,4,25,110,0.2968183716190049
1,2,4,25,111,1.3237558872585031
1,2,4,25,112,2.46936109698232e-05
1,2,4,25,113,0.0040055943020058
1,2,4,25,114,4.081814900486754e-05
1,2,4,25,115,0.0054424534892567
1,2,4,25,116,0.0855670474867025
1,2,4,25,117,0.1023049507825961
1,2,4,25,118,0.042562844158227
1,2,4,25,119,0.186985822280181
1,2,4,25,120,0.0053230291806608
1,2,4,25,121,0.0001522644437474
1,2,4,25,122,0.027779465243491
1,2,4,25,123,4.721890934069442
1,2,4,25,124,0.132752603859027
1,2,4,25,125,5.28683368283063
1,2,4,25,126,0.0555291237851131
1,2,4,25,127,0.0367824560971078
1,2,4,25,128,0.0120558018273275
1,2,4,25,129,0.017213080611015
1,2,4,25,130,0.0093299303784287
1,2,4,25,131,0.1006840049881581
1,2,4,25,132,0.017742540205172
1,2,4,25,133,0.0987591743411657
1,2,4,25,134,0.0068437928023383
1,2,4,25,135,0.1215450126510187
1,2,4,25,136,0.0106277352117977
1,2,4,25,137,0.0031013508490606
1,2,4,25,138,0.004264815135462
1,2,4,25,139,0.0337334878967267
1,2,4,25,140,0.006727789698883
1,2,4,25,141,0.0015790000131181
1,2,4,25,142,0.0238991930418219
1,2,4,25,143,0.0021341751179392
1,2,4,25,144,0.0043117146814712
1,2,4,25,145,0.0017034078213541
1,2,4,25,146,4.139275358035058e-05
1,2,4,25,147,3.3346733790410744e-06
1,2,4,25,148,0.000746637094976
1,2,4,25,149,0.0757253817631675
1,2,4,25,151,0.0219408015835327
1,2,4,25,152,0.056243035612224
1,2,4,25,153,1.2770798402905692
1,2,4,25,154,1.1138514411342726
1,2,4,25,155,0.079557697582493
1,2,4,25,156,0.0012068490012256
1,2,4,25,157,0.0403199217258403
1,2,4,25,158,0.0136912621537418
1,2,4,25,159,0.0006172812156037
1,2,4,25,160,0.0184349823607116
1,2,4,25,161,0.0025020069176918
1,2,4,25,162,9.96233412513442e-06
1,2,4,26,2,0.0040241744313508
1,2,4,26,3,0.007781243390974
1,2,4,26,4,0.0015834516307831
1,2,4,26,5,0.0049482350262324
1,2,4,26,8,0.0034678526531271
1,2,4,26,9,0.0323423402581087
1,2,4,26,10,0.0007078205919365
1,2,4,26,11,0.0013053894964414
1,2,4,26,12,0.0098178951399646
1,2,4,26,13,4.443263605481271e-05
1,2,4,26,14,0.0186363244508204
1,2,4,26,15,0.000808536102416
1,2,4,26,18,0.0086071048865825
1,2,4,26,19,7.145925095326267e-06
1,2,4,26,20,0.1472284454386171
1,2,4,26,22,0.0159942401128254
1,2,4,26,25,0.0007031036707045
1,2,4,26,26,0.0045557043848347
1,2,4,26,27,1.9202819899657457e-06
1,2,4,26,28,6.790253524631922e-05
1,2,4,26,29,0.0001136596246056
1,2,4,26,30,2.145901441440836e-06
1,2,4,26,31,9.910331651654665e-05
1,2,4,26,32,0.0157227607566721
1,2,4,26,33,0.0357165472086486
1,2,4,26,34,0.0023176789130192
1,2,4,26,35,0.0002110738767508
1,2,4,26,36,0.0001322518779503
1,2,4,26,37,0.000368805671747
1,2,4,26,38,1.63220891105954e-05
1,2,4,26,39,3.9284929158448544e-05
1,2,4,26,40,0.0069245993389799
1,2,4,26,41,7.14455396938376e-05
1,2,4,26,42,0.0004652916944822
1,2,4,26,43,0.0046447707777162
1,2,4,26,44,0.0033659078253514
1,2,4,26,45,0.0007433772541616
1,2,4,26,47,0.0029339645101848
1,2,4,26,48,0.0004127423170928
1,2,4,26,49,0.0002447998470964
1,2,4,26,50,0.0077167445508364
1,2,4,26,51,0.0003458090691526
1,2,4,26,52,0.0159788430601997
1,2,4,26,53,0.0265522465924973
1,2,4,26,54,0.0086515228498562
1,2,4,26,55,0.0311649405801113
1,2,4,26,58,3.837440801542675e-05
1,2,4,26,59,0.0035466581745929
1,2,4,26,60,0.0136946308876269
1,2,4,26,61,8.856464024462426e-05
1,2,4,26,62,0.0004618247700941
1,2,4,26,63,0.4519001131127473
1,2,4,26,64,0.0021007763887426
1,2,4,26,65,0.0007533124802184
1,2,4,26,66,0.001539428209435
1,2,4,26,67,0.0062201630508881
1,2,4,26,68,0.0065282587806534
1,2,4,26,69,0.0813712860828922
1,2,4,26,70,0.015370185915638
1,2,4,26,71,0.0301131647108782
1,2,4,26,72,0.0024978733700326
1,2,4,26,73,0.0104547778206354
1,2,4,26,74,0.000522535542835
1,2,4,26,76,0.0202220036223877
1,2,4,26,77,0.0046462880690342
1,2,4,26,78,0.0003470350869583
1,2,4,26,79,0.0040731061342347
1,2,4,26,80,0.0062387099025148
1,2,4,26,82,0.0018562541491442
1,2,4,26,84,0.0085705064659669
1,2,4,26,85,0.0041094274661609
1,2,4,26,86,0.0047737672040652
1,2,4,26,87,0.0003385185801916
1,2,4,26,88,0.0102046921645242
1,2,4,26,89,0.0429385087106782
1,2,4,26,90,0.1936790513323526
1,2,4,26,91,0.0022493033296462
1,2,4,26,92,0.0017002823408803
1,2,4,26,93,0.0051967495585583
1,2,4,26,94,0.016982713121616
1,2,4,26,95,0.4692936204575637
1,2,4,26,96,0.0005722284443643
1,2,4,26,97,0.0017010683004941
1,2,4,26,98,0.0006730552645734
1,2,4,26,99,0.0043691614611144
1,2,4,26,101,0.000492494958052
1,2,4,26,102,0.0004802951509107
1,2,4,26,108,8.16584513084552e-05
1,2,4,26,109,5.467343794679047e-06
1,2,4,26,110,0.0003144885389253
1,2,4,26,111,0.8889020812532196
1,2,4,26,112,0.0006958288830405
1,2,4,26,113,0.0032327703456594
1,2,4,26,114,5.276191744860841e-05
1,2,4,26,115,0.0016796530456972
1,2,4,26,116,0.0001166759942792
1,2,4,26,117,0.0042409703305986
1,2,4,26,118,0.002356414623025
1,2,4,26,119,0.0344425382509767
1,2,4,26,120,0.045220408065113
1,2,4,26,121,0.0237000761792703
1,2,4,26,122,0.0436490965015903
1,2,4,26,123,0.6174575080684224
1,2,4,26,124,0.0005698275193178
1,2,4,26,125,0.0612841172340114
1,2,4,26,126,0.0027372305448967
1,2,4,26,127,0.0099752769442608
1,2,4,26,128,0.0433332950794202
1,2,4,26,129,0.0051560913693038
1,2,4,26,130,0.0004890668539946
1,2,4,26,131,0.0049863137797847
1,2,4,26,132,0.0006306533798714
1,2,4,26,133,0.0025064471074809
1,2,4,26,134,0.0011288062016963
1,2,4,26,135,0.022692451218413
1,2,4,26,136,0.0009857984469185
1,2,4,26,137,0.0019630016203882
1,2,4,26,138,0.0010562201702111
1,2,4,26,140,1.557414977325644e-07
1,2,4,26,141,1.7049499980592695e-06
1,2,4,26,142,0.0010470882994777
1,2,4,26,144,7.048073233399268e-06
1,2,4,26,145,0.0001567099725314
1,2,4,26,148,2.9426923011776696e-05
1,2,4,26,149,0.003169872985301
1,2,4,26,151,0.0046026726460912
1,2,4,26,152,0.0113965871364223
1,2,4,26,153,0.0724959746787432
1,2,4,26,154,0.0083042187656978
1,2,4,26,155,0.000350186028371
1,2,4,26,156,0.0003440630953123
1,2,4,26,157,0.0010678950685551
1,2,4,26,158,0.0014399365195789
1,2,4,26,159,0.0003822913272004
1,2,4,26,160,0.0039086608282093
1,2,4,26,161,9.128338491791514e-05
1,2,4,26,162,4.015475972925012e-06
1,2,4,27,2,0.0646332298899414
1,2,4,27,3,0.056500736435546
1,2,4,27,4,0.0016503420132739
1,2,4,27,5,0.0344327313650929
1,2,4,27,6,0.0021102162994764
1,2,4,27,7,0.0005290904077495
1,2,4,27,8,0.0105112615609797
1,2,4,27,9,0.0521461523911916
1,2,4,27,10,0.0034380309388514
1,2,4,27,11,0.0030293112276709
1,2,4,27,12,0.0027074302945042
1,2,4,27,13,0.0015125166746122
1,2,4,27,14,0.0253067904037266
1,2,4,27,15,7.279883088708986e-05
1,2,4,27,18,0.0250107100570156
1,2,4,27,19,0.0001205699205161
1,2,4,27,20,0.017400531236014
1,2,4,27,21,0.0166232590373211
1,2,4,27,22,0.012136919669692
1,2,4,27,23,0.0001390748544535
1,2,4,27,25,0.0038710601904994
1,2,4,27,29,0.0003664578501786
1,2,4,27,32,0.0309496863483287
1,2,4,27,33,0.013880175255936
1,2,4,27,34,0.0042594214994976
1,2,4,27,35,0.0001809693301962
1,2,4,27,36,0.0004168213980009
1,2,4,27,37,0.0002676680259406
1,2,4,27,38,3.407432963533057e-05
1,2,4,27,39,0.0004035681315028
1,2,4,27,40,0.0015423860328052
1,2,4,27,41,1.4902126137375046e-05
1,2,4,27,42,0.0004448108075408
1,2,4,27,43,0.0057301656736082
1,2,4,27,44,0.0062638454572149
1,2,4,27,45,0.0008516721212273
1,2,4,27,46,0.0002260046167562
1,2,4,27,47,0.0022003539037471
1,2,4,27,48,0.0001333395252472
1,2,4,27,49,3.7695784314199515e-05
1,2,4,27,50,0.0353140291433646
1,2,4,27,51,0.0011630849372389
1,2,4,27,52,0.0131465560268827
1,2,4,27,53,0.001778530372091
1,2,4,27,54,0.0157651138598733
1,2,4,27,55,0.0039595798365363
1,2,4,27,56,0.4527016765317348
1,2,4,27,57,0.3410112480990016
1,2,4,27,58,0.0002551830298968
1,2,4,27,59,0.3255465429525573
1,2,4,27,60,0.0788228007363986
1,2,4,27,61,0.0041416049333154
1,2,4,27,62,0.0023312983385573
1,2,4,27,63,0.0571387048102046
1,2,4,27,64,0.0030429329406146
1,2,4,27,65,0.0548422505762792
1,2,4,27,66,0.006888052246236
1,2,4,27,67,0.0128501302297196
1,2,4,27,68,0.0099403462535095
1,2,4,27,69,0.239549847547231
1,2,4,27,70,0.0300881904418183
1,2,4,27,71,0.0284281770568091
1,2,4,27,72,0.2702387792528921
1,2,4,27,73,0.1451843116259137
1,2,4,27,74,0.001245076449262
1,2,4,27,76,0.0066575318776185
1,2,4,27,78,0.0023741234228129
1,2,4,27,80,0.0061751383755557
1,2,4,27,81,0.0005238707019157
1,2,4,27,82,0.0012171373767764
1,2,4,27,84,0.0371535406014991
1,2,4,27,85,0.0123127808549649
1,2,4,27,86,0.0039946398209001
1,2,4,27,87,0.0020398642536737
1,2,4,27,88,0.0116239675259913
1,2,4,27,89,0.0063948913772018
1,2,4,27,90,0.032739812813401
1,2,4,27,91,0.0035377978551578
1,2,4,27,92,0.0004315437090817
1,2,4,27,93,0.0064742140111334
1,2,4,27,94,8.973683584103655e-07
1,2,4,27,95,0.0004789099603389
1,2,4,27,96,7.414748003042284e-07
1,2,4,27,97,0.0153860686267612
1,2,4,27,98,2.1342352335356285e-08
1,2,4,27,99,6.5221801791536274e-09
1,2,4,27,101,8.263465554039471e-07
1,2,4,27,102,0.0014992575764277
1,2,4,27,103,0.0002904884725062
1,2,4,27,107,3.2328089327512496e-06
1,2,4,27,108,6.126547331836162e-06
1,2,4,27,109,0.0013120062789112
1,2,4,27,110,0.2015127332392283
1,2,4,27,111,0.4518700274216394
1,2,4,27,112,0.0300114838626734
1,2,4,27,113,0.0044891617212039
1,2,4,27,114,0.0107050599757975
1,2,4,27,115,0.0110437551499312
1,2,4,27,116,0.0011939265336949
1,2,4,27,117,0.0618893736009212
1,2,4,27,118,0.0348793690410782
1,2,4,27,119,0.0326197622816977
1,2,4,27,120,0.0996342869416994
1,2,4,27,121,0.1387117228863489
1,2,4,27,122,0.1079608576930821
1,2,4,27,123,0.0017440345770923
1,2,4,27,124,0.0035815945481216
1,2,4,27,125,0.0240205068074023
1,2,4,27,126,0.0793057221027075
1,2,4,27,127,0.0068305481805623
1,2,4,27,128,0.0023261057554341
1,2,4,27,129,0.0007335544425794
1,2,4,27,130,0.0012979107188824
1,2,4,27,131,0.0274035660111275
1,2,4,27,132,0.0056408661443532
1,2,4,27,133,0.0019212751894557
1,2,4,27,134,0.0054066634468433
1,2,4,27,135,0.0292141127878498
1,2,4,27,136,0.0017763812310642
1,2,4,27,137,0.0010020957768157
1,2,4,27,138,0.0016802269240908
1,2,4,27,139,0.0003532047423952
1,2,4,27,140,0.0003096589748372
1,2,4,27,141,0.0008469841518962
1,2,4,27,142,0.0055818798442394
1,2,4,27,143,0.000573424421756
1,2,4,27,144,0.0001232195770786
1,2,4,27,145,0.0007940356485983
1,2,4,27,148,0.0004466753852998
1,2,4,27,149,0.0020825384716512
1,2,4,27,151,0.0130060266915718
1,2,4,27,152,0.0252459018944988
1,2,4,27,153,0.246463835790397
1,2,4,27,154,0.0212927056868188
1,2,4,27,155,0.0024521956144493
1,2,4,27,156,0.0013943845978247
1,2,4,27,157,0.0026742314908757
1,2,4,27,158,0.0065285675908389
1,2,4,27,159,0.0002176886169547
1,2,4,27,160,0.0021536636943954
1,2,4,27,161,0.0006103802318657
1,2,4,28,2,0.3213260249410293
1,2,4,28,3,0.2312549811186457
1,2,4,28,4,0.0517587018075603
1,2,4,28,5,0.1045323953341526
1,2,4,28,6,0.0091525564249315
1,2,4,28,7,0.0072349594128941
1,2,4,28,8,0.0748127661217679
1,2,4,28,9,1.9035471050018429
1,2,4,28,10,0.0815750991629675
1,2,4,28,11,0.0510597069570876
1,2,4,28,12,0.4651070958348846
1,2,4,28,13,0.0153362157127261
1,2,4,28,14,2.7118944705468935
1,2,4,28,15,0.1188866804362498
1,2,4,28,18,0.0323112989682514
1,2,4,28,19,0.0862525772641791
1,2,4,28,20,0.1157844360571366
1,2,4,28,21,5.162924643056895
1,2,4,28,22,0.8608236279500188
1,2,4,28,25,0.00048222141782
1,2,4,28,29,0.0902580488963797
1,2,4,28,30,0.0002861353691803
1,2,4,28,32,0.4920861243881401
1,2,4,28,33,0.2848931498095705
1,2,4,28,34,0.1956464115824619
1,2,4,28,35,0.0280377390939884
1,2,4,28,36,0.0122454587872307
1,2,4,28,37,0.0033586170271316
1,2,4,28,38,0.0027161966708197
1,2,4,28,39,0.0163846442567269
1,2,4,28,40,0.1028952368595603
1,2,4,28,41,0.0025162599226937
1,2,4,28,42,0.0042620136265972
1,2,4,28,43,0.2538352123968664
1,2,4,28,44,0.0832944738011994
1,2,4,28,45,0.0709470705430218
1,2,4,28,46,0.0058592723751885
1,2,4,28,47,0.0262713804263934
1,2,4,28,48,0.0220072429782418
1,2,4,28,49,0.0021095931870373
1,2,4,28,50,0.0874614148973393
1,2,4,28,51,0.0432517538408849
1,2,4,28,52,0.0233919638169601
1,2,4,28,53,0.0401920527036172
1,2,4,28,54,0.0700448738038814
1,2,4,28,55,0.1724616961105087
1,2,4,28,56,0.1043768021148233
1,2,4,28,57,1.4956518667335
1,2,4,28,59,1.1070903809003272
1,2,4,28,60,0.2871143133086322
1,2,4,28,61,0.0027900398169146
1,2,4,28,62,0.0114665153084173
1,2,4,28,63,1.7383484394720454
1,2,4,28,64,0.3260967451489493
1,2,4,28,65,0.1004948702749692
1,2,4,28,66,0.0331244106276429
1,2,4,28,67,0.0194900714749196
1,2,4,28,68,0.002965249808823
1,2,4,28,69,0.2774057944295414
1,2,4,28,70,0.0460550259237135
1,2,4,28,71,0.0275259846498555
1,2,4,28,72,0.2500299956861259
1,2,4,28,73,0.0809790351324442
1,2,4,28,74,0.002919759843067
1,2,4,28,76,0.0245845587473624
1,2,4,28,77,0.017665391624558
1,2,4,28,78,0.0019533100116558
1,2,4,28,79,0.0014635276353894
1,2,4,28,80,0.0163778458490227
1,2,4,28,82,0.0070653652867257
1,2,4,28,84,0.1201457115894193
1,2,4,28,85,0.0609988040503067
1,2,4,28,86,0.0721646521473884
1,2,4,28,87,0.0176462442570794
1,2,4,28,88,0.0827214235797679
1,2,4,28,89,0.1349840140711079
1,2,4,28,90,0.3361427721322846
1,2,4,28,91,0.085837638249054
1,2,4,28,92,0.0411863637335561
1,2,4,28,93,0.1355093649160199
1,2,4,28,95,0.016621251272572
1,2,4,28,96,7.204261805321674
1,2,4,28,97,2.785317447983038
1,2,4,28,98,0.0007100587444073
1,2,4,28,99,0.0017005702358563
1,2,4,28,100,0.1667431025824526
1,2,4,28,101,0.0569611405706074
1,2,4,28,102,0.1247344055908072
1,2,4,28,103,0.0107483174758566
1,2,4,28,107,0.0158884099716798
1,2,4,28,109,0.0022623692575493
1,2,4,28,110,1.1414017780068566
1,2,4,28,111,0.0228152540953173
1,2,4,28,112,0.0008175916602458
1,2,4,28,113,0.0191893823843184
1,2,4,28,114,0.0002472762197934
1,2,4,28,115,0.0447653669772115
1,2,4,28,116,0.3701744811572741
1,2,4,28,117,0.3792025266700664
1,2,4,28,118,0.105322488323104
1,2,4,28,119,0.4831143617295634
1,2,4,28,120,0.1689059805844942
1,2,4,28,121,0.0696077815756892
1,2,4,28,122,0.3673670174837844
1,2,4,28,123,16.900405585853868
1,2,4,28,124,0.438082131797104
1,2,4,28,125,7.10645700622237
1,2,4,28,126,0.0755261825747887
1,2,4,28,127,0.0772722065547959
1,2,4,28,128,0.1198927784570883
1,2,4,28,129,0.0072637463796834
1,2,4,28,130,0.0151642451601002
1,2,4,28,131,0.0473970846772697
1,2,4,28,132,0.0120907833057111
1,2,4,28,133,0.0776180340721328
1,2,4,28,134,0.1123125951511158
1,2,4,28,135,0.4614984598580537
1,2,4,28,136,0.0117870746289303
1,2,4,28,137,0.0070110630788301
1,2,4,28,138,0.0021504085691864
1,2,4,28,139,0.0046289829305964
1,2,4,28,140,0.0045327327966339
1,2,4,28,141,0.0555803373630054
1,2,4,28,142,0.2073196084844955
1,2,4,28,143,0.0383171886214385
1,2,4,28,144,0.0019895753028229
1,2,4,28,145,0.019110265611263
1,2,4,28,146,0.000791494970612
1,2,4,28,147,0.0002655316807345
1,2,4,28,148,0.0049085205615284
1,2,4,28,149,0.0137333699839556
1,2,4,28,151,0.0673754673135968
1,2,4,28,152,0.1572693509096117
1,2,4,28,153,1.6136785705944068
1,2,4,28,154,0.7241794710063639
1,2,4,28,155,0.0837925071228956
1,2,4,28,156,0.0012175982151654
1,2,4,28,157,0.0896405469010968
1,2,4,28,158,0.2286916673244398
1,2,4,28,159,0.001155284252589
1,2,4,28,160,0.0189902176256636
1,2,4,28,161,0.0054075501847708
1,2,4,28,162,0.0009565825267807
1,2,4,29,1,0.8650524558459922
1,2,4,29,2,0.6532942967188959
1,2,4,29,3,1.0910099047007606
1,2,4,29,4,0.0683947048786784
1,2,4,29,5,1.1433827798748697
1,2,4,29,6,0.0437324675881281
1,2,4,29,7,0.3716372387062621
1,2,4,29,8,0.2004888790773702
1,2,4,29,9,0.8714626241693865
1,2,4,29,10,0.0457820355774525
1,2,4,29,11,0.1459597732379752
1,2,4,29,12,0.1464072453138274
1,2,4,29,13,0.0235640195299551
1,2,4,29,14,0.8861712972754319
1,2,4,29,15,0.0004418054846572
1,2,4,29,18,0.0703839162951812
1,2,4,29,19,0.0564384701003575
1,2,4,29,20,2.1957008051296425
1,2,4,29,21,52.51539614539869
1,2,4,29,22,1.206916611639637
1,2,4,29,23,0.0001423409430299
1,2,4,29,24,0.0583138207971464
1,2,4,29,25,0.033285221242141
1,2,4,29,26,0.0716541906949048
1,2,4,29,28,0.0003109860808281
1,2,4,29,29,0.1598509879558649
1,2,4,29,30,0.0280217111076366
1,2,4,29,31,0.0031397532552482
1,2,4,29,32,0.0775184486987521
1,2,4,29,33,0.1994393110540598
1,2,4,29,34,0.4493638199759078
1,2,4,29,35,0.0126533438383679
1,2,4,29,36,0.0070772580155472
1,2,4,29,37,0.0148942873750342
1,2,4,29,38,0.1846967821702455
1,2,4,29,39,0.1120453824635122
1,2,4,29,40,0.2410091501307828
1,2,4,29,41,0.0282924115176765
1,2,4,29,42,0.0089143867453049
1,2,4,29,43,0.0751828765232981
1,2,4,29,44,0.0602987209916782
1,2,4,29,45,0.2819888174325241
1,2,4,29,46,0.0013439735179418
1,2,4,29,47,0.1573669187312802
1,2,4,29,48,0.0026033400820709
1,2,4,29,49,0.0138607953909084
1,2,4,29,50,0.1119662636942177
1,2,4,29,52,0.0720222275401401
1,2,4,29,54,0.5927819793855105
1,2,4,29,55,0.1425735592003862
1,2,4,29,56,0.0211688547638362
1,2,4,29,57,2.8636851282904603
1,2,4,29,58,2.6169099117973055e-05
1,2,4,29,59,0.7809858279853727
1,2,4,29,61,0.0201220917647588
1,2,4,29,62,0.2059994317840056
1,2,4,29,63,12.57056881019706
1,2,4,29,64,0.0388290359587844
1,2,4,29,65,0.1398856843006834
1,2,4,29,67,0.0256906881231159
1,2,4,29,68,0.0127693990626457
1,2,4,29,69,0.516486470873522
1,2,4,29,71,0.0352909766564639
1,2,4,29,72,0.2403823390460938
1,2,4,29,74,0.0413456834075122
1,2,4,29,76,0.0715558833359221
1,2,4,29,78,0.0042522868050714
1,2,4,29,80,0.0569118855063969
1,2,4,29,82,0.0123974199611925
1,2,4,29,84,0.1076457020508142
1,2,4,29,85,0.0871836417932631
1,2,4,29,86,0.1205166543670256
1,2,4,29,87,0.0518552884825213
1,2,4,29,88,0.0610199235906112
1,2,4,29,89,0.0683883517965816
1,2,4,29,90,0.1114268980280723
1,2,4,29,91,0.0825198736169031
1,2,4,29,92,0.2075922757725503
1,2,4,29,93,0.299085484073147
1,2,4,29,94,0.7761165019203415
1,2,4,29,96,11.30215787499228
1,2,4,29,97,5.982453083065826
1,2,4,29,98,0.0024590138407193
1,2,4,29,99,0.0061557661532334
1,2,4,29,100,0.0005949207340443
1,2,4,29,101,0.1007411325798257
1,2,4,29,102,0.1276259003133126
1,2,4,29,103,0.0088511215716282
1,2,4,29,104,4.683564788204279e-06
1,2,4,29,106,3.963325656572968e-05
1,2,4,29,107,0.0006030280269782
1,2,4,29,108,0.026975213644281
1,2,4,29,109,0.0024020416152867
1,2,4,29,110,0.113321783139095
1,2,4,29,111,1.5471498932365568
1,2,4,29,112,0.0010983774243872
1,2,4,29,113,0.0663269616527339
1,2,4,29,115,0.0253065830952217
1,2,4,29,116,0.0020127866043275
1,2,4,29,117,0.1109894416203905
1,2,4,29,118,0.0029417093709867
1,2,4,29,119,1.0671452769694578
1,2,4,29,120,0.4680686917708165
1,2,4,29,121,5.261124816784721e-05
1,2,4,29,122,0.5797112605176984
1,2,4,29,123,7.2142043262867475
1,2,4,29,124,0.2679440973988838
1,2,4,29,125,10.32893726504753
1,2,4,29,126,0.5800061437179924
1,2,4,29,127,0.169534514727952
1,2,4,29,128,0.0938654283606308
1,2,4,29,129,0.0257722273032344
1,2,4,29,130,0.0771827360915853
1,2,4,29,131,0.1842384141090992
1,2,4,29,132,0.0791550730733416
1,2,4,29,133,0.0394616026547961
1,2,4,29,134,0.1222716202902291
1,2,4,29,135,0.8284589151027759
1,2,4,29,136,0.0139918393770531
1,2,4,29,137,0.0011658333966224
1,2,4,29,138,0.0001375430985457
1,2,4,29,139,0.0116727650870212
1,2,4,29,140,0.0027444186944584
1,2,4,29,141,0.0674691270734721
1,2,4,29,142,0.0538529364684491
1,2,4,29,143,0.0103177053357427
1,2,4,29,144,0.0014572772141017
1,2,4,29,145,0.0062008245033171
1,2,4,29,148,0.3752423223804649
1,2,4,29,149,0.0039996644555155
1,2,4,29,150,0.0085630675182174
1,2,4,29,151,2.7975151243494167
1,2,4,29,152,0.1006852984910647
1,2,4,29,153,1.3063274458757157
1,2,4,29,154,0.6354999300308014
1,2,4,29,155,0.092864839915717
1,2,4,29,156,0.0025682889645197
1,2,4,29,157,0.048727628054958
1,2,4,29,158,0.2771744848243468
1,2,4,29,159,0.0053699219353863
1,2,4,29,160,0.037182206577487
1,2,4,29,161,0.0026603237024319
1,2,4,29,162,0.0013643240169714
1,2,4,30,1,0.0041844239221388
1,2,4,30,2,0.001183411375468
1,2,4,30,3,0.0003093880092223
1,2,4,30,4,0.0026086205109252
1,2,4,30,5,0.0137784711114712
1,2,4,30,6,0.0007172697770276
1,2,4,30,7,1.5734202567368075e-06
1,2,4,30,8,0.0177372505294827
1,2,4,30,9,0.0084380386617107
1,2,4,30,10,0.0001728677533596
1,2,4,30,11,0.0014191026541321
1,2,4,30,12,5.722070707646428e-05
1,2,4,30,13,0.0003107993913371
1,2,4,30,14,0.0049858920207095
1,2,4,30,15,5.687093335340862e-05
1,2,4,30,18,0.0026036973777241
1,2,4,30,19,0.0021703480017564
1,2,4,30,20,0.6420363448527776
1,2,4,30,21,0.0009113090131123
1,2,4,30,22,0.1250667819479464
1,2,4,30,25,0.3602681938894432
1,2,4,30,26,0.0063733803839065
1,2,4,30,29,0.3359313733375971
1,2,4,30,31,0.1182816965933664
1,2,4,30,32,0.0669448763155689
1,2,4,30,33,0.2169390463510029
1,2,4,30,34,0.0989186264145745
1,2,4,30,35,0.0004737632497051
1,2,4,30,36,5.596541560978097e-05
1,2,4,30,37,0.0008625621794138
1,2,4,30,38,0.0016727363555243
1,2,4,30,39,0.0021044188690572
1,2,4,30,40,0.0005151636969676
1,2,4,30,41,0.000296347634287
1,2,4,30,42,0.0002445783927796
1,2,4,30,43,0.0030636047020467
1,2,4,30,44,0.0019724837517546
1,2,4,30,45,0.0011855443942581
1,2,4,30,46,0.0012788697816156
1,2,4,30,47,0.0511613229545515
1,2,4,30,48,0.0060159394590378
1,2,4,30,49,0.0037848676019967
1,2,4,30,50,0.0009743091045516
1,2,4,30,52,0.0120954279457834
1,2,4,30,53,0.0376945252837642
1,2,4,30,54,0.0657283686203671
1,2,4,30,55,0.0149525303984179
1,2,4,30,56,0.5669257552103288
1,2,4,30,57,0.4283706475498881
1,2,4,30,58,5.814246166229118e-15
1,2,4,30,59,0.1132255939013149
1,2,4,30,61,0.0014201562012386
1,2,4,30,62,0.0031258933639025
1,2,4,30,63,1.3012070332662813
1,2,4,30,64,0.0054086061956964
1,2,4,30,65,0.0519944270850736
1,2,4,30,67,0.0148819464965814
1,2,4,30,68,0.0052599162236038
1,2,4,30,69,0.4443760020996251
1,2,4,30,71,0.0424075847313602
1,2,4,30,72,0.9690790015429522
1,2,4,30,74,0.0028103240737896
1,2,4,30,76,0.0019107922704804
1,2,4,30,78,0.015869910591642
1,2,4,30,80,0.0090295397207162
1,2,4,30,82,0.0058016991584125
1,2,4,30,84,0.0381514543059337
1,2,4,30,85,0.01234882207198
1,2,4,30,86,0.018029215634276
1,2,4,30,87,0.0012547577646857
1,2,4,30,88,0.0105661640793044
1,2,4,30,89,0.0175320157822762
1,2,4,30,90,0.0350307959386353
1,2,4,30,91,0.0178446239980783
1,2,4,30,92,0.0010055759453997
1,2,4,30,93,0.0222875392035404
1,2,4,30,94,0.0035046878050553
1,2,4,30,96,1.1298748322297485
1,2,4,30,97,1.1971390856324222
1,2,4,30,98,2.2616651681652504e-06
1,2,4,30,99,2.251350349129048e-05
1,2,4,30,100,1.1136541612291111e-05
1,2,4,30,101,0.1930229200781515
1,2,4,30,102,0.0526578388206606
1,2,4,30,103,1.6264993729546877e-05
1,2,4,30,105,4.87683901631396e-09
1,2,4,30,106,9.755053281552428e-06
1,2,4,30,107,0.0015362673850792
1,2,4,30,108,6.65315386724728e-06
1,2,4,30,109,1.3903446427543209e-12
1,2,4,30,110,0.0476823062798576
1,2,4,30,111,0.0080817381784697
1,2,4,30,112,0.0006354940149468
1,2,4,30,113,0.0095076149331782
1,2,4,30,115,0.0034538952472757
1,2,4,30,116,0.0052107624232655
1,2,4,30,117,0.0053130727185779
1,2,4,30,118,0.0087272808087754
1,2,4,30,119,0.0068341664065858
1,2,4,30,120,0.0012913924770469
1,2,4,30,121,0.0008577816934073
1,2,4,30,122,5.0420801199095744e-05
1,2,4,30,123,14.85527819082778
1,2,4,30,124,0.1414087102486869
1,2,4,30,125,0.3023973429527193
1,2,4,30,126,0.0052422292908743
1,2,4,30,127,0.0026479069651909
1,2,4,30,128,0.0137909064958848
1,2,4,30,129,0.000777046830703
1,2,4,30,130,0.0028239222339124
1,2,4,30,131,0.0851990547299076
1,2,4,30,132,0.0065610266560991
1,2,4,30,133,0.0031643419366434
1,2,4,30,134,0.0602698694983904
1,2,4,30,135,0.0329983543708807
1,2,4,30,136,0.0986268889745713
1,2,4,30,137,0.0002766106224697
1,2,4,30,138,9.021444104638924e-05
1,2,4,30,139,0.1263628361675798
1,2,4,30,140,0.0014337471273004
1,2,4,30,141,0.0078247316792477
1,2,4,30,142,0.0058386533844598
1,2,4,30,143,0.008468685485077
1,2,4,30,144,0.000849921620696
1,2,4,30,145,0.00649914046995
1,2,4,30,149,0.0941064396681856
1,2,4,30,151,0.1041376876356714
1,2,4,30,152,0.2518203285881183
1,2,4,30,153,0.0529223157538034
1,2,4,30,154,0.0224801401478669
1,2,4,30,155,0.0087728744518101
1,2,4,30,156,0.0004497778067876
1,2,4,30,157,0.0021263965623289
1,2,4,30,158,0.0077327324322477
1,2,4,30,159,0.0033677856101111
1,2,4,30,160,0.0012338000341639
1,2,4,30,161,0.0011269276992629
1,2,4,30,162,0.0002784845194478
1,2,4,31,1,1.698393231603715
1,2,4,31,2,0.5329218636781908
1,2,4,31,3,0.940171469492292
1,2,4,31,4,1.3011287176204525
1,2,4,31,5,0.95556692513324
1,2,4,31,6,0.1633172121818844
1,2,4,31,7,0.5310415462664302
1,2,4,31,8,0.1209294584403483
1,2,4,31,9,0.9539804851873366
1,2,4,31,10,2.355281970122254
1,2,4,31,11,0.7462776769211793
1,2,4,31,12,0.9003400842729106
1,2,4,31,13,0.0186475339666059
1,2,4,31,14,1.3488653211743056
1,2,4,31,15,0.0364539675940122
1,2,4,31,18,0.1317653286739057
1,2,4,31,19,0.0047585751209435
1,2,4,31,20,6.840291584280067
1,2,4,31,21,2.6588560918356663
1,2,4,31,22,0.2625744611615566
1,2,4,31,24,0.0579910554087717
1,2,4,31,25,0.0454489867442343
1,2,4,31,26,0.0707454081577124
1,2,4,31,27,0.1351113995087862
1,2,4,31,28,0.2481280670149283
1,2,4,31,29,0.1290628896131601
1,2,4,31,30,0.0817825253242774
1,2,4,31,31,0.1295044213769419
1,2,4,31,32,0.0156318213129271
1,2,4,31,33,0.4836678771339711
1,2,4,31,34,0.5113419869072938
1,2,4,31,35,0.122080606358648
1,2,4,31,36,0.0060002118983282
1,2,4,31,37,0.0140817706946626
1,2,4,31,38,0.0092801328914057
1,2,4,31,39,0.0021054574306899
1,2,4,31,40,0.0225904455510462
1,2,4,31,41,0.1103194367090438
1,2,4,31,42,0.0017480619611866
1,2,4,31,43,0.1625920162175115
1,2,4,31,44,0.025881752296266
1,2,4,31,45,0.0659704537607369
1,2,4,31,46,1.2841231458907534
1,2,4,31,47,0.4229746657668851
1,2,4,31,48,0.1782808212790883
1,2,4,31,49,0.5827151975389262
1,2,4,31,50,0.451772442309743
1,2,4,31,52,0.0044935715748348
1,2,4,31,53,0.0052039522217689
1,2,4,31,54,0.9024398245496617
1,2,4,31,55,0.040468665920287
1,2,4,31,56,1.8904775344692648
1,2,4,31,57,3.213487920266775
1,2,4,31,58,0.0203358558753126
1,2,4,31,59,0.0609901784033021
1,2,4,31,61,0.0033745283494014
1,2,4,31,62,0.4422499909972013
1,2,4,31,63,26.183437509628888
1,2,4,31,64,1.7406856663882435
1,2,4,31,65,0.3910632888344369
1,2,4,31,67,0.177106816007214
1,2,4,31,68,0.0811804930428879
1,2,4,31,69,2.77084636984305
1,2,4,31,71,2.102779169066342
1,2,4,31,72,10.649669321397106
1,2,4,31,74,0.3055871720869615
1,2,4,31,76,0.6393027093161711
1,2,4,31,78,0.0284311074034854
1,2,4,31,80,0.4369449516389418
1,2,4,31,82,0.6754632519637226
1,2,4,31,84,0.9684678671675429
1,2,4,31,85,3.547040641970047
1,2,4,31,86,0.4120359907382449
1,2,4,31,87,0.182653310646466
1,2,4,31,88,0.1898857276184111
1,2,4,31,89,0.4878875458156883
1,2,4,31,90,0.0403092252028308
1,2,4,31,91,0.088904414158951
1,2,4,31,92,0.1019419396817135
1,2,4,31,93,0.5547388567755611
1,2,4,31,94,0.0169084293439276
1,2,4,31,96,37.46877602203431
1,2,4,31,97,0.8915742515660608
1,2,4,31,98,0.0004170420865231
1,2,4,31,99,0.0056098314927572
1,2,4,31,100,0.0013008467312804
1,2,4,31,101,0.0285273769779378
1,2,4,31,102,0.0084789617480796
1,2,4,31,103,0.0011246595121509
1,2,4,31,104,8.099664606517497e-12
1,2,4,31,105,8.767022880882079e-06
1,2,4,31,106,0.0883980000523773
1,2,4,31,107,0.8660621086553031
1,2,4,31,108,0.0727925198593213
1,2,4,31,109,0.0036319574648209
1,2,4,31,110,4.04492215103641
1,2,4,31,111,6.168757686061322
1,2,4,31,112,0.0022497525107014
1,2,4,31,113,0.0195318704528587
1,2,4,31,115,0.0068091592181861
1,2,4,31,116,0.0072377493970833
1,2,4,31,117,0.0266916166162275
1,2,4,31,118,0.0568872832671108
1,2,4,31,119,0.3774960969020955
1,2,4,31,120,0.5146676159123945
1,2,4,31,121,0.1433324319465197
1,2,4,31,122,0.0293043828422708
1,2,4,31,123,14.970877165649986
1,2,4,31,124,0.8601475415439057
1,2,4,31,125,2.8743471924226056
1,2,4,31,126,0.0486237112794691
1,2,4,31,127,0.0072468480241137
1,2,4,31,128,0.3111408721551009
1,2,4,31,129,0.009528362400503
1,2,4,31,130,0.0070771480911257
1,2,4,31,131,0.0762545920660932
1,2,4,31,132,0.1757440365527026
1,2,4,31,133,0.0070429030661128
1,2,4,31,134,0.0108155800796392
1,2,4,31,135,0.3451546563617983
1,2,4,31,136,0.0057411460572296
1,2,4,31,137,0.0021531621017082
1,2,4,31,138,0.0482173191584096
1,2,4,31,139,0.0042230020512218
1,2,4,31,140,0.0037467926932782
1,2,4,31,141,0.1582949861024531
1,2,4,31,142,0.1629972265647614
1,2,4,31,143,0.1817994296254322
1,2,4,31,144,0.0006112721710275
1,2,4,31,145,0.2143619575266345
1,2,4,31,149,0.009569689367953
1,2,4,31,150,0.0001211452423801
1,2,4,31,151,0.0729125579341004
1,2,4,31,152,0.1406098804125408
1,2,4,31,153,2.9576378573259485
1,2,4,31,154,0.5139875902386373
1,2,4,31,155,0.060221330431459
1,2,4,31,156,0.0058878953618673
1,2,4,31,157,0.3182831434033634
1,2,4,31,158,0.0449963401678218
1,2,4,31,159,0.004644545693641
1,2,4,31,160,0.006107659839569
1,2,4,31,161,0.0308341480503339
1,2,4,31,162,0.0063732164150444
1,2,4,32,2,0.2361984174847474
1,2,4,32,3,0.23736355499567
1,2,4,32,4,0.0461565382509092
1,2,4,32,5,0.7139892720587279
1,2,4,32,6,0.0003873526303998
1,2,4,32,7,0.0035594496862558
1,2,4,32,8,0.0687105381339979
1,2,4,32,9,0.9079233319728728
1,2,4,32,10,0.0717137301919055
1,2,4,32,11,0.0365696262018824
1,2,4,32,12,0.0150032191587425
1,2,4,32,13,0.0045074410407555
1,2,4,32,14,0.2489901036176263
1,2,4,32,15,5.575832269422918e-06
1,2,4,32,18,0.1066753109954377
1,2,4,32,19,0.0869024021450229
1,2,4,32,20,0.1847631844343566
1,2,4,32,21,5.079731966239985
1,2,4,32,22,0.2894563289462757
1,2,4,32,23,0.0176424705580484
1,2,4,32,24,0.0002802782934474
1,2,4,32,25,0.0339866162446705
1,2,4,32,26,0.0774167229664805
1,2,4,32,27,0.0005242150691484
1,2,4,32,28,2.7789663969041357e-06
1,2,4,32,29,0.0577993346247286
1,2,4,32,30,0.0016603494776674
1,2,4,32,31,0.0309140238487064
1,2,4,32,32,0.0238875988593447
1,2,4,32,33,0.0857125547018786
1,2,4,32,34,0.1112557040850002
1,2,4,32,35,0.0157903759397574
1,2,4,32,36,0.0123719113011093
1,2,4,32,37,0.0142531768963146
1,2,4,32,38,0.0005657268441572
1,2,4,32,39,0.0054692818067616
1,2,4,32,40,0.018389334420426
1,2,4,32,41,1.865481498605827e-05
1,2,4,32,42,0.0001725976589021
1,2,4,32,43,0.0432334436154849
1,2,4,32,44,0.0224536666299472
1,2,4,32,45,0.1815786347183706
1,2,4,32,46,0.01067108188611
1,2,4,32,47,0.0016755184545567
1,2,4,32,48,0.0005220278179792
1,2,4,32,49,3.3881834075179912e-06
1,2,4,32,50,0.0183785794799823
1,2,4,32,51,0.0172750526127971
1,2,4,32,52,0.0396474419885529
1,2,4,32,53,0.0059624851208402
1,2,4,32,54,0.0701693701623987
1,2,4,32,55,0.0125166635134874
1,2,4,32,56,0.0055778593487515
1,2,4,32,57,0.4694297687392371
1,2,4,32,59,0.0002779929538218
1,2,4,32,60,5.575983557242183e-05
1,2,4,32,61,0.0016784508315447
1,2,4,32,62,0.0806304365059203
1,2,4,32,63,2.8906211440081755
1,2,4,32,64,0.0136911700794973
1,2,4,32,65,0.0193677287591151
1,2,4,32,66,0.0016736648764464
1,2,4,32,67,0.0038728078864903
1,2,4,32,68,0.0028663592173049
1,2,4,32,69,0.1092208950337362
1,2,4,32,70,0.0125268180045799
1,2,4,32,71,0.0448897809713065
1,2,4,32,72,0.128673767089176
1,2,4,32,73,0.0672485718800563
1,2,4,32,74,0.0021912551276982
1,2,4,32,76,0.0503013606116084
1,2,4,32,77,0.0033719283424046
1,2,4,32,78,0.0119249760349119
1,2,4,32,79,0.0007941857412457
1,2,4,32,80,0.0268710505763413
1,2,4,32,81,0.0002749960269578
1,2,4,32,82,0.018080714792991
1,2,4,32,84,0.0102202940726654
1,2,4,32,85,0.0160781441248047
1,2,4,32,86,0.0129467106748228
1,2,4,32,87,0.0010476860369741
1,2,4,32,88,0.0172477989304996
1,2,4,32,89,0.0072042545641373
1,2,4,32,90,0.0018619109943064
1,2,4,32,91,0.0036505218818785
1,2,4,32,92,0.0038513106186883
1,2,4,32,93,0.0179739022149107
1,2,4,32,96,1.3771821130442248
1,2,4,32,97,0.5248410609194539
1,2,4,32,98,2.7039014058426973e-07
1,2,4,32,99,0.0068668397340762
1,2,4,32,100,0.0152788380203529
1,2,4,32,101,0.166069516941217
1,2,4,32,102,0.0039294806581892
1,2,4,32,103,0.032142315157757
1,2,4,32,105,0.099574787243635
1,2,4,32,107,0.0011484966101421
1,2,4,32,108,0.0002168610745944
1,2,4,32,109,0.0922508726004015
1,2,4,32,110,0.0556232254280708
1,2,4,32,112,0.0611724326089336
1,2,4,32,113,0.0405594968808626
1,2,4,32,114,0.0018923371229425
1,2,4,32,115,0.0585267532714814
1,2,4,32,116,0.0203965640836329
1,2,4,32,117,0.1045756941685579
1,2,4,32,118,0.0667745999729813
1,2,4,32,119,0.7584919977682637
1,2,4,32,120,1.0932849817160657
1,2,4,32,121,0.5281353085315885
1,2,4,32,122,0.6623254644363278
1,2,4,32,123,4.439872384809455
1,2,4,32,124,0.1530761709935612
1,2,4,32,125,0.5247489362225746
1,2,4,32,126,0.0492711772043896
1,2,4,32,127,0.0350605422832687
1,2,4,32,128,0.026771698302305
1,2,4,32,129,0.0120747351248325
1,2,4,32,130,0.0398313103917288
1,2,4,32,131,0.171337518246212
1,2,4,32,132,0.0214370697206824
1,2,4,32,133,0.0065532310138996
1,2,4,32,134,0.0022543464855382
1,2,4,32,135,0.1327685245919083
1,2,4,32,136,0.0407746079927509
1,2,4,32,137,0.0014670274000899
1,2,4,32,138,0.0066351001722504
1,2,4,32,139,0.0005606371636892
1,2,4,32,140,0.0001072415968184
1,2,4,32,141,3.524429221991303e-05
1,2,4,32,142,6.052814021054867e-05
1,2,4,32,143,1.2192227664734127e-05
1,2,4,32,144,0.0002755605549602
1,2,4,32,145,2.1548656920964444e-06
1,2,4,32,149,0.0056710379009483
1,2,4,32,150,0.0001621541000549
1,2,4,32,151,0.0415366029248065
1,2,4,32,152,0.0969533462382781
1,2,4,32,153,0.7837110315756344
1,2,4,32,154,0.1704716481899605
1,2,4,32,155,0.0188165234879297
1,2,4,32,156,0.0053187394087718
1,2,4,32,157,0.0197901521122497
1,2,4,32,158,0.0043045561495043
1,2,4,32,159,0.0008046995406678
1,2,4,32,160,0.0519350638148685
1,2,4,32,161,0.0044781863581984
1,2,4,32,162,0.0008253538130538
1,2,4,33,1,0.0848867002702258
1,2,4,33,2,0.072562313035053
1,2,4,33,3,0.001250695191808
1,2,4,33,4,0.0116438727597797
1,2,4,33,5,0.0025367157323236
1,2,4,33,7,1.3998900728555862e-06
1,2,4,33,8,0.002754327409561
1,2,4,33,9,0.0179928407624058
1,2,4,33,10,0.0180076998605395
1,2,4,33,11,0.0139485120006371
1,2,4,33,12,0.0002081421544622
1,2,4,33,13,0.00127374385674
1,2,4,33,14,0.011493781174662
1,2,4,33,15,5.344167304373047e-07
1,2,4,33,18,0.0012527945173822
1,2,4,33,19,0.0191057213696241
1,2,4,33,20,0.1851244432224186
1,2,4,33,21,0.0098357278169626
1,2,4,33,22,0.0331216181526998
1,2,4,33,24,0.0122524300232229
1,2,4,33,25,0.0066139542629794
1,2,4,33,26,0.000568592831984
1,2,4,33,27,0.0013965637253284
1,2,4,33,28,0.0020295435662161
1,2,4,33,29,0.0523238893576322
1,2,4,33,30,0.0112367692316431
1,2,4,33,31,0.0020812500709246
1,2,4,33,32,0.0038963893659658
1,2,4,33,33,0.0053238398844456
1,2,4,33,34,0.0041968060779473
1,2,4,33,35,0.0018214786481421
1,2,4,33,36,0.0086231672694955
1,2,4,33,37,0.0036237335441239
1,2,4,33,38,0.0004094071513597
1,2,4,33,39,0.0170800034084045
1,2,4,33,40,0.0122652714080465
1,2,4,33,41,0.0396549597790519
1,2,4,33,42,0.0159433877217759
1,2,4,33,43,0.0160695154124783
1,2,4,33,44,0.0084203505244435
1,2,4,33,45,0.0037249705709342
1,2,4,33,46,0.0002455343325272
1,2,4,33,47,0.0214620260331224
1,2,4,33,48,0.000356219205513
1,2,4,33,49,0.0023113601508314
1,2,4,33,50,0.0012338857363494
1,2,4,33,51,0.0016581168488376
1,2,4,33,52,0.0032130161008642
1,2,4,33,53,0.0075380648006111
1,2,4,33,54,0.0400550206327511
1,2,4,33,55,0.0034469521207832
1,2,4,33,56,0.2063578862439205
1,2,4,33,57,1.2556282646810808
1,2,4,33,58,3.836755516288627e-06
1,2,4,33,59,0.5364959063833131
1,2,4,33,61,6.876869883351826e-05
1,2,4,33,62,0.0126756298649653
1,2,4,33,63,0.2310819689230397
1,2,4,33,64,0.0310713821271674
1,2,4,33,65,0.0801453362681874
1,2,4,33,67,0.0057222520060634
1,2,4,33,68,0.0052954140116668
1,2,4,33,69,0.0425219631583335
1,2,4,33,70,0.0132321964936441
1,2,4,33,71,0.0354620720950006
1,2,4,33,72,0.298718017012301
1,2,4,33,73,0.0752268864562892
1,2,4,33,74,0.0064587434282832
1,2,4,33,76,0.0055020739120221
1,2,4,33,78,0.0040677865586492
1,2,4,33,80,0.0171089823098245
1,2,4,33,81,0.0029738891726523
1,2,4,33,82,0.0009428274681456
1,2,4,33,84,0.0284855838574551
1,2,4,33,85,0.0245550592453989
1,2,4,33,86,0.0159793984217502
1,2,4,33,87,0.004034229116941
1,2,4,33,88,0.0141146719715596
1,2,4,33,89,0.0261266842315086
1,2,4,33,90,0.0121199567430213
1,2,4,33,91,0.0144552210794696
1,2,4,33,92,0.020646088729074
1,2,4,33,93,0.0188623417085172
1,2,4,33,94,0.0625010580942197
1,2,4,33,96,2.4355763937897748
1,2,4,33,97,0.7580562428624616
1,2,4,33,98,9.32314473072492e-05
1,2,4,33,99,3.266523440850308e-14
1,2,4,33,100,0.0181753351448544
1,2,4,33,101,0.1047027279869531
1,2,4,33,102,0.0051337604360154
1,2,4,33,103,0.0006371608308108
1,2,4,33,107,0.0288640029093635
1,2,4,33,108,0.0449162357523232
1,2,4,33,109,0.0318511336423251
1,2,4,33,110,0.2903484041282451
1,2,4,33,111,0.1168613728594511
1,2,4,33,112,0.0170536140301384
1,2,4,33,113,0.0045752015650427
1,2,4,33,115,0.0373399753926583
1,2,4,33,116,0.0001280017639262
1,2,4,33,117,0.0198424862882137
1,2,4,33,118,0.0090891057389123
1,2,4,33,119,0.0964601718502633
1,2,4,33,120,0.0049734771066938
1,2,4,33,121,2.648388574862635e-05
1,2,4,33,122,0.0001788703507072
1,2,4,33,123,6.481658441878031
1,2,4,33,124,0.0426047730036204
1,2,4,33,125,0.8031609527966674
1,2,4,33,126,0.0139406428135217
1,2,4,33,127,0.0080405356314713
1,2,4,33,128,0.0061871351469865
1,2,4,33,129,0.0012235819157482
1,2,4,33,130,0.0011515027071273
1,2,4,33,131,0.0226137437634121
1,2,4,33,132,0.0081953615826513
1,2,4,33,133,0.0127529865920005
1,2,4,33,134,0.1159650047245815
1,2,4,33,135,0.0304760260647449
1,2,4,33,136,0.0007150462010024
1,2,4,33,137,0.0005294682284428
1,2,4,33,138,0.0010430919844508
1,2,4,33,139,0.0029186272553745
1,2,4,33,140,0.0033658308885608
1,2,4,33,141,0.0135029520372375
1,2,4,33,142,0.0096929930635916
1,2,4,33,143,0.0118787869927588
1,2,4,33,144,0.000283509121719
1,2,4,33,145,0.0038333540311739
1,2,4,33,151,0.0163862356735615
1,2,4,33,152,0.1343604957439189
1,2,4,33,159,0.001233951060852
1,2,4,33,160,0.0068876176062928
1,2,4,33,161,0.0083392325932808
1,2,4,33,162,0.0006128661071827
1,2,4,34,1,0.0763738910568922
1,2,4,34,2,0.051631341492719
1,2,4,34,3,0.5649545539777712
1,2,4,34,4,0.038871248899664
1,2,4,34,5,0.4905277639977418
1,2,4,34,6,0.301929706178457
1,2,4,34,7,0.0361340782834605
1,2,4,34,8,0.0596500633742452
1,2,4,34,9,4.450684211983755
1,2,4,34,10,0.0966592965216196
1,2,4,34,11,0.088605427923887
1,2,4,34,12,0.0181487395331963
1,2,4,34,13,0.0014894859947418
1,2,4,34,14,0.7792331433922566
1,2,4,34,15,1.3371315879912845e-05
1,2,4,34,18,0.0254496069154953
1,2,4,34,19,0.0014877707144128
1,2,4,34,20,0.568754448997363
1,2,4,34,21,0.9531242930063548
1,2,4,34,22,0.0519239644575727
1,2,4,34,24,0.1450311726954402
1,2,4,34,25,0.1062373826162662
1,2,4,34,26,0.315269213597695
1,2,4,34,27,0.0025701898555403
1,2,4,34,28,0.0027876300976666
1,2,4,34,29,0.0246922917887432
1,2,4,34,30,0.0556936752691068
1,2,4,34,31,0.0646729006134583
1,2,4,34,32,0.0058109933035221
1,2,4,34,33,0.0123108302482193
1,2,4,34,34,0.1733995117869899
1,2,4,34,35,0.0092605412925262
1,2,4,34,36,0.0008803672578789
1,2,4,34,37,0.0030726155486516
1,2,4,34,38,0.0006717417535243
1,2,4,34,39,0.0045582309880726
1,2,4,34,40,0.0014359624499363
1,2,4,34,41,0.0001817820711814
1,2,4,34,42,0.0058713449115687
1,2,4,34,43,0.0159058058797631
1,2,4,34,44,0.000574149439061
1,2,4,34,45,0.0001976763728059
1,2,4,34,46,0.0005610496155199
1,2,4,34,47,0.0007284358830586
1,2,4,34,48,0.0001483773392506
1,2,4,34,49,0.0009491239915446
1,2,4,34,50,0.0031903778887333
1,2,4,34,51,0.0040824083764388
1,2,4,34,52,0.027865333472469
1,2,4,34,53,0.0020183194705018
1,2,4,34,54,0.0301504459396063
1,2,4,34,55,0.0090698166842405
1,2,4,34,56,0.0373725621404516
1,2,4,34,57,0.4452814175847565
1,2,4,34,58,3.763499171756496e-05
1,2,4,34,59,0.1832904597068099
1,2,4,34,60,0.0031504564453504
1,2,4,34,61,0.0028358854822007
1,2,4,34,62,0.0138037397108378
1,2,4,34,63,0.6905244505692936
1,2,4,34,64,0.0137472597770302
1,2,4,34,65,0.0099447006705994
1,2,4,34,66,0.0030847850686204
1,2,4,34,67,0.007588289700963
1,2,4,34,68,0.0005607962649148
1,2,4,34,69,0.1982056168909833
1,2,4,34,71,0.0888137665078013
1,2,4,34,72,0.4901407369917346
1,2,4,34,73,0.2248048839018082
1,2,4,34,74,0.0405167100515123
1,2,4,34,76,0.3188972416651496
1,2,4,34,77,0.0817585450464487
1,2,4,34,78,0.0175865848314665
1,2,4,34,79,0.0666887862089049
1,2,4,34,80,0.0210051630790993
1,2,4,34,81,0.1628048804051316
1,2,4,34,82,0.0005609190316937
1,2,4,34,83,0.0171618430604393
1,2,4,34,84,0.0856586994993552
1,2,4,34,85,0.0014172918921811
1,2,4,34,86,0.0015106100195694
1,2,4,34,87,0.0003684450348414
1,2,4,34,88,0.0026425158922354
1,2,4,34,89,0.0005272802632098
1,2,4,34,90,0.0002145872651704
1,2,4,34,91,0.0086667475419172
1,2,4,34,92,0.0074103898046971
1,2,4,34,93,0.0057193969993091
1,2,4,34,94,0.0064102366147358
1,2,4,34,96,0.1878786024657116
1,2,4,34,97,1.3679528329140378
1,2,4,34,98,5.788179159330855e-06
1,2,4,34,99,4.7137891464246795e-05
1,2,4,34,100,0.0004244710283987
1,2,4,34,101,0.4718745917810653
1,2,4,34,102,0.0004207401580984
1,2,4,34,107,0.0639823374538233
1,2,4,34,109,0.0004816239026732
1,2,4,34,110,0.2158733381602212
1,2,4,34,112,8.90424359437482e-08
1,2,4,34,113,0.0012793320567568
1,2,4,34,115,0.0011408286088656
1,2,4,34,116,5.268948306773401e-05
1,2,4,34,117,0.2192001669330631
1,2,4,34,118,0.0624155062946128
1,2,4,34,119,0.0245297709283503
1,2,4,34,120,0.0275108176847159
1,2,4,34,121,0.012574989782801
1,2,4,34,122,0.2368337401425461
1,2,4,34,123,1.1315615048783074
1,2,4,34,124,0.0695306986380173
1,2,4,34,125,0.1536125006356854
1,2,4,34,126,0.0006243186744877
1,2,4,34,127,0.0029058319325651
1,2,4,34,128,0.0013579047191764
1,2,4,34,129,0.0021311424884783
1,2,4,34,130,0.0005692004673171
1,2,4,34,131,0.0115267043247198
1,2,4,34,132,6.266624521521825e-06
1,2,4,34,133,0.0026685169242559
1,2,4,34,134,0.0004014785707234
1,2,4,34,135,0.0012752354557609
1,2,4,34,136,0.0001877036694723
1,2,4,34,137,3.841168784104584e-05
1,2,4,34,138,0.0018054854487091
1,2,4,34,149,0.0007283700342851
1,2,4,34,150,6.9754358426744165e-06
1,2,4,34,151,0.0086324845761331
1,2,4,34,152,0.0101337732190361
1,2,4,34,153,0.7742387870187263
1,2,4,34,154,0.1695002011650607
1,2,4,34,155,0.0139219891452902
1,2,4,34,156,0.0001935082245366
1,2,4,34,157,0.0273961197147974
1,2,4,34,158,0.0160565689437395
1,2,4,34,159,3.2684438152316484e-06
1,2,4,34,160,8.10114723617415e-06
1,2,4,34,161,3.282402620601769e-06
1,2,4,34,162,3.779647873259337e-05
1,2,4,35,1,3.1263573033025343
1,2,4,35,2,0.409814132265893
1,2,4,35,3,0.8128027049076231
1,2,4,35,4,0.7859718605774049
1,2,4,35,5,0.9352558042754932
1,2,4,35,6,0.244077540562954
1,2,4,35,7,0.3290403031571314
1,2,4,35,8,0.2106913658365123
1,2,4,35,9,20.542568899471163
1,2,4,35,10,0.2125014452863645
1,2,4,35,11,0.2504694150469181
1,2,4,35,12,0.0242079109479103
1,2,4,35,13,0.0618058281675516
1,2,4,35,14,5.667542940322965
1,2,4,35,15,0.0135622204069414
1,2,4,35,18,0.1420087420857811
1,2,4,35,19,0.0087696191448964
1,2,4,35,20,5.628344536770101
1,2,4,35,21,1.2686005950675112
1,2,4,35,22,0.9730338295989456
1,2,4,35,24,0.0002424349379916
1,2,4,35,25,0.0530378998646132
1,2,4,35,26,0.1173313256060831
1,2,4,35,28,0.0647055455237532
1,2,4,35,29,0.0492711172304481
1,2,4,35,30,0.0948074003507892
1,2,4,35,31,0.1249793447180645
1,2,4,35,32,0.1443929907667599
1,2,4,35,33,0.0935630068553241
1,2,4,35,34,0.0159664763883458
1,2,4,35,35,0.0019869115459738
1,2,4,35,36,0.0003025604041468
1,2,4,35,37,0.0031550754282318
1,2,4,35,38,0.0004639255931866
1,2,4,35,39,0.025798796766395
1,2,4,35,40,0.0012629090344339
1,2,4,35,41,0.8686887777873706
1,2,4,35,42,0.0443651840873152
1,2,4,35,43,0.0412923321638758
1,2,4,35,44,0.1977831550488153
1,2,4,35,45,0.0112140329001691
1,2,4,35,46,0.0149703093416918
1,2,4,35,47,0.1377647743372736
1,2,4,35,48,0.0366544502022478
1,2,4,35,49,0.0507930009238182
1,2,4,35,50,2.2453067194559218
1,2,4,35,52,0.0009510586107644
1,2,4,35,54,0.2001212067041936
1,2,4,35,55,0.0493379553606877
1,2,4,35,56,0.0868070424368192
1,2,4,35,57,5.652731525729106
1,2,4,35,59,0.0342824179008598
1,2,4,35,61,0.0704666454434397
1,2,4,35,62,1.0227514729379057
1,2,4,35,63,17.94795508946974
1,2,4,35,64,0.0949229851867936
1,2,4,35,65,0.2147282784617802
1,2,4,35,67,0.1943962082138715
1,2,4,35,68,0.0219876590091276
1,2,4,35,69,1.7673944159346726
1,2,4,35,71,0.327530483320017
1,2,4,35,72,3.862405032220877
1,2,4,35,74,0.0228606755918952
1,2,4,35,76,0.1078218267601018
1,2,4,35,78,0.0093003199369339
1,2,4,35,80,0.0201197292110825
1,2,4,35,82,0.001760418495916
1,2,4,35,84,0.0225312732336033
1,2,4,35,85,1.8503352772030408
1,2,4,35,86,0.0677767408690998
1,2,4,35,87,0.0002881155541898
1,2,4,35,88,0.1790732133455112
1,2,4,35,89,0.0017516759751432
1,2,4,35,90,0.0421581578629939
1,2,4,35,91,0.0626800368519682
1,2,4,35,92,0.4763027591986746
1,2,4,35,93,0.0989630343686591
1,2,4,35,94,0.0016447740826176
1,2,4,35,96,18.978301286655952
1,2,4,35,97,0.4478198635809707
1,2,4,35,98,0.0001051477936176
1,2,4,35,99,0.0004263148669791
1,2,4,35,100,0.0074400397867529
1,2,4,35,101,0.0590896803007237
1,2,4,35,102,0.0013382570523626
1,2,4,35,103,0.0075873245736454
1,2,4,35,106,0.0078313491727017
1,2,4,35,107,0.000841359788311
1,2,4,35,108,0.0013627473349066
1,2,4,35,109,0.3662027641540701
1,2,4,35,110,0.5275482395577062
1,2,4,35,111,0.0990124356177443
1,2,4,35,112,0.0072532788501645
1,2,4,35,113,0.1209233846941076
1,2,4,35,115,0.0653031434744651
1,2,4,35,116,0.4199321830258739
1,2,4,35,117,0.011045767635117
1,2,4,35,118,0.0186969745738991
1,2,4,35,119,6.919942621396299
1,2,4,35,120,0.7302729738043942
1,2,4,35,121,0.551036467090144
1,2,4,35,122,0.0706129315619951
1,2,4,35,123,8.346831036070787
1,2,4,35,124,0.0675850099184205
1,2,4,35,125,0.880228326366516
1,2,4,35,126,0.0012503371759129
1,2,4,35,127,0.031075464380481
1,2,4,35,128,0.0138375613086844
1,2,4,35,129,0.0444799198011273
1,2,4,35,130,0.004900067861706
1,2,4,35,131,0.0103319435158527
1,2,4,35,132,0.0006746936045459
1,2,4,35,133,0.0039236088046835
1,2,4,35,134,0.0019599832499641
1,2,4,35,135,0.0669433044260594
1,2,4,35,136,1.0003796953591914e-05
1,2,4,35,137,9.67972828094107e-05
1,2,4,35,138,0.0021045130497586
1,2,4,35,151,2.9207782772241493
1,2,4,35,152,3.5341754371852603
1,2,4,35,159,3.663411547063571e-05
1,2,4,35,160,0.0008638814945654
1,2,4,35,161,0.0004309593826504
1,2,4,35,162,0.0661826883619492
1,2,4,36,1,0.0012222608396336
1,2,4,36,2,0.0113153132935702
1,2,4,36,3,0.0402124536222707
1,2,4,36,4,0.0101293926279181
1,2,4,36,5,0.0108900279458852
1,2,4,36,6,0.0061229162867074
1,2,4,36,7,0.0096035197669228
1,2,4,36,8,0.020264989733106
1,2,4,36,9,0.346853691493443
1,2,4,36,10,0.0059325048774661
1,2,4,36,11,0.0158359024465042
1,2,4,36,12,0.0008737031729637
1,2,4,36,13,0.0077465637151606
1,2,4,36,14,0.0251354814768947
1,2,4,36,15,0.0237251777676953
1,2,4,36,18,0.0031988251638694
1,2,4,36,19,0.0125234896856027
1,2,4,36,20,0.0394527519515067
1,2,4,36,21,3.4286925129592
1,2,4,36,22,0.6656925543963061
1,2,4,36,23,0.0001222708102039
1,2,4,36,25,0.0123528067530072
1,2,4,36,26,0.0059723385666192
1,2,4,36,29,0.0342038283247157
1,2,4,36,30,0.0010329985140741
1,2,4,36,31,0.0068882967495867
1,2,4,36,32,0.0016559498506155
1,2,4,36,33,0.0016565974889158
1,2,4,36,34,0.0008076235778611
1,2,4,36,35,0.0006779775441187
1,2,4,36,36,0.0005595846235854
1,2,4,36,37,0.0011706131982309
1,2,4,36,38,3.1153729234211954e-05
1,2,4,36,39,0.0001949441471897
1,2,4,36,40,0.0001253611767579
1,2,4,36,41,0.0004435896244039
1,2,4,36,42,0.0010571469029006
1,2,4,36,43,0.0062530866248733
1,2,4,36,44,0.0032067384531399
1,2,4,36,45,0.0070106245446824
1,2,4,36,46,0.0003180540201681
1,2,4,36,47,0.0021870652333344
1,2,4,36,48,0.0017614789679907
1,2,4,36,49,0.0037234386463846
1,2,4,36,50,0.0402116713774219
1,2,4,36,52,0.0003505483479991
1,2,4,36,53,0.0042327753782789
1,2,4,36,54,0.0164603475263121
1,2,4,36,55,0.0044101215245972
1,2,4,36,56,0.0007826459429392
1,2,4,36,57,0.2941243218394833
1,2,4,36,58,0.0094630715139967
1,2,4,36,59,0.0276392403358358
1,2,4,36,60,0.0015213807348465
1,2,4,36,61,0.0053403049764992
1,2,4,36,62,0.0170638444996102
1,2,4,36,63,0.8378448884276569
1,2,4,36,64,0.0093094944861748
1,2,4,36,65,0.1595464235448987
1,2,4,36,67,0.0069414528119791
1,2,4,36,68,0.0080094936547082
1,2,4,36,69,0.075052520703796
1,2,4,36,71,0.0019863964378558
1,2,4,36,72,0.042755381528411
1,2,4,36,73,0.0168911492895225
1,2,4,36,74,0.007254120377209
1,2,4,36,76,8.674263562415856e-05
1,2,4,36,77,0.0739956385023043
1,2,4,36,78,0.0029056772747126
1,2,4,36,79,0.0002274403923585
1,2,4,36,80,0.01222717174715
1,2,4,36,81,0.0003140214074538
1,2,4,36,82,0.0005137315218365
1,2,4,36,84,0.0072906443604032
1,2,4,36,85,0.0057631305404433
1,2,4,36,86,0.0023950352770566
1,2,4,36,87,0.012938222893902
1,2,4,36,88,0.0023670484403399
1,2,4,36,89,0.0278970269547544
1,2,4,36,90,0.0119982058393158
1,2,4,36,91,0.0259002839770855
1,2,4,36,92,0.0166739717753612
1,2,4,36,93,0.0314044191095033
1,2,4,36,94,0.0377322731452917
1,2,4,36,96,0.2073269440897202
1,2,4,36,97,0.3533006540202258
1,2,4,36,98,3.2612599299471106e-06
1,2,4,36,99,0.0033869968692689
1,2,4,36,100,1.0106473529409192e-05
1,2,4,36,101,0.1642823581099771
1,2,4,36,102,0.0320369444960281
1,2,4,36,103,0.0007502179344771
1,2,4,36,106,0.0002595896527205
1,2,4,36,107,0.0003915764031383
1,2,4,36,108,0.0003578055326459
1,2,4,36,109,0.0010407940721092
1,2,4,36,110,0.0358524869178987
1,2,4,36,112,4.566069192191118e-09
1,2,4,36,113,0.0006307384066486
1,2,4,36,115,0.0003287964981936
1,2,4,36,116,7.772632444858914e-07
1,2,4,36,117,1.3375376086548415e-05
1,2,4,36,118,0.0005277607005057
1,2,4,36,119,0.0098858750853346
1,2,4,36,120,1.037680358130723
1,2,4,36,123,0.4612376998406186
1,2,4,36,124,0.0580838396637776
1,2,4,36,125,0.1039695794723381
1,2,4,36,126,0.0001031437128322
1,2,4,36,127,0.0002083246523484
1,2,4,36,128,0.0003484028997309
1,2,4,36,129,0.0097274653501822
1,2,4,36,130,2.9199529741658908e-05
1,2,4,36,131,0.0007552148855086
1,2,4,36,132,0.0003288881590118
1,2,4,36,133,1.5377104596893245e-05
1,2,4,36,134,0.0002668096067033
1,2,4,36,135,0.0009203148285865
1,2,4,36,136,2.460259040713324e-05
1,2,4,36,137,2.2222618187498864e-06
1,2,4,36,138,1.018356974961224e-05
1,2,4,36,151,0.0022845571137941
1,2,4,36,152,0.0048933312286394
1,2,4,36,153,0.1006944841021215
1,2,4,36,154,0.0341093562272079
1,2,4,36,155,0.0012018273035793
1,2,4,36,156,1.4183353456483506e-05
1,2,4,36,157,0.0035444393008353
1,2,4,36,158,0.0055831410799508
1,2,4,36,159,2.8238041078802902e-05
1,2,4,36,160,8.585455988233712e-05
1,2,4,36,161,5.40701733962336e-06
1,2,4,36,162,0.0003367168142604
1,2,4,37,1,0.0283538454349511
1,2,4,37,2,2.257502435005053
1,2,4,37,3,0.6897324147568425
1,2,4,37,4,0.0698682639864096
1,2,4,37,5,0.4422832140669046
1,2,4,37,6,0.1002206723675638
1,2,4,37,7,0.000416078802887
1,2,4,37,8,0.4658606543170117
1,2,4,37,9,0.4371533109875021
1,2,4,37,10,0.0258971090226295
1,2,4,37,11,0.0629655363782496
1,2,4,37,12,0.9483459542432848
1,2,4,37,13,0.0002862785689959
1,2,4,37,14,1.1508330454542683
1,2,4,37,15,0.075401123838522
1,2,4,37,18,0.0569757706980004
1,2,4,37,19,0.0795477351923818
1,2,4,37,20,16.39058597782514
1,2,4,37,21,73.6696697317119
1,2,4,37,22,29.35519107860043
1,2,4,37,24,0.0041240520192577
1,2,4,37,25,0.1822178916682214
1,2,4,37,26,0.0205430686646625
1,2,4,37,27,0.0008181169910596
1,2,4,37,28,0.001946581739162
1,2,4,37,29,0.2604587321540612
1,2,4,37,30,0.0028471216301083
1,2,4,37,31,0.0093807402090665
1,2,4,37,33,0.2533672190891662
1,2,4,37,34,0.1690824415067787
1,2,4,37,35,0.0022028909839775
1,2,4,37,36,0.0130886361979139
1,2,4,37,37,0.0045708838186092
1,2,4,37,38,0.0016088313319537
1,2,4,37,39,0.0102675691680396
1,2,4,37,40,0.003505381898983
1,2,4,37,41,0.0013655551305256
1,2,4,37,42,0.0067283171342578
1,2,4,37,43,0.0249216308491731
1,2,4,37,44,0.0046751167723455
1,2,4,37,45,0.0449968857430396
1,2,4,37,46,0.0008746084426996
1,2,4,37,47,0.0009068868695445
1,2,4,37,48,0.0010281946033404
1,2,4,37,49,0.0022736215545185
1,2,4,37,50,0.1176842227977374
1,2,4,37,52,0.0495027472305927
1,2,4,37,54,0.0558937203816121
1,2,4,37,55,0.020259464316299
1,2,4,37,56,0.5304825205245081
1,2,4,37,57,23.42617415484145
1,2,4,37,58,0.0036867147439192
1,2,4,37,59,0.552353666907726
1,2,4,37,61,0.1591180950106908
1,2,4,37,62,0.6526199794071927
1,2,4,37,63,18.66191235204174
1,2,4,37,64,0.0119394302241057
1,2,4,37,65,0.2140912341772974
1,2,4,37,67,0.064031730384945
1,2,4,37,68,0.0080459047069369
1,2,4,37,69,0.4481913990638846
1,2,4,37,71,0.0726609261522569
1,2,4,37,72,3.535046963147834
1,2,4,37,74,0.0038620517338496
1,2,4,37,76,1.0083994448889728
1,2,4,37,78,0.0003635397044724
1,2,4,37,80,0.0036046033213066
1,2,4,37,82,0.0918160123586399
1,2,4,37,84,0.1659653948925974
1,2,4,37,85,0.0783653688425336
1,2,4,37,86,0.0543036656680698
1,2,4,37,87,0.0110457814080036
1,2,4,37,88,0.0230898436542067
1,2,4,37,89,0.0321202901073519
1,2,4,37,90,0.1642578824342931
1,2,4,37,91,0.0292880820681776
1,2,4,37,92,0.0382466639763004
1,2,4,37,93,0.0264486063083364
1,2,4,37,94,0.0137280227046667
1,2,4,37,96,0.0677510031704077
1,2,4,37,97,0.0533220784500303
1,2,4,37,98,0.0011287758646968
1,2,4,37,99,0.0016087575471574
1,2,4,37,100,0.0107121426388543
1,2,4,37,101,0.034239095492702
1,2,4,37,102,0.1587459977498314
1,2,4,37,106,0.0039450253393117
1,2,4,37,107,0.2194432814888674
1,2,4,37,108,0.0026083199766983
1,2,4,37,109,0.0024274173104265
1,2,4,37,110,0.6450781234524099
1,2,4,37,111,14.923774844087712
1,2,4,37,112,0.0010696984453466
1,2,4,37,113,0.0637112250291819
1,2,4,37,115,0.0172352142642706
1,2,4,37,116,0.023854454664166
1,2,4,37,117,0.2182628145416764
1,2,4,37,118,0.0141102323316775
1,2,4,37,119,0.0841054077651368
1,2,4,37,120,1.4352204597552671
1,2,4,37,121,0.0832841403755958
1,2,4,37,122,18.25709757189624
1,2,4,37,123,7.044775302031381
1,2,4,37,124,0.1416508275300502
1,2,4,37,125,3.695267507742512
1,2,4,37,126,0.1165445400180503
1,2,4,37,127,0.0263529400286533
1,2,4,37,128,0.0364180669764947
1,2,4,37,129,0.0519066874360578
1,2,4,37,130,0.0632568232790944
1,2,4,37,131,0.0014838631617723
1,2,4,37,132,0.0057952634617936
1,2,4,37,133,0.0871223476403125
1,2,4,37,134,0.2515550491637039
1,2,4,37,135,1.4982368057600166
1,2,4,37,136,0.0072192432613398
1,2,4,37,137,0.0111066813215515
1,2,4,37,138,0.0050297997838499
1,2,4,37,139,0.0012607923079838
1,2,4,37,140,5.390210775571915e-05
1,2,4,37,141,0.3509683168331254
1,2,4,37,142,0.3348210833338713
1,2,4,37,143,0.3130581572820373
1,2,4,37,144,8.51814605661439e-06
1,2,4,37,145,0.2187939406219281
1,2,4,37,151,0.1413462859615734
1,2,4,37,152,0.2076465367207293
1,2,4,37,153,3.963031546605405
1,2,4,37,154,0.86531934343262
1,2,4,37,155,0.3293812769832512
1,2,4,37,156,0.0100513121962507
1,2,4,37,157,0.0964732934537602
1,2,4,37,158,0.6074256036185234
1,2,4,37,159,1.8813551647433623e-05
1,2,4,37,160,0.0232414588550491
1,2,4,37,161,0.0014223571053213
1,2,4,37,162,0.0003452010198335
1,2,4,38,1,0.1580128769781628
1,2,4,38,2,0.6430651913217807
1,2,4,38,3,0.1632918849379916
1,2,4,38,4,0.4448207082520418
1,2,4,38,5,0.0534598678628567
1,2,4,38,6,0.1809414984690229
1,2,4,38,7,0.0520058763664933
1,2,4,38,8,0.013407781680208
1,2,4,38,9,6.7585119280678425
1,2,4,38,10,0.061308721877012
1,2,4,38,11,0.043398299359741
1,2,4,38,12,0.0356899837207454
1,2,4,38,13,7.713340252126172e-05
1,2,4,38,14,2.6339457690816688
1,2,4,38,15,0.2223397098393058
1,2,4,38,18,0.0089312557337794
1,2,4,38,19,0.0009468264618852
1,2,4,38,20,3.618625821364114
1,2,4,38,21,0.7937771503796229
1,2,4,38,22,0.5399186296275708
1,2,4,38,24,0.0099163987759535
1,2,4,38,25,0.0831341971809846
1,2,4,38,26,0.013421972986358
1,2,4,38,27,0.0009474586663772
1,2,4,38,28,0.0418788933712524
1,2,4,38,29,0.0085157223790213
1,2,4,38,30,0.0031307995144474
1,2,4,38,31,0.022850486374394
1,2,4,38,32,0.0068282674365939
1,2,4,38,33,0.0593977356725479
1,2,4,38,34,0.0136563400018228
1,2,4,38,35,0.034093195213899
1,2,4,38,36,0.003806420867308
1,2,4,38,37,0.0023988220566875
1,2,4,38,38,0.0095848917017357
1,2,4,38,39,0.0003968442271729
1,2,4,38,40,0.0915811423704915
1,2,4,38,41,0.0225277451230858
1,2,4,38,42,0.010243337294449
1,2,4,38,43,0.0520325315899968
1,2,4,38,44,0.0937512323411547
1,2,4,38,45,0.0006197018692311
1,2,4,38,46,6.573885203620682e-05
1,2,4,38,47,0.0038878188568922
1,2,4,38,48,0.0062738670881736
1,2,4,38,49,0.0003336892107291
1,2,4,38,50,0.0037123252654598
1,2,4,38,52,0.0021639966925002
1,2,4,38,54,0.0329217027930124
1,2,4,38,55,0.0145795719007844
1,2,4,38,56,0.0174424280420331
1,2,4,38,57,0.1453927357143848
1,2,4,38,58,0.0002302177913398
1,2,4,38,59,0.0130243220656963
1,2,4,38,61,0.000228690963365
1,2,4,38,62,0.0151112164626256
1,2,4,38,63,0.395257831551317
1,2,4,38,64,0.0002094297190662
1,2,4,38,65,0.136163697917999
1,2,4,38,67,0.005489696138271
1,2,4,38,68,0.0044767254818028
1,2,4,38,69,0.0675664369502395
1,2,4,38,71,0.005623862461417
1,2,4,38,72,0.0449732945396738
1,2,4,38,74,0.0866237680564283
1,2,4,38,76,0.1418418361536012
1,2,4,38,78,0.013934203575539
1,2,4,38,80,0.0194021312360308
1,2,4,38,82,0.0577314754279446
1,2,4,38,84,0.0025780284041026
1,2,4,38,85,0.0028214497299085
1,2,4,38,86,0.0045832310101752
1,2,4,38,87,0.0097402012588931
1,2,4,38,88,0.0015146355902293
1,2,4,38,89,0.0358117424724017
1,2,4,38,90,0.031252541341417
1,2,4,38,91,0.0005490466948155
1,2,4,38,92,0.0163760199021415
1,2,4,38,93,0.0016820936572648
1,2,4,38,94,0.1053880842235419
1,2,4,38,96,7.356320153442415
1,2,4,38,97,1.3681425814292252
1,2,4,38,99,0.0003824795059219
1,2,4,38,100,0.0026131773244774
1,2,4,38,101,0.0614494691379082
1,2,4,38,102,0.0358143117847592
1,2,4,38,103,5.92567717085397e-05
1,2,4,38,104,6.000464513411083e-08
1,2,4,38,107,2.026417757899898e-06
1,2,4,38,108,9.679222125227208e-06
1,2,4,38,109,0.000174512930362
1,2,4,38,110,0.4327292706481235
1,2,4,38,112,6.782174165182382e-05
1,2,4,38,113,0.0137150048294754
1,2,4,38,115,0.005151532297685
1,2,4,38,116,0.0001984430186032
1,2,4,38,117,0.0044573071404187
1,2,4,38,118,0.0066380239608958
1,2,4,38,119,3.9262804942538647
1,2,4,38,120,0.1295183131645394
1,2,4,38,121,0.1324253642098473
1,2,4,38,122,0.0245361551056104
1,2,4,38,123,2.7630998099565285
1,2,4,38,124,0.0796314057215074
1,2,4,38,125,0.5964343072930414
1,2,4,38,126,0.013788051633073
1,2,4,38,127,0.0693779353295976
1,2,4,38,128,0.0090838717538204
1,2,4,38,129,0.0018746921114539
1,2,4,38,130,0.0034704282535267
1,2,4,38,131,0.0086507397675702
1,2,4,38,132,0.0257430057772857
1,2,4,38,133,0.0036385364952684
1,2,4,38,134,0.0031676878494871
1,2,4,38,135,0.0177346883027005
1,2,4,38,136,0.0022518657922445
1,2,4,38,137,0.0003400512654203
1,2,4,38,138,0.0001110887220398
1,2,4,38,146,0.0006788437030351
1,2,4,38,147,6.91257883967484e-05
1,2,4,38,148,2.8261875929813233e-05
1,2,4,38,149,0.0002378379592612
1,2,4,38,150,0.0001140137794073
1,2,4,38,151,0.0005855433763935
1,2,4,38,152,0.355653554957638
1,2,4,38,153,0.121025115255619
1,2,4,38,154,0.4469418962580587
1,2,4,38,155,0.0082339351452414
1,2,4,38,156,0.0003472569509827
1,2,4,38,157,0.0218664022403304
1,2,4,38,158,0.005664452323246
1,2,4,38,159,8.708994023622997e-05
1,2,4,38,160,0.0032312039735739
1,2,4,38,161,0.0003874085549468
1,2,4,38,162,0.0002086156810565
1,2,4,39,2,0.0303851198384225
1,2,4,39,3,0.0213306227212135
1,2,4,39,4,0.0232834535352217
1,2,4,39,5,0.0354638228228069
1,2,4,39,6,0.0150062691326584
1,2,4,39,8,0.0041197229479872
1,2,4,39,9,0.3126946995002831
1,2,4,39,10,0.0186294612018989
1,2,4,39,11,0.0101183674938602
1,2,4,39,12,0.0366995028978468
1,2,4,39,13,1.6919313286342535e-05
1,2,4,39,14,0.4293036037553356
1,2,4,39,15,0.0006358532189114
1,2,4,39,18,0.0088787197296175
1,2,4,39,19,0.0002679285099428
1,2,4,39,20,2.8657605192522275e-06
1,2,4,39,22,0.0203233700767943
1,2,4,39,23,1.9593753597686514e-06
1,2,4,39,24,0.0403159024039403
1,2,4,39,25,4.149240583159451e-08
1,2,4,39,27,0.0002360925670639
1,2,4,39,28,0.0003505049404853
1,2,4,39,29,5.895772289101749e-05
1,2,4,39,30,2.1449161597475284e-08
1,2,4,39,31,4.4947576844041414e-05
1,2,4,39,32,0.0020172757429551
1,2,4,39,33,0.1389056308402712
1,2,4,39,34,0.0065443762521664
1,2,4,39,35,0.0075781317620151
1,2,4,39,36,0.0075783323353121
1,2,4,39,37,0.0053764218594637
1,2,4,39,38,0.0001315045374318
1,2,4,39,39,0.0005847963637584
1,2,4,39,40,0.0121522055193058
1,2,4,39,41,0.0005018259695652
1,2,4,39,42,0.0013213604526144
1,2,4,39,43,0.0259682446642307
1,2,4,39,44,0.021714357120678
1,2,4,39,45,0.0004598058898543
1,2,4,39,46,0.0020853582487945
1,2,4,39,47,0.004391459215945
1,2,4,39,48,0.0003131773629232
1,2,4,39,49,0.0004847731564368
1,2,4,39,50,0.0744411991609366
1,2,4,39,51,1.834493115913806e-09
1,2,4,39,52,0.0022482560872165
1,2,4,39,53,1.5387401843268782e-08
1,2,4,39,54,0.027672574690682
1,2,4,39,55,0.0284635450377242
1,2,4,39,57,0.1026088140259352
1,2,4,39,58,0.0053138535939051
1,2,4,39,59,0.0699214129215617
1,2,4,39,60,3.937097395690418e-07
1,2,4,39,61,0.0038731037303922
1,2,4,39,62,0.0104035995529706
1,2,4,39,63,0.5357552827366442
1,2,4,39,64,0.0209037378360288
1,2,4,39,65,0.051249742996518
1,2,4,39,67,0.0096802003152856
1,2,4,39,68,0.0023294664674857
1,2,4,39,69,0.1249647394433375
1,2,4,39,70,1.7541257292592772e-08
1,2,4,39,71,0.0135762863122641
1,2,4,39,72,0.0057170298218461
1,2,4,39,74,0.0038496096118024
1,2,4,39,76,0.0005863247755055
1,2,4,39,77,1.0032237716405001e-07
1,2,4,39,78,6.96918105053736e-05
1,2,4,39,79,3.3670689258679314e-07
1,2,4,39,80,0.0003781902538016
1,2,4,39,81,5.006946095348752e-08
1,2,4,39,82,3.0500716128620523e-06
1,2,4,39,84,0.0270603226798187
1,2,4,39,85,0.0098449957469629
1,2,4,39,86,0.0080342490645968
1,2,4,39,87,0.0033330490741704
1,2,4,39,88,0.0064398487932694
1,2,4,39,89,0.0107716953263151
1,2,4,39,90,0.0079494189373401
1,2,4,39,91,0.0001775158622262
1,2,4,39,92,0.0006761498762192
1,2,4,39,93,0.0013483115678662
1,2,4,39,94,0.0004001584327583
1,2,4,39,97,3.6769196218542224e-06
1,2,4,39,98,1.2002825516510063e-06
1,2,4,39,99,2.6946690386222507e-06
1,2,4,39,100,6.043758269819775e-06
1,2,4,39,101,0.0002615903647163
1,2,4,39,102,0.0038814706733108
1,2,4,39,103,0.0009175171784117
1,2,4,39,108,3.6019105457249173e-06
1,2,4,39,109,0.0163279552818729
1,2,4,39,110,0.0270101531101996
1,2,4,39,111,0.0796097021453745
1,2,4,39,112,0.0031805071073472
1,2,4,39,113,0.001660558647663
1,2,4,39,115,0.0098675123103486
1,2,4,39,116,0.0005830203981382
1,2,4,39,117,0.0162384604015093
1,2,4,39,118,0.0084960269102789
1,2,4,39,119,0.1648464550036505
1,2,4,39,120,0.0076595010470173
1,2,4,39,121,7.827476134107433e-05
1,2,4,39,122,0.0165092802060213
1,2,4,39,123,4.924174752539552
1,2,4,39,124,0.1180267837545954
1,2,4,39,125,0.8310722359908276
1,2,4,39,126,0.0930941658016829
1,2,4,39,127,0.0240503722370043
1,2,4,39,128,0.0394989227675245
1,2,4,39,129,0.0130495535455146
1,2,4,39,130,0.0119784032344849
1,2,4,39,131,0.0118921661044835
1,2,4,39,132,0.0862522881792702
1,2,4,39,133,0.006953220308124
1,2,4,39,134,0.2029387494995246
1,2,4,39,135,0.4185923456762814
1,2,4,39,136,0.0084330594719583
1,2,4,39,137,0.0073448733266089
1,2,4,39,138,0.0012735768540977
1,2,4,39,139,0.0053936535462883
1,2,4,39,140,0.002503443216285
1,2,4,39,141,0.0806190388130562
1,2,4,39,142,0.1080507539295862
1,2,4,39,143,0.0652875100842038
1,2,4,39,144,0.0007183483672656
1,2,4,39,145,0.0031532096574144
1,2,4,39,146,0.000221828697776
1,2,4,39,147,2.6494574202268508e-05
1,2,4,39,149,0.0047256554814176
1,2,4,39,150,8.141964736482173e-05
1,2,4,39,151,0.0163080452653324
1,2,4,39,152,0.0460827111156126
1,2,4,39,153,0.0620417917736593
1,2,4,39,154,0.0076838270448598
1,2,4,39,155,0.00232531720291
1,2,4,39,156,3.610939022072033e-05
1,2,4,39,157,0.0016845667907441
1,2,4,39,158,0.0035672841227147
1,2,4,39,159,0.001978355942093
1,2,4,39,160,0.0136151217771753
1,2,4,39,161,0.0060835198230207
1,2,4,39,162,9.927900905990942e-05
1,2,4,40,1,0.4403649870655727
1,2,4,40,2,0.1993949552075951
1,2,4,40,3,0.0856151248717582
1,2,4,40,4,0.6771071924145772
1,2,4,40,5,0.0472379278696102
1,2,4,40,6,0.2213949185377925
1,2,4,40,7,0.1162423410276954
1,2,4,40,8,0.151544316815775
1,2,4,40,9,0.2065711298701001
1,2,4,40,10,0.1364087092092118
1,2,4,40,11,0.0733899729609958
1,2,4,40,12,0.1486458093623766
1,2,4,40,13,0.0121674424486373
1,2,4,40,14,3.831274968072664
1,2,4,40,15,0.0595948902427169
1,2,4,40,18,0.1574100421387445
1,2,4,40,19,0.0002020816806827
1,2,4,40,20,0.2048628902430171
1,2,4,40,21,0.1970696667081165
1,2,4,40,22,0.0016539740833343
1,2,4,40,25,0.0033830153445198
1,2,4,40,26,0.0064734797828807
1,2,4,40,27,5.870367494740474e-05
1,2,4,40,28,0.0007008631738442
1,2,4,40,29,0.0073169545304601
1,2,4,40,30,0.0006688152934055
1,2,4,40,31,0.0040050064446309
1,2,4,40,32,0.0454935417185425
1,2,4,40,33,0.3727443642335621
1,2,4,40,34,0.0515454567371596
1,2,4,40,35,0.0489809652004783
1,2,4,40,36,0.0026333808891425
1,2,4,40,37,0.0081058981010216
1,2,4,40,38,0.0068604453870421
1,2,4,40,39,0.0147556029324347
1,2,4,40,40,0.0138966099947149
1,2,4,40,41,0.0244656315720761
1,2,4,40,42,0.0200168981080845
1,2,4,40,43,0.0851142266885927
1,2,4,40,44,0.0371593222901142
1,2,4,40,45,0.0153989821790015
1,2,4,40,46,0.0005082706830176
1,2,4,40,47,0.3515886870586148
1,2,4,40,48,0.1499856987181221
1,2,4,40,49,0.0221700171205212
1,2,4,40,50,0.0160640658314352
1,2,4,40,52,0.0469655073772217
1,2,4,40,54,0.0443042459092259
1,2,4,40,55,0.0381241865998235
1,2,4,40,56,0.1160778977350374
1,2,4,40,57,0.7172906479275013
1,2,4,40,58,7.867483599471554e-07
1,2,4,40,59,0.6908252745716937
1,2,4,40,61,0.0308277059206615
1,2,4,40,62,0.2128038475045329
1,2,4,40,63,1.7112694151696428
1,2,4,40,64,0.026593528467748
1,2,4,40,65,0.0943106169929171
1,2,4,40,67,0.0832052510981906
1,2,4,40,68,0.0027599845646241
1,2,4,40,69,1.3053381927126877
1,2,4,40,71,0.4928742421627506
1,2,4,40,72,0.1504251327413642
1,2,4,40,74,0.030919260979852
1,2,4,40,76,0.0797597337171872
1,2,4,40,78,0.0021741149655194
1,2,4,40,80,0.0359422602648072
1,2,4,40,82,0.0004792987860763
1,2,4,40,84,0.0089532723451083
1,2,4,40,85,0.0110662811230097
1,2,4,40,86,0.0075286835470321
1,2,4,40,87,0.0005515822913108
1,2,4,40,88,0.0069046107434378
1,2,4,40,89,0.0054658032152595
1,2,4,40,90,0.0012433788445151
1,2,4,40,91,0.0214330157547948
1,2,4,40,92,0.0007011637408854
1,2,4,40,93,0.0177413765848694
1,2,4,40,94,0.8887977567791383
1,2,4,40,96,1.028455712829102
1,2,4,40,97,1.5899211861255371
1,2,4,40,99,0.0043048257632334
1,2,4,40,100,0.1251188421663046
1,2,4,40,101,0.0919280815118688
1,2,4,40,102,0.011489292302075
1,2,4,40,106,0.0179731223169208
1,2,4,40,107,0.0121034157811746
1,2,4,40,109,2.048478997651325e-05
1,2,4,40,110,0.1171527282975761
1,2,4,40,111,0.7198295200909077
1,2,4,40,112,0.00015253394675
1,2,4,40,113,0.0021586049726721
1,2,4,40,115,0.1145433840743255
1,2,4,40,116,0.0521896041218993
1,2,4,40,117,0.042734537045379
1,2,4,40,118,0.0920386829592591
1,2,4,40,119,1.6625998067535874
1,2,4,40,120,0.0207641733965381
1,2,4,40,121,0.0129810021066529
1,2,4,40,122,0.0757484170099759
1,2,4,40,123,6.521491135111361
1,2,4,40,124,0.0577205854093051
1,2,4,40,125,4.204979638100653
1,2,4,40,126,0.0576627351344803
1,2,4,40,127,0.0275406518910979
1,2,4,40,128,0.0932651755393759
1,2,4,40,129,0.0308598841485825
1,2,4,40,130,0.0011999063641202
1,2,4,40,131,0.2037341522063775
1,2,4,40,132,0.0038576333668063
1,2,4,40,133,0.0243440800577224
1,2,4,40,134,0.0026804201755501
1,2,4,40,135,0.0313748477798857
1,2,4,40,136,0.006851751217575
1,2,4,40,137,0.0120620945793197
1,2,4,40,138,0.0069171305355623
1,2,4,40,142,7.356473217977702e-05
1,2,4,40,145,2.0163193211701812e-05
1,2,4,40,149,9.612513191194792e-05
1,2,4,40,151,0.0170857178602358
1,2,4,40,152,0.0200873720027603
1,2,4,40,153,0.7389686701721957
1,2,4,40,154,0.408488016690696
1,2,4,40,155,0.0102247171415102
1,2,4,40,156,5.231550316778974e-05
1,2,4,40,157,0.0412480733953403
1,2,4,40,158,0.0066651763531924
1,2,4,40,159,0.1992073311054039
1,2,4,40,160,0.0076996747520996
1,2,4,40,161,0.0497290774415917
1,2,4,40,162,0.0034193346008843
1,2,4,41,1,0.2687284712831196
1,2,4,41,2,0.0027031496074967
1,2,4,41,3,0.003766448866594
1,2,4,41,4,0.0219474175039064
1,2,4,41,5,0.0178576143082963
1,2,4,41,7,0.000155468753467
1,2,4,41,8,0.0017560435095317
1,2,4,41,9,0.0008452158653137
1,2,4,41,10,0.0018352729262569
1,2,4,41,11,2.243206040106082e-06
1,2,4,41,12,0.000212027421445
1,2,4,41,13,5.7080945849398135e-05
1,2,4,41,14,0.0063660558604397
1,2,4,41,15,7.924859406314285e-11
1,2,4,41,18,0.0012403730487938
1,2,4,41,19,0.0002811847003557
1,2,4,41,21,0.0015957397457017
1,2,4,41,22,0.0069128120190786
1,2,4,41,25,3.1925963574026785e-07
1,2,4,41,26,1.477785478424943e-06
1,2,4,41,28,5.005844954033933e-06
1,2,4,41,29,3.2058443204299756e-06
1,2,4,41,30,0.0578328838972661
1,2,4,41,31,4.7799477438062266e-08
1,2,4,41,33,0.1065752145580029
1,2,4,41,34,0.0375895061883053
1,2,4,41,35,0.0011807677475036
1,2,4,41,36,0.0016857925456291
1,2,4,41,37,0.0004682568663142
1,2,4,41,38,0.0075642779925989
1,2,4,41,39,6.403655579473284e-05
1,2,4,41,40,1.5670383593476913e-05
1,2,4,41,41,0.0004915342872713
1,2,4,41,42,1.1215223804321613e-05
1,2,4,41,43,0.000438375449935
1,2,4,41,44,0.0010617342978038
1,2,4,41,45,0.0029025016505991
1,2,4,41,46,0.0014616972432878
1,2,4,41,47,0.0337818939660952
1,2,4,41,48,0.0003244130203793
1,2,4,41,49,0.0025197768583362
1,2,4,41,50,0.0016180252494512
1,2,4,41,52,0.0538350602662603
1,2,4,41,54,0.056896620003259
1,2,4,41,55,0.0022346559496423
1,2,4,41,56,0.1624516692427968
1,2,4,41,57,0.477834721166041
1,2,4,41,58,1.656549060694729e-05
1,2,4,41,59,0.8295440363080421
1,2,4,41,61,0.0001395562106583
1,2,4,41,62,0.0126455758655626
1,2,4,41,63,0.9447929826015816
1,2,4,41,64,0.0109486718470306
1,2,4,41,65,0.0286767913646467
1,2,4,41,67,0.0541963962520124
1,2,4,41,68,0.0277326929793934
1,2,4,41,69,0.1547090400916112
1,2,4,41,71,0.0359455507280477
1,2,4,41,72,0.1262623851375374
1,2,4,41,74,0.0004379001248174
1,2,4,41,76,0.0071699727815426
1,2,4,41,78,0.0029932741796339
1,2,4,41,80,0.0015125365879068
1,2,4,41,82,0.0008459988916907
1,2,4,41,84,0.0487758192699223
1,2,4,41,85,0.00929896933229
1,2,4,41,86,0.0086905089614951
1,2,4,41,87,0.0018577545157981
1,2,4,41,88,0.0340025452829369
1,2,4,41,89,0.1120819096593856
1,2,4,41,90,0.0442459981516529
1,2,4,41,91,0.0173371837573349
1,2,4,41,92,0.0237502357328546
1,2,4,41,93,0.0019337424734772
1,2,4,41,94,0.0827218891248174
1,2,4,41,96,1.8083915366418943
1,2,4,41,97,1.3865880294428032
1,2,4,41,98,0.0015114464088658
1,2,4,41,99,0.0009637186888831
1,2,4,41,100,7.957184237971918e-07
1,2,4,41,101,0.2464670750958387
1,2,4,41,102,0.0022677167644206
1,2,4,41,103,2.2708226748371586e-07
1,2,4,41,107,1.876087081210651e-07
1,2,4,41,108,0.000253515496501
1,2,4,41,109,1.1850501740771137e-05
1,2,4,41,110,0.4309166239299046
1,2,4,41,112,0.0011952720497021
1,2,4,41,113,0.0011043132218982
1,2,4,41,115,0.0023656280588404
1,2,4,41,116,0.0001065846405867
1,2,4,41,117,0.010834471768578
1,2,4,41,118,8.398188077517177e-05
1,2,4,41,119,0.0035584476480762
1,2,4,41,120,0.0144232327884036
1,2,4,41,121,0.0049569212871649
1,2,4,41,122,0.0026785590878829
1,2,4,41,123,13.954146262637552
1,2,4,41,124,0.0212692658241325
1,2,4,41,125,0.2708905387176723
1,2,4,41,126,0.0474774390585935
1,2,4,41,127,0.0014985630744967
1,2,4,41,128,0.0096922071247666
1,2,4,41,129,0.0017188891597516
1,2,4,41,130,0.0018847022925712
1,2,4,41,131,0.0094491122831439
1,2,4,41,132,0.0120066908864772
1,2,4,41,133,0.0004669790416203
1,2,4,41,134,0.0123380401663703
1,2,4,41,135,0.0082855019431209
1,2,4,41,136,0.0013065947432659
1,2,4,41,137,8.460206084177796e-05
1,2,4,41,138,7.514192767098223e-05
1,2,4,41,139,0.0015730287830867
1,2,4,41,140,0.0016002272093383
1,2,4,41,141,0.0311930882054117
1,2,4,41,142,0.0755822473261421
1,2,4,41,143,0.0175918653313196
1,2,4,41,144,0.0006954983015298
1,2,4,41,145,7.746647600907036e-05
1,2,4,41,146,8.625431223025098e-06
1,2,4,41,147,1.571116170314443e-06
1,2,4,41,148,1.924710893339201e-05
1,2,4,41,149,0.0003535694629536
1,2,4,41,150,9.922204818997172e-06
1,2,4,41,151,0.0003656048942687
1,2,4,41,152,0.0004877935134817
1,2,4,41,153,0.0003231317088354
1,2,4,41,154,0.0001821563581417
1,2,4,41,155,8.563082371236271e-05
1,2,4,41,156,0.0001569627782958
1,2,4,41,157,3.4986001060046975e-05
1,2,4,41,158,4.009251214433008e-05
1,2,4,41,159,8.567870296388156e-05
1,2,4,41,160,0.0002799228751881
1,2,4,41,161,0.0002353205381429
1,2,4,41,162,0.0024855080319989
1,2,4,42,2,0.0529384215400053
1,2,4,42,3,0.2118564416295522
1,2,4,42,4,0.026746389007403
1,2,4,42,5,0.011011745531774
1,2,4,42,8,0.0060892294940535
1,2,4,42,9,0.2055955705319445
1,2,4,42,10,0.0191494780536333
1,2,4,42,11,0.0341518800101451
1,2,4,42,12,0.7461125175966995
1,2,4,42,13,0.035537673507635
1,2,4,42,14,1.8686445695833536
1,2,4,42,15,0.0038577187939402
1,2,4,42,18,0.0811346481724693
1,2,4,42,19,0.8018465634991364
1,2,4,42,20,0.2751244625976181
1,2,4,42,21,50.66912192739822
1,2,4,42,22,1.683905686558589
1,2,4,42,25,0.0288927879227405
1,2,4,42,27,3.3995273753755694e-06
1,2,4,42,31,0.000706476061283
1,2,4,42,32,0.0417510321379173
1,2,4,42,33,0.2034401460881269
1,2,4,42,34,0.0011135353527874
1,2,4,42,35,0.0004758942724056
1,2,4,42,36,0.0033949858748546
1,2,4,42,37,0.0024018663014087
1,2,4,42,38,0.0038691486267327
1,2,4,42,39,0.0027060359502977
1,2,4,42,40,0.030172540136924
1,2,4,42,41,0.0001948440677954
1,2,4,42,42,0.0035284758118198
1,2,4,42,43,0.0369153915762981
1,2,4,42,44,0.0175415348432827
1,2,4,42,45,0.059000073822944
1,2,4,42,46,0.0005326329496372
1,2,4,42,47,0.0037980332358285
1,2,4,42,48,0.0007644176755429
1,2,4,42,49,0.0002064405282256
1,2,4,42,50,0.0102681297183446
1,2,4,42,52,0.0113928330397416
1,2,4,42,54,0.0184120836311858
1,2,4,42,55,0.0082389898200856
1,2,4,42,57,2.8719981994506205
1,2,4,42,58,1.1963611584795642e-06
1,2,4,42,59,12.304013853293682
1,2,4,42,61,0.0199183023226395
1,2,4,42,62,0.1095623819124217
1,2,4,42,63,2.448545185990457
1,2,4,42,64,0.0222238625886972
1,2,4,42,65,0.0100641729830662
1,2,4,42,67,0.0814684416829767
1,2,4,42,68,0.001959705083107
1,2,4,42,69,0.1521781685631593
1,2,4,42,71,0.0683076470452629
1,2,4,42,72,0.6762694721376737
1,2,4,42,74,0.0006725638513306
1,2,4,42,76,0.5194782892741882
1,2,4,42,78,0.0028643990871301
1,2,4,42,80,0.0095061551657641
1,2,4,42,82,0.0036653135897532
1,2,4,42,84,0.2341937414955609
1,2,4,42,85,0.0122628436527291
1,2,4,42,86,0.0059405574827698
1,2,4,42,87,2.680178271675318e-05
1,2,4,42,88,0.0076828999102029
1,2,4,42,89,0.5153587463396588
1,2,4,42,90,0.264612495148938
1,2,4,42,91,0.011801435562256
1,2,4,42,92,0.0080055719417232
1,2,4,42,93,0.003186484213953
1,2,4,42,94,0.0005585902818961
1,2,4,42,96,3.0730126308405293e-06
1,2,4,42,97,0.1913583912452826
1,2,4,42,99,0.0538184659371758
1,2,4,42,100,1.0200447694278351e-05
1,2,4,42,101,6.078937148512926e-08
1,2,4,42,102,0.0011589792804121
1,2,4,42,107,0.0117289627929425
1,2,4,42,108,0.0008221284976503
1,2,4,42,109,0.0003153611131893
1,2,4,42,110,0.0010264817145648
1,2,4,42,111,0.3213414065591674
1,2,4,42,112,0.0005733541946485
1,2,4,42,113,0.0105381282710783
1,2,4,42,115,0.0080773081299173
1,2,4,42,116,0.047512394610633
1,2,4,42,117,0.0011288837475216
1,2,4,42,118,0.6548238808488221
1,2,4,42,119,2.6754222306304833
1,2,4,42,120,0.1977492847683946
1,2,4,42,121,5.341529837399747
1,2,4,42,122,0.3317404655785564
1,2,4,42,123,17.494526048163845
1,2,4,42,124,0.2984935457073615
1,2,4,42,125,12.862657931551537
1,2,4,42,126,0.0169473227938438
1,2,4,42,127,0.013861014160055
1,2,4,42,128,0.0796659835901631
1,2,4,42,129,0.0028184962391144
1,2,4,42,130,0.0013835297701836
1,2,4,42,131,0.015767104913168
1,2,4,42,132,0.0081242722670422
1,2,4,42,133,0.0025229658432524
1,2,4,42,134,7.053848206932566e-05
1,2,4,42,135,0.0344619001268228
1,2,4,42,136,0.0132637960494398
1,2,4,42,137,0.0012636300281943
1,2,4,42,138,0.0006641731443086
1,2,4,42,139,0.005925125343651
1,2,4,42,140,0.0047788989495129
1,2,4,42,141,0.005485485351662
1,2,4,42,142,0.0388807367115179
1,2,4,42,143,0.0062380830576578
1,2,4,42,144,0.0009161961947893
1,2,4,42,145,0.0216639538577022
1,2,4,42,149,0.0176916358742661
1,2,4,42,151,0.0165140335485181
1,2,4,42,152,0.0280293012051084
1,2,4,42,153,0.6506009933737165
1,2,4,42,154,0.1390189245920797
1,2,4,42,155,0.0017117158588398
1,2,4,42,156,0.0063050905770947
1,2,4,42,157,0.0010693068510375
1,2,4,42,158,0.0071585540311979
1,2,4,42,159,0.0027669598088748
1,2,4,42,160,0.0067531426586475
1,2,4,42,161,4.8935533490026845e-05
1,2,4,42,162,5.255639229217323e-06
1,2,4,43,1,0.1405985551766492
1,2,4,43,3,0.0168790290456808
1,2,4,43,4,0.1390112400567802
1,2,4,43,5,1.5757099730722388
1,2,4,43,6,0.0054906771350906
1,2,4,43,7,0.0010769772712429
1,2,4,43,8,0.1921704264336823
1,2,4,43,9,0.0173338733547662
1,2,4,43,10,0.035726889692654
1,2,4,43,11,0.0643539798454659
1,2,4,43,12,0.046857766606842
1,2,4,43,13,0.0017318030383827
1,2,4,43,14,0.0103718210398822
1,2,4,43,15,2.0989982192711312e-10
1,2,4,43,18,0.0051509569483761
1,2,4,43,19,0.0002413170841684
1,2,4,43,20,5.1852409514804885
1,2,4,43,21,1.586156795697514
1,2,4,43,22,0.0757568792723442
1,2,4,43,24,0.0011311073458677
1,2,4,43,26,0.0028937258485522
1,2,4,43,27,0.0005115454376484
1,2,4,43,28,0.0039283351637384
1,2,4,43,29,0.0018080413424678
1,2,4,43,30,0.0004640851211788
1,2,4,43,31,0.003424964699354
1,2,4,43,32,0.0016613473645483
1,2,4,43,33,0.0013692143879348
1,2,4,43,34,0.0160814080333528
1,2,4,43,35,1.8976200560518605e-08
1,2,4,43,36,3.461186226117732e-09
1,2,4,43,37,4.155627741504564e-06
1,2,4,43,38,2.141040372263036e-05
1,2,4,43,39,0.0001797733159966
1,2,4,43,40,0.0003047352958548
1,2,4,43,41,0.0001366480548546
1,2,4,43,42,7.334709809953185e-05
1,2,4,43,43,0.0035979253517365
1,2,4,43,44,0.0031314277509351
1,2,4,43,45,0.0043385949840676
1,2,4,43,46,0.0008722332678968
1,2,4,43,47,0.0842426928227383
1,2,4,43,48,0.0187213620200203
1,2,4,43,49,0.0323606844013048
1,2,4,43,50,0.035934089158207
1,2,4,43,52,0.1202540342621712
1,2,4,43,54,0.041832780603879
1,2,4,43,55,0.0283196805369418
1,2,4,43,57,0.1553006663381655
1,2,4,43,58,0.5126048010055031
1,2,4,43,59,0.2204519558016315
1,2,4,43,61,7.325196472726375e-05
1,2,4,43,62,0.0212618218809448
1,2,4,43,63,1.1220635472671383
1,2,4,43,64,0.077395653142088
1,2,4,43,65,0.0032286692837984
1,2,4,43,67,0.0039271709303899
1,2,4,43,68,0.0005882821155515
1,2,4,43,69,0.2629839535064109
1,2,4,43,71,0.0017447028065966
1,2,4,43,72,0.0444483537938887
1,2,4,43,74,0.0122085568330992
1,2,4,43,76,0.0043950257225556
1,2,4,43,78,0.0008005435378637
1,2,4,43,80,0.2068896663282802
1,2,4,43,82,0.0030862179901549
1,2,4,43,84,0.0003155059113637
1,2,4,43,85,0.0006309709028824
1,2,4,43,86,0.0009806713403195
1,2,4,43,87,0.0003528582265453
1,2,4,43,88,0.0015634771380699
1,2,4,43,89,0.0004886288212408
1,2,4,43,90,0.008096833394259
1,2,4,43,91,0.0011975199118626
1,2,4,43,92,0.003995757711711
1,2,4,43,93,0.059769086477923
1,2,4,43,94,0.0010449433249363
1,2,4,43,96,0.7817704396925982
1,2,4,43,97,0.5508042410881232
1,2,4,43,99,2.0741073771429205e-08
1,2,4,43,101,0.1450379170527947
1,2,4,43,102,1.343577898029179e-05
1,2,4,43,106,6.761963300089751e-05
1,2,4,43,108,0.0089152741509708
1,2,4,43,109,0.0131987317344065
1,2,4,43,110,0.0019878778271255
1,2,4,43,112,0.0848743422758538
1,2,4,43,113,0.0003850673364585
1,2,4,43,115,0.0001139292941118
1,2,4,43,116,0.040457937088327
1,2,4,43,117,0.0129744841709399
1,2,4,43,118,0.0368786312992936
1,2,4,43,119,0.1056987768215003
1,2,4,43,120,0.051056852661412
1,2,4,43,121,0.0346995308059002
1,2,4,43,122,0.0012152841300466
1,2,4,43,123,1.1536183723344118
1,2,4,43,124,0.2025073327293591
1,2,4,43,125,0.2208230148225914
1,2,4,43,126,0.0750795979644268
1,2,4,43,127,0.3557936203694229
1,2,4,43,128,0.2531074562292682
1,2,4,43,129,0.0397366535638803
1,2,4,43,130,0.0003822247617612
1,2,4,43,131,0.0004714385413374
1,2,4,43,132,0.0010467498240735
1,2,4,43,133,0.0001008351422492
1,2,4,43,134,0.0005502615309896
1,2,4,43,135,0.0006601402569472
1,2,4,43,136,0.0001094019034607
1,2,4,43,137,0.0001789898984235
1,2,4,43,138,1.3357480545344629e-05
1,2,4,43,151,0.0950891659572149
1,2,4,43,152,0.3798809007482966
1,2,4,43,159,8.92496332451965e-06
1,2,4,43,160,0.0005861777783377
1,2,4,43,161,0.0011215493108078
1,2,4,43,162,0.0002281960871991
1,2,4,44,1,0.1038261814642681
1,2,4,44,2,0.0381705487723854
1,2,4,44,3,0.031135923680907
1,2,4,44,4,0.1328588692805631
1,2,4,44,5,0.0192944016011516
1,2,4,44,6,0.0039475092608173
1,2,4,44,7,0.0013411247556713
1,2,4,44,8,0.0052881323616987
1,2,4,44,9,0.4610485691104795
1,2,4,44,10,0.0263527940271659
1,2,4,44,11,0.061994963860144
1,2,4,44,12,0.1837357838753677
1,2,4,44,13,0.0380159227968047
1,2,4,44,14,0.0040449967402882
1,2,4,44,15,4.409924676135342e-05
1,2,4,44,18,0.0085973254662888
1,2,4,44,19,0.0072818899878407
1,2,4,44,20,5.513642200491181
1,2,4,44,22,0.0294840496661141
1,2,4,44,23,0.0005936194776369
1,2,4,44,24,0.000679424476985
1,2,4,44,25,0.0136025580387953
1,2,4,44,26,0.0011280921439599
1,2,4,44,27,0.003314383877055
1,2,4,44,29,0.0069351995913742
1,2,4,44,30,0.0003413788322489
1,2,4,44,31,0.2340218801211211
1,2,4,44,32,0.004971386109548
1,2,4,44,33,0.0248324553788972
1,2,4,44,34,0.1300343236557655
1,2,4,44,35,0.0003424612060351
1,2,4,44,36,3.7336751587303674e-05
1,2,4,44,37,0.0007714255397249
1,2,4,44,38,0.000241241322179
1,2,4,44,39,0.0024103693374718
1,2,4,44,40,0.0014805788179483
1,2,4,44,41,0.0029719071148994
1,2,4,44,42,0.0150617897611187
1,2,4,44,43,0.018258139469812
1,2,4,44,44,0.0700249074135775
1,2,4,44,45,0.038008124100305
1,2,4,44,46,0.0327226480394293
1,2,4,44,47,0.081535059429724
1,2,4,44,48,0.009201941133145
1,2,4,44,49,0.0020909158418911
1,2,4,44,50,0.008025629462965
1,2,4,44,52,1.0817963656123242
1,2,4,44,54,0.2309923814082619
1,2,4,44,55,0.0027915982711115
1,2,4,44,56,0.0003933264097735
1,2,4,44,57,0.0973545369948879
1,2,4,44,58,0.0008914242906038
1,2,4,44,59,0.152636366908394
1,2,4,44,61,0.0111661975924133
1,2,4,44,62,0.0386076726861824
1,2,4,44,63,0.6891520124555506
1,2,4,44,64,0.0397863291038458
1,2,4,44,65,0.016898303224181
1,2,4,44,67,0.0158287711734826
1,2,4,44,68,0.0064124940130005
1,2,4,44,69,0.2922399943503692
1,2,4,44,71,0.0736718101681994
1,2,4,44,72,0.1926500602626301
1,2,4,44,74,0.0029645372286307
1,2,4,44,76,0.1440065026579079
1,2,4,44,78,0.0123523747379178
1,2,4,44,80,0.0031194450323755
1,2,4,44,82,0.0995406538436937
1,2,4,44,84,0.0385911823120078
1,2,4,44,85,0.0242861983369901
1,2,4,44,86,0.0092930226493923
1,2,4,44,87,0.0033059775498888
1,2,4,44,88,0.0085155687146848
1,2,4,44,89,0.0020561028422154
1,2,4,44,90,0.0281753865061529
1,2,4,44,91,0.0087884765464327
1,2,4,44,92,0.0142754563316704
1,2,4,44,93,0.0099879341473826
1,2,4,44,94,0.0064536618412667
1,2,4,44,96,24.086328147307142
1,2,4,44,99,0.0002829508398629
1,2,4,44,101,0.0133657691975978
1,2,4,44,103,0.0007734568854836
1,2,4,44,108,0.0779960108466635
1,2,4,44,109,0.0410460841625194
1,2,4,44,110,0.0558667169144437
1,2,4,44,111,0.0555311395324313
1,2,4,44,112,0.0025221627965366
1,2,4,44,113,0.0049857212650574
1,2,4,44,115,0.008395734669386
1,2,4,44,116,0.1714168041271112
1,2,4,44,117,0.0089015633007702
1,2,4,44,118,0.0008709589256874
1,2,4,44,119,0.0311140318346185
1,2,4,44,120,0.0258341682323213
1,2,4,44,121,0.0017940649273139
1,2,4,44,122,0.0024030077677468
1,2,4,44,123,0.4770614699770264
1,2,4,44,124,0.0025075365974749
1,2,4,44,125,0.2296426302351257
1,2,4,44,126,0.0019166092633276
1,2,4,44,127,0.0161903641885858
1,2,4,44,128,0.0010718241383742
1,2,4,44,129,9.165826890702926e-05
1,2,4,44,130,0.0016563629396176
1,2,4,44,131,0.0074654923069576
1,2,4,44,132,0.0019029112901571
1,2,4,44,133,0.0036871594108318
1,2,4,44,134,0.0042471548029024
1,2,4,44,135,0.0189326406207022
1,2,4,44,136,0.0005598185366956
1,2,4,44,137,0.0003435917573353
1,2,4,44,138,0.0004873633225329
1,2,4,44,151,0.0025422420643012
1,2,4,44,152,0.0036149922139974
1,2,4,44,159,0.001135886228943
1,2,4,44,160,0.0043268207817319
1,2,4,44,161,0.0007458497950103
1,2,4,44,162,0.0144024506323383
1,2,4,45,1,23.20890123694328
1,2,4,45,2,2.6160332516718645
1,2,4,45,3,1.011809169776532
1,2,4,45,4,1.5755263551498468
1,2,4,45,5,0.3714581465432766
1,2,4,45,6,0.4125103747400152
1,2,4,45,7,0.7131717947189667
1,2,4,45,8,0.5082702094980402
1,2,4,45,9,9.009884773948553
1,2,4,45,10,0.934629894325976
1,2,4,45,11,0.6973826771908163
1,2,4,45,12,3.606529579392983
1,2,4,45,13,0.0166550764418467
1,2,4,45,14,7.41057678676616
1,2,4,45,15,0.0328483236862141
1,2,4,45,18,0.0285335336933494
1,2,4,45,19,0.0571943932482695
1,2,4,45,20,5.695222049705976
1,2,4,45,21,30.698543624750112
1,2,4,45,22,6.041710675713309
1,2,4,45,23,1.978026867550898
1,2,4,45,24,1.377207985225044
1,2,4,45,25,0.2656801734945844
1,2,4,45,26,0.3443548872095457
1,2,4,45,27,0.1334194293614346
1,2,4,45,28,0.1272131635865289
1,2,4,45,29,0.0330541610656599
1,2,4,45,30,0.1738505627410504
1,2,4,45,31,0.1949437216739401
1,2,4,45,32,0.385400032527715
1,2,4,45,33,0.6715462083322137
1,2,4,45,34,0.0318671102656988
1,2,4,45,35,0.0643187987106576
1,2,4,45,36,0.0197173992045799
1,2,4,45,37,0.0106168436266763
1,2,4,45,38,0.1501395690188446
1,2,4,45,39,0.3121016102020558
1,2,4,45,40,0.026173415723274
1,2,4,45,41,0.0741047647382922
1,2,4,45,42,0.0793113619605717
1,2,4,45,43,0.0341046343429702
1,2,4,45,44,0.1198309581743899
1,2,4,45,45,0.707991426298868
1,2,4,45,46,0.0924542613315097
1,2,4,45,47,0.6751486570441599
1,2,4,45,48,0.507348654992611
1,2,4,45,49,0.0122760388118217
1,2,4,45,50,0.427915148686615
1,2,4,45,52,0.0312994114128116
1,2,4,45,53,0.0854251232442764
1,2,4,45,54,0.3030550165864056
1,2,4,45,55,0.1601984619369623
1,2,4,45,56,0.1255114403251629
1,2,4,45,57,2.591243622143653
1,2,4,45,58,0.0019597943557491
1,2,4,45,59,0.0252418717203795
1,2,4,45,61,0.5687733388420128
1,2,4,45,62,0.1182969267818966
1,2,4,45,63,6.121337246644609
1,2,4,45,64,0.3730473429659363
1,2,4,45,65,0.2299998637967794
1,2,4,45,67,1.067231799812715
1,2,4,45,68,0.0601274764944131
1,2,4,45,69,4.392968666281453
1,2,4,45,71,1.7383577310991964
1,2,4,45,72,1.351479510397114
1,2,4,45,74,0.0281240117930083
1,2,4,45,76,0.2089294824303492
1,2,4,45,78,0.040139003167519
1,2,4,45,80,0.0746094035865637
1,2,4,45,82,0.1122818462993552
1,2,4,45,84,0.1551277070989667
1,2,4,45,85,0.391386001019658
1,2,4,45,86,0.1848081223578313
1,2,4,45,87,0.0068986217857235
1,2,4,45,88,0.1290901684062264
1,2,4,45,89,0.0245016060313484
1,2,4,45,90,0.5352382032146242
1,2,4,45,91,0.1434759753867235
1,2,4,45,92,0.0380208673904212
1,2,4,45,93,0.328083676438079
1,2,4,45,94,0.0191127601191985
1,2,4,45,96,14.924166866560851
1,2,4,45,97,13.141783684340172
1,2,4,45,98,0.0143773774107977
1,2,4,45,99,0.0085121983495622
1,2,4,45,100,0.1940825575266378
1,2,4,45,101,3.898869178242724
1,2,4,45,102,0.6512826303652466
1,2,4,45,103,0.002982460843757
1,2,4,45,104,1.6039142484295276e-07
1,2,4,45,105,1.6847947803872814e-07
1,2,4,45,106,0.0009879194113486
1,2,4,45,107,0.0015000645658536
1,2,4,45,108,0.0145427131842218
1,2,4,45,109,0.014396715883566
1,2,4,45,110,0.2384869903273105
1,2,4,45,111,17.57779600819054
1,2,4,45,112,0.0100885304664118
1,2,4,45,113,0.8380408059620506
1,2,4,45,115,0.3708418192817634
1,2,4,45,116,0.1150207021771741
1,2,4,45,117,2.5930848758009284
1,2,4,45,118,1.7127714216066754
1,2,4,45,119,1.8313951387431624
1,2,4,45,120,1.1832497589783786
1,2,4,45,121,0.5602904929867725
1,2,4,45,122,0.901670667954326
1,2,4,45,123,84.08031505710228
1,2,4,45,124,1.346633712519823
1,2,4,45,125,13.764225119035457
1,2,4,45,126,0.4008733271426873
1,2,4,45,127,0.5077619974237921
1,2,4,45,128,0.1136849281773938
1,2,4,45,129,0.3782116638896543
1,2,4,45,130,0.0241518718361619
1,2,4,45,131,0.6377602716512001
1,2,4,45,132,0.6612804787486954
1,2,4,45,133,0.0519241864256279
1,2,4,45,134,0.103756572685804
1,2,4,45,135,0.8361256800531649
1,2,4,45,136,0.10291029387233
1,2,4,45,137,0.0243576801306767
1,2,4,45,138,0.0123064357912584
1,2,4,45,139,0.0197093734393493
1,2,4,45,140,0.0275492763239136
1,2,4,45,141,0.0179720284570554
1,2,4,45,142,0.0294667857186192
1,2,4,45,143,0.0041776520579864
1,2,4,45,144,0.0114900815732136
1,2,4,45,145,0.0014808939602856
1,2,4,45,146,0.0009744678350887
1,2,4,45,147,0.0008318015780283
1,2,4,45,148,0.0071230498322062
1,2,4,45,149,0.018255468843513
1,2,4,45,150,0.0008356157440426
1,2,4,45,151,0.1383416189960262
1,2,4,45,152,0.9904338610337476
1,2,4,45,153,0.8088579038229224
1,2,4,45,154,8.444849710756698
1,2,4,45,155,0.573696913015882
1,2,4,45,156,0.0251654215869245
1,2,4,45,157,3.0840385777654977
1,2,4,45,158,0.4187108503053748
1,2,4,45,159,0.0186615844328744
1,2,4,45,160,0.150711193042868
1,2,4,45,161,0.3472366841924414
1,2,4,45,162,0.0105453856314384
1,2,4,46,1,0.4194689387646145
1,2,4,46,2,0.0906344238231187
1,2,4,46,3,0.5798346542117063
1,2,4,46,4,0.1820370975632249
1,2,4,46,5,0.3403096831537722
1,2,4,46,6,0.1116877854543751
1,2,4,46,7,0.0182626220877073
1,2,4,46,8,0.1355058540859046
1,2,4,46,9,9.749352790660827
1,2,4,46,10,0.0906857061454401
1,2,4,46,11,0.1679531665444275
1,2,4,46,12,2.3281583295837684
1,2,4,46,13,0.0015392628736969
1,2,4,46,14,1.5376781216728357
1,2,4,46,15,0.5868706560270778
1,2,4,46,18,0.0259260239731441
1,2,4,46,19,0.1846015798931365
1,2,4,46,20,2.266459491424527
1,2,4,46,21,5.602008443170154
1,2,4,46,22,0.7895062927712725
1,2,4,46,23,0.3734045689141949
1,2,4,46,24,0.0141258836824992
1,2,4,46,25,0.1847581631125097
1,2,4,46,26,0.0454172448617107
1,2,4,46,27,0.0393462630223261
1,2,4,46,28,0.8429429519584907
1,2,4,46,29,0.7609551412487099
1,2,4,46,30,0.1268125350187096
1,2,4,46,31,0.1655235719540647
1,2,4,46,32,0.0803289580899131
1,2,4,46,33,0.3245957561254135
1,2,4,46,34,0.0089648206486761
1,2,4,46,35,0.0303623753384595
1,2,4,46,36,0.072513048509886
1,2,4,46,37,0.0260154205299892
1,2,4,46,38,0.074027724989005
1,2,4,46,39,1.137407285670627
1,2,4,46,40,0.114917864085209
1,2,4,46,41,0.0090476368273267
1,2,4,46,42,0.0040256253631248
1,2,4,46,43,0.0498691723569922
1,2,4,46,44,0.0500871975186314
1,2,4,46,45,0.5038391034912502
1,2,4,46,46,0.0044108969617737
1,2,4,46,47,0.0467979218181022
1,2,4,46,48,0.0286751124256189
1,2,4,46,49,0.0124675860659694
1,2,4,46,50,0.0197305084495516
1,2,4,46,52,0.0388938317034663
1,2,4,46,53,0.0062253672858602
1,2,4,46,54,0.0321273002064523
1,2,4,46,55,0.0453831957106293
1,2,4,46,56,0.0161191576653568
1,2,4,46,57,0.97291716386244
1,2,4,46,58,0.0168204512401968
1,2,4,46,59,0.0719349123908578
1,2,4,46,61,0.1737085404591076
1,2,4,46,62,0.2347427305693151
1,2,4,46,63,3.6011656473935116
1,2,4,46,64,0.0269595473154556
1,2,4,46,65,0.034265440463447
1,2,4,46,67,0.0117200429950837
1,2,4,46,68,0.006717649828857
1,2,4,46,69,0.5367976391878613
1,2,4,46,71,0.0314290946230999
1,2,4,46,72,0.0823637890378174
1,2,4,46,74,0.0086519439341338
1,2,4,46,76,0.0165856621534005
1,2,4,46,78,0.0027269875815753
1,2,4,46,80,0.0207227638232991
1,2,4,46,82,0.006220119154392
1,2,4,46,84,0.1109088997444081
1,2,4,46,85,0.0166147496159034
1,2,4,46,86,0.0200162789237547
1,2,4,46,87,0.0034123428976687
1,2,4,46,88,0.0051452288570821
1,2,4,46,89,0.0052252603075357
1,2,4,46,90,0.0073095332770654
1,2,4,46,91,0.0134030713996586
1,2,4,46,92,0.0107719271689431
1,2,4,46,93,0.0470304575953969
1,2,4,46,94,0.0044624771681866
1,2,4,46,96,1.584730404192371
1,2,4,46,97,1.7612102643216871
1,2,4,46,98,5.4736572788092414e-05
1,2,4,46,99,0.0002996168594164
1,2,4,46,100,0.0029312741504805
1,2,4,46,101,2.2357386936224715
1,2,4,46,102,0.1666809249782416
1,2,4,46,103,4.547567797760376e-05
1,2,4,46,104,9.384094441814556e-06
1,2,4,46,105,0.0001102425099461
1,2,4,46,106,6.018570891359889e-05
1,2,4,46,107,0.0008915369365114
1,2,4,46,108,0.0124100566349165
1,2,4,46,109,0.0005489034641861
1,2,4,46,110,0.0288188418677806
1,2,4,46,111,0.007543112712114
1,2,4,46,112,0.0027298131471275
1,2,4,46,113,0.0765303770516176
1,2,4,46,115,0.0102603882646545
1,2,4,46,116,0.0531298593618278
1,2,4,46,117,0.0994685162685283
1,2,4,46,118,0.0369198068761426
1,2,4,46,119,0.0342392155580058
1,2,4,46,120,0.0983400100523349
1,2,4,46,121,0.2202011244425946
1,2,4,46,122,0.1253882700450416
1,2,4,46,123,4.27952104312455
1,2,4,46,124,0.0923561675395891
1,2,4,46,125,0.3158427347286395
1,2,4,46,126,0.0369909799875648
1,2,4,46,127,0.0234184213726446
1,2,4,46,128,0.0483323743532252
1,2,4,46,129,0.0026979236949439
1,2,4,46,130,0.0038100133649686
1,2,4,46,131,0.0471674524935383
1,2,4,46,132,0.0084640255309363
1,2,4,46,133,0.0035303174011836
1,2,4,46,134,0.0050488066104843
1,2,4,46,135,0.0896087423114812
1,2,4,46,136,0.0019441955336164
1,2,4,46,137,0.0009392363610057
1,2,4,46,138,0.0008852314154018
1,2,4,46,139,0.0004900297825752
1,2,4,46,140,3.6982630787500635e-05
1,2,4,46,141,3.494464078629186e-05
1,2,4,46,142,0.0001197129157325
1,2,4,46,143,9.00107422673889e-06
1,2,4,46,144,3.991225966158374e-05
1,2,4,46,145,2.4528202217087513e-05
1,2,4,46,146,3.557136800223843e-05
1,2,4,46,147,1.7247634857412378e-05
1,2,4,46,148,0.0382225591802388
1,2,4,46,149,0.0012837097323481
1,2,4,46,150,0.0004072830017705
1,2,4,46,151,0.5794157250794019
1,2,4,46,152,0.0324509693131819
1,2,4,46,153,1.948638262483267
1,2,4,46,154,1.2540895925569564
1,2,4,46,155,0.0813564435211211
1,2,4,46,156,0.0042234058918052
1,2,4,46,157,0.3283820441828199
1,2,4,46,158,0.0449786820929722
1,2,4,46,159,0.0018699864199483
1,2,4,46,160,0.0068723351460841
1,2,4,46,161,0.0019484796817962
1,2,4,46,162,0.1189174712999758
1,2,4,47,1,0.027390454413488
1,2,4,47,2,1.5746228546284131
1,2,4,47,3,2.846410686336319
1,2,4,47,4,0.8429145476435167
1,2,4,47,5,1.639502605576339
1,2,4,47,6,0.2615080915131114
1,2,4,47,7,0.0117368498216202
1,2,4,47,8,0.2780025616694018
1,2,4,47,9,4.307284995437507
1,2,4,47,10,2.0151455802853
1,2,4,47,11,2.6592766645012227
1,2,4,47,12,2.6551518306605684
1,2,4,47,13,0.015834415176265
1,2,4,47,14,31.728425529548684
1,2,4,47,15,0.1185356162073821
1,2,4,47,18,0.088188005078346
1,2,4,47,19,0.1549180134529194
1,2,4,47,20,3.7205321970368463
1,2,4,47,21,1.1851338177568913
1,2,4,47,22,0.6743099447102844
1,2,4,47,23,0.0339855045483438
1,2,4,47,24,0.0304071397000036
1,2,4,47,25,0.0633178386710912
1,2,4,47,26,0.0819739768774658
1,2,4,47,27,0.013788776904034
1,2,4,47,28,0.0094317505877944
1,2,4,47,29,0.0033241073141472
1,2,4,47,30,0.0340310829908914
1,2,4,47,31,0.0234460751550079
1,2,4,47,32,0.0198064385381028
1,2,4,47,33,0.3173068203727582
1,2,4,47,34,0.030679861511556
1,2,4,47,35,0.0068034537209814
1,2,4,47,36,0.0678922326788504
1,2,4,47,37,0.0944471028596208
1,2,4,47,38,0.0434639326033671
1,2,4,47,39,0.01251648169887
1,2,4,47,40,0.0664730100863053
1,2,4,47,41,0.0067180065805299
1,2,4,47,42,0.0325459642269989
1,2,4,47,43,0.1847432980265495
1,2,4,47,44,0.0427788262386179
1,2,4,47,45,0.074425724635355
1,2,4,47,46,0.0076584718440678
1,2,4,47,47,0.0293105094575785
1,2,4,47,48,0.0019903883518082
1,2,4,47,49,0.0001084060910609
1,2,4,47,50,0.0880360421460279
1,2,4,47,52,3.440646692995339
1,2,4,47,53,3.214299597457272e-06
1,2,4,47,54,0.1798185601934687
1,2,4,47,55,0.0171136555339509
1,2,4,47,56,0.5630958592113977
1,2,4,47,57,1.1498042458307531
1,2,4,47,58,0.1542642268648876
1,2,4,47,59,0.3498811725765869
1,2,4,47,61,0.006645214500165
1,2,4,47,62,0.0492396052984911
1,2,4,47,63,26.804786015687306
1,2,4,47,64,0.053021194286562
1,2,4,47,65,0.090940204868565
1,2,4,47,67,0.0457630045175807
1,2,4,47,68,0.0308981418798586
1,2,4,47,69,2.5218205904273363
1,2,4,47,71,0.1724729726356949
1,2,4,47,72,1.8852178670025537
1,2,4,47,74,0.0890073875251619
1,2,4,47,76,0.1828822683530042
1,2,4,47,78,0.0141077981014588
1,2,4,47,80,0.0485600250831176
1,2,4,47,82,0.0112911165176871
1,2,4,47,84,0.7929896760921131
1,2,4,47,85,0.0468623908764949
1,2,4,47,86,0.0413654081881667
1,2,4,47,87,0.0067648793450013
1,2,4,47,88,0.0241272761888134
1,2,4,47,89,0.0113355640684605
1,2,4,47,90,0.0142763949960223
1,2,4,47,91,0.0213204911364707
1,2,4,47,92,0.0099613323800341
1,2,4,47,93,0.0311341687109655
1,2,4,47,94,0.0011437040194971
1,2,4,47,96,15.389580210938863
1,2,4,47,97,2.2110069549746334
1,2,4,47,98,0.0380139946604224
1,2,4,47,99,0.1208409640889842
1,2,4,47,100,0.7409728639614306
1,2,4,47,101,0.1585513514511862
1,2,4,47,102,0.020311765239217
1,2,4,47,104,0.0006718496953492
1,2,4,47,105,0.0359866896605946
1,2,4,47,106,0.0207391125492502
1,2,4,47,107,0.0083534044558765
1,2,4,47,108,0.0194099938207674
1,2,4,47,109,0.011897654922312
1,2,4,47,110,2.7171798453619216
1,2,4,47,111,58.36314225961838
1,2,4,47,112,0.127238227653651
1,2,4,47,113,0.0981137028673873
1,2,4,47,115,0.0217315618447846
1,2,4,47,116,0.2887731395194741
1,2,4,47,117,0.0482983962753872
1,2,4,47,118,0.0380343246961072
1,2,4,47,119,0.0912750407434286
1,2,4,47,120,1.7519888581651053
1,2,4,47,121,0.1347547238498941
1,2,4,47,122,1.4311955810475856
1,2,4,47,123,1.9883709935190348
1,2,4,47,124,0.0556006406262384
1,2,4,47,125,1.7870859610116887
1,2,4,47,126,0.0807410564180557
1,2,4,47,127,0.0112598143477684
1,2,4,47,128,0.0057938359605283
1,2,4,47,129,0.0030222687973769
1,2,4,47,130,0.0029282696146427
1,2,4,47,131,0.0246834685914981
1,2,4,47,132,0.0111011093548193
1,2,4,47,133,0.004645653433192
1,2,4,47,134,0.0082854549940594
1,2,4,47,135,0.0407090619451595
1,2,4,47,136,0.0044229590741367
1,2,4,47,137,0.0023844965017724
1,2,4,47,138,0.0013811459553362
1,2,4,47,139,0.0013149551243814
1,2,4,47,140,0.0007180578886715
1,2,4,47,141,0.0019349047958834
1,2,4,47,142,0.0256428349543155
1,2,4,47,143,0.0013559930574984
1,2,4,47,144,0.0004153893884384
1,2,4,47,145,0.0025283678091988
1,2,4,47,146,0.0002304310860531
1,2,4,47,147,1.4483514783879271e-05
1,2,4,47,148,0.0010667013816469
1,2,4,47,149,0.0056072458896451
1,2,4,47,150,8.533354754260501e-05
1,2,4,47,151,0.1038756814909762
1,2,4,47,152,0.133719332264336
1,2,4,47,153,10.573151625596124
1,2,4,47,154,0.7607508994822759
1,2,4,47,155,0.2094803421168547
1,2,4,47,156,0.0089880408780182
1,2,4,47,157,0.6025273311066824
1,2,4,47,158,0.2956301451941536
1,2,4,47,159,0.0023391200252926
1,2,4,47,160,0.0105695721623719
1,2,4,47,161,0.0048281531226179
1,2,4,47,162,0.0007048305292857
1,2,4,48,1,2.8190431760054757
1,2,4,48,2,0.3624240546406722
1,2,4,48,3,1.2591731624304952
1,2,4,48,4,0.8998181005301528
1,2,4,48,5,0.5749038318540763
1,2,4,48,6,0.1185084466388282
1,2,4,48,7,0.0960981993766316
1,2,4,48,8,0.9772209427408152
1,2,4,48,9,30.89350631786185
1,2,4,48,10,0.7757869064140591
1,2,4,48,11,0.8954366767142782
1,2,4,48,12,5.5239949644154205
1,2,4,48,13,0.0364014274751065
1,2,4,48,14,22.26601492274107
1,2,4,48,15,0.039692515850684
1,2,4,48,18,0.0140058747711917
1,2,4,48,19,0.0341502097296469
1,2,4,48,20,1.6469305728748695
1,2,4,48,21,26.656079844294677
1,2,4,48,22,2.5507669164637634
1,2,4,48,23,0.3993321491259419
1,2,4,48,24,0.0377394814213671
1,2,4,48,25,0.111156953172443
1,2,4,48,26,0.4506715461772629
1,2,4,48,27,0.005461148132585
1,2,4,48,28,0.0339413327841306
1,2,4,48,29,0.3119020348252289
1,2,4,48,30,0.0360363996001652
1,2,4,48,31,0.095945330919838
1,2,4,48,32,0.2005264164020595
1,2,4,48,33,0.271113090591921
1,2,4,48,34,0.1670686096020522
1,2,4,48,35,0.0284077207527338
1,2,4,48,36,0.0213748493179689
1,2,4,48,37,0.0077543218375563
1,2,4,48,38,0.0334206953653139
1,2,4,48,39,0.0586273114446224
1,2,4,48,40,0.019987818436349
1,2,4,48,41,0.0025773907772818
1,2,4,48,42,0.0052858650604872
1,2,4,48,43,0.0506683128089832
1,2,4,48,44,0.0145757270221654
1,2,4,48,45,0.0202819994383816
1,2,4,48,46,0.0030467511644015
1,2,4,48,47,0.0708359436215763
1,2,4,48,48,0.0128794913872653
1,2,4,48,49,0.0034911264770465
1,2,4,48,50,0.0551411772700181
1,2,4,48,52,0.0099520371912369
1,2,4,48,53,4.012864126331981e-07
1,2,4,48,54,0.0160943637752876
1,2,4,48,55,0.013434143700349
1,2,4,48,56,0.0436829191896156
1,2,4,48,57,1.4609204089804702
1,2,4,48,58,0.0003624193449731
1,2,4,48,59,0.0912064255613755
1,2,4,48,61,0.0202176944525708
1,2,4,48,62,0.0171554852682676
1,2,4,48,63,0.2878864764816373
1,2,4,48,64,0.0397681370746817
1,2,4,48,65,0.1845235857676883
1,2,4,48,67,0.0674924386596646
1,2,4,48,68,0.0258232182273743
1,2,4,48,69,1.147039542536422
1,2,4,48,71,0.2518093899964399
1,2,4,48,72,0.0338501399674685
1,2,4,48,74,0.0436974850994167
1,2,4,48,76,0.1326252507365488
1,2,4,48,78,0.009743752553888
1,2,4,48,80,0.0294336185060588
1,2,4,48,82,0.0252202792542402
1,2,4,48,84,0.0201558758339443
1,2,4,48,85,0.0159700457611723
1,2,4,48,86,0.0111537145526207
1,2,4,48,87,0.0032411964507103
1,2,4,48,88,0.0367540711259243
1,2,4,48,89,0.4555934471823037
1,2,4,48,90,0.0137626543934672
1,2,4,48,91,0.0388848588936172
1,2,4,48,92,0.036620105013944
1,2,4,48,93,0.0613614460107603
1,2,4,48,94,1.1784409697263378
1,2,4,48,96,1.4046053614747958
1,2,4,48,97,2.865835177104661
1,2,4,48,98,1.3612084447676263e-05
1,2,4,48,99,0.0093316787234056
1,2,4,48,100,0.0034785629091783
1,2,4,48,101,2.1206638020879978
1,2,4,48,102,0.0173500045589481
1,2,4,48,103,0.0191406636672302
1,2,4,48,104,0.0440867460631184
1,2,4,48,105,0.1443321521817698
1,2,4,48,106,0.0037479551482852
1,2,4,48,108,0.0495058049318301
1,2,4,48,109,0.2323148337102825
1,2,4,48,110,0.0503946149150261
1,2,4,48,111,0.2226478683177386
1,2,4,48,112,0.2272943955549985
1,2,4,48,113,0.2284737018038474
1,2,4,48,115,0.0986932047263458
1,2,4,48,116,0.0318009224484434
1,2,4,48,117,0.3189566104083551
1,2,4,48,118,0.2875418865357483
1,2,4,48,119,0.505745523280956
1,2,4,48,120,0.9419407900508598
1,2,4,48,121,0.9012053875496696
1,2,4,48,122,0.3126431650262642
1,2,4,48,123,1.1005695228439731
1,2,4,48,124,0.0711101986565628
1,2,4,48,125,0.6892070102756345
1,2,4,48,126,0.3708313855205919
1,2,4,48,127,0.0581051214906974
1,2,4,48,128,0.0229314952649776
1,2,4,48,129,0.0071872097966939
1,2,4,48,130,0.0194495677743166
1,2,4,48,131,0.0776864540473192
1,2,4,48,132,0.0276052061081114
1,2,4,48,133,0.0105342988450199
1,2,4,48,134,0.0147325286907521
1,2,4,48,135,0.0809951841533617
1,2,4,48,136,0.008176124607692
1,2,4,48,137,0.0016353505502945
1,2,4,48,138,0.0010506182706571
1,2,4,48,139,0.0001016491337305
1,2,4,48,140,0.0015237060178983
1,2,4,48,141,5.6558208303026896e-05
1,2,4,48,142,0.0001850318359924
1,2,4,48,143,8.315932276338378e-05
1,2,4,48,144,0.0002294232366971
1,2,4,48,145,0.0006940261253811
1,2,4,48,146,1.7843712634311888e-05
1,2,4,48,147,2.7698910298205864e-05
1,2,4,48,148,0.0001913322930336
1,2,4,48,149,0.0009347248932769
1,2,4,48,150,0.000131145866735
1,2,4,48,151,0.0119556572599263
1,2,4,48,152,0.0340261799082624
1,2,4,48,153,3.8172044347405794
1,2,4,48,154,1.012541036528195
1,2,4,48,155,0.3003985993022981
1,2,4,48,156,0.0101487981570445
1,2,4,48,157,3.363466278535261
1,2,4,48,158,0.46912857607093
1,2,4,48,159,0.0036806949433538
1,2,4,48,160,0.0134607585908482
1,2,4,48,161,0.0098209980251653
1,2,4,48,162,0.0823720829046954
1,2,4,49,1,3.2668628498331524
1,2,4,49,2,1.7602390744378915
1,2,4,49,3,1.0343449835855034
1,2,4,49,4,0.5656464896877732
1,2,4,49,5,0.1544673080509635
1,2,4,49,6,0.0835305640176283
1,2,4,49,7,0.0327859555791543
1,2,4,49,8,0.0480218497738388
1,2,4,49,9,3.872940587765592
1,2,4,49,10,0.0724984619229051
1,2,4,49,11,0.9547985687023636
1,2,4,49,12,2.476197614733027
1,2,4,49,13,0.0075857254339964
1,2,4,49,14,3.683016373447379
1,2,4,49,15,0.1990685172704117
1,2,4,49,18,0.0089351199656198
1,2,4,49,19,0.0026062163677085
1,2,4,49,20,0.0511414436555356
1,2,4,49,21,31.672189059558995
1,2,4,49,22,13.578229809970052
1,2,4,49,23,0.5614569055208886
1,2,4,49,25,0.2352496652482837
1,2,4,49,26,1.462499790312065
1,2,4,49,27,0.4330672134043452
1,2,4,49,28,0.0206700499490626
1,2,4,49,29,0.5206186697861509
1,2,4,49,30,0.0855057661010527
1,2,4,49,31,1.373457793458917
1,2,4,49,32,0.3549308479871606
1,2,4,49,33,1.7331694533372328
1,2,4,49,34,0.3042192976442602
1,2,4,49,35,0.0016169681675267
1,2,4,49,36,0.000566678321492
1,2,4,49,37,0.0096827182344497
1,2,4,49,38,0.0165972853494767
1,2,4,49,39,0.0245327109791208
1,2,4,49,40,0.0133428256805886
1,2,4,49,41,0.0092576155488243
1,2,4,49,42,0.002961587665912
1,2,4,49,43,0.1424120885809315
1,2,4,49,44,0.0664422101384486
1,2,4,49,45,0.0641322804480891
1,2,4,49,46,0.007349861917184
1,2,4,49,47,2.51409615390991
1,2,4,49,48,0.5649142421154955
1,2,4,49,49,0.0123901146811131
1,2,4,49,50,0.8406887471769612
1,2,4,49,52,0.0031911947561592
1,2,4,49,53,0.0099089238386443
1,2,4,49,54,0.0634987124996474
1,2,4,49,55,0.0208569847650446
1,2,4,49,56,0.1008068444369194
1,2,4,49,57,3.8692105621602377
1,2,4,49,58,0.0005939555969453
1,2,4,49,59,0.0540652737644084
1,2,4,49,61,0.016211192144272
1,2,4,49,62,0.5245590876338633
1,2,4,49,63,24.704448940277413
1,2,4,49,64,0.0932429448539396
1,2,4,49,65,0.1442393359481056
1,2,4,49,67,0.0465030746966117
1,2,4,49,68,0.0101609815117907
1,2,4,49,69,1.6884264569776102
1,2,4,49,71,0.084076122629989
1,2,4,49,72,0.2462700874493105
1,2,4,49,74,0.0051084230531876
1,2,4,49,76,0.2118328243674516
1,2,4,49,78,0.0025962879846057
1,2,4,49,80,0.0415848300866958
1,2,4,49,82,0.0068329930086706
1,2,4,49,84,0.0258426153475932
1,2,4,49,85,0.1394672651314126
1,2,4,49,86,0.0886973528366344
1,2,4,49,87,0.0147500108700577
1,2,4,49,88,0.075011495146755
1,2,4,49,89,0.0361452433297286
1,2,4,49,90,0.0294156985782311
1,2,4,49,91,0.0225034081076344
1,2,4,49,92,0.0360325396530405
1,2,4,49,93,0.9370378272346086
1,2,4,49,94,1.030759743444435
1,2,4,49,96,1.3818119785809595
1,2,4,49,97,13.753854922523978
1,2,4,49,98,0.0009758913914221
1,2,4,49,99,0.0609631152491882
1,2,4,49,100,0.1531768553543644
1,2,4,49,101,12.496402029684871
1,2,4,49,102,0.0003756489376929
1,2,4,49,103,1.2667108290888534e-12
1,2,4,49,104,0.0111750198782654
1,2,4,49,105,0.2404840406249677
1,2,4,49,106,4.919540878586687e-06
1,2,4,49,107,0.0356230054044319
1,2,4,49,108,0.0022143063229726
1,2,4,49,109,0.0142658483413503
1,2,4,49,110,0.0521726023825837
1,2,4,49,111,0.0002296176812682
1,2,4,49,112,0.0046382656568837
1,2,4,49,113,0.1705668552550236
1,2,4,49,115,0.0218147313292837
1,2,4,49,116,0.0299543932059266
1,2,4,49,117,0.2557660135813263
1,2,4,49,118,0.1735474586756757
1,2,4,49,119,0.2297840721237753
1,2,4,49,120,0.03102616288402
1,2,4,49,121,0.085093813533023
1,2,4,49,122,0.1576494251422163
1,2,4,49,123,56.20488103714181
1,2,4,49,124,0.0549630481011132
1,2,4,49,125,5.830604777422046
1,2,4,49,126,25.92701165743989
1,2,4,49,127,0.0545110554940709
1,2,4,49,128,0.7471405130258235
1,2,4,49,129,0.0094282308438999
1,2,4,49,130,0.5371954263986194
1,2,4,49,131,0.8837754253844017
1,2,4,49,132,0.1674112112455348
1,2,4,49,133,0.0220033984161996
1,2,4,49,134,0.5797597467955881
1,2,4,49,135,0.1313025394835236
1,2,4,49,136,0.0112475121248201
1,2,4,49,137,0.0015547312485868
1,2,4,49,138,0.0020523558847362
1,2,4,49,139,0.0019675364823625
1,2,4,49,140,0.0029118107141815
1,2,4,49,141,0.0062469497983323
1,2,4,49,142,0.0030760431091709
1,2,4,49,143,3.6808149611911656e-05
1,2,4,49,144,0.0004542778570872
1,2,4,49,145,0.000285846338863
1,2,4,49,146,5.227554116335003e-06
1,2,4,49,147,0.0003175044518411
1,2,4,49,148,0.0017892160801474
1,2,4,49,149,0.0003093564962186
1,2,4,49,150,8.439992339178564e-05
1,2,4,49,151,0.0633016229028376
1,2,4,49,152,0.0591515361675417
1,2,4,49,153,2.1053460685144714
1,2,4,49,154,1.5309305355285892
1,2,4,49,155,0.0470893190741514
1,2,4,49,156,0.0030245523929154
1,2,4,49,157,0.264005583892992
1,2,4,49,158,0.0558043881854901
1,2,4,49,159,0.0028190542975527
1,2,4,49,160,0.0127333471578839
1,2,4,49,161,0.0068113379527856
1,2,4,49,162,0.3156347053079391
1,3,1,7,165,0.8864505070789104
1,3,3,3,96,8.327619210250493e-07
1,3,3,3,97,1.8624961121556835e-08
1,3,3,3,98,2.3101733166324278e-07
1,3,3,3,99,1.308542129670394e-07
1,3,3,3,100,9.279698422942979e-10
1,3,3,3,101,1.6887895311248958e-08
1,3,3,3,102,7.767881305060632e-12
1,3,3,3,107,1.6411503070716486e-10
1,3,3,3,108,1.585401657030874e-07
1,3,3,3,109,3.4264882571071796e-07
1,3,3,3,111,1.5085177956338276e-05
1,3,3,5,96,1.6568322841516792e-06
1,3,3,5,97,7.690951714304397e-09
1,3,3,5,98,8.633692795859694e-07
1,3,3,5,99,7.857557111450884e-08
1,3,3,5,100,5.450007459473239e-09
1,3,3,5,101,1.1605631689248495e-09
1,3,3,5,102,7.014727000921172e-08
1,3,3,5,107,1.72595230741007e-07
1,3,3,5,108,7.308960576027308e-07
1,3,3,5,109,4.246339113038632e-06
1,3,3,5,111,2.7458345186248353e-05
1,3,3,14,96,3.2602997611349993e-08
1,3,3,14,97,1.279108011501757e-07
1,3,3,14,98,5.776572136373451e-08
1,3,3,14,99,8.84724392219015e-10
1,3,3,14,100,4.816678051197148e-11
1,3,3,14,101,1.0309167559308672e-08
1,3,3,14,102,1.0644092384649841e-08
1,3,3,14,107,1.2405615480642048e-11
1,3,3,14,108,1.2990515131019858e-08
1,3,3,14,109,7.004969662603647e-08
1,3,3,14,111,3.0477141822041545e-07
1,3,3,18,97,2.7429545279402645e-07
1,3,3,18,99,2.6415709102681162e-08
1,3,3,18,102,8.670729312607571e-09
1,3,3,18,108,1.676735830410877e-07
1,3,3,18,109,6.565829233819176e-06
1,3,3,22,96,1.7072998391684634e-07
1,3,3,22,97,4.937450577827398e-09
1,3,3,22,99,3.865881522291207e-09
1,3,3,22,100,9.834312650988155e-11
1,3,3,22,101,4.536201030749072e-09
1,3,3,22,102,3.130832616605873e-09
1,3,3,22,107,1.4036599124978047e-09
1,3,3,22,108,1.056354368019985e-07
1,3,3,22,109,2.223815992103681e-07
1,3,3,22,111,8.762418170590752e-07
1,3,3,27,96,3.209475947643544e-07
1,3,3,27,97,1.1195604578413717e-07
1,3,3,27,98,1.08072098548957e-06
1,3,3,27,99,2.509469538475857e-06
1,3,3,27,100,3.7124705709966584e-10
1,3,3,27,101,9.072745133523245e-08
1,3,3,27,102,3.457516101209396e-08
1,3,3,27,107,3.238927933348827e-09
1,3,3,27,108,6.409220274455435e-07
1,3,3,27,109,8.193509990095548e-07
1,3,3,27,111,5.73062405970644e-08
1,3,3,32,96,0.0006628605933373
1,3,3,32,97,0.0006829153987896
1,3,3,32,98,0.000373208599555
1,3,3,32,99,0.0016104227312954
1,3,3,32,100,7.21084527768563e-06
1,3,3,32,101,5.851828479248463e-05
1,3,3,32,102,2.7473885198111615e-05
1,3,3,32,103,5.2587350165823784e-08
1,3,3,32,105,1.6603873107343837e-08
1,3,3,32,107,1.6184670646086054e-07
1,3,3,32,108,0.0003755029622315
1,3,3,32,109,0.001248078994405
1,3,3,37,96,3.891973334194754e-05
1,3,3,37,97,0.0002846378468135
1,3,3,37,98,5.670174551847977e-05
1,3,3,37,99,0.0003332394619344
1,3,3,37,100,5.802238782797785e-08
1,3,3,37,101,2.2615080785196333e-06
1,3,3,37,102,1.0937430386954018e-06
1,3,3,37,107,1.876928091618324e-07
1,3,3,37,108,6.43199843319607e-05
1,3,3,37,109,9.11336310962503e-05
1,3,3,37,111,1.2948988255532493e-05
1,3,3,45,96,0.0011458228995941
1,3,3,45,97,0.0011094378228389
1,3,3,45,98,0.0131655643716243
1,3,3,45,99,0.0007573170317242
1,3,3,45,100,0.000981003553481
1,3,3,45,101,0.0009162888511288
1,3,3,45,102,0.0029509475679903
1,3,3,45,103,1.0827154216581598e-05
1,3,3,45,107,0.0001879104520261
1,3,3,45,108,0.0015864999955871
1,3,3,45,109,0.001498117988707
1,3,3,45,111,0.0033667592426842
1,3,3,46,96,0.0004583399780261
1,3,3,46,97,0.0007025171431032
1,3,3,46,98,0.0003066400032727
1,3,3,46,99,0.0005872758899114
1,3,3,46,100,0.0007842966303127
1,3,3,46,101,0.0003108047709176
1,3,3,46,102,0.0002417720634371
1,3,3,46,107,8.956054870035188e-05
1,3,3,46,108,0.0003947884061093
1,3,3,46,109,0.0004098961334735
1,3,3,47,96,0.0011858390100562
1,3,3,47,97,0.0030750107928614
1,3,3,47,98,0.0006536771193145
1,3,3,47,99,0.0008251324257611
1,3,3,47,100,0.0003717736276989
1,3,3,47,101,0.003230360836916
1,3,3,47,102,0.0006426959564757
1,3,3,47,107,0.0003399264860473
1,3,3,47,108,0.0015049809635562
1,3,3,47,109,0.0012234979699693
1,3,3,47,111,0.0048244349504211
1,3,3,48,96,0.0017256932224895
1,3,3,48,97,0.0011232479090305
1,3,3,48,99,0.0004401489154747
1,3,3,48,100,0.0017453903876764
1,3,3,48,101,0.0006365663007813
1,3,3,48,102,0.0044851863843497
1,3,3,48,103,3.387079315006873e-06
1,3,3,48,108,0.0010461193043903
1,3,3,48,109,0.0005540631647101
1,3,3,49,96,3.100176544164061e-06
1,3,3,49,97,1.1007366801697985e-05
1,3,3,49,99,5.335028531474507e-06
1,3,3,49,100,1.1363549051344857e-05
1,3,3,49,101,2.3572014266738985e-06
1,3,3,49,102,3.170000021180148e-07
1,3,3,49,108,4.498115444291657e-06
1,3,3,49,109,8.075387886470429e-06
1,3,4,1,2,0.2192306280730089
1,3,4,1,3,0.4931494214082583
1,3,4,1,4,0.0431512128268176
1,3,4,1,5,0.2003177536997382
1,3,4,1,6,0.0381497227987757
1,3,4,1,7,0.0002708369049161
1,3,4,1,8,0.0078566134712089
1,3,4,1,9,1.035626113884961
1,3,4,1,10,0.0054091786715016
1,3,4,1,11,0.0027723686007264
1,3,4,1,12,0.0329255676908684
1,3,4,1,13,0.0211159948482964
1,3,4,1,14,0.3537042724070211
1,3,4,1,18,1.990039980661666
1,3,4,2,2,0.174347388722129
1,3,4,2,3,0.3625532898675134
1,3,4,2,4,0.1617507212418869
1,3,4,2,5,0.0209901267833039
1,3,4,2,6,0.0820225659316701
1,3,4,2,7,0.0167292194950288
1,3,4,2,8,0.0634031866863865
1,3,4,2,9,0.6463596235822079
1,3,4,2,10,0.0157880020800968
1,3,4,2,11,0.0100334007109147
1,3,4,2,12,0.0424954332599888
1,3,4,2,13,0.0033824511433111
1,3,4,2,14,0.1702621467958374
1,3,4,2,15,5.275417210074743e-07
1,3,4,2,18,0.6359108054391635
1,3,4,2,32,5.9025156157703696e-05
1,3,4,2,33,2.127319054399752e-05
1,3,4,2,34,1.5243943254619318e-05
1,3,4,2,35,1.6143923376814805e-07
1,3,4,2,36,3.242868780841028e-07
1,3,4,2,37,2.576530389864119e-06
1,3,4,2,38,1.3234318233718217e-06
1,3,4,2,39,4.115528193717428e-07
1,3,4,2,40,8.033876555436211e-06
1,3,4,2,41,1.0721512450820113e-07
1,3,4,2,42,6.12904715240161e-07
1,3,4,2,43,2.8836557258023688e-05
1,3,4,2,44,2.8939827013947834e-06
1,3,4,2,45,3.0280042571081294e-06
1,3,4,2,47,0.0025857545658815
1,3,4,2,48,1.5662095516293537e-05
1,3,4,2,49,6.128514244326327e-06
1,3,4,2,51,0.0003673493859473
1,3,4,2,135,0.0016654758869106
1,3,4,2,139,0.0022014070414555
1,3,4,2,140,0.0014955366826183
1,3,4,2,141,0.0002303426370807
1,3,4,2,142,0.0098045936167375
1,3,4,2,143,0.000169859912379
1,3,4,2,144,0.0004891698674316
1,3,4,2,145,0.0032101336247657
1,3,4,2,148,0.004013078975173
1,3,4,2,149,0.0061034921896342
1,3,4,2,151,0.0005287534598129
1,3,4,2,152,0.0013702435977226
1,3,4,2,153,0.0006126947820554
1,3,4,2,154,0.0006803563818144
1,3,4,2,155,0.0001707724456618
1,3,4,2,156,0.0018840457347317
1,3,4,2,157,6.607851239586135e-05
1,3,4,2,158,7.206661012623939e-05
1,3,4,3,1,0.0105701584359574
1,3,4,3,2,0.9461959932754668
1,3,4,3,3,0.8242478344774443
1,3,4,3,4,0.1364889076404133
1,3,4,3,5,1.343626737688221
1,3,4,3,7,8.610687226254802e-05
1,3,4,3,8,0.0425694984534792
1,3,4,3,9,0.4768836613538492
1,3,4,3,10,0.0073982590521774
1,3,4,3,11,0.0117703676215099
1,3,4,3,12,0.1233320992273847
1,3,4,3,13,0.0109787367883517
1,3,4,3,14,0.1311116739635216
1,3,4,3,18,1.573156220122671
1,3,4,3,19,0.0011386972875543
1,3,4,3,26,1.2871588942384534e-06
1,3,4,3,29,3.6308502893379126e-06
1,3,4,3,30,1.0580770324242325e-08
1,3,4,3,32,9.638468356892624e-07
1,3,4,3,33,7.689551365372789e-06
1,3,4,3,34,6.801162796109087e-07
1,3,4,3,35,0.0005811429833011
1,3,4,3,36,0.0008469518028443
1,3,4,3,37,0.0001116621166472
1,3,4,3,38,0.0006604022052696
1,3,4,3,39,0.0011772549737897
1,3,4,3,40,0.0015336313166758
1,3,4,3,41,5.641335859455744e-07
1,3,4,3,42,6.033299071992697e-05
1,3,4,3,43,0.0068387435049417
1,3,4,3,44,0.0023889906124274
1,3,4,3,45,0.0007296999565925
1,3,4,3,46,3.4409709892127203e-06
1,3,4,3,47,6.498289505120569e-05
1,3,4,3,48,1.1242978658426715e-06
1,3,4,3,50,0.0796352378640098
1,3,4,3,51,0.000813927179649
1,3,4,3,52,0.0009381103863919
1,3,4,3,53,7.276804930993263e-05
1,3,4,3,54,0.0003674145941997
1,3,4,3,59,1.74090519677476e-05
1,3,4,3,60,0.000161615475049
1,3,4,3,62,0.0036022393327273
1,3,4,3,63,0.068531677567958
1,3,4,3,64,2.74602454844275e-05
1,3,4,3,65,2.7128448536024554e-07
1,3,4,3,66,2.039809099403083e-08
1,3,4,3,67,9.05325725106353e-08
1,3,4,3,68,5.301524963980773e-08
1,3,4,3,69,1.42943949122253e-06
1,3,4,3,70,1.1482570173580877e-07
1,3,4,3,71,8.31646499723498e-08
1,3,4,3,85,5.556438322408837e-05
1,3,4,3,86,5.128115564735805e-06
1,3,4,3,89,5.981935779610842e-06
1,3,4,3,93,0.0005772030190142
1,3,4,3,96,0.0005568147461145
1,3,4,3,97,6.659254597705949e-05
1,3,4,3,98,0.0001950093107558
1,3,4,3,99,0.0001507417847404
1,3,4,3,100,1.775465187336676e-07
1,3,4,3,101,1.3432635993125997e-05
1,3,4,3,102,4.85300213745581e-08
1,3,4,3,107,4.3776661738152384e-08
1,3,4,3,108,0.000163186334614
1,3,4,3,109,0.0002931723260055
1,3,4,3,110,0.0001181553103159
1,3,4,3,111,0.0033396391657539
1,3,4,3,113,0.0002657855795081
1,3,4,3,115,0.0011732057335513
1,3,4,3,116,0.0004886580458947
1,3,4,3,117,2.386865074728464
1,3,4,3,118,0.0855381200181832
1,3,4,3,119,0.0194183811219272
1,3,4,3,120,0.0182289265257499
1,3,4,3,121,0.1170639397858378
1,3,4,3,122,0.0049739801987867
1,3,4,3,126,0.0001587674448163
1,3,4,3,127,0.0001295863493261
1,3,4,3,130,3.571896642042222e-06
1,3,4,3,131,0.0006186880453499
1,3,4,3,132,0.0006496310746784
1,3,4,3,133,1.9310841169358123e-05
1,3,4,3,134,8.004116149669742e-05
1,3,4,3,135,0.0031444717520296
1,3,4,3,137,8.912650360734803e-08
1,3,4,3,139,2.2173016764027797e-05
1,3,4,3,140,2.5322056963510568e-05
1,3,4,3,141,3.835031898454589e-06
1,3,4,3,142,0.0002937771782421
1,3,4,3,143,4.884312567505667e-06
1,3,4,3,144,6.633119642657201e-06
1,3,4,3,145,0.0002110107830811
1,3,4,3,151,0.0018562101849197
1,3,4,3,152,0.0028288745586441
1,3,4,3,153,0.002739204984
1,3,4,3,154,0.0015627614228586
1,3,4,3,155,0.0001476479485687
1,3,4,3,156,0.0020743339541726
1,3,4,3,157,0.0003299048695688
1,3,4,3,158,0.000793189395832
1,3,4,3,160,8.097495610172412e-05
1,3,4,4,2,0.0016631797480276
1,3,4,4,3,0.0037789382719522
1,3,4,4,4,0.0060732714181846
1,3,4,4,5,0.0055538176611911
1,3,4,4,8,0.0011753812431166
1,3,4,4,9,0.0048009506437741
1,3,4,4,10,0.0017646617796027
1,3,4,4,11,0.0026892101441963
1,3,4,4,12,0.0466837471755412
1,3,4,4,13,0.0042687226371516
1,3,4,4,14,0.3016068492986904
1,3,4,4,18,0.007519792156762
1,3,4,5,2,0.7264262888494739
1,3,4,5,3,1.161944348590137
1,3,4,5,4,0.0532668265072251
1,3,4,5,5,0.5811616638605691
1,3,4,5,6,0.0536523994504604
1,3,4,5,7,0.000121470660779
1,3,4,5,8,0.0131535586044912
1,3,4,5,9,0.2930487894613467
1,3,4,5,10,0.0415898660210886
1,3,4,5,11,0.0158954447934313
1,3,4,5,12,0.0154625853441627
1,3,4,5,13,0.0031747475860101
1,3,4,5,14,0.1069133450160391
1,3,4,5,18,1.756083771643603
1,3,4,5,19,0.0021717490022231
1,3,4,5,20,5.297697178785235e-05
1,3,4,5,35,2.4386591997452263e-05
1,3,4,5,36,0.0002454791262067
1,3,4,5,37,9.674089604951516e-06
1,3,4,5,38,7.418499629906305e-05
1,3,4,5,39,6.586212730655877e-06
1,3,4,5,40,0.0003542151039358
1,3,4,5,42,5.701110916850141e-05
1,3,4,5,43,0.0002258364371217
1,3,4,5,44,0.0001647167231553
1,3,4,5,45,6.108612018330908e-06
1,3,4,5,46,6.429297066642547e-07
1,3,4,5,50,0.0277181791995052
1,3,4,5,51,0.001209925430611
1,3,4,5,59,1.4711438542325752e-09
1,3,4,5,61,1.1560214326777938e-07
1,3,4,5,62,1.8036717041051377e-07
1,3,4,5,63,1.6160774545470107e-05
1,3,4,5,64,1.001083456244954e-05
1,3,4,5,85,0.0012809255375745
1,3,4,5,86,1.315593757900126e-05
1,3,4,5,88,0.000950529835501
1,3,4,5,91,9.58407162878864e-05
1,3,4,5,92,1.259419136867143e-06
1,3,4,5,93,7.71617865037554e-05
1,3,4,5,96,0.0001238024380504
1,3,4,5,97,1.2357433026644218e-06
1,3,4,5,98,3.606344962656377e-05
1,3,4,5,99,3.699031935910988e-06
1,3,4,5,100,2.1881661972385425e-07
1,3,4,5,101,8.270890844121836e-08
1,3,4,5,102,2.9731888024121726e-06
1,3,4,5,107,7.207269544638415e-06
1,3,4,5,108,3.006914222590865e-05
1,3,4,5,109,8.60241174187874e-05
1,3,4,5,110,8.166605082483222e-05
1,3,4,5,111,0.0002099528772755
1,3,4,5,112,3.458773649697972e-05
1,3,4,5,113,1.1167854880594928e-05
1,3,4,5,114,3.2316174192054905e-06
1,3,4,5,117,0.0017544679475173
1,3,4,5,118,7.844256714772023e-05
1,3,4,5,120,0.000622228843982
1,3,4,5,121,0.0024986936100847
1,3,4,5,122,7.454538090474607e-05
1,3,4,5,131,1.978599345000549e-06
1,3,4,5,133,0.0001204971848741
1,3,4,5,134,0.0003013138512937
1,3,4,5,135,0.0348700161424205
1,3,4,5,136,0.0038514167071333
1,3,4,5,138,1.7771759486813718e-07
1,3,4,5,139,2.1386981227117843e-05
1,3,4,5,140,1.6701656946666596e-05
1,3,4,5,141,2.145757912876053e-06
1,3,4,5,142,1.9840781758215965e-05
1,3,4,5,143,2.638214289947106e-06
1,3,4,5,144,3.883076006485712e-06
1,3,4,5,145,1.7850313105398918e-05
1,3,4,5,148,9.088702639164512e-05
1,3,4,5,149,2.5610571492548496e-05
1,3,4,5,151,3.637045513231441e-05
1,3,4,5,152,7.593977884611991e-05
1,3,4,5,153,7.413568114799278e-05
1,3,4,5,154,5.05573817926428e-05
1,3,4,5,155,6.562313032777397e-06
1,3,4,5,156,2.9434060974797426e-05
1,3,4,5,157,1.2324006665036567e-05
1,3,4,5,158,1.4949678509984057e-05
1,3,4,5,159,1.328308248336828e-07
1,3,4,5,160,0.0003099036654045
1,3,4,6,2,2.2763684052826663
1,3,4,6,3,6.545547453772463
1,3,4,6,4,0.7290261782526276
1,3,4,6,5,2.383708139221449
1,3,4,6,6,0.5938344671001984
1,3,4,6,8,0.0595776844060352
1,3,4,6,9,6.016947035779376
1,3,4,6,10,0.4653953730057588
1,3,4,6,11,0.2932072468286957
1,3,4,6,12,0.3148353149454423
1,3,4,6,13,0.0277977289759766
1,3,4,6,14,4.253707629382167
1,3,4,6,18,9.793348953140423
1,3,4,7,2,44.52483974712985
1,3,4,7,3,75.8495758593788
1,3,4,7,4,2.128786507708402
1,3,4,7,5,16.210629383931156
1,3,4,7,6,3.160189978200238
1,3,4,7,8,0.7577462665578576
1,3,4,7,9,40.66646309747789
1,3,4,7,10,13.345234001162174
1,3,4,7,11,2.185849832337824
1,3,4,7,12,8.263831664736308
1,3,4,7,13,0.247456158868712
1,3,4,7,14,92.4544695551397
1,3,4,7,18,69.51607644687233
1,3,4,7,35,0.0097976630932768
1,3,4,7,36,0.028002280501726
1,3,4,7,37,0.0102006320946399
1,3,4,7,38,0.017849911069129
1,3,4,7,39,0.0037571391298036
1,3,4,7,40,0.0436689727421843
1,3,4,7,42,0.0035130349981731
1,3,4,7,43,0.0145416824492981
1,3,4,7,44,0.0036923691545228
1,3,4,7,45,0.013991175148163
1,3,4,7,47,0.0001579557247894
1,3,4,7,48,1.0751885831744087e-05
1,3,4,7,49,2.211546367516469e-05
1,3,4,7,50,1.9106191516136
1,3,4,7,51,1.220113348775862
1,3,4,7,59,9.95402769880334e-06
1,3,4,7,62,7.102317410296177e-07
1,3,4,7,63,0.0002156580996252
1,3,4,7,85,0.0117985323646115
1,3,4,7,164,0.914
1,3,4,8,2,0.9472392704627388
1,3,4,8,3,1.482449507123055
1,3,4,8,4,0.1161339053951187
1,3,4,8,5,0.8891733722547266
1,3,4,8,7,0.0105362507590162
1,3,4,8,8,0.1382508817546434
1,3,4,8,9,0.5792086750638037
1,3,4,8,10,0.02023047127926
1,3,4,8,11,0.0072652401749163
1,3,4,8,12,0.0071940603643998
1,3,4,8,13,0.0279956449330979
1,3,4,8,14,0.9812265087438344
1,3,4,8,18,16.970594559026935
1,3,4,8,50,0.5762674199749538
1,3,4,8,51,0.3537721464168591
1,3,4,8,113,0.0007841695575191
1,3,4,8,136,2.7440431728180397e-06
1,3,4,9,1,0.0307201040538891
1,3,4,9,2,0.8530168233308194
1,3,4,9,3,8.09096273728382
1,3,4,9,4,1.5621951400846157
1,3,4,9,5,4.2942346777084826
1,3,4,9,6,0.0439866753675906
1,3,4,9,7,0.036340651060123
1,3,4,9,8,0.0577063689299285
1,3,4,9,9,3.201406306124996
1,3,4,9,10,0.5894000562231648
1,3,4,9,11,0.1211012576709867
1,3,4,9,12,0.3368101892187873
1,3,4,9,13,0.0354701593690149
1,3,4,9,14,7.09332718473281
1,3,4,9,15,8.043066795156836e-07
1,3,4,9,18,5.416928729153722
1,3,4,9,113,0.9919162747213134
1,3,4,9,114,0.0006930180154787
1,3,4,9,117,0.1063561391097369
1,3,4,9,118,0.0043078794360886
1,3,4,9,120,0.0132925458521118
1,3,4,9,121,0.2026836827163509
1,3,4,9,122,0.0111747681425535
1,3,4,9,126,0.0010912652937015
1,3,4,9,135,0.0023549370398811
1,3,4,9,136,0.1074284800099408
1,3,4,10,2,0.5220641404682551
1,3,4,10,3,1.456085352396816
1,3,4,10,4,0.0175636894420277
1,3,4,10,5,0.20792613690327
1,3,4,10,6,0.0563385752168547
1,3,4,10,8,0.0020626667687995
1,3,4,10,9,2.116763840262661
1,3,4,10,10,0.0195654804762661
1,3,4,10,11,0.0026854255379987
1,3,4,10,12,0.0452524546883346
1,3,4,10,13,0.0050616785977826
1,3,4,10,14,1.5017648099332797
1,3,4,10,18,20.685996526200032
1,3,4,10,35,3.507746465802367e-06
1,3,4,10,36,6.999422686400424e-06
1,3,4,10,37,2.2643357534489754e-06
1,3,4,10,38,1.9383487717482124e-05
1,3,4,10,39,5.514246627239883e-06
1,3,4,10,40,7.727514049558165e-05
1,3,4,10,42,7.209555072224711e-06
1,3,4,10,43,3.643490253766449e-05
1,3,4,10,44,4.086854126793976e-05
1,3,4,10,45,1.8235054006920905e-05
1,3,4,10,50,0.0351261535144333
1,3,4,11,1,0.0265549158618237
1,3,4,11,2,4.879150564157698
1,3,4,11,3,5.265520117522695
1,3,4,11,4,0.9871872224111164
1,3,4,11,5,2.9872893058380465
1,3,4,11,6,0.2463061782682172
1,3,4,11,7,0.0062124790177408
1,3,4,11,8,0.1870241186399726
1,3,4,11,9,2.392283373190256
1,3,4,11,10,0.0598465991801831
1,3,4,11,11,0.0207514025696478
1,3,4,11,12,0.3337701075363612
1,3,4,11,13,0.0515312793657757
1,3,4,11,14,6.1165737025044935
1,3,4,11,18,5.27232027441464
1,3,4,11,136,0.0134661854257265
1,3,4,11,137,0.002725776107555
1,3,4,11,138,5.813046415771807e-05
1,3,4,11,160,0.0038292662930976
1,3,4,12,1,0.0373075271891085
1,3,4,12,2,0.6468420798793919
1,3,4,12,3,1.5903435915330388
1,3,4,12,4,0.5831312470871352
1,3,4,12,5,3.3125927159795645
1,3,4,12,6,0.0082728342910357
1,3,4,12,7,0.0431413603167643
1,3,4,12,8,0.0338828167780614
1,3,4,12,9,0.8700244403033947
1,3,4,12,10,0.033202893504283
1,3,4,12,11,0.0096325568788596
1,3,4,12,12,2.9529730753463173
1,3,4,12,13,0.5115199437683081
1,3,4,12,14,10.47153025589472
1,3,4,12,18,0.3852178864291924
1,3,4,12,117,0.0027379326860274
1,3,4,12,118,4.734644163886478e-05
1,3,4,12,136,0.0170718648225469
1,3,4,13,2,0.0948308781547361
1,3,4,13,3,0.4121452229201225
1,3,4,13,4,0.0334394989383717
1,3,4,13,5,0.054782435168905
1,3,4,13,6,0.0095050077109686
1,3,4,13,7,2.8049909663312117e-08
1,3,4,13,8,0.0256314677442806
1,3,4,13,9,0.471089133942112
1,3,4,13,10,0.006206313439959
1,3,4,13,11,0.0066064788966587
1,3,4,13,12,0.1358453197823555
1,3,4,13,13,0.006039005903269
1,3,4,13,14,0.9820787794931636
1,3,4,13,15,5.182899565176038e-07
1,3,4,13,18,1.7410669132088086
1,3,4,13,19,0.0165132841439026
1,3,4,13,94,1.0469567681672678e-06
1,3,4,13,117,0.0223556939361452
1,3,4,13,118,2.3841571990348994e-07
1,3,4,13,119,0.0278843870862514
1,3,4,13,126,0.0036983572416235
1,3,4,13,135,0.006472616968803
1,3,4,13,136,1.8158867918007616e-05
1,3,4,13,137,0.0017081310829889
1,3,4,13,138,1.1339093169996896e-05
1,3,4,13,142,1.8164133392540392e-06
1,3,4,13,145,4.132204050746613e-07
1,3,4,13,148,1.7511609800141713e-06
1,3,4,13,149,4.135739568494805e-07
1,3,4,13,151,2.2324554629636307e-06
1,3,4,13,152,2.6085008816094904e-06
1,3,4,13,153,4.573596028788362e-06
1,3,4,13,154,2.5033714018101323e-06
1,3,4,13,155,1.547805172278428e-07
1,3,4,13,156,4.897193795525377e-06
1,3,4,13,157,5.248275593301979e-07
1,3,4,13,158,6.406887400451045e-07
1,3,4,13,159,0.0171117191145692
1,3,4,13,160,0.0344097023559345
1,3,4,14,1,0.0007154332810581
1,3,4,14,2,1.9091573464655895
1,3,4,14,3,1.2040644457299277
1,3,4,14,4,0.1393905565921132
1,3,4,14,5,1.6501085594499467
1,3,4,14,6,0.0720026011219758
1,3,4,14,7,0.0001120643624874
1,3,4,14,8,0.0736291569179466
1,3,4,14,9,0.249446965512707
1,3,4,14,10,0.0118047179648414
1,3,4,14,11,0.0148587677712721
1,3,4,14,12,0.0480149295037151
1,3,4,14,13,0.0054517700453708
1,3,4,14,14,0.4884666960945671
1,3,4,14,18,3.1993061075843685
1,3,4,14,19,9.397111855571368e-05
1,3,4,14,21,3.289140521739435e-05
1,3,4,14,22,3.760946790942899e-06
1,3,4,14,32,3.861802669503469e-07
1,3,4,14,33,1.169391841884237e-06
1,3,4,14,35,0.000112776786087
1,3,4,14,36,0.0006254534029305
1,3,4,14,37,0.0002975647138229
1,3,4,14,38,0.0002959757933099
1,3,4,14,39,0.0001674818391626
1,3,4,14,40,0.0022021699801129
1,3,4,14,41,2.3212282473369455e-06
1,3,4,14,42,0.0002489394965451
1,3,4,14,43,0.0015795354982969
1,3,4,14,44,0.0005555527039093
1,3,4,14,45,4.8973185647764e-05
1,3,4,14,46,0.0001766475428332
1,3,4,14,47,9.050046600091434e-06
1,3,4,14,48,3.5873448207230272e-06
1,3,4,14,49,8.28321679394568e-06
1,3,4,14,50,0.0786013129731295
1,3,4,14,52,7.865604284800672e-06
1,3,4,14,54,1.996794047382597e-05
1,3,4,14,64,3.4757075598591053e-06
1,3,4,14,65,7.14697141763779e-08
1,3,4,14,67,1.6946353149981065e-08
1,3,4,14,68,3.5220248675122224e-08
1,3,4,14,69,1.3347426942089974e-07
1,3,4,14,71,1.1691965227600005e-07
1,3,4,14,85,4.022892933695867e-05
1,3,4,14,87,2.242138824388668e-05
1,3,4,14,88,0.0002076600739786
1,3,4,14,89,0.0002795449701153
1,3,4,14,90,2.435987712989651e-05
1,3,4,14,91,1.2917696614071716e-05
1,3,4,14,93,3.414873935262456e-05
1,3,4,14,94,1.2913269583904254e-06
1,3,4,14,96,1.4850072315206555e-06
1,3,4,14,97,5.449350750393466e-06
1,3,4,14,98,2.9118118443212364e-06
1,3,4,14,99,5.24412477243114e-08
1,3,4,14,100,5.672678301720166e-09
1,3,4,14,101,8.592481906028229e-08
1,3,4,14,102,4.91629815926485e-07
1,3,4,14,107,2.214398870530426e-09
1,3,4,14,108,5.707769241391922e-07
1,3,4,14,109,1.6588884009531572e-06
1,3,4,14,110,4.895068640402401e-06
1,3,4,14,111,3.048280143241805e-06
1,3,4,14,112,1.2116813343682405e-07
1,3,4,14,113,0.0004802115266389
1,3,4,14,115,0.000252685834169
1,3,4,14,116,5.5824960276768055e-05
1,3,4,14,117,0.0816639101327928
1,3,4,14,118,4.186572133532255e-05
1,3,4,14,119,0.0008496785758453
1,3,4,14,120,0.0029073432756107
1,3,4,14,121,0.0074896511512322
1,3,4,14,122,0.000938979106981
1,3,4,14,126,0.0006041582290137
1,3,4,14,131,0.0069333422678589
1,3,4,14,133,9.268321437163394e-05
1,3,4,14,134,0.0013534307997162
1,3,4,14,135,0.0240077502643824
1,3,4,14,136,3.7486868824507154e-07
1,3,4,14,137,1.0807802891760166e-08
1,3,4,14,139,0.0003717495870257
1,3,4,14,140,0.0002641902040011
1,3,4,14,141,1.547986675475782e-07
1,3,4,14,142,0.0005216406160633
1,3,4,14,143,1.7204065258467564e-07
1,3,4,14,144,2.607479903564075e-07
1,3,4,14,145,0.000234195568674
1,3,4,14,148,0.0006225619365793
1,3,4,14,149,0.0005941176355959
1,3,4,14,151,0.0005676011421791
1,3,4,14,152,0.0012727777793781
1,3,4,14,153,0.0018035775091811
1,3,4,14,154,0.0011542408783107
1,3,4,14,155,0.0001789642941281
1,3,4,14,156,0.0004708075631664
1,3,4,14,157,0.0002800970355947
1,3,4,14,158,0.0003744576042044
1,3,4,14,160,1.0133770136780258e-05
1,3,4,14,161,1.9352798094256856e-06
1,3,4,15,2,0.5442300806959527
1,3,4,15,3,0.5793915048608618
1,3,4,15,4,0.0358111732493086
1,3,4,15,5,0.1032232340201132
1,3,4,15,8,0.000947985711173
1,3,4,15,9,3.737165252778104
1,3,4,15,10,0.0756463803008028
1,3,4,15,11,0.0003543231747088
1,3,4,15,12,1.539722114884723
1,3,4,15,13,0.0005772858136097
1,3,4,15,14,15.622772554758274
1,3,4,15,18,1.0752179207671284
1,3,4,16,1,0.07812015265523
1,3,4,16,2,0.6780842831100867
1,3,4,16,3,0.9081638267559778
1,3,4,16,4,0.4252243231800703
1,3,4,16,5,1.0040215093019835
1,3,4,16,6,0.0293959100217041
1,3,4,16,7,0.0004841648404364
1,3,4,16,8,0.0201630598242641
1,3,4,16,9,1.074745448296533
1,3,4,16,10,0.0167930478261988
1,3,4,16,11,0.01225151139231
1,3,4,16,12,0.5403680827879906
1,3,4,16,13,0.0028819079822972
1,3,4,16,14,5.336300776940163
1,3,4,16,18,7.087181538965618
1,3,4,16,117,0.0255508748213756
1,3,4,16,118,0.0104440385988804
1,3,4,16,160,2.2267953071122465e-05
1,3,4,17,2,1.201082814983134
1,3,4,17,3,4.664625018896299
1,3,4,17,4,0.1581751069858251
1,3,4,17,5,0.9694279399645278
1,3,4,17,6,0.2067781388772021
1,3,4,17,7,2.5401888174806457e-05
1,3,4,17,9,0.6382429907002117
1,3,4,17,10,0.0051235016970568
1,3,4,17,11,0.0131184840898335
1,3,4,17,12,0.0027732286695637
1,3,4,17,13,0.0018773692054616
1,3,4,17,14,0.4830210509914058
1,3,4,17,18,11.531686599463328
1,3,4,17,35,4.095233183939796e-06
1,3,4,17,36,2.056516739705553e-06
1,3,4,17,37,5.487413604419979e-06
1,3,4,17,38,1.6775048527204217e-06
1,3,4,17,40,6.747462625652437e-05
1,3,4,17,42,1.0495948253354277e-05
1,3,4,17,43,7.662973375346948e-05
1,3,4,17,44,2.312967182627522e-06
1,3,4,17,45,7.152024816021649e-05
1,3,4,17,46,1.8742696189265123e-05
1,3,4,17,51,0.005831823357739
1,3,4,17,113,1.6172229948416225e-05
1,3,4,17,114,1.079376719761776e-06
1,3,4,17,117,0.0597083942915316
1,3,4,17,131,0.0101620067049002
1,3,4,17,135,0.0716484313278515
1,3,4,18,2,0.0151765055740025
1,3,4,18,3,0.0184258183332651
1,3,4,18,4,0.0021826783951494
1,3,4,18,5,0.0043477374323059
1,3,4,18,9,0.0012529658737922
1,3,4,18,11,4.69167831347052e-06
1,3,4,18,12,0.000259540475539
1,3,4,18,13,0.0002960841647251
1,3,4,18,14,0.0883805979558446
1,3,4,18,18,0.036876173161707
1,3,4,18,97,8.990229760320975e-06
1,3,4,18,99,9.800634056965945e-07
1,3,4,18,102,8.203055830025347e-07
1,3,4,18,108,9.696466960379005e-06
1,3,4,18,109,0.0001601773455843
1,3,4,18,110,1.8518731539581232e-05
1,3,4,18,136,8.206543967375642e-06
1,3,4,19,2,5.217123867095875
1,3,4,19,3,5.488014282590095
1,3,4,19,4,0.2708711703583717
1,3,4,19,5,3.5219662068913613
1,3,4,19,7,0.0015760370361291
1,3,4,19,9,2.531714005523715
1,3,4,19,10,0.0026602303105215
1,3,4,19,11,0.0026299743861827
1,3,4,19,12,0.0031714320026116
1,3,4,19,13,0.0071593374793357
1,3,4,19,14,0.6971163835128787
1,3,4,19,18,21.48196885388788
1,3,4,19,35,4.987788251845239e-06
1,3,4,19,36,4.567657596489117e-06
1,3,4,19,37,3.079348200015135e-06
1,3,4,19,38,3.30542223769543e-05
1,3,4,19,40,7.886023898212841e-05
1,3,4,19,42,3.090365884596481e-06
1,3,4,19,43,1.4835125833350709e-05
1,3,4,19,44,8.835273784431862e-06
1,3,4,19,45,0.0004481059750848
1,3,4,19,47,9.23439443545791e-05
1,3,4,19,48,4.992867204954027e-07
1,3,4,19,50,0.2359620666126858
1,3,4,19,51,0.0001849460909546
1,3,4,19,93,0.0019805408313438
1,3,4,19,94,0.004893097353635
1,3,4,19,119,0.004894553659088
1,3,4,19,132,2.870685324330833e-05
1,3,4,20,2,0.0004472614813114
1,3,4,20,3,0.0001844409704927
1,3,4,20,4,0.0086834695111867
1,3,4,20,5,8.641965911216837e-05
1,3,4,20,9,0.0007071561546609
1,3,4,20,10,6.382227214813816e-05
1,3,4,20,11,0.0001887101578892
1,3,4,20,12,0.0015375074311677
1,3,4,20,14,0.0179048626927891
1,3,4,20,37,1.0077356696522626e-09
1,3,4,20,38,1.39827381870495e-08
1,3,4,20,40,2.605404466686573e-09
1,3,4,20,43,2.4693693633640474e-08
1,3,4,20,44,2.1180685560796392e-09
1,3,4,20,45,9.721641927405889e-08
1,3,4,20,88,4.303660002060646e-07
1,3,4,20,117,0.000868994851345
1,3,4,20,118,0.0005453948861105
1,3,4,20,120,1.814894163129035e-05
1,3,4,20,121,3.811811521681908e-05
1,3,4,20,122,1.2895231365236934e-07
1,3,4,21,2,0.6702309185976488
1,3,4,21,3,0.4348098105532896
1,3,4,21,4,0.3538640478539639
1,3,4,21,5,0.0232855125071358
1,3,4,21,6,0.0901330500666562
1,3,4,21,7,0.0015885229352318
1,3,4,21,8,0.0002597439424135
1,3,4,21,9,0.1128765420715247
1,3,4,21,10,0.0640609147837171
1,3,4,21,11,0.023680147104529
1,3,4,21,12,0.0116138589185717
1,3,4,21,14,0.6821195527736105
1,3,4,21,18,2.983411676596293
1,3,4,21,93,0.6447525839775771
1,3,4,21,117,0.0152910490569623
1,3,4,21,136,2.7464927685924696e-07
1,3,4,22,2,4.195700629967141
1,3,4,22,3,14.089227924590377
1,3,4,22,4,1.3782034492363595
1,3,4,22,5,1.089593954820462
1,3,4,22,6,0.3534814460651709
1,3,4,22,7,0.0003343232008277
1,3,4,22,8,0.0139328663553265
1,3,4,22,9,1.861834995790101
1,3,4,22,10,0.3126058324402999
1,3,4,22,11,0.0241191247079351
1,3,4,22,12,0.0833065438016447
1,3,4,22,13,0.0121715491284954
1,3,4,22,14,1.7459881543764797
1,3,4,22,18,38.065542870020565
1,3,4,22,20,7.239128370805816e-05
1,3,4,22,21,1.283360696826341e-08
1,3,4,22,22,1.4739003755492932e-07
1,3,4,22,26,2.890778326295759e-05
1,3,4,22,29,2.9031373416005397e-07
1,3,4,22,30,1.4262889208998108e-06
1,3,4,22,32,6.0884135216696094e-06
1,3,4,22,33,5.328356754178176e-05
1,3,4,22,34,2.6246482743526793e-06
1,3,4,22,35,4.31390299278324e-05
1,3,4,22,36,0.0011678475186072
1,3,4,22,37,7.895024842550423e-05
1,3,4,22,38,0.0004699104697724
1,3,4,22,39,0.0001934706527256
1,3,4,22,40,0.0011118650798046
1,3,4,22,42,9.427063316080536e-05
1,3,4,22,43,0.0067792033521204
1,3,4,22,44,0.000760349599607
1,3,4,22,45,0.0019247490324916
1,3,4,22,47,0.0054447754376157
1,3,4,22,48,0.00147161516008
1,3,4,22,49,0.0018318752308148
1,3,4,22,50,0.008950998992882
1,3,4,22,51,0.0021437903825534
1,3,4,22,52,4.310581521038701e-05
1,3,4,22,53,1.1575151478869572e-05
1,3,4,22,54,7.763299984284393e-05
1,3,4,22,59,0.003992050159033
1,3,4,22,60,0.0028676530562108
1,3,4,22,61,7.264059495949397e-07
1,3,4,22,62,0.0001945048154673
1,3,4,22,63,0.0010432018767326
1,3,4,22,64,0.002937426051038
1,3,4,22,85,0.0115072682411444
1,3,4,22,86,1.8827118964748295e-05
1,3,4,22,88,0.00117959096999
1,3,4,22,90,0.0003561923463454
1,3,4,22,92,0.0170343773944095
1,3,4,22,93,1.0917472287082946e-05
1,3,4,22,94,0.0011027479923508
1,3,4,22,96,2.4450494650455617e-05
1,3,4,22,97,8.637112837365186e-07
1,3,4,22,99,4.991821223247291e-07
1,3,4,22,100,5.0073604897685665e-08
1,3,4,22,101,5.35115605774167e-07
1,3,4,22,102,6.745151259543696e-07
1,3,4,22,107,2.491277015437433e-07
1,3,4,22,108,7.222189286700764e-06
1,3,4,22,109,1.4256905835522014e-05
1,3,4,22,110,5.525847465222551e-05
1,3,4,22,111,2.9057670722336232e-05
1,3,4,22,112,6.207044563650918e-06
1,3,4,22,113,3.334499110259638e-05
1,3,4,22,114,5.759187709462001e-09
1,3,4,22,115,7.497353823449053e-06
1,3,4,22,116,4.095782386721815e-06
1,3,4,22,117,0.0601981548677865
1,3,4,22,118,0.020324620338429
1,3,4,22,119,0.0001068862487079
1,3,4,22,120,0.0196643864884774
1,3,4,22,121,0.0014851218418811
1,3,4,22,122,0.0026027547800091
1,3,4,22,125,1.0769694179222542e-05
1,3,4,22,126,8.627112758456833e-05
1,3,4,22,131,3.783150020802325e-05
1,3,4,22,132,3.4213237305805217e-06
1,3,4,22,133,5.734118286685698e-07
1,3,4,22,134,9.856579509980911e-05
1,3,4,22,135,0.1024521295738914
1,3,4,22,137,1.2000520292253244e-05
1,3,4,22,138,2.1940754094259605e-06
1,3,4,22,139,1.232096644464344e-05
1,3,4,22,140,3.747684131811498e-05
1,3,4,22,141,2.0401263214312105e-05
1,3,4,22,142,0.0007461940963237
1,3,4,22,143,1.1697852482889137e-06
1,3,4,22,144,5.8889490369753306e-05
1,3,4,22,145,8.608227687072072e-05
1,3,4,22,146,4.074117799248077e-06
1,3,4,22,147,4.767538802841976e-07
1,3,4,22,148,0.0005430581002885
1,3,4,22,149,0.0008479248882319
1,3,4,22,150,2.807524188831245e-06
1,3,4,22,151,0.0003502468507854
1,3,4,22,152,0.0006398594349259
1,3,4,22,153,0.0005592229413394
1,3,4,22,154,0.0003377959169382
1,3,4,22,155,5.6745366909481394e-05
1,3,4,22,156,0.0007054136383224
1,3,4,22,157,7.043887483220035e-05
1,3,4,22,158,0.0001001733011372
1,3,4,22,159,0.0009959148141803
1,3,4,22,161,0.0007471533157908
1,3,4,23,1,0.0234849464893785
1,3,4,23,2,0.024535459066243
1,3,4,23,3,0.1324175426264752
1,3,4,23,4,0.2203264266049819
1,3,4,23,5,0.1840312590192895
1,3,4,23,6,0.000249224147735
1,3,4,23,8,0.006772546090662
1,3,4,23,9,1.4442883648298526
1,3,4,23,10,0.0525127215831387
1,3,4,23,11,0.0237680342567083
1,3,4,23,12,0.1551771651562807
1,3,4,23,13,0.0154714252869584
1,3,4,23,14,1.8734684607766263
1,3,4,23,18,0.953223334231696
1,3,4,23,47,0.0002398629865932
1,3,4,23,48,0.000255153139442
1,3,4,23,49,0.0074417510186471
1,3,4,23,134,0.0004918458009881
1,3,4,23,136,0.0034604595300423
1,3,4,23,137,3.451582714314562e-06
1,3,4,23,138,2.35217399629346e-07
1,3,4,23,159,4.9558026123314594e-05
1,3,4,24,1,0.0020327369476191
1,3,4,24,2,5.3582300851474916
1,3,4,24,3,7.0448569888407615
1,3,4,24,4,0.3467622520251096
1,3,4,24,5,2.9275227735607423
1,3,4,24,6,0.004105110022218
1,3,4,24,7,0.0020482729796596
1,3,4,24,8,0.0399010678918764
1,3,4,24,9,3.783213968760453
1,3,4,24,10,0.0394612502654069
1,3,4,24,11,0.1256951264806852
1,3,4,24,12,0.0489729750493768
1,3,4,24,13,0.0222538745580073
1,3,4,24,14,0.4311656768268541
1,3,4,24,18,1.8872984021022017
1,3,4,25,2,6.7133999216894304
1,3,4,25,3,9.463624338452265
1,3,4,25,4,0.8647820715613762
1,3,4,25,5,2.7134355974378077
1,3,4,25,6,0.7615227634079645
1,3,4,25,8,0.1781991037310793
1,3,4,25,9,5.564803120848533
1,3,4,25,10,0.0561828718615408
1,3,4,25,11,0.0255748422781818
1,3,4,25,12,0.1589515134337357
1,3,4,25,13,0.0573937414052912
1,3,4,25,14,8.92158075779675
1,3,4,25,18,75.33643279369976
1,3,4,25,20,1.0873326599459312e-05
1,3,4,25,26,4.647515106231661e-05
1,3,4,25,29,1.8708413589454768e-08
1,3,4,25,30,1.1496440584406563e-06
1,3,4,25,32,4.700864416555049e-07
1,3,4,25,33,1.6647366348126405e-06
1,3,4,25,34,2.753589530459835e-07
1,3,4,25,35,0.0004493200149442
1,3,4,25,36,0.0008153013046846
1,3,4,25,37,0.0004005571807267
1,3,4,25,38,0.0032012918319669
1,3,4,25,39,5.259916259948599e-05
1,3,4,25,40,0.0056716218612945
1,3,4,25,42,0.0002502632167881
1,3,4,25,43,0.0060505148839777
1,3,4,25,44,0.0022255206134184
1,3,4,25,45,8.32564740858763e-05
1,3,4,25,50,0.8338995792976843
1,3,4,25,51,0.0086809726443132
1,3,4,25,52,0.3741400623026888
1,3,4,25,53,0.0772681930254991
1,3,4,25,54,2.4348411264575383
1,3,4,25,65,0.0001273548368395
1,3,4,25,66,6.822302168862265e-05
1,3,4,25,67,0.000349791874428
1,3,4,25,68,1.287706166979224e-05
1,3,4,25,69,0.0008334927126634
1,3,4,25,70,2.743543054865767e-05
1,3,4,25,71,0.0001081932776739
1,3,4,25,134,0.0028096635499857
1,3,4,25,135,0.0632833399708326
1,3,4,25,136,0.0829743759085597
1,3,4,25,137,0.0031150438687822
1,3,4,26,2,0.0214329380162554
1,3,4,26,3,0.0400354947500606
1,3,4,26,4,0.0081289642119694
1,3,4,26,5,0.0078754962249888
1,3,4,26,8,2.9318098088175704e-05
1,3,4,26,9,0.0404016994630188
1,3,4,26,10,0.0008161990585438
1,3,4,26,11,0.0007342072283506
1,3,4,26,12,0.0040120402877684
1,3,4,26,13,0.0050171524661635
1,3,4,26,14,0.0608811231521858
1,3,4,26,18,0.6464130437283914
1,3,4,26,20,7.039986490831917e-06
1,3,4,26,35,3.573069917918178e-05
1,3,4,26,36,3.139291247632222e-05
1,3,4,26,37,5.073651066659523e-05
1,3,4,26,38,6.0160121763933365e-06
1,3,4,26,39,1.5419568183485954e-05
1,3,4,26,40,0.001218843596423
1,3,4,26,41,1.396927427911121e-07
1,3,4,26,42,1.3591888129396272e-05
1,3,4,26,43,0.0003037970749086
1,3,4,26,44,4.802841735400994e-05
1,3,4,26,45,3.855410483056181e-05
1,3,4,26,47,0.0045281504130861
1,3,4,26,48,7.764478844161744e-07
1,3,4,26,49,1.805178265225844e-06
1,3,4,26,50,0.0365973629244682
1,3,4,26,51,0.0040975334399897
1,3,4,26,85,8.821696090356337e-05
1,3,4,26,86,1.1949203037312624e-05
1,3,4,26,90,0.0002179924005219
1,3,4,26,117,0.805914376437535
1,3,4,26,118,0.0012403918307282
1,3,4,26,119,0.0029294394032103
1,3,4,26,134,0.0002948599220209
1,3,4,26,135,2.4626275953753603e-05
1,3,4,26,136,2.6582887950360013e-05
1,3,4,26,137,0.000177493950696
1,3,4,26,138,2.309869395585357e-07
1,3,4,26,141,1.0111319923432708e-08
1,3,4,26,142,1.2717176893484991e-05
1,3,4,26,144,5.525581820664701e-08
1,3,4,26,145,1.313531903370635e-06
1,3,4,26,148,5.510040916120596e-07
1,3,4,26,149,1.116316242988402e-06
1,3,4,26,151,1.8246898200725397e-06
1,3,4,26,152,3.5458793764434132e-06
1,3,4,26,153,6.838401339525462e-06
1,3,4,26,154,5.1691825763398795e-06
1,3,4,26,155,5.2504660437202e-07
1,3,4,26,156,7.244070572081491e-06
1,3,4,26,157,1.326585643099061e-06
1,3,4,26,158,1.5676890167504814e-06
1,3,4,26,159,7.762895489995712e-06
1,3,4,26,160,1.8764017299789968e-06
1,3,4,26,161,7.656160580685519e-07
1,3,4,27,2,0.919063236852568
1,3,4,27,3,0.66278816561714
1,3,4,27,4,0.0281658703689163
1,3,4,27,5,0.4168463962327656
1,3,4,27,6,0.0163026610499378
1,3,4,27,8,0.0010892066324661
1,3,4,27,9,0.1899319997167529
1,3,4,27,10,0.0066270403087032
1,3,4,27,11,0.0029297875271596
1,3,4,27,12,0.0048762595674423
1,3,4,27,13,0.0040733882829035
1,3,4,27,14,0.0683849225642286
1,3,4,27,18,3.760244326690575
1,3,4,27,20,3.675721996932486e-06
1,3,4,27,21,2.7908522805727626e-07
1,3,4,27,22,2.428378740334025e-07
1,3,4,27,23,7.531531750737626e-07
1,3,4,27,29,6.818606631690056e-07
1,3,4,27,32,9.480741150559569e-06
1,3,4,27,33,8.826913471958536e-06
1,3,4,27,34,3.118690680032693e-08
1,3,4,27,35,1.7919332756600617e-05
1,3,4,27,36,7.994961710236566e-05
1,3,4,27,37,0.0001300997051498
1,3,4,27,38,8.305499134126398e-05
1,3,4,27,39,3.54441482319212e-05
1,3,4,27,40,0.0004329468610029
1,3,4,27,41,1.8222106715488163e-06
1,3,4,27,42,9.004607311162126e-05
1,3,4,27,43,0.0011143750348161
1,3,4,27,44,0.0001741336183484
1,3,4,27,45,0.0001258641385634
1,3,4,27,48,5.2041706526851935e-05
1,3,4,27,50,0.1442806107024267
1,3,4,27,51,0.0784302315330535
1,3,4,27,52,0.0114475127955645
1,3,4,27,53,0.0011367732479142
1,3,4,27,54,0.0042614896465805
1,3,4,27,59,8.632786277396592e-06
1,3,4,27,60,4.809066239408106e-06
1,3,4,27,61,5.633297130313869e-07
1,3,4,27,62,1.0296384445049125e-07
1,3,4,27,63,8.576201869720264e-06
1,3,4,27,85,0.0035437260643513
1,3,4,27,86,0.0574440594995243
1,3,4,27,87,7.391531317433527e-05
1,3,4,27,88,0.0002462608092782
1,3,4,27,89,0.0001049703268129
1,3,4,27,90,9.356225567006488e-05
1,3,4,27,91,4.454237169782505e-05
1,3,4,27,93,1.342871222394153e-05
1,3,4,27,96,7.751812671963921e-06
1,3,4,27,97,7.272706372467999e-06
1,3,4,27,98,4.426225973472678e-05
1,3,4,27,99,7.277293509751804e-05
1,3,4,27,100,1.7501023664264717e-08
1,3,4,27,101,1.4410372792251698e-06
1,3,4,27,102,1.6423618541217936e-06
1,3,4,27,107,1.016765560787858e-07
1,3,4,27,108,1.6538687417040394e-05
1,3,4,27,109,1.4826645391297549e-05
1,3,4,27,110,2.9807708015328605e-07
1,3,4,27,111,3.8337065370952266e-07
1,3,4,27,112,0.0003611161081655
1,3,4,27,113,3.492954257837122e-05
1,3,4,27,114,4.935908081087294e-09
1,3,4,27,117,0.0746181624705506
1,3,4,27,118,0.1930979488132266
1,3,4,27,119,0.0006963559005405
1,3,4,27,120,0.0015100240872927
1,3,4,27,121,0.0043974416705405
1,3,4,27,122,0.0001938731136575
1,3,4,27,126,2.793988425997414e-05
1,3,4,27,131,0.0203521569367778
1,3,4,27,134,0.0063013985994492
1,3,4,27,135,0.0183532937555387
1,3,4,27,136,0.0009681547918371
1,3,4,27,137,0.0003230263019252
1,3,4,27,138,3.459011000215866e-05
1,3,4,27,139,8.913593644873943e-05
1,3,4,27,140,6.283523958249015e-05
1,3,4,27,141,1.6626951073513733e-05
1,3,4,27,142,0.0002973127281024
1,3,4,27,143,1.67886532958019e-05
1,3,4,27,144,2.5834664879248443e-05
1,3,4,27,145,7.766479073744181e-05
1,3,4,27,148,0.0001783025628847
1,3,4,27,149,0.0002991421003829
1,3,4,27,151,0.0001426617976174
1,3,4,27,152,0.0002763560207306
1,3,4,27,153,0.000306983516032
1,3,4,27,154,0.000174159793203
1,3,4,27,155,3.785792390805387e-05
1,3,4,27,156,0.0010598820468501
1,3,4,27,157,5.693797827660631e-05
1,3,4,27,158,7.989871328619175e-05
1,3,4,27,159,0.002209684172188
1,3,4,27,160,0.0001087321030549
1,3,4,28,2,2.101577365084504
1,3,4,28,3,1.7721919268102762
1,3,4,28,4,0.2974760075751274
1,3,4,28,5,0.7420287905368294
1,3,4,28,6,0.0681411142022429
1,3,4,28,7,0.0251070517223873
1,3,4,28,8,0.105461878025246
1,3,4,28,9,2.13056220866604
1,3,4,28,10,0.2631101975789381
1,3,4,28,11,0.1077091848636832
1,3,4,28,12,1.426753979661762
1,3,4,28,13,0.0056743126799569
1,3,4,28,14,6.645487627894629
1,3,4,28,18,2.960350472298171
1,3,4,29,1,0.4919439724153882
1,3,4,29,2,13.463412608145488
1,3,4,29,3,11.36756872111726
1,3,4,29,4,0.5134198698014771
1,3,4,29,5,48.40202988094352
1,3,4,29,6,0.1165947469371127
1,3,4,29,7,1.1167497677470806
1,3,4,29,8,0.9137375639239088
1,3,4,29,9,13.135109757258036
1,3,4,29,10,0.016431861608898
1,3,4,29,11,0.0558685911506794
1,3,4,29,12,0.0817633164673026
1,3,4,29,13,0.0003568312994158
1,3,4,29,14,6.8730300722923845
1,3,4,29,15,5.801756964190574e-05
1,3,4,29,18,24.727630292944134
1,3,4,29,136,0.0001246391252979
1,3,4,30,1,0.006751791322617
1,3,4,30,2,0.0017513128093849
1,3,4,30,3,0.0009631010625945
1,3,4,30,4,0.0070214132609174
1,3,4,30,5,0.0139418832747284
1,3,4,30,6,0.0011598797256782
1,3,4,30,8,0.0074641600557307
1,3,4,30,9,0.0386144038079876
1,3,4,30,10,7.770862464796485e-06
1,3,4,30,11,0.000110940118215
1,3,4,30,12,0.0020717434466913
1,3,4,30,14,0.0095813921787251
1,3,4,30,18,0.5067378363862778
1,3,4,31,1,2.946386906233323
1,3,4,31,2,4.811487190076409
1,3,4,31,3,8.891293313606653
1,3,4,31,4,11.636072286285328
1,3,4,31,5,11.113580760117246
1,3,4,31,6,0.3290921913702296
1,3,4,31,7,0.4742480412130599
1,3,4,31,8,0.8542677386719854
1,3,4,31,9,13.813441661027705
1,3,4,31,10,0.230206684031702
1,3,4,31,11,0.1118982835424832
1,3,4,31,12,15.098810464435443
1,3,4,31,14,17.195660461987153
1,3,4,31,18,62.02113717056492
1,3,4,32,2,6.859304947649912
1,3,4,32,3,4.406599255102165
1,3,4,32,4,0.8112707947806341
1,3,4,32,5,6.594000055565374
1,3,4,32,6,6.379429915804085e-05
1,3,4,32,7,0.0015069563606962
1,3,4,32,8,0.1786075897894168
1,3,4,32,9,5.277355131017767
1,3,4,32,10,0.0151922503568622
1,3,4,32,11,0.0110281006903589
1,3,4,32,12,0.0522898914581984
1,3,4,32,14,1.515766085538878
1,3,4,32,15,0.0003486664077214
1,3,4,32,18,19.558936829925273
1,3,4,32,19,0.285992249357775
1,3,4,32,43,0.0001399411612255
1,3,4,32,50,0.2037014112327702
1,3,4,32,51,0.043664640055663
1,3,4,32,96,0.0083148030976386
1,3,4,32,97,0.0085205032915248
1,3,4,32,98,0.0060989500229935
1,3,4,32,99,0.0331012884023153
1,3,4,32,100,0.0002423370082854
1,3,4,32,101,0.0009980020183938
1,3,4,32,102,0.0006355473304981
1,3,4,32,103,1.7478132849252293e-06
1,3,4,32,105,1.217437306595848e-06
1,3,4,32,107,7.347556070002375e-06
1,3,4,32,108,0.005238806699086
1,3,4,32,109,0.0290559999387017
1,3,4,32,136,0.0036432159873998
1,3,4,33,1,0.1651286879869636
1,3,4,33,2,0.0030856436029823
1,3,4,33,3,0.0100814324963454
1,3,4,33,4,0.0584271888618857
1,3,4,33,5,0.0213520940875043
1,3,4,33,7,1.2849441076136957e-06
1,3,4,33,8,0.0024238335381117
1,3,4,33,9,0.0343757475481806
1,3,4,33,10,0.0002433248551488
1,3,4,33,11,0.0001730224767084
1,3,4,33,12,0.000185602213863
1,3,4,33,14,0.2010224000412385
1,3,4,33,18,0.9512197946473566
1,3,4,34,1,0.3007385592019392
1,3,4,34,2,1.7455651913850063
1,3,4,34,3,13.280002183737269
1,3,4,34,4,1.1325789570381188
1,3,4,34,5,9.67037199935727
1,3,4,34,6,4.154083818718949
1,3,4,34,7,0.8848722473044919
1,3,4,34,8,0.9596215479265222
1,3,4,34,9,11.529543804635884
1,3,4,34,10,0.101880485681217
1,3,4,34,11,0.1932674494487279
1,3,4,34,12,0.0220352802289943
1,3,4,34,13,0.1385057460170543
1,3,4,34,14,1.794933005694643
1,3,4,34,15,0.0002160653254102
1,3,4,34,18,42.99917178676227
1,3,4,34,19,0.0590580403180301
1,3,4,34,120,0.011178169279686
1,3,4,34,121,0.021431763831619
1,3,4,34,122,0.0050045449542726
1,3,4,34,125,0.0013415671910929
1,3,4,34,126,0.0042128771045011
1,3,4,34,136,0.0007934425096758
1,3,4,34,137,2.2295558863967913e-05
1,3,4,35,1,5.956619188884988
1,3,4,35,2,4.958916742249746
1,3,4,35,3,11.740455649600516
1,3,4,35,4,10.575534240106052
1,3,4,35,5,23.90453969766527
1,3,4,35,6,3.785997455915464
1,3,4,35,7,2.983220585829442
1,3,4,35,8,3.0000174973914917
1,3,4,35,9,4.045745134501747
1,3,4,35,10,0.0360095070669193
1,3,4,35,11,0.3562026436634309
1,3,4,35,12,0.0132236119547379
1,3,4,35,14,9.049010238309942
1,3,4,35,18,9.278515241887284
1,3,4,35,35,0.0240777906957016
1,3,4,35,36,6.508381713617814e-05
1,3,4,35,37,0.0130677057619384
1,3,4,35,38,0.0017346602107376
1,3,4,35,39,1.6926500472486072
1,3,4,35,40,0.5560251647706287
1,3,4,35,41,0.2635788391254546
1,3,4,35,42,2.18142640185448e-05
1,3,4,35,43,0.2006194930800874
1,3,4,35,44,6.184565658174151e-06
1,3,4,35,45,0.0821255246761635
1,3,4,35,47,4.064642905914838e-07
1,3,4,35,65,1.0241051209639528e-05
1,3,4,35,71,1.000736449549925e-05
1,3,4,36,1,0.0040315552013264
1,3,4,36,2,0.2331079913796486
1,3,4,36,3,0.9430555839382084
1,3,4,36,4,0.3878792972917574
1,3,4,36,5,0.3139563207537726
1,3,4,36,6,0.1188257698166895
1,3,4,36,7,0.0908284719436529
1,3,4,36,8,0.4227371916803045
1,3,4,36,9,1.8802841430021984
1,3,4,36,10,0.0052126114803635
1,3,4,36,11,0.0047838344576788
1,3,4,36,12,0.0006047603585905
1,3,4,36,14,0.7999180171723076
1,3,4,36,18,1.9553700503339055
1,3,4,36,19,6.457134912443856e-06
1,3,4,36,35,0.0054844555479098
1,3,4,36,36,0.0021113451388784
1,3,4,36,37,7.881577109237311e-05
1,3,4,36,38,1.3132965838815127e-05
1,3,4,36,39,0.0001560628231362
1,3,4,36,40,0.0011616336764681
1,3,4,36,41,3.1477152607704847e-06
1,3,4,36,42,0.0001552730511525
1,3,4,36,43,0.0034906789277637
1,3,4,36,44,1.1045419945169264e-05
1,3,4,36,45,8.906319861162877e-05
1,3,4,36,46,1.4636256358711793e-08
1,3,4,36,47,1.125443539359446e-07
1,3,4,36,48,5.5879368160130214e-08
1,3,4,36,50,1.2984228942130348e-05
1,3,4,36,52,2.1922082986753317e-07
1,3,4,36,53,2.344128383130826e-06
1,3,4,36,54,0.0001759990501375
1,3,4,36,59,6.984806234574865e-05
1,3,4,36,63,0.0005515613480145
1,3,4,36,64,0.0009454984721262
1,3,4,36,65,6.225909172358387e-06
1,3,4,36,67,8.508317316439325e-08
1,3,4,36,68,2.204551305925841e-07
1,3,4,36,69,4.2966840883810507e-07
1,3,4,36,71,1.0767206267485862e-06
1,3,4,36,72,2.9416333705012083e-05
1,3,4,36,73,1.4931452044472375e-05
1,3,4,36,74,0.0279726706183571
1,3,4,36,76,1.4928777968652844e-05
1,3,4,36,78,0.0009555935197188
1,3,4,36,79,0.000283266281358
1,3,4,36,80,0.0097166376659172
1,3,4,36,81,8.92961465988446e-05
1,3,4,36,82,5.910984404309285e-05
1,3,4,36,84,2.015764768073963e-05
1,3,4,36,85,1.7925276530233637e-05
1,3,4,36,86,3.569414705954684e-05
1,3,4,36,88,1.6207528023800643e-05
1,3,4,36,89,0.0007858531840556
1,3,4,36,90,0.0001169883426047
1,3,4,36,91,5.005644818272286e-07
1,3,4,36,92,1.2639250153765384e-06
1,3,4,36,93,0.0008464886091332
1,3,4,36,94,1.1154994957596482e-05
1,3,4,36,134,4.0804475629453907e-07
1,3,4,36,135,1.4854618974533782e-06
1,3,4,37,1,0.0543014671213954
1,3,4,37,2,106.94080176067162
1,3,4,37,3,46.4319122025318
1,3,4,37,4,0.6970830220700542
1,3,4,37,5,12.096975649828993
1,3,4,37,6,2.1126426388972805
1,3,4,37,7,0.0131641004490621
1,3,4,37,8,0.0583603201256537
1,3,4,37,9,11.900164477304532
1,3,4,37,10,0.0246218898087198
1,3,4,37,11,0.0715973023085239
1,3,4,37,12,0.6358839539915994
1,3,4,37,14,7.141123220279717
1,3,4,37,18,42.79900640910002
1,3,4,37,20,0.0418025786403713
1,3,4,37,21,0.2309025619661397
1,3,4,37,22,0.0171907524091172
1,3,4,37,24,0.0025129031144158
1,3,4,37,26,0.0147251504932781
1,3,4,37,29,0.0021957128667561
1,3,4,37,30,0.0003653053841299
1,3,4,37,31,1.2625934156546183e-06
1,3,4,37,33,0.016312009441406
1,3,4,37,34,0.0433562934122446
1,3,4,37,35,3.0645765675676545e-06
1,3,4,37,36,6.767372148294122e-06
1,3,4,37,37,3.8233562033793886e-05
1,3,4,37,38,0.0003051379278672
1,3,4,37,39,0.0093312919546641
1,3,4,37,40,0.0029771914971893
1,3,4,37,41,0.000148899356095
1,3,4,37,42,0.0013687533760627
1,3,4,37,43,0.0029459391719311
1,3,4,37,44,0.0001569163294656
1,3,4,37,45,0.0061887418328569
1,3,4,37,46,7.205849903327294e-07
1,3,4,37,47,0.0012026142100149
1,3,4,37,48,4.767914496916525e-06
1,3,4,37,49,0.0020562971211392
1,3,4,37,50,0.1719585126628462
1,3,4,37,52,0.0322707417917425
1,3,4,37,54,0.0169890548864948
1,3,4,37,55,1.0734415769269073e-05
1,3,4,37,56,0.081433485450766
1,3,4,37,57,0.8141162095302584
1,3,4,37,58,0.0058515191485322
1,3,4,37,59,0.0001299360922114
1,3,4,37,61,0.0012878722928318
1,3,4,37,62,0.0369058401632312
1,3,4,37,63,0.1174667718984021
1,3,4,37,64,0.0006485608853867
1,3,4,37,65,0.0037028565958025
1,3,4,37,67,0.0001110750009946
1,3,4,37,68,7.356795022830485e-05
1,3,4,37,69,0.0008335789731383
1,3,4,37,71,0.0024598874232412
1,3,4,37,72,3.815875370606315e-05
1,3,4,37,74,0.0054896668133891
1,3,4,37,76,0.0044015860779747
1,3,4,37,78,0.0002767863123724
1,3,4,37,80,0.0078500587602525
1,3,4,37,82,0.0008961353011175
1,3,4,37,84,2.750723728037313e-05
1,3,4,37,85,0.0498442388130952
1,3,4,37,86,0.1701698110931978
1,3,4,37,88,7.889867704754558e-06
1,3,4,37,89,4.975602319477854e-07
1,3,4,37,90,1.2871174577281242e-06
1,3,4,37,91,1.5132731673977687e-06
1,3,4,37,92,2.5648087945676063e-05
1,3,4,37,93,0.0080494552323186
1,3,4,37,94,0.0001418438728336
1,3,4,37,96,0.003382993928528
1,3,4,37,97,0.0124205284521831
1,3,4,37,98,0.0048218932060831
1,3,4,37,99,0.0277697404731744
1,3,4,37,100,4.429497881095677e-07
1,3,4,37,101,0.0003441067179843
1,3,4,37,102,3.627626832768465e-05
1,3,4,37,107,1.0855588001805351e-05
1,3,4,37,108,0.0041144730771889
1,3,4,37,109,0.007407683534453
1,3,4,37,110,0.0001037567016593
1,3,4,37,111,0.0004512635861478
1,3,4,37,112,7.1742846327279065e-06
1,3,4,37,113,0.051502455488544
1,3,4,37,115,0.0006511589741892
1,3,4,37,116,0.0004547494711942
1,3,4,37,117,0.0391164620262397
1,3,4,37,118,0.0018696513833232
1,3,4,37,119,0.0036757720698333
1,3,4,37,120,0.1486993577321788
1,3,4,37,121,0.1086234647239569
1,3,4,37,122,0.0349934467637808
1,3,4,37,125,0.0243814696332139
1,3,4,37,126,0.0175157869132969
1,3,4,37,131,2.05130870397201e-05
1,3,4,37,134,0.0205569017681812
1,3,4,37,136,0.0302915393413741
1,3,4,37,137,0.0008543666240984
1,3,4,37,138,8.790018293912921e-05
1,3,4,37,139,2.9849094868748177e-05
1,3,4,37,140,2.043225810767529e-05
1,3,4,37,141,1.3186555477025318e-06
1,3,4,37,142,1.7471460836015005e-05
1,3,4,37,143,2.864894067422247e-06
1,3,4,37,144,3.707452176492176e-06
1,3,4,37,145,2.519994290021828e-06
1,3,4,37,151,0.0001313042559241
1,3,4,37,152,0.0001808953678228
1,3,4,37,153,0.015203614540153
1,3,4,37,154,0.0094098824636293
1,3,4,37,155,0.00134570736096
1,3,4,37,156,0.0073412337142024
1,3,4,37,157,0.001742695753149
1,3,4,37,158,0.0022132815252797
1,3,4,37,160,0.0016223418932427
1,3,4,38,1,0.1395378604493276
1,3,4,38,2,19.85254766279185
1,3,4,38,3,6.363802058064136
1,3,4,38,4,2.88461045914708
1,3,4,38,5,2.8867659637790153
1,3,4,38,6,1.099582323912826
1,3,4,38,7,0.1894765547804332
1,3,4,38,8,0.0036459365584303
1,3,4,38,9,93.29170904453828
1,3,4,38,10,0.0045893111586732
1,3,4,38,11,0.00172090871754
1,3,4,38,12,0.3326468455031203
1,3,4,38,13,2.494396920663301e-07
1,3,4,38,14,37.964440758885736
1,3,4,38,15,3.2063715312294905e-05
1,3,4,38,18,17.01156451497346
1,3,4,38,117,0.0057520476806729
1,3,4,39,2,0.0715163723587891
1,3,4,39,3,0.0646342965894318
1,3,4,39,4,0.0457421162206723
1,3,4,39,5,0.1196471087116381
1,3,4,39,6,0.0636447531375753
1,3,4,39,8,0.0002221100323992
1,3,4,39,9,0.7888416593515951
1,3,4,39,10,0.0024604216727511
1,3,4,39,11,0.0026021883073886
1,3,4,39,12,0.0476309020921753
1,3,4,39,14,0.9328069213804108
1,3,4,39,18,1.1068238155832308
1,3,4,39,55,0.0002911297967643
1,3,4,39,85,0.0006038387957962
1,3,4,39,113,6.761973948275344e-05
1,3,4,39,117,0.0003000207995923
1,3,4,39,118,0.0003166051072298
1,3,4,39,119,0.0032665779397737
1,3,4,39,131,6.519327361382693e-05
1,3,4,39,132,0.0001592353990442
1,3,4,39,135,0.0024256551541965
1,3,4,39,136,0.1075387393974269
1,3,4,39,137,0.000107689656596
1,3,4,39,138,8.307200201278032e-05
1,3,4,39,139,0.0012806141571063
1,3,4,39,140,0.0010132699791675
1,3,4,39,141,0.0001238650061476
1,3,4,39,142,0.0004858830682571
1,3,4,39,143,0.0002213684085588
1,3,4,39,144,0.000334012057486
1,3,4,39,145,0.0003376905298237
1,3,4,39,146,0.000131037869495
1,3,4,39,147,2.2010501820159256e-05
1,3,4,39,149,0.0015009404040724
1,3,4,39,150,0.0001477588364345
1,3,4,39,151,0.0003210778069652
1,3,4,39,152,0.0007517740253395
1,3,4,39,153,0.0001195909609111
1,3,4,39,154,4.924873407370868e-05
1,3,4,39,155,4.7438666904073526e-05
1,3,4,39,156,4.405473790057633e-05
1,3,4,39,157,2.3986181991858223e-05
1,3,4,39,158,2.952547561930383e-05
1,3,4,39,159,9.380394974131344e-05
1,3,4,39,160,0.0019544604439859
1,3,4,39,161,0.0002308228665294
1,3,4,39,162,8.309691592536494e-06
1,3,4,40,1,0.0232158552494025
1,3,4,40,2,2.496759776632059
1,3,4,40,3,1.3566751641537242
1,3,4,40,4,2.429925345385908
1,3,4,40,5,0.9411031921361356
1,3,4,40,6,0.4821161071956402
1,3,4,40,7,0.1448336143794091
1,3,4,40,8,0.1398484143837328
1,3,4,40,9,2.1637940056154363
1,3,4,40,10,3.552994765342192e-06
1,3,4,40,11,0.0186148223995823
1,3,4,40,12,0.2485289378418123
1,3,4,40,14,9.310633116715003
1,3,4,40,18,2.1438286268581312
1,3,4,40,35,0.0003818583055569
1,3,4,40,37,0.0059295109866136
1,3,4,40,38,3.444797780008401e-05
1,3,4,40,39,0.0016117128224125
1,3,4,40,40,0.004060108946025
1,3,4,40,41,0.0001377597964928
1,3,4,40,42,0.0006428610791924
1,3,4,40,43,0.0093829273258888
1,3,4,40,44,0.0002523102907691
1,3,4,40,45,0.0005653897944603
1,3,4,40,47,0.0031865760593009
1,3,4,40,52,1.0975070433351802e-05
1,3,4,40,54,0.0006597011857805
1,3,4,40,65,9.775771109774522e-06
1,3,4,40,67,4.309428041301819e-06
1,3,4,40,69,6.897789434145536e-07
1,3,4,40,71,4.467922587859714e-06
1,3,4,40,86,4.6608015407131556e-06
1,3,4,40,115,0.0051056060326491
1,3,4,40,116,0.0008772193286833
1,3,4,40,117,0.0138655201547751
1,3,4,40,118,0.0035363353828754
1,3,4,41,1,0.4003641647656955
1,3,4,41,2,5.067597134470355e-05
1,3,4,41,3,0.0031835706940708
1,3,4,41,4,0.104206278522367
1,3,4,41,5,0.0267637201308296
1,3,4,41,7,0.0001138588335721
1,3,4,41,8,0.0042259600487037
1,3,4,41,9,0.0304885363504704
1,3,4,41,12,0.0128542123678261
1,3,4,41,14,0.0129588308218292
1,3,4,41,18,1.400114731976685
1,3,4,42,2,0.6877593349091866
1,3,4,42,3,2.7683423154162203
1,3,4,42,4,0.0548785515184941
1,3,4,42,5,0.0690452529031523
1,3,4,42,9,4.564615693278836
1,3,4,42,10,0.00296085510237
1,3,4,42,11,0.0023961385568984
1,3,4,42,12,0.8209000344401957
1,3,4,42,14,46.388256844744085
1,3,4,42,18,55.59936810656773
1,3,4,42,86,0.0005074152085426
1,3,4,42,119,0.0052990575070678
1,3,4,42,120,6.785179649851044e-05
1,3,4,42,121,0.0022158746350728
1,3,4,42,122,0.0005621532474728
1,3,4,42,131,0.0033987189657252
1,3,4,42,160,0.0002426292394115
1,3,4,43,1,0.2712544511862352
1,3,4,43,3,0.1399526304713651
1,3,4,43,4,0.7806803480691202
1,3,4,43,5,16.066238872777607
1,3,4,43,6,0.0463533152562335
1,3,4,43,7,0.0047931037446733
1,3,4,43,8,2.4171161113938564
1,3,4,43,9,0.0095665382105831
1,3,4,43,12,0.0069946583966743
1,3,4,43,14,0.0118328453782971
1,3,4,43,18,4.383489460731613
1,3,4,44,1,0.0005001285340828
1,3,4,44,2,0.2726139054992678
1,3,4,44,3,1.4915975046933816
1,3,4,44,4,0.281972773976954
1,3,4,44,5,0.6499174359137326
1,3,4,44,6,0.1021363276996694
1,3,4,44,7,0.0111055246491726
1,3,4,44,8,0.0063894229574247
1,3,4,44,9,7.156994934819266
1,3,4,44,10,0.0004730252302675
1,3,4,44,11,0.006161258956668
1,3,4,44,12,1.4806361220410855
1,3,4,44,14,0.3269389366960111
1,3,4,44,18,0.7150739266760351
1,3,4,44,35,0.028740888298441
1,3,4,44,36,0.0008594706000981
1,3,4,44,37,0.0140437855908549
1,3,4,44,38,0.004302513405214
1,3,4,44,39,0.0306541724446081
1,3,4,44,43,0.0290479173151469
1,3,4,44,44,0.0668296035099593
1,3,4,44,46,0.0054798059008688
1,3,4,44,47,0.014608191781228
1,3,4,44,49,0.6916063862906733
1,3,4,44,162,0.0013747089999877
1,3,4,45,1,30.688175617472194
1,3,4,45,2,34.568549701303866
1,3,4,45,3,16.20620050088352
1,3,4,45,4,12.453480976975316
1,3,4,45,5,28.439043986786164
1,3,4,45,6,4.680736099680298
1,3,4,45,7,3.999826581380635
1,3,4,45,8,7.668040566318522
1,3,4,45,9,132.75117732891457
1,3,4,45,10,3.689948317696914
1,3,4,45,11,0.9145273927926388
1,3,4,45,12,13.4741249058306
1,3,4,45,13,0.6049610840584058
1,3,4,45,14,128.87787541130976
1,3,4,45,15,0.0328920251598351
1,3,4,45,18,65.54162455608747
1,3,4,45,19,0.3060342282414055
1,3,4,45,20,0.0229265786492351
1,3,4,45,21,8.028223451070232e-08
1,3,4,45,22,3.9234202354507754e-05
1,3,4,45,24,3.838319735545629e-08
1,3,4,45,26,0.0001505101788555
1,3,4,45,29,0.0003020740763748
1,3,4,45,30,0.0001331189353099
1,3,4,45,31,1.5818636550883805e-05
1,3,4,45,32,0.0371221517068105
1,3,4,45,33,0.0633832692362476
1,3,4,45,34,1.626743891268474e-08
1,3,4,45,35,0.0118458202094844
1,3,4,45,36,0.015887746039183
1,3,4,45,37,0.0137283618744748
1,3,4,45,38,0.0010706639949823
1,3,4,45,39,0.0011548305272512
1,3,4,45,40,0.0442026136132736
1,3,4,45,41,0.0016767434447983
1,3,4,45,42,0.0062945325031982
1,3,4,45,43,0.0191374580892498
1,3,4,45,44,0.0305378577163463
1,3,4,45,45,0.1348591320796555
1,3,4,45,46,3.435592869776249e-09
1,3,4,45,47,0.0131397345728688
1,3,4,45,48,2.6636502608021332e-08
1,3,4,45,49,1.2473334528339707e-05
1,3,4,45,50,0.0346954913747019
1,3,4,45,52,0.0311765322827206
1,3,4,45,54,0.0629861232826456
1,3,4,45,55,0.0184986653772862
1,3,4,45,56,1.9526449410893994e-07
1,3,4,45,62,3.043566627965732e-07
1,3,4,45,63,5.225870081304017e-06
1,3,4,45,64,0.1110993715098046
1,3,4,45,65,0.0168651588763111
1,3,4,45,67,0.0077983102255583
1,3,4,45,68,0.0033031112706929
1,3,4,45,69,0.0015933312156467
1,3,4,45,71,0.0055641420323174
1,3,4,45,72,3.942447548802322e-07
1,3,4,45,74,2.115850511027667e-08
1,3,4,45,76,2.1557946273646466e-07
1,3,4,45,78,1.751110172071852e-07
1,3,4,45,80,1.6878301556256637e-07
1,3,4,45,84,3.5881346362628053e-07
1,3,4,45,85,0.0113536026475896
1,3,4,45,86,0.0223109934272604
1,3,4,45,88,9.265826589995123e-05
1,3,4,45,89,2.5531602071357813e-08
1,3,4,45,91,6.1115602658380114e-06
1,3,4,45,92,0.0002613476293943
1,3,4,45,93,0.0080961551364716
1,3,4,45,94,0.0444534332990788
1,3,4,45,96,0.0699064970469701
1,3,4,45,97,0.0373493136690966
1,3,4,45,98,0.1576465019304017
1,3,4,45,99,0.0640704804071931
1,3,4,45,100,0.0062277767153157
1,3,4,45,101,0.0662761894050153
1,3,4,45,102,0.0324042554704339
1,3,4,45,103,4.0212062388639584e-05
1,3,4,45,107,0.0004473570450279
1,3,4,45,108,0.0615211200845185
1,3,4,45,109,0.0602716858539698
1,3,4,45,110,0.0159084551295554
1,3,4,45,111,0.0610521844635835
1,3,4,45,112,0.0252554331708794
1,3,4,45,113,0.0100806500222053
1,3,4,45,115,0.2881116736148674
1,3,4,45,116,0.2106296340507542
1,3,4,45,117,0.4443457261097804
1,3,4,45,118,0.3727137761604776
1,3,4,45,119,0.803762918720273
1,3,4,45,120,0.2606851711906963
1,3,4,45,121,0.4289691752045733
1,3,4,45,122,0.0871839139153582
1,3,4,45,125,0.5185135574166376
1,3,4,45,126,0.1652710780193573
1,3,4,45,131,0.1451376226964529
1,3,4,45,132,9.08091489572778e-05
1,3,4,45,133,9.129014706516511e-05
1,3,4,45,134,0.0718046571212877
1,3,4,45,135,0.2156110610389749
1,3,4,45,136,0.0210429181666797
1,3,4,45,137,0.0074831223016246
1,3,4,45,138,0.0015937525805826
1,3,4,45,153,0.0332331374242931
1,3,4,45,154,0.0620183897094116
1,3,4,45,155,0.0113317786225834
1,3,4,45,156,0.0830285804189376
1,3,4,45,157,0.036792659817606
1,3,4,45,158,0.0386051712910639
1,3,4,45,159,0.0117666736802888
1,3,4,45,160,0.1280366532051402
1,3,4,45,161,0.0832393704136707
1,3,4,45,162,0.0551694122640198
1,3,4,46,1,0.9369631447360453
1,3,4,46,2,2.031290703056202
1,3,4,46,3,18.350052825755142
1,3,4,46,4,3.987518039152392
1,3,4,46,5,11.22069783004479
1,3,4,46,6,1.940714345803897
1,3,4,46,7,0.1341227536650945
1,3,4,46,8,7.121022545566979
1,3,4,46,9,68.8774752098537
1,3,4,46,10,0.2626778166404168
1,3,4,46,11,0.2479374014612263
1,3,4,46,12,1.6529188169275602
1,3,4,46,13,0.0333578761494412
1,3,4,46,14,13.68085937620473
1,3,4,46,15,0.1116959438989188
1,3,4,46,18,52.43792526885077
1,3,4,46,19,0.1219173401960685
1,3,4,46,20,0.0594756373817826
1,3,4,46,21,6.948939810174824e-09
1,3,4,46,22,6.854101737965762e-09
1,3,4,46,26,5.8351616520896274e-08
1,3,4,46,29,3.154690091584834e-09
1,3,4,46,30,2.095828072157793e-09
1,3,4,46,32,0.0195126348516202
1,3,4,46,33,0.0190890023431927
1,3,4,46,34,5.0258939325537556e-08
1,3,4,46,35,0.035403755416787
1,3,4,46,36,0.0165779846227245
1,3,4,46,37,0.0183581435512922
1,3,4,46,38,0.0030001601933531
1,3,4,46,39,0.0009066662988681
1,3,4,46,40,0.0177461759392906
1,3,4,46,41,0.0054467841455072
1,3,4,46,42,0.02784559998593
1,3,4,46,43,0.0197416894143167
1,3,4,46,44,0.0208411548722624
1,3,4,46,45,4.559873857227708e-06
1,3,4,46,46,3.1632999383444135e-09
1,3,4,46,47,0.0116586730193131
1,3,4,46,48,0.0018516449279171
1,3,4,46,49,1.6601210108670913e-06
1,3,4,46,50,0.1437036985800932
1,3,4,46,52,0.0205737856953816
1,3,4,46,54,0.0277133518948365
1,3,4,46,55,0.0142011529120259
1,3,4,46,56,6.3400443936439e-08
1,3,4,46,59,0.0076760277591009
1,3,4,46,62,0.000548445811762
1,3,4,46,63,1.4162666470126351e-06
1,3,4,46,64,0.0250495680596137
1,3,4,46,65,0.0069444203952914
1,3,4,46,67,0.0007215066022814
1,3,4,46,68,0.005975488105221
1,3,4,46,69,0.0029526580323367
1,3,4,46,71,0.0031425911654313
1,3,4,46,74,8.42174070159369e-09
1,3,4,46,76,4.5213930365872994e-09
1,3,4,46,80,5.747254634222762e-09
1,3,4,46,85,0.0086813921786641
1,3,4,46,86,0.0089175047310354
1,3,4,46,88,3.4896698660842266e-05
1,3,4,46,89,2.895389441988808e-05
1,3,4,46,90,6.370663914689348e-05
1,3,4,46,91,0.0003987326281639
1,3,4,46,92,0.0051215611736564
1,3,4,46,93,0.0153611390069232
1,3,4,46,94,0.0099249889080933
1,3,4,46,96,0.0218306738848529
1,3,4,46,97,0.0187237287875065
1,3,4,46,98,0.0064849230898413
1,3,4,46,99,0.028211107124774
1,3,4,46,100,0.0039023193785431
1,3,4,46,101,0.0220673883981971
1,3,4,46,102,0.0098893380233018
1,3,4,46,107,0.0008781026326375
1,3,4,46,108,0.014350650706655
1,3,4,46,109,0.0184501682098032
1,3,4,46,110,0.0034189524426196
1,3,4,46,112,0.003003966183581
1,3,4,46,113,0.016908844609383
1,3,4,46,115,0.0121783540103255
1,3,4,46,116,0.0161452430882523
1,3,4,46,117,0.0804054083006853
1,3,4,46,118,0.051685809950658
1,3,4,46,119,0.0812280690108323
1,3,4,46,120,0.0396918177029758
1,3,4,46,121,0.0980322450214335
1,3,4,46,122,0.0465418845193483
1,3,4,46,125,0.0499044974585877
1,3,4,46,126,0.0515421048300413
1,3,4,46,131,2.40997115247529e-07
1,3,4,46,132,6.78949947242491e-08
1,3,4,46,133,1.4673736403825224e-06
1,3,4,46,134,0.0134507178826544
1,3,4,46,135,0.0072182280349207
1,3,4,46,136,0.0034664730100987
1,3,4,46,137,2.8761875915503394e-06
1,3,4,46,138,0.0014104925956445
1,3,4,46,153,0.0233660075155325
1,3,4,46,154,0.0197995367478942
1,3,4,46,155,0.0237718263033177
1,3,4,46,156,0.01480431595152
1,3,4,46,157,0.0454418625346449
1,3,4,46,158,0.0394486123889304
1,3,4,46,159,0.0148400490909997
1,3,4,46,160,0.0216909154649123
1,3,4,46,161,0.0039819224218686
1,3,4,46,162,0.0526830414183536
1,3,4,47,1,0.1015333164404104
1,3,4,47,2,46.57358609562042
1,3,4,47,3,60.81604826479188
1,3,4,47,4,16.40105657633254
1,3,4,47,5,45.22885038325624
1,3,4,47,6,2.186532263466438
1,3,4,47,7,0.0880946113132484
1,3,4,47,8,3.5626059148350797
1,3,4,47,9,101.16405393698092
1,3,4,47,10,6.328062027854552
1,3,4,47,11,4.762071312590619
1,3,4,47,12,9.2312175853287
1,3,4,47,13,0.3694548460565058
1,3,4,47,14,60.067562105969536
1,3,4,47,15,0.0568995715974049
1,3,4,47,18,33.23068945681295
1,3,4,47,19,0.0666412962771805
1,3,4,47,20,0.0962266934418193
1,3,4,47,22,8.124929126701217e-10
1,3,4,47,24,2.260237007261109e-06
1,3,4,47,26,3.032915782176125e-09
1,3,4,47,29,1.7726215111615334e-11
1,3,4,47,30,1.1558649510162732e-05
1,3,4,47,31,1.7772908508821814e-08
1,3,4,47,33,0.0592533059801896
1,3,4,47,34,0.0558833896307413
1,3,4,47,35,0.0207097874788411
1,3,4,47,36,0.0452526856361227
1,3,4,47,37,0.0779344848995089
1,3,4,47,38,0.009223616496717
1,3,4,47,39,0.0176268028139846
1,3,4,47,40,0.1413475702379026
1,3,4,47,41,0.0018113783628049
1,3,4,47,42,0.0138561009855977
1,3,4,47,43,0.167911531253622
1,3,4,47,44,0.0380671463468911
1,3,4,47,45,0.1770704902131395
1,3,4,47,46,7.194618826153811e-11
1,3,4,47,47,0.0278355215019509
1,3,4,47,48,7.922176263286979e-12
1,3,4,47,49,1.3792618040543045e-07
1,3,4,47,50,0.0872259653380191
1,3,4,47,52,1.1925043530192496
1,3,4,47,54,0.0113726376910799
1,3,4,47,55,0.0195415662626041
1,3,4,47,56,2.503437731948272e-07
1,3,4,47,59,0.0518108425767888
1,3,4,47,61,2.4637232487689957e-06
1,3,4,47,62,0.0020971225078214
1,3,4,47,63,0.0105311926440706
1,3,4,47,64,0.031848786365967
1,3,4,47,65,0.0044857110582503
1,3,4,47,67,0.0006467377378099
1,3,4,47,68,0.0071402659057682
1,3,4,47,69,0.0034169153560732
1,3,4,47,71,0.0018565177544767
1,3,4,47,85,0.0100175644935109
1,3,4,47,86,0.0389564371595093
1,3,4,47,91,0.000384309893292
1,3,4,47,92,6.76801673174456e-06
1,3,4,47,93,0.0222400286530243
1,3,4,47,94,0.0119036713843958
1,3,4,47,96,0.0927587153256492
1,3,4,47,97,0.1364652682625058
1,3,4,47,98,0.0584151487734014
1,3,4,47,99,0.077185140050093
1,3,4,47,100,0.0011369337179361
1,3,4,47,101,0.0437007373875144
1,3,4,47,102,0.0022981461560967
1,3,4,47,107,0.0044830636664183
1,3,4,47,108,0.0849581732111611
1,3,4,47,109,0.0688175687345445
1,3,4,47,110,0.0380904623868767
1,3,4,47,111,0.4231482558175555
1,3,4,47,112,0.0226995199482091
1,3,4,47,113,0.0347051741704143
1,3,4,47,115,0.0386543752690538
1,3,4,47,116,0.0929839277077753
1,3,4,47,117,0.0996452894246296
1,3,4,47,118,0.0718182111739578
1,3,4,47,119,0.2111030991658623
1,3,4,47,120,0.5038571050093943
1,3,4,47,121,0.5070360055897405
1,3,4,47,122,0.1565949920361889
1,3,4,47,125,0.3418797765433293
1,3,4,47,126,0.2478369606479742
1,3,4,47,131,2.695910458397807e-08
1,3,4,47,132,1.8322273747031253e-08
1,3,4,47,133,9.484542897272029e-08
1,3,4,47,134,0.010928788552538
1,3,4,47,135,0.0310119647241492
1,3,4,47,136,0.0045642391244616
1,3,4,47,137,0.0045395057154224
1,3,4,47,138,0.0009125207872791
1,3,4,47,153,0.0450446946692951
1,3,4,47,154,0.0313474220947333
1,3,4,47,155,0.0030410054926107
1,3,4,47,156,0.0458630858060118
1,3,4,47,157,0.0059374284513597
1,3,4,47,158,0.0079788473301195
1,3,4,47,159,0.0080180577613967
1,3,4,47,160,0.0201990779450329
1,3,4,47,161,0.0013160241636942
1,3,4,47,162,2.996140420694592e-06
1,3,4,48,1,6.3994697757096874
1,3,4,48,2,9.308705267753158
1,3,4,48,3,82.491291719017
1,3,4,48,4,37.635377407338034
1,3,4,48,5,81.5515751413786
1,3,4,48,6,1.84265046340262
1,3,4,48,7,0.9841285881666948
1,3,4,48,8,7.704385033863368
1,3,4,48,9,357.67183949455716
1,3,4,48,10,3.426504329726314
1,3,4,48,11,1.5156420632732337
1,3,4,48,12,18.19173734044748
1,3,4,48,13,0.164715748243076
1,3,4,48,14,152.85414034853895
1,3,4,48,15,0.0443330019969687
1,3,4,48,18,97.18259060816254
1,3,4,48,19,0.3545131119444126
1,3,4,48,20,0.0183719981496115
1,3,4,48,21,7.74501807039147e-08
1,3,4,48,22,4.564256818081372e-08
1,3,4,48,24,4.462747626815159e-08
1,3,4,48,26,7.32160007907494e-06
1,3,4,48,29,0.0001392546524281
1,3,4,48,30,2.2470349815925345e-08
1,3,4,48,32,0.0100187152522416
1,3,4,48,33,0.0127990072786275
1,3,4,48,34,0.0554278913031089
1,3,4,48,35,0.0557886232695721
1,3,4,48,36,0.0630075267722768
1,3,4,48,37,0.0608387971811451
1,3,4,48,38,0.0037409905461684
1,3,4,48,39,0.0696362713228227
1,3,4,48,40,0.0182622467159058
1,3,4,48,41,0.0013018774045587
1,3,4,48,42,0.0135681099217084
1,3,4,48,43,0.0634290410243275
1,3,4,48,44,0.05353767463336
1,3,4,48,45,0.0276737036944496
1,3,4,48,46,1.978417084047968e-09
1,3,4,48,47,0.0287538044377859
1,3,4,48,48,0.000228278728508
1,3,4,48,49,2.1665636020012994e-06
1,3,4,48,50,0.011898271794817
1,3,4,48,52,0.0931247714035216
1,3,4,48,54,0.0594585393054553
1,3,4,48,55,0.0156953281884762
1,3,4,48,56,5.0402201329068275e-08
1,3,4,48,59,0.0081842969230932
1,3,4,48,62,0.004367671458046
1,3,4,48,63,1.881434559298567e-06
1,3,4,48,64,0.0493186217987197
1,3,4,48,65,0.0111900542379843
1,3,4,48,67,0.0014094752186162
1,3,4,48,68,0.0049315040728616
1,3,4,48,69,0.00249583384
1,3,4,48,71,0.0035812240732635
1,3,4,48,74,1.2912464334991933e-08
1,3,4,48,80,1.617908949326529e-08
1,3,4,48,85,0.0083538027590044
1,3,4,48,86,0.0172406867735768
1,3,4,48,88,5.385134423548206e-09
1,3,4,48,89,2.012441662580374e-09
1,3,4,48,92,1.6458922650691938e-08
1,3,4,48,93,0.0091754433552577
1,3,4,48,94,0.0341229764424226
1,3,4,48,96,0.0663434491962916
1,3,4,48,97,0.0498295548304738
1,3,4,48,99,0.0485038982868311
1,3,4,48,100,0.0036626702480298
1,3,4,48,101,0.0533152470028338
1,3,4,48,102,0.0086092142556637
1,3,4,48,103,1.2819791342349312e-05
1,3,4,48,108,0.047657841473682
1,3,4,48,109,0.032111144696442
1,3,4,48,110,0.0021089210670365
1,3,4,48,112,0.0125844176105294
1,3,4,48,113,0.0046880422265788
1,3,4,48,115,0.0397967793635593
1,3,4,48,116,0.0949779019815904
1,3,4,48,117,0.0589008617059072
1,3,4,48,118,0.0041536464784926
1,3,4,48,119,0.1271398222572257
1,3,4,48,120,0.1242623023549312
1,3,4,48,121,0.1681732847268808
1,3,4,48,122,0.0410894741102094
1,3,4,48,125,0.0253220417633009
1,3,4,48,126,0.0650099000790337
1,3,4,48,131,2.632468230870901e-07
1,3,4,48,132,1.7132005560749596e-07
1,3,4,48,134,0.0223158317512494
1,3,4,48,135,0.0040351098938084
1,3,4,48,136,2.4604865413170945e-05
1,3,4,48,137,1.732368347831711e-07
1,3,4,48,138,1.5742037416684493e-08
1,3,4,48,153,0.0228937456265652
1,3,4,48,154,0.0404337591602876
1,3,4,48,155,0.0063525594134971
1,3,4,48,156,0.0105445695324015
1,3,4,48,157,0.0142524766488255
1,3,4,48,158,0.0167246890808063
1,3,4,48,159,0.0024574127130133
1,3,4,48,160,1.5765451296191184e-06
1,3,4,48,161,0.0022847585482674
1,3,4,48,162,0.0042767987839157
1,3,4,49,1,3.0101019422752127
1,3,4,49,2,30.213755671563593
1,3,4,49,3,15.816797197912496
1,3,4,49,4,4.549227573916517
1,3,4,49,5,7.484330408603096
1,3,4,49,6,0.4369790540185149
1,3,4,49,7,0.1148262010313627
1,3,4,49,8,0.3961056331647603
1,3,4,49,9,77.22509931172526
1,3,4,49,10,0.6250541753692643
1,3,4,49,11,0.5396817617048839
1,3,4,49,12,1.6339386435804653
1,3,4,49,13,0.004826611568989
1,3,4,49,14,28.20928612323405
1,3,4,49,15,0.0006144808316538
1,3,4,49,18,0.399159877446361
1,3,4,49,19,0.001950246470693
1,3,4,49,20,1.1819193806421576e-05
1,3,4,49,22,2.3047063705546375e-08
1,3,4,49,26,4.3084656984195056e-05
1,3,4,49,29,0.0001417202480411
1,3,4,49,30,1.5030242163134772e-05
1,3,4,49,31,3.8493196308047245e-06
1,3,4,49,32,0.000656571191824
1,3,4,49,33,0.0024081994836699
1,3,4,49,34,1.5082568795134212e-09
1,3,4,49,35,0.0002074663761593
1,3,4,49,36,0.0001495025523773
1,3,4,49,37,0.0006392716028181
1,3,4,49,38,5.605742031040006e-05
1,3,4,49,39,2.4667115108861143e-05
1,3,4,49,40,0.0003982384232625
1,3,4,49,41,3.519463706598646e-07
1,3,4,49,42,0.0002772683797148
1,3,4,49,43,0.0005351570540146
1,3,4,49,44,0.0003534569752449
1,3,4,49,45,0.0007126487448486
1,3,4,49,46,2.551304325772682e-09
1,3,4,49,47,0.0002481175607489
1,3,4,49,48,4.349987249817632e-05
1,3,4,49,49,1.6760913049120903e-06
1,3,4,49,50,0.0005965086632316
1,3,4,49,52,0.0009874963223373
1,3,4,49,54,0.000474895513603
1,3,4,49,55,9.2807770433283e-05
1,3,4,49,56,1.2971308155249769e-08
1,3,4,49,59,3.728691295047919e-06
1,3,4,49,61,4.826323072224847e-09
1,3,4,49,62,7.781412729301647e-08
1,3,4,49,63,7.83916332447095e-05
1,3,4,49,64,0.0338885517324018
1,3,4,49,65,0.0003094518368453
1,3,4,49,67,3.455296416672352e-05
1,3,4,49,68,8.737761855788955e-05
1,3,4,49,69,4.705819257143358e-05
1,3,4,49,71,7.494237042724918e-05
1,3,4,49,74,5.61335443307636e-09
1,3,4,49,76,2.651601347601286e-09
1,3,4,49,80,4.312885114743557e-09
1,3,4,49,85,0.0001948345235987
1,3,4,49,86,0.0001440736214525
1,3,4,49,88,1.040846404951136e-06
1,3,4,49,89,1.3606712577825532e-09
1,3,4,49,91,9.251791023180308e-07
1,3,4,49,92,1.58744056691241e-08
1,3,4,49,93,8.900515882048709e-07
1,3,4,49,94,0.0001390667314371
1,3,4,49,96,0.0003074673967477
1,3,4,49,97,0.0006341940582272
1,3,4,49,99,0.0003532650406535
1,3,4,49,100,0.0001242452244205
1,3,4,49,101,0.0003877770286113
1,3,4,49,102,2.618853359463769e-06
1,3,4,49,108,0.0003623638630591
1,3,4,49,109,0.0005635015373854
1,3,4,49,110,0.000110602212807
1,3,4,49,112,0.0004137241252105
1,3,4,49,113,0.0001093851774436
1,3,4,49,115,0.0003172982369015
1,3,4,49,116,0.0002145488279064
1,3,4,49,117,0.0016794740625277
1,3,4,49,118,0.0013863622067202
1,3,4,49,119,0.0011427122717163
1,3,4,49,120,0.0009870044545909
1,3,4,49,121,0.0013807150777612
1,3,4,49,122,0.0005153262494064
1,3,4,49,125,0.0019340528485868
1,3,4,49,126,0.0027580748451135
1,3,4,49,131,6.53273480055772e-08
1,3,4,49,132,6.654056388908893e-08
1,3,4,49,133,2.345768987102254e-09
1,3,4,49,134,0.0008520381497582
1,3,4,49,135,4.5628468419995e-07
1,3,4,49,136,0.000216673054611
1,3,4,49,137,1.311625130225494e-08
1,3,4,49,138,6.366921749168145e-09
1,3,4,49,153,0.0002378735716361
1,3,4,49,154,0.0003238905644581
1,3,4,49,155,0.0001006168347364
1,3,4,49,156,0.00034614075663
1,3,4,49,157,0.0002242337921709
1,3,4,49,158,0.0002857936376447
1,3,4,49,159,6.945441294570128e-05
1,3,4,49,160,2.8485169506026033e-07
1,3,4,49,161,3.779949213046083e-08
1,3,4,49,162,0.001882682700954
1,4,1,7,165,13.639299955171785
1,4,3,1,96,1.4346937150390147e-06
1,4,3,1,97,2.5578946110990852e-06
1,4,3,1,99,2.245323246177335e-06
1,4,3,1,100,1.4574106337967378e-07
1,4,3,1,101,6.420522988925834e-07
1,4,3,1,102,1.5797686901532812e-06
1,4,3,1,107,1.6051627847677108e-07
1,4,3,1,108,1.839421066424013e-05
1,4,3,1,109,3.9299013719321006e-05
1,4,3,1,111,7.177507031764427e-05
1,4,3,5,96,2.8945441860707103e-05
1,4,3,5,97,1.355296095948146e-07
1,4,3,5,98,1.5083364517691775e-05
1,4,3,5,99,1.382005524867524e-06
1,4,3,5,100,8.75947765827714e-08
1,4,3,5,101,3.986009054247844e-09
1,4,3,5,102,1.2417679746755928e-06
1,4,3,5,107,3.0045879060267615e-06
1,4,3,5,108,1.2769010806848335e-05
1,4,3,5,109,7.41850355601658e-05
1,4,3,5,111,0.0004111816296791
1,4,3,14,96,2.6849029526026305e-06
1,4,3,14,97,1.0533635335396744e-05
1,4,3,14,98,4.757088832885429e-06
1,4,3,14,99,7.47794469089799e-08
1,4,3,14,101,6.682390537200682e-07
1,4,3,14,102,8.765560581882469e-07
1,4,3,14,108,8.420436944625899e-07
1,4,3,14,109,5.76869156458421e-06
1,4,3,14,111,0.0001448297827971
1,4,3,22,96,0.0231697806257842
1,4,3,22,97,0.0006570805699778
1,4,3,22,99,0.0005144751514996
1,4,3,22,100,4.562157907322917e-05
1,4,3,22,101,0.0006036819020683
1,4,3,22,102,0.0004166541512991
1,4,3,22,107,0.0001868003822448
1,4,3,22,108,0.0155548351627045
1,4,3,22,109,0.0314901387137968
1,4,3,22,111,0.1371395792754671
1,4,3,32,96,3.1185063545841725e-05
1,4,3,32,97,5.683208882983014e-06
1,4,3,32,98,1.0516759390531184e-06
1,4,3,32,99,1.0756272824912942e-05
1,4,3,32,100,7.280476184782217e-08
1,4,3,32,101,1.068242518629462e-06
1,4,3,32,102,1.0173507044023183e-06
1,4,3,32,107,1.3067169509127554e-08
1,4,3,32,108,1.9497200902739513e-05
1,4,3,32,109,5.475738392474026e-05
1,4,3,37,96,2.6815485784355213e-05
1,4,3,37,97,0.0001297100171692
1,4,3,37,98,1.3954387901822366e-05
1,4,3,37,99,1.5206770489940658e-05
1,4,3,37,101,2.2377268589485808e-06
1,4,3,37,102,4.043187065809531e-07
1,4,3,37,106,4.559267493953123e-09
1,4,3,37,107,9.373779437414364e-07
1,4,3,37,108,1.5357335381779337e-05
1,4,3,37,109,2.187807096826264e-05
1,4,3,37,111,3.7199458316092686e-05
1,4,3,45,96,0.0002095689439979
1,4,3,45,97,0.0003918227085059
1,4,3,45,98,7.055513194739937e-05
1,4,3,45,99,0.0001196159652931
1,4,3,45,100,0.0018372959929336
1,4,3,45,101,9.669109529364908e-05
1,4,3,45,102,4.901611924109645e-05
1,4,3,45,106,2.9089880963215e-06
1,4,3,45,107,0.0181592918027553
1,4,3,45,108,0.0002896301125646
1,4,3,45,109,0.000264058745105
1,4,3,45,111,0.0011346890902282
1,4,3,46,96,0.0007557304527619
1,4,3,46,97,0.0009460273464024
1,4,3,46,98,1.710195588013761e-06
1,4,3,46,99,0.0004146020011342
1,4,3,46,100,0.0008280120553749
1,4,3,46,101,0.0004594905732484
1,4,3,46,102,0.0005327027080345
1,4,3,46,107,0.0015442152614115
1,4,3,46,108,0.0006486832079229
1,4,3,46,109,0.0008046273756738
1,4,3,47,96,0.0008085812265317
1,4,3,47,97,0.0020947037982804
1,4,3,47,98,8.406961049661478e-05
1,4,3,47,99,0.0002385864299437
1,4,3,47,100,0.0003441067608487
1,4,3,47,101,0.0034020191891042
1,4,3,47,102,0.0013576380056447
1,4,3,47,106,0.0001801723070557
1,4,3,47,107,0.0041701042747502
1,4,3,47,108,0.0008818252829798
1,4,3,47,109,0.0006177292868759
1,4,3,47,111,0.0058755165077072
1,4,3,48,96,2.607983716730636e-08
1,4,3,48,97,1.0722056698402803e-08
1,4,3,48,99,2.561447149118683e-09
1,4,3,48,100,1.1180884451886547e-05
1,4,3,48,101,4.517081878541323e-09
1,4,3,48,102,6.35242065843678e-05
1,4,3,48,106,1.7145229661164375e-06
1,4,3,48,108,2.169738272493118e-08
1,4,3,48,109,4.0306735323424016e-08
1,4,3,49,96,0.0001775744670396
1,4,3,49,97,0.0003000037540721
1,4,3,49,99,5.998642985458594e-05
1,4,3,49,100,4.050017268052055e-06
1,4,3,49,101,0.0001014817458591
1,4,3,49,102,1.2079638370494369e-05
1,4,3,49,108,0.0001905251228366
1,4,3,49,109,0.0002491601394825
1,4,4,1,8,0.008487296821311
1,4,4,1,21,0.0006505048268114
1,4,4,1,22,0.0021598861109328
1,4,4,1,25,0.2097954642997202
1,4,4,1,31,0.0264247257899617
1,4,4,1,32,1.2621022700999838
1,4,4,1,33,4.959122249686718
1,4,4,1,34,1.2465386618255123
1,4,4,1,59,0.035279680328058
1,4,4,1,60,0.0150929570633031
1,4,4,1,61,4.679191404134651e-05
1,4,4,1,62,0.0001318735886032
1,4,4,1,63,0.0131838633006327
1,4,4,1,65,0.0058354027696817
1,4,4,1,66,0.0049548901569426
1,4,4,1,67,0.0109624735153425
1,4,4,1,68,0.0089792329310719
1,4,4,1,69,0.1543322265488637
1,4,4,1,70,0.0446482641135008
1,4,4,1,71,0.0429536283033301
1,4,4,1,72,4.0905249973466525e-06
1,4,4,1,73,7.669193516224538e-07
1,4,4,1,74,2.878569000375284e-07
1,4,4,1,76,7.356734327637727e-07
1,4,4,1,77,5.364317405144555e-06
1,4,4,1,78,5.304412744029151e-09
1,4,4,1,79,4.690009628256039e-09
1,4,4,1,80,1.1803279885374342e-06
1,4,4,1,81,2.8370296991851575e-06
1,4,4,1,84,2.818337176084718e-06
1,4,4,1,96,0.0001148681113641
1,4,4,1,97,0.0002972633710546
1,4,4,1,99,0.0003443074901715
1,4,4,1,100,2.523980757655168e-05
1,4,4,1,101,3.117863282741656e-05
1,4,4,1,102,0.0001116718445616
1,4,4,1,107,2.5714291519071705e-05
1,4,4,1,108,0.000600501163407
1,4,4,1,109,0.0011488131995188
1,4,4,1,110,0.0026827668095185
1,4,4,1,111,0.000841250757406
1,4,4,1,113,0.0477028894847231
1,4,4,1,114,8.921697176103786e-05
1,4,4,1,117,0.0213233977943274
1,4,4,1,118,0.0155284360047218
1,4,4,1,120,0.0859607735724645
1,4,4,1,121,0.4044192177422815
1,4,4,1,122,0.0201848303312033
1,4,4,1,126,0.0524188825419243
1,4,4,2,18,0.0127510830423768
1,4,4,2,31,0.0001230939643804
1,4,4,2,32,7.3163556498167726
1,4,4,2,33,3.685712689649318
1,4,4,2,34,0.0494292983667015
1,4,4,2,59,1.63155895094477
1,4,4,2,60,0.0395984098768473
1,4,4,2,61,0.0001874768307571
1,4,4,2,62,0.0004236685320365
1,4,4,2,63,0.1465206055578833
1,4,4,2,64,0.0803464292162078
1,4,4,2,65,0.2160929254411269
1,4,4,2,66,0.0600801377653782
1,4,4,2,67,0.0294735327838843
1,4,4,2,68,0.0629757186719859
1,4,4,2,69,0.0502664501676851
1,4,4,2,70,0.0846985813070732
1,4,4,2,71,0.0283186421807754
1,4,4,2,72,0.003399488340819
1,4,4,2,73,0.0020260947726163
1,4,4,2,74,0.0023299071162186
1,4,4,2,76,0.0037656150276903
1,4,4,2,77,6.439635209437397e-05
1,4,4,2,78,0.0003379440455169
1,4,4,2,79,9.194747670577848e-05
1,4,4,2,80,0.003864158216888
1,4,4,2,81,0.0047616868020743
1,4,4,2,82,0.0005132671187617
1,4,4,2,84,0.000288921322502
1,4,4,2,95,0.1913229936255834
1,4,4,2,113,0.0127482813708846
1,4,4,2,114,0.0001861450989878
1,4,4,2,117,0.1621515469024016
1,4,4,2,136,0.0018332093297207
1,4,4,2,139,0.0074364503017465
1,4,4,2,140,0.0055166723444716
1,4,4,2,141,0.0013836893890776
1,4,4,2,142,0.0168455557270575
1,4,4,2,143,0.0006536214490474
1,4,4,2,144,0.002079666690145
1,4,4,2,145,0.0046564585814873
1,4,4,2,146,0.0010469890429242
1,4,4,2,147,0.0001436374869805
1,4,4,2,148,0.0028384354276038
1,4,4,2,149,0.0128248391695041
1,4,4,2,151,0.0011957824463656
1,4,4,2,152,0.0031004038181417
1,4,4,2,153,0.0008572260305038
1,4,4,2,154,0.0008152236063418
1,4,4,2,155,0.0012151462547321
1,4,4,2,156,0.0016475735447621
1,4,4,2,157,0.000100122215495
1,4,4,2,158,0.0001116279667208
1,4,4,3,20,0.0005907243022605
1,4,4,3,26,0.4700639142516523
1,4,4,3,29,1.8123952022909309
1,4,4,3,30,0.0096205200512189
1,4,4,3,31,0.0190161188330731
1,4,4,3,32,2.597123791010247
1,4,4,3,33,3.0229386551781374
1,4,4,3,34,0.1495699477388286
1,4,4,3,35,1.0174835822094951e-06
1,4,4,3,36,7.512499642944752e-06
1,4,4,3,37,1.4583557924823243e-06
1,4,4,3,38,4.792834460047694e-06
1,4,4,3,39,1.2730800000051606e-06
1,4,4,3,40,4.3975726631328754e-05
1,4,4,3,42,1.6269647939525128e-06
1,4,4,3,43,5.0755909331790094e-05
1,4,4,3,44,2.302701213101356e-05
1,4,4,3,45,1.331813108158508e-05
1,4,4,3,46,4.1996707124228947e-07
1,4,4,3,50,0.0055686744819097
1,4,4,3,51,2.4860219483810547e-05
1,4,4,3,59,1.738907859361433e-06
1,4,4,3,60,1.6143005390416965e-05
1,4,4,3,62,0.0003598106489945
1,4,4,3,63,0.0038729245272878
1,4,4,3,65,0.1468810508341509
1,4,4,3,66,0.0110441002042417
1,4,4,3,67,0.0490168811811688
1,4,4,3,68,0.0287039473228038
1,4,4,3,69,1.4795947942252534
1,4,4,3,70,0.0621698646391234
1,4,4,3,71,0.0728970829691086
1,4,4,3,72,4.034073066276406e-07
1,4,4,3,73,3.438038333568362e-05
1,4,4,3,74,1.3663168989298386e-05
1,4,4,3,76,0.0001253293285067
1,4,4,3,77,4.4098026957225233e-05
1,4,4,3,78,0.00108390568296
1,4,4,3,80,0.0065842565781097
1,4,4,3,81,0.0001074449933345
1,4,4,3,82,2.123888234385438e-05
1,4,4,3,84,7.444059252772347e-05
1,4,4,3,113,0.1363147046326477
1,4,4,3,117,0.0016604348875686
1,4,4,3,120,0.0167358250607373
1,4,4,3,121,0.0767619460015323
1,4,4,3,122,0.0027471121377026
1,4,4,3,131,0.0097405943547491
1,4,4,3,135,0.0078734028194742
1,4,4,4,26,1.7377892687957643e-06
1,4,4,4,33,0.0354730034075396
1,4,4,4,34,0.0198385950629009
1,4,4,4,113,0.0024474053901058
1,4,4,5,18,0.229576917697471
1,4,4,5,20,0.0220793982779514
1,4,4,5,24,5.407199996847315
1,4,4,5,32,1.6195347114245096
1,4,4,5,33,2.108613019261688
1,4,4,5,34,0.0355144048927873
1,4,4,5,59,8.20932872968217e-06
1,4,4,5,60,1.5007777438716952e-05
1,4,4,5,61,0.0006334452047765
1,4,4,5,62,0.0009878061637339
1,4,4,5,63,0.0518468445586679
1,4,4,5,64,0.0005639326366456
1,4,4,5,65,0.5269465934918148
1,4,4,5,66,0.0404613475693645
1,4,4,5,67,0.1290828108273058
1,4,4,5,68,0.0184051480758662
1,4,4,5,69,0.0836854616388433
1,4,4,5,70,0.0159673755862503
1,4,4,5,71,0.0919994468593685
1,4,4,5,72,0.0090614508444627
1,4,4,5,73,0.0025557019367877
1,4,4,5,74,0.0024549431820246
1,4,4,5,76,0.0060712090327314
1,4,4,5,77,0.0131732906750728
1,4,4,5,78,0.0013602757559468
1,4,4,5,79,0.0010660702762429
1,4,4,5,80,0.0022256962849914
1,4,4,5,82,9.39769117751428e-05
1,4,4,5,84,0.0146024371378106
1,4,4,5,88,0.0132546595276468
1,4,4,5,96,0.0021628720704456
1,4,4,5,97,2.1776213606701015e-05
1,4,4,5,98,0.0006300411299597
1,4,4,5,99,6.505943895260423e-05
1,4,4,5,100,3.5169113179820915e-06
1,4,4,5,101,2.840676550325716e-07
1,4,4,5,102,5.2632278305551754e-05
1,4,4,5,107,0.0001254662415428
1,4,4,5,108,0.0005253184745511
1,4,4,5,109,0.0015028715417827
1,4,4,5,110,0.0014267345878954
1,4,4,5,111,0.0031439901293554
1,4,4,5,113,0.1945189186131915
1,4,4,5,114,0.0001603327044409
1,4,4,5,118,0.0069344958399677
1,4,4,5,131,0.0368978508080489
1,4,4,5,135,0.0014587308952432
1,4,4,5,136,0.00021626797963
1,4,4,5,139,0.0004554461364245
1,4,4,5,140,0.0003556698838184
1,4,4,5,141,4.551062713663531e-05
1,4,4,5,142,0.0004225190689309
1,4,4,5,143,5.595542075691592e-05
1,4,4,5,144,8.235841667824785e-05
1,4,4,5,145,0.000380131073735
1,4,4,5,148,0.0019354833008744
1,4,4,5,149,0.0005453895392751
1,4,4,5,151,0.0007745264791771
1,4,4,5,152,0.0016171744160217
1,4,4,5,153,0.0015787552806727
1,4,4,5,154,0.0010766439620805
1,4,4,5,155,0.0001397476382968
1,4,4,5,156,0.0006268126019247
1,4,4,5,157,0.0002624456982158
1,4,4,5,158,0.0003183606534228
1,4,4,6,24,0.0015229641316617
1,4,4,6,25,0.0124697541512141
1,4,4,6,31,3.1512048538924154e-05
1,4,4,6,32,19.357150051467592
1,4,4,6,33,28.509755965564736
1,4,4,6,34,15.213507842854412
1,4,4,6,35,0.0006125857556008
1,4,4,6,36,0.0012615828774104
1,4,4,6,37,0.0002517083398303
1,4,4,6,38,5.1324014766919416e-05
1,4,4,6,39,0.0012446983305082
1,4,4,6,40,0.0187072673453537
1,4,4,6,42,0.0005093362920354
1,4,4,6,43,0.0168776647239085
1,4,4,6,44,0.0051671151809147
1,4,4,6,45,0.1380155974465642
1,4,4,6,59,33.598535124681604
1,4,4,6,60,3.377121059492394
1,4,4,6,61,0.0011463357115717
1,4,4,6,62,0.0169908146403928
1,4,4,6,63,2.4892015992744274
1,4,4,6,65,0.6298580408416544
1,4,4,6,66,0.2255218005633684
1,4,4,6,67,0.2182601158939005
1,4,4,6,68,0.0871138201950673
1,4,4,6,69,0.3539911841175514
1,4,4,6,70,0.0754745884918727
1,4,4,6,71,0.2500588661258015
1,4,4,6,72,1.0148840817114976e-05
1,4,4,6,73,3.427029948023448e-06
1,4,4,6,74,5.30357011301836e-07
1,4,4,6,76,1.2040743509306332e-06
1,4,4,6,77,1.7966286689557696e-07
1,4,4,6,78,3.520739847087418e-07
1,4,4,6,79,1.835823871171892e-07
1,4,4,6,80,7.208258882944511e-06
1,4,4,6,81,1.6644319627003202e-09
1,4,4,6,82,3.2692358217512304e-07
1,4,4,6,84,7.766929950598796e-07
1,4,4,6,86,0.0161491610266694
1,4,4,6,87,0.0022818715915673
1,4,4,6,88,0.0046683418910472
1,4,4,6,89,0.0006077156959126
1,4,4,6,90,0.0057264851428821
1,4,4,6,91,0.0050337545297834
1,4,4,6,93,0.0001462108478673
1,4,4,6,113,0.4464597055551091
1,4,4,6,114,0.0014142359470372
1,4,4,6,117,1.851203487639809
1,4,4,7,32,64.69319477390114
1,4,4,7,33,1500.1501358800676
1,4,4,7,34,2.643258869550899
1,4,4,7,57,0.2556199804707561
1,4,4,7,59,0.1232054021750672
1,4,4,7,60,3.649918301778719
1,4,4,7,61,0.0036063436298087
1,4,4,7,62,0.0080383966476703
1,4,4,7,63,1.1271820270185506
1,4,4,7,65,21.109791926493816
1,4,4,7,66,8.02059650472242
1,4,4,7,67,8.750803319603154
1,4,4,7,68,37.922054308639666
1,4,4,7,69,7.828917731125034
1,4,4,7,70,2.0593433284547995
1,4,4,7,71,15.128719574385393
1,4,4,7,164,14.0185
1,4,4,8,20,0.0164451026687551
1,4,4,8,23,0.0218490526615085
1,4,4,8,32,1.1821073663784225
1,4,4,8,33,0.9683943057829694
1,4,4,8,34,0.0576977342175562
1,4,4,8,56,0.0017693382041465
1,4,4,8,57,0.0006377619177342
1,4,4,8,65,0.0268621554303413
1,4,4,8,66,0.0021242758861665
1,4,4,8,67,0.0028268278177768
1,4,4,8,68,0.0275430046855044
1,4,4,8,69,0.0435247396232858
1,4,4,8,70,0.0251038524827789
1,4,4,8,71,0.064324815548859
1,4,4,8,113,0.0187931406787163
1,4,4,9,18,0.007915250693824
1,4,4,9,26,0.2607131631032265
1,4,4,9,27,0.0006918377588917
1,4,4,9,31,0.0052463470203641
1,4,4,9,32,4.656260916080175
1,4,4,9,33,7.328937118434616
1,4,4,9,34,4.83767524192306
1,4,4,9,113,0.3201115755615586
1,4,4,9,114,0.0006304524627825
1,4,4,9,117,0.3397146895602266
1,4,4,9,136,0.0018552324267925
1,4,4,10,26,0.1232454062913265
1,4,4,10,27,0.1738538399243982
1,4,4,10,29,1.7135065119120425
1,4,4,10,30,0.2250506856546843
1,4,4,10,31,0.1371156330122166
1,4,4,10,32,0.7703723221555759
1,4,4,10,33,3.8751648916418975
1,4,4,10,34,2.7599926658394884
1,4,4,10,56,0.0022633699443252
1,4,4,10,57,0.0424801729018771
1,4,4,10,58,1.2802583499747305e-05
1,4,4,10,59,0.6759418487044273
1,4,4,10,61,0.0001105725131904
1,4,4,10,62,0.0013573029484984
1,4,4,10,63,0.1081356489282562
1,4,4,10,65,0.1424652918544669
1,4,4,10,67,2.978566173416491
1,4,4,10,68,0.0043940239692714
1,4,4,10,69,0.0469458536573888
1,4,4,10,71,0.0948761275355347
1,4,4,10,72,0.0731628316845643
1,4,4,10,74,0.0002362756239233
1,4,4,10,76,0.003405825225545
1,4,4,10,78,0.0043786490120603
1,4,4,10,80,0.0143122986379089
1,4,4,10,82,0.0047563656642275
1,4,4,10,84,0.0037574270959157
1,4,4,10,87,0.0002883491383981
1,4,4,10,88,1.6315048245731574
1,4,4,10,89,0.0010688747373892
1,4,4,10,90,0.0005930422721812
1,4,4,10,93,0.0301179977821619
1,4,4,11,28,0.0096838853126892
1,4,4,11,31,2.3397711865109954e-06
1,4,4,11,32,2.7098079515781115
1,4,4,11,33,12.474893106189416
1,4,4,11,34,2.812162215958638
1,4,4,11,136,1.966626716117929e-07
1,4,4,12,21,0.0033576976045673
1,4,4,12,22,5.226642155167414e-06
1,4,4,12,25,0.3235645923973668
1,4,4,12,27,0.0009661269264026
1,4,4,12,28,0.1895797098337047
1,4,4,12,29,0.0578882037529452
1,4,4,12,30,0.0860179812706305
1,4,4,12,33,5.166806248434507
1,4,4,12,34,0.7239114524989079
1,4,4,13,28,0.0015096695037411
1,4,4,13,33,3.216281614868403
1,4,4,13,34,0.0302306015168372
1,4,4,13,50,6.636734524555699e-06
1,4,4,13,51,2.248727712457489e-07
1,4,4,13,65,0.0006970040874021
1,4,4,13,66,0.0001653833648699
1,4,4,13,67,0.0021192579950008
1,4,4,13,68,0.0071861278515803
1,4,4,13,69,0.4591181492685008
1,4,4,13,70,0.0063922186641986
1,4,4,13,71,0.0102784529963904
1,4,4,13,94,0.0002749692410086
1,4,4,13,95,0.0002162528247928
1,4,4,13,113,0.0001127631730329
1,4,4,13,114,4.26134818496339e-06
1,4,4,13,142,1.8467573493692152e-05
1,4,4,13,145,2.1763951600854503e-05
1,4,4,13,148,4.476983257770878e-05
1,4,4,13,149,2.9359531740615845e-05
1,4,4,13,151,0.0002406590738261
1,4,4,13,152,0.0002886279001736
1,4,4,13,153,0.0008839947234833
1,4,4,13,154,0.0006006578358317
1,4,4,13,155,1.748458716940122e-05
1,4,4,13,156,0.0002098550583791
1,4,4,13,157,0.0001310316605781
1,4,4,13,158,0.0001295060439715
1,4,4,14,18,0.0012296492356054
1,4,4,14,28,0.003049556453772
1,4,4,14,31,0.0373894624031112
1,4,4,14,32,0.7001123443349508
1,4,4,14,33,3.01355719641603
1,4,4,14,34,0.0025745186732357
1,4,4,14,59,0.0371408454388035
1,4,4,14,62,6.300137993112934e-06
1,4,4,14,63,0.0003302045285467
1,4,4,14,65,0.0817618265609353
1,4,4,14,67,0.019386740286544
1,4,4,14,68,0.0402921978468515
1,4,4,14,69,0.2372745274815038
1,4,4,14,71,0.1337568568872002
1,4,4,14,72,0.0199126444636073
1,4,4,14,74,0.0003884561535605
1,4,4,14,76,0.0035219908610813
1,4,4,14,78,1.5077476424200136e-05
1,4,4,14,80,0.0002992804832457
1,4,4,14,82,1.085306539009386e-05
1,4,4,14,84,0.0007407368392505
1,4,4,14,85,0.0171205059619771
1,4,4,14,87,0.0001989656102398
1,4,4,14,88,0.0002527855441707
1,4,4,14,89,0.000599000027519
1,4,4,14,90,0.0002158046889976
1,4,4,14,91,0.0001872128974526
1,4,4,14,93,5.65909880819725e-06
1,4,4,14,94,0.1626956920951758
1,4,4,14,96,0.0001222924452553
1,4,4,14,97,0.0004487617394556
1,4,4,14,98,0.0002397918225735
1,4,4,14,99,4.432484889678532e-06
1,4,4,14,101,5.5696368741300735e-06
1,4,4,14,102,4.048641048604632e-05
1,4,4,14,108,3.699769447698772e-05
1,4,4,14,109,0.0001366118054194
1,4,4,14,110,0.0004031158239648
1,4,4,14,111,0.0014485667771225
1,4,4,14,113,0.0007182460788804
1,4,4,14,117,0.1024050175973134
1,4,4,14,120,0.0055423726828348
1,4,4,14,121,0.0142777904117183
1,4,4,14,122,0.0017900095237933
1,4,4,14,123,2.709436612267908e-05
1,4,4,14,124,0.0114734409430473
1,4,4,14,126,9.071649731328812
1,4,4,14,132,0.0140799628506616
1,4,4,14,139,0.0081208798234139
1,4,4,14,140,3.2947543934513826e-05
1,4,4,14,142,0.0112609465554303
1,4,4,14,145,0.0066642410842533
1,4,4,14,148,9.86396915054666e-05
1,4,4,14,149,0.0166648627989389
1,4,4,14,151,0.0101248743949411
1,4,4,14,152,0.0002016609113667
1,4,4,14,153,0.0002857616546425
1,4,4,14,154,0.0001828797384961
1,4,4,14,155,2.2318896969673723e-05
1,4,4,14,156,0.0144013089225061
1,4,4,14,157,0.0034689194307312
1,4,4,14,158,0.0044085122026175
1,4,4,15,29,0.0042410293137764
1,4,4,15,30,0.1579629200726685
1,4,4,15,32,0.1836381679931688
1,4,4,15,33,0.6890065662078612
1,4,4,15,34,0.0383102131905433
1,4,4,15,35,0.0170849450820829
1,4,4,15,36,0.002275149376021
1,4,4,15,37,0.0013367601500526
1,4,4,15,38,0.017378885940145
1,4,4,15,39,9.944938711099024e-05
1,4,4,15,40,0.0337707622563676
1,4,4,15,42,0.0001196721143583
1,4,4,15,43,0.0004930410458727
1,4,4,15,44,0.0053407627639353
1,4,4,15,45,0.0086124866325396
1,4,4,15,57,0.0003041244649957
1,4,4,15,58,2.5388619137202957e-08
1,4,4,15,59,0.0030966451779233
1,4,4,15,63,0.0597876422595234
1,4,4,15,65,0.1688781780188228
1,4,4,15,66,0.1460156694823496
1,4,4,15,67,0.0107987877739406
1,4,4,15,68,0.004012583034177
1,4,4,15,69,1.595300841066923
1,4,4,15,70,0.0591622967602124
1,4,4,15,71,1.2177264385855433
1,4,4,15,85,0.0059360340655833
1,4,4,15,93,7.880684488917463e-05
1,4,4,16,32,1.888227850057048
1,4,4,16,33,8.362904935069563
1,4,4,16,34,1.8981841562440611
1,4,4,16,56,5.432987589013995e-07
1,4,4,16,57,0.000187544293887
1,4,4,16,58,5.118277441709656e-08
1,4,4,16,59,1.2684649871535192
1,4,4,16,60,0.5218810198598397
1,4,4,16,61,8.89653724757043e-05
1,4,4,16,62,0.0004527325674709
1,4,4,16,63,0.1326103630138226
1,4,4,16,65,0.6724680423448932
1,4,4,16,66,0.3947558080578213
1,4,4,16,67,0.8841806224663161
1,4,4,16,68,0.0921059347428655
1,4,4,16,69,0.7859093289809548
1,4,4,16,70,0.2070831498573407
1,4,4,16,71,0.4292846799982186
1,4,4,16,72,0.0447415883734132
1,4,4,16,73,0.0436916520741325
1,4,4,16,74,0.0208139491461058
1,4,4,16,76,0.0031787482803145
1,4,4,16,77,0.0013659222634317
1,4,4,16,78,0.0006905951589023
1,4,4,16,79,0.000680812263352
1,4,4,16,80,0.015600824220655
1,4,4,16,81,0.0065750322717346
1,4,4,16,82,0.0001914546027053
1,4,4,16,84,0.002877190598134
1,4,4,16,85,0.0006494871369028
1,4,4,17,32,0.2344222458908343
1,4,4,17,33,3.0100242608476666
1,4,4,17,34,0.0085874134544833
1,4,4,17,64,0.0931215417947698
1,4,4,17,65,0.3532503857463009
1,4,4,17,66,0.0825269562632565
1,4,4,17,67,0.0294953648450614
1,4,4,17,68,0.0190286478658344
1,4,4,17,69,0.596000772825176
1,4,4,17,70,0.0500073455796976
1,4,4,17,71,0.0223486657411066
1,4,4,18,33,0.1765896355029879
1,4,4,19,18,0.004658155838949
1,4,4,19,32,0.3221767283353245
1,4,4,19,33,0.7878393401389909
1,4,4,19,34,0.1788097486062143
1,4,4,19,65,0.0005468308463862
1,4,4,19,66,2.15876072892323e-05
1,4,4,19,67,0.0008129540599504
1,4,4,19,68,0.0035403880707864
1,4,4,19,69,0.0702312696843578
1,4,4,19,70,0.0023776903328009
1,4,4,19,71,0.0176537775259445
1,4,4,19,85,0.0002172203497856
1,4,4,19,113,0.0319984703576834
1,4,4,19,114,1.3780348434797174e-05
1,4,4,19,118,0.0036202837227428
1,4,4,19,140,6.867995689583583e-07
1,4,4,19,142,0.0007864200777384
1,4,4,19,144,0.0005542863413731
1,4,4,19,145,0.0010886805407445
1,4,4,19,149,0.0070707849591143
1,4,4,19,151,0.0095685155736723
1,4,4,19,152,0.0155054497508256
1,4,4,19,153,0.0255438532341261
1,4,4,19,154,0.0171489004526518
1,4,4,19,155,0.0017542038384071
1,4,4,19,156,0.0030762807381341
1,4,4,19,157,0.0038259845358216
1,4,4,19,158,0.0055987090797781
1,4,4,20,32,0.469442146486471
1,4,4,20,113,0.0220099085145258
1,4,4,21,31,2.6439795498896057e-05
1,4,4,21,33,0.7227809370510246
1,4,4,21,34,0.728885656673644
1,4,4,21,56,0.0217169362050691
1,4,4,21,57,0.217773322334592
1,4,4,21,58,0.001612020294397
1,4,4,21,59,3.557364929002971
1,4,4,21,60,3.7551020954883954
1,4,4,21,61,0.0024017329562394
1,4,4,21,62,0.0055470550235205
1,4,4,21,63,0.243827658015259
1,4,4,21,64,0.0248973994613278
1,4,4,21,65,0.0078961694987612
1,4,4,21,66,0.0096410661222532
1,4,4,21,67,0.0022281036790526
1,4,4,21,68,0.0064659896960563
1,4,4,21,69,0.0494176743641217
1,4,4,21,70,0.0141596255850908
1,4,4,21,71,0.0156539252551743
1,4,4,21,93,0.0018160838882221
1,4,4,21,94,0.2358536493142857
1,4,4,21,95,0.0004519491061849
1,4,4,21,113,0.1555700454342194
1,4,4,21,114,3.298311835629349e-05
1,4,4,21,117,3.201962990292558
1,4,4,21,136,0.074632582933842
1,4,4,22,8,0.010195436073858
1,4,4,22,20,0.1492099439953382
1,4,4,22,26,4.862569127506094
1,4,4,22,29,0.5502849162915214
1,4,4,22,30,0.0008274045814176
1,4,4,22,31,6.928776773495617e-06
1,4,4,22,32,5.887046314517385
1,4,4,22,33,41.95458246548257
1,4,4,22,34,0.6117060688992955
1,4,4,22,35,0.0004392163741804
1,4,4,22,36,0.0159570795428126
1,4,4,22,37,0.0004293848623725
1,4,4,22,38,2.531676497961829e-06
1,4,4,22,39,0.0006237954276015
1,4,4,22,40,0.0286882772277114
1,4,4,22,42,0.0014393120926754
1,4,4,22,43,0.0227481758888915
1,4,4,22,44,0.0088768059927002
1,4,4,22,45,0.1437232705222491
1,4,4,22,50,0.0464685605772784
1,4,4,22,51,0.0188159975827066
1,4,4,22,55,0.022784410309108
1,4,4,22,56,2.290479015339833e-05
1,4,4,22,57,0.0002182574534877
1,4,4,22,58,1.2105918018593304e-08
1,4,4,22,59,3.043617808102902
1,4,4,22,60,3.097322635514476
1,4,4,22,61,0.0151396800247287
1,4,4,22,62,0.0844571964553768
1,4,4,22,63,3.447583277881197
1,4,4,22,64,0.0260567847206416
1,4,4,22,65,1.1876151292625148
1,4,4,22,66,0.4345187819838254
1,4,4,22,67,0.1323825709284695
1,4,4,22,68,0.3488098508086092
1,4,4,22,69,1.8962885697256764
1,4,4,22,70,0.1583545669240111
1,4,4,22,71,0.2530613180271613
1,4,4,22,72,0.7848756851999209
1,4,4,22,73,0.6919928037919011
1,4,4,22,74,0.1907551722318931
1,4,4,22,76,0.190959248710872
1,4,4,22,77,0.0884300471652552
1,4,4,22,78,0.1142304933266751
1,4,4,22,79,0.0268132056840467
1,4,4,22,80,0.1353009874393622
1,4,4,22,81,0.0113715332542646
1,4,4,22,82,2.186816306322155e-05
1,4,4,22,84,0.0672703672689741
1,4,4,22,85,0.330177257818226
1,4,4,22,86,0.238652514075302
1,4,4,22,88,0.583732448910365
1,4,4,22,92,6.624010165133212e-05
1,4,4,22,93,0.1075800546340245
1,4,4,22,94,0.6362416494655425
1,4,4,22,96,3.3181787067870134
1,4,4,22,97,0.1149435105563346
1,4,4,22,99,0.0664316266621479
1,4,4,22,100,0.0232292485137927
1,4,4,22,101,0.0712136883992717
1,4,4,22,102,0.0897651078030636
1,4,4,22,107,0.0331541489942161
1,4,4,22,108,1.0634685411397466
1,4,4,22,109,2.018835838865562
1,4,4,22,110,7.846268765892947
1,4,4,22,111,4.547781970690392
1,4,4,22,112,0.0235495458917531
1,4,4,22,113,0.5449800832133956
1,4,4,22,114,0.000161271640521
1,4,4,22,115,0.000542184729848
1,4,4,22,116,0.0002961939256771
1,4,4,22,117,0.2180590074258666
1,4,4,22,118,0.0136615072191776
1,4,4,22,120,1.4523445880581636
1,4,4,22,121,8.728262441646157
1,4,4,22,122,0.2121540655399518
1,4,4,22,125,0.0343019857261572
1,4,4,22,126,0.027521091278888
1,4,4,22,128,2.8298887295668728e-05
1,4,4,22,132,0.1375860549594985
1,4,4,22,134,0.0267950546602825
1,4,4,22,135,0.7114778570988007
1,4,4,22,138,5.352905838733994e-05
1,4,4,22,139,0.0006661560086312
1,4,4,22,140,0.0019539219802197
1,4,4,22,141,0.0012047452691158
1,4,4,22,142,0.0294988819859788
1,4,4,22,143,4.8898360860997834e-05
1,4,4,22,144,0.0031927660406934
1,4,4,22,145,0.0030729853316413
1,4,4,22,146,0.0002961817264821
1,4,4,22,147,6.224583846260091e-06
1,4,4,22,148,0.0128438822207802
1,4,4,22,149,0.0370578726629486
1,4,4,22,150,0.0001671332379235
1,4,4,22,151,0.0159982049526029
1,4,4,22,152,0.028881950766102
1,4,4,22,153,0.0201432419873542
1,4,4,22,154,0.0111660789626405
1,4,4,22,155,0.003461344342962
1,4,4,22,156,0.0192799031370533
1,4,4,22,157,0.0027261593267321
1,4,4,22,158,0.0039161976471123
1,4,4,22,159,2.461426607424462e-05
1,4,4,22,160,0.0004336584976353
1,4,4,23,1,2.3148774376709673e-05
1,4,4,23,2,1.873691447518832e-06
1,4,4,23,3,0.000404519809477
1,4,4,23,4,0.0003053126807849
1,4,4,23,5,0.0002430332101609
1,4,4,23,6,3.359213059842818e-05
1,4,4,23,8,0.0076528930636805
1,4,4,23,9,3.124317049331178e-05
1,4,4,23,10,7.439683805626976e-05
1,4,4,23,11,1.2409512715561196e-05
1,4,4,23,12,6.092852877102874e-07
1,4,4,23,13,5.020002772742413e-08
1,4,4,23,14,2.9912040307786505e-05
1,4,4,23,26,0.001948397599924
1,4,4,23,29,6.404764800736388e-07
1,4,4,23,30,0.0279684481494394
1,4,4,23,31,0.0088956531546045
1,4,4,23,32,3.209739823517065
1,4,4,23,33,3.645993954286382
1,4,4,23,34,0.145255709842264
1,4,4,23,59,0.0019658593160121
1,4,4,23,60,0.0005107033193692
1,4,4,23,61,1.4855687062279214e-05
1,4,4,23,62,4.9203089211631615e-05
1,4,4,23,63,0.0011693985511419
1,4,4,23,65,0.0034373654053809
1,4,4,23,66,0.0011010479974885
1,4,4,23,67,0.0037438394740308
1,4,4,23,68,0.0002129169041342
1,4,4,23,69,0.0021276428413401
1,4,4,23,70,0.0001379028574278
1,4,4,23,71,0.0015806079434431
1,4,4,23,113,0.0008521508606873
1,4,4,23,117,0.010445449306422
1,4,4,23,118,0.0021197458787552
1,4,4,23,120,0.0017707949416676
1,4,4,23,121,0.0052945268657715
1,4,4,23,122,0.0003111160395256
1,4,4,23,132,0.0004050448807587
1,4,4,23,136,0.0004663398827709
1,4,4,24,24,3.787667127536288e-05
1,4,4,24,26,0.1036669966945615
1,4,4,24,29,0.0024757052444194
1,4,4,24,30,0.0022679786087401
1,4,4,24,31,0.0013156384488685
1,4,4,24,32,2.412246169111402
1,4,4,24,33,6.502045952824114
1,4,4,24,34,0.2858354807761244
1,4,4,25,25,5.508495425622386
1,4,4,25,26,13.978113469807562
1,4,4,25,29,0.4194723569298893
1,4,4,25,30,0.3129130909485717
1,4,4,25,31,1.5495411892074923e-06
1,4,4,25,32,9.477086857753395
1,4,4,25,33,8.591151908011108
1,4,4,25,34,2.2538919795996635
1,4,4,25,35,0.000588906191872
1,4,4,25,36,0.0010676865332739
1,4,4,25,37,0.0005218529126501
1,4,4,25,38,0.0041852095371917
1,4,4,25,39,5.195469597952701e-06
1,4,4,25,40,0.0073985806963997
1,4,4,25,41,3.9313678246617245e-06
1,4,4,25,42,3.65425142298363e-05
1,4,4,25,43,0.0075584814090235
1,4,4,25,44,0.002882911499472
1,4,4,25,45,1.1166027672222394e-05
1,4,4,25,59,1.8261203177474723
1,4,4,25,60,4.29075723172326
1,4,4,25,62,2.898511823605694e-06
1,4,4,25,63,0.0345955505364336
1,4,4,25,65,0.1367777975725368
1,4,4,25,66,0.0762867000634122
1,4,4,25,67,0.3911358240746821
1,4,4,25,68,0.0143404449078546
1,4,4,25,69,0.870494635014201
1,4,4,25,70,0.0325849174826072
1,4,4,25,71,0.1209812746273303
1,4,4,25,113,0.9303995723141568
1,4,4,25,114,0.0058828758241839
1,4,4,25,126,1.843371661867462
1,4,4,26,32,1.1722325026926164
1,4,4,26,33,0.9167108469145832
1,4,4,26,34,5.4668353880366016e-05
1,4,4,26,59,0.0002878259060715
1,4,4,26,60,0.0013273787997507
1,4,4,26,62,3.346837936977178e-05
1,4,4,26,63,0.0303771689767005
1,4,4,26,65,0.0005277852191259
1,4,4,26,66,0.001273214357572
1,4,4,26,67,0.003978088341037
1,4,4,26,68,0.0098230458499827
1,4,4,26,69,0.0502173699416003
1,4,4,26,70,0.0106908871273897
1,4,4,26,71,0.0230087904833746
1,4,4,26,113,0.060309022397168
1,4,4,26,114,3.280608451994754e-05
1,4,4,27,8,0.0134550219339622
1,4,4,27,18,0.0018480545701047
1,4,4,27,20,0.0001003672895056
1,4,4,27,29,0.0070684991484625
1,4,4,27,32,1.0121738839295018
1,4,4,27,33,1.744302038284549
1,4,4,27,34,0.0658006914728981
1,4,4,27,65,0.0417493336876121
1,4,4,27,66,0.0106683035750388
1,4,4,27,67,0.019083613298236
1,4,4,27,68,0.0421191916330944
1,4,4,27,69,0.5976546063853951
1,4,4,27,70,0.0487210515839521
1,4,4,27,71,0.0318633537080472
1,4,4,27,72,0.0665216357395485
1,4,4,27,73,0.0104565628341556
1,4,4,27,74,0.0330009660335665
1,4,4,27,76,0.0452393944691441
1,4,4,27,78,0.0141424675159055
1,4,4,27,80,0.0903032531185296
1,4,4,27,81,0.0189264415928266
1,4,4,27,82,0.003765712278047
1,4,4,27,84,0.0064277482749423
1,4,4,27,112,0.0091445061893662
1,4,4,27,113,0.0812507335277119
1,4,4,27,114,1.2008252448081676e-05
1,4,4,27,115,0.0006924500074662
1,4,4,27,116,0.0001755626434597
1,4,4,27,117,0.1644841275267068
1,4,4,27,118,0.028814351372434
1,4,4,27,120,0.0046306139883592
1,4,4,27,121,0.1335674752625678
1,4,4,27,122,0.0093587295171731
1,4,4,27,135,0.0069789189711272
1,4,4,28,29,0.0027675571841539
1,4,4,28,30,2.552863107121293e-05
1,4,4,28,32,0.9888292663821302
1,4,4,28,33,0.435003790451684
1,4,4,28,34,0.0003610175481006
1,4,4,28,40,0.0006425183136854
1,4,4,28,43,21.2811145166448
1,4,4,28,44,0.2330007572284911
1,4,4,28,45,12.083373413675996
1,4,4,28,59,0.0343961718132089
1,4,4,28,60,0.0056281076534027
1,4,4,28,61,4.133336461858904e-08
1,4,4,28,62,1.6075986410347088e-05
1,4,4,28,63,0.0223383149413343
1,4,4,28,64,0.005125694163055
1,4,4,28,65,0.040649950578651
1,4,4,28,66,0.0179145472040597
1,4,4,28,67,0.0076395519450212
1,4,4,28,68,0.0019414571173694
1,4,4,28,69,0.0168482329127845
1,4,4,28,70,0.0051218618122182
1,4,4,28,71,0.0126466648791911
1,4,4,28,117,0.0084276570930211
1,4,4,29,20,0.0019491860933053
1,4,4,29,23,0.0027395037751988
1,4,4,29,24,0.3500076553423168
1,4,4,29,25,0.3515907221046214
1,4,4,29,26,4.014206289939863
1,4,4,29,28,0.0026628714070327
1,4,4,29,29,4.685546365206288
1,4,4,29,30,0.1169063011977291
1,4,4,29,31,0.0224321362890826
1,4,4,29,32,4.3851151786191505
1,4,4,29,33,15.1511258501344
1,4,4,29,34,6.785084621398004
1,4,4,29,57,0.0475119813230407
1,4,4,29,63,0.0386108527175401
1,4,4,29,69,0.0887117396767328
1,4,4,29,71,0.0912218563934048
1,4,4,30,29,0.0165692485795796
1,4,4,30,31,7.80847064588374e-05
1,4,4,30,32,0.1720971544101662
1,4,4,30,33,1.8284403034609815
1,4,4,30,34,1.3366351706304702
1,4,4,31,24,0.010694323382257
1,4,4,31,25,15.83619100437803
1,4,4,31,26,2.119234908739529
1,4,4,31,27,0.0723093934349803
1,4,4,31,28,1.4480275617618854
1,4,4,31,29,0.7500064040171301
1,4,4,31,30,0.5236840266731799
1,4,4,31,31,1.416017457524173
1,4,4,31,33,284.4313985173261
1,4,4,31,34,19.32342135840876
1,4,4,32,21,0.047898159079889
1,4,4,32,22,0.0153755183884888
1,4,4,32,23,0.0120764965976828
1,4,4,32,24,0.0023515565781714
1,4,4,32,25,0.8069494093929618
1,4,4,32,26,2.4451830701259305
1,4,4,32,27,0.0068513609661893
1,4,4,32,29,0.8263262310104914
1,4,4,32,30,0.0766574110909825
1,4,4,32,31,0.1018541603149126
1,4,4,32,32,0.9853128935950106
1,4,4,32,33,3.2175286765524884
1,4,4,32,34,4.873765095539353
1,4,4,32,43,0.0005764144844479
1,4,4,32,47,0.0001114583296907
1,4,4,32,61,2.2450313948694578e-07
1,4,4,32,62,0.0001957833360875
1,4,4,32,63,0.14147378553058
1,4,4,32,69,0.0050993829534187
1,4,4,32,70,0.0005838569192155
1,4,4,32,71,0.022763809522981
1,4,4,32,74,0.0059459023117325
1,4,4,32,78,5.988294641100788e-05
1,4,4,32,79,0.0092264658894166
1,4,4,32,80,0.0017308739063174
1,4,4,32,81,2.0554737441034968e-05
1,4,4,32,82,0.0021304662354004
1,4,4,32,93,0.0010664282024807
1,4,4,32,96,0.0003911797828643
1,4,4,32,97,7.090746537521343e-05
1,4,4,32,98,1.7186417998718122e-05
1,4,4,32,99,0.0002210888371061
1,4,4,32,100,2.446771147584695e-06
1,4,4,32,101,1.8218377273136723e-05
1,4,4,32,102,2.3534149600645415e-05
1,4,4,32,107,5.932265335764414e-07
1,4,4,32,108,0.0002720140104772
1,4,4,32,109,0.0012747835282006
1,4,4,32,110,0.0004390601340464
1,4,4,32,112,7.172106349649022e-05
1,4,4,32,113,0.5490529540351471
1,4,4,32,114,1.951010420580573e-06
1,4,4,32,136,0.0079372393232472
1,4,4,33,25,0.0057769666228536
1,4,4,33,27,0.0630564068797649
1,4,4,33,29,0.0006660604349429
1,4,4,33,30,0.0004944715959724
1,4,4,33,31,0.0003174509886017
1,4,4,33,32,0.2795192042432656
1,4,4,33,33,1.3078407105360508
1,4,4,33,34,0.269137446620131
1,4,4,34,1,0.0007666620301813
1,4,4,34,2,0.0001636572265696
1,4,4,34,3,0.058495642983674
1,4,4,34,4,0.0013781511145083
1,4,4,34,5,0.0177085966753266
1,4,4,34,6,0.0165439499988394
1,4,4,34,7,0.0097499863863771
1,4,4,34,8,0.0115146503420288
1,4,4,34,18,0.0074611173887955
1,4,4,34,20,0.0008675619371331
1,4,4,34,24,0.0011919599878842
1,4,4,34,25,4.82887310688825
1,4,4,34,26,4.89032864433682
1,4,4,34,27,0.0492314221103695
1,4,4,34,28,0.6230054242305196
1,4,4,34,29,0.2044215058619901
1,4,4,34,30,0.4644293617606306
1,4,4,34,31,0.0921275491822719
1,4,4,34,32,0.6693519988837324
1,4,4,34,33,7.021198149844168
1,4,4,34,34,0.6828427343102657
1,4,4,34,63,1.0803901391215414
1,4,4,34,65,0.0071062737631762
1,4,4,34,66,0.0014065003080504
1,4,4,34,67,0.0050927479866267
1,4,4,34,68,1.8473393509894443e-05
1,4,4,34,69,0.0096413107636549
1,4,4,34,71,0.0214363498010846
1,4,4,34,72,0.05690190937038
1,4,4,34,73,0.0254572683301289
1,4,4,34,74,0.000245610740374
1,4,4,34,76,0.0006735452904982
1,4,4,34,77,0.0001097783278784
1,4,4,34,78,6.147326577075124e-05
1,4,4,34,79,1.2654475496074128e-05
1,4,4,34,80,0.000161937954637
1,4,4,34,81,1.709404693964345e-07
1,4,4,34,82,4.179076334758066e-06
1,4,4,34,83,7.179721110836807e-05
1,4,4,34,84,7.409538249492872e-05
1,4,4,34,91,0.0463659302368878
1,4,4,34,93,0.0001547761045438
1,4,4,34,94,0.0001069378917534
1,4,4,35,24,0.0001882365803393
1,4,4,35,25,5.572366938480713
1,4,4,35,26,0.0242552832358034
1,4,4,35,28,0.558690711180332
1,4,4,35,29,0.0542785115159677
1,4,4,35,30,0.1204915008253445
1,4,4,35,31,0.3021751435614684
1,4,4,35,32,13.210942326709734
1,4,4,35,33,73.76668143593261
1,4,4,35,34,2.5466347699706975
1,4,4,35,42,3.7436100494278025e-05
1,4,4,35,47,0.0079639545126305
1,4,4,35,52,0.0025519079667498
1,4,4,35,54,0.0989294182702746
1,4,4,35,65,0.0191698363836884
1,4,4,35,67,0.0067711106846468
1,4,4,35,68,6.457682461881228e-05
1,4,4,35,69,0.0015611349036227
1,4,4,35,71,0.0340498077721741
1,4,4,35,84,2.3308254426436297e-05
1,4,4,35,87,6.936109096979591e-07
1,4,4,35,88,3.861033365053155e-05
1,4,4,35,93,0.0014759398760012
1,4,4,35,94,8.803704684253852e-09
1,4,4,36,25,0.406011051421893
1,4,4,36,26,0.4866661963299215
1,4,4,36,29,2.0699977489616335
1,4,4,36,30,0.1042477133377267
1,4,4,36,31,0.5886145303401277
1,4,4,36,32,0.0729852533571343
1,4,4,36,33,0.7148749491248125
1,4,4,36,34,0.1371308890273192
1,4,4,36,35,1.8226928384386671e-06
1,4,4,36,36,6.283779404305595e-06
1,4,4,36,37,2.828706527245318e-08
1,4,4,36,38,8.330036855343004e-08
1,4,4,36,39,2.339818758901129e-06
1,4,4,36,40,3.889144427362152e-06
1,4,4,36,42,4.238348133275471e-06
1,4,4,36,43,0.0001896862189503
1,4,4,36,44,2.3552888556019737e-06
1,4,4,36,45,2.670563605118856e-05
1,4,4,36,46,8.92084126947295e-09
1,4,4,36,50,5.793515221512411e-09
1,4,4,36,53,5.6745389570079595e-08
1,4,4,36,54,1.6063548389984645e-06
1,4,4,36,59,0.0585441960248857
1,4,4,36,62,0.000618838098992
1,4,4,36,63,0.1633800928581432
1,4,4,36,64,5.476212703001803e-05
1,4,4,36,65,0.0017279811611266
1,4,4,36,67,0.0001302306830312
1,4,4,36,68,1.4845075424714205e-05
1,4,4,36,69,0.0001335496645953
1,4,4,36,71,0.0001094535930028
1,4,4,36,72,1.0533223338989894e-05
1,4,4,36,73,9.07896141549012e-06
1,4,4,36,74,8.510911690238671e-05
1,4,4,36,76,3.5359396208624115e-08
1,4,4,36,77,1.300724927894477e-07
1,4,4,36,78,3.228874680389566e-05
1,4,4,36,79,3.339278541958882e-06
1,4,4,36,80,0.0001376636317695
1,4,4,36,81,3.0962230876551784e-06
1,4,4,36,82,6.977798671459716e-06
1,4,4,36,84,3.51350949613346e-07
1,4,4,36,85,9.85735953959244e-07
1,4,4,36,86,2.348812672270854e-08
1,4,4,36,87,7.303988918605733e-06
1,4,4,36,88,4.764070090612805e-07
1,4,4,36,89,0.0002229438407744
1,4,4,36,90,3.1863591325248014e-05
1,4,4,36,91,1.2914040130311156e-07
1,4,4,36,93,0.01816731027313
1,4,4,36,94,0.0002181657638798
1,4,4,36,113,0.0170946427753074
1,4,4,37,1,0.0002397049022108
1,4,4,37,2,0.0102369146325958
1,4,4,37,3,0.1027411100854228
1,4,4,37,4,0.001455651525287
1,4,4,37,5,0.0644843887018031
1,4,4,37,6,0.072782526802254
1,4,4,37,7,0.0001105989805213
1,4,4,37,8,0.2176346602524726
1,4,4,37,9,0.0016182386903678
1,4,4,37,10,0.0009599692880187
1,4,4,37,11,0.0007651710216466
1,4,4,37,12,9.772600315884468e-06
1,4,4,37,13,2.1457449722902656e-06
1,4,4,37,14,0.0008488419339285
1,4,4,37,18,0.1168483435483614
1,4,4,37,20,0.0395031387545871
1,4,4,37,21,0.1076097467959207
1,4,4,37,22,0.0020370542493293
1,4,4,37,24,0.0850519202572797
1,4,4,37,25,4.201492094154368
1,4,4,37,26,0.9098515477216848
1,4,4,37,27,0.0105874775676273
1,4,4,37,28,0.0377745270704851
1,4,4,37,29,2.351948905711586
1,4,4,37,30,0.2860333120117529
1,4,4,37,31,0.3932582200499451
1,4,4,37,33,18.720754380803577
1,4,4,37,34,8.30435049300678
1,4,4,37,37,4.639689066892915e-05
1,4,4,37,38,6.066876003111168e-05
1,4,4,37,39,0.001293033772778
1,4,4,37,40,0.0007646501725308
1,4,4,37,41,1.0804378254059094e-05
1,4,4,37,42,0.0010682065465729
1,4,4,37,43,0.0007176156222355
1,4,4,37,44,8.300706240342833e-05
1,4,4,37,45,0.0009161951242257
1,4,4,37,46,8.396774220914834e-06
1,4,4,37,47,0.0023655186980496
1,4,4,37,48,0.0001906383214223
1,4,4,37,49,0.000528447483015
1,4,4,37,50,0.0057095573438885
1,4,4,37,52,0.0051207636868446
1,4,4,37,54,0.0078599557729461
1,4,4,37,55,0.001181897134083
1,4,4,37,56,0.0584395053742816
1,4,4,37,57,0.4779969788924286
1,4,4,37,58,0.0119494661202817
1,4,4,37,59,0.0315514222714789
1,4,4,37,61,0.0046248244037112
1,4,4,37,62,0.3482683349034733
1,4,4,37,63,0.5514681265357998
1,4,4,37,64,0.0359372020132578
1,4,4,37,65,0.0001901990232978
1,4,4,37,67,4.332756874809019e-05
1,4,4,37,68,1.0888811119494874e-06
1,4,4,37,69,9.607516518657334e-05
1,4,4,37,71,4.285935024974992e-05
1,4,4,37,72,0.0770873821886052
1,4,4,37,74,0.0308517874312015
1,4,4,37,76,0.0199502037052493
1,4,4,37,78,0.0014370273497469
1,4,4,37,80,0.0256131757662932
1,4,4,37,82,0.0121872306511417
1,4,4,37,84,0.0025360736373184
1,4,4,37,85,0.0924921871338343
1,4,4,37,86,0.0425931390855617
1,4,4,37,87,8.121671515297814e-05
1,4,4,37,88,0.0012696524339885
1,4,4,37,89,0.0002038879311053
1,4,4,37,90,0.0008341133606132
1,4,4,37,91,0.0012583671938678
1,4,4,37,92,0.0014314136340227
1,4,4,37,93,0.0019210760937454
1,4,4,37,94,0.000249219164866
1,4,4,37,96,0.0023308645206268
1,4,4,37,97,0.0056600588320207
1,4,4,37,98,0.0011866754295406
1,4,4,37,99,0.0012672210772679
1,4,4,37,101,0.0003404882133705
1,4,4,37,102,1.3410072906455076e-05
1,4,4,37,106,4.044228329435527e-06
1,4,4,37,107,5.421512312953206e-05
1,4,4,37,108,0.0009823905217323
1,4,4,37,109,0.0017783317105627
1,4,4,37,110,0.0050108249002609
1,4,4,37,111,0.0012963762597672
1,4,4,37,112,6.375449482579701e-05
1,4,4,37,115,0.0044560663670394
1,4,4,37,116,0.0009622473720525
1,4,4,37,117,0.0704554776112462
1,4,4,37,118,0.0103939197211393
1,4,4,37,119,0.0003950962098755
1,4,4,37,120,0.5233317673917048
1,4,4,37,121,0.4118310891267366
1,4,4,37,122,0.1963987700063434
1,4,4,37,123,0.0006577581656376
1,4,4,37,124,0.0039627585908826
1,4,4,37,125,0.0029490581930466
1,4,4,37,126,0.5476073024788282
1,4,4,37,131,2.7059099182308436e-05
1,4,4,37,134,0.0942353170622816
1,4,4,37,136,0.0195069671881363
1,4,4,37,137,0.0003824014850534
1,4,4,37,138,0.0002094489947569
1,4,4,37,139,1.338589147664548e-05
1,4,4,37,140,9.81852754211866e-06
1,4,4,37,141,1.6119186379635742e-06
1,4,4,37,142,2.440465563324331e-05
1,4,4,37,143,1.2817703877332809e-06
1,4,4,37,144,3.813178589528619e-06
1,4,4,37,145,3.784623521762372e-06
1,4,4,37,151,0.000238052669097
1,4,4,37,152,0.0003278176082894
1,4,4,37,153,0.0337233416055074
1,4,4,37,154,0.0225320416564731
1,4,4,37,155,0.0026907891995872
1,4,4,37,156,0.0046909852597243
1,4,4,37,157,0.0042055966345042
1,4,4,37,158,0.0048031938632426
1,4,4,37,160,0.0088542371466252
1,4,4,38,24,0.0413714837173783
1,4,4,38,25,12.7248148940373
1,4,4,38,26,3.0510997815391105
1,4,4,38,27,0.2833591570647569
1,4,4,38,28,2.202645086160335
1,4,4,38,29,6.164763613322131
1,4,4,38,30,0.7103055716887252
1,4,4,38,31,0.2978792690390878
1,4,4,38,32,0.524930030256879
1,4,4,38,33,2.630193562541156
1,4,4,38,34,2.4178748390560347
1,4,4,39,32,0.0981686688134013
1,4,4,39,33,7.642499134975586
1,4,4,39,34,0.1998339745477594
1,4,4,39,65,0.094344526214716
1,4,4,39,67,0.0145885242076677
1,4,4,39,68,0.0001627623390966
1,4,4,39,69,0.0258211343849848
1,4,4,39,71,0.0349989488693701
1,4,4,39,113,0.0069424924500787
1,4,4,39,137,0.0008236657543818
1,4,4,39,138,0.0001728988207078
1,4,4,40,25,0.2917270392553861
1,4,4,40,26,0.5382786481809858
1,4,4,40,27,0.0075760044177867
1,4,4,40,28,0.0186540650128364
1,4,4,40,29,0.2849610766057613
1,4,4,40,30,0.0814727831439111
1,4,4,40,31,0.1374728536641024
1,4,4,40,32,20.746121996560483
1,4,4,40,33,15.6569805186505
1,4,4,40,34,4.121520442009942
1,4,4,40,50,0.0007632990800618
1,4,4,40,55,0.000456598509897
1,4,4,40,56,8.975737657070023e-05
1,4,4,40,57,0.00824410505298
1,4,4,40,58,9.967074063105391e-07
1,4,4,40,59,0.0034513628719654
1,4,4,40,62,5.12157194208316e-05
1,4,4,40,65,0.0665568904907806
1,4,4,40,67,0.0293109056643765
1,4,4,40,68,4.9176686246997147e-05
1,4,4,40,69,0.0051130168107183
1,4,4,40,71,0.0329890284672087
1,4,4,40,72,0.0004643028202906
1,4,4,40,74,0.0002709748303408
1,4,4,40,76,0.0003475045688272
1,4,4,40,78,1.834805173021616e-05
1,4,4,40,80,0.0003333546572193
1,4,4,40,82,2.3577930557021514e-06
1,4,4,40,84,5.488067870138528e-05
1,4,4,41,33,1.8785404135293715
1,4,4,41,34,0.0345022859453542
1,4,4,42,25,1.900106473659869
1,4,4,42,27,0.0001175969532399
1,4,4,42,31,0.122868910870988
1,4,4,42,32,14.34366882577331
1,4,4,42,33,14.757907155029702
1,4,4,42,34,0.054961550384156
1,4,4,42,57,0.2893144185493028
1,4,4,42,58,2.2802398224110147e-06
1,4,4,42,59,0.5838512606331998
1,4,4,42,61,0.0010320510259404
1,4,4,42,62,0.6096236677963601
1,4,4,42,63,0.074185957793463
1,4,4,42,65,0.1636639958134466
1,4,4,42,67,0.0627343531013564
1,4,4,42,68,0.0013766334346282
1,4,4,42,69,0.0252351446264306
1,4,4,42,71,0.2290455409207664
1,4,4,42,72,0.0002103528014385
1,4,4,42,74,0.0001524692848332
1,4,4,42,76,0.001680307093261
1,4,4,42,78,5.35993903229441e-05
1,4,4,42,80,0.0003161112604013
1,4,4,42,82,0.0002456636933743
1,4,4,42,84,7.253308712419208e-05
1,4,4,42,87,7.094441937587999e-06
1,4,4,42,88,0.0004558598479063
1,4,4,42,89,0.0002139900281864
1,4,4,42,90,0.0006885188474012
1,4,4,42,91,4.152025337919384e-05
1,4,4,42,93,5.206069285919125e-05
1,4,4,43,26,1.208716935883967
1,4,4,43,27,3.7892401538797023
1,4,4,43,28,1.155753258655964
1,4,4,43,29,0.3482240718764888
1,4,4,43,30,3.9632419312978087
1,4,4,43,31,0.0026881099819342
1,4,4,43,32,0.0215471411449073
1,4,4,43,33,0.5554714618443412
1,4,4,43,34,0.0256896876572062
1,4,4,44,22,0.0170258817117723
1,4,4,44,23,0.0018150714571472
1,4,4,44,24,0.0110674546578537
1,4,4,44,25,1.0866036720028025
1,4,4,44,26,0.4034688413826945
1,4,4,44,27,0.0020952935441662
1,4,4,44,29,2.596352858958806
1,4,4,44,30,0.0158352223667631
1,4,4,44,31,3.0377245074124217
1,4,4,44,32,0.5957285162954867
1,4,4,44,33,2.8178342281377047
1,4,4,44,34,6.141060480914811
1,4,4,44,162,0.0104342950329996
1,4,4,45,1,0.0703439734029219
1,4,4,45,2,0.0059809080301326
1,4,4,45,3,0.071410245592568
1,4,4,45,4,0.0279609950202497
1,4,4,45,5,0.0859938412697072
1,4,4,45,6,0.0988739396845886
1,4,4,45,7,0.0059893870700932
1,4,4,45,8,0.0409256556485344
1,4,4,45,9,0.003102179527636
1,4,4,45,10,0.1133592722559214
1,4,4,45,11,0.0050084971737207
1,4,4,45,12,0.0001169303722403
1,4,4,45,13,9.351966682545252e-05
1,4,4,45,14,0.0043976263896156
1,4,4,45,18,0.0126544560354431
1,4,4,45,20,0.015652487772744
1,4,4,45,21,0.1906988827531641
1,4,4,45,22,0.0509842717377217
1,4,4,45,23,0.0290216616845198
1,4,4,45,24,7.029973733658726
1,4,4,45,25,8.0396711742112
1,4,4,45,26,9.248940191797224
1,4,4,45,27,1.2400078342455814
1,4,4,45,28,0.5119392543069234
1,4,4,45,29,3.887296310978267
1,4,4,45,30,0.6377542941764044
1,4,4,45,31,1.7458361529928967
1,4,4,45,32,41.81945798494837
1,4,4,45,33,68.6249159858301
1,4,4,45,34,0.0048556008378956
1,4,4,45,35,0.0003048131756097
1,4,4,45,36,0.000819289970088
1,4,4,45,37,0.0002356593508386
1,4,4,45,38,0.0003038280873996
1,4,4,45,39,0.0007084514690253
1,4,4,45,40,0.0085053808770153
1,4,4,45,41,2.94835890543869e-05
1,4,4,45,42,0.0020146832840066
1,4,4,45,43,0.0048770873834469
1,4,4,45,44,0.0068583066269619
1,4,4,45,45,0.0312366412549858
1,4,4,45,46,0.0001015393980902
1,4,4,45,47,0.0026555356330773
1,4,4,45,48,7.749005998387081e-06
1,4,4,45,49,0.0012918190647147
1,4,4,45,50,0.0042245681570613
1,4,4,45,52,0.0034856031270962
1,4,4,45,54,0.0105921377371062
1,4,4,45,55,0.0039252040670978
1,4,4,45,56,0.007110989489655
1,4,4,45,57,0.0249415875670218
1,4,4,45,58,0.0071920316005702
1,4,4,45,59,0.0031859781802635
1,4,4,45,61,0.0198155453492766
1,4,4,45,62,0.0157515059205438
1,4,4,45,63,0.0060874663392124
1,4,4,45,64,0.0085307822866086
1,4,4,45,65,0.0196543149140832
1,4,4,45,67,0.0293746371716954
1,4,4,45,68,0.0216491328175777
1,4,4,45,69,0.0111137653354265
1,4,4,45,71,0.0327325823871404
1,4,4,45,72,0.0210314381932746
1,4,4,45,74,0.0112826412314403
1,4,4,45,76,0.0079008759140006
1,4,4,45,78,0.0095746663239311
1,4,4,45,80,0.0128298911782687
1,4,4,45,82,0.0172820021899689
1,4,4,45,84,0.0108684141817596
1,4,4,45,85,0.0110025238583773
1,4,4,45,86,0.0048441576455905
1,4,4,45,87,0.0003020840501722
1,4,4,45,88,0.0103779320170973
1,4,4,45,89,0.0023965754546342
1,4,4,45,90,0.011691698062112
1,4,4,45,91,0.0030276826785682
1,4,4,45,92,0.0045847973860153
1,4,4,45,93,0.0048584623306749
1,4,4,45,94,0.0085246818752845
1,4,4,45,96,0.0127857723649264
1,4,4,45,97,0.0131907430424689
1,4,4,45,98,0.0008448380510537
1,4,4,45,99,0.0101197411911542
1,4,4,45,100,0.0116638407305786
1,4,4,45,101,0.0069937742203948
1,4,4,45,102,0.000538244348116
1,4,4,45,106,0.0001966299879789
1,4,4,45,107,0.0432316937833183
1,4,4,45,108,0.0112312442387306
1,4,4,45,109,0.0106235061937287
1,4,4,45,110,0.0120322605463542
1,4,4,45,111,0.0205762404294168
1,4,4,45,112,0.008821251743711
1,4,4,45,113,0.0565549480100957
1,4,4,45,115,0.1221134786814381
1,4,4,45,116,0.0199036003385083
1,4,4,45,117,0.3357764382842249
1,4,4,45,118,0.1316748450575271
1,4,4,45,119,0.0687542107589386
1,4,4,45,120,0.1695967636926231
1,4,4,45,121,1.1611531504079289
1,4,4,45,122,0.0391474744818216
1,4,4,45,123,2.2277181278873215
1,4,4,45,124,0.0018495373156552
1,4,4,45,125,0.0544666282563994
1,4,4,45,126,0.0936984660505512
1,4,4,45,131,0.010619131149459
1,4,4,45,132,0.0034408055155794
1,4,4,45,134,0.0027954304199047
1,4,4,45,135,0.0405788670538425
1,4,4,45,136,0.0013555899689584
1,4,4,45,137,0.002624278322666
1,4,4,45,138,0.0006978502494538
1,4,4,45,153,0.0150613787562107
1,4,4,45,154,0.0134706981236599
1,4,4,45,155,0.002489475230904
1,4,4,45,156,0.0036189310013309
1,4,4,45,157,0.017647700935151
1,4,4,45,158,0.0054011805010388
1,4,4,45,160,0.0081730333086947
1,4,4,45,162,0.052849878291398
1,4,4,46,1,4.55790365352593e-08
1,4,4,46,2,1.1308577798021836e-08
1,4,4,46,3,0.0018148747952615
1,4,4,46,4,2.560577926597463e-07
1,4,4,46,5,5.0322053278746405e-06
1,4,4,46,6,0.0023710056272468
1,4,4,46,7,3.709932026729812e-07
1,4,4,46,8,0.0594833919717231
1,4,4,46,9,0.0118109563376326
1,4,4,46,10,0.0011826330059064
1,4,4,46,11,0.0013986847131511
1,4,4,46,14,0.0005774921093425
1,4,4,46,18,1.2544368208763284e-06
1,4,4,46,20,0.0919630204821718
1,4,4,46,21,0.1352670830024967
1,4,4,46,22,0.1154373459159454
1,4,4,46,25,0.5935096266891238
1,4,4,46,26,11.697036392621232
1,4,4,46,27,0.7231294668600778
1,4,4,46,28,0.7907961527936163
1,4,4,46,29,13.269240097683
1,4,4,46,30,5.975885418883398
1,4,4,46,31,0.7075589042956835
1,4,4,46,32,1.7229300456903167
1,4,4,46,33,10.785408200374729
1,4,4,46,34,1.740069232882976
1,4,4,46,35,0.0024648913469793
1,4,4,46,36,0.0063989083940594
1,4,4,46,37,0.0027446458280596
1,4,4,46,38,0.0013845097980584
1,4,4,46,39,0.002771689824374
1,4,4,46,40,0.0078643620416295
1,4,4,46,41,5.52184784401652e-06
1,4,4,46,42,0.00381184812026
1,4,4,46,43,0.0162054318344618
1,4,4,46,44,0.017145223216538
1,4,4,46,45,1.9599151420611445e-06
1,4,4,46,46,6.978820560154629e-06
1,4,4,46,47,1.850480104526577e-05
1,4,4,46,48,4.2931318665839875e-07
1,4,4,46,49,1.172788119293764e-06
1,4,4,46,50,0.021309944232794
1,4,4,46,52,0.005948049836579
1,4,4,46,54,0.009885111931986
1,4,4,46,55,0.0015167015090442
1,4,4,46,56,0.0305084283632692
1,4,4,46,57,0.0854032424427859
1,4,4,46,58,9.015424582083312e-06
1,4,4,46,59,0.0545551566127507
1,4,4,46,61,0.0091997456820198
1,4,4,46,62,0.0358471561451914
1,4,4,46,63,2.824480902053969e-05
1,4,4,46,64,0.0090874806845169
1,4,4,46,65,0.0384787310906854
1,4,4,46,67,0.0232790381712295
1,4,4,46,68,0.0209083723647723
1,4,4,46,69,0.0448208603168286
1,4,4,46,71,0.023103083512663
1,4,4,46,72,0.0364520994493718
1,4,4,46,74,0.0482655597947648
1,4,4,46,76,0.048565620775611
1,4,4,46,78,0.0628236655202569
1,4,4,46,80,8.226223830442061e-05
1,4,4,46,82,0.0315707580657007
1,4,4,46,84,0.0184248233470776
1,4,4,46,85,0.0284545007116813
1,4,4,46,86,0.0191861852552051
1,4,4,46,88,0.003632439145458
1,4,4,46,89,0.0007506593398276
1,4,4,46,90,0.0004721127001897
1,4,4,46,91,0.0013433821871817
1,4,4,46,92,0.0127531535461916
1,4,4,46,93,0.022350976481668
1,4,4,46,94,0.0416383748472401
1,4,4,46,96,0.0359953437405747
1,4,4,46,97,0.0252138465708616
1,4,4,46,98,3.616777569294923e-05
1,4,4,46,99,0.0199163317770595
1,4,4,46,100,0.0041198283461557
1,4,4,46,101,0.0326241997999129
1,4,4,46,102,0.0217894370043754
1,4,4,46,107,0.0151403659991109
1,4,4,46,108,0.023579786012248
1,4,4,46,109,0.0362177371657315
1,4,4,46,110,0.0140659551877906
1,4,4,46,112,0.0017845713016216
1,4,4,46,113,0.0348815658713241
1,4,4,46,115,0.0665006239464066
1,4,4,46,116,0.0728779760289601
1,4,4,46,117,0.0995822044893522
1,4,4,46,118,0.0878060881288745
1,4,4,46,119,2.493643962225332e-07
1,4,4,46,120,0.1004801293624872
1,4,4,46,121,0.2053607455802298
1,4,4,46,122,0.0939084483461526
1,4,4,46,124,1.082712779480348e-07
1,4,4,46,125,0.0179869899955165
1,4,4,46,126,0.1066810916700548
1,4,4,46,131,1.2707454643412086e-07
1,4,4,46,132,0.0190411590555641
1,4,4,46,134,0.0143597363552772
1,4,4,46,135,0.0684721302960499
1,4,4,46,136,0.0003806176510606
1,4,4,46,137,1.931892562209812e-09
1,4,4,46,138,8.606906296367684e-05
1,4,4,46,153,0.0265226424458129
1,4,4,46,154,0.0195646900351307
1,4,4,46,155,0.0231622167341832
1,4,4,46,156,0.021748491440275
1,4,4,46,157,0.0218634117129514
1,4,4,46,158,0.021097393933234
1,4,4,46,160,0.0148790969187614
1,4,4,46,162,0.9283802934357402
1,4,4,47,1,0.0497912023078007
1,4,4,47,2,0.1034226020492438
1,4,4,47,3,0.0850478884916681
1,4,4,47,4,0.0745867572126956
1,4,4,47,5,0.1431591745212578
1,4,4,47,6,0.0752933429154763
1,4,4,47,7,0.0478750026981719
1,4,4,47,8,0.0950587892899554
1,4,4,47,9,0.3576638858260588
1,4,4,47,10,0.9775417643833518
1,4,4,47,11,0.2805590541734933
1,4,4,47,12,0.008676938684205
1,4,4,47,13,0.0002409383219041
1,4,4,47,14,0.2766118625216863
1,4,4,47,18,0.0192253421070347
1,4,4,47,20,1.058692208090009
1,4,4,47,21,0.0005775187205036
1,4,4,47,22,0.3470912213574822
1,4,4,47,24,0.0557961583561556
1,4,4,47,25,2.7580635714539867
1,4,4,47,26,0.8403806874088146
1,4,4,47,27,0.1484991293505865
1,4,4,47,28,0.1023559611380207
1,4,4,47,29,0.06326482704446
1,4,4,47,30,0.1682539087109136
1,4,4,47,31,0.1599150859173712
1,4,4,47,32,0.1697273520287328
1,4,4,47,33,13.20822023843796
1,4,4,47,34,5.563419237798594
1,4,4,47,35,0.0139141449646753
1,4,4,47,36,0.0308858884003346
1,4,4,47,37,0.0423198338636545
1,4,4,47,38,0.0362871215304195
1,4,4,47,39,0.0134265767004731
1,4,4,47,40,0.1051595485090424
1,4,4,47,41,8.966556956670004e-05
1,4,4,47,42,0.0253889637385963
1,4,4,47,43,0.1227729695009601
1,4,4,47,44,0.0285427506207929
1,4,4,47,45,0.0997137636819723
1,4,4,47,46,0.000971056397089
1,4,4,47,47,0.0044363139658833
1,4,4,47,48,3.1946497850017135e-06
1,4,4,47,49,2.14012034442648e-06
1,4,4,47,50,0.0187308616837373
1,4,4,47,52,0.7240124126291209
1,4,4,47,54,0.0016101424248602
1,4,4,47,55,0.0068201314804939
1,4,4,47,56,0.0513045180713197
1,4,4,47,57,0.0568341689940316
1,4,4,47,58,0.0045451732966751
1,4,4,47,59,0.4606009862784964
1,4,4,47,61,0.0573674946148082
1,4,4,47,62,0.0428140511155851
1,4,4,47,63,139.1540268497377
1,4,4,47,64,0.046434328349443
1,4,4,47,65,0.0868597173591977
1,4,4,47,67,0.0453444162795863
1,4,4,47,68,0.0340697548073645
1,4,4,47,69,0.3222000178284677
1,4,4,47,71,0.0390688224917916
1,4,4,47,72,0.0071746693064289
1,4,4,47,74,0.0178905135831297
1,4,4,47,76,0.0292376145665552
1,4,4,47,78,0.0200106697618993
1,4,4,47,80,0.0350139046780373
1,4,4,47,82,0.0088029578442076
1,4,4,47,84,0.0231617352051757
1,4,4,47,85,0.1722103791663763
1,4,4,47,86,0.0708958959911971
1,4,4,47,87,0.0004719906911416
1,4,4,47,88,0.0675007516164554
1,4,4,47,89,0.0861744435885299
1,4,4,47,90,0.0236283563278499
1,4,4,47,91,0.0179762488163338
1,4,4,47,92,0.0273282550488822
1,4,4,47,93,0.0537556285666286
1,4,4,47,94,0.0110529390893188
1,4,4,47,96,0.06324885180322
1,4,4,47,97,0.0929604268142489
1,4,4,47,98,0.007512789815301
1,4,4,47,99,0.0223180260941454
1,4,4,47,100,0.0010523247208258
1,4,4,47,101,0.046022953681008
1,4,4,47,102,0.0048546292109139
1,4,4,47,106,0.0046178022799766
1,4,4,47,107,0.0549967234877486
1,4,4,47,108,0.049780207821602
1,4,4,47,109,0.0347451558583266
1,4,4,47,110,0.1344319488032083
1,4,4,47,111,0.5153379800564165
1,4,4,47,112,0.0385075062755529
1,4,4,47,113,0.3144095537426605
1,4,4,47,115,0.2994098852616375
1,4,4,47,116,0.0756989475616207
1,4,4,47,117,1.7148699423379163
1,4,4,47,118,1.051819533099161
1,4,4,47,119,0.0592721845700936
1,4,4,47,120,0.904269447412689
1,4,4,47,121,3.650655452989776
1,4,4,47,122,0.1751750593328682
1,4,4,47,123,0.0459171522444263
1,4,4,47,124,0.065692675748789
1,4,4,47,125,0.041931094151463
1,4,4,47,126,3.3241661995359095
1,4,4,47,131,3.023242850476216e-08
1,4,4,47,132,0.0099763474157776
1,4,4,47,134,0.0163994530218008
1,4,4,47,135,0.0046441952507544
1,4,4,47,136,0.0001755911110313
1,4,4,47,137,0.0012462046836297
1,4,4,47,138,8.815160122908213e-05
1,4,4,47,153,0.0257560455944046
1,4,4,47,154,0.0245373539576557
1,4,4,47,155,0.0144691142991429
1,4,4,47,156,0.0254400997546407
1,4,4,47,157,0.0268777075562083
1,4,4,47,158,0.0294711582885538
1,4,4,47,160,0.0026449927501208
1,4,4,47,162,0.0083940274099711
1,4,4,48,1,0.009045065404191
1,4,4,48,2,0.0636592172949625
1,4,4,48,3,0.002964320321389
1,4,4,48,4,0.0063865240239016
1,4,4,48,5,0.0294167175990682
1,4,4,48,6,0.0811796822081492
1,4,4,48,7,1.6603840380941563e-06
1,4,4,48,8,2.9898159663244913e-05
1,4,4,48,9,0.1115220399844707
1,4,4,48,10,0.3084985491076942
1,4,4,48,11,0.1030916347841282
1,4,4,48,12,0.0004517616021145
1,4,4,48,14,0.0159777044821026
1,4,4,48,18,2.6239855178515685e-06
1,4,4,48,20,1.269370353014786e-05
1,4,4,48,21,0.637430032557183
1,4,4,48,22,0.1409607415935691
1,4,4,48,24,0.0944162134321328
1,4,4,48,25,0.7646321259515699
1,4,4,48,26,3.0755617432041302
1,4,4,48,27,0.2158467035642725
1,4,4,48,28,0.5093541614487646
1,4,4,48,29,3.214189568389215
1,4,4,48,30,0.4839775523130242
1,4,4,48,31,0.2764664467338013
1,4,4,48,32,0.498260412111711
1,4,4,48,33,27.088881960382466
1,4,4,48,34,21.000853481536826
1,4,4,48,35,1.7101745600872204e-08
1,4,4,48,36,7.64699394540889e-08
1,4,4,48,37,1.5567165173829464e-08
1,4,4,48,38,4.915862857239778e-09
1,4,4,48,39,3.412658405156443e-08
1,4,4,48,40,3.968293431430727e-07
1,4,4,48,42,1.5581059899090872e-08
1,4,4,48,43,5.588578451574962e-07
1,4,4,48,44,1.5032370107789192e-07
1,4,4,48,45,3.2810442673785304e-07
1,4,4,48,47,6.113619398772391e-08
1,4,4,48,48,2.275358572451087e-09
1,4,4,48,49,1.4134155403239237e-08
1,4,4,48,50,7.792011741219352e-08
1,4,4,48,52,0.0002624451784531
1,4,4,48,54,0.0003214061723638
1,4,4,48,55,1.1748301977659536e-08
1,4,4,48,56,0.0006500753085624
1,4,4,48,57,0.0056877554330841
1,4,4,48,58,1.244456599374195e-07
1,4,4,48,59,0.0018344139988037
1,4,4,48,61,4.563373565965783e-05
1,4,4,48,62,3.5547872445659897e-06
1,4,4,48,63,1.438434285449561e-05
1,4,4,48,64,0.0054951047395886
1,4,4,48,65,0.0005347354202851
1,4,4,48,67,0.0004216125240687
1,4,4,48,68,0.000619446285407
1,4,4,48,69,0.0029347949748855
1,4,4,48,71,0.0002187567827775
1,4,4,48,72,0.0006070994241093
1,4,4,48,74,0.0022049764540468
1,4,4,48,76,0.0009228718331849
1,4,4,48,78,0.0025285537636699
1,4,4,48,80,0.0034147194718669
1,4,4,48,82,0.0012027747119524
1,4,4,48,84,0.0001484045176715
1,4,4,48,85,7.646649809555765e-05
1,4,4,48,86,0.0001197175346653
1,4,4,48,88,5.7543624650944034e-08
1,4,4,48,89,4.152457330310975e-09
1,4,4,48,90,3.7958259912301017e-06
1,4,4,48,91,3.2186214304142297e-07
1,4,4,48,92,2.3574632130540813e-08
1,4,4,48,93,2.786457221761625e-07
1,4,4,48,94,7.161742899995227e-07
1,4,4,48,96,1.0026268456108497e-06
1,4,4,48,97,4.756521760272977e-07
1,4,4,48,99,2.82268495093175e-07
1,4,4,48,100,2.346288435969954e-05
1,4,4,48,101,3.783256132013812e-07
1,4,4,48,102,0.0001219332839353
1,4,4,48,106,1.7084586955759723e-05
1,4,4,48,108,9.884631914914768e-07
1,4,4,48,109,2.3360069621100963e-06
1,4,4,48,110,4.36669793781907e-07
1,4,4,48,112,3.7553938762514835e-08
1,4,4,48,113,3.56803746087749e-10
1,4,4,48,115,3.378419563919116e-06
1,4,4,48,116,3.375170991418317e-07
1,4,4,48,117,5.3408887386931834e-05
1,4,4,48,118,7.69033259225191e-06
1,4,4,48,119,1.175019541494016e-06
1,4,4,48,120,8.194111396198226e-05
1,4,4,48,121,0.0002889078599295
1,4,4,48,122,9.208290972265848e-06
1,4,4,48,123,4.161959313604277e-08
1,4,4,48,124,2.0399330458394616e-07
1,4,4,48,125,1.5503686885109712e-08
1,4,4,48,126,1.8899365068832535e-05
1,4,4,48,131,6.941947377308074e-08
1,4,4,48,132,7.611562002471375e-08
1,4,4,48,134,3.046919273265024e-08
1,4,4,48,135,1.283455122421991e-06
1,4,4,48,136,2.374712710766777e-07
1,4,4,48,137,1.4707965201828983e-09
1,4,4,48,138,4.791392664585206e-10
1,4,4,48,153,1.088954457304982e-07
1,4,4,48,154,8.74359786038468e-08
1,4,4,48,155,1.2151526455624332e-08
1,4,4,48,156,4.1317394331793346e-08
1,4,4,48,157,0.0016182057709695
1,4,4,48,158,3.5031151295509244e-08
1,4,4,48,160,7.281982576752449e-08
1,4,4,48,162,3.507695259181952e-05
1,4,4,49,1,0.090169650108588
1,4,4,49,2,0.0105097482271487
1,4,4,49,3,0.0693056555854186
1,4,4,49,4,0.0148255520891281
1,4,4,49,5,0.1018617397237704
1,4,4,49,6,0.0369440545900053
1,4,4,49,7,0.0212703222370443
1,4,4,49,8,0.0304490929595213
1,4,4,49,9,0.0142622186898292
1,4,4,49,10,0.0299418509736638
1,4,4,49,11,0.0082314359318658
1,4,4,49,12,9.789290964994728e-05
1,4,4,49,13,1.8345130322450403e-05
1,4,4,49,14,0.0066472852920671
1,4,4,49,18,0.0109736289681382
1,4,4,49,20,0.0012823585893428
1,4,4,49,21,0.7684731418542842
1,4,4,49,22,0.4339405551035522
1,4,4,49,25,3.709448006170153
1,4,4,49,26,1.8355467335201807
1,4,4,49,28,0.0976490786908642
1,4,4,49,29,1.20049704867151
1,4,4,49,30,0.1624226609384191
1,4,4,49,31,0.6738766976834629
1,4,4,49,32,2.7981404628937145
1,4,4,49,33,159.65356182478266
1,4,4,49,34,0.365667640967039
1,4,4,49,35,0.0004457594342345
1,4,4,49,36,0.0011860178614389
1,4,4,49,37,0.0010158055981896
1,4,4,49,38,0.0004599479475328
1,4,4,49,39,0.0023518199040146
1,4,4,49,40,0.0077594234071836
1,4,4,49,41,2.2172593587830477e-05
1,4,4,49,42,0.004258153484116
1,4,4,49,43,0.0124554472209484
1,4,4,49,44,0.0062199895774855
1,4,4,49,45,0.0219567793885689
1,4,4,49,46,0.0006348123961638
1,4,4,49,47,0.0078542713871309
1,4,4,49,48,0.0015422338561798
1,4,4,49,49,0.0062869635569678
1,4,4,49,50,0.0049478857712857
1,4,4,49,52,0.023751766300936
1,4,4,49,54,0.0113469692614159
1,4,4,49,55,0.002777063197157
1,4,4,49,56,0.0097772470929956
1,4,4,49,57,0.0228935506397501
1,4,4,49,58,0.0058660592328605
1,4,4,49,59,0.0009399213962136
1,4,4,49,61,0.0143520380590758
1,4,4,49,62,0.0074631258188448
1,4,4,49,63,4.038554792435542
1,4,4,49,64,0.1093112341043272
1,4,4,49,65,0.0266918881212136
1,4,4,49,67,0.007633433229827
1,4,4,49,68,0.007186535258331
1,4,4,49,69,0.0098450927385872
1,4,4,49,71,0.010627809646536
1,4,4,49,72,0.0124619749223097
1,4,4,49,74,0.0206934540994167
1,4,4,49,76,0.0118302014005917
1,4,4,49,78,0.0075879260074785
1,4,4,49,80,0.0130299037452454
1,4,4,49,82,0.0121500265577752
1,4,4,49,84,0.0079032052961452
1,4,4,49,85,0.009685512039916
1,4,4,49,86,0.0050802622362843
1,4,4,49,87,0.0002685414427252
1,4,4,49,88,0.00766638432463
1,4,4,49,89,0.0013752274870418
1,4,4,49,90,0.0060241710095613
1,4,4,49,91,0.0050871414611721
1,4,4,49,92,0.0146643175112328
1,4,4,49,93,0.0038102921873486
1,4,4,49,94,0.0134824348195664
1,4,4,49,96,0.0176113709434756
1,4,4,49,97,0.0172848422066841
1,4,4,49,99,0.0039720703378106
1,4,4,49,100,4.428152702140664e-05
1,4,4,49,101,0.0166944960334056
1,4,4,49,102,9.97943259189614e-05
1,4,4,49,108,0.0153485210364111
1,4,4,49,109,0.0173864244823238
1,4,4,49,110,0.0125459575943411
1,4,4,49,112,0.009659908447737
1,4,4,49,113,0.0052530029702739
1,4,4,49,115,0.0268383655278542
1,4,4,49,116,0.0059125867338561
1,4,4,49,117,0.0327794267515826
1,4,4,49,118,0.0374799717297544
1,4,4,49,119,0.0166408535964743
1,4,4,49,120,0.0999117275884347
1,4,4,49,121,0.113506462180298
1,4,4,49,122,0.0353867984213439
1,4,4,49,123,6.363224989119927e-07
1,4,4,49,124,0.0008758315407473
1,4,4,49,125,0.0004027948271544
1,4,4,49,126,0.134321178230817
1,4,4,49,131,0.0036314850821463
1,4,4,49,132,0.0010242958711524
1,4,4,49,134,0.0025294967477646
1,4,4,49,135,0.0245634105039184
1,4,4,49,136,0.0008997288655322
1,4,4,49,137,0.0004209786352986
1,4,4,49,138,0.0003141892996513
1,4,4,49,153,0.0157852404129866
1,4,4,49,154,0.0134574109991769
1,4,4,49,155,0.0011880496934179
1,4,4,49,156,0.0037984919016076
1,4,4,49,157,0.0028072431871319
1,4,4,49,158,0.0034020970526896
1,4,4,49,160,0.0014638398334689
1,4,4,49,162,1.8423768500545612
1,13,2,7,138,42.75704592555413
1,13,3,1,96,0.0001353867230681
1,13,3,1,97,5.622155112085603e-06
1,13,3,1,99,5.567466507764167e-06
1,13,3,1,100,4.944010868060282e-09
1,13,3,1,101,9.143960501398193e-08
1,13,3,1,102,3.3511316424704965e-06
1,13,3,1,103,1.6447618717442812e-09
1,13,3,1,106,3.1660317550015e-10
1,13,3,1,107,1.0431826815203577e-07
1,13,3,1,108,8.479781656876526e-07
1,13,3,1,109,9.384831064694872e-06
1,13,3,1,111,0.0037062689134861
1,13,3,2,96,0.0017691874779264
1,13,3,2,97,2.662988926277741e-06
1,13,3,2,98,0.0048649778173424
1,13,3,2,99,4.66137021314289e-06
1,13,3,2,100,2.750010561003132e-07
1,13,3,2,101,4.155615903289788e-07
1,13,3,2,102,2.2720888007625765e-05
1,13,3,2,103,4.243018303433094e-07
1,13,3,2,107,2.915429496251175e-07
1,13,3,2,108,2.9974314236228047e-05
1,13,3,2,109,1.901987386929308e-05
1,13,3,3,96,0.0002452586189001
1,13,3,3,97,1.3816734620336578e-08
1,13,3,3,98,5.542241676736682e-07
1,13,3,3,99,2.047383382596872e-07
1,13,3,3,100,5.66875440663395e-07
1,13,3,3,101,2.8272404884276777e-07
1,13,3,3,107,1.2501051017461034e-07
1,13,3,3,108,1.512188564318846e-07
1,13,3,3,109,2.809700660324272e-07
1,13,3,3,111,0.0003665297102176
1,13,3,4,100,3.359233861954382e-16
1,13,3,4,101,1.4932921935165586e-14
1,13,3,4,103,1.457617666383491e-16
1,13,3,4,108,1.1086031653142589e-13
1,13,3,4,109,9.48404443584405e-13
1,13,3,5,96,0.0012479231822007
1,13,3,5,97,2.816883305285153e-07
1,13,3,5,98,0.0007255112520876
1,13,3,5,99,4.577051277695092e-06
1,13,3,5,100,1.0380690799465807e-06
1,13,3,5,101,3.003015118294436e-07
1,13,3,5,102,3.859885387886328e-06
1,13,3,5,103,3.323793511125815e-07
1,13,3,5,108,6.238550881353789e-06
1,13,3,5,109,9.18185862963719e-06
1,13,3,5,111,0.0031145454533731
1,13,3,6,96,0.0289539505926569
1,13,3,6,97,1.0409649544768596e-05
1,13,3,6,98,0.0061179187912267
1,13,3,6,99,3.174399163908638e-06
1,13,3,6,100,6.335634566061872e-06
1,13,3,6,101,4.051151469961252e-05
1,13,3,6,102,5.6055071879226656e-05
1,13,3,6,103,1.4673871251123766e-06
1,13,3,6,108,1.29351439677154e-05
1,13,3,6,109,2.991115115565586e-05
1,13,3,6,111,0.0645561407448105
1,13,3,7,96,0.0485671141159812
1,13,3,7,97,8.575213439635527e-06
1,13,3,7,99,2.635908467770627e-06
1,13,3,7,100,6.940565214662518e-05
1,13,3,7,101,0.0032403651003144
1,13,3,7,102,0.0001146235196323
1,13,3,7,103,6.696684600095736e-08
1,13,3,7,108,0.0023258758488916
1,13,3,7,109,0.0065682361337044
1,13,3,7,111,0.1716248433369477
1,13,3,8,96,0.0010264725081068
1,13,3,8,97,2.4270384032895178e-08
1,13,3,8,99,5.042453414488165e-08
1,13,3,8,100,5.6804892821428766e-08
1,13,3,8,101,9.100848137154977e-08
1,13,3,8,102,2.519377983237142e-07
1,13,3,8,108,1.7061353210806502e-08
1,13,3,8,109,4.916065887315322e-07
1,13,3,8,111,0.000689315409112
1,13,3,9,96,0.0007156911031382
1,13,3,9,97,8.044957796358382e-06
1,13,3,9,98,0.0004943891908906
1,13,3,9,99,1.38244473781567e-06
1,13,3,9,100,1.2052164873576924e-06
1,13,3,9,101,2.2045952015086217e-05
1,13,3,9,102,1.8668969399426525e-06
1,13,3,9,103,2.0096976746159307e-08
1,13,3,9,104,7.074403979340019e-10
1,13,3,9,108,1.4128437428056909e-06
1,13,3,9,109,1.5212592481709458e-06
1,13,3,9,111,1.2222187799309533e-07
1,13,3,10,96,0.0003096798186923
1,13,3,10,97,1.371841125601086e-05
1,13,3,10,98,0.0007350251457989
1,13,3,10,99,6.13204313363151e-05
1,13,3,10,100,1.9850912811692887e-06
1,13,3,10,101,1.4998525525599731e-06
1,13,3,10,102,6.745350588008781e-07
1,13,3,10,103,4.1062963945714546e-07
1,13,3,10,107,5.478546304871156e-06
1,13,3,10,108,3.620140876075803e-05
1,13,3,10,109,0.0002077890830201
1,13,3,10,111,0.0045882751827955
1,13,3,11,96,4.5077101466977373e-05
1,13,3,11,97,1.2672823447084509e-08
1,13,3,11,98,0.0004200611119147
1,13,3,11,99,2.7578889699385327e-09
1,13,3,11,100,5.007577479538338e-10
1,13,3,11,101,3.695051448855793e-08
1,13,3,11,102,3.590591682057903e-07
1,13,3,11,103,5.119304134434702e-12
1,13,3,11,105,4.720526693504043e-10
1,13,3,12,96,0.0199364947378616
1,13,3,12,97,1.2982636757870928e-06
1,13,3,12,99,4.136005854351747e-09
1,13,3,12,100,1.5232076714946818e-07
1,13,3,12,101,4.196327352242043e-11
1,13,3,12,103,3.7598728531134144e-10
1,13,3,12,108,3.917226165914089e-08
1,13,3,12,109,9.83063357364684e-08
1,13,3,12,111,3.143395550224991e-08
1,13,3,13,96,0.0040978377768439
1,13,3,13,97,1.0819634215041476e-05
1,13,3,13,99,1.094818602753569e-05
1,13,3,13,100,2.430427887190999e-06
1,13,3,13,101,3.8504814082606415e-06
1,13,3,13,102,2.461790497417059e-06
1,13,3,13,108,7.924942600178723e-06
1,13,3,13,109,1.083853788168227e-05
1,13,3,13,111,4.07165361214746e-05
1,13,3,14,96,0.0007564198918727
1,13,3,14,97,1.9792807610008497e-05
1,13,3,14,98,0.0006351872989406
1,13,3,14,99,5.1079803634006985e-08
1,13,3,14,100,2.3304186595153123e-08
1,13,3,14,101,1.4626126788266932e-06
1,13,3,14,102,1.3505760722279993e-05
1,13,3,14,108,5.060520959498497e-07
1,13,3,14,109,1.2209272581912075e-05
1,13,3,14,111,0.0003454112821288
1,13,3,15,96,0.0003749207094591
1,13,3,15,97,1.0755410119205682e-09
1,13,3,15,99,3.4014903607628243e-09
1,13,3,15,100,4.301438693450381e-08
1,13,3,15,101,5.7956580929452025e-08
1,13,3,15,102,3.1607608276977e-08
1,13,3,16,96,0.0003390244263083
1,13,3,16,97,1.3071694513732786e-05
1,13,3,16,99,8.374816066383788e-07
1,13,3,16,100,1.5432789141868289e-07
1,13,3,16,101,3.5857067217064093e-06
1,13,3,16,102,8.296232470123847e-07
1,13,3,16,103,2.0861676666438298e-08
1,13,3,16,106,1.4274614012207177e-07
1,13,3,16,108,1.3981291557171324e-07
1,13,3,16,109,3.481286923311924e-06
1,13,3,16,111,0.0001056714091739
1,13,3,17,97,3.5960420621218874e-08
1,13,3,17,99,1.718883476447453e-08
1,13,3,17,100,2.2556809763682788e-08
1,13,3,17,101,1.3331402680604726e-07
1,13,3,17,102,1.3498706891049277e-08
1,13,3,17,108,2.6421577272200044e-08
1,13,3,17,109,2.5053304656734492e-08
1,13,3,17,111,3.5043328408258226e-06
1,13,3,18,97,1.0064703415375561e-07
1,13,3,18,99,5.5636830084454945e-08
1,13,3,18,100,5.2538898078073553e-08
1,13,3,18,101,4.681561685412535e-09
1,13,3,18,103,3.089006249080416e-08
1,13,3,18,108,9.213635376252829e-08
1,13,3,18,109,5.608226915146063e-07
1,13,3,19,97,1.1443870651211824e-06
1,13,3,19,99,6.7061202375219795e-06
1,13,3,19,100,9.925353665901573e-08
1,13,3,19,101,1.9317794193139588e-11
1,13,3,19,102,3.492668127429755e-08
1,13,3,19,108,1.2748413711196684e-09
1,13,3,19,109,1.1238419927581975e-09
1,13,3,19,111,6.452982614624133e-05
1,13,3,20,101,4.954214337151301e-13
1,13,3,20,103,7.203416211207014e-14
1,13,3,20,108,5.8187914611544135e-12
1,13,3,20,109,9.580912647049911e-12
1,13,3,21,96,0.0009363370276885
1,13,3,21,97,4.09960809569811e-06
1,13,3,21,98,9.98545318780543e-05
1,13,3,21,99,9.477863083977154e-09
1,13,3,21,100,8.28653282442396e-07
1,13,3,21,101,1.2967103165934611e-05
1,13,3,21,102,2.8089202991219836e-05
1,13,3,21,103,1.1715547300803549e-07
1,13,3,21,107,4.407719336337246e-07
1,13,3,21,108,1.7457035255158867e-06
1,13,3,21,109,1.2863622296153518e-07
1,13,3,21,111,0.0021429259240811
1,13,3,22,96,0.0026897876990208
1,13,3,22,97,1.265336734675815e-06
1,13,3,22,99,1.289815144819926e-06
1,13,3,22,100,1.3597736455827745e-07
1,13,3,22,101,3.1212643168546404e-06
1,13,3,22,102,7.005061387829177e-06
1,13,3,22,108,4.309598116270296e-06
1,13,3,22,109,1.5294044119272996e-05
1,13,3,22,111,0.0038678146977794
1,13,3,23,96,7.36260549759328e-05
1,13,3,23,97,4.749539395741837e-06
1,13,3,23,99,3.100767409829231e-06
1,13,3,23,100,9.106814496727488e-07
1,13,3,23,101,1.6634715635342858e-06
1,13,3,23,102,5.7255368273081275e-08
1,13,3,23,103,6.485201541779681e-11
1,13,3,23,106,6.15670924666846e-08
1,13,3,23,108,1.7583403273756767e-06
1,13,3,23,109,7.625174835076581e-06
1,13,3,23,111,6.127979428558772e-10
1,13,3,24,96,4.2256354392251864e-08
1,13,3,24,97,5.784439202592601e-12
1,13,3,24,98,6.674253770712894e-12
1,13,3,24,99,1.1119406694759112e-12
1,13,3,24,101,1.9522953369000487e-12
1,13,3,24,102,3.3041002658173236e-12
1,13,3,25,96,1.2064615108702138e-05
1,13,3,25,97,2.718955138019846e-07
1,13,3,25,98,0.0063702696142358
1,13,3,25,99,0.0008400580796539
1,13,3,25,100,5.339806352685481e-06
1,13,3,25,101,5.025872295524626e-07
1,13,3,25,102,2.9663160404070684e-07
1,13,3,25,103,3.564466354521064e-12
1,13,3,25,108,0.0003975312503778
1,13,3,25,109,0.0017015844029844
1,13,3,25,111,0.0023317965500928
1,13,3,26,96,0.000274079579368
1,13,3,26,97,2.1185311517420085e-08
1,13,3,26,98,0.0001773024426903
1,13,3,26,99,3.1227562847613236e-06
1,13,3,26,101,1.2505807435566936e-08
1,13,3,26,102,2.188939899174201e-08
1,13,3,26,108,1.019357851323442e-07
1,13,3,26,109,6.525579034175722e-07
1,13,3,26,111,0.0004127896745214
1,13,3,27,96,0.0001305914925712
1,13,3,27,97,9.02951350976266e-06
1,13,3,27,98,2.4142570047861576e-05
1,13,3,27,99,1.4106823553133206e-05
1,13,3,27,100,1.468131221537406e-06
1,13,3,27,101,7.878479854855376e-06
1,13,3,27,102,9.235299803237336e-07
1,13,3,27,103,8.124402887447643e-07
1,13,3,27,108,3.5465438874346388e-06
1,13,3,27,109,1.1786890942573847e-05
1,13,3,27,111,0.000834069933361
1,13,3,28,96,0.0073051234683654
1,13,3,28,97,2.843456037802925e-06
1,13,3,28,98,0.0064182986195691
1,13,3,28,99,4.424656886630373e-07
1,13,3,28,100,1.6156643901907305e-06
1,13,3,28,101,1.4396626212429803e-05
1,13,3,28,102,3.809825022828009e-05
1,13,3,28,103,2.930122638129921e-09
1,13,3,28,108,5.330305865498865e-07
1,13,3,28,109,2.0305178607016845e-06
1,13,3,28,111,1.2815988002779924e-07
1,13,3,29,96,1.659980361791292e-08
1,13,3,29,97,1.0161497810130406e-12
1,13,3,29,98,1.620129556809228e-09
1,13,3,29,99,2.661772235911238e-14
1,13,3,29,100,3.828420859748987e-15
1,13,3,29,101,2.9854363689478024e-11
1,13,3,29,102,4.0444680732590576e-12
1,13,3,29,103,3.0897552697005075e-16
1,13,3,29,104,3.7638715048774304e-16
1,13,3,29,106,2.0256941378522832e-15
1,13,3,29,108,1.7145504973038473e-14
1,13,3,29,109,6.756691310664516e-14
1,13,3,29,111,6.783240404733017e-13
1,13,3,31,96,5.917910020164245e-06
1,13,3,31,97,7.421753114651306e-14
1,13,3,31,98,1.1757475504436074e-10
1,13,3,31,99,9.185027971295076e-13
1,13,3,31,100,4.0113175860327925e-14
1,13,3,31,101,2.1971584551733507e-11
1,13,3,31,102,1.2825274378785442e-13
1,13,3,31,103,4.671676074866412e-16
1,13,3,31,106,5.709938916244122e-19
1,13,3,32,96,0.00564949013544
1,13,3,32,97,0.0001780585655204
1,13,3,32,98,0.0018073983648128
1,13,3,32,99,0.0008937069565499
1,13,3,32,100,5.722990178576633e-06
1,13,3,32,101,1.958957278153624e-05
1,13,3,32,102,2.7628989225075576e-05
1,13,3,32,103,1.747053289587661e-07
1,13,3,32,105,2.008836223954305e-07
1,13,3,32,108,0.0001839163058916
1,13,3,32,109,0.000801558123948
1,13,3,34,96,1.4596767953052336e-05
1,13,3,34,97,6.05007020514249e-10
1,13,3,34,98,8.283763927586208e-06
1,13,3,34,99,7.042945512322905e-10
1,13,3,34,100,3.3649374751888385e-12
1,13,3,34,101,1.9934348092119454e-09
1,13,3,34,102,6.618741836389021e-07
1,13,3,34,108,1.9194083633102078e-10
1,13,3,34,109,6.396521177071597e-10
1,13,3,36,96,2.70014434966115e-07
1,13,3,36,97,1.7179956945640666e-12
1,13,3,36,98,2.379057305962513e-08
1,13,3,36,99,1.522007424711861e-10
1,13,3,36,100,1.2184664140094914e-09
1,13,3,36,101,9.093713996569278e-11
1,13,3,36,102,2.2967416144747245e-13
1,13,3,36,103,1.2070456547317357e-11
1,13,3,36,106,1.1125235413873305e-12
1,13,3,36,108,3.8887751181218654e-10
1,13,3,36,109,6.557198868692463e-10
1,13,3,37,96,0.0004389712301803
1,13,3,37,97,6.238541394512504e-06
1,13,3,37,98,0.000468205549619
1,13,3,37,99,3.420654317392866e-06
1,13,3,37,100,2.764561494670516e-06
1,13,3,37,101,3.395726813073038e-06
1,13,3,37,102,2.3972426374180452e-08
1,13,3,37,106,1.5776025692278085e-08
1,13,3,37,108,2.72233605925933e-06
1,13,3,37,109,3.118799076812367e-06
1,13,3,37,111,0.0031568327075626
1,13,3,38,96,0.0002923589447934
1,13,3,38,97,5.4969597897005915e-08
1,13,3,38,99,2.627268039282116e-08
1,13,3,38,100,2.510480590525547e-09
1,13,3,38,101,2.9809305007765254e-09
1,13,3,38,102,1.4726573022684748e-07
1,13,3,38,103,2.0059647745022975e-11
1,13,3,38,104,8.114483568911239e-12
1,13,3,38,108,5.2486752035218414e-11
1,13,3,38,109,4.1749883080974896e-11
1,13,3,39,97,3.88627901273802e-09
1,13,3,39,98,0.0001682398784774
1,13,3,39,99,1.7644033991806206e-06
1,13,3,39,100,1.9136213662496819e-10
1,13,3,39,101,1.562875371182244e-07
1,13,3,39,102,1.2529584045463651e-08
1,13,3,39,103,3.8522584381261203e-10
1,13,3,39,108,1.430007338725246e-07
1,13,3,39,109,4.061170890226842e-07
1,13,3,39,111,1.7032018085178858e-07
1,13,3,40,96,0.0010433374633246
1,13,3,40,97,9.476511721491387e-11
1,13,3,40,99,9.237892382066584e-07
1,13,3,40,100,2.603984181254369e-09
1,13,3,40,101,7.90253169860022e-06
1,13,3,40,102,1.1841815023703832e-08
1,13,3,40,106,1.8344450909765494e-09
1,13,3,40,108,8.115046660353587e-07
1,13,3,40,109,3.367736393342799e-06
1,13,3,40,111,0.0011885342070426
1,13,3,42,96,7.424202006725797e-05
1,13,3,42,97,1.7509226066020786e-08
1,13,3,42,99,7.861314374690703e-07
1,13,3,42,100,6.183455184957282e-06
1,13,3,42,101,1.287626350024126e-11
1,13,3,42,102,1.6036830637937153e-06
1,13,3,42,107,3.4564636430125156e-10
1,13,3,42,108,9.494770180216694e-07
1,13,3,42,109,3.681930446890339e-07
1,13,3,42,111,5.269985635571641e-06
1,13,3,44,96,0.0003266710454908
1,13,3,44,98,8.468383710382806e-06
1,13,3,44,99,4.691527525186231e-10
1,13,3,44,100,1.049029752388303e-09
1,13,3,44,101,4.536325440446311e-10
1,13,3,44,102,7.522386832800099e-07
1,13,3,44,103,9.033650503507129e-13
1,13,3,44,108,8.646945686942109e-11
1,13,3,44,109,1.4174471541038946e-10
1,13,3,44,111,6.458120628347904e-13
1,13,3,45,96,0.0051612566142173
1,13,3,45,97,4.27119428827803e-05
1,13,3,45,98,0.0005064343665246
1,13,3,45,99,1.3110199463168064e-05
1,13,3,45,100,1.797012918884919e-05
1,13,3,45,101,1.0402219497702254e-05
1,13,3,45,102,0.000196892501019
1,13,3,45,103,3.509133705541361e-05
1,13,3,45,106,3.937527614606973e-06
1,13,3,45,107,3.1844472015016125e-05
1,13,3,45,108,3.0210005041509904e-05
1,13,3,45,109,0.0002298491916874
1,13,3,45,111,0.0081781646394607
1,13,3,46,96,0.0002056075011588
1,13,3,46,97,9.38040797496239e-06
1,13,3,46,98,5.473653414264426e-05
1,13,3,46,99,2.0262189001225747e-06
1,13,3,46,100,1.7885431004924717e-06
1,13,3,46,101,2.2723428300016347e-06
1,13,3,46,102,2.271074688683158e-05
1,13,3,46,103,2.815574701757861e-16
1,13,3,46,106,1.535125083773198e-06
1,13,3,46,108,3.077634932323313e-06
1,13,3,46,109,1.87116945670286e-05
1,13,3,46,111,3.816772743905994e-08
1,13,3,47,96,0.0066976287174908
1,13,3,47,97,5.310440303517155e-06
1,13,3,47,98,0.0016676598430566
1,13,3,47,99,2.4291586839715397e-06
1,13,3,47,100,2.1902901011092763e-05
1,13,3,47,101,5.327622107182166e-06
1,13,3,47,102,3.291164604982586e-06
1,13,3,47,106,1.8636372014057936e-06
1,13,3,47,108,4.217129324590474e-06
1,13,3,47,109,6.675429730579214e-06
1,13,3,47,111,0.0055146669024346
1,13,3,48,97,0.0003032770321876
1,13,3,48,99,0.0001541914812241
1,13,3,48,100,6.181223491567378e-06
1,13,3,48,101,3.637396261839071e-05
1,13,3,48,102,5.996141055643775e-05
1,13,3,48,103,5.4910178880164115e-08
1,13,3,48,106,3.738104602992046e-06
1,13,3,48,108,0.000257088376838
1,13,3,48,109,0.0003852974261222
1,13,3,48,111,5.918271593992313e-07
1,13,3,49,97,1.9193518748364564e-06
1,13,3,49,98,1.396349337437684e-09
1,13,3,49,99,9.536305064124866e-07
1,13,3,49,100,3.3441060426793403e-06
1,13,3,49,101,1.1884957178260326e-06
1,13,3,49,103,5.702122727857572e-13
1,13,3,49,108,1.0812921350855612e-06
1,13,3,49,109,2.564367083823789e-06
1,13,3,49,111,1.2238259127454098e-08
1,13,4,1,2,5.491486275056141e-05
1,13,4,1,3,0.0003350895457487
1,13,4,1,4,9.145515136910542e-06
1,13,4,1,5,1.3985808739528487e-05
1,13,4,1,6,4.876674791055251e-06
1,13,4,1,7,2.7894523583604234e-07
1,13,4,1,8,2.967301313436813e-06
1,13,4,1,9,4.447634382516431e-05
1,13,4,1,10,0.0003037261171464
1,13,4,1,11,7.389149828442647e-05
1,13,4,1,12,1.562811678926685e-05
1,13,4,1,13,9.724086884748035e-06
1,13,4,1,14,7.645279935503098e-05
1,13,4,1,18,4.54967116379087e-05
1,13,4,1,19,2.9065081540496172e-08
1,13,4,1,20,1.1739161915422952e-08
1,13,4,1,21,2.4698011129757675e-05
1,13,4,1,22,1.6968773723888375e-05
1,13,4,1,25,2.818214752248918e-06
1,13,4,1,31,4.555285440547901e-06
1,13,4,1,32,4.5718812451862954e-06
1,13,4,1,33,1.6271039358878143e-05
1,13,4,1,34,1.9660971567033268e-05
1,13,4,1,35,0.0008264509892284
1,13,4,1,36,0.0011993375453546
1,13,4,1,37,0.0001883226786252
1,13,4,1,38,0.000451990352601
1,13,4,1,39,0.0013124335079154
1,13,4,1,40,0.0075146611536765
1,13,4,1,42,0.0012206135675355
1,13,4,1,43,0.0066847412986161
1,13,4,1,44,0.0052773141309632
1,13,4,1,45,0.0009900433945758
1,13,4,1,46,7.178311325729745e-05
1,13,4,1,47,0.0004147894773093
1,13,4,1,48,1.9574953283935283e-05
1,13,4,1,49,0.0004125847689209
1,13,4,1,50,0.004809418287565
1,13,4,1,51,0.000671108483344
1,13,4,1,52,0.0001175240129961
1,13,4,1,53,0.0337190164220135
1,13,4,1,54,0.0196633002071225
1,13,4,1,55,0.0006168259286185
1,13,4,1,56,0.0024492475183098
1,13,4,1,57,8.310135545946202e-05
1,13,4,1,59,0.0019860607134893
1,13,4,1,60,0.0050398344175897
1,13,4,1,61,0.0001878518773799
1,13,4,1,62,9.487451940192454e-06
1,13,4,1,63,0.2134780814137421
1,13,4,1,64,0.0498085562330412
1,13,4,1,65,0.0001011570847728
1,13,4,1,66,0.0003491129308784
1,13,4,1,67,0.0001593914313579
1,13,4,1,68,4.2165890876911785e-05
1,13,4,1,69,0.0001681259274166
1,13,4,1,70,0.0015223551668174
1,13,4,1,71,0.0005222459465884
1,13,4,1,72,0.0340545687703821
1,13,4,1,73,0.0167171514752772
1,13,4,1,74,0.000271133110096
1,13,4,1,77,0.0009567497412788
1,13,4,1,78,3.560138608194096e-06
1,13,4,1,79,5.323758479009208e-05
1,13,4,1,80,1.0299338803950475e-05
1,13,4,1,81,0.0014942470176116
1,13,4,1,82,7.859744383448328e-05
1,13,4,1,84,0.0001024305124798
1,13,4,1,85,0.0046467368385294
1,13,4,1,86,0.00147442584137
1,13,4,1,87,5.025720196764373e-05
1,13,4,1,88,0.0015243930546099
1,13,4,1,89,0.0004921536939429
1,13,4,1,90,0.0002609936617622
1,13,4,1,91,0.001427030129701
1,13,4,1,92,3.245539758462179e-05
1,13,4,1,93,0.0001355095855868
1,13,4,1,94,3.4622479168907164e-05
1,13,4,1,95,0.0015272099855978
1,13,4,1,96,0.0108396775002209
1,13,4,1,97,0.0006533735885594
1,13,4,1,99,0.0008537391768271
1,13,4,1,100,8.562163612127548e-07
1,13,4,1,101,4.440388852329165e-06
1,13,4,1,102,0.000236887244453
1,13,4,1,103,1.8444293850810809e-07
1,13,4,1,106,1.6455904208443365e-08
1,13,4,1,107,1.6711516012466812e-05
1,13,4,1,108,2.768326862914406e-05
1,13,4,1,109,0.0002743432158216
1,13,4,1,110,0.0011472515853871
1,13,4,1,111,0.0434398951728278
1,13,4,1,112,8.709626418494297e-06
1,13,4,1,113,0.0053333734145003
1,13,4,1,114,0.0184655994201624
1,13,4,1,115,5.359678626311566e-05
1,13,4,1,116,7.237634365109324e-06
1,13,4,1,117,6.737393820317528e-06
1,13,4,1,118,2.971189849444641e-06
1,13,4,1,119,0.1865341264871805
1,13,4,1,120,2.8325588434990845e-05
1,13,4,1,121,0.0001628912568051
1,13,4,1,122,3.645712904242203e-06
1,13,4,1,123,8.39030413103068e-07
1,13,4,1,124,2.533763883086757e-07
1,13,4,1,125,6.905000588803205e-06
1,13,4,1,126,2.6761068131875003e-05
1,13,4,1,127,1.456069804545354e-05
1,13,4,1,128,0.0001429551334194
1,13,4,1,129,3.2651584406897295e-05
1,13,4,1,130,2.0253300983495967e-05
1,13,4,1,131,0.0011388488260633
1,13,4,1,132,0.0036288768159144
1,13,4,1,133,0.0011841816501283
1,13,4,1,134,0.0006759560113648
1,13,4,1,135,0.0157923257781438
1,13,4,1,136,0.0005410278814085
1,13,4,1,137,0.0007938591069234
1,13,4,1,138,0.0007447430958333
1,13,4,1,139,0.0040754339149057
1,13,4,1,140,0.0036364391494182
1,13,4,1,141,0.0041110448517705
1,13,4,1,142,0.0610757856745077
1,13,4,1,143,0.0001771311677873
1,13,4,1,144,0.0002542205119117
1,13,4,1,145,0.0050167254019529
1,13,4,1,146,4.802706782989079e-05
1,13,4,1,147,6.087941339883419e-06
1,13,4,1,148,5.083672906478215e-05
1,13,4,1,149,0.0065346404373572
1,13,4,1,150,4.893765015399871e-07
1,13,4,1,151,5.9490182863730746e-06
1,13,4,1,152,0.0009548434662452
1,13,4,1,153,9.6794400736913e-07
1,13,4,1,154,3.229899998965766e-07
1,13,4,1,155,3.47182819404642e-07
1,13,4,1,156,4.779517445746655e-07
1,13,4,1,157,4.298679062276909e-07
1,13,4,1,158,2.055072768829727e-07
1,13,4,1,159,9.47795025480471e-06
1,13,4,1,160,0.0004674927736484
1,13,4,1,161,0.0001818615201138
1,13,4,1,162,1.694609268677511e-10
1,13,4,2,2,0.000247795690227
1,13,4,2,3,0.0008068152380986
1,13,4,2,4,9.341741349365544e-05
1,13,4,2,5,4.097123104336323e-06
1,13,4,2,6,2.125019196702072e-05
1,13,4,2,7,2.4868530393413207e-06
1,13,4,2,8,4.523020377416896e-05
1,13,4,2,9,0.0018311405339683
1,13,4,2,10,0.0037418042865121
1,13,4,2,11,0.000607684369893
1,13,4,2,12,5.474883776408747e-05
1,13,4,2,13,4.3481185728306115e-06
1,13,4,2,14,0.0033594175673323
1,13,4,2,18,4.5804400518267054e-05
1,13,4,2,19,9.477900344764423e-06
1,13,4,2,31,1.0375857434213725e-05
1,13,4,2,32,7.527444980735498e-05
1,13,4,2,33,0.0001122265703415
1,13,4,2,34,0.0003148327256119
1,13,4,2,35,0.0022980541942721
1,13,4,2,36,0.0030667046763731
1,13,4,2,37,0.0014659498643724
1,13,4,2,38,0.0001019016115675
1,13,4,2,39,0.006405394166589
1,13,4,2,40,0.0061990225872406
1,13,4,2,42,0.002270561259512
1,13,4,2,43,0.0164845849059652
1,13,4,2,44,0.0023172370631308
1,13,4,2,45,6.356246120358284e-05
1,13,4,2,46,0.0002142044801891
1,13,4,2,47,0.0035133730228407
1,13,4,2,48,8.917808958566978e-05
1,13,4,2,49,9.399754938729988e-05
1,13,4,2,50,0.0210501628695061
1,13,4,2,51,0.0014042055905426
1,13,4,2,52,0.0001902098375402
1,13,4,2,53,0.0095490148734314
1,13,4,2,54,0.0023360549483983
1,13,4,2,55,0.0005158650654041
1,13,4,2,56,0.0309630505245678
1,13,4,2,57,0.6321686938077785
1,13,4,2,58,0.0005983716413617
1,13,4,2,59,0.0003329721547692
1,13,4,2,60,0.0122117420315913
1,13,4,2,61,0.0001174701032805
1,13,4,2,62,3.8595734364209016e-05
1,13,4,2,63,0.3381842485323584
1,13,4,2,64,0.0015760113132504
1,13,4,2,65,0.000396663080363
1,13,4,2,66,0.000676542234486
1,13,4,2,67,0.0001548606894626
1,13,4,2,68,0.0001148293469654
1,13,4,2,69,0.0002228830440697
1,13,4,2,70,0.0012232609352886
1,13,4,2,71,0.0004538397158702
1,13,4,2,72,0.0008876338914543
1,13,4,2,73,0.0456545014644566
1,13,4,2,74,0.0001116366479344
1,13,4,2,77,0.0010360621188077
1,13,4,2,78,0.0002016306433093
1,13,4,2,79,0.0005654638973493
1,13,4,2,80,0.0001553812206468
1,13,4,2,81,0.002605027852216
1,13,4,2,82,0.0003159556914268
1,13,4,2,83,0.0031578355812889
1,13,4,2,84,0.0001528210223225
1,13,4,2,85,0.0042588437686875
1,13,4,2,86,0.0011561939689708
1,13,4,2,87,0.0003784063890859
1,13,4,2,88,0.0019387991687949
1,13,4,2,89,0.0006680458454919
1,13,4,2,90,0.0009796209335324
1,13,4,2,91,0.0007456977038958
1,13,4,2,92,5.940985021879891e-05
1,13,4,2,93,8.195198868279494e-05
1,13,4,2,94,0.0001672495861849
1,13,4,2,95,0.0022848756803785
1,13,4,2,96,0.0124094914014688
1,13,4,2,97,2.593377275151933e-05
1,13,4,2,98,0.0755563560637652
1,13,4,2,99,5.43673776628487e-05
1,13,4,2,100,7.833901664757792e-06
1,13,4,2,101,3.867333648407543e-06
1,13,4,2,102,0.0004455114934954
1,13,4,2,103,9.827469464179268e-06
1,13,4,2,107,3.4198284858375023e-06
1,13,4,2,108,0.0003630266910667
1,13,4,2,109,9.81326720227808e-05
1,13,4,2,110,0.0006067472390694
1,13,4,2,112,2.7118908733081053e-05
1,13,4,2,113,0.0067643396245885
1,13,4,2,114,0.211874131512144
1,13,4,2,115,0.0008084697511031
1,13,4,2,116,0.0003326965528843
1,13,4,2,117,0.0007405937959176
1,13,4,2,118,1.6113968872605754e-05
1,13,4,2,119,0.3116852847125423
1,13,4,2,120,0.0006236167809695
1,13,4,2,121,0.0028581199220876
1,13,4,2,122,0.0003191508139621
1,13,4,2,123,0.0001626724658738
1,13,4,2,124,2.610293553083114e-05
1,13,4,2,125,0.0006126696874304
1,13,4,2,126,0.0009857856977482
1,13,4,2,127,0.0007714250740967
1,13,4,2,128,7.982201129234843e-05
1,13,4,2,129,1.598295272211064e-05
1,13,4,2,130,6.402445238645375e-05
1,13,4,2,131,0.0003316870285998
1,13,4,2,132,0.0014677396091313
1,13,4,2,133,0.0030846341132867
1,13,4,2,134,0.0018196480801163
1,13,4,2,135,0.0442929002985929
1,13,4,2,136,0.0009390693310804
1,13,4,2,137,0.0008061234638332
1,13,4,2,138,0.0002630804360158
1,13,4,2,139,0.064893399291075
1,13,4,2,140,0.0387169949676212
1,13,4,2,141,0.008522865516078
1,13,4,2,142,0.2208647903558058
1,13,4,2,143,0.001159524473858
1,13,4,2,144,0.0008733666125909
1,13,4,2,145,0.052622358309152
1,13,4,2,146,0.0001880652620412
1,13,4,2,147,3.284008874060821e-05
1,13,4,2,148,0.0008006123952004
1,13,4,2,149,0.0045415695264749
1,13,4,2,151,1.390276595773629e-05
1,13,4,2,152,0.0026289662845523
1,13,4,2,153,0.0001195791201998
1,13,4,2,154,0.0001039018445326
1,13,4,2,155,0.0001599569101267
1,13,4,2,156,0.0004953204391678
1,13,4,2,157,2.072042923214234e-05
1,13,4,2,158,2.250560115699693e-05
1,13,4,2,159,0.0011493786318236
1,13,4,2,160,0.0004522297958185
1,13,4,2,161,0.0001559758305606
1,13,4,2,162,7.485046011723557e-11
1,13,4,3,1,6.849295178609673e-07
1,13,4,3,2,0.0002613551341391
1,13,4,3,3,0.0001161455789307
1,13,4,3,4,1.2048956473310245e-05
1,13,4,3,5,0.0001640589952973
1,13,4,3,6,5.458029670202789e-07
1,13,4,3,7,3.179084716434049e-07
1,13,4,3,8,4.3361196153863315e-05
1,13,4,3,9,5.926568410898156e-05
1,13,4,3,10,0.0002163889101385
1,13,4,3,11,0.0001131893709399
1,13,4,3,12,0.0001047572672321
1,13,4,3,13,1.1637556895340446e-05
1,13,4,3,14,8.075648197165762e-05
1,13,4,3,18,1.991441227122786e-05
1,13,4,3,19,6.809887710323643e-06
1,13,4,3,20,0.0001135439924532
1,13,4,3,21,0.000159983087586
1,13,4,3,22,3.7027704056333035e-08
1,13,4,3,26,1.3475323031957315e-06
1,13,4,3,29,2.541250087118848e-08
1,13,4,3,30,8.107835266583514e-08
1,13,4,3,31,3.205437669470946e-07
1,13,4,3,32,3.832384251687139e-06
1,13,4,3,33,1.1120611450734344e-05
1,13,4,3,34,7.449446547665953e-06
1,13,4,3,35,3.2925804567369644e-05
1,13,4,3,36,0.0001777459136007
1,13,4,3,37,0.0002527455831646
1,13,4,3,38,0.0001325269836554
1,13,4,3,39,0.0005673958830846
1,13,4,3,40,0.0002576622248272
1,13,4,3,41,3.547177436104875e-05
1,13,4,3,42,9.364674203798636e-05
1,13,4,3,43,0.0023822646268779
1,13,4,3,44,0.003542176883898
1,13,4,3,45,0.0006678543744142
1,13,4,3,46,1.7593182691310656e-05
1,13,4,3,47,0.0007118479913637
1,13,4,3,48,0.0001301648176361
1,13,4,3,49,5.031571972434097e-05
1,13,4,3,50,0.0013630907005579
1,13,4,3,51,1.991261731555851e-05
1,13,4,3,52,2.952428314749675e-07
1,13,4,3,53,0.0027017502031791
1,13,4,3,54,0.0044676678755461
1,13,4,3,55,0.0001988432255974
1,13,4,3,56,2.175965279565791e-06
1,13,4,3,57,0.0079810239827724
1,13,4,3,59,1.1735130012241826e-05
1,13,4,3,60,0.0003961376604739
1,13,4,3,61,3.294262803345301e-07
1,13,4,3,62,7.154586847050433e-06
1,13,4,3,63,0.0681389204121774
1,13,4,3,64,0.0005902549336113
1,13,4,3,65,0.000477389141708
1,13,4,3,66,9.453840765276224e-05
1,13,4,3,67,7.774954517783909e-05
1,13,4,3,68,1.4612519061456313e-05
1,13,4,3,69,0.0004771151485234
1,13,4,3,70,0.0010920176417406
1,13,4,3,71,0.0001079721200714
1,13,4,3,72,0.0014290758126394
1,13,4,3,73,0.0084582816717939
1,13,4,3,74,5.678289534064601e-05
1,13,4,3,77,6.864280276254167e-05
1,13,4,3,78,0.0001387860043543
1,13,4,3,80,0.0001906377689433
1,13,4,3,81,0.0002893804887847
1,13,4,3,82,4.290584194412193e-05
1,13,4,3,84,5.703983769075952e-05
1,13,4,3,85,0.0020533606058441
1,13,4,3,86,0.0011941173304087
1,13,4,3,87,9.821944044657066e-05
1,13,4,3,88,0.0025257186783365
1,13,4,3,89,6.087299448626142e-05
1,13,4,3,90,0.0008013177022791
1,13,4,3,91,0.0007251929580933
1,13,4,3,92,0.0001908353905108
1,13,4,3,93,0.0002101206303539
1,13,4,3,94,1.9122500898431044e-05
1,13,4,3,95,0.0013656956108774
1,13,4,3,96,0.1639887849905345
1,13,4,3,97,4.940099093107176e-05
1,13,4,3,98,0.0004678388074354
1,13,4,3,99,0.0002358550161609
1,13,4,3,100,0.0001084590861234
1,13,4,3,101,0.0002248787764617
1,13,4,3,107,3.334577457071916e-05
1,13,4,3,108,0.0001556504674775
1,13,4,3,109,0.0002403996208824
1,13,4,3,110,0.0002581122389258
1,13,4,3,111,0.0811443510443211
1,13,4,3,112,0.0001718727953563
1,13,4,3,113,0.0020631130848217
1,13,4,3,115,0.0001078010481102
1,13,4,3,116,1.5742242564737033e-05
1,13,4,3,117,5.252073713137872e-05
1,13,4,3,118,3.159349059723652e-05
1,13,4,3,119,0.1014993271872683
1,13,4,3,120,0.000236095664355
1,13,4,3,121,0.0042700689032872
1,13,4,3,122,5.014820890856997e-05
1,13,4,3,123,0.000229386164228
1,13,4,3,124,2.8746991115416757e-05
1,13,4,3,125,9.483802898117516e-05
1,13,4,3,126,0.0013008219334366
1,13,4,3,127,0.0002795832945914
1,13,4,3,128,0.0002895216365462
1,13,4,3,129,2.400144978281403e-05
1,13,4,3,130,3.747973394253273e-06
1,13,4,3,131,0.0003123992952951
1,13,4,3,132,0.0002404704651262
1,13,4,3,133,0.0001080478344597
1,13,4,3,134,0.0003024352033307
1,13,4,3,135,0.001345436142581
1,13,4,3,136,7.988612806081133e-05
1,13,4,3,137,0.0005090988783476
1,13,4,3,138,0.0011692599349596
1,13,4,3,139,0.0001274306424539
1,13,4,3,140,0.0001221937137563
1,13,4,3,141,5.264933713571643e-05
1,13,4,3,142,0.0038879698741359
1,13,4,3,143,5.167338222175972e-05
1,13,4,3,144,3.418063100950413e-05
1,13,4,3,145,0.0002399992636708
1,13,4,3,149,4.1813614032369195e-05
1,13,4,3,151,3.7814259606622613e-08
1,13,4,3,152,6.2815557792463256e-06
1,13,4,3,153,2.435659570786985e-06
1,13,4,3,154,1.2580461351422798e-06
1,13,4,3,155,6.95132702460108e-06
1,13,4,3,156,1.956164477507608e-05
1,13,4,3,157,3.6604052301868032e-06
1,13,4,3,158,1.986805546336084e-06
1,13,4,3,159,0.0065748485487491
1,13,4,3,160,0.0007944413760251
1,13,4,3,161,1.3735806909264905e-06
1,13,4,4,2,5.347105625620258e-07
1,13,4,4,3,6.93177167149243e-07
1,13,4,4,4,0.0001194600247072
1,13,4,4,5,5.193875299535375e-09
1,13,4,4,8,4.0939847478390314e-08
1,13,4,4,9,1.5352106252552018e-07
1,13,4,4,10,1.4161783796732152e-05
1,13,4,4,11,1.1356834536661702e-05
1,13,4,4,12,5.542308167611767e-07
1,13,4,4,13,6.467059060865052e-08
1,13,4,4,14,3.150875338850215e-06
1,13,4,4,16,1.3043651386041394e-08
1,13,4,4,18,2.973919323548329e-07
1,13,4,4,19,1.8335755418215437e-07
1,13,4,4,26,5.2618301585515935e-11
1,13,4,4,32,3.9303146294462937e-10
1,13,4,4,33,1.4504481080976285e-07
1,13,4,4,34,8.030236305099344e-08
1,13,4,4,35,3.2867758223084168e-06
1,13,4,4,36,2.5241448515469225e-05
1,13,4,4,37,8.062066709236435e-05
1,13,4,4,38,1.676561872398959e-07
1,13,4,4,39,0.000135359522834
1,13,4,4,40,0.0001137610818915
1,13,4,4,43,5.938615283903998e-05
1,13,4,4,44,2.3630668561276496e-05
1,13,4,4,45,2.6601422946016644e-05
1,13,4,4,46,2.660099860497944e-09
1,13,4,4,47,8.718912782636125e-08
1,13,4,4,48,2.843598325503658e-09
1,13,4,4,49,2.4387875135893297e-07
1,13,4,4,50,2.0833752138915776e-06
1,13,4,4,51,3.4091796448491645e-07
1,13,4,4,52,3.138936337597261e-07
1,13,4,4,53,5.194863047190719e-05
1,13,4,4,54,7.484836705417611e-07
1,13,4,4,55,3.255828233525098e-06
1,13,4,4,57,6.134825878528243e-09
1,13,4,4,59,9.019174959273208e-14
1,13,4,4,60,6.122756539708019e-06
1,13,4,4,63,0.0001371858226421
1,13,4,4,64,3.510495015294437e-07
1,13,4,4,67,6.932119365890557e-07
1,13,4,4,68,1.997649487971774e-07
1,13,4,4,69,5.239120244975425e-07
1,13,4,4,70,1.3886650188412174e-05
1,13,4,4,71,5.39302867053801e-07
1,13,4,4,80,5.795109240770998e-07
1,13,4,4,82,4.038799346489918e-08
1,13,4,4,85,1.620949758124965e-06
1,13,4,4,86,5.684814675119981e-07
1,13,4,4,88,1.3532800479411498e-07
1,13,4,4,89,8.283394617203417e-09
1,13,4,4,90,2.3449013118568616e-10
1,13,4,4,91,1.524481915507899e-07
1,13,4,4,92,2.8866775742294464e-07
1,13,4,4,93,4.779394969975993e-07
1,13,4,4,94,1.928057644293118e-10
1,13,4,4,100,2.550231250379588e-09
1,13,4,4,101,4.0779004980765255e-10
1,13,4,4,103,1.0738065073253963e-09
1,13,4,4,108,9.205417550417683e-09
1,13,4,4,109,1.931317578266787e-08
1,13,4,4,110,7.93914893065028e-10
1,13,4,4,112,2.374100668145974e-09
1,13,4,4,113,6.0387371225146116e-06
1,13,4,4,115,7.770911399667041e-07
1,13,4,4,116,5.9601671387896195e-08
1,13,4,4,117,1.7947024565367853e-08
1,13,4,4,118,1.4455216692628169e-08
1,13,4,4,119,0.0086409225814396
1,13,4,4,120,7.14083958997075e-07
1,13,4,4,121,3.638887361171594e-06
1,13,4,4,122,2.193186572826523e-08
1,13,4,4,123,2.023568612464553e-07
1,13,4,4,124,5.0486489158636665e-08
1,13,4,4,125,1.278710946878665e-07
1,13,4,4,126,1.4174903205124477e-07
1,13,4,4,127,6.065153030525634e-09
1,13,4,4,128,3.4071764072092066e-07
1,13,4,4,129,2.400474228811479e-07
1,13,4,4,130,5.2718042049716516e-08
1,13,4,4,131,6.02027673549774e-08
1,13,4,4,132,1.8905729230896655e-06
1,13,4,4,133,1.7029011225976138e-08
1,13,4,4,134,6.518670577847422e-08
1,13,4,4,135,1.2304909908536022e-06
1,13,4,4,136,2.366704838873838e-07
1,13,4,4,137,1.6181848220500963e-06
1,13,4,4,138,1.6962337653097622e-05
1,13,4,4,139,1.73501795366537e-07
1,13,4,4,140,6.607386421895175e-08
1,13,4,4,141,1.2523309959767662e-07
1,13,4,4,142,9.947042279597447e-06
1,13,4,4,143,4.035365652557454e-09
1,13,4,4,144,1.114517372677034e-09
1,13,4,4,145,5.590800332926241e-06
1,13,4,4,149,9.701817863704828e-09
1,13,4,4,151,1.611082145880117e-09
1,13,4,4,152,2.102238245317967e-07
1,13,4,4,153,5.8527196758357675e-09
1,13,4,4,154,1.228457546498193e-09
1,13,4,4,155,1.492087133393342e-10
1,13,4,4,156,3.060712728173292e-07
1,13,4,4,157,6.478822151679354e-10
1,13,4,4,158,2.589672220058273e-10
1,13,4,4,159,4.392610757672245e-07
1,13,4,4,160,1.577601674162863e-06
1,13,4,4,161,9.091809469003044e-08
1,13,4,4,162,5.471677965664458e-09
1,13,4,5,2,0.0003793668698528
1,13,4,5,3,0.0002153049448804
1,13,4,5,4,1.7784170705376248e-05
1,13,4,5,5,0.000155106032107
1,13,4,5,6,5.390851353411138e-10
1,13,4,5,7,1.675358297521822e-07
1,13,4,5,8,4.180804527090279e-05
1,13,4,5,9,2.235928418310512e-05
1,13,4,5,10,0.0004113535272529
1,13,4,5,11,6.698476386134175e-05
1,13,4,5,12,8.673486882990449e-06
1,13,4,5,13,1.8631264058683972e-06
1,13,4,5,14,6.444727827553288e-05
1,13,4,5,18,0.0001883904953722
1,13,4,5,19,2.4112223548853916e-06
1,13,4,5,20,0.0034330726672818
1,13,4,5,21,2.372341664490932e-05
1,13,4,5,22,0.0003583053090689
1,13,4,5,24,1.0830551463252495e-05
1,13,4,5,32,0.0002902271531484
1,13,4,5,33,0.0028084354601188
1,13,4,5,34,0.0010735858990189
1,13,4,5,35,0.0003147855271802
1,13,4,5,36,0.0026075040925684
1,13,4,5,37,0.0002728870927277
1,13,4,5,38,1.0207522561110573e-05
1,13,4,5,39,0.0030586252300113
1,13,4,5,40,0.0004982485955566
1,13,4,5,42,0.0009851877446773
1,13,4,5,43,0.0114286711351997
1,13,4,5,44,0.0018377029688948
1,13,4,5,45,0.0008385838856951
1,13,4,5,46,4.413865644982844e-05
1,13,4,5,47,0.0014834122554363
1,13,4,5,48,7.533207804395028e-05
1,13,4,5,49,0.0002967886486795
1,13,4,5,50,0.0049257832641576
1,13,4,5,51,0.0003295263067915
1,13,4,5,52,0.0001255537788633
1,13,4,5,53,0.0113583554986166
1,13,4,5,54,0.0676602710800484
1,13,4,5,55,0.0010795137118657
1,13,4,5,56,0.0528715709559773
1,13,4,5,57,0.0021353227930779
1,13,4,5,58,6.676800866673093e-05
1,13,4,5,59,7.836892294772442e-05
1,13,4,5,60,0.0005448335722509
1,13,4,5,61,1.3354712434071896e-08
1,13,4,5,62,7.007122150444559e-06
1,13,4,5,63,0.1396007803114227
1,13,4,5,64,0.0042631241340059
1,13,4,5,65,0.0010994556507639
1,13,4,5,66,0.0001271531773142
1,13,4,5,67,0.0002419976616613
1,13,4,5,68,0.0001426047349121
1,13,4,5,69,0.0006362113125778
1,13,4,5,70,0.0023221055129077
1,13,4,5,71,0.0008364309537085
1,13,4,5,72,0.003433112177393
1,13,4,5,73,0.0190240194038273
1,13,4,5,74,2.3432448279355428e-05
1,13,4,5,77,0.0002169823129865
1,13,4,5,78,1.8615177246827205e-05
1,13,4,5,79,8.379042947280455e-05
1,13,4,5,80,5.5909175582822434e-05
1,13,4,5,82,0.0002595592879414
1,13,4,5,84,0.0001942807351025
1,13,4,5,85,0.0046293638195319
1,13,4,5,86,0.0016487523697602
1,13,4,5,87,0.0038860013319754
1,13,4,5,88,0.0024797266709433
1,13,4,5,89,0.0006612625258443
1,13,4,5,90,0.0012339227884214
1,13,4,5,91,0.0009163708684506
1,13,4,5,92,0.0001549862493763
1,13,4,5,93,0.0005634550314395
1,13,4,5,94,0.0002996527754629
1,13,4,5,96,0.0932477800764744
1,13,4,5,97,4.5260259174675885e-05
1,13,4,5,98,0.0303050376146305
1,13,4,5,99,0.000215469752346
1,13,4,5,100,4.1678248846968845e-05
1,13,4,5,101,2.140134282364877e-05
1,13,4,5,102,0.0001636010640521
1,13,4,5,103,9.92808641806272e-06
1,13,4,5,108,0.0002566546525784
1,13,4,5,109,0.0001860099402926
1,13,4,5,110,0.0012120819726208
1,13,4,5,111,0.0238145370708178
1,13,4,5,112,3.097080216936343e-05
1,13,4,5,113,0.0043050600306557
1,13,4,5,114,0.0433901110619592
1,13,4,5,115,0.000295536673477
1,13,4,5,116,2.0997335834440243e-05
1,13,4,5,117,0.0029786734517364
1,13,4,5,118,9.384034611510347e-06
1,13,4,5,119,0.0287272731933575
1,13,4,5,120,0.0013280819319502
1,13,4,5,121,0.0108025290252091
1,13,4,5,122,2.045156671734653e-05
1,13,4,5,123,8.454869710895648e-06
1,13,4,5,124,3.787571023461368e-08
1,13,4,5,125,2.039530803175841e-05
1,13,4,5,126,0.0019566652225637
1,13,4,5,127,2.637533165067986e-05
1,13,4,5,128,0.0001384643120893
1,13,4,5,129,4.5273283220787783e-05
1,13,4,5,130,2.395641107403453e-05
1,13,4,5,131,0.003593616513928
1,13,4,5,132,0.0003487519548487
1,13,4,5,133,0.0003243377778229
1,13,4,5,134,0.0004948754607328
1,13,4,5,135,0.0079879148464833
1,13,4,5,136,6.904478198579564e-05
1,13,4,5,137,0.0002859201146216
1,13,4,5,138,0.0002509467806999
1,13,4,5,139,0.0023025962846062
1,13,4,5,140,0.001439193399042
1,13,4,5,141,0.000396699517673
1,13,4,5,142,0.0134494608386748
1,13,4,5,143,0.0001416976104565
1,13,4,5,144,0.0001478124453294
1,13,4,5,145,0.0014365097070586
1,13,4,5,148,0.0009899906270905
1,13,4,5,149,0.0003870183852731
1,13,4,5,151,3.786211845138e-06
1,13,4,5,152,0.0006018943448089
1,13,4,5,153,0.0005437380185442
1,13,4,5,154,0.0003986485483051
1,13,4,5,155,0.000102474387075
1,13,4,5,156,0.0002543633817222
1,13,4,5,157,0.0001587322989537
1,13,4,5,158,0.0001769004945621
1,13,4,5,159,1.721331833813884e-05
1,13,4,5,160,0.0004090750407524
1,13,4,5,161,7.72285205647826e-05
1,13,4,5,162,4.3669166193793225e-07
1,13,4,6,2,0.0011898609711023
1,13,4,6,3,0.0034786138303093
1,13,4,6,4,0.0003580033545892
1,13,4,6,5,0.0007311676835258
1,13,4,6,6,0.0002163259746743
1,13,4,6,8,0.0003392821988995
1,13,4,6,9,0.0002933464514818
1,13,4,6,10,0.0095587994947138
1,13,4,6,11,0.0006973458498386
1,13,4,6,12,6.576411938424415e-05
1,13,4,6,13,2.899046466854511e-05
1,13,4,6,14,0.0011176641154563
1,13,4,6,18,0.0005998796720777
1,13,4,6,19,0.0001437987096516
1,13,4,6,20,0.0384653228208402
1,13,4,6,21,0.0374879237397217
1,13,4,6,22,0.0273276381920589
1,13,4,6,24,6.061825680781315e-07
1,13,4,6,25,4.601906548928116e-05
1,13,4,6,31,5.16930940449104e-06
1,13,4,6,32,0.0003307254011292
1,13,4,6,33,0.0020902724685986
1,13,4,6,34,0.0039827152101533
1,13,4,6,35,0.0087689351395632
1,13,4,6,36,0.0473870908574677
1,13,4,6,37,0.0014090840005673
1,13,4,6,38,0.0009855689014757
1,13,4,6,39,0.0664407289351136
1,13,4,6,40,0.0307075249283998
1,13,4,6,42,0.015532310194987
1,13,4,6,43,0.0491581704198528
1,13,4,6,44,0.0145118769271888
1,13,4,6,45,0.0732918117353388
1,13,4,6,46,0.0030911331829905
1,13,4,6,47,0.0113492705758494
1,13,4,6,48,0.0038568151289281
1,13,4,6,49,0.0025654998394098
1,13,4,6,50,0.0305081214782873
1,13,4,6,51,0.0090234365379615
1,13,4,6,52,0.0005640945399593
1,13,4,6,53,0.8781814905192292
1,13,4,6,54,0.2125792869806202
1,13,4,6,55,0.0028793713041095
1,13,4,6,56,0.0003212064237286
1,13,4,6,57,0.004937443857284
1,13,4,6,58,0.0004616807763839
1,13,4,6,59,0.0198480191452677
1,13,4,6,60,0.0215091313178243
1,13,4,6,61,0.0001960299802469
1,13,4,6,62,0.0011668844991352
1,13,4,6,63,1.6354729065032836
1,13,4,6,64,0.0230415985307715
1,13,4,6,65,0.0034697272950847
1,13,4,6,66,0.0056003184078578
1,13,4,6,67,0.0007878902172255
1,13,4,6,68,0.0005051694862144
1,13,4,6,69,0.0014184073867488
1,13,4,6,70,0.0113732053531555
1,13,4,6,71,0.0033697316441568
1,13,4,6,72,0.23213477540313
1,13,4,6,73,0.2284397281062569
1,13,4,6,74,3.421645610375014e-05
1,13,4,6,76,0.0006826298734762
1,13,4,6,77,0.0024035819508061
1,13,4,6,78,0.000273284561914
1,13,4,6,79,0.0013893663606804
1,13,4,6,80,0.0003465749298738
1,13,4,6,81,0.0114927978712458
1,13,4,6,82,0.0002189896090948
1,13,4,6,84,0.0004781610990451
1,13,4,6,85,0.0253579421890607
1,13,4,6,86,0.0078517468382333
1,13,4,6,87,0.0030335423521776
1,13,4,6,88,0.0117357845896994
1,13,4,6,89,0.0087486583564554
1,13,4,6,90,0.0205105878675565
1,13,4,6,91,0.0065970018611514
1,13,4,6,92,0.0016328876871599
1,13,4,6,93,0.0017150772101344
1,13,4,6,94,0.0006673738681745
1,13,4,6,95,0.0489935806805412
1,13,4,6,96,0.6157636947168053
1,13,4,6,97,0.0001696826553438
1,13,4,6,98,0.1180041629605796
1,13,4,6,99,6.0096321534787783e-05
1,13,4,6,100,0.0001648735907345
1,13,4,6,101,0.000569088424905
1,13,4,6,102,0.0018146732641684
1,13,4,6,103,0.0001385646283745
1,13,4,6,108,0.000230027145832
1,13,4,6,109,0.0003936122813066
1,13,4,6,110,0.0034569327968662
1,13,4,6,111,0.4732466578382761
1,13,4,6,112,0.0009543327005089
1,13,4,6,113,0.0104483281376774
1,13,4,6,114,0.4356672658921212
1,13,4,6,115,3.9817139885618634e-05
1,13,4,6,116,0.0001009105215497
1,13,4,6,117,0.0003854975525463
1,13,4,6,118,0.0001020383745127
1,13,4,6,119,1.43183314435776
1,13,4,6,120,0.0001388901436071
1,13,4,6,121,0.0008146057317218
1,13,4,6,122,0.0001227650319763
1,13,4,6,123,3.861302022475491e-05
1,13,4,6,124,1.6809313349989735e-06
1,13,4,6,125,2.8652082669878897e-05
1,13,4,6,126,0.0002383391758157
1,13,4,6,127,0.0001741337418275
1,13,4,6,128,0.0005038179727813
1,13,4,6,129,8.380014706479242e-05
1,13,4,6,130,1.1958937639692282e-05
1,13,4,6,131,0.0075541570469137
1,13,4,6,132,0.0008897765274583
1,13,4,6,133,0.0017523805134325
1,13,4,6,134,0.003490290207124
1,13,4,6,135,0.0544577269997283
1,13,4,6,136,0.0110536249129006
1,13,4,6,137,0.0005775632798189
1,13,4,6,138,0.0060292736032323
1,13,4,6,139,0.036247177134341
1,13,4,6,140,0.0258105230957539
1,13,4,6,141,0.0052191535728639
1,13,4,6,142,0.5182243064021493
1,13,4,6,143,0.0020600741489057
1,13,4,6,144,0.0005749903671614
1,13,4,6,145,0.0220058613131728
1,13,4,6,146,1.4749851474876288e-05
1,13,4,6,147,2.204767207586041e-06
1,13,4,6,148,4.338525794628197e-05
1,13,4,6,149,2.362135975026375e-05
1,13,4,6,150,1.1936603581832392e-06
1,13,4,6,151,2.7602913850289496e-07
1,13,4,6,152,4.448191222833712e-05
1,13,4,6,153,2.7715817170081327e-06
1,13,4,6,154,2.2750467037327427e-06
1,13,4,6,155,1.824171937145632e-06
1,13,4,6,156,1.9179667118376485e-05
1,13,4,6,157,1.416572586578016e-06
1,13,4,6,158,1.371445312166049e-06
1,13,4,6,159,0.0001692540095365
1,13,4,6,160,0.000346735245013
1,13,4,6,161,0.0007285498124789
1,13,4,6,162,2.880833939043675e-06
1,13,4,7,2,0.0130819308641957
1,13,4,7,3,0.0518632250187415
1,13,4,7,4,0.0006721992548765
1,13,4,7,5,0.0017673979173465
1,13,4,7,6,0.0004319092416324
1,13,4,7,8,0.0003586951999145
1,13,4,7,9,0.065778000510172
1,13,4,7,10,0.366051959750365
1,13,4,7,11,0.0856199983792787
1,13,4,7,12,0.0036185533231905
1,13,4,7,13,7.233381482065779e-05
1,13,4,7,14,0.3228152888595635
1,13,4,7,18,0.0021191383021924
1,13,4,7,19,0.007989422561849
1,13,4,7,21,0.0019034831712586
1,13,4,7,22,7.743485917766836e-06
1,13,4,7,29,3.753439220969727e-07
1,13,4,7,32,0.0013968555938461
1,13,4,7,33,0.0055062054088213
1,13,4,7,34,0.0175831038446429
1,13,4,7,35,0.069427138259484
1,13,4,7,36,0.7965447106410195
1,13,4,7,37,0.0462821294097528
1,13,4,7,38,0.000785037100853
1,13,4,7,39,0.1920713434524929
1,13,4,7,40,0.4073737949973451
1,13,4,7,42,0.1196860965167184
1,13,4,7,43,0.2274211199932283
1,13,4,7,44,0.0358553782296076
1,13,4,7,45,0.5297254636743916
1,13,4,7,46,0.0123462794770054
1,13,4,7,47,0.0004362972205435
1,13,4,7,48,5.5832776918193435e-06
1,13,4,7,49,0.0017326026442585
1,13,4,7,50,0.0288223779496996
1,13,4,7,51,0.0168053122751979
1,13,4,7,52,0.0178289367710906
1,13,4,7,53,0.637051803860805
1,13,4,7,54,0.0076452236124386
1,13,4,7,55,0.1742108208557558
1,13,4,7,57,0.1529502809815857
1,13,4,7,59,1.1367385378623022e-05
1,13,4,7,60,0.1988078812810052
1,13,4,7,61,0.0002423871485589
1,13,4,7,63,22.03233297272557
1,13,4,7,64,0.0386184572141362
1,13,4,7,65,0.0089739056003744
1,13,4,7,66,0.0222015260585651
1,13,4,7,67,0.0020581248274006
1,13,4,7,68,0.0100810052294593
1,13,4,7,69,0.0086563826926683
1,13,4,7,70,0.1654252892021505
1,13,4,7,71,0.0037342827368791
1,13,4,7,77,0.0024364746006509
1,13,4,7,78,6.77896095746701e-05
1,13,4,7,80,5.657394066786178e-06
1,13,4,7,82,0.0102624634652922
1,13,4,7,84,1.5060550288929206e-05
1,13,4,7,85,0.0110094436089451
1,13,4,7,86,0.0197474160167966
1,13,4,7,87,0.0014964658253043
1,13,4,7,88,0.0471375081141376
1,13,4,7,89,0.0053145990847586
1,13,4,7,90,0.2174859802653226
1,13,4,7,91,0.0034449528161111
1,13,4,7,92,0.0232369965663184
1,13,4,7,93,0.0477079600609857
1,13,4,7,94,3.4907962561494605e-05
1,13,4,7,95,1.5894625775504063
1,13,4,7,96,2.34607260761602
1,13,4,7,97,0.0005238633620759
1,13,4,7,99,2.975169026852543e-06
1,13,4,7,100,0.0035556653202737
1,13,4,7,101,0.0014636394578667
1,13,4,7,102,0.0072062767518041
1,13,4,7,103,9.897814121690288e-07
1,13,4,7,108,0.000541057331552
1,13,4,7,109,0.0010768428404021
1,13,4,7,110,0.0004439029958808
1,13,4,7,111,3.1759051962538347
1,13,4,7,112,6.418208121281774e-05
1,13,4,7,113,0.2060527800081133
1,13,4,7,115,4.890179004362343e-05
1,13,4,7,116,0.0004789736251405
1,13,4,7,117,0.0009117270541673
1,13,4,7,118,3.919941704780836e-06
1,13,4,7,119,7.361068170003373
1,13,4,7,120,0.0009603210996679
1,13,4,7,121,0.0017407287392998
1,13,4,7,122,0.0004656780664105
1,13,4,7,123,4.122754014290823e-05
1,13,4,7,124,0.0001158936783773
1,13,4,7,125,9.107239564536188e-05
1,13,4,7,126,0.0002068121942424
1,13,4,7,127,0.0101357880759784
1,13,4,7,128,0.0283698522406357
1,13,4,7,129,0.005134096656319
1,13,4,7,130,0.0013357091667674
1,13,4,7,131,0.0053726021830679
1,13,4,7,132,0.0042289189897136
1,13,4,7,133,0.2740227000403741
1,13,4,7,134,0.0134859811304915
1,13,4,7,135,0.2097127898275236
1,13,4,7,136,0.1912280355307035
1,13,4,7,137,0.0993027421709516
1,13,4,7,139,12.4419319051441
1,13,4,7,140,6.577705871007425
1,13,4,7,141,0.1061540147080716
1,13,4,7,142,5.3205441296753975
1,13,4,7,143,0.0707773660495008
1,13,4,7,144,0.052574113001297
1,13,4,7,145,2.10585494934416
1,13,4,7,146,0.0005173022586057
1,13,4,7,147,8.345574082705661e-05
1,13,4,7,148,0.0044419785369293
1,13,4,7,149,6.806340373911895e-05
1,13,4,7,151,4.1096407719662415e-05
1,13,4,7,152,0.0037459745251625
1,13,4,7,153,6.637140388005278e-05
1,13,4,7,154,5.803422826349079e-05
1,13,4,7,155,4.453607550596873e-06
1,13,4,7,156,0.0025472106287479
1,13,4,7,157,3.788741045696944e-05
1,13,4,7,158,6.729101683492633e-05
1,13,4,7,159,0.0699118093976697
1,13,4,7,160,0.0569532551142587
1,13,4,7,161,0.1034827236832452
1,13,4,7,162,0.0560627151636746
1,13,4,8,2,0.0002651869142606
1,13,4,8,3,0.0001961291300835
1,13,4,8,4,2.680307272223527e-05
1,13,4,8,5,0.0001242704396324
1,13,4,8,7,1.4592090428482277e-07
1,13,4,8,9,1.0757824619132027e-05
1,13,4,8,10,7.068839417487793e-05
1,13,4,8,11,4.630948699070103e-06
1,13,4,8,12,1.453712767746721e-06
1,13,4,8,13,2.48766571417233e-07
1,13,4,8,14,4.216366196468973e-05
1,13,4,8,18,0.000441400726584
1,13,4,8,19,0.0003173545314489
1,13,4,8,20,5.3042766041595233e-05
1,13,4,8,32,4.919686795091517e-06
1,13,4,8,33,3.245063924114094e-07
1,13,4,8,34,2.1759998894942153e-06
1,13,4,8,35,0.0003750826774683
1,13,4,8,36,0.0016041594926349
1,13,4,8,37,2.726251560723457e-05
1,13,4,8,38,1.0091928755670788e-05
1,13,4,8,39,0.0012760285032038
1,13,4,8,40,0.0006716997015266
1,13,4,8,42,3.753627360215419e-06
1,13,4,8,43,0.0014892411797615
1,13,4,8,44,0.0009535663164277
1,13,4,8,45,0.0068035202005607
1,13,4,8,47,0.0014453121377904
1,13,4,8,48,0.0001710058594749
1,13,4,8,49,2.5043372442874132e-05
1,13,4,8,50,0.0021193366263043
1,13,4,8,51,0.0066981517327649
1,13,4,8,52,1.8695258250049588e-08
1,13,4,8,53,0.0013824097002964
1,13,4,8,54,0.0033506459121039
1,13,4,8,55,0.0002857114914177
1,13,4,8,56,1.5615969416994577e-07
1,13,4,8,57,5.180018539850305e-10
1,13,4,8,59,0.0005662898739359
1,13,4,8,60,0.0006717723329777
1,13,4,8,62,2.3357379268226554e-07
1,13,4,8,63,0.0009270037163499
1,13,4,8,64,0.0011338425253484
1,13,4,8,65,0.0004808953285383
1,13,4,8,66,0.0001054602327264
1,13,4,8,67,1.0277637534351012e-06
1,13,4,8,68,3.4283231735051183e-06
1,13,4,8,69,0.0001205381941581
1,13,4,8,70,0.0015936714309414
1,13,4,8,71,0.0001085753394442
1,13,4,8,72,7.240576611745706e-09
1,13,4,8,78,1.7176005888481878e-05
1,13,4,8,79,4.0049513681226464e-05
1,13,4,8,80,1.705099576884105e-06
1,13,4,8,82,4.370415219007903e-06
1,13,4,8,84,3.8092881597691507e-07
1,13,4,8,85,0.000235235097073
1,13,4,8,86,4.279809167910694e-05
1,13,4,8,87,1.7120305715564144e-06
1,13,4,8,88,0.0003951499128647
1,13,4,8,89,0.0001082464775006
1,13,4,8,90,0.0001096715057778
1,13,4,8,91,8.088141725838054e-05
1,13,4,8,92,4.9308794261886895e-06
1,13,4,8,93,0.000319391468826
1,13,4,8,94,4.3094791248924926e-05
1,13,4,8,95,0.0035304145130748
1,13,4,8,96,0.0565818655334562
1,13,4,8,97,4.176915849694199e-06
1,13,4,8,99,1.1709305046856008e-05
1,13,4,8,100,9.063927183041848e-06
1,13,4,8,101,1.5703193549438905e-05
1,13,4,8,102,1.4278013178034149e-05
1,13,4,8,108,5.157369497168343e-07
1,13,4,8,109,2.2504636832093353e-05
1,13,4,8,110,4.4844032889553805e-05
1,13,4,8,111,0.0033564239607605
1,13,4,8,112,1.0348084553650472e-05
1,13,4,8,113,0.0004109112747965
1,13,4,8,115,0.0001499186527179
1,13,4,8,116,7.484026025633892e-07
1,13,4,8,117,1.220233903536338e-05
1,13,4,8,118,3.152448643963872e-06
1,13,4,8,119,0.0545065571724215
1,13,4,8,120,0.0002309076561871
1,13,4,8,121,0.0027573022936143
1,13,4,8,122,5.779315532239421e-06
1,13,4,8,123,2.4690883544848007e-06
1,13,4,8,124,2.226410635307103e-07
1,13,4,8,125,2.5249396286157713e-06
1,13,4,8,126,6.474746823290106e-05
1,13,4,8,127,9.963425885815793e-06
1,13,4,8,128,2.155177738488496e-05
1,13,4,8,129,1.0603762536128777e-05
1,13,4,8,130,3.648413358416377e-06
1,13,4,8,131,0.0006854329978122
1,13,4,8,132,0.0002887777968084
1,13,4,8,133,1.8780547198836877e-05
1,13,4,8,134,6.384517818007945e-06
1,13,4,8,135,0.0009130599939035
1,13,4,8,136,0.0001936878690547
1,13,4,8,137,0.000415378203461
1,13,4,8,138,0.0001693604663206
1,13,4,8,140,3.903798343988361e-07
1,13,4,8,141,3.1543876644007114e-05
1,13,4,8,144,5.404841410009897e-05
1,13,4,8,145,0.0014609615247073
1,13,4,8,148,1.5672364152755976e-05
1,13,4,8,149,1.1219349945654862e-05
1,13,4,8,150,9.550681351008768e-05
1,13,4,8,151,8.85288551411477e-08
1,13,4,8,152,1.5496216081347024e-05
1,13,4,8,153,8.972941996786398e-06
1,13,4,8,154,8.988306130055812e-06
1,13,4,8,155,1.8686588902667632e-05
1,13,4,8,156,9.86608718778447e-06
1,13,4,8,157,1.7148084363306257e-05
1,13,4,8,158,1.5361233277322265e-05
1,13,4,8,159,2.4257772764938707e-05
1,13,4,8,160,0.0003929672406559
1,13,4,8,161,3.4970162010233946e-06
1,13,4,8,162,6.787470195380313e-15
1,13,4,9,1,1.1521218741462552e-05
1,13,4,9,2,0.0001355947038842
1,13,4,9,3,0.0003804311845323
1,13,4,9,4,0.0001290918467068
1,13,4,9,5,0.0001364048173373
1,13,4,9,6,1.679432472077188e-05
1,13,4,9,7,5.3869602901313253e-05
1,13,4,9,8,1.2485688780775962e-05
1,13,4,9,9,0.0002786983206426
1,13,4,9,10,0.0056259997294378
1,13,4,9,11,0.0005676586601159
1,13,4,9,12,0.0001364338883265
1,13,4,9,13,1.0354897266234644e-06
1,13,4,9,14,0.0013574743736622
1,13,4,9,18,0.000135900463708
1,13,4,9,19,0.0001969949492445
1,13,4,9,20,0.0002709109684755
1,13,4,9,21,1.5704460690949354e-07
1,13,4,9,22,1.041821009944637e-07
1,13,4,9,26,2.6481274428721635e-06
1,13,4,9,31,2.1417108406159176e-06
1,13,4,9,32,1.438163195247083e-06
1,13,4,9,33,2.549648812600698e-05
1,13,4,9,34,0.0006977831800719
1,13,4,9,35,0.0022537845943627
1,13,4,9,36,0.0275419033042409
1,13,4,9,37,0.0011335205044609
1,13,4,9,38,0.0009011294306151
1,13,4,9,39,0.0096264996196019
1,13,4,9,40,0.0084715071418535
1,13,4,9,41,0.0004561884064345
1,13,4,9,42,0.0011593486513486
1,13,4,9,43,0.0176637226190497
1,13,4,9,44,0.0618850997397449
1,13,4,9,45,0.0016607285395938
1,13,4,9,46,1.0289437819037083e-05
1,13,4,9,47,0.0008251110162758
1,13,4,9,48,0.0003502873960329
1,13,4,9,49,0.000995527056842
1,13,4,9,50,0.0085916385952044
1,13,4,9,51,0.0035039705791476
1,13,4,9,52,0.00022300390962
1,13,4,9,53,0.0965359010078368
1,13,4,9,54,0.1026513880233265
1,13,4,9,55,0.0037747336111221
1,13,4,9,56,0.0173130781844971
1,13,4,9,57,0.004373851961533
1,13,4,9,58,0.0006179865390086
1,13,4,9,59,0.0179398882664913
1,13,4,9,60,0.0283479028023184
1,13,4,9,61,7.61526586993385e-05
1,13,4,9,62,8.228551115654755e-05
1,13,4,9,63,0.5588790740336527
1,13,4,9,64,0.0352030389188013
1,13,4,9,65,0.0002983623308742
1,13,4,9,66,0.0016033474119169
1,13,4,9,67,0.0003125564998821
1,13,4,9,68,0.0004195130177343
1,13,4,9,69,0.0004075703391654
1,13,4,9,70,0.0177151367826213
1,13,4,9,71,0.0002074425668102
1,13,4,9,72,0.0089158542735533
1,13,4,9,73,0.0933328064812214
1,13,4,9,74,5.777800036988225e-05
1,13,4,9,76,0.0007248893992938
1,13,4,9,77,0.000796880986725
1,13,4,9,78,0.0002624431720327
1,13,4,9,79,0.0007804162777811
1,13,4,9,80,0.0002570985023531
1,13,4,9,81,0.0007305181116533
1,13,4,9,82,9.480359676873972e-05
1,13,4,9,84,0.0001047725507242
1,13,4,9,85,0.0047705141473136
1,13,4,9,86,0.0009435740630653
1,13,4,9,87,0.000277632068119
1,13,4,9,88,0.0022679218705183
1,13,4,9,89,0.0001531889277865
1,13,4,9,90,0.0014598206504128
1,13,4,9,91,0.0007207323877241
1,13,4,9,92,0.0004173959388536
1,13,4,9,93,0.0011448753554266
1,13,4,9,94,0.0054407995784576
1,13,4,9,95,0.0067528945219733
1,13,4,9,96,0.0378650233865326
1,13,4,9,97,0.0004250897320735
1,13,4,9,98,0.0380023409334717
1,13,4,9,99,0.0001274072568881
1,13,4,9,100,0.000146641220842
1,13,4,9,101,0.000905001033223
1,13,4,9,102,0.0002440326559935
1,13,4,9,103,6.142791737176218e-06
1,13,4,9,104,1.593139520650207e-07
1,13,4,9,108,0.0001156966943084
1,13,4,9,109,6.070103751613134e-05
1,13,4,9,110,0.0002081060656563
1,13,4,9,111,3.0070740015175227e-06
1,13,4,9,112,4.485408414845475e-05
1,13,4,9,113,0.027467733201369
1,13,4,9,114,0.3171426743463993
1,13,4,9,115,0.0001794731043684
1,13,4,9,116,0.0001293832784452
1,13,4,9,117,0.000305172005077
1,13,4,9,118,3.886879356526292e-06
1,13,4,9,119,0.6215820182881326
1,13,4,9,120,3.4421743506049054e-05
1,13,4,9,121,0.0003933739272668
1,13,4,9,122,1.915662585559479e-05
1,13,4,9,123,0.0001077982820393
1,13,4,9,124,4.262632441302341e-07
1,13,4,9,125,0.000367896724762
1,13,4,9,126,0.0005188080420304
1,13,4,9,127,0.0002981937983495
1,13,4,9,128,0.0007371287027805
1,13,4,9,129,5.383831966215356e-05
1,13,4,9,130,8.332075054018784e-05
1,13,4,9,131,0.002082502524441
1,13,4,9,132,0.0003707339363311
1,13,4,9,133,0.0002112571559636
1,13,4,9,134,0.0012493760696446
1,13,4,9,135,0.0128181911711583
1,13,4,9,136,0.0013532881778669
1,13,4,9,137,0.0007788349271737
1,13,4,9,138,0.00102950512069
1,13,4,9,139,0.0046069021391041
1,13,4,9,140,0.0026330733055896
1,13,4,9,141,0.0003635528588523
1,13,4,9,142,0.039145852444398
1,13,4,9,143,0.0001044557303535
1,13,4,9,144,2.7665810736398307e-05
1,13,4,9,145,0.0024887540952854
1,13,4,9,146,3.071692251643243e-05
1,13,4,9,147,7.011453796070501e-07
1,13,4,9,148,6.879210137027738e-06
1,13,4,9,149,3.0033930881660697e-05
1,13,4,9,151,2.0701798468725538e-07
1,13,4,9,152,3.0125959461927622e-05
1,13,4,9,153,1.0952930827305311e-05
1,13,4,9,154,3.237895751421423e-05
1,13,4,9,155,7.07524283680361e-07
1,13,4,9,156,1.2630570196395004e-05
1,13,4,9,157,5.980491381383659e-07
1,13,4,9,158,1.40651098580756e-06
1,13,4,9,159,2.4719034720696287e-05
1,13,4,9,160,0.0022436365233862
1,13,4,9,161,5.240356965740287e-05
1,13,4,9,162,0.0001209539827572
1,13,4,10,2,9.486312950998371e-05
1,13,4,10,3,0.0002445126050163
1,13,4,10,4,1.113732470438706e-05
1,13,4,10,5,3.8553395897759625e-05
1,13,4,10,6,8.238128919609927e-06
1,13,4,10,9,0.0001001028351798
1,13,4,10,10,0.0001746491606007
1,13,4,10,11,4.224481841914112e-05
1,13,4,10,12,7.7812531028446e-05
1,13,4,10,13,4.220640014596727e-06
1,13,4,10,14,0.0001573061177252
1,13,4,10,18,0.0011632987952258
1,13,4,10,19,0.0002135385732203
1,13,4,10,20,1.5351297777742845e-05
1,13,4,10,26,3.257791690388406e-06
1,13,4,10,27,2.0926365743194573e-05
1,13,4,10,29,2.2772775088076763e-06
1,13,4,10,30,5.811079869334249e-06
1,13,4,10,31,2.3418114308153344e-05
1,13,4,10,32,2.8635278022369105e-06
1,13,4,10,33,7.356192724877662e-05
1,13,4,10,34,0.0002734252886326
1,13,4,10,35,0.0010198457451446
1,13,4,10,36,0.0014521318803182
1,13,4,10,37,0.0011205715891758
1,13,4,10,38,0.0007015788370498
1,13,4,10,39,0.0012835706740394
1,13,4,10,40,0.0056932664968718
1,13,4,10,42,0.0008919299069996
1,13,4,10,43,0.0118124667852971
1,13,4,10,44,0.0103140046224089
1,13,4,10,45,0.0561877474894911
1,13,4,10,47,0.0016758187681312
1,13,4,10,48,8.275268150319258e-05
1,13,4,10,49,0.0014359694909163
1,13,4,10,50,0.0045560549081173
1,13,4,10,52,0.0001657710023412
1,13,4,10,54,1.3368500883536427
1,13,4,10,55,0.0004131930068875
1,13,4,10,56,0.068655117770531
1,13,4,10,57,0.5876264137205789
1,13,4,10,58,8.653368269706493e-06
1,13,4,10,59,0.0037144058623837
1,13,4,10,60,2.0145339792525823e-05
1,13,4,10,61,2.8286705422814153e-05
1,13,4,10,62,9.899051901466358e-05
1,13,4,10,63,0.1242846217109826
1,13,4,10,64,0.0657241498332953
1,13,4,10,65,0.0008400089266431
1,13,4,10,67,0.0001093908955847
1,13,4,10,68,0.0002122670494592
1,13,4,10,69,0.0003879443299155
1,13,4,10,71,0.0005169962984738
1,13,4,10,72,0.0338433902885938
1,13,4,10,74,0.0001063046675017
1,13,4,10,78,0.0002491729065363
1,13,4,10,80,0.0003817238184733
1,13,4,10,82,0.0008043985955173
1,13,4,10,84,0.0001185598672931
1,13,4,10,85,0.0077712095915066
1,13,4,10,86,0.0041941090172768
1,13,4,10,87,3.106054289172027e-05
1,13,4,10,88,0.0034351415897569
1,13,4,10,89,0.0001919863123215
1,13,4,10,90,0.0011491417898686
1,13,4,10,91,0.0001320068286506
1,13,4,10,92,0.0032014024201506
1,13,4,10,93,0.0002038013328092
1,13,4,10,94,0.0002084139977257
1,13,4,10,96,0.0362746333669664
1,13,4,10,97,0.0004158848636076
1,13,4,10,98,0.0351015937555193
1,13,4,10,99,0.002690418362373
1,13,4,10,100,0.0001642026742668
1,13,4,10,101,7.986189303063445e-05
1,13,4,10,102,3.826707313553405e-05
1,13,4,10,103,4.782400350960072e-06
1,13,4,10,107,0.0002175745504322
1,13,4,10,108,0.0031184665951087
1,13,4,10,109,0.00671050527849
1,13,4,10,110,0.0001878343699529
1,13,4,10,111,0.042713386854168
1,13,4,10,112,0.0002046828843526
1,13,4,10,113,0.002832631846588
1,13,4,10,115,0.0002174156398433
1,13,4,10,116,0.0001820961294173
1,13,4,10,117,6.9594773380733986e-06
1,13,4,10,118,1.975923204547884e-06
1,13,4,10,119,0.0533307804295287
1,13,4,10,120,7.408373885294839e-05
1,13,4,10,121,0.0042568517464007
1,13,4,10,122,2.2628076139979596e-05
1,13,4,10,123,3.201358083641087e-05
1,13,4,10,124,2.844455348255251e-06
1,13,4,10,125,0.0002716677764819
1,13,4,10,126,0.0015763129116577
1,13,4,10,127,0.0002701411176489
1,13,4,10,128,0.0002706249655586
1,13,4,10,129,4.9846318756645314e-06
1,13,4,10,130,6.506413873671076e-05
1,13,4,10,131,0.0133923092828801
1,13,4,10,132,0.0007002471732548
1,13,4,10,133,0.0036445088271474
1,13,4,10,134,0.0009047490986292
1,13,4,10,135,0.0601466780947856
1,13,4,10,136,0.0014104211211819
1,13,4,10,137,0.0001106431238034
1,13,4,10,138,0.0001282891877116
1,13,4,10,139,0.0025320552482511
1,13,4,10,140,0.0015786876123736
1,13,4,10,141,0.0002096482693037
1,13,4,10,142,0.0680765965620608
1,13,4,10,143,9.668881787271372e-05
1,13,4,10,144,0.000260954861306
1,13,4,10,145,0.0160900769911139
1,13,4,10,148,0.0006332063843694
1,13,4,10,149,0.0001461263160204
1,13,4,10,151,5.97382713392546e-07
1,13,4,10,152,0.0001289790659432
1,13,4,10,153,0.0001699414531803
1,13,4,10,154,9.106356215087495e-05
1,13,4,10,155,4.956189182102456e-05
1,13,4,10,156,0.0002125351112474
1,13,4,10,157,4.793669988575878e-05
1,13,4,10,158,4.87604346400356e-05
1,13,4,10,159,1.6212454734851414e-05
1,13,4,10,160,0.0091256369579173
1,13,4,10,161,4.1381603149503895e-05
1,13,4,10,162,1.9861577414095482e-07
1,13,4,11,1,3.0960013071637127e-06
1,13,4,11,2,0.001187117610232
1,13,4,11,3,0.0026915665686701
1,13,4,11,4,0.0004108796438723
1,13,4,11,5,0.000445797022254
1,13,4,11,6,3.770025782301728e-05
1,13,4,11,7,7.609258785932597e-07
1,13,4,11,8,2.535957824080589e-05
1,13,4,11,9,0.0003282363556298
1,13,4,11,10,0.0011988797350119
1,13,4,11,11,0.0002857933260117
1,13,4,11,12,0.0001104329170006
1,13,4,11,13,1.7200144027217803e-05
1,13,4,11,14,0.0012744454059755
1,13,4,11,18,8.48255980119838e-05
1,13,4,11,19,0.0001049301497124
1,13,4,11,21,8.017569356814227e-10
1,13,4,11,22,9.997185203225471e-06
1,13,4,11,28,1.187819660977458e-07
1,13,4,11,32,8.336444345542496e-06
1,13,4,11,33,2.978319169030197e-07
1,13,4,11,34,8.343340940278304e-07
1,13,4,11,35,0.0031303948367401
1,13,4,11,36,0.0086853949501533
1,13,4,11,37,0.0008841206758087
1,13,4,11,38,0.0001146073026965
1,13,4,11,39,0.0125480342338465
1,13,4,11,40,0.0289564172980005
1,13,4,11,41,0.0002634340037516
1,13,4,11,42,0.00974280272787
1,13,4,11,43,0.0342428331133333
1,13,4,11,44,0.0067152133183402
1,13,4,11,45,0.0035125686090346
1,13,4,11,46,1.6721937681092146e-06
1,13,4,11,47,0.0006650889077167
1,13,4,11,48,0.0003058959685619
1,13,4,11,49,0.0006125738383982
1,13,4,11,50,0.0040574118365013
1,13,4,11,51,0.0047249472768301
1,13,4,11,52,0.000318232282601
1,13,4,11,53,0.1236981491048959
1,13,4,11,54,0.0515524154647252
1,13,4,11,55,0.0117977794084716
1,13,4,11,56,0.0031247797234185
1,13,4,11,57,0.0006704405357826
1,13,4,11,58,0.0003052444604056
1,13,4,11,59,0.0044392317477078
1,13,4,11,60,0.003339417578882
1,13,4,11,61,1.4221434566835733e-05
1,13,4,11,62,5.049783408895598e-06
1,13,4,11,63,0.0701732829405823
1,13,4,11,64,0.001486919577048
1,13,4,11,65,0.0015888597712196
1,13,4,11,66,0.0031339563954092
1,13,4,11,67,1.8062907615383492e-05
1,13,4,11,68,3.283254535988335e-05
1,13,4,11,69,5.0273629888364854e-05
1,13,4,11,70,0.0007194573719048
1,13,4,11,71,0.0007712083556628
1,13,4,11,72,0.0567951407345213
1,13,4,11,73,0.0571119825430761
1,13,4,11,74,7.830274403826135e-07
1,13,4,11,76,0.000248210421661
1,13,4,11,77,0.0007647620619309
1,13,4,11,78,3.884696947617834e-05
1,13,4,11,79,0.0001847615014472
1,13,4,11,80,8.971630704668804e-05
1,13,4,11,82,3.742666711035353e-05
1,13,4,11,84,5.493748214676002e-05
1,13,4,11,85,0.0039514391434816
1,13,4,11,86,0.0016652169077568
1,13,4,11,87,3.873466549490629e-05
1,13,4,11,88,0.0019010841557711
1,13,4,11,89,0.0013768226719738
1,13,4,11,90,0.0022622039126485
1,13,4,11,91,0.0006378918452583
1,13,4,11,92,0.0005803837109408
1,13,4,11,93,0.0004041330115468
1,13,4,11,95,0.0002345307220032
1,13,4,11,96,0.0142802364816013
1,13,4,11,97,4.336046898096019e-06
1,13,4,11,98,0.2097193961133121
1,13,4,11,99,1.448902780132148e-05
1,13,4,11,100,3.2345361372743745e-06
1,13,4,11,101,8.12720083501907e-05
1,13,4,11,102,0.0001462897385918
1,13,4,11,103,2.092740532385012e-07
1,13,4,11,105,2.361538245883371e-07
1,13,4,11,108,1.258323467875533e-06
1,13,4,11,109,3.4791494481620858e-06
1,13,4,11,110,0.00033002752157
1,13,4,11,111,0.0019935375459358
1,13,4,11,112,2.476724421903187e-05
1,13,4,11,113,0.0104777217792783
1,13,4,11,114,0.0173235642501721
1,13,4,11,115,1.4606678142309048e-05
1,13,4,11,116,6.046672769499245e-05
1,13,4,11,117,0.0019466252649855
1,13,4,11,118,0.0009054181447084
1,13,4,11,119,0.2919805029953943
1,13,4,11,120,3.3672896381523412e-06
1,13,4,11,121,1.5394694506200927e-05
1,13,4,11,122,0.0001039055107484
1,13,4,11,123,1.2925108804316252e-05
1,13,4,11,124,2.80355043424967e-07
1,13,4,11,125,4.0629852617810786e-05
1,13,4,11,126,6.422356410505875e-05
1,13,4,11,127,0.0004974134822245
1,13,4,11,128,0.0008463004276799
1,13,4,11,129,8.089916190291002e-05
1,13,4,11,130,0.0001411932994008
1,13,4,11,131,0.0004742404912276
1,13,4,11,132,0.0009921767112988
1,13,4,11,133,0.0001977939642663
1,13,4,11,134,0.0021423954626665
1,13,4,11,135,0.0099746059104602
1,13,4,11,136,0.0034076143471942
1,13,4,11,137,0.002484949170429
1,13,4,11,138,0.0005154371239553
1,13,4,11,139,0.0306739907311566
1,13,4,11,140,0.0189212507295043
1,13,4,11,141,0.0018450207741187
1,13,4,11,142,0.0444400078924741
1,13,4,11,143,0.0008100057547677
1,13,4,11,144,0.0002253204808027
1,13,4,11,145,0.0240366951314688
1,13,4,11,146,4.319025136913955e-06
1,13,4,11,147,6.099354873992208e-07
1,13,4,11,148,5.799604633393434e-05
1,13,4,11,149,4.7975790373582975e-05
1,13,4,11,150,9.29741323423616e-08
1,13,4,11,151,3.12282768096521e-07
1,13,4,11,152,5.761973767158147e-05
1,13,4,11,153,3.05708334999582e-05
1,13,4,11,154,2.0379077134126888e-05
1,13,4,11,155,4.43644305338908e-06
1,13,4,11,156,9.424026298475648e-05
1,13,4,11,157,2.769867405271887e-06
1,13,4,11,158,1.105159626186881e-05
1,13,4,11,159,6.050323341812188e-06
1,13,4,11,160,0.0080720736611086
1,13,4,11,161,4.334311733711621e-05
1,13,4,11,162,1.3441850222319856e-05
1,13,4,12,1,8.640361719981631e-05
1,13,4,12,2,0.0014703056697714
1,13,4,12,3,7.514419866636281e-06
1,13,4,12,4,0.0047429354987676
1,13,4,12,6,9.09137873654568e-06
1,13,4,12,7,0.0004805010882892
1,13,4,12,8,4.393764639742743e-05
1,13,4,12,9,0.0003131525925407
1,13,4,12,10,0.0007389227330297
1,13,4,12,11,0.0002166918730535
1,13,4,12,12,0.0009632647991091
1,13,4,12,13,4.133397279032983e-06
1,13,4,12,14,0.0063083457307255
1,13,4,12,18,6.340160664110898e-06
1,13,4,12,19,0.0001832635938259
1,13,4,12,20,0.0001983511355951
1,13,4,12,21,3.100856456361865e-05
1,13,4,12,22,3.3000903388617403e-06
1,13,4,12,25,1.3166885727453293e-05
1,13,4,12,27,2.8133681040032945e-10
1,13,4,12,28,4.10360298946131e-05
1,13,4,12,29,1.6160405463730152e-09
1,13,4,12,30,8.242965624013886e-05
1,13,4,12,33,6.152869777272771e-06
1,13,4,12,34,0.0013249955850384
1,13,4,12,35,0.000447117224442
1,13,4,12,36,0.0007389892736401
1,13,4,12,37,6.817092560454694e-05
1,13,4,12,38,0.000541916931745
1,13,4,12,39,0.0038720283170936
1,13,4,12,40,0.0077657405416308
1,13,4,12,41,0.0004280888002454
1,13,4,12,42,0.0002139526459045
1,13,4,12,43,0.0184953974959162
1,13,4,12,44,0.004306962853625
1,13,4,12,45,0.0005469602450321
1,13,4,12,46,0.0002930925351542
1,13,4,12,47,0.0008019846286727
1,13,4,12,48,0.0007095099428371
1,13,4,12,49,0.0003350032043102
1,13,4,12,50,0.0008948323562693
1,13,4,12,51,0.0001644649468183
1,13,4,12,52,6.019087662676143e-05
1,13,4,12,53,0.003025060247807
1,13,4,12,54,0.0001336430526926
1,13,4,12,55,0.000132498061945
1,13,4,12,57,0.6628048965389246
1,13,4,12,59,0.0001791059773362
1,13,4,12,60,4.978960231144298e-05
1,13,4,12,61,3.3438754038123655e-05
1,13,4,12,62,5.86881238857677e-07
1,13,4,12,63,0.0254767192228899
1,13,4,12,64,0.0012296568815632
1,13,4,12,65,5.9287414925578515e-06
1,13,4,12,66,8.577186649755503e-05
1,13,4,12,67,3.136927573223571e-06
1,13,4,12,68,1.9073348724225764e-05
1,13,4,12,69,2.259388229776308e-05
1,13,4,12,70,0.0021676160746613
1,13,4,12,71,5.593752822334455e-06
1,13,4,12,72,0.0001283432109662
1,13,4,12,73,0.0149702230957896
1,13,4,12,74,5.531732315506003e-07
1,13,4,12,76,0.0005573162098193
1,13,4,12,77,0.0002267139958023
1,13,4,12,78,3.5700499154095634e-05
1,13,4,12,79,3.58875624941888e-05
1,13,4,12,80,0.0003501494842962
1,13,4,12,82,1.5553159562078124e-05
1,13,4,12,85,0.001615792031077
1,13,4,12,86,0.0001829480503092
1,13,4,12,87,7.282578182528962e-05
1,13,4,12,88,0.0002589718908382
1,13,4,12,89,0.0001578590426502
1,13,4,12,90,0.0003773967623836
1,13,4,12,91,1.3364024233950234e-05
1,13,4,12,92,0.0002682535665657
1,13,4,12,93,6.271175580526228e-05
1,13,4,12,94,4.926742509327047e-07
1,13,4,12,95,0.0013071525468809
1,13,4,12,96,0.0516532880948427
1,13,4,12,97,4.07577713407096e-06
1,13,4,12,99,9.417851304320864e-07
1,13,4,12,100,7.53252185538106e-07
1,13,4,12,101,3.2129923195295734e-09
1,13,4,12,103,2.683301974759391e-07
1,13,4,12,108,3.1621339882673547e-06
1,13,4,12,109,4.948009472886594e-06
1,13,4,12,110,1.927355156644633e-05
1,13,4,12,111,8.783616818817433e-08
1,13,4,12,112,9.510640104617035e-06
1,13,4,12,113,0.0017645382507571
1,13,4,12,115,2.5227129403745003e-06
1,13,4,12,116,1.337163582084964e-05
1,13,4,12,117,2.7895584156133696e-05
1,13,4,12,118,5.254967843305001e-06
1,13,4,12,119,0.5815208203563876
1,13,4,12,120,2.4339244829021445e-05
1,13,4,12,121,7.426116195432362e-05
1,13,4,12,122,2.8920621521257943e-05
1,13,4,12,123,0.5336404277105772
1,13,4,12,124,2.6217851138892253e-08
1,13,4,12,125,9.114246684724191e-06
1,13,4,12,126,1.7459923479692906e-05
1,13,4,12,127,3.922483317804756e-06
1,13,4,12,128,0.0002346819878725
1,13,4,12,129,4.6180448579042826e-07
1,13,4,12,130,4.04194318330019e-07
1,13,4,12,131,0.0001567376072021
1,13,4,12,132,4.629902073183801e-05
1,13,4,12,133,1.5152099913995044e-05
1,13,4,12,134,5.184304455405162e-05
1,13,4,12,135,0.000714759007999
1,13,4,12,136,0.0047917470546468
1,13,4,12,137,3.0238069368001886e-05
1,13,4,12,138,0.0001452928667355
1,13,4,12,142,5.011698056948543e-07
1,13,4,12,145,0.0004939893318334
1,13,4,12,148,2.4657026156944995e-06
1,13,4,12,149,5.003371652287989e-07
1,13,4,12,151,1.9806753750447405e-08
1,13,4,12,152,3.5346055156937422e-06
1,13,4,12,153,2.7512849296456527e-06
1,13,4,12,154,2.9001309636107373e-07
1,13,4,12,155,5.230287091034401e-09
1,13,4,12,156,3.352354609216535e-06
1,13,4,12,157,4.914551332664461e-09
1,13,4,12,158,8.792528729598038e-09
1,13,4,12,159,6.212145723864212e-06
1,13,4,12,160,0.0001493235272551
1,13,4,12,161,8.857262689716406e-06
1,13,4,12,162,2.9173518445196377e-08
1,13,4,13,2,8.13336629278852e-05
1,13,4,13,3,0.0002140281575916
1,13,4,13,4,1.2411141015929896e-05
1,13,4,13,5,1.6788912935785965e-05
1,13,4,13,6,1.0593577951649458e-05
1,13,4,13,7,1.2145330017941734e-09
1,13,4,13,8,4.806123680736707e-06
1,13,4,13,9,5.1894537889430176e-05
1,13,4,13,10,0.0005297373814245
1,13,4,13,11,0.0001651470325101
1,13,4,13,12,0.0003353093903651
1,13,4,13,13,1.331481787880776e-06
1,13,4,13,14,0.0010618616832732
1,13,4,13,18,6.372106589138678e-05
1,13,4,13,19,6.698378158349604e-05
1,13,4,13,21,0.0002476992502289
1,13,4,13,22,3.688520810066436e-05
1,13,4,13,28,4.217552215045527e-05
1,13,4,13,32,5.6604650747502687e-05
1,13,4,13,33,0.0001700440087592
1,13,4,13,34,5.079939104933211e-05
1,13,4,13,35,0.0004095839581629
1,13,4,13,36,0.0030137461257883
1,13,4,13,37,2.329179949310827e-05
1,13,4,13,38,3.406851347007498e-06
1,13,4,13,39,0.0040968096290943
1,13,4,13,40,0.0003443863819547
1,13,4,13,42,0.0007761952027673
1,13,4,13,43,0.0015241019788666
1,13,4,13,44,0.0050323768979734
1,13,4,13,45,0.0004899637767915
1,13,4,13,46,4.265760889414637e-05
1,13,4,13,47,7.573456459772509e-05
1,13,4,13,48,1.409997289817035e-05
1,13,4,13,49,1.5030409436990786e-05
1,13,4,13,50,2.693696205728218e-05
1,13,4,13,51,0.0001628509989192
1,13,4,13,52,1.5885153444952855e-05
1,13,4,13,53,0.0040553192234138
1,13,4,13,54,0.0001775737923887
1,13,4,13,55,0.0004133395520374
1,13,4,13,57,0.3285351989961533
1,13,4,13,59,2.069365620148948e-06
1,13,4,13,60,0.0002802997706499
1,13,4,13,63,0.0766292921404873
1,13,4,13,64,0.000162453919629
1,13,4,13,65,6.063650046815393e-05
1,13,4,13,66,0.0001159553117051
1,13,4,13,67,2.1174301291086343e-05
1,13,4,13,68,3.279453852072307e-05
1,13,4,13,69,0.0002733264827003
1,13,4,13,71,8.865644246169626e-05
1,13,4,13,72,0.0011969615137002
1,13,4,13,73,0.0066200282506398
1,13,4,13,77,0.0001756882386902
1,13,4,13,78,9.92525563220547e-10
1,13,4,13,80,4.1881254808682896e-05
1,13,4,13,82,1.0929670928361052e-05
1,13,4,13,83,4.56481315388622e-07
1,13,4,13,85,0.0004456622724198
1,13,4,13,86,0.0001338117016929
1,13,4,13,87,8.353547409362572e-05
1,13,4,13,88,0.0003383487669154
1,13,4,13,89,3.84110160407035e-05
1,13,4,13,90,3.800922141214783e-05
1,13,4,13,91,1.117910837065991e-05
1,13,4,13,92,2.194724590415495e-05
1,13,4,13,93,0.0001012116541905
1,13,4,13,94,3.655129088149848e-05
1,13,4,13,96,0.0093931275097376
1,13,4,13,97,1.6056802273702634e-05
1,13,4,13,99,5.345309303244955e-05
1,13,4,13,100,1.6954866614955027e-05
1,13,4,13,101,1.1497223655782856e-05
1,13,4,13,102,7.425214204313669e-06
1,13,4,13,108,1.6307181318567065e-05
1,13,4,13,109,1.9401919392009796e-05
1,13,4,13,110,7.100325998053376e-05
1,13,4,13,111,8.768093467738245e-05
1,13,4,13,112,3.460938124834304e-05
1,13,4,13,113,0.0003094776041648
1,13,4,13,115,3.3185227300848737e-06
1,13,4,13,116,2.008451578344183e-05
1,13,4,13,117,6.742107667240389e-07
1,13,4,13,118,6.753256234779453e-07
1,13,4,13,119,0.0208463096716102
1,13,4,13,120,6.483956003207984e-05
1,13,4,13,121,0.000268994984053
1,13,4,13,122,5.8384697293643814e-05
1,13,4,13,123,1.2680784718881646e-06
1,13,4,13,124,3.0835686997092634e-08
1,13,4,13,125,4.966106297340652e-05
1,13,4,13,126,8.458610498379719e-05
1,13,4,13,127,4.599359927408848e-05
1,13,4,13,128,0.0002051154000361
1,13,4,13,129,4.750054212070548e-05
1,13,4,13,130,1.1122979559868404e-06
1,13,4,13,131,1.9682242443768023e-05
1,13,4,13,132,0.0001072263190469
1,13,4,13,133,4.202409040747049e-05
1,13,4,13,134,0.0001017578643903
1,13,4,13,135,0.0006738177711802
1,13,4,13,136,2.5206079998042843e-05
1,13,4,13,137,0.0004116427263425
1,13,4,13,138,8.2828577814214e-05
1,13,4,13,142,4.8756738747693686e-05
1,13,4,13,145,5.648796875692703e-05
1,13,4,13,148,3.1291935122556797e-06
1,13,4,13,149,3.3442819893759074e-06
1,13,4,13,151,5.8628331227323424e-08
1,13,4,13,152,7.890632202994356e-06
1,13,4,13,153,3.509829583945447e-06
1,13,4,13,154,1.3689160825661386e-06
1,13,4,13,155,1.7032851877055471e-06
1,13,4,13,156,2.069065994073389e-06
1,13,4,13,157,1.247803809485369e-06
1,13,4,13,158,1.3375595939175874e-06
1,13,4,13,159,5.354319947624553e-06
1,13,4,13,160,0.0001463134963385
1,13,4,13,161,8.223612423311406e-05
1,13,4,13,162,4.710733726178497e-05
1,13,4,14,1,7.590793021391959e-08
1,13,4,14,2,7.881821449481506e-05
1,13,4,14,3,0.0013171294222868
1,13,4,14,4,2.213400357350349e-05
1,13,4,14,5,6.35848812947886e-05
1,13,4,14,6,5.081573243924286e-05
1,13,4,14,7,4.296498347972395e-08
1,13,4,14,8,3.184760270864912e-05
1,13,4,14,9,1.7774820083583256e-05
1,13,4,14,10,0.0002854951902461
1,13,4,14,11,0.0001417319599121
1,13,4,14,12,8.32493114484942e-05
1,13,4,14,13,8.597257497331533e-06
1,13,4,14,14,4.5155310861815595e-05
1,13,4,14,18,2.860062368504904e-05
1,13,4,14,19,2.8763818481989035e-05
1,13,4,14,20,5.236841224880809e-05
1,13,4,14,21,0.0016889907508156
1,13,4,14,22,1.9433905639040205e-06
1,13,4,14,28,1.2743281501227993e-05
1,13,4,14,31,7.84956415455417e-05
1,13,4,14,32,1.2028590398410322e-05
1,13,4,14,33,0.0001232727252104
1,13,4,14,34,0.0009436212685776
1,13,4,14,35,0.0009746792945761
1,13,4,14,36,0.0035850068678415
1,13,4,14,37,0.0014746019405296
1,13,4,14,38,1.2924127368208628e-05
1,13,4,14,39,0.0025852414995278
1,13,4,14,40,0.0008619773736486
1,13,4,14,41,6.182076159888128e-05
1,13,4,14,42,0.0010094502991388
1,13,4,14,43,0.0253723890512761
1,13,4,14,44,0.0051230387821038
1,13,4,14,45,0.0001757278515504
1,13,4,14,46,0.0006514379897957
1,13,4,14,47,0.0001677768940065
1,13,4,14,48,2.053900882588331e-05
1,13,4,14,49,0.0001264670121779
1,13,4,14,50,0.0033907640321316
1,13,4,14,52,0.0003951611365744
1,13,4,14,54,0.0003142620727076
1,13,4,14,55,0.0004291856401938
1,13,4,14,56,0.0001110007247559
1,13,4,14,57,0.0008898421374084
1,13,4,14,58,5.949096067944601e-06
1,13,4,14,59,0.0392064916703453
1,13,4,14,61,2.8109998455282447e-05
1,13,4,14,63,0.1263840821449216
1,13,4,14,64,0.0049517292320472
1,13,4,14,65,0.0005748535568232
1,13,4,14,67,0.0001898778028107
1,13,4,14,68,0.0001565814805061
1,13,4,14,69,0.0008220840084931
1,13,4,14,71,0.0011361622281344
1,13,4,14,72,0.0039141048067957
1,13,4,14,74,4.785319649398545e-06
1,13,4,14,76,0.0001196840801301
1,13,4,14,78,8.095135313234888e-07
1,13,4,14,80,3.5946379005369724e-06
1,13,4,14,82,1.101090925771052e-05
1,13,4,14,84,0.0004533837716084
1,13,4,14,85,0.0048795190943264
1,13,4,14,86,0.0020718840740779
1,13,4,14,87,0.0018546043590959
1,13,4,14,88,0.0033665401348613
1,13,4,14,89,0.0063247487877658
1,13,4,14,90,0.0043788226700897
1,13,4,14,91,0.0008424098502611
1,13,4,14,92,5.118338593807482e-05
1,13,4,14,93,0.0002758896198759
1,13,4,14,94,0.0003044237019479
1,13,4,14,96,0.0344535500351075
1,13,4,14,97,0.0008432278590403
1,13,4,14,98,0.0320180525189253
1,13,4,14,99,3.027709713486714e-06
1,13,4,14,100,2.7445710971840124e-06
1,13,4,14,101,1.2190579798073054e-05
1,13,4,14,102,0.00062380468131
1,13,4,14,108,2.2234904148698694e-05
1,13,4,14,109,0.0002891350233582
1,13,4,14,110,0.0039183806202738
1,13,4,14,111,0.0034547542506224
1,13,4,14,112,0.000406443887398
1,13,4,14,113,0.0005946163347751
1,13,4,14,115,6.364277896051646e-05
1,13,4,14,116,1.6573955488287397e-05
1,13,4,14,117,0.0049520994654383
1,13,4,14,118,2.295522471638365e-06
1,13,4,14,119,0.4775055428618936
1,13,4,14,120,0.0001104016654943
1,13,4,14,121,0.0024479757334248
1,13,4,14,122,3.600319953677742e-05
1,13,4,14,123,4.41719019045185e-06
1,13,4,14,124,2.4415793912662132e-05
1,13,4,14,125,8.931834068104063e-05
1,13,4,14,126,0.0185575579262185
1,13,4,14,127,1.1162541698557352e-05
1,13,4,14,128,5.262962790292226e-05
1,13,4,14,129,4.333576766634497e-06
1,13,4,14,130,4.9329759960146865e-06
1,13,4,14,131,0.0033390243413868
1,13,4,14,132,0.0013607074084356
1,13,4,14,133,0.0006290855362417
1,13,4,14,134,0.0010930718570658
1,13,4,14,135,0.0098164106131144
1,13,4,14,136,0.0004632778974716
1,13,4,14,137,0.0003351383645387
1,13,4,14,138,0.002541131649854
1,13,4,14,139,0.009431619051939
1,13,4,14,140,0.0057361480094876
1,13,4,14,141,0.0013011352372036
1,13,4,14,142,0.0227352215871707
1,13,4,14,143,0.0007728176262237
1,13,4,14,144,0.0009535102042981
1,13,4,14,145,0.0061931680837541
1,13,4,14,148,0.0026728761082201
1,13,4,14,149,0.0001703276393101
1,13,4,14,151,2.269364675834116e-06
1,13,4,14,152,0.0003883107432977
1,13,4,14,153,0.000303793939718
1,13,4,14,154,0.000168638549578
1,13,4,14,155,0.0001056963263823
1,13,4,14,156,0.0001046010305047
1,13,4,14,157,8.971066610500211e-05
1,13,4,14,158,9.718599499846388e-05
1,13,4,14,159,1.05969132464996e-05
1,13,4,14,160,0.0017368645795421
1,13,4,14,161,4.787889040629708e-06
1,13,4,15,2,4.53946271027094e-05
1,13,4,15,3,2.4107996076925177e-05
1,13,4,15,4,5.370726516814019e-06
1,13,4,15,5,3.4690089054492504e-06
1,13,4,15,8,1.0667363507478687e-06
1,13,4,15,9,0.0003048782793926
1,13,4,15,10,0.000278665688172
1,13,4,15,11,4.133428773575221e-05
1,13,4,15,12,5.608412364977623e-05
1,13,4,15,13,2.8163568154142656e-07
1,13,4,15,14,0.0002253471541661
1,13,4,15,18,1.4003403192882264e-05
1,13,4,15,19,0.0008171595602889
1,13,4,15,20,0.0014723240599978
1,13,4,15,22,1.968238984754089e-06
1,13,4,15,29,2.7918141537508026e-07
1,13,4,15,30,1.3113900406077348e-05
1,13,4,15,32,7.194167767195326e-06
1,13,4,15,33,2.1227058467481015e-05
1,13,4,15,34,2.6351537473762073e-05
1,13,4,15,35,0.0044647353219679
1,13,4,15,36,0.0039336028582278
1,13,4,15,37,6.046073320289312e-05
1,13,4,15,38,4.4943584316425465e-05
1,13,4,15,39,0.0007119274377517
1,13,4,15,40,0.0083858930666038
1,13,4,15,42,0.0006221117306138
1,13,4,15,43,0.0085458087747261
1,13,4,15,44,0.001196618766013
1,13,4,15,45,0.0009916001664243
1,13,4,15,47,2.739447571905368e-05
1,13,4,15,48,8.623431317962702e-07
1,13,4,15,49,5.8210925542759174e-05
1,13,4,15,50,0.0009641021659887
1,13,4,15,51,0.0003112053870301
1,13,4,15,52,7.615746170154726e-05
1,13,4,15,53,0.0001133121816728
1,13,4,15,54,0.0002749515930181
1,13,4,15,55,3.570500314639311e-07
1,13,4,15,57,0.0439463377056418
1,13,4,15,59,2.827870519455986e-06
1,13,4,15,60,0.0007393081401329
1,13,4,15,63,0.0353929389086485
1,13,4,15,64,0.0018224098414677
1,13,4,15,65,2.7614884031714545e-05
1,13,4,15,66,2.4035529119227117e-05
1,13,4,15,67,3.60964695016232e-07
1,13,4,15,68,1.5523118056069762e-05
1,13,4,15,69,6.049841140429677e-05
1,13,4,15,70,0.0001724610426038
1,13,4,15,71,0.0001715208736571
1,13,4,15,74,1.3807267657400977e-05
1,13,4,15,77,5.797999894372143e-05
1,13,4,15,78,3.882461980337423e-06
1,13,4,15,79,0.0001394057931247
1,13,4,15,82,2.1416810293030827e-05
1,13,4,15,85,0.0008057321669977
1,13,4,15,86,2.843198835679322e-05
1,13,4,15,87,0.0002443444849933
1,13,4,15,88,0.0001133625037672
1,13,4,15,89,1.348783730151466e-05
1,13,4,15,90,0.0001474665717809
1,13,4,15,91,3.782187562393276e-05
1,13,4,15,92,7.38653298368169e-05
1,13,4,15,93,1.18146817805318e-05
1,13,4,15,94,1.2194502920213611e-06
1,13,4,15,95,8.852671524420443e-05
1,13,4,15,96,0.0476059273801017
1,13,4,15,97,8.136281745094853e-08
1,13,4,15,99,5.458826457796702e-06
1,13,4,15,100,2.0413723136330793e-05
1,13,4,15,101,2.1052362638632764e-05
1,13,4,15,102,1.829583251388519e-06
1,13,4,15,108,1.037234157003924e-05
1,13,4,15,109,6.042436777415017e-05
1,13,4,15,110,0.0001545356402998
1,13,4,15,112,1.6160202384822165e-06
1,13,4,15,113,0.0004515477253655
1,13,4,15,115,6.443202871676662e-05
1,13,4,15,116,0.0001334309709608
1,13,4,15,117,1.3981656334225508e-05
1,13,4,15,118,6.158365780583612e-06
1,13,4,15,119,0.2284850338729882
1,13,4,15,120,8.990108273794463e-06
1,13,4,15,121,3.475422992778262e-05
1,13,4,15,122,1.5969276196972803e-05
1,13,4,15,123,4.891037048309301e-06
1,13,4,15,124,3.894284268188087e-07
1,13,4,15,125,1.0724776995376725e-05
1,13,4,15,126,1.0168800320346832e-05
1,13,4,15,127,5.105205293323073e-05
1,13,4,15,128,0.0006245826095454
1,13,4,15,129,3.5527816098953085e-05
1,13,4,15,130,1.9170116363062897e-05
1,13,4,15,131,0.000452838974466
1,13,4,15,132,0.0018600525958733
1,13,4,15,133,0.0008708808159447
1,13,4,15,134,0.0002113762360315
1,13,4,15,135,0.0013927681085605
1,13,4,15,136,0.0047346154809105
1,13,4,15,137,0.0023920320682559
1,13,4,15,138,0.0021135869196611
1,13,4,15,140,1.646012844754532e-07
1,13,4,15,141,0.0001928766512478
1,13,4,15,142,0.0395749653798969
1,13,4,15,144,3.3601013909131684e-08
1,13,4,15,145,0.0017402971597292
1,13,4,15,148,1.1722762402230402e-05
1,13,4,15,149,3.295778535781e-05
1,13,4,15,151,8.93112168574233e-08
1,13,4,15,152,1.6385504363467684e-05
1,13,4,15,153,1.3396819704851949e-05
1,13,4,15,154,9.35596058788952e-06
1,13,4,15,155,1.639614998839876e-07
1,13,4,15,156,5.019645949046747e-07
1,13,4,15,157,7.065863268112529e-07
1,13,4,15,158,5.939764905341936e-07
1,13,4,15,159,4.6465961476154135e-05
1,13,4,15,160,0.0020784062287983
1,13,4,15,161,0.0003306819929411
1,13,4,15,162,1.362016115690228e-06
1,13,4,16,1,9.650368037115258e-06
1,13,4,16,2,0.0001130105871592
1,13,4,16,3,0.0004686871565919
1,13,4,16,4,0.0001997333114332
1,13,4,16,5,3.0117648265158757e-05
1,13,4,16,6,1.969985012740671e-06
1,13,4,16,7,4.6637152821787214e-08
1,13,4,16,8,3.784017653245418e-05
1,13,4,16,9,0.0008814226719278
1,13,4,16,10,0.0015813723738621
1,13,4,16,11,0.0013194656743986
1,13,4,16,12,0.000571110277817
1,13,4,16,13,8.169487680376658e-06
1,13,4,16,14,0.002137465631219
1,13,4,16,18,6.523646178455681e-05
1,13,4,16,19,6.244361781061805e-05
1,13,4,16,20,1.6840267497282476e-07
1,13,4,16,21,0.0001053914063418
1,13,4,16,22,3.2185750010225425e-05
1,13,4,16,32,2.2108808445774303e-05
1,13,4,16,33,0.000103761731711
1,13,4,16,34,0.0002362587688442
1,13,4,16,35,0.0037358700019422
1,13,4,16,36,0.0023768551399504
1,13,4,16,37,0.0004944026212286
1,13,4,16,38,0.0045439833172726
1,13,4,16,39,0.0068363759996172
1,13,4,16,40,0.0384216728063103
1,13,4,16,41,0.0130317572671825
1,13,4,16,42,0.0007176899612815
1,13,4,16,43,0.0717463575164825
1,13,4,16,44,0.0468802575061573
1,13,4,16,45,0.0091688087177455
1,13,4,16,46,1.078868623784927e-06
1,13,4,16,47,0.0004652495084242
1,13,4,16,48,0.0002042031594344
1,13,4,16,49,0.0019095111080009
1,13,4,16,50,0.0011963022535266
1,13,4,16,51,0.0026582977182214
1,13,4,16,52,0.0001477607353568
1,13,4,16,53,0.0541814734270258
1,13,4,16,54,0.0270004403328788
1,13,4,16,55,0.0028007297284493
1,13,4,16,56,0.000530887737977
1,13,4,16,57,0.0017005630562633
1,13,4,16,59,0.0276542326979612
1,13,4,16,60,0.0440980154879339
1,13,4,16,61,3.153834560697144e-05
1,13,4,16,62,1.2302164747950249e-05
1,13,4,16,63,0.1447300493736816
1,13,4,16,64,0.0230089460310818
1,13,4,16,65,0.0010419158068558
1,13,4,16,66,0.0025800592310668
1,13,4,16,67,0.0010522966415716
1,13,4,16,68,0.0001050428269812
1,13,4,16,69,0.0006360867377199
1,13,4,16,70,0.005333383121825
1,13,4,16,71,0.0014401916376388
1,13,4,16,72,0.0642799723075735
1,13,4,16,73,0.1546012692813353
1,13,4,16,74,0.0027911308946451
1,13,4,16,76,0.0001625520398462
1,13,4,16,77,0.0014238973012414
1,13,4,16,78,4.5977448843697544e-05
1,13,4,16,79,0.0006108943923179
1,13,4,16,80,0.000206195429556
1,13,4,16,81,0.0013315522802937
1,13,4,16,82,2.818551989275664e-05
1,13,4,16,84,0.0003161999153206
1,13,4,16,85,0.0080980074967313
1,13,4,16,86,0.0026584748475866
1,13,4,16,87,0.0002125181102758
1,13,4,16,88,0.0046649088359197
1,13,4,16,89,0.0004052421069962
1,13,4,16,90,0.0026199279529168
1,13,4,16,91,0.0010309756888192
1,13,4,16,92,0.0008802639996066
1,13,4,16,93,0.0005425284803718
1,13,4,16,94,0.0003192001452397
1,13,4,16,95,0.0004494465646575
1,13,4,16,96,0.065223707904256
1,13,4,16,97,0.0012653805095963
1,13,4,16,99,0.000235370736669
1,13,4,16,100,6.095757047967954e-05
1,13,4,16,101,0.0003722584578851
1,13,4,16,102,0.0002283299420169
1,13,4,16,103,4.714071104722739e-05
1,13,4,16,106,4.834142992561597e-05
1,13,4,16,108,8.279851023155993e-05
1,13,4,16,109,0.0003629491810349
1,13,4,16,110,0.0010228227241846
1,13,4,16,111,0.0003504742580937
1,13,4,16,112,0.0001196051682869
1,13,4,16,113,0.0028305789924821
1,13,4,16,114,0.0168665891595687
1,13,4,16,115,0.0003664192669612
1,13,4,16,116,4.010128598457958e-05
1,13,4,16,117,0.0005586424023629
1,13,4,16,118,1.5066780683204088e-07
1,13,4,16,119,0.396730834256616
1,13,4,16,120,5.0426668256967105e-05
1,13,4,16,121,0.0013580450021506
1,13,4,16,122,6.930040435956434e-05
1,13,4,16,123,0.0010283213919426
1,13,4,16,124,1.120300776469449e-06
1,13,4,16,125,0.002942982301821
1,13,4,16,126,0.0014660785634783
1,13,4,16,127,0.0004742960244954
1,13,4,16,128,0.0002333145117372
1,13,4,16,129,4.785951762323222e-05
1,13,4,16,130,5.326944138425373e-05
1,13,4,16,131,0.000271106927456
1,13,4,16,132,0.0018060960254255
1,13,4,16,133,0.000605569711497
1,13,4,16,134,0.0010310995069048
1,13,4,16,135,0.0446140036479008
1,13,4,16,136,2.152868848859241e-05
1,13,4,16,137,7.886643117110549e-05
1,13,4,16,138,8.058649867102464e-05
1,13,4,16,139,0.012090467536359
1,13,4,16,140,0.0084849543996197
1,13,4,16,141,0.00364656564757
1,13,4,16,142,0.1286676143572343
1,13,4,16,143,0.0003456848898739
1,13,4,16,144,0.0003137804190335
1,13,4,16,145,0.0060294164153973
1,13,4,16,146,3.2301488284762546e-05
1,13,4,16,147,3.3954077135775164e-06
1,13,4,16,148,1.7532594442992223e-05
1,13,4,16,149,0.0001714307633659
1,13,4,16,150,5.024008081265475e-07
1,13,4,16,151,7.738463330954122e-07
1,13,4,16,152,0.0001421496112524
1,13,4,16,153,0.0001376267834581
1,13,4,16,154,0.0001439204783896
1,13,4,16,155,1.4072360629681328e-05
1,13,4,16,156,8.677755156934288e-05
1,13,4,16,157,1.8461091474108563e-05
1,13,4,16,158,2.979521475458037e-05
1,13,4,16,159,2.4839743083769384e-06
1,13,4,16,160,0.0040357267779742
1,13,4,16,161,3.517637398388661e-05
1,13,4,16,162,0.0008410301450328
1,13,4,17,2,0.0004943635611098
1,13,4,17,3,0.0032903053161493
1,13,4,17,4,4.314746364702699e-05
1,13,4,17,5,0.0001810532265968
1,13,4,17,6,2.206380935497771e-05
1,13,4,17,7,7.077456957016542e-07
1,13,4,17,9,4.52793078642204e-06
1,13,4,17,10,0.0001909196965104
1,13,4,17,11,8.202198243895111e-05
1,13,4,17,12,4.789164046391453e-06
1,13,4,17,13,3.969547319541735e-07
1,13,4,17,14,5.6341882206665415e-05
1,13,4,17,18,0.0003831543251045
1,13,4,17,19,0.0002953686720062
1,13,4,17,20,2.617168517486935e-05
1,13,4,17,21,4.9971597778065214e-05
1,13,4,17,32,8.584395937295987e-06
1,13,4,17,33,2.546894660153333e-05
1,13,4,17,34,1.174291988020163e-05
1,13,4,17,35,0.0005169377828669
1,13,4,17,36,0.0001571689072278
1,13,4,17,37,0.0002137680929821
1,13,4,17,38,1.5176614974192577e-06
1,13,4,17,39,0.0002416078349848
1,13,4,17,40,0.0012772336823995
1,13,4,17,42,0.0024225041910612
1,13,4,17,43,0.0010394362414545
1,13,4,17,44,0.0002254978920031
1,13,4,17,45,0.0058746261197531
1,13,4,17,46,0.0001598275723628
1,13,4,17,47,0.0003000724496922
1,13,4,17,48,0.0002067278935606
1,13,4,17,49,4.5593947073583025e-05
1,13,4,17,50,0.0013153236243761
1,13,4,17,51,0.0003836568133708
1,13,4,17,52,5.0069951210413344e-06
1,13,4,17,53,0.0061449007863373
1,13,4,17,54,0.0006281141130697
1,13,4,17,55,9.388463357503304e-05
1,13,4,17,57,0.131679314707619
1,13,4,17,59,0.001003911729148
1,13,4,17,60,0.0079467621234592
1,13,4,17,61,4.079098570313309e-06
1,13,4,17,62,0.0016073153147308
1,13,4,17,63,0.0525424542377655
1,13,4,17,64,0.0007774496094301
1,13,4,17,65,0.0002118484459103
1,13,4,17,66,9.360623182423832e-05
1,13,4,17,67,1.4286315116381348e-05
1,13,4,17,68,8.095957655556199e-08
1,13,4,17,69,0.0002635656165308
1,13,4,17,70,0.0007092133637198
1,13,4,17,71,0.0001974059897523
1,13,4,17,78,4.602731139766567e-08
1,13,4,17,80,3.2242834049112724e-08
1,13,4,17,82,6.396288943986297e-07
1,13,4,17,84,1.8713025399840214e-09
1,13,4,17,85,6.347097946624737e-05
1,13,4,17,86,2.1336397174979724e-05
1,13,4,17,87,3.792719309366907e-07
1,13,4,17,88,6.583886845292977e-05
1,13,4,17,89,2.6281670579028058e-06
1,13,4,17,90,2.9706158797378716e-05
1,13,4,17,91,3.6659356613987664e-05
1,13,4,17,92,4.228765458680941e-05
1,13,4,17,93,0.0007104193004543
1,13,4,17,94,2.9502765853064527e-06
1,13,4,17,97,5.424329594398209e-06
1,13,4,17,99,5.352794572222687e-06
1,13,4,17,100,4.335238305134231e-06
1,13,4,17,101,1.6804667199528516e-05
1,13,4,17,102,3.401340142594832e-06
1,13,4,17,108,4.5477335597923315e-06
1,13,4,17,109,9.695628855300422e-07
1,13,4,17,110,0.0001280280160851
1,13,4,17,111,0.0010814427392003
1,13,4,17,112,1.3726694537279755e-06
1,13,4,17,113,0.0007239218209801
1,13,4,17,114,0.0052839734205988
1,13,4,17,115,3.290945944041309e-07
1,13,4,17,116,2.857808986207074e-07
1,13,4,17,117,7.35781355377263e-07
1,13,4,17,118,0.0045363776081711
1,13,4,17,119,0.0099932073949907
1,13,4,17,120,0.0001454362605877
1,13,4,17,121,0.0038019365452166
1,13,4,17,122,9.404938483367156e-07
1,13,4,17,123,5.985095165308848e-05
1,13,4,17,124,1.5790603647800609e-07
1,13,4,17,125,8.774131456458023e-05
1,13,4,17,126,0.0004218758230365
1,13,4,17,127,2.829804622947963e-05
1,13,4,17,128,3.801450165403727e-05
1,13,4,17,129,6.889298899862098e-06
1,13,4,17,130,2.792365874522697e-07
1,13,4,17,131,0.0014935314165567
1,13,4,17,132,8.770998520247795e-06
1,13,4,17,133,2.4184427497014412e-05
1,13,4,17,134,4.676912173509491e-06
1,13,4,17,135,0.0006481094697649
1,13,4,17,136,8.946315732696631e-05
1,13,4,17,137,0.0001269515227625
1,13,4,17,138,0.0001275962726486
1,13,4,17,139,1.861273712465053e-07
1,13,4,17,140,1.169621018746175e-07
1,13,4,17,142,3.5095985841220665e-06
1,13,4,17,145,5.1906106329505365e-06
1,13,4,17,148,4.927386388957751e-07
1,13,4,17,149,2.384277501315717e-07
1,13,4,17,151,4.9702438620147454e-09
1,13,4,17,152,7.955350378648019e-07
1,13,4,17,153,1.4630458354025514e-07
1,13,4,17,154,1.5839967149237714e-07
1,13,4,17,155,6.467409533731237e-08
1,13,4,17,156,2.902584302580535e-07
1,13,4,17,157,5.767980021984601e-08
1,13,4,17,158,6.393371358899414e-08
1,13,4,17,159,5.444575380558115e-05
1,13,4,17,160,4.952448328331487e-05
1,13,4,17,161,5.474563516549953e-06
1,13,4,17,162,5.3683878044767584e-08
1,13,4,18,2,2.000206446649752e-05
1,13,4,18,3,9.392499747693564e-06
1,13,4,18,4,1.0808680532839489e-06
1,13,4,18,5,3.744508334408045e-06
1,13,4,18,9,2.1708780280348403e-06
1,13,4,18,10,6.799582210589655e-06
1,13,4,18,11,2.495912697943227e-07
1,13,4,18,12,5.703306636336472e-07
1,13,4,18,13,1.1375386147558741e-07
1,13,4,18,14,7.450052839738245e-06
1,13,4,18,18,4.233597419717807e-06
1,13,4,18,33,3.663538884006188e-06
1,13,4,18,35,1.7663371359892348e-05
1,13,4,18,36,0.0003455925269159
1,13,4,18,37,1.1653403404963995e-06
1,13,4,18,38,5.571651394995051e-07
1,13,4,18,39,7.734880899549826e-05
1,13,4,18,40,9.760843760755136e-06
1,13,4,18,42,8.820930445108762e-10
1,13,4,18,43,7.016021520195831e-06
1,13,4,18,44,0.0001735790569425
1,13,4,18,46,4.059947703201005e-05
1,13,4,18,47,3.1064794903872873e-06
1,13,4,18,50,0.0038512536363568
1,13,4,18,51,2.8630624199627453e-05
1,13,4,18,52,7.904056128414297e-06
1,13,4,18,53,1.4737182228081418e-05
1,13,4,18,54,2.4907783909423093e-05
1,13,4,18,55,0.0019657747797704
1,13,4,18,59,1.4511813919751585e-06
1,13,4,18,60,8.034509841493674e-06
1,13,4,18,63,1.1272421577029375e-06
1,13,4,18,64,0.0001070863034713
1,13,4,18,65,1.875004927717454e-06
1,13,4,18,66,5.976890459116653e-05
1,13,4,18,67,4.72805765458984e-06
1,13,4,18,68,1.7743983618638648e-06
1,13,4,18,69,7.547434655816577e-06
1,13,4,18,70,0.0004116385706855
1,13,4,18,71,1.443904423086155e-06
1,13,4,18,72,0.0101845086992813
1,13,4,18,73,0.0402523665469461
1,13,4,18,74,2.7126403894517167e-05
1,13,4,18,78,3.2706636451855724e-05
1,13,4,18,80,1.5622654174074812e-06
1,13,4,18,81,0.0001516003347141
1,13,4,18,82,7.321395064848388e-06
1,13,4,18,84,3.2693201418196156e-06
1,13,4,18,85,0.001456473338232
1,13,4,18,86,0.0003183774388238
1,13,4,18,87,1.6048762200706235e-06
1,13,4,18,88,1.6121126456161546e-06
1,13,4,18,89,4.846647533675154e-05
1,13,4,18,90,1.889421534649197e-05
1,13,4,18,91,2.4386426119367388e-05
1,13,4,18,92,1.5279045341192637e-05
1,13,4,18,93,6.110958131764511e-07
1,13,4,18,97,3.2987785707719935e-06
1,13,4,18,99,2.064211903711461e-06
1,13,4,18,100,2.338125301453172e-06
1,13,4,18,101,6.25966239274438e-07
1,13,4,18,103,2.0647442181132856e-06
1,13,4,18,108,5.328192395633509e-06
1,13,4,18,109,1.3681606217774543e-05
1,13,4,18,110,1.4254133110024882e-05
1,13,4,18,112,1.3291031158707214e-06
1,13,4,18,113,0.0011270532630951
1,13,4,18,115,6.96686222309292e-06
1,13,4,18,116,8.631551919706695e-06
1,13,4,18,117,9.60273666889007e-05
1,13,4,18,118,5.54085809035061e-05
1,13,4,18,119,0.0090391027650332
1,13,4,18,120,1.6326993045908222e-05
1,13,4,18,121,0.0002604708069076
1,13,4,18,122,3.147005301914949e-06
1,13,4,18,123,0.0011665010952415
1,13,4,18,124,3.188526359745543e-07
1,13,4,18,125,5.024253537351196e-07
1,13,4,18,126,2.0835862967378458e-05
1,13,4,18,127,0.0002398287582646
1,13,4,18,128,7.601558774290037e-05
1,13,4,18,129,1.0490594282890206e-06
1,13,4,18,130,4.5788384658486755e-06
1,13,4,18,131,0.000148234135199
1,13,4,18,132,5.0940345566538225e-05
1,13,4,18,133,1.4280857489936266e-05
1,13,4,18,134,2.9740187007222292e-05
1,13,4,18,135,0.0005592923655847
1,13,4,18,136,0.00013927438628
1,13,4,18,137,8.743785806588471e-05
1,13,4,18,138,9.795551411669776e-05
1,13,4,18,139,0.0031759259810479
1,13,4,18,140,0.0018458577168986
1,13,4,18,141,0.0002440342608959
1,13,4,18,142,0.0047894311413501
1,13,4,18,143,4.781408291075371e-05
1,13,4,18,144,3.739774977809776e-05
1,13,4,18,145,4.546458639972956e-05
1,13,4,18,149,4.7873589010765096e-05
1,13,4,18,151,6.900982320117906e-08
1,13,4,18,152,1.5707254951132485e-05
1,13,4,18,153,6.2149151404521925e-09
1,13,4,18,154,7.258042094762959e-09
1,13,4,18,155,2.4327514586985134e-09
1,13,4,18,156,6.848125525195974e-07
1,13,4,18,157,3.1862893296541e-09
1,13,4,18,158,2.6401141236569023e-09
1,13,4,18,159,0.0009329145108024
1,13,4,18,160,0.0001742895112318
1,13,4,18,161,7.416341991033281e-05
1,13,4,18,162,5.6340645548543934e-08
1,13,4,19,2,0.0002699154441897
1,13,4,19,3,0.0003327449575223
1,13,4,19,4,3.641036927298226e-05
1,13,4,19,5,0.0001974115777997
1,13,4,19,6,1.971126868840994e-06
1,13,4,19,7,2.102371078004858e-07
1,13,4,19,9,6.993301992363368e-06
1,13,4,19,10,0.0001407983982509
1,13,4,19,11,0.0003718598200223
1,13,4,19,12,2.7117623679286268e-06
1,13,4,19,13,9.97493267700066e-07
1,13,4,19,14,0.0001439520375376
1,13,4,19,16,0.0001344843780414
1,13,4,19,18,0.0003702082226658
1,13,4,19,19,6.639261372895885e-05
1,13,4,19,20,4.0608198266275546e-07
1,13,4,19,32,6.755451363798863e-07
1,13,4,19,33,6.526768145347313e-07
1,13,4,19,34,4.701041855793228e-06
1,13,4,19,35,0.000193483018823
1,13,4,19,36,0.0001111670914295
1,13,4,19,37,2.1748450321985487e-05
1,13,4,19,38,1.0989458494372098e-05
1,13,4,19,39,0.0005477728724234
1,13,4,19,40,0.0003684624570178
1,13,4,19,42,0.0003105074185296
1,13,4,19,43,0.0007896981997898
1,13,4,19,44,0.0010193887600647
1,13,4,19,45,0.0028198554353656
1,13,4,19,46,3.1146430583653405e-06
1,13,4,19,47,5.140713099069492e-05
1,13,4,19,48,7.725144291816948e-05
1,13,4,19,49,0.0001006433257349
1,13,4,19,50,0.0085278007810133
1,13,4,19,51,3.35746918650296e-05
1,13,4,19,52,4.335311590648572e-05
1,13,4,19,53,0.0014496100469672
1,13,4,19,54,9.167483281809157e-05
1,13,4,19,55,0.000330305675612
1,13,4,19,57,1.0629341671030392e-05
1,13,4,19,59,3.640222208595216e-06
1,13,4,19,60,0.0824369933185713
1,13,4,19,63,0.009823112972966
1,13,4,19,64,0.0004012703941759
1,13,4,19,65,2.1190138720680236e-05
1,13,4,19,66,9.440514300616084e-07
1,13,4,19,67,3.1730911021834363e-06
1,13,4,19,68,1.7463042820152154e-05
1,13,4,19,69,7.999102740854236e-05
1,13,4,19,70,0.0001779969607472
1,13,4,19,71,0.0002090509673427
1,13,4,19,72,0.0078431932078154
1,13,4,19,73,0.0081961009836798
1,13,4,19,80,9.818422633921017e-07
1,13,4,19,81,0.0001209422084461
1,13,4,19,82,2.2602883131986443e-05
1,13,4,19,83,3.318131024285503e-06
1,13,4,19,84,2.5529974651932908e-06
1,13,4,19,85,0.0024556518716182
1,13,4,19,86,0.0002818673010609
1,13,4,19,87,5.444975787516135e-05
1,13,4,19,88,4.307526145224855e-05
1,13,4,19,89,2.106254924942591e-06
1,13,4,19,90,7.608524431881352e-07
1,13,4,19,91,8.184304543490833e-06
1,13,4,19,92,1.2066312695399218e-05
1,13,4,19,93,0.0001821583326802
1,13,4,19,94,3.98700565471382e-06
1,13,4,19,95,0.0106215288037664
1,13,4,19,97,7.895314859374167e-05
1,13,4,19,99,0.0012109556722011
1,13,4,19,100,1.0263621799335387e-05
1,13,4,19,101,1.4997543541155923e-09
1,13,4,19,102,3.70252293461407e-06
1,13,4,19,108,1.040169811324889e-07
1,13,4,19,109,7.1362336299992e-08
1,13,4,19,110,9.963432540452364e-05
1,13,4,19,111,0.0005454786337624
1,13,4,19,112,2.713401130220758e-06
1,13,4,19,113,0.0006920682444744
1,13,4,19,114,0.0061663287561506
1,13,4,19,115,2.6112500870602297e-05
1,13,4,19,116,1.893148536088859e-05
1,13,4,19,117,5.774340189112832e-06
1,13,4,19,118,2.4653505513666476e-06
1,13,4,19,119,0.0338827266395598
1,13,4,19,120,8.307225193075132e-05
1,13,4,19,121,0.0001983727011994
1,13,4,19,122,6.661277738890083e-06
1,13,4,19,123,2.706409991274164e-05
1,13,4,19,124,2.413057114101462e-07
1,13,4,19,125,8.935512114818156e-05
1,13,4,19,126,6.855151926224219e-06
1,13,4,19,127,7.166218251635186e-06
1,13,4,19,128,0.0001086675834638
1,13,4,19,129,2.2021630495210138e-07
1,13,4,19,130,5.7525670118261624e-08
1,13,4,19,131,8.926885899474599e-05
1,13,4,19,132,1.0593149984113028e-05
1,13,4,19,133,1.8207172209758495e-06
1,13,4,19,134,3.606490019145227e-06
1,13,4,19,135,0.0010036598304968
1,13,4,19,136,0.0005008694094167
1,13,4,19,137,0.0007293509214364
1,13,4,19,138,0.0001964119780487
1,13,4,19,139,9.652401163959464e-08
1,13,4,19,140,2.970413927804479e-07
1,13,4,19,141,0.0076171680062792
1,13,4,19,142,0.0018680620574561
1,13,4,19,143,1.4549168590108152e-08
1,13,4,19,144,6.7670121194349855e-06
1,13,4,19,145,9.450952001893138e-05
1,13,4,19,149,1.22327914995553e-07
1,13,4,19,151,1.718415057645721e-09
1,13,4,19,152,2.904137263115516e-07
1,13,4,19,153,3.4565260100163714e-07
1,13,4,19,154,1.1310239813047481e-07
1,13,4,19,155,5.0206252625217135e-08
1,13,4,19,156,7.002283796482805e-08
1,13,4,19,157,4.3953931413466096e-08
1,13,4,19,158,5.42587931439254e-08
1,13,4,19,159,2.926310583374936e-05
1,13,4,19,160,0.0003399646049208
1,13,4,19,161,1.9011714388849951e-06
1,13,4,19,162,2.862499177042953e-07
1,13,4,20,2,1.5717985314967323e-08
1,13,4,20,3,2.1240494290688955e-06
1,13,4,20,4,1.2052379179145043e-06
1,13,4,20,9,8.444392377974829e-07
1,13,4,20,10,4.7097119253430407e-05
1,13,4,20,11,2.1739688335290646e-06
1,13,4,20,12,5.339684602010728e-06
1,13,4,20,14,2.154880084075063e-05
1,13,4,20,19,1.5294718091937368e-07
1,13,4,20,32,1.0690064268885535e-06
1,13,4,20,33,1.0976334559822559e-13
1,13,4,20,35,9.929122554742677e-06
1,13,4,20,36,5.417287796742424e-05
1,13,4,20,37,1.0178769776069376e-05
1,13,4,20,38,3.0274995460271504e-06
1,13,4,20,39,3.208978986054553e-05
1,13,4,20,40,5.65187764684067e-07
1,13,4,20,43,1.79640233383455e-05
1,13,4,20,44,2.4960735274484783e-05
1,13,4,20,45,5.358209991383738e-06
1,13,4,20,46,1.0031456363662218e-08
1,13,4,20,47,7.58691677685523e-08
1,13,4,20,48,9.122875107518409e-08
1,13,4,20,49,3.4607684019421005e-07
1,13,4,20,50,5.971877694730606e-07
1,13,4,20,51,2.08785135130233e-06
1,13,4,20,53,9.954081655831288e-06
1,13,4,20,54,5.1069449579458376e-08
1,13,4,20,55,2.3242062424996601e-07
1,13,4,20,57,2.434664168761238e-10
1,13,4,20,60,4.774783292076418e-07
1,13,4,20,63,5.663543987474635e-05
1,13,4,20,64,7.093475716438737e-06
1,13,4,20,65,1.3317368250773632e-10
1,13,4,20,67,3.2338845180654057e-07
1,13,4,20,68,2.061630937767142e-09
1,13,4,20,69,1.9314382791846777e-14
1,13,4,20,71,2.8900522683723105e-06
1,13,4,20,82,2.517112135196789e-07
1,13,4,20,84,3.2023042114737343e-09
1,13,4,20,85,1.250514083099877e-07
1,13,4,20,86,1.2534056975276278e-08
1,13,4,20,87,3.0950967955545405e-07
1,13,4,20,88,1.5093630267082254e-08
1,13,4,20,89,1.097220060972384e-06
1,13,4,20,90,8.752173007431409e-09
1,13,4,20,91,2.5172712665486136e-08
1,13,4,20,92,1.2783089200886476e-06
1,13,4,20,93,3.2545929434969605e-07
1,13,4,20,94,1.250801675289319e-07
1,13,4,20,101,2.8861610070148657e-08
1,13,4,20,103,7.786846896822966e-08
1,13,4,20,108,3.534511326127889e-06
1,13,4,20,109,4.57351954799418e-06
1,13,4,20,110,9.520087931165592e-15
1,13,4,20,112,4.613464733253268e-07
1,13,4,20,113,0.0002795695591667
1,13,4,20,115,4.369331354624413e-06
1,13,4,20,116,1.920763966478168e-06
1,13,4,20,117,3.171746661643448e-06
1,13,4,20,118,1.7970369639445189e-06
1,13,4,20,119,0.0526033186704816
1,13,4,20,120,1.2603073602996773e-05
1,13,4,20,121,2.7467492218987337e-05
1,13,4,20,122,5.2600669934558773e-08
1,13,4,20,123,0.0977860240845618
1,13,4,20,124,1.6237715857947528e-06
1,13,4,20,125,4.0567455214769186e-05
1,13,4,20,126,2.322243803786853e-05
1,13,4,20,127,4.609531216586487e-06
1,13,4,20,128,7.0935121401420325e-06
1,13,4,20,129,4.235116331210452e-06
1,13,4,20,130,8.640267510654874e-06
1,13,4,20,131,0.0080718349484053
1,13,4,20,132,4.3435458797247555e-05
1,13,4,20,133,3.644168791583692e-06
1,13,4,20,134,1.6212862264165476e-06
1,13,4,20,135,0.0001090923883123
1,13,4,20,136,5.237044091307617e-05
1,13,4,20,137,3.6359670102273795e-05
1,13,4,20,138,6.407295883763489e-05
1,13,4,20,142,4.269119509269578e-09
1,13,4,20,145,1.8790488245319005e-06
1,13,4,20,149,4.3669928771644696e-08
1,13,4,20,151,1.0699967392350882e-08
1,13,4,20,152,2.817458692019133e-06
1,13,4,20,153,7.977666196622704e-08
1,13,4,20,154,4.978023918238349e-08
1,13,4,20,155,2.296350867094646e-09
1,13,4,20,156,1.3548360595512704e-06
1,13,4,20,157,2.5947288935558088e-09
1,13,4,20,158,3.0311181126089527e-09
1,13,4,20,159,3.4767397106347563e-06
1,13,4,20,160,5.654765414129723e-06
1,13,4,20,161,3.5795730959747383e-06
1,13,4,20,162,9.802330310117537e-13
1,13,4,21,2,0.0001301635832031
1,13,4,21,3,0.0011589769871657
1,13,4,21,4,0.0001596856800165
1,13,4,21,5,4.054592755696904e-08
1,13,4,21,6,5.783874886029663e-05
1,13,4,21,7,1.0969427209587e-07
1,13,4,21,8,9.424240789598895e-05
1,13,4,21,9,0.0019540799672976
1,13,4,21,10,0.0035913606527524
1,13,4,21,11,0.006982281729093
1,13,4,21,12,0.0004221415312791
1,13,4,21,14,0.0225277548960151
1,13,4,21,18,1.4056155498273102e-05
1,13,4,21,19,7.956380954765193e-06
1,13,4,21,21,0.0001520578501541
1,13,4,21,22,4.5602989683409255e-05
1,13,4,21,31,1.210904869825225e-06
1,13,4,21,33,0.0001587189711807
1,13,4,21,34,0.0003681458344263
1,13,4,21,35,0.0095754132240143
1,13,4,21,36,0.0155956313776299
1,13,4,21,37,0.0028346211777811
1,13,4,21,38,7.493862135161486e-05
1,13,4,21,39,0.026774366236446
1,13,4,21,40,0.0617477291511916
1,13,4,21,42,0.0055032168760476
1,13,4,21,43,0.0953580615185537
1,13,4,21,44,0.0076926394380326
1,13,4,21,45,0.0135732896909471
1,13,4,21,46,0.0023373837912925
1,13,4,21,47,0.0009051141642506
1,13,4,21,48,3.6751318731175975e-06
1,13,4,21,49,0.0046784670935463
1,13,4,21,50,0.0002665094878001
1,13,4,21,51,0.0033775816743063
1,13,4,21,52,0.0002476929805769
1,13,4,21,53,0.1311051641436726
1,13,4,21,54,0.0334419526379111
1,13,4,21,55,0.0007395993386064
1,13,4,21,56,0.5973725315897483
1,13,4,21,57,0.03828012654111
1,13,4,21,58,0.0010667044197614
1,13,4,21,59,0.2562965229158815
1,13,4,21,60,0.0130803591251364
1,13,4,21,61,0.0086694335723879
1,13,4,21,62,0.0083169703585776
1,13,4,21,63,0.3442462734433967
1,13,4,21,64,0.038238845594066
1,13,4,21,65,6.147703293794243e-05
1,13,4,21,66,0.0018131088709576
1,13,4,21,67,5.297564115210618e-05
1,13,4,21,68,9.7358937760654e-05
1,13,4,21,69,0.0003164122701777
1,13,4,21,70,0.0049643150378277
1,13,4,21,71,0.0002519471775886
1,13,4,21,72,0.0155065272758125
1,13,4,21,73,0.012119786857865
1,13,4,21,74,8.058987346576954e-06
1,13,4,21,76,4.307508087604073e-05
1,13,4,21,77,0.0009033140148256
1,13,4,21,78,3.438694315735823e-05
1,13,4,21,79,9.201113313177604e-05
1,13,4,21,80,1.946001591680342e-05
1,13,4,21,81,0.0037535227091018
1,13,4,21,82,4.421014995152834e-06
1,13,4,21,84,0.0001539882371789
1,13,4,21,85,0.0178195917359636
1,13,4,21,86,0.0030548171142139
1,13,4,21,87,0.0005586755057141
1,13,4,21,88,0.0038468397537889
1,13,4,21,89,0.0003671517406666
1,13,4,21,90,0.0025712583964517
1,13,4,21,91,0.0002052560432808
1,13,4,21,92,0.0003974898170828
1,13,4,21,93,0.0001019610259343
1,13,4,21,94,5.280442944674592e-05
1,13,4,21,95,0.0024811424604985
1,13,4,21,96,0.0995260206852396
1,13,4,21,97,0.0001167034851864
1,13,4,21,98,0.0093580179355064
1,13,4,21,99,1.505828900838066e-06
1,13,4,21,100,8.502124938579714e-05
1,13,4,21,101,0.0011642874824952
1,13,4,21,102,0.0003830241771623
1,13,4,21,103,1.1340734893806714e-06
1,13,4,21,107,2.383800044842621e-05
1,13,4,21,108,4.918886660610747e-05
1,13,4,21,109,4.8051641323464344e-05
1,13,4,21,110,0.0001130686768355
1,13,4,21,111,0.0158785519441276
1,13,4,21,112,0.0001061715115805
1,13,4,21,113,0.0095256720139929
1,13,4,21,114,0.4472142920013556
1,13,4,21,115,0.0006953983772579
1,13,4,21,116,8.31372377299165e-05
1,13,4,21,117,0.0006130429855766
1,13,4,21,118,3.4752190343918045e-05
1,13,4,21,119,0.3067310691656371
1,13,4,21,120,7.553714391105101e-06
1,13,4,21,121,5.936478105245527e-05
1,13,4,21,122,5.329988691448795e-06
1,13,4,21,123,2.01598663475774e-05
1,13,4,21,124,1.520768593460928e-06
1,13,4,21,125,3.0287923560548035e-05
1,13,4,21,126,0.0003775053713
1,13,4,21,127,0.0003093927303331
1,13,4,21,128,0.0002340313051466
1,13,4,21,129,7.389885149500527e-05
1,13,4,21,130,8.486743933010916e-05
1,13,4,21,131,0.0035073276850303
1,13,4,21,132,0.0053972672704536
1,13,4,21,133,0.0015992797832139
1,13,4,21,134,0.0022342650209366
1,13,4,21,135,0.0355516505614025
1,13,4,21,136,0.0267950069712308
1,13,4,21,137,0.0006771651187782
1,13,4,21,138,0.0007606273500047
1,13,4,21,139,0.024968463501876
1,13,4,21,140,0.0407556495861785
1,13,4,21,141,0.0039594569783972
1,13,4,21,142,0.2011864467132702
1,13,4,21,143,0.0017295874238418
1,13,4,21,144,0.0007750672658596
1,13,4,21,145,0.0289875575689664
1,13,4,21,146,0.0001066404539669
1,13,4,21,147,6.927303422369384e-05
1,13,4,21,148,0.0003612615717908
1,13,4,21,149,0.0017149784828205
1,13,4,21,151,5.5395656241177674e-08
1,13,4,21,152,8.24897612389578e-06
1,13,4,21,153,2.9660804877437164e-06
1,13,4,21,154,2.0330721469545287e-06
1,13,4,21,155,3.2648388216369475e-05
1,13,4,21,156,0.0002440969314235
1,13,4,21,157,6.395556542883998e-06
1,13,4,21,158,2.5450133193525897e-06
1,13,4,21,159,1.501837691473133e-05
1,13,4,21,160,0.0011619584727573
1,13,4,21,161,8.404584024503086e-05
1,13,4,21,162,0.0003673307977307
1,13,4,22,2,0.0028584462256947
1,13,4,22,3,0.0035465408171798
1,13,4,22,4,0.0011556045461041
1,13,4,22,5,0.0004527519787238
1,13,4,22,6,0.0001967090167682
1,13,4,22,7,1.998541439505794e-06
1,13,4,22,8,0.0002127564678013
1,13,4,22,9,0.0046087851566431
1,13,4,22,10,0.0220324439137036
1,13,4,22,11,0.0022069959835755
1,13,4,22,12,0.0003877827915806
1,13,4,22,13,7.822331161705293e-05
1,13,4,22,14,0.0065292774712393
1,13,4,22,18,0.0028189737666276
1,13,4,22,19,0.0019480486899671
1,13,4,22,20,0.0048196788191826
1,13,4,22,21,9.039357372277652e-05
1,13,4,22,22,0.0001326830546086
1,13,4,22,26,0.0001808122476957
1,13,4,22,29,7.738185558375788e-06
1,13,4,22,30,7.121419474542149e-05
1,13,4,22,31,2.2183448253169926e-06
1,13,4,22,32,3.840696566602566e-05
1,13,4,22,33,0.0001616222594177
1,13,4,22,34,0.0001070918366442
1,13,4,22,35,0.0022836752061921
1,13,4,22,36,0.0191715005515129
1,13,4,22,37,0.0026088701911531
1,13,4,22,38,0.0001830025899498
1,13,4,22,39,0.0171815204657319
1,13,4,22,40,0.0207448958351794
1,13,4,22,42,0.0058105992153717
1,13,4,22,43,0.0569188010861046
1,13,4,22,44,0.0135604764047389
1,13,4,22,45,0.0751731152144108
1,13,4,22,46,0.0006747957307133
1,13,4,22,47,0.0022657989438468
1,13,4,22,48,0.000725762726339
1,13,4,22,49,0.0015221644797053
1,13,4,22,50,0.0171873179523623
1,13,4,22,51,0.0142072275508312
1,13,4,22,52,0.0005496216317658
1,13,4,22,53,0.0685260036658239
1,13,4,22,54,0.2384507266995486
1,13,4,22,55,0.0078482239256854
1,13,4,22,56,0.0017337067399978
1,13,4,22,57,0.4988402425689605
1,13,4,22,59,0.0684613083829548
1,13,4,22,60,0.0636106806018537
1,13,4,22,61,0.0027830063013559
1,13,4,22,62,0.0017352924349536
1,13,4,22,63,2.0165069625449767
1,13,4,22,64,0.0516704436942365
1,13,4,22,65,0.0087441774037863
1,13,4,22,66,0.0034107681641574
1,13,4,22,67,0.0013102411702355
1,13,4,22,68,0.0002011841744643
1,13,4,22,69,0.010143715010329
1,13,4,22,70,0.0132580694402271
1,13,4,22,71,0.0020101884089177
1,13,4,22,72,0.0428189218120056
1,13,4,22,73,0.1171035648907296
1,13,4,22,74,0.0036155960919343
1,13,4,22,76,0.0002647452227462
1,13,4,22,77,0.0007419953887544
1,13,4,22,78,0.0007114395142505
1,13,4,22,79,0.000707138638543
1,13,4,22,80,0.0009547657854166
1,13,4,22,81,0.0007899392381149
1,13,4,22,82,3.153245419720413e-05
1,13,4,22,84,0.0002072077437532
1,13,4,22,85,0.0160019754049227
1,13,4,22,86,0.0084399623584026
1,13,4,22,87,0.0011507605903959
1,13,4,22,88,0.0119083031835803
1,13,4,22,89,0.0022358058115293
1,13,4,22,90,0.0103448609047406
1,13,4,22,91,0.0033442011208921
1,13,4,22,92,0.0010464725417168
1,13,4,22,93,0.0025309016209418
1,13,4,22,94,0.0003561078447341
1,13,4,22,96,0.3852084925973004
1,13,4,22,97,0.0002213461376957
1,13,4,22,99,0.0001665474375469
1,13,4,22,100,6.923591988135125e-05
1,13,4,22,101,0.0003682017693601
1,13,4,22,102,0.0015091895488977
1,13,4,22,108,0.0002946429180167
1,13,4,22,109,0.0009805026478226
1,13,4,22,110,0.0077300764320156
1,13,4,22,111,0.1282633215112944
1,13,4,22,112,0.0014733006669376
1,13,4,22,113,0.0310913342276406
1,13,4,22,114,0.4197682748114795
1,13,4,22,115,0.0003312436619238
1,13,4,22,116,8.211219937253339e-05
1,13,4,22,117,0.0131755557476897
1,13,4,22,118,0.0075728339718278
1,13,4,22,119,0.2166209681893644
1,13,4,22,120,0.0025827962693784
1,13,4,22,121,0.0368014860562942
1,13,4,22,122,3.1139983530631796e-05
1,13,4,22,125,4.2072526207873715e-05
1,13,4,22,126,0.0015666389093226
1,13,4,22,127,0.0017057045882248
1,13,4,22,128,0.0008812532384323
1,13,4,22,129,0.000344369068886
1,13,4,22,130,0.0008225227782853
1,13,4,22,131,0.0172394525453287
1,13,4,22,132,0.0012215520125804
1,13,4,22,133,0.001386629467934
1,13,4,22,134,0.0022370506283883
1,13,4,22,135,0.0194339933613073
1,13,4,22,136,0.0010510877494396
1,13,4,22,137,0.0016879988208669
1,13,4,22,138,0.0024358976200613
1,13,4,22,139,0.0012788941861021
1,13,4,22,140,0.0024771658082234
1,13,4,22,141,0.0013315758349551
1,13,4,22,142,0.1289744594737249
1,13,4,22,143,0.0001060464218829
1,13,4,22,144,0.0004075676296484
1,13,4,22,145,0.006143762996157
1,13,4,22,146,3.156205835439438e-05
1,13,4,22,147,7.032809349132244e-05
1,13,4,22,148,0.0005292362859248
1,13,4,22,149,0.0004147968403734
1,13,4,22,150,5.401967519874128e-05
1,13,4,22,151,2.325881033038175e-06
1,13,4,22,152,0.0004191888477381
1,13,4,22,153,0.000201789706715
1,13,4,22,154,9.819466084400672e-05
1,13,4,22,155,2.6495967660599137e-05
1,13,4,22,156,0.0001880103457366
1,13,4,22,157,2.1517449426114617e-05
1,13,4,22,158,2.7892452342822463e-05
1,13,4,22,159,0.0004169765335336
1,13,4,22,160,0.0068142058718031
1,13,4,22,161,0.0030343075700227
1,13,4,22,162,0.0003675368122437
1,13,4,23,1,5.836583467333015e-07
1,13,4,23,2,2.229574035912281e-07
1,13,4,23,3,7.2256118264129695e-06
1,13,4,23,4,0.0001818881778267
1,13,4,23,5,2.5499608138426504e-07
1,13,4,23,6,5.4103623483101484e-09
1,13,4,23,8,4.245554326309161e-06
1,13,4,23,9,0.0002593761963183
1,13,4,23,10,0.0007417561760661
1,13,4,23,11,0.0003026689035462
1,13,4,23,12,4.92143028465171e-05
1,13,4,23,13,1.6038764366869186e-06
1,13,4,23,14,0.0002175589871161
1,13,4,23,18,1.818277692460774e-05
1,13,4,23,19,3.915623270861879e-06
1,13,4,23,26,9.20575805707724e-09
1,13,4,23,29,1.0516756352922469e-08
1,13,4,23,30,1.860866567098916e-06
1,13,4,23,31,5.942663422855243e-06
1,13,4,23,32,8.587445503076193e-06
1,13,4,23,33,1.8201498127270112e-05
1,13,4,23,34,6.356173744621105e-06
1,13,4,23,35,0.0004570025396448
1,13,4,23,36,0.0009627381580015
1,13,4,23,37,0.0003020871733075
1,13,4,23,38,3.158102576521876e-05
1,13,4,23,39,0.0018520667931394
1,13,4,23,40,0.002018832475051
1,13,4,23,41,0.0011433789634579
1,13,4,23,42,2.5246433589211225e-05
1,13,4,23,43,0.0022694268906972
1,13,4,23,44,0.0021468808654764
1,13,4,23,45,0.000147305461122
1,13,4,23,46,0.00029416681126
1,13,4,23,47,0.0023890753250178
1,13,4,23,48,0.0002320867674361
1,13,4,23,49,0.0013794157799066
1,13,4,23,50,0.0510622267546002
1,13,4,23,51,0.0005123285409432
1,13,4,23,52,8.97102737504245e-05
1,13,4,23,53,0.0113717731238188
1,13,4,23,54,0.0616919049782585
1,13,4,23,55,9.945007495675634e-05
1,13,4,23,57,0.3762155230194349
1,13,4,23,59,0.0107833476079865
1,13,4,23,60,0.001766018953773
1,13,4,23,61,3.0159220430088215e-05
1,13,4,23,62,3.840049363157437e-05
1,13,4,23,63,0.0336197291888262
1,13,4,23,64,0.0016702505285513
1,13,4,23,65,0.0011033655130004
1,13,4,23,66,0.0005632354299278
1,13,4,23,67,0.0002161768626936
1,13,4,23,68,1.5822455253024706e-05
1,13,4,23,69,6.378585505528257e-05
1,13,4,23,70,0.000495878723189
1,13,4,23,71,0.0009976181616782
1,13,4,23,72,0.0007102272047374
1,13,4,23,73,0.007874452697099
1,13,4,23,74,4.691803192162368e-07
1,13,4,23,77,3.190030562769568e-05
1,13,4,23,78,6.383771418606017e-07
1,13,4,23,79,1.4126259492064714e-05
1,13,4,23,80,2.0255894585042004e-06
1,13,4,23,81,6.487256985152125e-05
1,13,4,23,82,3.412012605727729e-05
1,13,4,23,84,1.0795378616312871e-05
1,13,4,23,85,0.0014767408457462
1,13,4,23,86,0.0004067823607747
1,13,4,23,87,1.0234168401314065e-06
1,13,4,23,88,0.0003549724931136
1,13,4,23,89,0.0001185029347019
1,13,4,23,90,0.0002405721147251
1,13,4,23,91,9.842508092971504e-05
1,13,4,23,92,2.0547599684598e-05
1,13,4,23,93,6.446686330155062e-05
1,13,4,23,94,0.002162410158648
1,13,4,23,95,0.0006413480478906
1,13,4,23,96,0.0164872976367174
1,13,4,23,97,0.0011626180958056
1,13,4,23,99,0.0008167737986708
1,13,4,23,100,0.0005415001585381
1,13,4,23,101,0.0002753304005672
1,13,4,23,102,1.911757109150526e-05
1,13,4,23,103,2.373461503579637e-07
1,13,4,23,106,1.6297147164683726e-05
1,13,4,23,108,0.0002612324098597
1,13,4,23,109,0.0011114050811794
1,13,4,23,110,0.0006166639071526
1,13,4,23,111,6.505602883196433e-09
1,13,4,23,112,2.8164448891005564e-05
1,13,4,23,113,0.0009692844894362
1,13,4,23,115,2.519244749715536e-05
1,13,4,23,116,8.159613773606793e-07
1,13,4,23,117,6.104412894732985e-06
1,13,4,23,118,3.602546937452832e-07
1,13,4,23,119,0.1447822845057039
1,13,4,23,120,7.337435405411589e-05
1,13,4,23,121,0.0007423804597164
1,13,4,23,122,3.980104915352373e-05
1,13,4,23,123,6.462698028711039e-06
1,13,4,23,124,7.161029354024019e-07
1,13,4,23,125,6.164828802799389e-05
1,13,4,23,126,2.7604682667764405e-05
1,13,4,23,127,1.2479820059260256e-05
1,13,4,23,128,0.0001342347469488
1,13,4,23,129,5.16564313537764e-06
1,13,4,23,130,3.861639703124053e-06
1,13,4,23,131,0.0005536846604387
1,13,4,23,132,0.0011193147211062
1,13,4,23,133,3.555471469008727e-05
1,13,4,23,134,3.505456783626497e-05
1,13,4,23,135,0.0015512723658731
1,13,4,23,136,0.001783384972117
1,13,4,23,137,3.264898789150204e-05
1,13,4,23,138,0.0004482386077632
1,13,4,23,139,0.007581911702914
1,13,4,23,140,0.0038702930045593
1,13,4,23,141,0.0004047545426894
1,13,4,23,142,0.0099105825036911
1,13,4,23,143,0.0001247342560181
1,13,4,23,144,5.336059953995886e-05
1,13,4,23,145,0.0007189267413714
1,13,4,23,146,4.339518811120774e-06
1,13,4,23,147,1.6007519727635594e-05
1,13,4,23,149,0.0001762616436957
1,13,4,23,150,3.898516804608162e-05
1,13,4,23,151,1.6808428901023447e-05
1,13,4,23,152,0.0035150622141275
1,13,4,23,153,4.788555644385604e-05
1,13,4,23,154,3.731750484411303e-05
1,13,4,23,155,1.5591213227610594e-06
1,13,4,23,156,7.252039844300548e-05
1,13,4,23,157,5.1420095670657405e-06
1,13,4,23,158,7.00313054604643e-06
1,13,4,23,159,2.5676845101304637e-05
1,13,4,23,160,0.0003895454934755
1,13,4,23,161,2.480142385778019e-05
1,13,4,23,162,0.0004594360233207
1,13,4,24,1,3.019062662045839e-07
1,13,4,24,2,0.0061474574586296
1,13,4,24,3,0.0017881882061948
1,13,4,24,4,4.823389564795613e-05
1,13,4,24,5,0.0001100036498998
1,13,4,24,6,1.4161190225070706e-07
1,13,4,24,7,1.7029522712420193e-07
1,13,4,24,8,1.2370744728994232e-05
1,13,4,24,9,0.000173595029545
1,13,4,24,10,0.0001437445286687
1,13,4,24,11,0.00010342857305
1,13,4,24,12,6.110974127002209e-05
1,13,4,24,13,1.2570777950112304e-06
1,13,4,24,14,0.0002259267041381
1,13,4,24,18,1.5298345808554038e-05
1,13,4,24,19,2.4247845463496516e-07
1,13,4,24,20,3.601799692734735e-05
1,13,4,24,21,3.341177814169907e-05
1,13,4,24,22,3.1282533864690613e-06
1,13,4,24,24,6.153456346332169e-09
1,13,4,24,26,2.475463953801133e-05
1,13,4,24,29,4.6902841302112014e-08
1,13,4,24,30,1.2798698202669752e-05
1,13,4,24,31,4.914295909854759e-06
1,13,4,24,32,3.471405007833241e-07
1,13,4,24,33,8.774408317993807e-08
1,13,4,24,34,1.737741962979477e-05
1,13,4,24,35,0.0001511804013841
1,13,4,24,36,0.0001168984264454
1,13,4,24,37,0.0001668443795016
1,13,4,24,38,2.3305893804377805e-05
1,13,4,24,39,0.0010732560684691
1,13,4,24,40,5.932395642896584e-05
1,13,4,24,41,0.0005159191575998
1,13,4,24,42,5.783716886986027e-05
1,13,4,24,43,0.0028718608913369
1,13,4,24,44,0.0036649667979893
1,13,4,24,45,0.0006072092790681
1,13,4,24,46,4.764221258669903e-05
1,13,4,24,47,2.3476042036692148e-05
1,13,4,24,48,0.0001794965613912
1,13,4,24,49,8.58119118102626e-05
1,13,4,24,50,0.0027169922241545
1,13,4,24,52,1.8378398167528668e-05
1,13,4,24,53,0.0017490378317915
1,13,4,24,54,0.0040200948339583
1,13,4,24,55,0.0005468063183919
1,13,4,24,57,0.0270399903482429
1,13,4,24,59,0.0002602470453225
1,13,4,24,61,3.3734757147055824e-06
1,13,4,24,62,2.35165034208199e-06
1,13,4,24,63,0.0348949052260268
1,13,4,24,64,0.000266195424902
1,13,4,24,65,5.951447712819416e-05
1,13,4,24,67,0.0003695033105712
1,13,4,24,68,2.0471102004401735e-05
1,13,4,24,69,5.684304496340941e-05
1,13,4,24,70,0.0023398592989353
1,13,4,24,71,5.262978707435482e-05
1,13,4,24,72,0.0109731345971315
1,13,4,24,74,2.5308337288694276e-06
1,13,4,24,76,0.0001665393236023
1,13,4,24,78,9.432199388907333e-08
1,13,4,24,80,1.806112096750658e-06
1,13,4,24,82,6.159088407866257e-05
1,13,4,24,84,6.870561938571534e-06
1,13,4,24,85,0.0011737725388203
1,13,4,24,86,0.0003263657216168
1,13,4,24,87,0.0006181517796303
1,13,4,24,88,0.0003563279988106
1,13,4,24,89,5.204202451854962e-05
1,13,4,24,90,3.618825034926384e-05
1,13,4,24,91,0.0002018043796821
1,13,4,24,92,6.873842853756079e-05
1,13,4,24,93,9.193558533630496e-05
1,13,4,24,94,6.148463234409476e-09
1,13,4,24,96,0.0246194883004935
1,13,4,24,97,3.727543395620595e-06
1,13,4,24,98,4.471415943749869e-06
1,13,4,24,99,7.85584059555133e-06
1,13,4,24,100,7.01828621151368e-08
1,13,4,24,101,3.567821677406705e-06
1,13,4,24,102,3.3229854730106475e-06
1,13,4,24,103,4.383033987073486e-08
1,13,4,24,108,1.6741913938167568e-06
1,13,4,24,109,4.338309683189026e-06
1,13,4,24,110,3.713150886296029e-05
1,13,4,24,111,0.0051734307240786
1,13,4,24,112,2.975760643710629e-07
1,13,4,24,113,0.0030029532577486
1,13,4,24,115,4.244628380960746e-07
1,13,4,24,116,1.41976847264655e-05
1,13,4,24,117,4.057412165342311e-07
1,13,4,24,118,7.848921005882002e-08
1,13,4,24,119,0.0515051728385821
1,13,4,24,120,4.362283070736977e-06
1,13,4,24,121,0.0005827206861716
1,13,4,24,122,7.041937887209421e-05
1,13,4,24,123,8.204363108992443e-05
1,13,4,24,124,2.0766000788965207e-06
1,13,4,24,125,1.8109804417748615e-05
1,13,4,24,126,0.0001059649319542
1,13,4,24,127,7.048596954947948e-05
1,13,4,24,128,5.397073991117272e-05
1,13,4,24,129,1.8650577603537815e-06
1,13,4,24,130,2.799171806312222e-07
1,13,4,24,131,1.6624221064889334e-05
1,13,4,24,132,5.849876874566417e-07
1,13,4,24,133,5.631938481959151e-05
1,13,4,24,134,6.754149491354208e-05
1,13,4,24,135,0.0017554374943703
1,13,4,24,136,5.730322605418909e-06
1,13,4,24,137,0.0005953704192569
1,13,4,24,138,0.000733641770927
1,13,4,24,139,1.181409345171544e-05
1,13,4,24,140,5.8219013612031035e-06
1,13,4,24,141,2.5387414309168843e-08
1,13,4,24,142,6.5191423859315015e-06
1,13,4,24,143,1.84598015324345e-07
1,13,4,24,144,9.560804518068162e-09
1,13,4,24,145,5.205605891766606e-05
1,13,4,24,149,1.3650373515565814e-07
1,13,4,24,151,1.2179995570423524e-08
1,13,4,24,152,2.204768687464868e-06
1,13,4,24,153,1.5053464869648055e-06
1,13,4,24,154,1.0500557517004808e-06
1,13,4,24,155,3.443166137519378e-08
1,13,4,24,156,4.968553907264557e-07
1,13,4,24,157,6.455338155438579e-08
1,13,4,24,158,6.099875826521091e-08
1,13,4,25,2,0.0011482851718609
1,13,4,25,3,0.0051405408288337
1,13,4,25,4,0.0001889707001457
1,13,4,25,5,0.0003059009507794
1,13,4,25,6,0.0003382017060504
1,13,4,25,9,0.0001205124102165
1,13,4,25,10,0.0015015341238092
1,13,4,25,11,0.0004345696592839
1,13,4,25,12,0.0001761961001902
1,13,4,25,13,0.0001102862368142
1,13,4,25,14,0.0020124534530407
1,13,4,25,18,0.0025026089736613
1,13,4,25,19,0.0001653423325431
1,13,4,25,20,0.0166818760533539
1,13,4,25,25,0.0001027729384231
1,13,4,25,26,0.000143622833685
1,13,4,25,29,8.56772099316841e-06
1,13,4,25,30,1.3622064697597658e-05
1,13,4,25,31,7.183953186705891e-07
1,13,4,25,32,0.0001457352802462
1,13,4,25,33,0.0001771782597411
1,13,4,25,34,0.0001379257614389
1,13,4,25,35,0.0037897665686872
1,13,4,25,36,0.0067164195436308
1,13,4,25,37,0.0011144814900411
1,13,4,25,38,0.0035173832225091
1,13,4,25,39,0.0056981245742582
1,13,4,25,40,0.0381025216407622
1,13,4,25,42,0.0147142445064865
1,13,4,25,43,0.0364032865644086
1,13,4,25,44,0.0316056821975977
1,13,4,25,45,0.0012319464752967
1,13,4,25,47,0.0031217926119829
1,13,4,25,48,7.931970724985418e-06
1,13,4,25,49,0.0017595587181606
1,13,4,25,50,0.0558327578131762
1,13,4,25,51,0.0007337094669348
1,13,4,25,52,0.0003659132648063
1,13,4,25,53,0.124599427723485
1,13,4,25,54,4.928331135860502
1,13,4,25,55,0.0126975649191402
1,13,4,25,56,0.0464829490170786
1,13,4,25,57,0.980678055531068
1,13,4,25,58,1.2837977202389968e-05
1,13,4,25,59,0.0001047465218651
1,13,4,25,60,0.050998503634938
1,13,4,25,61,9.860711825167917e-09
1,13,4,25,62,1.7414238373101314e-05
1,13,4,25,63,0.3920802114632181
1,13,4,25,64,0.0151231529408118
1,13,4,25,65,0.0010501553271236
1,13,4,25,66,0.0011999410606388
1,13,4,25,67,0.0006180715450544
1,13,4,25,68,3.2055661921557344e-05
1,13,4,25,69,0.0015765614250749
1,13,4,25,70,0.0009402690190192
1,13,4,25,71,0.0011194268722949
1,13,4,25,72,0.0719441382066645
1,13,4,25,73,0.0784249482524443
1,13,4,25,74,0.0004695827054798
1,13,4,25,76,0.0012277887407589
1,13,4,25,77,0.0008307578398282
1,13,4,25,78,0.0001309951551887
1,13,4,25,79,0.0005726393414742
1,13,4,25,80,0.0006331618481663
1,13,4,25,81,0.006921631501677
1,13,4,25,82,6.581945561332621e-06
1,13,4,25,83,0.0012487395407542
1,13,4,25,84,0.0004328054440918
1,13,4,25,85,0.0122790936980027
1,13,4,25,86,0.0063642311766441
1,13,4,25,87,0.0031463526428222
1,13,4,25,88,0.0098983732876442
1,13,4,25,89,0.0160710805926938
1,13,4,25,90,0.0108262070796443
1,13,4,25,91,0.0010173449745603
1,13,4,25,92,0.0003285987937231
1,13,4,25,93,0.0034691080791652
1,13,4,25,94,0.0014389000324529
1,13,4,25,95,0.0031611460149853
1,13,4,25,96,0.0006091230034431
1,13,4,25,97,4.476911407129414e-05
1,13,4,25,98,0.3027855792441904
1,13,4,25,99,0.0381558510571913
1,13,4,25,100,0.0013318729138309
1,13,4,25,101,5.264226406945188e-05
1,13,4,25,102,3.6202945205265704e-05
1,13,4,25,103,1.8022766089067303e-10
1,13,4,25,108,0.0200392579627266
1,13,4,25,109,0.0621294867628897
1,13,4,25,110,0.0029170100289868
1,13,4,25,111,0.0213615249510233
1,13,4,25,112,0.0008697587679647
1,13,4,25,113,0.0341556844972856
1,13,4,25,114,0.3656311324991952
1,13,4,25,115,0.0001286407929264
1,13,4,25,116,0.000131067032001
1,13,4,25,117,9.602357828529644e-05
1,13,4,25,118,5.076931772557738e-05
1,13,4,25,119,1.0369303623204684
1,13,4,25,120,0.0019922356214812
1,13,4,25,121,0.0271028969762052
1,13,4,25,122,0.0001688359656892
1,13,4,25,123,0.0005017839801034
1,13,4,25,124,4.652871749910614e-06
1,13,4,25,125,0.0006397132658963
1,13,4,25,126,0.0046131886775092
1,13,4,25,127,0.0026118076934393
1,13,4,25,128,0.0005980102293174
1,13,4,25,129,3.1575599534174776e-05
1,13,4,25,130,7.840790963959157e-05
1,13,4,25,131,0.023467852708334
1,13,4,25,132,0.0042448068620128
1,13,4,25,133,0.0103923852595392
1,13,4,25,134,9.919223568530208e-05
1,13,4,25,135,0.0451528311563983
1,13,4,25,136,0.0067937614140022
1,13,4,25,137,0.0033623097460808
1,13,4,25,138,0.0042216257496877
1,13,4,25,139,0.0555628571754152
1,13,4,25,140,0.0350029235412112
1,13,4,25,141,0.0079722180289903
1,13,4,25,142,0.2445192756601263
1,13,4,25,143,0.0015905742510794
1,13,4,25,144,0.0054521785509002
1,13,4,25,145,0.0249842591155591
1,13,4,25,146,5.107070726768504e-05
1,13,4,25,147,2.2880545471533235e-05
1,13,4,25,148,0.001241359375829
1,13,4,25,149,0.0013514102106933
1,13,4,25,151,1.077747894455837e-06
1,13,4,25,152,0.0002075849232823
1,13,4,25,153,1.818656818259182e-07
1,13,4,25,154,3.8379297362271125e-05
1,13,4,25,155,2.5545796583146476e-07
1,13,4,25,156,0.0005318983123278
1,13,4,25,157,3.001583534202729e-07
1,13,4,25,158,1.909413406180546e-07
1,13,4,25,159,9.900203314639553e-05
1,13,4,25,160,0.0041951616295576
1,13,4,25,161,0.0005072932096119
1,13,4,25,162,1.157220817493435e-05
1,13,4,26,2,3.8047550293517417e-06
1,13,4,26,3,4.853641550850929e-06
1,13,4,26,4,2.340566062157596e-06
1,13,4,26,5,6.542050083661727e-06
1,13,4,26,8,3.841686917025661e-06
1,13,4,26,9,1.4008639290144238e-06
1,13,4,26,10,4.667449256149541e-05
1,13,4,26,11,3.548453305167497e-05
1,13,4,26,12,1.2687942106483387e-06
1,13,4,26,13,5.760623662198447e-07
1,13,4,26,14,2.2522544534471956e-06
1,13,4,26,18,1.9998819137700856e-05
1,13,4,26,19,4.017247828000124e-07
1,13,4,26,20,5.217868769116544e-05
1,13,4,26,22,5.216761276227783e-07
1,13,4,26,32,5.620233045369357e-06
1,13,4,26,33,4.879434875521123e-06
1,13,4,26,34,2.4386995803617413e-06
1,13,4,26,35,8.570780494068935e-05
1,13,4,26,36,5.236808417002884e-05
1,13,4,26,37,2.8261683087465663e-05
1,13,4,26,38,3.385947958585078e-06
1,13,4,26,39,0.0002113121478162
1,13,4,26,40,0.0006468926544828
1,13,4,26,42,0.0001476061066013
1,13,4,26,43,0.0003286288031318
1,13,4,26,44,0.0001690836814185
1,13,4,26,45,8.473271565135144e-06
1,13,4,26,47,0.0004628281129865
1,13,4,26,48,0.0001006519054451
1,13,4,26,49,0.0001502078587086
1,13,4,26,50,0.0008118208034837
1,13,4,26,51,0.0002412241484819
1,13,4,26,52,8.328012382406159e-05
1,13,4,26,53,0.0134362850397377
1,13,4,26,54,6.416088296417993e-05
1,13,4,26,55,0.0010148496372888
1,13,4,26,58,9.74703094782112e-10
1,13,4,26,59,0.0001408462972198
1,13,4,26,60,0.0014401760494888
1,13,4,26,63,0.0497457252938797
1,13,4,26,64,0.0011524472596558
1,13,4,26,65,1.2433695227692796e-05
1,13,4,26,66,6.469046629215242e-05
1,13,4,26,67,5.1825497652550746e-05
1,13,4,26,68,2.428315319739285e-05
1,13,4,26,69,0.0001095328517319
1,13,4,26,70,0.0006085840016623
1,13,4,26,71,0.000180429366312
1,13,4,26,72,1.7658252951998583e-05
1,13,4,26,73,0.0054942499766013
1,13,4,26,76,0.000118022731696
1,13,4,26,77,0.0002048950913333
1,13,4,26,78,5.082826115357408e-06
1,13,4,26,79,0.0001229171419983
1,13,4,26,80,1.4982806112613411e-05
1,13,4,26,82,6.79367631305509e-05
1,13,4,26,84,3.9469613609213913e-05
1,13,4,26,85,0.0018321191055786
1,13,4,26,86,0.0007999614099997
1,13,4,26,87,2.641405070498579e-05
1,13,4,26,88,0.00076480786675
1,13,4,26,89,0.0001634351363802
1,13,4,26,90,0.0015606608390013
1,13,4,26,91,0.0006594142595654
1,13,4,26,92,1.3105512187306225e-05
1,13,4,26,93,0.0001350045153448
1,13,4,26,94,0.0002395010446295
1,13,4,26,95,0.0018922975832024
1,13,4,26,96,0.0119486964883689
1,13,4,26,97,1.008961517628669e-06
1,13,4,26,98,0.0116437153558308
1,13,4,26,99,0.0001337478077923
1,13,4,26,101,6.115157737760209e-07
1,13,4,26,102,1.1233589708320844e-06
1,13,4,26,108,4.379411851166042e-06
1,13,4,26,109,1.0045272015337395e-05
1,13,4,26,110,0.0001586723313567
1,13,4,26,111,0.0063125608359414
1,13,4,26,112,2.7958038601759703e-05
1,13,4,26,113,0.0025356579888557
1,13,4,26,114,0.0090070338145557
1,13,4,26,115,2.021736375441526e-05
1,13,4,26,116,9.338176346274268e-07
1,13,4,26,117,0.0001664268703623
1,13,4,26,118,2.6002133088266433e-06
1,13,4,26,119,0.0418586631161428
1,13,4,26,120,1.7243878402161776e-05
1,13,4,26,121,4.4214765499118806e-05
1,13,4,26,122,3.949945013123532e-06
1,13,4,26,123,1.2510911011904283e-05
1,13,4,26,124,6.837266812414238e-09
1,13,4,26,125,2.5532863028645947e-06
1,13,4,26,126,3.0904790112223465e-05
1,13,4,26,127,1.3591862886923316e-05
1,13,4,26,128,0.0001658519394073
1,13,4,26,129,1.676723746967732e-05
1,13,4,26,130,1.6456683597955243e-06
1,13,4,26,131,0.0057121868912482
1,13,4,26,132,0.0003557089135966
1,13,4,26,133,0.0001588178785591
1,13,4,26,134,0.0002421408284697
1,13,4,26,135,0.002466897073805
1,13,4,26,136,0.0005109793654856
1,13,4,26,137,0.0014306145928707
1,13,4,26,138,0.0003842863743863
1,13,4,26,140,6.051942599105292e-07
1,13,4,26,141,0.0003342067768453
1,13,4,26,142,0.0044437556180785
1,13,4,26,144,1.7701930073129636e-05
1,13,4,26,145,0.0034681750947913
1,13,4,26,148,7.933280779621163e-05
1,13,4,26,149,1.6233886585482918e-06
1,13,4,26,151,8.41246686798989e-08
1,13,4,26,152,1.8085223070570408e-05
1,13,4,26,153,2.5430573021360836e-05
1,13,4,26,154,2.346684135483304e-05
1,13,4,26,155,9.658390352666197e-07
1,13,4,26,156,2.6303495820473737e-05
1,13,4,26,157,1.511564560504346e-06
1,13,4,26,158,2.1836848807564622e-05
1,13,4,26,159,0.0005266768933566
1,13,4,26,160,0.0024496897203762
1,13,4,26,161,1.80418919971025e-05
1,13,4,26,162,1.4776855562934818e-08
1,13,4,27,2,0.000153587981026
1,13,4,27,3,0.0003081585163224
1,13,4,27,4,3.1110601126676643e-06
1,13,4,27,5,6.289785249783176e-05
1,13,4,27,6,1.6739890723959144e-06
1,13,4,27,7,1.4281740367223154e-06
1,13,4,27,8,7.391612709415538e-06
1,13,4,27,9,1.9960674047759464e-05
1,13,4,27,10,9.110109183597778e-05
1,13,4,27,11,4.831576359758905e-05
1,13,4,27,12,1.4053284719845817e-05
1,13,4,27,13,1.7224354601447229e-06
1,13,4,27,14,8.420135422313222e-05
1,13,4,27,18,4.589815455275836e-05
1,13,4,27,19,1.2684022918076624e-05
1,13,4,27,20,0.0002381931964703
1,13,4,27,21,2.6530312572424542e-05
1,13,4,27,22,2.601336434923944e-07
1,13,4,27,29,1.5536473251260918e-08
1,13,4,27,32,0.0007347460003623
1,13,4,27,33,0.0010418320401796
1,13,4,27,34,0.0001479946748567
1,13,4,27,35,0.0001715195415615
1,13,4,27,36,0.0002591909586436
1,13,4,27,37,0.0002551842175305
1,13,4,27,38,0.0001034894691034
1,13,4,27,39,0.0005832635757102
1,13,4,27,40,0.0006475924303756
1,13,4,27,42,0.0005240509474695
1,13,4,27,43,0.0014399368866586
1,13,4,27,44,0.0006661941850589
1,13,4,27,45,0.003010947149276
1,13,4,27,46,0.0001994285390497
1,13,4,27,47,7.905250422642819e-05
1,13,4,27,48,3.8559714534652856e-05
1,13,4,27,49,0.0008477021756923
1,13,4,27,50,0.001453462137587
1,13,4,27,51,0.0005761111725046
1,13,4,27,52,0.0001994685211645
1,13,4,27,53,0.0001560693245059
1,13,4,27,54,0.0095925224528185
1,13,4,27,55,0.0004400510414406
1,13,4,27,56,0.0444075543870644
1,13,4,27,57,0.006177375791424
1,13,4,27,59,0.0045679370408749
1,13,4,27,60,0.0055477922224336
1,13,4,27,61,5.473584538820282e-06
1,13,4,27,62,2.7984836672279757e-06
1,13,4,27,63,0.0578326326303703
1,13,4,27,64,0.005149735195613
1,13,4,27,65,0.0003510013354724
1,13,4,27,66,0.0001910083170687
1,13,4,27,67,0.0002124304985919
1,13,4,27,68,0.0002944305048416
1,13,4,27,69,0.0007765524251456
1,13,4,27,70,0.0007356118948206
1,13,4,27,71,0.0004636161415833
1,13,4,27,72,0.0142255675771319
1,13,4,27,73,0.0156521917714785
1,13,4,27,74,0.0004128362203361
1,13,4,27,76,0.0036927364576252
1,13,4,27,78,0.000422683204227
1,13,4,27,80,0.0014372917258518
1,13,4,27,81,0.0005417507325449
1,13,4,27,82,0.0004177863330137
1,13,4,27,84,0.0002638977001055
1,13,4,27,85,0.0050389739423541
1,13,4,27,86,0.005136529544438
1,13,4,27,87,0.0013269334041795
1,13,4,27,88,0.0095839361304551
1,13,4,27,89,0.003417350028843
1,13,4,27,90,0.0033918023127089
1,13,4,27,91,0.0004601958674929
1,13,4,27,92,4.162846575811123e-05
1,13,4,27,93,0.0001054688891844
1,13,4,27,94,7.737036279080707e-05
1,13,4,27,95,0.0017547328535263
1,13,4,27,96,0.0031541622479133
1,13,4,27,97,0.0005865605558216
1,13,4,27,98,0.0009887887072334
1,13,4,27,99,0.0004090884304926
1,13,4,27,100,6.920943549317938e-05
1,13,4,27,101,0.0001251350391462
1,13,4,27,102,4.386878806698841e-05
1,13,4,27,103,0.0001454921447471
1,13,4,27,108,9.151687452352458e-05
1,13,4,27,109,0.0002132908271091
1,13,4,27,110,0.0026586701060305
1,13,4,27,111,0.0055798100217459
1,13,4,27,112,0.0008526003816196
1,13,4,27,113,0.003603761251421
1,13,4,27,114,0.0117309445379444
1,13,4,27,115,0.0004172564231563
1,13,4,27,116,0.0001579179474044
1,13,4,27,117,0.0116543960078142
1,13,4,27,118,0.0009689543330004
1,13,4,27,119,0.0307244271943786
1,13,4,27,120,0.0049566744955899
1,13,4,27,121,0.0165540341177499
1,13,4,27,122,0.0001642813735552
1,13,4,27,123,0.0002759719054052
1,13,4,27,124,4.585887269202627e-06
1,13,4,27,125,1.98657876723822e-05
1,13,4,27,126,0.0016736245577514
1,13,4,27,127,0.0001323984408809
1,13,4,27,128,3.983376913041805e-05
1,13,4,27,129,5.277564206729535e-06
1,13,4,27,130,1.3934228785773849e-05
1,13,4,27,131,0.0077332731609885
1,13,4,27,132,0.0020325156913847
1,13,4,27,133,0.0003321401580839
1,13,4,27,134,0.0030514275120788
1,13,4,27,135,0.0092046763338639
1,13,4,27,136,0.0003982657276156
1,13,4,27,137,0.0004044340584056
1,13,4,27,138,0.0008217915935417
1,13,4,27,139,0.001183863733836
1,13,4,27,140,0.0007367388576145
1,13,4,27,141,0.0009686192212258
1,13,4,27,142,0.0013114204319878
1,13,4,27,143,0.0002648203621987
1,13,4,27,144,0.0002290032162322
1,13,4,27,145,0.0014852223534313
1,13,4,27,148,0.0004724005711503
1,13,4,27,149,0.0002201237292546
1,13,4,27,151,8.448402247464054e-07
1,13,4,27,152,0.000211866154826
1,13,4,27,153,0.0001414433880864
1,13,4,27,154,0.000107010628868
1,13,4,27,155,0.0001664822358911
1,13,4,27,156,0.0002863221423386
1,13,4,27,157,0.0001248878882559
1,13,4,27,158,0.0001423006934334
1,13,4,27,159,0.0002303760495231
1,13,4,27,160,0.0003854613649674
1,13,4,27,161,0.0001092566925848
1,13,4,28,2,0.0001893852176336
1,13,4,28,3,6.972231566107171e-05
1,13,4,28,4,2.8370324394425883e-05
1,13,4,28,5,1.836810892085572e-05
1,13,4,28,6,4.848755030634886e-07
1,13,4,28,7,1.7432256145178485e-06
1,13,4,28,8,8.406833705330037e-06
1,13,4,28,9,0.0011334407938006
1,13,4,28,10,0.0019071011727108
1,13,4,28,11,0.0008378164499412
1,13,4,28,12,0.0001855238062715
1,13,4,28,13,5.9130498876509704e-06
1,13,4,28,14,0.0019515678279691
1,13,4,28,18,6.109088318926836e-05
1,13,4,28,19,0.0002223920198055
1,13,4,28,20,0.008813572333289
1,13,4,28,21,0.0013500236491733
1,13,4,28,22,0.0002626485870869
1,13,4,28,29,2.729552438827791e-07
1,13,4,28,30,3.790439181309719e-06
1,13,4,28,31,1.775356158208298e-09
1,13,4,28,32,0.0004035460708756
1,13,4,28,33,0.0002439436545031
1,13,4,28,34,0.001831428133265
1,13,4,28,35,0.0108213070574666
1,13,4,28,36,0.0022092410915814
1,13,4,28,37,0.0018090057336563
1,13,4,28,38,6.97103227075636e-05
1,13,4,28,39,0.01958869360104
1,13,4,28,40,0.0275476363461993
1,13,4,28,42,0.0056169842056911
1,13,4,28,43,0.0460778929123609
1,13,4,28,44,0.0051021525534129
1,13,4,28,45,0.008956087316746
1,13,4,28,46,7.782386125043682e-05
1,13,4,28,47,0.0025040286987112
1,13,4,28,48,0.000211861440646
1,13,4,28,49,0.0006542364632807
1,13,4,28,50,0.0046390401199612
1,13,4,28,51,0.0048143713628268
1,13,4,28,52,0.0001777362897213
1,13,4,28,53,0.0492329721657526
1,13,4,28,54,0.0011945722916789
1,13,4,28,55,0.0012814880621107
1,13,4,28,56,0.0534402722793954
1,13,4,28,57,0.0015385256586629
1,13,4,28,58,0.0001103877849773
1,13,4,28,59,0.0112473454350096
1,13,4,28,60,0.0032720320477039
1,13,4,28,61,3.36933001501088e-06
1,13,4,28,62,6.654088643546871e-06
1,13,4,28,63,0.462752037736135
1,13,4,28,64,0.0089114104079499
1,13,4,28,65,0.0017591948027995
1,13,4,28,66,0.0033724461807055
1,13,4,28,67,7.652589499960663e-05
1,13,4,28,68,7.735916235895892e-05
1,13,4,28,69,0.0003249280702116
1,13,4,28,70,0.0024568604078858
1,13,4,28,71,0.0008100622731552
1,13,4,28,72,0.0500366271711868
1,13,4,28,73,0.0510458566509238
1,13,4,28,74,8.658366375548381e-07
1,13,4,28,76,0.0001225491408546
1,13,4,28,77,0.0006934451861082
1,13,4,28,78,4.149547588451509e-05
1,13,4,28,79,0.0004938633474968
1,13,4,28,80,0.000111576834786
1,13,4,28,82,0.0001325386082275
1,13,4,28,84,6.720228576055839e-05
1,13,4,28,85,0.0035034007357593
1,13,4,28,86,0.0029593665381777
1,13,4,28,87,0.0013293860105379
1,13,4,28,88,0.0018567106180109
1,13,4,28,89,0.0023119916105489
1,13,4,28,90,0.0072380968767946
1,13,4,28,91,0.0054710056260675
1,13,4,28,92,0.0018664322634876
1,13,4,28,93,0.0011482551563287
1,13,4,28,95,8.607296713985585e-06
1,13,4,28,96,0.5237252528722319
1,13,4,28,97,2.089357136810786e-05
1,13,4,28,98,0.0417710544274883
1,13,4,28,99,8.679062997637508e-06
1,13,4,28,100,2.6217124363790445e-05
1,13,4,28,101,0.0001510704194381
1,13,4,28,102,0.000703249256651
1,13,4,28,103,3.118045899840077e-07
1,13,4,28,108,2.193903083991088e-06
1,13,4,28,109,4.8982526227855405e-06
1,13,4,28,110,6.593613626726145e-05
1,13,4,28,111,6.859303192564296e-07
1,13,4,28,112,1.4777571464273286e-05
1,13,4,28,113,0.0226762405016951
1,13,4,28,114,0.3747529677847747
1,13,4,28,115,0.0001336900551968
1,13,4,28,116,3.518086798145554e-05
1,13,4,28,117,0.0027449192327604
1,13,4,28,118,0.0018588154861785
1,13,4,28,119,0.0355243679338532
1,13,4,28,120,6.60442964203941e-05
1,13,4,28,121,0.0014266886235621
1,13,4,28,122,0.0001323244599576
1,13,4,28,123,0.0001380930514431
1,13,4,28,124,1.7409275883188235e-05
1,13,4,28,125,0.0001255955154211
1,13,4,28,126,0.0001212917261463
1,13,4,28,127,0.0013230349721446
1,13,4,28,128,0.0009211813075119
1,13,4,28,129,0.0002271976759037
1,13,4,28,130,2.127221690336913e-05
1,13,4,28,131,0.0002838614945433
1,13,4,28,132,0.0039318393987518
1,13,4,28,133,0.0041785043414329
1,13,4,28,134,0.047575147332812
1,13,4,28,135,0.0112717973869404
1,13,4,28,136,0.0018126236044266
1,13,4,28,137,0.0020572062259147
1,13,4,28,138,0.000651564154728
1,13,4,28,139,0.0088083610591627
1,13,4,28,140,0.0115933655088927
1,13,4,28,141,0.0007419730858044
1,13,4,28,142,0.1996021490741482
1,13,4,28,143,0.0003269055166343
1,13,4,28,144,0.0001434146155787
1,13,4,28,145,0.0055038942967261
1,13,4,28,146,8.609537965652768e-07
1,13,4,28,147,1.415988790419703e-07
1,13,4,28,148,1.587858311469486e-05
1,13,4,28,149,5.071145765588838e-05
1,13,4,28,151,9.319916468285264e-08
1,13,4,28,152,1.7977389765364885e-05
1,13,4,28,153,1.969617256290112e-05
1,13,4,28,154,1.5597847279249104e-05
1,13,4,28,155,9.049532592300764e-06
1,13,4,28,156,1.8324374499090734e-05
1,13,4,28,157,2.9618447576096937e-06
1,13,4,28,158,4.993767425513268e-06
1,13,4,28,159,1.8123580042548063e-05
1,13,4,28,160,0.0158986400018673
1,13,4,28,161,0.0001862090345706
1,13,4,28,162,6.98988005033756e-10
1,13,4,29,1,0.0001896075424304
1,13,4,29,2,0.0013306791410277
1,13,4,29,3,0.0041628019530758
1,13,4,29,4,0.0002224564113964
1,13,4,29,5,0.0061710564128148
1,13,4,29,6,2.1788403703540424e-05
1,13,4,29,7,0.0005584042946469
1,13,4,29,8,1.1940109094625206e-05
1,13,4,29,9,0.0001978583095463
1,13,4,29,10,0.0006807803093151
1,13,4,29,11,0.00216031462565
1,13,4,29,12,5.486525988810419e-07
1,13,4,29,13,1.856840585168634e-05
1,13,4,29,14,0.0012997010696255
1,13,4,29,18,0.0007618522025652
1,13,4,29,19,0.0025799518757503
1,13,4,29,20,0.0006387142957469
1,13,4,29,21,0.0011901837641684
1,13,4,29,22,6.958444708472489e-05
1,13,4,29,24,1.0313251995123572e-08
1,13,4,29,25,5.726943858751006e-06
1,13,4,29,26,3.483752410952935e-07
1,13,4,29,28,4.017319624852527e-08
1,13,4,29,29,1.6263002663709885e-06
1,13,4,29,30,1.4389624776248697e-05
1,13,4,29,31,2.0960462183369104e-06
1,13,4,29,32,1.614462028472384e-05
1,13,4,29,33,4.227989979517773e-05
1,13,4,29,34,2.090399546735144e-05
1,13,4,29,35,0.0039750838752963
1,13,4,29,36,0.0014750721666311
1,13,4,29,37,0.0053551053095896
1,13,4,29,38,0.0002888607052674
1,13,4,29,39,0.0250689085905775
1,13,4,29,40,0.0122190181116491
1,13,4,29,41,0.0085844176479262
1,13,4,29,42,0.0013105868324412
1,13,4,29,43,0.0274704689529808
1,13,4,29,44,0.0167225031408689
1,13,4,29,45,0.0274159144451658
1,13,4,29,46,4.244703369393361e-06
1,13,4,29,47,0.0055255241149636
1,13,4,29,48,0.000101273331008
1,13,4,29,49,0.0016709843155415
1,13,4,29,50,0.0087050111866176
1,13,4,29,52,5.1125358472693115e-05
1,13,4,29,54,0.5801776759443407
1,13,4,29,55,0.0041149112991996
1,13,4,29,56,0.0832469021266062
1,13,4,29,57,0.0058223082002805
1,13,4,29,58,2.9065619967038717e-06
1,13,4,29,59,0.0034082068662415
1,13,4,29,61,0.0001248817638342
1,13,4,29,62,0.0007151441062772
1,13,4,29,63,1.5233432447085973
1,13,4,29,64,0.8293441766969069
1,13,4,29,65,0.0026933360036653
1,13,4,29,67,0.0002523608116395
1,13,4,29,68,4.023697144281292e-05
1,13,4,29,69,0.0012546090137332
1,13,4,29,71,0.0044262447002371
1,13,4,29,72,0.0459270649680893
1,13,4,29,74,0.0004284614143911
1,13,4,29,76,0.0010123105014737
1,13,4,29,78,0.0003105128572548
1,13,4,29,80,0.0005301495432725
1,13,4,29,82,0.0010139850057348
1,13,4,29,84,0.0004564951863213
1,13,4,29,85,0.0119640739553898
1,13,4,29,86,0.0087994474835461
1,13,4,29,87,0.0011016682948298
1,13,4,29,88,0.0114254639287942
1,13,4,29,89,0.0020160443136832
1,13,4,29,90,0.0121690096764341
1,13,4,29,91,0.0024807001831729
1,13,4,29,92,0.001632495074845
1,13,4,29,93,0.0013503421053982
1,13,4,29,94,0.0078226301758232
1,13,4,29,96,0.5553222790940157
1,13,4,29,97,5.01963255368791e-05
1,13,4,29,98,0.0775255793385819
1,13,4,29,99,1.3529743789107072e-06
1,13,4,29,100,3.332644256163965e-07
1,13,4,29,101,0.0007437356121709
1,13,4,29,102,0.0002266406702253
1,13,4,29,103,7.669722432380908e-08
1,13,4,29,104,1.9931252878077647e-08
1,13,4,29,106,9.257955289690977e-08
1,13,4,29,108,8.402920964793038e-07
1,13,4,29,109,2.5090442492644207e-06
1,13,4,29,110,1.5163301023699322e-05
1,13,4,29,111,0.0086708669805504
1,13,4,29,112,4.2442751484467226e-08
1,13,4,29,113,0.0019834221592652
1,13,4,29,115,5.4029442353533635e-06
1,13,4,29,116,0.0012331764735198
1,13,4,29,117,6.230085288397696e-06
1,13,4,29,118,3.9379283288013355e-07
1,13,4,29,119,0.0123049227556715
1,13,4,29,120,8.116393594759963e-07
1,13,4,29,121,0.0001136596552231
1,13,4,29,122,6.515856993223618e-08
1,13,4,29,123,8.947904925299454e-06
1,13,4,29,124,3.785892812957703e-06
1,13,4,29,125,0.0015623314654888
1,13,4,29,126,0.0004294796090546
1,13,4,29,127,8.58511318552639e-05
1,13,4,29,128,0.0002699221030645
1,13,4,29,129,3.4085854376061316e-05
1,13,4,29,130,0.0002280193401882
1,13,4,29,131,0.0003080110133354
1,13,4,29,132,0.0003620725986095
1,13,4,29,133,0.0001884117216289
1,13,4,29,134,0.0055674855790813
1,13,4,29,135,0.0188711612837221
1,13,4,29,136,0.0025342236144215
1,13,4,29,137,0.0001470798156625
1,13,4,29,138,9.58925130751302e-06
1,13,4,29,139,0.0200665336959846
1,13,4,29,140,0.0068265089989148
1,13,4,29,141,0.0053155936162859
1,13,4,29,142,0.3202238231729966
1,13,4,29,143,0.0006633694340016
1,13,4,29,144,0.0004349901778906
1,13,4,29,145,0.0108023835945878
1,13,4,29,148,0.000111013515945
1,13,4,29,149,1.8290513203899257e-06
1,13,4,29,150,4.572931296837133e-05
1,13,4,29,151,5.0166750903200795e-08
1,13,4,29,152,9.413035048908386e-06
1,13,4,29,153,1.8400290440869648e-05
1,13,4,29,154,2.7282472651783073e-05
1,13,4,29,155,2.0231335267125243e-05
1,13,4,29,156,3.81740870515075e-05
1,13,4,29,157,4.66379503775371e-06
1,13,4,29,158,6.956720346703811e-06
1,13,4,29,159,4.211398230699051e-05
1,13,4,29,160,0.0001817796579087
1,13,4,29,161,0.0001028269081243
1,13,4,29,162,2.796844710936022e-09
1,13,4,30,1,2.5090559512363576e-06
1,13,4,30,2,3.559590696436472e-07
1,13,4,30,3,1.523628904742508e-07
1,13,4,30,4,6.714628096429208e-06
1,13,4,30,5,2.981910871854719e-06
1,13,4,30,6,1.5615301723391889e-07
1,13,4,30,8,1.5822232323686244e-05
1,13,4,30,9,6.560982982576511e-07
1,13,4,30,10,1.772266979194245e-06
1,13,4,30,11,2.078145023948027e-05
1,13,4,30,12,3.1063333075699654e-08
1,13,4,30,13,1.227013775653283e-07
1,13,4,30,14,7.651508018926296e-07
1,13,4,30,18,4.0920995583354027e-05
1,13,4,30,19,4.638962817025104e-05
1,13,4,30,21,1.2527103494515553e-08
1,13,4,30,22,0.0021065364032712
1,13,4,30,29,4.0693064033322084e-08
1,13,4,30,31,9.701770951948173e-09
1,13,4,30,32,1.63661528565738e-06
1,13,4,30,33,2.603842840300241e-07
1,13,4,30,34,4.42352662678335e-06
1,13,4,30,35,4.0926645441586734e-05
1,13,4,30,36,6.42878729361421e-06
1,13,4,30,37,0.0001899079865285
1,13,4,30,38,1.745784681190471e-07
1,13,4,30,39,0.0007183477687086
1,13,4,30,40,0.0001009196249571
1,13,4,30,41,0.0005992936680346
1,13,4,30,42,5.1546956332341155e-05
1,13,4,30,43,0.0062234313252662
1,13,4,30,44,8.985769810877588e-05
1,13,4,30,45,0.0002288181012433
1,13,4,30,46,1.467057384530133e-11
1,13,4,30,47,0.0003499086380388
1,13,4,30,48,6.342255889179294e-05
1,13,4,30,49,0.0002313655152707
1,13,4,30,50,0.0003986645841239
1,13,4,30,52,8.550297336099746e-06
1,13,4,30,53,0.0010455763203427
1,13,4,30,54,0.0001857772740168
1,13,4,30,55,0.0004193772158286
1,13,4,30,56,0.0097935951223057
1,13,4,30,57,9.36078381462187e-06
1,13,4,30,58,4.9241379965269193e-08
1,13,4,30,59,0.0005524000096136
1,13,4,30,61,6.805403119608422e-07
1,13,4,30,62,5.8972122469087706e-08
1,13,4,30,63,0.0544365999679351
1,13,4,30,64,0.0027060453520999
1,13,4,30,65,4.6363720341089874e-05
1,13,4,30,67,0.0020162332567693
1,13,4,30,68,4.885109528834627e-06
1,13,4,30,69,0.0004955326101005
1,13,4,30,71,0.0024069538197656
1,13,4,30,72,0.0996340005048192
1,13,4,30,74,7.418681649244024e-08
1,13,4,30,76,4.815171000583325e-07
1,13,4,30,78,9.32681876889418e-05
1,13,4,30,80,0.0001492286833202
1,13,4,30,82,3.599249809239121e-07
1,13,4,30,84,2.939381913001278e-05
1,13,4,30,85,0.0008274680617237
1,13,4,30,86,0.0008017555762197
1,13,4,30,87,0.0001384198305165
1,13,4,30,88,0.0005596999857708
1,13,4,30,89,0.0016310502345846
1,13,4,30,90,0.0023213176746614
1,13,4,30,91,0.0004248021049092
1,13,4,30,92,0.000277600723293
1,13,4,30,93,0.0003094447847081
1,13,4,30,94,2.0756832311488556e-06
1,13,4,30,96,0.0403262122264206
1,13,4,30,97,7.040393281897291e-06
1,13,4,30,98,0.0056350851296148
1,13,4,30,99,1.2742017832115473e-07
1,13,4,30,100,8.539915922653931e-09
1,13,4,30,101,5.761440691105797e-05
1,13,4,30,102,7.539949337822292e-05
1,13,4,30,103,1.3454080546091276e-08
1,13,4,30,106,1.497558663492624e-08
1,13,4,30,108,4.136786979862423e-07
1,13,4,30,109,2.2598000047109825e-06
1,13,4,30,110,4.284268099783947e-07
1,13,4,30,111,2.2186294830497186e-07
1,13,4,30,112,1.3690325117141724e-05
1,13,4,30,113,0.0023206091056189
1,13,4,30,115,1.496419140202715e-07
1,13,4,30,116,1.89013627304618e-08
1,13,4,30,117,1.2834403445939955e-06
1,13,4,30,118,9.141110471544182e-07
1,13,4,30,119,0.0007606659502366
1,13,4,30,120,1.040086939124515e-07
1,13,4,30,121,9.658435174403867e-07
1,13,4,30,122,1.3582528795045577e-07
1,13,4,30,123,1.5092370593158194e-05
1,13,4,30,124,6.707208583075126e-08
1,13,4,30,125,1.4114945592312956e-07
1,13,4,30,126,2.3862558176223863e-06
1,13,4,30,127,4.3878140854978626e-07
1,13,4,30,128,2.5200689355033844e-05
1,13,4,30,129,6.807238748096185e-06
1,13,4,30,130,8.419727936808733e-06
1,13,4,30,131,5.5080124683986254e-05
1,13,4,30,132,2.6304118321888363e-05
1,13,4,30,133,8.92074744684036e-05
1,13,4,30,134,0.0007147145955273
1,13,4,30,135,0.0004140783024313
1,13,4,30,136,0.0013450796464314
1,13,4,30,137,2.8505634451396865e-05
1,13,4,30,138,1.197137385573646e-05
1,13,4,30,139,0.0192246987908088
1,13,4,30,140,0.0428567632834135
1,13,4,30,141,0.0016706526156188
1,13,4,30,142,0.0951197472755584
1,13,4,30,143,0.0018681892658584
1,13,4,30,144,0.0004514882465802
1,13,4,30,145,0.0076650669847533
1,13,4,30,149,7.97671814283254e-08
1,13,4,30,151,4.576421306472485e-09
1,13,4,30,152,5.023965994513544e-07
1,13,4,30,153,2.249944230785802e-07
1,13,4,30,154,1.126189453478231e-08
1,13,4,30,155,1.9675053911335893e-08
1,13,4,30,156,1.8676494514816785e-08
1,13,4,30,157,2.737590488730733e-10
1,13,4,30,158,1.178130283440377e-08
1,13,4,30,159,0.0001368595177304
1,13,4,30,160,1.2042074693639224e-05
1,13,4,30,161,4.936540376383142e-05
1,13,4,30,162,8.283976054132842e-06
1,13,4,31,1,0.0017458892192472
1,13,4,31,2,0.0017235317719163
1,13,4,31,3,0.0050844398072583
1,13,4,31,4,0.0084231639969445
1,13,4,31,5,0.0024958609340287
1,13,4,31,6,0.0001035491540935
1,13,4,31,7,0.0008645195120585
1,13,4,31,8,0.0003397664226504
1,13,4,31,9,4.8734836240219775e-05
1,13,4,31,10,0.2737832651961796
1,13,4,31,11,0.0066955356487834
1,13,4,31,12,0.0001452276413007
1,13,4,31,13,7.603520946737347e-06
1,13,4,31,14,0.0001117100378645
1,13,4,31,18,0.0018092296913531
1,13,4,31,19,0.0006220584873411
1,13,4,31,20,0.0721567083115628
1,13,4,31,21,0.0041304369555368
1,13,4,31,22,5.726846726596732e-07
1,13,4,31,24,0.0016838187066298
1,13,4,31,25,0.0006037467166964
1,13,4,31,26,0.0001507741491214
1,13,4,31,27,2.695213447188588e-05
1,13,4,31,28,0.0056394933145469
1,13,4,31,29,4.462968146112014e-06
1,13,4,31,30,4.025890547031843e-05
1,13,4,31,31,0.0057370792862346
1,13,4,31,32,1.297007927440814e-05
1,13,4,31,33,0.0055724284336075
1,13,4,31,34,0.0174061925159944
1,13,4,31,35,0.0063173338188051
1,13,4,31,36,0.0783072467910492
1,13,4,31,37,0.0238987864913138
1,13,4,31,38,0.0023428883284866
1,13,4,31,39,0.0352283418428642
1,13,4,31,40,0.0025041987685298
1,13,4,31,41,0.1889018498032324
1,13,4,31,42,0.0620756715915167
1,13,4,31,43,0.182277908040889
1,13,4,31,44,0.0188013715034085
1,13,4,31,45,0.0153299177307717
1,13,4,31,46,0.0005667016603768
1,13,4,31,47,0.0859319950730178
1,13,4,31,48,0.0123835084602536
1,13,4,31,49,0.0218014729764065
1,13,4,31,50,0.0414170430389244
1,13,4,31,52,2.077759273619492e-05
1,13,4,31,53,0.0282304448720736
1,13,4,31,54,0.5023742761278132
1,13,4,31,55,0.013477875795732
1,13,4,31,56,0.0880599992231334
1,13,4,31,57,0.0007234435999722
1,13,4,31,58,3.668710947633839e-05
1,13,4,31,59,0.0169212264195737
1,13,4,31,61,0.0751777170852876
1,13,4,31,62,0.0020774977552805
1,13,4,31,63,0.7894371808838277
1,13,4,31,64,0.4190638440457058
1,13,4,31,65,0.1258472058231853
1,13,4,31,67,0.0440889016546018
1,13,4,31,68,0.000349550745304
1,13,4,31,69,0.0039449107458926
1,13,4,31,71,0.0059352034931994
1,13,4,31,72,0.3932557044221706
1,13,4,31,74,0.0005542342760118
1,13,4,31,76,0.0060668682591027
1,13,4,31,78,0.0001609744079308
1,13,4,31,80,0.0004171823029106
1,13,4,31,82,0.0041285188087652
1,13,4,31,84,0.0004311815485272
1,13,4,31,85,0.0281818567660551
1,13,4,31,86,0.0172038003880295
1,13,4,31,87,0.0797856765506474
1,13,4,31,88,0.0465398783706212
1,13,4,31,89,0.0463310671726876
1,13,4,31,90,0.0249893254262434
1,13,4,31,91,0.0051161809256696
1,13,4,31,92,0.0063604946088254
1,13,4,31,93,0.0192288550112306
1,13,4,31,94,0.0022908772631216
1,13,4,31,96,1.8706579212702776
1,13,4,31,97,9.70402888578097e-06
1,13,4,31,98,0.0118109138547136
1,13,4,31,99,0.0007722913633965
1,13,4,31,100,3.966847301630661e-05
1,13,4,31,101,0.0064505585578575
1,13,4,31,102,0.0002648017954476
1,13,4,31,103,5.077150097420162e-08
1,13,4,31,105,1.7455077941626538e-10
1,13,4,31,106,3.506568127616096e-10
1,13,4,31,108,8.828962308404846e-06
1,13,4,31,109,1.5352923968739228e-05
1,13,4,31,110,0.0002405911248973
1,13,4,31,111,0.0527601466210544
1,13,4,31,112,6.52553197532715e-06
1,13,4,31,113,0.0104050485118339
1,13,4,31,115,2.684442569928494e-06
1,13,4,31,116,0.0010245881329198
1,13,4,31,117,2.0327202678090467e-05
1,13,4,31,118,1.3241098467830766e-05
1,13,4,31,119,2.138458114359719
1,13,4,31,120,0.0074739944752819
1,13,4,31,121,0.0005859815518118
1,13,4,31,122,3.393842607855635e-05
1,13,4,31,123,0.0051246797439211
1,13,4,31,124,1.716729879079046e-05
1,13,4,31,125,0.002227631541663
1,13,4,31,126,0.0310422037055817
1,13,4,31,127,0.0008200822393687
1,13,4,31,128,0.0037129529439937
1,13,4,31,129,0.000443442748371
1,13,4,31,130,0.0002343787466781
1,13,4,31,131,0.001245461392339
1,13,4,31,132,0.0012107980472533
1,13,4,31,133,0.0039748760589899
1,13,4,31,134,0.0287938613932974
1,13,4,31,135,0.0570474224976827
1,13,4,31,136,0.0002797518680046
1,13,4,31,137,0.0004818675694114
1,13,4,31,138,0.0017509431475208
1,13,4,31,139,0.01117447938863
1,13,4,31,140,0.0042562925145708
1,13,4,31,141,0.0028285632739743
1,13,4,31,142,0.0134328577684203
1,13,4,31,143,0.0003154397802954
1,13,4,31,144,0.0001208983617347
1,13,4,31,145,0.0011150184804822
1,13,4,31,149,9.121063189267617e-05
1,13,4,31,150,5.3945604179248506e-06
1,13,4,31,151,1.5078968006579156e-05
1,13,4,31,152,0.0016699588878221
1,13,4,31,153,0.0006265899037159
1,13,4,31,154,0.0003042915633074
1,13,4,31,155,0.0002255399547184
1,13,4,31,156,0.0002346695299551
1,13,4,31,157,9.619234354259704e-05
1,13,4,31,158,0.0001122088356136
1,13,4,31,159,1.3338664191811254e-05
1,13,4,31,160,0.0011304662887973
1,13,4,31,161,0.0062378623601608
1,13,4,31,162,0.0012232661676975
1,13,4,32,2,0.0005617557611619
1,13,4,32,3,0.0006070627115437
1,13,4,32,4,0.0002460020927261
1,13,4,32,5,0.0006918352393953
1,13,4,32,6,1.3755325828808855e-06
1,13,4,32,7,7.216893800525323e-07
1,13,4,32,8,5.196330391139045e-05
1,13,4,32,9,0.0001786104133219
1,13,4,32,10,0.007085451318437
1,13,4,32,11,0.0013436791970584
1,13,4,32,12,1.534208466395534e-05
1,13,4,32,13,0.0004926244381241
1,13,4,32,14,0.0001193442839269
1,13,4,32,18,0.0002937336528299
1,13,4,32,19,0.0016068007161252
1,13,4,32,20,1.5024905602047029e-05
1,13,4,32,21,0.0002908006173387
1,13,4,32,22,5.406925055886121e-06
1,13,4,32,23,3.0514707385584075e-05
1,13,4,32,24,1.97425762217528e-06
1,13,4,32,25,0.0003992351897539
1,13,4,32,26,4.463094723326261e-06
1,13,4,32,27,4.430273503607117e-05
1,13,4,32,29,3.2434341071294596e-06
1,13,4,32,30,8.637607722332487e-06
1,13,4,32,31,2.2721041078661013e-05
1,13,4,32,32,2.4258987315903008e-05
1,13,4,32,33,2.9173578749234267e-05
1,13,4,32,34,0.0001356884331003
1,13,4,32,35,0.005183223321588
1,13,4,32,36,0.0038400097700643
1,13,4,32,37,0.001352750402869
1,13,4,32,38,9.580151859171594e-05
1,13,4,32,39,0.003173131219022
1,13,4,32,40,0.0020741632175968
1,13,4,32,42,0.0001687808701986
1,13,4,32,43,0.0046185433935462
1,13,4,32,44,0.0011782596112613
1,13,4,32,45,0.017609475581142
1,13,4,32,46,0.0002959014140017
1,13,4,32,47,0.0005148841969452
1,13,4,32,48,1.5823006508765905e-05
1,13,4,32,49,4.471484453442995e-05
1,13,4,32,50,0.0049418815609736
1,13,4,32,51,0.0018362474290933
1,13,4,32,52,9.158789653833592e-05
1,13,4,32,53,0.008386998784467
1,13,4,32,54,0.1569969591243377
1,13,4,32,55,0.0003993478139638
1,13,4,32,56,0.07699249567343
1,13,4,32,57,0.001943565967518
1,13,4,32,58,5.355571363625743e-06
1,13,4,32,59,2.2304600362383553e-08
1,13,4,32,60,2.3933968865612524e-05
1,13,4,32,61,0.0001754520269593
1,13,4,32,62,0.0002686614204606
1,13,4,32,63,0.2121965017313386
1,13,4,32,64,0.0241687606787709
1,13,4,32,65,0.0009474830408798
1,13,4,32,66,0.0001828418546624
1,13,4,32,67,6.770108144588625e-06
1,13,4,32,68,6.931494749780135e-06
1,13,4,32,69,0.0002190472563512
1,13,4,32,70,0.0008387593995576
1,13,4,32,71,0.0010183505310548
1,13,4,32,72,0.0055236120817105
1,13,4,32,73,0.0093005622509709
1,13,4,32,74,8.375588701334832e-05
1,13,4,32,76,0.0007092581578842
1,13,4,32,77,7.36561155470594e-05
1,13,4,32,78,0.000194911783668
1,13,4,32,79,0.0002647050395632
1,13,4,32,80,0.0001002572092255
1,13,4,32,81,0.0003194775567141
1,13,4,32,82,0.0017980916573926
1,13,4,32,84,3.401010278224373e-05
1,13,4,32,85,0.0178312819263412
1,13,4,32,86,0.0063426331000165
1,13,4,32,87,4.259233212699839e-05
1,13,4,32,88,0.0003820917286257
1,13,4,32,89,0.0004976393343133
1,13,4,32,90,0.0069238996913772
1,13,4,32,91,0.0037928175851084
1,13,4,32,92,0.004327348057025
1,13,4,32,93,0.0002785127216501
1,13,4,32,96,0.070866179933442
1,13,4,32,97,0.00222157619566
1,13,4,32,98,0.0295363834375064
1,13,4,32,99,0.0183696188218338
1,13,4,32,100,0.0001923342222603
1,13,4,32,101,0.0003340910152232
1,13,4,32,102,0.0006391353177659
1,13,4,32,103,5.806573138568419e-06
1,13,4,32,105,1.4729287233599777e-05
1,13,4,32,108,0.0025658971360711
1,13,4,32,109,0.018660736143069
1,13,4,32,110,0.00023780674461
1,13,4,32,112,0.0008086636250049
1,13,4,32,113,0.004241575634762
1,13,4,32,114,0.0010779556927681
1,13,4,32,115,0.0036459371280963
1,13,4,32,116,6.688108787906022e-06
1,13,4,32,117,2.8465364934757833e-07
1,13,4,32,118,0.0025289265567324
1,13,4,32,119,0.3575941474434672
1,13,4,32,120,0.0001180649705271
1,13,4,32,121,0.011165387299633
1,13,4,32,122,5.48751756319543e-08
1,13,4,32,123,0.000268228076281
1,13,4,32,124,2.51112043180134e-07
1,13,4,32,125,0.0037913919835258
1,13,4,32,126,0.0001055230877498
1,13,4,32,127,0.0004562113414057
1,13,4,32,128,0.0002414029112754
1,13,4,32,129,0.0001961239685667
1,13,4,32,130,0.0032734160725227
1,13,4,32,131,0.0053946994205689
1,13,4,32,132,0.0074846559011628
1,13,4,32,133,0.000877820454447
1,13,4,32,134,0.005846259295232
1,13,4,32,135,0.0341390630392512
1,13,4,32,136,0.0015589530536411
1,13,4,32,137,0.0002490881446509
1,13,4,32,138,0.0008961063736277
1,13,4,32,139,0.0007633368313384
1,13,4,32,140,0.0006155436334355
1,13,4,32,141,0.0001950530724655
1,13,4,32,142,0.007198215721479
1,13,4,32,143,1.3940403048866736e-05
1,13,4,32,144,9.269748922305684e-06
1,13,4,32,145,1.291358467752281e-05
1,13,4,32,149,0.0002233124496767
1,13,4,32,150,2.7464386285712903e-05
1,13,4,32,151,3.959386139830171e-07
1,13,4,32,152,0.0001042877370755
1,13,4,32,153,0.0007917788614538
1,13,4,32,154,0.0005744702195784
1,13,4,32,155,0.0001381532433739
1,13,4,32,156,0.0004677006505773
1,13,4,32,157,9.796775252332698e-05
1,13,4,32,158,6.703456480639318e-05
1,13,4,32,159,9.159482037366342e-05
1,13,4,32,160,0.0028427305720062
1,13,4,32,161,0.0001162526957314
1,13,4,32,162,6.5921144037566594e-09
1,13,4,33,1,7.325929016986264e-05
1,13,4,33,2,1.1015863438846222e-07
1,13,4,33,3,3.7019509626067056e-06
1,13,4,33,4,9.117809176502402e-05
1,13,4,33,5,3.865605069903114e-06
1,13,4,33,7,2.196452753562425e-09
1,13,4,33,8,5.820786568992244e-06
1,13,4,33,9,1.1198996046469449e-05
1,13,4,33,10,0.0001455041636123
1,13,4,33,11,0.0003403947872538
1,13,4,33,12,1.3545796903440945e-08
1,13,4,33,13,6.548384110834066e-06
1,13,4,33,14,3.1506033986357985e-05
1,13,4,33,18,0.0001641444982676
1,13,4,33,19,0.0001573925992645
1,13,4,33,20,5.2748964906865024e-05
1,13,4,33,21,1.2697235484330888e-08
1,13,4,33,22,0.0019822043217037
1,13,4,33,25,4.765713381325191e-05
1,13,4,33,27,3.239284455680003e-05
1,13,4,33,29,4.3065076763888186e-08
1,13,4,33,30,2.372000093206492e-08
1,13,4,33,31,4.945479549720344e-08
1,13,4,33,32,1.9169229186992345e-07
1,13,4,33,33,6.868061336540116e-08
1,13,4,33,34,6.073924739650246e-06
1,13,4,33,35,4.873780960528534e-05
1,13,4,33,36,0.0007435063416355
1,13,4,33,37,0.002071370199224
1,13,4,33,38,1.8533443310326497e-05
1,13,4,33,39,1.626556885424587e-05
1,13,4,33,40,0.002352676720118
1,13,4,33,41,0.0496390830233714
1,13,4,33,42,4.934153302683658e-05
1,13,4,33,43,0.0435224466499511
1,13,4,33,44,0.0016847253185465
1,13,4,33,45,0.000904445109145
1,13,4,33,46,6.623759815892021e-10
1,13,4,33,47,0.0010441006069862
1,13,4,33,48,3.862780707200566e-05
1,13,4,33,49,0.0002469200849393
1,13,4,33,50,0.0005017706877132
1,13,4,33,51,0.0003133995726981
1,13,4,33,52,1.6698909885509424e-05
1,13,4,33,53,0.012001797570284
1,13,4,33,54,0.0008758733617013
1,13,4,33,55,0.0001591893649462
1,13,4,33,56,0.0496750166355095
1,13,4,33,57,0.0033364533087799
1,13,4,33,58,3.15394451747909e-08
1,13,4,33,59,0.0036259961200054
1,13,4,33,61,3.070090157259386e-09
1,13,4,33,62,3.3745073857023848e-06
1,13,4,33,63,0.0527761864514274
1,13,4,33,64,0.0032359096219165
1,13,4,33,65,0.0007416373896878
1,13,4,33,67,0.0001414866265045
1,13,4,33,68,8.877712412123558e-07
1,13,4,33,69,4.647128936322682e-05
1,13,4,33,70,0.0001900357043289
1,13,4,33,71,0.0003198024780709
1,13,4,33,72,0.0271011107706186
1,13,4,33,73,0.0352922127093731
1,13,4,33,74,0.0008000533065876
1,13,4,33,78,0.0001779579173602
1,13,4,33,80,0.0001340477045687
1,13,4,33,81,0.0005237389349631
1,13,4,33,82,0.0001665646834893
1,13,4,33,84,4.274085003203501e-05
1,13,4,33,85,0.0020815862231126
1,13,4,33,86,0.0016450002140714
1,13,4,33,87,0.0007559527362044
1,13,4,33,88,0.0030386282308226
1,13,4,33,89,0.0024733173938246
1,13,4,33,90,0.0005379527322752
1,13,4,33,91,0.0011473832432821
1,13,4,33,92,0.0006630131684969
1,13,4,33,93,0.0005757340992998
1,13,4,33,94,0.0001838904188518
1,13,4,33,96,0.077812337813761
1,13,4,33,97,2.5831804270976575e-09
1,13,4,33,98,0.0190294660411592
1,13,4,33,99,2.195339201166231e-07
1,13,4,33,100,2.9265943961053684e-08
1,13,4,33,101,7.290046296795168e-07
1,13,4,33,102,1.9410266431329546e-07
1,13,4,33,103,2.8720638297405265e-08
1,13,4,33,107,7.69672553678726e-07
1,13,4,33,108,7.703936525930251e-06
1,13,4,33,109,1.3868885689446048e-05
1,13,4,33,110,2.647534817196708e-06
1,13,4,33,111,0.0151833745307124
1,13,4,33,112,0.000164548618539
1,13,4,33,113,0.0012257804688004
1,13,4,33,115,1.8623686318802181e-07
1,13,4,33,116,1.7954687207251309e-07
1,13,4,33,117,3.3867996786063517e-06
1,13,4,33,118,3.756177641660345e-06
1,13,4,33,119,0.092622793569679
1,13,4,33,120,2.433636273356701e-06
1,13,4,33,121,3.6355623849663294e-05
1,13,4,33,122,0.000572464008973
1,13,4,33,123,2.507176486773633e-05
1,13,4,33,124,1.6832007962318797e-06
1,13,4,33,125,2.713284318776545e-06
1,13,4,33,126,2.4442498171855053e-05
1,13,4,33,127,3.315901527101473e-05
1,13,4,33,128,2.3926712770420635e-05
1,13,4,33,129,4.192645157152513e-06
1,13,4,33,130,3.4807140326349262e-06
1,13,4,33,131,9.077398392107536e-05
1,13,4,33,132,2.8683085514154263e-05
1,13,4,33,133,3.658190629020483e-05
1,13,4,33,134,0.0001711761403291
1,13,4,33,135,0.0005576045147051
1,13,4,33,136,0.0001027722587131
1,13,4,33,137,2.922017077571779e-05
1,13,4,33,138,6.333377786373687e-05
1,13,4,33,139,0.0014385126286853
1,13,4,33,140,0.000761518637045
1,13,4,33,141,4.66873370107601e-05
1,13,4,33,142,0.0019235603459137
1,13,4,33,143,3.550623091199486e-05
1,13,4,33,144,7.260761922342534e-06
1,13,4,33,145,0.0001798023164065
1,13,4,33,151,4.722346560828545e-08
1,13,4,33,152,5.0617839811706845e-06
1,13,4,33,159,6.0296391789955405e-05
1,13,4,33,160,4.4043932056290355e-05
1,13,4,33,161,0.0057852515047514
1,13,4,33,162,2.4217753192367527e-05
1,13,4,34,1,5.787120002890622e-05
1,13,4,34,2,5.708366812542824e-05
1,13,4,34,3,0.0107989280304599
1,13,4,34,4,7.812654747030007e-05
1,13,4,34,5,0.0008460263931332
1,13,4,34,6,0.0134762330108037
1,13,4,34,7,0.0003839662730698
1,13,4,34,8,0.0008910478961934
1,13,4,34,9,0.0054015055648233
1,13,4,34,10,0.0038664936874754
1,13,4,34,11,0.004093866939416
1,13,4,34,12,1.863131302956922e-05
1,13,4,34,13,1.3531419011209416e-05
1,13,4,34,14,0.0027522431120535
1,13,4,34,18,0.0002402160833715
1,13,4,34,19,8.063132438798859e-06
1,13,4,34,20,9.467852592680898e-05
1,13,4,34,21,0.0003329740133717
1,13,4,34,22,2.302290989531998e-05
1,13,4,34,24,4.05096711107317e-10
1,13,4,34,25,0.000304799630933
1,13,4,34,26,0.0003207394641752
1,13,4,34,27,6.614000218218011e-05
1,13,4,34,28,0.00029021784377
1,13,4,34,29,3.505807636741756e-07
1,13,4,34,30,0.0001641096847928
1,13,4,34,31,0.0001984071786555
1,13,4,34,32,2.793068313370502e-05
1,13,4,34,33,1.622518823575188e-05
1,13,4,34,34,0.000486723728308
1,13,4,34,35,0.0066669037444118
1,13,4,34,36,0.0021595730061123
1,13,4,34,37,0.0035442256931634
1,13,4,34,38,0.0014109454443542
1,13,4,34,39,0.0113725928993667
1,13,4,34,40,0.0011245035271508
1,13,4,34,41,0.0020850849281154
1,13,4,34,42,0.0314279073809623
1,13,4,34,43,0.0161029514267278
1,13,4,34,44,9.769740607882158e-05
1,13,4,34,45,0.0001415773652057
1,13,4,34,46,4.593752747870857e-05
1,13,4,34,47,0.0004031087575637
1,13,4,34,48,2.494453302732112e-05
1,13,4,34,49,0.0014633559280255
1,13,4,34,50,0.0034587527824237
1,13,4,34,51,0.0062870733098352
1,13,4,34,52,5.443363299360086e-05
1,13,4,34,53,0.0087030277955631
1,13,4,34,54,0.0739844982146367
1,13,4,34,55,0.0003995869606893
1,13,4,34,56,0.0001020874899235
1,13,4,34,57,0.0004545130016527
1,13,4,34,58,2.7017403823336226e-07
1,13,4,34,59,0.0012823687182423
1,13,4,34,60,0.0101033217005528
1,13,4,34,61,0.0002411962627318
1,13,4,34,62,0.0013019694045688
1,13,4,34,63,0.4700096989952931
1,13,4,34,64,0.0046368714178165
1,13,4,34,65,0.0002104167328437
1,13,4,34,66,6.545410791409418e-05
1,13,4,34,67,0.000125152716952
1,13,4,34,68,4.134478656047497e-06
1,13,4,34,69,8.223911262866194e-05
1,13,4,34,71,0.0002090464503393
1,13,4,34,72,0.0270130070239219
1,13,4,34,73,0.0191746620874408
1,13,4,34,74,5.213811916691768e-06
1,13,4,34,76,0.0005513980682979
1,13,4,34,77,0.0001808050831988
1,13,4,34,78,0.0001640834123909
1,13,4,34,79,0.0001517677024547
1,13,4,34,80,5.515760135979586e-05
1,13,4,34,81,7.553166977309647e-05
1,13,4,34,82,0.0005147967078652
1,13,4,34,83,9.411476567573422e-06
1,13,4,34,84,8.379542452072987e-05
1,13,4,34,85,0.0015290735525011
1,13,4,34,86,0.0023491482778451
1,13,4,34,87,7.370343984431014e-05
1,13,4,34,88,0.0069002500795598
1,13,4,34,89,0.0001033130431789
1,13,4,34,90,0.0002061765662303
1,13,4,34,91,0.0028699424736812
1,13,4,34,92,0.0002255160558045
1,13,4,34,93,7.97144246281037e-05
1,13,4,34,94,0.0001565726301526
1,13,4,34,96,0.0055963153943026
1,13,4,34,97,4.9945903049115194e-08
1,13,4,34,98,0.0047687609367755
1,13,4,34,99,5.513133603617709e-07
1,13,4,34,100,5.7989420528913446e-09
1,13,4,34,101,1.234531356146978e-07
1,13,4,34,102,0.0008704328160805
1,13,4,34,108,1.8465124234239315e-08
1,13,4,34,109,6.07752807922318e-08
1,13,4,34,110,1.0551247356163258e-08
1,13,4,34,112,7.494648663002256e-10
1,13,4,34,113,0.0014008485373403
1,13,4,34,115,3.4219592913657925e-08
1,13,4,34,116,1.6450020845187783e-08
1,13,4,34,117,3.536005744532452e-07
1,13,4,34,118,8.792034237227572e-08
1,13,4,34,119,0.0476276344168772
1,13,4,34,120,2.3318785765740813e-08
1,13,4,34,121,1.3092547822419688e-05
1,13,4,34,122,4.6243666933167615e-08
1,13,4,34,123,7.681324164583798e-05
1,13,4,34,124,1.0526093175226277e-06
1,13,4,34,125,2.504596430554747e-07
1,13,4,34,126,8.761249601267586e-07
1,13,4,34,127,1.1352148525368872e-06
1,13,4,34,128,0.0002155898634388
1,13,4,34,129,2.3504347538395415e-05
1,13,4,34,130,2.1536646654632197e-05
1,13,4,34,131,0.0009423471802411
1,13,4,34,132,1.2084352703103971e-06
1,13,4,34,133,0.0003535402784765
1,13,4,34,134,4.912875020869524e-05
1,13,4,34,135,0.0005212693201485
1,13,4,34,136,0.0001322629478567
1,13,4,34,137,4.303520647853702e-05
1,13,4,34,138,0.0003622014188558
1,13,4,34,148,3.303970557095886e-09
1,13,4,34,149,1.4413688767071527e-06
1,13,4,34,150,3.53183403913982e-07
1,13,4,34,151,1.355511615406084e-08
1,13,4,34,152,5.872037839366767e-06
1,13,4,34,153,1.4181912103619236e-05
1,13,4,34,154,5.7776766199559705e-06
1,13,4,34,155,4.642693728099623e-06
1,13,4,34,156,4.77121624528354e-06
1,13,4,34,157,1.901747605485718e-06
1,13,4,34,158,2.2909732106353253e-06
1,13,4,34,159,3.280349448906639e-07
1,13,4,34,160,1.0648576877580548e-09
1,13,4,34,161,2.2114284733315207e-08
1,13,4,34,162,9.908176100571062e-06
1,13,4,35,1,0.0030456418161796
1,13,4,35,2,0.0031629079887214
1,13,4,35,3,0.0057049591040701
1,13,4,35,4,0.0042481826068414
1,13,4,35,5,0.0025501371028832
1,13,4,35,6,0.0027450611272046
1,13,4,35,7,0.0040902577646579
1,13,4,35,8,0.0005566313720608
1,13,4,35,9,0.0021714422020352
1,13,4,35,10,0.0001777116034456
1,13,4,35,11,0.0004072740332886
1,13,4,35,12,1.613974048179996e-05
1,13,4,35,13,4.112413687193744e-05
1,13,4,35,14,0.0027912873198396
1,13,4,35,18,0.001902485470223
1,13,4,35,19,0.0009313840319365
1,13,4,35,20,0.0030004207262626
1,13,4,35,21,0.0006022820476044
1,13,4,35,22,0.0001974142587061
1,13,4,35,24,3.6526685142103054e-08
1,13,4,35,25,0.0003138700574807
1,13,4,35,26,3.998477310613417e-05
1,13,4,35,28,0.0001382758721869
1,13,4,35,29,3.2355345084707297e-06
1,13,4,35,30,3.6713445104939227e-05
1,13,4,35,31,0.000188996546359
1,13,4,35,32,3.02004666550434e-05
1,13,4,35,33,1.0184373026601525e-08
1,13,4,35,34,0.0001228915013515
1,13,4,35,35,0.0052917375971757
1,13,4,35,36,0.0012917799149123
1,13,4,35,37,0.0208670914843481
1,13,4,35,38,0.0161591434653555
1,13,4,35,39,0.0220958075151724
1,13,4,35,40,0.0037049764329161
1,13,4,35,41,2.849248094897552
1,13,4,35,42,0.0564146281073572
1,13,4,35,43,0.0547788893252541
1,13,4,35,44,0.0012003496384114
1,13,4,35,45,0.0031900265725528
1,13,4,35,46,0.0001080819181114
1,13,4,35,47,0.0091821330192916
1,13,4,35,48,0.0048662074112241
1,13,4,35,49,0.0029551416696743
1,13,4,35,50,0.011185497626888
1,13,4,35,52,2.618430972153719e-05
1,13,4,35,54,0.0070672669105262
1,13,4,35,55,0.0018949859986724
1,13,4,35,56,0.004888818528079
1,13,4,35,57,0.0287031262401711
1,13,4,35,58,4.293582918110265e-06
1,13,4,35,59,0.0004804115149146
1,13,4,35,61,0.0396297915367895
1,13,4,35,62,0.0014161341574424
1,13,4,35,63,0.7343654565144048
1,13,4,35,64,0.044779525185634
1,13,4,35,65,0.000166809216697
1,13,4,35,67,0.0070208875654552
1,13,4,35,68,0.0001154989665206
1,13,4,35,69,0.0056934099984672
1,13,4,35,71,0.0027593646601757
1,13,4,35,72,0.0812435334010398
1,13,4,35,74,0.0003404908090427
1,13,4,35,76,0.0026041368330908
1,13,4,35,78,0.0009396984317703
1,13,4,35,80,0.0004669584495529
1,13,4,35,82,0.0043810585160593
1,13,4,35,84,0.0005437520099119
1,13,4,35,85,0.004741933552305
1,13,4,35,86,0.0066328980473922
1,13,4,35,87,0.0010570427296648
1,13,4,35,88,0.0061288052250605
1,13,4,35,89,0.001507453561868
1,13,4,35,90,0.00237297548078
1,13,4,35,91,0.0016498812454103
1,13,4,35,92,0.0026721940049506
1,13,4,35,93,0.0038337727291295
1,13,4,35,94,0.0005000093789146
1,13,4,35,96,0.6128721469228554
1,13,4,35,97,4.033124650692501e-08
1,13,4,35,98,0.0058396399658239
1,13,4,35,99,0.0006630657249855
1,13,4,35,100,0.0001998408639886
1,13,4,35,101,0.0081712052205864
1,13,4,35,102,0.0007662926288696
1,13,4,35,103,1.003328482792418e-06
1,13,4,35,108,0.0001712482877974
1,13,4,35,109,0.0001759250034076
1,13,4,35,110,0.0020026836343892
1,13,4,35,111,3.0811323838844607e-06
1,13,4,35,112,1.56922501023352e-05
1,13,4,35,113,0.012784158557217
1,13,4,35,115,0.0005976189975469
1,13,4,35,116,1.511251711929723e-05
1,13,4,35,117,0.0101178724668464
1,13,4,35,118,0.0034892680461397
1,13,4,35,119,1.5826617331968196
1,13,4,35,120,7.727176191805805e-05
1,13,4,35,121,0.0065389836422696
1,13,4,35,122,0.0010992520716018
1,13,4,35,123,0.0018181701374227
1,13,4,35,124,6.46309451965637e-07
1,13,4,35,125,0.0005044402018876
1,13,4,35,126,0.0001520418449187
1,13,4,35,127,0.0016128643379959
1,13,4,35,128,0.0014929752731889
1,13,4,35,129,0.0011708676158745
1,13,4,35,130,0.0001335100418379
1,13,4,35,131,9.454995602580512e-05
1,13,4,35,132,0.0001439434586382
1,13,4,35,133,2.4346635569643017e-05
1,13,4,35,134,6.816301854377404e-05
1,13,4,35,135,0.0126228010020896
1,13,4,35,136,4.036024431415956e-05
1,13,4,35,137,0.0005325650369297
1,13,4,35,138,0.0025283174074996
1,13,4,35,151,5.500660068492871e-07
1,13,4,35,152,0.0001858264438563
1,13,4,35,159,0.0002665166857708
1,13,4,35,160,0.0002866373057781
1,13,4,35,161,0.0012045971534343
1,13,4,35,162,0.0043281209032981
1,13,4,36,1,6.239339225576051e-08
1,13,4,36,2,5.941208524163941e-06
1,13,4,36,3,9.073808816780518e-06
1,13,4,36,4,1.2995954392379048e-05
1,13,4,36,5,1.6772773769936468e-06
1,13,4,36,6,1.3277115657379128e-06
1,13,4,36,7,5.814949275606125e-06
1,13,4,36,8,1.1960205886696949e-05
1,13,4,36,9,1.5289263534799925e-06
1,13,4,36,10,0.000126403508769
1,13,4,36,11,0.0002437894780605
1,13,4,36,12,1.238036905266308e-09
1,13,4,36,13,1.992590322460668e-06
1,13,4,36,14,4.5557304392291283e-07
1,13,4,36,18,4.014894087856543e-06
1,13,4,36,19,1.273364546430382e-05
1,13,4,36,20,8.173239157863557e-07
1,13,4,36,21,9.387817429697851e-05
1,13,4,36,22,0.0004118652982899
1,13,4,36,25,1.1754930373696403e-05
1,13,4,36,26,1.4438532782926494e-06
1,13,4,36,29,2.843891945295337e-07
1,13,4,36,30,1.1494235892855906e-06
1,13,4,36,31,8.174338546835685e-06
1,13,4,36,32,9.620028904438634e-08
1,13,4,36,33,3.83001666076461e-08
1,13,4,36,34,1.949998742070694e-07
1,13,4,36,35,0.0006901696877938
1,13,4,36,36,0.0001968392976431
1,13,4,36,37,0.010747133084577
1,13,4,36,38,6.585845472907443e-05
1,13,4,36,39,0.0016385346701577
1,13,4,36,40,2.994098499422494e-05
1,13,4,36,41,0.000176542633335
1,13,4,36,42,0.0011192573693533
1,13,4,36,43,0.0236114608587293
1,13,4,36,44,0.0057235189781774
1,13,4,36,45,0.0002223627851423
1,13,4,36,46,7.57313495497106e-05
1,13,4,36,47,0.0005533246380238
1,13,4,36,48,8.044056912718337e-06
1,13,4,36,49,0.0001186483147286
1,13,4,36,50,0.0008621686470051
1,13,4,36,52,6.209701887044298e-06
1,13,4,36,53,0.0018696301826453
1,13,4,36,54,0.0003218804510147
1,13,4,36,55,1.9620918422331027e-05
1,13,4,36,56,0.0043354418052949
1,13,4,36,57,0.0009434756816855
1,13,4,36,58,3.0221685310082156e-10
1,13,4,36,59,0.0011308848719042
1,13,4,36,60,4.876483139386982e-06
1,13,4,36,61,2.0233486135454352e-06
1,13,4,36,62,4.808555748040751e-05
1,13,4,36,63,0.1112269546074769
1,13,4,36,64,0.0006163021550544
1,13,4,36,65,0.0002358343454412
1,13,4,36,67,4.011315916834298e-06
1,13,4,36,68,1.325108251379293e-07
1,13,4,36,69,2.403685438572053e-05
1,13,4,36,71,8.13410615093726e-07
1,13,4,36,72,0.001372634978661
1,13,4,36,73,0.0138908793064881
1,13,4,36,74,9.33115420003924e-05
1,13,4,36,76,4.516404713949553e-06
1,13,4,36,77,0.0003478474998382
1,13,4,36,78,1.3116974928610123e-05
1,13,4,36,79,8.49878415888559e-05
1,13,4,36,80,9.66468502889319e-06
1,13,4,36,81,5.374272625580847e-05
1,13,4,36,82,3.1881668851508936e-05
1,13,4,36,84,1.3874992816921233e-05
1,13,4,36,85,0.0029742073370234
1,13,4,36,86,0.0003001551154664
1,13,4,36,87,0.0007653595404502
1,13,4,36,88,0.0006638145014924
1,13,4,36,89,0.0013920075273666
1,13,4,36,90,0.0003756567044218
1,13,4,36,91,0.0006465949828884
1,13,4,36,92,0.0001664925695201
1,13,4,36,93,0.0002496468961122
1,13,4,36,94,1.9876394289370668e-05
1,13,4,36,96,0.0062204050071012
1,13,4,36,97,7.095209875881979e-06
1,13,4,36,98,0.0006218927147015
1,13,4,36,99,4.6273547053242665e-06
1,13,4,36,100,5.3519064379651163e-08
1,13,4,36,101,2.653280380739386e-06
1,13,4,36,102,3.3997551385490325e-06
1,13,4,36,103,1.2004834751198965e-07
1,13,4,36,106,2.4797494453121693e-07
1,13,4,36,108,5.778818211037972e-06
1,13,4,36,109,1.7659803533077636e-05
1,13,4,36,110,1.4911590451821017e-06
1,13,4,36,112,1.480187249478024e-07
1,13,4,36,113,1.603714790419855e-05
1,13,4,36,115,3.643281500088304e-09
1,13,4,36,116,2.574262053806949e-09
1,13,4,36,117,1.8814755783563987e-10
1,13,4,36,118,1.5744173577244137e-08
1,13,4,36,119,0.0583149133302241
1,13,4,36,120,1.6635525655962309e-07
1,13,4,36,121,2.296709464816162e-07
1,13,4,36,122,1.9631476945954389e-07
1,13,4,36,123,3.1026278736290426e-06
1,13,4,36,124,6.428196538855217e-08
1,13,4,36,125,1.8732506688622608e-06
1,13,4,36,126,8.634282434127056e-07
1,13,4,36,127,4.116413199110134e-05
1,13,4,36,128,3.106612305557909e-05
1,13,4,36,129,1.3541011542996312e-06
1,13,4,36,130,3.1634982485851734e-06
1,13,4,36,131,1.1500604005985964e-05
1,13,4,36,132,7.704306482547695e-06
1,13,4,36,133,1.2351734391565488e-05
1,13,4,36,134,7.171923120634377e-05
1,13,4,36,135,0.0005687998869637
1,13,4,36,136,5.668046888094252e-06
1,13,4,36,137,1.252848256074819e-05
1,13,4,36,138,1.1395435837674626e-05
1,13,4,36,151,1.0126179364777313e-08
1,13,4,36,152,1.870565941983254e-06
1,13,4,36,153,4.404329065396567e-07
1,13,4,36,154,4.4350363523392866e-07
1,13,4,36,155,3.668476156020357e-07
1,13,4,36,156,5.324816624447625e-07
1,13,4,36,157,1.6932098640101787e-11
1,13,4,36,158,5.681188623530906e-09
1,13,4,36,159,2.3357609757173612e-06
1,13,4,36,160,4.74957139607784e-06
1,13,4,36,161,5.39166769570298e-06
1,13,4,36,162,0.0029509743794519
1,13,4,37,1,1.3211165915177282e-05
1,13,4,37,2,0.0037599848910377
1,13,4,37,3,0.0884947139509705
1,13,4,37,4,9.98572205921225e-05
1,13,4,37,5,0.0003637278595131
1,13,4,37,6,8.724601481327349e-05
1,13,4,37,7,6.252647768950201e-06
1,13,4,37,8,0.0002057268495096
1,13,4,37,9,0.0006768660194356
1,13,4,37,10,0.0007764232992924
1,13,4,37,11,0.0008122164643307
1,13,4,37,12,9.17230322100299e-05
1,13,4,37,13,0.0001905033790502
1,13,4,37,14,0.0007787844226996
1,13,4,37,18,0.000181587020584
1,13,4,37,19,0.0002593716110133
1,13,4,37,20,0.0102699176945001
1,13,4,37,21,0.0406815689102931
1,13,4,37,22,0.0027190283904301
1,13,4,37,24,7.466327170619942e-05
1,13,4,37,25,0.000677513591233
1,13,4,37,26,0.0001730224715609
1,13,4,37,27,0.0003384239562498
1,13,4,37,28,0.000272193056567
1,13,4,37,29,4.352329317872602e-05
1,13,4,37,30,0.0001452092901205
1,13,4,37,31,0.0003184217726903
1,13,4,37,33,0.0004078360714937
1,13,4,37,34,0.0036227446903672
1,13,4,37,35,0.0010345301023541
1,13,4,37,36,0.0115153999672015
1,13,4,37,37,0.0031892241478435
1,13,4,37,38,0.0004514384981423
1,13,4,37,39,0.009514945521879
1,13,4,37,40,0.0010036566288753
1,13,4,37,41,0.0012517148602221
1,13,4,37,42,0.0054333695700626
1,13,4,37,43,0.0182585065931965
1,13,4,37,44,0.0020118500347217
1,13,4,37,45,0.0016643730522828
1,13,4,37,46,9.340280798708632e-05
1,13,4,37,47,0.000965319844842
1,13,4,37,48,0.0002996407527598
1,13,4,37,49,0.0002292990289955
1,13,4,37,50,0.1321195855721619
1,13,4,37,52,0.0001195825644506
1,13,4,37,54,0.0027741518348769
1,13,4,37,55,0.0002815870590609
1,13,4,37,56,0.0564996143991637
1,13,4,37,57,0.7356870997660278
1,13,4,37,58,0.000604647547576
1,13,4,37,59,0.0001739147573629
1,13,4,37,61,0.0010698058509062
1,13,4,37,62,0.0026843991647345
1,13,4,37,63,0.0909803879152122
1,13,4,37,64,0.0140804329834455
1,13,4,37,65,0.0011828798599575
1,13,4,37,67,0.0004215905264048
1,13,4,37,68,0.0001211585360292
1,13,4,37,69,0.0004372237805274
1,13,4,37,71,0.0005827434600912
1,13,4,37,72,0.1848115200391377
1,13,4,37,74,0.0002349441823739
1,13,4,37,76,0.001909726206523
1,13,4,37,78,0.0002245323274461
1,13,4,37,80,0.0005545771525461
1,13,4,37,82,0.0007629109707938
1,13,4,37,84,0.0003983010931158
1,13,4,37,85,0.0096362246141188
1,13,4,37,86,0.0027854856383502
1,13,4,37,87,7.31941089164218e-05
1,13,4,37,88,0.0004423673279883
1,13,4,37,89,7.033649100902329e-05
1,13,4,37,90,0.0002127894937182
1,13,4,37,91,0.0002117341155216
1,13,4,37,92,0.0002831966752425
1,13,4,37,93,0.0002847708039867
1,13,4,37,94,0.0002817043260516
1,13,4,37,96,0.0381564023949267
1,13,4,37,97,0.0002722265565107
1,13,4,37,98,0.0398160080984244
1,13,4,37,99,0.0002850523227081
1,13,4,37,100,2.1104990230851936e-05
1,13,4,37,101,0.0005166872583462
1,13,4,37,102,7.950955031016378e-07
1,13,4,37,106,1.3993881717892849e-05
1,13,4,37,108,0.0001741446074531
1,13,4,37,109,0.0002535076929412
1,13,4,37,110,0.000600894693428
1,13,4,37,111,0.1100135099647501
1,13,4,37,112,9.214933149125278e-05
1,13,4,37,113,0.0076885347552944
1,13,4,37,115,2.5035126412049008e-05
1,13,4,37,116,0.0001541892761617
1,13,4,37,117,3.383391498108808e-05
1,13,4,37,118,6.655203952664783e-05
1,13,4,37,119,0.0882027178527561
1,13,4,37,120,0.0008879337724249
1,13,4,37,121,0.0008632594542883
1,13,4,37,122,0.002785269253029
1,13,4,37,123,0.0018813826572243
1,13,4,37,124,9.205174422400042e-05
1,13,4,37,125,0.0015738912207332
1,13,4,37,126,0.0046451722389141
1,13,4,37,127,0.0009757247993224
1,13,4,37,128,7.518995930104211e-05
1,13,4,37,129,4.262804569406927e-05
1,13,4,37,130,1.8071847417725032e-05
1,13,4,37,131,0.0002163495967412
1,13,4,37,132,0.0001940745266134
1,13,4,37,133,0.0005208906324765
1,13,4,37,134,0.0099524242283698
1,13,4,37,135,0.0047489196227186
1,13,4,37,136,0.0016943653403105
1,13,4,37,137,0.0019832261356863
1,13,4,37,138,0.0066269782365461
1,13,4,37,139,0.0075748399182364
1,13,4,37,140,0.0033246387963527
1,13,4,37,141,0.0001235226008036
1,13,4,37,142,0.0087015077611783
1,13,4,37,143,0.0001234701723429
1,13,4,37,144,5.742589528765267e-05
1,13,4,37,145,0.0005285419727046
1,13,4,37,151,2.285321872081637e-07
1,13,4,37,152,3.98241653134222e-05
1,13,4,37,153,0.0002739685990778
1,13,4,37,154,0.0001885206902007
1,13,4,37,155,0.0001262635569289
1,13,4,37,156,0.0001200966331942
1,13,4,37,157,7.655998526383891e-05
1,13,4,37,158,8.430240820125888e-05
1,13,4,37,159,0.0001709336763422
1,13,4,37,160,0.0006692578641493
1,13,4,37,161,0.0004964960783414
1,13,4,37,162,3.983175941278593e-05
1,13,4,38,1,2.462028612193461e-05
1,13,4,38,2,0.0014287096961321
1,13,4,38,3,0.000199077547919
1,13,4,38,4,0.0003082924238379
1,13,4,38,5,8.808344557157092e-05
1,13,4,38,6,0.0001106434835197
1,13,4,38,7,0.0002098767738898
1,13,4,38,8,2.8528819802574973e-06
1,13,4,38,9,0.0013662148591378
1,13,4,38,10,0.0001344623448154
1,13,4,38,11,0.0032980932483033
1,13,4,38,12,4.9248830592448295e-06
1,13,4,38,13,2.568127861484782e-06
1,13,4,38,14,0.0006235021662501
1,13,4,38,15,2.3793159342072933e-06
1,13,4,38,18,4.689602149285874e-05
1,13,4,38,19,9.97503554085469e-05
1,13,4,38,20,0.0005776008224955
1,13,4,38,21,9.07477862946531e-05
1,13,4,38,22,1.6388793676048146e-08
1,13,4,38,24,1.0555605880054484e-08
1,13,4,38,25,0.0001628970054402
1,13,4,38,26,2.28917496084214e-07
1,13,4,38,27,2.889589899681059e-05
1,13,4,38,28,3.2489871513310026e-05
1,13,4,38,29,3.7253017097e-07
1,13,4,38,30,1.6707913663174297e-05
1,13,4,38,31,1.6607851923188463e-05
1,13,4,38,32,1.0546845026346338e-07
1,13,4,38,33,4.268386287016274e-06
1,13,4,38,34,1.7611420884361066e-05
1,13,4,38,35,0.0157207080865034
1,13,4,38,36,0.0014481020846916
1,13,4,38,37,0.0021834321964747
1,13,4,38,38,0.0033814801797989
1,13,4,38,39,0.0042826488279307
1,13,4,38,40,0.0126305148887624
1,13,4,38,41,0.0148448109595172
1,13,4,38,42,0.0196883274907022
1,13,4,38,43,0.0263431739961224
1,13,4,38,44,0.0255743613431577
1,13,4,38,45,3.4743855790060896e-05
1,13,4,38,46,5.142860423066761e-06
1,13,4,38,47,0.0008032827415266
1,13,4,38,48,0.0001329388004342
1,13,4,38,49,0.0006793588926117
1,13,4,38,50,0.001032762101338
1,13,4,38,52,2.5713926858403584e-05
1,13,4,38,54,0.0295521698745717
1,13,4,38,55,0.0006564143206526
1,13,4,38,56,0.010945087934209
1,13,4,38,57,0.0002908860724102
1,13,4,38,59,6.511793011392778e-05
1,13,4,38,61,6.184601986430076e-07
1,13,4,38,62,2.238059539308548e-05
1,13,4,38,63,0.0433819651589705
1,13,4,38,64,0.0058245727662936
1,13,4,38,65,0.0009258028643802
1,13,4,38,67,1.4358874265644331e-05
1,13,4,38,68,9.609871242599328e-06
1,13,4,38,69,0.0001708281386027
1,13,4,38,71,6.642567346363659e-05
1,13,4,38,72,0.0117908275163002
1,13,4,38,74,0.0002791774860086
1,13,4,38,76,0.0004638210561176
1,13,4,38,78,6.50171107333059e-05
1,13,4,38,80,4.219529154420359e-05
1,13,4,38,82,0.0025422358218762
1,13,4,38,84,1.920870940414437e-07
1,13,4,38,85,0.0016727156758579
1,13,4,38,86,0.0005126459647752
1,13,4,38,87,0.0002611245116
1,13,4,38,88,0.0002337693597193
1,13,4,38,89,0.0001034923884335
1,13,4,38,90,0.0004662300900503
1,13,4,38,91,8.746941958247308e-05
1,13,4,38,92,0.000228137173987
1,13,4,38,93,0.0001296257765776
1,13,4,38,94,1.5340105758151974e-05
1,13,4,38,96,0.2013503580669288
1,13,4,38,97,5.141760188168379e-05
1,13,4,38,99,1.6961633910793556e-05
1,13,4,38,100,3.446197897063777e-06
1,13,4,38,101,2.6957357632916048e-06
1,13,4,38,102,5.2583180087016e-05
1,13,4,38,103,8.519380785612038e-08
1,13,4,38,104,6.990956276291023e-09
1,13,4,38,108,1.6266662199168486e-08
1,13,4,38,109,1.1915179005601825e-08
1,13,4,38,110,4.7619796474752795e-08
1,13,4,38,112,2.0469542202108155e-06
1,13,4,38,113,0.0021742733927011
1,13,4,38,115,0.0001165011636298
1,13,4,38,116,4.324366941542284e-06
1,13,4,38,117,5.131446288431767e-06
1,13,4,38,118,5.3376401701676975e-06
1,13,4,38,119,0.3125671539420017
1,13,4,38,120,1.082851324138253e-05
1,13,4,38,121,7.042168591705042e-05
1,13,4,38,122,4.515815499360717e-07
1,13,4,38,123,7.861879729714357e-05
1,13,4,38,124,0.0003957697976527
1,13,4,38,125,2.330447757177626e-05
1,13,4,38,126,0.0001141723612249
1,13,4,38,127,0.0007850811167064
1,13,4,38,128,1.8358167150001352e-05
1,13,4,38,129,1.9859892388637104e-06
1,13,4,38,130,2.354476200906636e-06
1,13,4,38,131,0.0004633327047114
1,13,4,38,132,0.000540635482219
1,13,4,38,133,0.000100199175278
1,13,4,38,134,0.0001686007253668
1,13,4,38,135,0.0033789446178092
1,13,4,38,136,0.0036127430787732
1,13,4,38,137,0.0002694626568711
1,13,4,38,138,0.0001032600523173
1,13,4,38,146,8.822718640239005e-06
1,13,4,38,147,4.583161031166067e-07
1,13,4,38,148,2.15342919104813e-07
1,13,4,38,149,6.636972889821712e-07
1,13,4,38,150,4.063386733285348e-07
1,13,4,38,151,8.391873671924702e-07
1,13,4,38,152,0.0001175787322051
1,13,4,38,153,1.132500408103576e-07
1,13,4,38,154,5.682868849598755e-07
1,13,4,38,155,8.617007724596706e-08
1,13,4,38,156,2.738273229279684e-07
1,13,4,38,157,6.764159691699797e-08
1,13,4,38,158,5.3185584519727694e-08
1,13,4,38,159,4.732782624921379e-06
1,13,4,38,160,9.171239190841318e-05
1,13,4,38,161,4.533142978267298e-05
1,13,4,38,162,6.809424279720663e-05
1,13,4,39,2,1.4129457313583156e-05
1,13,4,39,3,5.343874077859338e-06
1,13,4,39,4,4.979587089749147e-05
1,13,4,39,5,7.628999255780142e-06
1,13,4,39,6,4.207597873706094e-06
1,13,4,39,8,7.897302142309104e-07
1,13,4,39,9,3.756989119026704e-05
1,13,4,39,10,0.0002446998099821
1,13,4,39,11,0.0014739474765842
1,13,4,39,12,1.554200265022941e-06
1,13,4,39,13,9.44921653683213e-07
1,13,4,39,14,7.314121356124442e-05
1,13,4,39,18,2.649261377905641e-05
1,13,4,39,19,1.932191409918637e-07
1,13,4,39,32,1.1967235251584236e-06
1,13,4,39,33,1.3354340599815697e-05
1,13,4,39,34,0.0014051243438659
1,13,4,39,35,0.002817392911414
1,13,4,39,36,0.0043587703109595
1,13,4,39,37,0.0022004381020295
1,13,4,39,38,4.538182934487191e-06
1,13,4,39,39,0.0020495721319567
1,13,4,39,40,0.0052563063113834
1,13,4,39,42,0.0019984087408738
1,13,4,39,43,0.0069655349832501
1,13,4,39,44,0.0007022544635651
1,13,4,39,45,1.1204192930567492e-06
1,13,4,39,46,0.0001240866535583
1,13,4,39,47,0.0002397859587774
1,13,4,39,48,0.0001489954674458
1,13,4,39,49,7.262642919601908e-05
1,13,4,39,50,0.0008539328331602
1,13,4,39,51,0.0033853987163838
1,13,4,39,52,9.855104901174884e-05
1,13,4,39,53,0.0021252067497679
1,13,4,39,54,7.600663351716899e-05
1,13,4,39,55,0.0004696209944745
1,13,4,39,57,0.067721756705489
1,13,4,39,58,1.1715535732258029e-06
1,13,4,39,59,0.0059155356786593
1,13,4,39,60,0.0005807385265621
1,13,4,39,61,9.839941352116806e-07
1,13,4,39,62,1.894072815843474e-07
1,13,4,39,63,0.0450188870177891
1,13,4,39,64,0.001689201570787
1,13,4,39,65,0.0005791335330842
1,13,4,39,67,7.722948970547596e-05
1,13,4,39,68,7.840722911000699e-07
1,13,4,39,69,0.0003320440247118
1,13,4,39,70,0.0008686790600173
1,13,4,39,71,0.0003070937177232
1,13,4,39,72,0.0008259840159579
1,13,4,39,74,4.868446012160617e-05
1,13,4,39,76,2.426387798925898e-05
1,13,4,39,77,0.000266022515679
1,13,4,39,78,2.2543652507352093e-07
1,13,4,39,79,8.891856946133477e-05
1,13,4,39,80,1.861396052422316e-06
1,13,4,39,82,1.079392060111421e-09
1,13,4,39,83,0.0007872743488654
1,13,4,39,84,9.361126926221412e-07
1,13,4,39,85,0.0050755347765919
1,13,4,39,86,0.0016534784758355
1,13,4,39,87,0.0013126247608789
1,13,4,39,88,0.0012127900967661
1,13,4,39,89,0.0023977977613565
1,13,4,39,90,0.0066427485549532
1,13,4,39,91,7.697185476520545e-05
1,13,4,39,92,0.0001384528824741
1,13,4,39,93,6.427227331509186e-05
1,13,4,39,94,2.3790197672550933e-05
1,13,4,39,97,6.171238826089173e-07
1,13,4,39,98,0.0457840249278273
1,13,4,39,99,0.0004707770741757
1,13,4,39,100,6.980456629328805e-08
1,13,4,39,101,7.945128309445625e-06
1,13,4,39,102,3.021638626098008e-06
1,13,4,39,103,2.699100478058603e-07
1,13,4,39,108,2.2100292682125377e-05
1,13,4,39,109,7.027403983364152e-05
1,13,4,39,110,0.0002993385510296
1,13,4,39,111,4.8703440852906665e-06
1,13,4,39,112,0.0001427155056107
1,13,4,39,113,0.001571685705312
1,13,4,39,115,0.0014887911195846
1,13,4,39,116,2.4525105723683656e-05
1,13,4,39,117,0.0003548692693684
1,13,4,39,118,0.0002003273333937
1,13,4,39,119,0.0800892044113769
1,13,4,39,120,3.9018620326095305e-05
1,13,4,39,121,0.0006300787999941
1,13,4,39,122,1.4220721467209926e-06
1,13,4,39,123,0.0007940571836634
1,13,4,39,124,4.182520822674208e-06
1,13,4,39,125,5.774853635245568e-05
1,13,4,39,126,0.0003674833971633
1,13,4,39,127,0.0002980657683102
1,13,4,39,128,0.0002763725932185
1,13,4,39,129,2.412814284052141e-05
1,13,4,39,130,2.1405346630992995e-05
1,13,4,39,131,0.0003467700959306
1,13,4,39,132,0.00070579778203
1,13,4,39,133,0.0002586242530208
1,13,4,39,134,0.0060366473215652
1,13,4,39,135,0.0217863877847745
1,13,4,39,136,0.0156283351329967
1,13,4,39,137,0.0010612172538233
1,13,4,39,138,0.0020077906693081
1,13,4,39,139,0.0116883893401894
1,13,4,39,140,0.0065049970149462
1,13,4,39,141,0.0004840745481352
1,13,4,39,142,0.0340163043314136
1,13,4,39,143,0.0003523999216887
1,13,4,39,144,0.0001526776414354
1,13,4,39,145,0.0020023709208194
1,13,4,39,146,1.9464549313887937e-05
1,13,4,39,147,4.992404462401153e-07
1,13,4,39,149,0.0004960600779034
1,13,4,39,150,3.246371927466571e-05
1,13,4,39,151,1.0063502263724549e-06
1,13,4,39,152,0.00017923877275
1,13,4,39,153,2.366551148355522e-05
1,13,4,39,154,4.6165790641256305e-06
1,13,4,39,155,2.203272879976356e-06
1,13,4,39,156,3.854889488891038e-06
1,13,4,39,157,1.136748894611788e-06
1,13,4,39,158,1.8418876356755656e-06
1,13,4,39,159,0.0002796170852996
1,13,4,39,160,0.0013443486878178
1,13,4,39,161,0.0003866629920848
1,13,4,39,162,0.0001075265330929
1,13,4,40,1,6.494122728146963e-06
1,13,4,40,2,0.0001551290430853
1,13,4,40,3,0.0003022510663961
1,13,4,40,4,0.0002775397101626
1,13,4,40,5,4.081582450695212e-06
1,13,4,40,6,4.227765360513111e-05
1,13,4,40,7,7.723249131533291e-05
1,13,4,40,8,1.1619030417877522e-05
1,13,4,40,9,0.0002437071596409
1,13,4,40,10,3.7373501077564836e-08
1,13,4,40,11,0.0012915346697367
1,13,4,40,12,4.360886366131437e-06
1,13,4,40,13,6.094175291162056e-08
1,13,4,40,14,0.003843188135504
1,13,4,40,18,4.3947540277582104e-05
1,13,4,40,19,3.474049059416575e-05
1,13,4,40,20,0.0001124886261292
1,13,4,40,21,3.439600927628521e-05
1,13,4,40,22,2.5424815178115377e-08
1,13,4,40,25,2.1694174427799055e-06
1,13,4,40,26,5.682331629774726e-05
1,13,4,40,27,9.620026801746013e-07
1,13,4,40,28,1.2178045527949023e-06
1,13,4,40,29,1.1906573706148017e-07
1,13,4,40,30,1.045859468724305e-05
1,13,4,40,31,2.1664728278083108e-05
1,13,4,40,32,7.02828326527765e-05
1,13,4,40,33,0.0008353163336546
1,13,4,40,34,0.0018575002740045
1,13,4,40,35,0.0040441353101203
1,13,4,40,36,8.520525127753009e-08
1,13,4,40,37,0.0099338832774153
1,13,4,40,38,0.0026252169223078
1,13,4,40,39,0.0037498891457035
1,13,4,40,40,0.0004802006131368
1,13,4,40,41,0.0134566302735751
1,13,4,40,42,0.0021268300270689
1,13,4,40,43,0.0197485307195734
1,13,4,40,44,0.0007753681507653
1,13,4,40,45,0.0008791885986424
1,13,4,40,46,1.6904080784290132e-05
1,13,4,40,47,0.0090652503545266
1,13,4,40,48,0.0284571245881622
1,13,4,40,49,0.0015849707738501
1,13,4,40,50,0.0053244238365713
1,13,4,40,52,3.348362019903341e-05
1,13,4,40,54,0.1044287499730232
1,13,4,40,55,0.0030004774771484
1,13,4,40,56,0.0326704661786189
1,13,4,40,57,0.0003121801669695
1,13,4,40,59,0.0013652133296293
1,13,4,40,61,0.0002135852529715
1,13,4,40,62,5.119543550181382e-05
1,13,4,40,63,0.0768806371215427
1,13,4,40,64,0.0052838787043899
1,13,4,40,65,0.0003944485247066
1,13,4,40,67,5.5761531719524886e-05
1,13,4,40,68,1.8155358822496104e-06
1,13,4,40,69,0.0001219904307056
1,13,4,40,71,0.0030749378178072
1,13,4,40,72,0.0514852159111828
1,13,4,40,74,8.920007258844118e-05
1,13,4,40,76,0.0003548110055325
1,13,4,40,78,1.2674813436926537e-06
1,13,4,40,80,3.284323174882217e-05
1,13,4,40,82,0.0001973271137104
1,13,4,40,84,1.7076568041226036e-05
1,13,4,40,85,0.0039543845337445
1,13,4,40,86,0.0021138015930228
1,13,4,40,87,3.778735342523938e-05
1,13,4,40,88,0.0044019886902106
1,13,4,40,89,0.0006028760102128
1,13,4,40,90,0.0005372960952273
1,13,4,40,91,0.0003107358674205
1,13,4,40,92,7.988797559832587e-05
1,13,4,40,93,0.0001537056246572
1,13,4,40,94,3.96181343503448e-06
1,13,4,40,96,0.0294263088901414
1,13,4,40,97,3.039804280110072e-09
1,13,4,40,99,3.157829663495164e-05
1,13,4,40,100,1.1599089380488788e-06
1,13,4,40,101,8.582038670799524e-05
1,13,4,40,102,1.980587915889e-06
1,13,4,40,106,3.7367512915191563e-07
1,13,4,40,108,1.6318555806302176e-05
1,13,4,40,109,8.00163366874956e-05
1,13,4,40,110,0.0001666451159535
1,13,4,40,111,0.0079197034275817
1,13,4,40,112,5.306496978364385e-06
1,13,4,40,113,0.0009591779569281
1,13,4,40,115,0.0003519949619621
1,13,4,40,116,0.0001290376608798
1,13,4,40,117,0.0008017440605607
1,13,4,40,118,0.0019130119141915
1,13,4,40,119,0.620546675086631
1,13,4,40,120,7.668570888992533e-06
1,13,4,40,121,0.0001424560096239
1,13,4,40,122,6.540535237491197e-07
1,13,4,40,123,6.774092647380785e-05
1,13,4,40,124,2.5279655139676393e-06
1,13,4,40,125,0.0001768836103143
1,13,4,40,126,0.0002835713782289
1,13,4,40,127,3.8946300201140737e-05
1,13,4,40,128,0.0001233765277467
1,13,4,40,129,1.252665209124126e-05
1,13,4,40,130,9.280715661608087e-06
1,13,4,40,131,0.0133928283361997
1,13,4,40,132,1.7761423620363727e-05
1,13,4,40,133,3.825891267570286e-05
1,13,4,40,134,0.0018578752417885
1,13,4,40,135,0.0069989353955444
1,13,4,40,136,0.0008110866072898
1,13,4,40,137,0.0002591947698082
1,13,4,40,138,0.0024061095851347
1,13,4,40,142,0.0124695451301254
1,13,4,40,145,0.0003433626886106
1,13,4,40,149,1.3604721373766366e-07
1,13,4,40,151,4.6160224386572213e-10
1,13,4,40,152,8.303102655746793e-08
1,13,4,40,153,1.62464695619881e-07
1,13,4,40,154,1.5591604648881725e-07
1,13,4,40,155,9.511681881379253e-08
1,13,4,40,156,1.1895983887855461e-07
1,13,4,40,157,4.2120901251319416e-08
1,13,4,40,158,4.664866088533117e-08
1,13,4,40,159,0.0024600329599212
1,13,4,40,160,0.0009584785924838
1,13,4,40,161,0.0001830845678459
1,13,4,40,162,4.662170212485105e-08
1,13,4,42,2,3.4581849923944124e-05
1,13,4,42,3,4.996244734550856e-05
1,13,4,42,4,1.6450844150038306e-05
1,13,4,42,5,2.5907160952312795e-06
1,13,4,42,9,0.0001422008096829
1,13,4,42,10,0.0004619819370994
1,13,4,42,11,0.0003336732053756
1,13,4,42,12,2.3694165011088735e-06
1,13,4,42,13,4.1149306276286e-05
1,13,4,42,14,0.0007866529012106
1,13,4,42,18,0.0002768749859428
1,13,4,42,19,0.0110036611294119
1,13,4,42,20,2.3477759458047027e-05
1,13,4,42,21,0.0097898536257149
1,13,4,42,22,0.0007837349422509
1,13,4,42,25,0.0003395119319981
1,13,4,42,27,6.64725634258751e-07
1,13,4,42,31,7.88557921081164e-06
1,13,4,42,32,7.616212797273871e-05
1,13,4,42,33,0.0001486402227822
1,13,4,42,34,5.0763846333917585e-06
1,13,4,42,35,0.0004581925088313
1,13,4,42,36,0.0021250846951036
1,13,4,42,37,0.0038397034874965
1,13,4,42,38,0.0073835296510109
1,13,4,42,39,0.0113848149077094
1,13,4,42,40,0.0134599226401877
1,13,4,42,43,0.0123546875963397
1,13,4,42,44,0.0075605730763537
1,13,4,42,45,0.0529611258171957
1,13,4,42,46,0.000269615674255
1,13,4,42,47,0.004380931766559
1,13,4,42,48,0.0025950514715359
1,13,4,42,49,0.0001790158076328
1,13,4,42,50,0.0689348257665657
1,13,4,42,52,0.0009367374471378
1,13,4,42,54,0.4634858868883807
1,13,4,42,55,0.0016773181132496
1,13,4,42,57,0.0010736296638565
1,13,4,42,59,0.1214954117539136
1,13,4,42,61,0.0003021065035337
1,13,4,42,62,0.001001945001564
1,13,4,42,63,0.46049824642921
1,13,4,42,64,0.0082053903622958
1,13,4,42,65,6.566290760093047e-05
1,13,4,42,67,1.571860483546304e-05
1,13,4,42,68,1.70071507207925e-05
1,13,4,42,69,0.0001542301646285
1,13,4,42,71,0.0016744190210839
1,13,4,42,72,0.0162431024219497
1,13,4,42,74,0.000834491120836
1,13,4,42,76,0.0018946465754845
1,13,4,42,78,0.0001308193395269
1,13,4,42,80,0.0005039383383052
1,13,4,42,82,0.0006140185831635
1,13,4,42,84,0.000152315647986
1,13,4,42,85,0.0151514135120305
1,13,4,42,86,0.0474658818961845
1,13,4,42,87,1.1298854008268656e-05
1,13,4,42,88,0.0044704226354978
1,13,4,42,89,0.0002018217206858
1,13,4,42,90,0.0011850262426814
1,13,4,42,91,0.0012315918674035
1,13,4,42,92,0.0050188252346002
1,13,4,42,93,0.0003438607779017
1,13,4,42,94,0.0001632576715767
1,13,4,42,96,6.403549592772401e-05
1,13,4,42,97,9.62538976019679e-09
1,13,4,42,99,0.0007891072503952
1,13,4,42,100,3.001481023357633e-06
1,13,4,42,101,1.4608419175470583e-09
1,13,4,42,102,0.0001076814424492
1,13,4,42,107,2.636420669955127e-07
1,13,4,42,108,0.0005763233092809
1,13,4,42,109,0.0001546308791587
1,13,4,42,110,6.282926875679629e-07
1,13,4,42,111,0.0006051482746978
1,13,4,42,112,6.46153432887189e-06
1,13,4,42,113,0.0012502494734408
1,13,4,42,115,0.0001395601709648
1,13,4,42,116,4.076713081950068e-05
1,13,4,42,117,3.0212616902130655e-05
1,13,4,42,118,2.6380730933907924e-05
1,13,4,42,119,0.2980795324365087
1,13,4,42,120,5.2621104683502125e-05
1,13,4,42,121,0.0029743373284089
1,13,4,42,122,1.8075834660721596e-05
1,13,4,42,123,1.1641894391688407e-05
1,13,4,42,124,1.0645622671240361e-07
1,13,4,42,125,0.0005679410534513
1,13,4,42,126,0.000281969371198
1,13,4,42,127,0.0003483823988688
1,13,4,42,128,4.9831630398837824e-05
1,13,4,42,129,1.0489020897926851e-05
1,13,4,42,130,8.723358724979603e-06
1,13,4,42,131,0.0038590043400297
1,13,4,42,132,0.0017139257637593
1,13,4,42,133,0.0002917097941973
1,13,4,42,134,7.022222781089414e-06
1,13,4,42,135,0.0369115186508851
1,13,4,42,136,0.001259157229134
1,13,4,42,137,0.0006215464451399
1,13,4,42,138,0.0007991804624555
1,13,4,42,139,0.0801809873850603
1,13,4,42,140,0.0659999013438374
1,13,4,42,141,0.0026401754683413
1,13,4,42,142,0.0334603766069012
1,13,4,42,143,0.0028333281691307
1,13,4,42,144,0.0007544101896096
1,13,4,42,145,0.0445579700602946
1,13,4,42,149,0.0001601472742576
1,13,4,42,151,9.995214428834238e-07
1,13,4,42,152,0.0001603787535153
1,13,4,42,153,8.704389388288519e-05
1,13,4,42,154,8.26273668985719e-05
1,13,4,42,155,7.606609564050027e-08
1,13,4,42,156,0.0002346556030026
1,13,4,42,157,2.026966015462821e-05
1,13,4,42,158,9.414783615429288e-07
1,13,4,42,159,0.0015639166737145
1,13,4,42,160,0.0028718131785196
1,13,4,42,161,2.5611847141535827e-05
1,13,4,42,162,2.9914435035666836e-14
1,13,4,43,1,5.091337438842717e-06
1,13,4,43,3,0.0001688260950566
1,13,4,43,4,0.000819000328726
1,13,4,43,5,0.0040414097517269
1,13,4,43,6,2.3513770427315785e-05
1,13,4,43,7,3.21664297158231e-07
1,13,4,43,8,0.0001645042722263
1,13,4,43,9,1.4829736523493964e-06
1,13,4,43,10,3.158325066950187e-05
1,13,4,43,11,6.235950339191851e-05
1,13,4,43,12,2.8071450253768195e-05
1,13,4,43,14,6.189228702823135e-06
1,13,4,43,18,0.0001943383222286
1,13,4,43,19,0.0001425547183187
1,13,4,43,20,2.3688058588039667e-05
1,13,4,43,21,3.127550384128616e-05
1,13,4,43,22,1.2088718166134013e-08
1,13,4,43,26,2.9012978383178024e-07
1,13,4,43,27,0.0001835760298011
1,13,4,43,28,6.051685821924605e-05
1,13,4,43,29,3.0646143742643914e-07
1,13,4,43,30,1.5522386603316617e-06
1,13,4,43,31,1.020422804827108e-06
1,13,4,43,32,5.080957933775278e-09
1,13,4,43,33,1.121799199374707e-06
1,13,4,43,34,5.0463297018588746e-08
1,13,4,43,35,2.354409559511026e-06
1,13,4,43,36,1.9459649287023944e-06
1,13,4,43,37,3.753882651820855e-05
1,13,4,43,38,3.438865569737474e-06
1,13,4,43,39,0.0994744800944022
1,13,4,43,40,3.056282169952463e-05
1,13,4,43,41,0.0091150750624907
1,13,4,43,42,0.0006098010263924
1,13,4,43,43,0.0117601507024229
1,13,4,43,44,0.0001218838139932
1,13,4,43,45,0.0067904521476327
1,13,4,43,46,3.336606029276547e-05
1,13,4,43,47,0.0003491293605204
1,13,4,43,48,0.000136218421264
1,13,4,43,49,0.0013893279453183
1,13,4,43,50,0.0002769093806147
1,13,4,43,52,2.3669382667077208e-05
1,13,4,43,54,0.0206418221961518
1,13,4,43,55,3.098689046956491e-05
1,13,4,43,57,0.0010615298422369
1,13,4,43,59,0.0002141086190031
1,13,4,43,61,2.0988511514603394e-06
1,13,4,43,62,4.661097961490495e-05
1,13,4,43,63,0.1242604546401348
1,13,4,43,64,0.0004954360270203
1,13,4,43,65,1.5474417679040773e-05
1,13,4,43,67,3.2631893400622677e-06
1,13,4,43,68,1.3492375360615528e-06
1,13,4,43,69,0.000749470573968
1,13,4,43,71,6.855588585689725e-06
1,13,4,43,72,1.8320896161308573e-05
1,13,4,43,74,0.0003442840612785
1,13,4,43,76,0.0004302529113719
1,13,4,43,78,1.2191243709063622e-05
1,13,4,43,80,9.909900535037864e-05
1,13,4,43,82,0.0005225267080028
1,13,4,43,84,3.67389836448377e-07
1,13,4,43,85,0.0001076017860688
1,13,4,43,86,0.0001219973408767
1,13,4,43,87,0.0006064446674004
1,13,4,43,88,0.0009494119648663
1,13,4,43,89,0.0052135931272669
1,13,4,43,90,0.0001525982323959
1,13,4,43,91,0.0001478460913966
1,13,4,43,92,0.0010954631015423
1,13,4,43,93,0.000325658052231
1,13,4,43,94,2.6155341006636577e-05
1,13,4,43,96,0.0196963672806728
1,13,4,43,97,3.153343468404647e-08
1,13,4,43,99,3.607049812264557e-08
1,13,4,43,101,2.768699933039049e-07
1,13,4,43,102,1.2538099354929692e-05
1,13,4,43,106,5.7396154713804666e-08
1,13,4,43,108,2.9622679233935866e-08
1,13,4,43,109,8.89603035756326e-08
1,13,4,43,110,3.8099482022615995e-08
1,13,4,43,112,9.068973634689524e-10
1,13,4,43,113,0.0123769610607415
1,13,4,43,115,1.322091756478478e-08
1,13,4,43,116,2.711521641156757e-07
1,13,4,43,117,6.092048531156405e-08
1,13,4,43,118,4.6530284464201e-08
1,13,4,43,119,0.0633384773733342
1,13,4,43,120,2.195212957426661e-05
1,13,4,43,121,0.0003146208603914
1,13,4,43,122,1.1308157136679246e-05
1,13,4,43,123,4.505564295135335e-05
1,13,4,43,124,5.776684052276339e-06
1,13,4,43,125,1.0601735355654587e-05
1,13,4,43,126,1.9106977271139948e-05
1,13,4,43,127,3.060370100376111e-05
1,13,4,43,128,1.517766975412942e-05
1,13,4,43,129,1.9975103165234308e-05
1,13,4,43,130,2.2710954792691285e-05
1,13,4,43,131,1.3418237423832745e-05
1,13,4,43,132,2.416164505382854e-05
1,13,4,43,133,1.5041637098735256e-05
1,13,4,43,134,3.851986369605228e-05
1,13,4,43,135,4.299620845597996e-05
1,13,4,43,136,0.0004404312070236
1,13,4,43,137,0.000116170436484
1,13,4,43,138,0.0004702534360927
1,13,4,43,151,1.3739335481317086e-06
1,13,4,43,152,0.0004960821406888
1,13,4,43,159,2.5599118320142607e-05
1,13,4,43,160,0.0002197543767263
1,13,4,43,161,0.001025709495322
1,13,4,43,162,5.574206470559889e-05
1,13,4,44,1,1.2196070028635864e-07
1,13,4,44,2,7.594055617044301e-05
1,13,4,44,3,0.0003150673667831
1,13,4,44,4,0.0001579052642896
1,13,4,44,5,8.709670888015227e-05
1,13,4,44,6,2.702573163915956e-05
1,13,4,44,7,1.0847119850349812e-05
1,13,4,44,8,5.5761249623092335e-06
1,13,4,44,9,2.7004659615353455e-05
1,13,4,44,10,0.0004274767846753
1,13,4,44,11,0.0040322634739817
1,13,4,44,12,1.5987220974503948e-05
1,13,4,44,13,1.088849830085372e-05
1,13,4,44,14,1.187311737517819e-06
1,13,4,44,18,0.0001401693913356
1,13,4,44,19,0.000147706894482
1,13,4,44,20,7.684131956022026e-06
1,13,4,44,22,5.539522728625907e-11
1,13,4,44,24,1.1937962424917716e-08
1,13,4,44,25,6.759684920826753e-05
1,13,4,44,26,2.535659685805514e-05
1,13,4,44,27,2.5113224410054793e-05
1,13,4,44,29,0.0007658477688146
1,13,4,44,30,1.9429299250983825e-06
1,13,4,44,31,0.0004234457878213
1,13,4,44,32,1.5953111888152772e-06
1,13,4,44,33,3.766827016571736e-06
1,13,4,44,34,0.0017251640411927
1,13,4,44,35,0.0006634706876944
1,13,4,44,36,6.209980481835774e-05
1,13,4,44,37,0.0018046868785987
1,13,4,44,38,8.486408297982744e-05
1,13,4,44,39,0.0021391000938748
1,13,4,44,40,0.0001699629845774
1,13,4,44,41,1.275944882755993e-05
1,13,4,44,42,0.0017082436859137
1,13,4,44,43,0.0221057384366278
1,13,4,44,44,0.014586449375212
1,13,4,44,45,0.000946796577626
1,13,4,44,46,4.418122436864764e-05
1,13,4,44,47,0.0002871744615816
1,13,4,44,48,9.377275587529466e-05
1,13,4,44,49,0.0001805029037445
1,13,4,44,50,0.001181464485524
1,13,4,44,52,7.407530960349586e-05
1,13,4,44,54,0.0242256610152857
1,13,4,44,55,0.0011206338308312
1,13,4,44,56,0.0354992352313332
1,13,4,44,57,0.1565655024581059
1,13,4,44,58,6.991890580357788e-06
1,13,4,44,59,0.0001493162701416
1,13,4,44,60,2.1706541760507657e-06
1,13,4,44,61,2.3313161907691462e-05
1,13,4,44,62,2.3451548334304065e-05
1,13,4,44,63,0.6703742876964945
1,13,4,44,64,0.0014811697354586
1,13,4,44,65,0.0011483756252654
1,13,4,44,67,7.017043811383094e-05
1,13,4,44,68,1.0943824759014107e-05
1,13,4,44,69,0.0005257467482233
1,13,4,44,71,0.0023114428539554
1,13,4,44,72,0.0084230264972915
1,13,4,44,74,0.0002048973401097
1,13,4,44,76,0.0005997386383386
1,13,4,44,78,4.958011098985896e-05
1,13,4,44,80,1.959489194712571e-05
1,13,4,44,82,0.0117184561400539
1,13,4,44,84,4.140200881013693e-05
1,13,4,44,85,0.0014320156986696
1,13,4,44,86,0.0011805029200452
1,13,4,44,87,0.0003847877506033
1,13,4,44,88,0.0007020639200697
1,13,4,44,89,0.000236927569301
1,13,4,44,90,0.0002285275726688
1,13,4,44,91,0.0019456037156646
1,13,4,44,92,0.0001748646008423
1,13,4,44,93,0.0002020186114304
1,13,4,44,94,0.0001958270818911
1,13,4,44,96,0.8105598454655129
1,13,4,44,98,0.0119929340665801
1,13,4,44,99,8.791405293530863e-09
1,13,4,44,100,1.5338015834034677e-08
1,13,4,44,101,5.87090806098459e-09
1,13,4,44,102,2.210165694590489e-05
1,13,4,44,103,2.1993953755329916e-09
1,13,4,44,108,1.2675079205580532e-07
1,13,4,44,109,2.769509723355189e-07
1,13,4,44,110,5.7152564565778174e-08
1,13,4,44,111,1.0030405726129249e-08
1,13,4,44,112,1.094468043685755e-06
1,13,4,44,113,0.0011822479663044
1,13,4,44,115,3.548879012337057e-06
1,13,4,44,116,2.7549336589028054e-06
1,13,4,44,117,3.237050963313686e-06
1,13,4,44,118,2.661865350380801e-06
1,13,4,44,119,0.1260831789749208
1,13,4,44,120,3.737470598668569e-05
1,13,4,44,121,0.0001400257362934
1,13,4,44,122,1.748563129436116e-06
1,13,4,44,123,0.0021482897272752
1,13,4,44,124,2.4526771893503794e-06
1,13,4,44,125,6.227959149932773e-05
1,13,4,44,126,0.000449244771528
1,13,4,44,127,0.0037488235171851
1,13,4,44,128,0.000100134778693
1,13,4,44,129,5.804334960786497e-07
1,13,4,44,130,3.201878706073126e-06
1,13,4,44,131,0.0007680720492328
1,13,4,44,132,0.0003990560809276
1,13,4,44,133,0.0003920446551055
1,13,4,44,134,0.0001084565188708
1,13,4,44,135,0.0023763066435402
1,13,4,44,136,3.952681247393136e-05
1,13,4,44,137,0.0003155504757716
1,13,4,44,138,0.0051380395311547
1,13,4,44,151,3.140325194958556e-09
1,13,4,44,152,1.3786920330557278e-06
1,13,4,44,159,1.5971466912631547e-05
1,13,4,44,160,0.0001946432674448
1,13,4,44,161,4.1110547917094147e-05
1,13,4,44,162,0.003623788035441
1,13,4,45,1,0.0197327200282478
1,13,4,45,2,0.0108422944832699
1,13,4,45,3,0.0084522261422276
1,13,4,45,4,0.0081576044819793
1,13,4,45,5,0.0291264520246907
1,13,4,45,6,0.0030120574813593
1,13,4,45,7,0.0053325779074939
1,13,4,45,8,0.0016071858703784
1,13,4,45,9,0.0022078719282274
1,13,4,45,10,0.0407475507551496
1,13,4,45,11,0.0140273527908916
1,13,4,45,12,0.0094078943655581
1,13,4,45,13,8.930372234888914e-05
1,13,4,45,14,0.0208506096544987
1,13,4,45,18,0.0022342365190276
1,13,4,45,19,0.0112062735141584
1,13,4,45,20,0.0219535037348123
1,13,4,45,21,0.2469069733810291
1,13,4,45,22,0.0244178485895378
1,13,4,45,24,5.499648881691507e-05
1,13,4,45,25,0.0080208454671284
1,13,4,45,26,0.0035460249149283
1,13,4,45,27,0.0010068664106437
1,13,4,45,28,0.0084247390766
1,13,4,45,29,0.0004070851205106
1,13,4,45,30,0.0014371992906326
1,13,4,45,31,0.0107509109304184
1,13,4,45,32,0.0036201647162658
1,13,4,45,33,0.0062559638696947
1,13,4,45,34,0.016679771798763
1,13,4,45,35,0.0062996464925928
1,13,4,45,36,0.015233232588531
1,13,4,45,37,0.0010797747724966
1,13,4,45,38,0.0016186518692243
1,13,4,45,39,0.0857493449529381
1,13,4,45,40,0.0116484759234865
1,13,4,45,41,0.7800662029593567
1,13,4,45,42,0.0223849796473074
1,13,4,45,43,0.0345873241550519
1,13,4,45,44,0.0240623052623195
1,13,4,45,45,0.0614671348062853
1,13,4,45,46,0.0009546767342466
1,13,4,45,47,0.0191070103139913
1,13,4,45,48,0.0014770461365396
1,13,4,45,49,0.0037140004495337
1,13,4,45,50,0.0097268183804951
1,13,4,45,52,6.215819550495185e-05
1,13,4,45,53,0.0839587907803402
1,13,4,45,54,0.0043478753424241
1,13,4,45,55,0.012354297297268
1,13,4,45,56,0.1590976105508256
1,13,4,45,57,0.0122684199171676
1,13,4,45,58,0.0034378527877531
1,13,4,45,59,8.218083636361692e-08
1,13,4,45,61,0.0006443029435159
1,13,4,45,62,0.0068930559213263
1,13,4,45,63,0.501368083743406
1,13,4,45,64,0.0375225493923011
1,13,4,45,65,0.0090362010661337
1,13,4,45,67,0.0171301368803969
1,13,4,45,68,0.0017718061890939
1,13,4,45,69,0.0124378103658719
1,13,4,45,71,0.018139843589642
1,13,4,45,72,0.0231409451348321
1,13,4,45,74,0.0025923362562298
1,13,4,45,76,0.0052114233908374
1,13,4,45,78,0.0024943599889115
1,13,4,45,80,0.0026743354913567
1,13,4,45,82,0.0175520440434804
1,13,4,45,84,0.0051847963659425
1,13,4,45,85,0.0147545764769882
1,13,4,45,86,0.005672248903093
1,13,4,45,87,0.0029746067725643
1,13,4,45,88,0.012337355729416
1,13,4,45,89,0.0067084570713841
1,13,4,45,90,0.0087000784685089
1,13,4,45,91,0.0043723029421552
1,13,4,45,92,0.0057233567641261
1,13,4,45,93,0.0008196724028726
1,13,4,45,94,0.0064630185646192
1,13,4,45,96,0.314887554078599
1,13,4,45,97,0.001437900997519
1,13,4,45,98,0.0060641233513713
1,13,4,45,99,0.0011091481409402
1,13,4,45,100,0.0001140810874093
1,13,4,45,101,0.0007524040795791
1,13,4,45,102,0.0021620698966126
1,13,4,45,103,0.0001303292635115
1,13,4,45,106,0.0002661530339385
1,13,4,45,107,7.581190267760016e-05
1,13,4,45,108,0.0011714802099477
1,13,4,45,109,0.0092472010746857
1,13,4,45,110,0.0081608705599499
1,13,4,45,111,0.1483013129693916
1,13,4,45,112,0.0021968251412134
1,13,4,45,113,0.021638964466979
1,13,4,45,115,0.0142881163963998
1,13,4,45,116,0.0026570169554889
1,13,4,45,117,0.0250042797471343
1,13,4,45,118,0.0180618680695764
1,13,4,45,119,3.265005711606355
1,13,4,45,120,0.0306547006648172
1,13,4,45,121,0.0183661794317215
1,13,4,45,122,0.0012086066826306
1,13,4,45,123,0.1022472803647327
1,13,4,45,124,0.0019606429893103
1,13,4,45,125,0.0393840631462571
1,13,4,45,126,0.0263234393771089
1,13,4,45,127,0.0050994298790543
1,13,4,45,128,0.0015883496925332
1,13,4,45,129,0.0005027820911903
1,13,4,45,130,0.0013803799850778
1,13,4,45,131,0.0360580366601799
1,13,4,45,132,0.0215436473452294
1,13,4,45,133,0.002429741522968
1,13,4,45,134,0.0303437251926646
1,13,4,45,135,0.0673812997903921
1,13,4,45,136,0.0124149113683572
1,13,4,45,137,0.0093086542225268
1,13,4,45,138,0.0059837843228503
1,13,4,45,139,0.026858964755455
1,13,4,45,140,0.0212769905033211
1,13,4,45,141,0.0178652945694948
1,13,4,45,142,0.0371662642046955
1,13,4,45,143,0.0053284401992815
1,13,4,45,144,0.0027448848929613
1,13,4,45,145,0.0088648180546468
1,13,4,45,146,0.0003765247228478
1,13,4,45,147,0.000638284644545
1,13,4,45,148,0.0058083423498091
1,13,4,45,149,0.010120378296242
1,13,4,45,150,0.0004753593111336
1,13,4,45,151,6.953484539708827e-05
1,13,4,45,152,0.0063306953911948
1,13,4,45,153,0.0006525958079548
1,13,4,45,154,0.000634323579117
1,13,4,45,155,0.0003502979652536
1,13,4,45,156,0.0007117608880814
1,13,4,45,157,0.0002154957340098
1,13,4,45,158,0.0002580885570877
1,13,4,45,159,0.0046325607769279
1,13,4,45,160,0.0251318056295057
1,13,4,45,161,0.0322625969983187
1,13,4,45,162,0.0060705431381333
1,13,4,46,1,0.0001009946250168
1,13,4,46,2,0.0002445010806215
1,13,4,46,3,0.0129355292821276
1,13,4,46,4,0.0007473473395065
1,13,4,46,5,0.0025821187099812
1,13,4,46,6,0.0001389084012708
1,13,4,46,7,5.324582436842697e-05
1,13,4,46,8,0.000295502417976
1,13,4,46,9,0.0003104197345444
1,13,4,46,10,0.0019162927901576
1,13,4,46,11,0.0020530659358108
1,13,4,46,12,5.001124804538558e-05
1,13,4,46,13,4.6554534180234783e-05
1,13,4,46,14,0.0001015941929233
1,13,4,46,18,0.0001430402132818
1,13,4,46,19,0.0015268645515201
1,13,4,46,20,0.0026071799972437
1,13,4,46,21,0.0017896450378094
1,13,4,46,22,0.0010113860009074
1,13,4,46,25,0.0024662340978199
1,13,4,46,26,0.0010227878579761
1,13,4,46,27,5.962466464493031e-05
1,13,4,46,28,0.0001239798213074
1,13,4,46,29,1.7970346260393807e-05
1,13,4,46,30,0.0001030642333552
1,13,4,46,31,0.0011711811456201
1,13,4,46,32,8.646520024042147e-05
1,13,4,46,33,0.001529118343797
1,13,4,46,34,0.0001383752425959
1,13,4,46,35,0.0117227583441601
1,13,4,46,36,0.0026566959268021
1,13,4,46,37,0.0033740302338684
1,13,4,46,38,0.0006945760000343
1,13,4,46,39,0.0529360110445242
1,13,4,46,40,0.0011452600670757
1,13,4,46,41,0.0997524838608133
1,13,4,46,42,0.2301021486538246
1,13,4,46,43,0.025034310791777
1,13,4,46,44,0.0068471193721659
1,13,4,46,45,0.0097900398973863
1,13,4,46,46,0.0014833914570814
1,13,4,46,47,0.0024219885308434
1,13,4,46,48,0.0008730013619897
1,13,4,46,49,0.0017315177100384
1,13,4,46,50,0.0192302973567752
1,13,4,46,52,7.03650270697582e-05
1,13,4,46,53,0.005765638497361
1,13,4,46,54,0.009459653623695
1,13,4,46,55,0.0015648834280954
1,13,4,46,56,5.1563773216890506e-05
1,13,4,46,57,0.0095808930811086
1,13,4,46,58,3.0706005680327893e-06
1,13,4,46,59,0.0009859894377268
1,13,4,46,61,4.137558302394972e-07
1,13,4,46,62,0.0008370252289421
1,13,4,46,63,0.3230310344705766
1,13,4,46,64,0.0114578464511122
1,13,4,46,65,0.0005078503408195
1,13,4,46,67,0.0001387808730271
1,13,4,46,68,4.368853103355335e-05
1,13,4,46,69,0.0005776414530198
1,13,4,46,71,0.0007869924843368
1,13,4,46,72,0.0069948083596946
1,13,4,46,74,0.0008040154967665
1,13,4,46,76,0.0001409893466311
1,13,4,46,78,3.710539411407456e-05
1,13,4,46,80,9.228475835358502e-05
1,13,4,46,82,5.2212402277016366e-05
1,13,4,46,84,2.2873724978124015e-05
1,13,4,46,85,0.0016806648879365
1,13,4,46,86,0.0007812240775621
1,13,4,46,87,0.0004357753826634
1,13,4,46,88,0.0005118502030895
1,13,4,46,89,0.0006923573269499
1,13,4,46,90,0.0011221708551074
1,13,4,46,91,0.0024792090783663
1,13,4,46,92,0.0010712384868403
1,13,4,46,93,0.0006112794573881
1,13,4,46,94,2.7100068473385217e-05
1,13,4,46,96,0.0097930586928274
1,13,4,46,97,0.0002500098631949
1,13,4,46,98,0.0011575861281339
1,13,4,46,99,9.73339437759356e-05
1,13,4,46,100,8.899013626550679e-06
1,13,4,46,101,0.000161338166256
1,13,4,46,102,0.000928950390432
1,13,4,46,103,5.932754219818704e-12
1,13,4,46,106,4.30917525264743e-05
1,13,4,46,108,0.0001118727481174
1,13,4,46,109,0.0008422473013506
1,13,4,46,110,0.0002471101328196
1,13,4,46,111,1.4227247132525693e-05
1,13,4,46,112,0.0001666414314591
1,13,4,46,113,0.0081533465912529
1,13,4,46,115,0.0002500702051534
1,13,4,46,116,1.992309409430146e-05
1,13,4,46,117,0.0005946866958179
1,13,4,46,118,0.0005915327311077
1,13,4,46,119,0.0954159677499227
1,13,4,46,120,0.000252246126539
1,13,4,46,121,0.0023455194609053
1,13,4,46,122,6.592332209303151e-05
1,13,4,46,123,0.0026006145685387
1,13,4,46,124,4.750048024706656e-05
1,13,4,46,125,0.0001685458260963
1,13,4,46,126,0.0017307783574722
1,13,4,46,127,0.0008682954224875
1,13,4,46,128,0.0002659907418846
1,13,4,46,129,0.000133185287904
1,13,4,46,130,0.0001023225015017
1,13,4,46,131,0.0047163888221622
1,13,4,46,132,0.000299809371076
1,13,4,46,133,0.0003321177896426
1,13,4,46,134,0.0006448591492476
1,13,4,46,135,0.0085840770736914
1,13,4,46,136,0.0011115180634795
1,13,4,46,137,0.0004479229895868
1,13,4,46,138,0.0007163929083425
1,13,4,46,139,0.0002211895579998
1,13,4,46,140,0.0001803776517963
1,13,4,46,141,9.477357407949768e-05
1,13,4,46,142,0.0033527804778941
1,13,4,46,143,8.808642681346639e-06
1,13,4,46,144,4.35369179229096e-06
1,13,4,46,145,3.7080275131937385e-05
1,13,4,46,146,2.499306223632325e-07
1,13,4,46,147,1.63483163020409e-07
1,13,4,46,148,1.166837189358317e-06
1,13,4,46,149,2.6406023976283388e-08
1,13,4,46,150,4.917239153701344e-08
1,13,4,46,151,9.542025391570821e-09
1,13,4,46,152,1.4404825858562131e-06
1,13,4,46,153,9.887760351531836e-05
1,13,4,46,154,8.237101133327088e-05
1,13,4,46,155,7.437756753154453e-05
1,13,4,46,156,0.0001017979880476
1,13,4,46,157,5.847849783264611e-05
1,13,4,46,158,5.677725124153727e-05
1,13,4,46,159,0.0002041225534683
1,13,4,46,160,0.0009867423729784
1,13,4,46,161,0.0005097922973347
1,13,4,46,162,0.0082516711191783
1,13,4,47,1,0.0001195707775597
1,13,4,47,2,0.0090540368795521
1,13,4,47,3,0.0086230214166971
1,13,4,47,4,0.0037276235614925
1,13,4,47,5,0.0070538830044076
1,13,4,47,6,0.0004703066692397
1,13,4,47,7,5.500395906222026e-05
1,13,4,47,8,0.0004338558367176
1,13,4,47,9,0.0045689041845114
1,13,4,47,10,0.0163097882474508
1,13,4,47,11,0.0102095753589727
1,13,4,47,12,0.0032997302172218
1,13,4,47,13,0.000217326684196
1,13,4,47,14,0.0128635011877893
1,13,4,47,18,0.0005096299864052
1,13,4,47,19,0.0011391877560901
1,13,4,47,20,0.0141423488362247
1,13,4,47,21,0.003464475681541
1,13,4,47,22,0.0045871218375617
1,13,4,47,24,0.0005222772479285
1,13,4,47,25,0.0073545854073131
1,13,4,47,26,8.607144410089814e-05
1,13,4,47,27,0.0004679450554369
1,13,4,47,28,0.001069200757641
1,13,4,47,29,0.0002176357847306
1,13,4,47,30,0.0031407636930512
1,13,4,47,31,0.0017359703121155
1,13,4,47,32,0.0001385138349926
1,13,4,47,33,0.0014391257335016
1,13,4,47,34,0.0012420392480108
1,13,4,47,35,0.0008043189818962
1,13,4,47,36,0.0083404507773147
1,13,4,47,37,0.0544036400330282
1,13,4,47,38,0.0017064785048702
1,13,4,47,39,0.0120529581596483
1,13,4,47,40,0.0716182343535166
1,13,4,47,41,0.0046171577937176
1,13,4,47,42,0.021385678274419
1,13,4,47,43,0.3764539595096683
1,13,4,47,44,0.0498627357216243
1,13,4,47,45,0.0033286408915244
1,13,4,47,46,0.0002345142666457
1,13,4,47,47,0.0062947628327711
1,13,4,47,48,0.0003453867213376
1,13,4,47,49,8.281570842797291e-05
1,13,4,47,50,0.0092323943069238
1,13,4,47,52,0.0030210250240158
1,13,4,47,53,0.0005849450810141
1,13,4,47,54,0.0011395813636859
1,13,4,47,55,0.0018238480559176
1,13,4,47,56,0.6410280430005793
1,13,4,47,57,1.412284475654484
1,13,4,47,58,0.0001359957707624
1,13,4,47,59,0.0027896942876401
1,13,4,47,61,0.0003153081799373
1,13,4,47,62,0.0018241570679704
1,13,4,47,63,3.899725937168129
1,13,4,47,64,0.0368672291151003
1,13,4,47,65,0.0006253363385538
1,13,4,47,67,0.0006282571826884
1,13,4,47,68,0.0004164803456459
1,13,4,47,69,0.0018020639175335
1,13,4,47,71,0.001960599457122
1,13,4,47,72,0.0944700306405065
1,13,4,47,74,0.0010080005404832
1,13,4,47,76,0.0048823729217428
1,13,4,47,78,0.0010761431972695
1,13,4,47,80,0.0015805476699491
1,13,4,47,82,0.0022860011180251
1,13,4,47,84,0.0017005664811193
1,13,4,47,85,0.0185721822978132
1,13,4,47,86,0.0091359243911992
1,13,4,47,87,0.0045306374459973
1,13,4,47,88,0.0087996268693084
1,13,4,47,89,0.0027783323144156
1,13,4,47,90,0.0054635542924831
1,13,4,47,91,0.0055610381432845
1,13,4,47,92,0.0061298581334464
1,13,4,47,93,0.0024544992052102
1,13,4,47,94,0.0007365165518759
1,13,4,47,96,0.5239020054949616
1,13,4,47,97,0.0002356709323732
1,13,4,47,98,0.1490286181926243
1,13,4,47,99,0.0002272301358818
1,13,4,47,100,6.698201492735524e-05
1,13,4,47,101,7.2072757923897e-05
1,13,4,47,102,1.176851543846323e-05
1,13,4,47,106,4.776487717969432e-05
1,13,4,47,108,0.0002380625484895
1,13,4,47,109,0.0003754700502921
1,13,4,47,110,0.0005819485454199
1,13,4,47,111,0.4836880806064854
1,13,4,47,112,0.0004421172518423
1,13,4,47,113,0.0127926547162795
1,13,4,47,115,0.0014283896644861
1,13,4,47,116,0.000261668911161
1,13,4,47,117,0.0044455036761091
1,13,4,47,118,0.0014754579238757
1,13,4,47,119,0.5046533030981215
1,13,4,47,120,0.0062256263963318
1,13,4,47,121,0.0045256147736246
1,13,4,47,122,0.0005659504981316
1,13,4,47,123,0.0042591797390257
1,13,4,47,124,0.0001938787501688
1,13,4,47,125,0.0013891894130876
1,13,4,47,126,0.0068657543115756
1,13,4,47,127,0.0006079662026271
1,13,4,47,128,0.0003984458460186
1,13,4,47,129,0.0003953860315317
1,13,4,47,130,0.0002183936452258
1,13,4,47,131,0.0037088467083351
1,13,4,47,132,0.0009604282601982
1,13,4,47,133,0.0009547283746233
1,13,4,47,134,0.0019011583333932
1,13,4,47,135,0.0052079342257049
1,13,4,47,136,0.0101253139492903
1,13,4,47,137,0.0107634153146332
1,13,4,47,138,0.0063098437247669
1,13,4,47,139,0.0019266325186015
1,13,4,47,140,0.0014378292311858
1,13,4,47,141,0.0003631981357489
1,13,4,47,142,0.0002537408584417
1,13,4,47,143,8.726236190858908e-05
1,13,4,47,144,5.944854510903007e-05
1,13,4,47,145,0.0006776334176167
1,13,4,47,146,2.935859171879405e-05
1,13,4,47,147,5.422916512225202e-07
1,13,4,47,148,1.9367025244099636e-05
1,13,4,47,149,8.896505936347097e-05
1,13,4,47,150,9.509554361675652e-07
1,13,4,47,151,5.122465707957724e-07
1,13,4,47,152,7.676962742972857e-05
1,13,4,47,156,7.353051074603856e-05
1,13,4,47,159,0.0002690701158841
1,13,4,47,160,0.0011322388433176
1,13,4,47,161,0.0005577766023907
1,13,4,47,162,9.604166550430772e-05
1,13,4,48,1,0.000208606644063
1,13,4,48,2,0.0002100261198784
1,13,4,48,3,0.0011622780864801
1,13,4,48,4,0.0033661712511188
1,13,4,48,5,0.0019192350862164
1,13,4,48,6,9.412721542951464e-05
1,13,4,48,7,8.918351526322041e-05
1,13,4,48,8,0.0004460753247361
1,13,4,48,9,0.000893901950829
1,13,4,48,10,0.0003736638772909
1,13,4,48,11,0.000938643133429
1,13,4,48,12,0.0004582617223375
1,13,4,48,13,2.2417159333551177e-05
1,13,4,48,14,0.0007295015624444
1,13,4,48,18,0.0008975944638563
1,13,4,48,19,0.002088147747681
1,13,4,48,20,0.0028962837492348
1,13,4,48,21,0.0583613781932887
1,13,4,48,22,0.0003904131135983
1,13,4,48,24,5.2310499025242114e-05
1,13,4,48,25,0.0142442052018988
1,13,4,48,26,0.0008345682283983
1,13,4,48,27,0.0002164383988659
1,13,4,48,28,0.0004185059181874
1,13,4,48,29,0.0006383422578649
1,13,4,48,30,0.005503758695709
1,13,4,48,31,0.0120508453377301
1,13,4,48,32,0.015364303964339
1,13,4,48,33,0.0024277739322528
1,13,4,48,34,0.0060759234712786
1,13,4,48,35,0.0037088055737945
1,13,4,48,36,0.0151146255581334
1,13,4,48,37,0.0154254129570566
1,13,4,48,38,0.0027091397302146
1,13,4,48,39,0.0394526497191075
1,13,4,48,40,0.0303938095534891
1,13,4,48,41,0.1519159725824311
1,13,4,48,42,0.0500285213744354
1,13,4,48,43,0.0873348700775901
1,13,4,48,44,0.0060819535080208
1,13,4,48,45,0.0133619391315944
1,13,4,48,46,0.0053421337976269
1,13,4,48,47,0.0357230690473398
1,13,4,48,48,0.006492891227448
1,13,4,48,49,0.0131407064291707
1,13,4,48,50,0.0022027053823218
1,13,4,48,52,1.0566439198617373e-07
1,13,4,48,53,0.0001309284972242
1,13,4,48,54,0.000164411815598
1,13,4,48,55,0.0396749692763807
1,13,4,48,56,0.0019833758217829
1,13,4,48,57,0.9024950197312306
1,13,4,48,59,0.0548464427677968
1,13,4,48,61,1.975082862508934e-05
1,13,4,48,62,0.0055242562696054
1,13,4,48,63,0.0250159515761857
1,13,4,48,64,0.0843439163766378
1,13,4,48,65,0.0127813159698568
1,13,4,48,67,0.0094559278930006
1,13,4,48,68,0.0036510840711113
1,13,4,48,69,0.0091876819571205
1,13,4,48,71,0.0113929307744699
1,13,4,48,72,0.0002858043962589
1,13,4,48,74,5.146987322646267e-05
1,13,4,48,76,0.0002481250780372
1,13,4,48,78,0.000636325958682
1,13,4,48,80,7.070529714986744e-05
1,13,4,48,82,0.0054560409199125
1,13,4,48,84,0.0044226733742038
1,13,4,48,85,0.0389295948389888
1,13,4,48,86,0.0194671943603815
1,13,4,48,87,0.014123124473371
1,13,4,48,88,0.0409453457735027
1,13,4,48,89,0.0273827170065067
1,13,4,48,90,0.0265225725890727
1,13,4,48,91,0.0227756137684908
1,13,4,48,92,0.0368717539006747
1,13,4,48,93,0.0001115760771229
1,13,4,48,94,0.0014683927337561
1,13,4,48,97,0.0134539840962285
1,13,4,48,99,0.0169917217992618
1,13,4,48,100,1.2971186010211637e-05
1,13,4,48,101,0.003046480467299
1,13,4,48,102,0.000115094577196
1,13,4,48,103,2.0783010090608157e-07
1,13,4,48,106,3.7248829208862354e-05
1,13,4,48,108,0.0117121221801866
1,13,4,48,109,0.0223302002179654
1,13,4,48,110,0.0040520058232686
1,13,4,48,111,0.0005049604668614
1,13,4,48,112,0.0037387212470913
1,13,4,48,113,0.1946345272413951
1,13,4,48,115,0.0189131099733133
1,13,4,48,116,0.0075131976302202
1,13,4,48,117,0.1374772522108321
1,13,4,48,118,0.0689428540846611
1,13,4,48,119,6.164822534161908
1,13,4,48,120,0.1319290578004659
1,13,4,48,121,0.2001434637331447
1,13,4,48,122,0.0582104515885907
1,13,4,48,123,0.7820112374621969
1,13,4,48,124,0.0263562097421987
1,13,4,48,125,0.0252039542076945
1,13,4,48,126,0.5724441374663296
1,13,4,48,127,0.0530544007904628
1,13,4,48,128,0.0122456576754865
1,13,4,48,129,0.0109026403191048
1,13,4,48,130,0.0238733054804416
1,13,4,48,131,0.2489252082280663
1,13,4,48,132,0.0155099223511439
1,13,4,48,133,0.0178499403754622
1,13,4,48,134,0.0526636015886227
1,13,4,48,135,0.106861621993402
1,13,4,48,136,0.0355444704317301
1,13,4,48,137,0.0072887170120795
1,13,4,48,138,0.0033546220745436
1,13,4,48,139,0.0066538497870383
1,13,4,48,140,0.0036211175964351
1,13,4,48,141,0.000391903589217
1,13,4,48,142,0.0435313434894623
1,13,4,48,143,0.000157746062538
1,13,4,48,144,8.25280705901621e-05
1,13,4,48,145,0.0016484658134912
1,13,4,48,146,1.0223215016189009e-05
1,13,4,48,147,4.2504698159839455e-05
1,13,4,48,148,3.7923235678708126e-05
1,13,4,48,149,1.5604331284444642e-05
1,13,4,48,150,1.3243183846346072e-05
1,13,4,48,151,1.0225507179579407e-05
1,13,4,48,152,0.0031297421165291
1,13,4,48,153,0.0001698772473
1,13,4,48,154,0.0004876562523711
1,13,4,48,155,2.887537945623213e-06
1,13,4,48,156,0.0043023070681564
1,13,4,48,157,7.814603988767402e-06
1,13,4,48,158,9.084725573867108e-06
1,13,4,48,159,0.0073527401890305
1,13,4,48,160,0.0299658419374171
1,13,4,48,161,0.0046923372137827
1,13,4,48,162,0.0205146249319107
1,13,4,49,1,0.0002656579944055
1,13,4,49,2,0.0009258281764513
1,13,4,49,3,0.0029433980974339
1,13,4,49,4,0.0005901013269924
1,13,4,49,5,6.516476829803239e-05
1,13,4,49,6,6.443923326576475e-05
1,13,4,49,7,9.158357630440582e-05
1,13,4,49,8,0.0001726487914306
1,13,4,49,9,0.013965936877553
1,13,4,49,10,0.0001333404673022
1,13,4,49,11,0.0213989025585413
1,13,4,49,12,0.0038484614504712
1,13,4,49,13,3.2025751055725735e-05
1,13,4,49,14,0.0165208305977084
1,13,4,49,18,3.525280175742912e-05
1,13,4,49,19,0.0003479602388986
1,13,4,49,20,0.0006002419132312
1,13,4,49,21,0.0056898251064456
1,13,4,49,22,0.0028658583666451
1,13,4,49,25,0.0016498143095531
1,13,4,49,26,0.0004703183408237
1,13,4,49,28,0.0001666136653574
1,13,4,49,29,0.0009187524941882
1,13,4,49,30,0.000233275680645
1,13,4,49,31,0.0007483869530296
1,13,4,49,32,0.0003310109945122
1,13,4,49,33,0.0116990705098205
1,13,4,49,34,0.0001245314363334
1,13,4,49,35,0.0016446278006726
1,13,4,49,36,0.0001919210624601
1,13,4,49,37,0.0017490834593618
1,13,4,49,38,0.0006725628412545
1,13,4,49,39,0.0125229180288303
1,13,4,49,40,0.0095172623955289
1,13,4,49,41,0.0367067146381174
1,13,4,49,42,0.0050800701783557
1,13,4,49,43,0.0417811205789773
1,13,4,49,44,0.002189787679241
1,13,4,49,45,0.002708688806728
1,13,4,49,46,0.0006098399507488
1,13,4,49,47,0.0030925594885866
1,13,4,49,48,0.0009626361706102
1,13,4,49,49,0.0015015036182414
1,13,4,49,50,0.0003938502402589
1,13,4,49,52,9.718031413505192e-05
1,13,4,49,53,0.0024923272999547
1,13,4,49,54,0.0004232296692565
1,13,4,49,55,0.0010160455872426
1,13,4,49,56,0.0061284135711916
1,13,4,49,57,0.0003292885712789
1,13,4,49,59,6.447103216995505e-08
1,13,4,49,61,4.539246682929624e-05
1,13,4,49,62,0.0006985161769688
1,13,4,49,63,0.3660658977713414
1,13,4,49,64,0.0179175935595522
1,13,4,49,65,0.0007998294274197
1,13,4,49,67,0.0001978566084713
1,13,4,49,68,0.0001206505804819
1,13,4,49,69,0.0004847898279532
1,13,4,49,71,0.0006526084165066
1,13,4,49,72,0.0111897606034218
1,13,4,49,74,0.0001089117317933
1,13,4,49,76,0.0004073769773744
1,13,4,49,78,9.100360270467716e-05
1,13,4,49,80,0.0001544077907056
1,13,4,49,82,0.0007015463758645
1,13,4,49,84,0.0001759104075558
1,13,4,49,85,0.0039192994240643
1,13,4,49,86,0.0044152403695333
1,13,4,49,87,0.0018414983274167
1,13,4,49,88,0.0047317527349665
1,13,4,49,89,0.0030748821627044
1,13,4,49,90,0.0034046989429894
1,13,4,49,91,0.0015932157958443
1,13,4,49,92,0.0041935122641937
1,13,4,49,93,0.0001053596930294
1,13,4,49,94,0.0001491057965146
1,13,4,49,97,0.0001105842638478
1,13,4,49,98,1.9617568131360334e-06
1,13,4,49,99,6.314573907689852e-05
1,13,4,49,100,3.656333104045698e-05
1,13,4,49,101,0.0001955163155599
1,13,4,49,103,5.4905638955507546e-08
1,13,4,49,108,8.710785661634153e-05
1,13,4,49,109,0.000178941843348
1,13,4,49,110,4.367712466847213e-05
1,13,4,49,111,2.607724381955414e-05
1,13,4,49,112,0.000293048433733
1,13,4,49,113,0.0057289344029582
1,13,4,49,115,0.0019254877387652
1,13,4,49,116,2.7170670082202503e-05
1,13,4,49,117,0.0010405845973286
1,13,4,49,118,0.0012577783434853
1,13,4,49,119,0.4941632642731382
1,13,4,49,120,0.0004833746645885
1,13,4,49,121,0.0031985659184628
1,13,4,49,122,0.0003275989872901
1,13,4,49,123,0.0479795449524545
1,13,4,49,124,2.5916134313590232e-05
1,13,4,49,125,0.0009523205239423
1,13,4,49,126,0.0057552495632858
1,13,4,49,127,0.0011591606469029
1,13,4,49,128,0.0004556891414401
1,13,4,49,129,0.0001739852577441
1,13,4,49,130,0.0002333434485209
1,13,4,49,131,0.0017174253577905
1,13,4,49,132,0.0005247368671219
1,13,4,49,133,0.000538209068401
1,13,4,49,134,0.0056443763694589
1,13,4,49,135,0.0036918670473062
1,13,4,49,136,0.0058539913723351
1,13,4,49,137,0.001328195578369
1,13,4,49,138,0.0018446465142847
1,13,4,49,139,0.0005543653509193
1,13,4,49,140,0.0003966944368853
1,13,4,49,141,6.830720844205166e-05
1,13,4,49,142,0.0053182419227834
1,13,4,49,143,1.188250402395666e-05
1,13,4,49,144,1.8459697139416586e-05
1,13,4,49,145,0.0001977064670579
1,13,4,49,146,3.004486094090849e-07
1,13,4,49,147,2.066944704881939e-07
1,13,4,49,148,7.714562126006242e-06
1,13,4,49,149,1.93305223613859e-05
1,13,4,49,150,7.28692985087229e-08
1,13,4,49,151,2.058750312895368e-07
1,13,4,49,152,2.8103780285145455e-05
1,13,4,49,153,0.0001681155059805
1,13,4,49,154,0.0001168848896247
1,13,4,49,155,4.633775580715193e-05
1,13,4,49,156,0.0001250427401549
1,13,4,49,157,4.698043573188813e-06
1,13,4,49,158,3.0105073576374115e-06
1,13,4,49,159,1.912039026383601e-05
1,13,4,49,160,0.0001754447467633
1,13,4,49,161,7.049978377150006e-05
1,13,4,49,162,0.0010486212803077
