producing_country_iso3,producing_country_name,producing_world_region,producing_sector_group,indicator,unit,value,analysis_year,model
DNK,Denmark,Denmark,Transport,climate_change,kt CO2eq,1593.0071928925972,2019,EXIOBASE v3.8.2 IOT_2016_ixi
DNK,Denmark,Denmark,Minerals and Metals,material_extraction,kt,1443.5940153112556,2019,EXIOBASE v3.8.2 IOT_2016_ixi
RoW Africa,RoW Africa,Africa,Food and catering,land_use,km2,535.0697002977828,2019,EXIOBASE v3.8.2 IOT_2016_ixi
RoW Asia and Pacific,RoW Asia and Pacific,Asia and Pacific,Food and catering,land_use,km2,462.85033270359304,2019,EXIOBASE v3.8.2 IOT_2016_ixi
DNK,Denmark,Denmark,Private travel,climate_change,kt CO2eq,357.7208129778782,2019,EXIOBASE v3.8.2 IOT_2016_ixi
DNK,Denmark,Denmark,Food and catering,land_use,km2,325.34189628573415,2019,EXIOBASE v3.8.2 IOT_2016_ixi
RoW Asia and Pacific,RoW Asia and Pacific,Asia and Pacific,Transport,climate_change,kt CO2eq,314.5742968719657,2019,EXIOBASE v3.8.2 IOT_2016_ixi
GLO,Unallocated,Unallocated,Private travel,climate_change,kt CO2eq,245.5214056733666,2019,EXIOBASE v3.8.2 IOT_2016_ixi
AUS,Australia,Asia and Pacific,Food and catering,land_use,km2,237.42879708466037,2019,EXIOBASE v3.8.2 IOT_2016_ixi
DNK,Denmark,Denmark,Waste management and disposal,climate_change,kt CO2eq,226.17906964471257,2019,EXIOBASE v3.8.2 IOT_2016_ixi
DEU,Germany,Europe,Transport,climate_change,kt CO2eq,211.03453006544066,2019,EXIOBASE v3.8.2 IOT_2016_ixi
DNK,Denmark,Denmark,Services,climate_change,kt CO2eq,187.82653123253056,2019,EXIOBASE v3.8.2 IOT_2016_ixi
RoW America,RoW America,America,Food and catering,land_use,km2,173.99097851136543,2019,EXIOBASE v3.8.2 IOT_2016_ixi
CHN,China,Asia and Pacific,Food and catering,land_use,km2,169.18893056820545,2019,EXIOBASE v3.8.2 IOT_2016_ixi
DNK,Denmark,Denmark,Operational impact,climate_change,kt CO2eq,163.5946084095433,2019,EXIOBASE v3.8.2 IOT_2016_ixi
DNK,Denmark,Denmark,"Steam, hot water supply and water distribution",climate_change,kt CO2eq,145.71244481386756,2019,EXIOBASE v3.8.2 IOT_2016_ixi
RUS,Russia,Europe,Food and catering,land_use,km2,134.68990740222492,2019,EXIOBASE v3.8.2 IOT_2016_ixi
DNK,Denmark,Denmark,Food and catering,climate_change,kt CO2eq,126.62613199146531,2019,EXIOBASE v3.8.2 IOT_2016_ixi
RoW Asia and Pacific,RoW Asia and Pacific,Asia and Pacific,Minerals and Metals,material_extraction,kt,124.14197407436438,2019,EXIOBASE v3.8.2 IOT_2016_ixi
NOR,Norway,Europe,Food and catering,land_use,km2,115.33453976253797,2019,EXIOBASE v3.8.2 IOT_2016_ixi
RoW Europe,RoW Europe,Europe,Food and catering,land_use,km2,107.69338482765615,2019,EXIOBASE v3.8.2 IOT_2016_ixi
SWE,Sweden,Europe,Food and catering,land_use,km2,105.61778772392348,2019,EXIOBASE v3.8.2 IOT_2016_ixi
DNK,Denmark,Denmark,Non-metallic mineral products,material_extraction,kt,101.68519570634693,2019,EXIOBASE v3.8.2 IOT_2016_ixi
RoW Middle East,RoW Middle East,Middle East,Transport,climate_change,kt CO2eq,100.05699832573066,2019,EXIOBASE v3.8.2 IOT_2016_ixi
JPN,Japan,Asia and Pacific,Transport,climate_change,kt CO2eq,94.92795983109164,2019,EXIOBASE v3.8.2 IOT_2016_ixi
USA,United States,America,Food and catering,land_use,km2,93.04666503923909,2019,EXIOBASE v3.8.2 IOT_2016_ixi
DNK,Denmark,Denmark,Chemical,climate_change,kt CO2eq,92.70804750041913,2019,EXIOBASE v3.8.2 IOT_2016_ixi
RoW Middle East,RoW Middle East,Middle East,Minerals and Metals,material_extraction,kt,92.67146803176301,2019,EXIOBASE v3.8.2 IOT_2016_ixi
CHN,China,Asia and Pacific,Minerals and Metals,material_extraction,kt,91.33809954465521,2019,EXIOBASE v3.8.2 IOT_2016_ixi
CHN,China,Asia and Pacific,Transport,climate_change,kt CO2eq,84.42368166452624,2019,EXIOBASE v3.8.2 IOT_2016_ixi
RoW Middle East,RoW Middle East,Middle East,Food and catering,land_use,km2,78.44597476858107,2019,EXIOBASE v3.8.2 IOT_2016_ixi
IND,India,Asia and Pacific,Minerals and Metals,material_extraction,kt,76.3015139003836,2019,EXIOBASE v3.8.2 IOT_2016_ixi
CAN,Canada,America,Food and catering,land_use,km2,75.40061392571486,2019,EXIOBASE v3.8.2 IOT_2016_ixi
RUS,Russia,Europe,Coal and Petroleum,climate_change,kt CO2eq,75.09675080698601,2019,EXIOBASE v3.8.2 IOT_2016_ixi
BRA,Brazil,America,Food and catering,land_use,km2,71.29281614911179,2019,EXIOBASE v3.8.2 IOT_2016_ixi
GBR,United Kingdom,Europe,Transport,climate_change,kt CO2eq,59.831886486667756,2019,EXIOBASE v3.8.2 IOT_2016_ixi
IND,India,Asia and Pacific,Food and catering,land_use,km2,58.08255758054411,2019,EXIOBASE v3.8.2 IOT_2016_ixi
KOR,South Korea,Asia and Pacific,Transport,climate_change,kt CO2eq,54.453120263899116,2019,EXIOBASE v3.8.2 IOT_2016_ixi
RoW Asia and Pacific,RoW Asia and Pacific,Asia and Pacific,Food and catering,climate_change,kt CO2eq,54.31092620330182,2019,EXIOBASE v3.8.2 IOT_2016_ixi
CHN,China,Asia and Pacific,Electricity,climate_change,kt CO2eq,52.46299035339934,2019,EXIOBASE v3.8.2 IOT_2016_ixi
DEU,Germany,Europe,Minerals and Metals,material_extraction,kt,51.60982971813693,2019,EXIOBASE v3.8.2 IOT_2016_ixi
GRC,Greece,Europe,Transport,climate_change,kt CO2eq,48.88520706324169,2019,EXIOBASE v3.8.2 IOT_2016_ixi
RoW America,RoW America,America,Minerals and Metals,material_extraction,kt,47.71926700561813,2019,EXIOBASE v3.8.2 IOT_2016_ixi
DNK,Denmark,Denmark,Operational impact,waste_generation,kt,42.71652604695465,2019,EXIOBASE v3.8.2 IOT_2016_ixi
FRA,France,Europe,Transport,climate_change,kt CO2eq,42.50152122603389,2019,EXIOBASE v3.8.2 IOT_2016_ixi
RoW Africa,RoW Africa,Africa,Food and catering,climate_change,kt CO2eq,41.58814992061816,2019,EXIOBASE v3.8.2 IOT_2016_ixi
RoW Middle East,RoW Middle East,Middle East,Services,climate_change,kt CO2eq,41.18501751435448,2019,EXIOBASE v3.8.2 IOT_2016_ixi
DEU,Germany,Europe,Food and catering,land_use,km2,39.33426432801848,2019,EXIOBASE v3.8.2 IOT_2016_ixi
RoW Middle East,RoW Middle East,Middle East,Coal and Petroleum,climate_change,kt CO2eq,39.04102344939905,2019,EXIOBASE v3.8.2 IOT_2016_ixi
LVA,Latvia,Europe,Food and catering,land_use,km2,38.967999372028984,2019,EXIOBASE v3.8.2 IOT_2016_ixi
RUS,Russia,Europe,Transport,climate_change,kt CO2eq,38.355677067523956,2019,EXIOBASE v3.8.2 IOT_2016_ixi
POL,Poland,Europe,Food and catering,land_use,km2,37.9042070447803,2019,EXIOBASE v3.8.2 IOT_2016_ixi
SWE,Sweden,Europe,Minerals and Metals,material_extraction,kt,35.395866726407746,2019,EXIOBASE v3.8.2 IOT_2016_ixi
NLD,Netherlands,Europe,Transport,climate_change,kt CO2eq,35.121365226940824,2019,EXIOBASE v3.8.2 IOT_2016_ixi
RoW Middle East,RoW Middle East,Middle East,Electricity,climate_change,kt CO2eq,34.090175355010935,2019,EXIOBASE v3.8.2 IOT_2016_ixi
DNK,Denmark,Denmark,Waste management and disposal,waste_generation,kt,33.78141533163905,2019,EXIOBASE v3.8.2 IOT_2016_ixi
RoW Asia and Pacific,RoW Asia and Pacific,Asia and Pacific,Electricity,climate_change,kt CO2eq,33.353686530864984,2019,EXIOBASE v3.8.2 IOT_2016_ixi
DNK,Denmark,Denmark,Chemical,waste_generation,kt,32.1404165304453,2019,EXIOBASE v3.8.2 IOT_2016_ixi
POL,Poland,Europe,Minerals and Metals,material_extraction,kt,31.309037824951048,2019,EXIOBASE v3.8.2 IOT_2016_ixi
RoW Africa,RoW Africa,Africa,Minerals and Metals,material_extraction,kt,31.0858200096276,2019,EXIOBASE v3.8.2 IOT_2016_ixi
GBR,United Kingdom,Europe,Food and catering,material_extraction,kt,29.482613680798575,2019,EXIOBASE v3.8.2 IOT_2016_ixi
NOR,Norway,Europe,Transport,climate_change,kt CO2eq,29.420937045384296,2019,EXIOBASE v3.8.2 IOT_2016_ixi
NOR,Norway,Europe,Coal and Petroleum,climate_change,kt CO2eq,29.003324308219057,2019,EXIOBASE v3.8.2 IOT_2016_ixi
DNK,Denmark,Denmark,Coal and Petroleum,climate_change,kt CO2eq,28.546057566835458,2019,EXIOBASE v3.8.2 IOT_2016_ixi
IND,India,Asia and Pacific,Food and catering,climate_change,kt CO2eq,28.385671609268936,2019,EXIOBASE v3.8.2 IOT_2016_ixi
AUS,Australia,Asia and Pacific,Minerals and Metals,material_extraction,kt,28.22707365894214,2019,EXIOBASE v3.8.2 IOT_2016_ixi
FIN,Finland,Europe,Food and catering,land_use,km2,28.022173425312573,2019,EXIOBASE v3.8.2 IOT_2016_ixi
GLO,Unallocated,Unallocated,Private travel,material_extraction,kt,27.9464815083494,2019,EXIOBASE v3.8.2 IOT_2016_ixi
IND,India,Asia and Pacific,Transport,climate_change,kt CO2eq,27.689149063558236,2019,EXIOBASE v3.8.2 IOT_2016_ixi
DNK,Denmark,Denmark,Minerals and Metals,climate_change,kt CO2eq,27.58631934381033,2019,EXIOBASE v3.8.2 IOT_2016_ixi
BEL,Belgium,Europe,Transport,climate_change,kt CO2eq,26.705110907486613,2019,EXIOBASE v3.8.2 IOT_2016_ixi
CHN,China,Asia and Pacific,Metal Products,climate_change,kt CO2eq,26.59328813766169,2019,EXIOBASE v3.8.2 IOT_2016_ixi
FIN,Finland,Europe,Minerals and Metals,material_extraction,kt,26.166998082188393,2019,EXIOBASE v3.8.2 IOT_2016_ixi
FRA,France,Europe,Food and catering,land_use,km2,26.11652032022895,2019,EXIOBASE v3.8.2 IOT_2016_ixi
USA,United States,America,Minerals and Metals,material_extraction,kt,25.387299430081157,2019,EXIOBASE v3.8.2 IOT_2016_ixi
USA,United States,America,Transport,climate_change,kt CO2eq,24.414727470552823,2019,EXIOBASE v3.8.2 IOT_2016_ixi
ESP,Spain,Europe,Food and catering,land_use,km2,24.27233644986663,2019,EXIOBASE v3.8.2 IOT_2016_ixi
RoW Africa,RoW Africa,Africa,Coal and Petroleum,climate_change,kt CO2eq,23.346208940123987,2019,EXIOBASE v3.8.2 IOT_2016_ixi
RUS,Russia,Europe,Minerals and Metals,material_extraction,kt,23.086340723427323,2019,EXIOBASE v3.8.2 IOT_2016_ixi
TUR,Turkey,Middle East,Minerals and Metals,material_extraction,kt,22.731685388877093,2019,EXIOBASE v3.8.2 IOT_2016_ixi
RoW Asia and Pacific,RoW Asia and Pacific,Asia and Pacific,Coal and Petroleum,climate_change,kt CO2eq,22.683388417501213,2019,EXIOBASE v3.8.2 IOT_2016_ixi
ITA,Italy,Europe,Transport,climate_change,kt CO2eq,21.870699827665003,2019,EXIOBASE v3.8.2 IOT_2016_ixi
RUS,Russia,Europe,"Steam, hot water supply and water distribution",climate_change,kt CO2eq,21.34761604839314,2019,EXIOBASE v3.8.2 IOT_2016_ixi
NOR,Norway,Europe,Minerals and Metals,material_extraction,kt,20.34292621772773,2019,EXIOBASE v3.8.2 IOT_2016_ixi
CAN,Canada,America,Transport,climate_change,kt CO2eq,20.115548924184914,2019,EXIOBASE v3.8.2 IOT_2016_ixi
CHN,China,Asia and Pacific,Food and catering,climate_change,kt CO2eq,19.797560047896148,2019,EXIOBASE v3.8.2 IOT_2016_ixi
GRC,Greece,Europe,Food and catering,land_use,km2,19.2377905216309,2019,EXIOBASE v3.8.2 IOT_2016_ixi
RUS,Russia,Europe,Natural gas and gaseous fuels,climate_change,kt CO2eq,18.938859186740117,2019,EXIOBASE v3.8.2 IOT_2016_ixi
CHN,China,Asia and Pacific,Coal and Petroleum,climate_change,kt CO2eq,18.920128240403784,2019,EXIOBASE v3.8.2 IOT_2016_ixi
TWN,Taiwan,Asia and Pacific,Transport,climate_change,kt CO2eq,18.759264316756166,2019,EXIOBASE v3.8.2 IOT_2016_ixi
DEU,Germany,Europe,Electricity,climate_change,kt CO2eq,18.347351965629063,2019,EXIOBASE v3.8.2 IOT_2016_ixi
DNK,Denmark,Denmark,Electricity,climate_change,kt CO2eq,17.713626903569043,2019,EXIOBASE v3.8.2 IOT_2016_ixi
IRL,Ireland,Europe,Food and catering,land_use,km2,17.65247393276194,2019,EXIOBASE v3.8.2 IOT_2016_ixi
TUR,Turkey,Middle East,Food and catering,land_use,km2,17.19334631624509,2019,EXIOBASE v3.8.2 IOT_2016_ixi
DNK,Denmark,Denmark,Non-metallic mineral products,climate_change,kt CO2eq,17.054729691972838,2019,EXIOBASE v3.8.2 IOT_2016_ixi
CHN,China,Asia and Pacific,Chemical,climate_change,kt CO2eq,16.948651874531365,2019,EXIOBASE v3.8.2 IOT_2016_ixi
RoW Asia and Pacific,RoW Asia and Pacific,Asia and Pacific,Waste management and disposal,climate_change,kt CO2eq,16.92251993220673,2019,EXIOBASE v3.8.2 IOT_2016_ixi
RoW Asia and Pacific,RoW Asia and Pacific,Asia and Pacific,"Steam, hot water supply and water distribution",climate_change,kt CO2eq,16.774211117104834,2019,EXIOBASE v3.8.2 IOT_2016_ixi
GRC,Greece,Europe,Minerals and Metals,material_extraction,kt,16.66968261530092,2019,EXIOBASE v3.8.2 IOT_2016_ixi
ITA,Italy,Europe,Food and catering,land_use,km2,16.253894179902247,2019,EXIOBASE v3.8.2 IOT_2016_ixi
DEU,Germany,Europe,Food and catering,climate_change,kt CO2eq,16.248296403264337,2019,EXIOBASE v3.8.2 IOT_2016_ixi
GBR,United Kingdom,Europe,Food and catering,land_use,km2,16.22806340596772,2019,EXIOBASE v3.8.2 IOT_2016_ixi
RoW America,RoW America,America,Food and catering,climate_change,kt CO2eq,16.12794499998777,2019,EXIOBASE v3.8.2 IOT_2016_ixi
FRA,France,Europe,Minerals and Metals,material_extraction,kt,15.919429965243754,2019,EXIOBASE v3.8.2 IOT_2016_ixi
RoW Asia and Pacific,RoW Asia and Pacific,Asia and Pacific,Services,climate_change,kt CO2eq,15.305834797108362,2019,EXIOBASE v3.8.2 IOT_2016_ixi
EST,Estonia,Europe,Food and catering,land_use,km2,14.89095272737983,2019,EXIOBASE v3.8.2 IOT_2016_ixi
RoW Europe,RoW Europe,Europe,Electricity,climate_change,kt CO2eq,14.55906121689384,2019,EXIOBASE v3.8.2 IOT_2016_ixi
IND,India,Asia and Pacific,Electricity,climate_change,kt CO2eq,13.988979222929382,2019,EXIOBASE v3.8.2 IOT_2016_ixi
RoW America,RoW America,America,Transport,climate_change,kt CO2eq,13.920761536843449,2019,EXIOBASE v3.8.2 IOT_2016_ixi
LTU,Lithuania,Europe,Food and catering,land_use,km2,13.654764013051686,2019,EXIOBASE v3.8.2 IOT_2016_ixi
RoW America,RoW America,America,Coal and Petroleum,climate_change,kt CO2eq,13.556136684288544,2019,EXIOBASE v3.8.2 IOT_2016_ixi
IDN,Indonesia,Asia and Pacific,Food and catering,land_use,km2,13.345822412350932,2019,EXIOBASE v3.8.2 IOT_2016_ixi
RoW Europe,RoW Europe,Europe,Food and catering,climate_change,kt CO2eq,13.234308179772057,2019,EXIOBASE v3.8.2 IOT_2016_ixi
ZAF,South Africa,Africa,Electricity,climate_change,kt CO2eq,13.012053123401051,2019,EXIOBASE v3.8.2 IOT_2016_ixi
AUS,Australia,Asia and Pacific,Transport,climate_change,kt CO2eq,13.010568610062434,2019,EXIOBASE v3.8.2 IOT_2016_ixi
RoW Middle East,RoW Middle East,Middle East,Natural gas and gaseous fuels,climate_change,kt CO2eq,12.498699634255836,2019,EXIOBASE v3.8.2 IOT_2016_ixi
ESP,Spain,Europe,Transport,climate_change,kt CO2eq,12.434797097740732,2019,EXIOBASE v3.8.2 IOT_2016_ixi
AUS,Australia,Asia and Pacific,Food and catering,climate_change,kt CO2eq,12.414067851739418,2019,EXIOBASE v3.8.2 IOT_2016_ixi
ITA,Italy,Europe,Minerals and Metals,material_extraction,kt,12.110906676466932,2019,EXIOBASE v3.8.2 IOT_2016_ixi
ROU,Romania,Europe,Food and catering,land_use,km2,12.07786628065681,2019,EXIOBASE v3.8.2 IOT_2016_ixi
RoW Europe,RoW Europe,Europe,Minerals and Metals,material_extraction,kt,11.407844808034804,2019,EXIOBASE v3.8.2 IOT_2016_ixi
DNK,Denmark,Denmark,Electricity,waste_generation,kt,11.312257834709312,2019,EXIOBASE v3.8.2 IOT_2016_ixi
RoW Middle East,RoW Middle East,Middle East,Chemical,climate_change,kt CO2eq,10.957002971458893,2019,EXIOBASE v3.8.2 IOT_2016_ixi
RoW Asia and Pacific,RoW Asia and Pacific,Asia and Pacific,Food and catering,blue_water_consumption,Mm3,10.909217670609518,2019,EXIOBASE v3.8.2 IOT_2016_ixi
BGR,Bulgaria,Europe,Minerals and Metals,material_extraction,kt,10.869188431059403,2019,EXIOBASE v3.8.2 IOT_2016_ixi
RUS,Russia,Europe,Waste management and disposal,climate_change,kt CO2eq,10.834496797468397,2019,EXIOBASE v3.8.2 IOT_2016_ixi
RoW Middle East,RoW Middle East,Middle East,Food and catering,climate_change,kt CO2eq,10.679303648255578,2019,EXIOBASE v3.8.2 IOT_2016_ixi
USA,United States,America,Electricity,climate_change,kt CO2eq,10.52049060711016,2019,EXIOBASE v3.8.2 IOT_2016_ixi
RoW Asia and Pacific,RoW Asia and Pacific,Asia and Pacific,Natural gas and gaseous fuels,climate_change,kt CO2eq,10.519791923351757,2019,EXIOBASE v3.8.2 IOT_2016_ixi
NLD,Netherlands,Europe,Coal and Petroleum,climate_change,kt CO2eq,10.487232216937093,2019,EXIOBASE v3.8.2 IOT_2016_ixi
RUS,Russia,Europe,Chemical,climate_change,kt CO2eq,10.121249550206857,2019,EXIOBASE v3.8.2 IOT_2016_ixi
ROU,Romania,Europe,Minerals and Metals,material_extraction,kt,9.947250189737984,2019,EXIOBASE v3.8.2 IOT_2016_ixi
ZAF,South Africa,Africa,Minerals and Metals,material_extraction,kt,9.928090605389688,2019,EXIOBASE v3.8.2 IOT_2016_ixi
CHE,Switzerland,Europe,Transport,climate_change,kt CO2eq,9.722433491185779,2019,EXIOBASE v3.8.2 IOT_2016_ixi
AUT,Austria,Europe,Minerals and Metals,material_extraction,kt,9.616777853473007,2019,EXIOBASE v3.8.2 IOT_2016_ixi
IRL,Ireland,Europe,Transport,climate_change,kt CO2eq,9.615665538629843,2019,EXIOBASE v3.8.2 IOT_2016_ixi
BRA,Brazil,America,Minerals and Metals,material_extraction,kt,9.611297858064301,2019,EXIOBASE v3.8.2 IOT_2016_ixi
TUR,Turkey,Middle East,Transport,climate_change,kt CO2eq,9.580788560270825,2019,EXIOBASE v3.8.2 IOT_2016_ixi
RoW Europe,RoW Europe,Europe,Chemical,material_extraction,kt,9.529255797323687,2019,EXIOBASE v3.8.2 IOT_2016_ixi
POL,Poland,Europe,"Steam, hot water supply and water distribution",climate_change,kt CO2eq,9.43755616669531,2019,EXIOBASE v3.8.2 IOT_2016_ixi
HUN,Hungary,Europe,Food and catering,land_use,km2,9.351004867554218,2019,EXIOBASE v3.8.2 IOT_2016_ixi
CHE,Switzerland,Europe,Minerals and Metals,material_extraction,kt,9.291279115342205,2019,EXIOBASE v3.8.2 IOT_2016_ixi
SWE,Sweden,Europe,Transport,climate_change,kt CO2eq,9.229765179386602,2019,EXIOBASE v3.8.2 IOT_2016_ixi
RoW Europe,RoW Europe,Europe,"Steam, hot water supply and water distribution",climate_change,kt CO2eq,9.025557692047151,2019,EXIOBASE v3.8.2 IOT_2016_ixi
RoW Middle East,RoW Middle East,Middle East,Food and catering,blue_water_consumption,Mm3,8.94949483907133,2019,EXIOBASE v3.8.2 IOT_2016_ixi
HUN,Hungary,Europe,Services,material_extraction,kt,8.892990697699018,2019,EXIOBASE v3.8.2 IOT_2016_ixi
RoW Europe,RoW Europe,Europe,Waste management and disposal,climate_change,kt CO2eq,8.833567883123996,2019,EXIOBASE v3.8.2 IOT_2016_ixi
CZE,Czech Republic,Europe,Minerals and Metals,material_extraction,kt,8.758874690625404,2019,EXIOBASE v3.8.2 IOT_2016_ixi
USA,United States,America,Coal and Petroleum,climate_change,kt CO2eq,8.748812411332926,2019,EXIOBASE v3.8.2 IOT_2016_ixi
ZAF,South Africa,Africa,Food and catering,land_use,km2,8.680077169993499,2019,EXIOBASE v3.8.2 IOT_2016_ixi
ESP,Spain,Europe,Minerals and Metals,material_extraction,kt,8.592124252987192,2019,EXIOBASE v3.8.2 IOT_2016_ixi
CYP,Cyprus,Middle East,Transport,climate_change,kt CO2eq,8.572119780478966,2019,EXIOBASE v3.8.2 IOT_2016_ixi
DEU,Germany,Europe,Natural gas and gaseous fuels,climate_change,kt CO2eq,8.549325256290677,2019,EXIOBASE v3.8.2 IOT_2016_ixi
BEL,Belgium,Europe,Minerals and Metals,material_extraction,kt,8.547238782496297,2019,EXIOBASE v3.8.2 IOT_2016_ixi
CAN,Canada,America,Minerals and Metals,material_extraction,kt,8.533908758032766,2019,EXIOBASE v3.8.2 IOT_2016_ixi
RoW Asia and Pacific,RoW Asia and Pacific,Asia and Pacific,Transport,material_extraction,kt,8.092906045791707,2019,EXIOBASE v3.8.2 IOT_2016_ixi
IND,India,Asia and Pacific,Coal and Petroleum,climate_change,kt CO2eq,7.973004173304666,2019,EXIOBASE v3.8.2 IOT_2016_ixi
DNK,Denmark,Denmark,Food and catering,waste_generation,kt,7.81758964438295,2019,EXIOBASE v3.8.2 IOT_2016_ixi
RoW Europe,RoW Europe,Europe,Transport,climate_change,kt CO2eq,7.732426356003687,2019,EXIOBASE v3.8.2 IOT_2016_ixi
AUS,Australia,Asia and Pacific,Electricity,climate_change,kt CO2eq,7.7053845203165805,2019,EXIOBASE v3.8.2 IOT_2016_ixi
IND,India,Asia and Pacific,Food and catering,blue_water_consumption,Mm3,7.65676617405317,2019,EXIOBASE v3.8.2 IOT_2016_ixi
PRT,Portugal,Europe,Minerals and Metals,material_extraction,kt,7.563997839840638,2019,EXIOBASE v3.8.2 IOT_2016_ixi
FRA,France,Europe,Food and catering,climate_change,kt CO2eq,7.512170504268109,2019,EXIOBASE v3.8.2 IOT_2016_ixi
SVK,Slovakia,Europe,Food and catering,land_use,km2,7.18793126061989,2019,EXIOBASE v3.8.2 IOT_2016_ixi
CZE,Czech Republic,Europe,Food and catering,land_use,km2,7.176975166714205,2019,EXIOBASE v3.8.2 IOT_2016_ixi
IDN,Indonesia,Asia and Pacific,Minerals and Metals,material_extraction,kt,7.125406813956727,2019,EXIOBASE v3.8.2 IOT_2016_ixi
DNK,Denmark,Denmark,Metal Products,climate_change,kt CO2eq,7.0995311450432705,2019,EXIOBASE v3.8.2 IOT_2016_ixi
NLD,Netherlands,Europe,Chemical,climate_change,kt CO2eq,6.871540207025361,2019,EXIOBASE v3.8.2 IOT_2016_ixi
RoW Africa,RoW Africa,Africa,Waste management and disposal,climate_change,kt CO2eq,6.750101028356109,2019,EXIOBASE v3.8.2 IOT_2016_ixi
RoW Middle East,RoW Middle East,Middle East,Minerals and Metals,climate_change,kt CO2eq,6.7360906798169236,2019,EXIOBASE v3.8.2 IOT_2016_ixi
BGR,Bulgaria,Europe,Food and catering,land_use,km2,6.596967170887023,2019,EXIOBASE v3.8.2 IOT_2016_ixi
RoW Asia and Pacific,RoW Asia and Pacific,Asia and Pacific,Non-metallic mineral products,climate_change,kt CO2eq,6.508164782182789,2019,EXIOBASE v3.8.2 IOT_2016_ixi
RoW Africa,RoW Africa,Africa,Transport,climate_change,kt CO2eq,6.447375253437231,2019,EXIOBASE v3.8.2 IOT_2016_ixi
CZE,Czech Republic,Europe,"Steam, hot water supply and water distribution",climate_change,kt CO2eq,6.412244514024674,2019,EXIOBASE v3.8.2 IOT_2016_ixi
RoW Middle East,RoW Middle East,Middle East,Waste management and disposal,climate_change,kt CO2eq,6.38146243232235,2019,EXIOBASE v3.8.2 IOT_2016_ixi
CHN,China,Asia and Pacific,"Steam, hot water supply and water distribution",climate_change,kt CO2eq,6.3363721606809245,2019,EXIOBASE v3.8.2 IOT_2016_ixi
RoW America,RoW America,America,Electricity,climate_change,kt CO2eq,6.327094086382092,2019,EXIOBASE v3.8.2 IOT_2016_ixi
GBR,United Kingdom,Europe,Food and catering,climate_change,kt CO2eq,6.2719263848011035,2019,EXIOBASE v3.8.2 IOT_2016_ixi
NLD,Netherlands,Europe,Food and catering,land_use,km2,6.11590101643073,2019,EXIOBASE v3.8.2 IOT_2016_ixi
POL,Poland,Europe,Food and catering,climate_change,kt CO2eq,5.971285427828403,2019,EXIOBASE v3.8.2 IOT_2016_ixi
PRT,Portugal,Europe,Food and catering,land_use,km2,5.8580748257648105,2019,EXIOBASE v3.8.2 IOT_2016_ixi
NLD,Netherlands,Europe,Food and catering,climate_change,kt CO2eq,5.850473887182996,2019,EXIOBASE v3.8.2 IOT_2016_ixi
RUS,Russia,Europe,Services,climate_change,kt CO2eq,5.820790178337851,2019,EXIOBASE v3.8.2 IOT_2016_ixi
CAN,Canada,America,Coal and Petroleum,climate_change,kt CO2eq,5.734312174746093,2019,EXIOBASE v3.8.2 IOT_2016_ixi
SWE,Sweden,Europe,Paper Products,waste_generation,kt,5.399507549003991,2019,EXIOBASE v3.8.2 IOT_2016_ixi
RoW Africa,RoW Africa,Africa,Electricity,climate_change,kt CO2eq,5.390403593786458,2019,EXIOBASE v3.8.2 IOT_2016_ixi
RoW Asia and Pacific,RoW Asia and Pacific,Asia and Pacific,Food and catering,waste_generation,kt,5.351605843220721,2019,EXIOBASE v3.8.2 IOT_2016_ixi
SWE,Sweden,Europe,Paper Products,land_use,km2,5.329250870774855,2019,EXIOBASE v3.8.2 IOT_2016_ixi
GBR,United Kingdom,Europe,Electricity,climate_change,kt CO2eq,5.296240343937787,2019,EXIOBASE v3.8.2 IOT_2016_ixi
IDN,Indonesia,Asia and Pacific,Coal and Petroleum,climate_change,kt CO2eq,5.227839700377274,2019,EXIOBASE v3.8.2 IOT_2016_ixi
ZAF,South Africa,Africa,Coal and Petroleum,climate_change,kt CO2eq,5.21073959099388,2019,EXIOBASE v3.8.2 IOT_2016_ixi
TUR,Turkey,Middle East,Food and catering,climate_change,kt CO2eq,5.1917115631762085,2019,EXIOBASE v3.8.2 IOT_2016_ixi
KOR,South Korea,Asia and Pacific,Electricity,climate_change,kt CO2eq,5.093155755679781,2019,EXIOBASE v3.8.2 IOT_2016_ixi
DEU,Germany,Europe,Metal Products,climate_change,kt CO2eq,5.0786529899329045,2019,EXIOBASE v3.8.2 IOT_2016_ixi
RUS,Russia,Europe,Metal Products,climate_change,kt CO2eq,5.035595805881004,2019,EXIOBASE v3.8.2 IOT_2016_ixi
POL,Poland,Europe,Electricity,material_extraction,kt,4.912084142957473,2019,EXIOBASE v3.8.2 IOT_2016_ixi
CAN,Canada,America,Food and catering,climate_change,kt CO2eq,4.911842239385306,2019,EXIOBASE v3.8.2 IOT_2016_ixi
HUN,Hungary,Europe,Minerals and Metals,material_extraction,kt,4.879892888465325,2019,EXIOBASE v3.8.2 IOT_2016_ixi
AUS,Australia,Asia and Pacific,Coal and Petroleum,climate_change,kt CO2eq,4.850357090858744,2019,EXIOBASE v3.8.2 IOT_2016_ixi
RoW Africa,RoW Africa,Africa,Food and catering,waste_generation,kt,4.831532220204575,2019,EXIOBASE v3.8.2 IOT_2016_ixi
CHE,Switzerland,Europe,Food and catering,land_use,km2,4.818448231422013,2019,EXIOBASE v3.8.2 IOT_2016_ixi
USA,United States,America,Food and catering,climate_change,kt CO2eq,4.799004717240059,2019,EXIOBASE v3.8.2 IOT_2016_ixi
DNK,Denmark,Denmark,"Steam, hot water supply and water distribution",waste_generation,kt,4.796178614733893,2019,EXIOBASE v3.8.2 IOT_2016_ixi
MEX,Mexico,America,Food and catering,land_use,km2,4.7285107211897675,2019,EXIOBASE v3.8.2 IOT_2016_ixi
CZE,Czech Republic,Europe,Transport,climate_change,kt CO2eq,4.689474036249356,2019,EXIOBASE v3.8.2 IOT_2016_ixi
JPN,Japan,Asia and Pacific,Electricity,climate_change,kt CO2eq,4.663211433046883,2019,EXIOBASE v3.8.2 IOT_2016_ixi
TWN,Taiwan,Asia and Pacific,Electricity,climate_change,kt CO2eq,4.63627900100018,2019,EXIOBASE v3.8.2 IOT_2016_ixi
NLD,Netherlands,Europe,Services,material_extraction,kt,4.543074865963416,2019,EXIOBASE v3.8.2 IOT_2016_ixi
NOR,Norway,Europe,Food and catering,climate_change,kt CO2eq,4.533739476853711,2019,EXIOBASE v3.8.2 IOT_2016_ixi
RoW Europe,RoW Europe,Europe,Coal and Petroleum,climate_change,kt CO2eq,4.53369235023057,2019,EXIOBASE v3.8.2 IOT_2016_ixi
POL,Poland,Europe,Transport,material_extraction,kt,4.52306733157087,2019,EXIOBASE v3.8.2 IOT_2016_ixi
RoW Middle East,RoW Middle East,Middle East,Textile,climate_change,kt CO2eq,4.503793499759545,2019,EXIOBASE v3.8.2 IOT_2016_ixi
BRA,Brazil,America,Food and catering,climate_change,kt CO2eq,4.488782516891012,2019,EXIOBASE v3.8.2 IOT_2016_ixi
SWE,Sweden,Europe,Food and catering,climate_change,kt CO2eq,4.488666775290301,2019,EXIOBASE v3.8.2 IOT_2016_ixi
IND,India,Asia and Pacific,Chemical,climate_change,kt CO2eq,4.487744727433997,2019,EXIOBASE v3.8.2 IOT_2016_ixi
BGR,Bulgaria,Europe,Electricity,climate_change,kt CO2eq,4.463611934133932,2019,EXIOBASE v3.8.2 IOT_2016_ixi
AUT,Austria,Europe,Food and catering,land_use,km2,4.4236634932918015,2019,EXIOBASE v3.8.2 IOT_2016_ixi
POL,Poland,Europe,Waste management and disposal,climate_change,kt CO2eq,4.41742051405604,2019,EXIOBASE v3.8.2 IOT_2016_ixi
SWE,Sweden,Europe,Coal and Petroleum,climate_change,kt CO2eq,4.349912633739631,2019,EXIOBASE v3.8.2 IOT_2016_ixi
DEU,Germany,Europe,"Steam, hot water supply and water distribution",climate_change,kt CO2eq,4.338805707569418,2019,EXIOBASE v3.8.2 IOT_2016_ixi
IRL,Ireland,Europe,Food and catering,climate_change,kt CO2eq,4.295307050717753,2019,EXIOBASE v3.8.2 IOT_2016_ixi
BRA,Brazil,America,Transport,climate_change,kt CO2eq,4.286769289694037,2019,EXIOBASE v3.8.2 IOT_2016_ixi
RoW America,RoW America,America,Waste management and disposal,climate_change,kt CO2eq,4.233601817277377,2019,EXIOBASE v3.8.2 IOT_2016_ixi
ESP,Spain,Europe,Electricity,climate_change,kt CO2eq,4.217743759065947,2019,EXIOBASE v3.8.2 IOT_2016_ixi
RUS,Russia,Europe,Food and catering,climate_change,kt CO2eq,4.204325287514476,2019,EXIOBASE v3.8.2 IOT_2016_ixi
GBR,United Kingdom,Europe,Waste management and disposal,climate_change,kt CO2eq,4.189518128124103,2019,EXIOBASE v3.8.2 IOT_2016_ixi
IND,India,Asia and Pacific,Metal Products,climate_change,kt CO2eq,4.11236516021942,2019,EXIOBASE v3.8.2 IOT_2016_ixi
CHN,China,Asia and Pacific,Waste management and disposal,climate_change,kt CO2eq,4.107216411118423,2019,EXIOBASE v3.8.2 IOT_2016_ixi
USA,United States,America,Chemical,climate_change,kt CO2eq,4.092235146767247,2019,EXIOBASE v3.8.2 IOT_2016_ixi
CHN,China,Asia and Pacific,Non-metallic mineral products,climate_change,kt CO2eq,4.078805159389023,2019,EXIOBASE v3.8.2 IOT_2016_ixi
RoW Europe,RoW Europe,Europe,Services,material_extraction,kt,4.066176201945078,2019,EXIOBASE v3.8.2 IOT_2016_ixi
LUX,Luxembourg,Europe,Transport,climate_change,kt CO2eq,4.062638595450839,2019,EXIOBASE v3.8.2 IOT_2016_ixi
FIN,Finland,Europe,Transport,climate_change,kt CO2eq,4.015023201000857,2019,EXIOBASE v3.8.2 IOT_2016_ixi
LVA,Latvia,Europe,Transport,climate_change,kt CO2eq,3.9788458357576104,2019,EXIOBASE v3.8.2 IOT_2016_ixi
POL,Poland,Europe,Coal and Petroleum,climate_change,kt CO2eq,3.913950385352325,2019,EXIOBASE v3.8.2 IOT_2016_ixi
JPN,Japan,Asia and Pacific,Minerals and Metals,material_extraction,kt,3.910928218850119,2019,EXIOBASE v3.8.2 IOT_2016_ixi
ITA,Italy,Europe,Food and catering,climate_change,kt CO2eq,3.9012413785732605,2019,EXIOBASE v3.8.2 IOT_2016_ixi
IND,India,Asia and Pacific,Food and catering,waste_generation,kt,3.870579215367865,2019,EXIOBASE v3.8.2 IOT_2016_ixi
GBR,United Kingdom,Europe,Coal and Petroleum,climate_change,kt CO2eq,3.8555642624541595,2019,EXIOBASE v3.8.2 IOT_2016_ixi
MEX,Mexico,America,Transport,climate_change,kt CO2eq,3.794686034054164,2019,EXIOBASE v3.8.2 IOT_2016_ixi
DEU,Germany,Europe,Coal and Petroleum,climate_change,kt CO2eq,3.783850703796549,2019,EXIOBASE v3.8.2 IOT_2016_ixi
DNK,Denmark,Denmark,Services,waste_generation,kt,3.7687445563176407,2019,EXIOBASE v3.8.2 IOT_2016_ixi
CHN,China,Asia and Pacific,Food and catering,waste_generation,kt,3.720572859369962,2019,EXIOBASE v3.8.2 IOT_2016_ixi
DEU,Germany,Europe,Chemical,climate_change,kt CO2eq,3.6394445972516496,2019,EXIOBASE v3.8.2 IOT_2016_ixi
NLD,Netherlands,Europe,Minerals and Metals,material_extraction,kt,3.605700466758966,2019,EXIOBASE v3.8.2 IOT_2016_ixi
RoW Europe,RoW Europe,Europe,Chemical,climate_change,kt CO2eq,3.5912356854895426,2019,EXIOBASE v3.8.2 IOT_2016_ixi
CHN,China,Asia and Pacific,Natural gas and gaseous fuels,climate_change,kt CO2eq,3.56147678040886,2019,EXIOBASE v3.8.2 IOT_2016_ixi
NLD,Netherlands,Europe,Electricity,climate_change,kt CO2eq,3.5254077084184434,2019,EXIOBASE v3.8.2 IOT_2016_ixi
CAN,Canada,America,Electricity,climate_change,kt CO2eq,3.489955743644683,2019,EXIOBASE v3.8.2 IOT_2016_ixi
HRV,Croatia,Europe,Transport,climate_change,kt CO2eq,3.488931541064162,2019,EXIOBASE v3.8.2 IOT_2016_ixi
USA,United States,America,Waste management and disposal,climate_change,kt CO2eq,3.488395524233414,2019,EXIOBASE v3.8.2 IOT_2016_ixi
DNK,Denmark,Denmark,Chemical,material_extraction,kt,3.4811289225843356,2019,EXIOBASE v3.8.2 IOT_2016_ixi
TUR,Turkey,Middle East,Electricity,climate_change,kt CO2eq,3.4722303830217145,2019,EXIOBASE v3.8.2 IOT_2016_ixi
DNK,Denmark,Denmark,Furniture and timber,land_use,km2,3.469151900187655,2019,EXIOBASE v3.8.2 IOT_2016_ixi
DNK,Denmark,Denmark,Electricity,blue_water_consumption,Mm3,3.449387146900212,2019,EXIOBASE v3.8.2 IOT_2016_ixi
RoW Europe,RoW Europe,Europe,Metal Products,climate_change,kt CO2eq,3.433239318224594,2019,EXIOBASE v3.8.2 IOT_2016_ixi
HRV,Croatia,Europe,Food and catering,land_use,km2,3.3858090917935275,2019,EXIOBASE v3.8.2 IOT_2016_ixi
IND,India,Asia and Pacific,Waste management and disposal,climate_change,kt CO2eq,3.366702425491057,2019,EXIOBASE v3.8.2 IOT_2016_ixi
NLD,Netherlands,Europe,"Electrical, electronic and measuring equipment",climate_change,kt CO2eq,3.3658869675340166,2019,EXIOBASE v3.8.2 IOT_2016_ixi
PRT,Portugal,Europe,Transport,climate_change,kt CO2eq,3.3530672811203424,2019,EXIOBASE v3.8.2 IOT_2016_ixi
DEU,Germany,Europe,Services,climate_change,kt CO2eq,3.3393732743144713,2019,EXIOBASE v3.8.2 IOT_2016_ixi
SWE,Sweden,Europe,Waste management and disposal,climate_change,kt CO2eq,3.3296309032863802,2019,EXIOBASE v3.8.2 IOT_2016_ixi
GRC,Greece,Europe,Transport,waste_generation,kt,3.3105397240152215,2019,EXIOBASE v3.8.2 IOT_2016_ixi
RoW Europe,RoW Europe,Europe,Transport,material_extraction,kt,3.2525797963121255,2019,EXIOBASE v3.8.2 IOT_2016_ixi
CHN,China,Asia and Pacific,Food and catering,blue_water_consumption,Mm3,3.2431830534452852,2019,EXIOBASE v3.8.2 IOT_2016_ixi
CYP,Cyprus,Middle East,Food and catering,land_use,km2,3.1937954992413937,2019,EXIOBASE v3.8.2 IOT_2016_ixi
SVK,Slovakia,Europe,Minerals and Metals,material_extraction,kt,3.165587976549894,2019,EXIOBASE v3.8.2 IOT_2016_ixi
ITA,Italy,Europe,Non-metallic mineral products,material_extraction,kt,3.1338272351267475,2019,EXIOBASE v3.8.2 IOT_2016_ixi
IDN,Indonesia,Asia and Pacific,Transport,climate_change,kt CO2eq,3.1069732664386067,2019,EXIOBASE v3.8.2 IOT_2016_ixi
MEX,Mexico,America,Coal and Petroleum,climate_change,kt CO2eq,3.087304484038808,2019,EXIOBASE v3.8.2 IOT_2016_ixi
BEL,Belgium,Europe,Food and catering,land_use,km2,3.045378921180142,2019,EXIOBASE v3.8.2 IOT_2016_ixi
POL,Poland,Europe,Chemical,climate_change,kt CO2eq,3.037905810703616,2019,EXIOBASE v3.8.2 IOT_2016_ixi
RoW Africa,RoW Africa,Africa,Natural gas and gaseous fuels,climate_change,kt CO2eq,3.0163930773348984,2019,EXIOBASE v3.8.2 IOT_2016_ixi
POL,Poland,Europe,Services,climate_change,kt CO2eq,2.965139801673052,2019,EXIOBASE v3.8.2 IOT_2016_ixi
ITA,Italy,Europe,Electricity,climate_change,kt CO2eq,2.924242476651503,2019,EXIOBASE v3.8.2 IOT_2016_ixi
POL,Poland,Europe,Metal Products,climate_change,kt CO2eq,2.9228076349283523,2019,EXIOBASE v3.8.2 IOT_2016_ixi
DEU,Germany,Europe,Waste management and disposal,climate_change,kt CO2eq,2.9168542764796572,2019,EXIOBASE v3.8.2 IOT_2016_ixi
FIN,Finland,Europe,Waste management and disposal,climate_change,kt CO2eq,2.8994126796905353,2019,EXIOBASE v3.8.2 IOT_2016_ixi
FRA,France,Europe,Services,climate_change,kt CO2eq,2.870809554425875,2019,EXIOBASE v3.8.2 IOT_2016_ixi
HRV,Croatia,Europe,Minerals and Metals,material_extraction,kt,2.870291812363876,2019,EXIOBASE v3.8.2 IOT_2016_ixi
EST,Estonia,Europe,Minerals and Metals,material_extraction,kt,2.865478018237173,2019,EXIOBASE v3.8.2 IOT_2016_ixi
GRC,Greece,Europe,Food and catering,climate_change,kt CO2eq,2.81294760157253,2019,EXIOBASE v3.8.2 IOT_2016_ixi
NLD,Netherlands,Europe,Waste management and disposal,climate_change,kt CO2eq,2.7768997016609536,2019,EXIOBASE v3.8.2 IOT_2016_ixi
ESP,Spain,Europe,Food and catering,climate_change,kt CO2eq,2.7712296590070005,2019,EXIOBASE v3.8.2 IOT_2016_ixi
IRL,Ireland,Europe,Electricity,climate_change,kt CO2eq,2.7705221857958557,2019,EXIOBASE v3.8.2 IOT_2016_ixi
BEL,Belgium,Europe,Food and catering,climate_change,kt CO2eq,2.7701639782219463,2019,EXIOBASE v3.8.2 IOT_2016_ixi
RoW Europe,RoW Europe,Europe,Non-metallic mineral products,climate_change,kt CO2eq,2.762446600450266,2019,EXIOBASE v3.8.2 IOT_2016_ixi
ESP,Spain,Europe,Coal and Petroleum,climate_change,kt CO2eq,2.7226412980193593,2019,EXIOBASE v3.8.2 IOT_2016_ixi
POL,Poland,Europe,Non-metallic mineral products,climate_change,kt CO2eq,2.6819231836843747,2019,EXIOBASE v3.8.2 IOT_2016_ixi
RoW Asia and Pacific,RoW Asia and Pacific,Asia and Pacific,Services,land_use,km2,2.6400856837723348,2019,EXIOBASE v3.8.2 IOT_2016_ixi
ITA,Italy,Europe,"Steam, hot water supply and water distribution",climate_change,kt CO2eq,2.607612921410621,2019,EXIOBASE v3.8.2 IOT_2016_ixi
POL,Poland,Europe,Natural gas and gaseous fuels,material_extraction,kt,2.588807284743387,2019,EXIOBASE v3.8.2 IOT_2016_ixi
RoW Africa,RoW Africa,Africa,Transport,waste_generation,kt,2.565015224368894,2019,EXIOBASE v3.8.2 IOT_2016_ixi
POL,Poland,Europe,Non-metallic mineral products,material_extraction,kt,2.538302196712447,2019,EXIOBASE v3.8.2 IOT_2016_ixi
DEU,Germany,Europe,Chemical,material_extraction,kt,2.5059621726701193,2019,EXIOBASE v3.8.2 IOT_2016_ixi
RoW Asia and Pacific,RoW Asia and Pacific,Asia and Pacific,Minerals and Metals,climate_change,kt CO2eq,2.5038124082120583,2019,EXIOBASE v3.8.2 IOT_2016_ixi
CHN,China,Asia and Pacific,Electricity,waste_generation,kt,2.4980203462634862,2019,EXIOBASE v3.8.2 IOT_2016_ixi
BGR,Bulgaria,Europe,Services,land_use,km2,2.4867917808993236,2019,EXIOBASE v3.8.2 IOT_2016_ixi
KOR,South Korea,Asia and Pacific,Food and catering,land_use,km2,2.4625465264577793,2019,EXIOBASE v3.8.2 IOT_2016_ixi
IDN,Indonesia,Asia and Pacific,Electricity,climate_change,kt CO2eq,2.447167837727028,2019,EXIOBASE v3.8.2 IOT_2016_ixi
RUS,Russia,Europe,Transport,material_extraction,kt,2.4310887182647223,2019,EXIOBASE v3.8.2 IOT_2016_ixi
TWN,Taiwan,Asia and Pacific,Minerals and Metals,material_extraction,kt,2.412220827288825,2019,EXIOBASE v3.8.2 IOT_2016_ixi
DEU,Germany,Europe,Non-metallic mineral products,climate_change,kt CO2eq,2.395061900066515,2019,EXIOBASE v3.8.2 IOT_2016_ixi
FRA,France,Europe,Coal and Petroleum,climate_change,kt CO2eq,2.318346427873924,2019,EXIOBASE v3.8.2 IOT_2016_ixi
BRA,Brazil,America,Metal Products,climate_change,kt CO2eq,2.2863835005464543,2019,EXIOBASE v3.8.2 IOT_2016_ixi
RoW Asia and Pacific,RoW Asia and Pacific,Asia and Pacific,Chemical,climate_change,kt CO2eq,2.2765298342622433,2019,EXIOBASE v3.8.2 IOT_2016_ixi
RoW America,RoW America,America,Minerals and Metals,climate_change,kt CO2eq,2.2645574751814026,2019,EXIOBASE v3.8.2 IOT_2016_ixi
DEU,Germany,Europe,Paper Products,climate_change,kt CO2eq,2.2392767144513384,2019,EXIOBASE v3.8.2 IOT_2016_ixi
RoW Africa,RoW Africa,Africa,Food and catering,blue_water_consumption,Mm3,2.1935266127877227,2019,EXIOBASE v3.8.2 IOT_2016_ixi
RoW America,RoW America,America,Chemical,climate_change,kt CO2eq,2.1906912382554213,2019,EXIOBASE v3.8.2 IOT_2016_ixi
USA,United States,America,Services,climate_change,kt CO2eq,2.17569986269884,2019,EXIOBASE v3.8.2 IOT_2016_ixi
BEL,Belgium,Europe,Electricity,climate_change,kt CO2eq,2.1738249869910127,2019,EXIOBASE v3.8.2 IOT_2016_ixi
FRA,France,Europe,Waste management and disposal,climate_change,kt CO2eq,2.152101631920895,2019,EXIOBASE v3.8.2 IOT_2016_ixi
DNK,Denmark,Denmark,Construction,climate_change,kt CO2eq,2.117517297638738,2019,EXIOBASE v3.8.2 IOT_2016_ixi
DNK,Denmark,Denmark,"Electrical, electronic and measuring equipment",climate_change,kt CO2eq,2.1074221265364677,2019,EXIOBASE v3.8.2 IOT_2016_ixi
BEL,Belgium,Europe,Services,climate_change,kt CO2eq,2.101866450789608,2019,EXIOBASE v3.8.2 IOT_2016_ixi
RoW Middle East,RoW Middle East,Middle East,Chemical,material_extraction,kt,2.0749360310111884,2019,EXIOBASE v3.8.2 IOT_2016_ixi
JPN,Japan,Asia and Pacific,Minerals and Metals,climate_change,kt CO2eq,2.0415247802400422,2019,EXIOBASE v3.8.2 IOT_2016_ixi
DNK,Denmark,Denmark,Paper Products,climate_change,kt CO2eq,2.0374244287167316,2019,EXIOBASE v3.8.2 IOT_2016_ixi
TWN,Taiwan,Asia and Pacific,Food and catering,land_use,km2,2.0336467886946408,2019,EXIOBASE v3.8.2 IOT_2016_ixi
DEU,Germany,Europe,Non-metallic mineral products,material_extraction,kt,2.031257623176819,2019,EXIOBASE v3.8.2 IOT_2016_ixi
EST,Estonia,Europe,Electricity,climate_change,kt CO2eq,2.017174899657079,2019,EXIOBASE v3.8.2 IOT_2016_ixi
POL,Poland,Europe,Metal Products,material_extraction,kt,2.000872853226793,2019,EXIOBASE v3.8.2 IOT_2016_ixi
RoW Middle East,RoW Middle East,Middle East,Non-metallic mineral products,climate_change,kt CO2eq,1.948140436491415,2019,EXIOBASE v3.8.2 IOT_2016_ixi
RoW Europe,RoW Europe,Europe,Coal and Petroleum,waste_generation,kt,1.9282467397882397,2019,EXIOBASE v3.8.2 IOT_2016_ixi
BRA,Brazil,America,Electricity,climate_change,kt CO2eq,1.897730308286205,2019,EXIOBASE v3.8.2 IOT_2016_ixi
SWE,Sweden,Europe,Paper Products,climate_change,kt CO2eq,1.892795858241587,2019,EXIOBASE v3.8.2 IOT_2016_ixi
NOR,Norway,Europe,Natural gas and gaseous fuels,climate_change,kt CO2eq,1.889243456363333,2019,EXIOBASE v3.8.2 IOT_2016_ixi
IND,India,Asia and Pacific,Non-metallic mineral products,climate_change,kt CO2eq,1.885564893836913,2019,EXIOBASE v3.8.2 IOT_2016_ixi
BGR,Bulgaria,Europe,Waste management and disposal,climate_change,kt CO2eq,1.8837909913614936,2019,EXIOBASE v3.8.2 IOT_2016_ixi
EST,Estonia,Europe,Furniture and timber,land_use,km2,1.8729328005066237,2019,EXIOBASE v3.8.2 IOT_2016_ixi
KOR,South Korea,Asia and Pacific,Minerals and Metals,material_extraction,kt,1.8542104783866054,2019,EXIOBASE v3.8.2 IOT_2016_ixi
RoW Africa,RoW Africa,Africa,Services,waste_generation,kt,1.8265861192268915,2019,EXIOBASE v3.8.2 IOT_2016_ixi
GLO,Unallocated,Unallocated,Private travel,land_use,km2,1.8189380080591757,2019,EXIOBASE v3.8.2 IOT_2016_ixi
NLD,Netherlands,Europe,"Steam, hot water supply and water distribution",climate_change,kt CO2eq,1.8125796104628464,2019,EXIOBASE v3.8.2 IOT_2016_ixi
NLD,Netherlands,Europe,Services,climate_change,kt CO2eq,1.8119145754617945,2019,EXIOBASE v3.8.2 IOT_2016_ixi
CZE,Czech Republic,Europe,Electricity,climate_change,kt CO2eq,1.8059615601697703,2019,EXIOBASE v3.8.2 IOT_2016_ixi
SVK,Slovakia,Europe,Coal and Petroleum,climate_change,kt CO2eq,1.8031668152154154,2019,EXIOBASE v3.8.2 IOT_2016_ixi
RoW Asia and Pacific,RoW Asia and Pacific,Asia and Pacific,Metal Products,climate_change,kt CO2eq,1.7977450163733981,2019,EXIOBASE v3.8.2 IOT_2016_ixi
POL,Poland,Europe,Minerals and Metals,climate_change,kt CO2eq,1.7954869678056076,2019,EXIOBASE v3.8.2 IOT_2016_ixi
AUS,Australia,Asia and Pacific,Waste management and disposal,climate_change,kt CO2eq,1.7782905252797934,2019,EXIOBASE v3.8.2 IOT_2016_ixi
BRA,Brazil,America,Coal and Petroleum,climate_change,kt CO2eq,1.7759552749688656,2019,EXIOBASE v3.8.2 IOT_2016_ixi
BGR,Bulgaria,Europe,Non-metallic mineral products,material_extraction,kt,1.7728758661656896,2019,EXIOBASE v3.8.2 IOT_2016_ixi
USA,United States,America,Food and catering,blue_water_consumption,Mm3,1.7594311232693283,2019,EXIOBASE v3.8.2 IOT_2016_ixi
CAN,Canada,America,Waste management and disposal,climate_change,kt CO2eq,1.7593860282690355,2019,EXIOBASE v3.8.2 IOT_2016_ixi
LVA,Latvia,Europe,Food and catering,climate_change,kt CO2eq,1.750585211857762,2019,EXIOBASE v3.8.2 IOT_2016_ixi
CHN,China,Asia and Pacific,Textile,climate_change,kt CO2eq,1.725338543531936,2019,EXIOBASE v3.8.2 IOT_2016_ixi
LTU,Lithuania,Europe,Minerals and Metals,material_extraction,kt,1.715896889366409,2019,EXIOBASE v3.8.2 IOT_2016_ixi
CHE,Switzerland,Europe,Food and catering,climate_change,kt CO2eq,1.702464560479918,2019,EXIOBASE v3.8.2 IOT_2016_ixi
POL,Poland,Europe,Chemical,material_extraction,kt,1.692091957487026,2019,EXIOBASE v3.8.2 IOT_2016_ixi
NOR,Norway,Europe,Metal Products,climate_change,kt CO2eq,1.6846628580562186,2019,EXIOBASE v3.8.2 IOT_2016_ixi
SVN,Slovenia,Europe,Transport,climate_change,kt CO2eq,1.676141064828977,2019,EXIOBASE v3.8.2 IOT_2016_ixi
JPN,Japan,Asia and Pacific,Coal and Petroleum,climate_change,kt CO2eq,1.6743957963837692,2019,EXIOBASE v3.8.2 IOT_2016_ixi
POL,Poland,Europe,"Steam, hot water supply and water distribution",material_extraction,kt,1.661127368473758,2019,EXIOBASE v3.8.2 IOT_2016_ixi
EST,Estonia,Europe,Transport,climate_change,kt CO2eq,1.6589923788562515,2019,EXIOBASE v3.8.2 IOT_2016_ixi
KOR,South Korea,Asia and Pacific,Coal and Petroleum,climate_change,kt CO2eq,1.6382121026962366,2019,EXIOBASE v3.8.2 IOT_2016_ixi
AUT,Austria,Europe,Transport,climate_change,kt CO2eq,1.6349028057192823,2019,EXIOBASE v3.8.2 IOT_2016_ixi
BEL,Belgium,Europe,Chemical,climate_change,kt CO2eq,1.6281818829686137,2019,EXIOBASE v3.8.2 IOT_2016_ixi
LVA,Latvia,Europe,Minerals and Metals,material_extraction,kt,1.626142211769477,2019,EXIOBASE v3.8.2 IOT_2016_ixi
BGR,Bulgaria,Europe,"Steam, hot water supply and water distribution",climate_change,kt CO2eq,1.5926868934650373,2019,EXIOBASE v3.8.2 IOT_2016_ixi
CZE,Czech Republic,Europe,Coal and Petroleum,climate_change,kt CO2eq,1.5837233171940184,2019,EXIOBASE v3.8.2 IOT_2016_ixi
NLD,Netherlands,Europe,Chemical,material_extraction,kt,1.5816673966133157,2019,EXIOBASE v3.8.2 IOT_2016_ixi
DNK,Denmark,Denmark,Furniture and timber,climate_change,kt CO2eq,1.5795391896074664,2019,EXIOBASE v3.8.2 IOT_2016_ixi
FIN,Finland,Europe,Paper Products,waste_generation,kt,1.5770267810666885,2019,EXIOBASE v3.8.2 IOT_2016_ixi
GBR,United Kingdom,Europe,Natural gas and gaseous fuels,climate_change,kt CO2eq,1.5640814908641898,2019,EXIOBASE v3.8.2 IOT_2016_ixi
GBR,United Kingdom,Europe,Services,climate_change,kt CO2eq,1.5604510720583757,2019,EXIOBASE v3.8.2 IOT_2016_ixi
CHN,China,Asia and Pacific,Services,climate_change,kt CO2eq,1.5541258050483016,2019,EXIOBASE v3.8.2 IOT_2016_ixi
IDN,Indonesia,Asia and Pacific,Food and catering,climate_change,kt CO2eq,1.5468100921772912,2019,EXIOBASE v3.8.2 IOT_2016_ixi
PRT,Portugal,Europe,Waste management and disposal,climate_change,kt CO2eq,1.542968094852492,2019,EXIOBASE v3.8.2 IOT_2016_ixi
RoW Europe,RoW Europe,Europe,Natural gas and gaseous fuels,climate_change,kt CO2eq,1.5371218021219382,2019,EXIOBASE v3.8.2 IOT_2016_ixi
FIN,Finland,Europe,"Steam, hot water supply and water distribution",climate_change,kt CO2eq,1.5327902711848995,2019,EXIOBASE v3.8.2 IOT_2016_ixi
ROU,Romania,Europe,Transport,climate_change,kt CO2eq,1.5237613158002654,2019,EXIOBASE v3.8.2 IOT_2016_ixi
RoW Asia and Pacific,RoW Asia and Pacific,Asia and Pacific,Services,material_extraction,kt,1.5094154210790953,2019,EXIOBASE v3.8.2 IOT_2016_ixi
BRA,Brazil,America,Waste management and disposal,climate_change,kt CO2eq,1.5020848983837096,2019,EXIOBASE v3.8.2 IOT_2016_ixi
HUN,Hungary,Europe,Food and catering,climate_change,kt CO2eq,1.488677597857215,2019,EXIOBASE v3.8.2 IOT_2016_ixi
CZE,Czech Republic,Europe,Chemical,climate_change,kt CO2eq,1.4811966970919852,2019,EXIOBASE v3.8.2 IOT_2016_ixi
CAN,Canada,America,Services,climate_change,kt CO2eq,1.4810586914345818,2019,EXIOBASE v3.8.2 IOT_2016_ixi
SWE,Sweden,Europe,Metal Products,climate_change,kt CO2eq,1.466969167290436,2019,EXIOBASE v3.8.2 IOT_2016_ixi
SWE,Sweden,Europe,Non-metallic mineral products,material_extraction,kt,1.4508192137456062,2019,EXIOBASE v3.8.2 IOT_2016_ixi
USA,United States,America,Paper Products,climate_change,kt CO2eq,1.4167480627913254,2019,EXIOBASE v3.8.2 IOT_2016_ixi
RoW Africa,RoW Africa,Africa,Services,climate_change,kt CO2eq,1.4001149952644252,2019,EXIOBASE v3.8.2 IOT_2016_ixi
IRL,Ireland,Europe,Non-metallic mineral products,material_extraction,kt,1.3930266687985104,2019,EXIOBASE v3.8.2 IOT_2016_ixi
SWE,Sweden,Europe,Coal and Petroleum,waste_generation,kt,1.3919608624949042,2019,EXIOBASE v3.8.2 IOT_2016_ixi
TUR,Turkey,Middle East,Non-metallic mineral products,climate_change,kt CO2eq,1.3891211389334268,2019,EXIOBASE v3.8.2 IOT_2016_ixi
BEL,Belgium,Europe,Waste management and disposal,climate_change,kt CO2eq,1.3840182966732282,2019,EXIOBASE v3.8.2 IOT_2016_ixi
GRC,Greece,Europe,Waste management and disposal,climate_change,kt CO2eq,1.373772345462424,2019,EXIOBASE v3.8.2 IOT_2016_ixi
KOR,South Korea,Asia and Pacific,Food and catering,climate_change,kt CO2eq,1.3722088961842098,2019,EXIOBASE v3.8.2 IOT_2016_ixi
DEU,Germany,Europe,Paper Products,waste_generation,kt,1.3689109886354882,2019,EXIOBASE v3.8.2 IOT_2016_ixi
CHN,China,Asia and Pacific,Chemical,waste_generation,kt,1.359037057694331,2019,EXIOBASE v3.8.2 IOT_2016_ixi
IND,India,Asia and Pacific,Textile,land_use,km2,1.342048521693413,2019,EXIOBASE v3.8.2 IOT_2016_ixi
JPN,Japan,Asia and Pacific,Waste management and disposal,climate_change,kt CO2eq,1.3347942230222496,2019,EXIOBASE v3.8.2 IOT_2016_ixi
DNK,Denmark,Denmark,General and special Machinery,climate_change,kt CO2eq,1.3327184048233132,2019,EXIOBASE v3.8.2 IOT_2016_ixi
SVN,Slovenia,Europe,Minerals and Metals,material_extraction,kt,1.3214840259532736,2019,EXIOBASE v3.8.2 IOT_2016_ixi
RoW Middle East,RoW Middle East,Middle East,Food and catering,waste_generation,kt,1.3186980680757947,2019,EXIOBASE v3.8.2 IOT_2016_ixi
SWE,Sweden,Europe,"Electrical, electronic and measuring equipment",climate_change,kt CO2eq,1.3045742599549264,2019,EXIOBASE v3.8.2 IOT_2016_ixi
NOR,Norway,Europe,Chemical,climate_change,kt CO2eq,1.2970505812113513,2019,EXIOBASE v3.8.2 IOT_2016_ixi
ROU,Romania,Europe,Electricity,climate_change,kt CO2eq,1.2915998548420768,2019,EXIOBASE v3.8.2 IOT_2016_ixi
ITA,Italy,Europe,Services,climate_change,kt CO2eq,1.2853837858086028,2019,EXIOBASE v3.8.2 IOT_2016_ixi
USA,United States,America,Natural gas and gaseous fuels,climate_change,kt CO2eq,1.2852239348276275,2019,EXIOBASE v3.8.2 IOT_2016_ixi
PRT,Portugal,Europe,Electricity,climate_change,kt CO2eq,1.2707191767587782,2019,EXIOBASE v3.8.2 IOT_2016_ixi
POL,Poland,Europe,Natural gas and gaseous fuels,climate_change,kt CO2eq,1.2685948326245844,2019,EXIOBASE v3.8.2 IOT_2016_ixi
RoW Asia and Pacific,RoW Asia and Pacific,Asia and Pacific,Transport,land_use,km2,1.2650106508947303,2019,EXIOBASE v3.8.2 IOT_2016_ixi
RoW Asia and Pacific,RoW Asia and Pacific,Asia and Pacific,Textile,climate_change,kt CO2eq,1.2583625780959362,2019,EXIOBASE v3.8.2 IOT_2016_ixi
CHN,China,Asia and Pacific,Minerals and Metals,climate_change,kt CO2eq,1.2430642484295318,2019,EXIOBASE v3.8.2 IOT_2016_ixi
AUT,Austria,Europe,Waste management and disposal,climate_change,kt CO2eq,1.237412632565364,2019,EXIOBASE v3.8.2 IOT_2016_ixi
AUT,Austria,Europe,Food and catering,climate_change,kt CO2eq,1.2371285726864414,2019,EXIOBASE v3.8.2 IOT_2016_ixi
RoW Middle East,RoW Middle East,Middle East,Furniture and timber,climate_change,kt CO2eq,1.231925568699661,2019,EXIOBASE v3.8.2 IOT_2016_ixi
HUN,Hungary,Europe,Electricity,climate_change,kt CO2eq,1.225554727207896,2019,EXIOBASE v3.8.2 IOT_2016_ixi
JPN,Japan,Asia and Pacific,Food and catering,land_use,km2,1.2143789480355538,2019,EXIOBASE v3.8.2 IOT_2016_ixi
ITA,Italy,Europe,Coal and Petroleum,climate_change,kt CO2eq,1.2067909613025853,2019,EXIOBASE v3.8.2 IOT_2016_ixi
ZAF,South Africa,Africa,Food and catering,climate_change,kt CO2eq,1.2018095195268415,2019,EXIOBASE v3.8.2 IOT_2016_ixi
TUR,Turkey,Middle East,Waste management and disposal,climate_change,kt CO2eq,1.2016913097936057,2019,EXIOBASE v3.8.2 IOT_2016_ixi
SWE,Sweden,Europe,Furniture and timber,land_use,km2,1.1978358826848132,2019,EXIOBASE v3.8.2 IOT_2016_ixi
JPN,Japan,Asia and Pacific,Metal Products,climate_change,kt CO2eq,1.1937039260536253,2019,EXIOBASE v3.8.2 IOT_2016_ixi
ESP,Spain,Europe,Non-metallic mineral products,climate_change,kt CO2eq,1.1930453749414531,2019,EXIOBASE v3.8.2 IOT_2016_ixi
GRC,Greece,Europe,"Steam, hot water supply and water distribution",climate_change,kt CO2eq,1.187645856810658,2019,EXIOBASE v3.8.2 IOT_2016_ixi
ESP,Spain,Europe,Waste management and disposal,climate_change,kt CO2eq,1.187260085806888,2019,EXIOBASE v3.8.2 IOT_2016_ixi
SWE,Sweden,Europe,Services,material_extraction,kt,1.181509171946975,2019,EXIOBASE v3.8.2 IOT_2016_ixi
IRL,Ireland,Europe,Minerals and Metals,material_extraction,kt,1.1596232924326482,2019,EXIOBASE v3.8.2 IOT_2016_ixi
FIN,Finland,Europe,"Electrical, electronic and measuring equipment",material_extraction,kt,1.155656831807375,2019,EXIOBASE v3.8.2 IOT_2016_ixi
RoW Africa,RoW Africa,Africa,Coal and Petroleum,waste_generation,kt,1.1514600578545269,2019,EXIOBASE v3.8.2 IOT_2016_ixi
IDN,Indonesia,Asia and Pacific,Services,climate_change,kt CO2eq,1.1487650341000497,2019,EXIOBASE v3.8.2 IOT_2016_ixi
MEX,Mexico,America,Electricity,climate_change,kt CO2eq,1.1486046794646423,2019,EXIOBASE v3.8.2 IOT_2016_ixi
CZE,Czech Republic,Europe,Non-metallic mineral products,material_extraction,kt,1.145135687492614,2019,EXIOBASE v3.8.2 IOT_2016_ixi
CHE,Switzerland,Europe,Services,climate_change,kt CO2eq,1.1378577475876614,2019,EXIOBASE v3.8.2 IOT_2016_ixi
ROU,Romania,Europe,Food and catering,climate_change,kt CO2eq,1.1078126758283906,2019,EXIOBASE v3.8.2 IOT_2016_ixi
SVN,Slovenia,Europe,Food and catering,land_use,km2,1.1025456166706762,2019,EXIOBASE v3.8.2 IOT_2016_ixi
ITA,Italy,Europe,Natural gas and gaseous fuels,climate_change,kt CO2eq,1.0941409708868726,2019,EXIOBASE v3.8.2 IOT_2016_ixi
EST,Estonia,Europe,Waste management and disposal,climate_change,kt CO2eq,1.0937212672506718,2019,EXIOBASE v3.8.2 IOT_2016_ixi
GBR,United Kingdom,Europe,Minerals and Metals,material_extraction,kt,1.093520114129904,2019,EXIOBASE v3.8.2 IOT_2016_ixi
TWN,Taiwan,Asia and Pacific,Chemical,climate_change,kt CO2eq,1.0911688957038326,2019,EXIOBASE v3.8.2 IOT_2016_ixi
RoW Asia and Pacific,RoW Asia and Pacific,Asia and Pacific,Textile,land_use,km2,1.0827164728646155,2019,EXIOBASE v3.8.2 IOT_2016_ixi
CZE,Czech Republic,Europe,Food and catering,climate_change,kt CO2eq,1.0811362757727037,2019,EXIOBASE v3.8.2 IOT_2016_ixi
DNK,Denmark,Denmark,Food and catering,blue_water_consumption,Mm3,1.0784833758201864,2019,EXIOBASE v3.8.2 IOT_2016_ixi
USA,United States,America,Chemical,waste_generation,kt,1.078130220880966,2019,EXIOBASE v3.8.2 IOT_2016_ixi
RoW America,RoW America,America,Textile,climate_change,kt CO2eq,1.0673465411592806,2019,EXIOBASE v3.8.2 IOT_2016_ixi
PRT,Portugal,Europe,Food and catering,climate_change,kt CO2eq,1.0496735921017009,2019,EXIOBASE v3.8.2 IOT_2016_ixi
HRV,Croatia,Europe,Electricity,climate_change,kt CO2eq,1.048482732096198,2019,EXIOBASE v3.8.2 IOT_2016_ixi
FIN,Finland,Europe,Food and catering,climate_change,kt CO2eq,1.0376665336298418,2019,EXIOBASE v3.8.2 IOT_2016_ixi
RoW America,RoW America,America,Food and catering,blue_water_consumption,Mm3,1.0341820202810181,2019,EXIOBASE v3.8.2 IOT_2016_ixi
RoW America,RoW America,America,Natural gas and gaseous fuels,climate_change,kt CO2eq,1.031324840549667,2019,EXIOBASE v3.8.2 IOT_2016_ixi
RoW Africa,RoW Africa,Africa,Non-metallic mineral products,climate_change,kt CO2eq,1.0270306670795675,2019,EXIOBASE v3.8.2 IOT_2016_ixi
ITA,Italy,Europe,Metal Products,climate_change,kt CO2eq,1.019823815006386,2019,EXIOBASE v3.8.2 IOT_2016_ixi
RoW Africa,RoW Africa,Africa,Minerals and Metals,climate_change,kt CO2eq,1.015239917895405,2019,EXIOBASE v3.8.2 IOT_2016_ixi
GRC,Greece,Europe,Coal and Petroleum,climate_change,kt CO2eq,1.0086671957500057,2019,EXIOBASE v3.8.2 IOT_2016_ixi
SVK,Slovakia,Europe,Non-metallic mineral products,material_extraction,kt,1.0019629654240099,2019,EXIOBASE v3.8.2 IOT_2016_ixi
IND,India,Asia and Pacific,Natural gas and gaseous fuels,climate_change,kt CO2eq,1.000982566359407,2019,EXIOBASE v3.8.2 IOT_2016_ixi
MEX,Mexico,America,Minerals and Metals,material_extraction,kt,0.9989605223796245,2019,EXIOBASE v3.8.2 IOT_2016_ixi
CAN,Canada,America,Chemical,climate_change,kt CO2eq,0.995503403335146,2019,EXIOBASE v3.8.2 IOT_2016_ixi
POL,Poland,Europe,Electricity,climate_change,kt CO2eq,0.9901689304381851,2019,EXIOBASE v3.8.2 IOT_2016_ixi
HUN,Hungary,Europe,"Steam, hot water supply and water distribution",climate_change,kt CO2eq,0.9826775729046732,2019,EXIOBASE v3.8.2 IOT_2016_ixi
HUN,Hungary,Europe,Waste management and disposal,climate_change,kt CO2eq,0.9817405051901875,2019,EXIOBASE v3.8.2 IOT_2016_ixi
DNK,Denmark,Denmark,Coal and Petroleum,material_extraction,kt,0.9807491106982144,2019,EXIOBASE v3.8.2 IOT_2016_ixi
DEU,Germany,Europe,"Electrical, electronic and measuring equipment",climate_change,kt CO2eq,0.9803188919917059,2019,EXIOBASE v3.8.2 IOT_2016_ixi
HRV,Croatia,Europe,Waste management and disposal,climate_change,kt CO2eq,0.9779585950314816,2019,EXIOBASE v3.8.2 IOT_2016_ixi
ITA,Italy,Europe,Waste management and disposal,climate_change,kt CO2eq,0.9737137611132832,2019,EXIOBASE v3.8.2 IOT_2016_ixi
AUT,Austria,Europe,Natural gas and gaseous fuels,climate_change,kt CO2eq,0.9548048848516746,2019,EXIOBASE v3.8.2 IOT_2016_ixi
CYP,Cyprus,Middle East,Minerals and Metals,material_extraction,kt,0.9437988072766296,2019,EXIOBASE v3.8.2 IOT_2016_ixi
DEU,Germany,Europe,Minerals and Metals,climate_change,kt CO2eq,0.9420267301884269,2019,EXIOBASE v3.8.2 IOT_2016_ixi
RoW Europe,RoW Europe,Europe,Food and catering,waste_generation,kt,0.9403681285638807,2019,EXIOBASE v3.8.2 IOT_2016_ixi
SVK,Slovakia,Europe,"Steam, hot water supply and water distribution",climate_change,kt CO2eq,0.938917674543234,2019,EXIOBASE v3.8.2 IOT_2016_ixi
POL,Poland,Europe,Paper Products,climate_change,kt CO2eq,0.9374760657163526,2019,EXIOBASE v3.8.2 IOT_2016_ixi
POL,Poland,Europe,Transport,climate_change,kt CO2eq,0.935012783905796,2019,EXIOBASE v3.8.2 IOT_2016_ixi
RUS,Russia,Europe,Non-metallic mineral products,climate_change,kt CO2eq,0.9294864177073316,2019,EXIOBASE v3.8.2 IOT_2016_ixi
DEU,Germany,Europe,Services,material_extraction,kt,0.9234695268964905,2019,EXIOBASE v3.8.2 IOT_2016_ixi
DNK,Denmark,Denmark,Paper Products,waste_generation,kt,0.9152627221230225,2019,EXIOBASE v3.8.2 IOT_2016_ixi
CHN,China,Asia and Pacific,Paper Products,climate_change,kt CO2eq,0.9146391424957481,2019,EXIOBASE v3.8.2 IOT_2016_ixi
AUS,Australia,Asia and Pacific,Natural gas and gaseous fuels,climate_change,kt CO2eq,0.9073278017404252,2019,EXIOBASE v3.8.2 IOT_2016_ixi
BEL,Belgium,Europe,Coal and Petroleum,climate_change,kt CO2eq,0.8985465680256048,2019,EXIOBASE v3.8.2 IOT_2016_ixi
ZAF,South Africa,Africa,Textile,land_use,km2,0.8981016414540127,2019,EXIOBASE v3.8.2 IOT_2016_ixi
SVN,Slovenia,Europe,"Steam, hot water supply and water distribution",climate_change,kt CO2eq,0.8980742228953161,2019,EXIOBASE v3.8.2 IOT_2016_ixi
GRC,Greece,Europe,Electricity,climate_change,kt CO2eq,0.8886163403655648,2019,EXIOBASE v3.8.2 IOT_2016_ixi
NLD,Netherlands,Europe,Furniture and timber,land_use,km2,0.887901769582961,2019,EXIOBASE v3.8.2 IOT_2016_ixi
POL,Poland,Europe,Services,material_extraction,kt,0.8866304759641304,2019,EXIOBASE v3.8.2 IOT_2016_ixi
RoW America,RoW America,America,Transport,material_extraction,kt,0.8845576567031389,2019,EXIOBASE v3.8.2 IOT_2016_ixi
CYP,Cyprus,Middle East,Electricity,climate_change,kt CO2eq,0.879109092283208,2019,EXIOBASE v3.8.2 IOT_2016_ixi
BGR,Bulgaria,Europe,Transport,climate_change,kt CO2eq,0.8781144056846363,2019,EXIOBASE v3.8.2 IOT_2016_ixi
LTU,Lithuania,Europe,Food and catering,climate_change,kt CO2eq,0.8595102088206801,2019,EXIOBASE v3.8.2 IOT_2016_ixi
CHN,China,Asia and Pacific,Furniture and timber,climate_change,kt CO2eq,0.8584889347319691,2019,EXIOBASE v3.8.2 IOT_2016_ixi
CHE,Switzerland,Europe,Waste management and disposal,climate_change,kt CO2eq,0.8460331783517071,2019,EXIOBASE v3.8.2 IOT_2016_ixi
ZAF,South Africa,Africa,Transport,climate_change,kt CO2eq,0.8442970210022298,2019,EXIOBASE v3.8.2 IOT_2016_ixi
MEX,Mexico,America,Natural gas and gaseous fuels,climate_change,kt CO2eq,0.8420568009275456,2019,EXIOBASE v3.8.2 IOT_2016_ixi
HUN,Hungary,Europe,Food and catering,waste_generation,kt,0.8409094721058479,2019,EXIOBASE v3.8.2 IOT_2016_ixi
IND,India,Asia and Pacific,Services,climate_change,kt CO2eq,0.8405092666875706,2019,EXIOBASE v3.8.2 IOT_2016_ixi
AUT,Austria,Europe,Transport,material_extraction,kt,0.836926081921718,2019,EXIOBASE v3.8.2 IOT_2016_ixi
GBR,United Kingdom,Europe,"Electrical, electronic and measuring equipment",climate_change,kt CO2eq,0.8361490888350475,2019,EXIOBASE v3.8.2 IOT_2016_ixi
CZE,Czech Republic,Europe,Services,climate_change,kt CO2eq,0.835711665360386,2019,EXIOBASE v3.8.2 IOT_2016_ixi
DEU,Germany,Europe,Waste management and disposal,waste_generation,kt,0.8352274447312776,2019,EXIOBASE v3.8.2 IOT_2016_ixi
FIN,Finland,Europe,Coal and Petroleum,climate_change,kt CO2eq,0.8227417400702792,2019,EXIOBASE v3.8.2 IOT_2016_ixi
RoW Europe,RoW Europe,Europe,Transport,land_use,km2,0.819792162224915,2019,EXIOBASE v3.8.2 IOT_2016_ixi
AUS,Australia,Asia and Pacific,Food and catering,blue_water_consumption,Mm3,0.8177963653993892,2019,EXIOBASE v3.8.2 IOT_2016_ixi
POL,Poland,Europe,Chemical,waste_generation,kt,0.8113563335287648,2019,EXIOBASE v3.8.2 IOT_2016_ixi
CHE,Switzerland,Europe,Non-metallic mineral products,climate_change,kt CO2eq,0.8109994408700173,2019,EXIOBASE v3.8.2 IOT_2016_ixi
GBR,United Kingdom,Europe,Chemical,climate_change,kt CO2eq,0.8061432944150126,2019,EXIOBASE v3.8.2 IOT_2016_ixi
LTU,Lithuania,Europe,Non-metallic mineral products,material_extraction,kt,0.8000331440983055,2019,EXIOBASE v3.8.2 IOT_2016_ixi
TUR,Turkey,Middle East,Coal and Petroleum,climate_change,kt CO2eq,0.7991141351193637,2019,EXIOBASE v3.8.2 IOT_2016_ixi
RUS,Russia,Europe,Coal and Petroleum,land_use,km2,0.7980798447346005,2019,EXIOBASE v3.8.2 IOT_2016_ixi
ITA,Italy,Europe,Non-metallic mineral products,climate_change,kt CO2eq,0.7955394218478549,2019,EXIOBASE v3.8.2 IOT_2016_ixi
RoW Europe,RoW Europe,Europe,Food and catering,material_extraction,kt,0.7952596877657592,2019,EXIOBASE v3.8.2 IOT_2016_ixi
JPN,Japan,Asia and Pacific,Waste management and disposal,waste_generation,kt,0.7907041958370483,2019,EXIOBASE v3.8.2 IOT_2016_ixi
ESP,Spain,Europe,Food and catering,blue_water_consumption,Mm3,0.7894300439114038,2019,EXIOBASE v3.8.2 IOT_2016_ixi
NLD,Netherlands,Europe,Food and catering,waste_generation,kt,0.7860385092271911,2019,EXIOBASE v3.8.2 IOT_2016_ixi
RoW Asia and Pacific,RoW Asia and Pacific,Asia and Pacific,"Electrical, electronic and measuring equipment",climate_change,kt CO2eq,0.7846874279334796,2019,EXIOBASE v3.8.2 IOT_2016_ixi
NLD,Netherlands,Europe,Metal Products,climate_change,kt CO2eq,0.7844438836545186,2019,EXIOBASE v3.8.2 IOT_2016_ixi
USA,United States,America,"Steam, hot water supply and water distribution",climate_change,kt CO2eq,0.7805248775264482,2019,EXIOBASE v3.8.2 IOT_2016_ixi
POL,Poland,Europe,Food and catering,waste_generation,kt,0.7798960997564947,2019,EXIOBASE v3.8.2 IOT_2016_ixi
CHN,China,Asia and Pacific,Paper Products,waste_generation,kt,0.7761723034064514,2019,EXIOBASE v3.8.2 IOT_2016_ixi
BEL,Belgium,Europe,Food and catering,waste_generation,kt,0.7711471480996213,2019,EXIOBASE v3.8.2 IOT_2016_ixi
EST,Estonia,Europe,Minerals and Metals,climate_change,kt CO2eq,0.7662619872546664,2019,EXIOBASE v3.8.2 IOT_2016_ixi
HUN,Hungary,Europe,Services,climate_change,kt CO2eq,0.7652136222689019,2019,EXIOBASE v3.8.2 IOT_2016_ixi
GRC,Greece,Europe,Food and catering,waste_generation,kt,0.7635066183640499,2019,EXIOBASE v3.8.2 IOT_2016_ixi
RoW America,RoW America,America,Services,material_extraction,kt,0.7603519435510045,2019,EXIOBASE v3.8.2 IOT_2016_ixi
IRL,Ireland,Europe,Services,climate_change,kt CO2eq,0.7575557116525763,2019,EXIOBASE v3.8.2 IOT_2016_ixi
CZE,Czech Republic,Europe,Non-metallic mineral products,climate_change,kt CO2eq,0.7525720801879032,2019,EXIOBASE v3.8.2 IOT_2016_ixi
KOR,South Korea,Asia and Pacific,Metal Products,climate_change,kt CO2eq,0.7522017721873423,2019,EXIOBASE v3.8.2 IOT_2016_ixi
BRA,Brazil,America,Chemical,material_extraction,kt,0.7497374895115031,2019,EXIOBASE v3.8.2 IOT_2016_ixi
SWE,Sweden,Europe,Non-metallic mineral products,climate_change,kt CO2eq,0.7440392126555161,2019,EXIOBASE v3.8.2 IOT_2016_ixi
RoW Middle East,RoW Middle East,Middle East,Metal Products,climate_change,kt CO2eq,0.7426554492711807,2019,EXIOBASE v3.8.2 IOT_2016_ixi
NLD,Netherlands,Europe,Coal and Petroleum,waste_generation,kt,0.7335037084800562,2019,EXIOBASE v3.8.2 IOT_2016_ixi
FIN,Finland,Europe,Electricity,climate_change,kt CO2eq,0.7312085718524745,2019,EXIOBASE v3.8.2 IOT_2016_ixi
IRL,Ireland,Europe,Food and catering,waste_generation,kt,0.7298458065219882,2019,EXIOBASE v3.8.2 IOT_2016_ixi
FRA,France,Europe,"Electrical, electronic and measuring equipment",climate_change,kt CO2eq,0.7282124834497926,2019,EXIOBASE v3.8.2 IOT_2016_ixi
LTU,Lithuania,Europe,Transport,climate_change,kt CO2eq,0.7270626631799904,2019,EXIOBASE v3.8.2 IOT_2016_ixi
HUN,Hungary,Europe,Coal and Petroleum,climate_change,kt CO2eq,0.7261149563970295,2019,EXIOBASE v3.8.2 IOT_2016_ixi
GBR,United Kingdom,Europe,Minerals and Metals,climate_change,kt CO2eq,0.720981153233125,2019,EXIOBASE v3.8.2 IOT_2016_ixi
RUS,Russia,Europe,Electricity,climate_change,kt CO2eq,0.7145079646065727,2019,EXIOBASE v3.8.2 IOT_2016_ixi
BGR,Bulgaria,Europe,Construction,material_extraction,kt,0.7139601526630646,2019,EXIOBASE v3.8.2 IOT_2016_ixi
JPN,Japan,Asia and Pacific,Chemical,climate_change,kt CO2eq,0.7127823129394356,2019,EXIOBASE v3.8.2 IOT_2016_ixi
CZE,Czech Republic,Europe,Waste management and disposal,climate_change,kt CO2eq,0.7106662788169,2019,EXIOBASE v3.8.2 IOT_2016_ixi
AUT,Austria,Europe,Metal Products,climate_change,kt CO2eq,0.7075698719594249,2019,EXIOBASE v3.8.2 IOT_2016_ixi
FIN,Finland,Europe,Paper Products,climate_change,kt CO2eq,0.7055446515454589,2019,EXIOBASE v3.8.2 IOT_2016_ixi
RoW Asia and Pacific,RoW Asia and Pacific,Asia and Pacific,Construction,climate_change,kt CO2eq,0.7005125396714086,2019,EXIOBASE v3.8.2 IOT_2016_ixi
IDN,Indonesia,Asia and Pacific,Chemical,climate_change,kt CO2eq,0.6993105411133638,2019,EXIOBASE v3.8.2 IOT_2016_ixi
RoW Asia and Pacific,RoW Asia and Pacific,Asia and Pacific,Food and catering,material_extraction,kt,0.6971969088441298,2019,EXIOBASE v3.8.2 IOT_2016_ixi
RUS,Russia,Europe,Coal and Petroleum,waste_generation,kt,0.6960062662740731,2019,EXIOBASE v3.8.2 IOT_2016_ixi
USA,United States,America,Paper Products,waste_generation,kt,0.6934452521013454,2019,EXIOBASE v3.8.2 IOT_2016_ixi
DNK,Denmark,Denmark,Natural gas and gaseous fuels,climate_change,kt CO2eq,0.6917529419403114,2019,EXIOBASE v3.8.2 IOT_2016_ixi
USA,United States,America,Metal Products,climate_change,kt CO2eq,0.6904680586104928,2019,EXIOBASE v3.8.2 IOT_2016_ixi
HUN,Hungary,Europe,Transport,climate_change,kt CO2eq,0.689313527173005,2019,EXIOBASE v3.8.2 IOT_2016_ixi
RUS,Russia,Europe,Minerals and Metals,climate_change,kt CO2eq,0.6881402144679902,2019,EXIOBASE v3.8.2 IOT_2016_ixi
RoW America,RoW America,America,Non-metallic mineral products,climate_change,kt CO2eq,0.6880311864198847,2019,EXIOBASE v3.8.2 IOT_2016_ixi
RoW Europe,RoW Europe,Europe,Services,climate_change,kt CO2eq,0.6816846584867151,2019,EXIOBASE v3.8.2 IOT_2016_ixi
TUR,Turkey,Middle East,Food and catering,blue_water_consumption,Mm3,0.6815052436713537,2019,EXIOBASE v3.8.2 IOT_2016_ixi
PRT,Portugal,Europe,Minerals and Metals,climate_change,kt CO2eq,0.6806905732909225,2019,EXIOBASE v3.8.2 IOT_2016_ixi
SVK,Slovakia,Europe,Metal Products,climate_change,kt CO2eq,0.6785632150778826,2019,EXIOBASE v3.8.2 IOT_2016_ixi
HRV,Croatia,Europe,Services,land_use,km2,0.678024984925691,2019,EXIOBASE v3.8.2 IOT_2016_ixi
TUR,Turkey,Middle East,Chemical,climate_change,kt CO2eq,0.6743047922458527,2019,EXIOBASE v3.8.2 IOT_2016_ixi
BGR,Bulgaria,Europe,Food and catering,climate_change,kt CO2eq,0.6742962191534105,2019,EXIOBASE v3.8.2 IOT_2016_ixi
HRV,Croatia,Europe,Coal and Petroleum,climate_change,kt CO2eq,0.6715371048144423,2019,EXIOBASE v3.8.2 IOT_2016_ixi
RoW Middle East,RoW Middle East,Middle East,Coal and Petroleum,material_extraction,kt,0.6679324447692375,2019,EXIOBASE v3.8.2 IOT_2016_ixi
RoW Asia and Pacific,RoW Asia and Pacific,Asia and Pacific,Services,waste_generation,kt,0.6651261713178243,2019,EXIOBASE v3.8.2 IOT_2016_ixi
ROU,Romania,Europe,Coal and Petroleum,climate_change,kt CO2eq,0.6610879106561693,2019,EXIOBASE v3.8.2 IOT_2016_ixi
BEL,Belgium,Europe,Waste management and disposal,waste_generation,kt,0.6582501148353166,2019,EXIOBASE v3.8.2 IOT_2016_ixi
DEU,Germany,Europe,Food and catering,waste_generation,kt,0.6547601422583424,2019,EXIOBASE v3.8.2 IOT_2016_ixi
NLD,Netherlands,Europe,Natural gas and gaseous fuels,climate_change,kt CO2eq,0.651194806973387,2019,EXIOBASE v3.8.2 IOT_2016_ixi
LUX,Luxembourg,Europe,Food and catering,climate_change,kt CO2eq,0.6490498295910087,2019,EXIOBASE v3.8.2 IOT_2016_ixi
CHN,China,Asia and Pacific,"Electrical, electronic and measuring equipment",climate_change,kt CO2eq,0.6454722338104896,2019,EXIOBASE v3.8.2 IOT_2016_ixi
CHN,China,Asia and Pacific,Metal Products,waste_generation,kt,0.6444303630502756,2019,EXIOBASE v3.8.2 IOT_2016_ixi
RoW America,RoW America,America,Services,climate_change,kt CO2eq,0.642021254310047,2019,EXIOBASE v3.8.2 IOT_2016_ixi
DEU,Germany,Europe,Metal Products,waste_generation,kt,0.6386181214348152,2019,EXIOBASE v3.8.2 IOT_2016_ixi
BEL,Belgium,Europe,Non-metallic mineral products,climate_change,kt CO2eq,0.636942494927305,2019,EXIOBASE v3.8.2 IOT_2016_ixi
USA,United States,America,Waste management and disposal,waste_generation,kt,0.6365181678313495,2019,EXIOBASE v3.8.2 IOT_2016_ixi
BGR,Bulgaria,Europe,Chemical,climate_change,kt CO2eq,0.6213931267105023,2019,EXIOBASE v3.8.2 IOT_2016_ixi
ZAF,South Africa,Africa,Metal Products,climate_change,kt CO2eq,0.6169105599960096,2019,EXIOBASE v3.8.2 IOT_2016_ixi
HRV,Croatia,Europe,Non-metallic mineral products,material_extraction,kt,0.6132176996881731,2019,EXIOBASE v3.8.2 IOT_2016_ixi
GBR,United Kingdom,Europe,Metal Products,climate_change,kt CO2eq,0.6125222711997355,2019,EXIOBASE v3.8.2 IOT_2016_ixi
IND,India,Asia and Pacific,Furniture and timber,climate_change,kt CO2eq,0.610917170267844,2019,EXIOBASE v3.8.2 IOT_2016_ixi
PRT,Portugal,Europe,Coal and Petroleum,climate_change,kt CO2eq,0.6079158388976089,2019,EXIOBASE v3.8.2 IOT_2016_ixi
BRA,Brazil,America,Minerals and Metals,climate_change,kt CO2eq,0.6073420021267649,2019,EXIOBASE v3.8.2 IOT_2016_ixi
AUS,Australia,Asia and Pacific,Metal Products,climate_change,kt CO2eq,0.6067574760177499,2019,EXIOBASE v3.8.2 IOT_2016_ixi
ZAF,South Africa,Africa,Paper Products,climate_change,kt CO2eq,0.6040809303469732,2019,EXIOBASE v3.8.2 IOT_2016_ixi
NOR,Norway,Europe,Paper Products,waste_generation,kt,0.6025062427759049,2019,EXIOBASE v3.8.2 IOT_2016_ixi
LVA,Latvia,Europe,Chemical,waste_generation,kt,0.5956352319836714,2019,EXIOBASE v3.8.2 IOT_2016_ixi
BGR,Bulgaria,Europe,Non-metallic mineral products,climate_change,kt CO2eq,0.5954495092231901,2019,EXIOBASE v3.8.2 IOT_2016_ixi
LUX,Luxembourg,Europe,Food and catering,land_use,km2,0.5937023448364755,2019,EXIOBASE v3.8.2 IOT_2016_ixi
RoW Asia and Pacific,RoW Asia and Pacific,Asia and Pacific,Paper Products,climate_change,kt CO2eq,0.592895181970423,2019,EXIOBASE v3.8.2 IOT_2016_ixi
NLD,Netherlands,Europe,Waste management and disposal,waste_generation,kt,0.5876474461248755,2019,EXIOBASE v3.8.2 IOT_2016_ixi
USA,United States,America,Minerals and Metals,climate_change,kt CO2eq,0.5856789710989123,2019,EXIOBASE v3.8.2 IOT_2016_ixi
RoW Middle East,RoW Middle East,Middle East,Services,material_extraction,kt,0.5822583028977641,2019,EXIOBASE v3.8.2 IOT_2016_ixi
RoW Africa,RoW Africa,Africa,Textile,land_use,km2,0.5820578632986209,2019,EXIOBASE v3.8.2 IOT_2016_ixi
ROU,Romania,Europe,Chemical,climate_change,kt CO2eq,0.5817699774179393,2019,EXIOBASE v3.8.2 IOT_2016_ixi
POL,Poland,Europe,"Electrical, electronic and measuring equipment",material_extraction,kt,0.5790411717214262,2019,EXIOBASE v3.8.2 IOT_2016_ixi
SWE,Sweden,Europe,Electricity,climate_change,kt CO2eq,0.5787593384432462,2019,EXIOBASE v3.8.2 IOT_2016_ixi
SWE,Sweden,Europe,Chemical,material_extraction,kt,0.5729337173605183,2019,EXIOBASE v3.8.2 IOT_2016_ixi
NOR,Norway,Europe,"Electrical, electronic and measuring equipment",climate_change,kt CO2eq,0.5726795544265786,2019,EXIOBASE v3.8.2 IOT_2016_ixi
CHN,China,Asia and Pacific,Chemical,blue_water_consumption,Mm3,0.5723723523863035,2019,EXIOBASE v3.8.2 IOT_2016_ixi
CZE,Czech Republic,Europe,Metal Products,climate_change,kt CO2eq,0.5708856745523601,2019,EXIOBASE v3.8.2 IOT_2016_ixi
RoW Europe,RoW Europe,Europe,Food and catering,blue_water_consumption,Mm3,0.570750517643392,2019,EXIOBASE v3.8.2 IOT_2016_ixi
MLT,Malta,Europe,Electricity,climate_change,kt CO2eq,0.5694548698992214,2019,EXIOBASE v3.8.2 IOT_2016_ixi
JPN,Japan,Asia and Pacific,Services,climate_change,kt CO2eq,0.567294584427933,2019,EXIOBASE v3.8.2 IOT_2016_ixi
RoW Asia and Pacific,RoW Asia and Pacific,Asia and Pacific,Electricity,land_use,km2,0.5656669029978767,2019,EXIOBASE v3.8.2 IOT_2016_ixi
GRC,Greece,Europe,Coal and Petroleum,waste_generation,kt,0.5651555007731898,2019,EXIOBASE v3.8.2 IOT_2016_ixi
MEX,Mexico,America,Waste management and disposal,climate_change,kt CO2eq,0.5626226930631871,2019,EXIOBASE v3.8.2 IOT_2016_ixi
RoW Africa,RoW Africa,Africa,Coal and Petroleum,material_extraction,kt,0.5618188122358453,2019,EXIOBASE v3.8.2 IOT_2016_ixi
CHN,China,Asia and Pacific,General and special Machinery,climate_change,kt CO2eq,0.5585029395338129,2019,EXIOBASE v3.8.2 IOT_2016_ixi
EST,Estonia,Europe,Food and catering,climate_change,kt CO2eq,0.5571863684985451,2019,EXIOBASE v3.8.2 IOT_2016_ixi
RoW Europe,RoW Europe,Europe,Construction,material_extraction,kt,0.5564607186093234,2019,EXIOBASE v3.8.2 IOT_2016_ixi
IND,India,Asia and Pacific,Electricity,waste_generation,kt,0.554194276607228,2019,EXIOBASE v3.8.2 IOT_2016_ixi
DEU,Germany,Europe,Electricity,waste_generation,kt,0.5527451662303613,2019,EXIOBASE v3.8.2 IOT_2016_ixi
KOR,South Korea,Asia and Pacific,Services,climate_change,kt CO2eq,0.5517483029720895,2019,EXIOBASE v3.8.2 IOT_2016_ixi
FRA,France,Europe,Metal Products,climate_change,kt CO2eq,0.5500053046091224,2019,EXIOBASE v3.8.2 IOT_2016_ixi
POL,Poland,Europe,Waste management and disposal,material_extraction,kt,0.5485661404754126,2019,EXIOBASE v3.8.2 IOT_2016_ixi
SWE,Sweden,Europe,Minerals and Metals,climate_change,kt CO2eq,0.5466636033699599,2019,EXIOBASE v3.8.2 IOT_2016_ixi
TUR,Turkey,Middle East,Food and catering,waste_generation,kt,0.5464557827415495,2019,EXIOBASE v3.8.2 IOT_2016_ixi
SWE,Sweden,Europe,"Steam, hot water supply and water distribution",climate_change,kt CO2eq,0.5460727202052077,2019,EXIOBASE v3.8.2 IOT_2016_ixi
FRA,France,Europe,Natural gas and gaseous fuels,climate_change,kt CO2eq,0.5437573040634264,2019,EXIOBASE v3.8.2 IOT_2016_ixi
TWN,Taiwan,Asia and Pacific,Coal and Petroleum,climate_change,kt CO2eq,0.542880660154035,2019,EXIOBASE v3.8.2 IOT_2016_ixi
USA,United States,America,Non-metallic mineral products,climate_change,kt CO2eq,0.5421904822492885,2019,EXIOBASE v3.8.2 IOT_2016_ixi
BEL,Belgium,Europe,Coal and Petroleum,waste_generation,kt,0.542150159059954,2019,EXIOBASE v3.8.2 IOT_2016_ixi
PRT,Portugal,Europe,Coal and Petroleum,waste_generation,kt,0.542053562123861,2019,EXIOBASE v3.8.2 IOT_2016_ixi
USA,United States,America,Textile,land_use,km2,0.5398270309340226,2019,EXIOBASE v3.8.2 IOT_2016_ixi
SWE,Sweden,Europe,Chemical,climate_change,kt CO2eq,0.5383202180507679,2019,EXIOBASE v3.8.2 IOT_2016_ixi
POL,Poland,Europe,"Electrical, electronic and measuring equipment",climate_change,kt CO2eq,0.5381339032077281,2019,EXIOBASE v3.8.2 IOT_2016_ixi
IND,India,Asia and Pacific,Transport Equipment,climate_change,kt CO2eq,0.5371522013140118,2019,EXIOBASE v3.8.2 IOT_2016_ixi
SVK,Slovakia,Europe,Waste management and disposal,climate_change,kt CO2eq,0.5366680473123749,2019,EXIOBASE v3.8.2 IOT_2016_ixi
SVK,Slovakia,Europe,Services,climate_change,kt CO2eq,0.5365390225030184,2019,EXIOBASE v3.8.2 IOT_2016_ixi
CHN,China,Asia and Pacific,Textile,land_use,km2,0.5362292858701434,2019,EXIOBASE v3.8.2 IOT_2016_ixi
GBR,United Kingdom,Europe,Waste management and disposal,waste_generation,kt,0.5343884590424777,2019,EXIOBASE v3.8.2 IOT_2016_ixi
RoW America,RoW America,America,Coal and Petroleum,material_extraction,kt,0.5341442549958114,2019,EXIOBASE v3.8.2 IOT_2016_ixi
KOR,South Korea,Asia and Pacific,Natural gas and gaseous fuels,climate_change,kt CO2eq,0.533719728757804,2019,EXIOBASE v3.8.2 IOT_2016_ixi
BRA,Brazil,America,Services,climate_change,kt CO2eq,0.5333240297021454,2019,EXIOBASE v3.8.2 IOT_2016_ixi
BEL,Belgium,Europe,Metal Products,climate_change,kt CO2eq,0.5329031800848917,2019,EXIOBASE v3.8.2 IOT_2016_ixi
ITA,Italy,Europe,Food and catering,waste_generation,kt,0.5315099588517571,2019,EXIOBASE v3.8.2 IOT_2016_ixi
CAN,Canada,America,Food and catering,waste_generation,kt,0.5290551420715766,2019,EXIOBASE v3.8.2 IOT_2016_ixi
AUT,Austria,Europe,Services,climate_change,kt CO2eq,0.5290186667738986,2019,EXIOBASE v3.8.2 IOT_2016_ixi
JPN,Japan,Asia and Pacific,Non-metallic mineral products,climate_change,kt CO2eq,0.5241307955254776,2019,EXIOBASE v3.8.2 IOT_2016_ixi
TWN,Taiwan,Asia and Pacific,Natural gas and gaseous fuels,climate_change,kt CO2eq,0.5195316055806082,2019,EXIOBASE v3.8.2 IOT_2016_ixi
LTU,Lithuania,Europe,Coal and Petroleum,climate_change,kt CO2eq,0.5182017924858133,2019,EXIOBASE v3.8.2 IOT_2016_ixi
RoW Asia and Pacific,RoW Asia and Pacific,Asia and Pacific,Furniture and timber,climate_change,kt CO2eq,0.517133672288061,2019,EXIOBASE v3.8.2 IOT_2016_ixi
RoW America,RoW America,America,Transport,land_use,km2,0.5170432415713742,2019,EXIOBASE v3.8.2 IOT_2016_ixi
ESP,Spain,Europe,Metal Products,climate_change,kt CO2eq,0.5127162657986519,2019,EXIOBASE v3.8.2 IOT_2016_ixi
TWN,Taiwan,Asia and Pacific,Waste management and disposal,climate_change,kt CO2eq,0.5037011276858745,2019,EXIOBASE v3.8.2 IOT_2016_ixi
NOR,Norway,Europe,Waste management and disposal,climate_change,kt CO2eq,0.5024179737413289,2019,EXIOBASE v3.8.2 IOT_2016_ixi
HRV,Croatia,Europe,Food and catering,climate_change,kt CO2eq,0.5009042545353657,2019,EXIOBASE v3.8.2 IOT_2016_ixi
RoW Europe,RoW Europe,Europe,Electricity,waste_generation,kt,0.4993111232489313,2019,EXIOBASE v3.8.2 IOT_2016_ixi
MLT,Malta,Europe,Minerals and Metals,material_extraction,kt,0.4978930192638125,2019,EXIOBASE v3.8.2 IOT_2016_ixi
BRA,Brazil,America,Chemical,climate_change,kt CO2eq,0.49770696155258043,2019,EXIOBASE v3.8.2 IOT_2016_ixi
TUR,Turkey,Middle East,Services,climate_change,kt CO2eq,0.49634691180937635,2019,EXIOBASE v3.8.2 IOT_2016_ixi
SWE,Sweden,Europe,Transport Equipment,climate_change,kt CO2eq,0.49326183019881786,2019,EXIOBASE v3.8.2 IOT_2016_ixi
KOR,South Korea,Asia and Pacific,Food and catering,waste_generation,kt,0.4920700343230057,2019,EXIOBASE v3.8.2 IOT_2016_ixi
RUS,Russia,Europe,Chemical,material_extraction,kt,0.49120292326225845,2019,EXIOBASE v3.8.2 IOT_2016_ixi
LVA,Latvia,Europe,"Steam, hot water supply and water distribution",climate_change,kt CO2eq,0.48636202281317176,2019,EXIOBASE v3.8.2 IOT_2016_ixi
IND,India,Asia and Pacific,Minerals and Metals,climate_change,kt CO2eq,0.48356371878881044,2019,EXIOBASE v3.8.2 IOT_2016_ixi
RoW Europe,RoW Europe,Europe,Chemical,waste_generation,kt,0.48264988275943055,2019,EXIOBASE v3.8.2 IOT_2016_ixi
RoW Europe,RoW Europe,Europe,Coal and Petroleum,material_extraction,kt,0.48158475801436296,2019,EXIOBASE v3.8.2 IOT_2016_ixi
SVK,Slovakia,Europe,Natural gas and gaseous fuels,climate_change,kt CO2eq,0.4815142822261854,2019,EXIOBASE v3.8.2 IOT_2016_ixi
POL,Poland,Europe,Electricity,waste_generation,kt,0.4802236931546466,2019,EXIOBASE v3.8.2 IOT_2016_ixi
ESP,Spain,Europe,Chemical,climate_change,kt CO2eq,0.47919466899777113,2019,EXIOBASE v3.8.2 IOT_2016_ixi
SWE,Sweden,Europe,Waste management and disposal,waste_generation,kt,0.47877689874050244,2019,EXIOBASE v3.8.2 IOT_2016_ixi
CAN,Canada,America,Natural gas and gaseous fuels,climate_change,kt CO2eq,0.4766833852578072,2019,EXIOBASE v3.8.2 IOT_2016_ixi
PRT,Portugal,Europe,Non-metallic mineral products,climate_change,kt CO2eq,0.47551313164459963,2019,EXIOBASE v3.8.2 IOT_2016_ixi
RoW Europe,RoW Europe,Europe,Paper Products,climate_change,kt CO2eq,0.47476552026464547,2019,EXIOBASE v3.8.2 IOT_2016_ixi
TUR,Turkey,Middle East,"Steam, hot water supply and water distribution",climate_change,kt CO2eq,0.4745339251059757,2019,EXIOBASE v3.8.2 IOT_2016_ixi
CHE,Switzerland,Europe,Construction,material_extraction,kt,0.4733518376190453,2019,EXIOBASE v3.8.2 IOT_2016_ixi
RoW Europe,RoW Europe,Europe,Minerals and Metals,climate_change,kt CO2eq,0.4710114405048119,2019,EXIOBASE v3.8.2 IOT_2016_ixi
KOR,South Korea,Asia and Pacific,Waste management and disposal,climate_change,kt CO2eq,0.4708251901394853,2019,EXIOBASE v3.8.2 IOT_2016_ixi
FRA,France,Europe,Electricity,climate_change,kt CO2eq,0.4657163024494371,2019,EXIOBASE v3.8.2 IOT_2016_ixi
RoW America,RoW America,America,Food and catering,waste_generation,kt,0.4646995833159989,2019,EXIOBASE v3.8.2 IOT_2016_ixi
SWE,Sweden,Europe,Construction,material_extraction,kt,0.4642782859393926,2019,EXIOBASE v3.8.2 IOT_2016_ixi
RoW Middle East,RoW Middle East,Middle East,Food and catering,material_extraction,kt,0.46114211676266964,2019,EXIOBASE v3.8.2 IOT_2016_ixi
TUR,Turkey,Middle East,Textile,climate_change,kt CO2eq,0.45996819172003556,2019,EXIOBASE v3.8.2 IOT_2016_ixi
CHE,Switzerland,Europe,Non-metallic mineral products,material_extraction,kt,0.457322717769725,2019,EXIOBASE v3.8.2 IOT_2016_ixi
ROU,Romania,Europe,Services,climate_change,kt CO2eq,0.45671536091617426,2019,EXIOBASE v3.8.2 IOT_2016_ixi
BRA,Brazil,America,Textile,land_use,km2,0.45309951537686305,2019,EXIOBASE v3.8.2 IOT_2016_ixi
AUT,Austria,Europe,Non-metallic mineral products,material_extraction,kt,0.45053974749928705,2019,EXIOBASE v3.8.2 IOT_2016_ixi
RoW Asia and Pacific,RoW Asia and Pacific,Asia and Pacific,Electricity,waste_generation,kt,0.45035629318317283,2019,EXIOBASE v3.8.2 IOT_2016_ixi
FIN,Finland,Europe,Coal and Petroleum,waste_generation,kt,0.44975031511996166,2019,EXIOBASE v3.8.2 IOT_2016_ixi
LVA,Latvia,Europe,Furniture and timber,land_use,km2,0.44877005072040055,2019,EXIOBASE v3.8.2 IOT_2016_ixi
RoW Asia and Pacific,RoW Asia and Pacific,Asia and Pacific,Transport,waste_generation,kt,0.44874363404959444,2019,EXIOBASE v3.8.2 IOT_2016_ixi
USA,United States,America,Electricity,waste_generation,kt,0.4481541847667742,2019,EXIOBASE v3.8.2 IOT_2016_ixi
ESP,Spain,Europe,Natural gas and gaseous fuels,climate_change,kt CO2eq,0.4422689542918689,2019,EXIOBASE v3.8.2 IOT_2016_ixi
RUS,Russia,Europe,Food and catering,material_extraction,kt,0.4418278737367157,2019,EXIOBASE v3.8.2 IOT_2016_ixi
SVK,Slovakia,Europe,Non-metallic mineral products,climate_change,kt CO2eq,0.4416052422238043,2019,EXIOBASE v3.8.2 IOT_2016_ixi
ZAF,South Africa,Africa,Electricity,waste_generation,kt,0.4412073233414715,2019,EXIOBASE v3.8.2 IOT_2016_ixi
GBR,United Kingdom,Europe,Non-metallic mineral products,climate_change,kt CO2eq,0.4399304770784567,2019,EXIOBASE v3.8.2 IOT_2016_ixi
FRA,France,Europe,Chemical,climate_change,kt CO2eq,0.4370996413399071,2019,EXIOBASE v3.8.2 IOT_2016_ixi
RUS,Russia,Europe,Transport,land_use,km2,0.43598245515262707,2019,EXIOBASE v3.8.2 IOT_2016_ixi
SWE,Sweden,Europe,Services,climate_change,kt CO2eq,0.4344922107208864,2019,EXIOBASE v3.8.2 IOT_2016_ixi
IND,India,Asia and Pacific,Textile,climate_change,kt CO2eq,0.4341019798305286,2019,EXIOBASE v3.8.2 IOT_2016_ixi
HRV,Croatia,Europe,"Steam, hot water supply and water distribution",climate_change,kt CO2eq,0.43327690960430054,2019,EXIOBASE v3.8.2 IOT_2016_ixi
CAN,Canada,America,Construction,material_extraction,kt,0.4309621377118307,2019,EXIOBASE v3.8.2 IOT_2016_ixi
SVN,Slovenia,Europe,"Electrical, electronic and measuring equipment",climate_change,kt CO2eq,0.4287476923150323,2019,EXIOBASE v3.8.2 IOT_2016_ixi
NOR,Norway,Europe,Chemical,material_extraction,kt,0.427215798018217,2019,EXIOBASE v3.8.2 IOT_2016_ixi
ITA,Italy,Europe,Waste management and disposal,waste_generation,kt,0.4247699458411908,2019,EXIOBASE v3.8.2 IOT_2016_ixi
MLT,Malta,Europe,Transport,waste_generation,kt,0.42374136119180805,2019,EXIOBASE v3.8.2 IOT_2016_ixi
RoW Europe,RoW Europe,Europe,Non-metallic mineral products,material_extraction,kt,0.42347159166399817,2019,EXIOBASE v3.8.2 IOT_2016_ixi
JPN,Japan,Asia and Pacific,Natural gas and gaseous fuels,climate_change,kt CO2eq,0.4214044999896651,2019,EXIOBASE v3.8.2 IOT_2016_ixi
AUT,Austria,Europe,Coal and Petroleum,climate_change,kt CO2eq,0.4205568930046901,2019,EXIOBASE v3.8.2 IOT_2016_ixi
AUT,Austria,Europe,Minerals and Metals,climate_change,kt CO2eq,0.4188699276161983,2019,EXIOBASE v3.8.2 IOT_2016_ixi
ESP,Spain,Europe,Services,climate_change,kt CO2eq,0.4186271865171566,2019,EXIOBASE v3.8.2 IOT_2016_ixi
HUN,Hungary,Europe,Non-metallic mineral products,material_extraction,kt,0.4180368304814634,2019,EXIOBASE v3.8.2 IOT_2016_ixi
RoW America,RoW America,America,Services,land_use,km2,0.41581550323383826,2019,EXIOBASE v3.8.2 IOT_2016_ixi
RoW Europe,RoW Europe,Europe,Services,land_use,km2,0.4157239402706487,2019,EXIOBASE v3.8.2 IOT_2016_ixi
NLD,Netherlands,Europe,Coal and Petroleum,material_extraction,kt,0.4132587199418477,2019,EXIOBASE v3.8.2 IOT_2016_ixi
ESP,Spain,Europe,Food and catering,waste_generation,kt,0.4130834228918922,2019,EXIOBASE v3.8.2 IOT_2016_ixi
RUS,Russia,Europe,Coal and Petroleum,material_extraction,kt,0.41158404959955114,2019,EXIOBASE v3.8.2 IOT_2016_ixi
FIN,Finland,Europe,Non-metallic mineral products,material_extraction,kt,0.41019887549984657,2019,EXIOBASE v3.8.2 IOT_2016_ixi
SVK,Slovakia,Europe,Transport,climate_change,kt CO2eq,0.4091972820048202,2019,EXIOBASE v3.8.2 IOT_2016_ixi
SVK,Slovakia,Europe,Food and catering,climate_change,kt CO2eq,0.40900419180645414,2019,EXIOBASE v3.8.2 IOT_2016_ixi
NLD,Netherlands,Europe,Textile,climate_change,kt CO2eq,0.4084085233268748,2019,EXIOBASE v3.8.2 IOT_2016_ixi
CZE,Czech Republic,Europe,Natural gas and gaseous fuels,climate_change,kt CO2eq,0.40754665820499536,2019,EXIOBASE v3.8.2 IOT_2016_ixi
ROU,Romania,Europe,"Steam, hot water supply and water distribution",climate_change,kt CO2eq,0.4043387613395418,2019,EXIOBASE v3.8.2 IOT_2016_ixi
CHN,China,Asia and Pacific,Metal Products,blue_water_consumption,Mm3,0.4021623261492976,2019,EXIOBASE v3.8.2 IOT_2016_ixi
CYP,Cyprus,Middle East,Food and catering,waste_generation,kt,0.39927381082423535,2019,EXIOBASE v3.8.2 IOT_2016_ixi
GRC,Greece,Europe,Food and catering,blue_water_consumption,Mm3,0.3978430735312358,2019,EXIOBASE v3.8.2 IOT_2016_ixi
PRT,Portugal,Europe,Metal Products,climate_change,kt CO2eq,0.39434362119434063,2019,EXIOBASE v3.8.2 IOT_2016_ixi
MLT,Malta,Europe,Transport,climate_change,kt CO2eq,0.39134256639127557,2019,EXIOBASE v3.8.2 IOT_2016_ixi
USA,United States,America,Transport Equipment,climate_change,kt CO2eq,0.39073788669658455,2019,EXIOBASE v3.8.2 IOT_2016_ixi
POL,Poland,Europe,Paper Products,waste_generation,kt,0.39023626314364784,2019,EXIOBASE v3.8.2 IOT_2016_ixi
DEU,Germany,Europe,Construction,waste_generation,kt,0.38971858484867156,2019,EXIOBASE v3.8.2 IOT_2016_ixi
RoW Africa,RoW Africa,Africa,Food and catering,material_extraction,kt,0.38911421847226735,2019,EXIOBASE v3.8.2 IOT_2016_ixi
NLD,Netherlands,Europe,Chemical,waste_generation,kt,0.38730889007545866,2019,EXIOBASE v3.8.2 IOT_2016_ixi
MEX,Mexico,America,Chemical,climate_change,kt CO2eq,0.38709007628031156,2019,EXIOBASE v3.8.2 IOT_2016_ixi
USA,United States,America,"Electrical, electronic and measuring equipment",climate_change,kt CO2eq,0.38605680556671335,2019,EXIOBASE v3.8.2 IOT_2016_ixi
SWE,Sweden,Europe,Food and catering,waste_generation,kt,0.38369131264343115,2019,EXIOBASE v3.8.2 IOT_2016_ixi
ZAF,South Africa,Africa,Chemical,climate_change,kt CO2eq,0.38254367598620537,2019,EXIOBASE v3.8.2 IOT_2016_ixi
FIN,Finland,Europe,"Electrical, electronic and measuring equipment",climate_change,kt CO2eq,0.37981873900878593,2019,EXIOBASE v3.8.2 IOT_2016_ixi
RoW Africa,RoW Africa,Africa,"Electrical, electronic and measuring equipment",climate_change,kt CO2eq,0.3760935691823948,2019,EXIOBASE v3.8.2 IOT_2016_ixi
CAN,Canada,America,Metal Products,climate_change,kt CO2eq,0.3747068099702208,2019,EXIOBASE v3.8.2 IOT_2016_ixi
CAN,Canada,America,Furniture and timber,land_use,km2,0.3735787332282047,2019,EXIOBASE v3.8.2 IOT_2016_ixi
DEU,Germany,Europe,"Steam, hot water supply and water distribution",waste_generation,kt,0.37151734944157516,2019,EXIOBASE v3.8.2 IOT_2016_ixi
RoW Africa,RoW Africa,Africa,Services,land_use,km2,0.37123816315909086,2019,EXIOBASE v3.8.2 IOT_2016_ixi
AUS,Australia,Asia and Pacific,"Electrical, electronic and measuring equipment",climate_change,kt CO2eq,0.3706079048763221,2019,EXIOBASE v3.8.2 IOT_2016_ixi
CZE,Czech Republic,Europe,Construction,material_extraction,kt,0.3704731235008337,2019,EXIOBASE v3.8.2 IOT_2016_ixi
ITA,Italy,Europe,Chemical,material_extraction,kt,0.37020121327088507,2019,EXIOBASE v3.8.2 IOT_2016_ixi
TUR,Turkey,Middle East,Metal Products,climate_change,kt CO2eq,0.3695650508915814,2019,EXIOBASE v3.8.2 IOT_2016_ixi
NOR,Norway,Europe,Non-metallic mineral products,material_extraction,kt,0.3681342523419152,2019,EXIOBASE v3.8.2 IOT_2016_ixi
RoW Asia and Pacific,RoW Asia and Pacific,Asia and Pacific,Waste management and disposal,land_use,km2,0.367619673766129,2019,EXIOBASE v3.8.2 IOT_2016_ixi
HUN,Hungary,Europe,Minerals and Metals,climate_change,kt CO2eq,0.36533905571358494,2019,EXIOBASE v3.8.2 IOT_2016_ixi
NLD,Netherlands,Europe,Non-metallic mineral products,climate_change,kt CO2eq,0.3632473869507648,2019,EXIOBASE v3.8.2 IOT_2016_ixi
GBR,United Kingdom,Europe,Paper Products,climate_change,kt CO2eq,0.3627494494349241,2019,EXIOBASE v3.8.2 IOT_2016_ixi
BEL,Belgium,Europe,Non-metallic mineral products,material_extraction,kt,0.3561813271136177,2019,EXIOBASE v3.8.2 IOT_2016_ixi
CYP,Cyprus,Middle East,Food and catering,climate_change,kt CO2eq,0.3557720373070805,2019,EXIOBASE v3.8.2 IOT_2016_ixi
DEU,Germany,Europe,Construction,material_extraction,kt,0.355191022753353,2019,EXIOBASE v3.8.2 IOT_2016_ixi
HUN,Hungary,Europe,Chemical,climate_change,kt CO2eq,0.35472429540758543,2019,EXIOBASE v3.8.2 IOT_2016_ixi
AUS,Australia,Asia and Pacific,Food and catering,waste_generation,kt,0.35351722703612454,2019,EXIOBASE v3.8.2 IOT_2016_ixi
RUS,Russia,Europe,Food and catering,blue_water_consumption,Mm3,0.35312658837280486,2019,EXIOBASE v3.8.2 IOT_2016_ixi
CZE,Czech Republic,Europe,Food and catering,material_extraction,kt,0.3528988629563655,2019,EXIOBASE v3.8.2 IOT_2016_ixi
POL,Poland,Europe,Construction,waste_generation,kt,0.3475011385244192,2019,EXIOBASE v3.8.2 IOT_2016_ixi
ITA,Italy,Europe,Chemical,climate_change,kt CO2eq,0.3464336007891147,2019,EXIOBASE v3.8.2 IOT_2016_ixi
LVA,Latvia,Europe,Services,climate_change,kt CO2eq,0.3458492627862211,2019,EXIOBASE v3.8.2 IOT_2016_ixi
RoW Asia and Pacific,RoW Asia and Pacific,Asia and Pacific,Waste management and disposal,waste_generation,kt,0.3440849560227177,2019,EXIOBASE v3.8.2 IOT_2016_ixi
FIN,Finland,Europe,Metal Products,climate_change,kt CO2eq,0.33620818470443087,2019,EXIOBASE v3.8.2 IOT_2016_ixi
NOR,Norway,Europe,Services,climate_change,kt CO2eq,0.33450111514643527,2019,EXIOBASE v3.8.2 IOT_2016_ixi
RoW America,RoW America,America,Metal Products,climate_change,kt CO2eq,0.3330969861322634,2019,EXIOBASE v3.8.2 IOT_2016_ixi
ITA,Italy,Europe,Minerals and Metals,climate_change,kt CO2eq,0.333063879212273,2019,EXIOBASE v3.8.2 IOT_2016_ixi
DEU,Germany,Europe,Chemical,waste_generation,kt,0.3324689790016918,2019,EXIOBASE v3.8.2 IOT_2016_ixi
AUT,Austria,Europe,"Steam, hot water supply and water distribution",climate_change,kt CO2eq,0.3319660659840567,2019,EXIOBASE v3.8.2 IOT_2016_ixi
CAN,Canada,America,Minerals and Metals,climate_change,kt CO2eq,0.33130680562533277,2019,EXIOBASE v3.8.2 IOT_2016_ixi
RoW Asia and Pacific,RoW Asia and Pacific,Asia and Pacific,Coal and Petroleum,waste_generation,kt,0.3310563292403926,2019,EXIOBASE v3.8.2 IOT_2016_ixi
AUT,Austria,Europe,Electricity,climate_change,kt CO2eq,0.32959460823443737,2019,EXIOBASE v3.8.2 IOT_2016_ixi
LTU,Lithuania,Europe,"Steam, hot water supply and water distribution",climate_change,kt CO2eq,0.3284083385437045,2019,EXIOBASE v3.8.2 IOT_2016_ixi
AUS,Australia,Asia and Pacific,Chemical,climate_change,kt CO2eq,0.32839759089987564,2019,EXIOBASE v3.8.2 IOT_2016_ixi
RUS,Russia,Europe,Services,material_extraction,kt,0.3282691085411084,2019,EXIOBASE v3.8.2 IOT_2016_ixi
RUS,Russia,Europe,Food and catering,waste_generation,kt,0.32701028787259273,2019,EXIOBASE v3.8.2 IOT_2016_ixi
CHN,China,Asia and Pacific,Services,waste_generation,kt,0.32671615762212575,2019,EXIOBASE v3.8.2 IOT_2016_ixi
RoW Africa,RoW Africa,Africa,Transport,land_use,km2,0.3258868494520736,2019,EXIOBASE v3.8.2 IOT_2016_ixi
AUS,Australia,Asia and Pacific,Textile,climate_change,kt CO2eq,0.3234314737518676,2019,EXIOBASE v3.8.2 IOT_2016_ixi
RoW America,RoW America,America,Textile,land_use,km2,0.3229000288073928,2019,EXIOBASE v3.8.2 IOT_2016_ixi
DNK,Denmark,Denmark,"Electrical, electronic and measuring equipment",waste_generation,kt,0.32112498629446484,2019,EXIOBASE v3.8.2 IOT_2016_ixi
FRA,France,Europe,"Steam, hot water supply and water distribution",climate_change,kt CO2eq,0.31912329523278926,2019,EXIOBASE v3.8.2 IOT_2016_ixi
AUS,Australia,Asia and Pacific,Minerals and Metals,climate_change,kt CO2eq,0.3172452251288253,2019,EXIOBASE v3.8.2 IOT_2016_ixi
DNK,Denmark,Denmark,Construction,waste_generation,kt,0.3169205025111867,2019,EXIOBASE v3.8.2 IOT_2016_ixi
BGR,Bulgaria,Europe,Coal and Petroleum,climate_change,kt CO2eq,0.3151418937978456,2019,EXIOBASE v3.8.2 IOT_2016_ixi
DNK,Denmark,Denmark,Non-metallic mineral products,waste_generation,kt,0.3151241063487815,2019,EXIOBASE v3.8.2 IOT_2016_ixi
FRA,France,Europe,Minerals and Metals,climate_change,kt CO2eq,0.31415996770599824,2019,EXIOBASE v3.8.2 IOT_2016_ixi
AUT,Austria,Europe,Paper Products,climate_change,kt CO2eq,0.3136121665606707,2019,EXIOBASE v3.8.2 IOT_2016_ixi
RoW Middle East,RoW Middle East,Middle East,Natural gas and gaseous fuels,material_extraction,kt,0.31281767286437673,2019,EXIOBASE v3.8.2 IOT_2016_ixi
KOR,South Korea,Asia and Pacific,"Steam, hot water supply and water distribution",climate_change,kt CO2eq,0.31258026794484856,2019,EXIOBASE v3.8.2 IOT_2016_ixi
RoW Middle East,RoW Middle East,Middle East,Construction,climate_change,kt CO2eq,0.3100928424940689,2019,EXIOBASE v3.8.2 IOT_2016_ixi
RoW Middle East,RoW Middle East,Middle East,Transport,material_extraction,kt,0.30905367709257264,2019,EXIOBASE v3.8.2 IOT_2016_ixi
AUT,Austria,Europe,Non-metallic mineral products,climate_change,kt CO2eq,0.3086700435076683,2019,EXIOBASE v3.8.2 IOT_2016_ixi
BGR,Bulgaria,Europe,Services,climate_change,kt CO2eq,0.3070267579683627,2019,EXIOBASE v3.8.2 IOT_2016_ixi
AUS,Australia,Asia and Pacific,Services,climate_change,kt CO2eq,0.3060586923211766,2019,EXIOBASE v3.8.2 IOT_2016_ixi
ESP,Spain,Europe,Transport,land_use,km2,0.3053515629657732,2019,EXIOBASE v3.8.2 IOT_2016_ixi
ESP,Spain,Europe,Furniture and timber,climate_change,kt CO2eq,0.30523185734775937,2019,EXIOBASE v3.8.2 IOT_2016_ixi
MEX,Mexico,America,Metal Products,climate_change,kt CO2eq,0.3042796091678892,2019,EXIOBASE v3.8.2 IOT_2016_ixi
USA,United States,America,Furniture and timber,climate_change,kt CO2eq,0.30413022969328113,2019,EXIOBASE v3.8.2 IOT_2016_ixi
HUN,Hungary,Europe,Paper Products,climate_change,kt CO2eq,0.3028873456824187,2019,EXIOBASE v3.8.2 IOT_2016_ixi
NLD,Netherlands,Europe,Construction,waste_generation,kt,0.30197046487856255,2019,EXIOBASE v3.8.2 IOT_2016_ixi
DEU,Germany,Europe,General and special Machinery,climate_change,kt CO2eq,0.30187807248987025,2019,EXIOBASE v3.8.2 IOT_2016_ixi
TWN,Taiwan,Asia and Pacific,Services,climate_change,kt CO2eq,0.3016935645490705,2019,EXIOBASE v3.8.2 IOT_2016_ixi
BRA,Brazil,America,Non-metallic mineral products,climate_change,kt CO2eq,0.30132817298624764,2019,EXIOBASE v3.8.2 IOT_2016_ixi
SVK,Slovakia,Europe,Furniture and timber,land_use,km2,0.3006062997441044,2019,EXIOBASE v3.8.2 IOT_2016_ixi
TWN,Taiwan,Asia and Pacific,Metal Products,climate_change,kt CO2eq,0.30058292369625694,2019,EXIOBASE v3.8.2 IOT_2016_ixi
ROU,Romania,Europe,Metal Products,climate_change,kt CO2eq,0.3002700565197379,2019,EXIOBASE v3.8.2 IOT_2016_ixi
ROU,Romania,Europe,Natural gas and gaseous fuels,climate_change,kt CO2eq,0.2996763096124436,2019,EXIOBASE v3.8.2 IOT_2016_ixi
SWE,Sweden,Europe,Electricity,waste_generation,kt,0.2987520117251188,2019,EXIOBASE v3.8.2 IOT_2016_ixi
HUN,Hungary,Europe,Natural gas and gaseous fuels,climate_change,kt CO2eq,0.2957816143645388,2019,EXIOBASE v3.8.2 IOT_2016_ixi
PRT,Portugal,Europe,Food and catering,waste_generation,kt,0.29494160791364477,2019,EXIOBASE v3.8.2 IOT_2016_ixi
IND,India,Asia and Pacific,Chemical,waste_generation,kt,0.29089473092024726,2019,EXIOBASE v3.8.2 IOT_2016_ixi
RoW Asia and Pacific,RoW Asia and Pacific,Asia and Pacific,Chemical,waste_generation,kt,0.28973177433455033,2019,EXIOBASE v3.8.2 IOT_2016_ixi
FRA,France,Europe,Food and catering,waste_generation,kt,0.28716902465898897,2019,EXIOBASE v3.8.2 IOT_2016_ixi
FRA,France,Europe,Food and catering,blue_water_consumption,Mm3,0.28390724183384136,2019,EXIOBASE v3.8.2 IOT_2016_ixi
GBR,United Kingdom,Europe,Electricity,waste_generation,kt,0.2834057500132125,2019,EXIOBASE v3.8.2 IOT_2016_ixi
NOR,Norway,Europe,Non-metallic mineral products,climate_change,kt CO2eq,0.28178685272089266,2019,EXIOBASE v3.8.2 IOT_2016_ixi
ESP,Spain,Europe,Paper Products,climate_change,kt CO2eq,0.27985071233856,2019,EXIOBASE v3.8.2 IOT_2016_ixi
SVN,Slovenia,Europe,Waste management and disposal,climate_change,kt CO2eq,0.27928982969450045,2019,EXIOBASE v3.8.2 IOT_2016_ixi
USA,United States,America,Textile,climate_change,kt CO2eq,0.27912682598939637,2019,EXIOBASE v3.8.2 IOT_2016_ixi
ITA,Italy,Europe,Metal Products,waste_generation,kt,0.27898734695247124,2019,EXIOBASE v3.8.2 IOT_2016_ixi
KOR,South Korea,Asia and Pacific,Chemical,climate_change,kt CO2eq,0.2787327517215741,2019,EXIOBASE v3.8.2 IOT_2016_ixi
POL,Poland,Europe,Waste management and disposal,waste_generation,kt,0.27844565055296366,2019,EXIOBASE v3.8.2 IOT_2016_ixi
FRA,France,Europe,Non-metallic mineral products,climate_change,kt CO2eq,0.2772713636209334,2019,EXIOBASE v3.8.2 IOT_2016_ixi
RoW Europe,RoW Europe,Europe,Electricity,land_use,km2,0.2772118968438897,2019,EXIOBASE v3.8.2 IOT_2016_ixi
NLD,Netherlands,Europe,Paper Products,waste_generation,kt,0.2747904462475619,2019,EXIOBASE v3.8.2 IOT_2016_ixi
SVK,Slovakia,Europe,Services,land_use,km2,0.27445260862593684,2019,EXIOBASE v3.8.2 IOT_2016_ixi
MEX,Mexico,America,Food and catering,climate_change,kt CO2eq,0.2740175940299775,2019,EXIOBASE v3.8.2 IOT_2016_ixi
RoW Europe,RoW Europe,Europe,Metal Products,material_extraction,kt,0.27340940308034584,2019,EXIOBASE v3.8.2 IOT_2016_ixi
LVA,Latvia,Europe,Waste management and disposal,climate_change,kt CO2eq,0.2720832261229806,2019,EXIOBASE v3.8.2 IOT_2016_ixi
IDN,Indonesia,Asia and Pacific,Food and catering,waste_generation,kt,0.2711032421395384,2019,EXIOBASE v3.8.2 IOT_2016_ixi
RoW America,RoW America,America,Metal Products,material_extraction,kt,0.27092786204026326,2019,EXIOBASE v3.8.2 IOT_2016_ixi
SVK,Slovakia,Europe,Services,material_extraction,kt,0.27047073308850594,2019,EXIOBASE v3.8.2 IOT_2016_ixi
RUS,Russia,Europe,Metal Products,waste_generation,kt,0.26748062850425014,2019,EXIOBASE v3.8.2 IOT_2016_ixi
FIN,Finland,Europe,Chemical,climate_change,kt CO2eq,0.26523567612902826,2019,EXIOBASE v3.8.2 IOT_2016_ixi
SVK,Slovakia,Europe,Transport,material_extraction,kt,0.2645534634191602,2019,EXIOBASE v3.8.2 IOT_2016_ixi
SVK,Slovakia,Europe,Metal Products,material_extraction,kt,0.26437828312794126,2019,EXIOBASE v3.8.2 IOT_2016_ixi
BEL,Belgium,Europe,"Electrical, electronic and measuring equipment",climate_change,kt CO2eq,0.2632492587781366,2019,EXIOBASE v3.8.2 IOT_2016_ixi
POL,Poland,Europe,Construction,material_extraction,kt,0.26283356544834285,2019,EXIOBASE v3.8.2 IOT_2016_ixi
RoW Europe,RoW Europe,Europe,Natural gas and gaseous fuels,material_extraction,kt,0.26179935348342664,2019,EXIOBASE v3.8.2 IOT_2016_ixi
ZAF,South Africa,Africa,Non-metallic mineral products,climate_change,kt CO2eq,0.2615557523266382,2019,EXIOBASE v3.8.2 IOT_2016_ixi
AUT,Austria,Europe,Waste management and disposal,waste_generation,kt,0.26130158841866813,2019,EXIOBASE v3.8.2 IOT_2016_ixi
RoW Africa,RoW Africa,Africa,"Steam, hot water supply and water distribution",climate_change,kt CO2eq,0.2611683702872059,2019,EXIOBASE v3.8.2 IOT_2016_ixi
AUT,Austria,Europe,Chemical,climate_change,kt CO2eq,0.2610947004161061,2019,EXIOBASE v3.8.2 IOT_2016_ixi
USA,United States,America,Non-metallic mineral products,material_extraction,kt,0.2592750822747487,2019,EXIOBASE v3.8.2 IOT_2016_ixi
CHN,China,Asia and Pacific,Transport Equipment,climate_change,kt CO2eq,0.2588921173587958,2019,EXIOBASE v3.8.2 IOT_2016_ixi
CAN,Canada,America,Services,waste_generation,kt,0.2578288556384467,2019,EXIOBASE v3.8.2 IOT_2016_ixi
ZAF,South Africa,Africa,Chemical,waste_generation,kt,0.25632240236002624,2019,EXIOBASE v3.8.2 IOT_2016_ixi
TWN,Taiwan,Asia and Pacific,Non-metallic mineral products,climate_change,kt CO2eq,0.25392268407552326,2019,EXIOBASE v3.8.2 IOT_2016_ixi
FRA,France,Europe,Paper Products,climate_change,kt CO2eq,0.2529137518955622,2019,EXIOBASE v3.8.2 IOT_2016_ixi
AUT,Austria,Europe,Food and catering,waste_generation,kt,0.25281932004717533,2019,EXIOBASE v3.8.2 IOT_2016_ixi
AUS,Australia,Asia and Pacific,Non-metallic mineral products,climate_change,kt CO2eq,0.25144260217377096,2019,EXIOBASE v3.8.2 IOT_2016_ixi
BEL,Belgium,Europe,Construction,waste_generation,kt,0.2510313102865099,2019,EXIOBASE v3.8.2 IOT_2016_ixi
ZAF,South Africa,Africa,Services,climate_change,kt CO2eq,0.25000168194941785,2019,EXIOBASE v3.8.2 IOT_2016_ixi
CHN,China,Asia and Pacific,Coal and Petroleum,waste_generation,kt,0.24724109359347365,2019,EXIOBASE v3.8.2 IOT_2016_ixi
GBR,United Kingdom,Europe,Coal and Petroleum,waste_generation,kt,0.24664490968995026,2019,EXIOBASE v3.8.2 IOT_2016_ixi
JPN,Japan,Asia and Pacific,Food and catering,climate_change,kt CO2eq,0.24646086615443158,2019,EXIOBASE v3.8.2 IOT_2016_ixi
BRA,Brazil,America,Chemical,waste_generation,kt,0.24611710438865408,2019,EXIOBASE v3.8.2 IOT_2016_ixi
ZAF,South Africa,Africa,Minerals and Metals,climate_change,kt CO2eq,0.24204445690965318,2019,EXIOBASE v3.8.2 IOT_2016_ixi
CHN,China,Asia and Pacific,Non-metallic mineral products,waste_generation,kt,0.24132987464607455,2019,EXIOBASE v3.8.2 IOT_2016_ixi
RUS,Russia,Europe,Metal Products,material_extraction,kt,0.23940500309394674,2019,EXIOBASE v3.8.2 IOT_2016_ixi
POL,Poland,Europe,General and special Machinery,material_extraction,kt,0.2388794030005876,2019,EXIOBASE v3.8.2 IOT_2016_ixi
JPN,Japan,Asia and Pacific,Paper Products,climate_change,kt CO2eq,0.23750428216840086,2019,EXIOBASE v3.8.2 IOT_2016_ixi
LTU,Lithuania,Europe,Chemical,climate_change,kt CO2eq,0.23615434170678606,2019,EXIOBASE v3.8.2 IOT_2016_ixi
TWN,Taiwan,Asia and Pacific,"Electrical, electronic and measuring equipment",climate_change,kt CO2eq,0.2358272147437247,2019,EXIOBASE v3.8.2 IOT_2016_ixi
NLD,Netherlands,Europe,Waste management and disposal,material_extraction,kt,0.23381171000324702,2019,EXIOBASE v3.8.2 IOT_2016_ixi
HUN,Hungary,Europe,Non-metallic mineral products,climate_change,kt CO2eq,0.23329414603616447,2019,EXIOBASE v3.8.2 IOT_2016_ixi
SWE,Sweden,Europe,Metal Products,waste_generation,kt,0.2300965371709167,2019,EXIOBASE v3.8.2 IOT_2016_ixi
GBR,United Kingdom,Europe,Construction,waste_generation,kt,0.2299454123669318,2019,EXIOBASE v3.8.2 IOT_2016_ixi
MEX,Mexico,America,Non-metallic mineral products,climate_change,kt CO2eq,0.22885093597793713,2019,EXIOBASE v3.8.2 IOT_2016_ixi
NOR,Norway,Europe,Waste management and disposal,waste_generation,kt,0.22402034359291595,2019,EXIOBASE v3.8.2 IOT_2016_ixi
LTU,Lithuania,Europe,Waste management and disposal,climate_change,kt CO2eq,0.22348505359993662,2019,EXIOBASE v3.8.2 IOT_2016_ixi
BEL,Belgium,Europe,Chemical,material_extraction,kt,0.22332031442991326,2019,EXIOBASE v3.8.2 IOT_2016_ixi
CAN,Canada,America,Electricity,waste_generation,kt,0.2211223588550808,2019,EXIOBASE v3.8.2 IOT_2016_ixi
KOR,South Korea,Asia and Pacific,Non-metallic mineral products,climate_change,kt CO2eq,0.22029765416349578,2019,EXIOBASE v3.8.2 IOT_2016_ixi
CHE,Switzerland,Europe,Chemical,climate_change,kt CO2eq,0.2190850232715208,2019,EXIOBASE v3.8.2 IOT_2016_ixi
HRV,Croatia,Europe,Non-metallic mineral products,climate_change,kt CO2eq,0.2187928600395694,2019,EXIOBASE v3.8.2 IOT_2016_ixi
AUS,Australia,Asia and Pacific,Electricity,waste_generation,kt,0.21803203936393076,2019,EXIOBASE v3.8.2 IOT_2016_ixi
GRC,Greece,Europe,Minerals and Metals,climate_change,kt CO2eq,0.21718392105933843,2019,EXIOBASE v3.8.2 IOT_2016_ixi
NLD,Netherlands,Europe,Paper Products,climate_change,kt CO2eq,0.21693504981855793,2019,EXIOBASE v3.8.2 IOT_2016_ixi
NOR,Norway,Europe,Coal and Petroleum,material_extraction,kt,0.2164840566014158,2019,EXIOBASE v3.8.2 IOT_2016_ixi
RoW Africa,RoW Africa,Africa,Chemical,climate_change,kt CO2eq,0.21609136931056014,2019,EXIOBASE v3.8.2 IOT_2016_ixi
RoW America,RoW America,America,Waste management and disposal,material_extraction,kt,0.2153651415935249,2019,EXIOBASE v3.8.2 IOT_2016_ixi
LTU,Lithuania,Europe,Services,land_use,km2,0.21438521016624845,2019,EXIOBASE v3.8.2 IOT_2016_ixi
LUX,Luxembourg,Europe,Services,climate_change,kt CO2eq,0.21323141427801381,2019,EXIOBASE v3.8.2 IOT_2016_ixi
GBR,United Kingdom,Europe,Textile,climate_change,kt CO2eq,0.2122078855916907,2019,EXIOBASE v3.8.2 IOT_2016_ixi
RoW Africa,RoW Africa,Africa,Waste management and disposal,land_use,km2,0.21104089156432446,2019,EXIOBASE v3.8.2 IOT_2016_ixi
IDN,Indonesia,Asia and Pacific,Paper Products,climate_change,kt CO2eq,0.21066878811837614,2019,EXIOBASE v3.8.2 IOT_2016_ixi
LVA,Latvia,Europe,Chemical,climate_change,kt CO2eq,0.2096972842236075,2019,EXIOBASE v3.8.2 IOT_2016_ixi
ESP,Spain,Europe,Paper Products,waste_generation,kt,0.20881046773599352,2019,EXIOBASE v3.8.2 IOT_2016_ixi
HRV,Croatia,Europe,Natural gas and gaseous fuels,climate_change,kt CO2eq,0.20872631885831328,2019,EXIOBASE v3.8.2 IOT_2016_ixi
TUR,Turkey,Middle East,Minerals and Metals,climate_change,kt CO2eq,0.20845206772908292,2019,EXIOBASE v3.8.2 IOT_2016_ixi
IND,India,Asia and Pacific,Paper Products,climate_change,kt CO2eq,0.20804495110044735,2019,EXIOBASE v3.8.2 IOT_2016_ixi
BEL,Belgium,Europe,Minerals and Metals,climate_change,kt CO2eq,0.20801466100256416,2019,EXIOBASE v3.8.2 IOT_2016_ixi
CHN,China,Asia and Pacific,Textile,waste_generation,kt,0.20584104223342897,2019,EXIOBASE v3.8.2 IOT_2016_ixi
EST,Estonia,Europe,"Steam, hot water supply and water distribution",climate_change,kt CO2eq,0.205292929003734,2019,EXIOBASE v3.8.2 IOT_2016_ixi
RoW Africa,RoW Africa,Africa,Metal Products,climate_change,kt CO2eq,0.20485841440153668,2019,EXIOBASE v3.8.2 IOT_2016_ixi
IRL,Ireland,Europe,Metal Products,climate_change,kt CO2eq,0.20481097350223848,2019,EXIOBASE v3.8.2 IOT_2016_ixi
CHE,Switzerland,Europe,Furniture and timber,climate_change,kt CO2eq,0.2043104665913611,2019,EXIOBASE v3.8.2 IOT_2016_ixi
RoW Europe,RoW Europe,Europe,Construction,climate_change,kt CO2eq,0.2038247553752418,2019,EXIOBASE v3.8.2 IOT_2016_ixi
DNK,Denmark,Denmark,Furniture and timber,waste_generation,kt,0.20241389719378006,2019,EXIOBASE v3.8.2 IOT_2016_ixi
LUX,Luxembourg,Europe,Non-metallic mineral products,climate_change,kt CO2eq,0.2022110689489297,2019,EXIOBASE v3.8.2 IOT_2016_ixi
IDN,Indonesia,Asia and Pacific,Metal Products,climate_change,kt CO2eq,0.20208864060458168,2019,EXIOBASE v3.8.2 IOT_2016_ixi
SVN,Slovenia,Europe,Food and catering,climate_change,kt CO2eq,0.20062268629262556,2019,EXIOBASE v3.8.2 IOT_2016_ixi
IRL,Ireland,Europe,Waste management and disposal,climate_change,kt CO2eq,0.19998634734732054,2019,EXIOBASE v3.8.2 IOT_2016_ixi
NLD,Netherlands,Europe,Construction,climate_change,kt CO2eq,0.19864312024881564,2019,EXIOBASE v3.8.2 IOT_2016_ixi
GBR,United Kingdom,Europe,Furniture and timber,climate_change,kt CO2eq,0.19849471301697785,2019,EXIOBASE v3.8.2 IOT_2016_ixi
IDN,Indonesia,Asia and Pacific,Waste management and disposal,climate_change,kt CO2eq,0.1983624552056006,2019,EXIOBASE v3.8.2 IOT_2016_ixi
PRT,Portugal,Europe,Services,climate_change,kt CO2eq,0.19828369549582367,2019,EXIOBASE v3.8.2 IOT_2016_ixi
NOR,Norway,Europe,Minerals and Metals,climate_change,kt CO2eq,0.19774263579395446,2019,EXIOBASE v3.8.2 IOT_2016_ixi
BEL,Belgium,Europe,Waste management and disposal,material_extraction,kt,0.19752310661494032,2019,EXIOBASE v3.8.2 IOT_2016_ixi
BRA,Brazil,America,Metal Products,material_extraction,kt,0.197218068532717,2019,EXIOBASE v3.8.2 IOT_2016_ixi
POL,Poland,Europe,Metal Products,waste_generation,kt,0.19559673508530742,2019,EXIOBASE v3.8.2 IOT_2016_ixi
ZAF,South Africa,Africa,Coal and Petroleum,waste_generation,kt,0.1954408305428975,2019,EXIOBASE v3.8.2 IOT_2016_ixi
GLO,Unallocated,Unallocated,Private travel,blue_water_consumption,Mm3,0.1948252496002659,2019,EXIOBASE v3.8.2 IOT_2016_ixi
ITA,Italy,Europe,Food and catering,blue_water_consumption,Mm3,0.1943188146628224,2019,EXIOBASE v3.8.2 IOT_2016_ixi
RoW Africa,RoW Africa,Africa,Electricity,land_use,km2,0.19344085991421034,2019,EXIOBASE v3.8.2 IOT_2016_ixi
CHE,Switzerland,Europe,Minerals and Metals,climate_change,kt CO2eq,0.19098037332400328,2019,EXIOBASE v3.8.2 IOT_2016_ixi
POL,Poland,Europe,Coal and Petroleum,waste_generation,kt,0.18962209900440238,2019,EXIOBASE v3.8.2 IOT_2016_ixi
ROU,Romania,Europe,Waste management and disposal,climate_change,kt CO2eq,0.18954573059124122,2019,EXIOBASE v3.8.2 IOT_2016_ixi
RoW Asia and Pacific,RoW Asia and Pacific,Asia and Pacific,General and special Machinery,climate_change,kt CO2eq,0.18859088464592833,2019,EXIOBASE v3.8.2 IOT_2016_ixi
RoW Europe,RoW Europe,Europe,Electricity,material_extraction,kt,0.18843318607051812,2019,EXIOBASE v3.8.2 IOT_2016_ixi
RoW Asia and Pacific,RoW Asia and Pacific,Asia and Pacific,"Steam, hot water supply and water distribution",waste_generation,kt,0.18802791215437814,2019,EXIOBASE v3.8.2 IOT_2016_ixi
RoW Middle East,RoW Middle East,Middle East,Chemical,waste_generation,kt,0.187605750757579,2019,EXIOBASE v3.8.2 IOT_2016_ixi
CAN,Canada,America,Paper Products,waste_generation,kt,0.1876050626413752,2019,EXIOBASE v3.8.2 IOT_2016_ixi
GRC,Greece,Europe,Metal Products,climate_change,kt CO2eq,0.1865823942634051,2019,EXIOBASE v3.8.2 IOT_2016_ixi
RoW America,RoW America,America,Waste management and disposal,land_use,km2,0.18656030359404843,2019,EXIOBASE v3.8.2 IOT_2016_ixi
IDN,Indonesia,Asia and Pacific,Textile,climate_change,kt CO2eq,0.18521421061775345,2019,EXIOBASE v3.8.2 IOT_2016_ixi
NOR,Norway,Europe,Food and catering,waste_generation,kt,0.18476298036999347,2019,EXIOBASE v3.8.2 IOT_2016_ixi
RoW Asia and Pacific,RoW Asia and Pacific,Asia and Pacific,Transport Equipment,climate_change,kt CO2eq,0.1845768432012356,2019,EXIOBASE v3.8.2 IOT_2016_ixi
RoW America,RoW America,America,Non-metallic mineral products,material_extraction,kt,0.183890496175025,2019,EXIOBASE v3.8.2 IOT_2016_ixi
SVN,Slovenia,Europe,Coal and Petroleum,climate_change,kt CO2eq,0.1836208230312337,2019,EXIOBASE v3.8.2 IOT_2016_ixi
CHE,Switzerland,Europe,Waste management and disposal,waste_generation,kt,0.18311595044782292,2019,EXIOBASE v3.8.2 IOT_2016_ixi
IND,India,Asia and Pacific,"Electrical, electronic and measuring equipment",climate_change,kt CO2eq,0.18255318226236544,2019,EXIOBASE v3.8.2 IOT_2016_ixi
LUX,Luxembourg,Europe,Minerals and Metals,material_extraction,kt,0.1822145203585538,2019,EXIOBASE v3.8.2 IOT_2016_ixi
FIN,Finland,Europe,Food and catering,waste_generation,kt,0.1818317933135218,2019,EXIOBASE v3.8.2 IOT_2016_ixi
CHE,Switzerland,Europe,Food and catering,waste_generation,kt,0.18164484192745786,2019,EXIOBASE v3.8.2 IOT_2016_ixi
CAN,Canada,America,Non-metallic mineral products,climate_change,kt CO2eq,0.18136631411414592,2019,EXIOBASE v3.8.2 IOT_2016_ixi
HRV,Croatia,Europe,Coal and Petroleum,waste_generation,kt,0.18044222239285992,2019,EXIOBASE v3.8.2 IOT_2016_ixi
ITA,Italy,Europe,Paper Products,climate_change,kt CO2eq,0.17929214003985908,2019,EXIOBASE v3.8.2 IOT_2016_ixi
RUS,Russia,Europe,Furniture and timber,land_use,km2,0.17739337806379332,2019,EXIOBASE v3.8.2 IOT_2016_ixi
RUS,Russia,Europe,"Steam, hot water supply and water distribution",waste_generation,kt,0.1769761696684066,2019,EXIOBASE v3.8.2 IOT_2016_ixi
BGR,Bulgaria,Europe,Electricity,waste_generation,kt,0.17594513855526167,2019,EXIOBASE v3.8.2 IOT_2016_ixi
RoW America,RoW America,America,Paper Products,climate_change,kt CO2eq,0.1755378542033194,2019,EXIOBASE v3.8.2 IOT_2016_ixi
RoW Africa,RoW Africa,Africa,Construction,climate_change,kt CO2eq,0.1753321661461553,2019,EXIOBASE v3.8.2 IOT_2016_ixi
TWN,Taiwan,Asia and Pacific,Minerals and Metals,climate_change,kt CO2eq,0.1745817813856932,2019,EXIOBASE v3.8.2 IOT_2016_ixi
TWN,Taiwan,Asia and Pacific,Paper Products,climate_change,kt CO2eq,0.1744374022102203,2019,EXIOBASE v3.8.2 IOT_2016_ixi
PRT,Portugal,Europe,Food and catering,blue_water_consumption,Mm3,0.17441981747389596,2019,EXIOBASE v3.8.2 IOT_2016_ixi
RoW America,RoW America,America,Electricity,material_extraction,kt,0.1742512807757012,2019,EXIOBASE v3.8.2 IOT_2016_ixi
RUS,Russia,Europe,Furniture and timber,climate_change,kt CO2eq,0.174119463507063,2019,EXIOBASE v3.8.2 IOT_2016_ixi
GRC,Greece,Europe,Non-metallic mineral products,climate_change,kt CO2eq,0.1728769947000957,2019,EXIOBASE v3.8.2 IOT_2016_ixi
RoW Middle East,RoW Middle East,Middle East,"Electrical, electronic and measuring equipment",climate_change,kt CO2eq,0.17215326019920463,2019,EXIOBASE v3.8.2 IOT_2016_ixi
RoW America,RoW America,America,Furniture and timber,land_use,km2,0.17157577660280893,2019,EXIOBASE v3.8.2 IOT_2016_ixi
CYP,Cyprus,Middle East,Waste management and disposal,climate_change,kt CO2eq,0.16887373297984376,2019,EXIOBASE v3.8.2 IOT_2016_ixi
ESP,Spain,Europe,Transport Equipment,climate_change,kt CO2eq,0.16852214345708888,2019,EXIOBASE v3.8.2 IOT_2016_ixi
CHN,China,Asia and Pacific,"Electrical, electronic and measuring equipment",waste_generation,kt,0.1681247927713076,2019,EXIOBASE v3.8.2 IOT_2016_ixi
DNK,Denmark,Denmark,Coal and Petroleum,waste_generation,kt,0.16789926169783762,2019,EXIOBASE v3.8.2 IOT_2016_ixi
ESP,Spain,Europe,Chemical,waste_generation,kt,0.16722846346039058,2019,EXIOBASE v3.8.2 IOT_2016_ixi
RoW Asia and Pacific,RoW Asia and Pacific,Asia and Pacific,Electricity,material_extraction,kt,0.16678059072548593,2019,EXIOBASE v3.8.2 IOT_2016_ixi
CHN,China,Asia and Pacific,"Electrical, electronic and measuring equipment",blue_water_consumption,Mm3,0.16652658225773356,2019,EXIOBASE v3.8.2 IOT_2016_ixi
HRV,Croatia,Europe,Metal Products,climate_change,kt CO2eq,0.1664717391556609,2019,EXIOBASE v3.8.2 IOT_2016_ixi
BRA,Brazil,America,Food and catering,waste_generation,kt,0.16639409692664012,2019,EXIOBASE v3.8.2 IOT_2016_ixi
RoW Africa,RoW Africa,Africa,Construction,waste_generation,kt,0.1645445247433384,2019,EXIOBASE v3.8.2 IOT_2016_ixi
ROU,Romania,Europe,Non-metallic mineral products,climate_change,kt CO2eq,0.16394511430976058,2019,EXIOBASE v3.8.2 IOT_2016_ixi
RUS,Russia,Europe,Furniture and timber,waste_generation,kt,0.1631205877799764,2019,EXIOBASE v3.8.2 IOT_2016_ixi
SVK,Slovakia,Europe,Food and catering,waste_generation,kt,0.16300187199099803,2019,EXIOBASE v3.8.2 IOT_2016_ixi
RoW Europe,RoW Europe,Europe,Metal Products,waste_generation,kt,0.16284726598967897,2019,EXIOBASE v3.8.2 IOT_2016_ixi
FIN,Finland,Europe,Natural gas and gaseous fuels,climate_change,kt CO2eq,0.16168384508303216,2019,EXIOBASE v3.8.2 IOT_2016_ixi
EST,Estonia,Europe,Food and catering,waste_generation,kt,0.160850631061308,2019,EXIOBASE v3.8.2 IOT_2016_ixi
FIN,Finland,Europe,Waste management and disposal,waste_generation,kt,0.1599797472276183,2019,EXIOBASE v3.8.2 IOT_2016_ixi
AUT,Austria,Europe,Services,material_extraction,kt,0.15941616929111563,2019,EXIOBASE v3.8.2 IOT_2016_ixi
KOR,South Korea,Asia and Pacific,Electricity,waste_generation,kt,0.1587052800529976,2019,EXIOBASE v3.8.2 IOT_2016_ixi
EST,Estonia,Europe,Services,climate_change,kt CO2eq,0.1582649803987542,2019,EXIOBASE v3.8.2 IOT_2016_ixi
FIN,Finland,Europe,Services,climate_change,kt CO2eq,0.1576424241230779,2019,EXIOBASE v3.8.2 IOT_2016_ixi
FRA,France,Europe,Waste management and disposal,waste_generation,kt,0.15632267772591374,2019,EXIOBASE v3.8.2 IOT_2016_ixi
BGR,Bulgaria,Europe,Transport,land_use,km2,0.1545375082314872,2019,EXIOBASE v3.8.2 IOT_2016_ixi
ZAF,South Africa,Africa,Food and catering,waste_generation,kt,0.15445162552291658,2019,EXIOBASE v3.8.2 IOT_2016_ixi
RoW Asia and Pacific,RoW Asia and Pacific,Asia and Pacific,Coal and Petroleum,material_extraction,kt,0.15406152106540424,2019,EXIOBASE v3.8.2 IOT_2016_ixi
BGR,Bulgaria,Europe,Transport,material_extraction,kt,0.15391419454845473,2019,EXIOBASE v3.8.2 IOT_2016_ixi
LTU,Lithuania,Europe,Services,climate_change,kt CO2eq,0.15383368389817703,2019,EXIOBASE v3.8.2 IOT_2016_ixi
SWE,Sweden,Europe,Natural gas and gaseous fuels,climate_change,kt CO2eq,0.1537334804676938,2019,EXIOBASE v3.8.2 IOT_2016_ixi
ITA,Italy,Europe,Metal Products,material_extraction,kt,0.15271617547747357,2019,EXIOBASE v3.8.2 IOT_2016_ixi
RoW Africa,RoW Africa,Africa,Chemical,waste_generation,kt,0.1507176186375406,2019,EXIOBASE v3.8.2 IOT_2016_ixi
ESP,Spain,Europe,Minerals and Metals,climate_change,kt CO2eq,0.15046429795270097,2019,EXIOBASE v3.8.2 IOT_2016_ixi
SVN,Slovenia,Europe,Services,land_use,km2,0.15015507982274864,2019,EXIOBASE v3.8.2 IOT_2016_ixi
POL,Poland,Europe,Food and catering,material_extraction,kt,0.1499654553528312,2019,EXIOBASE v3.8.2 IOT_2016_ixi
BEL,Belgium,Europe,Services,material_extraction,kt,0.14994367022367644,2019,EXIOBASE v3.8.2 IOT_2016_ixi
NLD,Netherlands,Europe,Food and catering,blue_water_consumption,Mm3,0.14973746375247848,2019,EXIOBASE v3.8.2 IOT_2016_ixi
BRA,Brazil,America,Food and catering,blue_water_consumption,Mm3,0.14913703163214326,2019,EXIOBASE v3.8.2 IOT_2016_ixi
CZE,Czech Republic,Europe,Minerals and Metals,climate_change,kt CO2eq,0.14901791137856904,2019,EXIOBASE v3.8.2 IOT_2016_ixi
GBR,United Kingdom,Europe,Food and catering,waste_generation,kt,0.1482988053908272,2019,EXIOBASE v3.8.2 IOT_2016_ixi
MEX,Mexico,America,Food and catering,blue_water_consumption,Mm3,0.14754121884018467,2019,EXIOBASE v3.8.2 IOT_2016_ixi
BGR,Bulgaria,Europe,Food and catering,waste_generation,kt,0.14669410783804399,2019,EXIOBASE v3.8.2 IOT_2016_ixi
BRA,Brazil,America,Natural gas and gaseous fuels,climate_change,kt CO2eq,0.1463847379190773,2019,EXIOBASE v3.8.2 IOT_2016_ixi
LVA,Latvia,Europe,Waste management and disposal,material_extraction,kt,0.14629684766317086,2019,EXIOBASE v3.8.2 IOT_2016_ixi
RUS,Russia,Europe,"Electrical, electronic and measuring equipment",climate_change,kt CO2eq,0.14603396236445884,2019,EXIOBASE v3.8.2 IOT_2016_ixi
IRL,Ireland,Europe,Waste management and disposal,waste_generation,kt,0.14550999939049294,2019,EXIOBASE v3.8.2 IOT_2016_ixi
HUN,Hungary,Europe,Metal Products,climate_change,kt CO2eq,0.1452889871236484,2019,EXIOBASE v3.8.2 IOT_2016_ixi
RoW Asia and Pacific,RoW Asia and Pacific,Asia and Pacific,Paper Products,land_use,km2,0.1449562769472942,2019,EXIOBASE v3.8.2 IOT_2016_ixi
IND,India,Asia and Pacific,Chemical,blue_water_consumption,Mm3,0.14484844067141353,2019,EXIOBASE v3.8.2 IOT_2016_ixi
RoW Middle East,RoW Middle East,Middle East,Paper Products,climate_change,kt CO2eq,0.1444707181285292,2019,EXIOBASE v3.8.2 IOT_2016_ixi
BEL,Belgium,Europe,Textile,climate_change,kt CO2eq,0.14409610790472943,2019,EXIOBASE v3.8.2 IOT_2016_ixi
RoW America,RoW America,America,Food and catering,material_extraction,kt,0.14365714610896832,2019,EXIOBASE v3.8.2 IOT_2016_ixi
POL,Poland,Europe,Food and catering,blue_water_consumption,Mm3,0.143297979893461,2019,EXIOBASE v3.8.2 IOT_2016_ixi
HRV,Croatia,Europe,Services,climate_change,kt CO2eq,0.1432317558558032,2019,EXIOBASE v3.8.2 IOT_2016_ixi
LVA,Latvia,Europe,Metal Products,climate_change,kt CO2eq,0.14250293418801452,2019,EXIOBASE v3.8.2 IOT_2016_ixi
POL,Poland,Europe,Services,land_use,km2,0.14228014255284685,2019,EXIOBASE v3.8.2 IOT_2016_ixi
FRA,France,Europe,Electricity,waste_generation,kt,0.14218097018356612,2019,EXIOBASE v3.8.2 IOT_2016_ixi
RoW America,RoW America,America,Chemical,waste_generation,kt,0.1413893927930519,2019,EXIOBASE v3.8.2 IOT_2016_ixi
IND,India,Asia and Pacific,Paper Products,material_extraction,kt,0.14134962336641682,2019,EXIOBASE v3.8.2 IOT_2016_ixi
POL,Poland,Europe,Coal and Petroleum,material_extraction,kt,0.14123029028420964,2019,EXIOBASE v3.8.2 IOT_2016_ixi
FIN,Finland,Europe,Services,waste_generation,kt,0.14045769181684523,2019,EXIOBASE v3.8.2 IOT_2016_ixi
LTU,Lithuania,Europe,Non-metallic mineral products,climate_change,kt CO2eq,0.1401964679076235,2019,EXIOBASE v3.8.2 IOT_2016_ixi
CAN,Canada,America,Paper Products,climate_change,kt CO2eq,0.13990170586469408,2019,EXIOBASE v3.8.2 IOT_2016_ixi
SVN,Slovenia,Europe,Non-metallic mineral products,climate_change,kt CO2eq,0.1388240900799908,2019,EXIOBASE v3.8.2 IOT_2016_ixi
GBR,United Kingdom,Europe,Transport Equipment,climate_change,kt CO2eq,0.13797539948992618,2019,EXIOBASE v3.8.2 IOT_2016_ixi
LVA,Latvia,Europe,Non-metallic mineral products,climate_change,kt CO2eq,0.13750318842189999,2019,EXIOBASE v3.8.2 IOT_2016_ixi
SWE,Sweden,Europe,Construction,waste_generation,kt,0.13714697601350545,2019,EXIOBASE v3.8.2 IOT_2016_ixi
USA,United States,America,General and special Machinery,climate_change,kt CO2eq,0.1347792216624284,2019,EXIOBASE v3.8.2 IOT_2016_ixi
ROU,Romania,Europe,Food and catering,waste_generation,kt,0.13287910919812568,2019,EXIOBASE v3.8.2 IOT_2016_ixi
RoW Africa,RoW Africa,Africa,Textile,climate_change,kt CO2eq,0.1326301396346119,2019,EXIOBASE v3.8.2 IOT_2016_ixi
BRA,Brazil,America,Transport Equipment,material_extraction,kt,0.1316248044504668,2019,EXIOBASE v3.8.2 IOT_2016_ixi
AUT,Austria,Europe,"Electrical, electronic and measuring equipment",climate_change,kt CO2eq,0.13144127794528432,2019,EXIOBASE v3.8.2 IOT_2016_ixi
FRA,France,Europe,Paper Products,waste_generation,kt,0.13105948368565168,2019,EXIOBASE v3.8.2 IOT_2016_ixi
AUS,Australia,Asia and Pacific,Textile,land_use,km2,0.1305272400403934,2019,EXIOBASE v3.8.2 IOT_2016_ixi
CZE,Czech Republic,Europe,Paper Products,climate_change,kt CO2eq,0.13028591098156156,2019,EXIOBASE v3.8.2 IOT_2016_ixi
RoW Europe,RoW Europe,Europe,Textile,climate_change,kt CO2eq,0.1302835539540695,2019,EXIOBASE v3.8.2 IOT_2016_ixi
RoW Asia and Pacific,RoW Asia and Pacific,Asia and Pacific,Natural gas and gaseous fuels,material_extraction,kt,0.13022857424117792,2019,EXIOBASE v3.8.2 IOT_2016_ixi
USA,United States,America,Food and catering,waste_generation,kt,0.12936299638204898,2019,EXIOBASE v3.8.2 IOT_2016_ixi
PRT,Portugal,Europe,Paper Products,climate_change,kt CO2eq,0.12918504137811887,2019,EXIOBASE v3.8.2 IOT_2016_ixi
RoW Europe,RoW Europe,Europe,"Electrical, electronic and measuring equipment",material_extraction,kt,0.12825473491651057,2019,EXIOBASE v3.8.2 IOT_2016_ixi
KOR,South Korea,Asia and Pacific,Paper Products,climate_change,kt CO2eq,0.12800806280508048,2019,EXIOBASE v3.8.2 IOT_2016_ixi
ESP,Spain,Europe,Metal Products,waste_generation,kt,0.12776784320331624,2019,EXIOBASE v3.8.2 IOT_2016_ixi
RUS,Russia,Europe,Electricity,waste_generation,kt,0.1277627792210339,2019,EXIOBASE v3.8.2 IOT_2016_ixi
NOR,Norway,Europe,Chemical,waste_generation,kt,0.1277426401367096,2019,EXIOBASE v3.8.2 IOT_2016_ixi
HRV,Croatia,Europe,Chemical,climate_change,kt CO2eq,0.127540130377286,2019,EXIOBASE v3.8.2 IOT_2016_ixi
GBR,United Kingdom,Europe,Metal Products,waste_generation,kt,0.12741041625782518,2019,EXIOBASE v3.8.2 IOT_2016_ixi
RoW Africa,RoW Africa,Africa,Minerals and Metals,land_use,km2,0.12693715421459134,2019,EXIOBASE v3.8.2 IOT_2016_ixi
RoW Asia and Pacific,RoW Asia and Pacific,Asia and Pacific,Non-metallic mineral products,material_extraction,kt,0.1260418892904932,2019,EXIOBASE v3.8.2 IOT_2016_ixi
GRC,Greece,Europe,Services,climate_change,kt CO2eq,0.1258942325493537,2019,EXIOBASE v3.8.2 IOT_2016_ixi
FIN,Finland,Europe,Metal Products,material_extraction,kt,0.12588480461110124,2019,EXIOBASE v3.8.2 IOT_2016_ixi
BEL,Belgium,Europe,Natural gas and gaseous fuels,climate_change,kt CO2eq,0.12581690344355856,2019,EXIOBASE v3.8.2 IOT_2016_ixi
FRA,France,Europe,Metal Products,waste_generation,kt,0.12547804690993436,2019,EXIOBASE v3.8.2 IOT_2016_ixi
DNK,Denmark,Denmark,Textile,climate_change,kt CO2eq,0.12543470746562313,2019,EXIOBASE v3.8.2 IOT_2016_ixi
CHE,Switzerland,Europe,Services,land_use,km2,0.12534798968916638,2019,EXIOBASE v3.8.2 IOT_2016_ixi
DEU,Germany,Europe,Chemical,blue_water_consumption,Mm3,0.12396624383076843,2019,EXIOBASE v3.8.2 IOT_2016_ixi
BGR,Bulgaria,Europe,Furniture and timber,land_use,km2,0.12245188709529281,2019,EXIOBASE v3.8.2 IOT_2016_ixi
BRA,Brazil,America,Paper Products,climate_change,kt CO2eq,0.12240163371709734,2019,EXIOBASE v3.8.2 IOT_2016_ixi
ITA,Italy,Europe,"Electrical, electronic and measuring equipment",climate_change,kt CO2eq,0.12190935089946296,2019,EXIOBASE v3.8.2 IOT_2016_ixi
RUS,Russia,Europe,Services,land_use,km2,0.12137293863418061,2019,EXIOBASE v3.8.2 IOT_2016_ixi
RoW Middle East,RoW Middle East,Middle East,General and special Machinery,climate_change,kt CO2eq,0.12119382158553976,2019,EXIOBASE v3.8.2 IOT_2016_ixi
DEU,Germany,Europe,Textile,climate_change,kt CO2eq,0.12113416082669853,2019,EXIOBASE v3.8.2 IOT_2016_ixi
CZE,Czech Republic,Europe,Electricity,waste_generation,kt,0.12113121805051077,2019,EXIOBASE v3.8.2 IOT_2016_ixi
AUT,Austria,Europe,Chemical,waste_generation,kt,0.12063336122920193,2019,EXIOBASE v3.8.2 IOT_2016_ixi
LUX,Luxembourg,Europe,Waste management and disposal,climate_change,kt CO2eq,0.12020132104328668,2019,EXIOBASE v3.8.2 IOT_2016_ixi
RoW Asia and Pacific,RoW Asia and Pacific,Asia and Pacific,Services,blue_water_consumption,Mm3,0.11977486652094832,2019,EXIOBASE v3.8.2 IOT_2016_ixi
FIN,Finland,Europe,Non-metallic mineral products,climate_change,kt CO2eq,0.11842752621216072,2019,EXIOBASE v3.8.2 IOT_2016_ixi
GBR,United Kingdom,Europe,General and special Machinery,climate_change,kt CO2eq,0.11823515350394245,2019,EXIOBASE v3.8.2 IOT_2016_ixi
LVA,Latvia,Europe,Food and catering,waste_generation,kt,0.11775141446242385,2019,EXIOBASE v3.8.2 IOT_2016_ixi
RoW Middle East,RoW Middle East,Middle East,Metal Products,material_extraction,kt,0.11747721604605797,2019,EXIOBASE v3.8.2 IOT_2016_ixi
RoW America,RoW America,America,Electricity,land_use,km2,0.1171375506510812,2019,EXIOBASE v3.8.2 IOT_2016_ixi
RoW Asia and Pacific,RoW Asia and Pacific,Asia and Pacific,Metal Products,material_extraction,kt,0.11672204116524262,2019,EXIOBASE v3.8.2 IOT_2016_ixi
SVN,Slovenia,Europe,Services,climate_change,kt CO2eq,0.11565460406197009,2019,EXIOBASE v3.8.2 IOT_2016_ixi
CAN,Canada,America,Chemical,waste_generation,kt,0.1154553179219781,2019,EXIOBASE v3.8.2 IOT_2016_ixi
JPN,Japan,Asia and Pacific,Textile,climate_change,kt CO2eq,0.11468155189974533,2019,EXIOBASE v3.8.2 IOT_2016_ixi
RUS,Russia,Europe,Textile,land_use,km2,0.1135253460871643,2019,EXIOBASE v3.8.2 IOT_2016_ixi
DEU,Germany,Europe,Furniture and timber,climate_change,kt CO2eq,0.1132783648007732,2019,EXIOBASE v3.8.2 IOT_2016_ixi
DNK,Denmark,Denmark,Chemical,blue_water_consumption,Mm3,0.11326768047033,2019,EXIOBASE v3.8.2 IOT_2016_ixi
RoW Africa,RoW Africa,Africa,Paper Products,land_use,km2,0.11312557317822314,2019,EXIOBASE v3.8.2 IOT_2016_ixi
FIN,Finland,Europe,Minerals and Metals,climate_change,kt CO2eq,0.1130675970711986,2019,EXIOBASE v3.8.2 IOT_2016_ixi
KOR,South Korea,Asia and Pacific,Metal Products,waste_generation,kt,0.11261326070751793,2019,EXIOBASE v3.8.2 IOT_2016_ixi
NOR,Norway,Europe,"Steam, hot water supply and water distribution",climate_change,kt CO2eq,0.11234159486341386,2019,EXIOBASE v3.8.2 IOT_2016_ixi
DEU,Germany,Europe,Food and catering,material_extraction,kt,0.11228554658545564,2019,EXIOBASE v3.8.2 IOT_2016_ixi
RoW Africa,RoW Africa,Africa,Waste management and disposal,waste_generation,kt,0.11208759817312203,2019,EXIOBASE v3.8.2 IOT_2016_ixi
SVN,Slovenia,Europe,Food and catering,waste_generation,kt,0.11198341733581847,2019,EXIOBASE v3.8.2 IOT_2016_ixi
IDN,Indonesia,Asia and Pacific,Non-metallic mineral products,climate_change,kt CO2eq,0.11082504329911526,2019,EXIOBASE v3.8.2 IOT_2016_ixi
RoW Europe,RoW Europe,Europe,Waste management and disposal,material_extraction,kt,0.11061682042111648,2019,EXIOBASE v3.8.2 IOT_2016_ixi
IDN,Indonesia,Asia and Pacific,"Steam, hot water supply and water distribution",climate_change,kt CO2eq,0.1105497565656943,2019,EXIOBASE v3.8.2 IOT_2016_ixi
JPN,Japan,Asia and Pacific,Metal Products,waste_generation,kt,0.1093659656980416,2019,EXIOBASE v3.8.2 IOT_2016_ixi
POL,Poland,Europe,Furniture and timber,material_extraction,kt,0.10919473745362285,2019,EXIOBASE v3.8.2 IOT_2016_ixi
LVA,Latvia,Europe,Non-metallic mineral products,material_extraction,kt,0.10907112016945097,2019,EXIOBASE v3.8.2 IOT_2016_ixi
RoW Africa,RoW Africa,Africa,Furniture and timber,climate_change,kt CO2eq,0.10901945140712752,2019,EXIOBASE v3.8.2 IOT_2016_ixi
JPN,Japan,Asia and Pacific,"Electrical, electronic and measuring equipment",climate_change,kt CO2eq,0.10760316918881406,2019,EXIOBASE v3.8.2 IOT_2016_ixi
FIN,Finland,Europe,Chemical,material_extraction,kt,0.10759113607181989,2019,EXIOBASE v3.8.2 IOT_2016_ixi
RoW Asia and Pacific,RoW Asia and Pacific,Asia and Pacific,Paper Products,waste_generation,kt,0.10752562652548368,2019,EXIOBASE v3.8.2 IOT_2016_ixi
POL,Poland,Europe,Furniture and timber,climate_change,kt CO2eq,0.10735425325021156,2019,EXIOBASE v3.8.2 IOT_2016_ixi
RoW Europe,RoW Europe,Europe,Waste management and disposal,land_use,km2,0.10703024673744643,2019,EXIOBASE v3.8.2 IOT_2016_ixi
MLT,Malta,Europe,Waste management and disposal,climate_change,kt CO2eq,0.10653405214202846,2019,EXIOBASE v3.8.2 IOT_2016_ixi
DEU,Germany,Europe,Food and catering,blue_water_consumption,Mm3,0.10650028610821635,2019,EXIOBASE v3.8.2 IOT_2016_ixi
SWE,Sweden,Europe,Furniture and timber,climate_change,kt CO2eq,0.10594783092536929,2019,EXIOBASE v3.8.2 IOT_2016_ixi
GRC,Greece,Europe,Chemical,climate_change,kt CO2eq,0.10581334368193274,2019,EXIOBASE v3.8.2 IOT_2016_ixi
CZE,Czech Republic,Europe,Food and catering,waste_generation,kt,0.10580007411649933,2019,EXIOBASE v3.8.2 IOT_2016_ixi
LTU,Lithuania,Europe,Natural gas and gaseous fuels,climate_change,kt CO2eq,0.10549764959155991,2019,EXIOBASE v3.8.2 IOT_2016_ixi
CHN,China,Asia and Pacific,General and special Machinery,waste_generation,kt,0.10549127911595407,2019,EXIOBASE v3.8.2 IOT_2016_ixi
BEL,Belgium,Europe,Chemical,waste_generation,kt,0.10501142702526807,2019,EXIOBASE v3.8.2 IOT_2016_ixi
IND,India,Asia and Pacific,Metal Products,waste_generation,kt,0.1044869138713176,2019,EXIOBASE v3.8.2 IOT_2016_ixi
ESP,Spain,Europe,Waste management and disposal,waste_generation,kt,0.1039753349558527,2019,EXIOBASE v3.8.2 IOT_2016_ixi
CZE,Czech Republic,Europe,Construction,waste_generation,kt,0.10297156806717245,2019,EXIOBASE v3.8.2 IOT_2016_ixi
RoW Africa,RoW Africa,Africa,Natural gas and gaseous fuels,material_extraction,kt,0.10294720540463968,2019,EXIOBASE v3.8.2 IOT_2016_ixi
KOR,South Korea,Asia and Pacific,Minerals and Metals,climate_change,kt CO2eq,0.10269384840433406,2019,EXIOBASE v3.8.2 IOT_2016_ixi
SVK,Slovakia,Europe,Coal and Petroleum,waste_generation,kt,0.10263871911400348,2019,EXIOBASE v3.8.2 IOT_2016_ixi
RUS,Russia,Europe,Construction,land_use,km2,0.1012584969766071,2019,EXIOBASE v3.8.2 IOT_2016_ixi
EST,Estonia,Europe,Non-metallic mineral products,material_extraction,kt,0.10116645411591366,2019,EXIOBASE v3.8.2 IOT_2016_ixi
RoW Europe,RoW Europe,Europe,Textile,land_use,km2,0.10114318182768574,2019,EXIOBASE v3.8.2 IOT_2016_ixi
CHE,Switzerland,Europe,Coal and Petroleum,waste_generation,kt,0.100823132532322,2019,EXIOBASE v3.8.2 IOT_2016_ixi
ESP,Spain,Europe,Services,material_extraction,kt,0.10073611900546195,2019,EXIOBASE v3.8.2 IOT_2016_ixi
RoW Middle East,RoW Middle East,Middle East,Waste management and disposal,material_extraction,kt,0.10064536497918852,2019,EXIOBASE v3.8.2 IOT_2016_ixi
BEL,Belgium,Europe,Paper Products,climate_change,kt CO2eq,0.10063932231121576,2019,EXIOBASE v3.8.2 IOT_2016_ixi
RoW Middle East,RoW Middle East,Middle East,Electricity,material_extraction,kt,0.1000010224011417,2019,EXIOBASE v3.8.2 IOT_2016_ixi
CHE,Switzerland,Europe,Coal and Petroleum,climate_change,kt CO2eq,0.09934779437330113,2019,EXIOBASE v3.8.2 IOT_2016_ixi
CZE,Czech Republic,Europe,Chemical,waste_generation,kt,0.09924633082611925,2019,EXIOBASE v3.8.2 IOT_2016_ixi
GRC,Greece,Europe,Textile,land_use,km2,0.09902485969289426,2019,EXIOBASE v3.8.2 IOT_2016_ixi
HUN,Hungary,Europe,Services,land_use,km2,0.09828078691725825,2019,EXIOBASE v3.8.2 IOT_2016_ixi
SWE,Sweden,Europe,Chemical,waste_generation,kt,0.09817209644053955,2019,EXIOBASE v3.8.2 IOT_2016_ixi
RoW Asia and Pacific,RoW Asia and Pacific,Asia and Pacific,Chemical,land_use,km2,0.09807912130487839,2019,EXIOBASE v3.8.2 IOT_2016_ixi
NLD,Netherlands,Europe,Construction,material_extraction,kt,0.09739183659481032,2019,EXIOBASE v3.8.2 IOT_2016_ixi
ZAF,South Africa,Africa,Natural gas and gaseous fuels,climate_change,kt CO2eq,0.09728302889288869,2019,EXIOBASE v3.8.2 IOT_2016_ixi
RoW America,RoW America,America,Natural gas and gaseous fuels,material_extraction,kt,0.0971165108091665,2019,EXIOBASE v3.8.2 IOT_2016_ixi
LTU,Lithuania,Europe,Chemical,material_extraction,kt,0.09707081768329577,2019,EXIOBASE v3.8.2 IOT_2016_ixi
PRT,Portugal,Europe,Paper Products,waste_generation,kt,0.09695310420691507,2019,EXIOBASE v3.8.2 IOT_2016_ixi
IRL,Ireland,Europe,Non-metallic mineral products,climate_change,kt CO2eq,0.0968893368856823,2019,EXIOBASE v3.8.2 IOT_2016_ixi
TUR,Turkey,Middle East,Natural gas and gaseous fuels,climate_change,kt CO2eq,0.09686900892354831,2019,EXIOBASE v3.8.2 IOT_2016_ixi
RoW Europe,RoW Europe,Europe,Furniture and timber,climate_change,kt CO2eq,0.09651608559668313,2019,EXIOBASE v3.8.2 IOT_2016_ixi
AUT,Austria,Europe,Metal Products,waste_generation,kt,0.09626322817523139,2019,EXIOBASE v3.8.2 IOT_2016_ixi
KOR,South Korea,Asia and Pacific,Coal and Petroleum,waste_generation,kt,0.09574027478479732,2019,EXIOBASE v3.8.2 IOT_2016_ixi
ESP,Spain,Europe,Services,land_use,km2,0.09541232136710903,2019,EXIOBASE v3.8.2 IOT_2016_ixi
DEU,Germany,Europe,Natural gas and gaseous fuels,waste_generation,kt,0.09530503489459453,2019,EXIOBASE v3.8.2 IOT_2016_ixi
CAN,Canada,America,Electricity,land_use,km2,0.09520310998046085,2019,EXIOBASE v3.8.2 IOT_2016_ixi
LUX,Luxembourg,Europe,Food and catering,waste_generation,kt,0.09366813769912381,2019,EXIOBASE v3.8.2 IOT_2016_ixi
RUS,Russia,Europe,Waste management and disposal,material_extraction,kt,0.09361683410468527,2019,EXIOBASE v3.8.2 IOT_2016_ixi
JPN,Japan,Asia and Pacific,Electricity,waste_generation,kt,0.09315121785088878,2019,EXIOBASE v3.8.2 IOT_2016_ixi
RoW Africa,RoW Africa,Africa,"Electrical, electronic and measuring equipment",waste_generation,kt,0.09309280159356151,2019,EXIOBASE v3.8.2 IOT_2016_ixi
ITA,Italy,Europe,Services,waste_generation,kt,0.09276056005907692,2019,EXIOBASE v3.8.2 IOT_2016_ixi
RoW Asia and Pacific,RoW Asia and Pacific,Asia and Pacific,Minerals and Metals,land_use,km2,0.09188281871325245,2019,EXIOBASE v3.8.2 IOT_2016_ixi
IRL,Ireland,Europe,General and special Machinery,climate_change,kt CO2eq,0.09139470220331926,2019,EXIOBASE v3.8.2 IOT_2016_ixi
BRA,Brazil,America,Paper Products,waste_generation,kt,0.09038506814273621,2019,EXIOBASE v3.8.2 IOT_2016_ixi
ROU,Romania,Europe,Food and catering,blue_water_consumption,Mm3,0.08999242805656571,2019,EXIOBASE v3.8.2 IOT_2016_ixi
CZE,Czech Republic,Europe,Construction,climate_change,kt CO2eq,0.08921995576098861,2019,EXIOBASE v3.8.2 IOT_2016_ixi
MEX,Mexico,America,Food and catering,waste_generation,kt,0.08918612926964428,2019,EXIOBASE v3.8.2 IOT_2016_ixi
RUS,Russia,Europe,General and special Machinery,land_use,km2,0.08894439774071944,2019,EXIOBASE v3.8.2 IOT_2016_ixi
CZE,Czech Republic,Europe,Coal and Petroleum,waste_generation,kt,0.08890719491554669,2019,EXIOBASE v3.8.2 IOT_2016_ixi
HUN,Hungary,Europe,Services,waste_generation,kt,0.08883047555549835,2019,EXIOBASE v3.8.2 IOT_2016_ixi
TUR,Turkey,Middle East,Textile,land_use,km2,0.08864840121730672,2019,EXIOBASE v3.8.2 IOT_2016_ixi
BGR,Bulgaria,Europe,Minerals and Metals,climate_change,kt CO2eq,0.08860262876457299,2019,EXIOBASE v3.8.2 IOT_2016_ixi
DEU,Germany,Europe,Transport Equipment,climate_change,kt CO2eq,0.08809471464598369,2019,EXIOBASE v3.8.2 IOT_2016_ixi
SWE,Sweden,Europe,Services,land_use,km2,0.08794701365847296,2019,EXIOBASE v3.8.2 IOT_2016_ixi
IDN,Indonesia,Asia and Pacific,Chemical,waste_generation,kt,0.0878420165979512,2019,EXIOBASE v3.8.2 IOT_2016_ixi
ITA,Italy,Europe,Paper Products,waste_generation,kt,0.08724834647495626,2019,EXIOBASE v3.8.2 IOT_2016_ixi
ITA,Italy,Europe,General and special Machinery,climate_change,kt CO2eq,0.08711171368136168,2019,EXIOBASE v3.8.2 IOT_2016_ixi
CZE,Czech Republic,Europe,Paper Products,waste_generation,kt,0.08649150203234929,2019,EXIOBASE v3.8.2 IOT_2016_ixi
FIN,Finland,Europe,Chemical,waste_generation,kt,0.08585079456306166,2019,EXIOBASE v3.8.2 IOT_2016_ixi
RUS,Russia,Europe,Chemical,waste_generation,kt,0.08584961327570391,2019,EXIOBASE v3.8.2 IOT_2016_ixi
BEL,Belgium,Europe,Transport Equipment,climate_change,kt CO2eq,0.08549023713110859,2019,EXIOBASE v3.8.2 IOT_2016_ixi
ITA,Italy,Europe,Chemical,waste_generation,kt,0.08542076706114328,2019,EXIOBASE v3.8.2 IOT_2016_ixi
GBR,United Kingdom,Europe,Non-metallic mineral products,material_extraction,kt,0.08537294605478522,2019,EXIOBASE v3.8.2 IOT_2016_ixi
RoW America,RoW America,America,Construction,climate_change,kt CO2eq,0.08518006479880673,2019,EXIOBASE v3.8.2 IOT_2016_ixi
POL,Poland,Europe,Services,waste_generation,kt,0.08509357232424185,2019,EXIOBASE v3.8.2 IOT_2016_ixi
RoW Asia and Pacific,RoW Asia and Pacific,Asia and Pacific,Metal Products,waste_generation,kt,0.0847732611457175,2019,EXIOBASE v3.8.2 IOT_2016_ixi
BEL,Belgium,Europe,Electricity,waste_generation,kt,0.084602483969631,2019,EXIOBASE v3.8.2 IOT_2016_ixi
SVK,Slovakia,Europe,"Electrical, electronic and measuring equipment",climate_change,kt CO2eq,0.08441034758818097,2019,EXIOBASE v3.8.2 IOT_2016_ixi
LUX,Luxembourg,Europe,Metal Products,climate_change,kt CO2eq,0.08440960112822017,2019,EXIOBASE v3.8.2 IOT_2016_ixi
CAN,Canada,America,Furniture and timber,climate_change,kt CO2eq,0.0841681613020569,2019,EXIOBASE v3.8.2 IOT_2016_ixi
AUT,Austria,Europe,Construction,material_extraction,kt,0.08415823657193648,2019,EXIOBASE v3.8.2 IOT_2016_ixi
BGR,Bulgaria,Europe,Metal Products,climate_change,kt CO2eq,0.08394906442581405,2019,EXIOBASE v3.8.2 IOT_2016_ixi
CHE,Switzerland,Europe,Construction,waste_generation,kt,0.08383055671944352,2019,EXIOBASE v3.8.2 IOT_2016_ixi
POL,Poland,Europe,Chemical,blue_water_consumption,Mm3,0.08355075087861344,2019,EXIOBASE v3.8.2 IOT_2016_ixi
RUS,Russia,Europe,Metal Products,land_use,km2,0.08317315273313429,2019,EXIOBASE v3.8.2 IOT_2016_ixi
RoW Europe,RoW Europe,Europe,"Steam, hot water supply and water distribution",waste_generation,kt,0.08305552070520188,2019,EXIOBASE v3.8.2 IOT_2016_ixi
BEL,Belgium,Europe,Metal Products,waste_generation,kt,0.08281002960422074,2019,EXIOBASE v3.8.2 IOT_2016_ixi
NLD,Netherlands,Europe,Non-metallic mineral products,material_extraction,kt,0.08264361854429797,2019,EXIOBASE v3.8.2 IOT_2016_ixi
RUS,Russia,Europe,Chemical,land_use,km2,0.08197008469905202,2019,EXIOBASE v3.8.2 IOT_2016_ixi
RoW America,RoW America,America,Coal and Petroleum,land_use,km2,0.08185199084006028,2019,EXIOBASE v3.8.2 IOT_2016_ixi
TWN,Taiwan,Asia and Pacific,Food and catering,climate_change,kt CO2eq,0.08172044464635943,2019,EXIOBASE v3.8.2 IOT_2016_ixi
SVN,Slovenia,Europe,Non-metallic mineral products,material_extraction,kt,0.08166049697026151,2019,EXIOBASE v3.8.2 IOT_2016_ixi
HUN,Hungary,Europe,"Electrical, electronic and measuring equipment",climate_change,kt CO2eq,0.08129060168893751,2019,EXIOBASE v3.8.2 IOT_2016_ixi
IRL,Ireland,Europe,Food and catering,material_extraction,kt,0.08108498129955963,2019,EXIOBASE v3.8.2 IOT_2016_ixi
RoW Asia and Pacific,RoW Asia and Pacific,Asia and Pacific,"Steam, hot water supply and water distribution",land_use,km2,0.08101572642315964,2019,EXIOBASE v3.8.2 IOT_2016_ixi
SVK,Slovakia,Europe,Services,waste_generation,kt,0.0806724736569755,2019,EXIOBASE v3.8.2 IOT_2016_ixi
HUN,Hungary,Europe,Waste management and disposal,waste_generation,kt,0.080126925462283,2019,EXIOBASE v3.8.2 IOT_2016_ixi
HRV,Croatia,Europe,"Electrical, electronic and measuring equipment",climate_change,kt CO2eq,0.07971056688891826,2019,EXIOBASE v3.8.2 IOT_2016_ixi
SVK,Slovakia,Europe,Chemical,climate_change,kt CO2eq,0.07962757374739621,2019,EXIOBASE v3.8.2 IOT_2016_ixi
CHN,China,Asia and Pacific,Paper Products,blue_water_consumption,Mm3,0.07961106900732791,2019,EXIOBASE v3.8.2 IOT_2016_ixi
RoW Africa,RoW Africa,Africa,Transport Equipment,climate_change,kt CO2eq,0.07948111014229739,2019,EXIOBASE v3.8.2 IOT_2016_ixi
RoW Europe,RoW Europe,Europe,Paper Products,land_use,km2,0.07918332014064232,2019,EXIOBASE v3.8.2 IOT_2016_ixi
RoW Middle East,RoW Middle East,Middle East,Services,waste_generation,kt,0.07916847607578507,2019,EXIOBASE v3.8.2 IOT_2016_ixi
CHN,China,Asia and Pacific,"Steam, hot water supply and water distribution",waste_generation,kt,0.07915874489285026,2019,EXIOBASE v3.8.2 IOT_2016_ixi
POL,Poland,Europe,"Steam, hot water supply and water distribution",waste_generation,kt,0.0788190816166395,2019,EXIOBASE v3.8.2 IOT_2016_ixi
AUS,Australia,Asia and Pacific,Coal and Petroleum,waste_generation,kt,0.07859488990469496,2019,EXIOBASE v3.8.2 IOT_2016_ixi
FIN,Finland,Europe,Electricity,waste_generation,kt,0.07846438037855274,2019,EXIOBASE v3.8.2 IOT_2016_ixi
RUS,Russia,Europe,Paper Products,climate_change,kt CO2eq,0.07842331454848656,2019,EXIOBASE v3.8.2 IOT_2016_ixi
ROU,Romania,Europe,Minerals and Metals,climate_change,kt CO2eq,0.07807523157954105,2019,EXIOBASE v3.8.2 IOT_2016_ixi
ESP,Spain,Europe,Electricity,waste_generation,kt,0.0780422919801813,2019,EXIOBASE v3.8.2 IOT_2016_ixi
AUS,Australia,Asia and Pacific,Services,land_use,km2,0.07792941395901402,2019,EXIOBASE v3.8.2 IOT_2016_ixi
HUN,Hungary,Europe,Waste management and disposal,material_extraction,kt,0.07788317943712506,2019,EXIOBASE v3.8.2 IOT_2016_ixi
NLD,Netherlands,Europe,Services,waste_generation,kt,0.07788242935302583,2019,EXIOBASE v3.8.2 IOT_2016_ixi
IND,India,Asia and Pacific,Construction,climate_change,kt CO2eq,0.07781174554006,2019,EXIOBASE v3.8.2 IOT_2016_ixi
SVN,Slovenia,Europe,Metal Products,climate_change,kt CO2eq,0.07748640485373337,2019,EXIOBASE v3.8.2 IOT_2016_ixi
PRT,Portugal,Europe,Waste management and disposal,waste_generation,kt,0.07719784857241081,2019,EXIOBASE v3.8.2 IOT_2016_ixi
BEL,Belgium,Europe,Services,waste_generation,kt,0.07697892887825436,2019,EXIOBASE v3.8.2 IOT_2016_ixi
TUR,Turkey,Middle East,Paper Products,waste_generation,kt,0.07672708898325775,2019,EXIOBASE v3.8.2 IOT_2016_ixi
DNK,Denmark,Denmark,Transport Equipment,climate_change,kt CO2eq,0.07643481155939551,2019,EXIOBASE v3.8.2 IOT_2016_ixi
RoW Asia and Pacific,RoW Asia and Pacific,Asia and Pacific,Waste management and disposal,material_extraction,kt,0.0760549087766795,2019,EXIOBASE v3.8.2 IOT_2016_ixi
MEX,Mexico,America,Furniture and timber,climate_change,kt CO2eq,0.07593005594832128,2019,EXIOBASE v3.8.2 IOT_2016_ixi
PRT,Portugal,Europe,Chemical,climate_change,kt CO2eq,0.07546842581156432,2019,EXIOBASE v3.8.2 IOT_2016_ixi
SVK,Slovakia,Europe,General and special Machinery,land_use,km2,0.07527237158751617,2019,EXIOBASE v3.8.2 IOT_2016_ixi
CZE,Czech Republic,Europe,Services,material_extraction,kt,0.07516791373307159,2019,EXIOBASE v3.8.2 IOT_2016_ixi
RoW America,RoW America,America,Paper Products,land_use,km2,0.07513069770660406,2019,EXIOBASE v3.8.2 IOT_2016_ixi
RoW Asia and Pacific,RoW Asia and Pacific,Asia and Pacific,Textile,blue_water_consumption,Mm3,0.07509322297114726,2019,EXIOBASE v3.8.2 IOT_2016_ixi
RoW Europe,RoW Europe,Europe,"Steam, hot water supply and water distribution",material_extraction,kt,0.07508590932531223,2019,EXIOBASE v3.8.2 IOT_2016_ixi
RUS,Russia,Europe,Electricity,land_use,km2,0.07499398896258772,2019,EXIOBASE v3.8.2 IOT_2016_ixi
EST,Estonia,Europe,Non-metallic mineral products,climate_change,kt CO2eq,0.07491097042734458,2019,EXIOBASE v3.8.2 IOT_2016_ixi
CHN,China,Asia and Pacific,Furniture and timber,waste_generation,kt,0.0743537712439053,2019,EXIOBASE v3.8.2 IOT_2016_ixi
RoW Asia and Pacific,RoW Asia and Pacific,Asia and Pacific,Non-metallic mineral products,waste_generation,kt,0.07365632566169407,2019,EXIOBASE v3.8.2 IOT_2016_ixi
AUT,Austria,Europe,Services,waste_generation,kt,0.07329190331517724,2019,EXIOBASE v3.8.2 IOT_2016_ixi
SVK,Slovakia,Europe,Construction,material_extraction,kt,0.0730270541259255,2019,EXIOBASE v3.8.2 IOT_2016_ixi
NOR,Norway,Europe,Paper Products,climate_change,kt CO2eq,0.07290862027786818,2019,EXIOBASE v3.8.2 IOT_2016_ixi
KOR,South Korea,Asia and Pacific,Transport Equipment,climate_change,kt CO2eq,0.07284782748059025,2019,EXIOBASE v3.8.2 IOT_2016_ixi
NLD,Netherlands,Europe,Electricity,waste_generation,kt,0.07178550364994668,2019,EXIOBASE v3.8.2 IOT_2016_ixi
RoW Middle East,RoW Middle East,Middle East,Textile,land_use,km2,0.0717537137251799,2019,EXIOBASE v3.8.2 IOT_2016_ixi
LUX,Luxembourg,Europe,Metal Products,waste_generation,kt,0.07174130034761474,2019,EXIOBASE v3.8.2 IOT_2016_ixi
IRL,Ireland,Europe,Chemical,climate_change,kt CO2eq,0.07169743065591964,2019,EXIOBASE v3.8.2 IOT_2016_ixi
AUT,Austria,Europe,Paper Products,waste_generation,kt,0.071493371313719,2019,EXIOBASE v3.8.2 IOT_2016_ixi
CHN,China,Asia and Pacific,General and special Machinery,blue_water_consumption,Mm3,0.07128931347159295,2019,EXIOBASE v3.8.2 IOT_2016_ixi
CZE,Czech Republic,Europe,Services,land_use,km2,0.07100637255037415,2019,EXIOBASE v3.8.2 IOT_2016_ixi
MEX,Mexico,America,Chemical,material_extraction,kt,0.07092043064308737,2019,EXIOBASE v3.8.2 IOT_2016_ixi
CHE,Switzerland,Europe,Services,waste_generation,kt,0.0708780574902733,2019,EXIOBASE v3.8.2 IOT_2016_ixi
RUS,Russia,Europe,Transport Equipment,climate_change,kt CO2eq,0.07084701562995899,2019,EXIOBASE v3.8.2 IOT_2016_ixi
LTU,Lithuania,Europe,Minerals and Metals,climate_change,kt CO2eq,0.07071452133615233,2019,EXIOBASE v3.8.2 IOT_2016_ixi
HRV,Croatia,Europe,Food and catering,waste_generation,kt,0.07065844090656101,2019,EXIOBASE v3.8.2 IOT_2016_ixi
GBR,United Kingdom,Europe,Chemical,waste_generation,kt,0.07044631135604303,2019,EXIOBASE v3.8.2 IOT_2016_ixi
IDN,Indonesia,Asia and Pacific,Furniture and timber,climate_change,kt CO2eq,0.07038666885836534,2019,EXIOBASE v3.8.2 IOT_2016_ixi
RoW Europe,RoW Europe,Europe,Furniture and timber,land_use,km2,0.07038295431246969,2019,EXIOBASE v3.8.2 IOT_2016_ixi
LTU,Lithuania,Europe,Coal and Petroleum,waste_generation,kt,0.07037085855089036,2019,EXIOBASE v3.8.2 IOT_2016_ixi
RoW Africa,RoW Africa,Africa,Transport Equipment,waste_generation,kt,0.06998947532643877,2019,EXIOBASE v3.8.2 IOT_2016_ixi
RUS,Russia,Europe,Services,waste_generation,kt,0.06994682417683536,2019,EXIOBASE v3.8.2 IOT_2016_ixi
RoW America,RoW America,America,Chemical,material_extraction,kt,0.0696955484053763,2019,EXIOBASE v3.8.2 IOT_2016_ixi
RoW Asia and Pacific,RoW Asia and Pacific,Asia and Pacific,Construction,material_extraction,kt,0.0696145756226729,2019,EXIOBASE v3.8.2 IOT_2016_ixi
CHE,Switzerland,Europe,Metal Products,climate_change,kt CO2eq,0.06946886625091914,2019,EXIOBASE v3.8.2 IOT_2016_ixi
BRA,Brazil,America,Food and catering,material_extraction,kt,0.06937777744456487,2019,EXIOBASE v3.8.2 IOT_2016_ixi
TUR,Turkey,Middle East,Non-metallic mineral products,material_extraction,kt,0.0693628042484776,2019,EXIOBASE v3.8.2 IOT_2016_ixi
IND,India,Asia and Pacific,Metal Products,blue_water_consumption,Mm3,0.06865949213291421,2019,EXIOBASE v3.8.2 IOT_2016_ixi
RoW Middle East,RoW Middle East,Middle East,Paper Products,material_extraction,kt,0.06851966389786043,2019,EXIOBASE v3.8.2 IOT_2016_ixi
SVN,Slovenia,Europe,Chemical,climate_change,kt CO2eq,0.06848939502638703,2019,EXIOBASE v3.8.2 IOT_2016_ixi
MLT,Malta,Europe,Food and catering,waste_generation,kt,0.06839603320405646,2019,EXIOBASE v3.8.2 IOT_2016_ixi
USA,United States,America,Coal and Petroleum,waste_generation,kt,0.06747994251244384,2019,EXIOBASE v3.8.2 IOT_2016_ixi
CAN,Canada,America,Transport,waste_generation,kt,0.06730166585873315,2019,EXIOBASE v3.8.2 IOT_2016_ixi
RUS,Russia,Europe,Textile,climate_change,kt CO2eq,0.0671337504485707,2019,EXIOBASE v3.8.2 IOT_2016_ixi
RoW Europe,RoW Europe,Europe,Services,waste_generation,kt,0.06600347086470702,2019,EXIOBASE v3.8.2 IOT_2016_ixi
USA,United States,America,Coal and Petroleum,material_extraction,kt,0.06597692100755313,2019,EXIOBASE v3.8.2 IOT_2016_ixi
IRL,Ireland,Europe,"Electrical, electronic and measuring equipment",climate_change,kt CO2eq,0.06596184043139153,2019,EXIOBASE v3.8.2 IOT_2016_ixi
SVN,Slovenia,Europe,Paper Products,climate_change,kt CO2eq,0.06588125200488669,2019,EXIOBASE v3.8.2 IOT_2016_ixi
SWE,Sweden,Europe,Furniture and timber,waste_generation,kt,0.06563773239424743,2019,EXIOBASE v3.8.2 IOT_2016_ixi
ITA,Italy,Europe,Textile,climate_change,kt CO2eq,0.06547957340592975,2019,EXIOBASE v3.8.2 IOT_2016_ixi
CAN,Canada,America,"Steam, hot water supply and water distribution",climate_change,kt CO2eq,0.06540240444775465,2019,EXIOBASE v3.8.2 IOT_2016_ixi
LUX,Luxembourg,Europe,Electricity,climate_change,kt CO2eq,0.06528392349875922,2019,EXIOBASE v3.8.2 IOT_2016_ixi
IRL,Ireland,Europe,Transport Equipment,climate_change,kt CO2eq,0.06483882536488256,2019,EXIOBASE v3.8.2 IOT_2016_ixi
BRA,Brazil,America,Metal Products,waste_generation,kt,0.06476250669473363,2019,EXIOBASE v3.8.2 IOT_2016_ixi
DEU,Germany,Europe,Services,waste_generation,kt,0.06471020259109769,2019,EXIOBASE v3.8.2 IOT_2016_ixi
RUS,Russia,Europe,Construction,climate_change,kt CO2eq,0.06442849292444762,2019,EXIOBASE v3.8.2 IOT_2016_ixi
IND,India,Asia and Pacific,General and special Machinery,climate_change,kt CO2eq,0.06438264724773567,2019,EXIOBASE v3.8.2 IOT_2016_ixi
ZAF,South Africa,Africa,Textile,climate_change,kt CO2eq,0.0639857753091669,2019,EXIOBASE v3.8.2 IOT_2016_ixi
NLD,Netherlands,Europe,Metal Products,waste_generation,kt,0.06396516030099031,2019,EXIOBASE v3.8.2 IOT_2016_ixi
RoW Europe,RoW Europe,Europe,Transport Equipment,climate_change,kt CO2eq,0.06368184624262863,2019,EXIOBASE v3.8.2 IOT_2016_ixi
EST,Estonia,Europe,Electricity,waste_generation,kt,0.06352471996016612,2019,EXIOBASE v3.8.2 IOT_2016_ixi
POL,Poland,Europe,General and special Machinery,climate_change,kt CO2eq,0.062275585793799555,2019,EXIOBASE v3.8.2 IOT_2016_ixi
DEU,Germany,Europe,"Electrical, electronic and measuring equipment",waste_generation,kt,0.061918377977867076,2019,EXIOBASE v3.8.2 IOT_2016_ixi
MLT,Malta,Europe,Services,climate_change,kt CO2eq,0.061772947644910474,2019,EXIOBASE v3.8.2 IOT_2016_ixi
LVA,Latvia,Europe,Minerals and Metals,climate_change,kt CO2eq,0.061328820430634076,2019,EXIOBASE v3.8.2 IOT_2016_ixi
HUN,Hungary,Europe,Electricity,waste_generation,kt,0.06116202161014893,2019,EXIOBASE v3.8.2 IOT_2016_ixi
MEX,Mexico,America,Transport Equipment,climate_change,kt CO2eq,0.061140709663487725,2019,EXIOBASE v3.8.2 IOT_2016_ixi
DEU,Germany,Europe,Coal and Petroleum,waste_generation,kt,0.060954837998405134,2019,EXIOBASE v3.8.2 IOT_2016_ixi
RoW Middle East,RoW Middle East,Middle East,Non-metallic mineral products,material_extraction,kt,0.060764539944896535,2019,EXIOBASE v3.8.2 IOT_2016_ixi
IND,India,Asia and Pacific,"Steam, hot water supply and water distribution",climate_change,kt CO2eq,0.060369008438185504,2019,EXIOBASE v3.8.2 IOT_2016_ixi
RoW America,RoW America,America,Furniture and timber,climate_change,kt CO2eq,0.060296033228925947,2019,EXIOBASE v3.8.2 IOT_2016_ixi
CZE,Czech Republic,Europe,"Electrical, electronic and measuring equipment",climate_change,kt CO2eq,0.06028194834764801,2019,EXIOBASE v3.8.2 IOT_2016_ixi
PRT,Portugal,Europe,Furniture and timber,waste_generation,kt,0.06005132752311528,2019,EXIOBASE v3.8.2 IOT_2016_ixi
IDN,Indonesia,Asia and Pacific,Food and catering,blue_water_consumption,Mm3,0.05973483110196008,2019,EXIOBASE v3.8.2 IOT_2016_ixi
RoW Europe,RoW Europe,Europe,"Steam, hot water supply and water distribution",land_use,km2,0.059505174070150615,2019,EXIOBASE v3.8.2 IOT_2016_ixi
RoW Europe,RoW Europe,Europe,Furniture and timber,material_extraction,kt,0.059268769723559794,2019,EXIOBASE v3.8.2 IOT_2016_ixi
SVK,Slovakia,Europe,Metal Products,waste_generation,kt,0.05911399993966723,2019,EXIOBASE v3.8.2 IOT_2016_ixi
RoW Africa,RoW Africa,Africa,Furniture and timber,land_use,km2,0.058999220919495596,2019,EXIOBASE v3.8.2 IOT_2016_ixi
KOR,South Korea,Asia and Pacific,"Electrical, electronic and measuring equipment",climate_change,kt CO2eq,0.05895821023411048,2019,EXIOBASE v3.8.2 IOT_2016_ixi
CZE,Czech Republic,Europe,Chemical,material_extraction,kt,0.05889648964373288,2019,EXIOBASE v3.8.2 IOT_2016_ixi
CHE,Switzerland,Europe,Electricity,waste_generation,kt,0.05881777817900929,2019,EXIOBASE v3.8.2 IOT_2016_ixi
CAN,Canada,America,Coal and Petroleum,waste_generation,kt,0.05871940248460667,2019,EXIOBASE v3.8.2 IOT_2016_ixi
SVK,Slovakia,Europe,Minerals and Metals,climate_change,kt CO2eq,0.05865972774823056,2019,EXIOBASE v3.8.2 IOT_2016_ixi
AUT,Austria,Europe,"Steam, hot water supply and water distribution",waste_generation,kt,0.05820373564889356,2019,EXIOBASE v3.8.2 IOT_2016_ixi
MEX,Mexico,America,"Electrical, electronic and measuring equipment",climate_change,kt CO2eq,0.05798155157986923,2019,EXIOBASE v3.8.2 IOT_2016_ixi
RoW Africa,RoW Africa,Africa,Electricity,waste_generation,kt,0.05770834110629972,2019,EXIOBASE v3.8.2 IOT_2016_ixi
SWE,Sweden,Europe,Services,waste_generation,kt,0.05748877143378195,2019,EXIOBASE v3.8.2 IOT_2016_ixi
ESP,Spain,Europe,"Electrical, electronic and measuring equipment",climate_change,kt CO2eq,0.05735661645980197,2019,EXIOBASE v3.8.2 IOT_2016_ixi
CHE,Switzerland,Europe,Construction,climate_change,kt CO2eq,0.05733076979254164,2019,EXIOBASE v3.8.2 IOT_2016_ixi
RoW Europe,RoW Europe,Europe,Construction,land_use,km2,0.05727558913484913,2019,EXIOBASE v3.8.2 IOT_2016_ixi
NOR,Norway,Europe,Paper Products,blue_water_consumption,Mm3,0.05715619083860402,2019,EXIOBASE v3.8.2 IOT_2016_ixi
CYP,Cyprus,Middle East,Minerals and Metals,climate_change,kt CO2eq,0.05708851257473733,2019,EXIOBASE v3.8.2 IOT_2016_ixi
DEU,Germany,Europe,Construction,climate_change,kt CO2eq,0.05706750610734978,2019,EXIOBASE v3.8.2 IOT_2016_ixi
ZAF,South Africa,Africa,Food and catering,blue_water_consumption,Mm3,0.05688344403916977,2019,EXIOBASE v3.8.2 IOT_2016_ixi
HUN,Hungary,Europe,Furniture and timber,land_use,km2,0.056875500836304334,2019,EXIOBASE v3.8.2 IOT_2016_ixi
SVK,Slovakia,Europe,Furniture and timber,climate_change,kt CO2eq,0.056763905527583654,2019,EXIOBASE v3.8.2 IOT_2016_ixi
NLD,Netherlands,Europe,Minerals and Metals,climate_change,kt CO2eq,0.05650223997096458,2019,EXIOBASE v3.8.2 IOT_2016_ixi
TUR,Turkey,Middle East,Paper Products,climate_change,kt CO2eq,0.056348658975653276,2019,EXIOBASE v3.8.2 IOT_2016_ixi
CHN,China,Asia and Pacific,Transport,waste_generation,kt,0.056345071930602314,2019,EXIOBASE v3.8.2 IOT_2016_ixi
GBR,United Kingdom,Europe,Food and catering,blue_water_consumption,Mm3,0.056328674137882416,2019,EXIOBASE v3.8.2 IOT_2016_ixi
LVA,Latvia,Europe,Construction,material_extraction,kt,0.05616249529572849,2019,EXIOBASE v3.8.2 IOT_2016_ixi
LTU,Lithuania,Europe,Electricity,climate_change,kt CO2eq,0.05609437696836936,2019,EXIOBASE v3.8.2 IOT_2016_ixi
CZE,Czech Republic,Europe,Waste management and disposal,waste_generation,kt,0.05604347529918575,2019,EXIOBASE v3.8.2 IOT_2016_ixi
EST,Estonia,Europe,Furniture and timber,climate_change,kt CO2eq,0.05579510926295327,2019,EXIOBASE v3.8.2 IOT_2016_ixi
ESP,Spain,Europe,Textile,climate_change,kt CO2eq,0.05565144879543438,2019,EXIOBASE v3.8.2 IOT_2016_ixi
RoW Africa,RoW Africa,Africa,Chemical,blue_water_consumption,Mm3,0.055389195932132214,2019,EXIOBASE v3.8.2 IOT_2016_ixi
FRA,France,Europe,Furniture and timber,climate_change,kt CO2eq,0.05517766226232177,2019,EXIOBASE v3.8.2 IOT_2016_ixi
IDN,Indonesia,Asia and Pacific,Electricity,waste_generation,kt,0.05466337930801519,2019,EXIOBASE v3.8.2 IOT_2016_ixi
RoW Asia and Pacific,RoW Asia and Pacific,Asia and Pacific,Natural gas and gaseous fuels,waste_generation,kt,0.054274270586671454,2019,EXIOBASE v3.8.2 IOT_2016_ixi
RUS,Russia,Europe,Waste management and disposal,land_use,km2,0.05388684792498361,2019,EXIOBASE v3.8.2 IOT_2016_ixi
DNK,Denmark,Denmark,Metal Products,waste_generation,kt,0.053840043005558856,2019,EXIOBASE v3.8.2 IOT_2016_ixi
RoW Africa,RoW Africa,Africa,Minerals and Metals,waste_generation,kt,0.053816399126558674,2019,EXIOBASE v3.8.2 IOT_2016_ixi
CHE,Switzerland,Europe,Paper Products,climate_change,kt CO2eq,0.05357994544312371,2019,EXIOBASE v3.8.2 IOT_2016_ixi
TUR,Turkey,Middle East,Electricity,waste_generation,kt,0.05352819028415166,2019,EXIOBASE v3.8.2 IOT_2016_ixi
EST,Estonia,Europe,Coal and Petroleum,climate_change,kt CO2eq,0.053356725588626704,2019,EXIOBASE v3.8.2 IOT_2016_ixi
NOR,Norway,Europe,Electricity,climate_change,kt CO2eq,0.05294425199816136,2019,EXIOBASE v3.8.2 IOT_2016_ixi
RoW Europe,RoW Europe,Europe,Minerals and Metals,land_use,km2,0.05285086442208487,2019,EXIOBASE v3.8.2 IOT_2016_ixi
AUS,Australia,Asia and Pacific,Paper Products,climate_change,kt CO2eq,0.05280336141321955,2019,EXIOBASE v3.8.2 IOT_2016_ixi
IND,India,Asia and Pacific,Services,waste_generation,kt,0.05270783359695508,2019,EXIOBASE v3.8.2 IOT_2016_ixi
RoW Asia and Pacific,RoW Asia and Pacific,Asia and Pacific,Minerals and Metals,waste_generation,kt,0.052608561765130776,2019,EXIOBASE v3.8.2 IOT_2016_ixi
CHE,Switzerland,Europe,"Steam, hot water supply and water distribution",climate_change,kt CO2eq,0.052377994504968856,2019,EXIOBASE v3.8.2 IOT_2016_ixi
CZE,Czech Republic,Europe,Metal Products,material_extraction,kt,0.0523156268309477,2019,EXIOBASE v3.8.2 IOT_2016_ixi
ITA,Italy,Europe,Electricity,waste_generation,kt,0.05224986992428328,2019,EXIOBASE v3.8.2 IOT_2016_ixi
TUR,Turkey,Middle East,Metal Products,waste_generation,kt,0.05224648932828906,2019,EXIOBASE v3.8.2 IOT_2016_ixi
GBR,United Kingdom,Europe,Services,waste_generation,kt,0.05224187871411106,2019,EXIOBASE v3.8.2 IOT_2016_ixi
RUS,Russia,Europe,General and special Machinery,climate_change,kt CO2eq,0.05177764280997487,2019,EXIOBASE v3.8.2 IOT_2016_ixi
CZE,Czech Republic,Europe,"Steam, hot water supply and water distribution",waste_generation,kt,0.051646644953658095,2019,EXIOBASE v3.8.2 IOT_2016_ixi
RoW Europe,RoW Europe,Europe,General and special Machinery,material_extraction,kt,0.051452178024176905,2019,EXIOBASE v3.8.2 IOT_2016_ixi
RoW Europe,RoW Europe,Europe,"Electrical, electronic and measuring equipment",climate_change,kt CO2eq,0.05075645449399033,2019,EXIOBASE v3.8.2 IOT_2016_ixi
GRC,Greece,Europe,Electricity,waste_generation,kt,0.05072104160324341,2019,EXIOBASE v3.8.2 IOT_2016_ixi
BEL,Belgium,Europe,Furniture and timber,climate_change,kt CO2eq,0.05060777212667705,2019,EXIOBASE v3.8.2 IOT_2016_ixi
DEU,Germany,Europe,Electricity,blue_water_consumption,Mm3,0.050308574916846815,2019,EXIOBASE v3.8.2 IOT_2016_ixi
BRA,Brazil,America,Non-metallic mineral products,material_extraction,kt,0.05007690413569096,2019,EXIOBASE v3.8.2 IOT_2016_ixi
EST,Estonia,Europe,Paper Products,climate_change,kt CO2eq,0.0499498908204309,2019,EXIOBASE v3.8.2 IOT_2016_ixi
USA,United States,America,Metal Products,waste_generation,kt,0.049819375639627204,2019,EXIOBASE v3.8.2 IOT_2016_ixi
FRA,France,Europe,General and special Machinery,climate_change,kt CO2eq,0.04976621605468639,2019,EXIOBASE v3.8.2 IOT_2016_ixi
JPN,Japan,Asia and Pacific,Food and catering,waste_generation,kt,0.04934786236441071,2019,EXIOBASE v3.8.2 IOT_2016_ixi
HUN,Hungary,Europe,Chemical,waste_generation,kt,0.04903157399985665,2019,EXIOBASE v3.8.2 IOT_2016_ixi
RoW Europe,RoW Europe,Europe,Transport Equipment,material_extraction,kt,0.04902265781472904,2019,EXIOBASE v3.8.2 IOT_2016_ixi
POL,Poland,Europe,Transport,land_use,km2,0.048972313230627125,2019,EXIOBASE v3.8.2 IOT_2016_ixi
GBR,United Kingdom,Europe,Paper Products,waste_generation,kt,0.04865007574621546,2019,EXIOBASE v3.8.2 IOT_2016_ixi
IDN,Indonesia,Asia and Pacific,Natural gas and gaseous fuels,climate_change,kt CO2eq,0.048575780292520306,2019,EXIOBASE v3.8.2 IOT_2016_ixi
CZE,Czech Republic,Europe,Furniture and timber,land_use,km2,0.04850322971482897,2019,EXIOBASE v3.8.2 IOT_2016_ixi
RoW Middle East,RoW Middle East,Middle East,Transport Equipment,climate_change,kt CO2eq,0.048274243664773744,2019,EXIOBASE v3.8.2 IOT_2016_ixi
RUS,Russia,Europe,Minerals and Metals,land_use,km2,0.04812489689755279,2019,EXIOBASE v3.8.2 IOT_2016_ixi
RoW Africa,RoW Africa,Africa,Metal Products,waste_generation,kt,0.047915636808683985,2019,EXIOBASE v3.8.2 IOT_2016_ixi
RoW Asia and Pacific,RoW Asia and Pacific,Asia and Pacific,"Electrical, electronic and measuring equipment",material_extraction,kt,0.04769308064367033,2019,EXIOBASE v3.8.2 IOT_2016_ixi
RoW Africa,RoW Africa,Africa,Textile,waste_generation,kt,0.04752926996460431,2019,EXIOBASE v3.8.2 IOT_2016_ixi
IRL,Ireland,Europe,Electricity,waste_generation,kt,0.04747100183943152,2019,EXIOBASE v3.8.2 IOT_2016_ixi
CAN,Canada,America,Chemical,material_extraction,kt,0.04740618882402596,2019,EXIOBASE v3.8.2 IOT_2016_ixi
CYP,Cyprus,Middle East,Non-metallic mineral products,climate_change,kt CO2eq,0.047185946937130775,2019,EXIOBASE v3.8.2 IOT_2016_ixi
POL,Poland,Europe,Transport Equipment,climate_change,kt CO2eq,0.04709607072703545,2019,EXIOBASE v3.8.2 IOT_2016_ixi
EST,Estonia,Europe,Construction,material_extraction,kt,0.04681658128263801,2019,EXIOBASE v3.8.2 IOT_2016_ixi
FIN,Finland,Europe,"Steam, hot water supply and water distribution",waste_generation,kt,0.046686408147140895,2019,EXIOBASE v3.8.2 IOT_2016_ixi
IRL,Ireland,Europe,Minerals and Metals,climate_change,kt CO2eq,0.04665919101294923,2019,EXIOBASE v3.8.2 IOT_2016_ixi
RoW Asia and Pacific,RoW Asia and Pacific,Asia and Pacific,Metal Products,blue_water_consumption,Mm3,0.04653546760303866,2019,EXIOBASE v3.8.2 IOT_2016_ixi
SVK,Slovakia,Europe,Paper Products,climate_change,kt CO2eq,0.04649647720143248,2019,EXIOBASE v3.8.2 IOT_2016_ixi
IRL,Ireland,Europe,Coal and Petroleum,waste_generation,kt,0.04639596018165491,2019,EXIOBASE v3.8.2 IOT_2016_ixi
RoW Africa,RoW Africa,Africa,Chemical,land_use,km2,0.046302751133033164,2019,EXIOBASE v3.8.2 IOT_2016_ixi
RoW Middle East,RoW Middle East,Middle East,Transport,waste_generation,kt,0.046148025452541,2019,EXIOBASE v3.8.2 IOT_2016_ixi
RoW Africa,RoW Africa,Africa,Paper Products,waste_generation,kt,0.046048948296081804,2019,EXIOBASE v3.8.2 IOT_2016_ixi
DNK,Denmark,Denmark,General and special Machinery,waste_generation,kt,0.04575560705239723,2019,EXIOBASE v3.8.2 IOT_2016_ixi
FIN,Finland,Europe,Metal Products,waste_generation,kt,0.04569771370490258,2019,EXIOBASE v3.8.2 IOT_2016_ixi
SVK,Slovakia,Europe,Electricity,climate_change,kt CO2eq,0.04565728715793938,2019,EXIOBASE v3.8.2 IOT_2016_ixi
BGR,Bulgaria,Europe,"Steam, hot water supply and water distribution",waste_generation,kt,0.04552485573209706,2019,EXIOBASE v3.8.2 IOT_2016_ixi
CHE,Switzerland,Europe,Natural gas and gaseous fuels,climate_change,kt CO2eq,0.044957105502531396,2019,EXIOBASE v3.8.2 IOT_2016_ixi
BGR,Bulgaria,Europe,Textile,climate_change,kt CO2eq,0.04492087581089689,2019,EXIOBASE v3.8.2 IOT_2016_ixi
CZE,Czech Republic,Europe,Textile,climate_change,kt CO2eq,0.04488139205108992,2019,EXIOBASE v3.8.2 IOT_2016_ixi
IRL,Ireland,Europe,Coal and Petroleum,climate_change,kt CO2eq,0.044388492203355306,2019,EXIOBASE v3.8.2 IOT_2016_ixi
HUN,Hungary,Europe,Transport,material_extraction,kt,0.0443038728685398,2019,EXIOBASE v3.8.2 IOT_2016_ixi
RoW America,RoW America,America,General and special Machinery,climate_change,kt CO2eq,0.04405514304295709,2019,EXIOBASE v3.8.2 IOT_2016_ixi
BGR,Bulgaria,Europe,Construction,climate_change,kt CO2eq,0.0439878070485609,2019,EXIOBASE v3.8.2 IOT_2016_ixi
CZE,Czech Republic,Europe,Furniture and timber,climate_change,kt CO2eq,0.04392288467862802,2019,EXIOBASE v3.8.2 IOT_2016_ixi
RUS,Russia,Europe,Waste management and disposal,waste_generation,kt,0.04385145115721388,2019,EXIOBASE v3.8.2 IOT_2016_ixi
ROU,Romania,Europe,Chemical,waste_generation,kt,0.04372366780780612,2019,EXIOBASE v3.8.2 IOT_2016_ixi
SVN,Slovenia,Europe,Furniture and timber,land_use,km2,0.04371408921618278,2019,EXIOBASE v3.8.2 IOT_2016_ixi
CAN,Canada,America,Coal and Petroleum,material_extraction,kt,0.04362621434588807,2019,EXIOBASE v3.8.2 IOT_2016_ixi
ZAF,South Africa,Africa,"Steam, hot water supply and water distribution",climate_change,kt CO2eq,0.043590459612444656,2019,EXIOBASE v3.8.2 IOT_2016_ixi
NOR,Norway,Europe,General and special Machinery,waste_generation,kt,0.043581229558310834,2019,EXIOBASE v3.8.2 IOT_2016_ixi
SVN,Slovenia,Europe,Minerals and Metals,climate_change,kt CO2eq,0.043508675590906466,2019,EXIOBASE v3.8.2 IOT_2016_ixi
LTU,Lithuania,Europe,Textile,climate_change,kt CO2eq,0.04337364739954669,2019,EXIOBASE v3.8.2 IOT_2016_ixi
NOR,Norway,Europe,Food and catering,blue_water_consumption,Mm3,0.04315631668372395,2019,EXIOBASE v3.8.2 IOT_2016_ixi
ROU,Romania,Europe,Electricity,waste_generation,kt,0.043155766700912104,2019,EXIOBASE v3.8.2 IOT_2016_ixi
USA,United States,America,"Electrical, electronic and measuring equipment",waste_generation,kt,0.04309051675505437,2019,EXIOBASE v3.8.2 IOT_2016_ixi
USA,United States,America,Chemical,blue_water_consumption,Mm3,0.043032561702120505,2019,EXIOBASE v3.8.2 IOT_2016_ixi
RoW Africa,RoW Africa,Africa,Non-metallic mineral products,waste_generation,kt,0.04302418789564137,2019,EXIOBASE v3.8.2 IOT_2016_ixi
RoW Europe,RoW Europe,Europe,Chemical,land_use,km2,0.04300758058748509,2019,EXIOBASE v3.8.2 IOT_2016_ixi
CHN,China,Asia and Pacific,Textile,blue_water_consumption,Mm3,0.04276844969207001,2019,EXIOBASE v3.8.2 IOT_2016_ixi
CAN,Canada,America,Food and catering,blue_water_consumption,Mm3,0.042698183224874404,2019,EXIOBASE v3.8.2 IOT_2016_ixi
FIN,Finland,Europe,Furniture and timber,land_use,km2,0.04263143609191121,2019,EXIOBASE v3.8.2 IOT_2016_ixi
SWE,Sweden,Europe,Paper Products,blue_water_consumption,Mm3,0.042218852352434506,2019,EXIOBASE v3.8.2 IOT_2016_ixi
IND,India,Asia and Pacific,Non-metallic mineral products,material_extraction,kt,0.04210809731238717,2019,EXIOBASE v3.8.2 IOT_2016_ixi
RoW Europe,RoW Europe,Europe,Chemical,blue_water_consumption,Mm3,0.04160353038804915,2019,EXIOBASE v3.8.2 IOT_2016_ixi
BEL,Belgium,Europe,Waste management and disposal,land_use,km2,0.04153268760563503,2019,EXIOBASE v3.8.2 IOT_2016_ixi
NLD,Netherlands,Europe,Chemical,blue_water_consumption,Mm3,0.041184281055273275,2019,EXIOBASE v3.8.2 IOT_2016_ixi
RoW Asia and Pacific,RoW Asia and Pacific,Asia and Pacific,Electricity,blue_water_consumption,Mm3,0.041029714451117937,2019,EXIOBASE v3.8.2 IOT_2016_ixi
RoW Europe,RoW Europe,Europe,Paper Products,material_extraction,kt,0.04086297080069534,2019,EXIOBASE v3.8.2 IOT_2016_ixi
RoW Europe,RoW Europe,Europe,Electricity,blue_water_consumption,Mm3,0.04068142181701204,2019,EXIOBASE v3.8.2 IOT_2016_ixi
ZAF,South Africa,Africa,"Electrical, electronic and measuring equipment",climate_change,kt CO2eq,0.04061888283104876,2019,EXIOBASE v3.8.2 IOT_2016_ixi
RoW Europe,RoW Europe,Europe,General and special Machinery,climate_change,kt CO2eq,0.04055476319885122,2019,EXIOBASE v3.8.2 IOT_2016_ixi
SVN,Slovenia,Europe,Construction,material_extraction,kt,0.040469297245919855,2019,EXIOBASE v3.8.2 IOT_2016_ixi
RoW America,RoW America,America,Chemical,land_use,km2,0.040241033906870706,2019,EXIOBASE v3.8.2 IOT_2016_ixi
MEX,Mexico,America,Textile,climate_change,kt CO2eq,0.04017477359472983,2019,EXIOBASE v3.8.2 IOT_2016_ixi
BGR,Bulgaria,Europe,Services,material_extraction,kt,0.040044882137428794,2019,EXIOBASE v3.8.2 IOT_2016_ixi
DEU,Germany,Europe,Furniture and timber,waste_generation,kt,0.04003081716753406,2019,EXIOBASE v3.8.2 IOT_2016_ixi
CAN,Canada,America,Metal Products,waste_generation,kt,0.03962560943984559,2019,EXIOBASE v3.8.2 IOT_2016_ixi
CHN,China,Asia and Pacific,Waste management and disposal,waste_generation,kt,0.03953361713900547,2019,EXIOBASE v3.8.2 IOT_2016_ixi
RoW Middle East,RoW Middle East,Middle East,Textile,material_extraction,kt,0.03934147844740836,2019,EXIOBASE v3.8.2 IOT_2016_ixi
POL,Poland,Europe,Textile,climate_change,kt CO2eq,0.03932489940514915,2019,EXIOBASE v3.8.2 IOT_2016_ixi
ITA,Italy,Europe,Construction,climate_change,kt CO2eq,0.03916780624383944,2019,EXIOBASE v3.8.2 IOT_2016_ixi
KOR,South Korea,Asia and Pacific,Chemical,waste_generation,kt,0.03909733664849273,2019,EXIOBASE v3.8.2 IOT_2016_ixi
RoW Asia and Pacific,RoW Asia and Pacific,Asia and Pacific,"Electrical, electronic and measuring equipment",waste_generation,kt,0.038976786585578946,2019,EXIOBASE v3.8.2 IOT_2016_ixi
CZE,Czech Republic,Europe,Metal Products,waste_generation,kt,0.03892871914848202,2019,EXIOBASE v3.8.2 IOT_2016_ixi
LUX,Luxembourg,Europe,Waste management and disposal,waste_generation,kt,0.03868647612310213,2019,EXIOBASE v3.8.2 IOT_2016_ixi
MLT,Malta,Europe,Furniture and timber,climate_change,kt CO2eq,0.038439882790878725,2019,EXIOBASE v3.8.2 IOT_2016_ixi
SVK,Slovakia,Europe,Transport,waste_generation,kt,0.038183973169701325,2019,EXIOBASE v3.8.2 IOT_2016_ixi
CHN,China,Asia and Pacific,Electricity,blue_water_consumption,Mm3,0.038177815626371125,2019,EXIOBASE v3.8.2 IOT_2016_ixi
MEX,Mexico,America,Metal Products,land_use,km2,0.038146613959834486,2019,EXIOBASE v3.8.2 IOT_2016_ixi
CZE,Czech Republic,Europe,Services,waste_generation,kt,0.038043881401070116,2019,EXIOBASE v3.8.2 IOT_2016_ixi
LVA,Latvia,Europe,Furniture and timber,climate_change,kt CO2eq,0.03795176127365629,2019,EXIOBASE v3.8.2 IOT_2016_ixi
FIN,Finland,Europe,Transport Equipment,climate_change,kt CO2eq,0.03792334953505661,2019,EXIOBASE v3.8.2 IOT_2016_ixi
ESP,Spain,Europe,Coal and Petroleum,waste_generation,kt,0.03791778429388865,2019,EXIOBASE v3.8.2 IOT_2016_ixi
AUT,Austria,Europe,Furniture and timber,climate_change,kt CO2eq,0.037900500330234184,2019,EXIOBASE v3.8.2 IOT_2016_ixi
NOR,Norway,Europe,Metal Products,waste_generation,kt,0.037684723592819214,2019,EXIOBASE v3.8.2 IOT_2016_ixi
ZAF,South Africa,Africa,Metal Products,waste_generation,kt,0.03768301578543706,2019,EXIOBASE v3.8.2 IOT_2016_ixi
TWN,Taiwan,Asia and Pacific,Transport Equipment,climate_change,kt CO2eq,0.037677277494889735,2019,EXIOBASE v3.8.2 IOT_2016_ixi
NOR,Norway,Europe,Furniture and timber,waste_generation,kt,0.03740169425509852,2019,EXIOBASE v3.8.2 IOT_2016_ixi
KOR,South Korea,Asia and Pacific,Food and catering,blue_water_consumption,Mm3,0.03697351669543483,2019,EXIOBASE v3.8.2 IOT_2016_ixi
AUS,Australia,Asia and Pacific,Chemical,waste_generation,kt,0.036705108192911236,2019,EXIOBASE v3.8.2 IOT_2016_ixi
DNK,Denmark,Denmark,Transport Equipment,waste_generation,kt,0.03666912778928661,2019,EXIOBASE v3.8.2 IOT_2016_ixi
FIN,Finland,Europe,Furniture and timber,material_extraction,kt,0.03660540195852979,2019,EXIOBASE v3.8.2 IOT_2016_ixi
RoW Asia and Pacific,RoW Asia and Pacific,Asia and Pacific,Coal and Petroleum,land_use,km2,0.03651023907362519,2019,EXIOBASE v3.8.2 IOT_2016_ixi
TWN,Taiwan,Asia and Pacific,Textile,climate_change,kt CO2eq,0.036374092260515654,2019,EXIOBASE v3.8.2 IOT_2016_ixi
ITA,Italy,Europe,Services,land_use,km2,0.036364505111600914,2019,EXIOBASE v3.8.2 IOT_2016_ixi
RoW America,RoW America,America,Furniture and timber,material_extraction,kt,0.036242164537550206,2019,EXIOBASE v3.8.2 IOT_2016_ixi
FRA,France,Europe,Transport Equipment,climate_change,kt CO2eq,0.03618703844195396,2019,EXIOBASE v3.8.2 IOT_2016_ixi
NLD,Netherlands,Europe,General and special Machinery,climate_change,kt CO2eq,0.03565965215082926,2019,EXIOBASE v3.8.2 IOT_2016_ixi
FRA,France,Europe,Construction,waste_generation,kt,0.03553914557847834,2019,EXIOBASE v3.8.2 IOT_2016_ixi
RoW Europe,RoW Europe,Europe,Construction,waste_generation,kt,0.03551601491698556,2019,EXIOBASE v3.8.2 IOT_2016_ixi
MEX,Mexico,America,Paper Products,climate_change,kt CO2eq,0.03550022716320213,2019,EXIOBASE v3.8.2 IOT_2016_ixi
SWE,Sweden,Europe,"Electrical, electronic and measuring equipment",waste_generation,kt,0.03533634811690945,2019,EXIOBASE v3.8.2 IOT_2016_ixi
DNK,Denmark,Denmark,Paper Products,blue_water_consumption,Mm3,0.03520037833525774,2019,EXIOBASE v3.8.2 IOT_2016_ixi
IRL,Ireland,Europe,Natural gas and gaseous fuels,climate_change,kt CO2eq,0.03505060196349075,2019,EXIOBASE v3.8.2 IOT_2016_ixi
FRA,France,Europe,Services,waste_generation,kt,0.03485314176899558,2019,EXIOBASE v3.8.2 IOT_2016_ixi
CHE,Switzerland,Europe,"Electrical, electronic and measuring equipment",climate_change,kt CO2eq,0.03483211815416991,2019,EXIOBASE v3.8.2 IOT_2016_ixi
AUS,Australia,Asia and Pacific,Transport Equipment,climate_change,kt CO2eq,0.03463849424129691,2019,EXIOBASE v3.8.2 IOT_2016_ixi
KOR,South Korea,Asia and Pacific,Furniture and timber,climate_change,kt CO2eq,0.034626658087640504,2019,EXIOBASE v3.8.2 IOT_2016_ixi
RoW Asia and Pacific,RoW Asia and Pacific,Asia and Pacific,Chemical,material_extraction,kt,0.034595550052468296,2019,EXIOBASE v3.8.2 IOT_2016_ixi
BRA,Brazil,America,Transport Equipment,climate_change,kt CO2eq,0.03456366018392465,2019,EXIOBASE v3.8.2 IOT_2016_ixi
RoW Europe,RoW Europe,Europe,Textile,material_extraction,kt,0.03439750002506547,2019,EXIOBASE v3.8.2 IOT_2016_ixi
CAN,Canada,America,Construction,climate_change,kt CO2eq,0.034258108254335444,2019,EXIOBASE v3.8.2 IOT_2016_ixi
RoW Europe,RoW Europe,Europe,Coal and Petroleum,land_use,km2,0.03418296952824114,2019,EXIOBASE v3.8.2 IOT_2016_ixi
BEL,Belgium,Europe,Chemical,blue_water_consumption,Mm3,0.034165836775571765,2019,EXIOBASE v3.8.2 IOT_2016_ixi
IND,India,Asia and Pacific,Coal and Petroleum,waste_generation,kt,0.034048926291392,2019,EXIOBASE v3.8.2 IOT_2016_ixi
CAN,Canada,America,Waste management and disposal,waste_generation,kt,0.03399311279381052,2019,EXIOBASE v3.8.2 IOT_2016_ixi
AUT,Austria,Europe,Construction,waste_generation,kt,0.03372597105079774,2019,EXIOBASE v3.8.2 IOT_2016_ixi
CAN,Canada,America,Metal Products,material_extraction,kt,0.03348299182956873,2019,EXIOBASE v3.8.2 IOT_2016_ixi
POL,Poland,Europe,Construction,climate_change,kt CO2eq,0.033425387412295,2019,EXIOBASE v3.8.2 IOT_2016_ixi
GBR,United Kingdom,Europe,Chemical,blue_water_consumption,Mm3,0.03339607492301765,2019,EXIOBASE v3.8.2 IOT_2016_ixi
RoW Asia and Pacific,RoW Asia and Pacific,Asia and Pacific,"Steam, hot water supply and water distribution",material_extraction,kt,0.03332854347941664,2019,EXIOBASE v3.8.2 IOT_2016_ixi
RoW America,RoW America,America,Transport Equipment,climate_change,kt CO2eq,0.03327417929777534,2019,EXIOBASE v3.8.2 IOT_2016_ixi
FIN,Finland,Europe,Coal and Petroleum,material_extraction,kt,0.033200310613685516,2019,EXIOBASE v3.8.2 IOT_2016_ixi
PRT,Portugal,Europe,Textile,climate_change,kt CO2eq,0.0331052879054329,2019,EXIOBASE v3.8.2 IOT_2016_ixi
IDN,Indonesia,Asia and Pacific,Paper Products,waste_generation,kt,0.033090350422311406,2019,EXIOBASE v3.8.2 IOT_2016_ixi
MEX,Mexico,America,Electricity,waste_generation,kt,0.033089103886926825,2019,EXIOBASE v3.8.2 IOT_2016_ixi
CZE,Czech Republic,Europe,General and special Machinery,climate_change,kt CO2eq,0.03291181935815264,2019,EXIOBASE v3.8.2 IOT_2016_ixi
LTU,Lithuania,Europe,Furniture and timber,climate_change,kt CO2eq,0.03290615945372022,2019,EXIOBASE v3.8.2 IOT_2016_ixi
IRL,Ireland,Europe,Food and catering,blue_water_consumption,Mm3,0.032682907554148,2019,EXIOBASE v3.8.2 IOT_2016_ixi
ESP,Spain,Europe,Services,waste_generation,kt,0.032613279939039425,2019,EXIOBASE v3.8.2 IOT_2016_ixi
BGR,Bulgaria,Europe,Chemical,waste_generation,kt,0.032608764680073656,2019,EXIOBASE v3.8.2 IOT_2016_ixi
LTU,Lithuania,Europe,Paper Products,climate_change,kt CO2eq,0.032419792699074475,2019,EXIOBASE v3.8.2 IOT_2016_ixi
HRV,Croatia,Europe,Paper Products,climate_change,kt CO2eq,0.032402089446147614,2019,EXIOBASE v3.8.2 IOT_2016_ixi
PRT,Portugal,Europe,Electricity,waste_generation,kt,0.0322751603576185,2019,EXIOBASE v3.8.2 IOT_2016_ixi
HRV,Croatia,Europe,Electricity,waste_generation,kt,0.032238235335077775,2019,EXIOBASE v3.8.2 IOT_2016_ixi
RoW Africa,RoW Africa,Africa,Paper Products,climate_change,kt CO2eq,0.03223094191022533,2019,EXIOBASE v3.8.2 IOT_2016_ixi
IND,India,Asia and Pacific,Paper Products,blue_water_consumption,Mm3,0.03222052085853341,2019,EXIOBASE v3.8.2 IOT_2016_ixi
POL,Poland,Europe,Furniture and timber,waste_generation,kt,0.032219563742479446,2019,EXIOBASE v3.8.2 IOT_2016_ixi
RUS,Russia,Europe,Electricity,blue_water_consumption,Mm3,0.03196974377058681,2019,EXIOBASE v3.8.2 IOT_2016_ixi
AUT,Austria,Europe,Construction,climate_change,kt CO2eq,0.03194242141621242,2019,EXIOBASE v3.8.2 IOT_2016_ixi
CHN,China,Asia and Pacific,Minerals and Metals,waste_generation,kt,0.03173933583270115,2019,EXIOBASE v3.8.2 IOT_2016_ixi
HUN,Hungary,Europe,Metal Products,material_extraction,kt,0.03153831055560242,2019,EXIOBASE v3.8.2 IOT_2016_ixi
CYP,Cyprus,Middle East,Construction,material_extraction,kt,0.03150622527657507,2019,EXIOBASE v3.8.2 IOT_2016_ixi
POL,Poland,Europe,"Electrical, electronic and measuring equipment",waste_generation,kt,0.031196063372046567,2019,EXIOBASE v3.8.2 IOT_2016_ixi
MEX,Mexico,America,Services,climate_change,kt CO2eq,0.031102389496765852,2019,EXIOBASE v3.8.2 IOT_2016_ixi
POL,Poland,Europe,Transport,waste_generation,kt,0.031085559432949234,2019,EXIOBASE v3.8.2 IOT_2016_ixi
MEX,Mexico,America,Chemical,waste_generation,kt,0.031034225476678747,2019,EXIOBASE v3.8.2 IOT_2016_ixi
SWE,Sweden,Europe,General and special Machinery,climate_change,kt CO2eq,0.031024122438495172,2019,EXIOBASE v3.8.2 IOT_2016_ixi
LVA,Latvia,Europe,Metal Products,waste_generation,kt,0.031010196064910116,2019,EXIOBASE v3.8.2 IOT_2016_ixi
POL,Poland,Europe,Non-metallic mineral products,waste_generation,kt,0.030701370329453144,2019,EXIOBASE v3.8.2 IOT_2016_ixi
FRA,France,Europe,Chemical,waste_generation,kt,0.030610271737586917,2019,EXIOBASE v3.8.2 IOT_2016_ixi
RoW America,RoW America,America,Minerals and Metals,land_use,km2,0.030494233427353953,2019,EXIOBASE v3.8.2 IOT_2016_ixi
BGR,Bulgaria,Europe,Services,waste_generation,kt,0.030432845320716245,2019,EXIOBASE v3.8.2 IOT_2016_ixi
FRA,France,Europe,Textile,climate_change,kt CO2eq,0.03042299018978464,2019,EXIOBASE v3.8.2 IOT_2016_ixi
NLD,Netherlands,Europe,Furniture and timber,climate_change,kt CO2eq,0.03034390972255982,2019,EXIOBASE v3.8.2 IOT_2016_ixi
JPN,Japan,Asia and Pacific,Chemical,waste_generation,kt,0.030332675781869538,2019,EXIOBASE v3.8.2 IOT_2016_ixi
TUR,Turkey,Middle East,Furniture and timber,climate_change,kt CO2eq,0.030194965094954774,2019,EXIOBASE v3.8.2 IOT_2016_ixi
RoW Asia and Pacific,RoW Asia and Pacific,Asia and Pacific,Furniture and timber,land_use,km2,0.030122944363025164,2019,EXIOBASE v3.8.2 IOT_2016_ixi
SVN,Slovenia,Europe,Electricity,waste_generation,kt,0.029864656377661794,2019,EXIOBASE v3.8.2 IOT_2016_ixi
MLT,Malta,Europe,Food and catering,climate_change,kt CO2eq,0.02983582016958094,2019,EXIOBASE v3.8.2 IOT_2016_ixi
RoW Asia and Pacific,RoW Asia and Pacific,Asia and Pacific,Textile,waste_generation,kt,0.02970904491693295,2019,EXIOBASE v3.8.2 IOT_2016_ixi
RoW America,RoW America,America,Services,waste_generation,kt,0.029692629287975194,2019,EXIOBASE v3.8.2 IOT_2016_ixi
RoW Africa,RoW Africa,Africa,General and special Machinery,waste_generation,kt,0.0295004973140035,2019,EXIOBASE v3.8.2 IOT_2016_ixi
KOR,South Korea,Asia and Pacific,Paper Products,waste_generation,kt,0.029450626152834006,2019,EXIOBASE v3.8.2 IOT_2016_ixi
RUS,Russia,Europe,Paper Products,land_use,km2,0.02932543691161504,2019,EXIOBASE v3.8.2 IOT_2016_ixi
BEL,Belgium,Europe,Food and catering,blue_water_consumption,Mm3,0.02917836627829999,2019,EXIOBASE v3.8.2 IOT_2016_ixi
RoW Middle East,RoW Middle East,Middle East,Chemical,land_use,km2,0.029170707932991664,2019,EXIOBASE v3.8.2 IOT_2016_ixi
RoW Asia and Pacific,RoW Asia and Pacific,Asia and Pacific,Non-metallic mineral products,land_use,km2,0.029065543712726166,2019,EXIOBASE v3.8.2 IOT_2016_ixi
RoW America,RoW America,America,General and special Machinery,material_extraction,kt,0.02897452236813877,2019,EXIOBASE v3.8.2 IOT_2016_ixi
USA,United States,America,Natural gas and gaseous fuels,material_extraction,kt,0.028777784936125025,2019,EXIOBASE v3.8.2 IOT_2016_ixi
HRV,Croatia,Europe,Minerals and Metals,climate_change,kt CO2eq,0.028739526440084557,2019,EXIOBASE v3.8.2 IOT_2016_ixi
IRL,Ireland,Europe,Services,waste_generation,kt,0.02871446928194754,2019,EXIOBASE v3.8.2 IOT_2016_ixi
BGR,Bulgaria,Europe,Chemical,land_use,km2,0.02870512017387548,2019,EXIOBASE v3.8.2 IOT_2016_ixi
HRV,Croatia,Europe,Electricity,blue_water_consumption,Mm3,0.028664954346250507,2019,EXIOBASE v3.8.2 IOT_2016_ixi
ESP,Spain,Europe,Construction,climate_change,kt CO2eq,0.02857789109842946,2019,EXIOBASE v3.8.2 IOT_2016_ixi
LVA,Latvia,Europe,Electricity,climate_change,kt CO2eq,0.028445577408238214,2019,EXIOBASE v3.8.2 IOT_2016_ixi
RoW Asia and Pacific,RoW Asia and Pacific,Asia and Pacific,Transport,blue_water_consumption,Mm3,0.028355257498843676,2019,EXIOBASE v3.8.2 IOT_2016_ixi
PRT,Portugal,Europe,Chemical,waste_generation,kt,0.028289399206187938,2019,EXIOBASE v3.8.2 IOT_2016_ixi
CHE,Switzerland,Europe,Electricity,climate_change,kt CO2eq,0.028218220382690194,2019,EXIOBASE v3.8.2 IOT_2016_ixi
RoW Europe,RoW Europe,Europe,General and special Machinery,land_use,km2,0.02813354308974955,2019,EXIOBASE v3.8.2 IOT_2016_ixi
KOR,South Korea,Asia and Pacific,Textile,climate_change,kt CO2eq,0.02809827008116461,2019,EXIOBASE v3.8.2 IOT_2016_ixi
EST,Estonia,Europe,Chemical,climate_change,kt CO2eq,0.028071630837096097,2019,EXIOBASE v3.8.2 IOT_2016_ixi
GRC,Greece,Europe,Paper Products,climate_change,kt CO2eq,0.027971726387525694,2019,EXIOBASE v3.8.2 IOT_2016_ixi
CZE,Czech Republic,Europe,Transport,waste_generation,kt,0.02795185426282427,2019,EXIOBASE v3.8.2 IOT_2016_ixi
SWE,Sweden,Europe,Food and catering,blue_water_consumption,Mm3,0.027891974703117446,2019,EXIOBASE v3.8.2 IOT_2016_ixi
DEU,Germany,Europe,Non-metallic mineral products,waste_generation,kt,0.027835916171005115,2019,EXIOBASE v3.8.2 IOT_2016_ixi
JPN,Japan,Asia and Pacific,Furniture and timber,climate_change,kt CO2eq,0.027791922105002462,2019,EXIOBASE v3.8.2 IOT_2016_ixi
MLT,Malta,Europe,Food and catering,land_use,km2,0.02769476305719217,2019,EXIOBASE v3.8.2 IOT_2016_ixi
LTU,Lithuania,Europe,Metal Products,climate_change,kt CO2eq,0.027548545843913155,2019,EXIOBASE v3.8.2 IOT_2016_ixi
RoW America,RoW America,America,"Electrical, electronic and measuring equipment",climate_change,kt CO2eq,0.02741856087605385,2019,EXIOBASE v3.8.2 IOT_2016_ixi
ITA,Italy,Europe,Construction,waste_generation,kt,0.027294722816132853,2019,EXIOBASE v3.8.2 IOT_2016_ixi
MLT,Malta,Europe,Minerals and Metals,climate_change,kt CO2eq,0.02716998445125985,2019,EXIOBASE v3.8.2 IOT_2016_ixi
RoW America,RoW America,America,Coal and Petroleum,waste_generation,kt,0.02712862436517247,2019,EXIOBASE v3.8.2 IOT_2016_ixi
HUN,Hungary,Europe,Furniture and timber,climate_change,kt CO2eq,0.027065079507017142,2019,EXIOBASE v3.8.2 IOT_2016_ixi
RoW Asia and Pacific,RoW Asia and Pacific,Asia and Pacific,Paper Products,blue_water_consumption,Mm3,0.02670305360297728,2019,EXIOBASE v3.8.2 IOT_2016_ixi
AUT,Austria,Europe,General and special Machinery,climate_change,kt CO2eq,0.02667604704394731,2019,EXIOBASE v3.8.2 IOT_2016_ixi
KOR,South Korea,Asia and Pacific,General and special Machinery,climate_change,kt CO2eq,0.026466720502303212,2019,EXIOBASE v3.8.2 IOT_2016_ixi
LTU,Lithuania,Europe,Food and catering,waste_generation,kt,0.026337893133576103,2019,EXIOBASE v3.8.2 IOT_2016_ixi
IDN,Indonesia,Asia and Pacific,Construction,waste_generation,kt,0.02609241599928765,2019,EXIOBASE v3.8.2 IOT_2016_ixi
NOR,Norway,Europe,Metal Products,blue_water_consumption,Mm3,0.025957278866860445,2019,EXIOBASE v3.8.2 IOT_2016_ixi
DNK,Denmark,Denmark,Metal Products,land_use,km2,0.02573248400459144,2019,EXIOBASE v3.8.2 IOT_2016_ixi
TUR,Turkey,Middle East,Chemical,waste_generation,kt,0.025689897763420195,2019,EXIOBASE v3.8.2 IOT_2016_ixi
CAN,Canada,America,Natural gas and gaseous fuels,material_extraction,kt,0.025514074728569872,2019,EXIOBASE v3.8.2 IOT_2016_ixi
HUN,Hungary,Europe,"Electrical, electronic and measuring equipment",material_extraction,kt,0.02538735837256637,2019,EXIOBASE v3.8.2 IOT_2016_ixi
JPN,Japan,Asia and Pacific,Transport Equipment,climate_change,kt CO2eq,0.02533290883772386,2019,EXIOBASE v3.8.2 IOT_2016_ixi
TUR,Turkey,Middle East,Waste management and disposal,waste_generation,kt,0.02532248143539145,2019,EXIOBASE v3.8.2 IOT_2016_ixi
CZE,Czech Republic,Europe,Transport Equipment,climate_change,kt CO2eq,0.025120538895928506,2019,EXIOBASE v3.8.2 IOT_2016_ixi
DNK,Denmark,Denmark,Minerals and Metals,waste_generation,kt,0.024889853067635387,2019,EXIOBASE v3.8.2 IOT_2016_ixi
AUS,Australia,Asia and Pacific,Metal Products,waste_generation,kt,0.024787545500478445,2019,EXIOBASE v3.8.2 IOT_2016_ixi
RoW Middle East,RoW Middle East,Middle East,"Electrical, electronic and measuring equipment",material_extraction,kt,0.02471575693581156,2019,EXIOBASE v3.8.2 IOT_2016_ixi
CAN,Canada,America,Non-metallic mineral products,material_extraction,kt,0.02464936442733203,2019,EXIOBASE v3.8.2 IOT_2016_ixi
SVK,Slovakia,Europe,Chemical,waste_generation,kt,0.024633036807293562,2019,EXIOBASE v3.8.2 IOT_2016_ixi
JPN,Japan,Asia and Pacific,General and special Machinery,climate_change,kt CO2eq,0.024621833986811375,2019,EXIOBASE v3.8.2 IOT_2016_ixi
TUR,Turkey,Middle East,Transport Equipment,climate_change,kt CO2eq,0.024579048063657596,2019,EXIOBASE v3.8.2 IOT_2016_ixi
RoW America,RoW America,America,Non-metallic mineral products,land_use,km2,0.024449449444252248,2019,EXIOBASE v3.8.2 IOT_2016_ixi
RoW Asia and Pacific,RoW Asia and Pacific,Asia and Pacific,Construction,waste_generation,kt,0.02442719215123742,2019,EXIOBASE v3.8.2 IOT_2016_ixi
RoW America,RoW America,America,Transport Equipment,material_extraction,kt,0.024388630067073255,2019,EXIOBASE v3.8.2 IOT_2016_ixi
CYP,Cyprus,Middle East,Food and catering,blue_water_consumption,Mm3,0.02437675658964407,2019,EXIOBASE v3.8.2 IOT_2016_ixi
CZE,Czech Republic,Europe,Coal and Petroleum,material_extraction,kt,0.02431020423232695,2019,EXIOBASE v3.8.2 IOT_2016_ixi
SVN,Slovenia,Europe,Construction,waste_generation,kt,0.02412489288506773,2019,EXIOBASE v3.8.2 IOT_2016_ixi
BGR,Bulgaria,Europe,Paper Products,climate_change,kt CO2eq,0.024117350148795357,2019,EXIOBASE v3.8.2 IOT_2016_ixi
SVK,Slovakia,Europe,Food and catering,blue_water_consumption,Mm3,0.024076027046843595,2019,EXIOBASE v3.8.2 IOT_2016_ixi
DEU,Germany,Europe,General and special Machinery,material_extraction,kt,0.024043720210749176,2019,EXIOBASE v3.8.2 IOT_2016_ixi
AUS,Australia,Asia and Pacific,Paper Products,waste_generation,kt,0.023918221367655514,2019,EXIOBASE v3.8.2 IOT_2016_ixi
BEL,Belgium,Europe,Furniture and timber,waste_generation,kt,0.02391460357026607,2019,EXIOBASE v3.8.2 IOT_2016_ixi
SWE,Sweden,Europe,Food and catering,material_extraction,kt,0.023735991137322412,2019,EXIOBASE v3.8.2 IOT_2016_ixi
HUN,Hungary,Europe,General and special Machinery,climate_change,kt CO2eq,0.023567483472212974,2019,EXIOBASE v3.8.2 IOT_2016_ixi
DEU,Germany,Europe,Paper Products,blue_water_consumption,Mm3,0.02355592771533468,2019,EXIOBASE v3.8.2 IOT_2016_ixi
BEL,Belgium,Europe,Textile,land_use,km2,0.023333203290482014,2019,EXIOBASE v3.8.2 IOT_2016_ixi
IND,India,Asia and Pacific,Textile,waste_generation,kt,0.023307402403887182,2019,EXIOBASE v3.8.2 IOT_2016_ixi
IRL,Ireland,Europe,Chemical,blue_water_consumption,Mm3,0.023274619862116215,2019,EXIOBASE v3.8.2 IOT_2016_ixi
RoW Asia and Pacific,RoW Asia and Pacific,Asia and Pacific,General and special Machinery,land_use,km2,0.02319307229411562,2019,EXIOBASE v3.8.2 IOT_2016_ixi
BEL,Belgium,Europe,Metal Products,blue_water_consumption,Mm3,0.0231502205997862,2019,EXIOBASE v3.8.2 IOT_2016_ixi
FIN,Finland,Europe,Furniture and timber,climate_change,kt CO2eq,0.023048091322370713,2019,EXIOBASE v3.8.2 IOT_2016_ixi
MLT,Malta,Europe,Services,waste_generation,kt,0.02296329846987296,2019,EXIOBASE v3.8.2 IOT_2016_ixi
ESP,Spain,Europe,Construction,waste_generation,kt,0.022962822670799046,2019,EXIOBASE v3.8.2 IOT_2016_ixi
RoW Asia and Pacific,RoW Asia and Pacific,Asia and Pacific,Paper Products,material_extraction,kt,0.02287079735757027,2019,EXIOBASE v3.8.2 IOT_2016_ixi
BEL,Belgium,Europe,Construction,climate_change,kt CO2eq,0.022868118809495075,2019,EXIOBASE v3.8.2 IOT_2016_ixi
MEX,Mexico,America,Minerals and Metals,climate_change,kt CO2eq,0.022725636671443585,2019,EXIOBASE v3.8.2 IOT_2016_ixi
LVA,Latvia,Europe,Construction,climate_change,kt CO2eq,0.022577334172783656,2019,EXIOBASE v3.8.2 IOT_2016_ixi
ZAF,South Africa,Africa,Natural gas and gaseous fuels,material_extraction,kt,0.022470587881382502,2019,EXIOBASE v3.8.2 IOT_2016_ixi
IDN,Indonesia,Asia and Pacific,Minerals and Metals,climate_change,kt CO2eq,0.022338001217119475,2019,EXIOBASE v3.8.2 IOT_2016_ixi
SWE,Sweden,Europe,Metal Products,blue_water_consumption,Mm3,0.02225440274025845,2019,EXIOBASE v3.8.2 IOT_2016_ixi
TUR,Turkey,Middle East,Services,land_use,km2,0.022189501049250077,2019,EXIOBASE v3.8.2 IOT_2016_ixi
SVK,Slovakia,Europe,"Electrical, electronic and measuring equipment",waste_generation,kt,0.022101170282909352,2019,EXIOBASE v3.8.2 IOT_2016_ixi
USA,United States,America,Services,waste_generation,kt,0.02193075725601246,2019,EXIOBASE v3.8.2 IOT_2016_ixi
ZAF,South Africa,Africa,Paper Products,waste_generation,kt,0.021925133033234866,2019,EXIOBASE v3.8.2 IOT_2016_ixi
MEX,Mexico,America,Textile,land_use,km2,0.021747248095626084,2019,EXIOBASE v3.8.2 IOT_2016_ixi
LVA,Latvia,Europe,Construction,waste_generation,kt,0.021636604500668403,2019,EXIOBASE v3.8.2 IOT_2016_ixi
CHN,China,Asia and Pacific,Transport Equipment,waste_generation,kt,0.021614537736047552,2019,EXIOBASE v3.8.2 IOT_2016_ixi
AUS,Australia,Asia and Pacific,Services,waste_generation,kt,0.02157131887775131,2019,EXIOBASE v3.8.2 IOT_2016_ixi
ESP,Spain,Europe,General and special Machinery,climate_change,kt CO2eq,0.021508505673862616,2019,EXIOBASE v3.8.2 IOT_2016_ixi
RoW Middle East,RoW Middle East,Middle East,Waste management and disposal,waste_generation,kt,0.021442005509409657,2019,EXIOBASE v3.8.2 IOT_2016_ixi
CHE,Switzerland,Europe,Chemical,waste_generation,kt,0.021425229630139903,2019,EXIOBASE v3.8.2 IOT_2016_ixi
GRC,Greece,Europe,Metal Products,waste_generation,kt,0.021361096219591053,2019,EXIOBASE v3.8.2 IOT_2016_ixi
RoW Africa,RoW Africa,Africa,Services,blue_water_consumption,Mm3,0.021334585309597226,2019,EXIOBASE v3.8.2 IOT_2016_ixi
DEU,Germany,Europe,Textile,waste_generation,kt,0.0212269905600041,2019,EXIOBASE v3.8.2 IOT_2016_ixi
EST,Estonia,Europe,Coal and Petroleum,material_extraction,kt,0.021148677569184943,2019,EXIOBASE v3.8.2 IOT_2016_ixi
RoW America,RoW America,America,Furniture and timber,waste_generation,kt,0.021111668912347798,2019,EXIOBASE v3.8.2 IOT_2016_ixi
RoW Middle East,RoW Middle East,Middle East,Metal Products,waste_generation,kt,0.02105847990825957,2019,EXIOBASE v3.8.2 IOT_2016_ixi
EST,Estonia,Europe,Textile,climate_change,kt CO2eq,0.020953919376287492,2019,EXIOBASE v3.8.2 IOT_2016_ixi
GBR,United Kingdom,Europe,Textile,land_use,km2,0.02079350306544903,2019,EXIOBASE v3.8.2 IOT_2016_ixi
RoW Europe,RoW Europe,Europe,Transport Equipment,waste_generation,kt,0.020783461019440175,2019,EXIOBASE v3.8.2 IOT_2016_ixi
HRV,Croatia,Europe,Metal Products,waste_generation,kt,0.020775440571885496,2019,EXIOBASE v3.8.2 IOT_2016_ixi
RoW America,RoW America,America,Paper Products,waste_generation,kt,0.02064097417996869,2019,EXIOBASE v3.8.2 IOT_2016_ixi
ESP,Spain,Europe,Textile,land_use,km2,0.02060679104868307,2019,EXIOBASE v3.8.2 IOT_2016_ixi
IND,India,Asia and Pacific,Transport,waste_generation,kt,0.020596901134032956,2019,EXIOBASE v3.8.2 IOT_2016_ixi
HUN,Hungary,Europe,Paper Products,waste_generation,kt,0.020579633856838912,2019,EXIOBASE v3.8.2 IOT_2016_ixi
USA,United States,America,Construction,climate_change,kt CO2eq,0.0205560046483534,2019,EXIOBASE v3.8.2 IOT_2016_ixi
RoW America,RoW America,America,Paper Products,material_extraction,kt,0.020436929384142606,2019,EXIOBASE v3.8.2 IOT_2016_ixi
PRT,Portugal,Europe,Services,material_extraction,kt,0.020334394351000058,2019,EXIOBASE v3.8.2 IOT_2016_ixi
BRA,Brazil,America,Textile,climate_change,kt CO2eq,0.02033428471094977,2019,EXIOBASE v3.8.2 IOT_2016_ixi
EST,Estonia,Europe,Natural gas and gaseous fuels,material_extraction,kt,0.02024731881332435,2019,EXIOBASE v3.8.2 IOT_2016_ixi
TUR,Turkey,Middle East,Textile,waste_generation,kt,0.020005630575866403,2019,EXIOBASE v3.8.2 IOT_2016_ixi
RoW Europe,RoW Europe,Europe,Transport,waste_generation,kt,0.019981141174473485,2019,EXIOBASE v3.8.2 IOT_2016_ixi
MEX,Mexico,America,Metal Products,waste_generation,kt,0.019970872435997045,2019,EXIOBASE v3.8.2 IOT_2016_ixi
AUS,Australia,Asia and Pacific,Construction,climate_change,kt CO2eq,0.019921542966718,2019,EXIOBASE v3.8.2 IOT_2016_ixi
NLD,Netherlands,Europe,"Steam, hot water supply and water distribution",waste_generation,kt,0.019667774260601147,2019,EXIOBASE v3.8.2 IOT_2016_ixi
GRC,Greece,Europe,Electricity,blue_water_consumption,Mm3,0.019642866339807316,2019,EXIOBASE v3.8.2 IOT_2016_ixi
SWE,Sweden,Europe,Chemical,blue_water_consumption,Mm3,0.01960976474568283,2019,EXIOBASE v3.8.2 IOT_2016_ixi
NOR,Norway,Europe,Services,waste_generation,kt,0.019537961988434837,2019,EXIOBASE v3.8.2 IOT_2016_ixi
RUS,Russia,Europe,General and special Machinery,material_extraction,kt,0.019528035472731874,2019,EXIOBASE v3.8.2 IOT_2016_ixi
BRA,Brazil,America,Furniture and timber,climate_change,kt CO2eq,0.019469807533365146,2019,EXIOBASE v3.8.2 IOT_2016_ixi
MEX,Mexico,America,General and special Machinery,climate_change,kt CO2eq,0.019283077237108502,2019,EXIOBASE v3.8.2 IOT_2016_ixi
IRL,Ireland,Europe,Chemical,material_extraction,kt,0.01926871547690056,2019,EXIOBASE v3.8.2 IOT_2016_ixi
FIN,Finland,Europe,Paper Products,blue_water_consumption,Mm3,0.019242372398779215,2019,EXIOBASE v3.8.2 IOT_2016_ixi
ITA,Italy,Europe,Services,blue_water_consumption,Mm3,0.01917968873847424,2019,EXIOBASE v3.8.2 IOT_2016_ixi
GRC,Greece,Europe,Textile,climate_change,kt CO2eq,0.019162923515610747,2019,EXIOBASE v3.8.2 IOT_2016_ixi
CYP,Cyprus,Middle East,Services,climate_change,kt CO2eq,0.01913390610609606,2019,EXIOBASE v3.8.2 IOT_2016_ixi
HUN,Hungary,Europe,Food and catering,blue_water_consumption,Mm3,0.01908736616726347,2019,EXIOBASE v3.8.2 IOT_2016_ixi
LTU,Lithuania,Europe,"Electrical, electronic and measuring equipment",climate_change,kt CO2eq,0.018988134574769017,2019,EXIOBASE v3.8.2 IOT_2016_ixi
RoW Africa,RoW Africa,Africa,Metal Products,blue_water_consumption,Mm3,0.018886758283369137,2019,EXIOBASE v3.8.2 IOT_2016_ixi
ZAF,South Africa,Africa,Waste management and disposal,climate_change,kt CO2eq,0.018790372779995294,2019,EXIOBASE v3.8.2 IOT_2016_ixi
SVN,Slovenia,Europe,Waste management and disposal,waste_generation,kt,0.01873085077170242,2019,EXIOBASE v3.8.2 IOT_2016_ixi
RoW Middle East,RoW Middle East,Middle East,Transport Equipment,material_extraction,kt,0.018720197198439453,2019,EXIOBASE v3.8.2 IOT_2016_ixi
RoW Europe,RoW Europe,Europe,"Electrical, electronic and measuring equipment",waste_generation,kt,0.018516581773267832,2019,EXIOBASE v3.8.2 IOT_2016_ixi
SVK,Slovakia,Europe,Waste management and disposal,waste_generation,kt,0.018483495734067885,2019,EXIOBASE v3.8.2 IOT_2016_ixi
CAN,Canada,America,"Electrical, electronic and measuring equipment",climate_change,kt CO2eq,0.018351189116329516,2019,EXIOBASE v3.8.2 IOT_2016_ixi
ROU,Romania,Europe,Coal and Petroleum,waste_generation,kt,0.018290672665796117,2019,EXIOBASE v3.8.2 IOT_2016_ixi
USA,United States,America,Electricity,blue_water_consumption,Mm3,0.01823462329309206,2019,EXIOBASE v3.8.2 IOT_2016_ixi
BGR,Bulgaria,Europe,Metal Products,waste_generation,kt,0.01820255609115748,2019,EXIOBASE v3.8.2 IOT_2016_ixi
PRT,Portugal,Europe,"Steam, hot water supply and water distribution",climate_change,kt CO2eq,0.018144993607701197,2019,EXIOBASE v3.8.2 IOT_2016_ixi
SVK,Slovakia,Europe,Paper Products,land_use,km2,0.018100198908847703,2019,EXIOBASE v3.8.2 IOT_2016_ixi
BEL,Belgium,Europe,Paper Products,waste_generation,kt,0.01807383720862208,2019,EXIOBASE v3.8.2 IOT_2016_ixi
FRA,France,Europe,Services,land_use,km2,0.018057008324229153,2019,EXIOBASE v3.8.2 IOT_2016_ixi
DEU,Germany,Europe,"Electrical, electronic and measuring equipment",material_extraction,kt,0.018053887465592004,2019,EXIOBASE v3.8.2 IOT_2016_ixi
SVK,Slovakia,Europe,Food and catering,material_extraction,kt,0.018003469072554505,2019,EXIOBASE v3.8.2 IOT_2016_ixi
ROU,Romania,Europe,Construction,climate_change,kt CO2eq,0.01789595226232112,2019,EXIOBASE v3.8.2 IOT_2016_ixi
ROU,Romania,Europe,Metal Products,waste_generation,kt,0.017809049975593433,2019,EXIOBASE v3.8.2 IOT_2016_ixi
BGR,Bulgaria,Europe,Food and catering,blue_water_consumption,Mm3,0.017780793495625394,2019,EXIOBASE v3.8.2 IOT_2016_ixi
CAN,Canada,America,"Electrical, electronic and measuring equipment",waste_generation,kt,0.01776617335364624,2019,EXIOBASE v3.8.2 IOT_2016_ixi
BRA,Brazil,America,Transport,land_use,km2,0.017724557811258833,2019,EXIOBASE v3.8.2 IOT_2016_ixi
POL,Poland,Europe,Electricity,blue_water_consumption,Mm3,0.017695010872519047,2019,EXIOBASE v3.8.2 IOT_2016_ixi
JPN,Japan,Asia and Pacific,"Steam, hot water supply and water distribution",climate_change,kt CO2eq,0.017691359890514954,2019,EXIOBASE v3.8.2 IOT_2016_ixi
CZE,Czech Republic,Europe,Waste management and disposal,material_extraction,kt,0.01758974330813033,2019,EXIOBASE v3.8.2 IOT_2016_ixi
FIN,Finland,Europe,Construction,climate_change,kt CO2eq,0.01757958498616877,2019,EXIOBASE v3.8.2 IOT_2016_ixi
ROU,Romania,Europe,"Electrical, electronic and measuring equipment",climate_change,kt CO2eq,0.01741267569727127,2019,EXIOBASE v3.8.2 IOT_2016_ixi
BEL,Belgium,Europe,Metal Products,material_extraction,kt,0.01734949253013761,2019,EXIOBASE v3.8.2 IOT_2016_ixi
IRL,Ireland,Europe,Furniture and timber,climate_change,kt CO2eq,0.017218860604539647,2019,EXIOBASE v3.8.2 IOT_2016_ixi
BGR,Bulgaria,Europe,Waste management and disposal,waste_generation,kt,0.017145430315766867,2019,EXIOBASE v3.8.2 IOT_2016_ixi
PRT,Portugal,Europe,Transport,material_extraction,kt,0.01713807529322345,2019,EXIOBASE v3.8.2 IOT_2016_ixi
ROU,Romania,Europe,Textile,climate_change,kt CO2eq,0.01707754007100391,2019,EXIOBASE v3.8.2 IOT_2016_ixi
HUN,Hungary,Europe,"Electrical, electronic and measuring equipment",waste_generation,kt,0.017049358282458876,2019,EXIOBASE v3.8.2 IOT_2016_ixi
KOR,South Korea,Asia and Pacific,"Steam, hot water supply and water distribution",waste_generation,kt,0.01704223291617982,2019,EXIOBASE v3.8.2 IOT_2016_ixi
RoW America,RoW America,America,Construction,land_use,km2,0.01698646227360957,2019,EXIOBASE v3.8.2 IOT_2016_ixi
BEL,Belgium,Europe,Services,blue_water_consumption,Mm3,0.016984356272259797,2019,EXIOBASE v3.8.2 IOT_2016_ixi
POL,Poland,Europe,Paper Products,material_extraction,kt,0.01695518393550611,2019,EXIOBASE v3.8.2 IOT_2016_ixi
ZAF,South Africa,Africa,Transport Equipment,climate_change,kt CO2eq,0.016864702600282326,2019,EXIOBASE v3.8.2 IOT_2016_ixi
BGR,Bulgaria,Europe,Natural gas and gaseous fuels,climate_change,kt CO2eq,0.016825211718159,2019,EXIOBASE v3.8.2 IOT_2016_ixi
NLD,Netherlands,Europe,Transport Equipment,climate_change,kt CO2eq,0.016824261266201304,2019,EXIOBASE v3.8.2 IOT_2016_ixi
RoW America,RoW America,America,Electricity,waste_generation,kt,0.016739106427649336,2019,EXIOBASE v3.8.2 IOT_2016_ixi
EST,Estonia,Europe,Textile,land_use,km2,0.01657136911184447,2019,EXIOBASE v3.8.2 IOT_2016_ixi
BGR,Bulgaria,Europe,Construction,waste_generation,kt,0.01654622403802035,2019,EXIOBASE v3.8.2 IOT_2016_ixi
BEL,Belgium,Europe,Food and catering,material_extraction,kt,0.01652449098017886,2019,EXIOBASE v3.8.2 IOT_2016_ixi
RoW Middle East,RoW Middle East,Middle East,Electricity,blue_water_consumption,Mm3,0.01637050994187183,2019,EXIOBASE v3.8.2 IOT_2016_ixi
RUS,Russia,Europe,Chemical,blue_water_consumption,Mm3,0.016240119257061054,2019,EXIOBASE v3.8.2 IOT_2016_ixi
CYP,Cyprus,Middle East,Metal Products,climate_change,kt CO2eq,0.016211387161811745,2019,EXIOBASE v3.8.2 IOT_2016_ixi
SVK,Slovakia,Europe,Construction,waste_generation,kt,0.01620697716079462,2019,EXIOBASE v3.8.2 IOT_2016_ixi
RoW Asia and Pacific,RoW Asia and Pacific,Asia and Pacific,Chemical,blue_water_consumption,Mm3,0.016197953895615125,2019,EXIOBASE v3.8.2 IOT_2016_ixi
BGR,Bulgaria,Europe,Waste management and disposal,land_use,km2,0.01611708969646832,2019,EXIOBASE v3.8.2 IOT_2016_ixi
PRT,Portugal,Europe,Natural gas and gaseous fuels,climate_change,kt CO2eq,0.0161057912993782,2019,EXIOBASE v3.8.2 IOT_2016_ixi
AUS,Australia,Asia and Pacific,General and special Machinery,climate_change,kt CO2eq,0.01610185447239553,2019,EXIOBASE v3.8.2 IOT_2016_ixi
ITA,Italy,Europe,Transport,waste_generation,kt,0.01609591354821084,2019,EXIOBASE v3.8.2 IOT_2016_ixi
RoW Europe,RoW Europe,Europe,Minerals and Metals,waste_generation,kt,0.016034187483274145,2019,EXIOBASE v3.8.2 IOT_2016_ixi
RoW Europe,RoW Europe,Europe,Non-metallic mineral products,land_use,km2,0.015984477470995954,2019,EXIOBASE v3.8.2 IOT_2016_ixi
SVN,Slovenia,Europe,Natural gas and gaseous fuels,climate_change,kt CO2eq,0.015963632702509348,2019,EXIOBASE v3.8.2 IOT_2016_ixi
LUX,Luxembourg,Europe,Textile,climate_change,kt CO2eq,0.015869713907894382,2019,EXIOBASE v3.8.2 IOT_2016_ixi
RUS,Russia,Europe,Transport,waste_generation,kt,0.01583846072652948,2019,EXIOBASE v3.8.2 IOT_2016_ixi
ZAF,South Africa,Africa,Services,waste_generation,kt,0.01577086183420398,2019,EXIOBASE v3.8.2 IOT_2016_ixi
POL,Poland,Europe,Services,blue_water_consumption,Mm3,0.01570175068140094,2019,EXIOBASE v3.8.2 IOT_2016_ixi
IND,India,Asia and Pacific,Electricity,blue_water_consumption,Mm3,0.015694970520303515,2019,EXIOBASE v3.8.2 IOT_2016_ixi
CZE,Czech Republic,Europe,"Electrical, electronic and measuring equipment",material_extraction,kt,0.01555034643170652,2019,EXIOBASE v3.8.2 IOT_2016_ixi
IND,India,Asia and Pacific,Textile,blue_water_consumption,Mm3,0.01540392275631665,2019,EXIOBASE v3.8.2 IOT_2016_ixi
RoW Middle East,RoW Middle East,Middle East,"Electrical, electronic and measuring equipment",waste_generation,kt,0.01535092315058105,2019,EXIOBASE v3.8.2 IOT_2016_ixi
LTU,Lithuania,Europe,Construction,climate_change,kt CO2eq,0.01534522395510273,2019,EXIOBASE v3.8.2 IOT_2016_ixi
BEL,Belgium,Europe,General and special Machinery,climate_change,kt CO2eq,0.015274399418540256,2019,EXIOBASE v3.8.2 IOT_2016_ixi
SVN,Slovenia,Europe,Furniture and timber,climate_change,kt CO2eq,0.015102436529575193,2019,EXIOBASE v3.8.2 IOT_2016_ixi
GRC,Greece,Europe,Chemical,waste_generation,kt,0.015071210153464564,2019,EXIOBASE v3.8.2 IOT_2016_ixi
RUS,Russia,Europe,Electricity,material_extraction,kt,0.015034056254151712,2019,EXIOBASE v3.8.2 IOT_2016_ixi
SVK,Slovakia,Europe,Paper Products,waste_generation,kt,0.014956070900519891,2019,EXIOBASE v3.8.2 IOT_2016_ixi
TUR,Turkey,Middle East,Services,waste_generation,kt,0.014880155366732598,2019,EXIOBASE v3.8.2 IOT_2016_ixi
DEU,Germany,Europe,Metal Products,blue_water_consumption,Mm3,0.014831121115320114,2019,EXIOBASE v3.8.2 IOT_2016_ixi
ROU,Romania,Europe,General and special Machinery,climate_change,kt CO2eq,0.01476452465012857,2019,EXIOBASE v3.8.2 IOT_2016_ixi
GBR,United Kingdom,Europe,"Electrical, electronic and measuring equipment",waste_generation,kt,0.014732276691791757,2019,EXIOBASE v3.8.2 IOT_2016_ixi
RoW Africa,RoW Africa,Africa,Non-metallic mineral products,land_use,km2,0.014662970579942178,2019,EXIOBASE v3.8.2 IOT_2016_ixi
GRC,Greece,Europe,Furniture and timber,climate_change,kt CO2eq,0.014594224056743942,2019,EXIOBASE v3.8.2 IOT_2016_ixi
HUN,Hungary,Europe,Transport Equipment,climate_change,kt CO2eq,0.014427588485391423,2019,EXIOBASE v3.8.2 IOT_2016_ixi
POL,Poland,Europe,Transport Equipment,land_use,km2,0.01441583683723139,2019,EXIOBASE v3.8.2 IOT_2016_ixi
HUN,Hungary,Europe,Transport,land_use,km2,0.014408056198213835,2019,EXIOBASE v3.8.2 IOT_2016_ixi
MEX,Mexico,America,Furniture and timber,material_extraction,kt,0.014305607938489003,2019,EXIOBASE v3.8.2 IOT_2016_ixi
AUT,Austria,Europe,Electricity,waste_generation,kt,0.014275915424174286,2019,EXIOBASE v3.8.2 IOT_2016_ixi
ROU,Romania,Europe,Services,waste_generation,kt,0.01426335856488152,2019,EXIOBASE v3.8.2 IOT_2016_ixi
SVK,Slovakia,Europe,"Steam, hot water supply and water distribution",material_extraction,kt,0.01420375363787501,2019,EXIOBASE v3.8.2 IOT_2016_ixi
RUS,Russia,Europe,Metal Products,blue_water_consumption,Mm3,0.014197254124901401,2019,EXIOBASE v3.8.2 IOT_2016_ixi
ESP,Spain,Europe,Services,blue_water_consumption,Mm3,0.014188924434552296,2019,EXIOBASE v3.8.2 IOT_2016_ixi
LVA,Latvia,Europe,Food and catering,blue_water_consumption,Mm3,0.01418032198074686,2019,EXIOBASE v3.8.2 IOT_2016_ixi
JPN,Japan,Asia and Pacific,Construction,climate_change,kt CO2eq,0.01410480703852685,2019,EXIOBASE v3.8.2 IOT_2016_ixi
RoW Asia and Pacific,RoW Asia and Pacific,Asia and Pacific,Transport Equipment,waste_generation,kt,0.014101115747828439,2019,EXIOBASE v3.8.2 IOT_2016_ixi
RoW Asia and Pacific,RoW Asia and Pacific,Asia and Pacific,Natural gas and gaseous fuels,land_use,km2,0.01391720750068132,2019,EXIOBASE v3.8.2 IOT_2016_ixi
RoW America,RoW America,America,General and special Machinery,land_use,km2,0.01391222918728,2019,EXIOBASE v3.8.2 IOT_2016_ixi
SVK,Slovakia,Europe,"Steam, hot water supply and water distribution",waste_generation,kt,0.013846094086928492,2019,EXIOBASE v3.8.2 IOT_2016_ixi
GBR,United Kingdom,Europe,Chemical,material_extraction,kt,0.01371181847963144,2019,EXIOBASE v3.8.2 IOT_2016_ixi
IND,India,Asia and Pacific,Non-metallic mineral products,waste_generation,kt,0.013679476490130847,2019,EXIOBASE v3.8.2 IOT_2016_ixi
LTU,Lithuania,Europe,Chemical,waste_generation,kt,0.013584205758922309,2019,EXIOBASE v3.8.2 IOT_2016_ixi
SVK,Slovakia,Europe,Electricity,waste_generation,kt,0.01354282818478848,2019,EXIOBASE v3.8.2 IOT_2016_ixi
PRT,Portugal,Europe,Non-metallic mineral products,material_extraction,kt,0.013483724085764662,2019,EXIOBASE v3.8.2 IOT_2016_ixi
SVK,Slovakia,Europe,Construction,climate_change,kt CO2eq,0.013454510415484143,2019,EXIOBASE v3.8.2 IOT_2016_ixi
RoW Asia and Pacific,RoW Asia and Pacific,Asia and Pacific,"Electrical, electronic and measuring equipment",blue_water_consumption,Mm3,0.013343661982166487,2019,EXIOBASE v3.8.2 IOT_2016_ixi
LVA,Latvia,Europe,Furniture and timber,waste_generation,kt,0.013236707814543593,2019,EXIOBASE v3.8.2 IOT_2016_ixi
CHE,Switzerland,Europe,Waste management and disposal,land_use,km2,0.013220267218703225,2019,EXIOBASE v3.8.2 IOT_2016_ixi
ROU,Romania,Europe,Paper Products,climate_change,kt CO2eq,0.013168183140248693,2019,EXIOBASE v3.8.2 IOT_2016_ixi
NLD,Netherlands,Europe,Services,land_use,km2,0.013131551901778915,2019,EXIOBASE v3.8.2 IOT_2016_ixi
CAN,Canada,America,Transport Equipment,waste_generation,kt,0.013123922543538884,2019,EXIOBASE v3.8.2 IOT_2016_ixi
RoW America,RoW America,America,Transport,waste_generation,kt,0.013111126350169526,2019,EXIOBASE v3.8.2 IOT_2016_ixi
SWE,Sweden,Europe,Transport,waste_generation,kt,0.013048962809687004,2019,EXIOBASE v3.8.2 IOT_2016_ixi
ROU,Romania,Europe,"Steam, hot water supply and water distribution",waste_generation,kt,0.013033899405961523,2019,EXIOBASE v3.8.2 IOT_2016_ixi
CHN,China,Asia and Pacific,Construction,climate_change,kt CO2eq,0.01302666785034108,2019,EXIOBASE v3.8.2 IOT_2016_ixi
RUS,Russia,Europe,Natural gas and gaseous fuels,land_use,km2,0.012993674000649883,2019,EXIOBASE v3.8.2 IOT_2016_ixi
HUN,Hungary,Europe,Metal Products,waste_generation,kt,0.012971572867553263,2019,EXIOBASE v3.8.2 IOT_2016_ixi
RoW Africa,RoW Africa,Africa,Textile,blue_water_consumption,Mm3,0.012926140346282285,2019,EXIOBASE v3.8.2 IOT_2016_ixi
CAN,Canada,America,General and special Machinery,climate_change,kt CO2eq,0.012921674410345156,2019,EXIOBASE v3.8.2 IOT_2016_ixi
PRT,Portugal,Europe,Services,waste_generation,kt,0.012846831638535667,2019,EXIOBASE v3.8.2 IOT_2016_ixi
RoW Asia and Pacific,RoW Asia and Pacific,Asia and Pacific,Non-metallic mineral products,blue_water_consumption,Mm3,0.012730755973977322,2019,EXIOBASE v3.8.2 IOT_2016_ixi
RoW Europe,RoW Europe,Europe,General and special Machinery,waste_generation,kt,0.012714489181656444,2019,EXIOBASE v3.8.2 IOT_2016_ixi
KOR,South Korea,Asia and Pacific,Waste management and disposal,waste_generation,kt,0.012710534196480867,2019,EXIOBASE v3.8.2 IOT_2016_ixi
RoW Africa,RoW Africa,Africa,Coal and Petroleum,land_use,km2,0.012679665209163169,2019,EXIOBASE v3.8.2 IOT_2016_ixi
BEL,Belgium,Europe,Electricity,blue_water_consumption,Mm3,0.012676648737438758,2019,EXIOBASE v3.8.2 IOT_2016_ixi
KOR,South Korea,Asia and Pacific,Services,waste_generation,kt,0.012580526281243938,2019,EXIOBASE v3.8.2 IOT_2016_ixi
TWN,Taiwan,Asia and Pacific,General and special Machinery,climate_change,kt CO2eq,0.012574479804017576,2019,EXIOBASE v3.8.2 IOT_2016_ixi
POL,Poland,Europe,General and special Machinery,waste_generation,kt,0.012542988153556898,2019,EXIOBASE v3.8.2 IOT_2016_ixi
NOR,Norway,Europe,Transport Equipment,climate_change,kt CO2eq,0.012483919033372228,2019,EXIOBASE v3.8.2 IOT_2016_ixi
USA,United States,America,Chemical,material_extraction,kt,0.0124655000778876,2019,EXIOBASE v3.8.2 IOT_2016_ixi
EST,Estonia,Europe,Furniture and timber,waste_generation,kt,0.012378910301606094,2019,EXIOBASE v3.8.2 IOT_2016_ixi
BGR,Bulgaria,Europe,Transport Equipment,climate_change,kt CO2eq,0.012341199219212135,2019,EXIOBASE v3.8.2 IOT_2016_ixi
DNK,Denmark,Denmark,Metal Products,blue_water_consumption,Mm3,0.012289925982643453,2019,EXIOBASE v3.8.2 IOT_2016_ixi
ITA,Italy,Europe,Furniture and timber,climate_change,kt CO2eq,0.012242686001831442,2019,EXIOBASE v3.8.2 IOT_2016_ixi
BGR,Bulgaria,Europe,Construction,land_use,km2,0.01222933220273666,2019,EXIOBASE v3.8.2 IOT_2016_ixi
GBR,United Kingdom,Europe,Construction,climate_change,kt CO2eq,0.012195609154292558,2019,EXIOBASE v3.8.2 IOT_2016_ixi
ROU,Romania,Europe,Furniture and timber,climate_change,kt CO2eq,0.012175582810518056,2019,EXIOBASE v3.8.2 IOT_2016_ixi
MLT,Malta,Europe,Metal Products,climate_change,kt CO2eq,0.012140668650005378,2019,EXIOBASE v3.8.2 IOT_2016_ixi
RoW Africa,RoW Africa,Africa,Furniture and timber,blue_water_consumption,Mm3,0.012085056883258715,2019,EXIOBASE v3.8.2 IOT_2016_ixi
AUT,Austria,Europe,Chemical,material_extraction,kt,0.012039679759195097,2019,EXIOBASE v3.8.2 IOT_2016_ixi
RoW Middle East,RoW Middle East,Middle East,Minerals and Metals,waste_generation,kt,0.01197744382794527,2019,EXIOBASE v3.8.2 IOT_2016_ixi
IND,India,Asia and Pacific,Textile,material_extraction,kt,0.01193320329166789,2019,EXIOBASE v3.8.2 IOT_2016_ixi
RoW Middle East,RoW Middle East,Middle East,Construction,waste_generation,kt,0.01180623037897114,2019,EXIOBASE v3.8.2 IOT_2016_ixi
TUR,Turkey,Middle East,"Electrical, electronic and measuring equipment",climate_change,kt CO2eq,0.011778503215415365,2019,EXIOBASE v3.8.2 IOT_2016_ixi
BEL,Belgium,Europe,Paper Products,blue_water_consumption,Mm3,0.011762672160845882,2019,EXIOBASE v3.8.2 IOT_2016_ixi
RoW Middle East,RoW Middle East,Middle East,Coal and Petroleum,waste_generation,kt,0.011743566286107416,2019,EXIOBASE v3.8.2 IOT_2016_ixi
NOR,Norway,Europe,Chemical,blue_water_consumption,Mm3,0.01168671981046281,2019,EXIOBASE v3.8.2 IOT_2016_ixi
SVN,Slovenia,Europe,Services,waste_generation,kt,0.011668785905236907,2019,EXIOBASE v3.8.2 IOT_2016_ixi
IND,India,Asia and Pacific,"Electrical, electronic and measuring equipment",waste_generation,kt,0.011667584217990839,2019,EXIOBASE v3.8.2 IOT_2016_ixi
DEU,Germany,Europe,General and special Machinery,waste_generation,kt,0.01166430611734398,2019,EXIOBASE v3.8.2 IOT_2016_ixi
SWE,Sweden,Europe,General and special Machinery,waste_generation,kt,0.011662457682291827,2019,EXIOBASE v3.8.2 IOT_2016_ixi
RoW Asia and Pacific,RoW Asia and Pacific,Asia and Pacific,General and special Machinery,waste_generation,kt,0.011641496395533132,2019,EXIOBASE v3.8.2 IOT_2016_ixi
PRT,Portugal,Europe,Furniture and timber,climate_change,kt CO2eq,0.011639677962479816,2019,EXIOBASE v3.8.2 IOT_2016_ixi
NLD,Netherlands,Europe,"Electrical, electronic and measuring equipment",waste_generation,kt,0.011629184094188253,2019,EXIOBASE v3.8.2 IOT_2016_ixi
IND,India,Asia and Pacific,Construction,waste_generation,kt,0.01159858772336689,2019,EXIOBASE v3.8.2 IOT_2016_ixi
ITA,Italy,Europe,Non-metallic mineral products,waste_generation,kt,0.011572391308103301,2019,EXIOBASE v3.8.2 IOT_2016_ixi
RoW America,RoW America,America,Metal Products,waste_generation,kt,0.011551245346572358,2019,EXIOBASE v3.8.2 IOT_2016_ixi
RoW Asia and Pacific,RoW Asia and Pacific,Asia and Pacific,Furniture and timber,blue_water_consumption,Mm3,0.011539067662722396,2019,EXIOBASE v3.8.2 IOT_2016_ixi
RoW America,RoW America,America,Metal Products,land_use,km2,0.011493497559119962,2019,EXIOBASE v3.8.2 IOT_2016_ixi
SVN,Slovenia,Europe,Electricity,climate_change,kt CO2eq,0.01149102243791301,2019,EXIOBASE v3.8.2 IOT_2016_ixi
IRL,Ireland,Europe,Paper Products,climate_change,kt CO2eq,0.011403641983914173,2019,EXIOBASE v3.8.2 IOT_2016_ixi
CHN,China,Asia and Pacific,Furniture and timber,blue_water_consumption,Mm3,0.01140269801954672,2019,EXIOBASE v3.8.2 IOT_2016_ixi
GRC,Greece,Europe,Services,land_use,km2,0.011400440468170812,2019,EXIOBASE v3.8.2 IOT_2016_ixi
CHE,Switzerland,Europe,"Electrical, electronic and measuring equipment",waste_generation,kt,0.011366164827727647,2019,EXIOBASE v3.8.2 IOT_2016_ixi
BRA,Brazil,America,Electricity,waste_generation,kt,0.011284242304000096,2019,EXIOBASE v3.8.2 IOT_2016_ixi
TUR,Turkey,Middle East,Non-metallic mineral products,blue_water_consumption,Mm3,0.011243492178468166,2019,EXIOBASE v3.8.2 IOT_2016_ixi
ZAF,South Africa,Africa,Furniture and timber,climate_change,kt CO2eq,0.011172485037889908,2019,EXIOBASE v3.8.2 IOT_2016_ixi
GBR,United Kingdom,Europe,Metal Products,blue_water_consumption,Mm3,0.010990989221717042,2019,EXIOBASE v3.8.2 IOT_2016_ixi
SVN,Slovenia,Europe,Metal Products,waste_generation,kt,0.01098681442365133,2019,EXIOBASE v3.8.2 IOT_2016_ixi
BEL,Belgium,Europe,Services,land_use,km2,0.010985228688856274,2019,EXIOBASE v3.8.2 IOT_2016_ixi
RoW Africa,RoW Africa,Africa,General and special Machinery,land_use,km2,0.01097250691243742,2019,EXIOBASE v3.8.2 IOT_2016_ixi
PRT,Portugal,Europe,Metal Products,waste_generation,kt,0.01095205233546364,2019,EXIOBASE v3.8.2 IOT_2016_ixi
BRA,Brazil,America,Services,land_use,km2,0.010896155309021067,2019,EXIOBASE v3.8.2 IOT_2016_ixi
RoW Europe,RoW Europe,Europe,Furniture and timber,waste_generation,kt,0.010861206374337774,2019,EXIOBASE v3.8.2 IOT_2016_ixi
TUR,Turkey,Middle East,Metal Products,blue_water_consumption,Mm3,0.010790274363902548,2019,EXIOBASE v3.8.2 IOT_2016_ixi
RUS,Russia,Europe,Construction,waste_generation,kt,0.01075689622312895,2019,EXIOBASE v3.8.2 IOT_2016_ixi
GBR,United Kingdom,Europe,"Steam, hot water supply and water distribution",climate_change,kt CO2eq,0.010717635642001249,2019,EXIOBASE v3.8.2 IOT_2016_ixi
MLT,Malta,Europe,Construction,material_extraction,kt,0.01071453031386957,2019,EXIOBASE v3.8.2 IOT_2016_ixi
RoW America,RoW America,America,"Steam, hot water supply and water distribution",climate_change,kt CO2eq,0.01071437661391677,2019,EXIOBASE v3.8.2 IOT_2016_ixi
ROU,Romania,Europe,Transport Equipment,climate_change,kt CO2eq,0.010620552834318554,2019,EXIOBASE v3.8.2 IOT_2016_ixi
CHE,Switzerland,Europe,Electricity,blue_water_consumption,Mm3,0.010491938397942163,2019,EXIOBASE v3.8.2 IOT_2016_ixi
EST,Estonia,Europe,Natural gas and gaseous fuels,climate_change,kt CO2eq,0.010471491984311031,2019,EXIOBASE v3.8.2 IOT_2016_ixi
RoW Asia and Pacific,RoW Asia and Pacific,Asia and Pacific,Furniture and timber,waste_generation,kt,0.010439030190658815,2019,EXIOBASE v3.8.2 IOT_2016_ixi
HRV,Croatia,Europe,Waste management and disposal,material_extraction,kt,0.010373066843087145,2019,EXIOBASE v3.8.2 IOT_2016_ixi
SWE,Sweden,Europe,"Steam, hot water supply and water distribution",waste_generation,kt,0.010366808960024483,2019,EXIOBASE v3.8.2 IOT_2016_ixi
ESP,Spain,Europe,Non-metallic mineral products,waste_generation,kt,0.01032678253341403,2019,EXIOBASE v3.8.2 IOT_2016_ixi
SVK,Slovakia,Europe,General and special Machinery,waste_generation,kt,0.010293708032058417,2019,EXIOBASE v3.8.2 IOT_2016_ixi
ESP,Spain,Europe,Furniture and timber,waste_generation,kt,0.010262727603918801,2019,EXIOBASE v3.8.2 IOT_2016_ixi
SVN,Slovenia,Europe,Paper Products,waste_generation,kt,0.01025328209579365,2019,EXIOBASE v3.8.2 IOT_2016_ixi
GRC,Greece,Europe,Paper Products,waste_generation,kt,0.010237290701671913,2019,EXIOBASE v3.8.2 IOT_2016_ixi
RoW Asia and Pacific,RoW Asia and Pacific,Asia and Pacific,Metal Products,land_use,km2,0.01022668368822254,2019,EXIOBASE v3.8.2 IOT_2016_ixi
LVA,Latvia,Europe,Chemical,blue_water_consumption,Mm3,0.010209636672909724,2019,EXIOBASE v3.8.2 IOT_2016_ixi
GRC,Greece,Europe,"Electrical, electronic and measuring equipment",climate_change,kt CO2eq,0.010164564417911155,2019,EXIOBASE v3.8.2 IOT_2016_ixi
BEL,Belgium,Europe,"Steam, hot water supply and water distribution",climate_change,kt CO2eq,0.01016328280659174,2019,EXIOBASE v3.8.2 IOT_2016_ixi
ZAF,South Africa,Africa,Electricity,blue_water_consumption,Mm3,0.01015686584367246,2019,EXIOBASE v3.8.2 IOT_2016_ixi
SVN,Slovenia,Europe,Chemical,waste_generation,kt,0.010061196854634415,2019,EXIOBASE v3.8.2 IOT_2016_ixi
RoW Europe,RoW Europe,Europe,Natural gas and gaseous fuels,land_use,km2,0.010037582647515926,2019,EXIOBASE v3.8.2 IOT_2016_ixi
RoW Asia and Pacific,RoW Asia and Pacific,Asia and Pacific,Transport Equipment,material_extraction,kt,0.01001729537313319,2019,EXIOBASE v3.8.2 IOT_2016_ixi
BGR,Bulgaria,Europe,Electricity,blue_water_consumption,Mm3,0.009901671834159966,2019,EXIOBASE v3.8.2 IOT_2016_ixi
RoW Africa,RoW Africa,Africa,General and special Machinery,climate_change,kt CO2eq,0.009872990941490948,2019,EXIOBASE v3.8.2 IOT_2016_ixi
ITA,Italy,Europe,Chemical,blue_water_consumption,Mm3,0.009869877176160212,2019,EXIOBASE v3.8.2 IOT_2016_ixi
ITA,Italy,Europe,Metal Products,blue_water_consumption,Mm3,0.009845820575781835,2019,EXIOBASE v3.8.2 IOT_2016_ixi
CHN,China,Asia and Pacific,Construction,waste_generation,kt,0.009838688254871426,2019,EXIOBASE v3.8.2 IOT_2016_ixi
IRL,Ireland,Europe,Chemical,waste_generation,kt,0.009826751049786685,2019,EXIOBASE v3.8.2 IOT_2016_ixi
AUT,Austria,Europe,Metal Products,blue_water_consumption,Mm3,0.009763094603969324,2019,EXIOBASE v3.8.2 IOT_2016_ixi
IND,India,Asia and Pacific,Paper Products,waste_generation,kt,0.00975460719004339,2019,EXIOBASE v3.8.2 IOT_2016_ixi
RoW Middle East,RoW Middle East,Middle East,Furniture and timber,material_extraction,kt,0.009695110839446158,2019,EXIOBASE v3.8.2 IOT_2016_ixi
CZE,Czech Republic,Europe,Furniture and timber,waste_generation,kt,0.009606673104612287,2019,EXIOBASE v3.8.2 IOT_2016_ixi
RoW Middle East,RoW Middle East,Middle East,"Steam, hot water supply and water distribution",material_extraction,kt,0.009600607773940315,2019,EXIOBASE v3.8.2 IOT_2016_ixi
CAN,Canada,America,Furniture and timber,waste_generation,kt,0.009576817811894792,2019,EXIOBASE v3.8.2 IOT_2016_ixi
FRA,France,Europe,Furniture and timber,waste_generation,kt,0.009557985205936754,2019,EXIOBASE v3.8.2 IOT_2016_ixi
ITA,Italy,Europe,"Electrical, electronic and measuring equipment",waste_generation,kt,0.009545687705458713,2019,EXIOBASE v3.8.2 IOT_2016_ixi
CHE,Switzerland,Europe,Food and catering,blue_water_consumption,Mm3,0.009506562478983448,2019,EXIOBASE v3.8.2 IOT_2016_ixi
HUN,Hungary,Europe,Textile,climate_change,kt CO2eq,0.009409579917623393,2019,EXIOBASE v3.8.2 IOT_2016_ixi
NOR,Norway,Europe,Construction,climate_change,kt CO2eq,0.009405047268637563,2019,EXIOBASE v3.8.2 IOT_2016_ixi
HRV,Croatia,Europe,Chemical,waste_generation,kt,0.00938984286298236,2019,EXIOBASE v3.8.2 IOT_2016_ixi
IND,India,Asia and Pacific,Coal and Petroleum,blue_water_consumption,Mm3,0.009384056020560846,2019,EXIOBASE v3.8.2 IOT_2016_ixi
CHE,Switzerland,Europe,General and special Machinery,climate_change,kt CO2eq,0.009379099929729365,2019,EXIOBASE v3.8.2 IOT_2016_ixi
PRT,Portugal,Europe,"Electrical, electronic and measuring equipment",climate_change,kt CO2eq,0.009378328058545339,2019,EXIOBASE v3.8.2 IOT_2016_ixi
RoW Middle East,RoW Middle East,Middle East,Construction,material_extraction,kt,0.009370197649397742,2019,EXIOBASE v3.8.2 IOT_2016_ixi
LTU,Lithuania,Europe,Services,waste_generation,kt,0.009361016445899345,2019,EXIOBASE v3.8.2 IOT_2016_ixi
NOR,Norway,Europe,Furniture and timber,climate_change,kt CO2eq,0.009315203361089857,2019,EXIOBASE v3.8.2 IOT_2016_ixi
TWN,Taiwan,Asia and Pacific,Chemical,blue_water_consumption,Mm3,0.009302509381827867,2019,EXIOBASE v3.8.2 IOT_2016_ixi
IDN,Indonesia,Asia and Pacific,"Electrical, electronic and measuring equipment",climate_change,kt CO2eq,0.00928312889018475,2019,EXIOBASE v3.8.2 IOT_2016_ixi
PRT,Portugal,Europe,Construction,climate_change,kt CO2eq,0.00927134018172978,2019,EXIOBASE v3.8.2 IOT_2016_ixi
USA,United States,America,Metal Products,blue_water_consumption,Mm3,0.00922833190234932,2019,EXIOBASE v3.8.2 IOT_2016_ixi
BEL,Belgium,Europe,Construction,material_extraction,kt,0.00922164467210954,2019,EXIOBASE v3.8.2 IOT_2016_ixi
BGR,Bulgaria,Europe,Furniture and timber,material_extraction,kt,0.009214847718485665,2019,EXIOBASE v3.8.2 IOT_2016_ixi
NOR,Norway,Europe,Textile,climate_change,kt CO2eq,0.009200717655546748,2019,EXIOBASE v3.8.2 IOT_2016_ixi
BRA,Brazil,America,"Electrical, electronic and measuring equipment",waste_generation,kt,0.009156741056487118,2019,EXIOBASE v3.8.2 IOT_2016_ixi
BRA,Brazil,America,Furniture and timber,waste_generation,kt,0.009137120630169656,2019,EXIOBASE v3.8.2 IOT_2016_ixi
RoW America,RoW America,America,Waste management and disposal,waste_generation,kt,0.009094424943327194,2019,EXIOBASE v3.8.2 IOT_2016_ixi
CAN,Canada,America,Transport Equipment,climate_change,kt CO2eq,0.009074750285171261,2019,EXIOBASE v3.8.2 IOT_2016_ixi
HRV,Croatia,Europe,Textile,climate_change,kt CO2eq,0.009071097783279363,2019,EXIOBASE v3.8.2 IOT_2016_ixi
RoW Middle East,RoW Middle East,Middle East,Services,land_use,km2,0.0090640737839196,2019,EXIOBASE v3.8.2 IOT_2016_ixi
LVA,Latvia,Europe,Waste management and disposal,waste_generation,kt,0.00898081641694522,2019,EXIOBASE v3.8.2 IOT_2016_ixi
DEU,Germany,Europe,Transport Equipment,waste_generation,kt,0.008950563532752165,2019,EXIOBASE v3.8.2 IOT_2016_ixi
GBR,United Kingdom,Europe,Electricity,blue_water_consumption,Mm3,0.008938134675262919,2019,EXIOBASE v3.8.2 IOT_2016_ixi
USA,United States,America,Furniture and timber,waste_generation,kt,0.008933176211817315,2019,EXIOBASE v3.8.2 IOT_2016_ixi
EST,Estonia,Europe,Waste management and disposal,waste_generation,kt,0.00890573870251171,2019,EXIOBASE v3.8.2 IOT_2016_ixi
MLT,Malta,Europe,Paper Products,climate_change,kt CO2eq,0.008881589226976877,2019,EXIOBASE v3.8.2 IOT_2016_ixi
SVK,Slovakia,Europe,General and special Machinery,climate_change,kt CO2eq,0.008875210573658369,2019,EXIOBASE v3.8.2 IOT_2016_ixi
CZE,Czech Republic,Europe,Non-metallic mineral products,waste_generation,kt,0.008868040171880698,2019,EXIOBASE v3.8.2 IOT_2016_ixi
BGR,Bulgaria,Europe,Transport,waste_generation,kt,0.008847728149601698,2019,EXIOBASE v3.8.2 IOT_2016_ixi
KOR,South Korea,Asia and Pacific,"Electrical, electronic and measuring equipment",waste_generation,kt,0.00884738590183499,2019,EXIOBASE v3.8.2 IOT_2016_ixi
FRA,France,Europe,Construction,climate_change,kt CO2eq,0.008839272242287824,2019,EXIOBASE v3.8.2 IOT_2016_ixi
RoW Middle East,RoW Middle East,Middle East,General and special Machinery,material_extraction,kt,0.008833752009496206,2019,EXIOBASE v3.8.2 IOT_2016_ixi
MEX,Mexico,America,Construction,material_extraction,kt,0.008821848731787632,2019,EXIOBASE v3.8.2 IOT_2016_ixi
CAN,Canada,America,Textile,climate_change,kt CO2eq,0.008821579355887434,2019,EXIOBASE v3.8.2 IOT_2016_ixi
AUS,Australia,Asia and Pacific,Electricity,blue_water_consumption,Mm3,0.008759681185813778,2019,EXIOBASE v3.8.2 IOT_2016_ixi
RoW America,RoW America,America,Construction,waste_generation,kt,0.008729982120843463,2019,EXIOBASE v3.8.2 IOT_2016_ixi
CYP,Cyprus,Middle East,Chemical,climate_change,kt CO2eq,0.008637017634057942,2019,EXIOBASE v3.8.2 IOT_2016_ixi
HRV,Croatia,Europe,Transport Equipment,climate_change,kt CO2eq,0.00861026700174642,2019,EXIOBASE v3.8.2 IOT_2016_ixi
RoW Asia and Pacific,RoW Asia and Pacific,Asia and Pacific,Construction,land_use,km2,0.008582910086979551,2019,EXIOBASE v3.8.2 IOT_2016_ixi
SVK,Slovakia,Europe,Transport,land_use,km2,0.008550403772252295,2019,EXIOBASE v3.8.2 IOT_2016_ixi
GBR,United Kingdom,Europe,Minerals and Metals,blue_water_consumption,Mm3,0.008540824883460408,2019,EXIOBASE v3.8.2 IOT_2016_ixi
AUT,Austria,Europe,Chemical,blue_water_consumption,Mm3,0.00849570748882974,2019,EXIOBASE v3.8.2 IOT_2016_ixi
CAN,Canada,America,General and special Machinery,waste_generation,kt,0.00845700821909162,2019,EXIOBASE v3.8.2 IOT_2016_ixi
AUT,Austria,Europe,Furniture and timber,waste_generation,kt,0.008417828112706844,2019,EXIOBASE v3.8.2 IOT_2016_ixi
CZE,Czech Republic,Europe,Food and catering,blue_water_consumption,Mm3,0.008371384450613533,2019,EXIOBASE v3.8.2 IOT_2016_ixi
RoW Asia and Pacific,RoW Asia and Pacific,Asia and Pacific,Furniture and timber,material_extraction,kt,0.008351495941591637,2019,EXIOBASE v3.8.2 IOT_2016_ixi
AUT,Austria,Europe,Textile,climate_change,kt CO2eq,0.008275963302216536,2019,EXIOBASE v3.8.2 IOT_2016_ixi
RoW Middle East,RoW Middle East,Middle East,Paper Products,waste_generation,kt,0.008254299065617112,2019,EXIOBASE v3.8.2 IOT_2016_ixi
RoW Middle East,RoW Middle East,Middle East,General and special Machinery,waste_generation,kt,0.008238421771026565,2019,EXIOBASE v3.8.2 IOT_2016_ixi
FIN,Finland,Europe,Chemical,blue_water_consumption,Mm3,0.008221598236907133,2019,EXIOBASE v3.8.2 IOT_2016_ixi
SVK,Slovakia,Europe,Transport Equipment,climate_change,kt CO2eq,0.008205559918058464,2019,EXIOBASE v3.8.2 IOT_2016_ixi
BEL,Belgium,Europe,Transport,waste_generation,kt,0.008200919037971805,2019,EXIOBASE v3.8.2 IOT_2016_ixi
BGR,Bulgaria,Europe,Paper Products,waste_generation,kt,0.008200379330914895,2019,EXIOBASE v3.8.2 IOT_2016_ixi
ESP,Spain,Europe,Food and catering,material_extraction,kt,0.008199945989340506,2019,EXIOBASE v3.8.2 IOT_2016_ixi
BGR,Bulgaria,Europe,"Electrical, electronic and measuring equipment",waste_generation,kt,0.008196823981650562,2019,EXIOBASE v3.8.2 IOT_2016_ixi
RoW America,RoW America,America,Transport Equipment,land_use,km2,0.008168217746962473,2019,EXIOBASE v3.8.2 IOT_2016_ixi
TUR,Turkey,Middle East,"Steam, hot water supply and water distribution",waste_generation,kt,0.00811822105042575,2019,EXIOBASE v3.8.2 IOT_2016_ixi
SWE,Sweden,Europe,"Electrical, electronic and measuring equipment",blue_water_consumption,Mm3,0.008098921876581682,2019,EXIOBASE v3.8.2 IOT_2016_ixi
HRV,Croatia,Europe,Paper Products,waste_generation,kt,0.008067930216846491,2019,EXIOBASE v3.8.2 IOT_2016_ixi
CZE,Czech Republic,Europe,Construction,land_use,km2,0.008066402172919785,2019,EXIOBASE v3.8.2 IOT_2016_ixi
GBR,United Kingdom,Europe,Transport Equipment,waste_generation,kt,0.00805543986023245,2019,EXIOBASE v3.8.2 IOT_2016_ixi
IND,India,Asia and Pacific,Furniture and timber,waste_generation,kt,0.007995238496910672,2019,EXIOBASE v3.8.2 IOT_2016_ixi
NLD,Netherlands,Europe,Textile,waste_generation,kt,0.007989670287047295,2019,EXIOBASE v3.8.2 IOT_2016_ixi
POL,Poland,Europe,Furniture and timber,land_use,km2,0.007962493216520476,2019,EXIOBASE v3.8.2 IOT_2016_ixi
JPN,Japan,Asia and Pacific,"Electrical, electronic and measuring equipment",waste_generation,kt,0.007901948843957177,2019,EXIOBASE v3.8.2 IOT_2016_ixi
RoW Africa,RoW Africa,Africa,"Steam, hot water supply and water distribution",land_use,km2,0.00783951895359358,2019,EXIOBASE v3.8.2 IOT_2016_ixi
KOR,South Korea,Asia and Pacific,Construction,climate_change,kt CO2eq,0.007758173680571362,2019,EXIOBASE v3.8.2 IOT_2016_ixi
RUS,Russia,Europe,Paper Products,material_extraction,kt,0.007737259870877411,2019,EXIOBASE v3.8.2 IOT_2016_ixi
EST,Estonia,Europe,Construction,climate_change,kt CO2eq,0.007730717655677132,2019,EXIOBASE v3.8.2 IOT_2016_ixi
CHE,Switzerland,Europe,Metal Products,waste_generation,kt,0.007712172049394358,2019,EXIOBASE v3.8.2 IOT_2016_ixi
ESP,Spain,Europe,Electricity,blue_water_consumption,Mm3,0.007699222003870402,2019,EXIOBASE v3.8.2 IOT_2016_ixi
SWE,Sweden,Europe,Textile,climate_change,kt CO2eq,0.007696005033488938,2019,EXIOBASE v3.8.2 IOT_2016_ixi
RoW America,RoW America,America,Minerals and Metals,waste_generation,kt,0.0076791429665821415,2019,EXIOBASE v3.8.2 IOT_2016_ixi
GBR,United Kingdom,Europe,Furniture and timber,waste_generation,kt,0.007670148114808605,2019,EXIOBASE v3.8.2 IOT_2016_ixi
BRA,Brazil,America,Transport Equipment,waste_generation,kt,0.0076682231864291794,2019,EXIOBASE v3.8.2 IOT_2016_ixi
IND,India,Asia and Pacific,General and special Machinery,waste_generation,kt,0.0076623346709016465,2019,EXIOBASE v3.8.2 IOT_2016_ixi
POL,Poland,Europe,Textile,land_use,km2,0.007591163048595213,2019,EXIOBASE v3.8.2 IOT_2016_ixi
ROU,Romania,Europe,Paper Products,waste_generation,kt,0.007584787443659383,2019,EXIOBASE v3.8.2 IOT_2016_ixi
FRA,France,Europe,"Electrical, electronic and measuring equipment",waste_generation,kt,0.007576340045392685,2019,EXIOBASE v3.8.2 IOT_2016_ixi
RoW Middle East,RoW Middle East,Middle East,Transport,land_use,km2,0.007570488033457638,2019,EXIOBASE v3.8.2 IOT_2016_ixi
FIN,Finland,Europe,General and special Machinery,climate_change,kt CO2eq,0.007553280207964528,2019,EXIOBASE v3.8.2 IOT_2016_ixi
ZAF,South Africa,Africa,Construction,climate_change,kt CO2eq,0.00747582912457468,2019,EXIOBASE v3.8.2 IOT_2016_ixi
CZE,Czech Republic,Europe,"Steam, hot water supply and water distribution",material_extraction,kt,0.007471785724975237,2019,EXIOBASE v3.8.2 IOT_2016_ixi
RoW Europe,RoW Europe,Europe,Metal Products,land_use,km2,0.007448731579918516,2019,EXIOBASE v3.8.2 IOT_2016_ixi
LVA,Latvia,Europe,Food and catering,material_extraction,kt,0.007428440678643414,2019,EXIOBASE v3.8.2 IOT_2016_ixi
HUN,Hungary,Europe,Construction,climate_change,kt CO2eq,0.007413506575371168,2019,EXIOBASE v3.8.2 IOT_2016_ixi
BGR,Bulgaria,Europe,Metal Products,blue_water_consumption,Mm3,0.007408546131041083,2019,EXIOBASE v3.8.2 IOT_2016_ixi
GBR,United Kingdom,Europe,Non-metallic mineral products,waste_generation,kt,0.007374666463745795,2019,EXIOBASE v3.8.2 IOT_2016_ixi
LVA,Latvia,Europe,Natural gas and gaseous fuels,climate_change,kt CO2eq,0.00737170021142713,2019,EXIOBASE v3.8.2 IOT_2016_ixi
LUX,Luxembourg,Europe,Services,waste_generation,kt,0.007369354484533628,2019,EXIOBASE v3.8.2 IOT_2016_ixi
BGR,Bulgaria,Europe,Metal Products,material_extraction,kt,0.007299485100721389,2019,EXIOBASE v3.8.2 IOT_2016_ixi
LTU,Lithuania,Europe,Paper Products,waste_generation,kt,0.0072732962801093206,2019,EXIOBASE v3.8.2 IOT_2016_ixi
PRT,Portugal,Europe,Services,land_use,km2,0.007262413582583897,2019,EXIOBASE v3.8.2 IOT_2016_ixi
RoW Asia and Pacific,RoW Asia and Pacific,Asia and Pacific,Textile,material_extraction,kt,0.0072432902938176155,2019,EXIOBASE v3.8.2 IOT_2016_ixi
PRT,Portugal,Europe,Food and catering,material_extraction,kt,0.007238718913752385,2019,EXIOBASE v3.8.2 IOT_2016_ixi
USA,United States,America,Non-metallic mineral products,waste_generation,kt,0.007231693025951501,2019,EXIOBASE v3.8.2 IOT_2016_ixi
AUT,Austria,Europe,Food and catering,blue_water_consumption,Mm3,0.007188466994060258,2019,EXIOBASE v3.8.2 IOT_2016_ixi
TUR,Turkey,Middle East,General and special Machinery,climate_change,kt CO2eq,0.007174076612434787,2019,EXIOBASE v3.8.2 IOT_2016_ixi
FRA,France,Europe,Chemical,blue_water_consumption,Mm3,0.007157668861797178,2019,EXIOBASE v3.8.2 IOT_2016_ixi
LVA,Latvia,Europe,Coal and Petroleum,climate_change,kt CO2eq,0.00714966551036831,2019,EXIOBASE v3.8.2 IOT_2016_ixi
MEX,Mexico,America,Metal Products,blue_water_consumption,Mm3,0.007099245467234325,2019,EXIOBASE v3.8.2 IOT_2016_ixi
IDN,Indonesia,Asia and Pacific,Services,waste_generation,kt,0.007096054566338351,2019,EXIOBASE v3.8.2 IOT_2016_ixi
NLD,Netherlands,Europe,Paper Products,blue_water_consumption,Mm3,0.0070756366690766116,2019,EXIOBASE v3.8.2 IOT_2016_ixi
JPN,Japan,Asia and Pacific,Coal and Petroleum,waste_generation,kt,0.007074831912655938,2019,EXIOBASE v3.8.2 IOT_2016_ixi
SWE,Sweden,Europe,Services,blue_water_consumption,Mm3,0.0070698362861445355,2019,EXIOBASE v3.8.2 IOT_2016_ixi
EST,Estonia,Europe,Services,waste_generation,kt,0.007052856868623724,2019,EXIOBASE v3.8.2 IOT_2016_ixi
RoW Europe,RoW Europe,Europe,Metal Products,blue_water_consumption,Mm3,0.007026443774082592,2019,EXIOBASE v3.8.2 IOT_2016_ixi
LVA,Latvia,Europe,Paper Products,climate_change,kt CO2eq,0.00702013489427959,2019,EXIOBASE v3.8.2 IOT_2016_ixi
HUN,Hungary,Europe,Transport,waste_generation,kt,0.007017739008873394,2019,EXIOBASE v3.8.2 IOT_2016_ixi
RoW Africa,RoW Africa,Africa,Metal Products,material_extraction,kt,0.006984081791068572,2019,EXIOBASE v3.8.2 IOT_2016_ixi
ZAF,South Africa,Africa,General and special Machinery,climate_change,kt CO2eq,0.006943718415873915,2019,EXIOBASE v3.8.2 IOT_2016_ixi
MLT,Malta,Europe,Chemical,climate_change,kt CO2eq,0.006934636772976936,2019,EXIOBASE v3.8.2 IOT_2016_ixi
CHN,China,Asia and Pacific,Non-metallic mineral products,blue_water_consumption,Mm3,0.006916257213024787,2019,EXIOBASE v3.8.2 IOT_2016_ixi
IND,India,Asia and Pacific,Transport Equipment,waste_generation,kt,0.006909595454763344,2019,EXIOBASE v3.8.2 IOT_2016_ixi
RUS,Russia,Europe,Non-metallic mineral products,land_use,km2,0.006906737695258381,2019,EXIOBASE v3.8.2 IOT_2016_ixi
RoW Europe,RoW Europe,Europe,Non-metallic mineral products,waste_generation,kt,0.006893059608243387,2019,EXIOBASE v3.8.2 IOT_2016_ixi
DNK,Denmark,Denmark,Textile,blue_water_consumption,Mm3,0.006884141220517251,2019,EXIOBASE v3.8.2 IOT_2016_ixi
POL,Poland,Europe,Transport Equipment,waste_generation,kt,0.006859296264302383,2019,EXIOBASE v3.8.2 IOT_2016_ixi
SVN,Slovenia,Europe,"Steam, hot water supply and water distribution",waste_generation,kt,0.006820942765102446,2019,EXIOBASE v3.8.2 IOT_2016_ixi
CZE,Czech Republic,Europe,Electricity,material_extraction,kt,0.006820932583649458,2019,EXIOBASE v3.8.2 IOT_2016_ixi
CAN,Canada,America,Services,material_extraction,kt,0.006813451517116292,2019,EXIOBASE v3.8.2 IOT_2016_ixi
JPN,Japan,Asia and Pacific,Non-metallic mineral products,waste_generation,kt,0.00680675200269196,2019,EXIOBASE v3.8.2 IOT_2016_ixi
AUS,Australia,Asia and Pacific,Furniture and timber,climate_change,kt CO2eq,0.006679351417594352,2019,EXIOBASE v3.8.2 IOT_2016_ixi
RoW Asia and Pacific,RoW Asia and Pacific,Asia and Pacific,General and special Machinery,material_extraction,kt,0.006661195814601512,2019,EXIOBASE v3.8.2 IOT_2016_ixi
SVK,Slovakia,Europe,Electricity,blue_water_consumption,Mm3,0.006651551241828802,2019,EXIOBASE v3.8.2 IOT_2016_ixi
RoW Asia and Pacific,RoW Asia and Pacific,Asia and Pacific,General and special Machinery,blue_water_consumption,Mm3,0.006625774378238122,2019,EXIOBASE v3.8.2 IOT_2016_ixi
RUS,Russia,Europe,Natural gas and gaseous fuels,material_extraction,kt,0.006595145239690245,2019,EXIOBASE v3.8.2 IOT_2016_ixi
CHE,Switzerland,Europe,Textile,climate_change,kt CO2eq,0.006532767661789972,2019,EXIOBASE v3.8.2 IOT_2016_ixi
USA,United States,America,General and special Machinery,waste_generation,kt,0.0064935517124333104,2019,EXIOBASE v3.8.2 IOT_2016_ixi
DNK,Denmark,Denmark,Non-metallic mineral products,blue_water_consumption,Mm3,0.006475374303067061,2019,EXIOBASE v3.8.2 IOT_2016_ixi
DNK,Denmark,Denmark,"Electrical, electronic and measuring equipment",blue_water_consumption,Mm3,0.006440239462079958,2019,EXIOBASE v3.8.2 IOT_2016_ixi
HUN,Hungary,Europe,Waste management and disposal,land_use,km2,0.006436652259554681,2019,EXIOBASE v3.8.2 IOT_2016_ixi
AUT,Austria,Europe,Food and catering,material_extraction,kt,0.006384919877721987,2019,EXIOBASE v3.8.2 IOT_2016_ixi
RUS,Russia,Europe,Furniture and timber,material_extraction,kt,0.00638440552533797,2019,EXIOBASE v3.8.2 IOT_2016_ixi
BRA,Brazil,America,"Electrical, electronic and measuring equipment",climate_change,kt CO2eq,0.006339565872497285,2019,EXIOBASE v3.8.2 IOT_2016_ixi
RoW Europe,RoW Europe,Europe,Waste management and disposal,waste_generation,kt,0.006331915325678525,2019,EXIOBASE v3.8.2 IOT_2016_ixi
CZE,Czech Republic,Europe,Transport,land_use,km2,0.0062952811437297276,2019,EXIOBASE v3.8.2 IOT_2016_ixi
RoW America,RoW America,America,"Electrical, electronic and measuring equipment",material_extraction,kt,0.006283071064558973,2019,EXIOBASE v3.8.2 IOT_2016_ixi
SVN,Slovenia,Europe,General and special Machinery,climate_change,kt CO2eq,0.006237078518420098,2019,EXIOBASE v3.8.2 IOT_2016_ixi
SVN,Slovenia,Europe,Construction,climate_change,kt CO2eq,0.006218265119658117,2019,EXIOBASE v3.8.2 IOT_2016_ixi
RoW America,RoW America,America,Chemical,blue_water_consumption,Mm3,0.006211206104330182,2019,EXIOBASE v3.8.2 IOT_2016_ixi
RoW Middle East,RoW Middle East,Middle East,Textile,waste_generation,kt,0.006186647776276709,2019,EXIOBASE v3.8.2 IOT_2016_ixi
FIN,Finland,Europe,Furniture and timber,waste_generation,kt,0.006176557281523367,2019,EXIOBASE v3.8.2 IOT_2016_ixi
NLD,Netherlands,Europe,Non-metallic mineral products,waste_generation,kt,0.006176251900553005,2019,EXIOBASE v3.8.2 IOT_2016_ixi
RoW Asia and Pacific,RoW Asia and Pacific,Asia and Pacific,Waste management and disposal,blue_water_consumption,Mm3,0.006151904798688205,2019,EXIOBASE v3.8.2 IOT_2016_ixi
ITA,Italy,Europe,Furniture and timber,waste_generation,kt,0.006138041296972197,2019,EXIOBASE v3.8.2 IOT_2016_ixi
NOR,Norway,Europe,Textile,waste_generation,kt,0.006113797934019074,2019,EXIOBASE v3.8.2 IOT_2016_ixi
POL,Poland,Europe,Metal Products,blue_water_consumption,Mm3,0.00610255158485847,2019,EXIOBASE v3.8.2 IOT_2016_ixi
MEX,Mexico,America,Coal and Petroleum,waste_generation,kt,0.006087735900461149,2019,EXIOBASE v3.8.2 IOT_2016_ixi
BGR,Bulgaria,Europe,General and special Machinery,climate_change,kt CO2eq,0.0060794283885696595,2019,EXIOBASE v3.8.2 IOT_2016_ixi
EST,Estonia,Europe,Paper Products,waste_generation,kt,0.006040718444430893,2019,EXIOBASE v3.8.2 IOT_2016_ixi
TUR,Turkey,Middle East,"Electrical, electronic and measuring equipment",waste_generation,kt,0.006017885128247269,2019,EXIOBASE v3.8.2 IOT_2016_ixi
BRA,Brazil,America,Textile,material_extraction,kt,0.006012101599435356,2019,EXIOBASE v3.8.2 IOT_2016_ixi
RoW Europe,RoW Europe,Europe,Textile,waste_generation,kt,0.00601093234939126,2019,EXIOBASE v3.8.2 IOT_2016_ixi
CZE,Czech Republic,Europe,"Electrical, electronic and measuring equipment",waste_generation,kt,0.00599664845486828,2019,EXIOBASE v3.8.2 IOT_2016_ixi
IDN,Indonesia,Asia and Pacific,"Electrical, electronic and measuring equipment",waste_generation,kt,0.005993753095901426,2019,EXIOBASE v3.8.2 IOT_2016_ixi
MLT,Malta,Europe,Coal and Petroleum,climate_change,kt CO2eq,0.005988665515795967,2019,EXIOBASE v3.8.2 IOT_2016_ixi
SVK,Slovakia,Europe,Waste management and disposal,land_use,km2,0.00593363474503358,2019,EXIOBASE v3.8.2 IOT_2016_ixi
POL,Poland,Europe,Paper Products,blue_water_consumption,Mm3,0.0059277734244472125,2019,EXIOBASE v3.8.2 IOT_2016_ixi
USA,United States,America,Textile,waste_generation,kt,0.005887751527924284,2019,EXIOBASE v3.8.2 IOT_2016_ixi
ITA,Italy,Europe,Paper Products,blue_water_consumption,Mm3,0.005882195087853147,2019,EXIOBASE v3.8.2 IOT_2016_ixi
BGR,Bulgaria,Europe,Chemical,blue_water_consumption,Mm3,0.005879542433125004,2019,EXIOBASE v3.8.2 IOT_2016_ixi
RoW America,RoW America,America,Textile,blue_water_consumption,Mm3,0.005845197535584137,2019,EXIOBASE v3.8.2 IOT_2016_ixi
FRA,France,Europe,Non-metallic mineral products,waste_generation,kt,0.005844792366096217,2019,EXIOBASE v3.8.2 IOT_2016_ixi
BGR,Bulgaria,Europe,Furniture and timber,climate_change,kt CO2eq,0.005802026885538243,2019,EXIOBASE v3.8.2 IOT_2016_ixi
RoW Africa,RoW Africa,Africa,Metal Products,land_use,km2,0.00579423413308293,2019,EXIOBASE v3.8.2 IOT_2016_ixi
BRA,Brazil,America,Chemical,blue_water_consumption,Mm3,0.005787234662047133,2019,EXIOBASE v3.8.2 IOT_2016_ixi
FIN,Finland,Europe,Food and catering,blue_water_consumption,Mm3,0.005782474887439644,2019,EXIOBASE v3.8.2 IOT_2016_ixi
NOR,Norway,Europe,Non-metallic mineral products,blue_water_consumption,Mm3,0.005767322263692609,2019,EXIOBASE v3.8.2 IOT_2016_ixi
RoW America,RoW America,America,Construction,material_extraction,kt,0.005761471693999737,2019,EXIOBASE v3.8.2 IOT_2016_ixi
NLD,Netherlands,Europe,Metal Products,blue_water_consumption,Mm3,0.005740036538624932,2019,EXIOBASE v3.8.2 IOT_2016_ixi
BRA,Brazil,America,Paper Products,blue_water_consumption,Mm3,0.00566937957313582,2019,EXIOBASE v3.8.2 IOT_2016_ixi
ESP,Spain,Europe,Construction,land_use,km2,0.005628116382198647,2019,EXIOBASE v3.8.2 IOT_2016_ixi
LUX,Luxembourg,Europe,Chemical,climate_change,kt CO2eq,0.00562242529747319,2019,EXIOBASE v3.8.2 IOT_2016_ixi
HUN,Hungary,Europe,Chemical,blue_water_consumption,Mm3,0.005606531113849835,2019,EXIOBASE v3.8.2 IOT_2016_ixi
JPN,Japan,Asia and Pacific,Metal Products,blue_water_consumption,Mm3,0.0056007190883701746,2019,EXIOBASE v3.8.2 IOT_2016_ixi
DEU,Germany,Europe,Transport Equipment,material_extraction,kt,0.005588563203315971,2019,EXIOBASE v3.8.2 IOT_2016_ixi
MLT,Malta,Europe,Non-metallic mineral products,climate_change,kt CO2eq,0.00557262822559144,2019,EXIOBASE v3.8.2 IOT_2016_ixi
MLT,Malta,Europe,Services,land_use,km2,0.005537543930515161,2019,EXIOBASE v3.8.2 IOT_2016_ixi
BGR,Bulgaria,Europe,"Electrical, electronic and measuring equipment",climate_change,kt CO2eq,0.00553671370186854,2019,EXIOBASE v3.8.2 IOT_2016_ixi
SWE,Sweden,Europe,Non-metallic mineral products,waste_generation,kt,0.005509650383518328,2019,EXIOBASE v3.8.2 IOT_2016_ixi
GRC,Greece,Europe,Services,waste_generation,kt,0.005503527138422883,2019,EXIOBASE v3.8.2 IOT_2016_ixi
RoW Africa,RoW Africa,Africa,Non-metallic mineral products,blue_water_consumption,Mm3,0.005470142634183699,2019,EXIOBASE v3.8.2 IOT_2016_ixi
LUX,Luxembourg,Europe,Transport,waste_generation,kt,0.005456591141763918,2019,EXIOBASE v3.8.2 IOT_2016_ixi
SVN,Slovenia,Europe,"Electrical, electronic and measuring equipment",waste_generation,kt,0.005449047475009818,2019,EXIOBASE v3.8.2 IOT_2016_ixi
GBR,United Kingdom,Europe,Services,material_extraction,kt,0.005419144265917207,2019,EXIOBASE v3.8.2 IOT_2016_ixi
DNK,Denmark,Denmark,Transport,waste_generation,kt,0.005396812334633677,2019,EXIOBASE v3.8.2 IOT_2016_ixi
PRT,Portugal,Europe,Textile,land_use,km2,0.005395498217631667,2019,EXIOBASE v3.8.2 IOT_2016_ixi
LVA,Latvia,Europe,Services,waste_generation,kt,0.005370921258884495,2019,EXIOBASE v3.8.2 IOT_2016_ixi
NOR,Norway,Europe,Coal and Petroleum,waste_generation,kt,0.005354386706213117,2019,EXIOBASE v3.8.2 IOT_2016_ixi
LTU,Lithuania,Europe,Construction,waste_generation,kt,0.005344461182331802,2019,EXIOBASE v3.8.2 IOT_2016_ixi
LVA,Latvia,Europe,Textile,climate_change,kt CO2eq,0.005293166215455551,2019,EXIOBASE v3.8.2 IOT_2016_ixi
CZE,Czech Republic,Europe,Paper Products,blue_water_consumption,Mm3,0.0052613922664074214,2019,EXIOBASE v3.8.2 IOT_2016_ixi
SWE,Sweden,Europe,Textile,waste_generation,kt,0.005257571956835926,2019,EXIOBASE v3.8.2 IOT_2016_ixi
AUS,Australia,Asia and Pacific,"Electrical, electronic and measuring equipment",waste_generation,kt,0.0052469800406687245,2019,EXIOBASE v3.8.2 IOT_2016_ixi
POL,Poland,Europe,Waste management and disposal,land_use,km2,0.005236905575367947,2019,EXIOBASE v3.8.2 IOT_2016_ixi
FRA,France,Europe,Textile,land_use,km2,0.005232847478366933,2019,EXIOBASE v3.8.2 IOT_2016_ixi
NOR,Norway,Europe,General and special Machinery,climate_change,kt CO2eq,0.005188130283375676,2019,EXIOBASE v3.8.2 IOT_2016_ixi
GRC,Greece,Europe,Waste management and disposal,waste_generation,kt,0.005187066800143353,2019,EXIOBASE v3.8.2 IOT_2016_ixi
RoW Africa,RoW Africa,Africa,Chemical,material_extraction,kt,0.005184488889264311,2019,EXIOBASE v3.8.2 IOT_2016_ixi
SVN,Slovenia,Europe,Transport Equipment,climate_change,kt CO2eq,0.005162050474639477,2019,EXIOBASE v3.8.2 IOT_2016_ixi
LTU,Lithuania,Europe,Furniture and timber,land_use,km2,0.005150660810745978,2019,EXIOBASE v3.8.2 IOT_2016_ixi
USA,United States,America,Transport Equipment,waste_generation,kt,0.005118495135050138,2019,EXIOBASE v3.8.2 IOT_2016_ixi
AUT,Austria,Europe,Transport Equipment,climate_change,kt CO2eq,0.0050975759407526685,2019,EXIOBASE v3.8.2 IOT_2016_ixi
JPN,Japan,Asia and Pacific,Services,waste_generation,kt,0.005013548929946543,2019,EXIOBASE v3.8.2 IOT_2016_ixi
TUR,Turkey,Middle East,Coal and Petroleum,waste_generation,kt,0.005006981301619305,2019,EXIOBASE v3.8.2 IOT_2016_ixi
IDN,Indonesia,Asia and Pacific,Transport Equipment,climate_change,kt CO2eq,0.004988433361206928,2019,EXIOBASE v3.8.2 IOT_2016_ixi
TUR,Turkey,Middle East,Metal Products,material_extraction,kt,0.00498083544514188,2019,EXIOBASE v3.8.2 IOT_2016_ixi
CZE,Czech Republic,Europe,General and special Machinery,waste_generation,kt,0.004968417485827903,2019,EXIOBASE v3.8.2 IOT_2016_ixi
RoW America,RoW America,America,Textile,waste_generation,kt,0.004965502697741811,2019,EXIOBASE v3.8.2 IOT_2016_ixi
DEU,Germany,Europe,Minerals and Metals,waste_generation,kt,0.004936762473437358,2019,EXIOBASE v3.8.2 IOT_2016_ixi
NLD,Netherlands,Europe,General and special Machinery,waste_generation,kt,0.004930431741386035,2019,EXIOBASE v3.8.2 IOT_2016_ixi
ESP,Spain,Europe,"Steam, hot water supply and water distribution",climate_change,kt CO2eq,0.004903222328145139,2019,EXIOBASE v3.8.2 IOT_2016_ixi
HRV,Croatia,Europe,Furniture and timber,climate_change,kt CO2eq,0.004883615918675232,2019,EXIOBASE v3.8.2 IOT_2016_ixi
LVA,Latvia,Europe,Waste management and disposal,land_use,km2,0.004867516256056606,2019,EXIOBASE v3.8.2 IOT_2016_ixi
USA,United States,America,"Steam, hot water supply and water distribution",waste_generation,kt,0.004810810503186156,2019,EXIOBASE v3.8.2 IOT_2016_ixi
CZE,Czech Republic,Europe,Chemical,blue_water_consumption,Mm3,0.0048096050596183595,2019,EXIOBASE v3.8.2 IOT_2016_ixi
SVK,Slovakia,Europe,Textile,climate_change,kt CO2eq,0.004807284361657759,2019,EXIOBASE v3.8.2 IOT_2016_ixi
RoW Middle East,RoW Middle East,Middle East,Transport Equipment,waste_generation,kt,0.004802655667137456,2019,EXIOBASE v3.8.2 IOT_2016_ixi
BEL,Belgium,Europe,Textile,waste_generation,kt,0.004792519119956223,2019,EXIOBASE v3.8.2 IOT_2016_ixi
POL,Poland,Europe,Textile,waste_generation,kt,0.004789302877390669,2019,EXIOBASE v3.8.2 IOT_2016_ixi
NLD,Netherlands,Europe,"Electrical, electronic and measuring equipment",blue_water_consumption,Mm3,0.004774934776650934,2019,EXIOBASE v3.8.2 IOT_2016_ixi
LUX,Luxembourg,Europe,Furniture and timber,waste_generation,kt,0.004771916853934378,2019,EXIOBASE v3.8.2 IOT_2016_ixi
ROU,Romania,Europe,Electricity,blue_water_consumption,Mm3,0.0047381243867878195,2019,EXIOBASE v3.8.2 IOT_2016_ixi
BGR,Bulgaria,Europe,Coal and Petroleum,waste_generation,kt,0.004702042389047706,2019,EXIOBASE v3.8.2 IOT_2016_ixi
CAN,Canada,America,Construction,waste_generation,kt,0.0046915959062060475,2019,EXIOBASE v3.8.2 IOT_2016_ixi
LTU,Lithuania,Europe,Electricity,blue_water_consumption,Mm3,0.0046413605666158625,2019,EXIOBASE v3.8.2 IOT_2016_ixi
BGR,Bulgaria,Europe,Non-metallic mineral products,waste_generation,kt,0.004636140129183137,2019,EXIOBASE v3.8.2 IOT_2016_ixi
RUS,Russia,Europe,Minerals and Metals,waste_generation,kt,0.004635604019274257,2019,EXIOBASE v3.8.2 IOT_2016_ixi
NOR,Norway,Europe,"Electrical, electronic and measuring equipment",waste_generation,kt,0.004628772367620371,2019,EXIOBASE v3.8.2 IOT_2016_ixi
SVK,Slovakia,Europe,Services,blue_water_consumption,Mm3,0.004607492612458848,2019,EXIOBASE v3.8.2 IOT_2016_ixi
RoW Africa,RoW Africa,Africa,Paper Products,blue_water_consumption,Mm3,0.004572968265985241,2019,EXIOBASE v3.8.2 IOT_2016_ixi
FIN,Finland,Europe,"Electrical, electronic and measuring equipment",waste_generation,kt,0.004571502704559303,2019,EXIOBASE v3.8.2 IOT_2016_ixi
BRA,Brazil,America,Metal Products,blue_water_consumption,Mm3,0.004554776117703423,2019,EXIOBASE v3.8.2 IOT_2016_ixi
NOR,Norway,Europe,Transport Equipment,waste_generation,kt,0.004538958628237178,2019,EXIOBASE v3.8.2 IOT_2016_ixi
ROU,Romania,Europe,Construction,waste_generation,kt,0.004537613032410927,2019,EXIOBASE v3.8.2 IOT_2016_ixi
FRA,France,Europe,Paper Products,blue_water_consumption,Mm3,0.004527278909311253,2019,EXIOBASE v3.8.2 IOT_2016_ixi
JPN,Japan,Asia and Pacific,Food and catering,blue_water_consumption,Mm3,0.004523233529994068,2019,EXIOBASE v3.8.2 IOT_2016_ixi
GBR,United Kingdom,Europe,General and special Machinery,waste_generation,kt,0.0045229152808595515,2019,EXIOBASE v3.8.2 IOT_2016_ixi
ZAF,South Africa,Africa,Services,material_extraction,kt,0.004515365303731873,2019,EXIOBASE v3.8.2 IOT_2016_ixi
IND,India,Asia and Pacific,General and special Machinery,blue_water_consumption,Mm3,0.00449984910291373,2019,EXIOBASE v3.8.2 IOT_2016_ixi
HRV,Croatia,Europe,Services,waste_generation,kt,0.004497560114613058,2019,EXIOBASE v3.8.2 IOT_2016_ixi
CYP,Cyprus,Middle East,General and special Machinery,climate_change,kt CO2eq,0.004481720694388415,2019,EXIOBASE v3.8.2 IOT_2016_ixi
DEU,Germany,Europe,Textile,blue_water_consumption,Mm3,0.0044629396094024104,2019,EXIOBASE v3.8.2 IOT_2016_ixi
ITA,Italy,Europe,Electricity,blue_water_consumption,Mm3,0.004450150951971628,2019,EXIOBASE v3.8.2 IOT_2016_ixi
HUN,Hungary,Europe,General and special Machinery,waste_generation,kt,0.004450084481348157,2019,EXIOBASE v3.8.2 IOT_2016_ixi
ESP,Spain,Europe,"Electrical, electronic and measuring equipment",waste_generation,kt,0.004437861145635484,2019,EXIOBASE v3.8.2 IOT_2016_ixi
AUT,Austria,Europe,Non-metallic mineral products,waste_generation,kt,0.004433969003685313,2019,EXIOBASE v3.8.2 IOT_2016_ixi
NLD,Netherlands,Europe,Services,blue_water_consumption,Mm3,0.0044139155419324816,2019,EXIOBASE v3.8.2 IOT_2016_ixi
CZE,Czech Republic,Europe,Minerals and Metals,waste_generation,kt,0.004408940647939315,2019,EXIOBASE v3.8.2 IOT_2016_ixi
EST,Estonia,Europe,"Electrical, electronic and measuring equipment",climate_change,kt CO2eq,0.004374623993498787,2019,EXIOBASE v3.8.2 IOT_2016_ixi
ITA,Italy,Europe,Textile,blue_water_consumption,Mm3,0.004361400489013849,2019,EXIOBASE v3.8.2 IOT_2016_ixi
IRL,Ireland,Europe,Metal Products,material_extraction,kt,0.004355026678040083,2019,EXIOBASE v3.8.2 IOT_2016_ixi
SVK,Slovakia,Europe,Chemical,blue_water_consumption,Mm3,0.004353190203846157,2019,EXIOBASE v3.8.2 IOT_2016_ixi
JPN,Japan,Asia and Pacific,Chemical,blue_water_consumption,Mm3,0.0043464183302064745,2019,EXIOBASE v3.8.2 IOT_2016_ixi
RoW Europe,RoW Europe,Europe,Non-metallic mineral products,blue_water_consumption,Mm3,0.004335369468517779,2019,EXIOBASE v3.8.2 IOT_2016_ixi
GRC,Greece,Europe,Construction,climate_change,kt CO2eq,0.004326636212416786,2019,EXIOBASE v3.8.2 IOT_2016_ixi
LVA,Latvia,Europe,Services,material_extraction,kt,0.004325160865875049,2019,EXIOBASE v3.8.2 IOT_2016_ixi
RoW Europe,RoW Europe,Europe,Textile,blue_water_consumption,Mm3,0.0043250581855103975,2019,EXIOBASE v3.8.2 IOT_2016_ixi
RoW America,RoW America,America,Metal Products,blue_water_consumption,Mm3,0.0043017175705548655,2019,EXIOBASE v3.8.2 IOT_2016_ixi
TUR,Turkey,Middle East,Chemical,blue_water_consumption,Mm3,0.004290683797474179,2019,EXIOBASE v3.8.2 IOT_2016_ixi
LTU,Lithuania,Europe,Transport Equipment,climate_change,kt CO2eq,0.004288863590693243,2019,EXIOBASE v3.8.2 IOT_2016_ixi
PRT,Portugal,Europe,Textile,waste_generation,kt,0.0042806738518179725,2019,EXIOBASE v3.8.2 IOT_2016_ixi
FIN,Finland,Europe,Metal Products,blue_water_consumption,Mm3,0.0042761893925805095,2019,EXIOBASE v3.8.2 IOT_2016_ixi
GRC,Greece,Europe,Coal and Petroleum,material_extraction,kt,0.00426009523574027,2019,EXIOBASE v3.8.2 IOT_2016_ixi
RoW Middle East,RoW Middle East,Middle East,Textile,blue_water_consumption,Mm3,0.004247709204714585,2019,EXIOBASE v3.8.2 IOT_2016_ixi
AUT,Austria,Europe,Natural gas and gaseous fuels,material_extraction,kt,0.004240100378217704,2019,EXIOBASE v3.8.2 IOT_2016_ixi
ROU,Romania,Europe,Non-metallic mineral products,waste_generation,kt,0.0041975618032177335,2019,EXIOBASE v3.8.2 IOT_2016_ixi
SVK,Slovakia,Europe,Metal Products,land_use,km2,0.004190385076156195,2019,EXIOBASE v3.8.2 IOT_2016_ixi
TUR,Turkey,Middle East,Electricity,blue_water_consumption,Mm3,0.004178647456702125,2019,EXIOBASE v3.8.2 IOT_2016_ixi
SVN,Slovenia,Europe,Textile,land_use,km2,0.004172840664018706,2019,EXIOBASE v3.8.2 IOT_2016_ixi
HUN,Hungary,Europe,Electricity,blue_water_consumption,Mm3,0.004171330478535124,2019,EXIOBASE v3.8.2 IOT_2016_ixi
BEL,Belgium,Europe,"Electrical, electronic and measuring equipment",waste_generation,kt,0.004168579891202489,2019,EXIOBASE v3.8.2 IOT_2016_ixi
BRA,Brazil,America,Textile,blue_water_consumption,Mm3,0.004168167254273636,2019,EXIOBASE v3.8.2 IOT_2016_ixi
IDN,Indonesia,Asia and Pacific,Textile,land_use,km2,0.004132748772459465,2019,EXIOBASE v3.8.2 IOT_2016_ixi
BGR,Bulgaria,Europe,Services,blue_water_consumption,Mm3,0.004125337976114748,2019,EXIOBASE v3.8.2 IOT_2016_ixi
PRT,Portugal,Europe,Non-metallic mineral products,waste_generation,kt,0.004099585917237516,2019,EXIOBASE v3.8.2 IOT_2016_ixi
CHE,Switzerland,Europe,Non-metallic mineral products,waste_generation,kt,0.004072120026062099,2019,EXIOBASE v3.8.2 IOT_2016_ixi
RoW Europe,RoW Europe,Europe,Natural gas and gaseous fuels,waste_generation,kt,0.004072020094159208,2019,EXIOBASE v3.8.2 IOT_2016_ixi
TUR,Turkey,Middle East,Furniture and timber,waste_generation,kt,0.004014900213145091,2019,EXIOBASE v3.8.2 IOT_2016_ixi
EST,Estonia,Europe,Metal Products,climate_change,kt CO2eq,0.004000924431010342,2019,EXIOBASE v3.8.2 IOT_2016_ixi
KOR,South Korea,Asia and Pacific,Chemical,blue_water_consumption,Mm3,0.003995446559431225,2019,EXIOBASE v3.8.2 IOT_2016_ixi
GBR,United Kingdom,Europe,"Electrical, electronic and measuring equipment",blue_water_consumption,Mm3,0.003982793076215336,2019,EXIOBASE v3.8.2 IOT_2016_ixi
SVK,Slovakia,Europe,Paper Products,blue_water_consumption,Mm3,0.0039789157432185375,2019,EXIOBASE v3.8.2 IOT_2016_ixi
IRL,Ireland,Europe,Paper Products,blue_water_consumption,Mm3,0.003959700823819604,2019,EXIOBASE v3.8.2 IOT_2016_ixi
IND,India,Asia and Pacific,"Electrical, electronic and measuring equipment",blue_water_consumption,Mm3,0.003958965652946829,2019,EXIOBASE v3.8.2 IOT_2016_ixi
SVK,Slovakia,Europe,Non-metallic mineral products,waste_generation,kt,0.003939937791723155,2019,EXIOBASE v3.8.2 IOT_2016_ixi
HUN,Hungary,Europe,Furniture and timber,waste_generation,kt,0.003939441117822975,2019,EXIOBASE v3.8.2 IOT_2016_ixi
CAN,Canada,America,Electricity,blue_water_consumption,Mm3,0.00392601274762735,2019,EXIOBASE v3.8.2 IOT_2016_ixi
JPN,Japan,Asia and Pacific,Paper Products,waste_generation,kt,0.003918219129438241,2019,EXIOBASE v3.8.2 IOT_2016_ixi
JPN,Japan,Asia and Pacific,Paper Products,blue_water_consumption,Mm3,0.003918048051591922,2019,EXIOBASE v3.8.2 IOT_2016_ixi
RoW Asia and Pacific,RoW Asia and Pacific,Asia and Pacific,Minerals and Metals,blue_water_consumption,Mm3,0.003912362600632168,2019,EXIOBASE v3.8.2 IOT_2016_ixi
CHE,Switzerland,Europe,Construction,land_use,km2,0.003863138582560426,2019,EXIOBASE v3.8.2 IOT_2016_ixi
FIN,Finland,Europe,General and special Machinery,waste_generation,kt,0.003857636391295739,2019,EXIOBASE v3.8.2 IOT_2016_ixi
LUX,Luxembourg,Europe,Transport Equipment,climate_change,kt CO2eq,0.00384731382257725,2019,EXIOBASE v3.8.2 IOT_2016_ixi
RoW America,RoW America,America,Electricity,blue_water_consumption,Mm3,0.0038367814397433195,2019,EXIOBASE v3.8.2 IOT_2016_ixi
POL,Poland,Europe,Natural gas and gaseous fuels,waste_generation,kt,0.0038334221617080523,2019,EXIOBASE v3.8.2 IOT_2016_ixi
HUN,Hungary,Europe,"Steam, hot water supply and water distribution",waste_generation,kt,0.0038230729392868057,2019,EXIOBASE v3.8.2 IOT_2016_ixi
RoW Africa,RoW Africa,Africa,Natural gas and gaseous fuels,waste_generation,kt,0.003792163083828289,2019,EXIOBASE v3.8.2 IOT_2016_ixi
SVK,Slovakia,Europe,Natural gas and gaseous fuels,waste_generation,kt,0.0037838030129822035,2019,EXIOBASE v3.8.2 IOT_2016_ixi
BEL,Belgium,Europe,Non-metallic mineral products,blue_water_consumption,Mm3,0.003772668076730094,2019,EXIOBASE v3.8.2 IOT_2016_ixi
RoW Middle East,RoW Middle East,Middle East,Services,blue_water_consumption,Mm3,0.0037496539318155725,2019,EXIOBASE v3.8.2 IOT_2016_ixi
FIN,Finland,Europe,Transport Equipment,waste_generation,kt,0.003740722684602124,2019,EXIOBASE v3.8.2 IOT_2016_ixi
RoW Africa,RoW Africa,Africa,"Steam, hot water supply and water distribution",waste_generation,kt,0.0037269696500065604,2019,EXIOBASE v3.8.2 IOT_2016_ixi
ITA,Italy,Europe,General and special Machinery,waste_generation,kt,0.0037254687792499545,2019,EXIOBASE v3.8.2 IOT_2016_ixi
NOR,Norway,Europe,Metal Products,material_extraction,kt,0.003720205654824668,2019,EXIOBASE v3.8.2 IOT_2016_ixi
RUS,Russia,Europe,Textile,material_extraction,kt,0.003710212983627305,2019,EXIOBASE v3.8.2 IOT_2016_ixi
SWE,Sweden,Europe,General and special Machinery,blue_water_consumption,Mm3,0.0036934006239332322,2019,EXIOBASE v3.8.2 IOT_2016_ixi
BEL,Belgium,Europe,Non-metallic mineral products,waste_generation,kt,0.0036932669595204385,2019,EXIOBASE v3.8.2 IOT_2016_ixi
RUS,Russia,Europe,Non-metallic mineral products,waste_generation,kt,0.0036734645871422614,2019,EXIOBASE v3.8.2 IOT_2016_ixi
RoW America,RoW America,America,Services,blue_water_consumption,Mm3,0.0036492976672296775,2019,EXIOBASE v3.8.2 IOT_2016_ixi
CZE,Czech Republic,Europe,Services,blue_water_consumption,Mm3,0.0036387022257775973,2019,EXIOBASE v3.8.2 IOT_2016_ixi
EST,Estonia,Europe,"Steam, hot water supply and water distribution",waste_generation,kt,0.0036278301828270116,2019,EXIOBASE v3.8.2 IOT_2016_ixi
NLD,Netherlands,Europe,Furniture and timber,waste_generation,kt,0.003596502467934141,2019,EXIOBASE v3.8.2 IOT_2016_ixi
RoW America,RoW America,America,Transport,blue_water_consumption,Mm3,0.0035848852704865137,2019,EXIOBASE v3.8.2 IOT_2016_ixi
KOR,South Korea,Asia and Pacific,General and special Machinery,waste_generation,kt,0.0035844862356020288,2019,EXIOBASE v3.8.2 IOT_2016_ixi
RoW America,RoW America,America,Transport Equipment,waste_generation,kt,0.003583386070319132,2019,EXIOBASE v3.8.2 IOT_2016_ixi
ROU,Romania,Europe,Furniture and timber,waste_generation,kt,0.0035793015075876546,2019,EXIOBASE v3.8.2 IOT_2016_ixi
ITA,Italy,Europe,Non-metallic mineral products,blue_water_consumption,Mm3,0.0035742320729803814,2019,EXIOBASE v3.8.2 IOT_2016_ixi
RoW Middle East,RoW Middle East,Middle East,"Steam, hot water supply and water distribution",climate_change,kt CO2eq,0.003552186960021222,2019,EXIOBASE v3.8.2 IOT_2016_ixi
AUT,Austria,Europe,"Electrical, electronic and measuring equipment",waste_generation,kt,0.0035439663560922364,2019,EXIOBASE v3.8.2 IOT_2016_ixi
AUT,Austria,Europe,Paper Products,blue_water_consumption,Mm3,0.0035415465324593505,2019,EXIOBASE v3.8.2 IOT_2016_ixi
RoW Europe,RoW Europe,Europe,"Electrical, electronic and measuring equipment",blue_water_consumption,Mm3,0.003535440139076469,2019,EXIOBASE v3.8.2 IOT_2016_ixi
ITA,Italy,Europe,"Electrical, electronic and measuring equipment",blue_water_consumption,Mm3,0.0035336888907668285,2019,EXIOBASE v3.8.2 IOT_2016_ixi
SVK,Slovakia,Europe,Furniture and timber,waste_generation,kt,0.0035173043832321988,2019,EXIOBASE v3.8.2 IOT_2016_ixi
HUN,Hungary,Europe,Services,blue_water_consumption,Mm3,0.003487576692161949,2019,EXIOBASE v3.8.2 IOT_2016_ixi
GBR,United Kingdom,Europe,Paper Products,blue_water_consumption,Mm3,0.0034430545825036326,2019,EXIOBASE v3.8.2 IOT_2016_ixi
KOR,South Korea,Asia and Pacific,Electricity,blue_water_consumption,Mm3,0.0033869903963530032,2019,EXIOBASE v3.8.2 IOT_2016_ixi
SWE,Sweden,Europe,Waste management and disposal,blue_water_consumption,Mm3,0.0033862620105009895,2019,EXIOBASE v3.8.2 IOT_2016_ixi
DNK,Denmark,Denmark,Textile,waste_generation,kt,0.003374397098455276,2019,EXIOBASE v3.8.2 IOT_2016_ixi
TUR,Turkey,Middle East,Textile,blue_water_consumption,Mm3,0.003370514746484711,2019,EXIOBASE v3.8.2 IOT_2016_ixi
SVK,Slovakia,Europe,Metal Products,blue_water_consumption,Mm3,0.0033391287788037305,2019,EXIOBASE v3.8.2 IOT_2016_ixi
TUR,Turkey,Middle East,Non-metallic mineral products,waste_generation,kt,0.0033346391472312406,2019,EXIOBASE v3.8.2 IOT_2016_ixi
USA,United States,America,Textile,blue_water_consumption,Mm3,0.003310060123608927,2019,EXIOBASE v3.8.2 IOT_2016_ixi
BEL,Belgium,Europe,Textile,blue_water_consumption,Mm3,0.003305671380364291,2019,EXIOBASE v3.8.2 IOT_2016_ixi
AUT,Austria,Europe,Electricity,material_extraction,kt,0.0032978112431310412,2019,EXIOBASE v3.8.2 IOT_2016_ixi
CHE,Switzerland,Europe,Furniture and timber,waste_generation,kt,0.0032889374646093896,2019,EXIOBASE v3.8.2 IOT_2016_ixi
HUN,Hungary,Europe,Natural gas and gaseous fuels,waste_generation,kt,0.003277629270527479,2019,EXIOBASE v3.8.2 IOT_2016_ixi
USA,United States,America,Paper Products,blue_water_consumption,Mm3,0.0032570564829140385,2019,EXIOBASE v3.8.2 IOT_2016_ixi
RoW Africa,RoW Africa,Africa,Non-metallic mineral products,material_extraction,kt,0.0032340969435961874,2019,EXIOBASE v3.8.2 IOT_2016_ixi
CAN,Canada,America,Metal Products,blue_water_consumption,Mm3,0.003234061435260897,2019,EXIOBASE v3.8.2 IOT_2016_ixi
CAN,Canada,America,Non-metallic mineral products,waste_generation,kt,0.0032221334054489464,2019,EXIOBASE v3.8.2 IOT_2016_ixi
ZAF,South Africa,Africa,Non-metallic mineral products,waste_generation,kt,0.003218910389435824,2019,EXIOBASE v3.8.2 IOT_2016_ixi
POL,Poland,Europe,Chemical,land_use,km2,0.003212717079181803,2019,EXIOBASE v3.8.2 IOT_2016_ixi
ROU,Romania,Europe,Transport,waste_generation,kt,0.0032067441662135036,2019,EXIOBASE v3.8.2 IOT_2016_ixi
JPN,Japan,Asia and Pacific,Construction,waste_generation,kt,0.003190800638313127,2019,EXIOBASE v3.8.2 IOT_2016_ixi
TWN,Taiwan,Asia and Pacific,Furniture and timber,climate_change,kt CO2eq,0.0031514383842993782,2019,EXIOBASE v3.8.2 IOT_2016_ixi
BRA,Brazil,America,Services,waste_generation,kt,0.003138418887332078,2019,EXIOBASE v3.8.2 IOT_2016_ixi
ITA,Italy,Europe,Transport Equipment,waste_generation,kt,0.003137425556149317,2019,EXIOBASE v3.8.2 IOT_2016_ixi
CZE,Czech Republic,Europe,Non-metallic mineral products,blue_water_consumption,Mm3,0.0031345398071098945,2019,EXIOBASE v3.8.2 IOT_2016_ixi
HRV,Croatia,Europe,Construction,climate_change,kt CO2eq,0.0031306113935619644,2019,EXIOBASE v3.8.2 IOT_2016_ixi
ITA,Italy,Europe,General and special Machinery,blue_water_consumption,Mm3,0.003125428600044935,2019,EXIOBASE v3.8.2 IOT_2016_ixi
RUS,Russia,Europe,Natural gas and gaseous fuels,waste_generation,kt,0.003112203652506075,2019,EXIOBASE v3.8.2 IOT_2016_ixi
RUS,Russia,Europe,Coal and Petroleum,blue_water_consumption,Mm3,0.003110593819027299,2019,EXIOBASE v3.8.2 IOT_2016_ixi
NLD,Netherlands,Europe,Furniture and timber,material_extraction,kt,0.003081890757841715,2019,EXIOBASE v3.8.2 IOT_2016_ixi
SVN,Slovenia,Europe,Textile,climate_change,kt CO2eq,0.0030711003185772724,2019,EXIOBASE v3.8.2 IOT_2016_ixi
LTU,Lithuania,Europe,Transport,waste_generation,kt,0.0030608287311621385,2019,EXIOBASE v3.8.2 IOT_2016_ixi
RoW Europe,RoW Europe,Europe,General and special Machinery,blue_water_consumption,Mm3,0.003055126116528551,2019,EXIOBASE v3.8.2 IOT_2016_ixi
IDN,Indonesia,Asia and Pacific,Textile,waste_generation,kt,0.0030496806155383017,2019,EXIOBASE v3.8.2 IOT_2016_ixi
FIN,Finland,Europe,Textile,climate_change,kt CO2eq,0.0030478837527543033,2019,EXIOBASE v3.8.2 IOT_2016_ixi
RoW Middle East,RoW Middle East,Middle East,Natural gas and gaseous fuels,waste_generation,kt,0.003045460780799025,2019,EXIOBASE v3.8.2 IOT_2016_ixi
NOR,Norway,Europe,Textile,blue_water_consumption,Mm3,0.003038433252951348,2019,EXIOBASE v3.8.2 IOT_2016_ixi
RoW Europe,RoW Europe,Europe,Paper Products,waste_generation,kt,0.003032442567462197,2019,EXIOBASE v3.8.2 IOT_2016_ixi
SVN,Slovenia,Europe,Electricity,blue_water_consumption,Mm3,0.003030624509384866,2019,EXIOBASE v3.8.2 IOT_2016_ixi
BRA,Brazil,America,General and special Machinery,waste_generation,kt,0.0030095749083318985,2019,EXIOBASE v3.8.2 IOT_2016_ixi
AUS,Australia,Asia and Pacific,Construction,waste_generation,kt,0.002999599673119832,2019,EXIOBASE v3.8.2 IOT_2016_ixi
FIN,Finland,Europe,Textile,waste_generation,kt,0.0029962065897483864,2019,EXIOBASE v3.8.2 IOT_2016_ixi
SVN,Slovenia,Europe,Chemical,material_extraction,kt,0.002989845613331039,2019,EXIOBASE v3.8.2 IOT_2016_ixi
GBR,United Kingdom,Europe,Textile,waste_generation,kt,0.002979346731280425,2019,EXIOBASE v3.8.2 IOT_2016_ixi
PRT,Portugal,Europe,Transport,waste_generation,kt,0.002973466333994167,2019,EXIOBASE v3.8.2 IOT_2016_ixi
AUT,Austria,Europe,General and special Machinery,waste_generation,kt,0.0029612103894021617,2019,EXIOBASE v3.8.2 IOT_2016_ixi
CAN,Canada,America,Services,land_use,km2,0.002959904892824547,2019,EXIOBASE v3.8.2 IOT_2016_ixi
BEL,Belgium,Europe,Coal and Petroleum,blue_water_consumption,Mm3,0.002940736475496683,2019,EXIOBASE v3.8.2 IOT_2016_ixi
MEX,Mexico,America,"Electrical, electronic and measuring equipment",waste_generation,kt,0.0029389792176260357,2019,EXIOBASE v3.8.2 IOT_2016_ixi
NOR,Norway,Europe,General and special Machinery,blue_water_consumption,Mm3,0.0029361645747372385,2019,EXIOBASE v3.8.2 IOT_2016_ixi
RoW America,RoW America,America,"Electrical, electronic and measuring equipment",waste_generation,kt,0.002910828554752019,2019,EXIOBASE v3.8.2 IOT_2016_ixi
BGR,Bulgaria,Europe,Furniture and timber,waste_generation,kt,0.0028872329389575888,2019,EXIOBASE v3.8.2 IOT_2016_ixi
RoW Africa,RoW Africa,Africa,Construction,land_use,km2,0.002868256576958838,2019,EXIOBASE v3.8.2 IOT_2016_ixi
RoW America,RoW America,America,Natural gas and gaseous fuels,land_use,km2,0.002864996050738728,2019,EXIOBASE v3.8.2 IOT_2016_ixi
DEU,Germany,Europe,"Electrical, electronic and measuring equipment",blue_water_consumption,Mm3,0.0028632268310283633,2019,EXIOBASE v3.8.2 IOT_2016_ixi
RoW Africa,RoW Africa,Africa,Minerals and Metals,blue_water_consumption,Mm3,0.002859379110428602,2019,EXIOBASE v3.8.2 IOT_2016_ixi
FIN,Finland,Europe,Transport,waste_generation,kt,0.0028517669200654296,2019,EXIOBASE v3.8.2 IOT_2016_ixi
RUS,Russia,Europe,Transport Equipment,material_extraction,kt,0.002846976128338714,2019,EXIOBASE v3.8.2 IOT_2016_ixi
NLD,Netherlands,Europe,Furniture and timber,blue_water_consumption,Mm3,0.00282459108696574,2019,EXIOBASE v3.8.2 IOT_2016_ixi
LUX,Luxembourg,Europe,Furniture and timber,climate_change,kt CO2eq,0.00281916983529991,2019,EXIOBASE v3.8.2 IOT_2016_ixi
GRC,Greece,Europe,Non-metallic mineral products,waste_generation,kt,0.0028058728481721125,2019,EXIOBASE v3.8.2 IOT_2016_ixi
HRV,Croatia,Europe,General and special Machinery,climate_change,kt CO2eq,0.002801540431303126,2019,EXIOBASE v3.8.2 IOT_2016_ixi
FIN,Finland,Europe,Construction,waste_generation,kt,0.002793265555149824,2019,EXIOBASE v3.8.2 IOT_2016_ixi
EST,Estonia,Europe,Transport,waste_generation,kt,0.0027732403408844406,2019,EXIOBASE v3.8.2 IOT_2016_ixi
EST,Estonia,Europe,Non-metallic mineral products,waste_generation,kt,0.002767023689187719,2019,EXIOBASE v3.8.2 IOT_2016_ixi
DNK,Denmark,Denmark,Furniture and timber,blue_water_consumption,Mm3,0.0027661734293314578,2019,EXIOBASE v3.8.2 IOT_2016_ixi
KOR,South Korea,Asia and Pacific,Transport Equipment,waste_generation,kt,0.0027531039000599352,2019,EXIOBASE v3.8.2 IOT_2016_ixi
RUS,Russia,Europe,Paper Products,waste_generation,kt,0.0027096377313243943,2019,EXIOBASE v3.8.2 IOT_2016_ixi
GRC,Greece,Europe,Textile,waste_generation,kt,0.002707774396699488,2019,EXIOBASE v3.8.2 IOT_2016_ixi
SVK,Slovakia,Europe,Minerals and Metals,waste_generation,kt,0.002705511846052998,2019,EXIOBASE v3.8.2 IOT_2016_ixi
NLD,Netherlands,Europe,Electricity,blue_water_consumption,Mm3,0.0027020482359754387,2019,EXIOBASE v3.8.2 IOT_2016_ixi
KOR,South Korea,Asia and Pacific,Natural gas and gaseous fuels,waste_generation,kt,0.0026949369298856288,2019,EXIOBASE v3.8.2 IOT_2016_ixi
LTU,Lithuania,Europe,Food and catering,blue_water_consumption,Mm3,0.0026833238174552927,2019,EXIOBASE v3.8.2 IOT_2016_ixi
FRA,France,Europe,General and special Machinery,waste_generation,kt,0.0026762330447954816,2019,EXIOBASE v3.8.2 IOT_2016_ixi
BGR,Bulgaria,Europe,Non-metallic mineral products,blue_water_consumption,Mm3,0.0026665196991192443,2019,EXIOBASE v3.8.2 IOT_2016_ixi
LTU,Lithuania,Europe,Furniture and timber,waste_generation,kt,0.0026603526617434573,2019,EXIOBASE v3.8.2 IOT_2016_ixi
LUX,Luxembourg,Europe,Paper Products,waste_generation,kt,0.002649232273106342,2019,EXIOBASE v3.8.2 IOT_2016_ixi
USA,United States,America,"Electrical, electronic and measuring equipment",blue_water_consumption,Mm3,0.002649174624222608,2019,EXIOBASE v3.8.2 IOT_2016_ixi
KOR,South Korea,Asia and Pacific,Metal Products,blue_water_consumption,Mm3,0.002646530237054516,2019,EXIOBASE v3.8.2 IOT_2016_ixi
AUT,Austria,Europe,Transport Equipment,waste_generation,kt,0.00263532888888558,2019,EXIOBASE v3.8.2 IOT_2016_ixi
NLD,Netherlands,Europe,General and special Machinery,blue_water_consumption,Mm3,0.002622589315259899,2019,EXIOBASE v3.8.2 IOT_2016_ixi
KOR,South Korea,Asia and Pacific,Construction,waste_generation,kt,0.002614901152891879,2019,EXIOBASE v3.8.2 IOT_2016_ixi
RoW Middle East,RoW Middle East,Middle East,Waste management and disposal,land_use,km2,0.0026031925272174544,2019,EXIOBASE v3.8.2 IOT_2016_ixi
SVK,Slovakia,Europe,Non-metallic mineral products,blue_water_consumption,Mm3,0.002600172100938644,2019,EXIOBASE v3.8.2 IOT_2016_ixi
RoW Africa,RoW Africa,Africa,"Electrical, electronic and measuring equipment",blue_water_consumption,Mm3,0.002587316985959107,2019,EXIOBASE v3.8.2 IOT_2016_ixi
AUS,Australia,Asia and Pacific,Textile,waste_generation,kt,0.0025636949389407824,2019,EXIOBASE v3.8.2 IOT_2016_ixi
ESP,Spain,Europe,Construction,material_extraction,kt,0.0025534550216711836,2019,EXIOBASE v3.8.2 IOT_2016_ixi
KOR,South Korea,Asia and Pacific,Furniture and timber,waste_generation,kt,0.0025392121477861474,2019,EXIOBASE v3.8.2 IOT_2016_ixi
LUX,Luxembourg,Europe,Construction,climate_change,kt CO2eq,0.002519787461621919,2019,EXIOBASE v3.8.2 IOT_2016_ixi
NOR,Norway,Europe,"Electrical, electronic and measuring equipment",material_extraction,kt,0.0025121266708676114,2019,EXIOBASE v3.8.2 IOT_2016_ixi
GRC,Greece,Europe,Construction,waste_generation,kt,0.002506650509734296,2019,EXIOBASE v3.8.2 IOT_2016_ixi
RUS,Russia,Europe,Services,blue_water_consumption,Mm3,0.002487758400335195,2019,EXIOBASE v3.8.2 IOT_2016_ixi
BEL,Belgium,Europe,General and special Machinery,waste_generation,kt,0.0024681576783768784,2019,EXIOBASE v3.8.2 IOT_2016_ixi
BRA,Brazil,America,General and special Machinery,climate_change,kt CO2eq,0.002445758789258945,2019,EXIOBASE v3.8.2 IOT_2016_ixi
MEX,Mexico,America,Services,waste_generation,kt,0.0024267167210485882,2019,EXIOBASE v3.8.2 IOT_2016_ixi
RoW Africa,RoW Africa,Africa,Transport,blue_water_consumption,Mm3,0.0024243357234003875,2019,EXIOBASE v3.8.2 IOT_2016_ixi
AUS,Australia,Asia and Pacific,Transport,waste_generation,kt,0.0024151596005638396,2019,EXIOBASE v3.8.2 IOT_2016_ixi
GBR,United Kingdom,Europe,Transport Equipment,blue_water_consumption,Mm3,0.002414177359019257,2019,EXIOBASE v3.8.2 IOT_2016_ixi
HUN,Hungary,Europe,Non-metallic mineral products,waste_generation,kt,0.0024053634479347706,2019,EXIOBASE v3.8.2 IOT_2016_ixi
IRL,Ireland,Europe,Textile,climate_change,kt CO2eq,0.00240439496954763,2019,EXIOBASE v3.8.2 IOT_2016_ixi
CAN,Canada,America,Paper Products,blue_water_consumption,Mm3,0.0023808217476069316,2019,EXIOBASE v3.8.2 IOT_2016_ixi
CYP,Cyprus,Middle East,Paper Products,climate_change,kt CO2eq,0.0023524727980958997,2019,EXIOBASE v3.8.2 IOT_2016_ixi
ESP,Spain,Europe,Textile,waste_generation,kt,0.0023464902001388366,2019,EXIOBASE v3.8.2 IOT_2016_ixi
AUT,Austria,Europe,Coal and Petroleum,waste_generation,kt,0.0023313404160622596,2019,EXIOBASE v3.8.2 IOT_2016_ixi
TUR,Turkey,Middle East,General and special Machinery,waste_generation,kt,0.002329101221669248,2019,EXIOBASE v3.8.2 IOT_2016_ixi
RoW America,RoW America,America,"Steam, hot water supply and water distribution",land_use,km2,0.002318588052667468,2019,EXIOBASE v3.8.2 IOT_2016_ixi
HUN,Hungary,Europe,Chemical,material_extraction,kt,0.0022973715083312325,2019,EXIOBASE v3.8.2 IOT_2016_ixi
RoW Middle East,RoW Middle East,Middle East,Chemical,blue_water_consumption,Mm3,0.002281273666235971,2019,EXIOBASE v3.8.2 IOT_2016_ixi
LVA,Latvia,Europe,Paper Products,blue_water_consumption,Mm3,0.0022810387482432373,2019,EXIOBASE v3.8.2 IOT_2016_ixi
IDN,Indonesia,Asia and Pacific,Coal and Petroleum,waste_generation,kt,0.002271353723436093,2019,EXIOBASE v3.8.2 IOT_2016_ixi
CYP,Cyprus,Middle East,Coal and Petroleum,climate_change,kt CO2eq,0.0022671703823173737,2019,EXIOBASE v3.8.2 IOT_2016_ixi
GBR,United Kingdom,Europe,Transport,waste_generation,kt,0.0022665848212789965,2019,EXIOBASE v3.8.2 IOT_2016_ixi
GBR,United Kingdom,Europe,Non-metallic mineral products,blue_water_consumption,Mm3,0.0022651578727362425,2019,EXIOBASE v3.8.2 IOT_2016_ixi
BRA,Brazil,America,Textile,waste_generation,kt,0.0022585549432755222,2019,EXIOBASE v3.8.2 IOT_2016_ixi
RUS,Russia,Europe,Paper Products,blue_water_consumption,Mm3,0.0022441849249868005,2019,EXIOBASE v3.8.2 IOT_2016_ixi
RoW America,RoW America,America,Non-metallic mineral products,waste_generation,kt,0.002237192777409885,2019,EXIOBASE v3.8.2 IOT_2016_ixi
ITA,Italy,Europe,Textile,waste_generation,kt,0.0022272560307831112,2019,EXIOBASE v3.8.2 IOT_2016_ixi
RoW Africa,RoW Africa,Africa,Coal and Petroleum,blue_water_consumption,Mm3,0.0022104725931983895,2019,EXIOBASE v3.8.2 IOT_2016_ixi
FRA,France,Europe,Coal and Petroleum,waste_generation,kt,0.0021978160261628527,2019,EXIOBASE v3.8.2 IOT_2016_ixi
TUR,Turkey,Middle East,Minerals and Metals,waste_generation,kt,0.0021859322655010476,2019,EXIOBASE v3.8.2 IOT_2016_ixi
HRV,Croatia,Europe,Food and catering,blue_water_consumption,Mm3,0.002174844787636039,2019,EXIOBASE v3.8.2 IOT_2016_ixi
BGR,Bulgaria,Europe,General and special Machinery,waste_generation,kt,0.002139161818117967,2019,EXIOBASE v3.8.2 IOT_2016_ixi
RoW Middle East,RoW Middle East,Middle East,Electricity,land_use,km2,0.002115182062658487,2019,EXIOBASE v3.8.2 IOT_2016_ixi
CHE,Switzerland,Europe,Transport,waste_generation,kt,0.0021146677337837002,2019,EXIOBASE v3.8.2 IOT_2016_ixi
ZAF,South Africa,Africa,Transport Equipment,waste_generation,kt,0.002114447189013568,2019,EXIOBASE v3.8.2 IOT_2016_ixi
MEX,Mexico,America,Paper Products,waste_generation,kt,0.0020989460984465404,2019,EXIOBASE v3.8.2 IOT_2016_ixi
GBR,United Kingdom,Europe,Minerals and Metals,waste_generation,kt,0.002092506167662291,2019,EXIOBASE v3.8.2 IOT_2016_ixi
CZE,Czech Republic,Europe,Textile,waste_generation,kt,0.0020902786536974305,2019,EXIOBASE v3.8.2 IOT_2016_ixi
DEU,Germany,Europe,Services,blue_water_consumption,Mm3,0.002088391794156205,2019,EXIOBASE v3.8.2 IOT_2016_ixi
DNK,Denmark,Denmark,Natural gas and gaseous fuels,waste_generation,kt,0.002086641748085621,2019,EXIOBASE v3.8.2 IOT_2016_ixi
LUX,Luxembourg,Europe,Paper Products,climate_change,kt CO2eq,0.0020767446247333013,2019,EXIOBASE v3.8.2 IOT_2016_ixi
LUX,Luxembourg,Europe,Minerals and Metals,climate_change,kt CO2eq,0.002075892479263787,2019,EXIOBASE v3.8.2 IOT_2016_ixi
TUR,Turkey,Middle East,Construction,climate_change,kt CO2eq,0.002072013771395379,2019,EXIOBASE v3.8.2 IOT_2016_ixi
TWN,Taiwan,Asia and Pacific,Paper Products,blue_water_consumption,Mm3,0.0020707844850582453,2019,EXIOBASE v3.8.2 IOT_2016_ixi
PRT,Portugal,Europe,General and special Machinery,climate_change,kt CO2eq,0.0020672888724942713,2019,EXIOBASE v3.8.2 IOT_2016_ixi
SWE,Sweden,Europe,Natural gas and gaseous fuels,waste_generation,kt,0.002062349851010079,2019,EXIOBASE v3.8.2 IOT_2016_ixi
NOR,Norway,Europe,Coal and Petroleum,blue_water_consumption,Mm3,0.002053747151409405,2019,EXIOBASE v3.8.2 IOT_2016_ixi
CAN,Canada,America,Chemical,blue_water_consumption,Mm3,0.002031384311214,2019,EXIOBASE v3.8.2 IOT_2016_ixi
RoW Africa,RoW Africa,Africa,Furniture and timber,waste_generation,kt,0.0020216712595555754,2019,EXIOBASE v3.8.2 IOT_2016_ixi
ZAF,South Africa,Africa,Minerals and Metals,waste_generation,kt,0.00202129262196678,2019,EXIOBASE v3.8.2 IOT_2016_ixi
CZE,Czech Republic,Europe,Transport Equipment,waste_generation,kt,0.002014774837929579,2019,EXIOBASE v3.8.2 IOT_2016_ixi
HRV,Croatia,Europe,Metal Products,blue_water_consumption,Mm3,0.0020057057628247417,2019,EXIOBASE v3.8.2 IOT_2016_ixi
CAN,Canada,America,Electricity,material_extraction,kt,0.002004944883269652,2019,EXIOBASE v3.8.2 IOT_2016_ixi
LVA,Latvia,Europe,"Electrical, electronic and measuring equipment",climate_change,kt CO2eq,0.00199391371242245,2019,EXIOBASE v3.8.2 IOT_2016_ixi
EST,Estonia,Europe,Chemical,waste_generation,kt,0.0019895847950484264,2019,EXIOBASE v3.8.2 IOT_2016_ixi
KOR,South Korea,Asia and Pacific,Non-metallic mineral products,waste_generation,kt,0.0019796415966075913,2019,EXIOBASE v3.8.2 IOT_2016_ixi
ROU,Romania,Europe,Chemical,blue_water_consumption,Mm3,0.0019756881096310063,2019,EXIOBASE v3.8.2 IOT_2016_ixi
ITA,Italy,Europe,Coal and Petroleum,waste_generation,kt,0.001972898082216507,2019,EXIOBASE v3.8.2 IOT_2016_ixi
FIN,Finland,Europe,Non-metallic mineral products,waste_generation,kt,0.001962754601239551,2019,EXIOBASE v3.8.2 IOT_2016_ixi
FRA,France,Europe,Textile,blue_water_consumption,Mm3,0.0019509324554810238,2019,EXIOBASE v3.8.2 IOT_2016_ixi
GRC,Greece,Europe,Minerals and Metals,waste_generation,kt,0.0019508481118886204,2019,EXIOBASE v3.8.2 IOT_2016_ixi
CYP,Cyprus,Middle East,Furniture and timber,climate_change,kt CO2eq,0.0019443283887199956,2019,EXIOBASE v3.8.2 IOT_2016_ixi
RoW Middle East,RoW Middle East,Middle East,Non-metallic mineral products,waste_generation,kt,0.0019388932635242113,2019,EXIOBASE v3.8.2 IOT_2016_ixi
RUS,Russia,Europe,General and special Machinery,blue_water_consumption,Mm3,0.0019338724659113862,2019,EXIOBASE v3.8.2 IOT_2016_ixi
GRC,Greece,Europe,Transport Equipment,climate_change,kt CO2eq,0.001930556157859558,2019,EXIOBASE v3.8.2 IOT_2016_ixi
CYP,Cyprus,Middle East,Chemical,waste_generation,kt,0.001930252084815011,2019,EXIOBASE v3.8.2 IOT_2016_ixi
RUS,Russia,Europe,Textile,waste_generation,kt,0.001912996677521263,2019,EXIOBASE v3.8.2 IOT_2016_ixi
CAN,Canada,America,Furniture and timber,material_extraction,kt,0.001909179703787741,2019,EXIOBASE v3.8.2 IOT_2016_ixi
IDN,Indonesia,Asia and Pacific,Metal Products,waste_generation,kt,0.001909171191411879,2019,EXIOBASE v3.8.2 IOT_2016_ixi
AUT,Austria,Europe,Electricity,blue_water_consumption,Mm3,0.001901427765262571,2019,EXIOBASE v3.8.2 IOT_2016_ixi
ROU,Romania,Europe,Textile,land_use,km2,0.001898590867321894,2019,EXIOBASE v3.8.2 IOT_2016_ixi
RUS,Russia,Europe,General and special Machinery,waste_generation,kt,0.001895161445128491,2019,EXIOBASE v3.8.2 IOT_2016_ixi
FRA,France,Europe,"Steam, hot water supply and water distribution",waste_generation,kt,0.0018934607030053267,2019,EXIOBASE v3.8.2 IOT_2016_ixi
LUX,Luxembourg,Europe,"Electrical, electronic and measuring equipment",climate_change,kt CO2eq,0.0018913682849902888,2019,EXIOBASE v3.8.2 IOT_2016_ixi
AUS,Australia,Asia and Pacific,Furniture and timber,waste_generation,kt,0.0018804950251026082,2019,EXIOBASE v3.8.2 IOT_2016_ixi
FRA,France,Europe,Metal Products,blue_water_consumption,Mm3,0.0018788015803018927,2019,EXIOBASE v3.8.2 IOT_2016_ixi
NOR,Norway,Europe,Services,land_use,km2,0.0018623255783207652,2019,EXIOBASE v3.8.2 IOT_2016_ixi
RoW Middle East,RoW Middle East,Middle East,Paper Products,land_use,km2,0.0018608774571533947,2019,EXIOBASE v3.8.2 IOT_2016_ixi
HUN,Hungary,Europe,Coal and Petroleum,waste_generation,kt,0.0018604142097556932,2019,EXIOBASE v3.8.2 IOT_2016_ixi
CZE,Czech Republic,Europe,Metal Products,land_use,km2,0.001828601388893116,2019,EXIOBASE v3.8.2 IOT_2016_ixi
RoW Asia and Pacific,RoW Asia and Pacific,Asia and Pacific,Natural gas and gaseous fuels,blue_water_consumption,Mm3,0.0018251117275277684,2019,EXIOBASE v3.8.2 IOT_2016_ixi
RoW America,RoW America,America,Non-metallic mineral products,blue_water_consumption,Mm3,0.0018184008770283277,2019,EXIOBASE v3.8.2 IOT_2016_ixi
IRL,Ireland,Europe,"Steam, hot water supply and water distribution",climate_change,kt CO2eq,0.001816641421027753,2019,EXIOBASE v3.8.2 IOT_2016_ixi
RoW America,RoW America,America,General and special Machinery,waste_generation,kt,0.0018121348553326983,2019,EXIOBASE v3.8.2 IOT_2016_ixi
ESP,Spain,Europe,Transport Equipment,waste_generation,kt,0.0017986911547751457,2019,EXIOBASE v3.8.2 IOT_2016_ixi
MLT,Malta,Europe,Food and catering,blue_water_consumption,Mm3,0.0017907682314304216,2019,EXIOBASE v3.8.2 IOT_2016_ixi
PRT,Portugal,Europe,Construction,waste_generation,kt,0.00178894706608137,2019,EXIOBASE v3.8.2 IOT_2016_ixi
BGR,Bulgaria,Europe,"Steam, hot water supply and water distribution",land_use,km2,0.001785693212688417,2019,EXIOBASE v3.8.2 IOT_2016_ixi
IDN,Indonesia,Asia and Pacific,Transport Equipment,waste_generation,kt,0.0017790902576725967,2019,EXIOBASE v3.8.2 IOT_2016_ixi
EST,Estonia,Europe,Construction,land_use,km2,0.001757887533692716,2019,EXIOBASE v3.8.2 IOT_2016_ixi
GRC,Greece,Europe,Natural gas and gaseous fuels,climate_change,kt CO2eq,0.0017515625276777694,2019,EXIOBASE v3.8.2 IOT_2016_ixi
MLT,Malta,Europe,Construction,climate_change,kt CO2eq,0.001719432705516774,2019,EXIOBASE v3.8.2 IOT_2016_ixi
NLD,Netherlands,Europe,Textile,land_use,km2,0.001708937813949435,2019,EXIOBASE v3.8.2 IOT_2016_ixi
GBR,United Kingdom,Europe,General and special Machinery,blue_water_consumption,Mm3,0.0017063566153246988,2019,EXIOBASE v3.8.2 IOT_2016_ixi
ROU,Romania,Europe,General and special Machinery,waste_generation,kt,0.00169568539684665,2019,EXIOBASE v3.8.2 IOT_2016_ixi
FRA,France,Europe,Transport Equipment,waste_generation,kt,0.0016891945882445043,2019,EXIOBASE v3.8.2 IOT_2016_ixi
RoW America,RoW America,America,Paper Products,blue_water_consumption,Mm3,0.0016807843595050519,2019,EXIOBASE v3.8.2 IOT_2016_ixi
FRA,France,Europe,Textile,waste_generation,kt,0.0016773052354079401,2019,EXIOBASE v3.8.2 IOT_2016_ixi
LUX,Luxembourg,Europe,Construction,waste_generation,kt,0.001672518325150402,2019,EXIOBASE v3.8.2 IOT_2016_ixi
BGR,Bulgaria,Europe,Chemical,material_extraction,kt,0.0016698775312884305,2019,EXIOBASE v3.8.2 IOT_2016_ixi
LVA,Latvia,Europe,General and special Machinery,climate_change,kt CO2eq,0.0016558234860361161,2019,EXIOBASE v3.8.2 IOT_2016_ixi
BRA,Brazil,America,Minerals and Metals,waste_generation,kt,0.00165228696777534,2019,EXIOBASE v3.8.2 IOT_2016_ixi
CHE,Switzerland,Europe,General and special Machinery,waste_generation,kt,0.0016519338629696215,2019,EXIOBASE v3.8.2 IOT_2016_ixi
ROU,Romania,Europe,Metal Products,blue_water_consumption,Mm3,0.0016459807090611395,2019,EXIOBASE v3.8.2 IOT_2016_ixi
EST,Estonia,Europe,Electricity,blue_water_consumption,Mm3,0.0016377645616210041,2019,EXIOBASE v3.8.2 IOT_2016_ixi
POL,Poland,Europe,"Electrical, electronic and measuring equipment",land_use,km2,0.0016371061954236843,2019,EXIOBASE v3.8.2 IOT_2016_ixi
KOR,South Korea,Asia and Pacific,Textile,waste_generation,kt,0.0016218974115417473,2019,EXIOBASE v3.8.2 IOT_2016_ixi
RUS,Russia,Europe,Textile,blue_water_consumption,Mm3,0.0016114189513111213,2019,EXIOBASE v3.8.2 IOT_2016_ixi
GRC,Greece,Europe,Furniture and timber,waste_generation,kt,0.001606803285399043,2019,EXIOBASE v3.8.2 IOT_2016_ixi
SWE,Sweden,Europe,Transport Equipment,waste_generation,kt,0.0016034310131773763,2019,EXIOBASE v3.8.2 IOT_2016_ixi
RUS,Russia,Europe,"Electrical, electronic and measuring equipment",material_extraction,kt,0.0016028916476636366,2019,EXIOBASE v3.8.2 IOT_2016_ixi
RoW Middle East,RoW Middle East,Middle East,Minerals and Metals,land_use,km2,0.0015849362174566416,2019,EXIOBASE v3.8.2 IOT_2016_ixi
BGR,Bulgaria,Europe,Electricity,land_use,km2,0.0015716780782731657,2019,EXIOBASE v3.8.2 IOT_2016_ixi
LVA,Latvia,Europe,Textile,land_use,km2,0.0015561947407683647,2019,EXIOBASE v3.8.2 IOT_2016_ixi
POL,Poland,Europe,Non-metallic mineral products,blue_water_consumption,Mm3,0.0015550770563869773,2019,EXIOBASE v3.8.2 IOT_2016_ixi
SVK,Slovakia,Europe,Textile,blue_water_consumption,Mm3,0.0015535602805224194,2019,EXIOBASE v3.8.2 IOT_2016_ixi
ROU,Romania,Europe,Textile,blue_water_consumption,Mm3,0.001552311735834711,2019,EXIOBASE v3.8.2 IOT_2016_ixi
ESP,Spain,Europe,General and special Machinery,waste_generation,kt,0.0015484802381875449,2019,EXIOBASE v3.8.2 IOT_2016_ixi
PRT,Portugal,Europe,Transport Equipment,climate_change,kt CO2eq,0.0015482663788406296,2019,EXIOBASE v3.8.2 IOT_2016_ixi
JPN,Japan,Asia and Pacific,Natural gas and gaseous fuels,waste_generation,kt,0.0015477496317892706,2019,EXIOBASE v3.8.2 IOT_2016_ixi
ESP,Spain,Europe,Transport,blue_water_consumption,Mm3,0.0015328787610763353,2019,EXIOBASE v3.8.2 IOT_2016_ixi
LVA,Latvia,Europe,Paper Products,waste_generation,kt,0.0015305787639959937,2019,EXIOBASE v3.8.2 IOT_2016_ixi
KOR,South Korea,Asia and Pacific,Paper Products,blue_water_consumption,Mm3,0.0015224020696909658,2019,EXIOBASE v3.8.2 IOT_2016_ixi
RUS,Russia,Europe,Transport,blue_water_consumption,Mm3,0.0015218017277457722,2019,EXIOBASE v3.8.2 IOT_2016_ixi
TUR,Turkey,Middle East,Paper Products,blue_water_consumption,Mm3,0.0015208196484010849,2019,EXIOBASE v3.8.2 IOT_2016_ixi
TWN,Taiwan,Asia and Pacific,Construction,climate_change,kt CO2eq,0.001518405838901205,2019,EXIOBASE v3.8.2 IOT_2016_ixi
HUN,Hungary,Europe,Transport Equipment,waste_generation,kt,0.001514836013633924,2019,EXIOBASE v3.8.2 IOT_2016_ixi
PRT,Portugal,Europe,Chemical,material_extraction,kt,0.0015116075608558733,2019,EXIOBASE v3.8.2 IOT_2016_ixi
EST,Estonia,Europe,Textile,waste_generation,kt,0.0015038805081156617,2019,EXIOBASE v3.8.2 IOT_2016_ixi
ESP,Spain,Europe,Chemical,blue_water_consumption,Mm3,0.0014923381393257351,2019,EXIOBASE v3.8.2 IOT_2016_ixi
EST,Estonia,Europe,Transport Equipment,climate_change,kt CO2eq,0.001490460964892338,2019,EXIOBASE v3.8.2 IOT_2016_ixi
SVN,Slovenia,Europe,Furniture and timber,waste_generation,kt,0.001489993158110541,2019,EXIOBASE v3.8.2 IOT_2016_ixi
HRV,Croatia,Europe,Transport,waste_generation,kt,0.001467957789166216,2019,EXIOBASE v3.8.2 IOT_2016_ixi
HUN,Hungary,Europe,Food and catering,material_extraction,kt,0.001461903196607703,2019,EXIOBASE v3.8.2 IOT_2016_ixi
CHE,Switzerland,Europe,Chemical,blue_water_consumption,Mm3,0.0014513009561214697,2019,EXIOBASE v3.8.2 IOT_2016_ixi
RUS,Russia,Europe,"Steam, hot water supply and water distribution",material_extraction,kt,0.00144649961441421,2019,EXIOBASE v3.8.2 IOT_2016_ixi
NOR,Norway,Europe,"Electrical, electronic and measuring equipment",blue_water_consumption,Mm3,0.0014373187874588522,2019,EXIOBASE v3.8.2 IOT_2016_ixi
LVA,Latvia,Europe,Electricity,waste_generation,kt,0.0014364019106702548,2019,EXIOBASE v3.8.2 IOT_2016_ixi
SWE,Sweden,Europe,Furniture and timber,blue_water_consumption,Mm3,0.0014332092031737692,2019,EXIOBASE v3.8.2 IOT_2016_ixi
IRL,Ireland,Europe,Metal Products,blue_water_consumption,Mm3,0.0014129469531469257,2019,EXIOBASE v3.8.2 IOT_2016_ixi
CHE,Switzerland,Europe,Transport Equipment,climate_change,kt CO2eq,0.001411010778009526,2019,EXIOBASE v3.8.2 IOT_2016_ixi
SVN,Slovenia,Europe,General and special Machinery,land_use,km2,0.001399204959037101,2019,EXIOBASE v3.8.2 IOT_2016_ixi
PRT,Portugal,Europe,"Electrical, electronic and measuring equipment",waste_generation,kt,0.001393324341774935,2019,EXIOBASE v3.8.2 IOT_2016_ixi
JPN,Japan,Asia and Pacific,Transport Equipment,waste_generation,kt,0.0013923018994571974,2019,EXIOBASE v3.8.2 IOT_2016_ixi
RoW America,RoW America,America,"Steam, hot water supply and water distribution",material_extraction,kt,0.001390288621481626,2019,EXIOBASE v3.8.2 IOT_2016_ixi
MEX,Mexico,America,Non-metallic mineral products,material_extraction,kt,0.00137628005879167,2019,EXIOBASE v3.8.2 IOT_2016_ixi
LVA,Latvia,Europe,Metal Products,blue_water_consumption,Mm3,0.0013742107578310655,2019,EXIOBASE v3.8.2 IOT_2016_ixi
IND,India,Asia and Pacific,Natural gas and gaseous fuels,waste_generation,kt,0.0013712806493026517,2019,EXIOBASE v3.8.2 IOT_2016_ixi
ESP,Spain,Europe,Transport,waste_generation,kt,0.0013668171151516961,2019,EXIOBASE v3.8.2 IOT_2016_ixi
POL,Poland,Europe,Transport,blue_water_consumption,Mm3,0.0013650755874608067,2019,EXIOBASE v3.8.2 IOT_2016_ixi
JPN,Japan,Asia and Pacific,General and special Machinery,waste_generation,kt,0.0013623041491267784,2019,EXIOBASE v3.8.2 IOT_2016_ixi
MLT,Malta,Europe,Transport Equipment,climate_change,kt CO2eq,0.0013606294552398171,2019,EXIOBASE v3.8.2 IOT_2016_ixi
NOR,Norway,Europe,Non-metallic mineral products,waste_generation,kt,0.0013601596186920513,2019,EXIOBASE v3.8.2 IOT_2016_ixi
IND,India,Asia and Pacific,Non-metallic mineral products,blue_water_consumption,Mm3,0.001358286619303001,2019,EXIOBASE v3.8.2 IOT_2016_ixi
RUS,Russia,Europe,Non-metallic mineral products,blue_water_consumption,Mm3,0.0013543894154549915,2019,EXIOBASE v3.8.2 IOT_2016_ixi
IDN,Indonesia,Asia and Pacific,Electricity,blue_water_consumption,Mm3,0.0013405491302596695,2019,EXIOBASE v3.8.2 IOT_2016_ixi
RoW Europe,RoW Europe,Europe,Services,blue_water_consumption,Mm3,0.0013387114364920283,2019,EXIOBASE v3.8.2 IOT_2016_ixi
AUT,Austria,Europe,Natural gas and gaseous fuels,waste_generation,kt,0.001337219673485282,2019,EXIOBASE v3.8.2 IOT_2016_ixi
DNK,Denmark,Denmark,General and special Machinery,blue_water_consumption,Mm3,0.0013337378346888803,2019,EXIOBASE v3.8.2 IOT_2016_ixi
RoW Asia and Pacific,RoW Asia and Pacific,Asia and Pacific,Coal and Petroleum,blue_water_consumption,Mm3,0.0013299909320075266,2019,EXIOBASE v3.8.2 IOT_2016_ixi
ZAF,South Africa,Africa,Chemical,blue_water_consumption,Mm3,0.0013282217001795082,2019,EXIOBASE v3.8.2 IOT_2016_ixi
SVN,Slovenia,Europe,"Electrical, electronic and measuring equipment",land_use,km2,0.001327166330768421,2019,EXIOBASE v3.8.2 IOT_2016_ixi
IND,India,Asia and Pacific,Transport Equipment,blue_water_consumption,Mm3,0.0013228029055933899,2019,EXIOBASE v3.8.2 IOT_2016_ixi
NOR,Norway,Europe,Furniture and timber,blue_water_consumption,Mm3,0.0013011468636725653,2019,EXIOBASE v3.8.2 IOT_2016_ixi
EST,Estonia,Europe,Chemical,material_extraction,kt,0.001294800437131101,2019,EXIOBASE v3.8.2 IOT_2016_ixi
NOR,Norway,Europe,Transport,land_use,km2,0.0012946605897739725,2019,EXIOBASE v3.8.2 IOT_2016_ixi
CZE,Czech Republic,Europe,Textile,blue_water_consumption,Mm3,0.0012902162229018544,2019,EXIOBASE v3.8.2 IOT_2016_ixi
CHE,Switzerland,Europe,Services,material_extraction,kt,0.001283291927154095,2019,EXIOBASE v3.8.2 IOT_2016_ixi
IND,India,Asia and Pacific,Furniture and timber,material_extraction,kt,0.001274789066192594,2019,EXIOBASE v3.8.2 IOT_2016_ixi
ZAF,South Africa,Africa,Transport,waste_generation,kt,0.0012739520865319035,2019,EXIOBASE v3.8.2 IOT_2016_ixi
KOR,South Korea,Asia and Pacific,"Electrical, electronic and measuring equipment",blue_water_consumption,Mm3,0.0012724348578683864,2019,EXIOBASE v3.8.2 IOT_2016_ixi
RoW Africa,RoW Africa,Africa,Waste management and disposal,material_extraction,kt,0.0012718491508533329,2019,EXIOBASE v3.8.2 IOT_2016_ixi
ZAF,South Africa,Africa,Construction,waste_generation,kt,0.001261959669642832,2019,EXIOBASE v3.8.2 IOT_2016_ixi
RoW Africa,RoW Africa,Africa,Natural gas and gaseous fuels,land_use,km2,0.001256797471102113,2019,EXIOBASE v3.8.2 IOT_2016_ixi
PRT,Portugal,Europe,Construction,material_extraction,kt,0.001246816380526609,2019,EXIOBASE v3.8.2 IOT_2016_ixi
LTU,Lithuania,Europe,Non-metallic mineral products,waste_generation,kt,0.0012463437241921145,2019,EXIOBASE v3.8.2 IOT_2016_ixi
RoW Europe,RoW Europe,Europe,Transport,blue_water_consumption,Mm3,0.0012398013200845656,2019,EXIOBASE v3.8.2 IOT_2016_ixi
SWE,Sweden,Europe,Non-metallic mineral products,land_use,km2,0.001229497068571958,2019,EXIOBASE v3.8.2 IOT_2016_ixi
AUS,Australia,Asia and Pacific,Non-metallic mineral products,waste_generation,kt,0.0012169706117427913,2019,EXIOBASE v3.8.2 IOT_2016_ixi
RoW America,RoW America,America,General and special Machinery,blue_water_consumption,Mm3,0.0012072996051891768,2019,EXIOBASE v3.8.2 IOT_2016_ixi
CZE,Czech Republic,Europe,Metal Products,blue_water_consumption,Mm3,0.001196736825412822,2019,EXIOBASE v3.8.2 IOT_2016_ixi
BGR,Bulgaria,Europe,Transport Equipment,waste_generation,kt,0.0011919658840667657,2019,EXIOBASE v3.8.2 IOT_2016_ixi
GRC,Greece,Europe,General and special Machinery,climate_change,kt CO2eq,0.0011878183660444578,2019,EXIOBASE v3.8.2 IOT_2016_ixi
EST,Estonia,Europe,Food and catering,blue_water_consumption,Mm3,0.0011821766001155734,2019,EXIOBASE v3.8.2 IOT_2016_ixi
MLT,Malta,Europe,"Steam, hot water supply and water distribution",climate_change,kt CO2eq,0.001181296418653022,2019,EXIOBASE v3.8.2 IOT_2016_ixi
MEX,Mexico,America,General and special Machinery,waste_generation,kt,0.0011795990888567376,2019,EXIOBASE v3.8.2 IOT_2016_ixi
EST,Estonia,Europe,Construction,waste_generation,kt,0.001179297797659616,2019,EXIOBASE v3.8.2 IOT_2016_ixi
AUS,Australia,Asia and Pacific,Transport Equipment,waste_generation,kt,0.0011778107617658933,2019,EXIOBASE v3.8.2 IOT_2016_ixi
SWE,Sweden,Europe,Electricity,blue_water_consumption,Mm3,0.001173787098541879,2019,EXIOBASE v3.8.2 IOT_2016_ixi
RoW America,RoW America,America,Natural gas and gaseous fuels,waste_generation,kt,0.0011706037685939468,2019,EXIOBASE v3.8.2 IOT_2016_ixi
PRT,Portugal,Europe,Electricity,blue_water_consumption,Mm3,0.0011646110754648556,2019,EXIOBASE v3.8.2 IOT_2016_ixi
BGR,Bulgaria,Europe,Paper Products,land_use,km2,0.0011629612442559402,2019,EXIOBASE v3.8.2 IOT_2016_ixi
SVN,Slovenia,Europe,General and special Machinery,waste_generation,kt,0.001157946900233486,2019,EXIOBASE v3.8.2 IOT_2016_ixi
IDN,Indonesia,Asia and Pacific,General and special Machinery,climate_change,kt CO2eq,0.0011542953531908126,2019,EXIOBASE v3.8.2 IOT_2016_ixi
TWN,Taiwan,Asia and Pacific,Transport Equipment,blue_water_consumption,Mm3,0.0011365225132203864,2019,EXIOBASE v3.8.2 IOT_2016_ixi
IRL,Ireland,Europe,Furniture and timber,waste_generation,kt,0.001136005950991578,2019,EXIOBASE v3.8.2 IOT_2016_ixi
IND,India,Asia and Pacific,Furniture and timber,blue_water_consumption,Mm3,0.0011313640866984346,2019,EXIOBASE v3.8.2 IOT_2016_ixi
SVN,Slovenia,Europe,Non-metallic mineral products,waste_generation,kt,0.0011197348624527117,2019,EXIOBASE v3.8.2 IOT_2016_ixi
SWE,Sweden,Europe,Construction,climate_change,kt CO2eq,0.0011172726199522236,2019,EXIOBASE v3.8.2 IOT_2016_ixi
BGR,Bulgaria,Europe,Textile,waste_generation,kt,0.001115543592729575,2019,EXIOBASE v3.8.2 IOT_2016_ixi
HUN,Hungary,Europe,Metal Products,blue_water_consumption,Mm3,0.0011140563453472417,2019,EXIOBASE v3.8.2 IOT_2016_ixi
BRA,Brazil,America,Construction,waste_generation,kt,0.001113632834839117,2019,EXIOBASE v3.8.2 IOT_2016_ixi
HUN,Hungary,Europe,"Steam, hot water supply and water distribution",material_extraction,kt,0.001113323022034882,2019,EXIOBASE v3.8.2 IOT_2016_ixi
RoW America,RoW America,America,Coal and Petroleum,blue_water_consumption,Mm3,0.0011114526704946157,2019,EXIOBASE v3.8.2 IOT_2016_ixi
AUT,Austria,Europe,"Steam, hot water supply and water distribution",material_extraction,kt,0.001111011783964213,2019,EXIOBASE v3.8.2 IOT_2016_ixi
AUS,Australia,Asia and Pacific,General and special Machinery,waste_generation,kt,0.0011100429483461604,2019,EXIOBASE v3.8.2 IOT_2016_ixi
JPN,Japan,Asia and Pacific,Textile,waste_generation,kt,0.0011068623148038218,2019,EXIOBASE v3.8.2 IOT_2016_ixi
BRA,Brazil,America,Electricity,blue_water_consumption,Mm3,0.001103150301316374,2019,EXIOBASE v3.8.2 IOT_2016_ixi
NOR,Norway,Europe,Natural gas and gaseous fuels,blue_water_consumption,Mm3,0.0011009831384847792,2019,EXIOBASE v3.8.2 IOT_2016_ixi
JPN,Japan,Asia and Pacific,Furniture and timber,waste_generation,kt,0.0010989551542191724,2019,EXIOBASE v3.8.2 IOT_2016_ixi
IRL,Ireland,Europe,Metal Products,waste_generation,kt,0.001097558307898248,2019,EXIOBASE v3.8.2 IOT_2016_ixi
ZAF,South Africa,Africa,Metal Products,blue_water_consumption,Mm3,0.0010962663016705313,2019,EXIOBASE v3.8.2 IOT_2016_ixi
AUT,Austria,Europe,Textile,waste_generation,kt,0.0010958062533786177,2019,EXIOBASE v3.8.2 IOT_2016_ixi
LVA,Latvia,Europe,Textile,blue_water_consumption,Mm3,0.001093344442806362,2019,EXIOBASE v3.8.2 IOT_2016_ixi
SVN,Slovenia,Europe,Services,blue_water_consumption,Mm3,0.0010912231863843683,2019,EXIOBASE v3.8.2 IOT_2016_ixi
SVK,Slovakia,Europe,Transport Equipment,waste_generation,kt,0.0010846671000525553,2019,EXIOBASE v3.8.2 IOT_2016_ixi
CAN,Canada,America,"Steam, hot water supply and water distribution",waste_generation,kt,0.001084166090698662,2019,EXIOBASE v3.8.2 IOT_2016_ixi
NOR,Norway,Europe,Construction,waste_generation,kt,0.001083090824120218,2019,EXIOBASE v3.8.2 IOT_2016_ixi
BGR,Bulgaria,Europe,"Electrical, electronic and measuring equipment",blue_water_consumption,Mm3,0.0010824613446033555,2019,EXIOBASE v3.8.2 IOT_2016_ixi
HRV,Croatia,Europe,Paper Products,blue_water_consumption,Mm3,0.0010719157701170046,2019,EXIOBASE v3.8.2 IOT_2016_ixi
SVN,Slovenia,Europe,Transport Equipment,waste_generation,kt,0.0010708278831457717,2019,EXIOBASE v3.8.2 IOT_2016_ixi
NOR,Norway,Europe,Natural gas and gaseous fuels,waste_generation,kt,0.0010678989355378087,2019,EXIOBASE v3.8.2 IOT_2016_ixi
RoW Europe,RoW Europe,Europe,Paper Products,blue_water_consumption,Mm3,0.0010672744485445728,2019,EXIOBASE v3.8.2 IOT_2016_ixi
GBR,United Kingdom,Europe,Textile,blue_water_consumption,Mm3,0.0010644353841494805,2019,EXIOBASE v3.8.2 IOT_2016_ixi
TWN,Taiwan,Asia and Pacific,Metal Products,blue_water_consumption,Mm3,0.0010629408833953626,2019,EXIOBASE v3.8.2 IOT_2016_ixi
BEL,Belgium,Europe,Transport Equipment,waste_generation,kt,0.0010620949722358597,2019,EXIOBASE v3.8.2 IOT_2016_ixi
DEU,Germany,Europe,Coal and Petroleum,blue_water_consumption,Mm3,0.0010522913392372055,2019,EXIOBASE v3.8.2 IOT_2016_ixi
HUN,Hungary,Europe,Minerals and Metals,waste_generation,kt,0.001050494792588083,2019,EXIOBASE v3.8.2 IOT_2016_ixi
EST,Estonia,Europe,"Electrical, electronic and measuring equipment",waste_generation,kt,0.0010457948707020199,2019,EXIOBASE v3.8.2 IOT_2016_ixi
CZE,Czech Republic,Europe,"Electrical, electronic and measuring equipment",land_use,km2,0.0010445784656876,2019,EXIOBASE v3.8.2 IOT_2016_ixi
BGR,Bulgaria,Europe,Paper Products,blue_water_consumption,Mm3,0.0010431977415192176,2019,EXIOBASE v3.8.2 IOT_2016_ixi
ESP,Spain,Europe,Metal Products,blue_water_consumption,Mm3,0.0010299940422320137,2019,EXIOBASE v3.8.2 IOT_2016_ixi
BEL,Belgium,Europe,Natural gas and gaseous fuels,waste_generation,kt,0.001017886925208627,2019,EXIOBASE v3.8.2 IOT_2016_ixi
HRV,Croatia,Europe,Non-metallic mineral products,waste_generation,kt,0.0010099279641746467,2019,EXIOBASE v3.8.2 IOT_2016_ixi
BRA,Brazil,America,Coal and Petroleum,waste_generation,kt,0.0010093395512160465,2019,EXIOBASE v3.8.2 IOT_2016_ixi
SVK,Slovakia,Europe,Textile,waste_generation,kt,0.0010079648901403764,2019,EXIOBASE v3.8.2 IOT_2016_ixi
HUN,Hungary,Europe,General and special Machinery,blue_water_consumption,Mm3,0.0009974024383007781,2019,EXIOBASE v3.8.2 IOT_2016_ixi
HRV,Croatia,Europe,Services,blue_water_consumption,Mm3,0.0009950217365715136,2019,EXIOBASE v3.8.2 IOT_2016_ixi
HUN,Hungary,Europe,"Electrical, electronic and measuring equipment",blue_water_consumption,Mm3,0.0009871361237707593,2019,EXIOBASE v3.8.2 IOT_2016_ixi
GBR,United Kingdom,Europe,Furniture and timber,blue_water_consumption,Mm3,0.0009849026340199235,2019,EXIOBASE v3.8.2 IOT_2016_ixi
MEX,Mexico,America,Transport Equipment,waste_generation,kt,0.0009798209743201454,2019,EXIOBASE v3.8.2 IOT_2016_ixi
KOR,South Korea,Asia and Pacific,Transport,waste_generation,kt,0.0009762418211949861,2019,EXIOBASE v3.8.2 IOT_2016_ixi
RoW Africa,RoW Africa,Africa,General and special Machinery,blue_water_consumption,Mm3,0.0009738894575711391,2019,EXIOBASE v3.8.2 IOT_2016_ixi
BRA,Brazil,America,Construction,climate_change,kt CO2eq,0.0009692461958596784,2019,EXIOBASE v3.8.2 IOT_2016_ixi
USA,United States,America,Construction,waste_generation,kt,0.0009639529645366267,2019,EXIOBASE v3.8.2 IOT_2016_ixi
ZAF,South Africa,Africa,Furniture and timber,waste_generation,kt,0.0009427133623795677,2019,EXIOBASE v3.8.2 IOT_2016_ixi
MEX,Mexico,America,Textile,blue_water_consumption,Mm3,0.0009348921322788275,2019,EXIOBASE v3.8.2 IOT_2016_ixi
USA,United States,America,Transport,waste_generation,kt,0.0009343220843785493,2019,EXIOBASE v3.8.2 IOT_2016_ixi
IDN,Indonesia,Asia and Pacific,General and special Machinery,waste_generation,kt,0.0009340773773021317,2019,EXIOBASE v3.8.2 IOT_2016_ixi
LVA,Latvia,Europe,"Steam, hot water supply and water distribution",waste_generation,kt,0.0009334685701407147,2019,EXIOBASE v3.8.2 IOT_2016_ixi
NLD,Netherlands,Europe,Transport Equipment,waste_generation,kt,0.0009326578969389332,2019,EXIOBASE v3.8.2 IOT_2016_ixi
TWN,Taiwan,Asia and Pacific,"Steam, hot water supply and water distribution",climate_change,kt CO2eq,0.0009255193935727281,2019,EXIOBASE v3.8.2 IOT_2016_ixi
LTU,Lithuania,Europe,Textile,blue_water_consumption,Mm3,0.0009213650648438686,2019,EXIOBASE v3.8.2 IOT_2016_ixi
HRV,Croatia,Europe,"Electrical, electronic and measuring equipment",waste_generation,kt,0.0009210897068296371,2019,EXIOBASE v3.8.2 IOT_2016_ixi
LUX,Luxembourg,Europe,Non-metallic mineral products,waste_generation,kt,0.0009188120331047917,2019,EXIOBASE v3.8.2 IOT_2016_ixi
LTU,Lithuania,Europe,"Steam, hot water supply and water distribution",waste_generation,kt,0.0009168173225538273,2019,EXIOBASE v3.8.2 IOT_2016_ixi
MEX,Mexico,America,"Electrical, electronic and measuring equipment",land_use,km2,0.0009109598883525337,2019,EXIOBASE v3.8.2 IOT_2016_ixi
AUT,Austria,Europe,Services,blue_water_consumption,Mm3,0.0009092779141836295,2019,EXIOBASE v3.8.2 IOT_2016_ixi
IDN,Indonesia,Asia and Pacific,Transport,waste_generation,kt,0.0009084729723025465,2019,EXIOBASE v3.8.2 IOT_2016_ixi
HUN,Hungary,Europe,Construction,waste_generation,kt,0.0009083301269972785,2019,EXIOBASE v3.8.2 IOT_2016_ixi
NOR,Norway,Europe,Transport,waste_generation,kt,0.0009076724231529441,2019,EXIOBASE v3.8.2 IOT_2016_ixi
NLD,Netherlands,Europe,Coal and Petroleum,blue_water_consumption,Mm3,0.0009020057805553083,2019,EXIOBASE v3.8.2 IOT_2016_ixi
MEX,Mexico,America,Natural gas and gaseous fuels,waste_generation,kt,0.000901379293566321,2019,EXIOBASE v3.8.2 IOT_2016_ixi
MEX,Mexico,America,Textile,waste_generation,kt,0.0009009372196519598,2019,EXIOBASE v3.8.2 IOT_2016_ixi
USA,United States,America,General and special Machinery,blue_water_consumption,Mm3,0.0009004389679291734,2019,EXIOBASE v3.8.2 IOT_2016_ixi
HUN,Hungary,Europe,Paper Products,blue_water_consumption,Mm3,0.0008921336678224228,2019,EXIOBASE v3.8.2 IOT_2016_ixi
ITA,Italy,Europe,Transport Equipment,climate_change,kt CO2eq,0.0008855967931017407,2019,EXIOBASE v3.8.2 IOT_2016_ixi
ITA,Italy,Europe,Natural gas and gaseous fuels,waste_generation,kt,0.0008844269909121417,2019,EXIOBASE v3.8.2 IOT_2016_ixi
RoW Middle East,RoW Middle East,Middle East,Electricity,waste_generation,kt,0.0008810300201884371,2019,EXIOBASE v3.8.2 IOT_2016_ixi
DEU,Germany,Europe,Transport,waste_generation,kt,0.0008802358654820071,2019,EXIOBASE v3.8.2 IOT_2016_ixi
RoW America,RoW America,America,"Electrical, electronic and measuring equipment",blue_water_consumption,Mm3,0.0008766606025832117,2019,EXIOBASE v3.8.2 IOT_2016_ixi
RoW Asia and Pacific,RoW Asia and Pacific,Asia and Pacific,Transport Equipment,blue_water_consumption,Mm3,0.0008750644100383645,2019,EXIOBASE v3.8.2 IOT_2016_ixi
CZE,Czech Republic,Europe,Waste management and disposal,land_use,km2,0.0008720492357047249,2019,EXIOBASE v3.8.2 IOT_2016_ixi
NOR,Norway,Europe,General and special Machinery,land_use,km2,0.0008591966994602243,2019,EXIOBASE v3.8.2 IOT_2016_ixi
SVK,Slovakia,Europe,Waste management and disposal,blue_water_consumption,Mm3,0.0008557962008057488,2019,EXIOBASE v3.8.2 IOT_2016_ixi
ITA,Italy,Europe,Furniture and timber,blue_water_consumption,Mm3,0.0008525466934713368,2019,EXIOBASE v3.8.2 IOT_2016_ixi
CHE,Switzerland,Europe,Paper Products,blue_water_consumption,Mm3,0.0008518102506230526,2019,EXIOBASE v3.8.2 IOT_2016_ixi
NOR,Norway,Europe,Services,blue_water_consumption,Mm3,0.000843042489934395,2019,EXIOBASE v3.8.2 IOT_2016_ixi
IRL,Ireland,Europe,General and special Machinery,blue_water_consumption,Mm3,0.0008428416119862117,2019,EXIOBASE v3.8.2 IOT_2016_ixi
PRT,Portugal,Europe,Natural gas and gaseous fuels,waste_generation,kt,0.0008427599545195247,2019,EXIOBASE v3.8.2 IOT_2016_ixi
LTU,Lithuania,Europe,Textile,waste_generation,kt,0.0008379884266949631,2019,EXIOBASE v3.8.2 IOT_2016_ixi
CAN,Canada,America,Textile,waste_generation,kt,0.0008332883737528662,2019,EXIOBASE v3.8.2 IOT_2016_ixi
HUN,Hungary,Europe,Electricity,material_extraction,kt,0.000827181597618201,2019,EXIOBASE v3.8.2 IOT_2016_ixi
MEX,Mexico,America,Furniture and timber,waste_generation,kt,0.0008067627558202583,2019,EXIOBASE v3.8.2 IOT_2016_ixi
CHE,Switzerland,Europe,Metal Products,land_use,km2,0.0007944328310323019,2019,EXIOBASE v3.8.2 IOT_2016_ixi
ZAF,South Africa,Africa,General and special Machinery,waste_generation,kt,0.0007838660709237146,2019,EXIOBASE v3.8.2 IOT_2016_ixi
CAN,Canada,America,Services,blue_water_consumption,Mm3,0.0007835705388666491,2019,EXIOBASE v3.8.2 IOT_2016_ixi
DEU,Germany,Europe,Non-metallic mineral products,blue_water_consumption,Mm3,0.0007827070162468952,2019,EXIOBASE v3.8.2 IOT_2016_ixi
FIN,Finland,Europe,Electricity,blue_water_consumption,Mm3,0.0007770787982380649,2019,EXIOBASE v3.8.2 IOT_2016_ixi
ZAF,South Africa,Africa,"Electrical, electronic and measuring equipment",waste_generation,kt,0.0007744618564586179,2019,EXIOBASE v3.8.2 IOT_2016_ixi
ROU,Romania,Europe,"Electrical, electronic and measuring equipment",waste_generation,kt,0.0007724555134388812,2019,EXIOBASE v3.8.2 IOT_2016_ixi
LVA,Latvia,Europe,Non-metallic mineral products,waste_generation,kt,0.0007685402325681308,2019,EXIOBASE v3.8.2 IOT_2016_ixi
MEX,Mexico,America,Chemical,land_use,km2,0.0007674268018100063,2019,EXIOBASE v3.8.2 IOT_2016_ixi
CZE,Czech Republic,Europe,Natural gas and gaseous fuels,waste_generation,kt,0.0007644854548406072,2019,EXIOBASE v3.8.2 IOT_2016_ixi
IND,India,Asia and Pacific,Minerals and Metals,waste_generation,kt,0.0007601492334160944,2019,EXIOBASE v3.8.2 IOT_2016_ixi
POL,Poland,Europe,"Electrical, electronic and measuring equipment",blue_water_consumption,Mm3,0.0007589553461171664,2019,EXIOBASE v3.8.2 IOT_2016_ixi
NLD,Netherlands,Europe,Transport,blue_water_consumption,Mm3,0.0007549846250694566,2019,EXIOBASE v3.8.2 IOT_2016_ixi
HRV,Croatia,Europe,Construction,waste_generation,kt,0.0007544605774576152,2019,EXIOBASE v3.8.2 IOT_2016_ixi
RoW Middle East,RoW Middle East,Middle East,Minerals and Metals,blue_water_consumption,Mm3,0.0007537841019008305,2019,EXIOBASE v3.8.2 IOT_2016_ixi
LTU,Lithuania,Europe,General and special Machinery,climate_change,kt CO2eq,0.0007519157763272422,2019,EXIOBASE v3.8.2 IOT_2016_ixi
CHE,Switzerland,Europe,Non-metallic mineral products,blue_water_consumption,Mm3,0.0007474414587219752,2019,EXIOBASE v3.8.2 IOT_2016_ixi
RUS,Russia,Europe,Transport Equipment,waste_generation,kt,0.0007463503211094611,2019,EXIOBASE v3.8.2 IOT_2016_ixi
RoW Europe,RoW Europe,Europe,Furniture and timber,blue_water_consumption,Mm3,0.0007415959274594667,2019,EXIOBASE v3.8.2 IOT_2016_ixi
TUR,Turkey,Middle East,Services,blue_water_consumption,Mm3,0.0007397733861879427,2019,EXIOBASE v3.8.2 IOT_2016_ixi
RUS,Russia,Europe,"Electrical, electronic and measuring equipment",waste_generation,kt,0.0007381972516344974,2019,EXIOBASE v3.8.2 IOT_2016_ixi
TUR,Turkey,Middle East,Construction,waste_generation,kt,0.0007342115574863378,2019,EXIOBASE v3.8.2 IOT_2016_ixi
RUS,Russia,Europe,Minerals and Metals,blue_water_consumption,Mm3,0.0007282215885338495,2019,EXIOBASE v3.8.2 IOT_2016_ixi
ZAF,South Africa,Africa,Services,land_use,km2,0.0007281125274020612,2019,EXIOBASE v3.8.2 IOT_2016_ixi
FRA,France,Europe,Non-metallic mineral products,blue_water_consumption,Mm3,0.0007267027422180514,2019,EXIOBASE v3.8.2 IOT_2016_ixi
CHE,Switzerland,Europe,Minerals and Metals,waste_generation,kt,0.0007147250107450285,2019,EXIOBASE v3.8.2 IOT_2016_ixi
SVN,Slovenia,Europe,Textile,waste_generation,kt,0.0007076687083758684,2019,EXIOBASE v3.8.2 IOT_2016_ixi
RoW Europe,RoW Europe,Europe,Coal and Petroleum,blue_water_consumption,Mm3,0.0007042230322124863,2019,EXIOBASE v3.8.2 IOT_2016_ixi
RoW Europe,RoW Europe,Europe,Transport Equipment,land_use,km2,0.0007025872750631248,2019,EXIOBASE v3.8.2 IOT_2016_ixi
BRA,Brazil,America,Non-metallic mineral products,waste_generation,kt,0.0007020183766303176,2019,EXIOBASE v3.8.2 IOT_2016_ixi
RoW Asia and Pacific,RoW Asia and Pacific,Asia and Pacific,"Steam, hot water supply and water distribution",blue_water_consumption,Mm3,0.0007009276033787051,2019,EXIOBASE v3.8.2 IOT_2016_ixi
MEX,Mexico,America,Furniture and timber,blue_water_consumption,Mm3,0.0006958362746400118,2019,EXIOBASE v3.8.2 IOT_2016_ixi
CZE,Czech Republic,Europe,Natural gas and gaseous fuels,material_extraction,kt,0.0006950685152461805,2019,EXIOBASE v3.8.2 IOT_2016_ixi
SWE,Sweden,Europe,Minerals and Metals,waste_generation,kt,0.0006912316162133453,2019,EXIOBASE v3.8.2 IOT_2016_ixi
CAN,Canada,America,Food and catering,material_extraction,kt,0.0006904820102484083,2019,EXIOBASE v3.8.2 IOT_2016_ixi
MEX,Mexico,America,Furniture and timber,land_use,km2,0.0006737628789589897,2019,EXIOBASE v3.8.2 IOT_2016_ixi
IDN,Indonesia,Asia and Pacific,Chemical,blue_water_consumption,Mm3,0.0006678316645112923,2019,EXIOBASE v3.8.2 IOT_2016_ixi
PRT,Portugal,Europe,General and special Machinery,waste_generation,kt,0.0006572745565951815,2019,EXIOBASE v3.8.2 IOT_2016_ixi
GRC,Greece,Europe,Paper Products,blue_water_consumption,Mm3,0.0006420999213249664,2019,EXIOBASE v3.8.2 IOT_2016_ixi
CAN,Canada,America,Minerals and Metals,waste_generation,kt,0.0006372827718686409,2019,EXIOBASE v3.8.2 IOT_2016_ixi
ITA,Italy,Europe,"Steam, hot water supply and water distribution",waste_generation,kt,0.0006303910566780962,2019,EXIOBASE v3.8.2 IOT_2016_ixi
CHE,Switzerland,Europe,Paper Products,waste_generation,kt,0.000629409754758197,2019,EXIOBASE v3.8.2 IOT_2016_ixi
DEU,Germany,Europe,"Steam, hot water supply and water distribution",blue_water_consumption,Mm3,0.0006291038484162892,2019,EXIOBASE v3.8.2 IOT_2016_ixi
CHE,Switzerland,Europe,Metal Products,blue_water_consumption,Mm3,0.0006236649069863429,2019,EXIOBASE v3.8.2 IOT_2016_ixi
TUR,Turkey,Middle East,Paper Products,land_use,km2,0.000619059615983387,2019,EXIOBASE v3.8.2 IOT_2016_ixi
ZAF,South Africa,Africa,Textile,blue_water_consumption,Mm3,0.0006156256347785993,2019,EXIOBASE v3.8.2 IOT_2016_ixi
BGR,Bulgaria,Europe,General and special Machinery,blue_water_consumption,Mm3,0.0006154247554393142,2019,EXIOBASE v3.8.2 IOT_2016_ixi
IDN,Indonesia,Asia and Pacific,Furniture and timber,waste_generation,kt,0.0006111052559714832,2019,EXIOBASE v3.8.2 IOT_2016_ixi
BGR,Bulgaria,Europe,Coal and Petroleum,material_extraction,kt,0.0006104591100836824,2019,EXIOBASE v3.8.2 IOT_2016_ixi
PRT,Portugal,Europe,Paper Products,blue_water_consumption,Mm3,0.0006082510418040388,2019,EXIOBASE v3.8.2 IOT_2016_ixi
CZE,Czech Republic,Europe,"Steam, hot water supply and water distribution",land_use,km2,0.0005973930139017231,2019,EXIOBASE v3.8.2 IOT_2016_ixi
POL,Poland,Europe,Coal and Petroleum,blue_water_consumption,Mm3,0.0005877292009280416,2019,EXIOBASE v3.8.2 IOT_2016_ixi
GRC,Greece,Europe,"Electrical, electronic and measuring equipment",waste_generation,kt,0.000587431058599286,2019,EXIOBASE v3.8.2 IOT_2016_ixi
SVK,Slovakia,Europe,Coal and Petroleum,blue_water_consumption,Mm3,0.0005808709014813552,2019,EXIOBASE v3.8.2 IOT_2016_ixi
AUT,Austria,Europe,Coal and Petroleum,material_extraction,kt,0.0005785133252203755,2019,EXIOBASE v3.8.2 IOT_2016_ixi
TWN,Taiwan,Asia and Pacific,Food and catering,blue_water_consumption,Mm3,0.0005783110422440781,2019,EXIOBASE v3.8.2 IOT_2016_ixi
PRT,Portugal,Europe,Metal Products,blue_water_consumption,Mm3,0.0005762271808860454,2019,EXIOBASE v3.8.2 IOT_2016_ixi
FIN,Finland,Europe,Services,blue_water_consumption,Mm3,0.0005735359105526696,2019,EXIOBASE v3.8.2 IOT_2016_ixi
SVN,Slovenia,Europe,Food and catering,blue_water_consumption,Mm3,0.0005730502955191543,2019,EXIOBASE v3.8.2 IOT_2016_ixi
RUS,Russia,Europe,"Steam, hot water supply and water distribution",land_use,km2,0.0005706362050790843,2019,EXIOBASE v3.8.2 IOT_2016_ixi
SVK,Slovakia,Europe,"Steam, hot water supply and water distribution",land_use,km2,0.0005659707563689734,2019,EXIOBASE v3.8.2 IOT_2016_ixi
RoW Middle East,RoW Middle East,Middle East,Metal Products,blue_water_consumption,Mm3,0.0005596934446938473,2019,EXIOBASE v3.8.2 IOT_2016_ixi
NOR,Norway,Europe,Electricity,waste_generation,kt,0.0005581156417999788,2019,EXIOBASE v3.8.2 IOT_2016_ixi
CHN,China,Asia and Pacific,Transport Equipment,blue_water_consumption,Mm3,0.0005529681155147079,2019,EXIOBASE v3.8.2 IOT_2016_ixi
LUX,Luxembourg,Europe,General and special Machinery,waste_generation,kt,0.0005528426331530913,2019,EXIOBASE v3.8.2 IOT_2016_ixi
POL,Poland,Europe,Textile,blue_water_consumption,Mm3,0.0005469841963865551,2019,EXIOBASE v3.8.2 IOT_2016_ixi
IRL,Ireland,Europe,Paper Products,waste_generation,kt,0.0005467931273753248,2019,EXIOBASE v3.8.2 IOT_2016_ixi
IDN,Indonesia,Asia and Pacific,Construction,climate_change,kt CO2eq,0.000546491453324839,2019,EXIOBASE v3.8.2 IOT_2016_ixi
POL,Poland,Europe,Minerals and Metals,waste_generation,kt,0.0005446792931319523,2019,EXIOBASE v3.8.2 IOT_2016_ixi
RoW America,RoW America,America,Furniture and timber,blue_water_consumption,Mm3,0.000543074034878823,2019,EXIOBASE v3.8.2 IOT_2016_ixi
CAN,Canada,America,Textile,land_use,km2,0.0005429883617172635,2019,EXIOBASE v3.8.2 IOT_2016_ixi
NLD,Netherlands,Europe,Transport Equipment,blue_water_consumption,Mm3,0.0005381626261380261,2019,EXIOBASE v3.8.2 IOT_2016_ixi
LVA,Latvia,Europe,General and special Machinery,waste_generation,kt,0.0005379082239767028,2019,EXIOBASE v3.8.2 IOT_2016_ixi
LVA,Latvia,Europe,Transport Equipment,climate_change,kt CO2eq,0.000529284696446546,2019,EXIOBASE v3.8.2 IOT_2016_ixi
CHE,Switzerland,Europe,Textile,waste_generation,kt,0.0005210548521787504,2019,EXIOBASE v3.8.2 IOT_2016_ixi
MEX,Mexico,America,Chemical,blue_water_consumption,Mm3,0.0005207653476024373,2019,EXIOBASE v3.8.2 IOT_2016_ixi
RoW Middle East,RoW Middle East,Middle East,Furniture and timber,land_use,km2,0.0005199927937478336,2019,EXIOBASE v3.8.2 IOT_2016_ixi
RoW Middle East,RoW Middle East,Middle East,Furniture and timber,waste_generation,kt,0.0005181220851045656,2019,EXIOBASE v3.8.2 IOT_2016_ixi
HRV,Croatia,Europe,Furniture and timber,waste_generation,kt,0.000516694687931103,2019,EXIOBASE v3.8.2 IOT_2016_ixi
IRL,Ireland,Europe,Construction,climate_change,kt CO2eq,0.0005132206877597305,2019,EXIOBASE v3.8.2 IOT_2016_ixi
LVA,Latvia,Europe,Transport,waste_generation,kt,0.000512259234268895,2019,EXIOBASE v3.8.2 IOT_2016_ixi
SWE,Sweden,Europe,Non-metallic mineral products,blue_water_consumption,Mm3,0.0005070102615768839,2019,EXIOBASE v3.8.2 IOT_2016_ixi
SVK,Slovakia,Europe,"Electrical, electronic and measuring equipment",land_use,km2,0.0005062534219628597,2019,EXIOBASE v3.8.2 IOT_2016_ixi
RoW Africa,RoW Africa,Africa,Electricity,blue_water_consumption,Mm3,0.0005022877354186815,2019,EXIOBASE v3.8.2 IOT_2016_ixi
BRA,Brazil,America,"Electrical, electronic and measuring equipment",blue_water_consumption,Mm3,0.0005013376644867653,2019,EXIOBASE v3.8.2 IOT_2016_ixi
CHE,Switzerland,Europe,"Electrical, electronic and measuring equipment",blue_water_consumption,Mm3,0.0004995227097842526,2019,EXIOBASE v3.8.2 IOT_2016_ixi
BEL,Belgium,Europe,Minerals and Metals,waste_generation,kt,0.0004987172588853479,2019,EXIOBASE v3.8.2 IOT_2016_ixi
JPN,Japan,Asia and Pacific,"Electrical, electronic and measuring equipment",blue_water_consumption,Mm3,0.0004980756150813773,2019,EXIOBASE v3.8.2 IOT_2016_ixi
IRL,Ireland,Europe,"Electrical, electronic and measuring equipment",blue_water_consumption,Mm3,0.0004954487284805781,2019,EXIOBASE v3.8.2 IOT_2016_ixi
HRV,Croatia,Europe,Waste management and disposal,waste_generation,kt,0.000495430574211597,2019,EXIOBASE v3.8.2 IOT_2016_ixi
BGR,Bulgaria,Europe,Textile,blue_water_consumption,Mm3,0.0004950679480821272,2019,EXIOBASE v3.8.2 IOT_2016_ixi
HUN,Hungary,Europe,Construction,material_extraction,kt,0.0004936870553447752,2019,EXIOBASE v3.8.2 IOT_2016_ixi
TWN,Taiwan,Asia and Pacific,Non-metallic mineral products,blue_water_consumption,Mm3,0.0004935047268255835,2019,EXIOBASE v3.8.2 IOT_2016_ixi
ZAF,South Africa,Africa,Textile,waste_generation,kt,0.00048750060949149545,2019,EXIOBASE v3.8.2 IOT_2016_ixi
BEL,Belgium,Europe,Waste management and disposal,blue_water_consumption,Mm3,0.00048368381247712003,2019,EXIOBASE v3.8.2 IOT_2016_ixi
LUX,Luxembourg,Europe,Food and catering,blue_water_consumption,Mm3,0.00048276125963126154,2019,EXIOBASE v3.8.2 IOT_2016_ixi
TUR,Turkey,Middle East,Transport Equipment,waste_generation,kt,0.00047964313826383693,2019,EXIOBASE v3.8.2 IOT_2016_ixi
CYP,Cyprus,Middle East,Paper Products,waste_generation,kt,0.00047890830278925325,2019,EXIOBASE v3.8.2 IOT_2016_ixi
CAN,Canada,America,Natural gas and gaseous fuels,waste_generation,kt,0.0004754599013601785,2019,EXIOBASE v3.8.2 IOT_2016_ixi
ROU,Romania,Europe,Transport Equipment,waste_generation,kt,0.0004742776054373824,2019,EXIOBASE v3.8.2 IOT_2016_ixi
LVA,Latvia,Europe,Non-metallic mineral products,blue_water_consumption,Mm3,0.0004724911782200454,2019,EXIOBASE v3.8.2 IOT_2016_ixi
BRA,Brazil,America,Transport Equipment,blue_water_consumption,Mm3,0.0004718252733524497,2019,EXIOBASE v3.8.2 IOT_2016_ixi
LUX,Luxembourg,Europe,General and special Machinery,climate_change,kt CO2eq,0.0004676111620219908,2019,EXIOBASE v3.8.2 IOT_2016_ixi
TUR,Turkey,Middle East,Coal and Petroleum,material_extraction,kt,0.00046553847730108645,2019,EXIOBASE v3.8.2 IOT_2016_ixi
AUS,Australia,Asia and Pacific,Services,blue_water_consumption,Mm3,0.0004601028920189625,2019,EXIOBASE v3.8.2 IOT_2016_ixi
NLD,Netherlands,Europe,Minerals and Metals,waste_generation,kt,0.0004594516042687452,2019,EXIOBASE v3.8.2 IOT_2016_ixi
KOR,South Korea,Asia and Pacific,General and special Machinery,blue_water_consumption,Mm3,0.0004570085660422048,2019,EXIOBASE v3.8.2 IOT_2016_ixi
RoW Africa,RoW Africa,Africa,Transport Equipment,blue_water_consumption,Mm3,0.0004522908888934483,2019,EXIOBASE v3.8.2 IOT_2016_ixi
PRT,Portugal,Europe,Non-metallic mineral products,blue_water_consumption,Mm3,0.00044431879017502987,2019,EXIOBASE v3.8.2 IOT_2016_ixi
HUN,Hungary,Europe,"Electrical, electronic and measuring equipment",land_use,km2,0.0004433502583534462,2019,EXIOBASE v3.8.2 IOT_2016_ixi
USA,United States,America,Furniture and timber,blue_water_consumption,Mm3,0.0004404042015451162,2019,EXIOBASE v3.8.2 IOT_2016_ixi
CHE,Switzerland,Europe,Services,blue_water_consumption,Mm3,0.0004390567284646295,2019,EXIOBASE v3.8.2 IOT_2016_ixi
RoW Europe,RoW Europe,Europe,Transport Equipment,blue_water_consumption,Mm3,0.00043581778073869203,2019,EXIOBASE v3.8.2 IOT_2016_ixi
ROU,Romania,Europe,Paper Products,blue_water_consumption,Mm3,0.0004354375802675257,2019,EXIOBASE v3.8.2 IOT_2016_ixi
SVK,Slovakia,Europe,Transport,blue_water_consumption,Mm3,0.0004317815521955999,2019,EXIOBASE v3.8.2 IOT_2016_ixi
HRV,Croatia,Europe,"Steam, hot water supply and water distribution",waste_generation,kt,0.0004314709947537874,2019,EXIOBASE v3.8.2 IOT_2016_ixi
PRT,Portugal,Europe,Chemical,blue_water_consumption,Mm3,0.0004295395083929295,2019,EXIOBASE v3.8.2 IOT_2016_ixi
NOR,Norway,Europe,"Steam, hot water supply and water distribution",waste_generation,kt,0.0004276921549388224,2019,EXIOBASE v3.8.2 IOT_2016_ixi
TUR,Turkey,Middle East,Furniture and timber,material_extraction,kt,0.0004231910243231451,2019,EXIOBASE v3.8.2 IOT_2016_ixi
TUR,Turkey,Middle East,Transport,waste_generation,kt,0.0004229026648115525,2019,EXIOBASE v3.8.2 IOT_2016_ixi
BGR,Bulgaria,Europe,Natural gas and gaseous fuels,waste_generation,kt,0.00042148845629423674,2019,EXIOBASE v3.8.2 IOT_2016_ixi
BGR,Bulgaria,Europe,Textile,land_use,km2,0.0004180911232373742,2019,EXIOBASE v3.8.2 IOT_2016_ixi
CZE,Czech Republic,Europe,Electricity,land_use,km2,0.00041765799175510533,2019,EXIOBASE v3.8.2 IOT_2016_ixi
LVA,Latvia,Europe,Metal Products,material_extraction,kt,0.0004162524874676556,2019,EXIOBASE v3.8.2 IOT_2016_ixi
ESP,Spain,Europe,Paper Products,blue_water_consumption,Mm3,0.0004154208816423829,2019,EXIOBASE v3.8.2 IOT_2016_ixi
RoW Africa,RoW Africa,Africa,Waste management and disposal,blue_water_consumption,Mm3,0.00041236785944019633,2019,EXIOBASE v3.8.2 IOT_2016_ixi
MEX,Mexico,America,"Electrical, electronic and measuring equipment",blue_water_consumption,Mm3,0.00041131977378622243,2019,EXIOBASE v3.8.2 IOT_2016_ixi
RoW Asia and Pacific,RoW Asia and Pacific,Asia and Pacific,Construction,blue_water_consumption,Mm3,0.000408194602210592,2019,EXIOBASE v3.8.2 IOT_2016_ixi
IRL,Ireland,Europe,Electricity,blue_water_consumption,Mm3,0.00040808678511649015,2019,EXIOBASE v3.8.2 IOT_2016_ixi
MEX,Mexico,America,Construction,climate_change,kt CO2eq,0.0004077682573001222,2019,EXIOBASE v3.8.2 IOT_2016_ixi
FIN,Finland,Europe,General and special Machinery,material_extraction,kt,0.000406574881241377,2019,EXIOBASE v3.8.2 IOT_2016_ixi
HRV,Croatia,Europe,Chemical,blue_water_consumption,Mm3,0.0004065433142396424,2019,EXIOBASE v3.8.2 IOT_2016_ixi
ITA,Italy,Europe,Minerals and Metals,waste_generation,kt,0.0004028309971833605,2019,EXIOBASE v3.8.2 IOT_2016_ixi
POL,Poland,Europe,General and special Machinery,blue_water_consumption,Mm3,0.0004027235290765382,2019,EXIOBASE v3.8.2 IOT_2016_ixi
KOR,South Korea,Asia and Pacific,Furniture and timber,blue_water_consumption,Mm3,0.0004022623097335776,2019,EXIOBASE v3.8.2 IOT_2016_ixi
IND,India,Asia and Pacific,Waste management and disposal,waste_generation,kt,0.0003997557090195758,2019,EXIOBASE v3.8.2 IOT_2016_ixi
AUS,Australia,Asia and Pacific,Minerals and Metals,waste_generation,kt,0.00039509163007401177,2019,EXIOBASE v3.8.2 IOT_2016_ixi
GRC,Greece,Europe,Transport Equipment,waste_generation,kt,0.00039424485420218856,2019,EXIOBASE v3.8.2 IOT_2016_ixi
EST,Estonia,Europe,General and special Machinery,climate_change,kt CO2eq,0.00039063112105694085,2019,EXIOBASE v3.8.2 IOT_2016_ixi
RoW Europe,RoW Europe,Europe,Minerals and Metals,blue_water_consumption,Mm3,0.00038898939447399347,2019,EXIOBASE v3.8.2 IOT_2016_ixi
NLD,Netherlands,Europe,Non-metallic mineral products,blue_water_consumption,Mm3,0.0003874248613517373,2019,EXIOBASE v3.8.2 IOT_2016_ixi
SWE,Sweden,Europe,Textile,blue_water_consumption,Mm3,0.00038568705003912715,2019,EXIOBASE v3.8.2 IOT_2016_ixi
JPN,Japan,Asia and Pacific,General and special Machinery,blue_water_consumption,Mm3,0.00038373847801814504,2019,EXIOBASE v3.8.2 IOT_2016_ixi
ESP,Spain,Europe,Minerals and Metals,waste_generation,kt,0.00038142995216460977,2019,EXIOBASE v3.8.2 IOT_2016_ixi
IDN,Indonesia,Asia and Pacific,Non-metallic mineral products,waste_generation,kt,0.00038131739196739723,2019,EXIOBASE v3.8.2 IOT_2016_ixi
DEU,Germany,Europe,General and special Machinery,blue_water_consumption,Mm3,0.00038036943673516895,2019,EXIOBASE v3.8.2 IOT_2016_ixi
IRL,Ireland,Europe,Construction,waste_generation,kt,0.0003741870407999634,2019,EXIOBASE v3.8.2 IOT_2016_ixi
RoW Africa,RoW Africa,Africa,Paper Products,material_extraction,kt,0.00037202239526506846,2019,EXIOBASE v3.8.2 IOT_2016_ixi
CHE,Switzerland,Europe,Transport Equipment,waste_generation,kt,0.0003692947059040922,2019,EXIOBASE v3.8.2 IOT_2016_ixi
LUX,Luxembourg,Europe,Waste management and disposal,blue_water_consumption,Mm3,0.00036829968306784186,2019,EXIOBASE v3.8.2 IOT_2016_ixi
RoW Africa,RoW Africa,Africa,Natural gas and gaseous fuels,blue_water_consumption,Mm3,0.0003669628052052905,2019,EXIOBASE v3.8.2 IOT_2016_ixi
HRV,Croatia,Europe,General and special Machinery,waste_generation,kt,0.0003644436961427128,2019,EXIOBASE v3.8.2 IOT_2016_ixi
AUT,Austria,Europe,Transport,waste_generation,kt,0.0003623798082543304,2019,EXIOBASE v3.8.2 IOT_2016_ixi
CYP,Cyprus,Middle East,Services,waste_generation,kt,0.0003620941746912466,2019,EXIOBASE v3.8.2 IOT_2016_ixi
CHE,Switzerland,Europe,Transport,blue_water_consumption,Mm3,0.00036094134434196346,2019,EXIOBASE v3.8.2 IOT_2016_ixi
HUN,Hungary,Europe,Non-metallic mineral products,blue_water_consumption,Mm3,0.00035990528153158493,2019,EXIOBASE v3.8.2 IOT_2016_ixi
BRA,Brazil,America,Coal and Petroleum,material_extraction,kt,0.0003581400548381671,2019,EXIOBASE v3.8.2 IOT_2016_ixi
FRA,France,Europe,Electricity,blue_water_consumption,Mm3,0.0003576792787906647,2019,EXIOBASE v3.8.2 IOT_2016_ixi
IRL,Ireland,Europe,Non-metallic mineral products,blue_water_consumption,Mm3,0.0003563507885007149,2019,EXIOBASE v3.8.2 IOT_2016_ixi
BEL,Belgium,Europe,Furniture and timber,land_use,km2,0.0003561746276123814,2019,EXIOBASE v3.8.2 IOT_2016_ixi
BRA,Brazil,America,Furniture and timber,material_extraction,kt,0.0003553848420027695,2019,EXIOBASE v3.8.2 IOT_2016_ixi
RoW Africa,RoW Africa,Africa,Transport,material_extraction,kt,0.00035521822913994245,2019,EXIOBASE v3.8.2 IOT_2016_ixi
RoW America,RoW America,America,Transport Equipment,blue_water_consumption,Mm3,0.0003526021338801409,2019,EXIOBASE v3.8.2 IOT_2016_ixi
IRL,Ireland,Europe,Textile,blue_water_consumption,Mm3,0.0003504925357679238,2019,EXIOBASE v3.8.2 IOT_2016_ixi
USA,United States,America,Natural gas and gaseous fuels,blue_water_consumption,Mm3,0.0003486444298547821,2019,EXIOBASE v3.8.2 IOT_2016_ixi
RoW Middle East,RoW Middle East,Middle East,"Steam, hot water supply and water distribution",waste_generation,kt,0.00034781523690324633,2019,EXIOBASE v3.8.2 IOT_2016_ixi
ITA,Italy,Europe,Textile,land_use,km2,0.0003441816569173092,2019,EXIOBASE v3.8.2 IOT_2016_ixi
EST,Estonia,Europe,Metal Products,waste_generation,kt,0.0003405437876036289,2019,EXIOBASE v3.8.2 IOT_2016_ixi
RoW Middle East,RoW Middle East,Middle East,Non-metallic mineral products,land_use,km2,0.00033873508011617097,2019,EXIOBASE v3.8.2 IOT_2016_ixi
MLT,Malta,Europe,Textile,climate_change,kt CO2eq,0.00033531720562417455,2019,EXIOBASE v3.8.2 IOT_2016_ixi
IRL,Ireland,Europe,General and special Machinery,waste_generation,kt,0.0003329945498747973,2019,EXIOBASE v3.8.2 IOT_2016_ixi
HRV,Croatia,Europe,Minerals and Metals,waste_generation,kt,0.0003304895732485107,2019,EXIOBASE v3.8.2 IOT_2016_ixi
BGR,Bulgaria,Europe,Furniture and timber,blue_water_consumption,Mm3,0.00033006421295371123,2019,EXIOBASE v3.8.2 IOT_2016_ixi
USA,United States,America,Coal and Petroleum,blue_water_consumption,Mm3,0.00032987588608400167,2019,EXIOBASE v3.8.2 IOT_2016_ixi
TUR,Turkey,Middle East,Chemical,material_extraction,kt,0.000329338576001263,2019,EXIOBASE v3.8.2 IOT_2016_ixi
ROU,Romania,Europe,Textile,waste_generation,kt,0.0003290647324386898,2019,EXIOBASE v3.8.2 IOT_2016_ixi
IDN,Indonesia,Asia and Pacific,Waste management and disposal,waste_generation,kt,0.0003287245036908779,2019,EXIOBASE v3.8.2 IOT_2016_ixi
NLD,Netherlands,Europe,Waste management and disposal,blue_water_consumption,Mm3,0.00032747225688470956,2019,EXIOBASE v3.8.2 IOT_2016_ixi
IRL,Ireland,Europe,Non-metallic mineral products,waste_generation,kt,0.00032670330666124297,2019,EXIOBASE v3.8.2 IOT_2016_ixi
CHE,Switzerland,Europe,Natural gas and gaseous fuels,waste_generation,kt,0.0003263626863507739,2019,EXIOBASE v3.8.2 IOT_2016_ixi
SVK,Slovakia,Europe,Electricity,land_use,km2,0.0003261648654463506,2019,EXIOBASE v3.8.2 IOT_2016_ixi
RoW Europe,RoW Europe,Europe,Natural gas and gaseous fuels,blue_water_consumption,Mm3,0.0003241435859979624,2019,EXIOBASE v3.8.2 IOT_2016_ixi
ZAF,South Africa,Africa,Paper Products,blue_water_consumption,Mm3,0.00031808179244902004,2019,EXIOBASE v3.8.2 IOT_2016_ixi
RoW Middle East,RoW Middle East,Middle East,"Electrical, electronic and measuring equipment",blue_water_consumption,Mm3,0.00031716435643176544,2019,EXIOBASE v3.8.2 IOT_2016_ixi
LTU,Lithuania,Europe,Paper Products,blue_water_consumption,Mm3,0.00031629882622560693,2019,EXIOBASE v3.8.2 IOT_2016_ixi
MEX,Mexico,America,Electricity,blue_water_consumption,Mm3,0.00031566881363080505,2019,EXIOBASE v3.8.2 IOT_2016_ixi
BEL,Belgium,Europe,Minerals and Metals,blue_water_consumption,Mm3,0.0003153245141165356,2019,EXIOBASE v3.8.2 IOT_2016_ixi
BEL,Belgium,Europe,Transport,blue_water_consumption,Mm3,0.00031380414005594535,2019,EXIOBASE v3.8.2 IOT_2016_ixi
CHN,China,Asia and Pacific,Natural gas and gaseous fuels,waste_generation,kt,0.0003102953168371893,2019,EXIOBASE v3.8.2 IOT_2016_ixi
EST,Estonia,Europe,Non-metallic mineral products,blue_water_consumption,Mm3,0.0003093189983270245,2019,EXIOBASE v3.8.2 IOT_2016_ixi
FRA,France,Europe,Transport,waste_generation,kt,0.00030666410910710785,2019,EXIOBASE v3.8.2 IOT_2016_ixi
BRA,Brazil,America,Waste management and disposal,waste_generation,kt,0.0002975566637932375,2019,EXIOBASE v3.8.2 IOT_2016_ixi
AUS,Australia,Asia and Pacific,Metal Products,blue_water_consumption,Mm3,0.00029754875654786517,2019,EXIOBASE v3.8.2 IOT_2016_ixi
HUN,Hungary,Europe,Construction,land_use,km2,0.0002975425560190274,2019,EXIOBASE v3.8.2 IOT_2016_ixi
RUS,Russia,Europe,Waste management and disposal,blue_water_consumption,Mm3,0.00029753763502739206,2019,EXIOBASE v3.8.2 IOT_2016_ixi
LVA,Latvia,Europe,Services,blue_water_consumption,Mm3,0.0002967801515952473,2019,EXIOBASE v3.8.2 IOT_2016_ixi
BRA,Brazil,America,Transport,waste_generation,kt,0.00029406557736337676,2019,EXIOBASE v3.8.2 IOT_2016_ixi
RUS,Russia,Europe,Non-metallic mineral products,material_extraction,kt,0.00029347398091094355,2019,EXIOBASE v3.8.2 IOT_2016_ixi
RoW Europe,RoW Europe,Europe,Construction,blue_water_consumption,Mm3,0.0002929943046392519,2019,EXIOBASE v3.8.2 IOT_2016_ixi
GRC,Greece,Europe,General and special Machinery,waste_generation,kt,0.0002902451388920097,2019,EXIOBASE v3.8.2 IOT_2016_ixi
LVA,Latvia,Europe,"Electrical, electronic and measuring equipment",blue_water_consumption,Mm3,0.0002853511537809589,2019,EXIOBASE v3.8.2 IOT_2016_ixi
GRC,Greece,Europe,Chemical,blue_water_consumption,Mm3,0.0002834589534694717,2019,EXIOBASE v3.8.2 IOT_2016_ixi
CAN,Canada,America,Transport,blue_water_consumption,Mm3,0.00028200104424093984,2019,EXIOBASE v3.8.2 IOT_2016_ixi
BRA,Brazil,America,Non-metallic mineral products,blue_water_consumption,Mm3,0.00028118238213884026,2019,EXIOBASE v3.8.2 IOT_2016_ixi
RoW Asia and Pacific,RoW Asia and Pacific,Asia and Pacific,Transport Equipment,land_use,km2,0.00028092490685348195,2019,EXIOBASE v3.8.2 IOT_2016_ixi
RoW America,RoW America,America,Waste management and disposal,blue_water_consumption,Mm3,0.0002798496835948774,2019,EXIOBASE v3.8.2 IOT_2016_ixi
ESP,Spain,Europe,"Electrical, electronic and measuring equipment",blue_water_consumption,Mm3,0.00027529628184346395,2019,EXIOBASE v3.8.2 IOT_2016_ixi
RoW Middle East,RoW Middle East,Middle East,"Steam, hot water supply and water distribution",land_use,km2,0.000274849816500006,2019,EXIOBASE v3.8.2 IOT_2016_ixi
USA,United States,America,Non-metallic mineral products,blue_water_consumption,Mm3,0.0002745758035735905,2019,EXIOBASE v3.8.2 IOT_2016_ixi
LTU,Lithuania,Europe,Chemical,blue_water_consumption,Mm3,0.00027344129619923704,2019,EXIOBASE v3.8.2 IOT_2016_ixi
PRT,Portugal,Europe,Textile,blue_water_consumption,Mm3,0.00027200912202705006,2019,EXIOBASE v3.8.2 IOT_2016_ixi
ESP,Spain,Europe,Textile,blue_water_consumption,Mm3,0.0002717748482161703,2019,EXIOBASE v3.8.2 IOT_2016_ixi
MEX,Mexico,America,"Electrical, electronic and measuring equipment",material_extraction,kt,0.00027078976949800027,2019,EXIOBASE v3.8.2 IOT_2016_ixi
RUS,Russia,Europe,Natural gas and gaseous fuels,blue_water_consumption,Mm3,0.0002706211806264572,2019,EXIOBASE v3.8.2 IOT_2016_ixi
ROU,Romania,Europe,Waste management and disposal,waste_generation,kt,0.0002697357874470314,2019,EXIOBASE v3.8.2 IOT_2016_ixi
BRA,Brazil,America,Furniture and timber,blue_water_consumption,Mm3,0.00026827273253895583,2019,EXIOBASE v3.8.2 IOT_2016_ixi
LVA,Latvia,Europe,Transport,blue_water_consumption,Mm3,0.0002663682001705169,2019,EXIOBASE v3.8.2 IOT_2016_ixi
KOR,South Korea,Asia and Pacific,Non-metallic mineral products,blue_water_consumption,Mm3,0.00026383415514485563,2019,EXIOBASE v3.8.2 IOT_2016_ixi
IDN,Indonesia,Asia and Pacific,General and special Machinery,blue_water_consumption,Mm3,0.00025971539726290106,2019,EXIOBASE v3.8.2 IOT_2016_ixi
LUX,Luxembourg,Europe,Electricity,land_use,km2,0.00025845872176034174,2019,EXIOBASE v3.8.2 IOT_2016_ixi
HUN,Hungary,Europe,Textile,waste_generation,kt,0.0002562027064973142,2019,EXIOBASE v3.8.2 IOT_2016_ixi
CAN,Canada,America,"Electrical, electronic and measuring equipment",blue_water_consumption,Mm3,0.00025408550230240516,2019,EXIOBASE v3.8.2 IOT_2016_ixi
SWE,Sweden,Europe,Transport Equipment,blue_water_consumption,Mm3,0.00025243382739753567,2019,EXIOBASE v3.8.2 IOT_2016_ixi
HUN,Hungary,Europe,Transport Equipment,material_extraction,kt,0.0002520895798273142,2019,EXIOBASE v3.8.2 IOT_2016_ixi
ITA,Italy,Europe,Waste management and disposal,blue_water_consumption,Mm3,0.00025102894081183825,2019,EXIOBASE v3.8.2 IOT_2016_ixi
SVN,Slovenia,Europe,Transport,waste_generation,kt,0.00024980202152434934,2019,EXIOBASE v3.8.2 IOT_2016_ixi
GRC,Greece,Europe,Metal Products,blue_water_consumption,Mm3,0.0002465589257779764,2019,EXIOBASE v3.8.2 IOT_2016_ixi
RoW America,RoW America,America,Minerals and Metals,blue_water_consumption,Mm3,0.00024537054699209904,2019,EXIOBASE v3.8.2 IOT_2016_ixi
NLD,Netherlands,Europe,Natural gas and gaseous fuels,waste_generation,kt,0.00024263408749027076,2019,EXIOBASE v3.8.2 IOT_2016_ixi
FIN,Finland,Europe,Non-metallic mineral products,blue_water_consumption,Mm3,0.00024238917941145973,2019,EXIOBASE v3.8.2 IOT_2016_ixi
RUS,Russia,Europe,Furniture and timber,blue_water_consumption,Mm3,0.0002417364827711826,2019,EXIOBASE v3.8.2 IOT_2016_ixi
BRA,Brazil,America,General and special Machinery,blue_water_consumption,Mm3,0.0002391020578077074,2019,EXIOBASE v3.8.2 IOT_2016_ixi
NOR,Norway,Europe,Transport,blue_water_consumption,Mm3,0.00023860491496428018,2019,EXIOBASE v3.8.2 IOT_2016_ixi
JPN,Japan,Asia and Pacific,Furniture and timber,blue_water_consumption,Mm3,0.0002381693432384345,2019,EXIOBASE v3.8.2 IOT_2016_ixi
LVA,Latvia,Europe,Waste management and disposal,blue_water_consumption,Mm3,0.00023795084071771862,2019,EXIOBASE v3.8.2 IOT_2016_ixi
CHE,Switzerland,Europe,Paper Products,land_use,km2,0.0002372229106530026,2019,EXIOBASE v3.8.2 IOT_2016_ixi
FRA,France,Europe,Natural gas and gaseous fuels,waste_generation,kt,0.00023562358167140355,2019,EXIOBASE v3.8.2 IOT_2016_ixi
GBR,United Kingdom,Europe,Natural gas and gaseous fuels,waste_generation,kt,0.00023444361899862436,2019,EXIOBASE v3.8.2 IOT_2016_ixi
DNK,Denmark,Denmark,Chemical,land_use,km2,0.00023311630258101182,2019,EXIOBASE v3.8.2 IOT_2016_ixi
GBR,United Kingdom,Europe,Services,blue_water_consumption,Mm3,0.00022977602887415538,2019,EXIOBASE v3.8.2 IOT_2016_ixi
FIN,Finland,Europe,Natural gas and gaseous fuels,waste_generation,kt,0.000228370003681443,2019,EXIOBASE v3.8.2 IOT_2016_ixi
SVN,Slovenia,Europe,Natural gas and gaseous fuels,waste_generation,kt,0.00022797405082459384,2019,EXIOBASE v3.8.2 IOT_2016_ixi
NOR,Norway,Europe,Minerals and Metals,waste_generation,kt,0.00022721231821320532,2019,EXIOBASE v3.8.2 IOT_2016_ixi
TUR,Turkey,Middle East,Paper Products,material_extraction,kt,0.0002264790433845113,2019,EXIOBASE v3.8.2 IOT_2016_ixi
IRL,Ireland,Europe,"Electrical, electronic and measuring equipment",waste_generation,kt,0.0002252981403011958,2019,EXIOBASE v3.8.2 IOT_2016_ixi
PRT,Portugal,Europe,Services,blue_water_consumption,Mm3,0.00022143342731080926,2019,EXIOBASE v3.8.2 IOT_2016_ixi
AUS,Australia,Asia and Pacific,"Electrical, electronic and measuring equipment",blue_water_consumption,Mm3,0.00021919591972892962,2019,EXIOBASE v3.8.2 IOT_2016_ixi
TUR,Turkey,Middle East,Natural gas and gaseous fuels,waste_generation,kt,0.0002186444690501294,2019,EXIOBASE v3.8.2 IOT_2016_ixi
JPN,Japan,Asia and Pacific,Textile,blue_water_consumption,Mm3,0.00021731609131045676,2019,EXIOBASE v3.8.2 IOT_2016_ixi
FIN,Finland,Europe,Minerals and Metals,waste_generation,kt,0.00021657744269018355,2019,EXIOBASE v3.8.2 IOT_2016_ixi
LUX,Luxembourg,Europe,Metal Products,blue_water_consumption,Mm3,0.00021226813274752466,2019,EXIOBASE v3.8.2 IOT_2016_ixi
AUT,Austria,Europe,Non-metallic mineral products,blue_water_consumption,Mm3,0.0002110402430026136,2019,EXIOBASE v3.8.2 IOT_2016_ixi
DEU,Germany,Europe,Furniture and timber,material_extraction,kt,0.000210993678451458,2019,EXIOBASE v3.8.2 IOT_2016_ixi
POL,Poland,Europe,Furniture and timber,blue_water_consumption,Mm3,0.00021093716545987222,2019,EXIOBASE v3.8.2 IOT_2016_ixi
AUT,Austria,Europe,Coal and Petroleum,blue_water_consumption,Mm3,0.00021065567247404883,2019,EXIOBASE v3.8.2 IOT_2016_ixi
HUN,Hungary,Europe,Transport Equipment,blue_water_consumption,Mm3,0.0002104223608525706,2019,EXIOBASE v3.8.2 IOT_2016_ixi
MEX,Mexico,America,Metal Products,material_extraction,kt,0.0002099957915616645,2019,EXIOBASE v3.8.2 IOT_2016_ixi
CYP,Cyprus,Middle East,Waste management and disposal,waste_generation,kt,0.00020902548848746876,2019,EXIOBASE v3.8.2 IOT_2016_ixi
MEX,Mexico,America,Waste management and disposal,material_extraction,kt,0.000206995493368664,2019,EXIOBASE v3.8.2 IOT_2016_ixi
IRL,Ireland,Europe,Natural gas and gaseous fuels,waste_generation,kt,0.0002050389368787917,2019,EXIOBASE v3.8.2 IOT_2016_ixi
USA,United States,America,Services,blue_water_consumption,Mm3,0.0002036942710534001,2019,EXIOBASE v3.8.2 IOT_2016_ixi
RoW America,RoW America,America,"Steam, hot water supply and water distribution",waste_generation,kt,0.00020259637336777757,2019,EXIOBASE v3.8.2 IOT_2016_ixi
RoW Europe,RoW Europe,Europe,"Steam, hot water supply and water distribution",blue_water_consumption,Mm3,0.0002021801214404343,2019,EXIOBASE v3.8.2 IOT_2016_ixi
HUN,Hungary,Europe,Coal and Petroleum,blue_water_consumption,Mm3,0.00020114472107183538,2019,EXIOBASE v3.8.2 IOT_2016_ixi
EST,Estonia,Europe,Furniture and timber,blue_water_consumption,Mm3,0.00020025389149470784,2019,EXIOBASE v3.8.2 IOT_2016_ixi
POL,Poland,Europe,Minerals and Metals,blue_water_consumption,Mm3,0.00019986491585717583,2019,EXIOBASE v3.8.2 IOT_2016_ixi
LUX,Luxembourg,Europe,"Electrical, electronic and measuring equipment",waste_generation,kt,0.00019899651525662963,2019,EXIOBASE v3.8.2 IOT_2016_ixi
AUS,Australia,Asia and Pacific,Chemical,blue_water_consumption,Mm3,0.00019659760960205396,2019,EXIOBASE v3.8.2 IOT_2016_ixi
HUN,Hungary,Europe,Furniture and timber,blue_water_consumption,Mm3,0.00019598751051763972,2019,EXIOBASE v3.8.2 IOT_2016_ixi
IRL,Ireland,Europe,Coal and Petroleum,material_extraction,kt,0.0001959172939748441,2019,EXIOBASE v3.8.2 IOT_2016_ixi
MLT,Malta,Europe,Construction,waste_generation,kt,0.0001958538030693078,2019,EXIOBASE v3.8.2 IOT_2016_ixi
LVA,Latvia,Europe,Textile,waste_generation,kt,0.00019429125350892628,2019,EXIOBASE v3.8.2 IOT_2016_ixi
CYP,Cyprus,Middle East,Construction,climate_change,kt CO2eq,0.0001935059880677219,2019,EXIOBASE v3.8.2 IOT_2016_ixi
ESP,Spain,Europe,General and special Machinery,blue_water_consumption,Mm3,0.00019329793562742996,2019,EXIOBASE v3.8.2 IOT_2016_ixi
CZE,Czech Republic,Europe,Textile,land_use,km2,0.0001926502011783985,2019,EXIOBASE v3.8.2 IOT_2016_ixi
ROU,Romania,Europe,General and special Machinery,blue_water_consumption,Mm3,0.00019164059594719456,2019,EXIOBASE v3.8.2 IOT_2016_ixi
CAN,Canada,America,Coal and Petroleum,blue_water_consumption,Mm3,0.00019033250447242995,2019,EXIOBASE v3.8.2 IOT_2016_ixi
PRT,Portugal,Europe,Transport Equipment,waste_generation,kt,0.00018861614493541313,2019,EXIOBASE v3.8.2 IOT_2016_ixi
BGR,Bulgaria,Europe,Construction,blue_water_consumption,Mm3,0.0001879848224846327,2019,EXIOBASE v3.8.2 IOT_2016_ixi
SVK,Slovakia,Europe,Coal and Petroleum,material_extraction,kt,0.0001869409864252712,2019,EXIOBASE v3.8.2 IOT_2016_ixi
RoW Middle East,RoW Middle East,Middle East,Construction,land_use,km2,0.0001868303343365931,2019,EXIOBASE v3.8.2 IOT_2016_ixi
BGR,Bulgaria,Europe,Natural gas and gaseous fuels,land_use,km2,0.0001861580634279813,2019,EXIOBASE v3.8.2 IOT_2016_ixi
HRV,Croatia,Europe,Natural gas and gaseous fuels,waste_generation,kt,0.0001861554191485533,2019,EXIOBASE v3.8.2 IOT_2016_ixi
CAN,Canada,America,General and special Machinery,blue_water_consumption,Mm3,0.00018279510890024,2019,EXIOBASE v3.8.2 IOT_2016_ixi
CHE,Switzerland,Europe,Textile,blue_water_consumption,Mm3,0.00018157830028726213,2019,EXIOBASE v3.8.2 IOT_2016_ixi
RoW Middle East,RoW Middle East,Middle East,Metal Products,land_use,km2,0.00018084600458105027,2019,EXIOBASE v3.8.2 IOT_2016_ixi
PRT,Portugal,Europe,"Electrical, electronic and measuring equipment",blue_water_consumption,Mm3,0.00018051459574177213,2019,EXIOBASE v3.8.2 IOT_2016_ixi
ESP,Spain,Europe,Natural gas and gaseous fuels,waste_generation,kt,0.00017803963195860083,2019,EXIOBASE v3.8.2 IOT_2016_ixi
CHE,Switzerland,Europe,"Steam, hot water supply and water distribution",waste_generation,kt,0.00017684195167754133,2019,EXIOBASE v3.8.2 IOT_2016_ixi
DNK,Denmark,Denmark,Textile,land_use,km2,0.0001766699169258302,2019,EXIOBASE v3.8.2 IOT_2016_ixi
CYP,Cyprus,Middle East,Transport,waste_generation,kt,0.00017660364525378582,2019,EXIOBASE v3.8.2 IOT_2016_ixi
MEX,Mexico,America,Non-metallic mineral products,waste_generation,kt,0.00017586788997062792,2019,EXIOBASE v3.8.2 IOT_2016_ixi
KOR,South Korea,Asia and Pacific,Textile,blue_water_consumption,Mm3,0.0001750753977392912,2019,EXIOBASE v3.8.2 IOT_2016_ixi
ZAF,South Africa,Africa,Waste management and disposal,waste_generation,kt,0.00017434514106908785,2019,EXIOBASE v3.8.2 IOT_2016_ixi
AUT,Austria,Europe,Furniture and timber,blue_water_consumption,Mm3,0.0001727826677183827,2019,EXIOBASE v3.8.2 IOT_2016_ixi
LTU,Lithuania,Europe,"Electrical, electronic and measuring equipment",waste_generation,kt,0.0001723718981715094,2019,EXIOBASE v3.8.2 IOT_2016_ixi
GRC,Greece,Europe,Services,blue_water_consumption,Mm3,0.00017199054349285346,2019,EXIOBASE v3.8.2 IOT_2016_ixi
JPN,Japan,Asia and Pacific,Non-metallic mineral products,blue_water_consumption,Mm3,0.00017165035105767132,2019,EXIOBASE v3.8.2 IOT_2016_ixi
CZE,Czech Republic,Europe,Transport Equipment,land_use,km2,0.0001716127067123425,2019,EXIOBASE v3.8.2 IOT_2016_ixi
AUS,Australia,Asia and Pacific,Minerals and Metals,blue_water_consumption,Mm3,0.00017112259436977714,2019,EXIOBASE v3.8.2 IOT_2016_ixi
AUS,Australia,Asia and Pacific,Waste management and disposal,waste_generation,kt,0.00016976668897466135,2019,EXIOBASE v3.8.2 IOT_2016_ixi
IDN,Indonesia,Asia and Pacific,Minerals and Metals,waste_generation,kt,0.0001692304761672246,2019,EXIOBASE v3.8.2 IOT_2016_ixi
MEX,Mexico,America,Food and catering,material_extraction,kt,0.00016884541876282171,2019,EXIOBASE v3.8.2 IOT_2016_ixi
BRA,Brazil,America,Waste management and disposal,material_extraction,kt,0.0001683961366392063,2019,EXIOBASE v3.8.2 IOT_2016_ixi
CYP,Cyprus,Middle East,Non-metallic mineral products,waste_generation,kt,0.00016836665710672605,2019,EXIOBASE v3.8.2 IOT_2016_ixi
ROU,Romania,Europe,Non-metallic mineral products,blue_water_consumption,Mm3,0.0001672342913100167,2019,EXIOBASE v3.8.2 IOT_2016_ixi
NOR,Norway,Europe,Transport Equipment,blue_water_consumption,Mm3,0.00016712700848779826,2019,EXIOBASE v3.8.2 IOT_2016_ixi
ITA,Italy,Europe,Minerals and Metals,blue_water_consumption,Mm3,0.00016695691253552366,2019,EXIOBASE v3.8.2 IOT_2016_ixi
LUX,Luxembourg,Europe,Chemical,waste_generation,kt,0.00016557539743438277,2019,EXIOBASE v3.8.2 IOT_2016_ixi
RoW America,RoW America,America,"Electrical, electronic and measuring equipment",land_use,km2,0.00016398094281360492,2019,EXIOBASE v3.8.2 IOT_2016_ixi
LVA,Latvia,Europe,General and special Machinery,blue_water_consumption,Mm3,0.0001615855840135137,2019,EXIOBASE v3.8.2 IOT_2016_ixi
RoW Middle East,RoW Middle East,Middle East,General and special Machinery,land_use,km2,0.000161371003900033,2019,EXIOBASE v3.8.2 IOT_2016_ixi
MEX,Mexico,America,General and special Machinery,blue_water_consumption,Mm3,0.000161300669539396,2019,EXIOBASE v3.8.2 IOT_2016_ixi
CAN,Canada,America,Textile,material_extraction,kt,0.0001612378118340863,2019,EXIOBASE v3.8.2 IOT_2016_ixi
ITA,Italy,Europe,Transport Equipment,blue_water_consumption,Mm3,0.00015832466433765872,2019,EXIOBASE v3.8.2 IOT_2016_ixi
EST,Estonia,Europe,Paper Products,blue_water_consumption,Mm3,0.0001572200728061117,2019,EXIOBASE v3.8.2 IOT_2016_ixi
EST,Estonia,Europe,Chemical,blue_water_consumption,Mm3,0.00015705978923573916,2019,EXIOBASE v3.8.2 IOT_2016_ixi
EST,Estonia,Europe,Transport Equipment,waste_generation,kt,0.00015685890851892143,2019,EXIOBASE v3.8.2 IOT_2016_ixi
AUS,Australia,Asia and Pacific,Paper Products,blue_water_consumption,Mm3,0.0001568373297702106,2019,EXIOBASE v3.8.2 IOT_2016_ixi
AUS,Australia,Asia and Pacific,Textile,blue_water_consumption,Mm3,0.0001553734207819646,2019,EXIOBASE v3.8.2 IOT_2016_ixi
ZAF,South Africa,Africa,"Electrical, electronic and measuring equipment",blue_water_consumption,Mm3,0.00015496350674316177,2019,EXIOBASE v3.8.2 IOT_2016_ixi
NLD,Netherlands,Europe,Transport,waste_generation,kt,0.000154791018648329,2019,EXIOBASE v3.8.2 IOT_2016_ixi
RoW Africa,RoW Africa,Africa,Electricity,material_extraction,kt,0.00015465325017531662,2019,EXIOBASE v3.8.2 IOT_2016_ixi
IRL,Ireland,Europe,Transport,waste_generation,kt,0.00015103822310616908,2019,EXIOBASE v3.8.2 IOT_2016_ixi
HRV,Croatia,Europe,Textile,waste_generation,kt,0.00014798350741421034,2019,EXIOBASE v3.8.2 IOT_2016_ixi
KOR,South Korea,Asia and Pacific,Minerals and Metals,waste_generation,kt,0.0001469034848230071,2019,EXIOBASE v3.8.2 IOT_2016_ixi
LUX,Luxembourg,Europe,Non-metallic mineral products,blue_water_consumption,Mm3,0.00014687822169163938,2019,EXIOBASE v3.8.2 IOT_2016_ixi
BGR,Bulgaria,Europe,Food and catering,material_extraction,kt,0.00014503566983395123,2019,EXIOBASE v3.8.2 IOT_2016_ixi
NLD,Netherlands,Europe,Textile,blue_water_consumption,Mm3,0.00014451973007497334,2019,EXIOBASE v3.8.2 IOT_2016_ixi
AUT,Austria,Europe,Textile,land_use,km2,0.0001432145978824983,2019,EXIOBASE v3.8.2 IOT_2016_ixi
ZAF,South Africa,Africa,General and special Machinery,blue_water_consumption,Mm3,0.00013955540102366203,2019,EXIOBASE v3.8.2 IOT_2016_ixi
ROU,Romania,Europe,"Electrical, electronic and measuring equipment",blue_water_consumption,Mm3,0.0001387170670411221,2019,EXIOBASE v3.8.2 IOT_2016_ixi
ITA,Italy,Europe,Coal and Petroleum,material_extraction,kt,0.00013668548114936508,2019,EXIOBASE v3.8.2 IOT_2016_ixi
MLT,Malta,Europe,"Electrical, electronic and measuring equipment",climate_change,kt CO2eq,0.00013597170277627663,2019,EXIOBASE v3.8.2 IOT_2016_ixi
HUN,Hungary,Europe,General and special Machinery,material_extraction,kt,0.000135200504732896,2019,EXIOBASE v3.8.2 IOT_2016_ixi
RoW Europe,RoW Europe,Europe,Waste management and disposal,blue_water_consumption,Mm3,0.0001345914988528312,2019,EXIOBASE v3.8.2 IOT_2016_ixi
POL,Poland,Europe,Metal Products,land_use,km2,0.0001342944601416632,2019,EXIOBASE v3.8.2 IOT_2016_ixi
DEU,Germany,Europe,Furniture and timber,blue_water_consumption,Mm3,0.00013258958561336055,2019,EXIOBASE v3.8.2 IOT_2016_ixi
TWN,Taiwan,Asia and Pacific,Textile,blue_water_consumption,Mm3,0.00013255932459915542,2019,EXIOBASE v3.8.2 IOT_2016_ixi
RoW Middle East,RoW Middle East,Middle East,Transport,blue_water_consumption,Mm3,0.00013210185057141473,2019,EXIOBASE v3.8.2 IOT_2016_ixi
RoW Middle East,RoW Middle East,Middle East,Paper Products,blue_water_consumption,Mm3,0.00013140468783948888,2019,EXIOBASE v3.8.2 IOT_2016_ixi
IDN,Indonesia,Asia and Pacific,"Electrical, electronic and measuring equipment",blue_water_consumption,Mm3,0.00012958186922729402,2019,EXIOBASE v3.8.2 IOT_2016_ixi
POL,Poland,Europe,Paper Products,land_use,km2,0.00012817388662475645,2019,EXIOBASE v3.8.2 IOT_2016_ixi
RUS,Russia,Europe,"Steam, hot water supply and water distribution",blue_water_consumption,Mm3,0.0001254633668148317,2019,EXIOBASE v3.8.2 IOT_2016_ixi
USA,United States,America,Transport Equipment,blue_water_consumption,Mm3,0.00012498596043764091,2019,EXIOBASE v3.8.2 IOT_2016_ixi
IDN,Indonesia,Asia and Pacific,Paper Products,blue_water_consumption,Mm3,0.00012340211513018037,2019,EXIOBASE v3.8.2 IOT_2016_ixi
DNK,Denmark,Denmark,Transport Equipment,blue_water_consumption,Mm3,0.00011908751743936453,2019,EXIOBASE v3.8.2 IOT_2016_ixi
LUX,Luxembourg,Europe,Services,blue_water_consumption,Mm3,0.00011879267469743835,2019,EXIOBASE v3.8.2 IOT_2016_ixi
CYP,Cyprus,Middle East,Construction,waste_generation,kt,0.000116975180763482,2019,EXIOBASE v3.8.2 IOT_2016_ixi
LTU,Lithuania,Europe,Natural gas and gaseous fuels,waste_generation,kt,0.0001149127178938659,2019,EXIOBASE v3.8.2 IOT_2016_ixi
USA,United States,America,Minerals and Metals,blue_water_consumption,Mm3,0.00011466610854610685,2019,EXIOBASE v3.8.2 IOT_2016_ixi
RUS,Russia,Europe,"Electrical, electronic and measuring equipment",blue_water_consumption,Mm3,0.00011317574311431154,2019,EXIOBASE v3.8.2 IOT_2016_ixi
HRV,Croatia,Europe,Non-metallic mineral products,blue_water_consumption,Mm3,0.00011272244664889901,2019,EXIOBASE v3.8.2 IOT_2016_ixi
IDN,Indonesia,Asia and Pacific,Metal Products,blue_water_consumption,Mm3,0.00011247107351508916,2019,EXIOBASE v3.8.2 IOT_2016_ixi
SVN,Slovenia,Europe,Metal Products,land_use,km2,0.0001105010367971838,2019,EXIOBASE v3.8.2 IOT_2016_ixi
SVN,Slovenia,Europe,"Electrical, electronic and measuring equipment",blue_water_consumption,Mm3,0.00010780847234910447,2019,EXIOBASE v3.8.2 IOT_2016_ixi
IRL,Ireland,Europe,Textile,waste_generation,kt,0.0001074716742344696,2019,EXIOBASE v3.8.2 IOT_2016_ixi
IRL,Ireland,Europe,Furniture and timber,blue_water_consumption,Mm3,0.00010733446267369685,2019,EXIOBASE v3.8.2 IOT_2016_ixi
CHE,Switzerland,Europe,General and special Machinery,blue_water_consumption,Mm3,0.00010658199436336375,2019,EXIOBASE v3.8.2 IOT_2016_ixi
FIN,Finland,Europe,"Electrical, electronic and measuring equipment",blue_water_consumption,Mm3,0.00010533453793366731,2019,EXIOBASE v3.8.2 IOT_2016_ixi
FIN,Finland,Europe,Minerals and Metals,blue_water_consumption,Mm3,0.00010506901626981986,2019,EXIOBASE v3.8.2 IOT_2016_ixi
BEL,Belgium,Europe,Minerals and Metals,land_use,km2,0.00010482977949232516,2019,EXIOBASE v3.8.2 IOT_2016_ixi
HUN,Hungary,Europe,Textile,land_use,km2,0.00010324654159897791,2019,EXIOBASE v3.8.2 IOT_2016_ixi
LVA,Latvia,Europe,Natural gas and gaseous fuels,waste_generation,kt,0.0001027084429758742,2019,EXIOBASE v3.8.2 IOT_2016_ixi
HRV,Croatia,Europe,"Electrical, electronic and measuring equipment",blue_water_consumption,Mm3,0.00010204356357729866,2019,EXIOBASE v3.8.2 IOT_2016_ixi
DEU,Germany,Europe,Waste management and disposal,blue_water_consumption,Mm3,9.966061208307843e-05,2019,EXIOBASE v3.8.2 IOT_2016_ixi
LTU,Lithuania,Europe,Transport Equipment,waste_generation,kt,9.890906304940443e-05,2019,EXIOBASE v3.8.2 IOT_2016_ixi
BGR,Bulgaria,Europe,Waste management and disposal,blue_water_consumption,Mm3,9.888874819483754e-05,2019,EXIOBASE v3.8.2 IOT_2016_ixi
HUN,Hungary,Europe,Textile,blue_water_consumption,Mm3,9.864223465073337e-05,2019,EXIOBASE v3.8.2 IOT_2016_ixi
JPN,Japan,Asia and Pacific,Transport,waste_generation,kt,9.816057564568995e-05,2019,EXIOBASE v3.8.2 IOT_2016_ixi
LUX,Luxembourg,Europe,"Steam, hot water supply and water distribution",climate_change,kt CO2eq,9.691883835963726e-05,2019,EXIOBASE v3.8.2 IOT_2016_ixi
RoW Middle East,RoW Middle East,Middle East,Non-metallic mineral products,blue_water_consumption,Mm3,9.669954969459714e-05,2019,EXIOBASE v3.8.2 IOT_2016_ixi
MEX,Mexico,America,Paper Products,land_use,km2,9.648328771022955e-05,2019,EXIOBASE v3.8.2 IOT_2016_ixi
LUX,Luxembourg,Europe,Chemical,blue_water_consumption,Mm3,9.642197054560701e-05,2019,EXIOBASE v3.8.2 IOT_2016_ixi
ZAF,South Africa,Africa,Furniture and timber,blue_water_consumption,Mm3,9.56089381622178e-05,2019,EXIOBASE v3.8.2 IOT_2016_ixi
RoW Africa,RoW Africa,Africa,Construction,blue_water_consumption,Mm3,9.410506161832825e-05,2019,EXIOBASE v3.8.2 IOT_2016_ixi
GRC,Greece,Europe,Non-metallic mineral products,blue_water_consumption,Mm3,9.144072508828612e-05,2019,EXIOBASE v3.8.2 IOT_2016_ixi
SVK,Slovakia,Europe,Transport Equipment,land_use,km2,9.124659939934658e-05,2019,EXIOBASE v3.8.2 IOT_2016_ixi
CAN,Canada,America,Textile,blue_water_consumption,Mm3,9.085332245568377e-05,2019,EXIOBASE v3.8.2 IOT_2016_ixi
HRV,Croatia,Europe,Transport Equipment,waste_generation,kt,9.06326144854203e-05,2019,EXIOBASE v3.8.2 IOT_2016_ixi
ESP,Spain,Europe,Furniture and timber,blue_water_consumption,Mm3,8.842398379722704e-05,2019,EXIOBASE v3.8.2 IOT_2016_ixi
RoW Asia and Pacific,RoW Asia and Pacific,Asia and Pacific,"Electrical, electronic and measuring equipment",land_use,km2,8.817909040999638e-05,2019,EXIOBASE v3.8.2 IOT_2016_ixi
SVN,Slovenia,Europe,Waste management and disposal,land_use,km2,8.565487533037573e-05,2019,EXIOBASE v3.8.2 IOT_2016_ixi
LTU,Lithuania,Europe,Metal Products,waste_generation,kt,8.50417947308189e-05,2019,EXIOBASE v3.8.2 IOT_2016_ixi
LUX,Luxembourg,Europe,Textile,blue_water_consumption,Mm3,8.486566325835839e-05,2019,EXIOBASE v3.8.2 IOT_2016_ixi
NOR,Norway,Europe,Minerals and Metals,blue_water_consumption,Mm3,8.460522589745789e-05,2019,EXIOBASE v3.8.2 IOT_2016_ixi
LVA,Latvia,Europe,Transport Equipment,waste_generation,kt,8.451880702514987e-05,2019,EXIOBASE v3.8.2 IOT_2016_ixi
PRT,Portugal,Europe,General and special Machinery,blue_water_consumption,Mm3,8.284814202812605e-05,2019,EXIOBASE v3.8.2 IOT_2016_ixi
POL,Poland,Europe,Waste management and disposal,blue_water_consumption,Mm3,8.223446697313132e-05,2019,EXIOBASE v3.8.2 IOT_2016_ixi
IDN,Indonesia,Asia and Pacific,Textile,blue_water_consumption,Mm3,8.162106461178414e-05,2019,EXIOBASE v3.8.2 IOT_2016_ixi
MLT,Malta,Europe,Natural gas and gaseous fuels,climate_change,kt CO2eq,8.093964260857096e-05,2019,EXIOBASE v3.8.2 IOT_2016_ixi
RoW Africa,RoW Africa,Africa,Services,material_extraction,kt,8.075694982003955e-05,2019,EXIOBASE v3.8.2 IOT_2016_ixi
POL,Poland,Europe,Transport Equipment,blue_water_consumption,Mm3,8.015713754853364e-05,2019,EXIOBASE v3.8.2 IOT_2016_ixi
PRT,Portugal,Europe,"Steam, hot water supply and water distribution",waste_generation,kt,8.01543454429157e-05,2019,EXIOBASE v3.8.2 IOT_2016_ixi
AUT,Austria,Europe,Textile,blue_water_consumption,Mm3,7.99760605354765e-05,2019,EXIOBASE v3.8.2 IOT_2016_ixi
CYP,Cyprus,Middle East,Textile,climate_change,kt CO2eq,7.850774027769369e-05,2019,EXIOBASE v3.8.2 IOT_2016_ixi
EST,Estonia,Europe,General and special Machinery,waste_generation,kt,7.806009820463901e-05,2019,EXIOBASE v3.8.2 IOT_2016_ixi
SVK,Slovakia,Europe,Textile,land_use,km2,7.735844147833893e-05,2019,EXIOBASE v3.8.2 IOT_2016_ixi
BGR,Bulgaria,Europe,Transport,blue_water_consumption,Mm3,7.69915726298339e-05,2019,EXIOBASE v3.8.2 IOT_2016_ixi
LVA,Latvia,Europe,"Electrical, electronic and measuring equipment",waste_generation,kt,7.661136805401563e-05,2019,EXIOBASE v3.8.2 IOT_2016_ixi
ZAF,South Africa,Africa,Transport Equipment,blue_water_consumption,Mm3,7.627656523365331e-05,2019,EXIOBASE v3.8.2 IOT_2016_ixi
USA,United States,America,Services,land_use,km2,7.5170632967853e-05,2019,EXIOBASE v3.8.2 IOT_2016_ixi
POL,Poland,Europe,Coal and Petroleum,land_use,km2,7.391938256679374e-05,2019,EXIOBASE v3.8.2 IOT_2016_ixi
RoW Middle East,RoW Middle East,Middle East,General and special Machinery,blue_water_consumption,Mm3,7.391630919620591e-05,2019,EXIOBASE v3.8.2 IOT_2016_ixi
RoW Middle East,RoW Middle East,Middle East,Natural gas and gaseous fuels,land_use,km2,7.338357330487479e-05,2019,EXIOBASE v3.8.2 IOT_2016_ixi
RoW Africa,RoW Africa,Africa,General and special Machinery,material_extraction,kt,7.302429018496728e-05,2019,EXIOBASE v3.8.2 IOT_2016_ixi
LTU,Lithuania,Europe,Non-metallic mineral products,blue_water_consumption,Mm3,7.255690211173918e-05,2019,EXIOBASE v3.8.2 IOT_2016_ixi
USA,United States,America,Minerals and Metals,waste_generation,kt,7.188359740783214e-05,2019,EXIOBASE v3.8.2 IOT_2016_ixi
DNK,Denmark,Denmark,Services,blue_water_consumption,Mm3,7.121761932384811e-05,2019,EXIOBASE v3.8.2 IOT_2016_ixi
TWN,Taiwan,Asia and Pacific,Textile,land_use,km2,7.068375936120863e-05,2019,EXIOBASE v3.8.2 IOT_2016_ixi
USA,United States,America,Natural gas and gaseous fuels,waste_generation,kt,7.064623418482176e-05,2019,EXIOBASE v3.8.2 IOT_2016_ixi
SVN,Slovenia,Europe,Metal Products,blue_water_consumption,Mm3,7.045083392082523e-05,2019,EXIOBASE v3.8.2 IOT_2016_ixi
MLT,Malta,Europe,Transport,land_use,km2,7.013145915075925e-05,2019,EXIOBASE v3.8.2 IOT_2016_ixi
CAN,Canada,America,Furniture and timber,blue_water_consumption,Mm3,6.931393229960714e-05,2019,EXIOBASE v3.8.2 IOT_2016_ixi
ITA,Italy,Europe,Transport,blue_water_consumption,Mm3,6.824686230738839e-05,2019,EXIOBASE v3.8.2 IOT_2016_ixi
LVA,Latvia,Europe,Furniture and timber,blue_water_consumption,Mm3,6.774639928696016e-05,2019,EXIOBASE v3.8.2 IOT_2016_ixi
SVN,Slovenia,Europe,Coal and Petroleum,waste_generation,kt,6.759661753494571e-05,2019,EXIOBASE v3.8.2 IOT_2016_ixi
IRL,Ireland,Europe,Transport Equipment,waste_generation,kt,6.744864802441994e-05,2019,EXIOBASE v3.8.2 IOT_2016_ixi
ROU,Romania,Europe,Natural gas and gaseous fuels,waste_generation,kt,6.737732725995468e-05,2019,EXIOBASE v3.8.2 IOT_2016_ixi
LTU,Lithuania,Europe,Metal Products,blue_water_consumption,Mm3,6.720020039969695e-05,2019,EXIOBASE v3.8.2 IOT_2016_ixi
LUX,Luxembourg,Europe,Electricity,waste_generation,kt,6.671106639472314e-05,2019,EXIOBASE v3.8.2 IOT_2016_ixi
LTU,Lithuania,Europe,Services,blue_water_consumption,Mm3,6.636568961601646e-05,2019,EXIOBASE v3.8.2 IOT_2016_ixi
RoW America,RoW America,America,Natural gas and gaseous fuels,blue_water_consumption,Mm3,6.629407311212126e-05,2019,EXIOBASE v3.8.2 IOT_2016_ixi
POL,Poland,Europe,"Steam, hot water supply and water distribution",blue_water_consumption,Mm3,6.541803944758569e-05,2019,EXIOBASE v3.8.2 IOT_2016_ixi
CHE,Switzerland,Europe,Construction,blue_water_consumption,Mm3,6.47696772366154e-05,2019,EXIOBASE v3.8.2 IOT_2016_ixi
HRV,Croatia,Europe,Waste management and disposal,land_use,km2,6.391375393416058e-05,2019,EXIOBASE v3.8.2 IOT_2016_ixi
CYP,Cyprus,Middle East,Paper Products,blue_water_consumption,Mm3,6.388128399486249e-05,2019,EXIOBASE v3.8.2 IOT_2016_ixi
FIN,Finland,Europe,Coal and Petroleum,blue_water_consumption,Mm3,6.32457092219381e-05,2019,EXIOBASE v3.8.2 IOT_2016_ixi
BGR,Bulgaria,Europe,Coal and Petroleum,blue_water_consumption,Mm3,6.304160705405041e-05,2019,EXIOBASE v3.8.2 IOT_2016_ixi
IDN,Indonesia,Asia and Pacific,Furniture and timber,blue_water_consumption,Mm3,6.16190784438703e-05,2019,EXIOBASE v3.8.2 IOT_2016_ixi
ESP,Spain,Europe,Non-metallic mineral products,blue_water_consumption,Mm3,6.059560947714105e-05,2019,EXIOBASE v3.8.2 IOT_2016_ixi
AUS,Australia,Asia and Pacific,"Steam, hot water supply and water distribution",climate_change,kt CO2eq,6.058015857446485e-05,2019,EXIOBASE v3.8.2 IOT_2016_ixi
HUN,Hungary,Europe,Natural gas and gaseous fuels,material_extraction,kt,6.032212233120955e-05,2019,EXIOBASE v3.8.2 IOT_2016_ixi
DEU,Germany,Europe,Natural gas and gaseous fuels,blue_water_consumption,Mm3,5.975525821948264e-05,2019,EXIOBASE v3.8.2 IOT_2016_ixi
LUX,Luxembourg,Europe,Transport Equipment,waste_generation,kt,5.830509393170614e-05,2019,EXIOBASE v3.8.2 IOT_2016_ixi
GRC,Greece,Europe,Textile,blue_water_consumption,Mm3,5.828435621070799e-05,2019,EXIOBASE v3.8.2 IOT_2016_ixi
ROU,Romania,Europe,Minerals and Metals,waste_generation,kt,5.80210530201386e-05,2019,EXIOBASE v3.8.2 IOT_2016_ixi
POL,Poland,Europe,Minerals and Metals,land_use,km2,5.753248622379372e-05,2019,EXIOBASE v3.8.2 IOT_2016_ixi
EST,Estonia,Europe,Coal and Petroleum,waste_generation,kt,5.676712001154986e-05,2019,EXIOBASE v3.8.2 IOT_2016_ixi
BEL,Belgium,Europe,Transport Equipment,blue_water_consumption,Mm3,5.664780617445582e-05,2019,EXIOBASE v3.8.2 IOT_2016_ixi
USA,United States,America,Waste management and disposal,blue_water_consumption,Mm3,5.642146555579009e-05,2019,EXIOBASE v3.8.2 IOT_2016_ixi
CAN,Canada,America,Non-metallic mineral products,blue_water_consumption,Mm3,5.6276311388464894e-05,2019,EXIOBASE v3.8.2 IOT_2016_ixi
EST,Estonia,Europe,Services,blue_water_consumption,Mm3,5.613841065722577e-05,2019,EXIOBASE v3.8.2 IOT_2016_ixi
ESP,Spain,Europe,"Steam, hot water supply and water distribution",waste_generation,kt,5.592681330138386e-05,2019,EXIOBASE v3.8.2 IOT_2016_ixi
AUS,Australia,Asia and Pacific,General and special Machinery,blue_water_consumption,Mm3,5.592422016792432e-05,2019,EXIOBASE v3.8.2 IOT_2016_ixi
MEX,Mexico,America,Paper Products,blue_water_consumption,Mm3,5.550859061149452e-05,2019,EXIOBASE v3.8.2 IOT_2016_ixi
CAN,Canada,America,"Steam, hot water supply and water distribution",material_extraction,kt,5.467417623861697e-05,2019,EXIOBASE v3.8.2 IOT_2016_ixi
LUX,Luxembourg,Europe,"Electrical, electronic and measuring equipment",blue_water_consumption,Mm3,5.37396743290562e-05,2019,EXIOBASE v3.8.2 IOT_2016_ixi
IRL,Ireland,Europe,Furniture and timber,material_extraction,kt,5.365703798965822e-05,2019,EXIOBASE v3.8.2 IOT_2016_ixi
HRV,Croatia,Europe,Furniture and timber,blue_water_consumption,Mm3,5.328094572085432e-05,2019,EXIOBASE v3.8.2 IOT_2016_ixi
POL,Poland,Europe,Transport Equipment,material_extraction,kt,5.326311166086623e-05,2019,EXIOBASE v3.8.2 IOT_2016_ixi
BRA,Brazil,America,Natural gas and gaseous fuels,waste_generation,kt,5.320709948575331e-05,2019,EXIOBASE v3.8.2 IOT_2016_ixi
CYP,Cyprus,Middle East,Chemical,blue_water_consumption,Mm3,5.261458379893579e-05,2019,EXIOBASE v3.8.2 IOT_2016_ixi
MLT,Malta,Europe,Services,blue_water_consumption,Mm3,5.237433703334151e-05,2019,EXIOBASE v3.8.2 IOT_2016_ixi
BGR,Bulgaria,Europe,"Steam, hot water supply and water distribution",blue_water_consumption,Mm3,5.223887219957762e-05,2019,EXIOBASE v3.8.2 IOT_2016_ixi
HRV,Croatia,Europe,Textile,blue_water_consumption,Mm3,5.212527317471023e-05,2019,EXIOBASE v3.8.2 IOT_2016_ixi
SVN,Slovenia,Europe,Chemical,blue_water_consumption,Mm3,5.210132037314604e-05,2019,EXIOBASE v3.8.2 IOT_2016_ixi
IRL,Ireland,Europe,Minerals and Metals,waste_generation,kt,5.202353662105071e-05,2019,EXIOBASE v3.8.2 IOT_2016_ixi
AUT,Austria,Europe,Minerals and Metals,waste_generation,kt,5.1132863299677226e-05,2019,EXIOBASE v3.8.2 IOT_2016_ixi
LUX,Luxembourg,Europe,Natural gas and gaseous fuels,climate_change,kt CO2eq,5.089198238660956e-05,2019,EXIOBASE v3.8.2 IOT_2016_ixi
DNK,Denmark,Denmark,Minerals and Metals,blue_water_consumption,Mm3,5.0840657895964514e-05,2019,EXIOBASE v3.8.2 IOT_2016_ixi
HRV,Croatia,Europe,General and special Machinery,blue_water_consumption,Mm3,5.074497662867432e-05,2019,EXIOBASE v3.8.2 IOT_2016_ixi
BGR,Bulgaria,Europe,Metal Products,land_use,km2,5.042039736909291e-05,2019,EXIOBASE v3.8.2 IOT_2016_ixi
EST,Estonia,Europe,Natural gas and gaseous fuels,waste_generation,kt,5.021270417296296e-05,2019,EXIOBASE v3.8.2 IOT_2016_ixi
CYP,Cyprus,Middle East,"Electrical, electronic and measuring equipment",climate_change,kt CO2eq,5.009573482686955e-05,2019,EXIOBASE v3.8.2 IOT_2016_ixi
TWN,Taiwan,Asia and Pacific,Electricity,blue_water_consumption,Mm3,4.966433795209576e-05,2019,EXIOBASE v3.8.2 IOT_2016_ixi
NOR,Norway,Europe,Furniture and timber,material_extraction,kt,4.959664761747028e-05,2019,EXIOBASE v3.8.2 IOT_2016_ixi
CZE,Czech Republic,Europe,Coal and Petroleum,land_use,km2,4.927964673673325e-05,2019,EXIOBASE v3.8.2 IOT_2016_ixi
TUR,Turkey,Middle East,"Electrical, electronic and measuring equipment",blue_water_consumption,Mm3,4.8814856737115344e-05,2019,EXIOBASE v3.8.2 IOT_2016_ixi
CAN,Canada,America,Natural gas and gaseous fuels,blue_water_consumption,Mm3,4.8724388384185045e-05,2019,EXIOBASE v3.8.2 IOT_2016_ixi
EST,Estonia,Europe,"Electrical, electronic and measuring equipment",blue_water_consumption,Mm3,4.831908553327795e-05,2019,EXIOBASE v3.8.2 IOT_2016_ixi
SWE,Sweden,Europe,Minerals and Metals,blue_water_consumption,Mm3,4.80416835249101e-05,2019,EXIOBASE v3.8.2 IOT_2016_ixi
ROU,Romania,Europe,Furniture and timber,blue_water_consumption,Mm3,4.780059776297042e-05,2019,EXIOBASE v3.8.2 IOT_2016_ixi
POL,Poland,Europe,Natural gas and gaseous fuels,blue_water_consumption,Mm3,4.695943254624839e-05,2019,EXIOBASE v3.8.2 IOT_2016_ixi
MEX,Mexico,America,Transport Equipment,blue_water_consumption,Mm3,4.596597566792222e-05,2019,EXIOBASE v3.8.2 IOT_2016_ixi
CZE,Czech Republic,Europe,"Electrical, electronic and measuring equipment",blue_water_consumption,Mm3,4.5714925577867296e-05,2019,EXIOBASE v3.8.2 IOT_2016_ixi
CYP,Cyprus,Middle East,Metal Products,blue_water_consumption,Mm3,4.515954366826125e-05,2019,EXIOBASE v3.8.2 IOT_2016_ixi
HUN,Hungary,Europe,Metal Products,land_use,km2,4.442453890195393e-05,2019,EXIOBASE v3.8.2 IOT_2016_ixi
POL,Poland,Europe,Construction,blue_water_consumption,Mm3,4.356264889330852e-05,2019,EXIOBASE v3.8.2 IOT_2016_ixi
LUX,Luxembourg,Europe,Natural gas and gaseous fuels,waste_generation,kt,4.327013152057538e-05,2019,EXIOBASE v3.8.2 IOT_2016_ixi
PRT,Portugal,Europe,Minerals and Metals,waste_generation,kt,4.277808378440917e-05,2019,EXIOBASE v3.8.2 IOT_2016_ixi
CZE,Czech Republic,Europe,Natural gas and gaseous fuels,land_use,km2,4.264158363260812e-05,2019,EXIOBASE v3.8.2 IOT_2016_ixi
BEL,Belgium,Europe,Construction,blue_water_consumption,Mm3,4.2461704860425525e-05,2019,EXIOBASE v3.8.2 IOT_2016_ixi
AUT,Austria,Europe,"Electrical, electronic and measuring equipment",blue_water_consumption,Mm3,4.215679849924866e-05,2019,EXIOBASE v3.8.2 IOT_2016_ixi
CZE,Czech Republic,Europe,Furniture and timber,blue_water_consumption,Mm3,4.2061708786338306e-05,2019,EXIOBASE v3.8.2 IOT_2016_ixi
ZAF,South Africa,Africa,Services,blue_water_consumption,Mm3,4.181869109823241e-05,2019,EXIOBASE v3.8.2 IOT_2016_ixi
HUN,Hungary,Europe,Transport,blue_water_consumption,Mm3,4.0553385902896e-05,2019,EXIOBASE v3.8.2 IOT_2016_ixi
SVK,Slovakia,Europe,Construction,blue_water_consumption,Mm3,3.997512460488447e-05,2019,EXIOBASE v3.8.2 IOT_2016_ixi
BGR,Bulgaria,Europe,Minerals and Metals,waste_generation,kt,3.964462007895335e-05,2019,EXIOBASE v3.8.2 IOT_2016_ixi
LTU,Lithuania,Europe,Electricity,waste_generation,kt,3.9401401836807486e-05,2019,EXIOBASE v3.8.2 IOT_2016_ixi
RUS,Russia,Europe,Transport Equipment,land_use,km2,3.9223164413977936e-05,2019,EXIOBASE v3.8.2 IOT_2016_ixi
POL,Poland,Europe,Electricity,land_use,km2,3.913900858361465e-05,2019,EXIOBASE v3.8.2 IOT_2016_ixi
JPN,Japan,Asia and Pacific,"Steam, hot water supply and water distribution",waste_generation,kt,3.877545130737618e-05,2019,EXIOBASE v3.8.2 IOT_2016_ixi
SWE,Sweden,Europe,Minerals and Metals,land_use,km2,3.841998292813614e-05,2019,EXIOBASE v3.8.2 IOT_2016_ixi
LUX,Luxembourg,Europe,Natural gas and gaseous fuels,land_use,km2,3.777597297339412e-05,2019,EXIOBASE v3.8.2 IOT_2016_ixi
LVA,Latvia,Europe,Services,land_use,km2,3.770071949400042e-05,2019,EXIOBASE v3.8.2 IOT_2016_ixi
NOR,Norway,Europe,Transport Equipment,material_extraction,kt,3.732527937407489e-05,2019,EXIOBASE v3.8.2 IOT_2016_ixi
SVK,Slovakia,Europe,Minerals and Metals,blue_water_consumption,Mm3,3.713364202790036e-05,2019,EXIOBASE v3.8.2 IOT_2016_ixi
BEL,Belgium,Europe,"Steam, hot water supply and water distribution",waste_generation,kt,3.68100761878824e-05,2019,EXIOBASE v3.8.2 IOT_2016_ixi
TUR,Turkey,Middle East,Coal and Petroleum,blue_water_consumption,Mm3,3.6088264958300015e-05,2019,EXIOBASE v3.8.2 IOT_2016_ixi
RUS,Russia,Europe,Transport Equipment,blue_water_consumption,Mm3,3.572267185285002e-05,2019,EXIOBASE v3.8.2 IOT_2016_ixi
BRA,Brazil,America,Services,blue_water_consumption,Mm3,3.568705202629152e-05,2019,EXIOBASE v3.8.2 IOT_2016_ixi
DNK,Denmark,Denmark,Construction,blue_water_consumption,Mm3,3.558471634742625e-05,2019,EXIOBASE v3.8.2 IOT_2016_ixi
BGR,Bulgaria,Europe,Transport Equipment,blue_water_consumption,Mm3,3.536986772058448e-05,2019,EXIOBASE v3.8.2 IOT_2016_ixi
IRL,Ireland,Europe,Coal and Petroleum,blue_water_consumption,Mm3,3.5127849110140765e-05,2019,EXIOBASE v3.8.2 IOT_2016_ixi
RoW America,RoW America,America,Construction,blue_water_consumption,Mm3,3.510474664435564e-05,2019,EXIOBASE v3.8.2 IOT_2016_ixi
IND,India,Asia and Pacific,"Electrical, electronic and measuring equipment",material_extraction,kt,3.437886253917521e-05,2019,EXIOBASE v3.8.2 IOT_2016_ixi
JPN,Japan,Asia and Pacific,Electricity,blue_water_consumption,Mm3,3.386629659652222e-05,2019,EXIOBASE v3.8.2 IOT_2016_ixi
ESP,Spain,Europe,Coal and Petroleum,blue_water_consumption,Mm3,3.3067690568586805e-05,2019,EXIOBASE v3.8.2 IOT_2016_ixi
FIN,Finland,Europe,General and special Machinery,blue_water_consumption,Mm3,3.284132941119955e-05,2019,EXIOBASE v3.8.2 IOT_2016_ixi
CYP,Cyprus,Middle East,Furniture and timber,waste_generation,kt,3.2662057998283795e-05,2019,EXIOBASE v3.8.2 IOT_2016_ixi
MLT,Malta,Europe,Waste management and disposal,waste_generation,kt,3.251618035211949e-05,2019,EXIOBASE v3.8.2 IOT_2016_ixi
LUX,Luxembourg,Europe,Paper Products,blue_water_consumption,Mm3,3.2325615305868634e-05,2019,EXIOBASE v3.8.2 IOT_2016_ixi
SVK,Slovakia,Europe,Construction,land_use,km2,3.212128233808865e-05,2019,EXIOBASE v3.8.2 IOT_2016_ixi
AUT,Austria,Europe,General and special Machinery,blue_water_consumption,Mm3,3.209624439987642e-05,2019,EXIOBASE v3.8.2 IOT_2016_ixi
MEX,Mexico,America,General and special Machinery,land_use,km2,3.193747075849443e-05,2019,EXIOBASE v3.8.2 IOT_2016_ixi
KOR,South Korea,Asia and Pacific,Transport Equipment,blue_water_consumption,Mm3,3.145665379234513e-05,2019,EXIOBASE v3.8.2 IOT_2016_ixi
CZE,Czech Republic,Europe,General and special Machinery,blue_water_consumption,Mm3,3.141126074401325e-05,2019,EXIOBASE v3.8.2 IOT_2016_ixi
MEX,Mexico,America,Waste management and disposal,waste_generation,kt,3.132112154971949e-05,2019,EXIOBASE v3.8.2 IOT_2016_ixi
CHE,Switzerland,Europe,Furniture and timber,blue_water_consumption,Mm3,3.132080916730234e-05,2019,EXIOBASE v3.8.2 IOT_2016_ixi
DEU,Germany,Europe,Metal Products,material_extraction,kt,3.088088456933094e-05,2019,EXIOBASE v3.8.2 IOT_2016_ixi
AUT,Austria,Europe,Waste management and disposal,blue_water_consumption,Mm3,3.0834322819019105e-05,2019,EXIOBASE v3.8.2 IOT_2016_ixi
CZE,Czech Republic,Europe,Coal and Petroleum,blue_water_consumption,Mm3,3.067641891732072e-05,2019,EXIOBASE v3.8.2 IOT_2016_ixi
LTU,Lithuania,Europe,General and special Machinery,waste_generation,kt,3.053737411323183e-05,2019,EXIOBASE v3.8.2 IOT_2016_ixi
BEL,Belgium,Europe,Furniture and timber,blue_water_consumption,Mm3,3.02621020911074e-05,2019,EXIOBASE v3.8.2 IOT_2016_ixi
TUR,Turkey,Middle East,General and special Machinery,blue_water_consumption,Mm3,2.9808624788970994e-05,2019,EXIOBASE v3.8.2 IOT_2016_ixi
ESP,Spain,Europe,Construction,blue_water_consumption,Mm3,2.9153434855611437e-05,2019,EXIOBASE v3.8.2 IOT_2016_ixi
AUS,Australia,Asia and Pacific,Non-metallic mineral products,blue_water_consumption,Mm3,2.8963904430093833e-05,2019,EXIOBASE v3.8.2 IOT_2016_ixi
CHE,Switzerland,Europe,Waste management and disposal,blue_water_consumption,Mm3,2.848884456274424e-05,2019,EXIOBASE v3.8.2 IOT_2016_ixi
HUN,Hungary,Europe,Paper Products,land_use,km2,2.7762225537804703e-05,2019,EXIOBASE v3.8.2 IOT_2016_ixi
DEU,Germany,Europe,Minerals and Metals,blue_water_consumption,Mm3,2.7489379671862435e-05,2019,EXIOBASE v3.8.2 IOT_2016_ixi
LTU,Lithuania,Europe,Minerals and Metals,waste_generation,kt,2.743388056972067e-05,2019,EXIOBASE v3.8.2 IOT_2016_ixi
CYP,Cyprus,Middle East,Textile,blue_water_consumption,Mm3,2.6381916608216998e-05,2019,EXIOBASE v3.8.2 IOT_2016_ixi
RoW Middle East,RoW Middle East,Middle East,Coal and Petroleum,blue_water_consumption,Mm3,2.6301087297814286e-05,2019,EXIOBASE v3.8.2 IOT_2016_ixi
IND,India,Asia and Pacific,Food and catering,material_extraction,kt,2.565233752946594e-05,2019,EXIOBASE v3.8.2 IOT_2016_ixi
IND,India,Asia and Pacific,"Steam, hot water supply and water distribution",waste_generation,kt,2.5510143894793208e-05,2019,EXIOBASE v3.8.2 IOT_2016_ixi
EST,Estonia,Europe,Transport Equipment,blue_water_consumption,Mm3,2.523185874587867e-05,2019,EXIOBASE v3.8.2 IOT_2016_ixi
ITA,Italy,Europe,Coal and Petroleum,blue_water_consumption,Mm3,2.5001638030750147e-05,2019,EXIOBASE v3.8.2 IOT_2016_ixi
EST,Estonia,Europe,Textile,blue_water_consumption,Mm3,2.457907400720456e-05,2019,EXIOBASE v3.8.2 IOT_2016_ixi
NOR,Norway,Europe,Electricity,blue_water_consumption,Mm3,2.3650061441943532e-05,2019,EXIOBASE v3.8.2 IOT_2016_ixi
CZE,Czech Republic,Europe,Transport Equipment,blue_water_consumption,Mm3,2.345359363681255e-05,2019,EXIOBASE v3.8.2 IOT_2016_ixi
SVK,Slovakia,Europe,"Electrical, electronic and measuring equipment",blue_water_consumption,Mm3,2.3429889770139317e-05,2019,EXIOBASE v3.8.2 IOT_2016_ixi
IND,India,Asia and Pacific,Metal Products,material_extraction,kt,2.33116043430385e-05,2019,EXIOBASE v3.8.2 IOT_2016_ixi
LTU,Lithuania,Europe,General and special Machinery,blue_water_consumption,Mm3,2.306866583707241e-05,2019,EXIOBASE v3.8.2 IOT_2016_ixi
LVA,Latvia,Europe,Construction,blue_water_consumption,Mm3,2.2991171633833496e-05,2019,EXIOBASE v3.8.2 IOT_2016_ixi
DEU,Germany,Europe,Transport Equipment,blue_water_consumption,Mm3,2.288625109407383e-05,2019,EXIOBASE v3.8.2 IOT_2016_ixi
SVK,Slovakia,Europe,Minerals and Metals,land_use,km2,2.2834396378163343e-05,2019,EXIOBASE v3.8.2 IOT_2016_ixi
AUT,Austria,Europe,Minerals and Metals,blue_water_consumption,Mm3,2.2815499771992292e-05,2019,EXIOBASE v3.8.2 IOT_2016_ixi
RoW America,RoW America,America,Textile,material_extraction,kt,2.271167076016734e-05,2019,EXIOBASE v3.8.2 IOT_2016_ixi
MLT,Malta,Europe,Paper Products,waste_generation,kt,2.2493993024755255e-05,2019,EXIOBASE v3.8.2 IOT_2016_ixi
SVN,Slovenia,Europe,Paper Products,blue_water_consumption,Mm3,2.2397104640284555e-05,2019,EXIOBASE v3.8.2 IOT_2016_ixi
GRC,Greece,Europe,Natural gas and gaseous fuels,waste_generation,kt,2.1971410993072474e-05,2019,EXIOBASE v3.8.2 IOT_2016_ixi
BGR,Bulgaria,Europe,Minerals and Metals,land_use,km2,2.1674641233907098e-05,2019,EXIOBASE v3.8.2 IOT_2016_ixi
PRT,Portugal,Europe,Waste management and disposal,blue_water_consumption,Mm3,2.1557072848683544e-05,2019,EXIOBASE v3.8.2 IOT_2016_ixi
POL,Poland,Europe,Natural gas and gaseous fuels,land_use,km2,2.1290914635035987e-05,2019,EXIOBASE v3.8.2 IOT_2016_ixi
LTU,Lithuania,Europe,"Electrical, electronic and measuring equipment",blue_water_consumption,Mm3,2.1062683093470612e-05,2019,EXIOBASE v3.8.2 IOT_2016_ixi
POL,Poland,Europe,General and special Machinery,land_use,km2,2.075760168902252e-05,2019,EXIOBASE v3.8.2 IOT_2016_ixi
AUT,Austria,Europe,Metal Products,material_extraction,kt,2.075688571184984e-05,2019,EXIOBASE v3.8.2 IOT_2016_ixi
MLT,Malta,Europe,Electricity,waste_generation,kt,2.0732576623895846e-05,2019,EXIOBASE v3.8.2 IOT_2016_ixi
CZE,Czech Republic,Europe,Chemical,land_use,km2,2.0662083190503202e-05,2019,EXIOBASE v3.8.2 IOT_2016_ixi
SVK,Slovakia,Europe,Furniture and timber,blue_water_consumption,Mm3,2.0244919240299773e-05,2019,EXIOBASE v3.8.2 IOT_2016_ixi
HUN,Hungary,Europe,Coal and Petroleum,land_use,km2,2.018392653816118e-05,2019,EXIOBASE v3.8.2 IOT_2016_ixi
MLT,Malta,Europe,Chemical,waste_generation,kt,2.0047226402951975e-05,2019,EXIOBASE v3.8.2 IOT_2016_ixi
POL,Poland,Europe,Construction,land_use,km2,1.9445668017842463e-05,2019,EXIOBASE v3.8.2 IOT_2016_ixi
LUX,Luxembourg,Europe,General and special Machinery,blue_water_consumption,Mm3,1.9294544073307297e-05,2019,EXIOBASE v3.8.2 IOT_2016_ixi
ITA,Italy,Europe,"Steam, hot water supply and water distribution",blue_water_consumption,Mm3,1.9226469546318665e-05,2019,EXIOBASE v3.8.2 IOT_2016_ixi
NLD,Netherlands,Europe,Construction,blue_water_consumption,Mm3,1.9059865112713727e-05,2019,EXIOBASE v3.8.2 IOT_2016_ixi
LTU,Lithuania,Europe,Furniture and timber,blue_water_consumption,Mm3,1.9043096828728928e-05,2019,EXIOBASE v3.8.2 IOT_2016_ixi
BGR,Bulgaria,Europe,Natural gas and gaseous fuels,blue_water_consumption,Mm3,1.8879758240726344e-05,2019,EXIOBASE v3.8.2 IOT_2016_ixi
CYP,Cyprus,Middle East,Metal Products,waste_generation,kt,1.8622196652760437e-05,2019,EXIOBASE v3.8.2 IOT_2016_ixi
POL,Poland,Europe,"Steam, hot water supply and water distribution",land_use,km2,1.847369623654458e-05,2019,EXIOBASE v3.8.2 IOT_2016_ixi
RoW Middle East,RoW Middle East,Middle East,Natural gas and gaseous fuels,blue_water_consumption,Mm3,1.8456700065506905e-05,2019,EXIOBASE v3.8.2 IOT_2016_ixi
LTU,Lithuania,Europe,Waste management and disposal,waste_generation,kt,1.8415163202906053e-05,2019,EXIOBASE v3.8.2 IOT_2016_ixi
CZE,Czech Republic,Europe,Minerals and Metals,blue_water_consumption,Mm3,1.8276720046505818e-05,2019,EXIOBASE v3.8.2 IOT_2016_ixi
FIN,Finland,Europe,Waste management and disposal,blue_water_consumption,Mm3,1.826909859698617e-05,2019,EXIOBASE v3.8.2 IOT_2016_ixi
CZE,Czech Republic,Europe,Waste management and disposal,blue_water_consumption,Mm3,1.820494071870486e-05,2019,EXIOBASE v3.8.2 IOT_2016_ixi
BGR,Bulgaria,Europe,Minerals and Metals,blue_water_consumption,Mm3,1.8088675610530523e-05,2019,EXIOBASE v3.8.2 IOT_2016_ixi
LVA,Latvia,Europe,Construction,land_use,km2,1.791901899919443e-05,2019,EXIOBASE v3.8.2 IOT_2016_ixi
SVN,Slovenia,Europe,Transport,blue_water_consumption,Mm3,1.789230570361375e-05,2019,EXIOBASE v3.8.2 IOT_2016_ixi
MEX,Mexico,America,Non-metallic mineral products,blue_water_consumption,Mm3,1.7709183286550765e-05,2019,EXIOBASE v3.8.2 IOT_2016_ixi
PRT,Portugal,Europe,Minerals and Metals,blue_water_consumption,Mm3,1.7643597246130786e-05,2019,EXIOBASE v3.8.2 IOT_2016_ixi
SVN,Slovenia,Europe,"Steam, hot water supply and water distribution",blue_water_consumption,Mm3,1.743129832779361e-05,2019,EXIOBASE v3.8.2 IOT_2016_ixi
DNK,Denmark,Denmark,Transport,blue_water_consumption,Mm3,1.7416440167129203e-05,2019,EXIOBASE v3.8.2 IOT_2016_ixi
MEX,Mexico,America,Minerals and Metals,waste_generation,kt,1.7153754459031917e-05,2019,EXIOBASE v3.8.2 IOT_2016_ixi
ITA,Italy,Europe,Natural gas and gaseous fuels,blue_water_consumption,Mm3,1.699959073796292e-05,2019,EXIOBASE v3.8.2 IOT_2016_ixi
IND,India,Asia and Pacific,Non-metallic mineral products,land_use,km2,1.6660521133520014e-05,2019,EXIOBASE v3.8.2 IOT_2016_ixi
HRV,Croatia,Europe,Construction,material_extraction,kt,1.6340971993250972e-05,2019,EXIOBASE v3.8.2 IOT_2016_ixi
ESP,Spain,Europe,Transport Equipment,blue_water_consumption,Mm3,1.626116409883452e-05,2019,EXIOBASE v3.8.2 IOT_2016_ixi
TUR,Turkey,Middle East,Non-metallic mineral products,land_use,km2,1.6035243933276774e-05,2019,EXIOBASE v3.8.2 IOT_2016_ixi
SVK,Slovakia,Europe,General and special Machinery,blue_water_consumption,Mm3,1.5580841995655693e-05,2019,EXIOBASE v3.8.2 IOT_2016_ixi
FIN,Finland,Europe,Furniture and timber,blue_water_consumption,Mm3,1.553479005059157e-05,2019,EXIOBASE v3.8.2 IOT_2016_ixi
HUN,Hungary,Europe,Transport Equipment,land_use,km2,1.550050420282003e-05,2019,EXIOBASE v3.8.2 IOT_2016_ixi
CZE,Czech Republic,Europe,General and special Machinery,land_use,km2,1.544143239703147e-05,2019,EXIOBASE v3.8.2 IOT_2016_ixi
CZE,Czech Republic,Europe,Transport,blue_water_consumption,Mm3,1.5219454635422331e-05,2019,EXIOBASE v3.8.2 IOT_2016_ixi
CYP,Cyprus,Middle East,Transport Equipment,climate_change,kt CO2eq,1.5172155226384731e-05,2019,EXIOBASE v3.8.2 IOT_2016_ixi
LUX,Luxembourg,Europe,Transport Equipment,blue_water_consumption,Mm3,1.5161716273366598e-05,2019,EXIOBASE v3.8.2 IOT_2016_ixi
MLT,Malta,Europe,General and special Machinery,climate_change,kt CO2eq,1.5024370931888387e-05,2019,EXIOBASE v3.8.2 IOT_2016_ixi
RoW Middle East,RoW Middle East,Middle East,Transport Equipment,blue_water_consumption,Mm3,1.4704359067452427e-05,2019,EXIOBASE v3.8.2 IOT_2016_ixi
ESP,Spain,Europe,Minerals and Metals,blue_water_consumption,Mm3,1.4461130087867115e-05,2019,EXIOBASE v3.8.2 IOT_2016_ixi
SVN,Slovenia,Europe,General and special Machinery,blue_water_consumption,Mm3,1.4104376689850506e-05,2019,EXIOBASE v3.8.2 IOT_2016_ixi
CZE,Czech Republic,Europe,Construction,blue_water_consumption,Mm3,1.405657725762023e-05,2019,EXIOBASE v3.8.2 IOT_2016_ixi
RoW Africa,RoW Africa,Africa,"Steam, hot water supply and water distribution",blue_water_consumption,Mm3,1.386323707499564e-05,2019,EXIOBASE v3.8.2 IOT_2016_ixi
HUN,Hungary,Europe,General and special Machinery,land_use,km2,1.38251793064698e-05,2019,EXIOBASE v3.8.2 IOT_2016_ixi
HRV,Croatia,Europe,Furniture and timber,material_extraction,kt,1.306059581572687e-05,2019,EXIOBASE v3.8.2 IOT_2016_ixi
HRV,Croatia,Europe,Construction,blue_water_consumption,Mm3,1.2731130216151529e-05,2019,EXIOBASE v3.8.2 IOT_2016_ixi
CAN,Canada,America,Transport Equipment,blue_water_consumption,Mm3,1.2665780533970683e-05,2019,EXIOBASE v3.8.2 IOT_2016_ixi
TUR,Turkey,Middle East,Furniture and timber,blue_water_consumption,Mm3,1.2598380416310835e-05,2019,EXIOBASE v3.8.2 IOT_2016_ixi
LUX,Luxembourg,Europe,Furniture and timber,blue_water_consumption,Mm3,1.247868051120706e-05,2019,EXIOBASE v3.8.2 IOT_2016_ixi
PRT,Portugal,Europe,Coal and Petroleum,blue_water_consumption,Mm3,1.243090704922836e-05,2019,EXIOBASE v3.8.2 IOT_2016_ixi
EST,Estonia,Europe,Waste management and disposal,blue_water_consumption,Mm3,1.242673352593789e-05,2019,EXIOBASE v3.8.2 IOT_2016_ixi
MEX,Mexico,America,Transport,waste_generation,kt,1.2270939313172658e-05,2019,EXIOBASE v3.8.2 IOT_2016_ixi
LUX,Luxembourg,Europe,Services,land_use,km2,1.211271061635758e-05,2019,EXIOBASE v3.8.2 IOT_2016_ixi
LVA,Latvia,Europe,Coal and Petroleum,waste_generation,kt,1.2106707726510365e-05,2019,EXIOBASE v3.8.2 IOT_2016_ixi
HUN,Hungary,Europe,Waste management and disposal,blue_water_consumption,Mm3,1.180641537642301e-05,2019,EXIOBASE v3.8.2 IOT_2016_ixi
PRT,Portugal,Europe,Transport,blue_water_consumption,Mm3,1.1799042546648608e-05,2019,EXIOBASE v3.8.2 IOT_2016_ixi
IDN,Indonesia,Asia and Pacific,Non-metallic mineral products,blue_water_consumption,Mm3,1.1598163164349016e-05,2019,EXIOBASE v3.8.2 IOT_2016_ixi
GRC,Greece,Europe,"Steam, hot water supply and water distribution",waste_generation,kt,1.1448602739371525e-05,2019,EXIOBASE v3.8.2 IOT_2016_ixi
SVK,Slovakia,Europe,Transport Equipment,blue_water_consumption,Mm3,1.1326944021401211e-05,2019,EXIOBASE v3.8.2 IOT_2016_ixi
HUN,Hungary,Europe,Electricity,land_use,km2,1.1032408350905475e-05,2019,EXIOBASE v3.8.2 IOT_2016_ixi
RoW Middle East,RoW Middle East,Middle East,Furniture and timber,blue_water_consumption,Mm3,1.0810468742712212e-05,2019,EXIOBASE v3.8.2 IOT_2016_ixi
MEX,Mexico,America,Waste management and disposal,land_use,km2,1.078112945225333e-05,2019,EXIOBASE v3.8.2 IOT_2016_ixi
FRA,France,Europe,Minerals and Metals,waste_generation,kt,1.0575300416001948e-05,2019,EXIOBASE v3.8.2 IOT_2016_ixi
EST,Estonia,Europe,Metal Products,blue_water_consumption,Mm3,1.0294355138757827e-05,2019,EXIOBASE v3.8.2 IOT_2016_ixi
TUR,Turkey,Middle East,Transport Equipment,blue_water_consumption,Mm3,1.0132029601647413e-05,2019,EXIOBASE v3.8.2 IOT_2016_ixi
SVN,Slovenia,Europe,Coal and Petroleum,land_use,km2,1.009214653417906e-05,2019,EXIOBASE v3.8.2 IOT_2016_ixi
CYP,Cyprus,Middle East,Services,blue_water_consumption,Mm3,9.96078111972244e-06,2019,EXIOBASE v3.8.2 IOT_2016_ixi
FIN,Finland,Europe,Textile,blue_water_consumption,Mm3,9.83004877688913e-06,2019,EXIOBASE v3.8.2 IOT_2016_ixi
SWE,Sweden,Europe,Coal and Petroleum,blue_water_consumption,Mm3,9.76991121421547e-06,2019,EXIOBASE v3.8.2 IOT_2016_ixi
GBR,United Kingdom,Europe,"Steam, hot water supply and water distribution",waste_generation,kt,9.367869145054025e-06,2019,EXIOBASE v3.8.2 IOT_2016_ixi
CYP,Cyprus,Middle East,Non-metallic mineral products,blue_water_consumption,Mm3,9.101086209786915e-06,2019,EXIOBASE v3.8.2 IOT_2016_ixi
EST,Estonia,Europe,Minerals and Metals,waste_generation,kt,9.08627942396966e-06,2019,EXIOBASE v3.8.2 IOT_2016_ixi
BGR,Bulgaria,Europe,"Electrical, electronic and measuring equipment",land_use,km2,9.080853744045499e-06,2019,EXIOBASE v3.8.2 IOT_2016_ixi
IRL,Ireland,Europe,Transport Equipment,blue_water_consumption,Mm3,8.968652923203513e-06,2019,EXIOBASE v3.8.2 IOT_2016_ixi
SVN,Slovenia,Europe,Minerals and Metals,waste_generation,kt,8.921492171734779e-06,2019,EXIOBASE v3.8.2 IOT_2016_ixi
AUS,Australia,Asia and Pacific,Furniture and timber,blue_water_consumption,Mm3,8.757922136579544e-06,2019,EXIOBASE v3.8.2 IOT_2016_ixi
SVN,Slovenia,Europe,Non-metallic mineral products,blue_water_consumption,Mm3,8.43378824932263e-06,2019,EXIOBASE v3.8.2 IOT_2016_ixi
SWE,Sweden,Europe,Transport,blue_water_consumption,Mm3,8.366786648425858e-06,2019,EXIOBASE v3.8.2 IOT_2016_ixi
IRL,Ireland,Europe,Minerals and Metals,blue_water_consumption,Mm3,8.303663527838802e-06,2019,EXIOBASE v3.8.2 IOT_2016_ixi
AUT,Austria,Europe,Natural gas and gaseous fuels,blue_water_consumption,Mm3,8.146542162995692e-06,2019,EXIOBASE v3.8.2 IOT_2016_ixi
RoW Middle East,RoW Middle East,Middle East,Construction,blue_water_consumption,Mm3,8.14428731656302e-06,2019,EXIOBASE v3.8.2 IOT_2016_ixi
MEX,Mexico,America,Construction,waste_generation,kt,8.14202000178349e-06,2019,EXIOBASE v3.8.2 IOT_2016_ixi
RUS,Russia,Europe,"Electrical, electronic and measuring equipment",land_use,km2,8.141764402330644e-06,2019,EXIOBASE v3.8.2 IOT_2016_ixi
LVA,Latvia,Europe,Minerals and Metals,waste_generation,kt,8.115892105651666e-06,2019,EXIOBASE v3.8.2 IOT_2016_ixi
MLT,Malta,Europe,Non-metallic mineral products,waste_generation,kt,8.02219340479242e-06,2019,EXIOBASE v3.8.2 IOT_2016_ixi
BGR,Bulgaria,Europe,General and special Machinery,land_use,km2,7.766271038600209e-06,2019,EXIOBASE v3.8.2 IOT_2016_ixi
MLT,Malta,Europe,Paper Products,blue_water_consumption,Mm3,7.617831316561481e-06,2019,EXIOBASE v3.8.2 IOT_2016_ixi
EST,Estonia,Europe,General and special Machinery,blue_water_consumption,Mm3,7.558113283054096e-06,2019,EXIOBASE v3.8.2 IOT_2016_ixi
ZAF,South Africa,Africa,Non-metallic mineral products,blue_water_consumption,Mm3,7.542097816597773e-06,2019,EXIOBASE v3.8.2 IOT_2016_ixi
HUN,Hungary,Europe,Natural gas and gaseous fuels,land_use,km2,7.4890846500428235e-06,2019,EXIOBASE v3.8.2 IOT_2016_ixi
MEX,Mexico,America,General and special Machinery,material_extraction,kt,7.484721494846049e-06,2019,EXIOBASE v3.8.2 IOT_2016_ixi
SVK,Slovakia,Europe,Coal and Petroleum,land_use,km2,7.386899657949567e-06,2019,EXIOBASE v3.8.2 IOT_2016_ixi
RoW Middle East,RoW Middle East,Middle East,Waste management and disposal,blue_water_consumption,Mm3,7.3796492050013494e-06,2019,EXIOBASE v3.8.2 IOT_2016_ixi
PRT,Portugal,Europe,Furniture and timber,blue_water_consumption,Mm3,7.365548506813265e-06,2019,EXIOBASE v3.8.2 IOT_2016_ixi
LUX,Luxembourg,Europe,Transport,blue_water_consumption,Mm3,7.356885252497216e-06,2019,EXIOBASE v3.8.2 IOT_2016_ixi
SWE,Sweden,Europe,Coal and Petroleum,land_use,km2,7.310195207328153e-06,2019,EXIOBASE v3.8.2 IOT_2016_ixi
DEU,Germany,Europe,Construction,blue_water_consumption,Mm3,7.07988442175108e-06,2019,EXIOBASE v3.8.2 IOT_2016_ixi
SVN,Slovenia,Europe,Waste management and disposal,blue_water_consumption,Mm3,6.958871394683518e-06,2019,EXIOBASE v3.8.2 IOT_2016_ixi
HUN,Hungary,Europe,"Steam, hot water supply and water distribution",blue_water_consumption,Mm3,6.577603732609671e-06,2019,EXIOBASE v3.8.2 IOT_2016_ixi
TUR,Turkey,Middle East,General and special Machinery,land_use,km2,6.55151647070031e-06,2019,EXIOBASE v3.8.2 IOT_2016_ixi
RoW Middle East,RoW Middle East,Middle East,Coal and Petroleum,land_use,km2,6.544747106070485e-06,2019,EXIOBASE v3.8.2 IOT_2016_ixi
HUN,Hungary,Europe,Furniture and timber,material_extraction,kt,6.524855146556509e-06,2019,EXIOBASE v3.8.2 IOT_2016_ixi
HRV,Croatia,Europe,Transport Equipment,blue_water_consumption,Mm3,6.275629003728733e-06,2019,EXIOBASE v3.8.2 IOT_2016_ixi
JPN,Japan,Asia and Pacific,Transport Equipment,blue_water_consumption,Mm3,6.262505488819698e-06,2019,EXIOBASE v3.8.2 IOT_2016_ixi
PRT,Portugal,Europe,Construction,blue_water_consumption,Mm3,5.897220894489046e-06,2019,EXIOBASE v3.8.2 IOT_2016_ixi
MEX,Mexico,America,Services,land_use,km2,5.869285589004142e-06,2019,EXIOBASE v3.8.2 IOT_2016_ixi
FRA,France,Europe,Services,blue_water_consumption,Mm3,5.831339281625851e-06,2019,EXIOBASE v3.8.2 IOT_2016_ixi
CYP,Cyprus,Middle East,Furniture and timber,blue_water_consumption,Mm3,5.723399753097862e-06,2019,EXIOBASE v3.8.2 IOT_2016_ixi
PRT,Portugal,Europe,Transport Equipment,blue_water_consumption,Mm3,5.636677684960848e-06,2019,EXIOBASE v3.8.2 IOT_2016_ixi
MEX,Mexico,America,Non-metallic mineral products,land_use,km2,5.592634383185448e-06,2019,EXIOBASE v3.8.2 IOT_2016_ixi
LUX,Luxembourg,Europe,Textile,waste_generation,kt,5.513821733921858e-06,2019,EXIOBASE v3.8.2 IOT_2016_ixi
BEL,Belgium,Europe,General and special Machinery,blue_water_consumption,Mm3,5.463173310817977e-06,2019,EXIOBASE v3.8.2 IOT_2016_ixi
MLT,Malta,Europe,Furniture and timber,waste_generation,kt,5.347205030214976e-06,2019,EXIOBASE v3.8.2 IOT_2016_ixi
MLT,Malta,Europe,Metal Products,blue_water_consumption,Mm3,5.00590728791371e-06,2019,EXIOBASE v3.8.2 IOT_2016_ixi
LTU,Lithuania,Europe,Transport,blue_water_consumption,Mm3,4.99769936070612e-06,2019,EXIOBASE v3.8.2 IOT_2016_ixi
CYP,Cyprus,Middle East,General and special Machinery,waste_generation,kt,4.815111192983642e-06,2019,EXIOBASE v3.8.2 IOT_2016_ixi
AUT,Austria,Europe,Transport Equipment,blue_water_consumption,Mm3,4.730470049846182e-06,2019,EXIOBASE v3.8.2 IOT_2016_ixi
JPN,Japan,Asia and Pacific,Minerals and Metals,waste_generation,kt,4.6665298539703075e-06,2019,EXIOBASE v3.8.2 IOT_2016_ixi
LUX,Luxembourg,Europe,Minerals and Metals,waste_generation,kt,4.526433667867067e-06,2019,EXIOBASE v3.8.2 IOT_2016_ixi
FIN,Finland,Europe,Chemical,land_use,km2,4.523981302993337e-06,2019,EXIOBASE v3.8.2 IOT_2016_ixi
RUS,Russia,Europe,Construction,blue_water_consumption,Mm3,4.490956470368936e-06,2019,EXIOBASE v3.8.2 IOT_2016_ixi
CYP,Cyprus,Middle East,"Steam, hot water supply and water distribution",climate_change,kt CO2eq,4.482819082829851e-06,2019,EXIOBASE v3.8.2 IOT_2016_ixi
CYP,Cyprus,Middle East,Minerals and Metals,waste_generation,kt,4.446576121116568e-06,2019,EXIOBASE v3.8.2 IOT_2016_ixi
SVK,Slovakia,Europe,Chemical,land_use,km2,4.349263699426097e-06,2019,EXIOBASE v3.8.2 IOT_2016_ixi
CYP,Cyprus,Middle East,General and special Machinery,blue_water_consumption,Mm3,4.127289981230637e-06,2019,EXIOBASE v3.8.2 IOT_2016_ixi
FIN,Finland,Europe,Transport Equipment,blue_water_consumption,Mm3,4.117937385328616e-06,2019,EXIOBASE v3.8.2 IOT_2016_ixi
ESP,Spain,Europe,Waste management and disposal,blue_water_consumption,Mm3,4.104760699886477e-06,2019,EXIOBASE v3.8.2 IOT_2016_ixi
HUN,Hungary,Europe,Chemical,land_use,km2,4.077752157688573e-06,2019,EXIOBASE v3.8.2 IOT_2016_ixi
TUR,Turkey,Middle East,Minerals and Metals,blue_water_consumption,Mm3,4.069616453257737e-06,2019,EXIOBASE v3.8.2 IOT_2016_ixi
LUX,Luxembourg,Europe,"Steam, hot water supply and water distribution",waste_generation,kt,3.989988021092791e-06,2019,EXIOBASE v3.8.2 IOT_2016_ixi
CYP,Cyprus,Middle East,Transport Equipment,waste_generation,kt,3.963937115655539e-06,2019,EXIOBASE v3.8.2 IOT_2016_ixi
NOR,Norway,Europe,Construction,blue_water_consumption,Mm3,3.952940865147754e-06,2019,EXIOBASE v3.8.2 IOT_2016_ixi
LVA,Latvia,Europe,Transport Equipment,blue_water_consumption,Mm3,3.809476967954606e-06,2019,EXIOBASE v3.8.2 IOT_2016_ixi
CHE,Switzerland,Europe,Transport Equipment,blue_water_consumption,Mm3,3.7683649736727196e-06,2019,EXIOBASE v3.8.2 IOT_2016_ixi
BGR,Bulgaria,Europe,Non-metallic mineral products,land_use,km2,3.4413349125850567e-06,2019,EXIOBASE v3.8.2 IOT_2016_ixi
LUX,Luxembourg,Europe,Electricity,blue_water_consumption,Mm3,3.4279890652356442e-06,2019,EXIOBASE v3.8.2 IOT_2016_ixi
MLT,Malta,Europe,Transport Equipment,waste_generation,kt,3.4237718526622787e-06,2019,EXIOBASE v3.8.2 IOT_2016_ixi
MEX,Mexico,America,Coal and Petroleum,blue_water_consumption,Mm3,3.3911024465631907e-06,2019,EXIOBASE v3.8.2 IOT_2016_ixi
EST,Estonia,Europe,Coal and Petroleum,blue_water_consumption,Mm3,3.293694214049957e-06,2019,EXIOBASE v3.8.2 IOT_2016_ixi
NOR,Norway,Europe,General and special Machinery,material_extraction,kt,3.285026638932443e-06,2019,EXIOBASE v3.8.2 IOT_2016_ixi
ZAF,South Africa,Africa,Coal and Petroleum,blue_water_consumption,Mm3,3.283786066288905e-06,2019,EXIOBASE v3.8.2 IOT_2016_ixi
HRV,Croatia,Europe,Natural gas and gaseous fuels,blue_water_consumption,Mm3,3.1706976871641645e-06,2019,EXIOBASE v3.8.2 IOT_2016_ixi
MLT,Malta,Europe,Transport,blue_water_consumption,Mm3,3.1261371747066364e-06,2019,EXIOBASE v3.8.2 IOT_2016_ixi
ESP,Spain,Europe,"Steam, hot water supply and water distribution",blue_water_consumption,Mm3,3.1115117387738864e-06,2019,EXIOBASE v3.8.2 IOT_2016_ixi
RoW America,RoW America,America,"Steam, hot water supply and water distribution",blue_water_consumption,Mm3,3.094151646339355e-06,2019,EXIOBASE v3.8.2 IOT_2016_ixi
HRV,Croatia,Europe,Minerals and Metals,blue_water_consumption,Mm3,3.0552257885785476e-06,2019,EXIOBASE v3.8.2 IOT_2016_ixi
BRA,Brazil,America,Minerals and Metals,blue_water_consumption,Mm3,2.9928242455420563e-06,2019,EXIOBASE v3.8.2 IOT_2016_ixi
LTU,Lithuania,Europe,Textile,land_use,km2,2.983375243378147e-06,2019,EXIOBASE v3.8.2 IOT_2016_ixi
EST,Estonia,Europe,Transport,blue_water_consumption,Mm3,2.9816875065034556e-06,2019,EXIOBASE v3.8.2 IOT_2016_ixi
LTU,Lithuania,Europe,Waste management and disposal,blue_water_consumption,Mm3,2.977205227840983e-06,2019,EXIOBASE v3.8.2 IOT_2016_ixi
CZE,Czech Republic,Europe,"Steam, hot water supply and water distribution",blue_water_consumption,Mm3,2.783711217816978e-06,2019,EXIOBASE v3.8.2 IOT_2016_ixi
SVN,Slovenia,Europe,Textile,blue_water_consumption,Mm3,2.782838085122994e-06,2019,EXIOBASE v3.8.2 IOT_2016_ixi
GBR,United Kingdom,Europe,Waste management and disposal,blue_water_consumption,Mm3,2.638212847770586e-06,2019,EXIOBASE v3.8.2 IOT_2016_ixi
EST,Estonia,Europe,Services,land_use,km2,2.579745490561448e-06,2019,EXIOBASE v3.8.2 IOT_2016_ixi
HUN,Hungary,Europe,Construction,blue_water_consumption,Mm3,2.576620027697311e-06,2019,EXIOBASE v3.8.2 IOT_2016_ixi
CAN,Canada,America,Minerals and Metals,blue_water_consumption,Mm3,2.5710478347846347e-06,2019,EXIOBASE v3.8.2 IOT_2016_ixi
HRV,Croatia,Europe,Coal and Petroleum,blue_water_consumption,Mm3,2.5699549133351872e-06,2019,EXIOBASE v3.8.2 IOT_2016_ixi
CAN,Canada,America,Waste management and disposal,blue_water_consumption,Mm3,2.5564927753790436e-06,2019,EXIOBASE v3.8.2 IOT_2016_ixi
RoW Africa,RoW Africa,Africa,"Electrical, electronic and measuring equipment",material_extraction,kt,2.4535320301054783e-06,2019,EXIOBASE v3.8.2 IOT_2016_ixi
AUS,Australia,Asia and Pacific,"Steam, hot water supply and water distribution",waste_generation,kt,2.447885311440448e-06,2019,EXIOBASE v3.8.2 IOT_2016_ixi
HUN,Hungary,Europe,"Steam, hot water supply and water distribution",land_use,km2,2.399736306561933e-06,2019,EXIOBASE v3.8.2 IOT_2016_ixi
SVN,Slovenia,Europe,Furniture and timber,blue_water_consumption,Mm3,2.323478425052935e-06,2019,EXIOBASE v3.8.2 IOT_2016_ixi
EST,Estonia,Europe,Natural gas and gaseous fuels,blue_water_consumption,Mm3,2.2730309603250008e-06,2019,EXIOBASE v3.8.2 IOT_2016_ixi
HUN,Hungary,Europe,Minerals and Metals,land_use,km2,2.1744511593740494e-06,2019,EXIOBASE v3.8.2 IOT_2016_ixi
GRC,Greece,Europe,Waste management and disposal,blue_water_consumption,Mm3,2.174404473565912e-06,2019,EXIOBASE v3.8.2 IOT_2016_ixi
CZE,Czech Republic,Europe,Natural gas and gaseous fuels,blue_water_consumption,Mm3,2.124361101298016e-06,2019,EXIOBASE v3.8.2 IOT_2016_ixi
MLT,Malta,Europe,Chemical,blue_water_consumption,Mm3,2.093196602110834e-06,2019,EXIOBASE v3.8.2 IOT_2016_ixi
SWE,Sweden,Europe,"Steam, hot water supply and water distribution",blue_water_consumption,Mm3,2.069354590472972e-06,2019,EXIOBASE v3.8.2 IOT_2016_ixi
SVK,Slovakia,Europe,Natural gas and gaseous fuels,land_use,km2,2.0620303272982525e-06,2019,EXIOBASE v3.8.2 IOT_2016_ixi
MEX,Mexico,America,Transport Equipment,land_use,km2,2.0581844528465815e-06,2019,EXIOBASE v3.8.2 IOT_2016_ixi
EST,Estonia,Europe,Construction,blue_water_consumption,Mm3,1.986088502578538e-06,2019,EXIOBASE v3.8.2 IOT_2016_ixi
FRA,France,Europe,Waste management and disposal,blue_water_consumption,Mm3,1.970621928132779e-06,2019,EXIOBASE v3.8.2 IOT_2016_ixi
IRL,Ireland,Europe,"Steam, hot water supply and water distribution",waste_generation,kt,1.941942958080001e-06,2019,EXIOBASE v3.8.2 IOT_2016_ixi
CHE,Switzerland,Europe,Minerals and Metals,blue_water_consumption,Mm3,1.9401014253069756e-06,2019,EXIOBASE v3.8.2 IOT_2016_ixi
DEU,Germany,Europe,Transport,blue_water_consumption,Mm3,1.9185158426838758e-06,2019,EXIOBASE v3.8.2 IOT_2016_ixi
MEX,Mexico,America,"Steam, hot water supply and water distribution",waste_generation,kt,1.907339199548962e-06,2019,EXIOBASE v3.8.2 IOT_2016_ixi
MLT,Malta,Europe,Furniture and timber,blue_water_consumption,Mm3,1.8424256869097908e-06,2019,EXIOBASE v3.8.2 IOT_2016_ixi
SVK,Slovakia,Europe,"Steam, hot water supply and water distribution",blue_water_consumption,Mm3,1.7152694242302955e-06,2019,EXIOBASE v3.8.2 IOT_2016_ixi
TUR,Turkey,Middle East,Waste management and disposal,blue_water_consumption,Mm3,1.670809061535161e-06,2019,EXIOBASE v3.8.2 IOT_2016_ixi
MLT,Malta,Europe,"Electrical, electronic and measuring equipment",waste_generation,kt,1.662261852325577e-06,2019,EXIOBASE v3.8.2 IOT_2016_ixi
MEX,Mexico,America,Transport,blue_water_consumption,Mm3,1.6592954000245193e-06,2019,EXIOBASE v3.8.2 IOT_2016_ixi
HUN,Hungary,Europe,Natural gas and gaseous fuels,blue_water_consumption,Mm3,1.6518451161733404e-06,2019,EXIOBASE v3.8.2 IOT_2016_ixi
BRA,Brazil,America,Coal and Petroleum,blue_water_consumption,Mm3,1.5958380797824537e-06,2019,EXIOBASE v3.8.2 IOT_2016_ixi
MEX,Mexico,America,Services,blue_water_consumption,Mm3,1.5822233404498002e-06,2019,EXIOBASE v3.8.2 IOT_2016_ixi
CYP,Cyprus,Middle East,Textile,waste_generation,kt,1.5735838246490575e-06,2019,EXIOBASE v3.8.2 IOT_2016_ixi
HRV,Croatia,Europe,Textile,land_use,km2,1.5546175017942194e-06,2019,EXIOBASE v3.8.2 IOT_2016_ixi
LTU,Lithuania,Europe,Transport Equipment,blue_water_consumption,Mm3,1.5327352975445928e-06,2019,EXIOBASE v3.8.2 IOT_2016_ixi
EST,Estonia,Europe,Minerals and Metals,blue_water_consumption,Mm3,1.518516258079635e-06,2019,EXIOBASE v3.8.2 IOT_2016_ixi
GRC,Greece,Europe,Furniture and timber,blue_water_consumption,Mm3,1.5056633218975052e-06,2019,EXIOBASE v3.8.2 IOT_2016_ixi
MLT,Malta,Europe,Minerals and Metals,waste_generation,kt,1.468941649081594e-06,2019,EXIOBASE v3.8.2 IOT_2016_ixi
GRC,Greece,Europe,"Electrical, electronic and measuring equipment",blue_water_consumption,Mm3,1.4570622718917608e-06,2019,EXIOBASE v3.8.2 IOT_2016_ixi
BEL,Belgium,Europe,"Electrical, electronic and measuring equipment",blue_water_consumption,Mm3,1.4553800874090275e-06,2019,EXIOBASE v3.8.2 IOT_2016_ixi
MLT,Malta,Europe,Non-metallic mineral products,blue_water_consumption,Mm3,1.4208251328219196e-06,2019,EXIOBASE v3.8.2 IOT_2016_ixi
NLD,Netherlands,Europe,Minerals and Metals,blue_water_consumption,Mm3,1.4072988308798799e-06,2019,EXIOBASE v3.8.2 IOT_2016_ixi
NOR,Norway,Europe,"Steam, hot water supply and water distribution",blue_water_consumption,Mm3,1.362364625026168e-06,2019,EXIOBASE v3.8.2 IOT_2016_ixi
TUR,Turkey,Middle East,"Steam, hot water supply and water distribution",blue_water_consumption,Mm3,1.3449891681719694e-06,2019,EXIOBASE v3.8.2 IOT_2016_ixi
CZE,Czech Republic,Europe,Electricity,blue_water_consumption,Mm3,1.3035571397263762e-06,2019,EXIOBASE v3.8.2 IOT_2016_ixi
HRV,Croatia,Europe,Waste management and disposal,blue_water_consumption,Mm3,1.2986269486775229e-06,2019,EXIOBASE v3.8.2 IOT_2016_ixi
LVA,Latvia,Europe,Electricity,blue_water_consumption,Mm3,1.29322992813884e-06,2019,EXIOBASE v3.8.2 IOT_2016_ixi
MEX,Mexico,America,Waste management and disposal,blue_water_consumption,Mm3,1.264320981294695e-06,2019,EXIOBASE v3.8.2 IOT_2016_ixi
CYP,Cyprus,Middle East,"Electrical, electronic and measuring equipment",waste_generation,kt,1.2563710880855504e-06,2019,EXIOBASE v3.8.2 IOT_2016_ixi
HUN,Hungary,Europe,Minerals and Metals,blue_water_consumption,Mm3,1.2159464863304834e-06,2019,EXIOBASE v3.8.2 IOT_2016_ixi
SVK,Slovakia,Europe,Natural gas and gaseous fuels,blue_water_consumption,Mm3,1.182142453246491e-06,2019,EXIOBASE v3.8.2 IOT_2016_ixi
MEX,Mexico,America,Paper Products,material_extraction,kt,1.0956980825595402e-06,2019,EXIOBASE v3.8.2 IOT_2016_ixi
LTU,Lithuania,Europe,Construction,blue_water_consumption,Mm3,1.0548748467908326e-06,2019,EXIOBASE v3.8.2 IOT_2016_ixi
RoW Middle East,RoW Middle East,Middle East,Transport Equipment,land_use,km2,1.0410552873232174e-06,2019,EXIOBASE v3.8.2 IOT_2016_ixi
IRL,Ireland,Europe,Services,blue_water_consumption,Mm3,9.541363131538184e-07,2019,EXIOBASE v3.8.2 IOT_2016_ixi
LTU,Lithuania,Europe,Construction,land_use,km2,9.121556428630846e-07,2019,EXIOBASE v3.8.2 IOT_2016_ixi
RoW Middle East,RoW Middle East,Middle East,"Electrical, electronic and measuring equipment",land_use,km2,8.984342249103643e-07,2019,EXIOBASE v3.8.2 IOT_2016_ixi
AUS,Australia,Asia and Pacific,Transport Equipment,blue_water_consumption,Mm3,8.647941055102042e-07,2019,EXIOBASE v3.8.2 IOT_2016_ixi
ROU,Romania,Europe,Transport Equipment,blue_water_consumption,Mm3,8.502879667641378e-07,2019,EXIOBASE v3.8.2 IOT_2016_ixi
IDN,Indonesia,Asia and Pacific,Transport Equipment,blue_water_consumption,Mm3,8.184647020151089e-07,2019,EXIOBASE v3.8.2 IOT_2016_ixi
RoW Africa,RoW Africa,Africa,Textile,material_extraction,kt,8.134963934550677e-07,2019,EXIOBASE v3.8.2 IOT_2016_ixi
LTU,Lithuania,Europe,"Steam, hot water supply and water distribution",blue_water_consumption,Mm3,8.006044616323213e-07,2019,EXIOBASE v3.8.2 IOT_2016_ixi
MLT,Malta,Europe,"Steam, hot water supply and water distribution",waste_generation,kt,7.989672857389159e-07,2019,EXIOBASE v3.8.2 IOT_2016_ixi
MLT,Malta,Europe,Textile,waste_generation,kt,7.945854342166443e-07,2019,EXIOBASE v3.8.2 IOT_2016_ixi
LUX,Luxembourg,Europe,Construction,blue_water_consumption,Mm3,7.806802151272162e-07,2019,EXIOBASE v3.8.2 IOT_2016_ixi
ZAF,South Africa,Africa,"Steam, hot water supply and water distribution",waste_generation,kt,7.64057053746755e-07,2019,EXIOBASE v3.8.2 IOT_2016_ixi
GRC,Greece,Europe,General and special Machinery,blue_water_consumption,Mm3,7.499811432535666e-07,2019,EXIOBASE v3.8.2 IOT_2016_ixi
SWE,Sweden,Europe,Construction,blue_water_consumption,Mm3,7.335463169906962e-07,2019,EXIOBASE v3.8.2 IOT_2016_ixi
KOR,South Korea,Asia and Pacific,Textile,land_use,km2,7.230157828174532e-07,2019,EXIOBASE v3.8.2 IOT_2016_ixi
HRV,Croatia,Europe,Transport,blue_water_consumption,Mm3,7.223917542972524e-07,2019,EXIOBASE v3.8.2 IOT_2016_ixi
AUT,Austria,Europe,Construction,blue_water_consumption,Mm3,7.107276051020326e-07,2019,EXIOBASE v3.8.2 IOT_2016_ixi
AUT,Austria,Europe,Transport,blue_water_consumption,Mm3,6.708646967522837e-07,2019,EXIOBASE v3.8.2 IOT_2016_ixi
AUT,Austria,Europe,"Steam, hot water supply and water distribution",blue_water_consumption,Mm3,6.708085426645187e-07,2019,EXIOBASE v3.8.2 IOT_2016_ixi
MLT,Malta,Europe,Metal Products,waste_generation,kt,6.574621763505729e-07,2019,EXIOBASE v3.8.2 IOT_2016_ixi
ZAF,South Africa,Africa,Transport,blue_water_consumption,Mm3,6.519301092414735e-07,2019,EXIOBASE v3.8.2 IOT_2016_ixi
IND,India,Asia and Pacific,Waste management and disposal,blue_water_consumption,Mm3,6.474211433773784e-07,2019,EXIOBASE v3.8.2 IOT_2016_ixi
HRV,Croatia,Europe,"Steam, hot water supply and water distribution",blue_water_consumption,Mm3,5.788014098235032e-07,2019,EXIOBASE v3.8.2 IOT_2016_ixi
TUR,Turkey,Middle East,Construction,blue_water_consumption,Mm3,5.657282037867168e-07,2019,EXIOBASE v3.8.2 IOT_2016_ixi
CYP,Cyprus,Middle East,Electricity,waste_generation,kt,5.653909593579719e-07,2019,EXIOBASE v3.8.2 IOT_2016_ixi
EST,Estonia,Europe,"Steam, hot water supply and water distribution",blue_water_consumption,Mm3,5.468522575003413e-07,2019,EXIOBASE v3.8.2 IOT_2016_ixi
ZAF,South Africa,Africa,Waste management and disposal,blue_water_consumption,Mm3,5.41857439645611e-07,2019,EXIOBASE v3.8.2 IOT_2016_ixi
ESP,Spain,Europe,Natural gas and gaseous fuels,blue_water_consumption,Mm3,5.32394747018081e-07,2019,EXIOBASE v3.8.2 IOT_2016_ixi
MLT,Malta,Europe,Transport Equipment,blue_water_consumption,Mm3,5.167571820869265e-07,2019,EXIOBASE v3.8.2 IOT_2016_ixi
RoW Middle East,RoW Middle East,Middle East,"Steam, hot water supply and water distribution",blue_water_consumption,Mm3,4.872922658729478e-07,2019,EXIOBASE v3.8.2 IOT_2016_ixi
MLT,Malta,Europe,"Electrical, electronic and measuring equipment",land_use,km2,4.796886885166569e-07,2019,EXIOBASE v3.8.2 IOT_2016_ixi
IND,India,Asia and Pacific,General and special Machinery,material_extraction,kt,4.762638114609556e-07,2019,EXIOBASE v3.8.2 IOT_2016_ixi
LTU,Lithuania,Europe,Minerals and Metals,blue_water_consumption,Mm3,4.7450586813114185e-07,2019,EXIOBASE v3.8.2 IOT_2016_ixi
MLT,Malta,Europe,Textile,blue_water_consumption,Mm3,4.6406711269789237e-07,2019,EXIOBASE v3.8.2 IOT_2016_ixi
LUX,Luxembourg,Europe,Natural gas and gaseous fuels,blue_water_consumption,Mm3,4.53584792587631e-07,2019,EXIOBASE v3.8.2 IOT_2016_ixi
MLT,Malta,Europe,General and special Machinery,waste_generation,kt,4.4404359706396287e-07,2019,EXIOBASE v3.8.2 IOT_2016_ixi
SVN,Slovenia,Europe,Minerals and Metals,blue_water_consumption,Mm3,4.335618909672895e-07,2019,EXIOBASE v3.8.2 IOT_2016_ixi
CYP,Cyprus,Middle East,"Electrical, electronic and measuring equipment",blue_water_consumption,Mm3,3.90725069698126e-07,2019,EXIOBASE v3.8.2 IOT_2016_ixi
GRC,Greece,Europe,Natural gas and gaseous fuels,material_extraction,kt,3.758781816479875e-07,2019,EXIOBASE v3.8.2 IOT_2016_ixi
MLT,Malta,Europe,"Electrical, electronic and measuring equipment",blue_water_consumption,Mm3,3.4260567028811083e-07,2019,EXIOBASE v3.8.2 IOT_2016_ixi
SVN,Slovenia,Europe,Transport Equipment,blue_water_consumption,Mm3,3.287543015784814e-07,2019,EXIOBASE v3.8.2 IOT_2016_ixi
GRC,Greece,Europe,Coal and Petroleum,blue_water_consumption,Mm3,3.276443402345457e-07,2019,EXIOBASE v3.8.2 IOT_2016_ixi
RoW Africa,RoW Africa,Africa,Transport Equipment,material_extraction,kt,3.056094268720205e-07,2019,EXIOBASE v3.8.2 IOT_2016_ixi
MLT,Malta,Europe,General and special Machinery,blue_water_consumption,Mm3,2.947201955362908e-07,2019,EXIOBASE v3.8.2 IOT_2016_ixi
HUN,Hungary,Europe,Non-metallic mineral products,land_use,km2,2.78589596436355e-07,2019,EXIOBASE v3.8.2 IOT_2016_ixi
SVN,Slovenia,Europe,Coal and Petroleum,blue_water_consumption,Mm3,2.654111999415028e-07,2019,EXIOBASE v3.8.2 IOT_2016_ixi
RoW Africa,RoW Africa,Africa,Furniture and timber,material_extraction,kt,2.4748207808924944e-07,2019,EXIOBASE v3.8.2 IOT_2016_ixi
CHE,Switzerland,Europe,Coal and Petroleum,blue_water_consumption,Mm3,2.392249656961166e-07,2019,EXIOBASE v3.8.2 IOT_2016_ixi
LVA,Latvia,Europe,Coal and Petroleum,blue_water_consumption,Mm3,2.3569484029867382e-07,2019,EXIOBASE v3.8.2 IOT_2016_ixi
MLT,Malta,Europe,Construction,blue_water_consumption,Mm3,2.290085273235599e-07,2019,EXIOBASE v3.8.2 IOT_2016_ixi
LVA,Latvia,Europe,Natural gas and gaseous fuels,blue_water_consumption,Mm3,2.235241170643307e-07,2019,EXIOBASE v3.8.2 IOT_2016_ixi
LUX,Luxembourg,Europe,Minerals and Metals,blue_water_consumption,Mm3,2.11260017374523e-07,2019,EXIOBASE v3.8.2 IOT_2016_ixi
SVN,Slovenia,Europe,Construction,blue_water_consumption,Mm3,2.1114732802441125e-07,2019,EXIOBASE v3.8.2 IOT_2016_ixi
BRA,Brazil,America,Transport,blue_water_consumption,Mm3,1.9720757876835378e-07,2019,EXIOBASE v3.8.2 IOT_2016_ixi
BRA,Brazil,America,Waste management and disposal,blue_water_consumption,Mm3,1.907131844891877e-07,2019,EXIOBASE v3.8.2 IOT_2016_ixi
MEX,Mexico,America,Transport Equipment,material_extraction,kt,1.709445141483794e-07,2019,EXIOBASE v3.8.2 IOT_2016_ixi
NLD,Netherlands,Europe,Natural gas and gaseous fuels,blue_water_consumption,Mm3,1.679254513436616e-07,2019,EXIOBASE v3.8.2 IOT_2016_ixi
MLT,Malta,Europe,Coal and Petroleum,blue_water_consumption,Mm3,1.605787547081997e-07,2019,EXIOBASE v3.8.2 IOT_2016_ixi
CHE,Switzerland,Europe,"Steam, hot water supply and water distribution",blue_water_consumption,Mm3,1.5711975216558067e-07,2019,EXIOBASE v3.8.2 IOT_2016_ixi
LTU,Lithuania,Europe,Coal and Petroleum,blue_water_consumption,Mm3,1.54196368885492e-07,2019,EXIOBASE v3.8.2 IOT_2016_ixi
MLT,Malta,Europe,Electricity,blue_water_consumption,Mm3,1.456153684456999e-07,2019,EXIOBASE v3.8.2 IOT_2016_ixi
DNK,Denmark,Denmark,Coal and Petroleum,blue_water_consumption,Mm3,1.193793214488026e-07,2019,EXIOBASE v3.8.2 IOT_2016_ixi
BRA,Brazil,America,"Steam, hot water supply and water distribution",climate_change,kt CO2eq,1.12652255949657e-07,2019,EXIOBASE v3.8.2 IOT_2016_ixi
IDN,Indonesia,Asia and Pacific,Natural gas and gaseous fuels,waste_generation,kt,9.884563440576423e-08,2019,EXIOBASE v3.8.2 IOT_2016_ixi
MLT,Malta,Europe,Minerals and Metals,blue_water_consumption,Mm3,9.688878901830257e-08,2019,EXIOBASE v3.8.2 IOT_2016_ixi
AUS,Australia,Asia and Pacific,Natural gas and gaseous fuels,waste_generation,kt,9.197036866219009e-08,2019,EXIOBASE v3.8.2 IOT_2016_ixi
FIN,Finland,Europe,"Steam, hot water supply and water distribution",blue_water_consumption,Mm3,8.297497223335492e-08,2019,EXIOBASE v3.8.2 IOT_2016_ixi
MEX,Mexico,America,"Steam, hot water supply and water distribution",blue_water_consumption,Mm3,8.167482438039582e-08,2019,EXIOBASE v3.8.2 IOT_2016_ixi
CYP,Cyprus,Middle East,Coal and Petroleum,waste_generation,kt,6.778244201279018e-08,2019,EXIOBASE v3.8.2 IOT_2016_ixi
CYP,Cyprus,Middle East,Transport Equipment,blue_water_consumption,Mm3,6.652892049063634e-08,2019,EXIOBASE v3.8.2 IOT_2016_ixi
ZAF,South Africa,Africa,Natural gas and gaseous fuels,waste_generation,kt,6.269570771299663e-08,2019,EXIOBASE v3.8.2 IOT_2016_ixi
FIN,Finland,Europe,Transport,blue_water_consumption,Mm3,5.994700708912597e-08,2019,EXIOBASE v3.8.2 IOT_2016_ixi
CAN,Canada,America,Construction,blue_water_consumption,Mm3,5.683579292538626e-08,2019,EXIOBASE v3.8.2 IOT_2016_ixi
PRT,Portugal,Europe,"Steam, hot water supply and water distribution",blue_water_consumption,Mm3,4.533115917660838e-08,2019,EXIOBASE v3.8.2 IOT_2016_ixi
GBR,United Kingdom,Europe,Natural gas and gaseous fuels,blue_water_consumption,Mm3,4.262244327211937e-08,2019,EXIOBASE v3.8.2 IOT_2016_ixi
TUR,Turkey,Middle East,Natural gas and gaseous fuels,blue_water_consumption,Mm3,3.544692538935585e-08,2019,EXIOBASE v3.8.2 IOT_2016_ixi
ITA,Italy,Europe,Construction,blue_water_consumption,Mm3,3.522932980771641e-08,2019,EXIOBASE v3.8.2 IOT_2016_ixi
MEX,Mexico,America,Natural gas and gaseous fuels,blue_water_consumption,Mm3,3.063159540655865e-08,2019,EXIOBASE v3.8.2 IOT_2016_ixi
CYP,Cyprus,Middle East,"Steam, hot water supply and water distribution",waste_generation,kt,2.49101395938038e-08,2019,EXIOBASE v3.8.2 IOT_2016_ixi
MEX,Mexico,America,"Steam, hot water supply and water distribution",climate_change,kt CO2eq,2.475696927399107e-08,2019,EXIOBASE v3.8.2 IOT_2016_ixi
CYP,Cyprus,Middle East,Waste management and disposal,blue_water_consumption,Mm3,2.34972382535657e-08,2019,EXIOBASE v3.8.2 IOT_2016_ixi
RoW Africa,RoW Africa,Africa,"Steam, hot water supply and water distribution",material_extraction,kt,2.289642539517813e-08,2019,EXIOBASE v3.8.2 IOT_2016_ixi
GRC,Greece,Europe,Transport,blue_water_consumption,Mm3,2.279669466037862e-08,2019,EXIOBASE v3.8.2 IOT_2016_ixi
AUS,Australia,Asia and Pacific,Transport,blue_water_consumption,Mm3,1.931030731064395e-08,2019,EXIOBASE v3.8.2 IOT_2016_ixi
FIN,Finland,Europe,Construction,blue_water_consumption,Mm3,1.882699804740428e-08,2019,EXIOBASE v3.8.2 IOT_2016_ixi
PRT,Portugal,Europe,Natural gas and gaseous fuels,blue_water_consumption,Mm3,1.825153851400075e-08,2019,EXIOBASE v3.8.2 IOT_2016_ixi
LVA,Latvia,Europe,"Steam, hot water supply and water distribution",blue_water_consumption,Mm3,1.66761195160775e-08,2019,EXIOBASE v3.8.2 IOT_2016_ixi
GBR,United Kingdom,Europe,"Steam, hot water supply and water distribution",blue_water_consumption,Mm3,1.554529896504645e-08,2019,EXIOBASE v3.8.2 IOT_2016_ixi
RoW Africa,RoW Africa,Africa,Transport Equipment,land_use,km2,1.405847654905977e-08,2019,EXIOBASE v3.8.2 IOT_2016_ixi
CHE,Switzerland,Europe,Natural gas and gaseous fuels,blue_water_consumption,Mm3,1.2132750443304002e-08,2019,EXIOBASE v3.8.2 IOT_2016_ixi
CYP,Cyprus,Middle East,Natural gas and gaseous fuels,waste_generation,kt,8.715680270976149e-09,2019,EXIOBASE v3.8.2 IOT_2016_ixi
RoW Africa,RoW Africa,Africa,"Electrical, electronic and measuring equipment",land_use,km2,5.4840564203605796e-09,2019,EXIOBASE v3.8.2 IOT_2016_ixi
GRC,Greece,Europe,Transport Equipment,blue_water_consumption,Mm3,4.124790997393863e-09,2019,EXIOBASE v3.8.2 IOT_2016_ixi
IND,India,Asia and Pacific,Waste management and disposal,material_extraction,kt,3.187282110785356e-09,2019,EXIOBASE v3.8.2 IOT_2016_ixi
NLD,Netherlands,Europe,"Steam, hot water supply and water distribution",blue_water_consumption,Mm3,3.144687255511864e-09,2019,EXIOBASE v3.8.2 IOT_2016_ixi
LTU,Lithuania,Europe,Natural gas and gaseous fuels,blue_water_consumption,Mm3,2.467328451058102e-09,2019,EXIOBASE v3.8.2 IOT_2016_ixi
DNK,Denmark,Denmark,Natural gas and gaseous fuels,blue_water_consumption,Mm3,2.196017672250961e-09,2019,EXIOBASE v3.8.2 IOT_2016_ixi
IRL,Ireland,Europe,Natural gas and gaseous fuels,blue_water_consumption,Mm3,1.541011388316772e-09,2019,EXIOBASE v3.8.2 IOT_2016_ixi
IDN,Indonesia,Asia and Pacific,"Steam, hot water supply and water distribution",waste_generation,kt,1.453312104700887e-09,2019,EXIOBASE v3.8.2 IOT_2016_ixi
AUS,Australia,Asia and Pacific,Construction,blue_water_consumption,Mm3,1.336860311329395e-09,2019,EXIOBASE v3.8.2 IOT_2016_ixi
BRA,Brazil,America,"Steam, hot water supply and water distribution",waste_generation,kt,1.297557082447431e-09,2019,EXIOBASE v3.8.2 IOT_2016_ixi
FIN,Finland,Europe,Natural gas and gaseous fuels,blue_water_consumption,Mm3,8.6498256610559e-10,2019,EXIOBASE v3.8.2 IOT_2016_ixi
MLT,Malta,Europe,Coal and Petroleum,waste_generation,kt,3.48714686650273e-10,2019,EXIOBASE v3.8.2 IOT_2016_ixi
RoW Africa,RoW Africa,Africa,Construction,material_extraction,kt,2.037256601314492e-10,2019,EXIOBASE v3.8.2 IOT_2016_ixi
MEX,Mexico,America,Construction,blue_water_consumption,Mm3,1.648085367532172e-10,2019,EXIOBASE v3.8.2 IOT_2016_ixi
SWE,Sweden,Europe,Natural gas and gaseous fuels,blue_water_consumption,Mm3,4.536096883403284e-11,2019,EXIOBASE v3.8.2 IOT_2016_ixi
SVN,Slovenia,Europe,Natural gas and gaseous fuels,blue_water_consumption,Mm3,1.749416573457999e-11,2019,EXIOBASE v3.8.2 IOT_2016_ixi
FRA,France,Europe,Services,material_extraction,kt,5.739946022004789e-13,2019,EXIOBASE v3.8.2 IOT_2016_ixi
CYP,Cyprus,Middle East,Natural gas and gaseous fuels,climate_change,kt CO2eq,1.012996982229397e-13,2019,EXIOBASE v3.8.2 IOT_2016_ixi
MLT,Malta,Europe,Natural gas and gaseous fuels,waste_generation,kt,1.541405470603295e-14,2019,EXIOBASE v3.8.2 IOT_2016_ixi
