producing_country_iso3,producing_country_name,producing_world_region,producing_sector_group,indicator,unit,value,analysis_year,model
DNK,Denmark,Denmark,Minerals and Metals,material_extraction,kt,2091.0062133302636,2022,EXIOBASE v3.8.2 IOT_2022_ixi with Danish sea-transport reallocation (Rørmose Jensen & Iliev 2022) and capital endogenised (Södersten et al. 2018)
RoW Africa,RoW Africa,Africa,Food and catering,land_use,km2,1276.3072258451266,2022,EXIOBASE v3.8.2 IOT_2022_ixi with Danish sea-transport reallocation (Rørmose Jensen & Iliev 2022) and capital endogenised (Södersten et al. 2018)
RoW Asia and Pacific,RoW Asia and Pacific,Asia and Pacific,Food and catering,land_use,km2,706.1501143653501,2022,EXIOBASE v3.8.2 IOT_2022_ixi with Danish sea-transport reallocation (Rørmose Jensen & Iliev 2022) and capital endogenised (Södersten et al. 2018)
DNK,Denmark,Denmark,Non-metallic mineral products,material_extraction,kt,555.8377647406976,2022,EXIOBASE v3.8.2 IOT_2022_ixi with Danish sea-transport reallocation (Rørmose Jensen & Iliev 2022) and capital endogenised (Södersten et al. 2018)
CHN,China,Asia and Pacific,Minerals and Metals,material_extraction,kt,554.8745320543462,2022,EXIOBASE v3.8.2 IOT_2022_ixi with Danish sea-transport reallocation (Rørmose Jensen & Iliev 2022) and capital endogenised (Södersten et al. 2018)
DNK,Denmark,Denmark,Food and catering,land_use,km2,486.38111366322653,2022,EXIOBASE v3.8.2 IOT_2022_ixi with Danish sea-transport reallocation (Rørmose Jensen & Iliev 2022) and capital endogenised (Södersten et al. 2018)
RoW Europe,RoW Europe,Europe,Food and catering,land_use,km2,456.5956594277084,2022,EXIOBASE v3.8.2 IOT_2022_ixi with Danish sea-transport reallocation (Rørmose Jensen & Iliev 2022) and capital endogenised (Södersten et al. 2018)
DNK,Denmark,Denmark,Private travel,climate_change,kt CO2eq,358.1692971207127,2022,EXIOBASE v3.8.2 IOT_2022_ixi with Danish sea-transport reallocation (Rørmose Jensen & Iliev 2022) and capital endogenised (Södersten et al. 2018)
RUS,Russia,Europe,Food and catering,land_use,km2,355.21686217580014,2022,EXIOBASE v3.8.2 IOT_2022_ixi with Danish sea-transport reallocation (Rørmose Jensen & Iliev 2022) and capital endogenised (Södersten et al. 2018)
RoW Asia and Pacific,RoW Asia and Pacific,Asia and Pacific,Minerals and Metals,material_extraction,kt,334.9616429412295,2022,EXIOBASE v3.8.2 IOT_2022_ixi with Danish sea-transport reallocation (Rørmose Jensen & Iliev 2022) and capital endogenised (Södersten et al. 2018)
RoW America,RoW America,America,Food and catering,land_use,km2,329.12838293380855,2022,EXIOBASE v3.8.2 IOT_2022_ixi with Danish sea-transport reallocation (Rørmose Jensen & Iliev 2022) and capital endogenised (Södersten et al. 2018)
CHN,China,Asia and Pacific,Food and catering,land_use,km2,278.5263835045773,2022,EXIOBASE v3.8.2 IOT_2022_ixi with Danish sea-transport reallocation (Rørmose Jensen & Iliev 2022) and capital endogenised (Södersten et al. 2018)
AUS,Australia,Asia and Pacific,Food and catering,land_use,km2,261.8066370157996,2022,EXIOBASE v3.8.2 IOT_2022_ixi with Danish sea-transport reallocation (Rørmose Jensen & Iliev 2022) and capital endogenised (Södersten et al. 2018)
SWE,Sweden,Europe,Food and catering,land_use,km2,258.9277687901578,2022,EXIOBASE v3.8.2 IOT_2022_ixi with Danish sea-transport reallocation (Rørmose Jensen & Iliev 2022) and capital endogenised (Södersten et al. 2018)
GLO,Unallocated,Unallocated,Private travel,climate_change,kt CO2eq,245.7291104137513,2022,EXIOBASE v3.8.2 IOT_2022_ixi with Danish sea-transport reallocation (Rørmose Jensen & Iliev 2022) and capital endogenised (Södersten et al. 2018)
RoW Middle East,RoW Middle East,Middle East,Minerals and Metals,material_extraction,kt,231.65435012965798,2022,EXIOBASE v3.8.2 IOT_2022_ixi with Danish sea-transport reallocation (Rørmose Jensen & Iliev 2022) and capital endogenised (Södersten et al. 2018)
DNK,Denmark,Denmark,Services,climate_change,kt CO2eq,217.16956073056994,2022,EXIOBASE v3.8.2 IOT_2022_ixi with Danish sea-transport reallocation (Rørmose Jensen & Iliev 2022) and capital endogenised (Södersten et al. 2018)
NOR,Norway,Europe,Food and catering,land_use,km2,213.07879284820126,2022,EXIOBASE v3.8.2 IOT_2022_ixi with Danish sea-transport reallocation (Rørmose Jensen & Iliev 2022) and capital endogenised (Södersten et al. 2018)
USA,United States,America,Food and catering,land_use,km2,206.73041984169407,2022,EXIOBASE v3.8.2 IOT_2022_ixi with Danish sea-transport reallocation (Rørmose Jensen & Iliev 2022) and capital endogenised (Södersten et al. 2018)
RoW Middle East,RoW Middle East,Middle East,Food and catering,land_use,km2,197.14258042787367,2022,EXIOBASE v3.8.2 IOT_2022_ixi with Danish sea-transport reallocation (Rørmose Jensen & Iliev 2022) and capital endogenised (Södersten et al. 2018)
IND,India,Asia and Pacific,Minerals and Metals,material_extraction,kt,186.49754162754397,2022,EXIOBASE v3.8.2 IOT_2022_ixi with Danish sea-transport reallocation (Rørmose Jensen & Iliev 2022) and capital endogenised (Södersten et al. 2018)
DEU,Germany,Europe,Minerals and Metals,material_extraction,kt,173.82173068161143,2022,EXIOBASE v3.8.2 IOT_2022_ixi with Danish sea-transport reallocation (Rørmose Jensen & Iliev 2022) and capital endogenised (Södersten et al. 2018)
BRA,Brazil,America,Food and catering,land_use,km2,164.98009093378843,2022,EXIOBASE v3.8.2 IOT_2022_ixi with Danish sea-transport reallocation (Rørmose Jensen & Iliev 2022) and capital endogenised (Södersten et al. 2018)
DNK,Denmark,Denmark,Food and catering,climate_change,kt CO2eq,156.36236588668197,2022,EXIOBASE v3.8.2 IOT_2022_ixi with Danish sea-transport reallocation (Rørmose Jensen & Iliev 2022) and capital endogenised (Södersten et al. 2018)
DNK,Denmark,Denmark,Transport,climate_change,kt CO2eq,152.60675744459525,2022,EXIOBASE v3.8.2 IOT_2022_ixi with Danish sea-transport reallocation (Rørmose Jensen & Iliev 2022) and capital endogenised (Södersten et al. 2018)
POL,Poland,Europe,Minerals and Metals,material_extraction,kt,148.90040208910568,2022,EXIOBASE v3.8.2 IOT_2022_ixi with Danish sea-transport reallocation (Rørmose Jensen & Iliev 2022) and capital endogenised (Södersten et al. 2018)
RUS,Russia,Europe,Coal and Petroleum,climate_change,kt CO2eq,148.62621370540057,2022,EXIOBASE v3.8.2 IOT_2022_ixi with Danish sea-transport reallocation (Rørmose Jensen & Iliev 2022) and capital endogenised (Södersten et al. 2018)
RoW Europe,RoW Europe,Europe,Chemical,material_extraction,kt,140.3365700223721,2022,EXIOBASE v3.8.2 IOT_2022_ixi with Danish sea-transport reallocation (Rørmose Jensen & Iliev 2022) and capital endogenised (Södersten et al. 2018)
RoW Asia and Pacific,RoW Asia and Pacific,Asia and Pacific,Transport,climate_change,kt CO2eq,135.61218974597236,2022,EXIOBASE v3.8.2 IOT_2022_ixi with Danish sea-transport reallocation (Rørmose Jensen & Iliev 2022) and capital endogenised (Södersten et al. 2018)
RUS,Russia,Europe,Minerals and Metals,material_extraction,kt,133.48004121838625,2022,EXIOBASE v3.8.2 IOT_2022_ixi with Danish sea-transport reallocation (Rørmose Jensen & Iliev 2022) and capital endogenised (Södersten et al. 2018)
DNK,Denmark,Denmark,Operational impact,climate_change,kt CO2eq,130.3030621077094,2022,EXIOBASE v3.8.2 IOT_2022_ixi with Danish sea-transport reallocation (Rørmose Jensen & Iliev 2022) and capital endogenised (Södersten et al. 2018)
DNK,Denmark,Denmark,"Steam, hot water supply and water distribution",climate_change,kt CO2eq,129.46205232197602,2022,EXIOBASE v3.8.2 IOT_2022_ixi with Danish sea-transport reallocation (Rørmose Jensen & Iliev 2022) and capital endogenised (Södersten et al. 2018)
IND,India,Asia and Pacific,Food and catering,land_use,km2,121.20401286444367,2022,EXIOBASE v3.8.2 IOT_2022_ixi with Danish sea-transport reallocation (Rørmose Jensen & Iliev 2022) and capital endogenised (Södersten et al. 2018)
DNK,Denmark,Denmark,Waste management and disposal,climate_change,kt CO2eq,111.80903646141294,2022,EXIOBASE v3.8.2 IOT_2022_ixi with Danish sea-transport reallocation (Rørmose Jensen & Iliev 2022) and capital endogenised (Södersten et al. 2018)
USA,United States,America,Minerals and Metals,material_extraction,kt,109.43964234772673,2022,EXIOBASE v3.8.2 IOT_2022_ixi with Danish sea-transport reallocation (Rørmose Jensen & Iliev 2022) and capital endogenised (Södersten et al. 2018)
SWE,Sweden,Europe,Minerals and Metals,material_extraction,kt,108.77559252787833,2022,EXIOBASE v3.8.2 IOT_2022_ixi with Danish sea-transport reallocation (Rørmose Jensen & Iliev 2022) and capital endogenised (Södersten et al. 2018)
RoW America,RoW America,America,Minerals and Metals,material_extraction,kt,103.37536415309404,2022,EXIOBASE v3.8.2 IOT_2022_ixi with Danish sea-transport reallocation (Rørmose Jensen & Iliev 2022) and capital endogenised (Södersten et al. 2018)
POL,Poland,Europe,Food and catering,land_use,km2,103.0928770744006,2022,EXIOBASE v3.8.2 IOT_2022_ixi with Danish sea-transport reallocation (Rørmose Jensen & Iliev 2022) and capital endogenised (Södersten et al. 2018)
EST,Estonia,Europe,Minerals and Metals,climate_change,kt CO2eq,100.14348273446414,2022,EXIOBASE v3.8.2 IOT_2022_ixi with Danish sea-transport reallocation (Rørmose Jensen & Iliev 2022) and capital endogenised (Södersten et al. 2018)
RoW Africa,RoW Africa,Africa,Food and catering,climate_change,kt CO2eq,96.91180066956785,2022,EXIOBASE v3.8.2 IOT_2022_ixi with Danish sea-transport reallocation (Rørmose Jensen & Iliev 2022) and capital endogenised (Södersten et al. 2018)
RoW Africa,RoW Africa,Africa,Minerals and Metals,material_extraction,kt,96.32507105475707,2022,EXIOBASE v3.8.2 IOT_2022_ixi with Danish sea-transport reallocation (Rørmose Jensen & Iliev 2022) and capital endogenised (Södersten et al. 2018)
DEU,Germany,Europe,Transport,climate_change,kt CO2eq,93.27236657202027,2022,EXIOBASE v3.8.2 IOT_2022_ixi with Danish sea-transport reallocation (Rørmose Jensen & Iliev 2022) and capital endogenised (Södersten et al. 2018)
DNK,Denmark,Denmark,Electricity,climate_change,kt CO2eq,92.6067734993843,2022,EXIOBASE v3.8.2 IOT_2022_ixi with Danish sea-transport reallocation (Rørmose Jensen & Iliev 2022) and capital endogenised (Södersten et al. 2018)
DNK,Denmark,Denmark,Non-metallic mineral products,climate_change,kt CO2eq,92.40727903046141,2022,EXIOBASE v3.8.2 IOT_2022_ixi with Danish sea-transport reallocation (Rørmose Jensen & Iliev 2022) and capital endogenised (Södersten et al. 2018)
CAN,Canada,America,Food and catering,land_use,km2,90.65952753112008,2022,EXIOBASE v3.8.2 IOT_2022_ixi with Danish sea-transport reallocation (Rørmose Jensen & Iliev 2022) and capital endogenised (Södersten et al. 2018)
TUR,Turkey,Middle East,Minerals and Metals,material_extraction,kt,90.49773771142755,2022,EXIOBASE v3.8.2 IOT_2022_ixi with Danish sea-transport reallocation (Rørmose Jensen & Iliev 2022) and capital endogenised (Södersten et al. 2018)
RoW Middle East,RoW Middle East,Middle East,Transport,climate_change,kt CO2eq,81.42068776308916,2022,EXIOBASE v3.8.2 IOT_2022_ixi with Danish sea-transport reallocation (Rørmose Jensen & Iliev 2022) and capital endogenised (Södersten et al. 2018)
RoW Asia and Pacific,RoW Asia and Pacific,Asia and Pacific,Food and catering,climate_change,kt CO2eq,77.66553942112172,2022,EXIOBASE v3.8.2 IOT_2022_ixi with Danish sea-transport reallocation (Rørmose Jensen & Iliev 2022) and capital endogenised (Södersten et al. 2018)
AUS,Australia,Asia and Pacific,Minerals and Metals,material_extraction,kt,73.93295070760496,2022,EXIOBASE v3.8.2 IOT_2022_ixi with Danish sea-transport reallocation (Rørmose Jensen & Iliev 2022) and capital endogenised (Södersten et al. 2018)
CHN,China,Asia and Pacific,Electricity,climate_change,kt CO2eq,73.92749591228238,2022,EXIOBASE v3.8.2 IOT_2022_ixi with Danish sea-transport reallocation (Rørmose Jensen & Iliev 2022) and capital endogenised (Södersten et al. 2018)
EST,Estonia,Europe,Food and catering,land_use,km2,70.6328225609207,2022,EXIOBASE v3.8.2 IOT_2022_ixi with Danish sea-transport reallocation (Rørmose Jensen & Iliev 2022) and capital endogenised (Södersten et al. 2018)
NOR,Norway,Europe,Minerals and Metals,material_extraction,kt,69.89841426635371,2022,EXIOBASE v3.8.2 IOT_2022_ixi with Danish sea-transport reallocation (Rørmose Jensen & Iliev 2022) and capital endogenised (Södersten et al. 2018)
FIN,Finland,Europe,Food and catering,land_use,km2,69.5034201597218,2022,EXIOBASE v3.8.2 IOT_2022_ixi with Danish sea-transport reallocation (Rørmose Jensen & Iliev 2022) and capital endogenised (Södersten et al. 2018)
LVA,Latvia,Europe,Food and catering,land_use,km2,66.59483281094657,2022,EXIOBASE v3.8.2 IOT_2022_ixi with Danish sea-transport reallocation (Rørmose Jensen & Iliev 2022) and capital endogenised (Södersten et al. 2018)
USA,United States,America,Coal and Petroleum,climate_change,kt CO2eq,65.71238476709124,2022,EXIOBASE v3.8.2 IOT_2022_ixi with Danish sea-transport reallocation (Rørmose Jensen & Iliev 2022) and capital endogenised (Södersten et al. 2018)
RoW Europe,RoW Europe,Europe,"Steam, hot water supply and water distribution",climate_change,kt CO2eq,63.45868179314807,2022,EXIOBASE v3.8.2 IOT_2022_ixi with Danish sea-transport reallocation (Rørmose Jensen & Iliev 2022) and capital endogenised (Södersten et al. 2018)
DEU,Germany,Europe,Food and catering,land_use,km2,63.28967673096618,2022,EXIOBASE v3.8.2 IOT_2022_ixi with Danish sea-transport reallocation (Rørmose Jensen & Iliev 2022) and capital endogenised (Södersten et al. 2018)
NOR,Norway,Europe,Coal and Petroleum,climate_change,kt CO2eq,60.26316299760898,2022,EXIOBASE v3.8.2 IOT_2022_ixi with Danish sea-transport reallocation (Rørmose Jensen & Iliev 2022) and capital endogenised (Södersten et al. 2018)
DNK,Denmark,Denmark,Chemical,climate_change,kt CO2eq,55.997695612012315,2022,EXIOBASE v3.8.2 IOT_2022_ixi with Danish sea-transport reallocation (Rørmose Jensen & Iliev 2022) and capital endogenised (Södersten et al. 2018)
RoW Europe,RoW Europe,Europe,Food and catering,climate_change,kt CO2eq,55.850365959940916,2022,EXIOBASE v3.8.2 IOT_2022_ixi with Danish sea-transport reallocation (Rørmose Jensen & Iliev 2022) and capital endogenised (Södersten et al. 2018)
RoW Asia and Pacific,RoW Asia and Pacific,Asia and Pacific,Electricity,climate_change,kt CO2eq,53.585997954959,2022,EXIOBASE v3.8.2 IOT_2022_ixi with Danish sea-transport reallocation (Rørmose Jensen & Iliev 2022) and capital endogenised (Södersten et al. 2018)
RoW Asia and Pacific,RoW Asia and Pacific,Asia and Pacific,Coal and Petroleum,climate_change,kt CO2eq,53.023575784421105,2022,EXIOBASE v3.8.2 IOT_2022_ixi with Danish sea-transport reallocation (Rørmose Jensen & Iliev 2022) and capital endogenised (Södersten et al. 2018)
DEU,Germany,Europe,Chemical,material_extraction,kt,52.83187473086633,2022,EXIOBASE v3.8.2 IOT_2022_ixi with Danish sea-transport reallocation (Rørmose Jensen & Iliev 2022) and capital endogenised (Södersten et al. 2018)
IND,India,Asia and Pacific,Food and catering,climate_change,kt CO2eq,50.97587902222934,2022,EXIOBASE v3.8.2 IOT_2022_ixi with Danish sea-transport reallocation (Rørmose Jensen & Iliev 2022) and capital endogenised (Södersten et al. 2018)
RoW Middle East,RoW Middle East,Middle East,Coal and Petroleum,climate_change,kt CO2eq,50.611588415905615,2022,EXIOBASE v3.8.2 IOT_2022_ixi with Danish sea-transport reallocation (Rørmose Jensen & Iliev 2022) and capital endogenised (Södersten et al. 2018)
BRA,Brazil,America,Minerals and Metals,material_extraction,kt,50.34879899281453,2022,EXIOBASE v3.8.2 IOT_2022_ixi with Danish sea-transport reallocation (Rørmose Jensen & Iliev 2022) and capital endogenised (Södersten et al. 2018)
NOR,Norway,Europe,Transport,climate_change,kt CO2eq,50.26937444528092,2022,EXIOBASE v3.8.2 IOT_2022_ixi with Danish sea-transport reallocation (Rørmose Jensen & Iliev 2022) and capital endogenised (Södersten et al. 2018)
IDN,Indonesia,Asia and Pacific,Food and catering,land_use,km2,49.368916699811926,2022,EXIOBASE v3.8.2 IOT_2022_ixi with Danish sea-transport reallocation (Rørmose Jensen & Iliev 2022) and capital endogenised (Södersten et al. 2018)
IRL,Ireland,Europe,Food and catering,land_use,km2,49.11559479103106,2022,EXIOBASE v3.8.2 IOT_2022_ixi with Danish sea-transport reallocation (Rørmose Jensen & Iliev 2022) and capital endogenised (Södersten et al. 2018)
ESP,Spain,Europe,Food and catering,land_use,km2,47.0949842739374,2022,EXIOBASE v3.8.2 IOT_2022_ixi with Danish sea-transport reallocation (Rørmose Jensen & Iliev 2022) and capital endogenised (Södersten et al. 2018)
FRA,France,Europe,Food and catering,land_use,km2,46.34779900647073,2022,EXIOBASE v3.8.2 IOT_2022_ixi with Danish sea-transport reallocation (Rørmose Jensen & Iliev 2022) and capital endogenised (Södersten et al. 2018)
RUS,Russia,Europe,Natural gas and gaseous fuels,climate_change,kt CO2eq,46.02285160215888,2022,EXIOBASE v3.8.2 IOT_2022_ixi with Danish sea-transport reallocation (Rørmose Jensen & Iliev 2022) and capital endogenised (Södersten et al. 2018)
FRA,France,Europe,Minerals and Metals,material_extraction,kt,45.34438717513293,2022,EXIOBASE v3.8.2 IOT_2022_ixi with Danish sea-transport reallocation (Rørmose Jensen & Iliev 2022) and capital endogenised (Södersten et al. 2018)
GBR,United Kingdom,Europe,Food and catering,material_extraction,kt,45.33891354341527,2022,EXIOBASE v3.8.2 IOT_2022_ixi with Danish sea-transport reallocation (Rørmose Jensen & Iliev 2022) and capital endogenised (Södersten et al. 2018)
CHN,China,Asia and Pacific,Metal Products,climate_change,kt CO2eq,45.094050611200785,2022,EXIOBASE v3.8.2 IOT_2022_ixi with Danish sea-transport reallocation (Rørmose Jensen & Iliev 2022) and capital endogenised (Södersten et al. 2018)
CHN,China,Asia and Pacific,Chemical,climate_change,kt CO2eq,43.04649192125583,2022,EXIOBASE v3.8.2 IOT_2022_ixi with Danish sea-transport reallocation (Rørmose Jensen & Iliev 2022) and capital endogenised (Södersten et al. 2018)
DNK,Denmark,Denmark,Operational impact,waste_generation,kt,42.75704592555413,2022,EXIOBASE v3.8.2 IOT_2022_ixi with Danish sea-transport reallocation (Rørmose Jensen & Iliev 2022) and capital endogenised (Södersten et al. 2018)
RoW Middle East,RoW Middle East,Middle East,Electricity,climate_change,kt CO2eq,42.75579332387592,2022,EXIOBASE v3.8.2 IOT_2022_ixi with Danish sea-transport reallocation (Rørmose Jensen & Iliev 2022) and capital endogenised (Södersten et al. 2018)
RUS,Russia,Europe,Transport,climate_change,kt CO2eq,42.362883749529445,2022,EXIOBASE v3.8.2 IOT_2022_ixi with Danish sea-transport reallocation (Rørmose Jensen & Iliev 2022) and capital endogenised (Södersten et al. 2018)
ZAF,South Africa,Africa,Minerals and Metals,material_extraction,kt,40.871639995547184,2022,EXIOBASE v3.8.2 IOT_2022_ixi with Danish sea-transport reallocation (Rørmose Jensen & Iliev 2022) and capital endogenised (Södersten et al. 2018)
RoW Middle East,RoW Middle East,Middle East,Services,climate_change,kt CO2eq,40.53200019490377,2022,EXIOBASE v3.8.2 IOT_2022_ixi with Danish sea-transport reallocation (Rørmose Jensen & Iliev 2022) and capital endogenised (Södersten et al. 2018)
RoW Europe,RoW Europe,Europe,Minerals and Metals,material_extraction,kt,40.301509251205744,2022,EXIOBASE v3.8.2 IOT_2022_ixi with Danish sea-transport reallocation (Rørmose Jensen & Iliev 2022) and capital endogenised (Södersten et al. 2018)
RoW Africa,RoW Africa,Africa,Coal and Petroleum,climate_change,kt CO2eq,39.01400612497131,2022,EXIOBASE v3.8.2 IOT_2022_ixi with Danish sea-transport reallocation (Rørmose Jensen & Iliev 2022) and capital endogenised (Södersten et al. 2018)
DEU,Germany,Europe,Electricity,climate_change,kt CO2eq,38.304895459295466,2022,EXIOBASE v3.8.2 IOT_2022_ixi with Danish sea-transport reallocation (Rørmose Jensen & Iliev 2022) and capital endogenised (Södersten et al. 2018)
ESP,Spain,Europe,Minerals and Metals,material_extraction,kt,36.170307047107,2022,EXIOBASE v3.8.2 IOT_2022_ixi with Danish sea-transport reallocation (Rørmose Jensen & Iliev 2022) and capital endogenised (Södersten et al. 2018)
DNK,Denmark,Denmark,Waste management and disposal,waste_generation,kt,36.10467133063052,2022,EXIOBASE v3.8.2 IOT_2022_ixi with Danish sea-transport reallocation (Rørmose Jensen & Iliev 2022) and capital endogenised (Södersten et al. 2018)
ITA,Italy,Europe,Minerals and Metals,material_extraction,kt,34.528945307487746,2022,EXIOBASE v3.8.2 IOT_2022_ixi with Danish sea-transport reallocation (Rørmose Jensen & Iliev 2022) and capital endogenised (Södersten et al. 2018)
DNK,Denmark,Denmark,Minerals and Metals,climate_change,kt CO2eq,34.195711926957884,2022,EXIOBASE v3.8.2 IOT_2022_ixi with Danish sea-transport reallocation (Rørmose Jensen & Iliev 2022) and capital endogenised (Södersten et al. 2018)
GBR,United Kingdom,Europe,Transport,climate_change,kt CO2eq,34.05742173310139,2022,EXIOBASE v3.8.2 IOT_2022_ixi with Danish sea-transport reallocation (Rørmose Jensen & Iliev 2022) and capital endogenised (Södersten et al. 2018)
IDN,Indonesia,Asia and Pacific,Minerals and Metals,material_extraction,kt,33.81013067509775,2022,EXIOBASE v3.8.2 IOT_2022_ixi with Danish sea-transport reallocation (Rørmose Jensen & Iliev 2022) and capital endogenised (Södersten et al. 2018)
LTU,Lithuania,Europe,Food and catering,land_use,km2,32.92538762090094,2022,EXIOBASE v3.8.2 IOT_2022_ixi with Danish sea-transport reallocation (Rørmose Jensen & Iliev 2022) and capital endogenised (Södersten et al. 2018)
ZAF,South Africa,Africa,Electricity,climate_change,kt CO2eq,32.918059582045125,2022,EXIOBASE v3.8.2 IOT_2022_ixi with Danish sea-transport reallocation (Rørmose Jensen & Iliev 2022) and capital endogenised (Södersten et al. 2018)
RoW Asia and Pacific,RoW Asia and Pacific,Asia and Pacific,Non-metallic mineral products,climate_change,kt CO2eq,32.86559891402441,2022,EXIOBASE v3.8.2 IOT_2022_ixi with Danish sea-transport reallocation (Rørmose Jensen & Iliev 2022) and capital endogenised (Södersten et al. 2018)
BEL,Belgium,Europe,Minerals and Metals,material_extraction,kt,32.094678645381315,2022,EXIOBASE v3.8.2 IOT_2022_ixi with Danish sea-transport reallocation (Rørmose Jensen & Iliev 2022) and capital endogenised (Södersten et al. 2018)
NLD,Netherlands,Europe,Transport,climate_change,kt CO2eq,31.24389150929828,2022,EXIOBASE v3.8.2 IOT_2022_ixi with Danish sea-transport reallocation (Rørmose Jensen & Iliev 2022) and capital endogenised (Södersten et al. 2018)
CHN,China,Asia and Pacific,Coal and Petroleum,climate_change,kt CO2eq,30.280091410042704,2022,EXIOBASE v3.8.2 IOT_2022_ixi with Danish sea-transport reallocation (Rørmose Jensen & Iliev 2022) and capital endogenised (Södersten et al. 2018)
USA,United States,America,Electricity,climate_change,kt CO2eq,30.17656140888843,2022,EXIOBASE v3.8.2 IOT_2022_ixi with Danish sea-transport reallocation (Rørmose Jensen & Iliev 2022) and capital endogenised (Södersten et al. 2018)
DEU,Germany,Europe,Chemical,climate_change,kt CO2eq,29.92214418892518,2022,EXIOBASE v3.8.2 IOT_2022_ixi with Danish sea-transport reallocation (Rørmose Jensen & Iliev 2022) and capital endogenised (Södersten et al. 2018)
TUR,Turkey,Middle East,Food and catering,land_use,km2,29.273356796672044,2022,EXIOBASE v3.8.2 IOT_2022_ixi with Danish sea-transport reallocation (Rørmose Jensen & Iliev 2022) and capital endogenised (Södersten et al. 2018)
PRT,Portugal,Europe,Minerals and Metals,material_extraction,kt,29.237280363639105,2022,EXIOBASE v3.8.2 IOT_2022_ixi with Danish sea-transport reallocation (Rørmose Jensen & Iliev 2022) and capital endogenised (Södersten et al. 2018)
GRC,Greece,Europe,Food and catering,land_use,km2,29.086184442613835,2022,EXIOBASE v3.8.2 IOT_2022_ixi with Danish sea-transport reallocation (Rørmose Jensen & Iliev 2022) and capital endogenised (Södersten et al. 2018)
CAN,Canada,America,Minerals and Metals,material_extraction,kt,29.059202695800714,2022,EXIOBASE v3.8.2 IOT_2022_ixi with Danish sea-transport reallocation (Rørmose Jensen & Iliev 2022) and capital endogenised (Södersten et al. 2018)
ROU,Romania,Europe,Food and catering,land_use,km2,28.948372053362526,2022,EXIOBASE v3.8.2 IOT_2022_ixi with Danish sea-transport reallocation (Rørmose Jensen & Iliev 2022) and capital endogenised (Södersten et al. 2018)
IND,India,Asia and Pacific,Electricity,climate_change,kt CO2eq,28.110585828515855,2022,EXIOBASE v3.8.2 IOT_2022_ixi with Danish sea-transport reallocation (Rørmose Jensen & Iliev 2022) and capital endogenised (Södersten et al. 2018)
RUS,Russia,Europe,Chemical,climate_change,kt CO2eq,27.97180937181249,2022,EXIOBASE v3.8.2 IOT_2022_ixi with Danish sea-transport reallocation (Rørmose Jensen & Iliev 2022) and capital endogenised (Södersten et al. 2018)
CHN,China,Asia and Pacific,Transport,climate_change,kt CO2eq,27.954205541230195,2022,EXIOBASE v3.8.2 IOT_2022_ixi with Danish sea-transport reallocation (Rørmose Jensen & Iliev 2022) and capital endogenised (Södersten et al. 2018)
RoW Asia and Pacific,RoW Asia and Pacific,Asia and Pacific,"Steam, hot water supply and water distribution",climate_change,kt CO2eq,27.946574124377843,2022,EXIOBASE v3.8.2 IOT_2022_ixi with Danish sea-transport reallocation (Rørmose Jensen & Iliev 2022) and capital endogenised (Södersten et al. 2018)
RoW Middle East,RoW Middle East,Middle East,Chemical,climate_change,kt CO2eq,27.813547012995716,2022,EXIOBASE v3.8.2 IOT_2022_ixi with Danish sea-transport reallocation (Rørmose Jensen & Iliev 2022) and capital endogenised (Södersten et al. 2018)
RoW Europe,RoW Europe,Europe,Chemical,climate_change,kt CO2eq,27.687873326063414,2022,EXIOBASE v3.8.2 IOT_2022_ixi with Danish sea-transport reallocation (Rørmose Jensen & Iliev 2022) and capital endogenised (Södersten et al. 2018)
GLO,Unallocated,Unallocated,Private travel,material_extraction,kt,27.65779995517178,2022,EXIOBASE v3.8.2 IOT_2022_ixi with Danish sea-transport reallocation (Rørmose Jensen & Iliev 2022) and capital endogenised (Södersten et al. 2018)
GBR,United Kingdom,Europe,Food and catering,land_use,km2,27.0327986419711,2022,EXIOBASE v3.8.2 IOT_2022_ixi with Danish sea-transport reallocation (Rørmose Jensen & Iliev 2022) and capital endogenised (Södersten et al. 2018)
RUS,Russia,Europe,"Steam, hot water supply and water distribution",climate_change,kt CO2eq,26.887865949531008,2022,EXIOBASE v3.8.2 IOT_2022_ixi with Danish sea-transport reallocation (Rørmose Jensen & Iliev 2022) and capital endogenised (Södersten et al. 2018)
USA,United States,America,Transport,climate_change,kt CO2eq,26.52827919414497,2022,EXIOBASE v3.8.2 IOT_2022_ixi with Danish sea-transport reallocation (Rørmose Jensen & Iliev 2022) and capital endogenised (Södersten et al. 2018)
CHN,China,Asia and Pacific,Non-metallic mineral products,climate_change,kt CO2eq,26.370304632370008,2022,EXIOBASE v3.8.2 IOT_2022_ixi with Danish sea-transport reallocation (Rørmose Jensen & Iliev 2022) and capital endogenised (Södersten et al. 2018)
ITA,Italy,Europe,Food and catering,land_use,km2,26.13909782390664,2022,EXIOBASE v3.8.2 IOT_2022_ixi with Danish sea-transport reallocation (Rørmose Jensen & Iliev 2022) and capital endogenised (Södersten et al. 2018)
RoW Europe,RoW Europe,Europe,Electricity,climate_change,kt CO2eq,26.043760158222632,2022,EXIOBASE v3.8.2 IOT_2022_ixi with Danish sea-transport reallocation (Rørmose Jensen & Iliev 2022) and capital endogenised (Södersten et al. 2018)
ROU,Romania,Europe,Minerals and Metals,material_extraction,kt,25.870978826611513,2022,EXIOBASE v3.8.2 IOT_2022_ixi with Danish sea-transport reallocation (Rørmose Jensen & Iliev 2022) and capital endogenised (Södersten et al. 2018)
DNK,Denmark,Denmark,Furniture and timber,land_use,km2,25.521405204769607,2022,EXIOBASE v3.8.2 IOT_2022_ixi with Danish sea-transport reallocation (Rørmose Jensen & Iliev 2022) and capital endogenised (Södersten et al. 2018)
CHN,China,Asia and Pacific,Food and catering,climate_change,kt CO2eq,25.37844657072109,2022,EXIOBASE v3.8.2 IOT_2022_ixi with Danish sea-transport reallocation (Rørmose Jensen & Iliev 2022) and capital endogenised (Södersten et al. 2018)
IND,India,Asia and Pacific,Coal and Petroleum,climate_change,kt CO2eq,24.986106090766228,2022,EXIOBASE v3.8.2 IOT_2022_ixi with Danish sea-transport reallocation (Rørmose Jensen & Iliev 2022) and capital endogenised (Södersten et al. 2018)
RoW Asia and Pacific,RoW Asia and Pacific,Asia and Pacific,Waste management and disposal,climate_change,kt CO2eq,24.7541151628047,2022,EXIOBASE v3.8.2 IOT_2022_ixi with Danish sea-transport reallocation (Rørmose Jensen & Iliev 2022) and capital endogenised (Södersten et al. 2018)
RoW America,RoW America,America,Food and catering,climate_change,kt CO2eq,24.318108353219394,2022,EXIOBASE v3.8.2 IOT_2022_ixi with Danish sea-transport reallocation (Rørmose Jensen & Iliev 2022) and capital endogenised (Södersten et al. 2018)
ZAF,South Africa,Africa,Food and catering,land_use,km2,24.1421661536479,2022,EXIOBASE v3.8.2 IOT_2022_ixi with Danish sea-transport reallocation (Rørmose Jensen & Iliev 2022) and capital endogenised (Södersten et al. 2018)
DNK,Denmark,Denmark,Coal and Petroleum,climate_change,kt CO2eq,23.807843355285836,2022,EXIOBASE v3.8.2 IOT_2022_ixi with Danish sea-transport reallocation (Rørmose Jensen & Iliev 2022) and capital endogenised (Södersten et al. 2018)
DNK,Denmark,Denmark,Chemical,waste_generation,kt,22.593415072562234,2022,EXIOBASE v3.8.2 IOT_2022_ixi with Danish sea-transport reallocation (Rørmose Jensen & Iliev 2022) and capital endogenised (Södersten et al. 2018)
RoW Middle East,RoW Middle East,Middle East,Food and catering,climate_change,kt CO2eq,21.999369814703915,2022,EXIOBASE v3.8.2 IOT_2022_ixi with Danish sea-transport reallocation (Rørmose Jensen & Iliev 2022) and capital endogenised (Södersten et al. 2018)
POL,Poland,Europe,Non-metallic mineral products,material_extraction,kt,21.422270445266644,2022,EXIOBASE v3.8.2 IOT_2022_ixi with Danish sea-transport reallocation (Rørmose Jensen & Iliev 2022) and capital endogenised (Södersten et al. 2018)
POL,Poland,Europe,Non-metallic mineral products,climate_change,kt CO2eq,21.181100740160257,2022,EXIOBASE v3.8.2 IOT_2022_ixi with Danish sea-transport reallocation (Rørmose Jensen & Iliev 2022) and capital endogenised (Södersten et al. 2018)
RoW Middle East,RoW Middle East,Middle East,Food and catering,blue_water_consumption,Mm3,20.973872333169226,2022,EXIOBASE v3.8.2 IOT_2022_ixi with Danish sea-transport reallocation (Rørmose Jensen & Iliev 2022) and capital endogenised (Södersten et al. 2018)
AUS,Australia,Asia and Pacific,Food and catering,climate_change,kt CO2eq,20.869034880448638,2022,EXIOBASE v3.8.2 IOT_2022_ixi with Danish sea-transport reallocation (Rørmose Jensen & Iliev 2022) and capital endogenised (Södersten et al. 2018)
JPN,Japan,Asia and Pacific,Transport,climate_change,kt CO2eq,20.846370359981876,2022,EXIOBASE v3.8.2 IOT_2022_ixi with Danish sea-transport reallocation (Rørmose Jensen & Iliev 2022) and capital endogenised (Södersten et al. 2018)
RoW Middle East,RoW Middle East,Middle East,Natural gas and gaseous fuels,climate_change,kt CO2eq,20.44044178468073,2022,EXIOBASE v3.8.2 IOT_2022_ixi with Danish sea-transport reallocation (Rørmose Jensen & Iliev 2022) and capital endogenised (Södersten et al. 2018)
NLD,Netherlands,Europe,Chemical,climate_change,kt CO2eq,20.323693957093425,2022,EXIOBASE v3.8.2 IOT_2022_ixi with Danish sea-transport reallocation (Rørmose Jensen & Iliev 2022) and capital endogenised (Södersten et al. 2018)
MEX,Mexico,America,Minerals and Metals,material_extraction,kt,20.274279510516482,2022,EXIOBASE v3.8.2 IOT_2022_ixi with Danish sea-transport reallocation (Rørmose Jensen & Iliev 2022) and capital endogenised (Södersten et al. 2018)
IND,India,Asia and Pacific,Metal Products,climate_change,kt CO2eq,20.26411509773972,2022,EXIOBASE v3.8.2 IOT_2022_ixi with Danish sea-transport reallocation (Rørmose Jensen & Iliev 2022) and capital endogenised (Södersten et al. 2018)
POL,Poland,Europe,"Steam, hot water supply and water distribution",climate_change,kt CO2eq,20.251070298044482,2022,EXIOBASE v3.8.2 IOT_2022_ixi with Danish sea-transport reallocation (Rørmose Jensen & Iliev 2022) and capital endogenised (Södersten et al. 2018)
IND,India,Asia and Pacific,Chemical,climate_change,kt CO2eq,20.180518350917456,2022,EXIOBASE v3.8.2 IOT_2022_ixi with Danish sea-transport reallocation (Rørmose Jensen & Iliev 2022) and capital endogenised (Södersten et al. 2018)
TWN,Taiwan,Asia and Pacific,Transport,climate_change,kt CO2eq,18.80565408681634,2022,EXIOBASE v3.8.2 IOT_2022_ixi with Danish sea-transport reallocation (Rørmose Jensen & Iliev 2022) and capital endogenised (Södersten et al. 2018)
FIN,Finland,Europe,Minerals and Metals,material_extraction,kt,18.739273534400592,2022,EXIOBASE v3.8.2 IOT_2022_ixi with Danish sea-transport reallocation (Rørmose Jensen & Iliev 2022) and capital endogenised (Södersten et al. 2018)
NOR,Norway,Europe,Chemical,climate_change,kt CO2eq,18.713161032269102,2022,EXIOBASE v3.8.2 IOT_2022_ixi with Danish sea-transport reallocation (Rørmose Jensen & Iliev 2022) and capital endogenised (Södersten et al. 2018)
FRA,France,Europe,Transport,climate_change,kt CO2eq,18.180640143636722,2022,EXIOBASE v3.8.2 IOT_2022_ixi with Danish sea-transport reallocation (Rørmose Jensen & Iliev 2022) and capital endogenised (Södersten et al. 2018)
USA,United States,America,Chemical,climate_change,kt CO2eq,18.09742807917814,2022,EXIOBASE v3.8.2 IOT_2022_ixi with Danish sea-transport reallocation (Rørmose Jensen & Iliev 2022) and capital endogenised (Södersten et al. 2018)
RoW Africa,RoW Africa,Africa,Waste management and disposal,climate_change,kt CO2eq,17.926774603386967,2022,EXIOBASE v3.8.2 IOT_2022_ixi with Danish sea-transport reallocation (Rørmose Jensen & Iliev 2022) and capital endogenised (Södersten et al. 2018)
RUS,Russia,Europe,Metal Products,climate_change,kt CO2eq,17.90450187255505,2022,EXIOBASE v3.8.2 IOT_2022_ixi with Danish sea-transport reallocation (Rørmose Jensen & Iliev 2022) and capital endogenised (Södersten et al. 2018)
CZE,Czech Republic,Europe,Minerals and Metals,material_extraction,kt,17.733566269554945,2022,EXIOBASE v3.8.2 IOT_2022_ixi with Danish sea-transport reallocation (Rørmose Jensen & Iliev 2022) and capital endogenised (Södersten et al. 2018)
RoW Europe,RoW Europe,Europe,Waste management and disposal,climate_change,kt CO2eq,17.732096655480195,2022,EXIOBASE v3.8.2 IOT_2022_ixi with Danish sea-transport reallocation (Rørmose Jensen & Iliev 2022) and capital endogenised (Södersten et al. 2018)
GBR,United Kingdom,Europe,Electricity,climate_change,kt CO2eq,17.43201085740336,2022,EXIOBASE v3.8.2 IOT_2022_ixi with Danish sea-transport reallocation (Rørmose Jensen & Iliev 2022) and capital endogenised (Södersten et al. 2018)
DEU,Germany,Europe,Food and catering,climate_change,kt CO2eq,17.014009174246176,2022,EXIOBASE v3.8.2 IOT_2022_ixi with Danish sea-transport reallocation (Rørmose Jensen & Iliev 2022) and capital endogenised (Södersten et al. 2018)
RoW Asia and Pacific,RoW Asia and Pacific,Asia and Pacific,Food and catering,blue_water_consumption,Mm3,16.657447966346425,2022,EXIOBASE v3.8.2 IOT_2022_ixi with Danish sea-transport reallocation (Rørmose Jensen & Iliev 2022) and capital endogenised (Södersten et al. 2018)
CHE,Switzerland,Europe,Minerals and Metals,material_extraction,kt,16.366665009136703,2022,EXIOBASE v3.8.2 IOT_2022_ixi with Danish sea-transport reallocation (Rørmose Jensen & Iliev 2022) and capital endogenised (Södersten et al. 2018)
DNK,Denmark,Denmark,Construction,climate_change,kt CO2eq,16.35797782053796,2022,EXIOBASE v3.8.2 IOT_2022_ixi with Danish sea-transport reallocation (Rørmose Jensen & Iliev 2022) and capital endogenised (Södersten et al. 2018)
BGR,Bulgaria,Europe,Minerals and Metals,material_extraction,kt,15.876602143153885,2022,EXIOBASE v3.8.2 IOT_2022_ixi with Danish sea-transport reallocation (Rørmose Jensen & Iliev 2022) and capital endogenised (Södersten et al. 2018)
AUT,Austria,Europe,Minerals and Metals,material_extraction,kt,15.829096661925721,2022,EXIOBASE v3.8.2 IOT_2022_ixi with Danish sea-transport reallocation (Rørmose Jensen & Iliev 2022) and capital endogenised (Södersten et al. 2018)
GRC,Greece,Europe,Minerals and Metals,material_extraction,kt,15.365370658431788,2022,EXIOBASE v3.8.2 IOT_2022_ixi with Danish sea-transport reallocation (Rørmose Jensen & Iliev 2022) and capital endogenised (Södersten et al. 2018)
IRL,Ireland,Europe,Non-metallic mineral products,material_extraction,kt,15.358008194533427,2022,EXIOBASE v3.8.2 IOT_2022_ixi with Danish sea-transport reallocation (Rørmose Jensen & Iliev 2022) and capital endogenised (Södersten et al. 2018)
HUN,Hungary,Europe,Food and catering,land_use,km2,15.32450817338449,2022,EXIOBASE v3.8.2 IOT_2022_ixi with Danish sea-transport reallocation (Rørmose Jensen & Iliev 2022) and capital endogenised (Södersten et al. 2018)
MEX,Mexico,America,Food and catering,land_use,km2,15.278840623572504,2022,EXIOBASE v3.8.2 IOT_2022_ixi with Danish sea-transport reallocation (Rørmose Jensen & Iliev 2022) and capital endogenised (Södersten et al. 2018)
AUS,Australia,Asia and Pacific,Electricity,climate_change,kt CO2eq,15.22056221618052,2022,EXIOBASE v3.8.2 IOT_2022_ixi with Danish sea-transport reallocation (Rørmose Jensen & Iliev 2022) and capital endogenised (Södersten et al. 2018)
DEU,Germany,Europe,"Steam, hot water supply and water distribution",climate_change,kt CO2eq,15.10719647413631,2022,EXIOBASE v3.8.2 IOT_2022_ixi with Danish sea-transport reallocation (Rørmose Jensen & Iliev 2022) and capital endogenised (Södersten et al. 2018)
TUR,Turkey,Middle East,Transport,climate_change,kt CO2eq,14.97748486377999,2022,EXIOBASE v3.8.2 IOT_2022_ixi with Danish sea-transport reallocation (Rørmose Jensen & Iliev 2022) and capital endogenised (Södersten et al. 2018)
IND,India,Asia and Pacific,Food and catering,blue_water_consumption,Mm3,14.898225167410182,2022,EXIOBASE v3.8.2 IOT_2022_ixi with Danish sea-transport reallocation (Rørmose Jensen & Iliev 2022) and capital endogenised (Södersten et al. 2018)
SVK,Slovakia,Europe,Food and catering,land_use,km2,14.757287261956028,2022,EXIOBASE v3.8.2 IOT_2022_ixi with Danish sea-transport reallocation (Rørmose Jensen & Iliev 2022) and capital endogenised (Södersten et al. 2018)
MEX,Mexico,America,Construction,material_extraction,kt,14.47916286530903,2022,EXIOBASE v3.8.2 IOT_2022_ixi with Danish sea-transport reallocation (Rørmose Jensen & Iliev 2022) and capital endogenised (Södersten et al. 2018)
POL,Poland,Europe,Transport,material_extraction,kt,14.40791598827315,2022,EXIOBASE v3.8.2 IOT_2022_ixi with Danish sea-transport reallocation (Rørmose Jensen & Iliev 2022) and capital endogenised (Södersten et al. 2018)
SWE,Sweden,Europe,Transport,climate_change,kt CO2eq,14.381528656455266,2022,EXIOBASE v3.8.2 IOT_2022_ixi with Danish sea-transport reallocation (Rørmose Jensen & Iliev 2022) and capital endogenised (Södersten et al. 2018)
IND,India,Asia and Pacific,Transport,climate_change,kt CO2eq,14.321398957565224,2022,EXIOBASE v3.8.2 IOT_2022_ixi with Danish sea-transport reallocation (Rørmose Jensen & Iliev 2022) and capital endogenised (Södersten et al. 2018)
HUN,Hungary,Europe,Services,material_extraction,kt,14.149792715160673,2022,EXIOBASE v3.8.2 IOT_2022_ixi with Danish sea-transport reallocation (Rørmose Jensen & Iliev 2022) and capital endogenised (Södersten et al. 2018)
GRC,Greece,Europe,Transport,climate_change,kt CO2eq,14.149353890795282,2022,EXIOBASE v3.8.2 IOT_2022_ixi with Danish sea-transport reallocation (Rørmose Jensen & Iliev 2022) and capital endogenised (Södersten et al. 2018)
RoW Asia and Pacific,RoW Asia and Pacific,Asia and Pacific,Services,climate_change,kt CO2eq,14.088005551293177,2022,EXIOBASE v3.8.2 IOT_2022_ixi with Danish sea-transport reallocation (Rørmose Jensen & Iliev 2022) and capital endogenised (Södersten et al. 2018)
RUS,Russia,Europe,Waste management and disposal,climate_change,kt CO2eq,14.030776526174519,2022,EXIOBASE v3.8.2 IOT_2022_ixi with Danish sea-transport reallocation (Rørmose Jensen & Iliev 2022) and capital endogenised (Södersten et al. 2018)
POL,Poland,Europe,Chemical,climate_change,kt CO2eq,13.779874811715086,2022,EXIOBASE v3.8.2 IOT_2022_ixi with Danish sea-transport reallocation (Rørmose Jensen & Iliev 2022) and capital endogenised (Södersten et al. 2018)
TUR,Turkey,Middle East,Non-metallic mineral products,climate_change,kt CO2eq,13.644581160148006,2022,EXIOBASE v3.8.2 IOT_2022_ixi with Danish sea-transport reallocation (Rørmose Jensen & Iliev 2022) and capital endogenised (Södersten et al. 2018)
DNK,Denmark,Denmark,Food and catering,waste_generation,kt,13.575047151955376,2022,EXIOBASE v3.8.2 IOT_2022_ixi with Danish sea-transport reallocation (Rørmose Jensen & Iliev 2022) and capital endogenised (Södersten et al. 2018)
POL,Poland,Europe,Waste management and disposal,climate_change,kt CO2eq,13.529570063674234,2022,EXIOBASE v3.8.2 IOT_2022_ixi with Danish sea-transport reallocation (Rørmose Jensen & Iliev 2022) and capital endogenised (Södersten et al. 2018)
RoW America,RoW America,America,Coal and Petroleum,climate_change,kt CO2eq,13.087965298533554,2022,EXIOBASE v3.8.2 IOT_2022_ixi with Danish sea-transport reallocation (Rørmose Jensen & Iliev 2022) and capital endogenised (Södersten et al. 2018)
RoW Asia and Pacific,RoW Asia and Pacific,Asia and Pacific,Natural gas and gaseous fuels,climate_change,kt CO2eq,12.861899666959495,2022,EXIOBASE v3.8.2 IOT_2022_ixi with Danish sea-transport reallocation (Rørmose Jensen & Iliev 2022) and capital endogenised (Södersten et al. 2018)
ITA,Italy,Europe,Non-metallic mineral products,material_extraction,kt,12.755421701023629,2022,EXIOBASE v3.8.2 IOT_2022_ixi with Danish sea-transport reallocation (Rørmose Jensen & Iliev 2022) and capital endogenised (Södersten et al. 2018)
POL,Poland,Europe,Natural gas and gaseous fuels,material_extraction,kt,12.70068666690671,2022,EXIOBASE v3.8.2 IOT_2022_ixi with Danish sea-transport reallocation (Rørmose Jensen & Iliev 2022) and capital endogenised (Södersten et al. 2018)
DEU,Germany,Europe,Non-metallic mineral products,climate_change,kt CO2eq,12.533949647969727,2022,EXIOBASE v3.8.2 IOT_2022_ixi with Danish sea-transport reallocation (Rørmose Jensen & Iliev 2022) and capital endogenised (Södersten et al. 2018)
IDN,Indonesia,Asia and Pacific,Coal and Petroleum,climate_change,kt CO2eq,12.401124278045797,2022,EXIOBASE v3.8.2 IOT_2022_ixi with Danish sea-transport reallocation (Rørmose Jensen & Iliev 2022) and capital endogenised (Södersten et al. 2018)
NLD,Netherlands,Europe,Coal and Petroleum,climate_change,kt CO2eq,12.309392963961711,2022,EXIOBASE v3.8.2 IOT_2022_ixi with Danish sea-transport reallocation (Rørmose Jensen & Iliev 2022) and capital endogenised (Södersten et al. 2018)
POL,Poland,Europe,Chemical,material_extraction,kt,12.262050449375383,2022,EXIOBASE v3.8.2 IOT_2022_ixi with Danish sea-transport reallocation (Rørmose Jensen & Iliev 2022) and capital endogenised (Södersten et al. 2018)
DEU,Germany,Europe,Metal Products,climate_change,kt CO2eq,12.149321258423427,2022,EXIOBASE v3.8.2 IOT_2022_ixi with Danish sea-transport reallocation (Rørmose Jensen & Iliev 2022) and capital endogenised (Södersten et al. 2018)
POL,Poland,Europe,Electricity,material_extraction,kt,11.978093228344537,2022,EXIOBASE v3.8.2 IOT_2022_ixi with Danish sea-transport reallocation (Rørmose Jensen & Iliev 2022) and capital endogenised (Södersten et al. 2018)
FIN,Finland,Europe,Non-metallic mineral products,material_extraction,kt,11.859099661320926,2022,EXIOBASE v3.8.2 IOT_2022_ixi with Danish sea-transport reallocation (Rørmose Jensen & Iliev 2022) and capital endogenised (Södersten et al. 2018)
BRA,Brazil,America,Food and catering,climate_change,kt CO2eq,11.839888344154007,2022,EXIOBASE v3.8.2 IOT_2022_ixi with Danish sea-transport reallocation (Rørmose Jensen & Iliev 2022) and capital endogenised (Södersten et al. 2018)
PRT,Portugal,Europe,Food and catering,land_use,km2,11.358104066030311,2022,EXIOBASE v3.8.2 IOT_2022_ixi with Danish sea-transport reallocation (Rørmose Jensen & Iliev 2022) and capital endogenised (Södersten et al. 2018)
USA,United States,America,Food and catering,climate_change,kt CO2eq,11.322137015475962,2022,EXIOBASE v3.8.2 IOT_2022_ixi with Danish sea-transport reallocation (Rørmose Jensen & Iliev 2022) and capital endogenised (Södersten et al. 2018)
BEL,Belgium,Europe,Chemical,climate_change,kt CO2eq,11.278318284558729,2022,EXIOBASE v3.8.2 IOT_2022_ixi with Danish sea-transport reallocation (Rørmose Jensen & Iliev 2022) and capital endogenised (Södersten et al. 2018)
USA,United States,America,Waste management and disposal,climate_change,kt CO2eq,11.273708024137983,2022,EXIOBASE v3.8.2 IOT_2022_ixi with Danish sea-transport reallocation (Rørmose Jensen & Iliev 2022) and capital endogenised (Södersten et al. 2018)
JPN,Japan,Asia and Pacific,Minerals and Metals,material_extraction,kt,11.109256912150839,2022,EXIOBASE v3.8.2 IOT_2022_ixi with Danish sea-transport reallocation (Rørmose Jensen & Iliev 2022) and capital endogenised (Södersten et al. 2018)
POL,Poland,Europe,Food and catering,climate_change,kt CO2eq,11.060892704168252,2022,EXIOBASE v3.8.2 IOT_2022_ixi with Danish sea-transport reallocation (Rørmose Jensen & Iliev 2022) and capital endogenised (Södersten et al. 2018)
TUR,Turkey,Middle East,Food and catering,climate_change,kt CO2eq,11.045133873487796,2022,EXIOBASE v3.8.2 IOT_2022_ixi with Danish sea-transport reallocation (Rørmose Jensen & Iliev 2022) and capital endogenised (Södersten et al. 2018)
IND,India,Asia and Pacific,Non-metallic mineral products,climate_change,kt CO2eq,10.7265470619111,2022,EXIOBASE v3.8.2 IOT_2022_ixi with Danish sea-transport reallocation (Rørmose Jensen & Iliev 2022) and capital endogenised (Södersten et al. 2018)
LTU,Lithuania,Europe,Minerals and Metals,material_extraction,kt,10.610807989003328,2022,EXIOBASE v3.8.2 IOT_2022_ixi with Danish sea-transport reallocation (Rørmose Jensen & Iliev 2022) and capital endogenised (Södersten et al. 2018)
RoW Africa,RoW Africa,Africa,Electricity,climate_change,kt CO2eq,10.521421377826426,2022,EXIOBASE v3.8.2 IOT_2022_ixi with Danish sea-transport reallocation (Rørmose Jensen & Iliev 2022) and capital endogenised (Södersten et al. 2018)
FRA,France,Europe,Food and catering,climate_change,kt CO2eq,10.510583583058741,2022,EXIOBASE v3.8.2 IOT_2022_ixi with Danish sea-transport reallocation (Rørmose Jensen & Iliev 2022) and capital endogenised (Södersten et al. 2018)
CHN,China,Asia and Pacific,"Steam, hot water supply and water distribution",climate_change,kt CO2eq,10.224308700827963,2022,EXIOBASE v3.8.2 IOT_2022_ixi with Danish sea-transport reallocation (Rørmose Jensen & Iliev 2022) and capital endogenised (Södersten et al. 2018)
RoW Asia and Pacific,RoW Asia and Pacific,Asia and Pacific,Chemical,climate_change,kt CO2eq,10.21226316877716,2022,EXIOBASE v3.8.2 IOT_2022_ixi with Danish sea-transport reallocation (Rørmose Jensen & Iliev 2022) and capital endogenised (Södersten et al. 2018)
RoW Middle East,RoW Middle East,Middle East,Minerals and Metals,climate_change,kt CO2eq,10.200557333845472,2022,EXIOBASE v3.8.2 IOT_2022_ixi with Danish sea-transport reallocation (Rørmose Jensen & Iliev 2022) and capital endogenised (Södersten et al. 2018)
RUS,Russia,Europe,Food and catering,climate_change,kt CO2eq,10.195779144915937,2022,EXIOBASE v3.8.2 IOT_2022_ixi with Danish sea-transport reallocation (Rørmose Jensen & Iliev 2022) and capital endogenised (Södersten et al. 2018)
POL,Poland,Europe,Coal and Petroleum,climate_change,kt CO2eq,10.195104156241342,2022,EXIOBASE v3.8.2 IOT_2022_ixi with Danish sea-transport reallocation (Rørmose Jensen & Iliev 2022) and capital endogenised (Södersten et al. 2018)
CAN,Canada,America,Transport,climate_change,kt CO2eq,10.175206346015687,2022,EXIOBASE v3.8.2 IOT_2022_ixi with Danish sea-transport reallocation (Rørmose Jensen & Iliev 2022) and capital endogenised (Södersten et al. 2018)
KOR,South Korea,Asia and Pacific,Transport,climate_change,kt CO2eq,10.061282291905481,2022,EXIOBASE v3.8.2 IOT_2022_ixi with Danish sea-transport reallocation (Rørmose Jensen & Iliev 2022) and capital endogenised (Södersten et al. 2018)
NLD,Netherlands,Europe,Chemical,material_extraction,kt,10.020331716997475,2022,EXIOBASE v3.8.2 IOT_2022_ixi with Danish sea-transport reallocation (Rørmose Jensen & Iliev 2022) and capital endogenised (Södersten et al. 2018)
DNK,Denmark,Denmark,Metal Products,climate_change,kt CO2eq,9.94491586854593,2022,EXIOBASE v3.8.2 IOT_2022_ixi with Danish sea-transport reallocation (Rørmose Jensen & Iliev 2022) and capital endogenised (Södersten et al. 2018)
DEU,Germany,Europe,Coal and Petroleum,climate_change,kt CO2eq,9.859007815755493,2022,EXIOBASE v3.8.2 IOT_2022_ixi with Danish sea-transport reallocation (Rørmose Jensen & Iliev 2022) and capital endogenised (Södersten et al. 2018)
GBR,United Kingdom,Europe,Food and catering,climate_change,kt CO2eq,9.791444832767557,2022,EXIOBASE v3.8.2 IOT_2022_ixi with Danish sea-transport reallocation (Rørmose Jensen & Iliev 2022) and capital endogenised (Södersten et al. 2018)
HUN,Hungary,Europe,Minerals and Metals,material_extraction,kt,9.76342925708079,2022,EXIOBASE v3.8.2 IOT_2022_ixi with Danish sea-transport reallocation (Rørmose Jensen & Iliev 2022) and capital endogenised (Södersten et al. 2018)
ESP,Spain,Europe,Electricity,climate_change,kt CO2eq,9.704814524216646,2022,EXIOBASE v3.8.2 IOT_2022_ixi with Danish sea-transport reallocation (Rørmose Jensen & Iliev 2022) and capital endogenised (Södersten et al. 2018)
RUS,Russia,Europe,Non-metallic mineral products,climate_change,kt CO2eq,9.52204559538394,2022,EXIOBASE v3.8.2 IOT_2022_ixi with Danish sea-transport reallocation (Rørmose Jensen & Iliev 2022) and capital endogenised (Södersten et al. 2018)
RoW America,RoW America,America,Electricity,climate_change,kt CO2eq,9.494245836355633,2022,EXIOBASE v3.8.2 IOT_2022_ixi with Danish sea-transport reallocation (Rørmose Jensen & Iliev 2022) and capital endogenised (Södersten et al. 2018)
NOR,Norway,Europe,Food and catering,climate_change,kt CO2eq,9.310090280313396,2022,EXIOBASE v3.8.2 IOT_2022_ixi with Danish sea-transport reallocation (Rørmose Jensen & Iliev 2022) and capital endogenised (Södersten et al. 2018)
DEU,Germany,Europe,Natural gas and gaseous fuels,climate_change,kt CO2eq,9.096829314494006,2022,EXIOBASE v3.8.2 IOT_2022_ixi with Danish sea-transport reallocation (Rørmose Jensen & Iliev 2022) and capital endogenised (Södersten et al. 2018)
RoW Europe,RoW Europe,Europe,Transport,climate_change,kt CO2eq,9.08586433064869,2022,EXIOBASE v3.8.2 IOT_2022_ixi with Danish sea-transport reallocation (Rørmose Jensen & Iliev 2022) and capital endogenised (Södersten et al. 2018)
JPN,Japan,Asia and Pacific,Electricity,climate_change,kt CO2eq,8.94120920654215,2022,EXIOBASE v3.8.2 IOT_2022_ixi with Danish sea-transport reallocation (Rørmose Jensen & Iliev 2022) and capital endogenised (Södersten et al. 2018)
HUN,Hungary,Europe,Chemical,climate_change,kt CO2eq,8.940824544563322,2022,EXIOBASE v3.8.2 IOT_2022_ixi with Danish sea-transport reallocation (Rørmose Jensen & Iliev 2022) and capital endogenised (Södersten et al. 2018)
GBR,United Kingdom,Europe,Coal and Petroleum,climate_change,kt CO2eq,8.884650985153419,2022,EXIOBASE v3.8.2 IOT_2022_ixi with Danish sea-transport reallocation (Rørmose Jensen & Iliev 2022) and capital endogenised (Södersten et al. 2018)
RoW Africa,RoW Africa,Africa,Food and catering,waste_generation,kt,8.83844764644946,2022,EXIOBASE v3.8.2 IOT_2022_ixi with Danish sea-transport reallocation (Rørmose Jensen & Iliev 2022) and capital endogenised (Södersten et al. 2018)
DEU,Germany,Europe,Non-metallic mineral products,material_extraction,kt,8.83296410177233,2022,EXIOBASE v3.8.2 IOT_2022_ixi with Danish sea-transport reallocation (Rørmose Jensen & Iliev 2022) and capital endogenised (Södersten et al. 2018)
AUS,Australia,Asia and Pacific,Coal and Petroleum,climate_change,kt CO2eq,8.824452492851536,2022,EXIOBASE v3.8.2 IOT_2022_ixi with Danish sea-transport reallocation (Rørmose Jensen & Iliev 2022) and capital endogenised (Södersten et al. 2018)
CZE,Czech Republic,Europe,Food and catering,land_use,km2,8.813609065976761,2022,EXIOBASE v3.8.2 IOT_2022_ixi with Danish sea-transport reallocation (Rørmose Jensen & Iliev 2022) and capital endogenised (Södersten et al. 2018)
NLD,Netherlands,Europe,Food and catering,land_use,km2,8.765258675787653,2022,EXIOBASE v3.8.2 IOT_2022_ixi with Danish sea-transport reallocation (Rørmose Jensen & Iliev 2022) and capital endogenised (Södersten et al. 2018)
ZAF,South Africa,Africa,Coal and Petroleum,climate_change,kt CO2eq,8.760203092160724,2022,EXIOBASE v3.8.2 IOT_2022_ixi with Danish sea-transport reallocation (Rørmose Jensen & Iliev 2022) and capital endogenised (Södersten et al. 2018)
RoW Europe,RoW Europe,Europe,Services,material_extraction,kt,8.637106239914297,2022,EXIOBASE v3.8.2 IOT_2022_ixi with Danish sea-transport reallocation (Rørmose Jensen & Iliev 2022) and capital endogenised (Södersten et al. 2018)
CZE,Czech Republic,Europe,"Steam, hot water supply and water distribution",climate_change,kt CO2eq,8.636901203336008,2022,EXIOBASE v3.8.2 IOT_2022_ixi with Danish sea-transport reallocation (Rørmose Jensen & Iliev 2022) and capital endogenised (Södersten et al. 2018)
IND,India,Asia and Pacific,Waste management and disposal,climate_change,kt CO2eq,8.607177199798363,2022,EXIOBASE v3.8.2 IOT_2022_ixi with Danish sea-transport reallocation (Rørmose Jensen & Iliev 2022) and capital endogenised (Södersten et al. 2018)
TWN,Taiwan,Asia and Pacific,Minerals and Metals,material_extraction,kt,8.583319089313012,2022,EXIOBASE v3.8.2 IOT_2022_ixi with Danish sea-transport reallocation (Rørmose Jensen & Iliev 2022) and capital endogenised (Södersten et al. 2018)
BGR,Bulgaria,Europe,Food and catering,land_use,km2,8.537074572630639,2022,EXIOBASE v3.8.2 IOT_2022_ixi with Danish sea-transport reallocation (Rørmose Jensen & Iliev 2022) and capital endogenised (Södersten et al. 2018)
RoW Europe,RoW Europe,Europe,Coal and Petroleum,climate_change,kt CO2eq,8.472475766500128,2022,EXIOBASE v3.8.2 IOT_2022_ixi with Danish sea-transport reallocation (Rørmose Jensen & Iliev 2022) and capital endogenised (Södersten et al. 2018)
ITA,Italy,Europe,Transport,climate_change,kt CO2eq,8.404352158413733,2022,EXIOBASE v3.8.2 IOT_2022_ixi with Danish sea-transport reallocation (Rørmose Jensen & Iliev 2022) and capital endogenised (Södersten et al. 2018)
AUT,Austria,Europe,Food and catering,land_use,km2,8.276692546867555,2022,EXIOBASE v3.8.2 IOT_2022_ixi with Danish sea-transport reallocation (Rørmose Jensen & Iliev 2022) and capital endogenised (Södersten et al. 2018)
POL,Poland,Europe,Services,climate_change,kt CO2eq,8.254682597795355,2022,EXIOBASE v3.8.2 IOT_2022_ixi with Danish sea-transport reallocation (Rørmose Jensen & Iliev 2022) and capital endogenised (Södersten et al. 2018)
SWE,Sweden,Europe,Food and catering,climate_change,kt CO2eq,8.222123129369795,2022,EXIOBASE v3.8.2 IOT_2022_ixi with Danish sea-transport reallocation (Rørmose Jensen & Iliev 2022) and capital endogenised (Södersten et al. 2018)
CHE,Switzerland,Europe,Transport,climate_change,kt CO2eq,8.212966356318026,2022,EXIOBASE v3.8.2 IOT_2022_ixi with Danish sea-transport reallocation (Rørmose Jensen & Iliev 2022) and capital endogenised (Södersten et al. 2018)
POL,Poland,Europe,Minerals and Metals,climate_change,kt CO2eq,8.199048911072115,2022,EXIOBASE v3.8.2 IOT_2022_ixi with Danish sea-transport reallocation (Rørmose Jensen & Iliev 2022) and capital endogenised (Södersten et al. 2018)
CAN,Canada,America,Coal and Petroleum,climate_change,kt CO2eq,8.140310934318348,2022,EXIOBASE v3.8.2 IOT_2022_ixi with Danish sea-transport reallocation (Rørmose Jensen & Iliev 2022) and capital endogenised (Södersten et al. 2018)
RoW Middle East,RoW Middle East,Middle East,Waste management and disposal,climate_change,kt CO2eq,8.114931418745574,2022,EXIOBASE v3.8.2 IOT_2022_ixi with Danish sea-transport reallocation (Rørmose Jensen & Iliev 2022) and capital endogenised (Södersten et al. 2018)
CHN,China,Asia and Pacific,Waste management and disposal,climate_change,kt CO2eq,8.069290320642244,2022,EXIOBASE v3.8.2 IOT_2022_ixi with Danish sea-transport reallocation (Rørmose Jensen & Iliev 2022) and capital endogenised (Södersten et al. 2018)
SWE,Sweden,Europe,Chemical,material_extraction,kt,8.051457503048585,2022,EXIOBASE v3.8.2 IOT_2022_ixi with Danish sea-transport reallocation (Rørmose Jensen & Iliev 2022) and capital endogenised (Södersten et al. 2018)
FIN,Finland,Europe,Waste management and disposal,climate_change,kt CO2eq,7.94538221693218,2022,EXIOBASE v3.8.2 IOT_2022_ixi with Danish sea-transport reallocation (Rørmose Jensen & Iliev 2022) and capital endogenised (Södersten et al. 2018)
ESP,Spain,Europe,Transport,climate_change,kt CO2eq,7.872434193261667,2022,EXIOBASE v3.8.2 IOT_2022_ixi with Danish sea-transport reallocation (Rørmose Jensen & Iliev 2022) and capital endogenised (Södersten et al. 2018)
CHN,China,Asia and Pacific,Natural gas and gaseous fuels,climate_change,kt CO2eq,7.68366639812113,2022,EXIOBASE v3.8.2 IOT_2022_ixi with Danish sea-transport reallocation (Rørmose Jensen & Iliev 2022) and capital endogenised (Södersten et al. 2018)
IRL,Ireland,Europe,Transport,climate_change,kt CO2eq,7.590455506153646,2022,EXIOBASE v3.8.2 IOT_2022_ixi with Danish sea-transport reallocation (Rørmose Jensen & Iliev 2022) and capital endogenised (Södersten et al. 2018)
RoW America,RoW America,America,Waste management and disposal,climate_change,kt CO2eq,7.436399899423545,2022,EXIOBASE v3.8.2 IOT_2022_ixi with Danish sea-transport reallocation (Rørmose Jensen & Iliev 2022) and capital endogenised (Södersten et al. 2018)
RoW Middle East,RoW Middle East,Middle East,Non-metallic mineral products,climate_change,kt CO2eq,7.403360293396466,2022,EXIOBASE v3.8.2 IOT_2022_ixi with Danish sea-transport reallocation (Rørmose Jensen & Iliev 2022) and capital endogenised (Södersten et al. 2018)
SWE,Sweden,Europe,Non-metallic mineral products,material_extraction,kt,7.365518719327991,2022,EXIOBASE v3.8.2 IOT_2022_ixi with Danish sea-transport reallocation (Rørmose Jensen & Iliev 2022) and capital endogenised (Södersten et al. 2018)
TWN,Taiwan,Asia and Pacific,Electricity,climate_change,kt CO2eq,7.339232922032642,2022,EXIOBASE v3.8.2 IOT_2022_ixi with Danish sea-transport reallocation (Rørmose Jensen & Iliev 2022) and capital endogenised (Södersten et al. 2018)
RoW Asia and Pacific,RoW Asia and Pacific,Asia and Pacific,Metal Products,climate_change,kt CO2eq,7.335958351138602,2022,EXIOBASE v3.8.2 IOT_2022_ixi with Danish sea-transport reallocation (Rørmose Jensen & Iliev 2022) and capital endogenised (Södersten et al. 2018)
KOR,South Korea,Asia and Pacific,Minerals and Metals,material_extraction,kt,7.216847509575143,2022,EXIOBASE v3.8.2 IOT_2022_ixi with Danish sea-transport reallocation (Rørmose Jensen & Iliev 2022) and capital endogenised (Södersten et al. 2018)
POL,Poland,Europe,Metal Products,climate_change,kt CO2eq,7.210681508914814,2022,EXIOBASE v3.8.2 IOT_2022_ixi with Danish sea-transport reallocation (Rørmose Jensen & Iliev 2022) and capital endogenised (Södersten et al. 2018)
RoW Asia and Pacific,RoW Asia and Pacific,Asia and Pacific,Minerals and Metals,climate_change,kt CO2eq,7.20513002412615,2022,EXIOBASE v3.8.2 IOT_2022_ixi with Danish sea-transport reallocation (Rørmose Jensen & Iliev 2022) and capital endogenised (Södersten et al. 2018)
KOR,South Korea,Asia and Pacific,Electricity,climate_change,kt CO2eq,7.204356426325388,2022,EXIOBASE v3.8.2 IOT_2022_ixi with Danish sea-transport reallocation (Rørmose Jensen & Iliev 2022) and capital endogenised (Södersten et al. 2018)
RoW Europe,RoW Europe,Europe,Metal Products,climate_change,kt CO2eq,7.189154181814501,2022,EXIOBASE v3.8.2 IOT_2022_ixi with Danish sea-transport reallocation (Rørmose Jensen & Iliev 2022) and capital endogenised (Södersten et al. 2018)
SWE,Sweden,Europe,Construction,material_extraction,kt,7.120652126801751,2022,EXIOBASE v3.8.2 IOT_2022_ixi with Danish sea-transport reallocation (Rørmose Jensen & Iliev 2022) and capital endogenised (Södersten et al. 2018)
POL,Poland,Europe,Natural gas and gaseous fuels,climate_change,kt CO2eq,7.114823712106065,2022,EXIOBASE v3.8.2 IOT_2022_ixi with Danish sea-transport reallocation (Rørmose Jensen & Iliev 2022) and capital endogenised (Södersten et al. 2018)
POL,Poland,Europe,"Steam, hot water supply and water distribution",material_extraction,kt,7.108585676781382,2022,EXIOBASE v3.8.2 IOT_2022_ixi with Danish sea-transport reallocation (Rørmose Jensen & Iliev 2022) and capital endogenised (Södersten et al. 2018)
EST,Estonia,Europe,Furniture and timber,land_use,km2,7.067415978948253,2022,EXIOBASE v3.8.2 IOT_2022_ixi with Danish sea-transport reallocation (Rørmose Jensen & Iliev 2022) and capital endogenised (Södersten et al. 2018)
ITA,Italy,Europe,"Steam, hot water supply and water distribution",climate_change,kt CO2eq,6.982003593197765,2022,EXIOBASE v3.8.2 IOT_2022_ixi with Danish sea-transport reallocation (Rørmose Jensen & Iliev 2022) and capital endogenised (Södersten et al. 2018)
SWE,Sweden,Europe,Paper Products,waste_generation,kt,6.916017360930014,2022,EXIOBASE v3.8.2 IOT_2022_ixi with Danish sea-transport reallocation (Rørmose Jensen & Iliev 2022) and capital endogenised (Södersten et al. 2018)
POL,Poland,Europe,Metal Products,material_extraction,kt,6.889525239685854,2022,EXIOBASE v3.8.2 IOT_2022_ixi with Danish sea-transport reallocation (Rørmose Jensen & Iliev 2022) and capital endogenised (Södersten et al. 2018)
RoW America,RoW America,America,Transport,climate_change,kt CO2eq,6.845562851375583,2022,EXIOBASE v3.8.2 IOT_2022_ixi with Danish sea-transport reallocation (Rørmose Jensen & Iliev 2022) and capital endogenised (Södersten et al. 2018)
CAN,Canada,America,Construction,material_extraction,kt,6.726173929804516,2022,EXIOBASE v3.8.2 IOT_2022_ixi with Danish sea-transport reallocation (Rørmose Jensen & Iliev 2022) and capital endogenised (Södersten et al. 2018)
BEL,Belgium,Europe,Transport,climate_change,kt CO2eq,6.6825598445260095,2022,EXIOBASE v3.8.2 IOT_2022_ixi with Danish sea-transport reallocation (Rørmose Jensen & Iliev 2022) and capital endogenised (Södersten et al. 2018)
ITA,Italy,Europe,Electricity,climate_change,kt CO2eq,6.637908043500834,2022,EXIOBASE v3.8.2 IOT_2022_ixi with Danish sea-transport reallocation (Rørmose Jensen & Iliev 2022) and capital endogenised (Södersten et al. 2018)
DNK,Denmark,Denmark,Chemical,material_extraction,kt,6.594337491482497,2022,EXIOBASE v3.8.2 IOT_2022_ixi with Danish sea-transport reallocation (Rørmose Jensen & Iliev 2022) and capital endogenised (Södersten et al. 2018)
SVK,Slovakia,Europe,Minerals and Metals,material_extraction,kt,6.387579298720422,2022,EXIOBASE v3.8.2 IOT_2022_ixi with Danish sea-transport reallocation (Rørmose Jensen & Iliev 2022) and capital endogenised (Södersten et al. 2018)
SWE,Sweden,Europe,Waste management and disposal,climate_change,kt CO2eq,6.3662539887268546,2022,EXIOBASE v3.8.2 IOT_2022_ixi with Danish sea-transport reallocation (Rørmose Jensen & Iliev 2022) and capital endogenised (Södersten et al. 2018)
DEU,Germany,Europe,Services,climate_change,kt CO2eq,6.361474514066917,2022,EXIOBASE v3.8.2 IOT_2022_ixi with Danish sea-transport reallocation (Rørmose Jensen & Iliev 2022) and capital endogenised (Södersten et al. 2018)
RoW Europe,RoW Europe,Europe,Transport,material_extraction,kt,6.278836987542067,2022,EXIOBASE v3.8.2 IOT_2022_ixi with Danish sea-transport reallocation (Rørmose Jensen & Iliev 2022) and capital endogenised (Södersten et al. 2018)
EST,Estonia,Europe,Minerals and Metals,material_extraction,kt,6.258467391518647,2022,EXIOBASE v3.8.2 IOT_2022_ixi with Danish sea-transport reallocation (Rørmose Jensen & Iliev 2022) and capital endogenised (Södersten et al. 2018)
RoW Asia and Pacific,RoW Asia and Pacific,Asia and Pacific,Food and catering,waste_generation,kt,6.125554130582793,2022,EXIOBASE v3.8.2 IOT_2022_ixi with Danish sea-transport reallocation (Rørmose Jensen & Iliev 2022) and capital endogenised (Södersten et al. 2018)
HRV,Croatia,Europe,Food and catering,land_use,km2,6.119967549490357,2022,EXIOBASE v3.8.2 IOT_2022_ixi with Danish sea-transport reallocation (Rørmose Jensen & Iliev 2022) and capital endogenised (Södersten et al. 2018)
NLD,Netherlands,Europe,Electricity,climate_change,kt CO2eq,6.093067115664365,2022,EXIOBASE v3.8.2 IOT_2022_ixi with Danish sea-transport reallocation (Rørmose Jensen & Iliev 2022) and capital endogenised (Södersten et al. 2018)
GBR,United Kingdom,Europe,Waste management and disposal,climate_change,kt CO2eq,5.766563285979496,2022,EXIOBASE v3.8.2 IOT_2022_ixi with Danish sea-transport reallocation (Rørmose Jensen & Iliev 2022) and capital endogenised (Södersten et al. 2018)
MEX,Mexico,America,Coal and Petroleum,climate_change,kt CO2eq,5.729770462904472,2022,EXIOBASE v3.8.2 IOT_2022_ixi with Danish sea-transport reallocation (Rørmose Jensen & Iliev 2022) and capital endogenised (Södersten et al. 2018)
RoW America,RoW America,America,Chemical,climate_change,kt CO2eq,5.729651446631492,2022,EXIOBASE v3.8.2 IOT_2022_ixi with Danish sea-transport reallocation (Rørmose Jensen & Iliev 2022) and capital endogenised (Södersten et al. 2018)
RoW Middle East,RoW Middle East,Middle East,Textile,climate_change,kt CO2eq,5.686991132778838,2022,EXIOBASE v3.8.2 IOT_2022_ixi with Danish sea-transport reallocation (Rørmose Jensen & Iliev 2022) and capital endogenised (Södersten et al. 2018)
BGR,Bulgaria,Europe,Electricity,climate_change,kt CO2eq,5.685077322181527,2022,EXIOBASE v3.8.2 IOT_2022_ixi with Danish sea-transport reallocation (Rørmose Jensen & Iliev 2022) and capital endogenised (Södersten et al. 2018)
LTU,Lithuania,Europe,Non-metallic mineral products,material_extraction,kt,5.681339964464145,2022,EXIOBASE v3.8.2 IOT_2022_ixi with Danish sea-transport reallocation (Rørmose Jensen & Iliev 2022) and capital endogenised (Södersten et al. 2018)
ESP,Spain,Europe,Non-metallic mineral products,climate_change,kt CO2eq,5.659644402077461,2022,EXIOBASE v3.8.2 IOT_2022_ixi with Danish sea-transport reallocation (Rørmose Jensen & Iliev 2022) and capital endogenised (Södersten et al. 2018)
RoW Asia and Pacific,RoW Asia and Pacific,Asia and Pacific,Textile,land_use,km2,5.654534390155532,2022,EXIOBASE v3.8.2 IOT_2022_ixi with Danish sea-transport reallocation (Rørmose Jensen & Iliev 2022) and capital endogenised (Södersten et al. 2018)
CHE,Switzerland,Europe,Food and catering,land_use,km2,5.62565736194448,2022,EXIOBASE v3.8.2 IOT_2022_ixi with Danish sea-transport reallocation (Rørmose Jensen & Iliev 2022) and capital endogenised (Södersten et al. 2018)
DEU,Germany,Europe,Waste management and disposal,climate_change,kt CO2eq,5.6056878081260395,2022,EXIOBASE v3.8.2 IOT_2022_ixi with Danish sea-transport reallocation (Rørmose Jensen & Iliev 2022) and capital endogenised (Södersten et al. 2018)
NLD,Netherlands,Europe,Services,material_extraction,kt,5.5198946431684295,2022,EXIOBASE v3.8.2 IOT_2022_ixi with Danish sea-transport reallocation (Rørmose Jensen & Iliev 2022) and capital endogenised (Södersten et al. 2018)
IND,India,Asia and Pacific,Food and catering,waste_generation,kt,5.508811118753112,2022,EXIOBASE v3.8.2 IOT_2022_ixi with Danish sea-transport reallocation (Rørmose Jensen & Iliev 2022) and capital endogenised (Södersten et al. 2018)
RoW Europe,RoW Europe,Europe,Non-metallic mineral products,climate_change,kt CO2eq,5.504615190187601,2022,EXIOBASE v3.8.2 IOT_2022_ixi with Danish sea-transport reallocation (Rørmose Jensen & Iliev 2022) and capital endogenised (Södersten et al. 2018)
NLD,Netherlands,Europe,Food and catering,climate_change,kt CO2eq,5.483503605684968,2022,EXIOBASE v3.8.2 IOT_2022_ixi with Danish sea-transport reallocation (Rørmose Jensen & Iliev 2022) and capital endogenised (Södersten et al. 2018)
IRL,Ireland,Europe,Food and catering,climate_change,kt CO2eq,5.479833587224555,2022,EXIOBASE v3.8.2 IOT_2022_ixi with Danish sea-transport reallocation (Rørmose Jensen & Iliev 2022) and capital endogenised (Södersten et al. 2018)
RoW Africa,RoW Africa,Africa,Transport,climate_change,kt CO2eq,5.437217071622555,2022,EXIOBASE v3.8.2 IOT_2022_ixi with Danish sea-transport reallocation (Rørmose Jensen & Iliev 2022) and capital endogenised (Södersten et al. 2018)
CHN,China,Asia and Pacific,Food and catering,blue_water_consumption,Mm3,5.38472373174145,2022,EXIOBASE v3.8.2 IOT_2022_ixi with Danish sea-transport reallocation (Rørmose Jensen & Iliev 2022) and capital endogenised (Södersten et al. 2018)
SWE,Sweden,Europe,Chemical,climate_change,kt CO2eq,5.338377711945207,2022,EXIOBASE v3.8.2 IOT_2022_ixi with Danish sea-transport reallocation (Rørmose Jensen & Iliev 2022) and capital endogenised (Södersten et al. 2018)
CAN,Canada,America,Food and catering,climate_change,kt CO2eq,5.327037817925586,2022,EXIOBASE v3.8.2 IOT_2022_ixi with Danish sea-transport reallocation (Rørmose Jensen & Iliev 2022) and capital endogenised (Södersten et al. 2018)
FRA,France,Europe,Coal and Petroleum,climate_change,kt CO2eq,5.314490832323369,2022,EXIOBASE v3.8.2 IOT_2022_ixi with Danish sea-transport reallocation (Rørmose Jensen & Iliev 2022) and capital endogenised (Södersten et al. 2018)
RoW America,RoW America,America,Minerals and Metals,climate_change,kt CO2eq,5.2568168718820285,2022,EXIOBASE v3.8.2 IOT_2022_ixi with Danish sea-transport reallocation (Rørmose Jensen & Iliev 2022) and capital endogenised (Södersten et al. 2018)
RoW Africa,RoW Africa,Africa,Non-metallic mineral products,climate_change,kt CO2eq,5.241572136517935,2022,EXIOBASE v3.8.2 IOT_2022_ixi with Danish sea-transport reallocation (Rørmose Jensen & Iliev 2022) and capital endogenised (Södersten et al. 2018)
FRA,France,Europe,Waste management and disposal,climate_change,kt CO2eq,5.21863064579365,2022,EXIOBASE v3.8.2 IOT_2022_ixi with Danish sea-transport reallocation (Rørmose Jensen & Iliev 2022) and capital endogenised (Södersten et al. 2018)
AUS,Australia,Asia and Pacific,Transport,climate_change,kt CO2eq,5.185771108084811,2022,EXIOBASE v3.8.2 IOT_2022_ixi with Danish sea-transport reallocation (Rørmose Jensen & Iliev 2022) and capital endogenised (Södersten et al. 2018)
USA,United States,America,Food and catering,blue_water_consumption,Mm3,5.062279126370234,2022,EXIOBASE v3.8.2 IOT_2022_ixi with Danish sea-transport reallocation (Rørmose Jensen & Iliev 2022) and capital endogenised (Södersten et al. 2018)
RoW Africa,RoW Africa,Africa,Food and catering,blue_water_consumption,Mm3,5.03161547201467,2022,EXIOBASE v3.8.2 IOT_2022_ixi with Danish sea-transport reallocation (Rørmose Jensen & Iliev 2022) and capital endogenised (Södersten et al. 2018)
ITA,Italy,Europe,Food and catering,climate_change,kt CO2eq,5.014146939720256,2022,EXIOBASE v3.8.2 IOT_2022_ixi with Danish sea-transport reallocation (Rørmose Jensen & Iliev 2022) and capital endogenised (Södersten et al. 2018)
TUR,Turkey,Middle East,Electricity,climate_change,kt CO2eq,4.988316958517015,2022,EXIOBASE v3.8.2 IOT_2022_ixi with Danish sea-transport reallocation (Rørmose Jensen & Iliev 2022) and capital endogenised (Södersten et al. 2018)
DNK,Denmark,Denmark,"Steam, hot water supply and water distribution",waste_generation,kt,4.958072312134928,2022,EXIOBASE v3.8.2 IOT_2022_ixi with Danish sea-transport reallocation (Rørmose Jensen & Iliev 2022) and capital endogenised (Södersten et al. 2018)
SWE,Sweden,Europe,Non-metallic mineral products,climate_change,kt CO2eq,4.94936237576005,2022,EXIOBASE v3.8.2 IOT_2022_ixi with Danish sea-transport reallocation (Rørmose Jensen & Iliev 2022) and capital endogenised (Södersten et al. 2018)
LVA,Latvia,Europe,Minerals and Metals,material_extraction,kt,4.929447968792148,2022,EXIOBASE v3.8.2 IOT_2022_ixi with Danish sea-transport reallocation (Rørmose Jensen & Iliev 2022) and capital endogenised (Södersten et al. 2018)
RoW Asia and Pacific,RoW Asia and Pacific,Asia and Pacific,Transport,material_extraction,kt,4.863616843818399,2022,EXIOBASE v3.8.2 IOT_2022_ixi with Danish sea-transport reallocation (Rørmose Jensen & Iliev 2022) and capital endogenised (Södersten et al. 2018)
HRV,Croatia,Europe,Minerals and Metals,material_extraction,kt,4.851509213885239,2022,EXIOBASE v3.8.2 IOT_2022_ixi with Danish sea-transport reallocation (Rørmose Jensen & Iliev 2022) and capital endogenised (Södersten et al. 2018)
ESP,Spain,Europe,Food and catering,climate_change,kt CO2eq,4.828489008595138,2022,EXIOBASE v3.8.2 IOT_2022_ixi with Danish sea-transport reallocation (Rørmose Jensen & Iliev 2022) and capital endogenised (Södersten et al. 2018)
USA,United States,America,Non-metallic mineral products,climate_change,kt CO2eq,4.730477926216447,2022,EXIOBASE v3.8.2 IOT_2022_ixi with Danish sea-transport reallocation (Rørmose Jensen & Iliev 2022) and capital endogenised (Södersten et al. 2018)
RoW Africa,RoW Africa,Africa,Natural gas and gaseous fuels,climate_change,kt CO2eq,4.645749264954842,2022,EXIOBASE v3.8.2 IOT_2022_ixi with Danish sea-transport reallocation (Rørmose Jensen & Iliev 2022) and capital endogenised (Södersten et al. 2018)
RoW Middle East,RoW Middle East,Middle East,Chemical,material_extraction,kt,4.639838143148626,2022,EXIOBASE v3.8.2 IOT_2022_ixi with Danish sea-transport reallocation (Rørmose Jensen & Iliev 2022) and capital endogenised (Södersten et al. 2018)
SVN,Slovenia,Europe,Minerals and Metals,material_extraction,kt,4.620945229675642,2022,EXIOBASE v3.8.2 IOT_2022_ixi with Danish sea-transport reallocation (Rørmose Jensen & Iliev 2022) and capital endogenised (Södersten et al. 2018)
EST,Estonia,Europe,Electricity,climate_change,kt CO2eq,4.58937710764485,2022,EXIOBASE v3.8.2 IOT_2022_ixi with Danish sea-transport reallocation (Rørmose Jensen & Iliev 2022) and capital endogenised (Södersten et al. 2018)
DNK,Denmark,Denmark,Services,waste_generation,kt,4.584577504361071,2022,EXIOBASE v3.8.2 IOT_2022_ixi with Danish sea-transport reallocation (Rørmose Jensen & Iliev 2022) and capital endogenised (Södersten et al. 2018)
RoW Middle East,RoW Middle East,Middle East,Furniture and timber,climate_change,kt CO2eq,4.56664311970473,2022,EXIOBASE v3.8.2 IOT_2022_ixi with Danish sea-transport reallocation (Rørmose Jensen & Iliev 2022) and capital endogenised (Södersten et al. 2018)
NOR,Norway,Europe,Metal Products,climate_change,kt CO2eq,4.560966584476686,2022,EXIOBASE v3.8.2 IOT_2022_ixi with Danish sea-transport reallocation (Rørmose Jensen & Iliev 2022) and capital endogenised (Södersten et al. 2018)
BRA,Brazil,America,Metal Products,climate_change,kt CO2eq,4.492496272495387,2022,EXIOBASE v3.8.2 IOT_2022_ixi with Danish sea-transport reallocation (Rørmose Jensen & Iliev 2022) and capital endogenised (Södersten et al. 2018)
SWE,Sweden,Europe,Furniture and timber,land_use,km2,4.423121324609675,2022,EXIOBASE v3.8.2 IOT_2022_ixi with Danish sea-transport reallocation (Rørmose Jensen & Iliev 2022) and capital endogenised (Södersten et al. 2018)
CHN,China,Asia and Pacific,Food and catering,waste_generation,kt,4.407240214667069,2022,EXIOBASE v3.8.2 IOT_2022_ixi with Danish sea-transport reallocation (Rørmose Jensen & Iliev 2022) and capital endogenised (Södersten et al. 2018)
DNK,Denmark,Denmark,"Electrical, electronic and measuring equipment",climate_change,kt CO2eq,4.384212684851601,2022,EXIOBASE v3.8.2 IOT_2022_ixi with Danish sea-transport reallocation (Rørmose Jensen & Iliev 2022) and capital endogenised (Södersten et al. 2018)
FRA,France,Europe,Services,climate_change,kt CO2eq,4.361487792825773,2022,EXIOBASE v3.8.2 IOT_2022_ixi with Danish sea-transport reallocation (Rørmose Jensen & Iliev 2022) and capital endogenised (Södersten et al. 2018)
GBR,United Kingdom,Europe,Chemical,climate_change,kt CO2eq,4.342121313828578,2022,EXIOBASE v3.8.2 IOT_2022_ixi with Danish sea-transport reallocation (Rørmose Jensen & Iliev 2022) and capital endogenised (Södersten et al. 2018)
DNK,Denmark,Denmark,Furniture and timber,climate_change,kt CO2eq,4.317833352029141,2022,EXIOBASE v3.8.2 IOT_2022_ixi with Danish sea-transport reallocation (Rørmose Jensen & Iliev 2022) and capital endogenised (Södersten et al. 2018)
IND,India,Asia and Pacific,Textile,land_use,km2,4.26210213596336,2022,EXIOBASE v3.8.2 IOT_2022_ixi with Danish sea-transport reallocation (Rørmose Jensen & Iliev 2022) and capital endogenised (Södersten et al. 2018)
JPN,Japan,Asia and Pacific,Coal and Petroleum,climate_change,kt CO2eq,4.213039372530013,2022,EXIOBASE v3.8.2 IOT_2022_ixi with Danish sea-transport reallocation (Rørmose Jensen & Iliev 2022) and capital endogenised (Södersten et al. 2018)
NLD,Netherlands,Europe,Waste management and disposal,climate_change,kt CO2eq,4.184327588725068,2022,EXIOBASE v3.8.2 IOT_2022_ixi with Danish sea-transport reallocation (Rørmose Jensen & Iliev 2022) and capital endogenised (Södersten et al. 2018)
RoW Asia and Pacific,RoW Asia and Pacific,Asia and Pacific,Construction,climate_change,kt CO2eq,4.120021172859401,2022,EXIOBASE v3.8.2 IOT_2022_ixi with Danish sea-transport reallocation (Rørmose Jensen & Iliev 2022) and capital endogenised (Södersten et al. 2018)
RUS,Russia,Europe,Services,climate_change,kt CO2eq,4.118140117983887,2022,EXIOBASE v3.8.2 IOT_2022_ixi with Danish sea-transport reallocation (Rørmose Jensen & Iliev 2022) and capital endogenised (Södersten et al. 2018)
RoW Europe,RoW Europe,Europe,Natural gas and gaseous fuels,climate_change,kt CO2eq,4.112563163158569,2022,EXIOBASE v3.8.2 IOT_2022_ixi with Danish sea-transport reallocation (Rørmose Jensen & Iliev 2022) and capital endogenised (Södersten et al. 2018)
CAN,Canada,America,Electricity,climate_change,kt CO2eq,4.074376304363614,2022,EXIOBASE v3.8.2 IOT_2022_ixi with Danish sea-transport reallocation (Rørmose Jensen & Iliev 2022) and capital endogenised (Södersten et al. 2018)
JPN,Japan,Asia and Pacific,Metal Products,climate_change,kt CO2eq,4.030935707284033,2022,EXIOBASE v3.8.2 IOT_2022_ixi with Danish sea-transport reallocation (Rørmose Jensen & Iliev 2022) and capital endogenised (Södersten et al. 2018)
NLD,Netherlands,Europe,Non-metallic mineral products,climate_change,kt CO2eq,4.00184084435535,2022,EXIOBASE v3.8.2 IOT_2022_ixi with Danish sea-transport reallocation (Rørmose Jensen & Iliev 2022) and capital endogenised (Södersten et al. 2018)
ESP,Spain,Europe,Coal and Petroleum,climate_change,kt CO2eq,3.9943782740345912,2022,EXIOBASE v3.8.2 IOT_2022_ixi with Danish sea-transport reallocation (Rørmose Jensen & Iliev 2022) and capital endogenised (Södersten et al. 2018)
RoW Europe,RoW Europe,Europe,Chemical,waste_generation,kt,3.9883795806967255,2022,EXIOBASE v3.8.2 IOT_2022_ixi with Danish sea-transport reallocation (Rørmose Jensen & Iliev 2022) and capital endogenised (Södersten et al. 2018)
BGR,Bulgaria,Europe,Non-metallic mineral products,material_extraction,kt,3.98828564744165,2022,EXIOBASE v3.8.2 IOT_2022_ixi with Danish sea-transport reallocation (Rørmose Jensen & Iliev 2022) and capital endogenised (Södersten et al. 2018)
DNK,Denmark,Denmark,Electricity,blue_water_consumption,Mm3,3.967137714673337,2022,EXIOBASE v3.8.2 IOT_2022_ixi with Danish sea-transport reallocation (Rørmose Jensen & Iliev 2022) and capital endogenised (Södersten et al. 2018)
SWE,Sweden,Europe,Paper Products,land_use,km2,3.959955903808168,2022,EXIOBASE v3.8.2 IOT_2022_ixi with Danish sea-transport reallocation (Rørmose Jensen & Iliev 2022) and capital endogenised (Södersten et al. 2018)
BGR,Bulgaria,Europe,Services,land_use,km2,3.9552567169446218,2022,EXIOBASE v3.8.2 IOT_2022_ixi with Danish sea-transport reallocation (Rørmose Jensen & Iliev 2022) and capital endogenised (Södersten et al. 2018)
SWE,Sweden,Europe,Coal and Petroleum,climate_change,kt CO2eq,3.9511558205150172,2022,EXIOBASE v3.8.2 IOT_2022_ixi with Danish sea-transport reallocation (Rørmose Jensen & Iliev 2022) and capital endogenised (Södersten et al. 2018)
USA,United States,America,Chemical,waste_generation,kt,3.8804895043713863,2022,EXIOBASE v3.8.2 IOT_2022_ixi with Danish sea-transport reallocation (Rørmose Jensen & Iliev 2022) and capital endogenised (Södersten et al. 2018)
BRA,Brazil,America,Electricity,climate_change,kt CO2eq,3.865066738890956,2022,EXIOBASE v3.8.2 IOT_2022_ixi with Danish sea-transport reallocation (Rørmose Jensen & Iliev 2022) and capital endogenised (Södersten et al. 2018)
RoW Europe,RoW Europe,Europe,Paper Products,climate_change,kt CO2eq,3.8457594625267344,2022,EXIOBASE v3.8.2 IOT_2022_ixi with Danish sea-transport reallocation (Rørmose Jensen & Iliev 2022) and capital endogenised (Södersten et al. 2018)
USA,United States,America,Services,climate_change,kt CO2eq,3.8159895865675315,2022,EXIOBASE v3.8.2 IOT_2022_ixi with Danish sea-transport reallocation (Rørmose Jensen & Iliev 2022) and capital endogenised (Södersten et al. 2018)
BEL,Belgium,Europe,Food and catering,land_use,km2,3.793770658160477,2022,EXIOBASE v3.8.2 IOT_2022_ixi with Danish sea-transport reallocation (Rørmose Jensen & Iliev 2022) and capital endogenised (Södersten et al. 2018)
SWE,Sweden,Europe,Metal Products,climate_change,kt CO2eq,3.7861389522653943,2022,EXIOBASE v3.8.2 IOT_2022_ixi with Danish sea-transport reallocation (Rørmose Jensen & Iliev 2022) and capital endogenised (Södersten et al. 2018)
DEU,Germany,Europe,Construction,material_extraction,kt,3.729227110615135,2022,EXIOBASE v3.8.2 IOT_2022_ixi with Danish sea-transport reallocation (Rørmose Jensen & Iliev 2022) and capital endogenised (Södersten et al. 2018)
GRC,Greece,Europe,Food and catering,climate_change,kt CO2eq,3.7249082310175496,2022,EXIOBASE v3.8.2 IOT_2022_ixi with Danish sea-transport reallocation (Rørmose Jensen & Iliev 2022) and capital endogenised (Södersten et al. 2018)
BEL,Belgium,Europe,Non-metallic mineral products,climate_change,kt CO2eq,3.7227845761058336,2022,EXIOBASE v3.8.2 IOT_2022_ixi with Danish sea-transport reallocation (Rørmose Jensen & Iliev 2022) and capital endogenised (Södersten et al. 2018)
TWN,Taiwan,Asia and Pacific,Food and catering,land_use,km2,3.721250150718904,2022,EXIOBASE v3.8.2 IOT_2022_ixi with Danish sea-transport reallocation (Rørmose Jensen & Iliev 2022) and capital endogenised (Södersten et al. 2018)
DNK,Denmark,Denmark,Electricity,waste_generation,kt,3.687235361432006,2022,EXIOBASE v3.8.2 IOT_2022_ixi with Danish sea-transport reallocation (Rørmose Jensen & Iliev 2022) and capital endogenised (Södersten et al. 2018)
DEU,Germany,Europe,Construction,waste_generation,kt,3.6735121659575647,2022,EXIOBASE v3.8.2 IOT_2022_ixi with Danish sea-transport reallocation (Rørmose Jensen & Iliev 2022) and capital endogenised (Södersten et al. 2018)
BGR,Bulgaria,Europe,"Steam, hot water supply and water distribution",climate_change,kt CO2eq,3.6023731038301556,2022,EXIOBASE v3.8.2 IOT_2022_ixi with Danish sea-transport reallocation (Rørmose Jensen & Iliev 2022) and capital endogenised (Södersten et al. 2018)
CHN,China,Asia and Pacific,Minerals and Metals,climate_change,kt CO2eq,3.571795029077024,2022,EXIOBASE v3.8.2 IOT_2022_ixi with Danish sea-transport reallocation (Rørmose Jensen & Iliev 2022) and capital endogenised (Södersten et al. 2018)
TUR,Turkey,Middle East,Waste management and disposal,climate_change,kt CO2eq,3.5689151229851315,2022,EXIOBASE v3.8.2 IOT_2022_ixi with Danish sea-transport reallocation (Rørmose Jensen & Iliev 2022) and capital endogenised (Södersten et al. 2018)
CHN,China,Asia and Pacific,Electricity,waste_generation,kt,3.552882325214084,2022,EXIOBASE v3.8.2 IOT_2022_ixi with Danish sea-transport reallocation (Rørmose Jensen & Iliev 2022) and capital endogenised (Södersten et al. 2018)
MEX,Mexico,America,Non-metallic mineral products,climate_change,kt CO2eq,3.509869448063229,2022,EXIOBASE v3.8.2 IOT_2022_ixi with Danish sea-transport reallocation (Rørmose Jensen & Iliev 2022) and capital endogenised (Södersten et al. 2018)
LVA,Latvia,Europe,Transport,climate_change,kt CO2eq,3.484263311879303,2022,EXIOBASE v3.8.2 IOT_2022_ixi with Danish sea-transport reallocation (Rørmose Jensen & Iliev 2022) and capital endogenised (Södersten et al. 2018)
RoW Europe,RoW Europe,Europe,Food and catering,material_extraction,kt,3.4709376645280874,2022,EXIOBASE v3.8.2 IOT_2022_ixi with Danish sea-transport reallocation (Rørmose Jensen & Iliev 2022) and capital endogenised (Södersten et al. 2018)
JPN,Japan,Asia and Pacific,Minerals and Metals,climate_change,kt CO2eq,3.4425644984653103,2022,EXIOBASE v3.8.2 IOT_2022_ixi with Danish sea-transport reallocation (Rørmose Jensen & Iliev 2022) and capital endogenised (Södersten et al. 2018)
DEU,Germany,Europe,Services,material_extraction,kt,3.437963041845306,2022,EXIOBASE v3.8.2 IOT_2022_ixi with Danish sea-transport reallocation (Rørmose Jensen & Iliev 2022) and capital endogenised (Södersten et al. 2018)
DNK,Denmark,Denmark,Construction,waste_generation,kt,3.389928545380174,2022,EXIOBASE v3.8.2 IOT_2022_ixi with Danish sea-transport reallocation (Rørmose Jensen & Iliev 2022) and capital endogenised (Södersten et al. 2018)
NLD,Netherlands,Europe,Construction,waste_generation,kt,3.386970886377122,2022,EXIOBASE v3.8.2 IOT_2022_ixi with Danish sea-transport reallocation (Rørmose Jensen & Iliev 2022) and capital endogenised (Södersten et al. 2018)
IND,India,Asia and Pacific,Furniture and timber,climate_change,kt CO2eq,3.370726286528057,2022,EXIOBASE v3.8.2 IOT_2022_ixi with Danish sea-transport reallocation (Rørmose Jensen & Iliev 2022) and capital endogenised (Södersten et al. 2018)
RoW Asia and Pacific,RoW Asia and Pacific,Asia and Pacific,Services,land_use,km2,3.3667442665612692,2022,EXIOBASE v3.8.2 IOT_2022_ixi with Danish sea-transport reallocation (Rørmose Jensen & Iliev 2022) and capital endogenised (Södersten et al. 2018)
CAN,Canada,America,Chemical,climate_change,kt CO2eq,3.3118212232294595,2022,EXIOBASE v3.8.2 IOT_2022_ixi with Danish sea-transport reallocation (Rørmose Jensen & Iliev 2022) and capital endogenised (Södersten et al. 2018)
ESP,Spain,Europe,Construction,land_use,km2,3.307580864372526,2022,EXIOBASE v3.8.2 IOT_2022_ixi with Danish sea-transport reallocation (Rørmose Jensen & Iliev 2022) and capital endogenised (Södersten et al. 2018)
GRC,Greece,Europe,"Steam, hot water supply and water distribution",climate_change,kt CO2eq,3.3022157582815623,2022,EXIOBASE v3.8.2 IOT_2022_ixi with Danish sea-transport reallocation (Rørmose Jensen & Iliev 2022) and capital endogenised (Södersten et al. 2018)
BRA,Brazil,America,Coal and Petroleum,climate_change,kt CO2eq,3.296436228476437,2022,EXIOBASE v3.8.2 IOT_2022_ixi with Danish sea-transport reallocation (Rørmose Jensen & Iliev 2022) and capital endogenised (Södersten et al. 2018)
FRA,France,Europe,Chemical,climate_change,kt CO2eq,3.272671759240294,2022,EXIOBASE v3.8.2 IOT_2022_ixi with Danish sea-transport reallocation (Rørmose Jensen & Iliev 2022) and capital endogenised (Södersten et al. 2018)
NLD,Netherlands,Europe,Services,climate_change,kt CO2eq,3.267106890048964,2022,EXIOBASE v3.8.2 IOT_2022_ixi with Danish sea-transport reallocation (Rørmose Jensen & Iliev 2022) and capital endogenised (Södersten et al. 2018)
ITA,Italy,Europe,Metal Products,climate_change,kt CO2eq,3.2529222765293486,2022,EXIOBASE v3.8.2 IOT_2022_ixi with Danish sea-transport reallocation (Rørmose Jensen & Iliev 2022) and capital endogenised (Södersten et al. 2018)
CZE,Czech Republic,Europe,Chemical,climate_change,kt CO2eq,3.2389264256225534,2022,EXIOBASE v3.8.2 IOT_2022_ixi with Danish sea-transport reallocation (Rørmose Jensen & Iliev 2022) and capital endogenised (Södersten et al. 2018)
IDN,Indonesia,Asia and Pacific,Food and catering,climate_change,kt CO2eq,3.228876408770169,2022,EXIOBASE v3.8.2 IOT_2022_ixi with Danish sea-transport reallocation (Rørmose Jensen & Iliev 2022) and capital endogenised (Södersten et al. 2018)
TUR,Turkey,Middle East,Chemical,climate_change,kt CO2eq,3.2222344590721654,2022,EXIOBASE v3.8.2 IOT_2022_ixi with Danish sea-transport reallocation (Rørmose Jensen & Iliev 2022) and capital endogenised (Södersten et al. 2018)
CZE,Czech Republic,Europe,Transport,climate_change,kt CO2eq,3.1934307809866085,2022,EXIOBASE v3.8.2 IOT_2022_ixi with Danish sea-transport reallocation (Rørmose Jensen & Iliev 2022) and capital endogenised (Södersten et al. 2018)
RoW Africa,RoW Africa,Africa,Minerals and Metals,climate_change,kt CO2eq,3.1804308835708244,2022,EXIOBASE v3.8.2 IOT_2022_ixi with Danish sea-transport reallocation (Rørmose Jensen & Iliev 2022) and capital endogenised (Södersten et al. 2018)
BRA,Brazil,America,Non-metallic mineral products,climate_change,kt CO2eq,3.152434223181289,2022,EXIOBASE v3.8.2 IOT_2022_ixi with Danish sea-transport reallocation (Rørmose Jensen & Iliev 2022) and capital endogenised (Södersten et al. 2018)
FIN,Finland,Europe,"Electrical, electronic and measuring equipment",material_extraction,kt,3.1315750751430445,2022,EXIOBASE v3.8.2 IOT_2022_ixi with Danish sea-transport reallocation (Rørmose Jensen & Iliev 2022) and capital endogenised (Södersten et al. 2018)
BEL,Belgium,Europe,Food and catering,climate_change,kt CO2eq,3.11920970508878,2022,EXIOBASE v3.8.2 IOT_2022_ixi with Danish sea-transport reallocation (Rørmose Jensen & Iliev 2022) and capital endogenised (Södersten et al. 2018)
GBR,United Kingdom,Europe,Services,climate_change,kt CO2eq,3.115072021742463,2022,EXIOBASE v3.8.2 IOT_2022_ixi with Danish sea-transport reallocation (Rørmose Jensen & Iliev 2022) and capital endogenised (Södersten et al. 2018)
POL,Poland,Europe,Construction,material_extraction,kt,3.1045469138289117,2022,EXIOBASE v3.8.2 IOT_2022_ixi with Danish sea-transport reallocation (Rørmose Jensen & Iliev 2022) and capital endogenised (Södersten et al. 2018)
GBR,United Kingdom,Europe,Natural gas and gaseous fuels,climate_change,kt CO2eq,3.0941097133686117,2022,EXIOBASE v3.8.2 IOT_2022_ixi with Danish sea-transport reallocation (Rørmose Jensen & Iliev 2022) and capital endogenised (Södersten et al. 2018)
KOR,South Korea,Asia and Pacific,Coal and Petroleum,climate_change,kt CO2eq,3.0721171389583084,2022,EXIOBASE v3.8.2 IOT_2022_ixi with Danish sea-transport reallocation (Rørmose Jensen & Iliev 2022) and capital endogenised (Södersten et al. 2018)
ESP,Spain,Europe,Chemical,climate_change,kt CO2eq,3.063898960761238,2022,EXIOBASE v3.8.2 IOT_2022_ixi with Danish sea-transport reallocation (Rørmose Jensen & Iliev 2022) and capital endogenised (Södersten et al. 2018)
NOR,Norway,Europe,Natural gas and gaseous fuels,climate_change,kt CO2eq,3.050582354739469,2022,EXIOBASE v3.8.2 IOT_2022_ixi with Danish sea-transport reallocation (Rørmose Jensen & Iliev 2022) and capital endogenised (Södersten et al. 2018)
BEL,Belgium,Europe,Electricity,climate_change,kt CO2eq,3.0425299555085306,2022,EXIOBASE v3.8.2 IOT_2022_ixi with Danish sea-transport reallocation (Rørmose Jensen & Iliev 2022) and capital endogenised (Södersten et al. 2018)
SWE,Sweden,Europe,Services,material_extraction,kt,3.035108410772054,2022,EXIOBASE v3.8.2 IOT_2022_ixi with Danish sea-transport reallocation (Rørmose Jensen & Iliev 2022) and capital endogenised (Södersten et al. 2018)
PRT,Portugal,Europe,Non-metallic mineral products,climate_change,kt CO2eq,3.0105140383594047,2022,EXIOBASE v3.8.2 IOT_2022_ixi with Danish sea-transport reallocation (Rørmose Jensen & Iliev 2022) and capital endogenised (Södersten et al. 2018)
RoW Asia and Pacific,RoW Asia and Pacific,Asia and Pacific,Textile,climate_change,kt CO2eq,2.978246557035757,2022,EXIOBASE v3.8.2 IOT_2022_ixi with Danish sea-transport reallocation (Rørmose Jensen & Iliev 2022) and capital endogenised (Södersten et al. 2018)
ITA,Italy,Europe,Non-metallic mineral products,climate_change,kt CO2eq,2.9779947882280853,2022,EXIOBASE v3.8.2 IOT_2022_ixi with Danish sea-transport reallocation (Rørmose Jensen & Iliev 2022) and capital endogenised (Södersten et al. 2018)
IRL,Ireland,Europe,Electricity,climate_change,kt CO2eq,2.9395918364511564,2022,EXIOBASE v3.8.2 IOT_2022_ixi with Danish sea-transport reallocation (Rørmose Jensen & Iliev 2022) and capital endogenised (Södersten et al. 2018)
SWE,Sweden,Europe,Construction,waste_generation,kt,2.937716021872643,2022,EXIOBASE v3.8.2 IOT_2022_ixi with Danish sea-transport reallocation (Rørmose Jensen & Iliev 2022) and capital endogenised (Södersten et al. 2018)
NLD,Netherlands,Europe,Metal Products,climate_change,kt CO2eq,2.936389707333779,2022,EXIOBASE v3.8.2 IOT_2022_ixi with Danish sea-transport reallocation (Rørmose Jensen & Iliev 2022) and capital endogenised (Södersten et al. 2018)
CHN,China,Asia and Pacific,Chemical,blue_water_consumption,Mm3,2.9363664929981415,2022,EXIOBASE v3.8.2 IOT_2022_ixi with Danish sea-transport reallocation (Rørmose Jensen & Iliev 2022) and capital endogenised (Södersten et al. 2018)
HUN,Hungary,Europe,Non-metallic mineral products,material_extraction,kt,2.932794639392935,2022,EXIOBASE v3.8.2 IOT_2022_ixi with Danish sea-transport reallocation (Rørmose Jensen & Iliev 2022) and capital endogenised (Södersten et al. 2018)
DNK,Denmark,Denmark,Paper Products,climate_change,kt CO2eq,2.924269071882562,2022,EXIOBASE v3.8.2 IOT_2022_ixi with Danish sea-transport reallocation (Rørmose Jensen & Iliev 2022) and capital endogenised (Södersten et al. 2018)
CZE,Czech Republic,Europe,Non-metallic mineral products,material_extraction,kt,2.9188921375772647,2022,EXIOBASE v3.8.2 IOT_2022_ixi with Danish sea-transport reallocation (Rørmose Jensen & Iliev 2022) and capital endogenised (Södersten et al. 2018)
TWN,Taiwan,Asia and Pacific,Chemical,climate_change,kt CO2eq,2.9138370856321223,2022,EXIOBASE v3.8.2 IOT_2022_ixi with Danish sea-transport reallocation (Rørmose Jensen & Iliev 2022) and capital endogenised (Södersten et al. 2018)
LVA,Latvia,Europe,Food and catering,climate_change,kt CO2eq,2.8565908479730906,2022,EXIOBASE v3.8.2 IOT_2022_ixi with Danish sea-transport reallocation (Rørmose Jensen & Iliev 2022) and capital endogenised (Södersten et al. 2018)
CHN,China,Asia and Pacific,Textile,climate_change,kt CO2eq,2.85292447964593,2022,EXIOBASE v3.8.2 IOT_2022_ixi with Danish sea-transport reallocation (Rørmose Jensen & Iliev 2022) and capital endogenised (Södersten et al. 2018)
NLD,Netherlands,Europe,Minerals and Metals,material_extraction,kt,2.846497548639067,2022,EXIOBASE v3.8.2 IOT_2022_ixi with Danish sea-transport reallocation (Rørmose Jensen & Iliev 2022) and capital endogenised (Södersten et al. 2018)
FIN,Finland,Europe,"Steam, hot water supply and water distribution",climate_change,kt CO2eq,2.8463366586570737,2022,EXIOBASE v3.8.2 IOT_2022_ixi with Danish sea-transport reallocation (Rørmose Jensen & Iliev 2022) and capital endogenised (Södersten et al. 2018)
POL,Poland,Europe,Electricity,climate_change,kt CO2eq,2.823885701535276,2022,EXIOBASE v3.8.2 IOT_2022_ixi with Danish sea-transport reallocation (Rørmose Jensen & Iliev 2022) and capital endogenised (Södersten et al. 2018)
GBR,United Kingdom,Europe,Construction,waste_generation,kt,2.771810342642821,2022,EXIOBASE v3.8.2 IOT_2022_ixi with Danish sea-transport reallocation (Rørmose Jensen & Iliev 2022) and capital endogenised (Södersten et al. 2018)
SWE,Sweden,Europe,"Steam, hot water supply and water distribution",climate_change,kt CO2eq,2.7676213332108333,2022,EXIOBASE v3.8.2 IOT_2022_ixi with Danish sea-transport reallocation (Rørmose Jensen & Iliev 2022) and capital endogenised (Södersten et al. 2018)
IDN,Indonesia,Asia and Pacific,Chemical,climate_change,kt CO2eq,2.761825364124041,2022,EXIOBASE v3.8.2 IOT_2022_ixi with Danish sea-transport reallocation (Rørmose Jensen & Iliev 2022) and capital endogenised (Södersten et al. 2018)
ZAF,South Africa,Africa,Food and catering,climate_change,kt CO2eq,2.7550496569445286,2022,EXIOBASE v3.8.2 IOT_2022_ixi with Danish sea-transport reallocation (Rørmose Jensen & Iliev 2022) and capital endogenised (Södersten et al. 2018)
RUS,Russia,Europe,Minerals and Metals,climate_change,kt CO2eq,2.745827680600675,2022,EXIOBASE v3.8.2 IOT_2022_ixi with Danish sea-transport reallocation (Rørmose Jensen & Iliev 2022) and capital endogenised (Södersten et al. 2018)
CZE,Czech Republic,Europe,Coal and Petroleum,climate_change,kt CO2eq,2.742977806515703,2022,EXIOBASE v3.8.2 IOT_2022_ixi with Danish sea-transport reallocation (Rørmose Jensen & Iliev 2022) and capital endogenised (Södersten et al. 2018)
ITA,Italy,Europe,Coal and Petroleum,climate_change,kt CO2eq,2.7379388270060336,2022,EXIOBASE v3.8.2 IOT_2022_ixi with Danish sea-transport reallocation (Rørmose Jensen & Iliev 2022) and capital endogenised (Södersten et al. 2018)
RoW Middle East,RoW Middle East,Middle East,Services,material_extraction,kt,2.698100119249688,2022,EXIOBASE v3.8.2 IOT_2022_ixi with Danish sea-transport reallocation (Rørmose Jensen & Iliev 2022) and capital endogenised (Södersten et al. 2018)
CHN,China,Asia and Pacific,Furniture and timber,climate_change,kt CO2eq,2.697456278341599,2022,EXIOBASE v3.8.2 IOT_2022_ixi with Danish sea-transport reallocation (Rørmose Jensen & Iliev 2022) and capital endogenised (Södersten et al. 2018)
RoW Europe,RoW Europe,Europe,Coal and Petroleum,waste_generation,kt,2.681526152409753,2022,EXIOBASE v3.8.2 IOT_2022_ixi with Danish sea-transport reallocation (Rørmose Jensen & Iliev 2022) and capital endogenised (Södersten et al. 2018)
ITA,Italy,Europe,Chemical,material_extraction,kt,2.6667538361518215,2022,EXIOBASE v3.8.2 IOT_2022_ixi with Danish sea-transport reallocation (Rørmose Jensen & Iliev 2022) and capital endogenised (Södersten et al. 2018)
DEU,Germany,Europe,Minerals and Metals,climate_change,kt CO2eq,2.6536020739809922,2022,EXIOBASE v3.8.2 IOT_2022_ixi with Danish sea-transport reallocation (Rørmose Jensen & Iliev 2022) and capital endogenised (Södersten et al. 2018)
GRC,Greece,Europe,Waste management and disposal,climate_change,kt CO2eq,2.6487806528845343,2022,EXIOBASE v3.8.2 IOT_2022_ixi with Danish sea-transport reallocation (Rørmose Jensen & Iliev 2022) and capital endogenised (Södersten et al. 2018)
PRT,Portugal,Europe,Metal Products,climate_change,kt CO2eq,2.6455230585049194,2022,EXIOBASE v3.8.2 IOT_2022_ixi with Danish sea-transport reallocation (Rørmose Jensen & Iliev 2022) and capital endogenised (Södersten et al. 2018)
CZE,Czech Republic,Europe,Non-metallic mineral products,climate_change,kt CO2eq,2.6422681522399434,2022,EXIOBASE v3.8.2 IOT_2022_ixi with Danish sea-transport reallocation (Rørmose Jensen & Iliev 2022) and capital endogenised (Södersten et al. 2018)
SVK,Slovakia,Europe,Non-metallic mineral products,material_extraction,kt,2.6386447070618897,2022,EXIOBASE v3.8.2 IOT_2022_ixi with Danish sea-transport reallocation (Rørmose Jensen & Iliev 2022) and capital endogenised (Södersten et al. 2018)
LUX,Luxembourg,Europe,Transport,climate_change,kt CO2eq,2.638436793953369,2022,EXIOBASE v3.8.2 IOT_2022_ixi with Danish sea-transport reallocation (Rørmose Jensen & Iliev 2022) and capital endogenised (Södersten et al. 2018)
DNK,Denmark,Denmark,Textile,climate_change,kt CO2eq,2.6325298143565377,2022,EXIOBASE v3.8.2 IOT_2022_ixi with Danish sea-transport reallocation (Rørmose Jensen & Iliev 2022) and capital endogenised (Södersten et al. 2018)
AUS,Australia,Asia and Pacific,Waste management and disposal,climate_change,kt CO2eq,2.601780451673027,2022,EXIOBASE v3.8.2 IOT_2022_ixi with Danish sea-transport reallocation (Rørmose Jensen & Iliev 2022) and capital endogenised (Södersten et al. 2018)
HUN,Hungary,Europe,Electricity,climate_change,kt CO2eq,2.591677290646084,2022,EXIOBASE v3.8.2 IOT_2022_ixi with Danish sea-transport reallocation (Rørmose Jensen & Iliev 2022) and capital endogenised (Södersten et al. 2018)
USA,United States,America,Minerals and Metals,climate_change,kt CO2eq,2.580960844489605,2022,EXIOBASE v3.8.2 IOT_2022_ixi with Danish sea-transport reallocation (Rørmose Jensen & Iliev 2022) and capital endogenised (Södersten et al. 2018)
IDN,Indonesia,Asia and Pacific,Transport,climate_change,kt CO2eq,2.554295372608242,2022,EXIOBASE v3.8.2 IOT_2022_ixi with Danish sea-transport reallocation (Rørmose Jensen & Iliev 2022) and capital endogenised (Södersten et al. 2018)
BEL,Belgium,Europe,Chemical,material_extraction,kt,2.5533065206055876,2022,EXIOBASE v3.8.2 IOT_2022_ixi with Danish sea-transport reallocation (Rørmose Jensen & Iliev 2022) and capital endogenised (Södersten et al. 2018)
BEL,Belgium,Europe,Non-metallic mineral products,material_extraction,kt,2.512572318371498,2022,EXIOBASE v3.8.2 IOT_2022_ixi with Danish sea-transport reallocation (Rørmose Jensen & Iliev 2022) and capital endogenised (Södersten et al. 2018)
FIN,Finland,Europe,Coal and Petroleum,climate_change,kt CO2eq,2.504838646446191,2022,EXIOBASE v3.8.2 IOT_2022_ixi with Danish sea-transport reallocation (Rørmose Jensen & Iliev 2022) and capital endogenised (Södersten et al. 2018)
IDN,Indonesia,Asia and Pacific,Electricity,climate_change,kt CO2eq,2.503997394451878,2022,EXIOBASE v3.8.2 IOT_2022_ixi with Danish sea-transport reallocation (Rørmose Jensen & Iliev 2022) and capital endogenised (Södersten et al. 2018)
HUN,Hungary,Europe,Waste management and disposal,climate_change,kt CO2eq,2.4603780062936256,2022,EXIOBASE v3.8.2 IOT_2022_ixi with Danish sea-transport reallocation (Rørmose Jensen & Iliev 2022) and capital endogenised (Södersten et al. 2018)
POL,Poland,Europe,Construction,waste_generation,kt,2.45973519457973,2022,EXIOBASE v3.8.2 IOT_2022_ixi with Danish sea-transport reallocation (Rørmose Jensen & Iliev 2022) and capital endogenised (Södersten et al. 2018)
POL,Poland,Europe,Chemical,waste_generation,kt,2.4588230458815294,2022,EXIOBASE v3.8.2 IOT_2022_ixi with Danish sea-transport reallocation (Rørmose Jensen & Iliev 2022) and capital endogenised (Södersten et al. 2018)
USA,United States,America,"Steam, hot water supply and water distribution",climate_change,kt CO2eq,2.4129726817961776,2022,EXIOBASE v3.8.2 IOT_2022_ixi with Danish sea-transport reallocation (Rørmose Jensen & Iliev 2022) and capital endogenised (Södersten et al. 2018)
IRL,Ireland,Europe,Minerals and Metals,material_extraction,kt,2.383515138623317,2022,EXIOBASE v3.8.2 IOT_2022_ixi with Danish sea-transport reallocation (Rørmose Jensen & Iliev 2022) and capital endogenised (Södersten et al. 2018)
BEL,Belgium,Europe,Waste management and disposal,climate_change,kt CO2eq,2.3829202159360348,2022,EXIOBASE v3.8.2 IOT_2022_ixi with Danish sea-transport reallocation (Rørmose Jensen & Iliev 2022) and capital endogenised (Södersten et al. 2018)
KOR,South Korea,Asia and Pacific,Food and catering,land_use,km2,2.3794872626990244,2022,EXIOBASE v3.8.2 IOT_2022_ixi with Danish sea-transport reallocation (Rørmose Jensen & Iliev 2022) and capital endogenised (Södersten et al. 2018)
BEL,Belgium,Europe,Services,climate_change,kt CO2eq,2.364486494695266,2022,EXIOBASE v3.8.2 IOT_2022_ixi with Danish sea-transport reallocation (Rørmose Jensen & Iliev 2022) and capital endogenised (Södersten et al. 2018)
JPN,Japan,Asia and Pacific,Chemical,climate_change,kt CO2eq,2.359092845833159,2022,EXIOBASE v3.8.2 IOT_2022_ixi with Danish sea-transport reallocation (Rørmose Jensen & Iliev 2022) and capital endogenised (Södersten et al. 2018)
BEL,Belgium,Europe,Coal and Petroleum,climate_change,kt CO2eq,2.353320659315529,2022,EXIOBASE v3.8.2 IOT_2022_ixi with Danish sea-transport reallocation (Rørmose Jensen & Iliev 2022) and capital endogenised (Södersten et al. 2018)
BRA,Brazil,America,Transport,climate_change,kt CO2eq,2.3353024578164474,2022,EXIOBASE v3.8.2 IOT_2022_ixi with Danish sea-transport reallocation (Rørmose Jensen & Iliev 2022) and capital endogenised (Södersten et al. 2018)
FIN,Finland,Europe,Transport,climate_change,kt CO2eq,2.331171076383087,2022,EXIOBASE v3.8.2 IOT_2022_ixi with Danish sea-transport reallocation (Rørmose Jensen & Iliev 2022) and capital endogenised (Södersten et al. 2018)
DEU,Germany,Europe,Food and catering,waste_generation,kt,2.329864855035328,2022,EXIOBASE v3.8.2 IOT_2022_ixi with Danish sea-transport reallocation (Rørmose Jensen & Iliev 2022) and capital endogenised (Södersten et al. 2018)
RoW Europe,RoW Europe,Europe,Food and catering,blue_water_consumption,Mm3,2.322362010753505,2022,EXIOBASE v3.8.2 IOT_2022_ixi with Danish sea-transport reallocation (Rørmose Jensen & Iliev 2022) and capital endogenised (Södersten et al. 2018)
DEU,Germany,Europe,Paper Products,climate_change,kt CO2eq,2.294535764443913,2022,EXIOBASE v3.8.2 IOT_2022_ixi with Danish sea-transport reallocation (Rørmose Jensen & Iliev 2022) and capital endogenised (Södersten et al. 2018)
PRT,Portugal,Europe,Transport,climate_change,kt CO2eq,2.271594816333307,2022,EXIOBASE v3.8.2 IOT_2022_ixi with Danish sea-transport reallocation (Rørmose Jensen & Iliev 2022) and capital endogenised (Södersten et al. 2018)
RoW Africa,RoW Africa,Africa,Services,climate_change,kt CO2eq,2.269804427877463,2022,EXIOBASE v3.8.2 IOT_2022_ixi with Danish sea-transport reallocation (Rørmose Jensen & Iliev 2022) and capital endogenised (Södersten et al. 2018)
BEL,Belgium,Europe,Construction,waste_generation,kt,2.256711087971132,2022,EXIOBASE v3.8.2 IOT_2022_ixi with Danish sea-transport reallocation (Rørmose Jensen & Iliev 2022) and capital endogenised (Södersten et al. 2018)
MEX,Mexico,America,Transport,climate_change,kt CO2eq,2.230988026153063,2022,EXIOBASE v3.8.2 IOT_2022_ixi with Danish sea-transport reallocation (Rørmose Jensen & Iliev 2022) and capital endogenised (Södersten et al. 2018)
TUR,Turkey,Middle East,Coal and Petroleum,climate_change,kt CO2eq,2.209778665849769,2022,EXIOBASE v3.8.2 IOT_2022_ixi with Danish sea-transport reallocation (Rørmose Jensen & Iliev 2022) and capital endogenised (Södersten et al. 2018)
SVN,Slovenia,Europe,Food and catering,land_use,km2,2.2024210900828627,2022,EXIOBASE v3.8.2 IOT_2022_ixi with Danish sea-transport reallocation (Rørmose Jensen & Iliev 2022) and capital endogenised (Södersten et al. 2018)
DNK,Denmark,Denmark,General and special Machinery,climate_change,kt CO2eq,2.1993889855327757,2022,EXIOBASE v3.8.2 IOT_2022_ixi with Danish sea-transport reallocation (Rørmose Jensen & Iliev 2022) and capital endogenised (Södersten et al. 2018)
ESP,Spain,Europe,Waste management and disposal,climate_change,kt CO2eq,2.186430252077208,2022,EXIOBASE v3.8.2 IOT_2022_ixi with Danish sea-transport reallocation (Rørmose Jensen & Iliev 2022) and capital endogenised (Södersten et al. 2018)
CZE,Czech Republic,Europe,Electricity,climate_change,kt CO2eq,2.1776470328263864,2022,EXIOBASE v3.8.2 IOT_2022_ixi with Danish sea-transport reallocation (Rørmose Jensen & Iliev 2022) and capital endogenised (Södersten et al. 2018)
NLD,Netherlands,Europe,Construction,climate_change,kt CO2eq,2.174861034901479,2022,EXIOBASE v3.8.2 IOT_2022_ixi with Danish sea-transport reallocation (Rørmose Jensen & Iliev 2022) and capital endogenised (Södersten et al. 2018)
RoW Middle East,RoW Middle East,Middle East,Construction,climate_change,kt CO2eq,2.17047814976354,2022,EXIOBASE v3.8.2 IOT_2022_ixi with Danish sea-transport reallocation (Rørmose Jensen & Iliev 2022) and capital endogenised (Södersten et al. 2018)
FRA,France,Europe,Metal Products,climate_change,kt CO2eq,2.165081608391241,2022,EXIOBASE v3.8.2 IOT_2022_ixi with Danish sea-transport reallocation (Rørmose Jensen & Iliev 2022) and capital endogenised (Södersten et al. 2018)
CHN,China,Asia and Pacific,Chemical,waste_generation,kt,2.1524061735516353,2022,EXIOBASE v3.8.2 IOT_2022_ixi with Danish sea-transport reallocation (Rørmose Jensen & Iliev 2022) and capital endogenised (Södersten et al. 2018)
NLD,Netherlands,Europe,"Electrical, electronic and measuring equipment",climate_change,kt CO2eq,2.150130907864146,2022,EXIOBASE v3.8.2 IOT_2022_ixi with Danish sea-transport reallocation (Rørmose Jensen & Iliev 2022) and capital endogenised (Södersten et al. 2018)
MEX,Mexico,America,Electricity,climate_change,kt CO2eq,2.1476464979513743,2022,EXIOBASE v3.8.2 IOT_2022_ixi with Danish sea-transport reallocation (Rørmose Jensen & Iliev 2022) and capital endogenised (Södersten et al. 2018)
RUS,Russia,Europe,Construction,climate_change,kt CO2eq,2.145319821467969,2022,EXIOBASE v3.8.2 IOT_2022_ixi with Danish sea-transport reallocation (Rørmose Jensen & Iliev 2022) and capital endogenised (Södersten et al. 2018)
CHN,China,Asia and Pacific,Services,climate_change,kt CO2eq,2.119911901562559,2022,EXIOBASE v3.8.2 IOT_2022_ixi with Danish sea-transport reallocation (Rørmose Jensen & Iliev 2022) and capital endogenised (Södersten et al. 2018)
JPN,Japan,Asia and Pacific,Food and catering,land_use,km2,2.119898956074725,2022,EXIOBASE v3.8.2 IOT_2022_ixi with Danish sea-transport reallocation (Rørmose Jensen & Iliev 2022) and capital endogenised (Södersten et al. 2018)
RoW Asia and Pacific,RoW Asia and Pacific,Asia and Pacific,Furniture and timber,climate_change,kt CO2eq,2.106997493211926,2022,EXIOBASE v3.8.2 IOT_2022_ixi with Danish sea-transport reallocation (Rørmose Jensen & Iliev 2022) and capital endogenised (Södersten et al. 2018)
ZAF,South Africa,Africa,Non-metallic mineral products,climate_change,kt CO2eq,2.0994971024219407,2022,EXIOBASE v3.8.2 IOT_2022_ixi with Danish sea-transport reallocation (Rørmose Jensen & Iliev 2022) and capital endogenised (Södersten et al. 2018)
RoW Africa,RoW Africa,Africa,Services,waste_generation,kt,2.099472548900237,2022,EXIOBASE v3.8.2 IOT_2022_ixi with Danish sea-transport reallocation (Rørmose Jensen & Iliev 2022) and capital endogenised (Södersten et al. 2018)
RoW America,RoW America,America,Non-metallic mineral products,climate_change,kt CO2eq,2.088949221307772,2022,EXIOBASE v3.8.2 IOT_2022_ixi with Danish sea-transport reallocation (Rørmose Jensen & Iliev 2022) and capital endogenised (Södersten et al. 2018)
USA,United States,America,Natural gas and gaseous fuels,climate_change,kt CO2eq,2.0874367711196724,2022,EXIOBASE v3.8.2 IOT_2022_ixi with Danish sea-transport reallocation (Rørmose Jensen & Iliev 2022) and capital endogenised (Södersten et al. 2018)
SWE,Sweden,Europe,Paper Products,climate_change,kt CO2eq,2.0622322047796957,2022,EXIOBASE v3.8.2 IOT_2022_ixi with Danish sea-transport reallocation (Rørmose Jensen & Iliev 2022) and capital endogenised (Södersten et al. 2018)
PRT,Portugal,Europe,Minerals and Metals,climate_change,kt CO2eq,2.0617333180511395,2022,EXIOBASE v3.8.2 IOT_2022_ixi with Danish sea-transport reallocation (Rørmose Jensen & Iliev 2022) and capital endogenised (Södersten et al. 2018)
ROU,Romania,Europe,Food and catering,climate_change,kt CO2eq,2.0578075854927325,2022,EXIOBASE v3.8.2 IOT_2022_ixi with Danish sea-transport reallocation (Rørmose Jensen & Iliev 2022) and capital endogenised (Södersten et al. 2018)
LTU,Lithuania,Europe,Food and catering,climate_change,kt CO2eq,2.0423076953509667,2022,EXIOBASE v3.8.2 IOT_2022_ixi with Danish sea-transport reallocation (Rørmose Jensen & Iliev 2022) and capital endogenised (Södersten et al. 2018)
GBR,United Kingdom,Europe,Non-metallic mineral products,climate_change,kt CO2eq,2.024246878625118,2022,EXIOBASE v3.8.2 IOT_2022_ixi with Danish sea-transport reallocation (Rørmose Jensen & Iliev 2022) and capital endogenised (Södersten et al. 2018)
IND,India,Asia and Pacific,Natural gas and gaseous fuels,climate_change,kt CO2eq,2.0231897758169417,2022,EXIOBASE v3.8.2 IOT_2022_ixi with Danish sea-transport reallocation (Rørmose Jensen & Iliev 2022) and capital endogenised (Södersten et al. 2018)
TUR,Turkey,Middle East,"Steam, hot water supply and water distribution",climate_change,kt CO2eq,2.017894863262103,2022,EXIOBASE v3.8.2 IOT_2022_ixi with Danish sea-transport reallocation (Rørmose Jensen & Iliev 2022) and capital endogenised (Södersten et al. 2018)
ITA,Italy,Europe,Chemical,climate_change,kt CO2eq,2.0094528569069317,2022,EXIOBASE v3.8.2 IOT_2022_ixi with Danish sea-transport reallocation (Rørmose Jensen & Iliev 2022) and capital endogenised (Södersten et al. 2018)
RoW America,RoW America,America,Services,material_extraction,kt,2.0050528597721957,2022,EXIOBASE v3.8.2 IOT_2022_ixi with Danish sea-transport reallocation (Rørmose Jensen & Iliev 2022) and capital endogenised (Södersten et al. 2018)
HUN,Hungary,Europe,Coal and Petroleum,climate_change,kt CO2eq,2.0025315478805616,2022,EXIOBASE v3.8.2 IOT_2022_ixi with Danish sea-transport reallocation (Rørmose Jensen & Iliev 2022) and capital endogenised (Södersten et al. 2018)
FIN,Finland,Europe,Paper Products,waste_generation,kt,1.9973021820402674,2022,EXIOBASE v3.8.2 IOT_2022_ixi with Danish sea-transport reallocation (Rørmose Jensen & Iliev 2022) and capital endogenised (Södersten et al. 2018)
ZAF,South Africa,Africa,Paper Products,climate_change,kt CO2eq,1.9970633534579216,2022,EXIOBASE v3.8.2 IOT_2022_ixi with Danish sea-transport reallocation (Rørmose Jensen & Iliev 2022) and capital endogenised (Södersten et al. 2018)
JPN,Japan,Asia and Pacific,Non-metallic mineral products,climate_change,kt CO2eq,1.9867874944392436,2022,EXIOBASE v3.8.2 IOT_2022_ixi with Danish sea-transport reallocation (Rørmose Jensen & Iliev 2022) and capital endogenised (Södersten et al. 2018)
AUS,Australia,Asia and Pacific,Natural gas and gaseous fuels,climate_change,kt CO2eq,1.9784476556029489,2022,EXIOBASE v3.8.2 IOT_2022_ixi with Danish sea-transport reallocation (Rørmose Jensen & Iliev 2022) and capital endogenised (Södersten et al. 2018)
ITA,Italy,Europe,Natural gas and gaseous fuels,climate_change,kt CO2eq,1.9770357977214967,2022,EXIOBASE v3.8.2 IOT_2022_ixi with Danish sea-transport reallocation (Rørmose Jensen & Iliev 2022) and capital endogenised (Södersten et al. 2018)
HUN,Hungary,Europe,Food and catering,climate_change,kt CO2eq,1.9610124399417779,2022,EXIOBASE v3.8.2 IOT_2022_ixi with Danish sea-transport reallocation (Rørmose Jensen & Iliev 2022) and capital endogenised (Södersten et al. 2018)
RoW Europe,RoW Europe,Europe,Transport,land_use,km2,1.9606771111860484,2022,EXIOBASE v3.8.2 IOT_2022_ixi with Danish sea-transport reallocation (Rørmose Jensen & Iliev 2022) and capital endogenised (Södersten et al. 2018)
POL,Poland,Europe,Transport,climate_change,kt CO2eq,1.95751115864251,2022,EXIOBASE v3.8.2 IOT_2022_ixi with Danish sea-transport reallocation (Rørmose Jensen & Iliev 2022) and capital endogenised (Södersten et al. 2018)
ITA,Italy,Europe,Waste management and disposal,climate_change,kt CO2eq,1.9449387819159227,2022,EXIOBASE v3.8.2 IOT_2022_ixi with Danish sea-transport reallocation (Rørmose Jensen & Iliev 2022) and capital endogenised (Södersten et al. 2018)
ITA,Italy,Europe,Services,climate_change,kt CO2eq,1.938966850331058,2022,EXIOBASE v3.8.2 IOT_2022_ixi with Danish sea-transport reallocation (Rørmose Jensen & Iliev 2022) and capital endogenised (Södersten et al. 2018)
USA,United States,America,Metal Products,climate_change,kt CO2eq,1.9188479593225163,2022,EXIOBASE v3.8.2 IOT_2022_ixi with Danish sea-transport reallocation (Rørmose Jensen & Iliev 2022) and capital endogenised (Södersten et al. 2018)
RoW America,RoW America,America,Natural gas and gaseous fuels,climate_change,kt CO2eq,1.9004736294368867,2022,EXIOBASE v3.8.2 IOT_2022_ixi with Danish sea-transport reallocation (Rørmose Jensen & Iliev 2022) and capital endogenised (Södersten et al. 2018)
DEU,Germany,Europe,Metal Products,waste_generation,kt,1.894912937398584,2022,EXIOBASE v3.8.2 IOT_2022_ixi with Danish sea-transport reallocation (Rørmose Jensen & Iliev 2022) and capital endogenised (Södersten et al. 2018)
USA,United States,America,Furniture and timber,climate_change,kt CO2eq,1.8928437668253109,2022,EXIOBASE v3.8.2 IOT_2022_ixi with Danish sea-transport reallocation (Rørmose Jensen & Iliev 2022) and capital endogenised (Södersten et al. 2018)
POL,Poland,Europe,Waste management and disposal,material_extraction,kt,1.8916833152225603,2022,EXIOBASE v3.8.2 IOT_2022_ixi with Danish sea-transport reallocation (Rørmose Jensen & Iliev 2022) and capital endogenised (Södersten et al. 2018)
GBR,United Kingdom,Europe,Minerals and Metals,material_extraction,kt,1.8865499510644776,2022,EXIOBASE v3.8.2 IOT_2022_ixi with Danish sea-transport reallocation (Rørmose Jensen & Iliev 2022) and capital endogenised (Södersten et al. 2018)
ZAF,South Africa,Africa,Textile,land_use,km2,1.8794436752705985,2022,EXIOBASE v3.8.2 IOT_2022_ixi with Danish sea-transport reallocation (Rørmose Jensen & Iliev 2022) and capital endogenised (Södersten et al. 2018)
HRV,Croatia,Europe,Non-metallic mineral products,material_extraction,kt,1.8702343180215593,2022,EXIOBASE v3.8.2 IOT_2022_ixi with Danish sea-transport reallocation (Rørmose Jensen & Iliev 2022) and capital endogenised (Södersten et al. 2018)
POL,Poland,Europe,Services,material_extraction,kt,1.8515164914408635,2022,EXIOBASE v3.8.2 IOT_2022_ixi with Danish sea-transport reallocation (Rørmose Jensen & Iliev 2022) and capital endogenised (Södersten et al. 2018)
HUN,Hungary,Europe,Non-metallic mineral products,climate_change,kt CO2eq,1.8377880964961824,2022,EXIOBASE v3.8.2 IOT_2022_ixi with Danish sea-transport reallocation (Rørmose Jensen & Iliev 2022) and capital endogenised (Södersten et al. 2018)
DNK,Denmark,Denmark,Non-metallic mineral products,waste_generation,kt,1.8373159657215086,2022,EXIOBASE v3.8.2 IOT_2022_ixi with Danish sea-transport reallocation (Rørmose Jensen & Iliev 2022) and capital endogenised (Södersten et al. 2018)
EST,Estonia,Europe,Food and catering,climate_change,kt CO2eq,1.828100983706632,2022,EXIOBASE v3.8.2 IOT_2022_ixi with Danish sea-transport reallocation (Rørmose Jensen & Iliev 2022) and capital endogenised (Södersten et al. 2018)
NLD,Netherlands,Europe,"Steam, hot water supply and water distribution",climate_change,kt CO2eq,1.824774712935131,2022,EXIOBASE v3.8.2 IOT_2022_ixi with Danish sea-transport reallocation (Rørmose Jensen & Iliev 2022) and capital endogenised (Södersten et al. 2018)
DEU,Germany,Europe,Chemical,waste_generation,kt,1.8113750622382043,2022,EXIOBASE v3.8.2 IOT_2022_ixi with Danish sea-transport reallocation (Rørmose Jensen & Iliev 2022) and capital endogenised (Södersten et al. 2018)
RUS,Russia,Europe,Transport,material_extraction,kt,1.810315350990827,2022,EXIOBASE v3.8.2 IOT_2022_ixi with Danish sea-transport reallocation (Rørmose Jensen & Iliev 2022) and capital endogenised (Södersten et al. 2018)
RoW Asia and Pacific,RoW Asia and Pacific,Asia and Pacific,Transport,land_use,km2,1.805156122383436,2022,EXIOBASE v3.8.2 IOT_2022_ixi with Danish sea-transport reallocation (Rørmose Jensen & Iliev 2022) and capital endogenised (Södersten et al. 2018)
BRA,Brazil,America,Waste management and disposal,climate_change,kt CO2eq,1.8034579974845275,2022,EXIOBASE v3.8.2 IOT_2022_ixi with Danish sea-transport reallocation (Rørmose Jensen & Iliev 2022) and capital endogenised (Södersten et al. 2018)
GLO,Unallocated,Unallocated,Private travel,land_use,km2,1.8004505070789105,2022,EXIOBASE v3.8.2 IOT_2022_ixi with Danish sea-transport reallocation (Rørmose Jensen & Iliev 2022) and capital endogenised (Södersten et al. 2018)
CAN,Canada,America,Waste management and disposal,climate_change,kt CO2eq,1.7999579510191057,2022,EXIOBASE v3.8.2 IOT_2022_ixi with Danish sea-transport reallocation (Rørmose Jensen & Iliev 2022) and capital endogenised (Södersten et al. 2018)
BRA,Brazil,America,Minerals and Metals,climate_change,kt CO2eq,1.786256242762327,2022,EXIOBASE v3.8.2 IOT_2022_ixi with Danish sea-transport reallocation (Rørmose Jensen & Iliev 2022) and capital endogenised (Södersten et al. 2018)
HUN,Hungary,Europe,"Steam, hot water supply and water distribution",climate_change,kt CO2eq,1.7752745942178159,2022,EXIOBASE v3.8.2 IOT_2022_ixi with Danish sea-transport reallocation (Rørmose Jensen & Iliev 2022) and capital endogenised (Södersten et al. 2018)
RoW Middle East,RoW Middle East,Middle East,Metal Products,climate_change,kt CO2eq,1.7626753070749601,2022,EXIOBASE v3.8.2 IOT_2022_ixi with Danish sea-transport reallocation (Rørmose Jensen & Iliev 2022) and capital endogenised (Södersten et al. 2018)
FIN,Finland,Europe,Food and catering,climate_change,kt CO2eq,1.7566774967728243,2022,EXIOBASE v3.8.2 IOT_2022_ixi with Danish sea-transport reallocation (Rørmose Jensen & Iliev 2022) and capital endogenised (Södersten et al. 2018)
SWE,Sweden,Europe,Electricity,climate_change,kt CO2eq,1.7548258596820971,2022,EXIOBASE v3.8.2 IOT_2022_ixi with Danish sea-transport reallocation (Rørmose Jensen & Iliev 2022) and capital endogenised (Södersten et al. 2018)
IND,India,Asia and Pacific,Minerals and Metals,climate_change,kt CO2eq,1.7527906990111217,2022,EXIOBASE v3.8.2 IOT_2022_ixi with Danish sea-transport reallocation (Rørmose Jensen & Iliev 2022) and capital endogenised (Södersten et al. 2018)
CHE,Switzerland,Europe,Food and catering,climate_change,kt CO2eq,1.7527009742434447,2022,EXIOBASE v3.8.2 IOT_2022_ixi with Danish sea-transport reallocation (Rørmose Jensen & Iliev 2022) and capital endogenised (Södersten et al. 2018)
PRT,Portugal,Europe,Food and catering,climate_change,kt CO2eq,1.7490933944744576,2022,EXIOBASE v3.8.2 IOT_2022_ixi with Danish sea-transport reallocation (Rørmose Jensen & Iliev 2022) and capital endogenised (Södersten et al. 2018)
RUS,Russia,Europe,Construction,land_use,km2,1.734219339892419,2022,EXIOBASE v3.8.2 IOT_2022_ixi with Danish sea-transport reallocation (Rørmose Jensen & Iliev 2022) and capital endogenised (Södersten et al. 2018)
LVA,Latvia,Europe,Furniture and timber,land_use,km2,1.734111348320139,2022,EXIOBASE v3.8.2 IOT_2022_ixi with Danish sea-transport reallocation (Rørmose Jensen & Iliev 2022) and capital endogenised (Södersten et al. 2018)
DNK,Denmark,Denmark,Food and catering,blue_water_consumption,Mm3,1.706941091390591,2022,EXIOBASE v3.8.2 IOT_2022_ixi with Danish sea-transport reallocation (Rørmose Jensen & Iliev 2022) and capital endogenised (Södersten et al. 2018)
SWE,Sweden,Europe,Minerals and Metals,climate_change,kt CO2eq,1.7064092582890902,2022,EXIOBASE v3.8.2 IOT_2022_ixi with Danish sea-transport reallocation (Rørmose Jensen & Iliev 2022) and capital endogenised (Södersten et al. 2018)
GRC,Greece,Europe,Non-metallic mineral products,climate_change,kt CO2eq,1.7057496980681603,2022,EXIOBASE v3.8.2 IOT_2022_ixi with Danish sea-transport reallocation (Rørmose Jensen & Iliev 2022) and capital endogenised (Södersten et al. 2018)
CZE,Czech Republic,Europe,Metal Products,climate_change,kt CO2eq,1.6971224726862002,2022,EXIOBASE v3.8.2 IOT_2022_ixi with Danish sea-transport reallocation (Rørmose Jensen & Iliev 2022) and capital endogenised (Södersten et al. 2018)
GRC,Greece,Europe,Electricity,climate_change,kt CO2eq,1.6969687787864312,2022,EXIOBASE v3.8.2 IOT_2022_ixi with Danish sea-transport reallocation (Rørmose Jensen & Iliev 2022) and capital endogenised (Södersten et al. 2018)
BGR,Bulgaria,Europe,Waste management and disposal,climate_change,kt CO2eq,1.6891546267952413,2022,EXIOBASE v3.8.2 IOT_2022_ixi with Danish sea-transport reallocation (Rørmose Jensen & Iliev 2022) and capital endogenised (Södersten et al. 2018)
DEU,Germany,Europe,"Electrical, electronic and measuring equipment",climate_change,kt CO2eq,1.6814182789497127,2022,EXIOBASE v3.8.2 IOT_2022_ixi with Danish sea-transport reallocation (Rørmose Jensen & Iliev 2022) and capital endogenised (Södersten et al. 2018)
PRT,Portugal,Europe,Waste management and disposal,climate_change,kt CO2eq,1.6765547421032962,2022,EXIOBASE v3.8.2 IOT_2022_ixi with Danish sea-transport reallocation (Rørmose Jensen & Iliev 2022) and capital endogenised (Södersten et al. 2018)
GBR,United Kingdom,Europe,Metal Products,climate_change,kt CO2eq,1.6646416709160965,2022,EXIOBASE v3.8.2 IOT_2022_ixi with Danish sea-transport reallocation (Rørmose Jensen & Iliev 2022) and capital endogenised (Södersten et al. 2018)
NOR,Norway,Europe,Chemical,material_extraction,kt,1.6596331282291044,2022,EXIOBASE v3.8.2 IOT_2022_ixi with Danish sea-transport reallocation (Rørmose Jensen & Iliev 2022) and capital endogenised (Södersten et al. 2018)
FRA,France,Europe,Non-metallic mineral products,climate_change,kt CO2eq,1.6592197532126043,2022,EXIOBASE v3.8.2 IOT_2022_ixi with Danish sea-transport reallocation (Rørmose Jensen & Iliev 2022) and capital endogenised (Södersten et al. 2018)
ROU,Romania,Europe,Electricity,climate_change,kt CO2eq,1.6466517868710702,2022,EXIOBASE v3.8.2 IOT_2022_ixi with Danish sea-transport reallocation (Rørmose Jensen & Iliev 2022) and capital endogenised (Södersten et al. 2018)
USA,United States,America,Construction,climate_change,kt CO2eq,1.645372942574225,2022,EXIOBASE v3.8.2 IOT_2022_ixi with Danish sea-transport reallocation (Rørmose Jensen & Iliev 2022) and capital endogenised (Södersten et al. 2018)
NLD,Netherlands,Europe,Furniture and timber,land_use,km2,1.625915087273346,2022,EXIOBASE v3.8.2 IOT_2022_ixi with Danish sea-transport reallocation (Rørmose Jensen & Iliev 2022) and capital endogenised (Södersten et al. 2018)
EST,Estonia,Europe,Waste management and disposal,climate_change,kt CO2eq,1.6246792961067418,2022,EXIOBASE v3.8.2 IOT_2022_ixi with Danish sea-transport reallocation (Rørmose Jensen & Iliev 2022) and capital endogenised (Södersten et al. 2018)
RoW Africa,RoW Africa,Africa,Transport,waste_generation,kt,1.6209344962018712,2022,EXIOBASE v3.8.2 IOT_2022_ixi with Danish sea-transport reallocation (Rørmose Jensen & Iliev 2022) and capital endogenised (Södersten et al. 2018)
BEL,Belgium,Europe,Metal Products,climate_change,kt CO2eq,1.616360119469082,2022,EXIOBASE v3.8.2 IOT_2022_ixi with Danish sea-transport reallocation (Rørmose Jensen & Iliev 2022) and capital endogenised (Södersten et al. 2018)
MEX,Mexico,America,Natural gas and gaseous fuels,climate_change,kt CO2eq,1.6108724418613158,2022,EXIOBASE v3.8.2 IOT_2022_ixi with Danish sea-transport reallocation (Rørmose Jensen & Iliev 2022) and capital endogenised (Södersten et al. 2018)
MLT,Malta,Europe,Minerals and Metals,material_extraction,kt,1.609790780295028,2022,EXIOBASE v3.8.2 IOT_2022_ixi with Danish sea-transport reallocation (Rørmose Jensen & Iliev 2022) and capital endogenised (Södersten et al. 2018)
SWE,Sweden,Europe,Food and catering,waste_generation,kt,1.5972214299719982,2022,EXIOBASE v3.8.2 IOT_2022_ixi with Danish sea-transport reallocation (Rørmose Jensen & Iliev 2022) and capital endogenised (Södersten et al. 2018)
TUR,Turkey,Middle East,Services,climate_change,kt CO2eq,1.5959972767495052,2022,EXIOBASE v3.8.2 IOT_2022_ixi with Danish sea-transport reallocation (Rørmose Jensen & Iliev 2022) and capital endogenised (Södersten et al. 2018)
AUT,Austria,Europe,Food and catering,climate_change,kt CO2eq,1.595767854928949,2022,EXIOBASE v3.8.2 IOT_2022_ixi with Danish sea-transport reallocation (Rørmose Jensen & Iliev 2022) and capital endogenised (Södersten et al. 2018)
ESP,Spain,Europe,Construction,climate_change,kt CO2eq,1.5858812881906434,2022,EXIOBASE v3.8.2 IOT_2022_ixi with Danish sea-transport reallocation (Rørmose Jensen & Iliev 2022) and capital endogenised (Södersten et al. 2018)
USA,United States,America,Textile,land_use,km2,1.585394393386984,2022,EXIOBASE v3.8.2 IOT_2022_ixi with Danish sea-transport reallocation (Rørmose Jensen & Iliev 2022) and capital endogenised (Södersten et al. 2018)
FRA,France,Europe,Natural gas and gaseous fuels,climate_change,kt CO2eq,1.5790388281480234,2022,EXIOBASE v3.8.2 IOT_2022_ixi with Danish sea-transport reallocation (Rørmose Jensen & Iliev 2022) and capital endogenised (Södersten et al. 2018)
CHN,China,Asia and Pacific,Paper Products,climate_change,kt CO2eq,1.577816178420141,2022,EXIOBASE v3.8.2 IOT_2022_ixi with Danish sea-transport reallocation (Rørmose Jensen & Iliev 2022) and capital endogenised (Södersten et al. 2018)
SVK,Slovakia,Europe,Metal Products,climate_change,kt CO2eq,1.5709863010821987,2022,EXIOBASE v3.8.2 IOT_2022_ixi with Danish sea-transport reallocation (Rørmose Jensen & Iliev 2022) and capital endogenised (Södersten et al. 2018)
BRA,Brazil,America,Chemical,material_extraction,kt,1.569283841312044,2022,EXIOBASE v3.8.2 IOT_2022_ixi with Danish sea-transport reallocation (Rørmose Jensen & Iliev 2022) and capital endogenised (Södersten et al. 2018)
DEU,Germany,Europe,Electricity,waste_generation,kt,1.5685408783054235,2022,EXIOBASE v3.8.2 IOT_2022_ixi with Danish sea-transport reallocation (Rørmose Jensen & Iliev 2022) and capital endogenised (Södersten et al. 2018)
RUS,Russia,Europe,Coal and Petroleum,land_use,km2,1.565510550815726,2022,EXIOBASE v3.8.2 IOT_2022_ixi with Danish sea-transport reallocation (Rørmose Jensen & Iliev 2022) and capital endogenised (Södersten et al. 2018)
KOR,South Korea,Asia and Pacific,Metal Products,climate_change,kt CO2eq,1.5595288617089418,2022,EXIOBASE v3.8.2 IOT_2022_ixi with Danish sea-transport reallocation (Rørmose Jensen & Iliev 2022) and capital endogenised (Södersten et al. 2018)
AUT,Austria,Europe,Chemical,climate_change,kt CO2eq,1.5590732238237903,2022,EXIOBASE v3.8.2 IOT_2022_ixi with Danish sea-transport reallocation (Rørmose Jensen & Iliev 2022) and capital endogenised (Södersten et al. 2018)
SWE,Sweden,Europe,"Electrical, electronic and measuring equipment",climate_change,kt CO2eq,1.551390173569435,2022,EXIOBASE v3.8.2 IOT_2022_ixi with Danish sea-transport reallocation (Rørmose Jensen & Iliev 2022) and capital endogenised (Södersten et al. 2018)
ESP,Spain,Europe,Food and catering,blue_water_consumption,Mm3,1.551138639915218,2022,EXIOBASE v3.8.2 IOT_2022_ixi with Danish sea-transport reallocation (Rørmose Jensen & Iliev 2022) and capital endogenised (Södersten et al. 2018)
DEU,Germany,Europe,Paper Products,waste_generation,kt,1.5483773690643168,2022,EXIOBASE v3.8.2 IOT_2022_ixi with Danish sea-transport reallocation (Rørmose Jensen & Iliev 2022) and capital endogenised (Södersten et al. 2018)
RoW Africa,RoW Africa,Africa,Textile,land_use,km2,1.532709595987375,2022,EXIOBASE v3.8.2 IOT_2022_ixi with Danish sea-transport reallocation (Rørmose Jensen & Iliev 2022) and capital endogenised (Södersten et al. 2018)
CHE,Switzerland,Europe,Services,climate_change,kt CO2eq,1.531821897914499,2022,EXIOBASE v3.8.2 IOT_2022_ixi with Danish sea-transport reallocation (Rørmose Jensen & Iliev 2022) and capital endogenised (Södersten et al. 2018)
CHN,China,Asia and Pacific,General and special Machinery,climate_change,kt CO2eq,1.523865979277235,2022,EXIOBASE v3.8.2 IOT_2022_ixi with Danish sea-transport reallocation (Rørmose Jensen & Iliev 2022) and capital endogenised (Södersten et al. 2018)
AUT,Austria,Europe,Natural gas and gaseous fuels,climate_change,kt CO2eq,1.510875231460837,2022,EXIOBASE v3.8.2 IOT_2022_ixi with Danish sea-transport reallocation (Rørmose Jensen & Iliev 2022) and capital endogenised (Södersten et al. 2018)
ZAF,South Africa,Africa,Metal Products,climate_change,kt CO2eq,1.507507817605682,2022,EXIOBASE v3.8.2 IOT_2022_ixi with Danish sea-transport reallocation (Rørmose Jensen & Iliev 2022) and capital endogenised (Södersten et al. 2018)
HUN,Hungary,Europe,Minerals and Metals,climate_change,kt CO2eq,1.500808491088267,2022,EXIOBASE v3.8.2 IOT_2022_ixi with Danish sea-transport reallocation (Rørmose Jensen & Iliev 2022) and capital endogenised (Södersten et al. 2018)
NOR,Norway,Europe,Services,climate_change,kt CO2eq,1.4964279484593461,2022,EXIOBASE v3.8.2 IOT_2022_ixi with Danish sea-transport reallocation (Rørmose Jensen & Iliev 2022) and capital endogenised (Södersten et al. 2018)
HRV,Croatia,Europe,Coal and Petroleum,climate_change,kt CO2eq,1.4963317524241968,2022,EXIOBASE v3.8.2 IOT_2022_ixi with Danish sea-transport reallocation (Rørmose Jensen & Iliev 2022) and capital endogenised (Södersten et al. 2018)
CHN,China,Asia and Pacific,"Electrical, electronic and measuring equipment",climate_change,kt CO2eq,1.4884807978495043,2022,EXIOBASE v3.8.2 IOT_2022_ixi with Danish sea-transport reallocation (Rørmose Jensen & Iliev 2022) and capital endogenised (Södersten et al. 2018)
SWE,Sweden,Europe,Coal and Petroleum,waste_generation,kt,1.4845341542484902,2022,EXIOBASE v3.8.2 IOT_2022_ixi with Danish sea-transport reallocation (Rørmose Jensen & Iliev 2022) and capital endogenised (Södersten et al. 2018)
NOR,Norway,Europe,"Electrical, electronic and measuring equipment",climate_change,kt CO2eq,1.4693914721508383,2022,EXIOBASE v3.8.2 IOT_2022_ixi with Danish sea-transport reallocation (Rørmose Jensen & Iliev 2022) and capital endogenised (Södersten et al. 2018)
RoW Europe,RoW Europe,Europe,Food and catering,waste_generation,kt,1.4606991577701995,2022,EXIOBASE v3.8.2 IOT_2022_ixi with Danish sea-transport reallocation (Rørmose Jensen & Iliev 2022) and capital endogenised (Södersten et al. 2018)
RoW Europe,RoW Europe,Europe,Coal and Petroleum,material_extraction,kt,1.4604780240040374,2022,EXIOBASE v3.8.2 IOT_2022_ixi with Danish sea-transport reallocation (Rørmose Jensen & Iliev 2022) and capital endogenised (Södersten et al. 2018)
ESP,Spain,Europe,Metal Products,climate_change,kt CO2eq,1.4578977009430998,2022,EXIOBASE v3.8.2 IOT_2022_ixi with Danish sea-transport reallocation (Rørmose Jensen & Iliev 2022) and capital endogenised (Södersten et al. 2018)
USA,United States,America,Paper Products,climate_change,kt CO2eq,1.4451421935269866,2022,EXIOBASE v3.8.2 IOT_2022_ixi with Danish sea-transport reallocation (Rørmose Jensen & Iliev 2022) and capital endogenised (Södersten et al. 2018)
CZE,Czech Republic,Europe,Construction,material_extraction,kt,1.4439316826094515,2022,EXIOBASE v3.8.2 IOT_2022_ixi with Danish sea-transport reallocation (Rørmose Jensen & Iliev 2022) and capital endogenised (Södersten et al. 2018)
BGR,Bulgaria,Europe,Chemical,climate_change,kt CO2eq,1.4391269707555072,2022,EXIOBASE v3.8.2 IOT_2022_ixi with Danish sea-transport reallocation (Rørmose Jensen & Iliev 2022) and capital endogenised (Södersten et al. 2018)
SVN,Slovenia,Europe,"Steam, hot water supply and water distribution",climate_change,kt CO2eq,1.4311725064907141,2022,EXIOBASE v3.8.2 IOT_2022_ixi with Danish sea-transport reallocation (Rørmose Jensen & Iliev 2022) and capital endogenised (Södersten et al. 2018)
GBR,United Kingdom,Europe,Minerals and Metals,climate_change,kt CO2eq,1.4285594061514963,2022,EXIOBASE v3.8.2 IOT_2022_ixi with Danish sea-transport reallocation (Rørmose Jensen & Iliev 2022) and capital endogenised (Södersten et al. 2018)
GRC,Greece,Europe,Coal and Petroleum,climate_change,kt CO2eq,1.4226124209951843,2022,EXIOBASE v3.8.2 IOT_2022_ixi with Danish sea-transport reallocation (Rørmose Jensen & Iliev 2022) and capital endogenised (Södersten et al. 2018)
RUS,Russia,Europe,Services,material_extraction,kt,1.4218135735467647,2022,EXIOBASE v3.8.2 IOT_2022_ixi with Danish sea-transport reallocation (Rørmose Jensen & Iliev 2022) and capital endogenised (Södersten et al. 2018)
POL,Poland,Europe,Paper Products,climate_change,kt CO2eq,1.4091816922413067,2022,EXIOBASE v3.8.2 IOT_2022_ixi with Danish sea-transport reallocation (Rørmose Jensen & Iliev 2022) and capital endogenised (Södersten et al. 2018)
NOR,Norway,Europe,Waste management and disposal,climate_change,kt CO2eq,1.3957901633110212,2022,EXIOBASE v3.8.2 IOT_2022_ixi with Danish sea-transport reallocation (Rørmose Jensen & Iliev 2022) and capital endogenised (Södersten et al. 2018)
MEX,Mexico,America,Chemical,climate_change,kt CO2eq,1.3947889365676083,2022,EXIOBASE v3.8.2 IOT_2022_ixi with Danish sea-transport reallocation (Rørmose Jensen & Iliev 2022) and capital endogenised (Södersten et al. 2018)
CAN,Canada,America,Services,climate_change,kt CO2eq,1.3870116763192901,2022,EXIOBASE v3.8.2 IOT_2022_ixi with Danish sea-transport reallocation (Rørmose Jensen & Iliev 2022) and capital endogenised (Södersten et al. 2018)
PRT,Portugal,Europe,Electricity,climate_change,kt CO2eq,1.382821844724731,2022,EXIOBASE v3.8.2 IOT_2022_ixi with Danish sea-transport reallocation (Rørmose Jensen & Iliev 2022) and capital endogenised (Södersten et al. 2018)
RoW America,RoW America,America,Food and catering,blue_water_consumption,Mm3,1.381273626414612,2022,EXIOBASE v3.8.2 IOT_2022_ixi with Danish sea-transport reallocation (Rørmose Jensen & Iliev 2022) and capital endogenised (Södersten et al. 2018)
POL,Poland,Europe,"Electrical, electronic and measuring equipment",climate_change,kt CO2eq,1.3790222202856883,2022,EXIOBASE v3.8.2 IOT_2022_ixi with Danish sea-transport reallocation (Rørmose Jensen & Iliev 2022) and capital endogenised (Södersten et al. 2018)
RUS,Russia,Europe,Chemical,material_extraction,kt,1.3768237571135828,2022,EXIOBASE v3.8.2 IOT_2022_ixi with Danish sea-transport reallocation (Rørmose Jensen & Iliev 2022) and capital endogenised (Södersten et al. 2018)
LTU,Lithuania,Europe,Coal and Petroleum,climate_change,kt CO2eq,1.3686041717049564,2022,EXIOBASE v3.8.2 IOT_2022_ixi with Danish sea-transport reallocation (Rørmose Jensen & Iliev 2022) and capital endogenised (Södersten et al. 2018)
JPN,Japan,Asia and Pacific,Waste management and disposal,climate_change,kt CO2eq,1.3667043345450303,2022,EXIOBASE v3.8.2 IOT_2022_ixi with Danish sea-transport reallocation (Rørmose Jensen & Iliev 2022) and capital endogenised (Södersten et al. 2018)
RoW Africa,RoW Africa,Africa,Coal and Petroleum,waste_generation,kt,1.3658430704629776,2022,EXIOBASE v3.8.2 IOT_2022_ixi with Danish sea-transport reallocation (Rørmose Jensen & Iliev 2022) and capital endogenised (Södersten et al. 2018)
RoW Africa,RoW Africa,Africa,"Electrical, electronic and measuring equipment",climate_change,kt CO2eq,1.3589528334018182,2022,EXIOBASE v3.8.2 IOT_2022_ixi with Danish sea-transport reallocation (Rørmose Jensen & Iliev 2022) and capital endogenised (Södersten et al. 2018)
EST,Estonia,Europe,Transport,climate_change,kt CO2eq,1.3560883365121166,2022,EXIOBASE v3.8.2 IOT_2022_ixi with Danish sea-transport reallocation (Rørmose Jensen & Iliev 2022) and capital endogenised (Södersten et al. 2018)
AUS,Australia,Asia and Pacific,Food and catering,blue_water_consumption,Mm3,1.3546852972419876,2022,EXIOBASE v3.8.2 IOT_2022_ixi with Danish sea-transport reallocation (Rørmose Jensen & Iliev 2022) and capital endogenised (Södersten et al. 2018)
AUT,Austria,Europe,Transport,climate_change,kt CO2eq,1.352699879748045,2022,EXIOBASE v3.8.2 IOT_2022_ixi with Danish sea-transport reallocation (Rørmose Jensen & Iliev 2022) and capital endogenised (Södersten et al. 2018)
NLD,Netherlands,Europe,Construction,material_extraction,kt,1.3181573391815429,2022,EXIOBASE v3.8.2 IOT_2022_ixi with Danish sea-transport reallocation (Rørmose Jensen & Iliev 2022) and capital endogenised (Södersten et al. 2018)
CHE,Switzerland,Europe,Non-metallic mineral products,climate_change,kt CO2eq,1.3171185854328857,2022,EXIOBASE v3.8.2 IOT_2022_ixi with Danish sea-transport reallocation (Rørmose Jensen & Iliev 2022) and capital endogenised (Södersten et al. 2018)
NOR,Norway,Europe,Non-metallic mineral products,climate_change,kt CO2eq,1.3108762696958576,2022,EXIOBASE v3.8.2 IOT_2022_ixi with Danish sea-transport reallocation (Rørmose Jensen & Iliev 2022) and capital endogenised (Södersten et al. 2018)
RoW Africa,RoW Africa,Africa,Construction,climate_change,kt CO2eq,1.310811635325085,2022,EXIOBASE v3.8.2 IOT_2022_ixi with Danish sea-transport reallocation (Rørmose Jensen & Iliev 2022) and capital endogenised (Södersten et al. 2018)
BRA,Brazil,America,Chemical,climate_change,kt CO2eq,1.3062203394009393,2022,EXIOBASE v3.8.2 IOT_2022_ixi with Danish sea-transport reallocation (Rørmose Jensen & Iliev 2022) and capital endogenised (Södersten et al. 2018)
AUT,Austria,Europe,Metal Products,climate_change,kt CO2eq,1.2940914479748082,2022,EXIOBASE v3.8.2 IOT_2022_ixi with Danish sea-transport reallocation (Rørmose Jensen & Iliev 2022) and capital endogenised (Södersten et al. 2018)
USA,United States,America,Transport Equipment,climate_change,kt CO2eq,1.2921356051527388,2022,EXIOBASE v3.8.2 IOT_2022_ixi with Danish sea-transport reallocation (Rørmose Jensen & Iliev 2022) and capital endogenised (Södersten et al. 2018)
AUT,Austria,Europe,Non-metallic mineral products,material_extraction,kt,1.289186988307745,2022,EXIOBASE v3.8.2 IOT_2022_ixi with Danish sea-transport reallocation (Rørmose Jensen & Iliev 2022) and capital endogenised (Södersten et al. 2018)
RoW Asia and Pacific,RoW Asia and Pacific,Asia and Pacific,Services,material_extraction,kt,1.2815026610376874,2022,EXIOBASE v3.8.2 IOT_2022_ixi with Danish sea-transport reallocation (Rørmose Jensen & Iliev 2022) and capital endogenised (Södersten et al. 2018)
RoW Europe,RoW Europe,Europe,Paper Products,land_use,km2,1.2786541098424051,2022,EXIOBASE v3.8.2 IOT_2022_ixi with Danish sea-transport reallocation (Rørmose Jensen & Iliev 2022) and capital endogenised (Södersten et al. 2018)
BRA,Brazil,America,Textile,land_use,km2,1.276354932026219,2022,EXIOBASE v3.8.2 IOT_2022_ixi with Danish sea-transport reallocation (Rørmose Jensen & Iliev 2022) and capital endogenised (Södersten et al. 2018)
LTU,Lithuania,Europe,Transport,climate_change,kt CO2eq,1.2763360053288464,2022,EXIOBASE v3.8.2 IOT_2022_ixi with Danish sea-transport reallocation (Rørmose Jensen & Iliev 2022) and capital endogenised (Södersten et al. 2018)
SWE,Sweden,Europe,Services,climate_change,kt CO2eq,1.258403460202694,2022,EXIOBASE v3.8.2 IOT_2022_ixi with Danish sea-transport reallocation (Rørmose Jensen & Iliev 2022) and capital endogenised (Södersten et al. 2018)
IDN,Indonesia,Asia and Pacific,Services,climate_change,kt CO2eq,1.2535248317694918,2022,EXIOBASE v3.8.2 IOT_2022_ixi with Danish sea-transport reallocation (Rørmose Jensen & Iliev 2022) and capital endogenised (Södersten et al. 2018)
NOR,Norway,Europe,Non-metallic mineral products,material_extraction,kt,1.2525973788148244,2022,EXIOBASE v3.8.2 IOT_2022_ixi with Danish sea-transport reallocation (Rørmose Jensen & Iliev 2022) and capital endogenised (Södersten et al. 2018)
CZE,Czech Republic,Europe,Food and catering,climate_change,kt CO2eq,1.238943647760816,2022,EXIOBASE v3.8.2 IOT_2022_ixi with Danish sea-transport reallocation (Rørmose Jensen & Iliev 2022) and capital endogenised (Södersten et al. 2018)
TWN,Taiwan,Asia and Pacific,Coal and Petroleum,climate_change,kt CO2eq,1.2194764173507,2022,EXIOBASE v3.8.2 IOT_2022_ixi with Danish sea-transport reallocation (Rørmose Jensen & Iliev 2022) and capital endogenised (Södersten et al. 2018)
FRA,France,Europe,Electricity,climate_change,kt CO2eq,1.2179214999822428,2022,EXIOBASE v3.8.2 IOT_2022_ixi with Danish sea-transport reallocation (Rørmose Jensen & Iliev 2022) and capital endogenised (Södersten et al. 2018)
SVK,Slovakia,Europe,Coal and Petroleum,climate_change,kt CO2eq,1.2176552385083497,2022,EXIOBASE v3.8.2 IOT_2022_ixi with Danish sea-transport reallocation (Rørmose Jensen & Iliev 2022) and capital endogenised (Södersten et al. 2018)
SVN,Slovenia,Europe,Services,land_use,km2,1.2171472677892003,2022,EXIOBASE v3.8.2 IOT_2022_ixi with Danish sea-transport reallocation (Rørmose Jensen & Iliev 2022) and capital endogenised (Södersten et al. 2018)
SVK,Slovakia,Europe,Non-metallic mineral products,climate_change,kt CO2eq,1.2074741015249626,2022,EXIOBASE v3.8.2 IOT_2022_ixi with Danish sea-transport reallocation (Rørmose Jensen & Iliev 2022) and capital endogenised (Södersten et al. 2018)
RUS,Russia,Europe,Furniture and timber,land_use,km2,1.205887638746284,2022,EXIOBASE v3.8.2 IOT_2022_ixi with Danish sea-transport reallocation (Rørmose Jensen & Iliev 2022) and capital endogenised (Södersten et al. 2018)
ZAF,South Africa,Africa,Chemical,climate_change,kt CO2eq,1.1817213826759239,2022,EXIOBASE v3.8.2 IOT_2022_ixi with Danish sea-transport reallocation (Rørmose Jensen & Iliev 2022) and capital endogenised (Södersten et al. 2018)
DNK,Denmark,Denmark,Paper Products,waste_generation,kt,1.173354910119656,2022,EXIOBASE v3.8.2 IOT_2022_ixi with Danish sea-transport reallocation (Rørmose Jensen & Iliev 2022) and capital endogenised (Södersten et al. 2018)
SWE,Sweden,Europe,Transport Equipment,climate_change,kt CO2eq,1.1718760458736794,2022,EXIOBASE v3.8.2 IOT_2022_ixi with Danish sea-transport reallocation (Rørmose Jensen & Iliev 2022) and capital endogenised (Södersten et al. 2018)
KOR,South Korea,Asia and Pacific,Chemical,climate_change,kt CO2eq,1.1641232982504741,2022,EXIOBASE v3.8.2 IOT_2022_ixi with Danish sea-transport reallocation (Rørmose Jensen & Iliev 2022) and capital endogenised (Södersten et al. 2018)
FIN,Finland,Europe,Chemical,climate_change,kt CO2eq,1.1618972896689759,2022,EXIOBASE v3.8.2 IOT_2022_ixi with Danish sea-transport reallocation (Rørmose Jensen & Iliev 2022) and capital endogenised (Södersten et al. 2018)
CHN,China,Asia and Pacific,Metal Products,waste_generation,kt,1.1532319353017402,2022,EXIOBASE v3.8.2 IOT_2022_ixi with Danish sea-transport reallocation (Rørmose Jensen & Iliev 2022) and capital endogenised (Södersten et al. 2018)
DEU,Germany,Europe,Waste management and disposal,waste_generation,kt,1.1497556975099361,2022,EXIOBASE v3.8.2 IOT_2022_ixi with Danish sea-transport reallocation (Rørmose Jensen & Iliev 2022) and capital endogenised (Södersten et al. 2018)
CAN,Canada,America,Furniture and timber,land_use,km2,1.145160863055087,2022,EXIOBASE v3.8.2 IOT_2022_ixi with Danish sea-transport reallocation (Rørmose Jensen & Iliev 2022) and capital endogenised (Södersten et al. 2018)
RUS,Russia,Europe,Coal and Petroleum,waste_generation,kt,1.1389124816529388,2022,EXIOBASE v3.8.2 IOT_2022_ixi with Danish sea-transport reallocation (Rørmose Jensen & Iliev 2022) and capital endogenised (Södersten et al. 2018)
IND,India,Asia and Pacific,Services,climate_change,kt CO2eq,1.1389034290208822,2022,EXIOBASE v3.8.2 IOT_2022_ixi with Danish sea-transport reallocation (Rørmose Jensen & Iliev 2022) and capital endogenised (Södersten et al. 2018)
RoW Middle East,RoW Middle East,Middle East,Coal and Petroleum,material_extraction,kt,1.1367163195271344,2022,EXIOBASE v3.8.2 IOT_2022_ixi with Danish sea-transport reallocation (Rørmose Jensen & Iliev 2022) and capital endogenised (Södersten et al. 2018)
FIN,Finland,Europe,Electricity,climate_change,kt CO2eq,1.1358478345745018,2022,EXIOBASE v3.8.2 IOT_2022_ixi with Danish sea-transport reallocation (Rørmose Jensen & Iliev 2022) and capital endogenised (Södersten et al. 2018)
LTU,Lithuania,Europe,Non-metallic mineral products,climate_change,kt CO2eq,1.131538558079789,2022,EXIOBASE v3.8.2 IOT_2022_ixi with Danish sea-transport reallocation (Rørmose Jensen & Iliev 2022) and capital endogenised (Södersten et al. 2018)
RoW Europe,RoW Europe,Europe,Minerals and Metals,climate_change,kt CO2eq,1.1281605671660537,2022,EXIOBASE v3.8.2 IOT_2022_ixi with Danish sea-transport reallocation (Rørmose Jensen & Iliev 2022) and capital endogenised (Södersten et al. 2018)
RoW Asia and Pacific,RoW Asia and Pacific,Asia and Pacific,"Electrical, electronic and measuring equipment",climate_change,kt CO2eq,1.1211101214006554,2022,EXIOBASE v3.8.2 IOT_2022_ixi with Danish sea-transport reallocation (Rørmose Jensen & Iliev 2022) and capital endogenised (Södersten et al. 2018)
ZAF,South Africa,Africa,Electricity,waste_generation,kt,1.1176267162899054,2022,EXIOBASE v3.8.2 IOT_2022_ixi with Danish sea-transport reallocation (Rørmose Jensen & Iliev 2022) and capital endogenised (Södersten et al. 2018)
CZE,Czech Republic,Europe,Waste management and disposal,climate_change,kt CO2eq,1.1174389759572618,2022,EXIOBASE v3.8.2 IOT_2022_ixi with Danish sea-transport reallocation (Rørmose Jensen & Iliev 2022) and capital endogenised (Södersten et al. 2018)
RoW Africa,RoW Africa,Africa,Construction,waste_generation,kt,1.116667699300707,2022,EXIOBASE v3.8.2 IOT_2022_ixi with Danish sea-transport reallocation (Rørmose Jensen & Iliev 2022) and capital endogenised (Södersten et al. 2018)
ESP,Spain,Europe,Construction,waste_generation,kt,1.1166237143229065,2022,EXIOBASE v3.8.2 IOT_2022_ixi with Danish sea-transport reallocation (Rørmose Jensen & Iliev 2022) and capital endogenised (Södersten et al. 2018)
AUT,Austria,Europe,Coal and Petroleum,climate_change,kt CO2eq,1.109116005132163,2022,EXIOBASE v3.8.2 IOT_2022_ixi with Danish sea-transport reallocation (Rørmose Jensen & Iliev 2022) and capital endogenised (Södersten et al. 2018)
ROU,Romania,Europe,Coal and Petroleum,climate_change,kt CO2eq,1.108267939038222,2022,EXIOBASE v3.8.2 IOT_2022_ixi with Danish sea-transport reallocation (Rørmose Jensen & Iliev 2022) and capital endogenised (Södersten et al. 2018)
CAN,Canada,America,Metal Products,climate_change,kt CO2eq,1.1039937587690891,2022,EXIOBASE v3.8.2 IOT_2022_ixi with Danish sea-transport reallocation (Rørmose Jensen & Iliev 2022) and capital endogenised (Södersten et al. 2018)
RUS,Russia,Europe,Food and catering,material_extraction,kt,1.0999554160067362,2022,EXIOBASE v3.8.2 IOT_2022_ixi with Danish sea-transport reallocation (Rørmose Jensen & Iliev 2022) and capital endogenised (Södersten et al. 2018)
ESP,Spain,Europe,Furniture and timber,climate_change,kt CO2eq,1.0991175704687306,2022,EXIOBASE v3.8.2 IOT_2022_ixi with Danish sea-transport reallocation (Rørmose Jensen & Iliev 2022) and capital endogenised (Södersten et al. 2018)
TWN,Taiwan,Asia and Pacific,Non-metallic mineral products,climate_change,kt CO2eq,1.0969273086979827,2022,EXIOBASE v3.8.2 IOT_2022_ixi with Danish sea-transport reallocation (Rørmose Jensen & Iliev 2022) and capital endogenised (Södersten et al. 2018)
TUR,Turkey,Middle East,Textile,climate_change,kt CO2eq,1.093715722462997,2022,EXIOBASE v3.8.2 IOT_2022_ixi with Danish sea-transport reallocation (Rørmose Jensen & Iliev 2022) and capital endogenised (Södersten et al. 2018)
POL,Poland,Europe,"Electrical, electronic and measuring equipment",material_extraction,kt,1.093331809309139,2022,EXIOBASE v3.8.2 IOT_2022_ixi with Danish sea-transport reallocation (Rørmose Jensen & Iliev 2022) and capital endogenised (Södersten et al. 2018)
IDN,Indonesia,Asia and Pacific,Non-metallic mineral products,climate_change,kt CO2eq,1.0905909664813782,2022,EXIOBASE v3.8.2 IOT_2022_ixi with Danish sea-transport reallocation (Rørmose Jensen & Iliev 2022) and capital endogenised (Södersten et al. 2018)
USA,United States,America,Electricity,waste_generation,kt,1.090380212060971,2022,EXIOBASE v3.8.2 IOT_2022_ixi with Danish sea-transport reallocation (Rørmose Jensen & Iliev 2022) and capital endogenised (Södersten et al. 2018)
USA,United States,America,Paper Products,waste_generation,kt,1.0886456727776295,2022,EXIOBASE v3.8.2 IOT_2022_ixi with Danish sea-transport reallocation (Rørmose Jensen & Iliev 2022) and capital endogenised (Södersten et al. 2018)
SVN,Slovenia,Europe,Transport,climate_change,kt CO2eq,1.0814897285071816,2022,EXIOBASE v3.8.2 IOT_2022_ixi with Danish sea-transport reallocation (Rørmose Jensen & Iliev 2022) and capital endogenised (Södersten et al. 2018)
DEU,Germany,Europe,"Steam, hot water supply and water distribution",waste_generation,kt,1.08058920422238,2022,EXIOBASE v3.8.2 IOT_2022_ixi with Danish sea-transport reallocation (Rørmose Jensen & Iliev 2022) and capital endogenised (Södersten et al. 2018)
IRL,Ireland,Europe,Services,climate_change,kt CO2eq,1.0700928410017991,2022,EXIOBASE v3.8.2 IOT_2022_ixi with Danish sea-transport reallocation (Rørmose Jensen & Iliev 2022) and capital endogenised (Södersten et al. 2018)
ESP,Spain,Europe,Construction,material_extraction,kt,1.0687385773215987,2022,EXIOBASE v3.8.2 IOT_2022_ixi with Danish sea-transport reallocation (Rørmose Jensen & Iliev 2022) and capital endogenised (Södersten et al. 2018)
RoW Africa,RoW Africa,Africa,Food and catering,material_extraction,kt,1.0555868138288564,2022,EXIOBASE v3.8.2 IOT_2022_ixi with Danish sea-transport reallocation (Rørmose Jensen & Iliev 2022) and capital endogenised (Södersten et al. 2018)
FRA,France,Europe,Minerals and Metals,climate_change,kt CO2eq,1.0477328315968788,2022,EXIOBASE v3.8.2 IOT_2022_ixi with Danish sea-transport reallocation (Rørmose Jensen & Iliev 2022) and capital endogenised (Södersten et al. 2018)
CYP,Cyprus,Middle East,Transport,climate_change,kt CO2eq,1.0476587744486903,2022,EXIOBASE v3.8.2 IOT_2022_ixi with Danish sea-transport reallocation (Rørmose Jensen & Iliev 2022) and capital endogenised (Södersten et al. 2018)
TUR,Turkey,Middle East,Food and catering,blue_water_consumption,Mm3,1.0419600202517005,2022,EXIOBASE v3.8.2 IOT_2022_ixi with Danish sea-transport reallocation (Rørmose Jensen & Iliev 2022) and capital endogenised (Södersten et al. 2018)
USA,United States,America,Non-metallic mineral products,material_extraction,kt,1.041008587434517,2022,EXIOBASE v3.8.2 IOT_2022_ixi with Danish sea-transport reallocation (Rørmose Jensen & Iliev 2022) and capital endogenised (Södersten et al. 2018)
LTU,Lithuania,Europe,Chemical,climate_change,kt CO2eq,1.0344896621573154,2022,EXIOBASE v3.8.2 IOT_2022_ixi with Danish sea-transport reallocation (Rørmose Jensen & Iliev 2022) and capital endogenised (Södersten et al. 2018)
FRA,France,Europe,"Electrical, electronic and measuring equipment",climate_change,kt CO2eq,1.0336371301883074,2022,EXIOBASE v3.8.2 IOT_2022_ixi with Danish sea-transport reallocation (Rørmose Jensen & Iliev 2022) and capital endogenised (Södersten et al. 2018)
DEU,Germany,Europe,Chemical,blue_water_consumption,Mm3,1.0335661402960918,2022,EXIOBASE v3.8.2 IOT_2022_ixi with Danish sea-transport reallocation (Rørmose Jensen & Iliev 2022) and capital endogenised (Södersten et al. 2018)
RUS,Russia,Europe,Electricity,climate_change,kt CO2eq,1.033553366708929,2022,EXIOBASE v3.8.2 IOT_2022_ixi with Danish sea-transport reallocation (Rørmose Jensen & Iliev 2022) and capital endogenised (Södersten et al. 2018)
GBR,United Kingdom,Europe,"Electrical, electronic and measuring equipment",climate_change,kt CO2eq,1.0306988032819147,2022,EXIOBASE v3.8.2 IOT_2022_ixi with Danish sea-transport reallocation (Rørmose Jensen & Iliev 2022) and capital endogenised (Södersten et al. 2018)
ESP,Spain,Europe,Food and catering,waste_generation,kt,1.0186494900770893,2022,EXIOBASE v3.8.2 IOT_2022_ixi with Danish sea-transport reallocation (Rørmose Jensen & Iliev 2022) and capital endogenised (Södersten et al. 2018)
ZAF,South Africa,Africa,Transport,climate_change,kt CO2eq,1.0142563676652572,2022,EXIOBASE v3.8.2 IOT_2022_ixi with Danish sea-transport reallocation (Rørmose Jensen & Iliev 2022) and capital endogenised (Södersten et al. 2018)
ITA,Italy,Europe,Minerals and Metals,climate_change,kt CO2eq,1.011301009226056,2022,EXIOBASE v3.8.2 IOT_2022_ixi with Danish sea-transport reallocation (Rørmose Jensen & Iliev 2022) and capital endogenised (Södersten et al. 2018)
IND,India,Asia and Pacific,Transport Equipment,climate_change,kt CO2eq,1.0095445512848247,2022,EXIOBASE v3.8.2 IOT_2022_ixi with Danish sea-transport reallocation (Rørmose Jensen & Iliev 2022) and capital endogenised (Södersten et al. 2018)
FIN,Finland,Europe,Chemical,material_extraction,kt,1.0011135824786084,2022,EXIOBASE v3.8.2 IOT_2022_ixi with Danish sea-transport reallocation (Rørmose Jensen & Iliev 2022) and capital endogenised (Södersten et al. 2018)
FIN,Finland,Europe,Coal and Petroleum,waste_generation,kt,0.9929130287354396,2022,EXIOBASE v3.8.2 IOT_2022_ixi with Danish sea-transport reallocation (Rørmose Jensen & Iliev 2022) and capital endogenised (Södersten et al. 2018)
RoW Europe,RoW Europe,Europe,Non-metallic mineral products,material_extraction,kt,0.9924952007707232,2022,EXIOBASE v3.8.2 IOT_2022_ixi with Danish sea-transport reallocation (Rørmose Jensen & Iliev 2022) and capital endogenised (Södersten et al. 2018)
CHN,China,Asia and Pacific,Metal Products,blue_water_consumption,Mm3,0.9838408146318827,2022,EXIOBASE v3.8.2 IOT_2022_ixi with Danish sea-transport reallocation (Rørmose Jensen & Iliev 2022) and capital endogenised (Södersten et al. 2018)
TUR,Turkey,Middle East,Minerals and Metals,climate_change,kt CO2eq,0.9806239038954838,2022,EXIOBASE v3.8.2 IOT_2022_ixi with Danish sea-transport reallocation (Rørmose Jensen & Iliev 2022) and capital endogenised (Södersten et al. 2018)
TWN,Taiwan,Asia and Pacific,Natural gas and gaseous fuels,climate_change,kt CO2eq,0.9800625665216217,2022,EXIOBASE v3.8.2 IOT_2022_ixi with Danish sea-transport reallocation (Rørmose Jensen & Iliev 2022) and capital endogenised (Södersten et al. 2018)
RUS,Russia,Europe,Food and catering,blue_water_consumption,Mm3,0.9798010094393866,2022,EXIOBASE v3.8.2 IOT_2022_ixi with Danish sea-transport reallocation (Rørmose Jensen & Iliev 2022) and capital endogenised (Södersten et al. 2018)
MEX,Mexico,America,Food and catering,climate_change,kt CO2eq,0.9727214119436154,2022,EXIOBASE v3.8.2 IOT_2022_ixi with Danish sea-transport reallocation (Rørmose Jensen & Iliev 2022) and capital endogenised (Södersten et al. 2018)
RoW America,RoW America,America,Textile,climate_change,kt CO2eq,0.964276322916433,2022,EXIOBASE v3.8.2 IOT_2022_ixi with Danish sea-transport reallocation (Rørmose Jensen & Iliev 2022) and capital endogenised (Södersten et al. 2018)
CAN,Canada,America,Minerals and Metals,climate_change,kt CO2eq,0.9491448573351003,2022,EXIOBASE v3.8.2 IOT_2022_ixi with Danish sea-transport reallocation (Rørmose Jensen & Iliev 2022) and capital endogenised (Södersten et al. 2018)
CZE,Czech Republic,Europe,Services,climate_change,kt CO2eq,0.9434888381412775,2022,EXIOBASE v3.8.2 IOT_2022_ixi with Danish sea-transport reallocation (Rørmose Jensen & Iliev 2022) and capital endogenised (Södersten et al. 2018)
GBR,United Kingdom,Europe,Furniture and timber,climate_change,kt CO2eq,0.9424124244695663,2022,EXIOBASE v3.8.2 IOT_2022_ixi with Danish sea-transport reallocation (Rørmose Jensen & Iliev 2022) and capital endogenised (Södersten et al. 2018)
RoW Asia and Pacific,RoW Asia and Pacific,Asia and Pacific,Food and catering,material_extraction,kt,0.9375558699308802,2022,EXIOBASE v3.8.2 IOT_2022_ixi with Danish sea-transport reallocation (Rørmose Jensen & Iliev 2022) and capital endogenised (Södersten et al. 2018)
SVK,Slovakia,Europe,Furniture and timber,land_use,km2,0.9374346473806705,2022,EXIOBASE v3.8.2 IOT_2022_ixi with Danish sea-transport reallocation (Rørmose Jensen & Iliev 2022) and capital endogenised (Södersten et al. 2018)
AUS,Australia,Asia and Pacific,Metal Products,climate_change,kt CO2eq,0.9342996512046845,2022,EXIOBASE v3.8.2 IOT_2022_ixi with Danish sea-transport reallocation (Rørmose Jensen & Iliev 2022) and capital endogenised (Södersten et al. 2018)
GBR,United Kingdom,Europe,Electricity,waste_generation,kt,0.9290632057439588,2022,EXIOBASE v3.8.2 IOT_2022_ixi with Danish sea-transport reallocation (Rørmose Jensen & Iliev 2022) and capital endogenised (Södersten et al. 2018)
BEL,Belgium,Europe,Coal and Petroleum,waste_generation,kt,0.9268942851075894,2022,EXIOBASE v3.8.2 IOT_2022_ixi with Danish sea-transport reallocation (Rørmose Jensen & Iliev 2022) and capital endogenised (Södersten et al. 2018)
RoW Europe,RoW Europe,Europe,Electricity,waste_generation,kt,0.9263281763888074,2022,EXIOBASE v3.8.2 IOT_2022_ixi with Danish sea-transport reallocation (Rørmose Jensen & Iliev 2022) and capital endogenised (Södersten et al. 2018)
RUS,Russia,Europe,Coal and Petroleum,material_extraction,kt,0.9237640725856957,2022,EXIOBASE v3.8.2 IOT_2022_ixi with Danish sea-transport reallocation (Rørmose Jensen & Iliev 2022) and capital endogenised (Södersten et al. 2018)
GRC,Greece,Europe,Transport,waste_generation,kt,0.9191179196637373,2022,EXIOBASE v3.8.2 IOT_2022_ixi with Danish sea-transport reallocation (Rørmose Jensen & Iliev 2022) and capital endogenised (Södersten et al. 2018)
TUR,Turkey,Middle East,Food and catering,waste_generation,kt,0.9159578770004893,2022,EXIOBASE v3.8.2 IOT_2022_ixi with Danish sea-transport reallocation (Rørmose Jensen & Iliev 2022) and capital endogenised (Södersten et al. 2018)
RUS,Russia,Europe,Furniture and timber,waste_generation,kt,0.9152519132276219,2022,EXIOBASE v3.8.2 IOT_2022_ixi with Danish sea-transport reallocation (Rørmose Jensen & Iliev 2022) and capital endogenised (Södersten et al. 2018)
CHN,China,Asia and Pacific,Paper Products,waste_generation,kt,0.9083180421640785,2022,EXIOBASE v3.8.2 IOT_2022_ixi with Danish sea-transport reallocation (Rørmose Jensen & Iliev 2022) and capital endogenised (Södersten et al. 2018)
RoW Asia and Pacific,RoW Asia and Pacific,Asia and Pacific,Electricity,land_use,km2,0.9058847289562906,2022,EXIOBASE v3.8.2 IOT_2022_ixi with Danish sea-transport reallocation (Rørmose Jensen & Iliev 2022) and capital endogenised (Södersten et al. 2018)
ESP,Spain,Europe,Natural gas and gaseous fuels,climate_change,kt CO2eq,0.8934235173373835,2022,EXIOBASE v3.8.2 IOT_2022_ixi with Danish sea-transport reallocation (Rørmose Jensen & Iliev 2022) and capital endogenised (Södersten et al. 2018)
AUT,Austria,Europe,Non-metallic mineral products,climate_change,kt CO2eq,0.8921547668436643,2022,EXIOBASE v3.8.2 IOT_2022_ixi with Danish sea-transport reallocation (Rørmose Jensen & Iliev 2022) and capital endogenised (Södersten et al. 2018)
RoW Middle East,RoW Middle East,Middle East,Food and catering,waste_generation,kt,0.8899307275486111,2022,EXIOBASE v3.8.2 IOT_2022_ixi with Danish sea-transport reallocation (Rørmose Jensen & Iliev 2022) and capital endogenised (Södersten et al. 2018)
RoW Asia and Pacific,RoW Asia and Pacific,Asia and Pacific,Paper Products,climate_change,kt CO2eq,0.8880438289596897,2022,EXIOBASE v3.8.2 IOT_2022_ixi with Danish sea-transport reallocation (Rørmose Jensen & Iliev 2022) and capital endogenised (Södersten et al. 2018)
IND,India,Asia and Pacific,Electricity,waste_generation,kt,0.8878590211111793,2022,EXIOBASE v3.8.2 IOT_2022_ixi with Danish sea-transport reallocation (Rørmose Jensen & Iliev 2022) and capital endogenised (Södersten et al. 2018)
ZAF,South Africa,Africa,Minerals and Metals,climate_change,kt CO2eq,0.8873228302396646,2022,EXIOBASE v3.8.2 IOT_2022_ixi with Danish sea-transport reallocation (Rørmose Jensen & Iliev 2022) and capital endogenised (Södersten et al. 2018)
RoW America,RoW America,America,Services,climate_change,kt CO2eq,0.882976952805121,2022,EXIOBASE v3.8.2 IOT_2022_ixi with Danish sea-transport reallocation (Rørmose Jensen & Iliev 2022) and capital endogenised (Södersten et al. 2018)
CAN,Canada,America,Non-metallic mineral products,climate_change,kt CO2eq,0.882289267007925,2022,EXIOBASE v3.8.2 IOT_2022_ixi with Danish sea-transport reallocation (Rørmose Jensen & Iliev 2022) and capital endogenised (Södersten et al. 2018)
IND,India,Asia and Pacific,Chemical,waste_generation,kt,0.8757674999033125,2022,EXIOBASE v3.8.2 IOT_2022_ixi with Danish sea-transport reallocation (Rørmose Jensen & Iliev 2022) and capital endogenised (Södersten et al. 2018)
HRV,Croatia,Europe,Waste management and disposal,climate_change,kt CO2eq,0.8720788685937509,2022,EXIOBASE v3.8.2 IOT_2022_ixi with Danish sea-transport reallocation (Rørmose Jensen & Iliev 2022) and capital endogenised (Södersten et al. 2018)
SVK,Slovakia,Europe,Food and catering,climate_change,kt CO2eq,0.8705596351082894,2022,EXIOBASE v3.8.2 IOT_2022_ixi with Danish sea-transport reallocation (Rørmose Jensen & Iliev 2022) and capital endogenised (Södersten et al. 2018)
NLD,Netherlands,Europe,Coal and Petroleum,waste_generation,kt,0.8693696422036374,2022,EXIOBASE v3.8.2 IOT_2022_ixi with Danish sea-transport reallocation (Rørmose Jensen & Iliev 2022) and capital endogenised (Södersten et al. 2018)
ITA,Italy,Europe,Metal Products,waste_generation,kt,0.8660752746917562,2022,EXIOBASE v3.8.2 IOT_2022_ixi with Danish sea-transport reallocation (Rørmose Jensen & Iliev 2022) and capital endogenised (Södersten et al. 2018)
RUS,Russia,Europe,Furniture and timber,climate_change,kt CO2eq,0.8652396053484714,2022,EXIOBASE v3.8.2 IOT_2022_ixi with Danish sea-transport reallocation (Rørmose Jensen & Iliev 2022) and capital endogenised (Södersten et al. 2018)
TUR,Turkey,Middle East,Metal Products,climate_change,kt CO2eq,0.863592515757091,2022,EXIOBASE v3.8.2 IOT_2022_ixi with Danish sea-transport reallocation (Rørmose Jensen & Iliev 2022) and capital endogenised (Södersten et al. 2018)
FIN,Finland,Europe,Natural gas and gaseous fuels,climate_change,kt CO2eq,0.8621767585389231,2022,EXIOBASE v3.8.2 IOT_2022_ixi with Danish sea-transport reallocation (Rørmose Jensen & Iliev 2022) and capital endogenised (Södersten et al. 2018)
CHE,Switzerland,Europe,Chemical,climate_change,kt CO2eq,0.8609813027405873,2022,EXIOBASE v3.8.2 IOT_2022_ixi with Danish sea-transport reallocation (Rørmose Jensen & Iliev 2022) and capital endogenised (Södersten et al. 2018)
SVN,Slovenia,Europe,Waste management and disposal,climate_change,kt CO2eq,0.857394902681906,2022,EXIOBASE v3.8.2 IOT_2022_ixi with Danish sea-transport reallocation (Rørmose Jensen & Iliev 2022) and capital endogenised (Södersten et al. 2018)
CHN,China,Asia and Pacific,Textile,land_use,km2,0.8563928174063968,2022,EXIOBASE v3.8.2 IOT_2022_ixi with Danish sea-transport reallocation (Rørmose Jensen & Iliev 2022) and capital endogenised (Södersten et al. 2018)
AUT,Austria,Europe,Waste management and disposal,climate_change,kt CO2eq,0.8504704162303892,2022,EXIOBASE v3.8.2 IOT_2022_ixi with Danish sea-transport reallocation (Rørmose Jensen & Iliev 2022) and capital endogenised (Södersten et al. 2018)
GRC,Greece,Europe,Food and catering,waste_generation,kt,0.8482209243709568,2022,EXIOBASE v3.8.2 IOT_2022_ixi with Danish sea-transport reallocation (Rørmose Jensen & Iliev 2022) and capital endogenised (Södersten et al. 2018)
RoW Europe,RoW Europe,Europe,Services,land_use,km2,0.8441293895925521,2022,EXIOBASE v3.8.2 IOT_2022_ixi with Danish sea-transport reallocation (Rørmose Jensen & Iliev 2022) and capital endogenised (Södersten et al. 2018)
SVK,Slovakia,Europe,"Steam, hot water supply and water distribution",climate_change,kt CO2eq,0.8426193105867033,2022,EXIOBASE v3.8.2 IOT_2022_ixi with Danish sea-transport reallocation (Rørmose Jensen & Iliev 2022) and capital endogenised (Södersten et al. 2018)
ROU,Romania,Europe,Transport,climate_change,kt CO2eq,0.8417455819345552,2022,EXIOBASE v3.8.2 IOT_2022_ixi with Danish sea-transport reallocation (Rørmose Jensen & Iliev 2022) and capital endogenised (Södersten et al. 2018)
JPN,Japan,Asia and Pacific,Services,climate_change,kt CO2eq,0.8397761150848814,2022,EXIOBASE v3.8.2 IOT_2022_ixi with Danish sea-transport reallocation (Rørmose Jensen & Iliev 2022) and capital endogenised (Södersten et al. 2018)
EST,Estonia,Europe,Non-metallic mineral products,material_extraction,kt,0.8384590222351226,2022,EXIOBASE v3.8.2 IOT_2022_ixi with Danish sea-transport reallocation (Rørmose Jensen & Iliev 2022) and capital endogenised (Södersten et al. 2018)
USA,United States,America,Textile,climate_change,kt CO2eq,0.8372427905968591,2022,EXIOBASE v3.8.2 IOT_2022_ixi with Danish sea-transport reallocation (Rørmose Jensen & Iliev 2022) and capital endogenised (Södersten et al. 2018)
RoW Europe,RoW Europe,Europe,Services,climate_change,kt CO2eq,0.8333262974229984,2022,EXIOBASE v3.8.2 IOT_2022_ixi with Danish sea-transport reallocation (Rørmose Jensen & Iliev 2022) and capital endogenised (Södersten et al. 2018)
DNK,Denmark,Denmark,Transport Equipment,climate_change,kt CO2eq,0.8329021352066842,2022,EXIOBASE v3.8.2 IOT_2022_ixi with Danish sea-transport reallocation (Rørmose Jensen & Iliev 2022) and capital endogenised (Södersten et al. 2018)
DEU,Germany,Europe,General and special Machinery,climate_change,kt CO2eq,0.8310831567090153,2022,EXIOBASE v3.8.2 IOT_2022_ixi with Danish sea-transport reallocation (Rørmose Jensen & Iliev 2022) and capital endogenised (Södersten et al. 2018)
HRV,Croatia,Europe,Electricity,climate_change,kt CO2eq,0.8307267751638745,2022,EXIOBASE v3.8.2 IOT_2022_ixi with Danish sea-transport reallocation (Rørmose Jensen & Iliev 2022) and capital endogenised (Södersten et al. 2018)
NLD,Netherlands,Europe,Chemical,waste_generation,kt,0.8285871293677866,2022,EXIOBASE v3.8.2 IOT_2022_ixi with Danish sea-transport reallocation (Rørmose Jensen & Iliev 2022) and capital endogenised (Södersten et al. 2018)
LVA,Latvia,Europe,Non-metallic mineral products,climate_change,kt CO2eq,0.8274070818146617,2022,EXIOBASE v3.8.2 IOT_2022_ixi with Danish sea-transport reallocation (Rørmose Jensen & Iliev 2022) and capital endogenised (Södersten et al. 2018)
ROU,Romania,Europe,Chemical,climate_change,kt CO2eq,0.8269493813519254,2022,EXIOBASE v3.8.2 IOT_2022_ixi with Danish sea-transport reallocation (Rørmose Jensen & Iliev 2022) and capital endogenised (Södersten et al. 2018)
RoW Africa,RoW Africa,Africa,Coal and Petroleum,material_extraction,kt,0.824841510267652,2022,EXIOBASE v3.8.2 IOT_2022_ixi with Danish sea-transport reallocation (Rørmose Jensen & Iliev 2022) and capital endogenised (Södersten et al. 2018)
CHE,Switzerland,Europe,Waste management and disposal,climate_change,kt CO2eq,0.8245970195083974,2022,EXIOBASE v3.8.2 IOT_2022_ixi with Danish sea-transport reallocation (Rørmose Jensen & Iliev 2022) and capital endogenised (Södersten et al. 2018)
IND,India,Asia and Pacific,Textile,climate_change,kt CO2eq,0.8197802562947337,2022,EXIOBASE v3.8.2 IOT_2022_ixi with Danish sea-transport reallocation (Rørmose Jensen & Iliev 2022) and capital endogenised (Södersten et al. 2018)
RUS,Russia,Europe,Metal Products,material_extraction,kt,0.8194395992222699,2022,EXIOBASE v3.8.2 IOT_2022_ixi with Danish sea-transport reallocation (Rørmose Jensen & Iliev 2022) and capital endogenised (Södersten et al. 2018)
ITA,Italy,Europe,Food and catering,waste_generation,kt,0.8122853929503393,2022,EXIOBASE v3.8.2 IOT_2022_ixi with Danish sea-transport reallocation (Rørmose Jensen & Iliev 2022) and capital endogenised (Södersten et al. 2018)
SVK,Slovakia,Europe,Metal Products,material_extraction,kt,0.8089022823692588,2022,EXIOBASE v3.8.2 IOT_2022_ixi with Danish sea-transport reallocation (Rørmose Jensen & Iliev 2022) and capital endogenised (Södersten et al. 2018)
GRC,Greece,Europe,Coal and Petroleum,waste_generation,kt,0.8065350687758206,2022,EXIOBASE v3.8.2 IOT_2022_ixi with Danish sea-transport reallocation (Rørmose Jensen & Iliev 2022) and capital endogenised (Södersten et al. 2018)
IRL,Ireland,Europe,Non-metallic mineral products,climate_change,kt CO2eq,0.8061745052668425,2022,EXIOBASE v3.8.2 IOT_2022_ixi with Danish sea-transport reallocation (Rørmose Jensen & Iliev 2022) and capital endogenised (Södersten et al. 2018)
LTU,Lithuania,Europe,"Steam, hot water supply and water distribution",climate_change,kt CO2eq,0.8024898258181463,2022,EXIOBASE v3.8.2 IOT_2022_ixi with Danish sea-transport reallocation (Rørmose Jensen & Iliev 2022) and capital endogenised (Södersten et al. 2018)
HRV,Croatia,Europe,Transport,climate_change,kt CO2eq,0.7945230811494184,2022,EXIOBASE v3.8.2 IOT_2022_ixi with Danish sea-transport reallocation (Rørmose Jensen & Iliev 2022) and capital endogenised (Södersten et al. 2018)
ZAF,South Africa,Africa,Chemical,waste_generation,kt,0.7944436036012468,2022,EXIOBASE v3.8.2 IOT_2022_ixi with Danish sea-transport reallocation (Rørmose Jensen & Iliev 2022) and capital endogenised (Södersten et al. 2018)
NLD,Netherlands,Europe,Food and catering,waste_generation,kt,0.7934548120675506,2022,EXIOBASE v3.8.2 IOT_2022_ixi with Danish sea-transport reallocation (Rørmose Jensen & Iliev 2022) and capital endogenised (Södersten et al. 2018)
RoW America,RoW America,America,Furniture and timber,land_use,km2,0.7906576787189848,2022,EXIOBASE v3.8.2 IOT_2022_ixi with Danish sea-transport reallocation (Rørmose Jensen & Iliev 2022) and capital endogenised (Södersten et al. 2018)
NOR,Norway,Europe,Electricity,climate_change,kt CO2eq,0.7898069786205378,2022,EXIOBASE v3.8.2 IOT_2022_ixi with Danish sea-transport reallocation (Rørmose Jensen & Iliev 2022) and capital endogenised (Södersten et al. 2018)
KOR,South Korea,Asia and Pacific,Non-metallic mineral products,climate_change,kt CO2eq,0.7891553548753494,2022,EXIOBASE v3.8.2 IOT_2022_ixi with Danish sea-transport reallocation (Rørmose Jensen & Iliev 2022) and capital endogenised (Södersten et al. 2018)
CZE,Czech Republic,Europe,Natural gas and gaseous fuels,climate_change,kt CO2eq,0.7864785520093571,2022,EXIOBASE v3.8.2 IOT_2022_ixi with Danish sea-transport reallocation (Rørmose Jensen & Iliev 2022) and capital endogenised (Södersten et al. 2018)
RoW Asia and Pacific,RoW Asia and Pacific,Asia and Pacific,Chemical,waste_generation,kt,0.7846030442196742,2022,EXIOBASE v3.8.2 IOT_2022_ixi with Danish sea-transport reallocation (Rørmose Jensen & Iliev 2022) and capital endogenised (Södersten et al. 2018)
ROU,Romania,Europe,Metal Products,climate_change,kt CO2eq,0.783309058712986,2022,EXIOBASE v3.8.2 IOT_2022_ixi with Danish sea-transport reallocation (Rørmose Jensen & Iliev 2022) and capital endogenised (Södersten et al. 2018)
POL,Poland,Europe,General and special Machinery,material_extraction,kt,0.7830546872227215,2022,EXIOBASE v3.8.2 IOT_2022_ixi with Danish sea-transport reallocation (Rørmose Jensen & Iliev 2022) and capital endogenised (Södersten et al. 2018)
RUS,Russia,Europe,Metal Products,waste_generation,kt,0.782194048640553,2022,EXIOBASE v3.8.2 IOT_2022_ixi with Danish sea-transport reallocation (Rørmose Jensen & Iliev 2022) and capital endogenised (Södersten et al. 2018)
RoW Europe,RoW Europe,Europe,Electricity,land_use,km2,0.7821386709642291,2022,EXIOBASE v3.8.2 IOT_2022_ixi with Danish sea-transport reallocation (Rørmose Jensen & Iliev 2022) and capital endogenised (Södersten et al. 2018)
SWE,Sweden,Europe,Natural gas and gaseous fuels,climate_change,kt CO2eq,0.7685656861960886,2022,EXIOBASE v3.8.2 IOT_2022_ixi with Danish sea-transport reallocation (Rørmose Jensen & Iliev 2022) and capital endogenised (Södersten et al. 2018)
RoW Europe,RoW Europe,Europe,Paper Products,material_extraction,kt,0.7615388707679436,2022,EXIOBASE v3.8.2 IOT_2022_ixi with Danish sea-transport reallocation (Rørmose Jensen & Iliev 2022) and capital endogenised (Södersten et al. 2018)
RoW Asia and Pacific,RoW Asia and Pacific,Asia and Pacific,Transport Equipment,climate_change,kt CO2eq,0.7607315068540839,2022,EXIOBASE v3.8.2 IOT_2022_ixi with Danish sea-transport reallocation (Rørmose Jensen & Iliev 2022) and capital endogenised (Södersten et al. 2018)
PRT,Portugal,Europe,Coal and Petroleum,climate_change,kt CO2eq,0.7598181320370586,2022,EXIOBASE v3.8.2 IOT_2022_ixi with Danish sea-transport reallocation (Rørmose Jensen & Iliev 2022) and capital endogenised (Södersten et al. 2018)
FIN,Finland,Europe,Metal Products,climate_change,kt CO2eq,0.7597986449066466,2022,EXIOBASE v3.8.2 IOT_2022_ixi with Danish sea-transport reallocation (Rørmose Jensen & Iliev 2022) and capital endogenised (Södersten et al. 2018)
IDN,Indonesia,Asia and Pacific,Metal Products,climate_change,kt CO2eq,0.7577320604288554,2022,EXIOBASE v3.8.2 IOT_2022_ixi with Danish sea-transport reallocation (Rørmose Jensen & Iliev 2022) and capital endogenised (Södersten et al. 2018)
BGR,Bulgaria,Europe,Food and catering,climate_change,kt CO2eq,0.7561731494711474,2022,EXIOBASE v3.8.2 IOT_2022_ixi with Danish sea-transport reallocation (Rørmose Jensen & Iliev 2022) and capital endogenised (Södersten et al. 2018)
ESP,Spain,Europe,Services,climate_change,kt CO2eq,0.7551877019302907,2022,EXIOBASE v3.8.2 IOT_2022_ixi with Danish sea-transport reallocation (Rørmose Jensen & Iliev 2022) and capital endogenised (Södersten et al. 2018)
RoW America,RoW America,America,Food and catering,waste_generation,kt,0.7545605437948879,2022,EXIOBASE v3.8.2 IOT_2022_ixi with Danish sea-transport reallocation (Rørmose Jensen & Iliev 2022) and capital endogenised (Södersten et al. 2018)
MEX,Mexico,America,Metal Products,climate_change,kt CO2eq,0.7542365886336425,2022,EXIOBASE v3.8.2 IOT_2022_ixi with Danish sea-transport reallocation (Rørmose Jensen & Iliev 2022) and capital endogenised (Södersten et al. 2018)
IND,India,Asia and Pacific,Construction,climate_change,kt CO2eq,0.7530319156503593,2022,EXIOBASE v3.8.2 IOT_2022_ixi with Danish sea-transport reallocation (Rørmose Jensen & Iliev 2022) and capital endogenised (Södersten et al. 2018)
SVN,Slovenia,Europe,Construction,material_extraction,kt,0.7526174703703037,2022,EXIOBASE v3.8.2 IOT_2022_ixi with Danish sea-transport reallocation (Rørmose Jensen & Iliev 2022) and capital endogenised (Södersten et al. 2018)
RoW Asia and Pacific,RoW Asia and Pacific,Asia and Pacific,General and special Machinery,climate_change,kt CO2eq,0.7504854188966393,2022,EXIOBASE v3.8.2 IOT_2022_ixi with Danish sea-transport reallocation (Rørmose Jensen & Iliev 2022) and capital endogenised (Södersten et al. 2018)
IDN,Indonesia,Asia and Pacific,Waste management and disposal,climate_change,kt CO2eq,0.7495570948683782,2022,EXIOBASE v3.8.2 IOT_2022_ixi with Danish sea-transport reallocation (Rørmose Jensen & Iliev 2022) and capital endogenised (Södersten et al. 2018)
NLD,Netherlands,Europe,Natural gas and gaseous fuels,climate_change,kt CO2eq,0.7487516329882856,2022,EXIOBASE v3.8.2 IOT_2022_ixi with Danish sea-transport reallocation (Rørmose Jensen & Iliev 2022) and capital endogenised (Södersten et al. 2018)
SWE,Sweden,Europe,Electricity,waste_generation,kt,0.7460709607905966,2022,EXIOBASE v3.8.2 IOT_2022_ixi with Danish sea-transport reallocation (Rørmose Jensen & Iliev 2022) and capital endogenised (Södersten et al. 2018)
RoW Africa,RoW Africa,Africa,Metal Products,climate_change,kt CO2eq,0.744465640909039,2022,EXIOBASE v3.8.2 IOT_2022_ixi with Danish sea-transport reallocation (Rørmose Jensen & Iliev 2022) and capital endogenised (Södersten et al. 2018)
AUS,Australia,Asia and Pacific,Non-metallic mineral products,climate_change,kt CO2eq,0.7384525365860591,2022,EXIOBASE v3.8.2 IOT_2022_ixi with Danish sea-transport reallocation (Rørmose Jensen & Iliev 2022) and capital endogenised (Södersten et al. 2018)
AUT,Austria,Europe,Transport,material_extraction,kt,0.7262290161981249,2022,EXIOBASE v3.8.2 IOT_2022_ixi with Danish sea-transport reallocation (Rørmose Jensen & Iliev 2022) and capital endogenised (Södersten et al. 2018)
HUN,Hungary,Europe,Services,climate_change,kt CO2eq,0.7260505619331824,2022,EXIOBASE v3.8.2 IOT_2022_ixi with Danish sea-transport reallocation (Rørmose Jensen & Iliev 2022) and capital endogenised (Södersten et al. 2018)
TWN,Taiwan,Asia and Pacific,Minerals and Metals,climate_change,kt CO2eq,0.7249011052486544,2022,EXIOBASE v3.8.2 IOT_2022_ixi with Danish sea-transport reallocation (Rørmose Jensen & Iliev 2022) and capital endogenised (Södersten et al. 2018)
ESP,Spain,Europe,Chemical,waste_generation,kt,0.7248819430408853,2022,EXIOBASE v3.8.2 IOT_2022_ixi with Danish sea-transport reallocation (Rørmose Jensen & Iliev 2022) and capital endogenised (Södersten et al. 2018)
POL,Poland,Europe,Coal and Petroleum,waste_generation,kt,0.7229622631346602,2022,EXIOBASE v3.8.2 IOT_2022_ixi with Danish sea-transport reallocation (Rørmose Jensen & Iliev 2022) and capital endogenised (Södersten et al. 2018)
KOR,South Korea,Asia and Pacific,Food and catering,climate_change,kt CO2eq,0.719039441970377,2022,EXIOBASE v3.8.2 IOT_2022_ixi with Danish sea-transport reallocation (Rørmose Jensen & Iliev 2022) and capital endogenised (Södersten et al. 2018)
USA,United States,America,General and special Machinery,climate_change,kt CO2eq,0.7177960744916831,2022,EXIOBASE v3.8.2 IOT_2022_ixi with Danish sea-transport reallocation (Rørmose Jensen & Iliev 2022) and capital endogenised (Södersten et al. 2018)
BRA,Brazil,America,Chemical,waste_generation,kt,0.7106150263694029,2022,EXIOBASE v3.8.2 IOT_2022_ixi with Danish sea-transport reallocation (Rørmose Jensen & Iliev 2022) and capital endogenised (Södersten et al. 2018)
CAN,Canada,America,Natural gas and gaseous fuels,climate_change,kt CO2eq,0.7007546239536199,2022,EXIOBASE v3.8.2 IOT_2022_ixi with Danish sea-transport reallocation (Rørmose Jensen & Iliev 2022) and capital endogenised (Södersten et al. 2018)
FIN,Finland,Europe,Paper Products,climate_change,kt CO2eq,0.7002243078382128,2022,EXIOBASE v3.8.2 IOT_2022_ixi with Danish sea-transport reallocation (Rørmose Jensen & Iliev 2022) and capital endogenised (Södersten et al. 2018)
HUN,Hungary,Europe,Food and catering,waste_generation,kt,0.6998066473815218,2022,EXIOBASE v3.8.2 IOT_2022_ixi with Danish sea-transport reallocation (Rørmose Jensen & Iliev 2022) and capital endogenised (Södersten et al. 2018)
HUN,Hungary,Europe,Transport,climate_change,kt CO2eq,0.6983544183148903,2022,EXIOBASE v3.8.2 IOT_2022_ixi with Danish sea-transport reallocation (Rørmose Jensen & Iliev 2022) and capital endogenised (Södersten et al. 2018)
MEX,Mexico,America,Food and catering,blue_water_consumption,Mm3,0.6937277978175757,2022,EXIOBASE v3.8.2 IOT_2022_ixi with Danish sea-transport reallocation (Rørmose Jensen & Iliev 2022) and capital endogenised (Södersten et al. 2018)
LUX,Luxembourg,Europe,Non-metallic mineral products,climate_change,kt CO2eq,0.6937091237445312,2022,EXIOBASE v3.8.2 IOT_2022_ixi with Danish sea-transport reallocation (Rørmose Jensen & Iliev 2022) and capital endogenised (Södersten et al. 2018)
POL,Poland,Europe,Electricity,waste_generation,kt,0.685508153718706,2022,EXIOBASE v3.8.2 IOT_2022_ixi with Danish sea-transport reallocation (Rørmose Jensen & Iliev 2022) and capital endogenised (Södersten et al. 2018)
BRA,Brazil,America,Natural gas and gaseous fuels,climate_change,kt CO2eq,0.68313098068273,2022,EXIOBASE v3.8.2 IOT_2022_ixi with Danish sea-transport reallocation (Rørmose Jensen & Iliev 2022) and capital endogenised (Södersten et al. 2018)
RoW Africa,RoW Africa,Africa,Chemical,climate_change,kt CO2eq,0.6591937909775942,2022,EXIOBASE v3.8.2 IOT_2022_ixi with Danish sea-transport reallocation (Rørmose Jensen & Iliev 2022) and capital endogenised (Södersten et al. 2018)
NOR,Norway,Europe,Paper Products,waste_generation,kt,0.6582839753871549,2022,EXIOBASE v3.8.2 IOT_2022_ixi with Danish sea-transport reallocation (Rørmose Jensen & Iliev 2022) and capital endogenised (Södersten et al. 2018)
NOR,Norway,Europe,Chemical,waste_generation,kt,0.6553971987062959,2022,EXIOBASE v3.8.2 IOT_2022_ixi with Danish sea-transport reallocation (Rørmose Jensen & Iliev 2022) and capital endogenised (Södersten et al. 2018)
KOR,South Korea,Asia and Pacific,Natural gas and gaseous fuels,climate_change,kt CO2eq,0.6552200070163239,2022,EXIOBASE v3.8.2 IOT_2022_ixi with Danish sea-transport reallocation (Rørmose Jensen & Iliev 2022) and capital endogenised (Södersten et al. 2018)
BEL,Belgium,Europe,Waste management and disposal,waste_generation,kt,0.6542480804262585,2022,EXIOBASE v3.8.2 IOT_2022_ixi with Danish sea-transport reallocation (Rørmose Jensen & Iliev 2022) and capital endogenised (Södersten et al. 2018)
USA,United States,America,Waste management and disposal,waste_generation,kt,0.6499938508655916,2022,EXIOBASE v3.8.2 IOT_2022_ixi with Danish sea-transport reallocation (Rørmose Jensen & Iliev 2022) and capital endogenised (Södersten et al. 2018)
FRA,France,Europe,Construction,waste_generation,kt,0.6476060338194249,2022,EXIOBASE v3.8.2 IOT_2022_ixi with Danish sea-transport reallocation (Rørmose Jensen & Iliev 2022) and capital endogenised (Södersten et al. 2018)
RoW Africa,RoW Africa,Africa,"Steam, hot water supply and water distribution",climate_change,kt CO2eq,0.6466268312273535,2022,EXIOBASE v3.8.2 IOT_2022_ixi with Danish sea-transport reallocation (Rørmose Jensen & Iliev 2022) and capital endogenised (Södersten et al. 2018)
RoW Europe,RoW Europe,Europe,Metal Products,material_extraction,kt,0.6460272469254722,2022,EXIOBASE v3.8.2 IOT_2022_ixi with Danish sea-transport reallocation (Rørmose Jensen & Iliev 2022) and capital endogenised (Södersten et al. 2018)
TWN,Taiwan,Asia and Pacific,Metal Products,climate_change,kt CO2eq,0.6454123288123598,2022,EXIOBASE v3.8.2 IOT_2022_ixi with Danish sea-transport reallocation (Rørmose Jensen & Iliev 2022) and capital endogenised (Södersten et al. 2018)
BEL,Belgium,Europe,Transport Equipment,climate_change,kt CO2eq,0.6453218475556028,2022,EXIOBASE v3.8.2 IOT_2022_ixi with Danish sea-transport reallocation (Rørmose Jensen & Iliev 2022) and capital endogenised (Södersten et al. 2018)
AUT,Austria,Europe,Electricity,climate_change,kt CO2eq,0.6439945874034231,2022,EXIOBASE v3.8.2 IOT_2022_ixi with Danish sea-transport reallocation (Rørmose Jensen & Iliev 2022) and capital endogenised (Södersten et al. 2018)
BEL,Belgium,Europe,"Electrical, electronic and measuring equipment",climate_change,kt CO2eq,0.6395413159314611,2022,EXIOBASE v3.8.2 IOT_2022_ixi with Danish sea-transport reallocation (Rørmose Jensen & Iliev 2022) and capital endogenised (Södersten et al. 2018)
RoW America,RoW America,America,Metal Products,material_extraction,kt,0.6388650580215539,2022,EXIOBASE v3.8.2 IOT_2022_ixi with Danish sea-transport reallocation (Rørmose Jensen & Iliev 2022) and capital endogenised (Södersten et al. 2018)
AUT,Austria,Europe,Services,climate_change,kt CO2eq,0.6388386676788781,2022,EXIOBASE v3.8.2 IOT_2022_ixi with Danish sea-transport reallocation (Rørmose Jensen & Iliev 2022) and capital endogenised (Södersten et al. 2018)
AUS,Australia,Asia and Pacific,Minerals and Metals,climate_change,kt CO2eq,0.6372425555830717,2022,EXIOBASE v3.8.2 IOT_2022_ixi with Danish sea-transport reallocation (Rørmose Jensen & Iliev 2022) and capital endogenised (Södersten et al. 2018)
POL,Poland,Europe,Food and catering,waste_generation,kt,0.6350487065373129,2022,EXIOBASE v3.8.2 IOT_2022_ixi with Danish sea-transport reallocation (Rørmose Jensen & Iliev 2022) and capital endogenised (Södersten et al. 2018)
BGR,Bulgaria,Europe,Construction,material_extraction,kt,0.6347770200509265,2022,EXIOBASE v3.8.2 IOT_2022_ixi with Danish sea-transport reallocation (Rørmose Jensen & Iliev 2022) and capital endogenised (Södersten et al. 2018)
BGR,Bulgaria,Europe,Non-metallic mineral products,climate_change,kt CO2eq,0.6318213326076232,2022,EXIOBASE v3.8.2 IOT_2022_ixi with Danish sea-transport reallocation (Rørmose Jensen & Iliev 2022) and capital endogenised (Södersten et al. 2018)
RoW Europe,RoW Europe,Europe,Natural gas and gaseous fuels,material_extraction,kt,0.6305524184296337,2022,EXIOBASE v3.8.2 IOT_2022_ixi with Danish sea-transport reallocation (Rørmose Jensen & Iliev 2022) and capital endogenised (Södersten et al. 2018)
KOR,South Korea,Asia and Pacific,Services,climate_change,kt CO2eq,0.6253664965301379,2022,EXIOBASE v3.8.2 IOT_2022_ixi with Danish sea-transport reallocation (Rørmose Jensen & Iliev 2022) and capital endogenised (Södersten et al. 2018)
RoW Middle East,RoW Middle East,Middle East,Natural gas and gaseous fuels,material_extraction,kt,0.6252926679371261,2022,EXIOBASE v3.8.2 IOT_2022_ixi with Danish sea-transport reallocation (Rørmose Jensen & Iliev 2022) and capital endogenised (Södersten et al. 2018)
NLD,Netherlands,Europe,Non-metallic mineral products,material_extraction,kt,0.6239843656598634,2022,EXIOBASE v3.8.2 IOT_2022_ixi with Danish sea-transport reallocation (Rørmose Jensen & Iliev 2022) and capital endogenised (Södersten et al. 2018)
RoW America,RoW America,America,Metal Products,climate_change,kt CO2eq,0.6233780163804336,2022,EXIOBASE v3.8.2 IOT_2022_ixi with Danish sea-transport reallocation (Rørmose Jensen & Iliev 2022) and capital endogenised (Södersten et al. 2018)
HRV,Croatia,Europe,Food and catering,climate_change,kt CO2eq,0.6201364182941664,2022,EXIOBASE v3.8.2 IOT_2022_ixi with Danish sea-transport reallocation (Rørmose Jensen & Iliev 2022) and capital endogenised (Södersten et al. 2018)
LVA,Latvia,Europe,Non-metallic mineral products,material_extraction,kt,0.6200008433907325,2022,EXIOBASE v3.8.2 IOT_2022_ixi with Danish sea-transport reallocation (Rørmose Jensen & Iliev 2022) and capital endogenised (Södersten et al. 2018)
SWE,Sweden,Europe,Waste management and disposal,waste_generation,kt,0.6186722485090772,2022,EXIOBASE v3.8.2 IOT_2022_ixi with Danish sea-transport reallocation (Rørmose Jensen & Iliev 2022) and capital endogenised (Södersten et al. 2018)
IRL,Ireland,Europe,Waste management and disposal,climate_change,kt CO2eq,0.6172882863644048,2022,EXIOBASE v3.8.2 IOT_2022_ixi with Danish sea-transport reallocation (Rørmose Jensen & Iliev 2022) and capital endogenised (Södersten et al. 2018)
SVK,Slovakia,Europe,Chemical,climate_change,kt CO2eq,0.6153205926454343,2022,EXIOBASE v3.8.2 IOT_2022_ixi with Danish sea-transport reallocation (Rørmose Jensen & Iliev 2022) and capital endogenised (Södersten et al. 2018)
SWE,Sweden,Europe,Metal Products,waste_generation,kt,0.614684549039667,2022,EXIOBASE v3.8.2 IOT_2022_ixi with Danish sea-transport reallocation (Rørmose Jensen & Iliev 2022) and capital endogenised (Södersten et al. 2018)
POL,Poland,Europe,Furniture and timber,climate_change,kt CO2eq,0.6145789640890993,2022,EXIOBASE v3.8.2 IOT_2022_ixi with Danish sea-transport reallocation (Rørmose Jensen & Iliev 2022) and capital endogenised (Södersten et al. 2018)
BGR,Bulgaria,Europe,Transport,climate_change,kt CO2eq,0.6116758351765262,2022,EXIOBASE v3.8.2 IOT_2022_ixi with Danish sea-transport reallocation (Rørmose Jensen & Iliev 2022) and capital endogenised (Södersten et al. 2018)
RoW Asia and Pacific,RoW Asia and Pacific,Asia and Pacific,Coal and Petroleum,waste_generation,kt,0.610436676713721,2022,EXIOBASE v3.8.2 IOT_2022_ixi with Danish sea-transport reallocation (Rørmose Jensen & Iliev 2022) and capital endogenised (Södersten et al. 2018)
RoW Europe,RoW Europe,Europe,"Steam, hot water supply and water distribution",material_extraction,kt,0.6096783483344491,2022,EXIOBASE v3.8.2 IOT_2022_ixi with Danish sea-transport reallocation (Rørmose Jensen & Iliev 2022) and capital endogenised (Södersten et al. 2018)
RoW Middle East,RoW Middle East,Middle East,Food and catering,material_extraction,kt,0.60875937271043,2022,EXIOBASE v3.8.2 IOT_2022_ixi with Danish sea-transport reallocation (Rørmose Jensen & Iliev 2022) and capital endogenised (Södersten et al. 2018)
BGR,Bulgaria,Europe,Coal and Petroleum,climate_change,kt CO2eq,0.606071980590305,2022,EXIOBASE v3.8.2 IOT_2022_ixi with Danish sea-transport reallocation (Rørmose Jensen & Iliev 2022) and capital endogenised (Södersten et al. 2018)
NOR,Norway,Europe,Minerals and Metals,climate_change,kt CO2eq,0.6049563492623248,2022,EXIOBASE v3.8.2 IOT_2022_ixi with Danish sea-transport reallocation (Rørmose Jensen & Iliev 2022) and capital endogenised (Södersten et al. 2018)
POL,Poland,Europe,Furniture and timber,material_extraction,kt,0.5990042660252842,2022,EXIOBASE v3.8.2 IOT_2022_ixi with Danish sea-transport reallocation (Rørmose Jensen & Iliev 2022) and capital endogenised (Södersten et al. 2018)
AUS,Australia,Asia and Pacific,Food and catering,waste_generation,kt,0.5979214002374305,2022,EXIOBASE v3.8.2 IOT_2022_ixi with Danish sea-transport reallocation (Rørmose Jensen & Iliev 2022) and capital endogenised (Södersten et al. 2018)
ESP,Spain,Europe,Services,material_extraction,kt,0.5923859752720901,2022,EXIOBASE v3.8.2 IOT_2022_ixi with Danish sea-transport reallocation (Rørmose Jensen & Iliev 2022) and capital endogenised (Södersten et al. 2018)
RoW America,RoW America,America,Transport,material_extraction,kt,0.5872833725749711,2022,EXIOBASE v3.8.2 IOT_2022_ixi with Danish sea-transport reallocation (Rørmose Jensen & Iliev 2022) and capital endogenised (Södersten et al. 2018)
FRA,France,Europe,"Steam, hot water supply and water distribution",climate_change,kt CO2eq,0.5865540330245853,2022,EXIOBASE v3.8.2 IOT_2022_ixi with Danish sea-transport reallocation (Rørmose Jensen & Iliev 2022) and capital endogenised (Södersten et al. 2018)
CHN,China,Asia and Pacific,Non-metallic mineral products,waste_generation,kt,0.585192403060097,2022,EXIOBASE v3.8.2 IOT_2022_ixi with Danish sea-transport reallocation (Rørmose Jensen & Iliev 2022) and capital endogenised (Södersten et al. 2018)
MEX,Mexico,America,Furniture and timber,climate_change,kt CO2eq,0.5841342960265096,2022,EXIOBASE v3.8.2 IOT_2022_ixi with Danish sea-transport reallocation (Rørmose Jensen & Iliev 2022) and capital endogenised (Södersten et al. 2018)
CZE,Czech Republic,Europe,Food and catering,material_extraction,kt,0.5801470552780982,2022,EXIOBASE v3.8.2 IOT_2022_ixi with Danish sea-transport reallocation (Rørmose Jensen & Iliev 2022) and capital endogenised (Södersten et al. 2018)
USA,United States,America,"Electrical, electronic and measuring equipment",climate_change,kt CO2eq,0.579217852119905,2022,EXIOBASE v3.8.2 IOT_2022_ixi with Danish sea-transport reallocation (Rørmose Jensen & Iliev 2022) and capital endogenised (Södersten et al. 2018)
DEU,Germany,Europe,Transport Equipment,climate_change,kt CO2eq,0.5764834911304311,2022,EXIOBASE v3.8.2 IOT_2022_ixi with Danish sea-transport reallocation (Rørmose Jensen & Iliev 2022) and capital endogenised (Södersten et al. 2018)
AUT,Austria,Europe,Minerals and Metals,climate_change,kt CO2eq,0.5761282166611863,2022,EXIOBASE v3.8.2 IOT_2022_ixi with Danish sea-transport reallocation (Rørmose Jensen & Iliev 2022) and capital endogenised (Södersten et al. 2018)
LVA,Latvia,Europe,Services,climate_change,kt CO2eq,0.5758479994022468,2022,EXIOBASE v3.8.2 IOT_2022_ixi with Danish sea-transport reallocation (Rørmose Jensen & Iliev 2022) and capital endogenised (Södersten et al. 2018)
HRV,Croatia,Europe,Chemical,climate_change,kt CO2eq,0.5756479011499693,2022,EXIOBASE v3.8.2 IOT_2022_ixi with Danish sea-transport reallocation (Rørmose Jensen & Iliev 2022) and capital endogenised (Södersten et al. 2018)
SWE,Sweden,Europe,Furniture and timber,climate_change,kt CO2eq,0.573549566084467,2022,EXIOBASE v3.8.2 IOT_2022_ixi with Danish sea-transport reallocation (Rørmose Jensen & Iliev 2022) and capital endogenised (Södersten et al. 2018)
AUS,Australia,Asia and Pacific,Chemical,climate_change,kt CO2eq,0.5729046788146026,2022,EXIOBASE v3.8.2 IOT_2022_ixi with Danish sea-transport reallocation (Rørmose Jensen & Iliev 2022) and capital endogenised (Södersten et al. 2018)
FIN,Finland,Europe,Non-metallic mineral products,climate_change,kt CO2eq,0.5717124436993805,2022,EXIOBASE v3.8.2 IOT_2022_ixi with Danish sea-transport reallocation (Rørmose Jensen & Iliev 2022) and capital endogenised (Södersten et al. 2018)
CHE,Switzerland,Europe,Non-metallic mineral products,material_extraction,kt,0.5677995047478173,2022,EXIOBASE v3.8.2 IOT_2022_ixi with Danish sea-transport reallocation (Rørmose Jensen & Iliev 2022) and capital endogenised (Södersten et al. 2018)
SVK,Slovakia,Europe,Services,land_use,km2,0.567476928101517,2022,EXIOBASE v3.8.2 IOT_2022_ixi with Danish sea-transport reallocation (Rørmose Jensen & Iliev 2022) and capital endogenised (Södersten et al. 2018)
IDN,Indonesia,Asia and Pacific,Construction,waste_generation,kt,0.5623231725957463,2022,EXIOBASE v3.8.2 IOT_2022_ixi with Danish sea-transport reallocation (Rørmose Jensen & Iliev 2022) and capital endogenised (Södersten et al. 2018)
ITA,Italy,Europe,Construction,climate_change,kt CO2eq,0.5618145319745252,2022,EXIOBASE v3.8.2 IOT_2022_ixi with Danish sea-transport reallocation (Rørmose Jensen & Iliev 2022) and capital endogenised (Södersten et al. 2018)
NOR,Norway,Europe,Food and catering,waste_generation,kt,0.5609095684340241,2022,EXIOBASE v3.8.2 IOT_2022_ixi with Danish sea-transport reallocation (Rørmose Jensen & Iliev 2022) and capital endogenised (Södersten et al. 2018)
PRT,Portugal,Europe,Coal and Petroleum,waste_generation,kt,0.5540883202213243,2022,EXIOBASE v3.8.2 IOT_2022_ixi with Danish sea-transport reallocation (Rørmose Jensen & Iliev 2022) and capital endogenised (Södersten et al. 2018)
FRA,France,Europe,Food and catering,waste_generation,kt,0.5490679212778731,2022,EXIOBASE v3.8.2 IOT_2022_ixi with Danish sea-transport reallocation (Rørmose Jensen & Iliev 2022) and capital endogenised (Södersten et al. 2018)
SVK,Slovakia,Europe,Waste management and disposal,climate_change,kt CO2eq,0.5474644347021476,2022,EXIOBASE v3.8.2 IOT_2022_ixi with Danish sea-transport reallocation (Rørmose Jensen & Iliev 2022) and capital endogenised (Södersten et al. 2018)
RoW Asia and Pacific,RoW Asia and Pacific,Asia and Pacific,Electricity,waste_generation,kt,0.5467745284011928,2022,EXIOBASE v3.8.2 IOT_2022_ixi with Danish sea-transport reallocation (Rørmose Jensen & Iliev 2022) and capital endogenised (Södersten et al. 2018)
CAN,Canada,America,Food and catering,waste_generation,kt,0.5462437721666088,2022,EXIOBASE v3.8.2 IOT_2022_ixi with Danish sea-transport reallocation (Rørmose Jensen & Iliev 2022) and capital endogenised (Södersten et al. 2018)
SVK,Slovakia,Europe,Transport,climate_change,kt CO2eq,0.5430299820733907,2022,EXIOBASE v3.8.2 IOT_2022_ixi with Danish sea-transport reallocation (Rørmose Jensen & Iliev 2022) and capital endogenised (Södersten et al. 2018)
IND,India,Asia and Pacific,"Electrical, electronic and measuring equipment",climate_change,kt CO2eq,0.5423464062205976,2022,EXIOBASE v3.8.2 IOT_2022_ixi with Danish sea-transport reallocation (Rørmose Jensen & Iliev 2022) and capital endogenised (Södersten et al. 2018)
SWE,Sweden,Europe,Chemical,waste_generation,kt,0.5416431752136116,2022,EXIOBASE v3.8.2 IOT_2022_ixi with Danish sea-transport reallocation (Rørmose Jensen & Iliev 2022) and capital endogenised (Södersten et al. 2018)
RoW Europe,RoW Europe,Europe,Electricity,material_extraction,kt,0.5368377288966091,2022,EXIOBASE v3.8.2 IOT_2022_ixi with Danish sea-transport reallocation (Rørmose Jensen & Iliev 2022) and capital endogenised (Södersten et al. 2018)
MEX,Mexico,America,Construction,climate_change,kt CO2eq,0.5342354464676411,2022,EXIOBASE v3.8.2 IOT_2022_ixi with Danish sea-transport reallocation (Rørmose Jensen & Iliev 2022) and capital endogenised (Södersten et al. 2018)
RoW Asia and Pacific,RoW Asia and Pacific,Asia and Pacific,Waste management and disposal,land_use,km2,0.5334831243434679,2022,EXIOBASE v3.8.2 IOT_2022_ixi with Danish sea-transport reallocation (Rørmose Jensen & Iliev 2022) and capital endogenised (Södersten et al. 2018)
CYP,Cyprus,Middle East,Construction,material_extraction,kt,0.5318594562485708,2022,EXIOBASE v3.8.2 IOT_2022_ixi with Danish sea-transport reallocation (Rørmose Jensen & Iliev 2022) and capital endogenised (Södersten et al. 2018)
RoW Europe,RoW Europe,Europe,Chemical,blue_water_consumption,Mm3,0.5269873179599804,2022,EXIOBASE v3.8.2 IOT_2022_ixi with Danish sea-transport reallocation (Rørmose Jensen & Iliev 2022) and capital endogenised (Södersten et al. 2018)
BRA,Brazil,America,Services,climate_change,kt CO2eq,0.5266291863608664,2022,EXIOBASE v3.8.2 IOT_2022_ixi with Danish sea-transport reallocation (Rørmose Jensen & Iliev 2022) and capital endogenised (Södersten et al. 2018)
CYP,Cyprus,Middle East,Food and catering,land_use,km2,0.5252765436490792,2022,EXIOBASE v3.8.2 IOT_2022_ixi with Danish sea-transport reallocation (Rørmose Jensen & Iliev 2022) and capital endogenised (Södersten et al. 2018)
RoW Europe,RoW Europe,Europe,"Steam, hot water supply and water distribution",waste_generation,kt,0.5251093255358158,2022,EXIOBASE v3.8.2 IOT_2022_ixi with Danish sea-transport reallocation (Rørmose Jensen & Iliev 2022) and capital endogenised (Södersten et al. 2018)
RoW America,RoW America,America,Coal and Petroleum,material_extraction,kt,0.5242238319411424,2022,EXIOBASE v3.8.2 IOT_2022_ixi with Danish sea-transport reallocation (Rørmose Jensen & Iliev 2022) and capital endogenised (Södersten et al. 2018)
RoW Asia and Pacific,RoW Asia and Pacific,Asia and Pacific,Services,waste_generation,kt,0.5239803416686578,2022,EXIOBASE v3.8.2 IOT_2022_ixi with Danish sea-transport reallocation (Rørmose Jensen & Iliev 2022) and capital endogenised (Södersten et al. 2018)
IRL,Ireland,Europe,Metal Products,climate_change,kt CO2eq,0.5235941895111106,2022,EXIOBASE v3.8.2 IOT_2022_ixi with Danish sea-transport reallocation (Rørmose Jensen & Iliev 2022) and capital endogenised (Södersten et al. 2018)
NOR,Norway,Europe,"Steam, hot water supply and water distribution",climate_change,kt CO2eq,0.5235293065524138,2022,EXIOBASE v3.8.2 IOT_2022_ixi with Danish sea-transport reallocation (Rørmose Jensen & Iliev 2022) and capital endogenised (Södersten et al. 2018)
GRC,Greece,Europe,Food and catering,blue_water_consumption,Mm3,0.5225823489633838,2022,EXIOBASE v3.8.2 IOT_2022_ixi with Danish sea-transport reallocation (Rørmose Jensen & Iliev 2022) and capital endogenised (Södersten et al. 2018)
BEL,Belgium,Europe,Minerals and Metals,climate_change,kt CO2eq,0.5212545293689443,2022,EXIOBASE v3.8.2 IOT_2022_ixi with Danish sea-transport reallocation (Rørmose Jensen & Iliev 2022) and capital endogenised (Södersten et al. 2018)
CAN,Canada,America,Construction,climate_change,kt CO2eq,0.5204168743808254,2022,EXIOBASE v3.8.2 IOT_2022_ixi with Danish sea-transport reallocation (Rørmose Jensen & Iliev 2022) and capital endogenised (Södersten et al. 2018)
GBR,United Kingdom,Europe,Chemical,waste_generation,kt,0.5149853918735354,2022,EXIOBASE v3.8.2 IOT_2022_ixi with Danish sea-transport reallocation (Rørmose Jensen & Iliev 2022) and capital endogenised (Södersten et al. 2018)
TWN,Taiwan,Asia and Pacific,Waste management and disposal,climate_change,kt CO2eq,0.5129570808442854,2022,EXIOBASE v3.8.2 IOT_2022_ixi with Danish sea-transport reallocation (Rørmose Jensen & Iliev 2022) and capital endogenised (Södersten et al. 2018)
SVN,Slovenia,Europe,Chemical,climate_change,kt CO2eq,0.5079623785512171,2022,EXIOBASE v3.8.2 IOT_2022_ixi with Danish sea-transport reallocation (Rørmose Jensen & Iliev 2022) and capital endogenised (Södersten et al. 2018)
BEL,Belgium,Europe,Waste management and disposal,material_extraction,kt,0.504264771242623,2022,EXIOBASE v3.8.2 IOT_2022_ixi with Danish sea-transport reallocation (Rørmose Jensen & Iliev 2022) and capital endogenised (Södersten et al. 2018)
RUS,Russia,Europe,Transport,land_use,km2,0.5035078413125293,2022,EXIOBASE v3.8.2 IOT_2022_ixi with Danish sea-transport reallocation (Rørmose Jensen & Iliev 2022) and capital endogenised (Södersten et al. 2018)
POL,Poland,Europe,Metal Products,waste_generation,kt,0.5024910429356212,2022,EXIOBASE v3.8.2 IOT_2022_ixi with Danish sea-transport reallocation (Rørmose Jensen & Iliev 2022) and capital endogenised (Södersten et al. 2018)
BEL,Belgium,Europe,Food and catering,waste_generation,kt,0.5001055505664809,2022,EXIOBASE v3.8.2 IOT_2022_ixi with Danish sea-transport reallocation (Rørmose Jensen & Iliev 2022) and capital endogenised (Södersten et al. 2018)
HRV,Croatia,Europe,Non-metallic mineral products,climate_change,kt CO2eq,0.4998872559746403,2022,EXIOBASE v3.8.2 IOT_2022_ixi with Danish sea-transport reallocation (Rørmose Jensen & Iliev 2022) and capital endogenised (Södersten et al. 2018)
NLD,Netherlands,Europe,Waste management and disposal,material_extraction,kt,0.49944186653771216,2022,EXIOBASE v3.8.2 IOT_2022_ixi with Danish sea-transport reallocation (Rørmose Jensen & Iliev 2022) and capital endogenised (Södersten et al. 2018)
FRA,France,Europe,Metal Products,waste_generation,kt,0.49330139064469275,2022,EXIOBASE v3.8.2 IOT_2022_ixi with Danish sea-transport reallocation (Rørmose Jensen & Iliev 2022) and capital endogenised (Södersten et al. 2018)
IND,India,Asia and Pacific,Chemical,blue_water_consumption,Mm3,0.4892431782137646,2022,EXIOBASE v3.8.2 IOT_2022_ixi with Danish sea-transport reallocation (Rørmose Jensen & Iliev 2022) and capital endogenised (Södersten et al. 2018)
NLD,Netherlands,Europe,Waste management and disposal,waste_generation,kt,0.4889637087358731,2022,EXIOBASE v3.8.2 IOT_2022_ixi with Danish sea-transport reallocation (Rørmose Jensen & Iliev 2022) and capital endogenised (Södersten et al. 2018)
HUN,Hungary,Europe,Paper Products,climate_change,kt CO2eq,0.48886901753760464,2022,EXIOBASE v3.8.2 IOT_2022_ixi with Danish sea-transport reallocation (Rørmose Jensen & Iliev 2022) and capital endogenised (Södersten et al. 2018)
RoW Europe,RoW Europe,Europe,"Steam, hot water supply and water distribution",land_use,km2,0.488838274041161,2022,EXIOBASE v3.8.2 IOT_2022_ixi with Danish sea-transport reallocation (Rørmose Jensen & Iliev 2022) and capital endogenised (Södersten et al. 2018)
RoW America,RoW America,America,Services,land_use,km2,0.48879095672460865,2022,EXIOBASE v3.8.2 IOT_2022_ixi with Danish sea-transport reallocation (Rørmose Jensen & Iliev 2022) and capital endogenised (Södersten et al. 2018)
GBR,United Kingdom,Europe,Paper Products,climate_change,kt CO2eq,0.48853601375891476,2022,EXIOBASE v3.8.2 IOT_2022_ixi with Danish sea-transport reallocation (Rørmose Jensen & Iliev 2022) and capital endogenised (Södersten et al. 2018)
NLD,Netherlands,Europe,Textile,climate_change,kt CO2eq,0.4844559593546079,2022,EXIOBASE v3.8.2 IOT_2022_ixi with Danish sea-transport reallocation (Rørmose Jensen & Iliev 2022) and capital endogenised (Södersten et al. 2018)
RoW Africa,RoW Africa,Africa,Transport,land_use,km2,0.48319007601961833,2022,EXIOBASE v3.8.2 IOT_2022_ixi with Danish sea-transport reallocation (Rørmose Jensen & Iliev 2022) and capital endogenised (Södersten et al. 2018)
DNK,Denmark,Denmark,Furniture and timber,waste_generation,kt,0.4821350840328764,2022,EXIOBASE v3.8.2 IOT_2022_ixi with Danish sea-transport reallocation (Rørmose Jensen & Iliev 2022) and capital endogenised (Södersten et al. 2018)
TWN,Taiwan,Asia and Pacific,Food and catering,climate_change,kt CO2eq,0.4805269105341266,2022,EXIOBASE v3.8.2 IOT_2022_ixi with Danish sea-transport reallocation (Rørmose Jensen & Iliev 2022) and capital endogenised (Södersten et al. 2018)
KOR,South Korea,Asia and Pacific,Waste management and disposal,climate_change,kt CO2eq,0.47976582880763863,2022,EXIOBASE v3.8.2 IOT_2022_ixi with Danish sea-transport reallocation (Rørmose Jensen & Iliev 2022) and capital endogenised (Södersten et al. 2018)
RoW Africa,RoW Africa,Africa,Electricity,land_use,km2,0.47886987057746233,2022,EXIOBASE v3.8.2 IOT_2022_ixi with Danish sea-transport reallocation (Rørmose Jensen & Iliev 2022) and capital endogenised (Södersten et al. 2018)
RoW Europe,RoW Europe,Europe,Construction,material_extraction,kt,0.476191526148194,2022,EXIOBASE v3.8.2 IOT_2022_ixi with Danish sea-transport reallocation (Rørmose Jensen & Iliev 2022) and capital endogenised (Södersten et al. 2018)
ROU,Romania,Europe,Non-metallic mineral products,climate_change,kt CO2eq,0.4742751146071938,2022,EXIOBASE v3.8.2 IOT_2022_ixi with Danish sea-transport reallocation (Rørmose Jensen & Iliev 2022) and capital endogenised (Södersten et al. 2018)
MEX,Mexico,America,Waste management and disposal,climate_change,kt CO2eq,0.47397323544680703,2022,EXIOBASE v3.8.2 IOT_2022_ixi with Danish sea-transport reallocation (Rørmose Jensen & Iliev 2022) and capital endogenised (Södersten et al. 2018)
CYP,Cyprus,Middle East,Minerals and Metals,material_extraction,kt,0.4721382759972351,2022,EXIOBASE v3.8.2 IOT_2022_ixi with Danish sea-transport reallocation (Rørmose Jensen & Iliev 2022) and capital endogenised (Södersten et al. 2018)
DEU,Germany,Europe,Construction,climate_change,kt CO2eq,0.4714401450147861,2022,EXIOBASE v3.8.2 IOT_2022_ixi with Danish sea-transport reallocation (Rørmose Jensen & Iliev 2022) and capital endogenised (Södersten et al. 2018)
RoW America,RoW America,America,Chemical,waste_generation,kt,0.4699201869205801,2022,EXIOBASE v3.8.2 IOT_2022_ixi with Danish sea-transport reallocation (Rørmose Jensen & Iliev 2022) and capital endogenised (Södersten et al. 2018)
DNK,Denmark,Denmark,Natural gas and gaseous fuels,climate_change,kt CO2eq,0.4690682623959005,2022,EXIOBASE v3.8.2 IOT_2022_ixi with Danish sea-transport reallocation (Rørmose Jensen & Iliev 2022) and capital endogenised (Södersten et al. 2018)
SVK,Slovakia,Europe,Services,climate_change,kt CO2eq,0.4686346268725609,2022,EXIOBASE v3.8.2 IOT_2022_ixi with Danish sea-transport reallocation (Rørmose Jensen & Iliev 2022) and capital endogenised (Södersten et al. 2018)
ITA,Italy,Europe,Metal Products,material_extraction,kt,0.4638548005444875,2022,EXIOBASE v3.8.2 IOT_2022_ixi with Danish sea-transport reallocation (Rørmose Jensen & Iliev 2022) and capital endogenised (Södersten et al. 2018)
POL,Poland,Europe,Paper Products,waste_generation,kt,0.4610258016113083,2022,EXIOBASE v3.8.2 IOT_2022_ixi with Danish sea-transport reallocation (Rørmose Jensen & Iliev 2022) and capital endogenised (Södersten et al. 2018)
EST,Estonia,Europe,Non-metallic mineral products,climate_change,kt CO2eq,0.4542108474592602,2022,EXIOBASE v3.8.2 IOT_2022_ixi with Danish sea-transport reallocation (Rørmose Jensen & Iliev 2022) and capital endogenised (Södersten et al. 2018)
FRA,France,Europe,Transport Equipment,climate_change,kt CO2eq,0.4540614832870955,2022,EXIOBASE v3.8.2 IOT_2022_ixi with Danish sea-transport reallocation (Rørmose Jensen & Iliev 2022) and capital endogenised (Södersten et al. 2018)
ZAF,South Africa,Africa,Services,climate_change,kt CO2eq,0.4529849911118447,2022,EXIOBASE v3.8.2 IOT_2022_ixi with Danish sea-transport reallocation (Rørmose Jensen & Iliev 2022) and capital endogenised (Södersten et al. 2018)
RUS,Russia,Europe,"Electrical, electronic and measuring equipment",climate_change,kt CO2eq,0.44936987536476247,2022,EXIOBASE v3.8.2 IOT_2022_ixi with Danish sea-transport reallocation (Rørmose Jensen & Iliev 2022) and capital endogenised (Södersten et al. 2018)
JPN,Japan,Asia and Pacific,Natural gas and gaseous fuels,climate_change,kt CO2eq,0.4464784205757324,2022,EXIOBASE v3.8.2 IOT_2022_ixi with Danish sea-transport reallocation (Rørmose Jensen & Iliev 2022) and capital endogenised (Södersten et al. 2018)
RoW Africa,RoW Africa,Africa,Services,land_use,km2,0.44477753401745507,2022,EXIOBASE v3.8.2 IOT_2022_ixi with Danish sea-transport reallocation (Rørmose Jensen & Iliev 2022) and capital endogenised (Södersten et al. 2018)
RoW America,RoW America,America,Non-metallic mineral products,material_extraction,kt,0.4443710482471309,2022,EXIOBASE v3.8.2 IOT_2022_ixi with Danish sea-transport reallocation (Rørmose Jensen & Iliev 2022) and capital endogenised (Södersten et al. 2018)
LVA,Latvia,Europe,"Steam, hot water supply and water distribution",climate_change,kt CO2eq,0.4344463830542998,2022,EXIOBASE v3.8.2 IOT_2022_ixi with Danish sea-transport reallocation (Rørmose Jensen & Iliev 2022) and capital endogenised (Södersten et al. 2018)
RoW Middle East,RoW Middle East,Middle East,Chemical,waste_generation,kt,0.43372085240395103,2022,EXIOBASE v3.8.2 IOT_2022_ixi with Danish sea-transport reallocation (Rørmose Jensen & Iliev 2022) and capital endogenised (Södersten et al. 2018)
AUT,Austria,Europe,"Steam, hot water supply and water distribution",climate_change,kt CO2eq,0.4304411585323286,2022,EXIOBASE v3.8.2 IOT_2022_ixi with Danish sea-transport reallocation (Rørmose Jensen & Iliev 2022) and capital endogenised (Södersten et al. 2018)
CHN,China,Asia and Pacific,Construction,climate_change,kt CO2eq,0.4224306853653116,2022,EXIOBASE v3.8.2 IOT_2022_ixi with Danish sea-transport reallocation (Rørmose Jensen & Iliev 2022) and capital endogenised (Södersten et al. 2018)
TWN,Taiwan,Asia and Pacific,"Electrical, electronic and measuring equipment",climate_change,kt CO2eq,0.42169450120042196,2022,EXIOBASE v3.8.2 IOT_2022_ixi with Danish sea-transport reallocation (Rørmose Jensen & Iliev 2022) and capital endogenised (Södersten et al. 2018)
RoW America,RoW America,America,Construction,climate_change,kt CO2eq,0.4188906336254005,2022,EXIOBASE v3.8.2 IOT_2022_ixi with Danish sea-transport reallocation (Rørmose Jensen & Iliev 2022) and capital endogenised (Södersten et al. 2018)
FRA,France,Europe,Paper Products,climate_change,kt CO2eq,0.41841347627777314,2022,EXIOBASE v3.8.2 IOT_2022_ixi with Danish sea-transport reallocation (Rørmose Jensen & Iliev 2022) and capital endogenised (Södersten et al. 2018)
NOR,Norway,Europe,Furniture and timber,waste_generation,kt,0.41680804548818773,2022,EXIOBASE v3.8.2 IOT_2022_ixi with Danish sea-transport reallocation (Rørmose Jensen & Iliev 2022) and capital endogenised (Södersten et al. 2018)
CHE,Switzerland,Europe,Minerals and Metals,climate_change,kt CO2eq,0.4144385890138145,2022,EXIOBASE v3.8.2 IOT_2022_ixi with Danish sea-transport reallocation (Rørmose Jensen & Iliev 2022) and capital endogenised (Södersten et al. 2018)
FRA,France,Europe,Electricity,waste_generation,kt,0.4123993369320001,2022,EXIOBASE v3.8.2 IOT_2022_ixi with Danish sea-transport reallocation (Rørmose Jensen & Iliev 2022) and capital endogenised (Södersten et al. 2018)
HUN,Hungary,Europe,Metal Products,climate_change,kt CO2eq,0.4114256349230154,2022,EXIOBASE v3.8.2 IOT_2022_ixi with Danish sea-transport reallocation (Rørmose Jensen & Iliev 2022) and capital endogenised (Södersten et al. 2018)
AUS,Australia,Asia and Pacific,Textile,climate_change,kt CO2eq,0.40552401905362906,2022,EXIOBASE v3.8.2 IOT_2022_ixi with Danish sea-transport reallocation (Rørmose Jensen & Iliev 2022) and capital endogenised (Södersten et al. 2018)
HUN,Hungary,Europe,Waste management and disposal,material_extraction,kt,0.40087107183731757,2022,EXIOBASE v3.8.2 IOT_2022_ixi with Danish sea-transport reallocation (Rørmose Jensen & Iliev 2022) and capital endogenised (Södersten et al. 2018)
POL,Poland,Europe,Construction,climate_change,kt CO2eq,0.3991509544780063,2022,EXIOBASE v3.8.2 IOT_2022_ixi with Danish sea-transport reallocation (Rørmose Jensen & Iliev 2022) and capital endogenised (Södersten et al. 2018)
BRA,Brazil,America,Non-metallic mineral products,material_extraction,kt,0.3983699281606146,2022,EXIOBASE v3.8.2 IOT_2022_ixi with Danish sea-transport reallocation (Rørmose Jensen & Iliev 2022) and capital endogenised (Södersten et al. 2018)
CHN,China,Asia and Pacific,Transport Equipment,climate_change,kt CO2eq,0.3974367310186253,2022,EXIOBASE v3.8.2 IOT_2022_ixi with Danish sea-transport reallocation (Rørmose Jensen & Iliev 2022) and capital endogenised (Södersten et al. 2018)
AUT,Austria,Europe,Construction,material_extraction,kt,0.3971361623717318,2022,EXIOBASE v3.8.2 IOT_2022_ixi with Danish sea-transport reallocation (Rørmose Jensen & Iliev 2022) and capital endogenised (Södersten et al. 2018)
RoW Europe,RoW Europe,Europe,"Electrical, electronic and measuring equipment",material_extraction,kt,0.3948760692269889,2022,EXIOBASE v3.8.2 IOT_2022_ixi with Danish sea-transport reallocation (Rørmose Jensen & Iliev 2022) and capital endogenised (Södersten et al. 2018)
SVN,Slovenia,Europe,Non-metallic mineral products,climate_change,kt CO2eq,0.39169718350259,2022,EXIOBASE v3.8.2 IOT_2022_ixi with Danish sea-transport reallocation (Rørmose Jensen & Iliev 2022) and capital endogenised (Södersten et al. 2018)
ESP,Spain,Europe,Paper Products,climate_change,kt CO2eq,0.39124986513642634,2022,EXIOBASE v3.8.2 IOT_2022_ixi with Danish sea-transport reallocation (Rørmose Jensen & Iliev 2022) and capital endogenised (Södersten et al. 2018)
RoW Europe,RoW Europe,Europe,Furniture and timber,climate_change,kt CO2eq,0.38837133337376006,2022,EXIOBASE v3.8.2 IOT_2022_ixi with Danish sea-transport reallocation (Rørmose Jensen & Iliev 2022) and capital endogenised (Södersten et al. 2018)
SVK,Slovakia,Europe,Services,material_extraction,kt,0.3860606470027202,2022,EXIOBASE v3.8.2 IOT_2022_ixi with Danish sea-transport reallocation (Rørmose Jensen & Iliev 2022) and capital endogenised (Södersten et al. 2018)
FRA,France,Europe,Food and catering,blue_water_consumption,Mm3,0.3846859868548898,2022,EXIOBASE v3.8.2 IOT_2022_ixi with Danish sea-transport reallocation (Rørmose Jensen & Iliev 2022) and capital endogenised (Södersten et al. 2018)
RoW Africa,RoW Africa,Africa,Furniture and timber,climate_change,kt CO2eq,0.3820496512379128,2022,EXIOBASE v3.8.2 IOT_2022_ixi with Danish sea-transport reallocation (Rørmose Jensen & Iliev 2022) and capital endogenised (Södersten et al. 2018)
TUR,Turkey,Middle East,Non-metallic mineral products,material_extraction,kt,0.38167522342160065,2022,EXIOBASE v3.8.2 IOT_2022_ixi with Danish sea-transport reallocation (Rørmose Jensen & Iliev 2022) and capital endogenised (Södersten et al. 2018)
CHN,China,Asia and Pacific,Coal and Petroleum,waste_generation,kt,0.3810990693771886,2022,EXIOBASE v3.8.2 IOT_2022_ixi with Danish sea-transport reallocation (Rørmose Jensen & Iliev 2022) and capital endogenised (Södersten et al. 2018)
BEL,Belgium,Europe,Chemical,waste_generation,kt,0.3795568368867057,2022,EXIOBASE v3.8.2 IOT_2022_ixi with Danish sea-transport reallocation (Rørmose Jensen & Iliev 2022) and capital endogenised (Södersten et al. 2018)
NOR,Norway,Europe,Coal and Petroleum,material_extraction,kt,0.3793417105840057,2022,EXIOBASE v3.8.2 IOT_2022_ixi with Danish sea-transport reallocation (Rørmose Jensen & Iliev 2022) and capital endogenised (Södersten et al. 2018)
RoW Asia and Pacific,RoW Asia and Pacific,Asia and Pacific,Non-metallic mineral products,material_extraction,kt,0.3787134856631924,2022,EXIOBASE v3.8.2 IOT_2022_ixi with Danish sea-transport reallocation (Rørmose Jensen & Iliev 2022) and capital endogenised (Södersten et al. 2018)
DNK,Denmark,Denmark,"Electrical, electronic and measuring equipment",waste_generation,kt,0.37829526420634624,2022,EXIOBASE v3.8.2 IOT_2022_ixi with Danish sea-transport reallocation (Rørmose Jensen & Iliev 2022) and capital endogenised (Södersten et al. 2018)
CHE,Switzerland,Europe,Furniture and timber,climate_change,kt CO2eq,0.37661280905133115,2022,EXIOBASE v3.8.2 IOT_2022_ixi with Danish sea-transport reallocation (Rørmose Jensen & Iliev 2022) and capital endogenised (Södersten et al. 2018)
MEX,Mexico,America,Chemical,material_extraction,kt,0.37641078832500274,2022,EXIOBASE v3.8.2 IOT_2022_ixi with Danish sea-transport reallocation (Rørmose Jensen & Iliev 2022) and capital endogenised (Södersten et al. 2018)
FIN,Finland,Europe,"Electrical, electronic and measuring equipment",climate_change,kt CO2eq,0.3760052190975518,2022,EXIOBASE v3.8.2 IOT_2022_ixi with Danish sea-transport reallocation (Rørmose Jensen & Iliev 2022) and capital endogenised (Södersten et al. 2018)
ESP,Spain,Europe,Minerals and Metals,climate_change,kt CO2eq,0.3758978510499211,2022,EXIOBASE v3.8.2 IOT_2022_ixi with Danish sea-transport reallocation (Rørmose Jensen & Iliev 2022) and capital endogenised (Södersten et al. 2018)
HUN,Hungary,Europe,Construction,climate_change,kt CO2eq,0.3754344159916644,2022,EXIOBASE v3.8.2 IOT_2022_ixi with Danish sea-transport reallocation (Rørmose Jensen & Iliev 2022) and capital endogenised (Södersten et al. 2018)
ESP,Spain,Europe,Metal Products,waste_generation,kt,0.37340800759336407,2022,EXIOBASE v3.8.2 IOT_2022_ixi with Danish sea-transport reallocation (Rørmose Jensen & Iliev 2022) and capital endogenised (Södersten et al. 2018)
RoW America,RoW America,America,Textile,land_use,km2,0.372643704919061,2022,EXIOBASE v3.8.2 IOT_2022_ixi with Danish sea-transport reallocation (Rørmose Jensen & Iliev 2022) and capital endogenised (Södersten et al. 2018)
ESP,Spain,Europe,Services,land_use,km2,0.3717962538185554,2022,EXIOBASE v3.8.2 IOT_2022_ixi with Danish sea-transport reallocation (Rørmose Jensen & Iliev 2022) and capital endogenised (Södersten et al. 2018)
GBR,United Kingdom,Europe,Waste management and disposal,waste_generation,kt,0.37053875629281546,2022,EXIOBASE v3.8.2 IOT_2022_ixi with Danish sea-transport reallocation (Rørmose Jensen & Iliev 2022) and capital endogenised (Södersten et al. 2018)
SVK,Slovakia,Europe,Construction,material_extraction,kt,0.36935360238783316,2022,EXIOBASE v3.8.2 IOT_2022_ixi with Danish sea-transport reallocation (Rørmose Jensen & Iliev 2022) and capital endogenised (Södersten et al. 2018)
GBR,United Kingdom,Europe,Non-metallic mineral products,material_extraction,kt,0.3686798952899454,2022,EXIOBASE v3.8.2 IOT_2022_ixi with Danish sea-transport reallocation (Rørmose Jensen & Iliev 2022) and capital endogenised (Södersten et al. 2018)
CZE,Czech Republic,Europe,Minerals and Metals,climate_change,kt CO2eq,0.3657327785656383,2022,EXIOBASE v3.8.2 IOT_2022_ixi with Danish sea-transport reallocation (Rørmose Jensen & Iliev 2022) and capital endogenised (Södersten et al. 2018)
JPN,Japan,Asia and Pacific,Metal Products,waste_generation,kt,0.36546125055310585,2022,EXIOBASE v3.8.2 IOT_2022_ixi with Danish sea-transport reallocation (Rørmose Jensen & Iliev 2022) and capital endogenised (Södersten et al. 2018)
JPN,Japan,Asia and Pacific,Paper Products,climate_change,kt CO2eq,0.36535864894228137,2022,EXIOBASE v3.8.2 IOT_2022_ixi with Danish sea-transport reallocation (Rørmose Jensen & Iliev 2022) and capital endogenised (Södersten et al. 2018)
EST,Estonia,Europe,Furniture and timber,climate_change,kt CO2eq,0.3651891850088536,2022,EXIOBASE v3.8.2 IOT_2022_ixi with Danish sea-transport reallocation (Rørmose Jensen & Iliev 2022) and capital endogenised (Södersten et al. 2018)
GBR,United Kingdom,Europe,Transport Equipment,climate_change,kt CO2eq,0.3651809988836216,2022,EXIOBASE v3.8.2 IOT_2022_ixi with Danish sea-transport reallocation (Rørmose Jensen & Iliev 2022) and capital endogenised (Södersten et al. 2018)
HRV,Croatia,Europe,Coal and Petroleum,waste_generation,kt,0.36506565429489807,2022,EXIOBASE v3.8.2 IOT_2022_ixi with Danish sea-transport reallocation (Rørmose Jensen & Iliev 2022) and capital endogenised (Södersten et al. 2018)
RoW Europe,RoW Europe,Europe,Furniture and timber,land_use,km2,0.3638222225118775,2022,EXIOBASE v3.8.2 IOT_2022_ixi with Danish sea-transport reallocation (Rørmose Jensen & Iliev 2022) and capital endogenised (Södersten et al. 2018)
IND,India,Asia and Pacific,Paper Products,climate_change,kt CO2eq,0.3615102241155369,2022,EXIOBASE v3.8.2 IOT_2022_ixi with Danish sea-transport reallocation (Rørmose Jensen & Iliev 2022) and capital endogenised (Södersten et al. 2018)
DEU,Germany,Europe,Furniture and timber,climate_change,kt CO2eq,0.3601755457598269,2022,EXIOBASE v3.8.2 IOT_2022_ixi with Danish sea-transport reallocation (Rørmose Jensen & Iliev 2022) and capital endogenised (Södersten et al. 2018)
SVN,Slovenia,Europe,"Electrical, electronic and measuring equipment",climate_change,kt CO2eq,0.3592179900727861,2022,EXIOBASE v3.8.2 IOT_2022_ixi with Danish sea-transport reallocation (Rørmose Jensen & Iliev 2022) and capital endogenised (Södersten et al. 2018)
GBR,United Kingdom,Europe,Chemical,blue_water_consumption,Mm3,0.35622018504486663,2022,EXIOBASE v3.8.2 IOT_2022_ixi with Danish sea-transport reallocation (Rørmose Jensen & Iliev 2022) and capital endogenised (Södersten et al. 2018)
LUX,Luxembourg,Europe,Minerals and Metals,material_extraction,kt,0.3558434542379926,2022,EXIOBASE v3.8.2 IOT_2022_ixi with Danish sea-transport reallocation (Rørmose Jensen & Iliev 2022) and capital endogenised (Södersten et al. 2018)
JPN,Japan,Asia and Pacific,Waste management and disposal,waste_generation,kt,0.3549297538540907,2022,EXIOBASE v3.8.2 IOT_2022_ixi with Danish sea-transport reallocation (Rørmose Jensen & Iliev 2022) and capital endogenised (Södersten et al. 2018)
ROU,Romania,Europe,Natural gas and gaseous fuels,climate_change,kt CO2eq,0.3541942443683923,2022,EXIOBASE v3.8.2 IOT_2022_ixi with Danish sea-transport reallocation (Rørmose Jensen & Iliev 2022) and capital endogenised (Södersten et al. 2018)
GRC,Greece,Europe,Minerals and Metals,climate_change,kt CO2eq,0.35294878914603106,2022,EXIOBASE v3.8.2 IOT_2022_ixi with Danish sea-transport reallocation (Rørmose Jensen & Iliev 2022) and capital endogenised (Södersten et al. 2018)
RoW Middle East,RoW Middle East,Middle East,Transport,material_extraction,kt,0.35236979174531446,2022,EXIOBASE v3.8.2 IOT_2022_ixi with Danish sea-transport reallocation (Rørmose Jensen & Iliev 2022) and capital endogenised (Södersten et al. 2018)
RoW America,RoW America,America,Electricity,material_extraction,kt,0.35236083428739406,2022,EXIOBASE v3.8.2 IOT_2022_ixi with Danish sea-transport reallocation (Rørmose Jensen & Iliev 2022) and capital endogenised (Södersten et al. 2018)
EST,Estonia,Europe,"Steam, hot water supply and water distribution",climate_change,kt CO2eq,0.35166609483534783,2022,EXIOBASE v3.8.2 IOT_2022_ixi with Danish sea-transport reallocation (Rørmose Jensen & Iliev 2022) and capital endogenised (Södersten et al. 2018)
RUS,Russia,Europe,General and special Machinery,land_use,km2,0.351563239771464,2022,EXIOBASE v3.8.2 IOT_2022_ixi with Danish sea-transport reallocation (Rørmose Jensen & Iliev 2022) and capital endogenised (Södersten et al. 2018)
AUS,Australia,Asia and Pacific,Electricity,waste_generation,kt,0.3502524764860776,2022,EXIOBASE v3.8.2 IOT_2022_ixi with Danish sea-transport reallocation (Rørmose Jensen & Iliev 2022) and capital endogenised (Södersten et al. 2018)
RoW America,RoW America,America,Waste management and disposal,land_use,km2,0.3499444915689482,2022,EXIOBASE v3.8.2 IOT_2022_ixi with Danish sea-transport reallocation (Rørmose Jensen & Iliev 2022) and capital endogenised (Södersten et al. 2018)
EST,Estonia,Europe,Construction,material_extraction,kt,0.3491805430250091,2022,EXIOBASE v3.8.2 IOT_2022_ixi with Danish sea-transport reallocation (Rørmose Jensen & Iliev 2022) and capital endogenised (Södersten et al. 2018)
SVK,Slovakia,Europe,Natural gas and gaseous fuels,climate_change,kt CO2eq,0.34867942045301775,2022,EXIOBASE v3.8.2 IOT_2022_ixi with Danish sea-transport reallocation (Rørmose Jensen & Iliev 2022) and capital endogenised (Södersten et al. 2018)
RoW Africa,RoW Africa,Africa,Textile,climate_change,kt CO2eq,0.34705066309592864,2022,EXIOBASE v3.8.2 IOT_2022_ixi with Danish sea-transport reallocation (Rørmose Jensen & Iliev 2022) and capital endogenised (Södersten et al. 2018)
IRL,Ireland,Europe,Food and catering,waste_generation,kt,0.3463618615279237,2022,EXIOBASE v3.8.2 IOT_2022_ixi with Danish sea-transport reallocation (Rørmose Jensen & Iliev 2022) and capital endogenised (Södersten et al. 2018)
RoW Middle East,RoW Middle East,Middle East,General and special Machinery,climate_change,kt CO2eq,0.3395722121926437,2022,EXIOBASE v3.8.2 IOT_2022_ixi with Danish sea-transport reallocation (Rørmose Jensen & Iliev 2022) and capital endogenised (Södersten et al. 2018)
AUT,Austria,Europe,Chemical,waste_generation,kt,0.3393907133081513,2022,EXIOBASE v3.8.2 IOT_2022_ixi with Danish sea-transport reallocation (Rørmose Jensen & Iliev 2022) and capital endogenised (Södersten et al. 2018)
CZE,Czech Republic,Europe,Construction,waste_generation,kt,0.3383554750201137,2022,EXIOBASE v3.8.2 IOT_2022_ixi with Danish sea-transport reallocation (Rørmose Jensen & Iliev 2022) and capital endogenised (Södersten et al. 2018)
ZAF,South Africa,Africa,Coal and Petroleum,waste_generation,kt,0.33780183018852483,2022,EXIOBASE v3.8.2 IOT_2022_ixi with Danish sea-transport reallocation (Rørmose Jensen & Iliev 2022) and capital endogenised (Södersten et al. 2018)
IND,India,Asia and Pacific,Metal Products,waste_generation,kt,0.3353173503665988,2022,EXIOBASE v3.8.2 IOT_2022_ixi with Danish sea-transport reallocation (Rørmose Jensen & Iliev 2022) and capital endogenised (Södersten et al. 2018)
RoW America,RoW America,America,Waste management and disposal,material_extraction,kt,0.33425067002591485,2022,EXIOBASE v3.8.2 IOT_2022_ixi with Danish sea-transport reallocation (Rørmose Jensen & Iliev 2022) and capital endogenised (Södersten et al. 2018)
DNK,Denmark,Denmark,Coal and Petroleum,material_extraction,kt,0.3330862070491807,2022,EXIOBASE v3.8.2 IOT_2022_ixi with Danish sea-transport reallocation (Rørmose Jensen & Iliev 2022) and capital endogenised (Södersten et al. 2018)
RoW America,RoW America,America,Transport,land_use,km2,0.33302262524876886,2022,EXIOBASE v3.8.2 IOT_2022_ixi with Danish sea-transport reallocation (Rørmose Jensen & Iliev 2022) and capital endogenised (Södersten et al. 2018)
IRL,Ireland,Europe,Chemical,climate_change,kt CO2eq,0.3319390408048198,2022,EXIOBASE v3.8.2 IOT_2022_ixi with Danish sea-transport reallocation (Rørmose Jensen & Iliev 2022) and capital endogenised (Södersten et al. 2018)
EST,Estonia,Europe,Chemical,climate_change,kt CO2eq,0.331472704107861,2022,EXIOBASE v3.8.2 IOT_2022_ixi with Danish sea-transport reallocation (Rørmose Jensen & Iliev 2022) and capital endogenised (Södersten et al. 2018)
IRL,Ireland,Europe,"Electrical, electronic and measuring equipment",climate_change,kt CO2eq,0.33084057720860427,2022,EXIOBASE v3.8.2 IOT_2022_ixi with Danish sea-transport reallocation (Rørmose Jensen & Iliev 2022) and capital endogenised (Södersten et al. 2018)
ITA,Italy,Europe,Construction,waste_generation,kt,0.3302735546078162,2022,EXIOBASE v3.8.2 IOT_2022_ixi with Danish sea-transport reallocation (Rørmose Jensen & Iliev 2022) and capital endogenised (Södersten et al. 2018)
LVA,Latvia,Europe,Waste management and disposal,climate_change,kt CO2eq,0.32886235401587877,2022,EXIOBASE v3.8.2 IOT_2022_ixi with Danish sea-transport reallocation (Rørmose Jensen & Iliev 2022) and capital endogenised (Södersten et al. 2018)
NOR,Norway,Europe,Waste management and disposal,waste_generation,kt,0.32842575266038637,2022,EXIOBASE v3.8.2 IOT_2022_ixi with Danish sea-transport reallocation (Rørmose Jensen & Iliev 2022) and capital endogenised (Södersten et al. 2018)
JPN,Japan,Asia and Pacific,Transport Equipment,climate_change,kt CO2eq,0.3269751175574234,2022,EXIOBASE v3.8.2 IOT_2022_ixi with Danish sea-transport reallocation (Rørmose Jensen & Iliev 2022) and capital endogenised (Södersten et al. 2018)
AUT,Austria,Europe,Paper Products,climate_change,kt CO2eq,0.32657629567114826,2022,EXIOBASE v3.8.2 IOT_2022_ixi with Danish sea-transport reallocation (Rørmose Jensen & Iliev 2022) and capital endogenised (Södersten et al. 2018)
NLD,Netherlands,Europe,Coal and Petroleum,material_extraction,kt,0.3251335810392068,2022,EXIOBASE v3.8.2 IOT_2022_ixi with Danish sea-transport reallocation (Rørmose Jensen & Iliev 2022) and capital endogenised (Södersten et al. 2018)
ESP,Spain,Europe,Transport,land_use,km2,0.3250733141900381,2022,EXIOBASE v3.8.2 IOT_2022_ixi with Danish sea-transport reallocation (Rørmose Jensen & Iliev 2022) and capital endogenised (Södersten et al. 2018)
ESP,Spain,Europe,Paper Products,waste_generation,kt,0.3249604638903809,2022,EXIOBASE v3.8.2 IOT_2022_ixi with Danish sea-transport reallocation (Rørmose Jensen & Iliev 2022) and capital endogenised (Södersten et al. 2018)
POL,Poland,Europe,Food and catering,blue_water_consumption,Mm3,0.32159190971694995,2022,EXIOBASE v3.8.2 IOT_2022_ixi with Danish sea-transport reallocation (Rørmose Jensen & Iliev 2022) and capital endogenised (Södersten et al. 2018)
GBR,United Kingdom,Europe,Metal Products,waste_generation,kt,0.3207803912803255,2022,EXIOBASE v3.8.2 IOT_2022_ixi with Danish sea-transport reallocation (Rørmose Jensen & Iliev 2022) and capital endogenised (Södersten et al. 2018)
ITA,Italy,Europe,Chemical,waste_generation,kt,0.32050955424690475,2022,EXIOBASE v3.8.2 IOT_2022_ixi with Danish sea-transport reallocation (Rørmose Jensen & Iliev 2022) and capital endogenised (Södersten et al. 2018)
IDN,Indonesia,Asia and Pacific,Furniture and timber,climate_change,kt CO2eq,0.319167751333852,2022,EXIOBASE v3.8.2 IOT_2022_ixi with Danish sea-transport reallocation (Rørmose Jensen & Iliev 2022) and capital endogenised (Södersten et al. 2018)
ITA,Italy,Europe,General and special Machinery,climate_change,kt CO2eq,0.3188415996859343,2022,EXIOBASE v3.8.2 IOT_2022_ixi with Danish sea-transport reallocation (Rørmose Jensen & Iliev 2022) and capital endogenised (Södersten et al. 2018)
FIN,Finland,Europe,Metal Products,material_extraction,kt,0.3171994399565112,2022,EXIOBASE v3.8.2 IOT_2022_ixi with Danish sea-transport reallocation (Rørmose Jensen & Iliev 2022) and capital endogenised (Södersten et al. 2018)
ROU,Romania,Europe,"Steam, hot water supply and water distribution",climate_change,kt CO2eq,0.31643688982047546,2022,EXIOBASE v3.8.2 IOT_2022_ixi with Danish sea-transport reallocation (Rørmose Jensen & Iliev 2022) and capital endogenised (Södersten et al. 2018)
RUS,Russia,Europe,Food and catering,waste_generation,kt,0.3157621633889725,2022,EXIOBASE v3.8.2 IOT_2022_ixi with Danish sea-transport reallocation (Rørmose Jensen & Iliev 2022) and capital endogenised (Södersten et al. 2018)
RoW Asia and Pacific,RoW Asia and Pacific,Asia and Pacific,Coal and Petroleum,material_extraction,kt,0.3151799230699436,2022,EXIOBASE v3.8.2 IOT_2022_ixi with Danish sea-transport reallocation (Rørmose Jensen & Iliev 2022) and capital endogenised (Södersten et al. 2018)
IND,India,Asia and Pacific,Metal Products,blue_water_consumption,Mm3,0.31204477054726704,2022,EXIOBASE v3.8.2 IOT_2022_ixi with Danish sea-transport reallocation (Rørmose Jensen & Iliev 2022) and capital endogenised (Södersten et al. 2018)
DNK,Denmark,Denmark,Transport Equipment,waste_generation,kt,0.3076388609943566,2022,EXIOBASE v3.8.2 IOT_2022_ixi with Danish sea-transport reallocation (Rørmose Jensen & Iliev 2022) and capital endogenised (Södersten et al. 2018)
RoW Europe,RoW Europe,Europe,Metal Products,waste_generation,kt,0.3068004671491637,2022,EXIOBASE v3.8.2 IOT_2022_ixi with Danish sea-transport reallocation (Rørmose Jensen & Iliev 2022) and capital endogenised (Södersten et al. 2018)
POL,Poland,Europe,Services,land_use,km2,0.3061346190680464,2022,EXIOBASE v3.8.2 IOT_2022_ixi with Danish sea-transport reallocation (Rørmose Jensen & Iliev 2022) and capital endogenised (Södersten et al. 2018)
IDN,Indonesia,Asia and Pacific,Paper Products,climate_change,kt CO2eq,0.3043694351492604,2022,EXIOBASE v3.8.2 IOT_2022_ixi with Danish sea-transport reallocation (Rørmose Jensen & Iliev 2022) and capital endogenised (Södersten et al. 2018)
LTU,Lithuania,Europe,Construction,climate_change,kt CO2eq,0.30372517513580194,2022,EXIOBASE v3.8.2 IOT_2022_ixi with Danish sea-transport reallocation (Rørmose Jensen & Iliev 2022) and capital endogenised (Södersten et al. 2018)
SWE,Sweden,Europe,Furniture and timber,waste_generation,kt,0.3036138996354261,2022,EXIOBASE v3.8.2 IOT_2022_ixi with Danish sea-transport reallocation (Rørmose Jensen & Iliev 2022) and capital endogenised (Södersten et al. 2018)
HUN,Hungary,Europe,Furniture and timber,land_use,km2,0.30259248920936227,2022,EXIOBASE v3.8.2 IOT_2022_ixi with Danish sea-transport reallocation (Rørmose Jensen & Iliev 2022) and capital endogenised (Södersten et al. 2018)
LTU,Lithuania,Europe,Waste management and disposal,climate_change,kt CO2eq,0.3022454925775728,2022,EXIOBASE v3.8.2 IOT_2022_ixi with Danish sea-transport reallocation (Rørmose Jensen & Iliev 2022) and capital endogenised (Södersten et al. 2018)
POL,Poland,Europe,Coal and Petroleum,material_extraction,kt,0.301998072719126,2022,EXIOBASE v3.8.2 IOT_2022_ixi with Danish sea-transport reallocation (Rørmose Jensen & Iliev 2022) and capital endogenised (Södersten et al. 2018)
LTU,Lithuania,Europe,Services,climate_change,kt CO2eq,0.301025860658827,2022,EXIOBASE v3.8.2 IOT_2022_ixi with Danish sea-transport reallocation (Rørmose Jensen & Iliev 2022) and capital endogenised (Södersten et al. 2018)
POL,Poland,Europe,Food and catering,material_extraction,kt,0.30016900582367523,2022,EXIOBASE v3.8.2 IOT_2022_ixi with Danish sea-transport reallocation (Rørmose Jensen & Iliev 2022) and capital endogenised (Södersten et al. 2018)
AUS,Australia,Asia and Pacific,Services,climate_change,kt CO2eq,0.2996146973146543,2022,EXIOBASE v3.8.2 IOT_2022_ixi with Danish sea-transport reallocation (Rørmose Jensen & Iliev 2022) and capital endogenised (Södersten et al. 2018)
CHE,Switzerland,Europe,Construction,material_extraction,kt,0.2982917562185,2022,EXIOBASE v3.8.2 IOT_2022_ixi with Danish sea-transport reallocation (Rørmose Jensen & Iliev 2022) and capital endogenised (Södersten et al. 2018)
CHN,China,Asia and Pacific,"Electrical, electronic and measuring equipment",blue_water_consumption,Mm3,0.29769657960565626,2022,EXIOBASE v3.8.2 IOT_2022_ixi with Danish sea-transport reallocation (Rørmose Jensen & Iliev 2022) and capital endogenised (Södersten et al. 2018)
PRT,Portugal,Europe,Furniture and timber,waste_generation,kt,0.29546858423375044,2022,EXIOBASE v3.8.2 IOT_2022_ixi with Danish sea-transport reallocation (Rørmose Jensen & Iliev 2022) and capital endogenised (Södersten et al. 2018)
RoW Africa,RoW Africa,Africa,Chemical,waste_generation,kt,0.2932762461656383,2022,EXIOBASE v3.8.2 IOT_2022_ixi with Danish sea-transport reallocation (Rørmose Jensen & Iliev 2022) and capital endogenised (Södersten et al. 2018)
CAN,Canada,America,Chemical,waste_generation,kt,0.29280758650062927,2022,EXIOBASE v3.8.2 IOT_2022_ixi with Danish sea-transport reallocation (Rørmose Jensen & Iliev 2022) and capital endogenised (Södersten et al. 2018)
ITA,Italy,Europe,Paper Products,climate_change,kt CO2eq,0.2915908862557669,2022,EXIOBASE v3.8.2 IOT_2022_ixi with Danish sea-transport reallocation (Rørmose Jensen & Iliev 2022) and capital endogenised (Södersten et al. 2018)
BEL,Belgium,Europe,Services,material_extraction,kt,0.2878826598802446,2022,EXIOBASE v3.8.2 IOT_2022_ixi with Danish sea-transport reallocation (Rørmose Jensen & Iliev 2022) and capital endogenised (Södersten et al. 2018)
FIN,Finland,Europe,Transport Equipment,climate_change,kt CO2eq,0.2876444605815006,2022,EXIOBASE v3.8.2 IOT_2022_ixi with Danish sea-transport reallocation (Rørmose Jensen & Iliev 2022) and capital endogenised (Södersten et al. 2018)
RoW Middle East,RoW Middle East,Middle East,"Electrical, electronic and measuring equipment",climate_change,kt CO2eq,0.28690506683099726,2022,EXIOBASE v3.8.2 IOT_2022_ixi with Danish sea-transport reallocation (Rørmose Jensen & Iliev 2022) and capital endogenised (Södersten et al. 2018)
AUT,Austria,Europe,Food and catering,waste_generation,kt,0.2866402947997729,2022,EXIOBASE v3.8.2 IOT_2022_ixi with Danish sea-transport reallocation (Rørmose Jensen & Iliev 2022) and capital endogenised (Södersten et al. 2018)
ITA,Italy,Europe,Waste management and disposal,waste_generation,kt,0.28572758893443373,2022,EXIOBASE v3.8.2 IOT_2022_ixi with Danish sea-transport reallocation (Rørmose Jensen & Iliev 2022) and capital endogenised (Södersten et al. 2018)
KOR,South Korea,Asia and Pacific,Food and catering,waste_generation,kt,0.285225464378483,2022,EXIOBASE v3.8.2 IOT_2022_ixi with Danish sea-transport reallocation (Rørmose Jensen & Iliev 2022) and capital endogenised (Södersten et al. 2018)
EST,Estonia,Europe,Services,climate_change,kt CO2eq,0.28429246886958415,2022,EXIOBASE v3.8.2 IOT_2022_ixi with Danish sea-transport reallocation (Rørmose Jensen & Iliev 2022) and capital endogenised (Södersten et al. 2018)
NLD,Netherlands,Europe,Paper Products,climate_change,kt CO2eq,0.2839358418834919,2022,EXIOBASE v3.8.2 IOT_2022_ixi with Danish sea-transport reallocation (Rørmose Jensen & Iliev 2022) and capital endogenised (Södersten et al. 2018)
FIN,Finland,Europe,Minerals and Metals,climate_change,kt CO2eq,0.28174612811410865,2022,EXIOBASE v3.8.2 IOT_2022_ixi with Danish sea-transport reallocation (Rørmose Jensen & Iliev 2022) and capital endogenised (Södersten et al. 2018)
GRC,Greece,Europe,Metal Products,climate_change,kt CO2eq,0.2811318092448773,2022,EXIOBASE v3.8.2 IOT_2022_ixi with Danish sea-transport reallocation (Rørmose Jensen & Iliev 2022) and capital endogenised (Södersten et al. 2018)
RoW Asia and Pacific,RoW Asia and Pacific,Asia and Pacific,Construction,material_extraction,kt,0.2780384696948857,2022,EXIOBASE v3.8.2 IOT_2022_ixi with Danish sea-transport reallocation (Rørmose Jensen & Iliev 2022) and capital endogenised (Södersten et al. 2018)
MLT,Malta,Europe,Furniture and timber,climate_change,kt CO2eq,0.2757622669817871,2022,EXIOBASE v3.8.2 IOT_2022_ixi with Danish sea-transport reallocation (Rørmose Jensen & Iliev 2022) and capital endogenised (Södersten et al. 2018)
SVN,Slovenia,Europe,Non-metallic mineral products,material_extraction,kt,0.2746305723708441,2022,EXIOBASE v3.8.2 IOT_2022_ixi with Danish sea-transport reallocation (Rørmose Jensen & Iliev 2022) and capital endogenised (Södersten et al. 2018)
RoW Asia and Pacific,RoW Asia and Pacific,Asia and Pacific,Metal Products,material_extraction,kt,0.27456866736911695,2022,EXIOBASE v3.8.2 IOT_2022_ixi with Danish sea-transport reallocation (Rørmose Jensen & Iliev 2022) and capital endogenised (Södersten et al. 2018)
BRA,Brazil,America,Metal Products,material_extraction,kt,0.273521836061898,2022,EXIOBASE v3.8.2 IOT_2022_ixi with Danish sea-transport reallocation (Rørmose Jensen & Iliev 2022) and capital endogenised (Södersten et al. 2018)
LTU,Lithuania,Europe,Minerals and Metals,climate_change,kt CO2eq,0.2726404704342121,2022,EXIOBASE v3.8.2 IOT_2022_ixi with Danish sea-transport reallocation (Rørmose Jensen & Iliev 2022) and capital endogenised (Södersten et al. 2018)
CAN,Canada,America,Paper Products,waste_generation,kt,0.27254117899900154,2022,EXIOBASE v3.8.2 IOT_2022_ixi with Danish sea-transport reallocation (Rørmose Jensen & Iliev 2022) and capital endogenised (Södersten et al. 2018)
RoW Europe,RoW Europe,Europe,Textile,land_use,km2,0.2715149297041207,2022,EXIOBASE v3.8.2 IOT_2022_ixi with Danish sea-transport reallocation (Rørmose Jensen & Iliev 2022) and capital endogenised (Södersten et al. 2018)
FIN,Finland,Europe,Chemical,waste_generation,kt,0.2707500280054892,2022,EXIOBASE v3.8.2 IOT_2022_ixi with Danish sea-transport reallocation (Rørmose Jensen & Iliev 2022) and capital endogenised (Södersten et al. 2018)
FRA,France,Europe,Waste management and disposal,waste_generation,kt,0.27013405788141287,2022,EXIOBASE v3.8.2 IOT_2022_ixi with Danish sea-transport reallocation (Rørmose Jensen & Iliev 2022) and capital endogenised (Södersten et al. 2018)
FRA,France,Europe,Paper Products,waste_generation,kt,0.26964956557214176,2022,EXIOBASE v3.8.2 IOT_2022_ixi with Danish sea-transport reallocation (Rørmose Jensen & Iliev 2022) and capital endogenised (Södersten et al. 2018)
AUS,Australia,Asia and Pacific,Textile,land_use,km2,0.26860900963133816,2022,EXIOBASE v3.8.2 IOT_2022_ixi with Danish sea-transport reallocation (Rørmose Jensen & Iliev 2022) and capital endogenised (Södersten et al. 2018)
IDN,Indonesia,Asia and Pacific,Food and catering,waste_generation,kt,0.26603997458447687,2022,EXIOBASE v3.8.2 IOT_2022_ixi with Danish sea-transport reallocation (Rørmose Jensen & Iliev 2022) and capital endogenised (Södersten et al. 2018)
GBR,United Kingdom,Europe,Textile,climate_change,kt CO2eq,0.26569090052413175,2022,EXIOBASE v3.8.2 IOT_2022_ixi with Danish sea-transport reallocation (Rørmose Jensen & Iliev 2022) and capital endogenised (Södersten et al. 2018)
USA,United States,America,Chemical,blue_water_consumption,Mm3,0.2655197000538044,2022,EXIOBASE v3.8.2 IOT_2022_ixi with Danish sea-transport reallocation (Rørmose Jensen & Iliev 2022) and capital endogenised (Södersten et al. 2018)
LVA,Latvia,Europe,Metal Products,climate_change,kt CO2eq,0.26536073908165353,2022,EXIOBASE v3.8.2 IOT_2022_ixi with Danish sea-transport reallocation (Rørmose Jensen & Iliev 2022) and capital endogenised (Södersten et al. 2018)
LVA,Latvia,Europe,Construction,material_extraction,kt,0.26433777640798395,2022,EXIOBASE v3.8.2 IOT_2022_ixi with Danish sea-transport reallocation (Rørmose Jensen & Iliev 2022) and capital endogenised (Södersten et al. 2018)
IND,India,Asia and Pacific,General and special Machinery,climate_change,kt CO2eq,0.2614468444143061,2022,EXIOBASE v3.8.2 IOT_2022_ixi with Danish sea-transport reallocation (Rørmose Jensen & Iliev 2022) and capital endogenised (Södersten et al. 2018)
RoW Asia and Pacific,RoW Asia and Pacific,Asia and Pacific,Transport,waste_generation,kt,0.26117858162132074,2022,EXIOBASE v3.8.2 IOT_2022_ixi with Danish sea-transport reallocation (Rørmose Jensen & Iliev 2022) and capital endogenised (Södersten et al. 2018)
RUS,Russia,Europe,Construction,waste_generation,kt,0.2588926205864597,2022,EXIOBASE v3.8.2 IOT_2022_ixi with Danish sea-transport reallocation (Rørmose Jensen & Iliev 2022) and capital endogenised (Södersten et al. 2018)
RoW Africa,RoW Africa,Africa,Paper Products,land_use,km2,0.25771650997709317,2022,EXIOBASE v3.8.2 IOT_2022_ixi with Danish sea-transport reallocation (Rørmose Jensen & Iliev 2022) and capital endogenised (Södersten et al. 2018)
KOR,South Korea,Asia and Pacific,Minerals and Metals,climate_change,kt CO2eq,0.2555973533725612,2022,EXIOBASE v3.8.2 IOT_2022_ixi with Danish sea-transport reallocation (Rørmose Jensen & Iliev 2022) and capital endogenised (Södersten et al. 2018)
CHN,China,Asia and Pacific,Services,waste_generation,kt,0.25330911717296956,2022,EXIOBASE v3.8.2 IOT_2022_ixi with Danish sea-transport reallocation (Rørmose Jensen & Iliev 2022) and capital endogenised (Södersten et al. 2018)
RoW Africa,RoW Africa,Africa,Waste management and disposal,land_use,km2,0.2530405597773489,2022,EXIOBASE v3.8.2 IOT_2022_ixi with Danish sea-transport reallocation (Rørmose Jensen & Iliev 2022) and capital endogenised (Södersten et al. 2018)
LTU,Lithuania,Europe,Services,land_use,km2,0.25250737638382725,2022,EXIOBASE v3.8.2 IOT_2022_ixi with Danish sea-transport reallocation (Rørmose Jensen & Iliev 2022) and capital endogenised (Södersten et al. 2018)
CZE,Czech Republic,Europe,Construction,climate_change,kt CO2eq,0.2520807357569025,2022,EXIOBASE v3.8.2 IOT_2022_ixi with Danish sea-transport reallocation (Rørmose Jensen & Iliev 2022) and capital endogenised (Södersten et al. 2018)
RoW Asia and Pacific,RoW Asia and Pacific,Asia and Pacific,Minerals and Metals,land_use,km2,0.25128129360171153,2022,EXIOBASE v3.8.2 IOT_2022_ixi with Danish sea-transport reallocation (Rørmose Jensen & Iliev 2022) and capital endogenised (Södersten et al. 2018)
AUT,Austria,Europe,Construction,climate_change,kt CO2eq,0.2502178537384299,2022,EXIOBASE v3.8.2 IOT_2022_ixi with Danish sea-transport reallocation (Rørmose Jensen & Iliev 2022) and capital endogenised (Södersten et al. 2018)
TWN,Taiwan,Asia and Pacific,Services,climate_change,kt CO2eq,0.24968824044055762,2022,EXIOBASE v3.8.2 IOT_2022_ixi with Danish sea-transport reallocation (Rørmose Jensen & Iliev 2022) and capital endogenised (Södersten et al. 2018)
SWE,Sweden,Europe,Services,land_use,km2,0.24899033641602855,2022,EXIOBASE v3.8.2 IOT_2022_ixi with Danish sea-transport reallocation (Rørmose Jensen & Iliev 2022) and capital endogenised (Södersten et al. 2018)
BGR,Bulgaria,Europe,Services,climate_change,kt CO2eq,0.2488738783483414,2022,EXIOBASE v3.8.2 IOT_2022_ixi with Danish sea-transport reallocation (Rørmose Jensen & Iliev 2022) and capital endogenised (Södersten et al. 2018)
CAN,Canada,America,Electricity,waste_generation,kt,0.2467425508015732,2022,EXIOBASE v3.8.2 IOT_2022_ixi with Danish sea-transport reallocation (Rørmose Jensen & Iliev 2022) and capital endogenised (Södersten et al. 2018)
RoW Africa,RoW Africa,Africa,"Electrical, electronic and measuring equipment",waste_generation,kt,0.246731256389495,2022,EXIOBASE v3.8.2 IOT_2022_ixi with Danish sea-transport reallocation (Rørmose Jensen & Iliev 2022) and capital endogenised (Södersten et al. 2018)
LUX,Luxembourg,Europe,Food and catering,land_use,km2,0.24653742111559387,2022,EXIOBASE v3.8.2 IOT_2022_ixi with Danish sea-transport reallocation (Rørmose Jensen & Iliev 2022) and capital endogenised (Södersten et al. 2018)
GBR,United Kingdom,Europe,General and special Machinery,climate_change,kt CO2eq,0.24634342219163982,2022,EXIOBASE v3.8.2 IOT_2022_ixi with Danish sea-transport reallocation (Rørmose Jensen & Iliev 2022) and capital endogenised (Södersten et al. 2018)
SVK,Slovakia,Europe,General and special Machinery,land_use,km2,0.24531659372934525,2022,EXIOBASE v3.8.2 IOT_2022_ixi with Danish sea-transport reallocation (Rørmose Jensen & Iliev 2022) and capital endogenised (Södersten et al. 2018)
POL,Poland,Europe,Waste management and disposal,waste_generation,kt,0.24464989940831633,2022,EXIOBASE v3.8.2 IOT_2022_ixi with Danish sea-transport reallocation (Rørmose Jensen & Iliev 2022) and capital endogenised (Södersten et al. 2018)
BRA,Brazil,America,Food and catering,blue_water_consumption,Mm3,0.2446199301521926,2022,EXIOBASE v3.8.2 IOT_2022_ixi with Danish sea-transport reallocation (Rørmose Jensen & Iliev 2022) and capital endogenised (Södersten et al. 2018)
PRT,Portugal,Europe,Food and catering,blue_water_consumption,Mm3,0.2442188447337192,2022,EXIOBASE v3.8.2 IOT_2022_ixi with Danish sea-transport reallocation (Rørmose Jensen & Iliev 2022) and capital endogenised (Södersten et al. 2018)
PRT,Portugal,Europe,Services,climate_change,kt CO2eq,0.24275913339520977,2022,EXIOBASE v3.8.2 IOT_2022_ixi with Danish sea-transport reallocation (Rørmose Jensen & Iliev 2022) and capital endogenised (Södersten et al. 2018)
DEU,Germany,Europe,Furniture and timber,waste_generation,kt,0.2413047327010887,2022,EXIOBASE v3.8.2 IOT_2022_ixi with Danish sea-transport reallocation (Rørmose Jensen & Iliev 2022) and capital endogenised (Södersten et al. 2018)
ZAF,South Africa,Africa,Food and catering,waste_generation,kt,0.24094635411295592,2022,EXIOBASE v3.8.2 IOT_2022_ixi with Danish sea-transport reallocation (Rørmose Jensen & Iliev 2022) and capital endogenised (Södersten et al. 2018)
NLD,Netherlands,Europe,Paper Products,waste_generation,kt,0.24081676865477994,2022,EXIOBASE v3.8.2 IOT_2022_ixi with Danish sea-transport reallocation (Rørmose Jensen & Iliev 2022) and capital endogenised (Södersten et al. 2018)
LUX,Luxembourg,Europe,Food and catering,climate_change,kt CO2eq,0.2395234332934203,2022,EXIOBASE v3.8.2 IOT_2022_ixi with Danish sea-transport reallocation (Rørmose Jensen & Iliev 2022) and capital endogenised (Södersten et al. 2018)
RoW Asia and Pacific,RoW Asia and Pacific,Asia and Pacific,"Steam, hot water supply and water distribution",waste_generation,kt,0.23902835387075555,2022,EXIOBASE v3.8.2 IOT_2022_ixi with Danish sea-transport reallocation (Rørmose Jensen & Iliev 2022) and capital endogenised (Södersten et al. 2018)
RoW Europe,RoW Europe,Europe,Textile,climate_change,kt CO2eq,0.23778416360307314,2022,EXIOBASE v3.8.2 IOT_2022_ixi with Danish sea-transport reallocation (Rørmose Jensen & Iliev 2022) and capital endogenised (Södersten et al. 2018)
RoW America,RoW America,America,Electricity,land_use,km2,0.23768549830733218,2022,EXIOBASE v3.8.2 IOT_2022_ixi with Danish sea-transport reallocation (Rørmose Jensen & Iliev 2022) and capital endogenised (Södersten et al. 2018)
SVN,Slovenia,Europe,Coal and Petroleum,climate_change,kt CO2eq,0.2353109853138088,2022,EXIOBASE v3.8.2 IOT_2022_ixi with Danish sea-transport reallocation (Rørmose Jensen & Iliev 2022) and capital endogenised (Södersten et al. 2018)
RoW Asia and Pacific,RoW Asia and Pacific,Asia and Pacific,Chemical,land_use,km2,0.23422104730145146,2022,EXIOBASE v3.8.2 IOT_2022_ixi with Danish sea-transport reallocation (Rørmose Jensen & Iliev 2022) and capital endogenised (Södersten et al. 2018)
ITA,Italy,Europe,"Electrical, electronic and measuring equipment",climate_change,kt CO2eq,0.23421669583453836,2022,EXIOBASE v3.8.2 IOT_2022_ixi with Danish sea-transport reallocation (Rørmose Jensen & Iliev 2022) and capital endogenised (Södersten et al. 2018)
HRV,Croatia,Europe,"Steam, hot water supply and water distribution",climate_change,kt CO2eq,0.23300502209613264,2022,EXIOBASE v3.8.2 IOT_2022_ixi with Danish sea-transport reallocation (Rørmose Jensen & Iliev 2022) and capital endogenised (Södersten et al. 2018)
IRL,Ireland,Europe,Chemical,blue_water_consumption,Mm3,0.23203695313505296,2022,EXIOBASE v3.8.2 IOT_2022_ixi with Danish sea-transport reallocation (Rørmose Jensen & Iliev 2022) and capital endogenised (Södersten et al. 2018)
ESP,Spain,Europe,Transport Equipment,climate_change,kt CO2eq,0.23130930021136434,2022,EXIOBASE v3.8.2 IOT_2022_ixi with Danish sea-transport reallocation (Rørmose Jensen & Iliev 2022) and capital endogenised (Södersten et al. 2018)
DEU,Germany,Europe,Food and catering,material_extraction,kt,0.23093890061984618,2022,EXIOBASE v3.8.2 IOT_2022_ixi with Danish sea-transport reallocation (Rørmose Jensen & Iliev 2022) and capital endogenised (Södersten et al. 2018)
LUX,Luxembourg,Europe,Metal Products,climate_change,kt CO2eq,0.2300367925798376,2022,EXIOBASE v3.8.2 IOT_2022_ixi with Danish sea-transport reallocation (Rørmose Jensen & Iliev 2022) and capital endogenised (Södersten et al. 2018)
RoW Europe,RoW Europe,Europe,Waste management and disposal,material_extraction,kt,0.22952119291211603,2022,EXIOBASE v3.8.2 IOT_2022_ixi with Danish sea-transport reallocation (Rørmose Jensen & Iliev 2022) and capital endogenised (Södersten et al. 2018)
BGR,Bulgaria,Europe,Electricity,waste_generation,kt,0.22885337649847204,2022,EXIOBASE v3.8.2 IOT_2022_ixi with Danish sea-transport reallocation (Rørmose Jensen & Iliev 2022) and capital endogenised (Södersten et al. 2018)
KOR,South Korea,Asia and Pacific,Metal Products,waste_generation,kt,0.22819500069858717,2022,EXIOBASE v3.8.2 IOT_2022_ixi with Danish sea-transport reallocation (Rørmose Jensen & Iliev 2022) and capital endogenised (Södersten et al. 2018)
CHN,China,Asia and Pacific,"Electrical, electronic and measuring equipment",waste_generation,kt,0.22813207134311744,2022,EXIOBASE v3.8.2 IOT_2022_ixi with Danish sea-transport reallocation (Rørmose Jensen & Iliev 2022) and capital endogenised (Södersten et al. 2018)
GBR,United Kingdom,Europe,Food and catering,waste_generation,kt,0.2278045603750376,2022,EXIOBASE v3.8.2 IOT_2022_ixi with Danish sea-transport reallocation (Rørmose Jensen & Iliev 2022) and capital endogenised (Södersten et al. 2018)
POL,Poland,Europe,General and special Machinery,climate_change,kt CO2eq,0.22769916563984338,2022,EXIOBASE v3.8.2 IOT_2022_ixi with Danish sea-transport reallocation (Rørmose Jensen & Iliev 2022) and capital endogenised (Södersten et al. 2018)
BRA,Brazil,America,Food and catering,waste_generation,kt,0.2274801825556793,2022,EXIOBASE v3.8.2 IOT_2022_ixi with Danish sea-transport reallocation (Rørmose Jensen & Iliev 2022) and capital endogenised (Södersten et al. 2018)
CZE,Czech Republic,Europe,Electricity,waste_generation,kt,0.227102904293112,2022,EXIOBASE v3.8.2 IOT_2022_ixi with Danish sea-transport reallocation (Rørmose Jensen & Iliev 2022) and capital endogenised (Södersten et al. 2018)
TWN,Taiwan,Asia and Pacific,Transport Equipment,climate_change,kt CO2eq,0.22691300746183074,2022,EXIOBASE v3.8.2 IOT_2022_ixi with Danish sea-transport reallocation (Rørmose Jensen & Iliev 2022) and capital endogenised (Södersten et al. 2018)
CHN,China,Asia and Pacific,General and special Machinery,blue_water_consumption,Mm3,0.22668944470995026,2022,EXIOBASE v3.8.2 IOT_2022_ixi with Danish sea-transport reallocation (Rørmose Jensen & Iliev 2022) and capital endogenised (Södersten et al. 2018)
ROU,Romania,Europe,Waste management and disposal,climate_change,kt CO2eq,0.22652649988265763,2022,EXIOBASE v3.8.2 IOT_2022_ixi with Danish sea-transport reallocation (Rørmose Jensen & Iliev 2022) and capital endogenised (Södersten et al. 2018)
IRL,Ireland,Europe,Transport Equipment,climate_change,kt CO2eq,0.22506466253045343,2022,EXIOBASE v3.8.2 IOT_2022_ixi with Danish sea-transport reallocation (Rørmose Jensen & Iliev 2022) and capital endogenised (Södersten et al. 2018)
CHN,China,Asia and Pacific,Construction,waste_generation,kt,0.2250379340126124,2022,EXIOBASE v3.8.2 IOT_2022_ixi with Danish sea-transport reallocation (Rørmose Jensen & Iliev 2022) and capital endogenised (Södersten et al. 2018)
RoW Asia and Pacific,RoW Asia and Pacific,Asia and Pacific,Electricity,material_extraction,kt,0.224479743179306,2022,EXIOBASE v3.8.2 IOT_2022_ixi with Danish sea-transport reallocation (Rørmose Jensen & Iliev 2022) and capital endogenised (Södersten et al. 2018)
RUS,Russia,Europe,Chemical,land_use,km2,0.22443731170634726,2022,EXIOBASE v3.8.2 IOT_2022_ixi with Danish sea-transport reallocation (Rørmose Jensen & Iliev 2022) and capital endogenised (Södersten et al. 2018)
RoW Asia and Pacific,RoW Asia and Pacific,Asia and Pacific,Waste management and disposal,waste_generation,kt,0.2243331908333235,2022,EXIOBASE v3.8.2 IOT_2022_ixi with Danish sea-transport reallocation (Rørmose Jensen & Iliev 2022) and capital endogenised (Södersten et al. 2018)
RoW Africa,RoW Africa,Africa,Transport Equipment,climate_change,kt CO2eq,0.22430048796502056,2022,EXIOBASE v3.8.2 IOT_2022_ixi with Danish sea-transport reallocation (Rørmose Jensen & Iliev 2022) and capital endogenised (Södersten et al. 2018)
RUS,Russia,Europe,Services,land_use,km2,0.22387350285302426,2022,EXIOBASE v3.8.2 IOT_2022_ixi with Danish sea-transport reallocation (Rørmose Jensen & Iliev 2022) and capital endogenised (Södersten et al. 2018)
USA,United States,America,Coal and Petroleum,waste_generation,kt,0.2234325339525052,2022,EXIOBASE v3.8.2 IOT_2022_ixi with Danish sea-transport reallocation (Rørmose Jensen & Iliev 2022) and capital endogenised (Södersten et al. 2018)
HRV,Croatia,Europe,Natural gas and gaseous fuels,climate_change,kt CO2eq,0.22258426518165017,2022,EXIOBASE v3.8.2 IOT_2022_ixi with Danish sea-transport reallocation (Rørmose Jensen & Iliev 2022) and capital endogenised (Södersten et al. 2018)
KOR,South Korea,Asia and Pacific,"Steam, hot water supply and water distribution",climate_change,kt CO2eq,0.2219106007898153,2022,EXIOBASE v3.8.2 IOT_2022_ixi with Danish sea-transport reallocation (Rørmose Jensen & Iliev 2022) and capital endogenised (Södersten et al. 2018)
ROU,Romania,Europe,Services,climate_change,kt CO2eq,0.22164363191574357,2022,EXIOBASE v3.8.2 IOT_2022_ixi with Danish sea-transport reallocation (Rørmose Jensen & Iliev 2022) and capital endogenised (Södersten et al. 2018)
MLT,Malta,Europe,Electricity,climate_change,kt CO2eq,0.2212790553534877,2022,EXIOBASE v3.8.2 IOT_2022_ixi with Danish sea-transport reallocation (Rørmose Jensen & Iliev 2022) and capital endogenised (Södersten et al. 2018)
RoW Asia and Pacific,RoW Asia and Pacific,Asia and Pacific,Non-metallic mineral products,waste_generation,kt,0.22059407592418512,2022,EXIOBASE v3.8.2 IOT_2022_ixi with Danish sea-transport reallocation (Rørmose Jensen & Iliev 2022) and capital endogenised (Södersten et al. 2018)
ITA,Italy,Europe,Food and catering,blue_water_consumption,Mm3,0.21873564021599007,2022,EXIOBASE v3.8.2 IOT_2022_ixi with Danish sea-transport reallocation (Rørmose Jensen & Iliev 2022) and capital endogenised (Södersten et al. 2018)
BGR,Bulgaria,Europe,Furniture and timber,land_use,km2,0.21789407554666607,2022,EXIOBASE v3.8.2 IOT_2022_ixi with Danish sea-transport reallocation (Rørmose Jensen & Iliev 2022) and capital endogenised (Södersten et al. 2018)
CAN,Canada,America,Furniture and timber,climate_change,kt CO2eq,0.21657149099194273,2022,EXIOBASE v3.8.2 IOT_2022_ixi with Danish sea-transport reallocation (Rørmose Jensen & Iliev 2022) and capital endogenised (Södersten et al. 2018)
BEL,Belgium,Europe,Metal Products,waste_generation,kt,0.2160797077115909,2022,EXIOBASE v3.8.2 IOT_2022_ixi with Danish sea-transport reallocation (Rørmose Jensen & Iliev 2022) and capital endogenised (Södersten et al. 2018)
USA,United States,America,Food and catering,waste_generation,kt,0.21539404689150546,2022,EXIOBASE v3.8.2 IOT_2022_ixi with Danish sea-transport reallocation (Rørmose Jensen & Iliev 2022) and capital endogenised (Södersten et al. 2018)
RoW Europe,RoW Europe,Europe,Waste management and disposal,land_use,km2,0.21513738773264793,2022,EXIOBASE v3.8.2 IOT_2022_ixi with Danish sea-transport reallocation (Rørmose Jensen & Iliev 2022) and capital endogenised (Södersten et al. 2018)
RoW Middle East,RoW Middle East,Middle East,Metal Products,material_extraction,kt,0.21499146436617747,2022,EXIOBASE v3.8.2 IOT_2022_ixi with Danish sea-transport reallocation (Rørmose Jensen & Iliev 2022) and capital endogenised (Södersten et al. 2018)
PRT,Portugal,Europe,Food and catering,waste_generation,kt,0.2142285200783493,2022,EXIOBASE v3.8.2 IOT_2022_ixi with Danish sea-transport reallocation (Rørmose Jensen & Iliev 2022) and capital endogenised (Södersten et al. 2018)
RoW Asia and Pacific,RoW Asia and Pacific,Asia and Pacific,Metal Products,waste_generation,kt,0.21409524569252125,2022,EXIOBASE v3.8.2 IOT_2022_ixi with Danish sea-transport reallocation (Rørmose Jensen & Iliev 2022) and capital endogenised (Södersten et al. 2018)
MEX,Mexico,America,Transport Equipment,climate_change,kt CO2eq,0.2139494612603624,2022,EXIOBASE v3.8.2 IOT_2022_ixi with Danish sea-transport reallocation (Rørmose Jensen & Iliev 2022) and capital endogenised (Södersten et al. 2018)
TUR,Turkey,Middle East,Construction,climate_change,kt CO2eq,0.2137945119412642,2022,EXIOBASE v3.8.2 IOT_2022_ixi with Danish sea-transport reallocation (Rørmose Jensen & Iliev 2022) and capital endogenised (Södersten et al. 2018)
RoW Africa,RoW Africa,Africa,Natural gas and gaseous fuels,material_extraction,kt,0.21360704532073668,2022,EXIOBASE v3.8.2 IOT_2022_ixi with Danish sea-transport reallocation (Rørmose Jensen & Iliev 2022) and capital endogenised (Södersten et al. 2018)
SVN,Slovenia,Europe,Food and catering,climate_change,kt CO2eq,0.2125587981722567,2022,EXIOBASE v3.8.2 IOT_2022_ixi with Danish sea-transport reallocation (Rørmose Jensen & Iliev 2022) and capital endogenised (Södersten et al. 2018)
IRL,Ireland,Europe,General and special Machinery,climate_change,kt CO2eq,0.21047394346853573,2022,EXIOBASE v3.8.2 IOT_2022_ixi with Danish sea-transport reallocation (Rørmose Jensen & Iliev 2022) and capital endogenised (Södersten et al. 2018)
IDN,Indonesia,Asia and Pacific,Textile,climate_change,kt CO2eq,0.21018637854118744,2022,EXIOBASE v3.8.2 IOT_2022_ixi with Danish sea-transport reallocation (Rørmose Jensen & Iliev 2022) and capital endogenised (Södersten et al. 2018)
CAN,Canada,America,Paper Products,climate_change,kt CO2eq,0.2093687450200855,2022,EXIOBASE v3.8.2 IOT_2022_ixi with Danish sea-transport reallocation (Rørmose Jensen & Iliev 2022) and capital endogenised (Södersten et al. 2018)
FIN,Finland,Europe,Furniture and timber,land_use,km2,0.2088058376201202,2022,EXIOBASE v3.8.2 IOT_2022_ixi with Danish sea-transport reallocation (Rørmose Jensen & Iliev 2022) and capital endogenised (Södersten et al. 2018)
IDN,Indonesia,Asia and Pacific,"Steam, hot water supply and water distribution",climate_change,kt CO2eq,0.2082801067888212,2022,EXIOBASE v3.8.2 IOT_2022_ixi with Danish sea-transport reallocation (Rørmose Jensen & Iliev 2022) and capital endogenised (Södersten et al. 2018)
LVA,Latvia,Europe,Furniture and timber,climate_change,kt CO2eq,0.20667151496454234,2022,EXIOBASE v3.8.2 IOT_2022_ixi with Danish sea-transport reallocation (Rørmose Jensen & Iliev 2022) and capital endogenised (Södersten et al. 2018)
POL,Poland,Europe,Non-metallic mineral products,waste_generation,kt,0.2056587407503574,2022,EXIOBASE v3.8.2 IOT_2022_ixi with Danish sea-transport reallocation (Rørmose Jensen & Iliev 2022) and capital endogenised (Södersten et al. 2018)
KOR,South Korea,Asia and Pacific,Electricity,waste_generation,kt,0.20413765018567512,2022,EXIOBASE v3.8.2 IOT_2022_ixi with Danish sea-transport reallocation (Rørmose Jensen & Iliev 2022) and capital endogenised (Södersten et al. 2018)
ROU,Romania,Europe,Food and catering,blue_water_consumption,Mm3,0.20398349150997974,2022,EXIOBASE v3.8.2 IOT_2022_ixi with Danish sea-transport reallocation (Rørmose Jensen & Iliev 2022) and capital endogenised (Södersten et al. 2018)
RoW America,RoW America,America,Furniture and timber,climate_change,kt CO2eq,0.20352117221593397,2022,EXIOBASE v3.8.2 IOT_2022_ixi with Danish sea-transport reallocation (Rørmose Jensen & Iliev 2022) and capital endogenised (Södersten et al. 2018)
BRA,Brazil,America,Furniture and timber,climate_change,kt CO2eq,0.20274331197691603,2022,EXIOBASE v3.8.2 IOT_2022_ixi with Danish sea-transport reallocation (Rørmose Jensen & Iliev 2022) and capital endogenised (Södersten et al. 2018)
RoW America,RoW America,America,Natural gas and gaseous fuels,material_extraction,kt,0.2025510954328035,2022,EXIOBASE v3.8.2 IOT_2022_ixi with Danish sea-transport reallocation (Rørmose Jensen & Iliev 2022) and capital endogenised (Södersten et al. 2018)
MEX,Mexico,America,Minerals and Metals,climate_change,kt CO2eq,0.20217079475040833,2022,EXIOBASE v3.8.2 IOT_2022_ixi with Danish sea-transport reallocation (Rørmose Jensen & Iliev 2022) and capital endogenised (Södersten et al. 2018)
BEL,Belgium,Europe,Construction,climate_change,kt CO2eq,0.20203931752906734,2022,EXIOBASE v3.8.2 IOT_2022_ixi with Danish sea-transport reallocation (Rørmose Jensen & Iliev 2022) and capital endogenised (Södersten et al. 2018)
DNK,Denmark,Denmark,Coal and Petroleum,waste_generation,kt,0.20184225403822292,2022,EXIOBASE v3.8.2 IOT_2022_ixi with Danish sea-transport reallocation (Rørmose Jensen & Iliev 2022) and capital endogenised (Södersten et al. 2018)
POL,Poland,Europe,"Steam, hot water supply and water distribution",waste_generation,kt,0.20180739686431517,2022,EXIOBASE v3.8.2 IOT_2022_ixi with Danish sea-transport reallocation (Rørmose Jensen & Iliev 2022) and capital endogenised (Södersten et al. 2018)
TUR,Turkey,Middle East,Natural gas and gaseous fuels,climate_change,kt CO2eq,0.20103490604001126,2022,EXIOBASE v3.8.2 IOT_2022_ixi with Danish sea-transport reallocation (Rørmose Jensen & Iliev 2022) and capital endogenised (Södersten et al. 2018)
PRT,Portugal,Europe,Paper Products,climate_change,kt CO2eq,0.2004153615591321,2022,EXIOBASE v3.8.2 IOT_2022_ixi with Danish sea-transport reallocation (Rørmose Jensen & Iliev 2022) and capital endogenised (Södersten et al. 2018)
SVK,Slovakia,Europe,Transport,material_extraction,kt,0.20035814493607182,2022,EXIOBASE v3.8.2 IOT_2022_ixi with Danish sea-transport reallocation (Rørmose Jensen & Iliev 2022) and capital endogenised (Södersten et al. 2018)
GRC,Greece,Europe,Chemical,climate_change,kt CO2eq,0.19977454249698107,2022,EXIOBASE v3.8.2 IOT_2022_ixi with Danish sea-transport reallocation (Rørmose Jensen & Iliev 2022) and capital endogenised (Södersten et al. 2018)
MLT,Malta,Europe,Metal Products,climate_change,kt CO2eq,0.19951554125020032,2022,EXIOBASE v3.8.2 IOT_2022_ixi with Danish sea-transport reallocation (Rørmose Jensen & Iliev 2022) and capital endogenised (Södersten et al. 2018)
RUS,Russia,Europe,Paper Products,climate_change,kt CO2eq,0.19888920603694016,2022,EXIOBASE v3.8.2 IOT_2022_ixi with Danish sea-transport reallocation (Rørmose Jensen & Iliev 2022) and capital endogenised (Södersten et al. 2018)
RoW Asia and Pacific,RoW Asia and Pacific,Asia and Pacific,Textile,blue_water_consumption,Mm3,0.1988569797323046,2022,EXIOBASE v3.8.2 IOT_2022_ixi with Danish sea-transport reallocation (Rørmose Jensen & Iliev 2022) and capital endogenised (Södersten et al. 2018)
TUR,Turkey,Middle East,Textile,land_use,km2,0.19845533521967954,2022,EXIOBASE v3.8.2 IOT_2022_ixi with Danish sea-transport reallocation (Rørmose Jensen & Iliev 2022) and capital endogenised (Södersten et al. 2018)
RUS,Russia,Europe,"Steam, hot water supply and water distribution",waste_generation,kt,0.19837323327589035,2022,EXIOBASE v3.8.2 IOT_2022_ixi with Danish sea-transport reallocation (Rørmose Jensen & Iliev 2022) and capital endogenised (Södersten et al. 2018)
RoW Europe,RoW Europe,Europe,Furniture and timber,material_extraction,kt,0.19748285429258133,2022,EXIOBASE v3.8.2 IOT_2022_ixi with Danish sea-transport reallocation (Rørmose Jensen & Iliev 2022) and capital endogenised (Södersten et al. 2018)
DEU,Germany,Europe,Food and catering,blue_water_consumption,Mm3,0.1970970827391365,2022,EXIOBASE v3.8.2 IOT_2022_ixi with Danish sea-transport reallocation (Rørmose Jensen & Iliev 2022) and capital endogenised (Södersten et al. 2018)
CHN,China,Asia and Pacific,Textile,waste_generation,kt,0.19632109084933458,2022,EXIOBASE v3.8.2 IOT_2022_ixi with Danish sea-transport reallocation (Rørmose Jensen & Iliev 2022) and capital endogenised (Södersten et al. 2018)
AUT,Austria,Europe,Metal Products,waste_generation,kt,0.19616924166779454,2022,EXIOBASE v3.8.2 IOT_2022_ixi with Danish sea-transport reallocation (Rørmose Jensen & Iliev 2022) and capital endogenised (Södersten et al. 2018)
HUN,Hungary,Europe,"Electrical, electronic and measuring equipment",climate_change,kt CO2eq,0.19576240315567728,2022,EXIOBASE v3.8.2 IOT_2022_ixi with Danish sea-transport reallocation (Rørmose Jensen & Iliev 2022) and capital endogenised (Södersten et al. 2018)
NOR,Norway,Europe,Transport Equipment,climate_change,kt CO2eq,0.1955381782350262,2022,EXIOBASE v3.8.2 IOT_2022_ixi with Danish sea-transport reallocation (Rørmose Jensen & Iliev 2022) and capital endogenised (Södersten et al. 2018)
IND,India,Asia and Pacific,Non-metallic mineral products,material_extraction,kt,0.19537725293350433,2022,EXIOBASE v3.8.2 IOT_2022_ixi with Danish sea-transport reallocation (Rørmose Jensen & Iliev 2022) and capital endogenised (Södersten et al. 2018)
LTU,Lithuania,Europe,Natural gas and gaseous fuels,climate_change,kt CO2eq,0.1952921015582771,2022,EXIOBASE v3.8.2 IOT_2022_ixi with Danish sea-transport reallocation (Rørmose Jensen & Iliev 2022) and capital endogenised (Södersten et al. 2018)
FIN,Finland,Europe,Food and catering,waste_generation,kt,0.19501903837244594,2022,EXIOBASE v3.8.2 IOT_2022_ixi with Danish sea-transport reallocation (Rørmose Jensen & Iliev 2022) and capital endogenised (Södersten et al. 2018)
LUX,Luxembourg,Europe,Services,climate_change,kt CO2eq,0.19488851764617177,2022,EXIOBASE v3.8.2 IOT_2022_ixi with Danish sea-transport reallocation (Rørmose Jensen & Iliev 2022) and capital endogenised (Södersten et al. 2018)
RUS,Russia,Europe,Metal Products,land_use,km2,0.19411015107078405,2022,EXIOBASE v3.8.2 IOT_2022_ixi with Danish sea-transport reallocation (Rørmose Jensen & Iliev 2022) and capital endogenised (Södersten et al. 2018)
JPN,Japan,Asia and Pacific,"Electrical, electronic and measuring equipment",climate_change,kt CO2eq,0.19377891280430853,2022,EXIOBASE v3.8.2 IOT_2022_ixi with Danish sea-transport reallocation (Rørmose Jensen & Iliev 2022) and capital endogenised (Södersten et al. 2018)
HUN,Hungary,Europe,Natural gas and gaseous fuels,climate_change,kt CO2eq,0.19356307559447797,2022,EXIOBASE v3.8.2 IOT_2022_ixi with Danish sea-transport reallocation (Rørmose Jensen & Iliev 2022) and capital endogenised (Södersten et al. 2018)
FRA,France,Europe,Construction,climate_change,kt CO2eq,0.193342913667033,2022,EXIOBASE v3.8.2 IOT_2022_ixi with Danish sea-transport reallocation (Rørmose Jensen & Iliev 2022) and capital endogenised (Södersten et al. 2018)
HUN,Hungary,Europe,Chemical,waste_generation,kt,0.19288522821412538,2022,EXIOBASE v3.8.2 IOT_2022_ixi with Danish sea-transport reallocation (Rørmose Jensen & Iliev 2022) and capital endogenised (Södersten et al. 2018)
HUN,Hungary,Europe,Services,land_use,km2,0.19282739764910786,2022,EXIOBASE v3.8.2 IOT_2022_ixi with Danish sea-transport reallocation (Rørmose Jensen & Iliev 2022) and capital endogenised (Södersten et al. 2018)
RUS,Russia,Europe,Minerals and Metals,land_use,km2,0.19276399324953225,2022,EXIOBASE v3.8.2 IOT_2022_ixi with Danish sea-transport reallocation (Rørmose Jensen & Iliev 2022) and capital endogenised (Södersten et al. 2018)
BEL,Belgium,Europe,Textile,climate_change,kt CO2eq,0.19266424738884974,2022,EXIOBASE v3.8.2 IOT_2022_ixi with Danish sea-transport reallocation (Rørmose Jensen & Iliev 2022) and capital endogenised (Södersten et al. 2018)
GLO,Unallocated,Unallocated,Private travel,blue_water_consumption,Mm3,0.19237580184708641,2022,EXIOBASE v3.8.2 IOT_2022_ixi with Danish sea-transport reallocation (Rørmose Jensen & Iliev 2022) and capital endogenised (Södersten et al. 2018)
BGR,Bulgaria,Europe,Transport,land_use,km2,0.19163090780765496,2022,EXIOBASE v3.8.2 IOT_2022_ixi with Danish sea-transport reallocation (Rørmose Jensen & Iliev 2022) and capital endogenised (Södersten et al. 2018)
AUT,Austria,Europe,Construction,waste_generation,kt,0.19155783027545809,2022,EXIOBASE v3.8.2 IOT_2022_ixi with Danish sea-transport reallocation (Rørmose Jensen & Iliev 2022) and capital endogenised (Södersten et al. 2018)
TUR,Turkey,Middle East,Paper Products,climate_change,kt CO2eq,0.1911643921834587,2022,EXIOBASE v3.8.2 IOT_2022_ixi with Danish sea-transport reallocation (Rørmose Jensen & Iliev 2022) and capital endogenised (Södersten et al. 2018)
CHN,China,Asia and Pacific,General and special Machinery,waste_generation,kt,0.19095769496317994,2022,EXIOBASE v3.8.2 IOT_2022_ixi with Danish sea-transport reallocation (Rørmose Jensen & Iliev 2022) and capital endogenised (Södersten et al. 2018)
RoW America,RoW America,America,Construction,material_extraction,kt,0.1909249868170649,2022,EXIOBASE v3.8.2 IOT_2022_ixi with Danish sea-transport reallocation (Rørmose Jensen & Iliev 2022) and capital endogenised (Södersten et al. 2018)
RoW America,RoW America,America,Food and catering,material_extraction,kt,0.190661840517188,2022,EXIOBASE v3.8.2 IOT_2022_ixi with Danish sea-transport reallocation (Rørmose Jensen & Iliev 2022) and capital endogenised (Södersten et al. 2018)
NLD,Netherlands,Europe,Food and catering,blue_water_consumption,Mm3,0.19056417571863746,2022,EXIOBASE v3.8.2 IOT_2022_ixi with Danish sea-transport reallocation (Rørmose Jensen & Iliev 2022) and capital endogenised (Södersten et al. 2018)
RoW America,RoW America,America,Paper Products,climate_change,kt CO2eq,0.19039685643576548,2022,EXIOBASE v3.8.2 IOT_2022_ixi with Danish sea-transport reallocation (Rørmose Jensen & Iliev 2022) and capital endogenised (Södersten et al. 2018)
LTU,Lithuania,Europe,Chemical,material_extraction,kt,0.1891085669322984,2022,EXIOBASE v3.8.2 IOT_2022_ixi with Danish sea-transport reallocation (Rørmose Jensen & Iliev 2022) and capital endogenised (Södersten et al. 2018)
CZE,Czech Republic,Europe,Chemical,waste_generation,kt,0.18859296755953384,2022,EXIOBASE v3.8.2 IOT_2022_ixi with Danish sea-transport reallocation (Rørmose Jensen & Iliev 2022) and capital endogenised (Södersten et al. 2018)
SVN,Slovenia,Europe,Furniture and timber,land_use,km2,0.18839410879017818,2022,EXIOBASE v3.8.2 IOT_2022_ixi with Danish sea-transport reallocation (Rørmose Jensen & Iliev 2022) and capital endogenised (Södersten et al. 2018)
FRA,France,Europe,Furniture and timber,climate_change,kt CO2eq,0.18818976855888891,2022,EXIOBASE v3.8.2 IOT_2022_ixi with Danish sea-transport reallocation (Rørmose Jensen & Iliev 2022) and capital endogenised (Södersten et al. 2018)
DNK,Denmark,Denmark,General and special Machinery,waste_generation,kt,0.18736816204552384,2022,EXIOBASE v3.8.2 IOT_2022_ixi with Danish sea-transport reallocation (Rørmose Jensen & Iliev 2022) and capital endogenised (Södersten et al. 2018)
USA,United States,America,Metal Products,waste_generation,kt,0.18696633392054784,2022,EXIOBASE v3.8.2 IOT_2022_ixi with Danish sea-transport reallocation (Rørmose Jensen & Iliev 2022) and capital endogenised (Södersten et al. 2018)
CHN,China,Asia and Pacific,Furniture and timber,waste_generation,kt,0.18649107971074141,2022,EXIOBASE v3.8.2 IOT_2022_ixi with Danish sea-transport reallocation (Rørmose Jensen & Iliev 2022) and capital endogenised (Södersten et al. 2018)
CZE,Czech Republic,Europe,Paper Products,climate_change,kt CO2eq,0.18640312109854226,2022,EXIOBASE v3.8.2 IOT_2022_ixi with Danish sea-transport reallocation (Rørmose Jensen & Iliev 2022) and capital endogenised (Södersten et al. 2018)
ZAF,South Africa,Africa,Textile,climate_change,kt CO2eq,0.18598365526556673,2022,EXIOBASE v3.8.2 IOT_2022_ixi with Danish sea-transport reallocation (Rørmose Jensen & Iliev 2022) and capital endogenised (Södersten et al. 2018)
CHE,Switzerland,Europe,Services,land_use,km2,0.18382745232510175,2022,EXIOBASE v3.8.2 IOT_2022_ixi with Danish sea-transport reallocation (Rørmose Jensen & Iliev 2022) and capital endogenised (Södersten et al. 2018)
RoW Europe,RoW Europe,Europe,Minerals and Metals,land_use,km2,0.1830650484465029,2022,EXIOBASE v3.8.2 IOT_2022_ixi with Danish sea-transport reallocation (Rørmose Jensen & Iliev 2022) and capital endogenised (Södersten et al. 2018)
NLD,Netherlands,Europe,Electricity,waste_generation,kt,0.1828220831131217,2022,EXIOBASE v3.8.2 IOT_2022_ixi with Danish sea-transport reallocation (Rørmose Jensen & Iliev 2022) and capital endogenised (Södersten et al. 2018)
RoW Asia and Pacific,RoW Asia and Pacific,Asia and Pacific,Metal Products,blue_water_consumption,Mm3,0.1822892689915459,2022,EXIOBASE v3.8.2 IOT_2022_ixi with Danish sea-transport reallocation (Rørmose Jensen & Iliev 2022) and capital endogenised (Södersten et al. 2018)
SVN,Slovenia,Europe,Metal Products,climate_change,kt CO2eq,0.18141289614913497,2022,EXIOBASE v3.8.2 IOT_2022_ixi with Danish sea-transport reallocation (Rørmose Jensen & Iliev 2022) and capital endogenised (Södersten et al. 2018)
JPN,Japan,Asia and Pacific,General and special Machinery,climate_change,kt CO2eq,0.18025152168563774,2022,EXIOBASE v3.8.2 IOT_2022_ixi with Danish sea-transport reallocation (Rørmose Jensen & Iliev 2022) and capital endogenised (Södersten et al. 2018)
SWE,Sweden,Europe,Services,waste_generation,kt,0.1801611528192444,2022,EXIOBASE v3.8.2 IOT_2022_ixi with Danish sea-transport reallocation (Rørmose Jensen & Iliev 2022) and capital endogenised (Södersten et al. 2018)
BGR,Bulgaria,Europe,Metal Products,climate_change,kt CO2eq,0.1794276952458219,2022,EXIOBASE v3.8.2 IOT_2022_ixi with Danish sea-transport reallocation (Rørmose Jensen & Iliev 2022) and capital endogenised (Södersten et al. 2018)
EST,Estonia,Europe,Electricity,waste_generation,kt,0.1793964567569508,2022,EXIOBASE v3.8.2 IOT_2022_ixi with Danish sea-transport reallocation (Rørmose Jensen & Iliev 2022) and capital endogenised (Södersten et al. 2018)
LTU,Lithuania,Europe,Coal and Petroleum,waste_generation,kt,0.1786402815400061,2022,EXIOBASE v3.8.2 IOT_2022_ixi with Danish sea-transport reallocation (Rørmose Jensen & Iliev 2022) and capital endogenised (Södersten et al. 2018)
FIN,Finland,Europe,Services,climate_change,kt CO2eq,0.17760162919218614,2022,EXIOBASE v3.8.2 IOT_2022_ixi with Danish sea-transport reallocation (Rørmose Jensen & Iliev 2022) and capital endogenised (Södersten et al. 2018)
RoW Asia and Pacific,RoW Asia and Pacific,Asia and Pacific,Paper Products,land_use,km2,0.17729032267567407,2022,EXIOBASE v3.8.2 IOT_2022_ixi with Danish sea-transport reallocation (Rørmose Jensen & Iliev 2022) and capital endogenised (Södersten et al. 2018)
PRT,Portugal,Europe,Chemical,climate_change,kt CO2eq,0.17621759269153944,2022,EXIOBASE v3.8.2 IOT_2022_ixi with Danish sea-transport reallocation (Rørmose Jensen & Iliev 2022) and capital endogenised (Södersten et al. 2018)
ESP,Spain,Europe,"Electrical, electronic and measuring equipment",climate_change,kt CO2eq,0.17538119472062758,2022,EXIOBASE v3.8.2 IOT_2022_ixi with Danish sea-transport reallocation (Rørmose Jensen & Iliev 2022) and capital endogenised (Södersten et al. 2018)
CHE,Switzerland,Europe,Coal and Petroleum,climate_change,kt CO2eq,0.17501034610981686,2022,EXIOBASE v3.8.2 IOT_2022_ixi with Danish sea-transport reallocation (Rørmose Jensen & Iliev 2022) and capital endogenised (Södersten et al. 2018)
IDN,Indonesia,Asia and Pacific,Chemical,waste_generation,kt,0.1748902853526844,2022,EXIOBASE v3.8.2 IOT_2022_ixi with Danish sea-transport reallocation (Rørmose Jensen & Iliev 2022) and capital endogenised (Södersten et al. 2018)
RoW Middle East,RoW Middle East,Middle East,Textile,land_use,km2,0.1745604341328541,2022,EXIOBASE v3.8.2 IOT_2022_ixi with Danish sea-transport reallocation (Rørmose Jensen & Iliev 2022) and capital endogenised (Södersten et al. 2018)
LVA,Latvia,Europe,Waste management and disposal,material_extraction,kt,0.17388543791494052,2022,EXIOBASE v3.8.2 IOT_2022_ixi with Danish sea-transport reallocation (Rørmose Jensen & Iliev 2022) and capital endogenised (Södersten et al. 2018)
POL,Poland,Europe,Furniture and timber,waste_generation,kt,0.173698021814109,2022,EXIOBASE v3.8.2 IOT_2022_ixi with Danish sea-transport reallocation (Rørmose Jensen & Iliev 2022) and capital endogenised (Södersten et al. 2018)
TWN,Taiwan,Asia and Pacific,Paper Products,climate_change,kt CO2eq,0.1734285788217654,2022,EXIOBASE v3.8.2 IOT_2022_ixi with Danish sea-transport reallocation (Rørmose Jensen & Iliev 2022) and capital endogenised (Södersten et al. 2018)
RoW Middle East,RoW Middle East,Middle East,Non-metallic mineral products,material_extraction,kt,0.17314096796573203,2022,EXIOBASE v3.8.2 IOT_2022_ixi with Danish sea-transport reallocation (Rørmose Jensen & Iliev 2022) and capital endogenised (Södersten et al. 2018)
HRV,Croatia,Europe,Services,climate_change,kt CO2eq,0.1720080871041873,2022,EXIOBASE v3.8.2 IOT_2022_ixi with Danish sea-transport reallocation (Rørmose Jensen & Iliev 2022) and capital endogenised (Södersten et al. 2018)
LVA,Latvia,Europe,Minerals and Metals,climate_change,kt CO2eq,0.17098318070115293,2022,EXIOBASE v3.8.2 IOT_2022_ixi with Danish sea-transport reallocation (Rørmose Jensen & Iliev 2022) and capital endogenised (Södersten et al. 2018)
BEL,Belgium,Europe,Furniture and timber,climate_change,kt CO2eq,0.17098001453722644,2022,EXIOBASE v3.8.2 IOT_2022_ixi with Danish sea-transport reallocation (Rørmose Jensen & Iliev 2022) and capital endogenised (Södersten et al. 2018)
DEU,Germany,Europe,Textile,climate_change,kt CO2eq,0.17087951741358615,2022,EXIOBASE v3.8.2 IOT_2022_ixi with Danish sea-transport reallocation (Rørmose Jensen & Iliev 2022) and capital endogenised (Södersten et al. 2018)
TUR,Turkey,Middle East,Paper Products,waste_generation,kt,0.17023078870583433,2022,EXIOBASE v3.8.2 IOT_2022_ixi with Danish sea-transport reallocation (Rørmose Jensen & Iliev 2022) and capital endogenised (Södersten et al. 2018)
TUR,Turkey,Middle East,Metal Products,waste_generation,kt,0.1701664503053467,2022,EXIOBASE v3.8.2 IOT_2022_ixi with Danish sea-transport reallocation (Rørmose Jensen & Iliev 2022) and capital endogenised (Södersten et al. 2018)
SVK,Slovakia,Europe,Furniture and timber,climate_change,kt CO2eq,0.1693438838512039,2022,EXIOBASE v3.8.2 IOT_2022_ixi with Danish sea-transport reallocation (Rørmose Jensen & Iliev 2022) and capital endogenised (Södersten et al. 2018)
BGR,Bulgaria,Europe,Minerals and Metals,climate_change,kt CO2eq,0.1691916631374825,2022,EXIOBASE v3.8.2 IOT_2022_ixi with Danish sea-transport reallocation (Rørmose Jensen & Iliev 2022) and capital endogenised (Södersten et al. 2018)
MEX,Mexico,America,Chemical,waste_generation,kt,0.16884383200872707,2022,EXIOBASE v3.8.2 IOT_2022_ixi with Danish sea-transport reallocation (Rørmose Jensen & Iliev 2022) and capital endogenised (Södersten et al. 2018)
FIN,Finland,Europe,Waste management and disposal,waste_generation,kt,0.16831796865578422,2022,EXIOBASE v3.8.2 IOT_2022_ixi with Danish sea-transport reallocation (Rørmose Jensen & Iliev 2022) and capital endogenised (Södersten et al. 2018)
SVN,Slovenia,Europe,Services,climate_change,kt CO2eq,0.16723036862297722,2022,EXIOBASE v3.8.2 IOT_2022_ixi with Danish sea-transport reallocation (Rørmose Jensen & Iliev 2022) and capital endogenised (Södersten et al. 2018)
LUX,Luxembourg,Europe,Metal Products,waste_generation,kt,0.16595510911571515,2022,EXIOBASE v3.8.2 IOT_2022_ixi with Danish sea-transport reallocation (Rørmose Jensen & Iliev 2022) and capital endogenised (Södersten et al. 2018)
RoW Africa,RoW Africa,Africa,Transport Equipment,waste_generation,kt,0.1657639681834027,2022,EXIOBASE v3.8.2 IOT_2022_ixi with Danish sea-transport reallocation (Rørmose Jensen & Iliev 2022) and capital endogenised (Södersten et al. 2018)
RoW America,RoW America,America,Chemical,material_extraction,kt,0.16411436064662213,2022,EXIOBASE v3.8.2 IOT_2022_ixi with Danish sea-transport reallocation (Rørmose Jensen & Iliev 2022) and capital endogenised (Södersten et al. 2018)
BEL,Belgium,Europe,Electricity,waste_generation,kt,0.16383369997192215,2022,EXIOBASE v3.8.2 IOT_2022_ixi with Danish sea-transport reallocation (Rørmose Jensen & Iliev 2022) and capital endogenised (Södersten et al. 2018)
RoW Europe,RoW Europe,Europe,General and special Machinery,material_extraction,kt,0.16369843251575553,2022,EXIOBASE v3.8.2 IOT_2022_ixi with Danish sea-transport reallocation (Rørmose Jensen & Iliev 2022) and capital endogenised (Södersten et al. 2018)
RUS,Russia,Europe,Chemical,waste_generation,kt,0.16299542381243365,2022,EXIOBASE v3.8.2 IOT_2022_ixi with Danish sea-transport reallocation (Rørmose Jensen & Iliev 2022) and capital endogenised (Södersten et al. 2018)
BRA,Brazil,America,Metal Products,waste_generation,kt,0.1609620802851916,2022,EXIOBASE v3.8.2 IOT_2022_ixi with Danish sea-transport reallocation (Rørmose Jensen & Iliev 2022) and capital endogenised (Södersten et al. 2018)
FIN,Finland,Europe,Services,waste_generation,kt,0.1608766872067262,2022,EXIOBASE v3.8.2 IOT_2022_ixi with Danish sea-transport reallocation (Rørmose Jensen & Iliev 2022) and capital endogenised (Södersten et al. 2018)
JPN,Japan,Asia and Pacific,Electricity,waste_generation,kt,0.16069871263830005,2022,EXIOBASE v3.8.2 IOT_2022_ixi with Danish sea-transport reallocation (Rørmose Jensen & Iliev 2022) and capital endogenised (Södersten et al. 2018)
RUS,Russia,Europe,Transport Equipment,climate_change,kt CO2eq,0.1602491171312845,2022,EXIOBASE v3.8.2 IOT_2022_ixi with Danish sea-transport reallocation (Rørmose Jensen & Iliev 2022) and capital endogenised (Södersten et al. 2018)
RoW America,RoW America,America,Furniture and timber,material_extraction,kt,0.1596818138951558,2022,EXIOBASE v3.8.2 IOT_2022_ixi with Danish sea-transport reallocation (Rørmose Jensen & Iliev 2022) and capital endogenised (Södersten et al. 2018)
AUS,Australia,Asia and Pacific,"Electrical, electronic and measuring equipment",climate_change,kt CO2eq,0.15956468052404416,2022,EXIOBASE v3.8.2 IOT_2022_ixi with Danish sea-transport reallocation (Rørmose Jensen & Iliev 2022) and capital endogenised (Södersten et al. 2018)
LTU,Lithuania,Europe,Furniture and timber,climate_change,kt CO2eq,0.15940633905499282,2022,EXIOBASE v3.8.2 IOT_2022_ixi with Danish sea-transport reallocation (Rørmose Jensen & Iliev 2022) and capital endogenised (Södersten et al. 2018)
POL,Poland,Europe,Chemical,blue_water_consumption,Mm3,0.15870214691600473,2022,EXIOBASE v3.8.2 IOT_2022_ixi with Danish sea-transport reallocation (Rørmose Jensen & Iliev 2022) and capital endogenised (Södersten et al. 2018)
AUT,Austria,Europe,Waste management and disposal,waste_generation,kt,0.1580765585590123,2022,EXIOBASE v3.8.2 IOT_2022_ixi with Danish sea-transport reallocation (Rørmose Jensen & Iliev 2022) and capital endogenised (Södersten et al. 2018)
DEU,Germany,Europe,Electricity,blue_water_consumption,Mm3,0.1580529380806811,2022,EXIOBASE v3.8.2 IOT_2022_ixi with Danish sea-transport reallocation (Rørmose Jensen & Iliev 2022) and capital endogenised (Södersten et al. 2018)
BRA,Brazil,America,Paper Products,waste_generation,kt,0.1567793831968958,2022,EXIOBASE v3.8.2 IOT_2022_ixi with Danish sea-transport reallocation (Rørmose Jensen & Iliev 2022) and capital endogenised (Södersten et al. 2018)
IDN,Indonesia,Asia and Pacific,Natural gas and gaseous fuels,climate_change,kt CO2eq,0.1564765075587951,2022,EXIOBASE v3.8.2 IOT_2022_ixi with Danish sea-transport reallocation (Rørmose Jensen & Iliev 2022) and capital endogenised (Södersten et al. 2018)
BRA,Brazil,America,Food and catering,material_extraction,kt,0.1559387269686034,2022,EXIOBASE v3.8.2 IOT_2022_ixi with Danish sea-transport reallocation (Rørmose Jensen & Iliev 2022) and capital endogenised (Södersten et al. 2018)
HRV,Croatia,Europe,Metal Products,climate_change,kt CO2eq,0.15585454706880172,2022,EXIOBASE v3.8.2 IOT_2022_ixi with Danish sea-transport reallocation (Rørmose Jensen & Iliev 2022) and capital endogenised (Södersten et al. 2018)
BEL,Belgium,Europe,Services,blue_water_consumption,Mm3,0.15558792986721792,2022,EXIOBASE v3.8.2 IOT_2022_ixi with Danish sea-transport reallocation (Rørmose Jensen & Iliev 2022) and capital endogenised (Södersten et al. 2018)
GBR,United Kingdom,Europe,Coal and Petroleum,waste_generation,kt,0.1554715634416496,2022,EXIOBASE v3.8.2 IOT_2022_ixi with Danish sea-transport reallocation (Rørmose Jensen & Iliev 2022) and capital endogenised (Södersten et al. 2018)
ROU,Romania,Europe,Minerals and Metals,climate_change,kt CO2eq,0.1553904999620963,2022,EXIOBASE v3.8.2 IOT_2022_ixi with Danish sea-transport reallocation (Rørmose Jensen & Iliev 2022) and capital endogenised (Södersten et al. 2018)
CAN,Canada,America,Chemical,material_extraction,kt,0.1552959458402192,2022,EXIOBASE v3.8.2 IOT_2022_ixi with Danish sea-transport reallocation (Rørmose Jensen & Iliev 2022) and capital endogenised (Södersten et al. 2018)
LVA,Latvia,Europe,Coal and Petroleum,climate_change,kt CO2eq,0.1548800962806402,2022,EXIOBASE v3.8.2 IOT_2022_ixi with Danish sea-transport reallocation (Rørmose Jensen & Iliev 2022) and capital endogenised (Södersten et al. 2018)
KOR,South Korea,Asia and Pacific,Coal and Petroleum,waste_generation,kt,0.15459771030048425,2022,EXIOBASE v3.8.2 IOT_2022_ixi with Danish sea-transport reallocation (Rørmose Jensen & Iliev 2022) and capital endogenised (Södersten et al. 2018)
CAN,Canada,America,Electricity,land_use,km2,0.15390974029848636,2022,EXIOBASE v3.8.2 IOT_2022_ixi with Danish sea-transport reallocation (Rørmose Jensen & Iliev 2022) and capital endogenised (Södersten et al. 2018)
FRA,France,Europe,General and special Machinery,climate_change,kt CO2eq,0.1538724631714984,2022,EXIOBASE v3.8.2 IOT_2022_ixi with Danish sea-transport reallocation (Rørmose Jensen & Iliev 2022) and capital endogenised (Södersten et al. 2018)
AUT,Austria,Europe,Services,material_extraction,kt,0.15383308760861725,2022,EXIOBASE v3.8.2 IOT_2022_ixi with Danish sea-transport reallocation (Rørmose Jensen & Iliev 2022) and capital endogenised (Södersten et al. 2018)
CZE,Czech Republic,Europe,Metal Products,material_extraction,kt,0.15346570240486007,2022,EXIOBASE v3.8.2 IOT_2022_ixi with Danish sea-transport reallocation (Rørmose Jensen & Iliev 2022) and capital endogenised (Södersten et al. 2018)
DEU,Germany,Europe,Services,waste_generation,kt,0.15337179653723365,2022,EXIOBASE v3.8.2 IOT_2022_ixi with Danish sea-transport reallocation (Rørmose Jensen & Iliev 2022) and capital endogenised (Södersten et al. 2018)
FIN,Finland,Europe,Electricity,waste_generation,kt,0.15214927654795907,2022,EXIOBASE v3.8.2 IOT_2022_ixi with Danish sea-transport reallocation (Rørmose Jensen & Iliev 2022) and capital endogenised (Södersten et al. 2018)
CHE,Switzerland,Europe,Food and catering,waste_generation,kt,0.1512861597765857,2022,EXIOBASE v3.8.2 IOT_2022_ixi with Danish sea-transport reallocation (Rørmose Jensen & Iliev 2022) and capital endogenised (Södersten et al. 2018)
CZE,Czech Republic,Europe,Coal and Petroleum,waste_generation,kt,0.15097139872004822,2022,EXIOBASE v3.8.2 IOT_2022_ixi with Danish sea-transport reallocation (Rørmose Jensen & Iliev 2022) and capital endogenised (Södersten et al. 2018)
ESP,Spain,Europe,Electricity,waste_generation,kt,0.15076871084239254,2022,EXIOBASE v3.8.2 IOT_2022_ixi with Danish sea-transport reallocation (Rørmose Jensen & Iliev 2022) and capital endogenised (Södersten et al. 2018)
GRC,Greece,Europe,Services,climate_change,kt CO2eq,0.15054932316009298,2022,EXIOBASE v3.8.2 IOT_2022_ixi with Danish sea-transport reallocation (Rørmose Jensen & Iliev 2022) and capital endogenised (Södersten et al. 2018)
MLT,Malta,Europe,Transport,climate_change,kt CO2eq,0.15043015914003444,2022,EXIOBASE v3.8.2 IOT_2022_ixi with Danish sea-transport reallocation (Rørmose Jensen & Iliev 2022) and capital endogenised (Södersten et al. 2018)
JPN,Japan,Asia and Pacific,Food and catering,climate_change,kt CO2eq,0.14980845696145045,2022,EXIOBASE v3.8.2 IOT_2022_ixi with Danish sea-transport reallocation (Rørmose Jensen & Iliev 2022) and capital endogenised (Södersten et al. 2018)
RoW Middle East,RoW Middle East,Middle East,Paper Products,climate_change,kt CO2eq,0.14949677760803046,2022,EXIOBASE v3.8.2 IOT_2022_ixi with Danish sea-transport reallocation (Rørmose Jensen & Iliev 2022) and capital endogenised (Södersten et al. 2018)
RUS,Russia,Europe,Electricity,waste_generation,kt,0.14927973467115685,2022,EXIOBASE v3.8.2 IOT_2022_ixi with Danish sea-transport reallocation (Rørmose Jensen & Iliev 2022) and capital endogenised (Södersten et al. 2018)
NLD,Netherlands,Europe,Metal Products,waste_generation,kt,0.14892588953518668,2022,EXIOBASE v3.8.2 IOT_2022_ixi with Danish sea-transport reallocation (Rørmose Jensen & Iliev 2022) and capital endogenised (Södersten et al. 2018)
BRA,Brazil,America,Transport Equipment,material_extraction,kt,0.1487116921151837,2022,EXIOBASE v3.8.2 IOT_2022_ixi with Danish sea-transport reallocation (Rørmose Jensen & Iliev 2022) and capital endogenised (Södersten et al. 2018)
AUT,Austria,Europe,"Electrical, electronic and measuring equipment",climate_change,kt CO2eq,0.14866438498713008,2022,EXIOBASE v3.8.2 IOT_2022_ixi with Danish sea-transport reallocation (Rørmose Jensen & Iliev 2022) and capital endogenised (Södersten et al. 2018)
BGR,Bulgaria,Europe,Food and catering,waste_generation,kt,0.14864576388955109,2022,EXIOBASE v3.8.2 IOT_2022_ixi with Danish sea-transport reallocation (Rørmose Jensen & Iliev 2022) and capital endogenised (Södersten et al. 2018)
MEX,Mexico,America,Textile,land_use,km2,0.14861080970839627,2022,EXIOBASE v3.8.2 IOT_2022_ixi with Danish sea-transport reallocation (Rørmose Jensen & Iliev 2022) and capital endogenised (Södersten et al. 2018)
RoW Europe,RoW Europe,Europe,Construction,climate_change,kt CO2eq,0.1485989002188909,2022,EXIOBASE v3.8.2 IOT_2022_ixi with Danish sea-transport reallocation (Rørmose Jensen & Iliev 2022) and capital endogenised (Södersten et al. 2018)
DEU,Germany,Europe,Non-metallic mineral products,waste_generation,kt,0.14802893266004927,2022,EXIOBASE v3.8.2 IOT_2022_ixi with Danish sea-transport reallocation (Rørmose Jensen & Iliev 2022) and capital endogenised (Södersten et al. 2018)
GBR,United Kingdom,Europe,Services,waste_generation,kt,0.14769429036676873,2022,EXIOBASE v3.8.2 IOT_2022_ixi with Danish sea-transport reallocation (Rørmose Jensen & Iliev 2022) and capital endogenised (Södersten et al. 2018)
TUR,Turkey,Middle East,Non-metallic mineral products,blue_water_consumption,Mm3,0.14703972871494786,2022,EXIOBASE v3.8.2 IOT_2022_ixi with Danish sea-transport reallocation (Rørmose Jensen & Iliev 2022) and capital endogenised (Södersten et al. 2018)
CAN,Canada,America,Non-metallic mineral products,material_extraction,kt,0.14699693344031814,2022,EXIOBASE v3.8.2 IOT_2022_ixi with Danish sea-transport reallocation (Rørmose Jensen & Iliev 2022) and capital endogenised (Södersten et al. 2018)
RUS,Russia,Europe,General and special Machinery,climate_change,kt CO2eq,0.14648047612567772,2022,EXIOBASE v3.8.2 IOT_2022_ixi with Danish sea-transport reallocation (Rørmose Jensen & Iliev 2022) and capital endogenised (Södersten et al. 2018)
IND,India,Asia and Pacific,Paper Products,material_extraction,kt,0.14629654955996374,2022,EXIOBASE v3.8.2 IOT_2022_ixi with Danish sea-transport reallocation (Rørmose Jensen & Iliev 2022) and capital endogenised (Södersten et al. 2018)
ZAF,South Africa,Africa,Food and catering,blue_water_consumption,Mm3,0.14603591727301216,2022,EXIOBASE v3.8.2 IOT_2022_ixi with Danish sea-transport reallocation (Rørmose Jensen & Iliev 2022) and capital endogenised (Södersten et al. 2018)
CHE,Switzerland,Europe,Metal Products,climate_change,kt CO2eq,0.14572496189310527,2022,EXIOBASE v3.8.2 IOT_2022_ixi with Danish sea-transport reallocation (Rørmose Jensen & Iliev 2022) and capital endogenised (Södersten et al. 2018)
IND,India,Asia and Pacific,"Steam, hot water supply and water distribution",climate_change,kt CO2eq,0.144987379798247,2022,EXIOBASE v3.8.2 IOT_2022_ixi with Danish sea-transport reallocation (Rørmose Jensen & Iliev 2022) and capital endogenised (Södersten et al. 2018)
KOR,South Korea,Asia and Pacific,Transport Equipment,climate_change,kt CO2eq,0.14304457273427504,2022,EXIOBASE v3.8.2 IOT_2022_ixi with Danish sea-transport reallocation (Rørmose Jensen & Iliev 2022) and capital endogenised (Södersten et al. 2018)
RoW Asia and Pacific,RoW Asia and Pacific,Asia and Pacific,Paper Products,waste_generation,kt,0.14215855289298632,2022,EXIOBASE v3.8.2 IOT_2022_ixi with Danish sea-transport reallocation (Rørmose Jensen & Iliev 2022) and capital endogenised (Södersten et al. 2018)
MEX,Mexico,America,Food and catering,waste_generation,kt,0.14179352441075993,2022,EXIOBASE v3.8.2 IOT_2022_ixi with Danish sea-transport reallocation (Rørmose Jensen & Iliev 2022) and capital endogenised (Södersten et al. 2018)
FIN,Finland,Europe,Metal Products,waste_generation,kt,0.14152221745087348,2022,EXIOBASE v3.8.2 IOT_2022_ixi with Danish sea-transport reallocation (Rørmose Jensen & Iliev 2022) and capital endogenised (Södersten et al. 2018)
ITA,Italy,Europe,Electricity,waste_generation,kt,0.14123881140025848,2022,EXIOBASE v3.8.2 IOT_2022_ixi with Danish sea-transport reallocation (Rørmose Jensen & Iliev 2022) and capital endogenised (Södersten et al. 2018)
RoW Asia and Pacific,RoW Asia and Pacific,Asia and Pacific,Natural gas and gaseous fuels,material_extraction,kt,0.14110342285946154,2022,EXIOBASE v3.8.2 IOT_2022_ixi with Danish sea-transport reallocation (Rørmose Jensen & Iliev 2022) and capital endogenised (Södersten et al. 2018)
JPN,Japan,Asia and Pacific,Textile,climate_change,kt CO2eq,0.14075095573652438,2022,EXIOBASE v3.8.2 IOT_2022_ixi with Danish sea-transport reallocation (Rørmose Jensen & Iliev 2022) and capital endogenised (Södersten et al. 2018)
CHN,China,Asia and Pacific,Paper Products,blue_water_consumption,Mm3,0.13940879105964654,2022,EXIOBASE v3.8.2 IOT_2022_ixi with Danish sea-transport reallocation (Rørmose Jensen & Iliev 2022) and capital endogenised (Södersten et al. 2018)
CYP,Cyprus,Middle East,Non-metallic mineral products,climate_change,kt CO2eq,0.13921610617608282,2022,EXIOBASE v3.8.2 IOT_2022_ixi with Danish sea-transport reallocation (Rørmose Jensen & Iliev 2022) and capital endogenised (Södersten et al. 2018)
RUS,Russia,Europe,Waste management and disposal,material_extraction,kt,0.13853613580930133,2022,EXIOBASE v3.8.2 IOT_2022_ixi with Danish sea-transport reallocation (Rørmose Jensen & Iliev 2022) and capital endogenised (Södersten et al. 2018)
DEU,Germany,Europe,Coal and Petroleum,waste_generation,kt,0.1385287205833748,2022,EXIOBASE v3.8.2 IOT_2022_ixi with Danish sea-transport reallocation (Rørmose Jensen & Iliev 2022) and capital endogenised (Södersten et al. 2018)
GBR,United Kingdom,Europe,Construction,climate_change,kt CO2eq,0.1374501873566946,2022,EXIOBASE v3.8.2 IOT_2022_ixi with Danish sea-transport reallocation (Rørmose Jensen & Iliev 2022) and capital endogenised (Södersten et al. 2018)
RoW Middle East,RoW Middle East,Middle East,Transport Equipment,climate_change,kt CO2eq,0.13735252036341863,2022,EXIOBASE v3.8.2 IOT_2022_ixi with Danish sea-transport reallocation (Rørmose Jensen & Iliev 2022) and capital endogenised (Södersten et al. 2018)
MLT,Malta,Europe,Transport,waste_generation,kt,0.13681753914860445,2022,EXIOBASE v3.8.2 IOT_2022_ixi with Danish sea-transport reallocation (Rørmose Jensen & Iliev 2022) and capital endogenised (Södersten et al. 2018)
HRV,Croatia,Europe,Services,land_use,km2,0.1366460257325727,2022,EXIOBASE v3.8.2 IOT_2022_ixi with Danish sea-transport reallocation (Rørmose Jensen & Iliev 2022) and capital endogenised (Södersten et al. 2018)
POL,Poland,Europe,Services,waste_generation,kt,0.13621439560838655,2022,EXIOBASE v3.8.2 IOT_2022_ixi with Danish sea-transport reallocation (Rørmose Jensen & Iliev 2022) and capital endogenised (Södersten et al. 2018)
RoW Asia and Pacific,RoW Asia and Pacific,Asia and Pacific,"Steam, hot water supply and water distribution",land_use,km2,0.13584687554615335,2022,EXIOBASE v3.8.2 IOT_2022_ixi with Danish sea-transport reallocation (Rørmose Jensen & Iliev 2022) and capital endogenised (Södersten et al. 2018)
RoW Europe,RoW Europe,Europe,Chemical,land_use,km2,0.1354438068479468,2022,EXIOBASE v3.8.2 IOT_2022_ixi with Danish sea-transport reallocation (Rørmose Jensen & Iliev 2022) and capital endogenised (Södersten et al. 2018)
ITA,Italy,Europe,Paper Products,waste_generation,kt,0.13491008079837966,2022,EXIOBASE v3.8.2 IOT_2022_ixi with Danish sea-transport reallocation (Rørmose Jensen & Iliev 2022) and capital endogenised (Södersten et al. 2018)
SVK,Slovakia,Europe,Metal Products,waste_generation,kt,0.13452173636727516,2022,EXIOBASE v3.8.2 IOT_2022_ixi with Danish sea-transport reallocation (Rørmose Jensen & Iliev 2022) and capital endogenised (Södersten et al. 2018)
RoW Africa,RoW Africa,Africa,Chemical,blue_water_consumption,Mm3,0.13433980471642595,2022,EXIOBASE v3.8.2 IOT_2022_ixi with Danish sea-transport reallocation (Rørmose Jensen & Iliev 2022) and capital endogenised (Södersten et al. 2018)
POL,Poland,Europe,Transport Equipment,climate_change,kt CO2eq,0.13368665111073064,2022,EXIOBASE v3.8.2 IOT_2022_ixi with Danish sea-transport reallocation (Rørmose Jensen & Iliev 2022) and capital endogenised (Södersten et al. 2018)
FIN,Finland,Europe,Construction,climate_change,kt CO2eq,0.1329776302925431,2022,EXIOBASE v3.8.2 IOT_2022_ixi with Danish sea-transport reallocation (Rørmose Jensen & Iliev 2022) and capital endogenised (Södersten et al. 2018)
RoW Middle East,RoW Middle East,Middle East,Electricity,material_extraction,kt,0.13259081588025173,2022,EXIOBASE v3.8.2 IOT_2022_ixi with Danish sea-transport reallocation (Rørmose Jensen & Iliev 2022) and capital endogenised (Södersten et al. 2018)
BEL,Belgium,Europe,Construction,material_extraction,kt,0.132243955620029,2022,EXIOBASE v3.8.2 IOT_2022_ixi with Danish sea-transport reallocation (Rørmose Jensen & Iliev 2022) and capital endogenised (Södersten et al. 2018)
BEL,Belgium,Europe,Paper Products,climate_change,kt CO2eq,0.13219290853885735,2022,EXIOBASE v3.8.2 IOT_2022_ixi with Danish sea-transport reallocation (Rørmose Jensen & Iliev 2022) and capital endogenised (Södersten et al. 2018)
CHE,Switzerland,Europe,"Steam, hot water supply and water distribution",climate_change,kt CO2eq,0.13202647569523268,2022,EXIOBASE v3.8.2 IOT_2022_ixi with Danish sea-transport reallocation (Rørmose Jensen & Iliev 2022) and capital endogenised (Södersten et al. 2018)
NLD,Netherlands,Europe,Services,waste_generation,kt,0.13178743733068343,2022,EXIOBASE v3.8.2 IOT_2022_ixi with Danish sea-transport reallocation (Rørmose Jensen & Iliev 2022) and capital endogenised (Södersten et al. 2018)
RoW Asia and Pacific,RoW Asia and Pacific,Asia and Pacific,Furniture and timber,land_use,km2,0.13144902006385445,2022,EXIOBASE v3.8.2 IOT_2022_ixi with Danish sea-transport reallocation (Rørmose Jensen & Iliev 2022) and capital endogenised (Södersten et al. 2018)
KOR,South Korea,Asia and Pacific,"Electrical, electronic and measuring equipment",climate_change,kt CO2eq,0.13126269717822206,2022,EXIOBASE v3.8.2 IOT_2022_ixi with Danish sea-transport reallocation (Rørmose Jensen & Iliev 2022) and capital endogenised (Södersten et al. 2018)
BGR,Bulgaria,Europe,Transport,material_extraction,kt,0.13110792887201062,2022,EXIOBASE v3.8.2 IOT_2022_ixi with Danish sea-transport reallocation (Rørmose Jensen & Iliev 2022) and capital endogenised (Södersten et al. 2018)
LUX,Luxembourg,Europe,Electricity,climate_change,kt CO2eq,0.13015675118764208,2022,EXIOBASE v3.8.2 IOT_2022_ixi with Danish sea-transport reallocation (Rørmose Jensen & Iliev 2022) and capital endogenised (Södersten et al. 2018)
CAN,Canada,America,Metal Products,waste_generation,kt,0.12984497012532797,2022,EXIOBASE v3.8.2 IOT_2022_ixi with Danish sea-transport reallocation (Rørmose Jensen & Iliev 2022) and capital endogenised (Södersten et al. 2018)
ZAF,South Africa,Africa,Natural gas and gaseous fuels,climate_change,kt CO2eq,0.12947540451426534,2022,EXIOBASE v3.8.2 IOT_2022_ixi with Danish sea-transport reallocation (Rørmose Jensen & Iliev 2022) and capital endogenised (Södersten et al. 2018)
NOR,Norway,Europe,General and special Machinery,waste_generation,kt,0.1289550962733021,2022,EXIOBASE v3.8.2 IOT_2022_ixi with Danish sea-transport reallocation (Rørmose Jensen & Iliev 2022) and capital endogenised (Södersten et al. 2018)
HUN,Hungary,Europe,Metal Products,material_extraction,kt,0.12893374709414254,2022,EXIOBASE v3.8.2 IOT_2022_ixi with Danish sea-transport reallocation (Rørmose Jensen & Iliev 2022) and capital endogenised (Södersten et al. 2018)
NOR,Norway,Europe,Metal Products,waste_generation,kt,0.12784948664588103,2022,EXIOBASE v3.8.2 IOT_2022_ixi with Danish sea-transport reallocation (Rørmose Jensen & Iliev 2022) and capital endogenised (Södersten et al. 2018)
SVK,Slovakia,Europe,Minerals and Metals,climate_change,kt CO2eq,0.12767099183326788,2022,EXIOBASE v3.8.2 IOT_2022_ixi with Danish sea-transport reallocation (Rørmose Jensen & Iliev 2022) and capital endogenised (Södersten et al. 2018)
GRC,Greece,Europe,Construction,climate_change,kt CO2eq,0.1263588482848214,2022,EXIOBASE v3.8.2 IOT_2022_ixi with Danish sea-transport reallocation (Rørmose Jensen & Iliev 2022) and capital endogenised (Södersten et al. 2018)
NLD,Netherlands,Europe,General and special Machinery,climate_change,kt CO2eq,0.1255535456113966,2022,EXIOBASE v3.8.2 IOT_2022_ixi with Danish sea-transport reallocation (Rørmose Jensen & Iliev 2022) and capital endogenised (Södersten et al. 2018)
RoW Africa,RoW Africa,Africa,General and special Machinery,waste_generation,kt,0.12464902774522492,2022,EXIOBASE v3.8.2 IOT_2022_ixi with Danish sea-transport reallocation (Rørmose Jensen & Iliev 2022) and capital endogenised (Södersten et al. 2018)
RoW Africa,RoW Africa,Africa,Non-metallic mineral products,waste_generation,kt,0.12428146796243499,2022,EXIOBASE v3.8.2 IOT_2022_ixi with Danish sea-transport reallocation (Rørmose Jensen & Iliev 2022) and capital endogenised (Södersten et al. 2018)
BEL,Belgium,Europe,Furniture and timber,waste_generation,kt,0.12412989221472438,2022,EXIOBASE v3.8.2 IOT_2022_ixi with Danish sea-transport reallocation (Rørmose Jensen & Iliev 2022) and capital endogenised (Södersten et al. 2018)
SVN,Slovenia,Europe,Construction,waste_generation,kt,0.12301361124775247,2022,EXIOBASE v3.8.2 IOT_2022_ixi with Danish sea-transport reallocation (Rørmose Jensen & Iliev 2022) and capital endogenised (Södersten et al. 2018)
HRV,Croatia,Europe,Construction,climate_change,kt CO2eq,0.12201980460310037,2022,EXIOBASE v3.8.2 IOT_2022_ixi with Danish sea-transport reallocation (Rørmose Jensen & Iliev 2022) and capital endogenised (Södersten et al. 2018)
CAN,Canada,America,Services,waste_generation,kt,0.12154585286958917,2022,EXIOBASE v3.8.2 IOT_2022_ixi with Danish sea-transport reallocation (Rørmose Jensen & Iliev 2022) and capital endogenised (Södersten et al. 2018)
AUS,Australia,Asia and Pacific,Construction,climate_change,kt CO2eq,0.1211269154656215,2022,EXIOBASE v3.8.2 IOT_2022_ixi with Danish sea-transport reallocation (Rørmose Jensen & Iliev 2022) and capital endogenised (Södersten et al. 2018)
LVA,Latvia,Europe,Chemical,waste_generation,kt,0.12017248243129001,2022,EXIOBASE v3.8.2 IOT_2022_ixi with Danish sea-transport reallocation (Rørmose Jensen & Iliev 2022) and capital endogenised (Södersten et al. 2018)
RoW Europe,RoW Europe,Europe,General and special Machinery,climate_change,kt CO2eq,0.12000978253743409,2022,EXIOBASE v3.8.2 IOT_2022_ixi with Danish sea-transport reallocation (Rørmose Jensen & Iliev 2022) and capital endogenised (Södersten et al. 2018)
RoW Asia and Pacific,RoW Asia and Pacific,Asia and Pacific,Services,blue_water_consumption,Mm3,0.11998882359822124,2022,EXIOBASE v3.8.2 IOT_2022_ixi with Danish sea-transport reallocation (Rørmose Jensen & Iliev 2022) and capital endogenised (Södersten et al. 2018)
RoW Europe,RoW Europe,Europe,Coal and Petroleum,land_use,km2,0.11996849373850293,2022,EXIOBASE v3.8.2 IOT_2022_ixi with Danish sea-transport reallocation (Rørmose Jensen & Iliev 2022) and capital endogenised (Södersten et al. 2018)
RoW Asia and Pacific,RoW Asia and Pacific,Asia and Pacific,Waste management and disposal,material_extraction,kt,0.1199589817799365,2022,EXIOBASE v3.8.2 IOT_2022_ixi with Danish sea-transport reallocation (Rørmose Jensen & Iliev 2022) and capital endogenised (Södersten et al. 2018)
CZE,Czech Republic,Europe,Paper Products,waste_generation,kt,0.11853829052414101,2022,EXIOBASE v3.8.2 IOT_2022_ixi with Danish sea-transport reallocation (Rørmose Jensen & Iliev 2022) and capital endogenised (Södersten et al. 2018)
TUR,Turkey,Middle East,Coal and Petroleum,waste_generation,kt,0.11841959575615829,2022,EXIOBASE v3.8.2 IOT_2022_ixi with Danish sea-transport reallocation (Rørmose Jensen & Iliev 2022) and capital endogenised (Södersten et al. 2018)
RoW Europe,RoW Europe,Europe,Electricity,blue_water_consumption,Mm3,0.11834992500307519,2022,EXIOBASE v3.8.2 IOT_2022_ixi with Danish sea-transport reallocation (Rørmose Jensen & Iliev 2022) and capital endogenised (Södersten et al. 2018)
SVN,Slovenia,Europe,Minerals and Metals,climate_change,kt CO2eq,0.11825783297195076,2022,EXIOBASE v3.8.2 IOT_2022_ixi with Danish sea-transport reallocation (Rørmose Jensen & Iliev 2022) and capital endogenised (Södersten et al. 2018)
RoW Africa,RoW Africa,Africa,Minerals and Metals,waste_generation,kt,0.11754942509863964,2022,EXIOBASE v3.8.2 IOT_2022_ixi with Danish sea-transport reallocation (Rørmose Jensen & Iliev 2022) and capital endogenised (Södersten et al. 2018)
RoW Asia and Pacific,RoW Asia and Pacific,Asia and Pacific,Minerals and Metals,waste_generation,kt,0.11744426971157242,2022,EXIOBASE v3.8.2 IOT_2022_ixi with Danish sea-transport reallocation (Rørmose Jensen & Iliev 2022) and capital endogenised (Södersten et al. 2018)
CZE,Czech Republic,Europe,Services,material_extraction,kt,0.11719319538219555,2022,EXIOBASE v3.8.2 IOT_2022_ixi with Danish sea-transport reallocation (Rørmose Jensen & Iliev 2022) and capital endogenised (Södersten et al. 2018)
BRA,Brazil,America,Paper Products,climate_change,kt CO2eq,0.11705882869085713,2022,EXIOBASE v3.8.2 IOT_2022_ixi with Danish sea-transport reallocation (Rørmose Jensen & Iliev 2022) and capital endogenised (Södersten et al. 2018)
RoW Africa,RoW Africa,Africa,Minerals and Metals,land_use,km2,0.11664750737198927,2022,EXIOBASE v3.8.2 IOT_2022_ixi with Danish sea-transport reallocation (Rørmose Jensen & Iliev 2022) and capital endogenised (Södersten et al. 2018)
CHE,Switzerland,Europe,Coal and Petroleum,waste_generation,kt,0.1155013156543481,2022,EXIOBASE v3.8.2 IOT_2022_ixi with Danish sea-transport reallocation (Rørmose Jensen & Iliev 2022) and capital endogenised (Södersten et al. 2018)
MEX,Mexico,America,"Electrical, electronic and measuring equipment",climate_change,kt CO2eq,0.11541655824076219,2022,EXIOBASE v3.8.2 IOT_2022_ixi with Danish sea-transport reallocation (Rørmose Jensen & Iliev 2022) and capital endogenised (Södersten et al. 2018)
GRC,Greece,Europe,Electricity,waste_generation,kt,0.11541350266189124,2022,EXIOBASE v3.8.2 IOT_2022_ixi with Danish sea-transport reallocation (Rørmose Jensen & Iliev 2022) and capital endogenised (Södersten et al. 2018)
EST,Estonia,Europe,Coal and Petroleum,climate_change,kt CO2eq,0.1150119990615002,2022,EXIOBASE v3.8.2 IOT_2022_ixi with Danish sea-transport reallocation (Rørmose Jensen & Iliev 2022) and capital endogenised (Södersten et al. 2018)
CYP,Cyprus,Middle East,Electricity,climate_change,kt CO2eq,0.11423481872343368,2022,EXIOBASE v3.8.2 IOT_2022_ixi with Danish sea-transport reallocation (Rørmose Jensen & Iliev 2022) and capital endogenised (Södersten et al. 2018)
RoW Africa,RoW Africa,Africa,Metal Products,waste_generation,kt,0.11411622476547588,2022,EXIOBASE v3.8.2 IOT_2022_ixi with Danish sea-transport reallocation (Rørmose Jensen & Iliev 2022) and capital endogenised (Södersten et al. 2018)
PRT,Portugal,Europe,Paper Products,waste_generation,kt,0.11409402172796292,2022,EXIOBASE v3.8.2 IOT_2022_ixi with Danish sea-transport reallocation (Rørmose Jensen & Iliev 2022) and capital endogenised (Södersten et al. 2018)
RoW Africa,RoW Africa,Africa,Chemical,land_use,km2,0.11336536178940583,2022,EXIOBASE v3.8.2 IOT_2022_ixi with Danish sea-transport reallocation (Rørmose Jensen & Iliev 2022) and capital endogenised (Södersten et al. 2018)
IRL,Ireland,Europe,Food and catering,material_extraction,kt,0.11266284299913687,2022,EXIOBASE v3.8.2 IOT_2022_ixi with Danish sea-transport reallocation (Rørmose Jensen & Iliev 2022) and capital endogenised (Södersten et al. 2018)
FRA,France,Europe,Chemical,waste_generation,kt,0.11261268875135724,2022,EXIOBASE v3.8.2 IOT_2022_ixi with Danish sea-transport reallocation (Rørmose Jensen & Iliev 2022) and capital endogenised (Södersten et al. 2018)
LUX,Luxembourg,Europe,Waste management and disposal,climate_change,kt CO2eq,0.1125212202519646,2022,EXIOBASE v3.8.2 IOT_2022_ixi with Danish sea-transport reallocation (Rørmose Jensen & Iliev 2022) and capital endogenised (Södersten et al. 2018)
RUS,Russia,Europe,Electricity,land_use,km2,0.11140816882941791,2022,EXIOBASE v3.8.2 IOT_2022_ixi with Danish sea-transport reallocation (Rørmose Jensen & Iliev 2022) and capital endogenised (Södersten et al. 2018)
GRC,Greece,Europe,Construction,waste_generation,kt,0.1112277179525025,2022,EXIOBASE v3.8.2 IOT_2022_ixi with Danish sea-transport reallocation (Rørmose Jensen & Iliev 2022) and capital endogenised (Södersten et al. 2018)
TUR,Turkey,Middle East,Furniture and timber,climate_change,kt CO2eq,0.11077855448613927,2022,EXIOBASE v3.8.2 IOT_2022_ixi with Danish sea-transport reallocation (Rørmose Jensen & Iliev 2022) and capital endogenised (Södersten et al. 2018)
CAN,Canada,America,Coal and Petroleum,waste_generation,kt,0.1107770696208367,2022,EXIOBASE v3.8.2 IOT_2022_ixi with Danish sea-transport reallocation (Rørmose Jensen & Iliev 2022) and capital endogenised (Södersten et al. 2018)
CHE,Switzerland,Europe,Waste management and disposal,waste_generation,kt,0.11057882836814062,2022,EXIOBASE v3.8.2 IOT_2022_ixi with Danish sea-transport reallocation (Rørmose Jensen & Iliev 2022) and capital endogenised (Södersten et al. 2018)
SVN,Slovenia,Europe,Paper Products,climate_change,kt CO2eq,0.11041919346699032,2022,EXIOBASE v3.8.2 IOT_2022_ixi with Danish sea-transport reallocation (Rørmose Jensen & Iliev 2022) and capital endogenised (Södersten et al. 2018)
IRL,Ireland,Europe,Minerals and Metals,climate_change,kt CO2eq,0.10985008165776897,2022,EXIOBASE v3.8.2 IOT_2022_ixi with Danish sea-transport reallocation (Rørmose Jensen & Iliev 2022) and capital endogenised (Södersten et al. 2018)
HUN,Hungary,Europe,Electricity,waste_generation,kt,0.1098089643802334,2022,EXIOBASE v3.8.2 IOT_2022_ixi with Danish sea-transport reallocation (Rørmose Jensen & Iliev 2022) and capital endogenised (Södersten et al. 2018)
ESP,Spain,Europe,Waste management and disposal,waste_generation,kt,0.10933454905482834,2022,EXIOBASE v3.8.2 IOT_2022_ixi with Danish sea-transport reallocation (Rørmose Jensen & Iliev 2022) and capital endogenised (Södersten et al. 2018)
RUS,Russia,Europe,Textile,climate_change,kt CO2eq,0.1091347853285233,2022,EXIOBASE v3.8.2 IOT_2022_ixi with Danish sea-transport reallocation (Rørmose Jensen & Iliev 2022) and capital endogenised (Södersten et al. 2018)
ITA,Italy,Europe,Services,waste_generation,kt,0.10887834551142059,2022,EXIOBASE v3.8.2 IOT_2022_ixi with Danish sea-transport reallocation (Rørmose Jensen & Iliev 2022) and capital endogenised (Södersten et al. 2018)
MLT,Malta,Europe,Construction,material_extraction,kt,0.1087225712846146,2022,EXIOBASE v3.8.2 IOT_2022_ixi with Danish sea-transport reallocation (Rørmose Jensen & Iliev 2022) and capital endogenised (Södersten et al. 2018)
RoW Asia and Pacific,RoW Asia and Pacific,Asia and Pacific,Non-metallic mineral products,land_use,km2,0.10740677836924568,2022,EXIOBASE v3.8.2 IOT_2022_ixi with Danish sea-transport reallocation (Rørmose Jensen & Iliev 2022) and capital endogenised (Södersten et al. 2018)
RoW Asia and Pacific,RoW Asia and Pacific,Asia and Pacific,Construction,waste_generation,kt,0.1063826380868896,2022,EXIOBASE v3.8.2 IOT_2022_ixi with Danish sea-transport reallocation (Rørmose Jensen & Iliev 2022) and capital endogenised (Södersten et al. 2018)
PRT,Portugal,Europe,Construction,climate_change,kt CO2eq,0.1061143436885154,2022,EXIOBASE v3.8.2 IOT_2022_ixi with Danish sea-transport reallocation (Rørmose Jensen & Iliev 2022) and capital endogenised (Södersten et al. 2018)
IRL,Ireland,Europe,Natural gas and gaseous fuels,climate_change,kt CO2eq,0.10413133807698578,2022,EXIOBASE v3.8.2 IOT_2022_ixi with Danish sea-transport reallocation (Rørmose Jensen & Iliev 2022) and capital endogenised (Södersten et al. 2018)
BEL,Belgium,Europe,Natural gas and gaseous fuels,climate_change,kt CO2eq,0.1031243044557739,2022,EXIOBASE v3.8.2 IOT_2022_ixi with Danish sea-transport reallocation (Rørmose Jensen & Iliev 2022) and capital endogenised (Södersten et al. 2018)
RoW America,RoW America,America,Furniture and timber,waste_generation,kt,0.10275175980777418,2022,EXIOBASE v3.8.2 IOT_2022_ixi with Danish sea-transport reallocation (Rørmose Jensen & Iliev 2022) and capital endogenised (Södersten et al. 2018)
MEX,Mexico,America,Metal Products,land_use,km2,0.10257974460407998,2022,EXIOBASE v3.8.2 IOT_2022_ixi with Danish sea-transport reallocation (Rørmose Jensen & Iliev 2022) and capital endogenised (Södersten et al. 2018)
RoW Europe,RoW Europe,Europe,Transport Equipment,material_extraction,kt,0.10254150997617412,2022,EXIOBASE v3.8.2 IOT_2022_ixi with Danish sea-transport reallocation (Rørmose Jensen & Iliev 2022) and capital endogenised (Södersten et al. 2018)
CZE,Czech Republic,Europe,"Electrical, electronic and measuring equipment",climate_change,kt CO2eq,0.1024540929557785,2022,EXIOBASE v3.8.2 IOT_2022_ixi with Danish sea-transport reallocation (Rørmose Jensen & Iliev 2022) and capital endogenised (Södersten et al. 2018)
GBR,United Kingdom,Europe,Food and catering,blue_water_consumption,Mm3,0.10228617568259395,2022,EXIOBASE v3.8.2 IOT_2022_ixi with Danish sea-transport reallocation (Rørmose Jensen & Iliev 2022) and capital endogenised (Södersten et al. 2018)
NLD,Netherlands,Europe,Furniture and timber,climate_change,kt CO2eq,0.10189101612232088,2022,EXIOBASE v3.8.2 IOT_2022_ixi with Danish sea-transport reallocation (Rørmose Jensen & Iliev 2022) and capital endogenised (Södersten et al. 2018)
RoW Africa,RoW Africa,Africa,Electricity,waste_generation,kt,0.10156046950998593,2022,EXIOBASE v3.8.2 IOT_2022_ixi with Danish sea-transport reallocation (Rørmose Jensen & Iliev 2022) and capital endogenised (Södersten et al. 2018)
ESP,Spain,Europe,Textile,climate_change,kt CO2eq,0.10092247433623622,2022,EXIOBASE v3.8.2 IOT_2022_ixi with Danish sea-transport reallocation (Rørmose Jensen & Iliev 2022) and capital endogenised (Södersten et al. 2018)
AUT,Austria,Europe,Furniture and timber,climate_change,kt CO2eq,0.10089913947955277,2022,EXIOBASE v3.8.2 IOT_2022_ixi with Danish sea-transport reallocation (Rørmose Jensen & Iliev 2022) and capital endogenised (Södersten et al. 2018)
FIN,Finland,Europe,Furniture and timber,material_extraction,kt,0.1008735489348462,2022,EXIOBASE v3.8.2 IOT_2022_ixi with Danish sea-transport reallocation (Rørmose Jensen & Iliev 2022) and capital endogenised (Södersten et al. 2018)
JPN,Japan,Asia and Pacific,Chemical,waste_generation,kt,0.10078024440248931,2022,EXIOBASE v3.8.2 IOT_2022_ixi with Danish sea-transport reallocation (Rørmose Jensen & Iliev 2022) and capital endogenised (Södersten et al. 2018)
MEX,Mexico,America,Metal Products,waste_generation,kt,0.09987496325120519,2022,EXIOBASE v3.8.2 IOT_2022_ixi with Danish sea-transport reallocation (Rørmose Jensen & Iliev 2022) and capital endogenised (Södersten et al. 2018)
LTU,Lithuania,Europe,Electricity,climate_change,kt CO2eq,0.09958833722039392,2022,EXIOBASE v3.8.2 IOT_2022_ixi with Danish sea-transport reallocation (Rørmose Jensen & Iliev 2022) and capital endogenised (Södersten et al. 2018)
RoW Africa,RoW Africa,Africa,Metal Products,blue_water_consumption,Mm3,0.09950038887678077,2022,EXIOBASE v3.8.2 IOT_2022_ixi with Danish sea-transport reallocation (Rørmose Jensen & Iliev 2022) and capital endogenised (Södersten et al. 2018)
NOR,Norway,Europe,Metal Products,blue_water_consumption,Mm3,0.0992576723153226,2022,EXIOBASE v3.8.2 IOT_2022_ixi with Danish sea-transport reallocation (Rørmose Jensen & Iliev 2022) and capital endogenised (Södersten et al. 2018)
TUR,Turkey,Middle East,Chemical,waste_generation,kt,0.099210137834354,2022,EXIOBASE v3.8.2 IOT_2022_ixi with Danish sea-transport reallocation (Rørmose Jensen & Iliev 2022) and capital endogenised (Södersten et al. 2018)
LVA,Latvia,Europe,Chemical,climate_change,kt CO2eq,0.09802700813453541,2022,EXIOBASE v3.8.2 IOT_2022_ixi with Danish sea-transport reallocation (Rørmose Jensen & Iliev 2022) and capital endogenised (Södersten et al. 2018)
RoW Europe,RoW Europe,Europe,"Electrical, electronic and measuring equipment",climate_change,kt CO2eq,0.09776506140972731,2022,EXIOBASE v3.8.2 IOT_2022_ixi with Danish sea-transport reallocation (Rørmose Jensen & Iliev 2022) and capital endogenised (Södersten et al. 2018)
RoW Africa,RoW Africa,Africa,Waste management and disposal,waste_generation,kt,0.09747286553089718,2022,EXIOBASE v3.8.2 IOT_2022_ixi with Danish sea-transport reallocation (Rørmose Jensen & Iliev 2022) and capital endogenised (Södersten et al. 2018)
ITA,Italy,Europe,Textile,climate_change,kt CO2eq,0.09740769574194262,2022,EXIOBASE v3.8.2 IOT_2022_ixi with Danish sea-transport reallocation (Rørmose Jensen & Iliev 2022) and capital endogenised (Södersten et al. 2018)
EST,Estonia,Europe,Food and catering,waste_generation,kt,0.09726866463847095,2022,EXIOBASE v3.8.2 IOT_2022_ixi with Danish sea-transport reallocation (Rørmose Jensen & Iliev 2022) and capital endogenised (Södersten et al. 2018)
KOR,South Korea,Asia and Pacific,Paper Products,climate_change,kt CO2eq,0.09680644504732426,2022,EXIOBASE v3.8.2 IOT_2022_ixi with Danish sea-transport reallocation (Rørmose Jensen & Iliev 2022) and capital endogenised (Södersten et al. 2018)
RoW America,RoW America,America,Paper Products,land_use,km2,0.09651358427370382,2022,EXIOBASE v3.8.2 IOT_2022_ixi with Danish sea-transport reallocation (Rørmose Jensen & Iliev 2022) and capital endogenised (Södersten et al. 2018)
ZAF,South Africa,Africa,Construction,climate_change,kt CO2eq,0.09608822054656718,2022,EXIOBASE v3.8.2 IOT_2022_ixi with Danish sea-transport reallocation (Rørmose Jensen & Iliev 2022) and capital endogenised (Södersten et al. 2018)
TUR,Turkey,Middle East,Transport Equipment,climate_change,kt CO2eq,0.09598387350459699,2022,EXIOBASE v3.8.2 IOT_2022_ixi with Danish sea-transport reallocation (Rørmose Jensen & Iliev 2022) and capital endogenised (Södersten et al. 2018)
BEL,Belgium,Europe,Services,waste_generation,kt,0.09534505644203804,2022,EXIOBASE v3.8.2 IOT_2022_ixi with Danish sea-transport reallocation (Rørmose Jensen & Iliev 2022) and capital endogenised (Södersten et al. 2018)
TUR,Turkey,Middle East,Construction,waste_generation,kt,0.09499977335474365,2022,EXIOBASE v3.8.2 IOT_2022_ixi with Danish sea-transport reallocation (Rørmose Jensen & Iliev 2022) and capital endogenised (Södersten et al. 2018)
NOR,Norway,Europe,Services,waste_generation,kt,0.09491396129037612,2022,EXIOBASE v3.8.2 IOT_2022_ixi with Danish sea-transport reallocation (Rørmose Jensen & Iliev 2022) and capital endogenised (Södersten et al. 2018)
NLD,Netherlands,Europe,Transport Equipment,climate_change,kt CO2eq,0.09475811903190622,2022,EXIOBASE v3.8.2 IOT_2022_ixi with Danish sea-transport reallocation (Rørmose Jensen & Iliev 2022) and capital endogenised (Södersten et al. 2018)
IDN,Indonesia,Asia and Pacific,Food and catering,blue_water_consumption,Mm3,0.09463022850321261,2022,EXIOBASE v3.8.2 IOT_2022_ixi with Danish sea-transport reallocation (Rørmose Jensen & Iliev 2022) and capital endogenised (Södersten et al. 2018)
JPN,Japan,Asia and Pacific,Construction,climate_change,kt CO2eq,0.09451831129635098,2022,EXIOBASE v3.8.2 IOT_2022_ixi with Danish sea-transport reallocation (Rørmose Jensen & Iliev 2022) and capital endogenised (Södersten et al. 2018)
CZE,Czech Republic,Europe,Metal Products,waste_generation,kt,0.09440198408185035,2022,EXIOBASE v3.8.2 IOT_2022_ixi with Danish sea-transport reallocation (Rørmose Jensen & Iliev 2022) and capital endogenised (Södersten et al. 2018)
RoW Africa,RoW Africa,Africa,Textile,waste_generation,kt,0.09428223501815305,2022,EXIOBASE v3.8.2 IOT_2022_ixi with Danish sea-transport reallocation (Rørmose Jensen & Iliev 2022) and capital endogenised (Södersten et al. 2018)
BGR,Bulgaria,Europe,"Steam, hot water supply and water distribution",waste_generation,kt,0.0940117075868299,2022,EXIOBASE v3.8.2 IOT_2022_ixi with Danish sea-transport reallocation (Rørmose Jensen & Iliev 2022) and capital endogenised (Södersten et al. 2018)
ROU,Romania,Europe,Food and catering,waste_generation,kt,0.09378734791704556,2022,EXIOBASE v3.8.2 IOT_2022_ixi with Danish sea-transport reallocation (Rørmose Jensen & Iliev 2022) and capital endogenised (Södersten et al. 2018)
NOR,Norway,Europe,Transport Equipment,waste_generation,kt,0.09366318544838009,2022,EXIOBASE v3.8.2 IOT_2022_ixi with Danish sea-transport reallocation (Rørmose Jensen & Iliev 2022) and capital endogenised (Södersten et al. 2018)
CHE,Switzerland,Europe,Paper Products,climate_change,kt CO2eq,0.09305929909072765,2022,EXIOBASE v3.8.2 IOT_2022_ixi with Danish sea-transport reallocation (Rørmose Jensen & Iliev 2022) and capital endogenised (Södersten et al. 2018)
RoW America,RoW America,America,Coal and Petroleum,land_use,km2,0.09295852909678279,2022,EXIOBASE v3.8.2 IOT_2022_ixi with Danish sea-transport reallocation (Rørmose Jensen & Iliev 2022) and capital endogenised (Södersten et al. 2018)
RoW America,RoW America,America,Construction,land_use,km2,0.09255091775545075,2022,EXIOBASE v3.8.2 IOT_2022_ixi with Danish sea-transport reallocation (Rørmose Jensen & Iliev 2022) and capital endogenised (Södersten et al. 2018)
KOR,South Korea,Asia and Pacific,Chemical,waste_generation,kt,0.09170074056534197,2022,EXIOBASE v3.8.2 IOT_2022_ixi with Danish sea-transport reallocation (Rørmose Jensen & Iliev 2022) and capital endogenised (Södersten et al. 2018)
CAN,Canada,America,"Steam, hot water supply and water distribution",climate_change,kt CO2eq,0.09148156703329845,2022,EXIOBASE v3.8.2 IOT_2022_ixi with Danish sea-transport reallocation (Rørmose Jensen & Iliev 2022) and capital endogenised (Södersten et al. 2018)
CZE,Czech Republic,Europe,General and special Machinery,climate_change,kt CO2eq,0.09134522213827453,2022,EXIOBASE v3.8.2 IOT_2022_ixi with Danish sea-transport reallocation (Rørmose Jensen & Iliev 2022) and capital endogenised (Södersten et al. 2018)
BEL,Belgium,Europe,Metal Products,blue_water_consumption,Mm3,0.09039244951813186,2022,EXIOBASE v3.8.2 IOT_2022_ixi with Danish sea-transport reallocation (Rørmose Jensen & Iliev 2022) and capital endogenised (Södersten et al. 2018)
RoW Asia and Pacific,RoW Asia and Pacific,Asia and Pacific,Chemical,material_extraction,kt,0.09008354274215005,2022,EXIOBASE v3.8.2 IOT_2022_ixi with Danish sea-transport reallocation (Rørmose Jensen & Iliev 2022) and capital endogenised (Södersten et al. 2018)
POL,Poland,Europe,Textile,climate_change,kt CO2eq,0.08987619024169734,2022,EXIOBASE v3.8.2 IOT_2022_ixi with Danish sea-transport reallocation (Rørmose Jensen & Iliev 2022) and capital endogenised (Södersten et al. 2018)
RoW Europe,RoW Europe,Europe,Transport Equipment,climate_change,kt CO2eq,0.08927527377414793,2022,EXIOBASE v3.8.2 IOT_2022_ixi with Danish sea-transport reallocation (Rørmose Jensen & Iliev 2022) and capital endogenised (Södersten et al. 2018)
RoW Europe,RoW Europe,Europe,General and special Machinery,land_use,km2,0.08897127609388401,2022,EXIOBASE v3.8.2 IOT_2022_ixi with Danish sea-transport reallocation (Rørmose Jensen & Iliev 2022) and capital endogenised (Södersten et al. 2018)
RoW Asia and Pacific,RoW Asia and Pacific,Asia and Pacific,General and special Machinery,land_use,km2,0.08882168534222891,2022,EXIOBASE v3.8.2 IOT_2022_ixi with Danish sea-transport reallocation (Rørmose Jensen & Iliev 2022) and capital endogenised (Södersten et al. 2018)
DNK,Denmark,Denmark,Chemical,blue_water_consumption,Mm3,0.08880196128165357,2022,EXIOBASE v3.8.2 IOT_2022_ixi with Danish sea-transport reallocation (Rørmose Jensen & Iliev 2022) and capital endogenised (Södersten et al. 2018)
CAN,Canada,America,General and special Machinery,climate_change,kt CO2eq,0.08832285182708675,2022,EXIOBASE v3.8.2 IOT_2022_ixi with Danish sea-transport reallocation (Rørmose Jensen & Iliev 2022) and capital endogenised (Södersten et al. 2018)
RUS,Russia,Europe,General and special Machinery,material_extraction,kt,0.0882476621347352,2022,EXIOBASE v3.8.2 IOT_2022_ixi with Danish sea-transport reallocation (Rørmose Jensen & Iliev 2022) and capital endogenised (Södersten et al. 2018)
CHN,China,Asia and Pacific,"Steam, hot water supply and water distribution",waste_generation,kt,0.0874234532844001,2022,EXIOBASE v3.8.2 IOT_2022_ixi with Danish sea-transport reallocation (Rørmose Jensen & Iliev 2022) and capital endogenised (Södersten et al. 2018)
GBR,United Kingdom,Europe,Chemical,material_extraction,kt,0.08737201506998651,2022,EXIOBASE v3.8.2 IOT_2022_ixi with Danish sea-transport reallocation (Rørmose Jensen & Iliev 2022) and capital endogenised (Södersten et al. 2018)
RoW America,RoW America,America,Minerals and Metals,land_use,km2,0.08718720301210972,2022,EXIOBASE v3.8.2 IOT_2022_ixi with Danish sea-transport reallocation (Rørmose Jensen & Iliev 2022) and capital endogenised (Södersten et al. 2018)
FIN,Finland,Europe,"Steam, hot water supply and water distribution",waste_generation,kt,0.08684524510016801,2022,EXIOBASE v3.8.2 IOT_2022_ixi with Danish sea-transport reallocation (Rørmose Jensen & Iliev 2022) and capital endogenised (Södersten et al. 2018)
RoW Middle East,RoW Middle East,Middle East,Waste management and disposal,material_extraction,kt,0.08622581544393673,2022,EXIOBASE v3.8.2 IOT_2022_ixi with Danish sea-transport reallocation (Rørmose Jensen & Iliev 2022) and capital endogenised (Södersten et al. 2018)
CZE,Czech Republic,Europe,Furniture and timber,climate_change,kt CO2eq,0.08620459936140339,2022,EXIOBASE v3.8.2 IOT_2022_ixi with Danish sea-transport reallocation (Rørmose Jensen & Iliev 2022) and capital endogenised (Södersten et al. 2018)
SVK,Slovakia,Europe,Chemical,waste_generation,kt,0.08595273963080605,2022,EXIOBASE v3.8.2 IOT_2022_ixi with Danish sea-transport reallocation (Rørmose Jensen & Iliev 2022) and capital endogenised (Södersten et al. 2018)
RoW Europe,RoW Europe,Europe,Textile,material_extraction,kt,0.08573378280434397,2022,EXIOBASE v3.8.2 IOT_2022_ixi with Danish sea-transport reallocation (Rørmose Jensen & Iliev 2022) and capital endogenised (Södersten et al. 2018)
AUT,Austria,Europe,"Steam, hot water supply and water distribution",waste_generation,kt,0.08569793648165573,2022,EXIOBASE v3.8.2 IOT_2022_ixi with Danish sea-transport reallocation (Rørmose Jensen & Iliev 2022) and capital endogenised (Södersten et al. 2018)
CZE,Czech Republic,Europe,Furniture and timber,land_use,km2,0.08553370082792151,2022,EXIOBASE v3.8.2 IOT_2022_ixi with Danish sea-transport reallocation (Rørmose Jensen & Iliev 2022) and capital endogenised (Södersten et al. 2018)
AUT,Austria,Europe,Paper Products,waste_generation,kt,0.08427966652665698,2022,EXIOBASE v3.8.2 IOT_2022_ixi with Danish sea-transport reallocation (Rørmose Jensen & Iliev 2022) and capital endogenised (Södersten et al. 2018)
HUN,Hungary,Europe,Furniture and timber,climate_change,kt CO2eq,0.08415451766986709,2022,EXIOBASE v3.8.2 IOT_2022_ixi with Danish sea-transport reallocation (Rørmose Jensen & Iliev 2022) and capital endogenised (Södersten et al. 2018)
SWE,Sweden,Europe,General and special Machinery,climate_change,kt CO2eq,0.08373381191383307,2022,EXIOBASE v3.8.2 IOT_2022_ixi with Danish sea-transport reallocation (Rørmose Jensen & Iliev 2022) and capital endogenised (Södersten et al. 2018)
CHE,Switzerland,Europe,Services,waste_generation,kt,0.0833513570626516,2022,EXIOBASE v3.8.2 IOT_2022_ixi with Danish sea-transport reallocation (Rørmose Jensen & Iliev 2022) and capital endogenised (Södersten et al. 2018)
GBR,United Kingdom,Europe,Paper Products,waste_generation,kt,0.08293626174500562,2022,EXIOBASE v3.8.2 IOT_2022_ixi with Danish sea-transport reallocation (Rørmose Jensen & Iliev 2022) and capital endogenised (Södersten et al. 2018)
DEU,Germany,Europe,Transport Equipment,waste_generation,kt,0.0824250989456427,2022,EXIOBASE v3.8.2 IOT_2022_ixi with Danish sea-transport reallocation (Rørmose Jensen & Iliev 2022) and capital endogenised (Södersten et al. 2018)
CZE,Czech Republic,Europe,Services,land_use,km2,0.08168400319112522,2022,EXIOBASE v3.8.2 IOT_2022_ixi with Danish sea-transport reallocation (Rørmose Jensen & Iliev 2022) and capital endogenised (Södersten et al. 2018)
RoW Europe,RoW Europe,Europe,Services,waste_generation,kt,0.08130480649726951,2022,EXIOBASE v3.8.2 IOT_2022_ixi with Danish sea-transport reallocation (Rørmose Jensen & Iliev 2022) and capital endogenised (Södersten et al. 2018)
AUT,Austria,Europe,Chemical,material_extraction,kt,0.08112459093625601,2022,EXIOBASE v3.8.2 IOT_2022_ixi with Danish sea-transport reallocation (Rørmose Jensen & Iliev 2022) and capital endogenised (Södersten et al. 2018)
IRL,Ireland,Europe,Coal and Petroleum,waste_generation,kt,0.08080587703931834,2022,EXIOBASE v3.8.2 IOT_2022_ixi with Danish sea-transport reallocation (Rørmose Jensen & Iliev 2022) and capital endogenised (Södersten et al. 2018)
MLT,Malta,Europe,Waste management and disposal,climate_change,kt CO2eq,0.08066442617746794,2022,EXIOBASE v3.8.2 IOT_2022_ixi with Danish sea-transport reallocation (Rørmose Jensen & Iliev 2022) and capital endogenised (Södersten et al. 2018)
IRL,Ireland,Europe,Electricity,waste_generation,kt,0.08042988909482797,2022,EXIOBASE v3.8.2 IOT_2022_ixi with Danish sea-transport reallocation (Rørmose Jensen & Iliev 2022) and capital endogenised (Södersten et al. 2018)
SVK,Slovakia,Europe,"Electrical, electronic and measuring equipment",climate_change,kt CO2eq,0.08034175698280446,2022,EXIOBASE v3.8.2 IOT_2022_ixi with Danish sea-transport reallocation (Rørmose Jensen & Iliev 2022) and capital endogenised (Södersten et al. 2018)
BGR,Bulgaria,Europe,Chemical,land_use,km2,0.0802963137524373,2022,EXIOBASE v3.8.2 IOT_2022_ixi with Danish sea-transport reallocation (Rørmose Jensen & Iliev 2022) and capital endogenised (Södersten et al. 2018)
IDN,Indonesia,Asia and Pacific,Minerals and Metals,climate_change,kt CO2eq,0.08017620136446593,2022,EXIOBASE v3.8.2 IOT_2022_ixi with Danish sea-transport reallocation (Rørmose Jensen & Iliev 2022) and capital endogenised (Södersten et al. 2018)
NOR,Norway,Europe,Furniture and timber,climate_change,kt CO2eq,0.07991320070052357,2022,EXIOBASE v3.8.2 IOT_2022_ixi with Danish sea-transport reallocation (Rørmose Jensen & Iliev 2022) and capital endogenised (Södersten et al. 2018)
IND,India,Asia and Pacific,Construction,waste_generation,kt,0.07961139553504568,2022,EXIOBASE v3.8.2 IOT_2022_ixi with Danish sea-transport reallocation (Rørmose Jensen & Iliev 2022) and capital endogenised (Södersten et al. 2018)
LTU,Lithuania,Europe,Construction,waste_generation,kt,0.07957204844237682,2022,EXIOBASE v3.8.2 IOT_2022_ixi with Danish sea-transport reallocation (Rørmose Jensen & Iliev 2022) and capital endogenised (Södersten et al. 2018)
HUN,Hungary,Europe,Waste management and disposal,waste_generation,kt,0.07931532102440765,2022,EXIOBASE v3.8.2 IOT_2022_ixi with Danish sea-transport reallocation (Rørmose Jensen & Iliev 2022) and capital endogenised (Södersten et al. 2018)
PRT,Portugal,Europe,Furniture and timber,climate_change,kt CO2eq,0.07926099299867881,2022,EXIOBASE v3.8.2 IOT_2022_ixi with Danish sea-transport reallocation (Rørmose Jensen & Iliev 2022) and capital endogenised (Södersten et al. 2018)
ZAF,South Africa,Africa,"Steam, hot water supply and water distribution",climate_change,kt CO2eq,0.07920645726467403,2022,EXIOBASE v3.8.2 IOT_2022_ixi with Danish sea-transport reallocation (Rørmose Jensen & Iliev 2022) and capital endogenised (Södersten et al. 2018)
SWE,Sweden,Europe,Chemical,blue_water_consumption,Mm3,0.07889850562992076,2022,EXIOBASE v3.8.2 IOT_2022_ixi with Danish sea-transport reallocation (Rørmose Jensen & Iliev 2022) and capital endogenised (Södersten et al. 2018)
HRV,Croatia,Europe,Chemical,waste_generation,kt,0.0786146071761805,2022,EXIOBASE v3.8.2 IOT_2022_ixi with Danish sea-transport reallocation (Rørmose Jensen & Iliev 2022) and capital endogenised (Södersten et al. 2018)
ZAF,South Africa,Africa,Transport Equipment,climate_change,kt CO2eq,0.07719633861592116,2022,EXIOBASE v3.8.2 IOT_2022_ixi with Danish sea-transport reallocation (Rørmose Jensen & Iliev 2022) and capital endogenised (Södersten et al. 2018)
LTU,Lithuania,Europe,Chemical,waste_generation,kt,0.07674914360244948,2022,EXIOBASE v3.8.2 IOT_2022_ixi with Danish sea-transport reallocation (Rørmose Jensen & Iliev 2022) and capital endogenised (Södersten et al. 2018)
DEU,Germany,Europe,General and special Machinery,material_extraction,kt,0.07668168839709777,2022,EXIOBASE v3.8.2 IOT_2022_ixi with Danish sea-transport reallocation (Rørmose Jensen & Iliev 2022) and capital endogenised (Södersten et al. 2018)
KOR,South Korea,Asia and Pacific,General and special Machinery,climate_change,kt CO2eq,0.07628442609231237,2022,EXIOBASE v3.8.2 IOT_2022_ixi with Danish sea-transport reallocation (Rørmose Jensen & Iliev 2022) and capital endogenised (Södersten et al. 2018)
BGR,Bulgaria,Europe,Chemical,waste_generation,kt,0.07618794269280288,2022,EXIOBASE v3.8.2 IOT_2022_ixi with Danish sea-transport reallocation (Rørmose Jensen & Iliev 2022) and capital endogenised (Södersten et al. 2018)
AUS,Australia,Asia and Pacific,Paper Products,climate_change,kt CO2eq,0.07602105034434643,2022,EXIOBASE v3.8.2 IOT_2022_ixi with Danish sea-transport reallocation (Rørmose Jensen & Iliev 2022) and capital endogenised (Södersten et al. 2018)
SWE,Sweden,Europe,Metal Products,blue_water_consumption,Mm3,0.07583278000486345,2022,EXIOBASE v3.8.2 IOT_2022_ixi with Danish sea-transport reallocation (Rørmose Jensen & Iliev 2022) and capital endogenised (Södersten et al. 2018)
RoW America,RoW America,America,General and special Machinery,climate_change,kt CO2eq,0.07572069626751313,2022,EXIOBASE v3.8.2 IOT_2022_ixi with Danish sea-transport reallocation (Rørmose Jensen & Iliev 2022) and capital endogenised (Södersten et al. 2018)
EST,Estonia,Europe,Textile,land_use,km2,0.07560968211677395,2022,EXIOBASE v3.8.2 IOT_2022_ixi with Danish sea-transport reallocation (Rørmose Jensen & Iliev 2022) and capital endogenised (Södersten et al. 2018)
MEX,Mexico,America,Textile,climate_change,kt CO2eq,0.07523438061384055,2022,EXIOBASE v3.8.2 IOT_2022_ixi with Danish sea-transport reallocation (Rørmose Jensen & Iliev 2022) and capital endogenised (Södersten et al. 2018)
RUS,Russia,Europe,Paper Products,land_use,km2,0.07426425641386891,2022,EXIOBASE v3.8.2 IOT_2022_ixi with Danish sea-transport reallocation (Rørmose Jensen & Iliev 2022) and capital endogenised (Södersten et al. 2018)
HRV,Croatia,Europe,Electricity,blue_water_consumption,Mm3,0.07414407664799119,2022,EXIOBASE v3.8.2 IOT_2022_ixi with Danish sea-transport reallocation (Rørmose Jensen & Iliev 2022) and capital endogenised (Södersten et al. 2018)
DEU,Germany,Europe,"Electrical, electronic and measuring equipment",waste_generation,kt,0.0738038222678037,2022,EXIOBASE v3.8.2 IOT_2022_ixi with Danish sea-transport reallocation (Rørmose Jensen & Iliev 2022) and capital endogenised (Södersten et al. 2018)
CZE,Czech Republic,Europe,Food and catering,waste_generation,kt,0.07365474447725759,2022,EXIOBASE v3.8.2 IOT_2022_ixi with Danish sea-transport reallocation (Rørmose Jensen & Iliev 2022) and capital endogenised (Södersten et al. 2018)
SVK,Slovakia,Europe,Coal and Petroleum,waste_generation,kt,0.07356915688606899,2022,EXIOBASE v3.8.2 IOT_2022_ixi with Danish sea-transport reallocation (Rørmose Jensen & Iliev 2022) and capital endogenised (Södersten et al. 2018)
CHE,Switzerland,Europe,Natural gas and gaseous fuels,climate_change,kt CO2eq,0.07329795537416121,2022,EXIOBASE v3.8.2 IOT_2022_ixi with Danish sea-transport reallocation (Rørmose Jensen & Iliev 2022) and capital endogenised (Södersten et al. 2018)
ZAF,South Africa,Africa,"Electrical, electronic and measuring equipment",climate_change,kt CO2eq,0.07306460369194712,2022,EXIOBASE v3.8.2 IOT_2022_ixi with Danish sea-transport reallocation (Rørmose Jensen & Iliev 2022) and capital endogenised (Södersten et al. 2018)
RoW Middle East,RoW Middle East,Middle East,Construction,waste_generation,kt,0.07290119129216484,2022,EXIOBASE v3.8.2 IOT_2022_ixi with Danish sea-transport reallocation (Rørmose Jensen & Iliev 2022) and capital endogenised (Södersten et al. 2018)
KOR,South Korea,Asia and Pacific,Furniture and timber,climate_change,kt CO2eq,0.07281024212254264,2022,EXIOBASE v3.8.2 IOT_2022_ixi with Danish sea-transport reallocation (Rørmose Jensen & Iliev 2022) and capital endogenised (Södersten et al. 2018)
HUN,Hungary,Europe,Services,waste_generation,kt,0.07234948064107016,2022,EXIOBASE v3.8.2 IOT_2022_ixi with Danish sea-transport reallocation (Rørmose Jensen & Iliev 2022) and capital endogenised (Södersten et al. 2018)
CHE,Switzerland,Europe,Electricity,waste_generation,kt,0.0719332966087403,2022,EXIOBASE v3.8.2 IOT_2022_ixi with Danish sea-transport reallocation (Rørmose Jensen & Iliev 2022) and capital endogenised (Södersten et al. 2018)
MLT,Malta,Europe,Food and catering,waste_generation,kt,0.07176183937033541,2022,EXIOBASE v3.8.2 IOT_2022_ixi with Danish sea-transport reallocation (Rørmose Jensen & Iliev 2022) and capital endogenised (Södersten et al. 2018)
RoW Africa,RoW Africa,Africa,Furniture and timber,land_use,km2,0.07145707067534365,2022,EXIOBASE v3.8.2 IOT_2022_ixi with Danish sea-transport reallocation (Rørmose Jensen & Iliev 2022) and capital endogenised (Södersten et al. 2018)
CHE,Switzerland,Europe,Construction,climate_change,kt CO2eq,0.0713477124933165,2022,EXIOBASE v3.8.2 IOT_2022_ixi with Danish sea-transport reallocation (Rørmose Jensen & Iliev 2022) and capital endogenised (Södersten et al. 2018)
BRA,Brazil,America,Furniture and timber,waste_generation,kt,0.07131520269674542,2022,EXIOBASE v3.8.2 IOT_2022_ixi with Danish sea-transport reallocation (Rørmose Jensen & Iliev 2022) and capital endogenised (Södersten et al. 2018)
USA,United States,America,Coal and Petroleum,material_extraction,kt,0.07106156955673401,2022,EXIOBASE v3.8.2 IOT_2022_ixi with Danish sea-transport reallocation (Rørmose Jensen & Iliev 2022) and capital endogenised (Södersten et al. 2018)
SVK,Slovakia,Europe,Services,waste_generation,kt,0.07097919602834572,2022,EXIOBASE v3.8.2 IOT_2022_ixi with Danish sea-transport reallocation (Rørmose Jensen & Iliev 2022) and capital endogenised (Södersten et al. 2018)
LVA,Latvia,Europe,Metal Products,waste_generation,kt,0.07076883703524606,2022,EXIOBASE v3.8.2 IOT_2022_ixi with Danish sea-transport reallocation (Rørmose Jensen & Iliev 2022) and capital endogenised (Södersten et al. 2018)
RUS,Russia,Europe,Waste management and disposal,land_use,km2,0.07070787568361836,2022,EXIOBASE v3.8.2 IOT_2022_ixi with Danish sea-transport reallocation (Rørmose Jensen & Iliev 2022) and capital endogenised (Södersten et al. 2018)
AUT,Austria,Europe,General and special Machinery,climate_change,kt CO2eq,0.07066395248803038,2022,EXIOBASE v3.8.2 IOT_2022_ixi with Danish sea-transport reallocation (Rørmose Jensen & Iliev 2022) and capital endogenised (Södersten et al. 2018)
RoW Asia and Pacific,RoW Asia and Pacific,Asia and Pacific,Non-metallic mineral products,blue_water_consumption,Mm3,0.0703897280522897,2022,EXIOBASE v3.8.2 IOT_2022_ixi with Danish sea-transport reallocation (Rørmose Jensen & Iliev 2022) and capital endogenised (Södersten et al. 2018)
CHE,Switzerland,Europe,Chemical,waste_generation,kt,0.07027559551231177,2022,EXIOBASE v3.8.2 IOT_2022_ixi with Danish sea-transport reallocation (Rørmose Jensen & Iliev 2022) and capital endogenised (Södersten et al. 2018)
SWE,Sweden,Europe,"Electrical, electronic and measuring equipment",waste_generation,kt,0.06976526739396817,2022,EXIOBASE v3.8.2 IOT_2022_ixi with Danish sea-transport reallocation (Rørmose Jensen & Iliev 2022) and capital endogenised (Södersten et al. 2018)
CZE,Czech Republic,Europe,Chemical,material_extraction,kt,0.06971907181109693,2022,EXIOBASE v3.8.2 IOT_2022_ixi with Danish sea-transport reallocation (Rørmose Jensen & Iliev 2022) and capital endogenised (Södersten et al. 2018)
RoW Middle East,RoW Middle East,Middle East,Transport,waste_generation,kt,0.06939902837810416,2022,EXIOBASE v3.8.2 IOT_2022_ixi with Danish sea-transport reallocation (Rørmose Jensen & Iliev 2022) and capital endogenised (Södersten et al. 2018)
JPN,Japan,Asia and Pacific,Furniture and timber,climate_change,kt CO2eq,0.06923954501267676,2022,EXIOBASE v3.8.2 IOT_2022_ixi with Danish sea-transport reallocation (Rørmose Jensen & Iliev 2022) and capital endogenised (Södersten et al. 2018)
DNK,Denmark,Denmark,Paper Products,blue_water_consumption,Mm3,0.069178494072663,2022,EXIOBASE v3.8.2 IOT_2022_ixi with Danish sea-transport reallocation (Rørmose Jensen & Iliev 2022) and capital endogenised (Södersten et al. 2018)
FIN,Finland,Europe,Furniture and timber,climate_change,kt CO2eq,0.06894200049227704,2022,EXIOBASE v3.8.2 IOT_2022_ixi with Danish sea-transport reallocation (Rørmose Jensen & Iliev 2022) and capital endogenised (Södersten et al. 2018)
LTU,Lithuania,Europe,"Electrical, electronic and measuring equipment",climate_change,kt CO2eq,0.06888455702991012,2022,EXIOBASE v3.8.2 IOT_2022_ixi with Danish sea-transport reallocation (Rørmose Jensen & Iliev 2022) and capital endogenised (Södersten et al. 2018)
IRL,Ireland,Europe,Furniture and timber,climate_change,kt CO2eq,0.06877159001165917,2022,EXIOBASE v3.8.2 IOT_2022_ixi with Danish sea-transport reallocation (Rørmose Jensen & Iliev 2022) and capital endogenised (Södersten et al. 2018)
CAN,Canada,America,"Electrical, electronic and measuring equipment",climate_change,kt CO2eq,0.068575549692248,2022,EXIOBASE v3.8.2 IOT_2022_ixi with Danish sea-transport reallocation (Rørmose Jensen & Iliev 2022) and capital endogenised (Södersten et al. 2018)
SVK,Slovakia,Europe,Construction,waste_generation,kt,0.06817061420510394,2022,EXIOBASE v3.8.2 IOT_2022_ixi with Danish sea-transport reallocation (Rørmose Jensen & Iliev 2022) and capital endogenised (Södersten et al. 2018)
IRL,Ireland,Europe,Chemical,material_extraction,kt,0.06813106549104812,2022,EXIOBASE v3.8.2 IOT_2022_ixi with Danish sea-transport reallocation (Rørmose Jensen & Iliev 2022) and capital endogenised (Södersten et al. 2018)
EST,Estonia,Europe,Furniture and timber,waste_generation,kt,0.06793061875449345,2022,EXIOBASE v3.8.2 IOT_2022_ixi with Danish sea-transport reallocation (Rørmose Jensen & Iliev 2022) and capital endogenised (Södersten et al. 2018)
SVK,Slovakia,Europe,Construction,climate_change,kt CO2eq,0.06766576800554633,2022,EXIOBASE v3.8.2 IOT_2022_ixi with Danish sea-transport reallocation (Rørmose Jensen & Iliev 2022) and capital endogenised (Södersten et al. 2018)
EST,Estonia,Europe,Construction,climate_change,kt CO2eq,0.06756653144597581,2022,EXIOBASE v3.8.2 IOT_2022_ixi with Danish sea-transport reallocation (Rørmose Jensen & Iliev 2022) and capital endogenised (Södersten et al. 2018)
CHE,Switzerland,Europe,Construction,waste_generation,kt,0.06752918964365778,2022,EXIOBASE v3.8.2 IOT_2022_ixi with Danish sea-transport reallocation (Rørmose Jensen & Iliev 2022) and capital endogenised (Södersten et al. 2018)
AUS,Australia,Asia and Pacific,Chemical,waste_generation,kt,0.06751586094405826,2022,EXIOBASE v3.8.2 IOT_2022_ixi with Danish sea-transport reallocation (Rørmose Jensen & Iliev 2022) and capital endogenised (Södersten et al. 2018)
ITA,Italy,Europe,Services,land_use,km2,0.06749278494830503,2022,EXIOBASE v3.8.2 IOT_2022_ixi with Danish sea-transport reallocation (Rørmose Jensen & Iliev 2022) and capital endogenised (Södersten et al. 2018)
CAN,Canada,America,Coal and Petroleum,material_extraction,kt,0.06728871573482348,2022,EXIOBASE v3.8.2 IOT_2022_ixi with Danish sea-transport reallocation (Rørmose Jensen & Iliev 2022) and capital endogenised (Södersten et al. 2018)
RoW Middle East,RoW Middle East,Middle East,Chemical,land_use,km2,0.06705572731553013,2022,EXIOBASE v3.8.2 IOT_2022_ixi with Danish sea-transport reallocation (Rørmose Jensen & Iliev 2022) and capital endogenised (Södersten et al. 2018)
HRV,Croatia,Europe,"Electrical, electronic and measuring equipment",climate_change,kt CO2eq,0.06691862426707862,2022,EXIOBASE v3.8.2 IOT_2022_ixi with Danish sea-transport reallocation (Rørmose Jensen & Iliev 2022) and capital endogenised (Södersten et al. 2018)
RoW Middle East,RoW Middle East,Middle East,Construction,material_extraction,kt,0.06684492218945784,2022,EXIOBASE v3.8.2 IOT_2022_ixi with Danish sea-transport reallocation (Rørmose Jensen & Iliev 2022) and capital endogenised (Södersten et al. 2018)
ESP,Spain,Europe,General and special Machinery,climate_change,kt CO2eq,0.06682508037706288,2022,EXIOBASE v3.8.2 IOT_2022_ixi with Danish sea-transport reallocation (Rørmose Jensen & Iliev 2022) and capital endogenised (Södersten et al. 2018)
FIN,Finland,Europe,Coal and Petroleum,material_extraction,kt,0.06675660390961197,2022,EXIOBASE v3.8.2 IOT_2022_ixi with Danish sea-transport reallocation (Rørmose Jensen & Iliev 2022) and capital endogenised (Södersten et al. 2018)
PRT,Portugal,Europe,Non-metallic mineral products,material_extraction,kt,0.06654109274656449,2022,EXIOBASE v3.8.2 IOT_2022_ixi with Danish sea-transport reallocation (Rørmose Jensen & Iliev 2022) and capital endogenised (Södersten et al. 2018)
BRA,Brazil,America,Transport,land_use,km2,0.06605759938029404,2022,EXIOBASE v3.8.2 IOT_2022_ixi with Danish sea-transport reallocation (Rørmose Jensen & Iliev 2022) and capital endogenised (Södersten et al. 2018)
IRL,Ireland,Europe,Waste management and disposal,waste_generation,kt,0.06598217231673775,2022,EXIOBASE v3.8.2 IOT_2022_ixi with Danish sea-transport reallocation (Rørmose Jensen & Iliev 2022) and capital endogenised (Södersten et al. 2018)
CAN,Canada,America,Construction,waste_generation,kt,0.06537318762956232,2022,EXIOBASE v3.8.2 IOT_2022_ixi with Danish sea-transport reallocation (Rørmose Jensen & Iliev 2022) and capital endogenised (Södersten et al. 2018)
NOR,Norway,Europe,Food and catering,blue_water_consumption,Mm3,0.06495951169917168,2022,EXIOBASE v3.8.2 IOT_2022_ixi with Danish sea-transport reallocation (Rørmose Jensen & Iliev 2022) and capital endogenised (Södersten et al. 2018)
RoW Africa,RoW Africa,Africa,General and special Machinery,land_use,km2,0.06477087622580574,2022,EXIOBASE v3.8.2 IOT_2022_ixi with Danish sea-transport reallocation (Rørmose Jensen & Iliev 2022) and capital endogenised (Södersten et al. 2018)
CHN,China,Asia and Pacific,Waste management and disposal,waste_generation,kt,0.0645785650933537,2022,EXIOBASE v3.8.2 IOT_2022_ixi with Danish sea-transport reallocation (Rørmose Jensen & Iliev 2022) and capital endogenised (Södersten et al. 2018)
PRT,Portugal,Europe,Chemical,waste_generation,kt,0.06449725349478003,2022,EXIOBASE v3.8.2 IOT_2022_ixi with Danish sea-transport reallocation (Rørmose Jensen & Iliev 2022) and capital endogenised (Södersten et al. 2018)
DNK,Denmark,Denmark,Metal Products,waste_generation,kt,0.06449719971891432,2022,EXIOBASE v3.8.2 IOT_2022_ixi with Danish sea-transport reallocation (Rørmose Jensen & Iliev 2022) and capital endogenised (Södersten et al. 2018)
BGR,Bulgaria,Europe,Textile,climate_change,kt CO2eq,0.0644211394955255,2022,EXIOBASE v3.8.2 IOT_2022_ixi with Danish sea-transport reallocation (Rørmose Jensen & Iliev 2022) and capital endogenised (Södersten et al. 2018)
ZAF,South Africa,Africa,Metal Products,waste_generation,kt,0.06441116141939135,2022,EXIOBASE v3.8.2 IOT_2022_ixi with Danish sea-transport reallocation (Rørmose Jensen & Iliev 2022) and capital endogenised (Södersten et al. 2018)
GRC,Greece,Europe,Textile,land_use,km2,0.06431448716009389,2022,EXIOBASE v3.8.2 IOT_2022_ixi with Danish sea-transport reallocation (Rørmose Jensen & Iliev 2022) and capital endogenised (Södersten et al. 2018)
USA,United States,America,"Electrical, electronic and measuring equipment",waste_generation,kt,0.06352365421605244,2022,EXIOBASE v3.8.2 IOT_2022_ixi with Danish sea-transport reallocation (Rørmose Jensen & Iliev 2022) and capital endogenised (Södersten et al. 2018)
ESP,Spain,Europe,Non-metallic mineral products,waste_generation,kt,0.06343338831618747,2022,EXIOBASE v3.8.2 IOT_2022_ixi with Danish sea-transport reallocation (Rørmose Jensen & Iliev 2022) and capital endogenised (Södersten et al. 2018)
CHN,China,Asia and Pacific,Textile,blue_water_consumption,Mm3,0.06328480224040685,2022,EXIOBASE v3.8.2 IOT_2022_ixi with Danish sea-transport reallocation (Rørmose Jensen & Iliev 2022) and capital endogenised (Södersten et al. 2018)
IRL,Ireland,Europe,Coal and Petroleum,climate_change,kt CO2eq,0.06322111518177767,2022,EXIOBASE v3.8.2 IOT_2022_ixi with Danish sea-transport reallocation (Rørmose Jensen & Iliev 2022) and capital endogenised (Södersten et al. 2018)
LVA,Latvia,Europe,Furniture and timber,waste_generation,kt,0.06319337079400032,2022,EXIOBASE v3.8.2 IOT_2022_ixi with Danish sea-transport reallocation (Rørmose Jensen & Iliev 2022) and capital endogenised (Södersten et al. 2018)
MEX,Mexico,America,Furniture and timber,material_extraction,kt,0.06286117581648032,2022,EXIOBASE v3.8.2 IOT_2022_ixi with Danish sea-transport reallocation (Rørmose Jensen & Iliev 2022) and capital endogenised (Södersten et al. 2018)
RoW Asia and Pacific,RoW Asia and Pacific,Asia and Pacific,Electricity,blue_water_consumption,Mm3,0.0628512405341767,2022,EXIOBASE v3.8.2 IOT_2022_ixi with Danish sea-transport reallocation (Rørmose Jensen & Iliev 2022) and capital endogenised (Södersten et al. 2018)
RUS,Russia,Europe,Services,waste_generation,kt,0.06284332997959866,2022,EXIOBASE v3.8.2 IOT_2022_ixi with Danish sea-transport reallocation (Rørmose Jensen & Iliev 2022) and capital endogenised (Södersten et al. 2018)
RoW America,RoW America,America,General and special Machinery,material_extraction,kt,0.06272380818831436,2022,EXIOBASE v3.8.2 IOT_2022_ixi with Danish sea-transport reallocation (Rørmose Jensen & Iliev 2022) and capital endogenised (Södersten et al. 2018)
TWN,Taiwan,Asia and Pacific,Textile,climate_change,kt CO2eq,0.06264042152965413,2022,EXIOBASE v3.8.2 IOT_2022_ixi with Danish sea-transport reallocation (Rørmose Jensen & Iliev 2022) and capital endogenised (Södersten et al. 2018)
BEL,Belgium,Europe,Metal Products,material_extraction,kt,0.06261831208537805,2022,EXIOBASE v3.8.2 IOT_2022_ixi with Danish sea-transport reallocation (Rørmose Jensen & Iliev 2022) and capital endogenised (Södersten et al. 2018)
RoW America,RoW America,America,Chemical,land_use,km2,0.062431810592327025,2022,EXIOBASE v3.8.2 IOT_2022_ixi with Danish sea-transport reallocation (Rørmose Jensen & Iliev 2022) and capital endogenised (Södersten et al. 2018)
EST,Estonia,Europe,Paper Products,climate_change,kt CO2eq,0.0623397729353896,2022,EXIOBASE v3.8.2 IOT_2022_ixi with Danish sea-transport reallocation (Rørmose Jensen & Iliev 2022) and capital endogenised (Södersten et al. 2018)
BEL,Belgium,Europe,Chemical,blue_water_consumption,Mm3,0.06224265943954515,2022,EXIOBASE v3.8.2 IOT_2022_ixi with Danish sea-transport reallocation (Rørmose Jensen & Iliev 2022) and capital endogenised (Södersten et al. 2018)
CHN,China,Asia and Pacific,Minerals and Metals,waste_generation,kt,0.0621400688178195,2022,EXIOBASE v3.8.2 IOT_2022_ixi with Danish sea-transport reallocation (Rørmose Jensen & Iliev 2022) and capital endogenised (Södersten et al. 2018)
RoW Africa,RoW Africa,Africa,Furniture and timber,blue_water_consumption,Mm3,0.06203026165282462,2022,EXIOBASE v3.8.2 IOT_2022_ixi with Danish sea-transport reallocation (Rørmose Jensen & Iliev 2022) and capital endogenised (Södersten et al. 2018)
IND,India,Asia and Pacific,Non-metallic mineral products,waste_generation,kt,0.061982112328191806,2022,EXIOBASE v3.8.2 IOT_2022_ixi with Danish sea-transport reallocation (Rørmose Jensen & Iliev 2022) and capital endogenised (Södersten et al. 2018)
MLT,Malta,Europe,Minerals and Metals,climate_change,kt CO2eq,0.06181547532419943,2022,EXIOBASE v3.8.2 IOT_2022_ixi with Danish sea-transport reallocation (Rørmose Jensen & Iliev 2022) and capital endogenised (Södersten et al. 2018)
CZE,Czech Republic,Europe,Transport Equipment,climate_change,kt CO2eq,0.06141264165074775,2022,EXIOBASE v3.8.2 IOT_2022_ixi with Danish sea-transport reallocation (Rørmose Jensen & Iliev 2022) and capital endogenised (Södersten et al. 2018)
ITA,Italy,Europe,Chemical,blue_water_consumption,Mm3,0.06130236476485896,2022,EXIOBASE v3.8.2 IOT_2022_ixi with Danish sea-transport reallocation (Rørmose Jensen & Iliev 2022) and capital endogenised (Södersten et al. 2018)
RoW Africa,RoW Africa,Africa,Paper Products,waste_generation,kt,0.060616193218296456,2022,EXIOBASE v3.8.2 IOT_2022_ixi with Danish sea-transport reallocation (Rørmose Jensen & Iliev 2022) and capital endogenised (Södersten et al. 2018)
LVA,Latvia,Europe,Construction,climate_change,kt CO2eq,0.06055878172311022,2022,EXIOBASE v3.8.2 IOT_2022_ixi with Danish sea-transport reallocation (Rørmose Jensen & Iliev 2022) and capital endogenised (Södersten et al. 2018)
RoW Africa,RoW Africa,Africa,Paper Products,climate_change,kt CO2eq,0.060272747767848446,2022,EXIOBASE v3.8.2 IOT_2022_ixi with Danish sea-transport reallocation (Rørmose Jensen & Iliev 2022) and capital endogenised (Södersten et al. 2018)
IND,India,Asia and Pacific,Services,waste_generation,kt,0.06016913311691214,2022,EXIOBASE v3.8.2 IOT_2022_ixi with Danish sea-transport reallocation (Rørmose Jensen & Iliev 2022) and capital endogenised (Södersten et al. 2018)
POL,Poland,Europe,Services,blue_water_consumption,Mm3,0.060041414143762614,2022,EXIOBASE v3.8.2 IOT_2022_ixi with Danish sea-transport reallocation (Rørmose Jensen & Iliev 2022) and capital endogenised (Södersten et al. 2018)
DEU,Germany,Europe,Transport Equipment,material_extraction,kt,0.05993397999005286,2022,EXIOBASE v3.8.2 IOT_2022_ixi with Danish sea-transport reallocation (Rørmose Jensen & Iliev 2022) and capital endogenised (Södersten et al. 2018)
POL,Poland,Europe,Furniture and timber,land_use,km2,0.05962743495163508,2022,EXIOBASE v3.8.2 IOT_2022_ixi with Danish sea-transport reallocation (Rørmose Jensen & Iliev 2022) and capital endogenised (Södersten et al. 2018)
TUR,Turkey,Middle East,Textile,waste_generation,kt,0.05957571413240767,2022,EXIOBASE v3.8.2 IOT_2022_ixi with Danish sea-transport reallocation (Rørmose Jensen & Iliev 2022) and capital endogenised (Södersten et al. 2018)
PRT,Portugal,Europe,Textile,climate_change,kt CO2eq,0.05955894405340736,2022,EXIOBASE v3.8.2 IOT_2022_ixi with Danish sea-transport reallocation (Rørmose Jensen & Iliev 2022) and capital endogenised (Södersten et al. 2018)
CAN,Canada,America,Food and catering,blue_water_consumption,Mm3,0.05897952959416933,2022,EXIOBASE v3.8.2 IOT_2022_ixi with Danish sea-transport reallocation (Rørmose Jensen & Iliev 2022) and capital endogenised (Södersten et al. 2018)
SVN,Slovenia,Europe,Food and catering,waste_generation,kt,0.05890153664086457,2022,EXIOBASE v3.8.2 IOT_2022_ixi with Danish sea-transport reallocation (Rørmose Jensen & Iliev 2022) and capital endogenised (Södersten et al. 2018)
NOR,Norway,Europe,Paper Products,climate_change,kt CO2eq,0.05822285504461819,2022,EXIOBASE v3.8.2 IOT_2022_ixi with Danish sea-transport reallocation (Rørmose Jensen & Iliev 2022) and capital endogenised (Södersten et al. 2018)
LTU,Lithuania,Europe,Metal Products,climate_change,kt CO2eq,0.058178184732838485,2022,EXIOBASE v3.8.2 IOT_2022_ixi with Danish sea-transport reallocation (Rørmose Jensen & Iliev 2022) and capital endogenised (Södersten et al. 2018)
CZE,Czech Republic,Europe,Textile,climate_change,kt CO2eq,0.05802043154239005,2022,EXIOBASE v3.8.2 IOT_2022_ixi with Danish sea-transport reallocation (Rørmose Jensen & Iliev 2022) and capital endogenised (Södersten et al. 2018)
LVA,Latvia,Europe,Food and catering,waste_generation,kt,0.05774551449406496,2022,EXIOBASE v3.8.2 IOT_2022_ixi with Danish sea-transport reallocation (Rørmose Jensen & Iliev 2022) and capital endogenised (Södersten et al. 2018)
RoW Africa,RoW Africa,Africa,Non-metallic mineral products,land_use,km2,0.057699493663777815,2022,EXIOBASE v3.8.2 IOT_2022_ixi with Danish sea-transport reallocation (Rørmose Jensen & Iliev 2022) and capital endogenised (Södersten et al. 2018)
RoW Asia and Pacific,RoW Asia and Pacific,Asia and Pacific,"Electrical, electronic and measuring equipment",waste_generation,kt,0.05751351118348569,2022,EXIOBASE v3.8.2 IOT_2022_ixi with Danish sea-transport reallocation (Rørmose Jensen & Iliev 2022) and capital endogenised (Södersten et al. 2018)
FRA,France,Europe,Services,waste_generation,kt,0.05749663966052237,2022,EXIOBASE v3.8.2 IOT_2022_ixi with Danish sea-transport reallocation (Rørmose Jensen & Iliev 2022) and capital endogenised (Södersten et al. 2018)
SVN,Slovenia,Europe,Chemical,waste_generation,kt,0.057370248719200795,2022,EXIOBASE v3.8.2 IOT_2022_ixi with Danish sea-transport reallocation (Rørmose Jensen & Iliev 2022) and capital endogenised (Södersten et al. 2018)
RoW Middle East,RoW Middle East,Middle East,Textile,material_extraction,kt,0.05731310051201502,2022,EXIOBASE v3.8.2 IOT_2022_ixi with Danish sea-transport reallocation (Rørmose Jensen & Iliev 2022) and capital endogenised (Södersten et al. 2018)
PRT,Portugal,Europe,Waste management and disposal,waste_generation,kt,0.057300494914801846,2022,EXIOBASE v3.8.2 IOT_2022_ixi with Danish sea-transport reallocation (Rørmose Jensen & Iliev 2022) and capital endogenised (Södersten et al. 2018)
SWE,Sweden,Europe,Paper Products,blue_water_consumption,Mm3,0.05697788757747199,2022,EXIOBASE v3.8.2 IOT_2022_ixi with Danish sea-transport reallocation (Rørmose Jensen & Iliev 2022) and capital endogenised (Södersten et al. 2018)
POL,Poland,Europe,Transport Equipment,land_use,km2,0.05680452592284022,2022,EXIOBASE v3.8.2 IOT_2022_ixi with Danish sea-transport reallocation (Rørmose Jensen & Iliev 2022) and capital endogenised (Södersten et al. 2018)
IND,India,Asia and Pacific,Paper Products,blue_water_consumption,Mm3,0.05671191596427125,2022,EXIOBASE v3.8.2 IOT_2022_ixi with Danish sea-transport reallocation (Rørmose Jensen & Iliev 2022) and capital endogenised (Södersten et al. 2018)
MEX,Mexico,America,Paper Products,climate_change,kt CO2eq,0.05661901905949567,2022,EXIOBASE v3.8.2 IOT_2022_ixi with Danish sea-transport reallocation (Rørmose Jensen & Iliev 2022) and capital endogenised (Södersten et al. 2018)
KOR,South Korea,Asia and Pacific,Construction,climate_change,kt CO2eq,0.05649443013268494,2022,EXIOBASE v3.8.2 IOT_2022_ixi with Danish sea-transport reallocation (Rørmose Jensen & Iliev 2022) and capital endogenised (Södersten et al. 2018)
CYP,Cyprus,Middle East,Waste management and disposal,climate_change,kt CO2eq,0.056451642206589284,2022,EXIOBASE v3.8.2 IOT_2022_ixi with Danish sea-transport reallocation (Rørmose Jensen & Iliev 2022) and capital endogenised (Södersten et al. 2018)
CHE,Switzerland,Europe,"Electrical, electronic and measuring equipment",climate_change,kt CO2eq,0.05612403903188646,2022,EXIOBASE v3.8.2 IOT_2022_ixi with Danish sea-transport reallocation (Rørmose Jensen & Iliev 2022) and capital endogenised (Södersten et al. 2018)
RoW Middle East,RoW Middle East,Middle East,Paper Products,material_extraction,kt,0.05540811303315943,2022,EXIOBASE v3.8.2 IOT_2022_ixi with Danish sea-transport reallocation (Rørmose Jensen & Iliev 2022) and capital endogenised (Södersten et al. 2018)
RoW Africa,RoW Africa,Africa,Services,blue_water_consumption,Mm3,0.05514030045828354,2022,EXIOBASE v3.8.2 IOT_2022_ixi with Danish sea-transport reallocation (Rørmose Jensen & Iliev 2022) and capital endogenised (Södersten et al. 2018)
BRA,Brazil,America,Textile,climate_change,kt CO2eq,0.05509041448670998,2022,EXIOBASE v3.8.2 IOT_2022_ixi with Danish sea-transport reallocation (Rørmose Jensen & Iliev 2022) and capital endogenised (Södersten et al. 2018)
RoW Asia and Pacific,RoW Asia and Pacific,Asia and Pacific,Chemical,blue_water_consumption,Mm3,0.0550840926832599,2022,EXIOBASE v3.8.2 IOT_2022_ixi with Danish sea-transport reallocation (Rørmose Jensen & Iliev 2022) and capital endogenised (Södersten et al. 2018)
CHE,Switzerland,Europe,General and special Machinery,climate_change,kt CO2eq,0.05505251973517238,2022,EXIOBASE v3.8.2 IOT_2022_ixi with Danish sea-transport reallocation (Rørmose Jensen & Iliev 2022) and capital endogenised (Södersten et al. 2018)
IND,India,Asia and Pacific,Coal and Petroleum,waste_generation,kt,0.05490318667684416,2022,EXIOBASE v3.8.2 IOT_2022_ixi with Danish sea-transport reallocation (Rørmose Jensen & Iliev 2022) and capital endogenised (Södersten et al. 2018)
BEL,Belgium,Europe,Waste management and disposal,land_use,km2,0.054858361364737054,2022,EXIOBASE v3.8.2 IOT_2022_ixi with Danish sea-transport reallocation (Rørmose Jensen & Iliev 2022) and capital endogenised (Södersten et al. 2018)
FRA,France,Europe,Textile,climate_change,kt CO2eq,0.05482271459085744,2022,EXIOBASE v3.8.2 IOT_2022_ixi with Danish sea-transport reallocation (Rørmose Jensen & Iliev 2022) and capital endogenised (Södersten et al. 2018)
LTU,Lithuania,Europe,Textile,climate_change,kt CO2eq,0.05467356815887302,2022,EXIOBASE v3.8.2 IOT_2022_ixi with Danish sea-transport reallocation (Rørmose Jensen & Iliev 2022) and capital endogenised (Södersten et al. 2018)
POL,Poland,Europe,Transport,waste_generation,kt,0.05432332730074845,2022,EXIOBASE v3.8.2 IOT_2022_ixi with Danish sea-transport reallocation (Rørmose Jensen & Iliev 2022) and capital endogenised (Södersten et al. 2018)
SVK,Slovakia,Europe,Food and catering,waste_generation,kt,0.054239178278167925,2022,EXIOBASE v3.8.2 IOT_2022_ixi with Danish sea-transport reallocation (Rørmose Jensen & Iliev 2022) and capital endogenised (Södersten et al. 2018)
SVK,Slovakia,Europe,Paper Products,climate_change,kt CO2eq,0.053967411677902886,2022,EXIOBASE v3.8.2 IOT_2022_ixi with Danish sea-transport reallocation (Rørmose Jensen & Iliev 2022) and capital endogenised (Södersten et al. 2018)
RoW Africa,RoW Africa,Africa,General and special Machinery,climate_change,kt CO2eq,0.053725083637627194,2022,EXIOBASE v3.8.2 IOT_2022_ixi with Danish sea-transport reallocation (Rørmose Jensen & Iliev 2022) and capital endogenised (Södersten et al. 2018)
TUR,Turkey,Middle East,Electricity,waste_generation,kt,0.05361150378033366,2022,EXIOBASE v3.8.2 IOT_2022_ixi with Danish sea-transport reallocation (Rørmose Jensen & Iliev 2022) and capital endogenised (Södersten et al. 2018)
LVA,Latvia,Europe,Construction,waste_generation,kt,0.053561327086015124,2022,EXIOBASE v3.8.2 IOT_2022_ixi with Danish sea-transport reallocation (Rørmose Jensen & Iliev 2022) and capital endogenised (Södersten et al. 2018)
USA,United States,America,Electricity,blue_water_consumption,Mm3,0.05337658625585722,2022,EXIOBASE v3.8.2 IOT_2022_ixi with Danish sea-transport reallocation (Rørmose Jensen & Iliev 2022) and capital endogenised (Södersten et al. 2018)
LTU,Lithuania,Europe,Paper Products,climate_change,kt CO2eq,0.05330349109780024,2022,EXIOBASE v3.8.2 IOT_2022_ixi with Danish sea-transport reallocation (Rørmose Jensen & Iliev 2022) and capital endogenised (Södersten et al. 2018)
SVN,Slovenia,Europe,Furniture and timber,climate_change,kt CO2eq,0.053080277434344916,2022,EXIOBASE v3.8.2 IOT_2022_ixi with Danish sea-transport reallocation (Rørmose Jensen & Iliev 2022) and capital endogenised (Södersten et al. 2018)
RoW America,RoW America,America,Non-metallic mineral products,land_use,km2,0.05307998351734257,2022,EXIOBASE v3.8.2 IOT_2022_ixi with Danish sea-transport reallocation (Rørmose Jensen & Iliev 2022) and capital endogenised (Södersten et al. 2018)
HRV,Croatia,Europe,Food and catering,waste_generation,kt,0.05307783012223226,2022,EXIOBASE v3.8.2 IOT_2022_ixi with Danish sea-transport reallocation (Rørmose Jensen & Iliev 2022) and capital endogenised (Södersten et al. 2018)
CHN,China,Asia and Pacific,Electricity,blue_water_consumption,Mm3,0.05273834254096134,2022,EXIOBASE v3.8.2 IOT_2022_ixi with Danish sea-transport reallocation (Rørmose Jensen & Iliev 2022) and capital endogenised (Södersten et al. 2018)
RoW Europe,RoW Europe,Europe,Construction,land_use,km2,0.0525630015269035,2022,EXIOBASE v3.8.2 IOT_2022_ixi with Danish sea-transport reallocation (Rørmose Jensen & Iliev 2022) and capital endogenised (Södersten et al. 2018)
RoW America,RoW America,America,Transport Equipment,climate_change,kt CO2eq,0.052350477231155004,2022,EXIOBASE v3.8.2 IOT_2022_ixi with Danish sea-transport reallocation (Rørmose Jensen & Iliev 2022) and capital endogenised (Södersten et al. 2018)
ROU,Romania,Europe,Electricity,waste_generation,kt,0.05214839742518144,2022,EXIOBASE v3.8.2 IOT_2022_ixi with Danish sea-transport reallocation (Rørmose Jensen & Iliev 2022) and capital endogenised (Södersten et al. 2018)
RUS,Russia,Europe,Electricity,blue_water_consumption,Mm3,0.05211516473420455,2022,EXIOBASE v3.8.2 IOT_2022_ixi with Danish sea-transport reallocation (Rørmose Jensen & Iliev 2022) and capital endogenised (Södersten et al. 2018)
RoW Asia and Pacific,RoW Asia and Pacific,Asia and Pacific,Natural gas and gaseous fuels,waste_generation,kt,0.051951616578710544,2022,EXIOBASE v3.8.2 IOT_2022_ixi with Danish sea-transport reallocation (Rørmose Jensen & Iliev 2022) and capital endogenised (Södersten et al. 2018)
BEL,Belgium,Europe,General and special Machinery,climate_change,kt CO2eq,0.05186650850506482,2022,EXIOBASE v3.8.2 IOT_2022_ixi with Danish sea-transport reallocation (Rørmose Jensen & Iliev 2022) and capital endogenised (Södersten et al. 2018)
ESP,Spain,Europe,Textile,land_use,km2,0.05142998607081167,2022,EXIOBASE v3.8.2 IOT_2022_ixi with Danish sea-transport reallocation (Rørmose Jensen & Iliev 2022) and capital endogenised (Södersten et al. 2018)
HUN,Hungary,Europe,General and special Machinery,climate_change,kt CO2eq,0.05112003089653943,2022,EXIOBASE v3.8.2 IOT_2022_ixi with Danish sea-transport reallocation (Rørmose Jensen & Iliev 2022) and capital endogenised (Södersten et al. 2018)
USA,United States,America,Chemical,material_extraction,kt,0.0509317388384159,2022,EXIOBASE v3.8.2 IOT_2022_ixi with Danish sea-transport reallocation (Rørmose Jensen & Iliev 2022) and capital endogenised (Södersten et al. 2018)
RoW Middle East,RoW Middle East,Middle East,Services,waste_generation,kt,0.05067547702530504,2022,EXIOBASE v3.8.2 IOT_2022_ixi with Danish sea-transport reallocation (Rørmose Jensen & Iliev 2022) and capital endogenised (Södersten et al. 2018)
MEX,Mexico,America,General and special Machinery,climate_change,kt CO2eq,0.05048564209547772,2022,EXIOBASE v3.8.2 IOT_2022_ixi with Danish sea-transport reallocation (Rørmose Jensen & Iliev 2022) and capital endogenised (Södersten et al. 2018)
AUS,Australia,Asia and Pacific,Metal Products,waste_generation,kt,0.05037417286279748,2022,EXIOBASE v3.8.2 IOT_2022_ixi with Danish sea-transport reallocation (Rørmose Jensen & Iliev 2022) and capital endogenised (Södersten et al. 2018)
TUR,Turkey,Middle East,Services,waste_generation,kt,0.05028301735512441,2022,EXIOBASE v3.8.2 IOT_2022_ixi with Danish sea-transport reallocation (Rørmose Jensen & Iliev 2022) and capital endogenised (Södersten et al. 2018)
ESP,Spain,Europe,Services,blue_water_consumption,Mm3,0.049972569069561365,2022,EXIOBASE v3.8.2 IOT_2022_ixi with Danish sea-transport reallocation (Rørmose Jensen & Iliev 2022) and capital endogenised (Södersten et al. 2018)
ROU,Romania,Europe,Chemical,waste_generation,kt,0.04992560639018231,2022,EXIOBASE v3.8.2 IOT_2022_ixi with Danish sea-transport reallocation (Rørmose Jensen & Iliev 2022) and capital endogenised (Södersten et al. 2018)
BEL,Belgium,Europe,Food and catering,blue_water_consumption,Mm3,0.049656960548599895,2022,EXIOBASE v3.8.2 IOT_2022_ixi with Danish sea-transport reallocation (Rørmose Jensen & Iliev 2022) and capital endogenised (Södersten et al. 2018)
CAN,Canada,America,Natural gas and gaseous fuels,material_extraction,kt,0.04962221779409371,2022,EXIOBASE v3.8.2 IOT_2022_ixi with Danish sea-transport reallocation (Rørmose Jensen & Iliev 2022) and capital endogenised (Södersten et al. 2018)
USA,United States,America,Furniture and timber,waste_generation,kt,0.0495839962810118,2022,EXIOBASE v3.8.2 IOT_2022_ixi with Danish sea-transport reallocation (Rørmose Jensen & Iliev 2022) and capital endogenised (Södersten et al. 2018)
RoW Asia and Pacific,RoW Asia and Pacific,Asia and Pacific,Construction,land_use,km2,0.04955903248648284,2022,EXIOBASE v3.8.2 IOT_2022_ixi with Danish sea-transport reallocation (Rørmose Jensen & Iliev 2022) and capital endogenised (Södersten et al. 2018)
FIN,Finland,Europe,Chemical,blue_water_consumption,Mm3,0.04931161621455463,2022,EXIOBASE v3.8.2 IOT_2022_ixi with Danish sea-transport reallocation (Rørmose Jensen & Iliev 2022) and capital endogenised (Södersten et al. 2018)
USA,United States,America,Construction,waste_generation,kt,0.04920275365007158,2022,EXIOBASE v3.8.2 IOT_2022_ixi with Danish sea-transport reallocation (Rørmose Jensen & Iliev 2022) and capital endogenised (Södersten et al. 2018)
TUR,Turkey,Middle East,Metal Products,blue_water_consumption,Mm3,0.049192430272635014,2022,EXIOBASE v3.8.2 IOT_2022_ixi with Danish sea-transport reallocation (Rørmose Jensen & Iliev 2022) and capital endogenised (Södersten et al. 2018)
LVA,Latvia,Europe,Chemical,blue_water_consumption,Mm3,0.049085214833377064,2022,EXIOBASE v3.8.2 IOT_2022_ixi with Danish sea-transport reallocation (Rørmose Jensen & Iliev 2022) and capital endogenised (Södersten et al. 2018)
AUS,Australia,Asia and Pacific,Transport Equipment,climate_change,kt CO2eq,0.049027501229960684,2022,EXIOBASE v3.8.2 IOT_2022_ixi with Danish sea-transport reallocation (Rørmose Jensen & Iliev 2022) and capital endogenised (Södersten et al. 2018)
EST,Estonia,Europe,Coal and Petroleum,material_extraction,kt,0.04899671619683174,2022,EXIOBASE v3.8.2 IOT_2022_ixi with Danish sea-transport reallocation (Rørmose Jensen & Iliev 2022) and capital endogenised (Södersten et al. 2018)
NLD,Netherlands,Europe,Chemical,blue_water_consumption,Mm3,0.04899202273052123,2022,EXIOBASE v3.8.2 IOT_2022_ixi with Danish sea-transport reallocation (Rørmose Jensen & Iliev 2022) and capital endogenised (Södersten et al. 2018)
ITA,Italy,Europe,Non-metallic mineral products,waste_generation,kt,0.048846263740442736,2022,EXIOBASE v3.8.2 IOT_2022_ixi with Danish sea-transport reallocation (Rørmose Jensen & Iliev 2022) and capital endogenised (Södersten et al. 2018)
RUS,Russia,Europe,Metal Products,blue_water_consumption,Mm3,0.04860166255782315,2022,EXIOBASE v3.8.2 IOT_2022_ixi with Danish sea-transport reallocation (Rørmose Jensen & Iliev 2022) and capital endogenised (Södersten et al. 2018)
USA,United States,America,Services,waste_generation,kt,0.04859390619492126,2022,EXIOBASE v3.8.2 IOT_2022_ixi with Danish sea-transport reallocation (Rørmose Jensen & Iliev 2022) and capital endogenised (Södersten et al. 2018)
RoW Asia and Pacific,RoW Asia and Pacific,Asia and Pacific,Textile,waste_generation,kt,0.04858432422153905,2022,EXIOBASE v3.8.2 IOT_2022_ixi with Danish sea-transport reallocation (Rørmose Jensen & Iliev 2022) and capital endogenised (Södersten et al. 2018)
DEU,Germany,Europe,Metal Products,blue_water_consumption,Mm3,0.04853497579354191,2022,EXIOBASE v3.8.2 IOT_2022_ixi with Danish sea-transport reallocation (Rørmose Jensen & Iliev 2022) and capital endogenised (Södersten et al. 2018)
GRC,Greece,Europe,Metal Products,waste_generation,kt,0.047945494286752086,2022,EXIOBASE v3.8.2 IOT_2022_ixi with Danish sea-transport reallocation (Rørmose Jensen & Iliev 2022) and capital endogenised (Södersten et al. 2018)
HRV,Croatia,Europe,Minerals and Metals,climate_change,kt CO2eq,0.047935127040515675,2022,EXIOBASE v3.8.2 IOT_2022_ixi with Danish sea-transport reallocation (Rørmose Jensen & Iliev 2022) and capital endogenised (Södersten et al. 2018)
HUN,Hungary,Europe,Chemical,material_extraction,kt,0.047892942878089664,2022,EXIOBASE v3.8.2 IOT_2022_ixi with Danish sea-transport reallocation (Rørmose Jensen & Iliev 2022) and capital endogenised (Södersten et al. 2018)
RoW Asia and Pacific,RoW Asia and Pacific,Asia and Pacific,Paper Products,blue_water_consumption,Mm3,0.04785743224899703,2022,EXIOBASE v3.8.2 IOT_2022_ixi with Danish sea-transport reallocation (Rørmose Jensen & Iliev 2022) and capital endogenised (Södersten et al. 2018)
ROU,Romania,Europe,Transport Equipment,climate_change,kt CO2eq,0.04755139806977705,2022,EXIOBASE v3.8.2 IOT_2022_ixi with Danish sea-transport reallocation (Rørmose Jensen & Iliev 2022) and capital endogenised (Södersten et al. 2018)
AUT,Austria,Europe,Services,waste_generation,kt,0.047249480024474544,2022,EXIOBASE v3.8.2 IOT_2022_ixi with Danish sea-transport reallocation (Rørmose Jensen & Iliev 2022) and capital endogenised (Södersten et al. 2018)
RUS,Russia,Europe,Chemical,blue_water_consumption,Mm3,0.04697659048533471,2022,EXIOBASE v3.8.2 IOT_2022_ixi with Danish sea-transport reallocation (Rørmose Jensen & Iliev 2022) and capital endogenised (Södersten et al. 2018)
DEU,Germany,Europe,Natural gas and gaseous fuels,waste_generation,kt,0.04696623240929144,2022,EXIOBASE v3.8.2 IOT_2022_ixi with Danish sea-transport reallocation (Rørmose Jensen & Iliev 2022) and capital endogenised (Södersten et al. 2018)
RoW Asia and Pacific,RoW Asia and Pacific,Asia and Pacific,"Electrical, electronic and measuring equipment",material_extraction,kt,0.04667643279643418,2022,EXIOBASE v3.8.2 IOT_2022_ixi with Danish sea-transport reallocation (Rørmose Jensen & Iliev 2022) and capital endogenised (Södersten et al. 2018)
SWE,Sweden,Europe,Food and catering,blue_water_consumption,Mm3,0.04664662545773447,2022,EXIOBASE v3.8.2 IOT_2022_ixi with Danish sea-transport reallocation (Rørmose Jensen & Iliev 2022) and capital endogenised (Södersten et al. 2018)
CZE,Czech Republic,Europe,"Steam, hot water supply and water distribution",waste_generation,kt,0.046609627843435815,2022,EXIOBASE v3.8.2 IOT_2022_ixi with Danish sea-transport reallocation (Rørmose Jensen & Iliev 2022) and capital endogenised (Södersten et al. 2018)
USA,United States,America,General and special Machinery,waste_generation,kt,0.04630729289163709,2022,EXIOBASE v3.8.2 IOT_2022_ixi with Danish sea-transport reallocation (Rørmose Jensen & Iliev 2022) and capital endogenised (Södersten et al. 2018)
HUN,Hungary,Europe,Transport,material_extraction,kt,0.0462791423653713,2022,EXIOBASE v3.8.2 IOT_2022_ixi with Danish sea-transport reallocation (Rørmose Jensen & Iliev 2022) and capital endogenised (Södersten et al. 2018)
RoW Asia and Pacific,RoW Asia and Pacific,Asia and Pacific,"Steam, hot water supply and water distribution",material_extraction,kt,0.04625997369681379,2022,EXIOBASE v3.8.2 IOT_2022_ixi with Danish sea-transport reallocation (Rørmose Jensen & Iliev 2022) and capital endogenised (Södersten et al. 2018)
SWE,Sweden,Europe,"Steam, hot water supply and water distribution",waste_generation,kt,0.046033512498824605,2022,EXIOBASE v3.8.2 IOT_2022_ixi with Danish sea-transport reallocation (Rørmose Jensen & Iliev 2022) and capital endogenised (Södersten et al. 2018)
NLD,Netherlands,Europe,Non-metallic mineral products,waste_generation,kt,0.04562003997984178,2022,EXIOBASE v3.8.2 IOT_2022_ixi with Danish sea-transport reallocation (Rørmose Jensen & Iliev 2022) and capital endogenised (Södersten et al. 2018)
RoW Middle East,RoW Middle East,Middle East,Metal Products,waste_generation,kt,0.045412544637467515,2022,EXIOBASE v3.8.2 IOT_2022_ixi with Danish sea-transport reallocation (Rørmose Jensen & Iliev 2022) and capital endogenised (Södersten et al. 2018)
SVK,Slovakia,Europe,Food and catering,blue_water_consumption,Mm3,0.04525637971628377,2022,EXIOBASE v3.8.2 IOT_2022_ixi with Danish sea-transport reallocation (Rørmose Jensen & Iliev 2022) and capital endogenised (Södersten et al. 2018)
GRC,Greece,Europe,Electricity,blue_water_consumption,Mm3,0.045022340655476396,2022,EXIOBASE v3.8.2 IOT_2022_ixi with Danish sea-transport reallocation (Rørmose Jensen & Iliev 2022) and capital endogenised (Södersten et al. 2018)
CZE,Czech Republic,Europe,Waste management and disposal,waste_generation,kt,0.044955194361714884,2022,EXIOBASE v3.8.2 IOT_2022_ixi with Danish sea-transport reallocation (Rørmose Jensen & Iliev 2022) and capital endogenised (Södersten et al. 2018)
AUS,Australia,Asia and Pacific,Paper Products,waste_generation,kt,0.044840274421004515,2022,EXIOBASE v3.8.2 IOT_2022_ixi with Danish sea-transport reallocation (Rørmose Jensen & Iliev 2022) and capital endogenised (Södersten et al. 2018)
RoW America,RoW America,America,Services,waste_generation,kt,0.04464796332330873,2022,EXIOBASE v3.8.2 IOT_2022_ixi with Danish sea-transport reallocation (Rørmose Jensen & Iliev 2022) and capital endogenised (Södersten et al. 2018)
RoW America,RoW America,America,Construction,waste_generation,kt,0.04462751460735497,2022,EXIOBASE v3.8.2 IOT_2022_ixi with Danish sea-transport reallocation (Rørmose Jensen & Iliev 2022) and capital endogenised (Södersten et al. 2018)
CYP,Cyprus,Middle East,Food and catering,climate_change,kt CO2eq,0.04455879346052203,2022,EXIOBASE v3.8.2 IOT_2022_ixi with Danish sea-transport reallocation (Rørmose Jensen & Iliev 2022) and capital endogenised (Södersten et al. 2018)
BRA,Brazil,America,Transport Equipment,climate_change,kt CO2eq,0.04430951018117987,2022,EXIOBASE v3.8.2 IOT_2022_ixi with Danish sea-transport reallocation (Rørmose Jensen & Iliev 2022) and capital endogenised (Södersten et al. 2018)
MLT,Malta,Europe,Services,climate_change,kt CO2eq,0.04428274260436836,2022,EXIOBASE v3.8.2 IOT_2022_ixi with Danish sea-transport reallocation (Rørmose Jensen & Iliev 2022) and capital endogenised (Södersten et al. 2018)
ROU,Romania,Europe,Metal Products,waste_generation,kt,0.04425608758975721,2022,EXIOBASE v3.8.2 IOT_2022_ixi with Danish sea-transport reallocation (Rørmose Jensen & Iliev 2022) and capital endogenised (Södersten et al. 2018)
RoW Europe,RoW Europe,Europe,Natural gas and gaseous fuels,land_use,km2,0.044154472144527245,2022,EXIOBASE v3.8.2 IOT_2022_ixi with Danish sea-transport reallocation (Rørmose Jensen & Iliev 2022) and capital endogenised (Södersten et al. 2018)
KOR,South Korea,Asia and Pacific,Textile,climate_change,kt CO2eq,0.04391547166256233,2022,EXIOBASE v3.8.2 IOT_2022_ixi with Danish sea-transport reallocation (Rørmose Jensen & Iliev 2022) and capital endogenised (Södersten et al. 2018)
EST,Estonia,Europe,Natural gas and gaseous fuels,material_extraction,kt,0.04323976393445091,2022,EXIOBASE v3.8.2 IOT_2022_ixi with Danish sea-transport reallocation (Rørmose Jensen & Iliev 2022) and capital endogenised (Södersten et al. 2018)
RUS,Russia,Europe,Furniture and timber,material_extraction,kt,0.04319519188250299,2022,EXIOBASE v3.8.2 IOT_2022_ixi with Danish sea-transport reallocation (Rørmose Jensen & Iliev 2022) and capital endogenised (Södersten et al. 2018)
CZE,Czech Republic,Europe,Coal and Petroleum,material_extraction,kt,0.04287975042529874,2022,EXIOBASE v3.8.2 IOT_2022_ixi with Danish sea-transport reallocation (Rørmose Jensen & Iliev 2022) and capital endogenised (Södersten et al. 2018)
IRL,Ireland,Europe,Chemical,waste_generation,kt,0.042643841803455915,2022,EXIOBASE v3.8.2 IOT_2022_ixi with Danish sea-transport reallocation (Rørmose Jensen & Iliev 2022) and capital endogenised (Södersten et al. 2018)
TWN,Taiwan,Asia and Pacific,General and special Machinery,climate_change,kt CO2eq,0.04261705371808674,2022,EXIOBASE v3.8.2 IOT_2022_ixi with Danish sea-transport reallocation (Rørmose Jensen & Iliev 2022) and capital endogenised (Södersten et al. 2018)
POL,Poland,Europe,Electricity,blue_water_consumption,Mm3,0.0424022879946079,2022,EXIOBASE v3.8.2 IOT_2022_ixi with Danish sea-transport reallocation (Rørmose Jensen & Iliev 2022) and capital endogenised (Södersten et al. 2018)
RoW Middle East,RoW Middle East,Middle East,Transport Equipment,material_extraction,kt,0.042297925651860066,2022,EXIOBASE v3.8.2 IOT_2022_ixi with Danish sea-transport reallocation (Rørmose Jensen & Iliev 2022) and capital endogenised (Södersten et al. 2018)
SWE,Sweden,Europe,Transport,waste_generation,kt,0.04223301316461932,2022,EXIOBASE v3.8.2 IOT_2022_ixi with Danish sea-transport reallocation (Rørmose Jensen & Iliev 2022) and capital endogenised (Södersten et al. 2018)
RoW Asia and Pacific,RoW Asia and Pacific,Asia and Pacific,Coal and Petroleum,land_use,km2,0.04203373470755352,2022,EXIOBASE v3.8.2 IOT_2022_ixi with Danish sea-transport reallocation (Rørmose Jensen & Iliev 2022) and capital endogenised (Södersten et al. 2018)
IND,India,Asia and Pacific,Textile,blue_water_consumption,Mm3,0.041996773318918434,2022,EXIOBASE v3.8.2 IOT_2022_ixi with Danish sea-transport reallocation (Rørmose Jensen & Iliev 2022) and capital endogenised (Södersten et al. 2018)
CAN,Canada,America,General and special Machinery,waste_generation,kt,0.04198001587485079,2022,EXIOBASE v3.8.2 IOT_2022_ixi with Danish sea-transport reallocation (Rørmose Jensen & Iliev 2022) and capital endogenised (Södersten et al. 2018)
BGR,Bulgaria,Europe,Natural gas and gaseous fuels,climate_change,kt CO2eq,0.04154112871366859,2022,EXIOBASE v3.8.2 IOT_2022_ixi with Danish sea-transport reallocation (Rørmose Jensen & Iliev 2022) and capital endogenised (Södersten et al. 2018)
SVN,Slovenia,Europe,Natural gas and gaseous fuels,climate_change,kt CO2eq,0.04150994199396507,2022,EXIOBASE v3.8.2 IOT_2022_ixi with Danish sea-transport reallocation (Rørmose Jensen & Iliev 2022) and capital endogenised (Södersten et al. 2018)
NLD,Netherlands,Europe,Minerals and Metals,climate_change,kt CO2eq,0.04148442789632055,2022,EXIOBASE v3.8.2 IOT_2022_ixi with Danish sea-transport reallocation (Rørmose Jensen & Iliev 2022) and capital endogenised (Södersten et al. 2018)
FRA,France,Europe,Furniture and timber,waste_generation,kt,0.04104441563431732,2022,EXIOBASE v3.8.2 IOT_2022_ixi with Danish sea-transport reallocation (Rørmose Jensen & Iliev 2022) and capital endogenised (Södersten et al. 2018)
DEU,Germany,Europe,General and special Machinery,waste_generation,kt,0.04102821650948693,2022,EXIOBASE v3.8.2 IOT_2022_ixi with Danish sea-transport reallocation (Rørmose Jensen & Iliev 2022) and capital endogenised (Södersten et al. 2018)
SVN,Slovenia,Europe,Construction,climate_change,kt CO2eq,0.040860350565918704,2022,EXIOBASE v3.8.2 IOT_2022_ixi with Danish sea-transport reallocation (Rørmose Jensen & Iliev 2022) and capital endogenised (Södersten et al. 2018)
POL,Poland,Europe,"Electrical, electronic and measuring equipment",waste_generation,kt,0.04056272975932347,2022,EXIOBASE v3.8.2 IOT_2022_ixi with Danish sea-transport reallocation (Rørmose Jensen & Iliev 2022) and capital endogenised (Södersten et al. 2018)
RoW America,RoW America,America,"Electrical, electronic and measuring equipment",climate_change,kt CO2eq,0.04033384996985431,2022,EXIOBASE v3.8.2 IOT_2022_ixi with Danish sea-transport reallocation (Rørmose Jensen & Iliev 2022) and capital endogenised (Södersten et al. 2018)
AUS,Australia,Asia and Pacific,General and special Machinery,climate_change,kt CO2eq,0.03997821473973947,2022,EXIOBASE v3.8.2 IOT_2022_ixi with Danish sea-transport reallocation (Rørmose Jensen & Iliev 2022) and capital endogenised (Södersten et al. 2018)
CZE,Czech Republic,Europe,Services,waste_generation,kt,0.039446174613943334,2022,EXIOBASE v3.8.2 IOT_2022_ixi with Danish sea-transport reallocation (Rørmose Jensen & Iliev 2022) and capital endogenised (Södersten et al. 2018)
RoW Africa,RoW Africa,Africa,Textile,blue_water_consumption,Mm3,0.0393325122535315,2022,EXIOBASE v3.8.2 IOT_2022_ixi with Danish sea-transport reallocation (Rørmose Jensen & Iliev 2022) and capital endogenised (Södersten et al. 2018)
LTU,Lithuania,Europe,Furniture and timber,land_use,km2,0.03930123302503107,2022,EXIOBASE v3.8.2 IOT_2022_ixi with Danish sea-transport reallocation (Rørmose Jensen & Iliev 2022) and capital endogenised (Södersten et al. 2018)
CYP,Cyprus,Middle East,Minerals and Metals,climate_change,kt CO2eq,0.039238649743759756,2022,EXIOBASE v3.8.2 IOT_2022_ixi with Danish sea-transport reallocation (Rørmose Jensen & Iliev 2022) and capital endogenised (Södersten et al. 2018)
MLT,Malta,Europe,Food and catering,land_use,km2,0.03910400197377092,2022,EXIOBASE v3.8.2 IOT_2022_ixi with Danish sea-transport reallocation (Rørmose Jensen & Iliev 2022) and capital endogenised (Södersten et al. 2018)
CAN,Canada,America,Metal Products,material_extraction,kt,0.038975428321648145,2022,EXIOBASE v3.8.2 IOT_2022_ixi with Danish sea-transport reallocation (Rørmose Jensen & Iliev 2022) and capital endogenised (Södersten et al. 2018)
ESP,Spain,Europe,Services,waste_generation,kt,0.038918934919800245,2022,EXIOBASE v3.8.2 IOT_2022_ixi with Danish sea-transport reallocation (Rørmose Jensen & Iliev 2022) and capital endogenised (Södersten et al. 2018)
RUS,Russia,Europe,Non-metallic mineral products,land_use,km2,0.03889515083846779,2022,EXIOBASE v3.8.2 IOT_2022_ixi with Danish sea-transport reallocation (Rørmose Jensen & Iliev 2022) and capital endogenised (Södersten et al. 2018)
ZAF,South Africa,Africa,Paper Products,waste_generation,kt,0.03887324382527083,2022,EXIOBASE v3.8.2 IOT_2022_ixi with Danish sea-transport reallocation (Rørmose Jensen & Iliev 2022) and capital endogenised (Södersten et al. 2018)
SVN,Slovenia,Europe,Electricity,waste_generation,kt,0.03877483005805786,2022,EXIOBASE v3.8.2 IOT_2022_ixi with Danish sea-transport reallocation (Rørmose Jensen & Iliev 2022) and capital endogenised (Södersten et al. 2018)
RoW Europe,RoW Europe,Europe,Furniture and timber,waste_generation,kt,0.03875353864884382,2022,EXIOBASE v3.8.2 IOT_2022_ixi with Danish sea-transport reallocation (Rørmose Jensen & Iliev 2022) and capital endogenised (Södersten et al. 2018)
MLT,Malta,Europe,Food and catering,climate_change,kt CO2eq,0.03867009158574991,2022,EXIOBASE v3.8.2 IOT_2022_ixi with Danish sea-transport reallocation (Rørmose Jensen & Iliev 2022) and capital endogenised (Södersten et al. 2018)
BGR,Bulgaria,Europe,Construction,climate_change,kt CO2eq,0.03842303286833138,2022,EXIOBASE v3.8.2 IOT_2022_ixi with Danish sea-transport reallocation (Rørmose Jensen & Iliev 2022) and capital endogenised (Södersten et al. 2018)
BEL,Belgium,Europe,Textile,land_use,km2,0.03825056075928354,2022,EXIOBASE v3.8.2 IOT_2022_ixi with Danish sea-transport reallocation (Rørmose Jensen & Iliev 2022) and capital endogenised (Södersten et al. 2018)
RoW Europe,RoW Europe,Europe,General and special Machinery,waste_generation,kt,0.03796792676364806,2022,EXIOBASE v3.8.2 IOT_2022_ixi with Danish sea-transport reallocation (Rørmose Jensen & Iliev 2022) and capital endogenised (Södersten et al. 2018)
GBR,United Kingdom,Europe,"Steam, hot water supply and water distribution",climate_change,kt CO2eq,0.03775409630774531,2022,EXIOBASE v3.8.2 IOT_2022_ixi with Danish sea-transport reallocation (Rørmose Jensen & Iliev 2022) and capital endogenised (Södersten et al. 2018)
PRT,Portugal,Europe,Electricity,waste_generation,kt,0.037713877412926436,2022,EXIOBASE v3.8.2 IOT_2022_ixi with Danish sea-transport reallocation (Rørmose Jensen & Iliev 2022) and capital endogenised (Södersten et al. 2018)
CAN,Canada,America,Transport Equipment,waste_generation,kt,0.03757481278875093,2022,EXIOBASE v3.8.2 IOT_2022_ixi with Danish sea-transport reallocation (Rørmose Jensen & Iliev 2022) and capital endogenised (Södersten et al. 2018)
DNK,Denmark,Denmark,Minerals and Metals,waste_generation,kt,0.03755186921050952,2022,EXIOBASE v3.8.2 IOT_2022_ixi with Danish sea-transport reallocation (Rørmose Jensen & Iliev 2022) and capital endogenised (Södersten et al. 2018)
GBR,United Kingdom,Europe,Furniture and timber,waste_generation,kt,0.03744280895084488,2022,EXIOBASE v3.8.2 IOT_2022_ixi with Danish sea-transport reallocation (Rørmose Jensen & Iliev 2022) and capital endogenised (Södersten et al. 2018)
NOR,Norway,Europe,Chemical,blue_water_consumption,Mm3,0.03740656524127444,2022,EXIOBASE v3.8.2 IOT_2022_ixi with Danish sea-transport reallocation (Rørmose Jensen & Iliev 2022) and capital endogenised (Södersten et al. 2018)
MEX,Mexico,America,Metal Products,blue_water_consumption,Mm3,0.03734570993814749,2022,EXIOBASE v3.8.2 IOT_2022_ixi with Danish sea-transport reallocation (Rørmose Jensen & Iliev 2022) and capital endogenised (Södersten et al. 2018)
TUR,Turkey,Middle East,Services,land_use,km2,0.03715050728700819,2022,EXIOBASE v3.8.2 IOT_2022_ixi with Danish sea-transport reallocation (Rørmose Jensen & Iliev 2022) and capital endogenised (Södersten et al. 2018)
ZAF,South Africa,Africa,Furniture and timber,climate_change,kt CO2eq,0.03711318803845341,2022,EXIOBASE v3.8.2 IOT_2022_ixi with Danish sea-transport reallocation (Rørmose Jensen & Iliev 2022) and capital endogenised (Södersten et al. 2018)
GBR,United Kingdom,Europe,Metal Products,blue_water_consumption,Mm3,0.03706939184122063,2022,EXIOBASE v3.8.2 IOT_2022_ixi with Danish sea-transport reallocation (Rørmose Jensen & Iliev 2022) and capital endogenised (Södersten et al. 2018)
FRA,France,Europe,Services,land_use,km2,0.036968790942903076,2022,EXIOBASE v3.8.2 IOT_2022_ixi with Danish sea-transport reallocation (Rørmose Jensen & Iliev 2022) and capital endogenised (Södersten et al. 2018)
RoW America,RoW America,America,Transport Equipment,material_extraction,kt,0.036506026621285236,2022,EXIOBASE v3.8.2 IOT_2022_ixi with Danish sea-transport reallocation (Rørmose Jensen & Iliev 2022) and capital endogenised (Södersten et al. 2018)
POL,Poland,Europe,Metal Products,land_use,km2,0.03638697619422092,2022,EXIOBASE v3.8.2 IOT_2022_ixi with Danish sea-transport reallocation (Rørmose Jensen & Iliev 2022) and capital endogenised (Södersten et al. 2018)
IDN,Indonesia,Asia and Pacific,Paper Products,waste_generation,kt,0.036053717378987646,2022,EXIOBASE v3.8.2 IOT_2022_ixi with Danish sea-transport reallocation (Rørmose Jensen & Iliev 2022) and capital endogenised (Södersten et al. 2018)
IRL,Ireland,Europe,Food and catering,blue_water_consumption,Mm3,0.03604988760679491,2022,EXIOBASE v3.8.2 IOT_2022_ixi with Danish sea-transport reallocation (Rørmose Jensen & Iliev 2022) and capital endogenised (Södersten et al. 2018)
LTU,Lithuania,Europe,Food and catering,waste_generation,kt,0.036022449593154184,2022,EXIOBASE v3.8.2 IOT_2022_ixi with Danish sea-transport reallocation (Rørmose Jensen & Iliev 2022) and capital endogenised (Södersten et al. 2018)
NOR,Norway,Europe,Construction,climate_change,kt CO2eq,0.0359492017235488,2022,EXIOBASE v3.8.2 IOT_2022_ixi with Danish sea-transport reallocation (Rørmose Jensen & Iliev 2022) and capital endogenised (Södersten et al. 2018)
RUS,Russia,Europe,Waste management and disposal,waste_generation,kt,0.035936848949158835,2022,EXIOBASE v3.8.2 IOT_2022_ixi with Danish sea-transport reallocation (Rørmose Jensen & Iliev 2022) and capital endogenised (Södersten et al. 2018)
ROU,Romania,Europe,Furniture and timber,climate_change,kt CO2eq,0.035906663285921014,2022,EXIOBASE v3.8.2 IOT_2022_ixi with Danish sea-transport reallocation (Rørmose Jensen & Iliev 2022) and capital endogenised (Södersten et al. 2018)
USA,United States,America,Non-metallic mineral products,waste_generation,kt,0.03579465910532992,2022,EXIOBASE v3.8.2 IOT_2022_ixi with Danish sea-transport reallocation (Rørmose Jensen & Iliev 2022) and capital endogenised (Södersten et al. 2018)
GRC,Greece,Europe,Services,land_use,km2,0.03563667303645899,2022,EXIOBASE v3.8.2 IOT_2022_ixi with Danish sea-transport reallocation (Rørmose Jensen & Iliev 2022) and capital endogenised (Södersten et al. 2018)
RoW Asia and Pacific,RoW Asia and Pacific,Asia and Pacific,Metal Products,land_use,km2,0.03553566477034486,2022,EXIOBASE v3.8.2 IOT_2022_ixi with Danish sea-transport reallocation (Rørmose Jensen & Iliev 2022) and capital endogenised (Södersten et al. 2018)
CAN,Canada,America,Transport Equipment,climate_change,kt CO2eq,0.03534024455516716,2022,EXIOBASE v3.8.2 IOT_2022_ixi with Danish sea-transport reallocation (Rørmose Jensen & Iliev 2022) and capital endogenised (Södersten et al. 2018)
ROU,Romania,Europe,"Electrical, electronic and measuring equipment",climate_change,kt CO2eq,0.03520925048749482,2022,EXIOBASE v3.8.2 IOT_2022_ixi with Danish sea-transport reallocation (Rørmose Jensen & Iliev 2022) and capital endogenised (Södersten et al. 2018)
POL,Poland,Europe,Paper Products,material_extraction,kt,0.0347845554228921,2022,EXIOBASE v3.8.2 IOT_2022_ixi with Danish sea-transport reallocation (Rørmose Jensen & Iliev 2022) and capital endogenised (Södersten et al. 2018)
RoW Africa,RoW Africa,Africa,Non-metallic mineral products,blue_water_consumption,Mm3,0.03447144398384981,2022,EXIOBASE v3.8.2 IOT_2022_ixi with Danish sea-transport reallocation (Rørmose Jensen & Iliev 2022) and capital endogenised (Södersten et al. 2018)
SVN,Slovenia,Europe,Chemical,material_extraction,kt,0.03442787005960846,2022,EXIOBASE v3.8.2 IOT_2022_ixi with Danish sea-transport reallocation (Rørmose Jensen & Iliev 2022) and capital endogenised (Södersten et al. 2018)
ITA,Italy,Europe,Metal Products,blue_water_consumption,Mm3,0.034423847619715314,2022,EXIOBASE v3.8.2 IOT_2022_ixi with Danish sea-transport reallocation (Rørmose Jensen & Iliev 2022) and capital endogenised (Södersten et al. 2018)
GRC,Greece,Europe,Non-metallic mineral products,waste_generation,kt,0.0341744231357414,2022,EXIOBASE v3.8.2 IOT_2022_ixi with Danish sea-transport reallocation (Rørmose Jensen & Iliev 2022) and capital endogenised (Södersten et al. 2018)
ITA,Italy,Europe,Services,blue_water_consumption,Mm3,0.034114189478387034,2022,EXIOBASE v3.8.2 IOT_2022_ixi with Danish sea-transport reallocation (Rørmose Jensen & Iliev 2022) and capital endogenised (Södersten et al. 2018)
CHN,China,Asia and Pacific,Non-metallic mineral products,blue_water_consumption,Mm3,0.0341053723737338,2022,EXIOBASE v3.8.2 IOT_2022_ixi with Danish sea-transport reallocation (Rørmose Jensen & Iliev 2022) and capital endogenised (Södersten et al. 2018)
ESP,Spain,Europe,Furniture and timber,waste_generation,kt,0.03403552603744586,2022,EXIOBASE v3.8.2 IOT_2022_ixi with Danish sea-transport reallocation (Rørmose Jensen & Iliev 2022) and capital endogenised (Södersten et al. 2018)
EST,Estonia,Europe,Textile,climate_change,kt CO2eq,0.03399584236832929,2022,EXIOBASE v3.8.2 IOT_2022_ixi with Danish sea-transport reallocation (Rørmose Jensen & Iliev 2022) and capital endogenised (Södersten et al. 2018)
RoW Asia and Pacific,RoW Asia and Pacific,Asia and Pacific,Furniture and timber,waste_generation,kt,0.03376508764940225,2022,EXIOBASE v3.8.2 IOT_2022_ixi with Danish sea-transport reallocation (Rørmose Jensen & Iliev 2022) and capital endogenised (Södersten et al. 2018)
ESP,Spain,Europe,Coal and Petroleum,waste_generation,kt,0.03372589350786337,2022,EXIOBASE v3.8.2 IOT_2022_ixi with Danish sea-transport reallocation (Rørmose Jensen & Iliev 2022) and capital endogenised (Södersten et al. 2018)
ROU,Romania,Europe,General and special Machinery,climate_change,kt CO2eq,0.03366626202327892,2022,EXIOBASE v3.8.2 IOT_2022_ixi with Danish sea-transport reallocation (Rørmose Jensen & Iliev 2022) and capital endogenised (Södersten et al. 2018)
GRC,Greece,Europe,Chemical,waste_generation,kt,0.03353670122045869,2022,EXIOBASE v3.8.2 IOT_2022_ixi with Danish sea-transport reallocation (Rørmose Jensen & Iliev 2022) and capital endogenised (Södersten et al. 2018)
POL,Poland,Europe,Transport,land_use,km2,0.033519463541142706,2022,EXIOBASE v3.8.2 IOT_2022_ixi with Danish sea-transport reallocation (Rørmose Jensen & Iliev 2022) and capital endogenised (Södersten et al. 2018)
IDN,Indonesia,Asia and Pacific,Electricity,waste_generation,kt,0.0333809927566022,2022,EXIOBASE v3.8.2 IOT_2022_ixi with Danish sea-transport reallocation (Rørmose Jensen & Iliev 2022) and capital endogenised (Södersten et al. 2018)
GBR,United Kingdom,Europe,Textile,land_use,km2,0.03330734269393035,2022,EXIOBASE v3.8.2 IOT_2022_ixi with Danish sea-transport reallocation (Rørmose Jensen & Iliev 2022) and capital endogenised (Södersten et al. 2018)
RUS,Russia,Europe,Textile,land_use,km2,0.03290749535565657,2022,EXIOBASE v3.8.2 IOT_2022_ixi with Danish sea-transport reallocation (Rørmose Jensen & Iliev 2022) and capital endogenised (Södersten et al. 2018)
DNK,Denmark,Denmark,Non-metallic mineral products,blue_water_consumption,Mm3,0.032580601734658786,2022,EXIOBASE v3.8.2 IOT_2022_ixi with Danish sea-transport reallocation (Rørmose Jensen & Iliev 2022) and capital endogenised (Södersten et al. 2018)
CHE,Switzerland,Europe,Electricity,climate_change,kt CO2eq,0.03245859826602725,2022,EXIOBASE v3.8.2 IOT_2022_ixi with Danish sea-transport reallocation (Rørmose Jensen & Iliev 2022) and capital endogenised (Södersten et al. 2018)
RoW Europe,RoW Europe,Europe,"Electrical, electronic and measuring equipment",waste_generation,kt,0.03243263130904091,2022,EXIOBASE v3.8.2 IOT_2022_ixi with Danish sea-transport reallocation (Rørmose Jensen & Iliev 2022) and capital endogenised (Södersten et al. 2018)
LVA,Latvia,Europe,Food and catering,blue_water_consumption,Mm3,0.03231022232682908,2022,EXIOBASE v3.8.2 IOT_2022_ixi with Danish sea-transport reallocation (Rørmose Jensen & Iliev 2022) and capital endogenised (Södersten et al. 2018)
TUR,Turkey,Middle East,"Electrical, electronic and measuring equipment",climate_change,kt CO2eq,0.03226351573994537,2022,EXIOBASE v3.8.2 IOT_2022_ixi with Danish sea-transport reallocation (Rørmose Jensen & Iliev 2022) and capital endogenised (Södersten et al. 2018)
RoW Asia and Pacific,RoW Asia and Pacific,Asia and Pacific,Transport Equipment,waste_generation,kt,0.032226779710154,2022,EXIOBASE v3.8.2 IOT_2022_ixi with Danish sea-transport reallocation (Rørmose Jensen & Iliev 2022) and capital endogenised (Södersten et al. 2018)
DNK,Denmark,Denmark,Metal Products,land_use,km2,0.03217620546345549,2022,EXIOBASE v3.8.2 IOT_2022_ixi with Danish sea-transport reallocation (Rørmose Jensen & Iliev 2022) and capital endogenised (Södersten et al. 2018)
CAN,Canada,America,Furniture and timber,waste_generation,kt,0.03215606202962216,2022,EXIOBASE v3.8.2 IOT_2022_ixi with Danish sea-transport reallocation (Rørmose Jensen & Iliev 2022) and capital endogenised (Södersten et al. 2018)
ITA,Italy,Europe,Furniture and timber,climate_change,kt CO2eq,0.032137263422494226,2022,EXIOBASE v3.8.2 IOT_2022_ixi with Danish sea-transport reallocation (Rørmose Jensen & Iliev 2022) and capital endogenised (Södersten et al. 2018)
DEU,Germany,Europe,Textile,waste_generation,kt,0.03207271178660052,2022,EXIOBASE v3.8.2 IOT_2022_ixi with Danish sea-transport reallocation (Rørmose Jensen & Iliev 2022) and capital endogenised (Södersten et al. 2018)
GBR,United Kingdom,Europe,Non-metallic mineral products,waste_generation,kt,0.03206095008947983,2022,EXIOBASE v3.8.2 IOT_2022_ixi with Danish sea-transport reallocation (Rørmose Jensen & Iliev 2022) and capital endogenised (Södersten et al. 2018)
SWE,Sweden,Europe,General and special Machinery,waste_generation,kt,0.0319496337093764,2022,EXIOBASE v3.8.2 IOT_2022_ixi with Danish sea-transport reallocation (Rørmose Jensen & Iliev 2022) and capital endogenised (Södersten et al. 2018)
GBR,United Kingdom,Europe,Electricity,blue_water_consumption,Mm3,0.03172875279967006,2022,EXIOBASE v3.8.2 IOT_2022_ixi with Danish sea-transport reallocation (Rørmose Jensen & Iliev 2022) and capital endogenised (Södersten et al. 2018)
RoW Asia and Pacific,RoW Asia and Pacific,Asia and Pacific,Furniture and timber,blue_water_consumption,Mm3,0.031698975294771906,2022,EXIOBASE v3.8.2 IOT_2022_ixi with Danish sea-transport reallocation (Rørmose Jensen & Iliev 2022) and capital endogenised (Södersten et al. 2018)
RoW Europe,RoW Europe,Europe,Minerals and Metals,waste_generation,kt,0.03161049121447802,2022,EXIOBASE v3.8.2 IOT_2022_ixi with Danish sea-transport reallocation (Rørmose Jensen & Iliev 2022) and capital endogenised (Södersten et al. 2018)
ROU,Romania,Europe,Coal and Petroleum,waste_generation,kt,0.03161046740031041,2022,EXIOBASE v3.8.2 IOT_2022_ixi with Danish sea-transport reallocation (Rørmose Jensen & Iliev 2022) and capital endogenised (Södersten et al. 2018)
RoW Europe,RoW Europe,Europe,Non-metallic mineral products,land_use,km2,0.031389320973259284,2022,EXIOBASE v3.8.2 IOT_2022_ixi with Danish sea-transport reallocation (Rørmose Jensen & Iliev 2022) and capital endogenised (Södersten et al. 2018)
NOR,Norway,Europe,Paper Products,blue_water_consumption,Mm3,0.03131016346473869,2022,EXIOBASE v3.8.2 IOT_2022_ixi with Danish sea-transport reallocation (Rørmose Jensen & Iliev 2022) and capital endogenised (Södersten et al. 2018)
BRA,Brazil,America,Construction,waste_generation,kt,0.03122522110472945,2022,EXIOBASE v3.8.2 IOT_2022_ixi with Danish sea-transport reallocation (Rørmose Jensen & Iliev 2022) and capital endogenised (Södersten et al. 2018)
PRT,Portugal,Europe,Metal Products,waste_generation,kt,0.031197474238035074,2022,EXIOBASE v3.8.2 IOT_2022_ixi with Danish sea-transport reallocation (Rørmose Jensen & Iliev 2022) and capital endogenised (Södersten et al. 2018)
SWE,Sweden,Europe,Food and catering,material_extraction,kt,0.031117899907164275,2022,EXIOBASE v3.8.2 IOT_2022_ixi with Danish sea-transport reallocation (Rørmose Jensen & Iliev 2022) and capital endogenised (Södersten et al. 2018)
SVK,Slovakia,Europe,"Electrical, electronic and measuring equipment",waste_generation,kt,0.03087662013823901,2022,EXIOBASE v3.8.2 IOT_2022_ixi with Danish sea-transport reallocation (Rørmose Jensen & Iliev 2022) and capital endogenised (Södersten et al. 2018)
IND,India,Asia and Pacific,Textile,waste_generation,kt,0.030875673578643962,2022,EXIOBASE v3.8.2 IOT_2022_ixi with Danish sea-transport reallocation (Rørmose Jensen & Iliev 2022) and capital endogenised (Södersten et al. 2018)
SWE,Sweden,Europe,Construction,climate_change,kt CO2eq,0.030769579028772146,2022,EXIOBASE v3.8.2 IOT_2022_ixi with Danish sea-transport reallocation (Rørmose Jensen & Iliev 2022) and capital endogenised (Södersten et al. 2018)
RoW Africa,RoW Africa,Africa,Coal and Petroleum,land_use,km2,0.030726119035909043,2022,EXIOBASE v3.8.2 IOT_2022_ixi with Danish sea-transport reallocation (Rørmose Jensen & Iliev 2022) and capital endogenised (Södersten et al. 2018)
FIN,Finland,Europe,Paper Products,blue_water_consumption,Mm3,0.03056683279445265,2022,EXIOBASE v3.8.2 IOT_2022_ixi with Danish sea-transport reallocation (Rørmose Jensen & Iliev 2022) and capital endogenised (Södersten et al. 2018)
SVK,Slovakia,Europe,Transport,waste_generation,kt,0.030358341189006034,2022,EXIOBASE v3.8.2 IOT_2022_ixi with Danish sea-transport reallocation (Rørmose Jensen & Iliev 2022) and capital endogenised (Södersten et al. 2018)
SVK,Slovakia,Europe,Electricity,climate_change,kt CO2eq,0.03028210038232888,2022,EXIOBASE v3.8.2 IOT_2022_ixi with Danish sea-transport reallocation (Rørmose Jensen & Iliev 2022) and capital endogenised (Södersten et al. 2018)
DEU,Germany,Europe,Paper Products,blue_water_consumption,Mm3,0.03020169416796391,2022,EXIOBASE v3.8.2 IOT_2022_ixi with Danish sea-transport reallocation (Rørmose Jensen & Iliev 2022) and capital endogenised (Södersten et al. 2018)
LVA,Latvia,Europe,Electricity,climate_change,kt CO2eq,0.030156072045733798,2022,EXIOBASE v3.8.2 IOT_2022_ixi with Danish sea-transport reallocation (Rørmose Jensen & Iliev 2022) and capital endogenised (Södersten et al. 2018)
BGR,Bulgaria,Europe,Services,material_extraction,kt,0.030134154884965826,2022,EXIOBASE v3.8.2 IOT_2022_ixi with Danish sea-transport reallocation (Rørmose Jensen & Iliev 2022) and capital endogenised (Södersten et al. 2018)
CZE,Czech Republic,Europe,Non-metallic mineral products,waste_generation,kt,0.030032185311419858,2022,EXIOBASE v3.8.2 IOT_2022_ixi with Danish sea-transport reallocation (Rørmose Jensen & Iliev 2022) and capital endogenised (Södersten et al. 2018)
BEL,Belgium,Europe,Non-metallic mineral products,blue_water_consumption,Mm3,0.03000583427625794,2022,EXIOBASE v3.8.2 IOT_2022_ixi with Danish sea-transport reallocation (Rørmose Jensen & Iliev 2022) and capital endogenised (Södersten et al. 2018)
BGR,Bulgaria,Europe,Metal Products,waste_generation,kt,0.029921598207798192,2022,EXIOBASE v3.8.2 IOT_2022_ixi with Danish sea-transport reallocation (Rørmose Jensen & Iliev 2022) and capital endogenised (Södersten et al. 2018)
BGR,Bulgaria,Europe,Transport Equipment,climate_change,kt CO2eq,0.029909431821233914,2022,EXIOBASE v3.8.2 IOT_2022_ixi with Danish sea-transport reallocation (Rørmose Jensen & Iliev 2022) and capital endogenised (Södersten et al. 2018)
HUN,Hungary,Europe,Food and catering,blue_water_consumption,Mm3,0.02986746027887158,2022,EXIOBASE v3.8.2 IOT_2022_ixi with Danish sea-transport reallocation (Rørmose Jensen & Iliev 2022) and capital endogenised (Södersten et al. 2018)
CZE,Czech Republic,Europe,"Electrical, electronic and measuring equipment",material_extraction,kt,0.02977974075888272,2022,EXIOBASE v3.8.2 IOT_2022_ixi with Danish sea-transport reallocation (Rørmose Jensen & Iliev 2022) and capital endogenised (Södersten et al. 2018)
ZAF,South Africa,Africa,Services,waste_generation,kt,0.029776634613079424,2022,EXIOBASE v3.8.2 IOT_2022_ixi with Danish sea-transport reallocation (Rørmose Jensen & Iliev 2022) and capital endogenised (Södersten et al. 2018)
TUR,Turkey,Middle East,General and special Machinery,climate_change,kt CO2eq,0.02969699978825446,2022,EXIOBASE v3.8.2 IOT_2022_ixi with Danish sea-transport reallocation (Rørmose Jensen & Iliev 2022) and capital endogenised (Södersten et al. 2018)
IND,India,Asia and Pacific,Electricity,blue_water_consumption,Mm3,0.02964002138379663,2022,EXIOBASE v3.8.2 IOT_2022_ixi with Danish sea-transport reallocation (Rørmose Jensen & Iliev 2022) and capital endogenised (Södersten et al. 2018)
POL,Poland,Europe,General and special Machinery,waste_generation,kt,0.029583771742896385,2022,EXIOBASE v3.8.2 IOT_2022_ixi with Danish sea-transport reallocation (Rørmose Jensen & Iliev 2022) and capital endogenised (Södersten et al. 2018)
RoW Middle East,RoW Middle East,Middle East,Electricity,blue_water_consumption,Mm3,0.0295784613971249,2022,EXIOBASE v3.8.2 IOT_2022_ixi with Danish sea-transport reallocation (Rørmose Jensen & Iliev 2022) and capital endogenised (Södersten et al. 2018)
HUN,Hungary,Europe,Metal Products,waste_generation,kt,0.029547811865309005,2022,EXIOBASE v3.8.2 IOT_2022_ixi with Danish sea-transport reallocation (Rørmose Jensen & Iliev 2022) and capital endogenised (Södersten et al. 2018)
USA,United States,America,Metal Products,blue_water_consumption,Mm3,0.02943249892036664,2022,EXIOBASE v3.8.2 IOT_2022_ixi with Danish sea-transport reallocation (Rørmose Jensen & Iliev 2022) and capital endogenised (Södersten et al. 2018)
LVA,Latvia,Europe,Waste management and disposal,waste_generation,kt,0.029203833468649614,2022,EXIOBASE v3.8.2 IOT_2022_ixi with Danish sea-transport reallocation (Rørmose Jensen & Iliev 2022) and capital endogenised (Södersten et al. 2018)
RoW America,RoW America,America,General and special Machinery,land_use,km2,0.02915326047506535,2022,EXIOBASE v3.8.2 IOT_2022_ixi with Danish sea-transport reallocation (Rørmose Jensen & Iliev 2022) and capital endogenised (Södersten et al. 2018)
AUS,Australia,Asia and Pacific,Coal and Petroleum,waste_generation,kt,0.028967049568710147,2022,EXIOBASE v3.8.2 IOT_2022_ixi with Danish sea-transport reallocation (Rørmose Jensen & Iliev 2022) and capital endogenised (Södersten et al. 2018)
RoW Asia and Pacific,RoW Asia and Pacific,Asia and Pacific,General and special Machinery,waste_generation,kt,0.028942037200753456,2022,EXIOBASE v3.8.2 IOT_2022_ixi with Danish sea-transport reallocation (Rørmose Jensen & Iliev 2022) and capital endogenised (Södersten et al. 2018)
MEX,Mexico,America,Coal and Petroleum,waste_generation,kt,0.02887680175535548,2022,EXIOBASE v3.8.2 IOT_2022_ixi with Danish sea-transport reallocation (Rørmose Jensen & Iliev 2022) and capital endogenised (Södersten et al. 2018)
RoW Middle East,RoW Middle East,Middle East,"Electrical, electronic and measuring equipment",material_extraction,kt,0.028764193845724415,2022,EXIOBASE v3.8.2 IOT_2022_ixi with Danish sea-transport reallocation (Rørmose Jensen & Iliev 2022) and capital endogenised (Södersten et al. 2018)
ZAF,South Africa,Africa,Natural gas and gaseous fuels,material_extraction,kt,0.028636470539656986,2022,EXIOBASE v3.8.2 IOT_2022_ixi with Danish sea-transport reallocation (Rørmose Jensen & Iliev 2022) and capital endogenised (Södersten et al. 2018)
NLD,Netherlands,Europe,"Steam, hot water supply and water distribution",waste_generation,kt,0.0285398104224238,2022,EXIOBASE v3.8.2 IOT_2022_ixi with Danish sea-transport reallocation (Rørmose Jensen & Iliev 2022) and capital endogenised (Södersten et al. 2018)
BRA,Brazil,America,Construction,climate_change,kt CO2eq,0.02851659210384312,2022,EXIOBASE v3.8.2 IOT_2022_ixi with Danish sea-transport reallocation (Rørmose Jensen & Iliev 2022) and capital endogenised (Södersten et al. 2018)
ZAF,South Africa,Africa,General and special Machinery,climate_change,kt CO2eq,0.028481719087316296,2022,EXIOBASE v3.8.2 IOT_2022_ixi with Danish sea-transport reallocation (Rørmose Jensen & Iliev 2022) and capital endogenised (Södersten et al. 2018)
HUN,Hungary,Europe,Transport Equipment,climate_change,kt CO2eq,0.028467948379263478,2022,EXIOBASE v3.8.2 IOT_2022_ixi with Danish sea-transport reallocation (Rørmose Jensen & Iliev 2022) and capital endogenised (Södersten et al. 2018)
RoW Europe,RoW Europe,Europe,Transport Equipment,waste_generation,kt,0.02837338101087972,2022,EXIOBASE v3.8.2 IOT_2022_ixi with Danish sea-transport reallocation (Rørmose Jensen & Iliev 2022) and capital endogenised (Södersten et al. 2018)
RoW America,RoW America,America,Paper Products,waste_generation,kt,0.02822908023108897,2022,EXIOBASE v3.8.2 IOT_2022_ixi with Danish sea-transport reallocation (Rørmose Jensen & Iliev 2022) and capital endogenised (Södersten et al. 2018)
RoW Asia and Pacific,RoW Asia and Pacific,Asia and Pacific,Paper Products,material_extraction,kt,0.0282130904743869,2022,EXIOBASE v3.8.2 IOT_2022_ixi with Danish sea-transport reallocation (Rørmose Jensen & Iliev 2022) and capital endogenised (Södersten et al. 2018)
PRT,Portugal,Europe,"Electrical, electronic and measuring equipment",climate_change,kt CO2eq,0.028082880546960714,2022,EXIOBASE v3.8.2 IOT_2022_ixi with Danish sea-transport reallocation (Rørmose Jensen & Iliev 2022) and capital endogenised (Södersten et al. 2018)
SWE,Sweden,Europe,Non-metallic mineral products,waste_generation,kt,0.028053267788805174,2022,EXIOBASE v3.8.2 IOT_2022_ixi with Danish sea-transport reallocation (Rørmose Jensen & Iliev 2022) and capital endogenised (Södersten et al. 2018)
FIN,Finland,Europe,Furniture and timber,waste_generation,kt,0.02776585054506732,2022,EXIOBASE v3.8.2 IOT_2022_ixi with Danish sea-transport reallocation (Rørmose Jensen & Iliev 2022) and capital endogenised (Södersten et al. 2018)
RoW Asia and Pacific,RoW Asia and Pacific,Asia and Pacific,"Electrical, electronic and measuring equipment",blue_water_consumption,Mm3,0.02775177674384903,2022,EXIOBASE v3.8.2 IOT_2022_ixi with Danish sea-transport reallocation (Rørmose Jensen & Iliev 2022) and capital endogenised (Södersten et al. 2018)
JPN,Japan,Asia and Pacific,Coal and Petroleum,waste_generation,kt,0.027334371913165487,2022,EXIOBASE v3.8.2 IOT_2022_ixi with Danish sea-transport reallocation (Rørmose Jensen & Iliev 2022) and capital endogenised (Södersten et al. 2018)
ZAF,South Africa,Africa,Waste management and disposal,climate_change,kt CO2eq,0.02728369336568361,2022,EXIOBASE v3.8.2 IOT_2022_ixi with Danish sea-transport reallocation (Rørmose Jensen & Iliev 2022) and capital endogenised (Södersten et al. 2018)
IND,India,Asia and Pacific,General and special Machinery,waste_generation,kt,0.027253576291146924,2022,EXIOBASE v3.8.2 IOT_2022_ixi with Danish sea-transport reallocation (Rørmose Jensen & Iliev 2022) and capital endogenised (Södersten et al. 2018)
ROU,Romania,Europe,Construction,climate_change,kt CO2eq,0.02721687163760146,2022,EXIOBASE v3.8.2 IOT_2022_ixi with Danish sea-transport reallocation (Rørmose Jensen & Iliev 2022) and capital endogenised (Södersten et al. 2018)
HUN,Hungary,Europe,"Electrical, electronic and measuring equipment",waste_generation,kt,0.02708381438595136,2022,EXIOBASE v3.8.2 IOT_2022_ixi with Danish sea-transport reallocation (Rørmose Jensen & Iliev 2022) and capital endogenised (Södersten et al. 2018)
BGR,Bulgaria,Europe,Paper Products,climate_change,kt CO2eq,0.027073616260847578,2022,EXIOBASE v3.8.2 IOT_2022_ixi with Danish sea-transport reallocation (Rørmose Jensen & Iliev 2022) and capital endogenised (Södersten et al. 2018)
RoW Africa,RoW Africa,Africa,Construction,land_use,km2,0.02689648851914979,2022,EXIOBASE v3.8.2 IOT_2022_ixi with Danish sea-transport reallocation (Rørmose Jensen & Iliev 2022) and capital endogenised (Södersten et al. 2018)
RoW America,RoW America,America,Paper Products,material_extraction,kt,0.026889217613498648,2022,EXIOBASE v3.8.2 IOT_2022_ixi with Danish sea-transport reallocation (Rørmose Jensen & Iliev 2022) and capital endogenised (Södersten et al. 2018)
BRA,Brazil,America,"Electrical, electronic and measuring equipment",waste_generation,kt,0.02676402976785235,2022,EXIOBASE v3.8.2 IOT_2022_ixi with Danish sea-transport reallocation (Rørmose Jensen & Iliev 2022) and capital endogenised (Södersten et al. 2018)
RUS,Russia,Europe,Natural gas and gaseous fuels,land_use,km2,0.026453167815857097,2022,EXIOBASE v3.8.2 IOT_2022_ixi with Danish sea-transport reallocation (Rørmose Jensen & Iliev 2022) and capital endogenised (Södersten et al. 2018)
ZAF,South Africa,Africa,Non-metallic mineral products,waste_generation,kt,0.026443383572343767,2022,EXIOBASE v3.8.2 IOT_2022_ixi with Danish sea-transport reallocation (Rørmose Jensen & Iliev 2022) and capital endogenised (Södersten et al. 2018)
NOR,Norway,Europe,Non-metallic mineral products,blue_water_consumption,Mm3,0.026364941697941655,2022,EXIOBASE v3.8.2 IOT_2022_ixi with Danish sea-transport reallocation (Rørmose Jensen & Iliev 2022) and capital endogenised (Södersten et al. 2018)
TUR,Turkey,Middle East,Chemical,blue_water_consumption,Mm3,0.02613361387326287,2022,EXIOBASE v3.8.2 IOT_2022_ixi with Danish sea-transport reallocation (Rørmose Jensen & Iliev 2022) and capital endogenised (Södersten et al. 2018)
MEX,Mexico,America,Services,climate_change,kt CO2eq,0.025985492830229644,2022,EXIOBASE v3.8.2 IOT_2022_ixi with Danish sea-transport reallocation (Rørmose Jensen & Iliev 2022) and capital endogenised (Södersten et al. 2018)
FRA,France,Europe,Non-metallic mineral products,waste_generation,kt,0.025956253108590177,2022,EXIOBASE v3.8.2 IOT_2022_ixi with Danish sea-transport reallocation (Rørmose Jensen & Iliev 2022) and capital endogenised (Södersten et al. 2018)
SVK,Slovakia,Europe,Paper Products,land_use,km2,0.02576452964293993,2022,EXIOBASE v3.8.2 IOT_2022_ixi with Danish sea-transport reallocation (Rørmose Jensen & Iliev 2022) and capital endogenised (Södersten et al. 2018)
NLD,Netherlands,Europe,Services,land_use,km2,0.025751722476086706,2022,EXIOBASE v3.8.2 IOT_2022_ixi with Danish sea-transport reallocation (Rørmose Jensen & Iliev 2022) and capital endogenised (Södersten et al. 2018)
HRV,Croatia,Europe,Electricity,waste_generation,kt,0.02562267486044286,2022,EXIOBASE v3.8.2 IOT_2022_ixi with Danish sea-transport reallocation (Rørmose Jensen & Iliev 2022) and capital endogenised (Södersten et al. 2018)
PRT,Portugal,Europe,"Steam, hot water supply and water distribution",climate_change,kt CO2eq,0.025614090778212306,2022,EXIOBASE v3.8.2 IOT_2022_ixi with Danish sea-transport reallocation (Rørmose Jensen & Iliev 2022) and capital endogenised (Södersten et al. 2018)
RoW Africa,RoW Africa,Africa,Metal Products,material_extraction,kt,0.02559965203118282,2022,EXIOBASE v3.8.2 IOT_2022_ixi with Danish sea-transport reallocation (Rørmose Jensen & Iliev 2022) and capital endogenised (Södersten et al. 2018)
SVN,Slovenia,Europe,Metal Products,waste_generation,kt,0.02558525646271957,2022,EXIOBASE v3.8.2 IOT_2022_ixi with Danish sea-transport reallocation (Rørmose Jensen & Iliev 2022) and capital endogenised (Södersten et al. 2018)
FRA,France,Europe,Chemical,blue_water_consumption,Mm3,0.025491027163299658,2022,EXIOBASE v3.8.2 IOT_2022_ixi with Danish sea-transport reallocation (Rørmose Jensen & Iliev 2022) and capital endogenised (Södersten et al. 2018)
IRL,Ireland,Europe,Services,waste_generation,kt,0.025474707998912487,2022,EXIOBASE v3.8.2 IOT_2022_ixi with Danish sea-transport reallocation (Rørmose Jensen & Iliev 2022) and capital endogenised (Södersten et al. 2018)
GRC,Greece,Europe,Furniture and timber,climate_change,kt CO2eq,0.025315168804279017,2022,EXIOBASE v3.8.2 IOT_2022_ixi with Danish sea-transport reallocation (Rørmose Jensen & Iliev 2022) and capital endogenised (Södersten et al. 2018)
RUS,Russia,Europe,Electricity,material_extraction,kt,0.025216723574255133,2022,EXIOBASE v3.8.2 IOT_2022_ixi with Danish sea-transport reallocation (Rørmose Jensen & Iliev 2022) and capital endogenised (Södersten et al. 2018)
IND,India,Asia and Pacific,"Electrical, electronic and measuring equipment",waste_generation,kt,0.025083796341967342,2022,EXIOBASE v3.8.2 IOT_2022_ixi with Danish sea-transport reallocation (Rørmose Jensen & Iliev 2022) and capital endogenised (Södersten et al. 2018)
ROU,Romania,Europe,Textile,climate_change,kt CO2eq,0.025077186056259318,2022,EXIOBASE v3.8.2 IOT_2022_ixi with Danish sea-transport reallocation (Rørmose Jensen & Iliev 2022) and capital endogenised (Södersten et al. 2018)
BEL,Belgium,Europe,Electricity,blue_water_consumption,Mm3,0.02504385918810351,2022,EXIOBASE v3.8.2 IOT_2022_ixi with Danish sea-transport reallocation (Rørmose Jensen & Iliev 2022) and capital endogenised (Södersten et al. 2018)
RoW Asia and Pacific,RoW Asia and Pacific,Asia and Pacific,Transport,blue_water_consumption,Mm3,0.02501665123484772,2022,EXIOBASE v3.8.2 IOT_2022_ixi with Danish sea-transport reallocation (Rørmose Jensen & Iliev 2022) and capital endogenised (Södersten et al. 2018)
BEL,Belgium,Europe,Food and catering,material_extraction,kt,0.02486888883407468,2022,EXIOBASE v3.8.2 IOT_2022_ixi with Danish sea-transport reallocation (Rørmose Jensen & Iliev 2022) and capital endogenised (Södersten et al. 2018)
TUR,Turkey,Middle East,Furniture and timber,waste_generation,kt,0.024852905980856002,2022,EXIOBASE v3.8.2 IOT_2022_ixi with Danish sea-transport reallocation (Rørmose Jensen & Iliev 2022) and capital endogenised (Södersten et al. 2018)
KOR,South Korea,Asia and Pacific,"Steam, hot water supply and water distribution",waste_generation,kt,0.02483866736452821,2022,EXIOBASE v3.8.2 IOT_2022_ixi with Danish sea-transport reallocation (Rørmose Jensen & Iliev 2022) and capital endogenised (Södersten et al. 2018)
PRT,Portugal,Europe,Services,material_extraction,kt,0.024639592814319784,2022,EXIOBASE v3.8.2 IOT_2022_ixi with Danish sea-transport reallocation (Rørmose Jensen & Iliev 2022) and capital endogenised (Södersten et al. 2018)
SVK,Slovakia,Europe,General and special Machinery,waste_generation,kt,0.024577549549735882,2022,EXIOBASE v3.8.2 IOT_2022_ixi with Danish sea-transport reallocation (Rørmose Jensen & Iliev 2022) and capital endogenised (Södersten et al. 2018)
RoW Asia and Pacific,RoW Asia and Pacific,Asia and Pacific,Natural gas and gaseous fuels,land_use,km2,0.024558020353146463,2022,EXIOBASE v3.8.2 IOT_2022_ixi with Danish sea-transport reallocation (Rørmose Jensen & Iliev 2022) and capital endogenised (Södersten et al. 2018)
PRT,Portugal,Europe,Natural gas and gaseous fuels,climate_change,kt CO2eq,0.02455281065934053,2022,EXIOBASE v3.8.2 IOT_2022_ixi with Danish sea-transport reallocation (Rørmose Jensen & Iliev 2022) and capital endogenised (Södersten et al. 2018)
MEX,Mexico,America,Electricity,waste_generation,kt,0.02454376504087546,2022,EXIOBASE v3.8.2 IOT_2022_ixi with Danish sea-transport reallocation (Rørmose Jensen & Iliev 2022) and capital endogenised (Södersten et al. 2018)
IDN,Indonesia,Asia and Pacific,"Electrical, electronic and measuring equipment",climate_change,kt CO2eq,0.02450927753124385,2022,EXIOBASE v3.8.2 IOT_2022_ixi with Danish sea-transport reallocation (Rørmose Jensen & Iliev 2022) and capital endogenised (Södersten et al. 2018)
IND,India,Asia and Pacific,Coal and Petroleum,blue_water_consumption,Mm3,0.02443635184613221,2022,EXIOBASE v3.8.2 IOT_2022_ixi with Danish sea-transport reallocation (Rørmose Jensen & Iliev 2022) and capital endogenised (Södersten et al. 2018)
AUT,Austria,Europe,Chemical,blue_water_consumption,Mm3,0.024399644619348012,2022,EXIOBASE v3.8.2 IOT_2022_ixi with Danish sea-transport reallocation (Rørmose Jensen & Iliev 2022) and capital endogenised (Södersten et al. 2018)
CHN,China,Asia and Pacific,Transport,waste_generation,kt,0.024262525160146972,2022,EXIOBASE v3.8.2 IOT_2022_ixi with Danish sea-transport reallocation (Rørmose Jensen & Iliev 2022) and capital endogenised (Södersten et al. 2018)
RoW Asia and Pacific,RoW Asia and Pacific,Asia and Pacific,Furniture and timber,material_extraction,kt,0.024248191807199032,2022,EXIOBASE v3.8.2 IOT_2022_ixi with Danish sea-transport reallocation (Rørmose Jensen & Iliev 2022) and capital endogenised (Södersten et al. 2018)
GRC,Greece,Europe,"Electrical, electronic and measuring equipment",climate_change,kt CO2eq,0.024202074238626844,2022,EXIOBASE v3.8.2 IOT_2022_ixi with Danish sea-transport reallocation (Rørmose Jensen & Iliev 2022) and capital endogenised (Södersten et al. 2018)
RoW America,RoW America,America,Metal Products,waste_generation,kt,0.02411873521438216,2022,EXIOBASE v3.8.2 IOT_2022_ixi with Danish sea-transport reallocation (Rørmose Jensen & Iliev 2022) and capital endogenised (Södersten et al. 2018)
JPN,Japan,Asia and Pacific,Non-metallic mineral products,waste_generation,kt,0.023840812021907867,2022,EXIOBASE v3.8.2 IOT_2022_ixi with Danish sea-transport reallocation (Rørmose Jensen & Iliev 2022) and capital endogenised (Södersten et al. 2018)
CHN,China,Asia and Pacific,Transport Equipment,waste_generation,kt,0.0237593960402491,2022,EXIOBASE v3.8.2 IOT_2022_ixi with Danish sea-transport reallocation (Rørmose Jensen & Iliev 2022) and capital endogenised (Södersten et al. 2018)
SVK,Slovakia,Europe,Food and catering,material_extraction,kt,0.023750131433146724,2022,EXIOBASE v3.8.2 IOT_2022_ixi with Danish sea-transport reallocation (Rørmose Jensen & Iliev 2022) and capital endogenised (Södersten et al. 2018)
RoW Asia and Pacific,RoW Asia and Pacific,Asia and Pacific,General and special Machinery,blue_water_consumption,Mm3,0.023718460416047964,2022,EXIOBASE v3.8.2 IOT_2022_ixi with Danish sea-transport reallocation (Rørmose Jensen & Iliev 2022) and capital endogenised (Södersten et al. 2018)
IND,India,Asia and Pacific,Furniture and timber,waste_generation,kt,0.0236977187785782,2022,EXIOBASE v3.8.2 IOT_2022_ixi with Danish sea-transport reallocation (Rørmose Jensen & Iliev 2022) and capital endogenised (Södersten et al. 2018)
CHN,China,Asia and Pacific,Furniture and timber,blue_water_consumption,Mm3,0.0236013458025185,2022,EXIOBASE v3.8.2 IOT_2022_ixi with Danish sea-transport reallocation (Rørmose Jensen & Iliev 2022) and capital endogenised (Södersten et al. 2018)
RoW Asia and Pacific,RoW Asia and Pacific,Asia and Pacific,Transport Equipment,material_extraction,kt,0.023547531379305833,2022,EXIOBASE v3.8.2 IOT_2022_ixi with Danish sea-transport reallocation (Rørmose Jensen & Iliev 2022) and capital endogenised (Södersten et al. 2018)
RoW Middle East,RoW Middle East,Middle East,Furniture and timber,material_extraction,kt,0.023453327163220773,2022,EXIOBASE v3.8.2 IOT_2022_ixi with Danish sea-transport reallocation (Rørmose Jensen & Iliev 2022) and capital endogenised (Södersten et al. 2018)
BGR,Bulgaria,Europe,Food and catering,blue_water_consumption,Mm3,0.023243078128823508,2022,EXIOBASE v3.8.2 IOT_2022_ixi with Danish sea-transport reallocation (Rørmose Jensen & Iliev 2022) and capital endogenised (Södersten et al. 2018)
JPN,Japan,Asia and Pacific,Construction,waste_generation,kt,0.02306993450866577,2022,EXIOBASE v3.8.2 IOT_2022_ixi with Danish sea-transport reallocation (Rørmose Jensen & Iliev 2022) and capital endogenised (Södersten et al. 2018)
BGR,Bulgaria,Europe,Waste management and disposal,land_use,km2,0.02306972090099427,2022,EXIOBASE v3.8.2 IOT_2022_ixi with Danish sea-transport reallocation (Rørmose Jensen & Iliev 2022) and capital endogenised (Södersten et al. 2018)
ZAF,South Africa,Africa,Construction,waste_generation,kt,0.02278508911502162,2022,EXIOBASE v3.8.2 IOT_2022_ixi with Danish sea-transport reallocation (Rørmose Jensen & Iliev 2022) and capital endogenised (Södersten et al. 2018)
RoW Middle East,RoW Middle East,Middle East,Minerals and Metals,waste_generation,kt,0.02267420139925294,2022,EXIOBASE v3.8.2 IOT_2022_ixi with Danish sea-transport reallocation (Rørmose Jensen & Iliev 2022) and capital endogenised (Södersten et al. 2018)
AUT,Austria,Europe,Electricity,waste_generation,kt,0.02259239153238243,2022,EXIOBASE v3.8.2 IOT_2022_ixi with Danish sea-transport reallocation (Rørmose Jensen & Iliev 2022) and capital endogenised (Södersten et al. 2018)
RUS,Russia,Europe,Paper Products,material_extraction,kt,0.02248152383286606,2022,EXIOBASE v3.8.2 IOT_2022_ixi with Danish sea-transport reallocation (Rørmose Jensen & Iliev 2022) and capital endogenised (Södersten et al. 2018)
KOR,South Korea,Asia and Pacific,Paper Products,waste_generation,kt,0.022465853605571344,2022,EXIOBASE v3.8.2 IOT_2022_ixi with Danish sea-transport reallocation (Rørmose Jensen & Iliev 2022) and capital endogenised (Södersten et al. 2018)
FIN,Finland,Europe,Construction,waste_generation,kt,0.02232999084468027,2022,EXIOBASE v3.8.2 IOT_2022_ixi with Danish sea-transport reallocation (Rørmose Jensen & Iliev 2022) and capital endogenised (Södersten et al. 2018)
RoW Middle East,RoW Middle East,Middle East,"Electrical, electronic and measuring equipment",waste_generation,kt,0.022255417667221337,2022,EXIOBASE v3.8.2 IOT_2022_ixi with Danish sea-transport reallocation (Rørmose Jensen & Iliev 2022) and capital endogenised (Södersten et al. 2018)
USA,United States,America,Transport Equipment,waste_generation,kt,0.022243899752168592,2022,EXIOBASE v3.8.2 IOT_2022_ixi with Danish sea-transport reallocation (Rørmose Jensen & Iliev 2022) and capital endogenised (Södersten et al. 2018)
TUR,Turkey,Middle East,"Steam, hot water supply and water distribution",waste_generation,kt,0.022211748870630897,2022,EXIOBASE v3.8.2 IOT_2022_ixi with Danish sea-transport reallocation (Rørmose Jensen & Iliev 2022) and capital endogenised (Södersten et al. 2018)
RoW America,RoW America,America,Electricity,waste_generation,kt,0.022028972676546285,2022,EXIOBASE v3.8.2 IOT_2022_ixi with Danish sea-transport reallocation (Rørmose Jensen & Iliev 2022) and capital endogenised (Södersten et al. 2018)
JPN,Japan,Asia and Pacific,"Steam, hot water supply and water distribution",climate_change,kt CO2eq,0.021942945818026735,2022,EXIOBASE v3.8.2 IOT_2022_ixi with Danish sea-transport reallocation (Rørmose Jensen & Iliev 2022) and capital endogenised (Södersten et al. 2018)
CAN,Canada,America,Transport,waste_generation,kt,0.021780847135887654,2022,EXIOBASE v3.8.2 IOT_2022_ixi with Danish sea-transport reallocation (Rørmose Jensen & Iliev 2022) and capital endogenised (Södersten et al. 2018)
FRA,France,Europe,Transport Equipment,waste_generation,kt,0.02169128742427909,2022,EXIOBASE v3.8.2 IOT_2022_ixi with Danish sea-transport reallocation (Rørmose Jensen & Iliev 2022) and capital endogenised (Södersten et al. 2018)
RoW Europe,RoW Europe,Europe,Transport,waste_generation,kt,0.02164507905107226,2022,EXIOBASE v3.8.2 IOT_2022_ixi with Danish sea-transport reallocation (Rørmose Jensen & Iliev 2022) and capital endogenised (Södersten et al. 2018)
HUN,Hungary,Europe,Chemical,blue_water_consumption,Mm3,0.021562692687355278,2022,EXIOBASE v3.8.2 IOT_2022_ixi with Danish sea-transport reallocation (Rørmose Jensen & Iliev 2022) and capital endogenised (Södersten et al. 2018)
HUN,Hungary,Europe,Construction,material_extraction,kt,0.02154549079552693,2022,EXIOBASE v3.8.2 IOT_2022_ixi with Danish sea-transport reallocation (Rørmose Jensen & Iliev 2022) and capital endogenised (Södersten et al. 2018)
POL,Poland,Europe,Metal Products,blue_water_consumption,Mm3,0.021475725075190896,2022,EXIOBASE v3.8.2 IOT_2022_ixi with Danish sea-transport reallocation (Rørmose Jensen & Iliev 2022) and capital endogenised (Södersten et al. 2018)
SVN,Slovenia,Europe,Services,waste_generation,kt,0.0212501720573029,2022,EXIOBASE v3.8.2 IOT_2022_ixi with Danish sea-transport reallocation (Rørmose Jensen & Iliev 2022) and capital endogenised (Södersten et al. 2018)
LUX,Luxembourg,Europe,Furniture and timber,waste_generation,kt,0.021134874722514845,2022,EXIOBASE v3.8.2 IOT_2022_ixi with Danish sea-transport reallocation (Rørmose Jensen & Iliev 2022) and capital endogenised (Södersten et al. 2018)
SVK,Slovakia,Europe,General and special Machinery,climate_change,kt CO2eq,0.021130522749355493,2022,EXIOBASE v3.8.2 IOT_2022_ixi with Danish sea-transport reallocation (Rørmose Jensen & Iliev 2022) and capital endogenised (Södersten et al. 2018)
KOR,South Korea,Asia and Pacific,Food and catering,blue_water_consumption,Mm3,0.02108103185104041,2022,EXIOBASE v3.8.2 IOT_2022_ixi with Danish sea-transport reallocation (Rørmose Jensen & Iliev 2022) and capital endogenised (Södersten et al. 2018)
BRA,Brazil,America,Electricity,waste_generation,kt,0.021062118689273483,2022,EXIOBASE v3.8.2 IOT_2022_ixi with Danish sea-transport reallocation (Rørmose Jensen & Iliev 2022) and capital endogenised (Södersten et al. 2018)
GBR,United Kingdom,Europe,Transport Equipment,waste_generation,kt,0.021054012544882653,2022,EXIOBASE v3.8.2 IOT_2022_ixi with Danish sea-transport reallocation (Rørmose Jensen & Iliev 2022) and capital endogenised (Södersten et al. 2018)
RoW Europe,RoW Europe,Europe,Metal Products,blue_water_consumption,Mm3,0.021029642999916588,2022,EXIOBASE v3.8.2 IOT_2022_ixi with Danish sea-transport reallocation (Rørmose Jensen & Iliev 2022) and capital endogenised (Södersten et al. 2018)
RoW America,RoW America,America,Coal and Petroleum,waste_generation,kt,0.021016393671540488,2022,EXIOBASE v3.8.2 IOT_2022_ixi with Danish sea-transport reallocation (Rørmose Jensen & Iliev 2022) and capital endogenised (Södersten et al. 2018)
GBR,United Kingdom,Europe,"Electrical, electronic and measuring equipment",waste_generation,kt,0.020914602986395275,2022,EXIOBASE v3.8.2 IOT_2022_ixi with Danish sea-transport reallocation (Rørmose Jensen & Iliev 2022) and capital endogenised (Södersten et al. 2018)
CZE,Czech Republic,Europe,Waste management and disposal,material_extraction,kt,0.020910203284350313,2022,EXIOBASE v3.8.2 IOT_2022_ixi with Danish sea-transport reallocation (Rørmose Jensen & Iliev 2022) and capital endogenised (Södersten et al. 2018)
BEL,Belgium,Europe,Paper Products,waste_generation,kt,0.020858416459041393,2022,EXIOBASE v3.8.2 IOT_2022_ixi with Danish sea-transport reallocation (Rørmose Jensen & Iliev 2022) and capital endogenised (Södersten et al. 2018)
HUN,Hungary,Europe,Textile,climate_change,kt CO2eq,0.02084528924379095,2022,EXIOBASE v3.8.2 IOT_2022_ixi with Danish sea-transport reallocation (Rørmose Jensen & Iliev 2022) and capital endogenised (Södersten et al. 2018)
PRT,Portugal,Europe,Construction,waste_generation,kt,0.02079917602405666,2022,EXIOBASE v3.8.2 IOT_2022_ixi with Danish sea-transport reallocation (Rørmose Jensen & Iliev 2022) and capital endogenised (Södersten et al. 2018)
ITA,Italy,Europe,Transport Equipment,waste_generation,kt,0.020726956113562324,2022,EXIOBASE v3.8.2 IOT_2022_ixi with Danish sea-transport reallocation (Rørmose Jensen & Iliev 2022) and capital endogenised (Södersten et al. 2018)
AUT,Austria,Europe,Metal Products,blue_water_consumption,Mm3,0.020716463629059,2022,EXIOBASE v3.8.2 IOT_2022_ixi with Danish sea-transport reallocation (Rørmose Jensen & Iliev 2022) and capital endogenised (Södersten et al. 2018)
ROU,Romania,Europe,Paper Products,climate_change,kt CO2eq,0.020697018446775496,2022,EXIOBASE v3.8.2 IOT_2022_ixi with Danish sea-transport reallocation (Rørmose Jensen & Iliev 2022) and capital endogenised (Södersten et al. 2018)
AUT,Austria,Europe,Furniture and timber,waste_generation,kt,0.02065069871901764,2022,EXIOBASE v3.8.2 IOT_2022_ixi with Danish sea-transport reallocation (Rørmose Jensen & Iliev 2022) and capital endogenised (Södersten et al. 2018)
AUS,Australia,Asia and Pacific,Furniture and timber,climate_change,kt CO2eq,0.020437025490387877,2022,EXIOBASE v3.8.2 IOT_2022_ixi with Danish sea-transport reallocation (Rørmose Jensen & Iliev 2022) and capital endogenised (Södersten et al. 2018)
RoW Europe,RoW Europe,Europe,Metal Products,land_use,km2,0.02030678329629021,2022,EXIOBASE v3.8.2 IOT_2022_ixi with Danish sea-transport reallocation (Rørmose Jensen & Iliev 2022) and capital endogenised (Södersten et al. 2018)
EST,Estonia,Europe,Natural gas and gaseous fuels,climate_change,kt CO2eq,0.020288071261546938,2022,EXIOBASE v3.8.2 IOT_2022_ixi with Danish sea-transport reallocation (Rørmose Jensen & Iliev 2022) and capital endogenised (Södersten et al. 2018)
BGR,Bulgaria,Europe,Metal Products,material_extraction,kt,0.020278022055455546,2022,EXIOBASE v3.8.2 IOT_2022_ixi with Danish sea-transport reallocation (Rørmose Jensen & Iliev 2022) and capital endogenised (Södersten et al. 2018)
CHE,Switzerland,Europe,"Electrical, electronic and measuring equipment",waste_generation,kt,0.02013501998875693,2022,EXIOBASE v3.8.2 IOT_2022_ixi with Danish sea-transport reallocation (Rørmose Jensen & Iliev 2022) and capital endogenised (Södersten et al. 2018)
BGR,Bulgaria,Europe,Services,waste_generation,kt,0.020093143663424427,2022,EXIOBASE v3.8.2 IOT_2022_ixi with Danish sea-transport reallocation (Rørmose Jensen & Iliev 2022) and capital endogenised (Södersten et al. 2018)
TUR,Turkey,Middle East,Waste management and disposal,waste_generation,kt,0.0199861779898582,2022,EXIOBASE v3.8.2 IOT_2022_ixi with Danish sea-transport reallocation (Rørmose Jensen & Iliev 2022) and capital endogenised (Södersten et al. 2018)
RoW Asia and Pacific,RoW Asia and Pacific,Asia and Pacific,General and special Machinery,material_extraction,kt,0.019930869512624398,2022,EXIOBASE v3.8.2 IOT_2022_ixi with Danish sea-transport reallocation (Rørmose Jensen & Iliev 2022) and capital endogenised (Södersten et al. 2018)
GRC,Greece,Europe,Natural gas and gaseous fuels,climate_change,kt CO2eq,0.019924119815501982,2022,EXIOBASE v3.8.2 IOT_2022_ixi with Danish sea-transport reallocation (Rørmose Jensen & Iliev 2022) and capital endogenised (Södersten et al. 2018)
JPN,Japan,Asia and Pacific,Chemical,blue_water_consumption,Mm3,0.0197685935637982,2022,EXIOBASE v3.8.2 IOT_2022_ixi with Danish sea-transport reallocation (Rørmose Jensen & Iliev 2022) and capital endogenised (Södersten et al. 2018)
GRC,Greece,Europe,Textile,climate_change,kt CO2eq,0.019656357772149885,2022,EXIOBASE v3.8.2 IOT_2022_ixi with Danish sea-transport reallocation (Rørmose Jensen & Iliev 2022) and capital endogenised (Södersten et al. 2018)
CHE,Switzerland,Europe,Metal Products,waste_generation,kt,0.019573748374012153,2022,EXIOBASE v3.8.2 IOT_2022_ixi with Danish sea-transport reallocation (Rørmose Jensen & Iliev 2022) and capital endogenised (Södersten et al. 2018)
SVN,Slovenia,Europe,Paper Products,waste_generation,kt,0.019483958766919197,2022,EXIOBASE v3.8.2 IOT_2022_ixi with Danish sea-transport reallocation (Rørmose Jensen & Iliev 2022) and capital endogenised (Södersten et al. 2018)
RoW Europe,RoW Europe,Europe,Construction,waste_generation,kt,0.01937521840642936,2022,EXIOBASE v3.8.2 IOT_2022_ixi with Danish sea-transport reallocation (Rørmose Jensen & Iliev 2022) and capital endogenised (Södersten et al. 2018)
RoW America,RoW America,America,Metal Products,land_use,km2,0.019342208923885502,2022,EXIOBASE v3.8.2 IOT_2022_ixi with Danish sea-transport reallocation (Rørmose Jensen & Iliev 2022) and capital endogenised (Södersten et al. 2018)
DEU,Germany,Europe,"Electrical, electronic and measuring equipment",material_extraction,kt,0.019224791911361568,2022,EXIOBASE v3.8.2 IOT_2022_ixi with Danish sea-transport reallocation (Rørmose Jensen & Iliev 2022) and capital endogenised (Södersten et al. 2018)
AUS,Australia,Asia and Pacific,Electricity,blue_water_consumption,Mm3,0.019210119186601437,2022,EXIOBASE v3.8.2 IOT_2022_ixi with Danish sea-transport reallocation (Rørmose Jensen & Iliev 2022) and capital endogenised (Södersten et al. 2018)
AUS,Australia,Asia and Pacific,Construction,waste_generation,kt,0.01920254733493489,2022,EXIOBASE v3.8.2 IOT_2022_ixi with Danish sea-transport reallocation (Rørmose Jensen & Iliev 2022) and capital endogenised (Södersten et al. 2018)
RoW Middle East,RoW Middle East,Middle East,General and special Machinery,waste_generation,kt,0.019185366642836085,2022,EXIOBASE v3.8.2 IOT_2022_ixi with Danish sea-transport reallocation (Rørmose Jensen & Iliev 2022) and capital endogenised (Södersten et al. 2018)
FIN,Finland,Europe,General and special Machinery,climate_change,kt CO2eq,0.01908423263250068,2022,EXIOBASE v3.8.2 IOT_2022_ixi with Danish sea-transport reallocation (Rørmose Jensen & Iliev 2022) and capital endogenised (Södersten et al. 2018)
BEL,Belgium,Europe,Transport Equipment,waste_generation,kt,0.01904419805969039,2022,EXIOBASE v3.8.2 IOT_2022_ixi with Danish sea-transport reallocation (Rørmose Jensen & Iliev 2022) and capital endogenised (Södersten et al. 2018)
ZAF,South Africa,Africa,Electricity,blue_water_consumption,Mm3,0.01904415850116046,2022,EXIOBASE v3.8.2 IOT_2022_ixi with Danish sea-transport reallocation (Rørmose Jensen & Iliev 2022) and capital endogenised (Södersten et al. 2018)
RoW Africa,RoW Africa,Africa,Metal Products,land_use,km2,0.018990621226750125,2022,EXIOBASE v3.8.2 IOT_2022_ixi with Danish sea-transport reallocation (Rørmose Jensen & Iliev 2022) and capital endogenised (Södersten et al. 2018)
HRV,Croatia,Europe,Paper Products,climate_change,kt CO2eq,0.01883509752622173,2022,EXIOBASE v3.8.2 IOT_2022_ixi with Danish sea-transport reallocation (Rørmose Jensen & Iliev 2022) and capital endogenised (Södersten et al. 2018)
LUX,Luxembourg,Europe,Textile,climate_change,kt CO2eq,0.018665299166914166,2022,EXIOBASE v3.8.2 IOT_2022_ixi with Danish sea-transport reallocation (Rørmose Jensen & Iliev 2022) and capital endogenised (Södersten et al. 2018)
BGR,Bulgaria,Europe,"Electrical, electronic and measuring equipment",climate_change,kt CO2eq,0.01863249988491117,2022,EXIOBASE v3.8.2 IOT_2022_ixi with Danish sea-transport reallocation (Rørmose Jensen & Iliev 2022) and capital endogenised (Södersten et al. 2018)
LUX,Luxembourg,Europe,Chemical,climate_change,kt CO2eq,0.018600979211703512,2022,EXIOBASE v3.8.2 IOT_2022_ixi with Danish sea-transport reallocation (Rørmose Jensen & Iliev 2022) and capital endogenised (Södersten et al. 2018)
RoW Africa,RoW Africa,Africa,"Steam, hot water supply and water distribution",land_use,km2,0.01858188860443055,2022,EXIOBASE v3.8.2 IOT_2022_ixi with Danish sea-transport reallocation (Rørmose Jensen & Iliev 2022) and capital endogenised (Södersten et al. 2018)
SVK,Slovakia,Europe,Transport Equipment,climate_change,kt CO2eq,0.018522919938452453,2022,EXIOBASE v3.8.2 IOT_2022_ixi with Danish sea-transport reallocation (Rørmose Jensen & Iliev 2022) and capital endogenised (Södersten et al. 2018)
RoW Europe,RoW Europe,Europe,Paper Products,blue_water_consumption,Mm3,0.01842938611255815,2022,EXIOBASE v3.8.2 IOT_2022_ixi with Danish sea-transport reallocation (Rørmose Jensen & Iliev 2022) and capital endogenised (Södersten et al. 2018)
PRT,Portugal,Europe,Construction,material_extraction,kt,0.01828569005658548,2022,EXIOBASE v3.8.2 IOT_2022_ixi with Danish sea-transport reallocation (Rørmose Jensen & Iliev 2022) and capital endogenised (Södersten et al. 2018)
IDN,Indonesia,Asia and Pacific,"Electrical, electronic and measuring equipment",waste_generation,kt,0.018273526272150748,2022,EXIOBASE v3.8.2 IOT_2022_ixi with Danish sea-transport reallocation (Rørmose Jensen & Iliev 2022) and capital endogenised (Södersten et al. 2018)
RoW Middle East,RoW Middle East,Middle East,General and special Machinery,material_extraction,kt,0.018261826150388273,2022,EXIOBASE v3.8.2 IOT_2022_ixi with Danish sea-transport reallocation (Rørmose Jensen & Iliev 2022) and capital endogenised (Södersten et al. 2018)
HRV,Croatia,Europe,Construction,waste_generation,kt,0.01817180536499548,2022,EXIOBASE v3.8.2 IOT_2022_ixi with Danish sea-transport reallocation (Rørmose Jensen & Iliev 2022) and capital endogenised (Södersten et al. 2018)
BEL,Belgium,Europe,Non-metallic mineral products,waste_generation,kt,0.018043958955939545,2022,EXIOBASE v3.8.2 IOT_2022_ixi with Danish sea-transport reallocation (Rørmose Jensen & Iliev 2022) and capital endogenised (Södersten et al. 2018)
RUS,Russia,Europe,Non-metallic mineral products,blue_water_consumption,Mm3,0.018030082895472456,2022,EXIOBASE v3.8.2 IOT_2022_ixi with Danish sea-transport reallocation (Rørmose Jensen & Iliev 2022) and capital endogenised (Södersten et al. 2018)
HUN,Hungary,Europe,Construction,waste_generation,kt,0.01783692406332137,2022,EXIOBASE v3.8.2 IOT_2022_ixi with Danish sea-transport reallocation (Rørmose Jensen & Iliev 2022) and capital endogenised (Södersten et al. 2018)
CZE,Czech Republic,Europe,Transport,waste_generation,kt,0.01782427634888798,2022,EXIOBASE v3.8.2 IOT_2022_ixi with Danish sea-transport reallocation (Rørmose Jensen & Iliev 2022) and capital endogenised (Södersten et al. 2018)
RUS,Russia,Europe,Non-metallic mineral products,waste_generation,kt,0.017814652773551223,2022,EXIOBASE v3.8.2 IOT_2022_ixi with Danish sea-transport reallocation (Rørmose Jensen & Iliev 2022) and capital endogenised (Södersten et al. 2018)
ESP,Spain,Europe,Electricity,blue_water_consumption,Mm3,0.01780361743526175,2022,EXIOBASE v3.8.2 IOT_2022_ixi with Danish sea-transport reallocation (Rørmose Jensen & Iliev 2022) and capital endogenised (Södersten et al. 2018)
AUT,Austria,Europe,Transport Equipment,climate_change,kt CO2eq,0.01779107939343534,2022,EXIOBASE v3.8.2 IOT_2022_ixi with Danish sea-transport reallocation (Rørmose Jensen & Iliev 2022) and capital endogenised (Södersten et al. 2018)
RoW Middle East,RoW Middle East,Middle East,Coal and Petroleum,waste_generation,kt,0.01775898613571747,2022,EXIOBASE v3.8.2 IOT_2022_ixi with Danish sea-transport reallocation (Rørmose Jensen & Iliev 2022) and capital endogenised (Södersten et al. 2018)
ZAF,South Africa,Africa,Services,material_extraction,kt,0.01772796987305631,2022,EXIOBASE v3.8.2 IOT_2022_ixi with Danish sea-transport reallocation (Rørmose Jensen & Iliev 2022) and capital endogenised (Södersten et al. 2018)
CAN,Canada,America,Waste management and disposal,waste_generation,kt,0.017697808624040468,2022,EXIOBASE v3.8.2 IOT_2022_ixi with Danish sea-transport reallocation (Rørmose Jensen & Iliev 2022) and capital endogenised (Södersten et al. 2018)
IRL,Ireland,Europe,Metal Products,material_extraction,kt,0.01758082457481524,2022,EXIOBASE v3.8.2 IOT_2022_ixi with Danish sea-transport reallocation (Rørmose Jensen & Iliev 2022) and capital endogenised (Södersten et al. 2018)
AUS,Australia,Asia and Pacific,Services,waste_generation,kt,0.01753338962350337,2022,EXIOBASE v3.8.2 IOT_2022_ixi with Danish sea-transport reallocation (Rørmose Jensen & Iliev 2022) and capital endogenised (Södersten et al. 2018)
PRT,Portugal,Europe,Non-metallic mineral products,waste_generation,kt,0.01752920532828075,2022,EXIOBASE v3.8.2 IOT_2022_ixi with Danish sea-transport reallocation (Rørmose Jensen & Iliev 2022) and capital endogenised (Södersten et al. 2018)
IDN,Indonesia,Asia and Pacific,Construction,climate_change,kt CO2eq,0.01749478609795248,2022,EXIOBASE v3.8.2 IOT_2022_ixi with Danish sea-transport reallocation (Rørmose Jensen & Iliev 2022) and capital endogenised (Södersten et al. 2018)
ITA,Italy,Europe,Furniture and timber,waste_generation,kt,0.017471805552413944,2022,EXIOBASE v3.8.2 IOT_2022_ixi with Danish sea-transport reallocation (Rørmose Jensen & Iliev 2022) and capital endogenised (Södersten et al. 2018)
SVN,Slovenia,Europe,Waste management and disposal,waste_generation,kt,0.017268402217039427,2022,EXIOBASE v3.8.2 IOT_2022_ixi with Danish sea-transport reallocation (Rørmose Jensen & Iliev 2022) and capital endogenised (Södersten et al. 2018)
CZE,Czech Republic,Europe,Non-metallic mineral products,blue_water_consumption,Mm3,0.01725325967082918,2022,EXIOBASE v3.8.2 IOT_2022_ixi with Danish sea-transport reallocation (Rørmose Jensen & Iliev 2022) and capital endogenised (Södersten et al. 2018)
IND,India,Asia and Pacific,General and special Machinery,blue_water_consumption,Mm3,0.016908290673690204,2022,EXIOBASE v3.8.2 IOT_2022_ixi with Danish sea-transport reallocation (Rørmose Jensen & Iliev 2022) and capital endogenised (Södersten et al. 2018)
CZE,Czech Republic,Europe,Furniture and timber,waste_generation,kt,0.016815473525345945,2022,EXIOBASE v3.8.2 IOT_2022_ixi with Danish sea-transport reallocation (Rørmose Jensen & Iliev 2022) and capital endogenised (Södersten et al. 2018)
POL,Poland,Europe,Chemical,land_use,km2,0.01680247065377221,2022,EXIOBASE v3.8.2 IOT_2022_ixi with Danish sea-transport reallocation (Rørmose Jensen & Iliev 2022) and capital endogenised (Södersten et al. 2018)
HRV,Croatia,Europe,Metal Products,waste_generation,kt,0.016705828124454012,2022,EXIOBASE v3.8.2 IOT_2022_ixi with Danish sea-transport reallocation (Rørmose Jensen & Iliev 2022) and capital endogenised (Södersten et al. 2018)
BGR,Bulgaria,Europe,"Electrical, electronic and measuring equipment",waste_generation,kt,0.016526994807787583,2022,EXIOBASE v3.8.2 IOT_2022_ixi with Danish sea-transport reallocation (Rørmose Jensen & Iliev 2022) and capital endogenised (Södersten et al. 2018)
MLT,Malta,Europe,Construction,climate_change,kt CO2eq,0.01634853756586536,2022,EXIOBASE v3.8.2 IOT_2022_ixi with Danish sea-transport reallocation (Rørmose Jensen & Iliev 2022) and capital endogenised (Södersten et al. 2018)
SVK,Slovakia,Europe,Paper Products,waste_generation,kt,0.016269046172892595,2022,EXIOBASE v3.8.2 IOT_2022_ixi with Danish sea-transport reallocation (Rørmose Jensen & Iliev 2022) and capital endogenised (Södersten et al. 2018)
SVN,Slovenia,Europe,General and special Machinery,climate_change,kt CO2eq,0.016253449800020286,2022,EXIOBASE v3.8.2 IOT_2022_ixi with Danish sea-transport reallocation (Rørmose Jensen & Iliev 2022) and capital endogenised (Södersten et al. 2018)
SWE,Sweden,Europe,"Electrical, electronic and measuring equipment",blue_water_consumption,Mm3,0.016231813712829616,2022,EXIOBASE v3.8.2 IOT_2022_ixi with Danish sea-transport reallocation (Rørmose Jensen & Iliev 2022) and capital endogenised (Södersten et al. 2018)
NOR,Norway,Europe,General and special Machinery,climate_change,kt CO2eq,0.016175552066732296,2022,EXIOBASE v3.8.2 IOT_2022_ixi with Danish sea-transport reallocation (Rørmose Jensen & Iliev 2022) and capital endogenised (Södersten et al. 2018)
ITA,Italy,Europe,"Electrical, electronic and measuring equipment",waste_generation,kt,0.01616278992440556,2022,EXIOBASE v3.8.2 IOT_2022_ixi with Danish sea-transport reallocation (Rørmose Jensen & Iliev 2022) and capital endogenised (Södersten et al. 2018)
NLD,Netherlands,Europe,Furniture and timber,waste_generation,kt,0.016126473443680584,2022,EXIOBASE v3.8.2 IOT_2022_ixi with Danish sea-transport reallocation (Rørmose Jensen & Iliev 2022) and capital endogenised (Södersten et al. 2018)
ESP,Spain,Europe,Food and catering,material_extraction,kt,0.01609065543033096,2022,EXIOBASE v3.8.2 IOT_2022_ixi with Danish sea-transport reallocation (Rørmose Jensen & Iliev 2022) and capital endogenised (Södersten et al. 2018)
NLD,Netherlands,Europe,Metal Products,blue_water_consumption,Mm3,0.01607758382442553,2022,EXIOBASE v3.8.2 IOT_2022_ixi with Danish sea-transport reallocation (Rørmose Jensen & Iliev 2022) and capital endogenised (Södersten et al. 2018)
SWE,Sweden,Europe,Services,blue_water_consumption,Mm3,0.016040965784327007,2022,EXIOBASE v3.8.2 IOT_2022_ixi with Danish sea-transport reallocation (Rørmose Jensen & Iliev 2022) and capital endogenised (Södersten et al. 2018)
SVK,Slovakia,Europe,Waste management and disposal,waste_generation,kt,0.015926798682441654,2022,EXIOBASE v3.8.2 IOT_2022_ixi with Danish sea-transport reallocation (Rørmose Jensen & Iliev 2022) and capital endogenised (Södersten et al. 2018)
RoW Europe,RoW Europe,Europe,Textile,blue_water_consumption,Mm3,0.015850860474239954,2022,EXIOBASE v3.8.2 IOT_2022_ixi with Danish sea-transport reallocation (Rørmose Jensen & Iliev 2022) and capital endogenised (Södersten et al. 2018)
ITA,Italy,Europe,Non-metallic mineral products,blue_water_consumption,Mm3,0.015844124296987262,2022,EXIOBASE v3.8.2 IOT_2022_ixi with Danish sea-transport reallocation (Rørmose Jensen & Iliev 2022) and capital endogenised (Södersten et al. 2018)
POL,Poland,Europe,Textile,land_use,km2,0.01582654648525833,2022,EXIOBASE v3.8.2 IOT_2022_ixi with Danish sea-transport reallocation (Rørmose Jensen & Iliev 2022) and capital endogenised (Södersten et al. 2018)
LVA,Latvia,Europe,Waste management and disposal,land_use,km2,0.01578536016353617,2022,EXIOBASE v3.8.2 IOT_2022_ixi with Danish sea-transport reallocation (Rørmose Jensen & Iliev 2022) and capital endogenised (Södersten et al. 2018)
CZE,Czech Republic,Europe,Food and catering,blue_water_consumption,Mm3,0.015742476407006815,2022,EXIOBASE v3.8.2 IOT_2022_ixi with Danish sea-transport reallocation (Rørmose Jensen & Iliev 2022) and capital endogenised (Södersten et al. 2018)
IRL,Ireland,Europe,Paper Products,climate_change,kt CO2eq,0.015670860295503512,2022,EXIOBASE v3.8.2 IOT_2022_ixi with Danish sea-transport reallocation (Rørmose Jensen & Iliev 2022) and capital endogenised (Södersten et al. 2018)
GBR,United Kingdom,Europe,Minerals and Metals,blue_water_consumption,Mm3,0.01566138307522042,2022,EXIOBASE v3.8.2 IOT_2022_ixi with Danish sea-transport reallocation (Rørmose Jensen & Iliev 2022) and capital endogenised (Södersten et al. 2018)
RoW America,RoW America,America,"Steam, hot water supply and water distribution",climate_change,kt CO2eq,0.015612116489932465,2022,EXIOBASE v3.8.2 IOT_2022_ixi with Danish sea-transport reallocation (Rørmose Jensen & Iliev 2022) and capital endogenised (Södersten et al. 2018)
ESP,Spain,Europe,Chemical,blue_water_consumption,Mm3,0.015592200430920303,2022,EXIOBASE v3.8.2 IOT_2022_ixi with Danish sea-transport reallocation (Rørmose Jensen & Iliev 2022) and capital endogenised (Södersten et al. 2018)
LUX,Luxembourg,Europe,Waste management and disposal,waste_generation,kt,0.015561324244408073,2022,EXIOBASE v3.8.2 IOT_2022_ixi with Danish sea-transport reallocation (Rørmose Jensen & Iliev 2022) and capital endogenised (Södersten et al. 2018)
HUN,Hungary,Europe,Transport,land_use,km2,0.015528735882157495,2022,EXIOBASE v3.8.2 IOT_2022_ixi with Danish sea-transport reallocation (Rørmose Jensen & Iliev 2022) and capital endogenised (Södersten et al. 2018)
HUN,Hungary,Europe,Non-metallic mineral products,waste_generation,kt,0.015513995973085636,2022,EXIOBASE v3.8.2 IOT_2022_ixi with Danish sea-transport reallocation (Rørmose Jensen & Iliev 2022) and capital endogenised (Södersten et al. 2018)
DNK,Denmark,Denmark,Metal Products,blue_water_consumption,Mm3,0.015479566027249633,2022,EXIOBASE v3.8.2 IOT_2022_ixi with Danish sea-transport reallocation (Rørmose Jensen & Iliev 2022) and capital endogenised (Södersten et al. 2018)
NOR,Norway,Europe,Textile,climate_change,kt CO2eq,0.015417425176783713,2022,EXIOBASE v3.8.2 IOT_2022_ixi with Danish sea-transport reallocation (Rørmose Jensen & Iliev 2022) and capital endogenised (Södersten et al. 2018)
KOR,South Korea,Asia and Pacific,"Electrical, electronic and measuring equipment",waste_generation,kt,0.015163286839981886,2022,EXIOBASE v3.8.2 IOT_2022_ixi with Danish sea-transport reallocation (Rørmose Jensen & Iliev 2022) and capital endogenised (Södersten et al. 2018)
KOR,South Korea,Asia and Pacific,Construction,waste_generation,kt,0.0151358946853326,2022,EXIOBASE v3.8.2 IOT_2022_ixi with Danish sea-transport reallocation (Rørmose Jensen & Iliev 2022) and capital endogenised (Södersten et al. 2018)
IRL,Ireland,Europe,Construction,climate_change,kt CO2eq,0.01503332598440181,2022,EXIOBASE v3.8.2 IOT_2022_ixi with Danish sea-transport reallocation (Rørmose Jensen & Iliev 2022) and capital endogenised (Södersten et al. 2018)
BGR,Bulgaria,Europe,Furniture and timber,material_extraction,kt,0.014993618696869352,2022,EXIOBASE v3.8.2 IOT_2022_ixi with Danish sea-transport reallocation (Rørmose Jensen & Iliev 2022) and capital endogenised (Södersten et al. 2018)
BGR,Bulgaria,Europe,Electricity,blue_water_consumption,Mm3,0.014988963678353442,2022,EXIOBASE v3.8.2 IOT_2022_ixi with Danish sea-transport reallocation (Rørmose Jensen & Iliev 2022) and capital endogenised (Södersten et al. 2018)
BEL,Belgium,Europe,Paper Products,blue_water_consumption,Mm3,0.014940710104648237,2022,EXIOBASE v3.8.2 IOT_2022_ixi with Danish sea-transport reallocation (Rørmose Jensen & Iliev 2022) and capital endogenised (Södersten et al. 2018)
RoW Asia and Pacific,RoW Asia and Pacific,Asia and Pacific,Textile,material_extraction,kt,0.014884910656229378,2022,EXIOBASE v3.8.2 IOT_2022_ixi with Danish sea-transport reallocation (Rørmose Jensen & Iliev 2022) and capital endogenised (Södersten et al. 2018)
JPN,Japan,Asia and Pacific,Metal Products,blue_water_consumption,Mm3,0.014857722260611224,2022,EXIOBASE v3.8.2 IOT_2022_ixi with Danish sea-transport reallocation (Rørmose Jensen & Iliev 2022) and capital endogenised (Södersten et al. 2018)
SVK,Slovakia,Europe,"Steam, hot water supply and water distribution",material_extraction,kt,0.01481095825740852,2022,EXIOBASE v3.8.2 IOT_2022_ixi with Danish sea-transport reallocation (Rørmose Jensen & Iliev 2022) and capital endogenised (Södersten et al. 2018)
SVN,Slovenia,Europe,Transport Equipment,climate_change,kt CO2eq,0.014746044810842868,2022,EXIOBASE v3.8.2 IOT_2022_ixi with Danish sea-transport reallocation (Rørmose Jensen & Iliev 2022) and capital endogenised (Södersten et al. 2018)
FIN,Finland,Europe,General and special Machinery,waste_generation,kt,0.014720920601841153,2022,EXIOBASE v3.8.2 IOT_2022_ixi with Danish sea-transport reallocation (Rørmose Jensen & Iliev 2022) and capital endogenised (Södersten et al. 2018)
EST,Estonia,Europe,Construction,land_use,km2,0.01457003683414759,2022,EXIOBASE v3.8.2 IOT_2022_ixi with Danish sea-transport reallocation (Rørmose Jensen & Iliev 2022) and capital endogenised (Södersten et al. 2018)
JPN,Japan,Asia and Pacific,"Electrical, electronic and measuring equipment",waste_generation,kt,0.0144925205879128,2022,EXIOBASE v3.8.2 IOT_2022_ixi with Danish sea-transport reallocation (Rørmose Jensen & Iliev 2022) and capital endogenised (Södersten et al. 2018)
ITA,Italy,Europe,General and special Machinery,blue_water_consumption,Mm3,0.014439283776702437,2022,EXIOBASE v3.8.2 IOT_2022_ixi with Danish sea-transport reallocation (Rørmose Jensen & Iliev 2022) and capital endogenised (Södersten et al. 2018)
LUX,Luxembourg,Europe,Food and catering,waste_generation,kt,0.014420942129969675,2022,EXIOBASE v3.8.2 IOT_2022_ixi with Danish sea-transport reallocation (Rørmose Jensen & Iliev 2022) and capital endogenised (Södersten et al. 2018)
RoW America,RoW America,America,Transport Equipment,land_use,km2,0.014413663005328476,2022,EXIOBASE v3.8.2 IOT_2022_ixi with Danish sea-transport reallocation (Rørmose Jensen & Iliev 2022) and capital endogenised (Södersten et al. 2018)
HUN,Hungary,Europe,Construction,land_use,km2,0.01440508111541927,2022,EXIOBASE v3.8.2 IOT_2022_ixi with Danish sea-transport reallocation (Rørmose Jensen & Iliev 2022) and capital endogenised (Södersten et al. 2018)
CHE,Switzerland,Europe,Electricity,blue_water_consumption,Mm3,0.014367396776776904,2022,EXIOBASE v3.8.2 IOT_2022_ixi with Danish sea-transport reallocation (Rørmose Jensen & Iliev 2022) and capital endogenised (Södersten et al. 2018)
RoW Africa,RoW Africa,Africa,Non-metallic mineral products,material_extraction,kt,0.014358416715295816,2022,EXIOBASE v3.8.2 IOT_2022_ixi with Danish sea-transport reallocation (Rørmose Jensen & Iliev 2022) and capital endogenised (Södersten et al. 2018)
RoW America,RoW America,America,Chemical,blue_water_consumption,Mm3,0.01435761439236663,2022,EXIOBASE v3.8.2 IOT_2022_ixi with Danish sea-transport reallocation (Rørmose Jensen & Iliev 2022) and capital endogenised (Södersten et al. 2018)
JPN,Japan,Asia and Pacific,Food and catering,waste_generation,kt,0.014295770376225512,2022,EXIOBASE v3.8.2 IOT_2022_ixi with Danish sea-transport reallocation (Rørmose Jensen & Iliev 2022) and capital endogenised (Södersten et al. 2018)
POL,Poland,Europe,Transport Equipment,waste_generation,kt,0.014206264848228413,2022,EXIOBASE v3.8.2 IOT_2022_ixi with Danish sea-transport reallocation (Rørmose Jensen & Iliev 2022) and capital endogenised (Södersten et al. 2018)
RoW America,RoW America,America,Minerals and Metals,waste_generation,kt,0.014189085965557851,2022,EXIOBASE v3.8.2 IOT_2022_ixi with Danish sea-transport reallocation (Rørmose Jensen & Iliev 2022) and capital endogenised (Södersten et al. 2018)
NLD,Netherlands,Europe,General and special Machinery,waste_generation,kt,0.014067026003637845,2022,EXIOBASE v3.8.2 IOT_2022_ixi with Danish sea-transport reallocation (Rørmose Jensen & Iliev 2022) and capital endogenised (Södersten et al. 2018)
BRA,Brazil,America,Textile,material_extraction,kt,0.01406015633509499,2022,EXIOBASE v3.8.2 IOT_2022_ixi with Danish sea-transport reallocation (Rørmose Jensen & Iliev 2022) and capital endogenised (Södersten et al. 2018)
IND,India,Asia and Pacific,Transport,waste_generation,kt,0.013917811388838883,2022,EXIOBASE v3.8.2 IOT_2022_ixi with Danish sea-transport reallocation (Rørmose Jensen & Iliev 2022) and capital endogenised (Södersten et al. 2018)
SVN,Slovenia,Europe,Electricity,climate_change,kt CO2eq,0.013847781550243084,2022,EXIOBASE v3.8.2 IOT_2022_ixi with Danish sea-transport reallocation (Rørmose Jensen & Iliev 2022) and capital endogenised (Södersten et al. 2018)
TUR,Turkey,Middle East,Coal and Petroleum,material_extraction,kt,0.013816765597681975,2022,EXIOBASE v3.8.2 IOT_2022_ixi with Danish sea-transport reallocation (Rørmose Jensen & Iliev 2022) and capital endogenised (Södersten et al. 2018)
CHE,Switzerland,Europe,Waste management and disposal,land_use,km2,0.013797114661544065,2022,EXIOBASE v3.8.2 IOT_2022_ixi with Danish sea-transport reallocation (Rørmose Jensen & Iliev 2022) and capital endogenised (Södersten et al. 2018)
HUN,Hungary,Europe,Furniture and timber,waste_generation,kt,0.013790214168394248,2022,EXIOBASE v3.8.2 IOT_2022_ixi with Danish sea-transport reallocation (Rørmose Jensen & Iliev 2022) and capital endogenised (Södersten et al. 2018)
GBR,United Kingdom,Europe,Services,material_extraction,kt,0.0137146029639344,2022,EXIOBASE v3.8.2 IOT_2022_ixi with Danish sea-transport reallocation (Rørmose Jensen & Iliev 2022) and capital endogenised (Södersten et al. 2018)
USA,United States,America,Textile,blue_water_consumption,Mm3,0.013714527171538572,2022,EXIOBASE v3.8.2 IOT_2022_ixi with Danish sea-transport reallocation (Rørmose Jensen & Iliev 2022) and capital endogenised (Södersten et al. 2018)
MLT,Malta,Europe,Services,waste_generation,kt,0.013667034798247409,2022,EXIOBASE v3.8.2 IOT_2022_ixi with Danish sea-transport reallocation (Rørmose Jensen & Iliev 2022) and capital endogenised (Södersten et al. 2018)
RoW Africa,RoW Africa,Africa,Chemical,material_extraction,kt,0.013620185845588158,2022,EXIOBASE v3.8.2 IOT_2022_ixi with Danish sea-transport reallocation (Rørmose Jensen & Iliev 2022) and capital endogenised (Södersten et al. 2018)
CZE,Czech Republic,Europe,General and special Machinery,waste_generation,kt,0.013620037993663084,2022,EXIOBASE v3.8.2 IOT_2022_ixi with Danish sea-transport reallocation (Rørmose Jensen & Iliev 2022) and capital endogenised (Södersten et al. 2018)
CYP,Cyprus,Middle East,Food and catering,waste_generation,kt,0.013618090154045994,2022,EXIOBASE v3.8.2 IOT_2022_ixi with Danish sea-transport reallocation (Rørmose Jensen & Iliev 2022) and capital endogenised (Södersten et al. 2018)
BGR,Bulgaria,Europe,Furniture and timber,climate_change,kt CO2eq,0.013601653996355358,2022,EXIOBASE v3.8.2 IOT_2022_ixi with Danish sea-transport reallocation (Rørmose Jensen & Iliev 2022) and capital endogenised (Södersten et al. 2018)
KOR,South Korea,Asia and Pacific,Services,waste_generation,kt,0.01359910330084659,2022,EXIOBASE v3.8.2 IOT_2022_ixi with Danish sea-transport reallocation (Rørmose Jensen & Iliev 2022) and capital endogenised (Södersten et al. 2018)
BRA,Brazil,America,General and special Machinery,waste_generation,kt,0.013597871124793992,2022,EXIOBASE v3.8.2 IOT_2022_ixi with Danish sea-transport reallocation (Rørmose Jensen & Iliev 2022) and capital endogenised (Södersten et al. 2018)
MEX,Mexico,America,Construction,waste_generation,kt,0.01358346468259343,2022,EXIOBASE v3.8.2 IOT_2022_ixi with Danish sea-transport reallocation (Rørmose Jensen & Iliev 2022) and capital endogenised (Södersten et al. 2018)
EST,Estonia,Europe,Metal Products,climate_change,kt CO2eq,0.013560436379706962,2022,EXIOBASE v3.8.2 IOT_2022_ixi with Danish sea-transport reallocation (Rørmose Jensen & Iliev 2022) and capital endogenised (Södersten et al. 2018)
CAN,Canada,America,"Electrical, electronic and measuring equipment",waste_generation,kt,0.013558914389595557,2022,EXIOBASE v3.8.2 IOT_2022_ixi with Danish sea-transport reallocation (Rørmose Jensen & Iliev 2022) and capital endogenised (Södersten et al. 2018)
HUN,Hungary,Europe,Waste management and disposal,land_use,km2,0.01353915290241576,2022,EXIOBASE v3.8.2 IOT_2022_ixi with Danish sea-transport reallocation (Rørmose Jensen & Iliev 2022) and capital endogenised (Södersten et al. 2018)
GBR,United Kingdom,Europe,Non-metallic mineral products,blue_water_consumption,Mm3,0.013537338613922945,2022,EXIOBASE v3.8.2 IOT_2022_ixi with Danish sea-transport reallocation (Rørmose Jensen & Iliev 2022) and capital endogenised (Södersten et al. 2018)
NOR,Norway,Europe,"Electrical, electronic and measuring equipment",waste_generation,kt,0.013534393442705501,2022,EXIOBASE v3.8.2 IOT_2022_ixi with Danish sea-transport reallocation (Rørmose Jensen & Iliev 2022) and capital endogenised (Södersten et al. 2018)
LTU,Lithuania,Europe,Furniture and timber,waste_generation,kt,0.013533511339951575,2022,EXIOBASE v3.8.2 IOT_2022_ixi with Danish sea-transport reallocation (Rørmose Jensen & Iliev 2022) and capital endogenised (Södersten et al. 2018)
USA,United States,America,"Steam, hot water supply and water distribution",waste_generation,kt,0.01351287044239184,2022,EXIOBASE v3.8.2 IOT_2022_ixi with Danish sea-transport reallocation (Rørmose Jensen & Iliev 2022) and capital endogenised (Södersten et al. 2018)
USA,United States,America,Textile,waste_generation,kt,0.01351157154515853,2022,EXIOBASE v3.8.2 IOT_2022_ixi with Danish sea-transport reallocation (Rørmose Jensen & Iliev 2022) and capital endogenised (Södersten et al. 2018)
NOR,Norway,Europe,Textile,waste_generation,kt,0.013493566002946563,2022,EXIOBASE v3.8.2 IOT_2022_ixi with Danish sea-transport reallocation (Rørmose Jensen & Iliev 2022) and capital endogenised (Södersten et al. 2018)
RoW Middle East,RoW Middle East,Middle East,"Steam, hot water supply and water distribution",material_extraction,kt,0.01343446987381832,2022,EXIOBASE v3.8.2 IOT_2022_ixi with Danish sea-transport reallocation (Rørmose Jensen & Iliev 2022) and capital endogenised (Södersten et al. 2018)
BRA,Brazil,America,Metal Products,blue_water_consumption,Mm3,0.013406020068661859,2022,EXIOBASE v3.8.2 IOT_2022_ixi with Danish sea-transport reallocation (Rørmose Jensen & Iliev 2022) and capital endogenised (Södersten et al. 2018)
TUR,Turkey,Middle East,"Electrical, electronic and measuring equipment",waste_generation,kt,0.01323451513815858,2022,EXIOBASE v3.8.2 IOT_2022_ixi with Danish sea-transport reallocation (Rørmose Jensen & Iliev 2022) and capital endogenised (Södersten et al. 2018)
GRC,Greece,Europe,Paper Products,climate_change,kt CO2eq,0.013213750546245876,2022,EXIOBASE v3.8.2 IOT_2022_ixi with Danish sea-transport reallocation (Rørmose Jensen & Iliev 2022) and capital endogenised (Södersten et al. 2018)
RoW Middle East,RoW Middle East,Middle East,Services,land_use,km2,0.013062372020098266,2022,EXIOBASE v3.8.2 IOT_2022_ixi with Danish sea-transport reallocation (Rørmose Jensen & Iliev 2022) and capital endogenised (Södersten et al. 2018)
LVA,Latvia,Europe,Natural gas and gaseous fuels,climate_change,kt CO2eq,0.013051572728585242,2022,EXIOBASE v3.8.2 IOT_2022_ixi with Danish sea-transport reallocation (Rørmose Jensen & Iliev 2022) and capital endogenised (Södersten et al. 2018)
IND,India,Asia and Pacific,Paper Products,waste_generation,kt,0.012976918661901662,2022,EXIOBASE v3.8.2 IOT_2022_ixi with Danish sea-transport reallocation (Rørmose Jensen & Iliev 2022) and capital endogenised (Södersten et al. 2018)
TWN,Taiwan,Asia and Pacific,Construction,climate_change,kt CO2eq,0.01296745205427609,2022,EXIOBASE v3.8.2 IOT_2022_ixi with Danish sea-transport reallocation (Rørmose Jensen & Iliev 2022) and capital endogenised (Södersten et al. 2018)
AUT,Austria,Europe,Textile,climate_change,kt CO2eq,0.01293645348620958,2022,EXIOBASE v3.8.2 IOT_2022_ixi with Danish sea-transport reallocation (Rørmose Jensen & Iliev 2022) and capital endogenised (Södersten et al. 2018)
MLT,Malta,Europe,Chemical,climate_change,kt CO2eq,0.012931062702933227,2022,EXIOBASE v3.8.2 IOT_2022_ixi with Danish sea-transport reallocation (Rørmose Jensen & Iliev 2022) and capital endogenised (Södersten et al. 2018)
AUT,Austria,Europe,Transport Equipment,waste_generation,kt,0.012849265684522203,2022,EXIOBASE v3.8.2 IOT_2022_ixi with Danish sea-transport reallocation (Rørmose Jensen & Iliev 2022) and capital endogenised (Södersten et al. 2018)
PRT,Portugal,Europe,Food and catering,material_extraction,kt,0.012847604342786471,2022,EXIOBASE v3.8.2 IOT_2022_ixi with Danish sea-transport reallocation (Rørmose Jensen & Iliev 2022) and capital endogenised (Södersten et al. 2018)
BRA,Brazil,America,"Electrical, electronic and measuring equipment",climate_change,kt CO2eq,0.012813590174688411,2022,EXIOBASE v3.8.2 IOT_2022_ixi with Danish sea-transport reallocation (Rørmose Jensen & Iliev 2022) and capital endogenised (Södersten et al. 2018)
SWE,Sweden,Europe,General and special Machinery,blue_water_consumption,Mm3,0.012790419877938572,2022,EXIOBASE v3.8.2 IOT_2022_ixi with Danish sea-transport reallocation (Rørmose Jensen & Iliev 2022) and capital endogenised (Södersten et al. 2018)
DEU,Germany,Europe,Minerals and Metals,waste_generation,kt,0.012734867197458814,2022,EXIOBASE v3.8.2 IOT_2022_ixi with Danish sea-transport reallocation (Rørmose Jensen & Iliev 2022) and capital endogenised (Södersten et al. 2018)
POL,Poland,Europe,Natural gas and gaseous fuels,waste_generation,kt,0.012713313654048992,2022,EXIOBASE v3.8.2 IOT_2022_ixi with Danish sea-transport reallocation (Rørmose Jensen & Iliev 2022) and capital endogenised (Södersten et al. 2018)
LTU,Lithuania,Europe,Services,waste_generation,kt,0.012701624445572645,2022,EXIOBASE v3.8.2 IOT_2022_ixi with Danish sea-transport reallocation (Rørmose Jensen & Iliev 2022) and capital endogenised (Södersten et al. 2018)
BRA,Brazil,America,Chemical,blue_water_consumption,Mm3,0.012656695315966094,2022,EXIOBASE v3.8.2 IOT_2022_ixi with Danish sea-transport reallocation (Rørmose Jensen & Iliev 2022) and capital endogenised (Södersten et al. 2018)
BRA,Brazil,America,Textile,blue_water_consumption,Mm3,0.012639645465818035,2022,EXIOBASE v3.8.2 IOT_2022_ixi with Danish sea-transport reallocation (Rørmose Jensen & Iliev 2022) and capital endogenised (Södersten et al. 2018)
CHE,Switzerland,Europe,General and special Machinery,waste_generation,kt,0.012572578806369264,2022,EXIOBASE v3.8.2 IOT_2022_ixi with Danish sea-transport reallocation (Rørmose Jensen & Iliev 2022) and capital endogenised (Södersten et al. 2018)
RoW Middle East,RoW Middle East,Middle East,Transport Equipment,waste_generation,kt,0.012558386692653531,2022,EXIOBASE v3.8.2 IOT_2022_ixi with Danish sea-transport reallocation (Rørmose Jensen & Iliev 2022) and capital endogenised (Södersten et al. 2018)
FRA,France,Europe,"Electrical, electronic and measuring equipment",waste_generation,kt,0.012555829892470595,2022,EXIOBASE v3.8.2 IOT_2022_ixi with Danish sea-transport reallocation (Rørmose Jensen & Iliev 2022) and capital endogenised (Södersten et al. 2018)
RUS,Russia,Europe,Minerals and Metals,waste_generation,kt,0.012542822600658185,2022,EXIOBASE v3.8.2 IOT_2022_ixi with Danish sea-transport reallocation (Rørmose Jensen & Iliev 2022) and capital endogenised (Södersten et al. 2018)
BGR,Bulgaria,Europe,General and special Machinery,climate_change,kt CO2eq,0.012531733588156128,2022,EXIOBASE v3.8.2 IOT_2022_ixi with Danish sea-transport reallocation (Rørmose Jensen & Iliev 2022) and capital endogenised (Södersten et al. 2018)
SWE,Sweden,Europe,Textile,climate_change,kt CO2eq,0.012519552200163542,2022,EXIOBASE v3.8.2 IOT_2022_ixi with Danish sea-transport reallocation (Rørmose Jensen & Iliev 2022) and capital endogenised (Södersten et al. 2018)
CAN,Canada,America,Non-metallic mineral products,waste_generation,kt,0.012500483226729609,2022,EXIOBASE v3.8.2 IOT_2022_ixi with Danish sea-transport reallocation (Rørmose Jensen & Iliev 2022) and capital endogenised (Södersten et al. 2018)
ROU,Romania,Europe,Furniture and timber,waste_generation,kt,0.012490511184033052,2022,EXIOBASE v3.8.2 IOT_2022_ixi with Danish sea-transport reallocation (Rørmose Jensen & Iliev 2022) and capital endogenised (Södersten et al. 2018)
ITA,Italy,Europe,Electricity,blue_water_consumption,Mm3,0.012345312581785619,2022,EXIOBASE v3.8.2 IOT_2022_ixi with Danish sea-transport reallocation (Rørmose Jensen & Iliev 2022) and capital endogenised (Södersten et al. 2018)
ITA,Italy,Europe,General and special Machinery,waste_generation,kt,0.012332760358246226,2022,EXIOBASE v3.8.2 IOT_2022_ixi with Danish sea-transport reallocation (Rørmose Jensen & Iliev 2022) and capital endogenised (Södersten et al. 2018)
IND,India,Asia and Pacific,Textile,material_extraction,kt,0.01232159896383065,2022,EXIOBASE v3.8.2 IOT_2022_ixi with Danish sea-transport reallocation (Rørmose Jensen & Iliev 2022) and capital endogenised (Södersten et al. 2018)
LTU,Lithuania,Europe,Electricity,blue_water_consumption,Mm3,0.01231412205019854,2022,EXIOBASE v3.8.2 IOT_2022_ixi with Danish sea-transport reallocation (Rørmose Jensen & Iliev 2022) and capital endogenised (Södersten et al. 2018)
AUT,Austria,Europe,Non-metallic mineral products,waste_generation,kt,0.01231263038478985,2022,EXIOBASE v3.8.2 IOT_2022_ixi with Danish sea-transport reallocation (Rørmose Jensen & Iliev 2022) and capital endogenised (Södersten et al. 2018)
NOR,Norway,Europe,Coal and Petroleum,waste_generation,kt,0.012267720882058073,2022,EXIOBASE v3.8.2 IOT_2022_ixi with Danish sea-transport reallocation (Rørmose Jensen & Iliev 2022) and capital endogenised (Södersten et al. 2018)
RoW America,RoW America,America,"Electrical, electronic and measuring equipment",material_extraction,kt,0.01225258885316853,2022,EXIOBASE v3.8.2 IOT_2022_ixi with Danish sea-transport reallocation (Rørmose Jensen & Iliev 2022) and capital endogenised (Södersten et al. 2018)
RUS,Russia,Europe,Natural gas and gaseous fuels,material_extraction,kt,0.012225941907532798,2022,EXIOBASE v3.8.2 IOT_2022_ixi with Danish sea-transport reallocation (Rørmose Jensen & Iliev 2022) and capital endogenised (Södersten et al. 2018)
NLD,Netherlands,Europe,"Electrical, electronic and measuring equipment",waste_generation,kt,0.012224790959697168,2022,EXIOBASE v3.8.2 IOT_2022_ixi with Danish sea-transport reallocation (Rørmose Jensen & Iliev 2022) and capital endogenised (Södersten et al. 2018)
KOR,South Korea,Asia and Pacific,Chemical,blue_water_consumption,Mm3,0.012209518602847087,2022,EXIOBASE v3.8.2 IOT_2022_ixi with Danish sea-transport reallocation (Rørmose Jensen & Iliev 2022) and capital endogenised (Södersten et al. 2018)
RoW Europe,RoW Europe,Europe,Textile,waste_generation,kt,0.012180991756146503,2022,EXIOBASE v3.8.2 IOT_2022_ixi with Danish sea-transport reallocation (Rørmose Jensen & Iliev 2022) and capital endogenised (Södersten et al. 2018)
CAN,Canada,America,Services,material_extraction,kt,0.01202267383610096,2022,EXIOBASE v3.8.2 IOT_2022_ixi with Danish sea-transport reallocation (Rørmose Jensen & Iliev 2022) and capital endogenised (Södersten et al. 2018)
PRT,Portugal,Europe,Services,waste_generation,kt,0.011973398187384588,2022,EXIOBASE v3.8.2 IOT_2022_ixi with Danish sea-transport reallocation (Rørmose Jensen & Iliev 2022) and capital endogenised (Södersten et al. 2018)
LTU,Lithuania,Europe,Paper Products,waste_generation,kt,0.011942041477059313,2022,EXIOBASE v3.8.2 IOT_2022_ixi with Danish sea-transport reallocation (Rørmose Jensen & Iliev 2022) and capital endogenised (Södersten et al. 2018)
SVK,Slovakia,Europe,Metal Products,land_use,km2,0.01187280006434396,2022,EXIOBASE v3.8.2 IOT_2022_ixi with Danish sea-transport reallocation (Rørmose Jensen & Iliev 2022) and capital endogenised (Södersten et al. 2018)
RUS,Russia,Europe,Transport,waste_generation,kt,0.011861648682129931,2022,EXIOBASE v3.8.2 IOT_2022_ixi with Danish sea-transport reallocation (Rørmose Jensen & Iliev 2022) and capital endogenised (Södersten et al. 2018)
MEX,Mexico,America,Non-metallic mineral products,material_extraction,kt,0.011850191220603172,2022,EXIOBASE v3.8.2 IOT_2022_ixi with Danish sea-transport reallocation (Rørmose Jensen & Iliev 2022) and capital endogenised (Södersten et al. 2018)
FIN,Finland,Europe,Metal Products,blue_water_consumption,Mm3,0.01182546230309686,2022,EXIOBASE v3.8.2 IOT_2022_ixi with Danish sea-transport reallocation (Rørmose Jensen & Iliev 2022) and capital endogenised (Södersten et al. 2018)
CAN,Canada,America,Textile,climate_change,kt CO2eq,0.011734876727732402,2022,EXIOBASE v3.8.2 IOT_2022_ixi with Danish sea-transport reallocation (Rørmose Jensen & Iliev 2022) and capital endogenised (Södersten et al. 2018)
GBR,United Kingdom,Europe,General and special Machinery,waste_generation,kt,0.011661276063928867,2022,EXIOBASE v3.8.2 IOT_2022_ixi with Danish sea-transport reallocation (Rørmose Jensen & Iliev 2022) and capital endogenised (Södersten et al. 2018)
BGR,Bulgaria,Europe,Waste management and disposal,waste_generation,kt,0.011619740935616657,2022,EXIOBASE v3.8.2 IOT_2022_ixi with Danish sea-transport reallocation (Rørmose Jensen & Iliev 2022) and capital endogenised (Södersten et al. 2018)
FIN,Finland,Europe,Transport Equipment,waste_generation,kt,0.011536720360416003,2022,EXIOBASE v3.8.2 IOT_2022_ixi with Danish sea-transport reallocation (Rørmose Jensen & Iliev 2022) and capital endogenised (Södersten et al. 2018)
EST,Estonia,Europe,Non-metallic mineral products,waste_generation,kt,0.011434343320842477,2022,EXIOBASE v3.8.2 IOT_2022_ixi with Danish sea-transport reallocation (Rørmose Jensen & Iliev 2022) and capital endogenised (Södersten et al. 2018)
AUT,Austria,Europe,Food and catering,material_extraction,kt,0.01142992421184777,2022,EXIOBASE v3.8.2 IOT_2022_ixi with Danish sea-transport reallocation (Rørmose Jensen & Iliev 2022) and capital endogenised (Södersten et al. 2018)
POL,Poland,Europe,Waste management and disposal,land_use,km2,0.011411966909448526,2022,EXIOBASE v3.8.2 IOT_2022_ixi with Danish sea-transport reallocation (Rørmose Jensen & Iliev 2022) and capital endogenised (Södersten et al. 2018)
EST,Estonia,Europe,Waste management and disposal,waste_generation,kt,0.011360946197395787,2022,EXIOBASE v3.8.2 IOT_2022_ixi with Danish sea-transport reallocation (Rørmose Jensen & Iliev 2022) and capital endogenised (Södersten et al. 2018)
ZAF,South Africa,Africa,Transport Equipment,waste_generation,kt,0.01134194297476122,2022,EXIOBASE v3.8.2 IOT_2022_ixi with Danish sea-transport reallocation (Rørmose Jensen & Iliev 2022) and capital endogenised (Södersten et al. 2018)
NOR,Norway,Europe,Furniture and timber,blue_water_consumption,Mm3,0.011316119746544328,2022,EXIOBASE v3.8.2 IOT_2022_ixi with Danish sea-transport reallocation (Rørmose Jensen & Iliev 2022) and capital endogenised (Södersten et al. 2018)
GRC,Greece,Europe,Services,waste_generation,kt,0.011265341110230908,2022,EXIOBASE v3.8.2 IOT_2022_ixi with Danish sea-transport reallocation (Rørmose Jensen & Iliev 2022) and capital endogenised (Södersten et al. 2018)
ROU,Romania,Europe,Paper Products,waste_generation,kt,0.01125753572057648,2022,EXIOBASE v3.8.2 IOT_2022_ixi with Danish sea-transport reallocation (Rørmose Jensen & Iliev 2022) and capital endogenised (Södersten et al. 2018)
TUR,Turkey,Middle East,Non-metallic mineral products,waste_generation,kt,0.011242282253777575,2022,EXIOBASE v3.8.2 IOT_2022_ixi with Danish sea-transport reallocation (Rørmose Jensen & Iliev 2022) and capital endogenised (Södersten et al. 2018)
RoW Europe,RoW Europe,Europe,"Electrical, electronic and measuring equipment",blue_water_consumption,Mm3,0.011231020656710777,2022,EXIOBASE v3.8.2 IOT_2022_ixi with Danish sea-transport reallocation (Rørmose Jensen & Iliev 2022) and capital endogenised (Södersten et al. 2018)
SVK,Slovakia,Europe,"Steam, hot water supply and water distribution",waste_generation,kt,0.011185576706048675,2022,EXIOBASE v3.8.2 IOT_2022_ixi with Danish sea-transport reallocation (Rørmose Jensen & Iliev 2022) and capital endogenised (Södersten et al. 2018)
TWN,Taiwan,Asia and Pacific,Furniture and timber,climate_change,kt CO2eq,0.011180978639650514,2022,EXIOBASE v3.8.2 IOT_2022_ixi with Danish sea-transport reallocation (Rørmose Jensen & Iliev 2022) and capital endogenised (Södersten et al. 2018)
MEX,Mexico,America,Furniture and timber,waste_generation,kt,0.011058270367663683,2022,EXIOBASE v3.8.2 IOT_2022_ixi with Danish sea-transport reallocation (Rørmose Jensen & Iliev 2022) and capital endogenised (Södersten et al. 2018)
CAN,Canada,America,Metal Products,blue_water_consumption,Mm3,0.011043346022027813,2022,EXIOBASE v3.8.2 IOT_2022_ixi with Danish sea-transport reallocation (Rørmose Jensen & Iliev 2022) and capital endogenised (Södersten et al. 2018)
FIN,Finland,Europe,Food and catering,blue_water_consumption,Mm3,0.010931406174376308,2022,EXIOBASE v3.8.2 IOT_2022_ixi with Danish sea-transport reallocation (Rørmose Jensen & Iliev 2022) and capital endogenised (Södersten et al. 2018)
LVA,Latvia,Europe,Paper Products,climate_change,kt CO2eq,0.010902964628127934,2022,EXIOBASE v3.8.2 IOT_2022_ixi with Danish sea-transport reallocation (Rørmose Jensen & Iliev 2022) and capital endogenised (Södersten et al. 2018)
RoW Middle East,RoW Middle East,Middle East,Waste management and disposal,waste_generation,kt,0.010894087268892415,2022,EXIOBASE v3.8.2 IOT_2022_ixi with Danish sea-transport reallocation (Rørmose Jensen & Iliev 2022) and capital endogenised (Södersten et al. 2018)
IDN,Indonesia,Asia and Pacific,Transport Equipment,climate_change,kt CO2eq,0.0108697797938007,2022,EXIOBASE v3.8.2 IOT_2022_ixi with Danish sea-transport reallocation (Rørmose Jensen & Iliev 2022) and capital endogenised (Södersten et al. 2018)
BGR,Bulgaria,Europe,Paper Products,waste_generation,kt,0.010856637439503535,2022,EXIOBASE v3.8.2 IOT_2022_ixi with Danish sea-transport reallocation (Rørmose Jensen & Iliev 2022) and capital endogenised (Södersten et al. 2018)
RoW Africa,RoW Africa,Africa,Minerals and Metals,blue_water_consumption,Mm3,0.010799715704822506,2022,EXIOBASE v3.8.2 IOT_2022_ixi with Danish sea-transport reallocation (Rørmose Jensen & Iliev 2022) and capital endogenised (Södersten et al. 2018)
BGR,Bulgaria,Europe,Chemical,blue_water_consumption,Mm3,0.010798623132889859,2022,EXIOBASE v3.8.2 IOT_2022_ixi with Danish sea-transport reallocation (Rørmose Jensen & Iliev 2022) and capital endogenised (Södersten et al. 2018)
CZE,Czech Republic,Europe,Paper Products,blue_water_consumption,Mm3,0.010775343520068183,2022,EXIOBASE v3.8.2 IOT_2022_ixi with Danish sea-transport reallocation (Rørmose Jensen & Iliev 2022) and capital endogenised (Södersten et al. 2018)
RoW Europe,RoW Europe,Europe,General and special Machinery,blue_water_consumption,Mm3,0.01074331785467456,2022,EXIOBASE v3.8.2 IOT_2022_ixi with Danish sea-transport reallocation (Rørmose Jensen & Iliev 2022) and capital endogenised (Södersten et al. 2018)
HRV,Croatia,Europe,Transport Equipment,climate_change,kt CO2eq,0.01065767160697871,2022,EXIOBASE v3.8.2 IOT_2022_ixi with Danish sea-transport reallocation (Rørmose Jensen & Iliev 2022) and capital endogenised (Södersten et al. 2018)
LUX,Luxembourg,Europe,Construction,climate_change,kt CO2eq,0.0106406334081431,2022,EXIOBASE v3.8.2 IOT_2022_ixi with Danish sea-transport reallocation (Rørmose Jensen & Iliev 2022) and capital endogenised (Södersten et al. 2018)
PRT,Portugal,Europe,Transport,material_extraction,kt,0.010605168096820874,2022,EXIOBASE v3.8.2 IOT_2022_ixi with Danish sea-transport reallocation (Rørmose Jensen & Iliev 2022) and capital endogenised (Södersten et al. 2018)
RoW Europe,RoW Europe,Europe,Non-metallic mineral products,waste_generation,kt,0.010578745679413611,2022,EXIOBASE v3.8.2 IOT_2022_ixi with Danish sea-transport reallocation (Rørmose Jensen & Iliev 2022) and capital endogenised (Södersten et al. 2018)
LTU,Lithuania,Europe,Transport Equipment,climate_change,kt CO2eq,0.010566160138540927,2022,EXIOBASE v3.8.2 IOT_2022_ixi with Danish sea-transport reallocation (Rørmose Jensen & Iliev 2022) and capital endogenised (Södersten et al. 2018)
SVK,Slovakia,Europe,Non-metallic mineral products,blue_water_consumption,Mm3,0.010528960139706714,2022,EXIOBASE v3.8.2 IOT_2022_ixi with Danish sea-transport reallocation (Rørmose Jensen & Iliev 2022) and capital endogenised (Södersten et al. 2018)
BEL,Belgium,Europe,"Steam, hot water supply and water distribution",climate_change,kt CO2eq,0.01048441330067939,2022,EXIOBASE v3.8.2 IOT_2022_ixi with Danish sea-transport reallocation (Rørmose Jensen & Iliev 2022) and capital endogenised (Södersten et al. 2018)
AUS,Australia,Asia and Pacific,Services,land_use,km2,0.01044125417478783,2022,EXIOBASE v3.8.2 IOT_2022_ixi with Danish sea-transport reallocation (Rørmose Jensen & Iliev 2022) and capital endogenised (Södersten et al. 2018)
PRT,Portugal,Europe,Textile,land_use,km2,0.010354009632168738,2022,EXIOBASE v3.8.2 IOT_2022_ixi with Danish sea-transport reallocation (Rørmose Jensen & Iliev 2022) and capital endogenised (Södersten et al. 2018)
FRA,France,Europe,General and special Machinery,waste_generation,kt,0.01032667040701388,2022,EXIOBASE v3.8.2 IOT_2022_ixi with Danish sea-transport reallocation (Rørmose Jensen & Iliev 2022) and capital endogenised (Södersten et al. 2018)
RoW Asia and Pacific,RoW Asia and Pacific,Asia and Pacific,Minerals and Metals,blue_water_consumption,Mm3,0.010325269425157534,2022,EXIOBASE v3.8.2 IOT_2022_ixi with Danish sea-transport reallocation (Rørmose Jensen & Iliev 2022) and capital endogenised (Södersten et al. 2018)
CYP,Cyprus,Middle East,Metal Products,climate_change,kt CO2eq,0.010316971112114125,2022,EXIOBASE v3.8.2 IOT_2022_ixi with Danish sea-transport reallocation (Rørmose Jensen & Iliev 2022) and capital endogenised (Södersten et al. 2018)
RoW Asia and Pacific,RoW Asia and Pacific,Asia and Pacific,Waste management and disposal,blue_water_consumption,Mm3,0.010256095489715367,2022,EXIOBASE v3.8.2 IOT_2022_ixi with Danish sea-transport reallocation (Rørmose Jensen & Iliev 2022) and capital endogenised (Södersten et al. 2018)
BRA,Brazil,America,General and special Machinery,climate_change,kt CO2eq,0.01022485756625477,2022,EXIOBASE v3.8.2 IOT_2022_ixi with Danish sea-transport reallocation (Rørmose Jensen & Iliev 2022) and capital endogenised (Södersten et al. 2018)
CHE,Switzerland,Europe,Textile,climate_change,kt CO2eq,0.010211772557710757,2022,EXIOBASE v3.8.2 IOT_2022_ixi with Danish sea-transport reallocation (Rørmose Jensen & Iliev 2022) and capital endogenised (Södersten et al. 2018)
SVN,Slovenia,Europe,"Steam, hot water supply and water distribution",waste_generation,kt,0.01020695073841876,2022,EXIOBASE v3.8.2 IOT_2022_ixi with Danish sea-transport reallocation (Rørmose Jensen & Iliev 2022) and capital endogenised (Södersten et al. 2018)
RoW America,RoW America,America,Services,blue_water_consumption,Mm3,0.010203055973794015,2022,EXIOBASE v3.8.2 IOT_2022_ixi with Danish sea-transport reallocation (Rørmose Jensen & Iliev 2022) and capital endogenised (Södersten et al. 2018)
RoW Africa,RoW Africa,Africa,"Electrical, electronic and measuring equipment",blue_water_consumption,Mm3,0.010091247783383826,2022,EXIOBASE v3.8.2 IOT_2022_ixi with Danish sea-transport reallocation (Rørmose Jensen & Iliev 2022) and capital endogenised (Södersten et al. 2018)
RoW Middle East,RoW Middle East,Middle East,Textile,blue_water_consumption,Mm3,0.010074402276560038,2022,EXIOBASE v3.8.2 IOT_2022_ixi with Danish sea-transport reallocation (Rørmose Jensen & Iliev 2022) and capital endogenised (Södersten et al. 2018)
CHE,Switzerland,Europe,Food and catering,blue_water_consumption,Mm3,0.010068791164983994,2022,EXIOBASE v3.8.2 IOT_2022_ixi with Danish sea-transport reallocation (Rørmose Jensen & Iliev 2022) and capital endogenised (Södersten et al. 2018)
CZE,Czech Republic,Europe,Chemical,blue_water_consumption,Mm3,0.01001246308462564,2022,EXIOBASE v3.8.2 IOT_2022_ixi with Danish sea-transport reallocation (Rørmose Jensen & Iliev 2022) and capital endogenised (Södersten et al. 2018)
IDN,Indonesia,Asia and Pacific,Textile,land_use,km2,0.009988291851576797,2022,EXIOBASE v3.8.2 IOT_2022_ixi with Danish sea-transport reallocation (Rørmose Jensen & Iliev 2022) and capital endogenised (Södersten et al. 2018)
IND,India,Asia and Pacific,Transport Equipment,waste_generation,kt,0.009977827517103723,2022,EXIOBASE v3.8.2 IOT_2022_ixi with Danish sea-transport reallocation (Rørmose Jensen & Iliev 2022) and capital endogenised (Södersten et al. 2018)
BGR,Bulgaria,Europe,Coal and Petroleum,waste_generation,kt,0.009976403918133293,2022,EXIOBASE v3.8.2 IOT_2022_ixi with Danish sea-transport reallocation (Rørmose Jensen & Iliev 2022) and capital endogenised (Södersten et al. 2018)
RoW Europe,RoW Europe,Europe,Non-metallic mineral products,blue_water_consumption,Mm3,0.009966475350925952,2022,EXIOBASE v3.8.2 IOT_2022_ixi with Danish sea-transport reallocation (Rørmose Jensen & Iliev 2022) and capital endogenised (Södersten et al. 2018)
PRT,Portugal,Europe,Transport Equipment,climate_change,kt CO2eq,0.009954123375840958,2022,EXIOBASE v3.8.2 IOT_2022_ixi with Danish sea-transport reallocation (Rørmose Jensen & Iliev 2022) and capital endogenised (Södersten et al. 2018)
TUR,Turkey,Middle East,Electricity,blue_water_consumption,Mm3,0.00995294231686057,2022,EXIOBASE v3.8.2 IOT_2022_ixi with Danish sea-transport reallocation (Rørmose Jensen & Iliev 2022) and capital endogenised (Södersten et al. 2018)
CAN,Canada,America,Chemical,blue_water_consumption,Mm3,0.00985103658176195,2022,EXIOBASE v3.8.2 IOT_2022_ixi with Danish sea-transport reallocation (Rørmose Jensen & Iliev 2022) and capital endogenised (Södersten et al. 2018)
AUT,Austria,Europe,Food and catering,blue_water_consumption,Mm3,0.009847834386942266,2022,EXIOBASE v3.8.2 IOT_2022_ixi with Danish sea-transport reallocation (Rørmose Jensen & Iliev 2022) and capital endogenised (Södersten et al. 2018)
SVK,Slovakia,Europe,Electricity,waste_generation,kt,0.009805772751196075,2022,EXIOBASE v3.8.2 IOT_2022_ixi with Danish sea-transport reallocation (Rørmose Jensen & Iliev 2022) and capital endogenised (Södersten et al. 2018)
NLD,Netherlands,Europe,General and special Machinery,blue_water_consumption,Mm3,0.009787814057442487,2022,EXIOBASE v3.8.2 IOT_2022_ixi with Danish sea-transport reallocation (Rørmose Jensen & Iliev 2022) and capital endogenised (Södersten et al. 2018)
IND,India,Asia and Pacific,"Electrical, electronic and measuring equipment",blue_water_consumption,Mm3,0.009782443245911678,2022,EXIOBASE v3.8.2 IOT_2022_ixi with Danish sea-transport reallocation (Rørmose Jensen & Iliev 2022) and capital endogenised (Södersten et al. 2018)
NLD,Netherlands,Europe,Textile,waste_generation,kt,0.009721810626222745,2022,EXIOBASE v3.8.2 IOT_2022_ixi with Danish sea-transport reallocation (Rørmose Jensen & Iliev 2022) and capital endogenised (Södersten et al. 2018)
HRV,Croatia,Europe,Textile,climate_change,kt CO2eq,0.009718804220965611,2022,EXIOBASE v3.8.2 IOT_2022_ixi with Danish sea-transport reallocation (Rørmose Jensen & Iliev 2022) and capital endogenised (Södersten et al. 2018)
BRA,Brazil,America,Transport Equipment,waste_generation,kt,0.009707412470080308,2022,EXIOBASE v3.8.2 IOT_2022_ixi with Danish sea-transport reallocation (Rørmose Jensen & Iliev 2022) and capital endogenised (Södersten et al. 2018)
SVK,Slovakia,Europe,Chemical,blue_water_consumption,Mm3,0.009682386826630994,2022,EXIOBASE v3.8.2 IOT_2022_ixi with Danish sea-transport reallocation (Rørmose Jensen & Iliev 2022) and capital endogenised (Södersten et al. 2018)
CHE,Switzerland,Europe,Furniture and timber,waste_generation,kt,0.009644245994149673,2022,EXIOBASE v3.8.2 IOT_2022_ixi with Danish sea-transport reallocation (Rørmose Jensen & Iliev 2022) and capital endogenised (Södersten et al. 2018)
BGR,Bulgaria,Europe,Construction,waste_generation,kt,0.009607303772109466,2022,EXIOBASE v3.8.2 IOT_2022_ixi with Danish sea-transport reallocation (Rørmose Jensen & Iliev 2022) and capital endogenised (Södersten et al. 2018)
ROU,Romania,Europe,"Steam, hot water supply and water distribution",waste_generation,kt,0.009598974357821827,2022,EXIOBASE v3.8.2 IOT_2022_ixi with Danish sea-transport reallocation (Rørmose Jensen & Iliev 2022) and capital endogenised (Södersten et al. 2018)
HUN,Hungary,Europe,General and special Machinery,waste_generation,kt,0.009579895948046112,2022,EXIOBASE v3.8.2 IOT_2022_ixi with Danish sea-transport reallocation (Rørmose Jensen & Iliev 2022) and capital endogenised (Södersten et al. 2018)
LVA,Latvia,Europe,Food and catering,material_extraction,kt,0.009465419449549175,2022,EXIOBASE v3.8.2 IOT_2022_ixi with Danish sea-transport reallocation (Rørmose Jensen & Iliev 2022) and capital endogenised (Södersten et al. 2018)
CZE,Czech Republic,Europe,Electricity,material_extraction,kt,0.009459382747620874,2022,EXIOBASE v3.8.2 IOT_2022_ixi with Danish sea-transport reallocation (Rørmose Jensen & Iliev 2022) and capital endogenised (Södersten et al. 2018)
HUN,Hungary,Europe,Electricity,blue_water_consumption,Mm3,0.00941853963076715,2022,EXIOBASE v3.8.2 IOT_2022_ixi with Danish sea-transport reallocation (Rørmose Jensen & Iliev 2022) and capital endogenised (Södersten et al. 2018)
GRC,Greece,Europe,Transport Equipment,climate_change,kt CO2eq,0.009360351569368382,2022,EXIOBASE v3.8.2 IOT_2022_ixi with Danish sea-transport reallocation (Rørmose Jensen & Iliev 2022) and capital endogenised (Södersten et al. 2018)
RoW America,RoW America,America,Metal Products,blue_water_consumption,Mm3,0.009302230831496866,2022,EXIOBASE v3.8.2 IOT_2022_ixi with Danish sea-transport reallocation (Rørmose Jensen & Iliev 2022) and capital endogenised (Södersten et al. 2018)
RoW Middle East,RoW Middle East,Middle East,Textile,waste_generation,kt,0.009207622278752419,2022,EXIOBASE v3.8.2 IOT_2022_ixi with Danish sea-transport reallocation (Rørmose Jensen & Iliev 2022) and capital endogenised (Södersten et al. 2018)
POL,Poland,Europe,Non-metallic mineral products,blue_water_consumption,Mm3,0.009202058857261249,2022,EXIOBASE v3.8.2 IOT_2022_ixi with Danish sea-transport reallocation (Rørmose Jensen & Iliev 2022) and capital endogenised (Södersten et al. 2018)
RoW Africa,RoW Africa,Africa,Paper Products,blue_water_consumption,Mm3,0.009139898918291376,2022,EXIOBASE v3.8.2 IOT_2022_ixi with Danish sea-transport reallocation (Rørmose Jensen & Iliev 2022) and capital endogenised (Södersten et al. 2018)
SVK,Slovakia,Europe,Non-metallic mineral products,waste_generation,kt,0.009120901387542363,2022,EXIOBASE v3.8.2 IOT_2022_ixi with Danish sea-transport reallocation (Rørmose Jensen & Iliev 2022) and capital endogenised (Södersten et al. 2018)
ROU,Romania,Europe,Non-metallic mineral products,waste_generation,kt,0.00910938861983564,2022,EXIOBASE v3.8.2 IOT_2022_ixi with Danish sea-transport reallocation (Rørmose Jensen & Iliev 2022) and capital endogenised (Södersten et al. 2018)
BRA,Brazil,America,Services,land_use,km2,0.009055677217949957,2022,EXIOBASE v3.8.2 IOT_2022_ixi with Danish sea-transport reallocation (Rørmose Jensen & Iliev 2022) and capital endogenised (Södersten et al. 2018)
SVK,Slovakia,Europe,Metal Products,blue_water_consumption,Mm3,0.009021127836690528,2022,EXIOBASE v3.8.2 IOT_2022_ixi with Danish sea-transport reallocation (Rørmose Jensen & Iliev 2022) and capital endogenised (Södersten et al. 2018)
ESP,Spain,Europe,"Steam, hot water supply and water distribution",climate_change,kt CO2eq,0.009002950117006098,2022,EXIOBASE v3.8.2 IOT_2022_ixi with Danish sea-transport reallocation (Rørmose Jensen & Iliev 2022) and capital endogenised (Södersten et al. 2018)
RoW America,RoW America,America,Textile,blue_water_consumption,Mm3,0.00898273834075427,2022,EXIOBASE v3.8.2 IOT_2022_ixi with Danish sea-transport reallocation (Rørmose Jensen & Iliev 2022) and capital endogenised (Södersten et al. 2018)
CZE,Czech Republic,Europe,"Electrical, electronic and measuring equipment",waste_generation,kt,0.008963937269793039,2022,EXIOBASE v3.8.2 IOT_2022_ixi with Danish sea-transport reallocation (Rørmose Jensen & Iliev 2022) and capital endogenised (Södersten et al. 2018)
FRA,France,Europe,Textile,land_use,km2,0.008956376461413937,2022,EXIOBASE v3.8.2 IOT_2022_ixi with Danish sea-transport reallocation (Rørmose Jensen & Iliev 2022) and capital endogenised (Södersten et al. 2018)
RoW Africa,RoW Africa,Africa,Furniture and timber,waste_generation,kt,0.008941557132117887,2022,EXIOBASE v3.8.2 IOT_2022_ixi with Danish sea-transport reallocation (Rørmose Jensen & Iliev 2022) and capital endogenised (Södersten et al. 2018)
JPN,Japan,Asia and Pacific,Transport Equipment,waste_generation,kt,0.008874795663564786,2022,EXIOBASE v3.8.2 IOT_2022_ixi with Danish sea-transport reallocation (Rørmose Jensen & Iliev 2022) and capital endogenised (Södersten et al. 2018)
LVA,Latvia,Europe,Textile,climate_change,kt CO2eq,0.008846630399018831,2022,EXIOBASE v3.8.2 IOT_2022_ixi with Danish sea-transport reallocation (Rørmose Jensen & Iliev 2022) and capital endogenised (Södersten et al. 2018)
JPN,Japan,Asia and Pacific,General and special Machinery,waste_generation,kt,0.008836179592682295,2022,EXIOBASE v3.8.2 IOT_2022_ixi with Danish sea-transport reallocation (Rørmose Jensen & Iliev 2022) and capital endogenised (Södersten et al. 2018)
SVK,Slovakia,Europe,Furniture and timber,waste_generation,kt,0.008798955559343217,2022,EXIOBASE v3.8.2 IOT_2022_ixi with Danish sea-transport reallocation (Rørmose Jensen & Iliev 2022) and capital endogenised (Södersten et al. 2018)
FIN,Finland,Europe,"Electrical, electronic and measuring equipment",waste_generation,kt,0.008790438432450212,2022,EXIOBASE v3.8.2 IOT_2022_ixi with Danish sea-transport reallocation (Rørmose Jensen & Iliev 2022) and capital endogenised (Södersten et al. 2018)
ESP,Spain,Europe,"Electrical, electronic and measuring equipment",waste_generation,kt,0.008720400942110759,2022,EXIOBASE v3.8.2 IOT_2022_ixi with Danish sea-transport reallocation (Rørmose Jensen & Iliev 2022) and capital endogenised (Södersten et al. 2018)
ITA,Italy,Europe,Transport,waste_generation,kt,0.008582034425107805,2022,EXIOBASE v3.8.2 IOT_2022_ixi with Danish sea-transport reallocation (Rørmose Jensen & Iliev 2022) and capital endogenised (Södersten et al. 2018)
CZE,Czech Republic,Europe,Minerals and Metals,waste_generation,kt,0.008541977043645595,2022,EXIOBASE v3.8.2 IOT_2022_ixi with Danish sea-transport reallocation (Rørmose Jensen & Iliev 2022) and capital endogenised (Södersten et al. 2018)
KOR,South Korea,Asia and Pacific,General and special Machinery,waste_generation,kt,0.008523726356604259,2022,EXIOBASE v3.8.2 IOT_2022_ixi with Danish sea-transport reallocation (Rørmose Jensen & Iliev 2022) and capital endogenised (Södersten et al. 2018)
SVN,Slovenia,Europe,Textile,land_use,km2,0.008496361634620217,2022,EXIOBASE v3.8.2 IOT_2022_ixi with Danish sea-transport reallocation (Rørmose Jensen & Iliev 2022) and capital endogenised (Södersten et al. 2018)
DNK,Denmark,Denmark,"Electrical, electronic and measuring equipment",blue_water_consumption,Mm3,0.00848132715852644,2022,EXIOBASE v3.8.2 IOT_2022_ixi with Danish sea-transport reallocation (Rørmose Jensen & Iliev 2022) and capital endogenised (Södersten et al. 2018)
SVK,Slovakia,Europe,Transport,land_use,km2,0.00846381787975553,2022,EXIOBASE v3.8.2 IOT_2022_ixi with Danish sea-transport reallocation (Rørmose Jensen & Iliev 2022) and capital endogenised (Södersten et al. 2018)
SWE,Sweden,Europe,Textile,waste_generation,kt,0.008409035738559207,2022,EXIOBASE v3.8.2 IOT_2022_ixi with Danish sea-transport reallocation (Rørmose Jensen & Iliev 2022) and capital endogenised (Södersten et al. 2018)
EST,Estonia,Europe,"Steam, hot water supply and water distribution",waste_generation,kt,0.008374134336624232,2022,EXIOBASE v3.8.2 IOT_2022_ixi with Danish sea-transport reallocation (Rørmose Jensen & Iliev 2022) and capital endogenised (Södersten et al. 2018)
HUN,Hungary,Europe,Services,blue_water_consumption,Mm3,0.008353639138364398,2022,EXIOBASE v3.8.2 IOT_2022_ixi with Danish sea-transport reallocation (Rørmose Jensen & Iliev 2022) and capital endogenised (Södersten et al. 2018)
RoW America,RoW America,America,Textile,waste_generation,kt,0.008353404090218175,2022,EXIOBASE v3.8.2 IOT_2022_ixi with Danish sea-transport reallocation (Rørmose Jensen & Iliev 2022) and capital endogenised (Södersten et al. 2018)
USA,United States,America,Natural gas and gaseous fuels,material_extraction,kt,0.008291717755313175,2022,EXIOBASE v3.8.2 IOT_2022_ixi with Danish sea-transport reallocation (Rørmose Jensen & Iliev 2022) and capital endogenised (Södersten et al. 2018)
RoW Europe,RoW Europe,Europe,Paper Products,waste_generation,kt,0.008283187341036637,2022,EXIOBASE v3.8.2 IOT_2022_ixi with Danish sea-transport reallocation (Rørmose Jensen & Iliev 2022) and capital endogenised (Södersten et al. 2018)
BEL,Belgium,Europe,"Electrical, electronic and measuring equipment",waste_generation,kt,0.008279410714782682,2022,EXIOBASE v3.8.2 IOT_2022_ixi with Danish sea-transport reallocation (Rørmose Jensen & Iliev 2022) and capital endogenised (Södersten et al. 2018)
ITA,Italy,Europe,Textile,blue_water_consumption,Mm3,0.00827722516003537,2022,EXIOBASE v3.8.2 IOT_2022_ixi with Danish sea-transport reallocation (Rørmose Jensen & Iliev 2022) and capital endogenised (Södersten et al. 2018)
LTU,Lithuania,Europe,Food and catering,blue_water_consumption,Mm3,0.008271585298949391,2022,EXIOBASE v3.8.2 IOT_2022_ixi with Danish sea-transport reallocation (Rørmose Jensen & Iliev 2022) and capital endogenised (Södersten et al. 2018)
LUX,Luxembourg,Europe,Furniture and timber,climate_change,kt CO2eq,0.00824512299424123,2022,EXIOBASE v3.8.2 IOT_2022_ixi with Danish sea-transport reallocation (Rørmose Jensen & Iliev 2022) and capital endogenised (Södersten et al. 2018)
JPN,Japan,Asia and Pacific,Services,waste_generation,kt,0.008228198403069924,2022,EXIOBASE v3.8.2 IOT_2022_ixi with Danish sea-transport reallocation (Rørmose Jensen & Iliev 2022) and capital endogenised (Södersten et al. 2018)
FIN,Finland,Europe,Non-metallic mineral products,waste_generation,kt,0.008199374356277782,2022,EXIOBASE v3.8.2 IOT_2022_ixi with Danish sea-transport reallocation (Rørmose Jensen & Iliev 2022) and capital endogenised (Södersten et al. 2018)
RoW Europe,RoW Europe,Europe,Waste management and disposal,waste_generation,kt,0.008171039332943239,2022,EXIOBASE v3.8.2 IOT_2022_ixi with Danish sea-transport reallocation (Rørmose Jensen & Iliev 2022) and capital endogenised (Södersten et al. 2018)
IRL,Ireland,Europe,Construction,waste_generation,kt,0.008145755775019711,2022,EXIOBASE v3.8.2 IOT_2022_ixi with Danish sea-transport reallocation (Rørmose Jensen & Iliev 2022) and capital endogenised (Södersten et al. 2018)
LTU,Lithuania,Europe,Non-metallic mineral products,waste_generation,kt,0.008133119055937185,2022,EXIOBASE v3.8.2 IOT_2022_ixi with Danish sea-transport reallocation (Rørmose Jensen & Iliev 2022) and capital endogenised (Södersten et al. 2018)
TUR,Turkey,Middle East,General and special Machinery,waste_generation,kt,0.008108261019518084,2022,EXIOBASE v3.8.2 IOT_2022_ixi with Danish sea-transport reallocation (Rørmose Jensen & Iliev 2022) and capital endogenised (Södersten et al. 2018)
KOR,South Korea,Asia and Pacific,Waste management and disposal,waste_generation,kt,0.008037959573677842,2022,EXIOBASE v3.8.2 IOT_2022_ixi with Danish sea-transport reallocation (Rørmose Jensen & Iliev 2022) and capital endogenised (Södersten et al. 2018)
KOR,South Korea,Asia and Pacific,Transport Equipment,waste_generation,kt,0.008010530911848309,2022,EXIOBASE v3.8.2 IOT_2022_ixi with Danish sea-transport reallocation (Rørmose Jensen & Iliev 2022) and capital endogenised (Södersten et al. 2018)
FRA,France,Europe,Metal Products,blue_water_consumption,Mm3,0.008004774457951799,2022,EXIOBASE v3.8.2 IOT_2022_ixi with Danish sea-transport reallocation (Rørmose Jensen & Iliev 2022) and capital endogenised (Södersten et al. 2018)
TUR,Turkey,Middle East,Textile,blue_water_consumption,Mm3,0.007973017589837995,2022,EXIOBASE v3.8.2 IOT_2022_ixi with Danish sea-transport reallocation (Rørmose Jensen & Iliev 2022) and capital endogenised (Södersten et al. 2018)
PRT,Portugal,Europe,Services,land_use,km2,0.007938587630174838,2022,EXIOBASE v3.8.2 IOT_2022_ixi with Danish sea-transport reallocation (Rørmose Jensen & Iliev 2022) and capital endogenised (Södersten et al. 2018)
ITA,Italy,Europe,Paper Products,blue_water_consumption,Mm3,0.007870314232619092,2022,EXIOBASE v3.8.2 IOT_2022_ixi with Danish sea-transport reallocation (Rørmose Jensen & Iliev 2022) and capital endogenised (Södersten et al. 2018)
BEL,Belgium,Europe,Textile,waste_generation,kt,0.007823088760832977,2022,EXIOBASE v3.8.2 IOT_2022_ixi with Danish sea-transport reallocation (Rørmose Jensen & Iliev 2022) and capital endogenised (Södersten et al. 2018)
GBR,United Kingdom,Europe,Transport Equipment,blue_water_consumption,Mm3,0.007775417144008319,2022,EXIOBASE v3.8.2 IOT_2022_ixi with Danish sea-transport reallocation (Rørmose Jensen & Iliev 2022) and capital endogenised (Södersten et al. 2018)
CHE,Switzerland,Europe,Non-metallic mineral products,waste_generation,kt,0.007753802858008851,2022,EXIOBASE v3.8.2 IOT_2022_ixi with Danish sea-transport reallocation (Rørmose Jensen & Iliev 2022) and capital endogenised (Södersten et al. 2018)
AUT,Austria,Europe,Natural gas and gaseous fuels,material_extraction,kt,0.007731163889666594,2022,EXIOBASE v3.8.2 IOT_2022_ixi with Danish sea-transport reallocation (Rørmose Jensen & Iliev 2022) and capital endogenised (Södersten et al. 2018)
RUS,Russia,Europe,General and special Machinery,blue_water_consumption,Mm3,0.007687656544215373,2022,EXIOBASE v3.8.2 IOT_2022_ixi with Danish sea-transport reallocation (Rørmose Jensen & Iliev 2022) and capital endogenised (Södersten et al. 2018)
EST,Estonia,Europe,Construction,waste_generation,kt,0.007634818709735873,2022,EXIOBASE v3.8.2 IOT_2022_ixi with Danish sea-transport reallocation (Rørmose Jensen & Iliev 2022) and capital endogenised (Södersten et al. 2018)
LUX,Luxembourg,Europe,Construction,waste_generation,kt,0.007631611893228177,2022,EXIOBASE v3.8.2 IOT_2022_ixi with Danish sea-transport reallocation (Rørmose Jensen & Iliev 2022) and capital endogenised (Södersten et al. 2018)
POL,Poland,Europe,Textile,waste_generation,kt,0.0076196579106182095,2022,EXIOBASE v3.8.2 IOT_2022_ixi with Danish sea-transport reallocation (Rørmose Jensen & Iliev 2022) and capital endogenised (Södersten et al. 2018)
EST,Estonia,Europe,Paper Products,waste_generation,kt,0.007605947750908835,2022,EXIOBASE v3.8.2 IOT_2022_ixi with Danish sea-transport reallocation (Rørmose Jensen & Iliev 2022) and capital endogenised (Södersten et al. 2018)
SVN,Slovenia,Europe,Textile,climate_change,kt CO2eq,0.007592369537835547,2022,EXIOBASE v3.8.2 IOT_2022_ixi with Danish sea-transport reallocation (Rørmose Jensen & Iliev 2022) and capital endogenised (Södersten et al. 2018)
POL,Poland,Europe,Paper Products,blue_water_consumption,Mm3,0.007513354479559396,2022,EXIOBASE v3.8.2 IOT_2022_ixi with Danish sea-transport reallocation (Rørmose Jensen & Iliev 2022) and capital endogenised (Södersten et al. 2018)
TWN,Taiwan,Asia and Pacific,Chemical,blue_water_consumption,Mm3,0.007487823954817629,2022,EXIOBASE v3.8.2 IOT_2022_ixi with Danish sea-transport reallocation (Rørmose Jensen & Iliev 2022) and capital endogenised (Södersten et al. 2018)
GRC,Greece,Europe,Coal and Petroleum,material_extraction,kt,0.007476187236694253,2022,EXIOBASE v3.8.2 IOT_2022_ixi with Danish sea-transport reallocation (Rørmose Jensen & Iliev 2022) and capital endogenised (Södersten et al. 2018)
IND,India,Asia and Pacific,Non-metallic mineral products,blue_water_consumption,Mm3,0.007418603900136638,2022,EXIOBASE v3.8.2 IOT_2022_ixi with Danish sea-transport reallocation (Rørmose Jensen & Iliev 2022) and capital endogenised (Södersten et al. 2018)
BEL,Belgium,Europe,General and special Machinery,waste_generation,kt,0.0074185892858184286,2022,EXIOBASE v3.8.2 IOT_2022_ixi with Danish sea-transport reallocation (Rørmose Jensen & Iliev 2022) and capital endogenised (Södersten et al. 2018)
RoW America,RoW America,America,Transport,waste_generation,kt,0.007387323419055972,2022,EXIOBASE v3.8.2 IOT_2022_ixi with Danish sea-transport reallocation (Rørmose Jensen & Iliev 2022) and capital endogenised (Södersten et al. 2018)
MEX,Mexico,America,"Electrical, electronic and measuring equipment",waste_generation,kt,0.007362389351654711,2022,EXIOBASE v3.8.2 IOT_2022_ixi with Danish sea-transport reallocation (Rørmose Jensen & Iliev 2022) and capital endogenised (Södersten et al. 2018)
USA,United States,America,General and special Machinery,blue_water_consumption,Mm3,0.007297251720665086,2022,EXIOBASE v3.8.2 IOT_2022_ixi with Danish sea-transport reallocation (Rørmose Jensen & Iliev 2022) and capital endogenised (Södersten et al. 2018)
GBR,United Kingdom,Europe,"Electrical, electronic and measuring equipment",blue_water_consumption,Mm3,0.007286873427243293,2022,EXIOBASE v3.8.2 IOT_2022_ixi with Danish sea-transport reallocation (Rørmose Jensen & Iliev 2022) and capital endogenised (Södersten et al. 2018)
NOR,Norway,Europe,Metal Products,material_extraction,kt,0.007273937482551544,2022,EXIOBASE v3.8.2 IOT_2022_ixi with Danish sea-transport reallocation (Rørmose Jensen & Iliev 2022) and capital endogenised (Södersten et al. 2018)
IRL,Ireland,Europe,"Electrical, electronic and measuring equipment",blue_water_consumption,Mm3,0.007233921053257186,2022,EXIOBASE v3.8.2 IOT_2022_ixi with Danish sea-transport reallocation (Rørmose Jensen & Iliev 2022) and capital endogenised (Södersten et al. 2018)
EST,Estonia,Europe,Services,waste_generation,kt,0.0072338339763415695,2022,EXIOBASE v3.8.2 IOT_2022_ixi with Danish sea-transport reallocation (Rørmose Jensen & Iliev 2022) and capital endogenised (Södersten et al. 2018)
RoW America,RoW America,America,Transport Equipment,waste_generation,kt,0.007216457392683067,2022,EXIOBASE v3.8.2 IOT_2022_ixi with Danish sea-transport reallocation (Rørmose Jensen & Iliev 2022) and capital endogenised (Södersten et al. 2018)
NOR,Norway,Europe,General and special Machinery,blue_water_consumption,Mm3,0.007176730413034456,2022,EXIOBASE v3.8.2 IOT_2022_ixi with Danish sea-transport reallocation (Rørmose Jensen & Iliev 2022) and capital endogenised (Södersten et al. 2018)
KOR,South Korea,Asia and Pacific,Electricity,blue_water_consumption,Mm3,0.007129046673518796,2022,EXIOBASE v3.8.2 IOT_2022_ixi with Danish sea-transport reallocation (Rørmose Jensen & Iliev 2022) and capital endogenised (Södersten et al. 2018)
ITA,Italy,Europe,"Electrical, electronic and measuring equipment",blue_water_consumption,Mm3,0.007095017665990516,2022,EXIOBASE v3.8.2 IOT_2022_ixi with Danish sea-transport reallocation (Rørmose Jensen & Iliev 2022) and capital endogenised (Södersten et al. 2018)
HRV,Croatia,Europe,General and special Machinery,climate_change,kt CO2eq,0.007065936360675781,2022,EXIOBASE v3.8.2 IOT_2022_ixi with Danish sea-transport reallocation (Rørmose Jensen & Iliev 2022) and capital endogenised (Södersten et al. 2018)
FIN,Finland,Europe,Textile,climate_change,kt CO2eq,0.007009555706209788,2022,EXIOBASE v3.8.2 IOT_2022_ixi with Danish sea-transport reallocation (Rørmose Jensen & Iliev 2022) and capital endogenised (Södersten et al. 2018)
RoW Europe,RoW Europe,Europe,Natural gas and gaseous fuels,waste_generation,kt,0.006948430673088645,2022,EXIOBASE v3.8.2 IOT_2022_ixi with Danish sea-transport reallocation (Rørmose Jensen & Iliev 2022) and capital endogenised (Södersten et al. 2018)
NLD,Netherlands,Europe,Paper Products,blue_water_consumption,Mm3,0.006907454698056643,2022,EXIOBASE v3.8.2 IOT_2022_ixi with Danish sea-transport reallocation (Rørmose Jensen & Iliev 2022) and capital endogenised (Södersten et al. 2018)
AUT,Austria,Europe,General and special Machinery,waste_generation,kt,0.006863512921604509,2022,EXIOBASE v3.8.2 IOT_2022_ixi with Danish sea-transport reallocation (Rørmose Jensen & Iliev 2022) and capital endogenised (Södersten et al. 2018)
RoW America,RoW America,America,Non-metallic mineral products,blue_water_consumption,Mm3,0.006861994345720275,2022,EXIOBASE v3.8.2 IOT_2022_ixi with Danish sea-transport reallocation (Rørmose Jensen & Iliev 2022) and capital endogenised (Södersten et al. 2018)
SWE,Sweden,Europe,Non-metallic mineral products,land_use,km2,0.0068492080804907745,2022,EXIOBASE v3.8.2 IOT_2022_ixi with Danish sea-transport reallocation (Rørmose Jensen & Iliev 2022) and capital endogenised (Södersten et al. 2018)
RoW America,RoW America,America,Waste management and disposal,waste_generation,kt,0.006833226898950738,2022,EXIOBASE v3.8.2 IOT_2022_ixi with Danish sea-transport reallocation (Rørmose Jensen & Iliev 2022) and capital endogenised (Södersten et al. 2018)
NLD,Netherlands,Europe,Services,blue_water_consumption,Mm3,0.006820394818472264,2022,EXIOBASE v3.8.2 IOT_2022_ixi with Danish sea-transport reallocation (Rørmose Jensen & Iliev 2022) and capital endogenised (Södersten et al. 2018)
ITA,Italy,Europe,Transport Equipment,climate_change,kt CO2eq,0.00681980222303304,2022,EXIOBASE v3.8.2 IOT_2022_ixi with Danish sea-transport reallocation (Rørmose Jensen & Iliev 2022) and capital endogenised (Södersten et al. 2018)
FIN,Finland,Europe,Transport,waste_generation,kt,0.006770101819856077,2022,EXIOBASE v3.8.2 IOT_2022_ixi with Danish sea-transport reallocation (Rørmose Jensen & Iliev 2022) and capital endogenised (Södersten et al. 2018)
HRV,Croatia,Europe,Paper Products,waste_generation,kt,0.0067676430590827745,2022,EXIOBASE v3.8.2 IOT_2022_ixi with Danish sea-transport reallocation (Rørmose Jensen & Iliev 2022) and capital endogenised (Södersten et al. 2018)
BGR,Bulgaria,Europe,Transport,waste_generation,kt,0.006747439124264173,2022,EXIOBASE v3.8.2 IOT_2022_ixi with Danish sea-transport reallocation (Rørmose Jensen & Iliev 2022) and capital endogenised (Södersten et al. 2018)
IRL,Ireland,Europe,Paper Products,blue_water_consumption,Mm3,0.006743789038681089,2022,EXIOBASE v3.8.2 IOT_2022_ixi with Danish sea-transport reallocation (Rørmose Jensen & Iliev 2022) and capital endogenised (Södersten et al. 2018)
HRV,Croatia,Europe,Construction,material_extraction,kt,0.006734466343686045,2022,EXIOBASE v3.8.2 IOT_2022_ixi with Danish sea-transport reallocation (Rørmose Jensen & Iliev 2022) and capital endogenised (Södersten et al. 2018)
ROU,Romania,Europe,Services,waste_generation,kt,0.006734135872605398,2022,EXIOBASE v3.8.2 IOT_2022_ixi with Danish sea-transport reallocation (Rørmose Jensen & Iliev 2022) and capital endogenised (Södersten et al. 2018)
RoW Middle East,RoW Middle East,Middle East,"Steam, hot water supply and water distribution",climate_change,kt CO2eq,0.006718212565040206,2022,EXIOBASE v3.8.2 IOT_2022_ixi with Danish sea-transport reallocation (Rørmose Jensen & Iliev 2022) and capital endogenised (Södersten et al. 2018)
LVA,Latvia,Europe,Services,material_extraction,kt,0.006700821137981964,2022,EXIOBASE v3.8.2 IOT_2022_ixi with Danish sea-transport reallocation (Rørmose Jensen & Iliev 2022) and capital endogenised (Södersten et al. 2018)
LUX,Luxembourg,Europe,"Electrical, electronic and measuring equipment",climate_change,kt CO2eq,0.006698198555308184,2022,EXIOBASE v3.8.2 IOT_2022_ixi with Danish sea-transport reallocation (Rørmose Jensen & Iliev 2022) and capital endogenised (Södersten et al. 2018)
RoW Middle East,RoW Middle East,Middle East,Transport,land_use,km2,0.006681324732573884,2022,EXIOBASE v3.8.2 IOT_2022_ixi with Danish sea-transport reallocation (Rørmose Jensen & Iliev 2022) and capital endogenised (Södersten et al. 2018)
NOR,Norway,Europe,Textile,blue_water_consumption,Mm3,0.006676403000374601,2022,EXIOBASE v3.8.2 IOT_2022_ixi with Danish sea-transport reallocation (Rørmose Jensen & Iliev 2022) and capital endogenised (Södersten et al. 2018)
PRT,Portugal,Europe,Textile,waste_generation,kt,0.006628546796818453,2022,EXIOBASE v3.8.2 IOT_2022_ixi with Danish sea-transport reallocation (Rørmose Jensen & Iliev 2022) and capital endogenised (Södersten et al. 2018)
HUN,Hungary,Europe,"Steam, hot water supply and water distribution",waste_generation,kt,0.006609703307116468,2022,EXIOBASE v3.8.2 IOT_2022_ixi with Danish sea-transport reallocation (Rørmose Jensen & Iliev 2022) and capital endogenised (Södersten et al. 2018)
NLD,Netherlands,Europe,"Electrical, electronic and measuring equipment",blue_water_consumption,Mm3,0.0065417191186782925,2022,EXIOBASE v3.8.2 IOT_2022_ixi with Danish sea-transport reallocation (Rørmose Jensen & Iliev 2022) and capital endogenised (Södersten et al. 2018)
RoW Middle East,RoW Middle East,Middle East,Non-metallic mineral products,waste_generation,kt,0.006534470670750498,2022,EXIOBASE v3.8.2 IOT_2022_ixi with Danish sea-transport reallocation (Rørmose Jensen & Iliev 2022) and capital endogenised (Södersten et al. 2018)
GBR,United Kingdom,Europe,Textile,waste_generation,kt,0.006515281314964937,2022,EXIOBASE v3.8.2 IOT_2022_ixi with Danish sea-transport reallocation (Rørmose Jensen & Iliev 2022) and capital endogenised (Södersten et al. 2018)
RUS,Russia,Europe,Services,blue_water_consumption,Mm3,0.006513319487506255,2022,EXIOBASE v3.8.2 IOT_2022_ixi with Danish sea-transport reallocation (Rørmose Jensen & Iliev 2022) and capital endogenised (Södersten et al. 2018)
NLD,Netherlands,Europe,Furniture and timber,blue_water_consumption,Mm3,0.006512385956272866,2022,EXIOBASE v3.8.2 IOT_2022_ixi with Danish sea-transport reallocation (Rørmose Jensen & Iliev 2022) and capital endogenised (Södersten et al. 2018)
RoW Africa,RoW Africa,Africa,Natural gas and gaseous fuels,waste_generation,kt,0.006511134906961462,2022,EXIOBASE v3.8.2 IOT_2022_ixi with Danish sea-transport reallocation (Rørmose Jensen & Iliev 2022) and capital endogenised (Södersten et al. 2018)
LUX,Luxembourg,Europe,Transport Equipment,climate_change,kt CO2eq,0.006463315931232054,2022,EXIOBASE v3.8.2 IOT_2022_ixi with Danish sea-transport reallocation (Rørmose Jensen & Iliev 2022) and capital endogenised (Södersten et al. 2018)
RoW Middle East,RoW Middle East,Middle East,Services,blue_water_consumption,Mm3,0.006414738206151272,2022,EXIOBASE v3.8.2 IOT_2022_ixi with Danish sea-transport reallocation (Rørmose Jensen & Iliev 2022) and capital endogenised (Södersten et al. 2018)
BEL,Belgium,Europe,Transport,waste_generation,kt,0.006404380657560717,2022,EXIOBASE v3.8.2 IOT_2022_ixi with Danish sea-transport reallocation (Rørmose Jensen & Iliev 2022) and capital endogenised (Södersten et al. 2018)
FRA,France,Europe,Paper Products,blue_water_consumption,Mm3,0.006354869950119774,2022,EXIOBASE v3.8.2 IOT_2022_ixi with Danish sea-transport reallocation (Rørmose Jensen & Iliev 2022) and capital endogenised (Södersten et al. 2018)
RUS,Russia,Europe,Transport Equipment,material_extraction,kt,0.006350300485420449,2022,EXIOBASE v3.8.2 IOT_2022_ixi with Danish sea-transport reallocation (Rørmose Jensen & Iliev 2022) and capital endogenised (Södersten et al. 2018)
PRT,Portugal,Europe,General and special Machinery,climate_change,kt CO2eq,0.006345817535730249,2022,EXIOBASE v3.8.2 IOT_2022_ixi with Danish sea-transport reallocation (Rørmose Jensen & Iliev 2022) and capital endogenised (Södersten et al. 2018)
RUS,Russia,Europe,Textile,material_extraction,kt,0.006324280217024208,2022,EXIOBASE v3.8.2 IOT_2022_ixi with Danish sea-transport reallocation (Rørmose Jensen & Iliev 2022) and capital endogenised (Södersten et al. 2018)
BEL,Belgium,Europe,Coal and Petroleum,blue_water_consumption,Mm3,0.006268415817270249,2022,EXIOBASE v3.8.2 IOT_2022_ixi with Danish sea-transport reallocation (Rørmose Jensen & Iliev 2022) and capital endogenised (Södersten et al. 2018)
RoW Africa,RoW Africa,Africa,"Steam, hot water supply and water distribution",waste_generation,kt,0.006225878638853388,2022,EXIOBASE v3.8.2 IOT_2022_ixi with Danish sea-transport reallocation (Rørmose Jensen & Iliev 2022) and capital endogenised (Södersten et al. 2018)
DEU,Germany,Europe,Textile,blue_water_consumption,Mm3,0.006176984926274745,2022,EXIOBASE v3.8.2 IOT_2022_ixi with Danish sea-transport reallocation (Rørmose Jensen & Iliev 2022) and capital endogenised (Södersten et al. 2018)
DNK,Denmark,Denmark,Textile,blue_water_consumption,Mm3,0.006171658677008048,2022,EXIOBASE v3.8.2 IOT_2022_ixi with Danish sea-transport reallocation (Rørmose Jensen & Iliev 2022) and capital endogenised (Södersten et al. 2018)
CAN,Canada,America,Electricity,blue_water_consumption,Mm3,0.006170779105468649,2022,EXIOBASE v3.8.2 IOT_2022_ixi with Danish sea-transport reallocation (Rørmose Jensen & Iliev 2022) and capital endogenised (Södersten et al. 2018)
CZE,Czech Republic,Europe,Transport Equipment,waste_generation,kt,0.0061525565214601684,2022,EXIOBASE v3.8.2 IOT_2022_ixi with Danish sea-transport reallocation (Rørmose Jensen & Iliev 2022) and capital endogenised (Södersten et al. 2018)
CZE,Czech Republic,Europe,"Steam, hot water supply and water distribution",material_extraction,kt,0.006145500444358978,2022,EXIOBASE v3.8.2 IOT_2022_ixi with Danish sea-transport reallocation (Rørmose Jensen & Iliev 2022) and capital endogenised (Södersten et al. 2018)
RUS,Russia,Europe,Paper Products,blue_water_consumption,Mm3,0.00613126511578464,2022,EXIOBASE v3.8.2 IOT_2022_ixi with Danish sea-transport reallocation (Rørmose Jensen & Iliev 2022) and capital endogenised (Södersten et al. 2018)
RoW Africa,RoW Africa,Africa,General and special Machinery,blue_water_consumption,Mm3,0.006077746257613818,2022,EXIOBASE v3.8.2 IOT_2022_ixi with Danish sea-transport reallocation (Rørmose Jensen & Iliev 2022) and capital endogenised (Södersten et al. 2018)
SVK,Slovakia,Europe,Electricity,blue_water_consumption,Mm3,0.00602553470068621,2022,EXIOBASE v3.8.2 IOT_2022_ixi with Danish sea-transport reallocation (Rørmose Jensen & Iliev 2022) and capital endogenised (Södersten et al. 2018)
DEU,Germany,Europe,Services,blue_water_consumption,Mm3,0.006024107543298941,2022,EXIOBASE v3.8.2 IOT_2022_ixi with Danish sea-transport reallocation (Rørmose Jensen & Iliev 2022) and capital endogenised (Södersten et al. 2018)
IRL,Ireland,Europe,Metal Products,blue_water_consumption,Mm3,0.005990339743362682,2022,EXIOBASE v3.8.2 IOT_2022_ixi with Danish sea-transport reallocation (Rørmose Jensen & Iliev 2022) and capital endogenised (Södersten et al. 2018)
RUS,Russia,Europe,General and special Machinery,waste_generation,kt,0.005981919515598703,2022,EXIOBASE v3.8.2 IOT_2022_ixi with Danish sea-transport reallocation (Rørmose Jensen & Iliev 2022) and capital endogenised (Södersten et al. 2018)
SWE,Sweden,Europe,Waste management and disposal,blue_water_consumption,Mm3,0.005948719277206607,2022,EXIOBASE v3.8.2 IOT_2022_ixi with Danish sea-transport reallocation (Rørmose Jensen & Iliev 2022) and capital endogenised (Södersten et al. 2018)
HUN,Hungary,Europe,Natural gas and gaseous fuels,waste_generation,kt,0.005935712182861186,2022,EXIOBASE v3.8.2 IOT_2022_ixi with Danish sea-transport reallocation (Rørmose Jensen & Iliev 2022) and capital endogenised (Södersten et al. 2018)
RoW Middle East,RoW Middle East,Middle East,Paper Products,waste_generation,kt,0.005903565292597073,2022,EXIOBASE v3.8.2 IOT_2022_ixi with Danish sea-transport reallocation (Rørmose Jensen & Iliev 2022) and capital endogenised (Södersten et al. 2018)
MLT,Malta,Europe,Paper Products,climate_change,kt CO2eq,0.005893076807453466,2022,EXIOBASE v3.8.2 IOT_2022_ixi with Danish sea-transport reallocation (Rørmose Jensen & Iliev 2022) and capital endogenised (Södersten et al. 2018)
USA,United States,America,"Electrical, electronic and measuring equipment",blue_water_consumption,Mm3,0.005871715997635868,2022,EXIOBASE v3.8.2 IOT_2022_ixi with Danish sea-transport reallocation (Rørmose Jensen & Iliev 2022) and capital endogenised (Södersten et al. 2018)
RoW America,RoW America,America,Non-metallic mineral products,waste_generation,kt,0.005859338064757526,2022,EXIOBASE v3.8.2 IOT_2022_ixi with Danish sea-transport reallocation (Rørmose Jensen & Iliev 2022) and capital endogenised (Södersten et al. 2018)
IRL,Ireland,Europe,Furniture and timber,waste_generation,kt,0.005837611820288953,2022,EXIOBASE v3.8.2 IOT_2022_ixi with Danish sea-transport reallocation (Rørmose Jensen & Iliev 2022) and capital endogenised (Södersten et al. 2018)
CHE,Switzerland,Europe,Transport Equipment,climate_change,kt CO2eq,0.005825636589078613,2022,EXIOBASE v3.8.2 IOT_2022_ixi with Danish sea-transport reallocation (Rørmose Jensen & Iliev 2022) and capital endogenised (Södersten et al. 2018)
ROU,Romania,Europe,Electricity,blue_water_consumption,Mm3,0.005778749339653323,2022,EXIOBASE v3.8.2 IOT_2022_ixi with Danish sea-transport reallocation (Rørmose Jensen & Iliev 2022) and capital endogenised (Södersten et al. 2018)
HRV,Croatia,Europe,Waste management and disposal,material_extraction,kt,0.0057147226253060675,2022,EXIOBASE v3.8.2 IOT_2022_ixi with Danish sea-transport reallocation (Rørmose Jensen & Iliev 2022) and capital endogenised (Södersten et al. 2018)
BRA,Brazil,America,Non-metallic mineral products,waste_generation,kt,0.005696901678810522,2022,EXIOBASE v3.8.2 IOT_2022_ixi with Danish sea-transport reallocation (Rørmose Jensen & Iliev 2022) and capital endogenised (Södersten et al. 2018)
GBR,United Kingdom,Europe,Paper Products,blue_water_consumption,Mm3,0.00568800779481397,2022,EXIOBASE v3.8.2 IOT_2022_ixi with Danish sea-transport reallocation (Rørmose Jensen & Iliev 2022) and capital endogenised (Södersten et al. 2018)
ESP,Spain,Europe,Construction,blue_water_consumption,Mm3,0.005674667506647034,2022,EXIOBASE v3.8.2 IOT_2022_ixi with Danish sea-transport reallocation (Rørmose Jensen & Iliev 2022) and capital endogenised (Södersten et al. 2018)
FIN,Finland,Europe,Textile,waste_generation,kt,0.005658936472750563,2022,EXIOBASE v3.8.2 IOT_2022_ixi with Danish sea-transport reallocation (Rørmose Jensen & Iliev 2022) and capital endogenised (Södersten et al. 2018)
PRT,Portugal,Europe,Chemical,material_extraction,kt,0.00565376784857569,2022,EXIOBASE v3.8.2 IOT_2022_ixi with Danish sea-transport reallocation (Rørmose Jensen & Iliev 2022) and capital endogenised (Södersten et al. 2018)
BEL,Belgium,Europe,Textile,blue_water_consumption,Mm3,0.0056442663745003225,2022,EXIOBASE v3.8.2 IOT_2022_ixi with Danish sea-transport reallocation (Rørmose Jensen & Iliev 2022) and capital endogenised (Södersten et al. 2018)
SWE,Sweden,Europe,Transport Equipment,waste_generation,kt,0.005643906689465235,2022,EXIOBASE v3.8.2 IOT_2022_ixi with Danish sea-transport reallocation (Rørmose Jensen & Iliev 2022) and capital endogenised (Södersten et al. 2018)
GBR,United Kingdom,Europe,General and special Machinery,blue_water_consumption,Mm3,0.005562004113992916,2022,EXIOBASE v3.8.2 IOT_2022_ixi with Danish sea-transport reallocation (Rørmose Jensen & Iliev 2022) and capital endogenised (Södersten et al. 2018)
LTU,Lithuania,Europe,Transport,waste_generation,kt,0.005539210785885157,2022,EXIOBASE v3.8.2 IOT_2022_ixi with Danish sea-transport reallocation (Rørmose Jensen & Iliev 2022) and capital endogenised (Södersten et al. 2018)
HRV,Croatia,Europe,Furniture and timber,climate_change,kt CO2eq,0.005536746440990588,2022,EXIOBASE v3.8.2 IOT_2022_ixi with Danish sea-transport reallocation (Rørmose Jensen & Iliev 2022) and capital endogenised (Södersten et al. 2018)
ROU,Romania,Europe,Construction,waste_generation,kt,0.005535338271395075,2022,EXIOBASE v3.8.2 IOT_2022_ixi with Danish sea-transport reallocation (Rørmose Jensen & Iliev 2022) and capital endogenised (Södersten et al. 2018)
CAN,Canada,America,Services,land_use,km2,0.005518442338344045,2022,EXIOBASE v3.8.2 IOT_2022_ixi with Danish sea-transport reallocation (Rørmose Jensen & Iliev 2022) and capital endogenised (Södersten et al. 2018)
SVN,Slovenia,Europe,Electricity,blue_water_consumption,Mm3,0.005508485560181221,2022,EXIOBASE v3.8.2 IOT_2022_ixi with Danish sea-transport reallocation (Rørmose Jensen & Iliev 2022) and capital endogenised (Södersten et al. 2018)
MLT,Malta,Europe,Coal and Petroleum,climate_change,kt CO2eq,0.00550099515419697,2022,EXIOBASE v3.8.2 IOT_2022_ixi with Danish sea-transport reallocation (Rørmose Jensen & Iliev 2022) and capital endogenised (Södersten et al. 2018)
LVA,Latvia,Europe,Services,waste_generation,kt,0.0054912175319260055,2022,EXIOBASE v3.8.2 IOT_2022_ixi with Danish sea-transport reallocation (Rørmose Jensen & Iliev 2022) and capital endogenised (Södersten et al. 2018)
MEX,Mexico,America,Services,waste_generation,kt,0.005486889732759131,2022,EXIOBASE v3.8.2 IOT_2022_ixi with Danish sea-transport reallocation (Rørmose Jensen & Iliev 2022) and capital endogenised (Södersten et al. 2018)
SWE,Sweden,Europe,Natural gas and gaseous fuels,waste_generation,kt,0.005469697176134086,2022,EXIOBASE v3.8.2 IOT_2022_ixi with Danish sea-transport reallocation (Rørmose Jensen & Iliev 2022) and capital endogenised (Södersten et al. 2018)
NOR,Norway,Europe,Services,land_use,km2,0.005456288582852895,2022,EXIOBASE v3.8.2 IOT_2022_ixi with Danish sea-transport reallocation (Rørmose Jensen & Iliev 2022) and capital endogenised (Södersten et al. 2018)
RUS,Russia,Europe,Coal and Petroleum,blue_water_consumption,Mm3,0.005441074425524242,2022,EXIOBASE v3.8.2 IOT_2022_ixi with Danish sea-transport reallocation (Rørmose Jensen & Iliev 2022) and capital endogenised (Södersten et al. 2018)
USA,United States,America,Paper Products,blue_water_consumption,Mm3,0.005419611118771381,2022,EXIOBASE v3.8.2 IOT_2022_ixi with Danish sea-transport reallocation (Rørmose Jensen & Iliev 2022) and capital endogenised (Södersten et al. 2018)
SVK,Slovakia,Europe,Textile,climate_change,kt CO2eq,0.00541266642922313,2022,EXIOBASE v3.8.2 IOT_2022_ixi with Danish sea-transport reallocation (Rørmose Jensen & Iliev 2022) and capital endogenised (Södersten et al. 2018)
JPN,Japan,Asia and Pacific,Paper Products,waste_generation,kt,0.005362872453352723,2022,EXIOBASE v3.8.2 IOT_2022_ixi with Danish sea-transport reallocation (Rørmose Jensen & Iliev 2022) and capital endogenised (Södersten et al. 2018)
AUT,Austria,Europe,Coal and Petroleum,waste_generation,kt,0.00535123422021145,2022,EXIOBASE v3.8.2 IOT_2022_ixi with Danish sea-transport reallocation (Rørmose Jensen & Iliev 2022) and capital endogenised (Södersten et al. 2018)
RoW America,RoW America,America,Natural gas and gaseous fuels,land_use,km2,0.005348477174646143,2022,EXIOBASE v3.8.2 IOT_2022_ixi with Danish sea-transport reallocation (Rørmose Jensen & Iliev 2022) and capital endogenised (Södersten et al. 2018)
RUS,Russia,Europe,Paper Products,waste_generation,kt,0.005307783560769648,2022,EXIOBASE v3.8.2 IOT_2022_ixi with Danish sea-transport reallocation (Rørmose Jensen & Iliev 2022) and capital endogenised (Södersten et al. 2018)
BGR,Bulgaria,Europe,Non-metallic mineral products,waste_generation,kt,0.0053046653959646925,2022,EXIOBASE v3.8.2 IOT_2022_ixi with Danish sea-transport reallocation (Rørmose Jensen & Iliev 2022) and capital endogenised (Södersten et al. 2018)
EST,Estonia,Europe,Transport Equipment,climate_change,kt CO2eq,0.005294148179503076,2022,EXIOBASE v3.8.2 IOT_2022_ixi with Danish sea-transport reallocation (Rørmose Jensen & Iliev 2022) and capital endogenised (Södersten et al. 2018)
KOR,South Korea,Asia and Pacific,Non-metallic mineral products,waste_generation,kt,0.005272818516961642,2022,EXIOBASE v3.8.2 IOT_2022_ixi with Danish sea-transport reallocation (Rørmose Jensen & Iliev 2022) and capital endogenised (Södersten et al. 2018)
FRA,France,Europe,Coal and Petroleum,waste_generation,kt,0.005259644291216574,2022,EXIOBASE v3.8.2 IOT_2022_ixi with Danish sea-transport reallocation (Rørmose Jensen & Iliev 2022) and capital endogenised (Södersten et al. 2018)
BRA,Brazil,America,Paper Products,blue_water_consumption,Mm3,0.005257432799587087,2022,EXIOBASE v3.8.2 IOT_2022_ixi with Danish sea-transport reallocation (Rørmose Jensen & Iliev 2022) and capital endogenised (Södersten et al. 2018)
RUS,Russia,Europe,Natural gas and gaseous fuels,waste_generation,kt,0.005247104895789502,2022,EXIOBASE v3.8.2 IOT_2022_ixi with Danish sea-transport reallocation (Rørmose Jensen & Iliev 2022) and capital endogenised (Södersten et al. 2018)
SVN,Slovenia,Europe,Furniture and timber,waste_generation,kt,0.005243682968677558,2022,EXIOBASE v3.8.2 IOT_2022_ixi with Danish sea-transport reallocation (Rørmose Jensen & Iliev 2022) and capital endogenised (Södersten et al. 2018)
RoW America,RoW America,America,"Electrical, electronic and measuring equipment",waste_generation,kt,0.005210167313063647,2022,EXIOBASE v3.8.2 IOT_2022_ixi with Danish sea-transport reallocation (Rørmose Jensen & Iliev 2022) and capital endogenised (Södersten et al. 2018)
RUS,Russia,Europe,"Electrical, electronic and measuring equipment",material_extraction,kt,0.005175306235451247,2022,EXIOBASE v3.8.2 IOT_2022_ixi with Danish sea-transport reallocation (Rørmose Jensen & Iliev 2022) and capital endogenised (Södersten et al. 2018)
ZAF,South Africa,Africa,Minerals and Metals,waste_generation,kt,0.005166289602988221,2022,EXIOBASE v3.8.2 IOT_2022_ixi with Danish sea-transport reallocation (Rørmose Jensen & Iliev 2022) and capital endogenised (Södersten et al. 2018)
SVK,Slovakia,Europe,Waste management and disposal,land_use,km2,0.005143146922115324,2022,EXIOBASE v3.8.2 IOT_2022_ixi with Danish sea-transport reallocation (Rørmose Jensen & Iliev 2022) and capital endogenised (Södersten et al. 2018)
DNK,Denmark,Denmark,General and special Machinery,blue_water_consumption,Mm3,0.00514198508328214,2022,EXIOBASE v3.8.2 IOT_2022_ixi with Danish sea-transport reallocation (Rørmose Jensen & Iliev 2022) and capital endogenised (Södersten et al. 2018)
EST,Estonia,Europe,Chemical,waste_generation,kt,0.005121728763588626,2022,EXIOBASE v3.8.2 IOT_2022_ixi with Danish sea-transport reallocation (Rørmose Jensen & Iliev 2022) and capital endogenised (Södersten et al. 2018)
GRC,Greece,Europe,Paper Products,waste_generation,kt,0.005104125625197734,2022,EXIOBASE v3.8.2 IOT_2022_ixi with Danish sea-transport reallocation (Rørmose Jensen & Iliev 2022) and capital endogenised (Södersten et al. 2018)
ZAF,South Africa,Africa,Chemical,blue_water_consumption,Mm3,0.005073513343167434,2022,EXIOBASE v3.8.2 IOT_2022_ixi with Danish sea-transport reallocation (Rørmose Jensen & Iliev 2022) and capital endogenised (Södersten et al. 2018)
TWN,Taiwan,Asia and Pacific,Transport Equipment,blue_water_consumption,Mm3,0.005055289781301416,2022,EXIOBASE v3.8.2 IOT_2022_ixi with Danish sea-transport reallocation (Rørmose Jensen & Iliev 2022) and capital endogenised (Södersten et al. 2018)
RoW America,RoW America,America,Electricity,blue_water_consumption,Mm3,0.005046703218794259,2022,EXIOBASE v3.8.2 IOT_2022_ixi with Danish sea-transport reallocation (Rørmose Jensen & Iliev 2022) and capital endogenised (Södersten et al. 2018)
MLT,Malta,Europe,Non-metallic mineral products,climate_change,kt CO2eq,0.005006268365993208,2022,EXIOBASE v3.8.2 IOT_2022_ixi with Danish sea-transport reallocation (Rørmose Jensen & Iliev 2022) and capital endogenised (Södersten et al. 2018)
JPN,Japan,Asia and Pacific,Paper Products,blue_water_consumption,Mm3,0.00499648604271425,2022,EXIOBASE v3.8.2 IOT_2022_ixi with Danish sea-transport reallocation (Rørmose Jensen & Iliev 2022) and capital endogenised (Södersten et al. 2018)
LUX,Luxembourg,Europe,Paper Products,waste_generation,kt,0.004971485351326961,2022,EXIOBASE v3.8.2 IOT_2022_ixi with Danish sea-transport reallocation (Rørmose Jensen & Iliev 2022) and capital endogenised (Södersten et al. 2018)
FRA,France,Europe,Textile,blue_water_consumption,Mm3,0.004960645404603147,2022,EXIOBASE v3.8.2 IOT_2022_ixi with Danish sea-transport reallocation (Rørmose Jensen & Iliev 2022) and capital endogenised (Södersten et al. 2018)
ESP,Spain,Europe,Transport Equipment,waste_generation,kt,0.004958068846091966,2022,EXIOBASE v3.8.2 IOT_2022_ixi with Danish sea-transport reallocation (Rørmose Jensen & Iliev 2022) and capital endogenised (Södersten et al. 2018)
SVK,Slovakia,Europe,Services,blue_water_consumption,Mm3,0.004942106147943592,2022,EXIOBASE v3.8.2 IOT_2022_ixi with Danish sea-transport reallocation (Rørmose Jensen & Iliev 2022) and capital endogenised (Södersten et al. 2018)
BGR,Bulgaria,Europe,Metal Products,blue_water_consumption,Mm3,0.004894246084863724,2022,EXIOBASE v3.8.2 IOT_2022_ixi with Danish sea-transport reallocation (Rørmose Jensen & Iliev 2022) and capital endogenised (Södersten et al. 2018)
AUT,Austria,Europe,"Electrical, electronic and measuring equipment",waste_generation,kt,0.00488530631931505,2022,EXIOBASE v3.8.2 IOT_2022_ixi with Danish sea-transport reallocation (Rørmose Jensen & Iliev 2022) and capital endogenised (Södersten et al. 2018)
ROU,Romania,Europe,Metal Products,blue_water_consumption,Mm3,0.004864195987783053,2022,EXIOBASE v3.8.2 IOT_2022_ixi with Danish sea-transport reallocation (Rørmose Jensen & Iliev 2022) and capital endogenised (Södersten et al. 2018)
RoW Middle East,RoW Middle East,Middle East,Minerals and Metals,land_use,km2,0.004856795347228257,2022,EXIOBASE v3.8.2 IOT_2022_ixi with Danish sea-transport reallocation (Rørmose Jensen & Iliev 2022) and capital endogenised (Södersten et al. 2018)
LUX,Luxembourg,Europe,Minerals and Metals,climate_change,kt CO2eq,0.004843811266067664,2022,EXIOBASE v3.8.2 IOT_2022_ixi with Danish sea-transport reallocation (Rørmose Jensen & Iliev 2022) and capital endogenised (Södersten et al. 2018)
RoW Middle East,RoW Middle East,Middle East,Chemical,blue_water_consumption,Mm3,0.00483123521892397,2022,EXIOBASE v3.8.2 IOT_2022_ixi with Danish sea-transport reallocation (Rørmose Jensen & Iliev 2022) and capital endogenised (Södersten et al. 2018)
SWE,Sweden,Europe,Non-metallic mineral products,blue_water_consumption,Mm3,0.004820211902256882,2022,EXIOBASE v3.8.2 IOT_2022_ixi with Danish sea-transport reallocation (Rørmose Jensen & Iliev 2022) and capital endogenised (Södersten et al. 2018)
NOR,Norway,Europe,Transport,waste_generation,kt,0.004795987853382481,2022,EXIOBASE v3.8.2 IOT_2022_ixi with Danish sea-transport reallocation (Rørmose Jensen & Iliev 2022) and capital endogenised (Södersten et al. 2018)
BGR,Bulgaria,Europe,Services,blue_water_consumption,Mm3,0.004789690477715577,2022,EXIOBASE v3.8.2 IOT_2022_ixi with Danish sea-transport reallocation (Rørmose Jensen & Iliev 2022) and capital endogenised (Södersten et al. 2018)
SWE,Sweden,Europe,Electricity,blue_water_consumption,Mm3,0.004782679738812385,2022,EXIOBASE v3.8.2 IOT_2022_ixi with Danish sea-transport reallocation (Rørmose Jensen & Iliev 2022) and capital endogenised (Södersten et al. 2018)
BGR,Bulgaria,Europe,Chemical,material_extraction,kt,0.004777646729323403,2022,EXIOBASE v3.8.2 IOT_2022_ixi with Danish sea-transport reallocation (Rørmose Jensen & Iliev 2022) and capital endogenised (Södersten et al. 2018)
AUT,Austria,Europe,Electricity,material_extraction,kt,0.004765307926526204,2022,EXIOBASE v3.8.2 IOT_2022_ixi with Danish sea-transport reallocation (Rørmose Jensen & Iliev 2022) and capital endogenised (Södersten et al. 2018)
NOR,Norway,Europe,Non-metallic mineral products,waste_generation,kt,0.0047581359237332576,2022,EXIOBASE v3.8.2 IOT_2022_ixi with Danish sea-transport reallocation (Rørmose Jensen & Iliev 2022) and capital endogenised (Södersten et al. 2018)
MEX,Mexico,America,Paper Products,waste_generation,kt,0.004751096853682781,2022,EXIOBASE v3.8.2 IOT_2022_ixi with Danish sea-transport reallocation (Rørmose Jensen & Iliev 2022) and capital endogenised (Södersten et al. 2018)
EST,Estonia,Europe,"Electrical, electronic and measuring equipment",climate_change,kt CO2eq,0.004750125578236464,2022,EXIOBASE v3.8.2 IOT_2022_ixi with Danish sea-transport reallocation (Rørmose Jensen & Iliev 2022) and capital endogenised (Södersten et al. 2018)
RoW Africa,RoW Africa,Africa,Coal and Petroleum,blue_water_consumption,Mm3,0.004747505821507948,2022,EXIOBASE v3.8.2 IOT_2022_ixi with Danish sea-transport reallocation (Rørmose Jensen & Iliev 2022) and capital endogenised (Södersten et al. 2018)
TUR,Turkey,Middle East,Chemical,material_extraction,kt,0.004720166877302726,2022,EXIOBASE v3.8.2 IOT_2022_ixi with Danish sea-transport reallocation (Rørmose Jensen & Iliev 2022) and capital endogenised (Södersten et al. 2018)
IND,India,Asia and Pacific,Furniture and timber,blue_water_consumption,Mm3,0.004708654879798521,2022,EXIOBASE v3.8.2 IOT_2022_ixi with Danish sea-transport reallocation (Rørmose Jensen & Iliev 2022) and capital endogenised (Södersten et al. 2018)
CZE,Czech Republic,Europe,Transport,land_use,km2,0.004692372033117589,2022,EXIOBASE v3.8.2 IOT_2022_ixi with Danish sea-transport reallocation (Rørmose Jensen & Iliev 2022) and capital endogenised (Södersten et al. 2018)
NLD,Netherlands,Europe,Transport Equipment,waste_generation,kt,0.0046731128040130064,2022,EXIOBASE v3.8.2 IOT_2022_ixi with Danish sea-transport reallocation (Rørmose Jensen & Iliev 2022) and capital endogenised (Södersten et al. 2018)
TUR,Turkey,Middle East,Minerals and Metals,waste_generation,kt,0.004659740855248529,2022,EXIOBASE v3.8.2 IOT_2022_ixi with Danish sea-transport reallocation (Rørmose Jensen & Iliev 2022) and capital endogenised (Södersten et al. 2018)
GBR,United Kingdom,Europe,Furniture and timber,blue_water_consumption,Mm3,0.004628255249229776,2022,EXIOBASE v3.8.2 IOT_2022_ixi with Danish sea-transport reallocation (Rørmose Jensen & Iliev 2022) and capital endogenised (Södersten et al. 2018)
AUS,Australia,Asia and Pacific,Furniture and timber,waste_generation,kt,0.0045997506639516034,2022,EXIOBASE v3.8.2 IOT_2022_ixi with Danish sea-transport reallocation (Rørmose Jensen & Iliev 2022) and capital endogenised (Södersten et al. 2018)
MEX,Mexico,America,Textile,blue_water_consumption,Mm3,0.004586506980985626,2022,EXIOBASE v3.8.2 IOT_2022_ixi with Danish sea-transport reallocation (Rørmose Jensen & Iliev 2022) and capital endogenised (Södersten et al. 2018)
NLD,Netherlands,Europe,Furniture and timber,material_extraction,kt,0.004579738440749042,2022,EXIOBASE v3.8.2 IOT_2022_ixi with Danish sea-transport reallocation (Rørmose Jensen & Iliev 2022) and capital endogenised (Södersten et al. 2018)
RoW America,RoW America,America,"Steam, hot water supply and water distribution",land_use,km2,0.004550580768526046,2022,EXIOBASE v3.8.2 IOT_2022_ixi with Danish sea-transport reallocation (Rørmose Jensen & Iliev 2022) and capital endogenised (Södersten et al. 2018)
EST,Estonia,Europe,Transport,waste_generation,kt,0.004544162220376635,2022,EXIOBASE v3.8.2 IOT_2022_ixi with Danish sea-transport reallocation (Rørmose Jensen & Iliev 2022) and capital endogenised (Södersten et al. 2018)
BGR,Bulgaria,Europe,Furniture and timber,waste_generation,kt,0.00452484273725581,2022,EXIOBASE v3.8.2 IOT_2022_ixi with Danish sea-transport reallocation (Rørmose Jensen & Iliev 2022) and capital endogenised (Södersten et al. 2018)
KOR,South Korea,Asia and Pacific,Natural gas and gaseous fuels,waste_generation,kt,0.0045095612915303585,2022,EXIOBASE v3.8.2 IOT_2022_ixi with Danish sea-transport reallocation (Rørmose Jensen & Iliev 2022) and capital endogenised (Södersten et al. 2018)
IDN,Indonesia,Asia and Pacific,Metal Products,waste_generation,kt,0.004497510861915175,2022,EXIOBASE v3.8.2 IOT_2022_ixi with Danish sea-transport reallocation (Rørmose Jensen & Iliev 2022) and capital endogenised (Södersten et al. 2018)
MEX,Mexico,America,Transport Equipment,waste_generation,kt,0.004489870510796994,2022,EXIOBASE v3.8.2 IOT_2022_ixi with Danish sea-transport reallocation (Rørmose Jensen & Iliev 2022) and capital endogenised (Södersten et al. 2018)
KOR,South Korea,Asia and Pacific,Metal Products,blue_water_consumption,Mm3,0.004467296753964459,2022,EXIOBASE v3.8.2 IOT_2022_ixi with Danish sea-transport reallocation (Rørmose Jensen & Iliev 2022) and capital endogenised (Södersten et al. 2018)
ESP,Spain,Europe,General and special Machinery,waste_generation,kt,0.004460822549676569,2022,EXIOBASE v3.8.2 IOT_2022_ixi with Danish sea-transport reallocation (Rørmose Jensen & Iliev 2022) and capital endogenised (Södersten et al. 2018)
NOR,Norway,Europe,Coal and Petroleum,blue_water_consumption,Mm3,0.004443476734022527,2022,EXIOBASE v3.8.2 IOT_2022_ixi with Danish sea-transport reallocation (Rørmose Jensen & Iliev 2022) and capital endogenised (Södersten et al. 2018)
DNK,Denmark,Denmark,Transport,waste_generation,kt,0.004438172384343716,2022,EXIOBASE v3.8.2 IOT_2022_ixi with Danish sea-transport reallocation (Rørmose Jensen & Iliev 2022) and capital endogenised (Södersten et al. 2018)
ITA,Italy,Europe,Coal and Petroleum,waste_generation,kt,0.004426142710084242,2022,EXIOBASE v3.8.2 IOT_2022_ixi with Danish sea-transport reallocation (Rørmose Jensen & Iliev 2022) and capital endogenised (Södersten et al. 2018)
GRC,Greece,Europe,Waste management and disposal,waste_generation,kt,0.004407147948924242,2022,EXIOBASE v3.8.2 IOT_2022_ixi with Danish sea-transport reallocation (Rørmose Jensen & Iliev 2022) and capital endogenised (Södersten et al. 2018)
KOR,South Korea,Asia and Pacific,Furniture and timber,waste_generation,kt,0.004382209056974524,2022,EXIOBASE v3.8.2 IOT_2022_ixi with Danish sea-transport reallocation (Rørmose Jensen & Iliev 2022) and capital endogenised (Södersten et al. 2018)
IRL,Ireland,Europe,General and special Machinery,blue_water_consumption,Mm3,0.004357030458788226,2022,EXIOBASE v3.8.2 IOT_2022_ixi with Danish sea-transport reallocation (Rørmose Jensen & Iliev 2022) and capital endogenised (Södersten et al. 2018)
SVK,Slovakia,Europe,Natural gas and gaseous fuels,waste_generation,kt,0.0043318619483788835,2022,EXIOBASE v3.8.2 IOT_2022_ixi with Danish sea-transport reallocation (Rørmose Jensen & Iliev 2022) and capital endogenised (Södersten et al. 2018)
SVK,Slovakia,Europe,Minerals and Metals,waste_generation,kt,0.004315662889206214,2022,EXIOBASE v3.8.2 IOT_2022_ixi with Danish sea-transport reallocation (Rørmose Jensen & Iliev 2022) and capital endogenised (Södersten et al. 2018)
IDN,Indonesia,Asia and Pacific,Services,waste_generation,kt,0.004297926951322969,2022,EXIOBASE v3.8.2 IOT_2022_ixi with Danish sea-transport reallocation (Rørmose Jensen & Iliev 2022) and capital endogenised (Södersten et al. 2018)
CHE,Switzerland,Europe,Paper Products,waste_generation,kt,0.004291722957527926,2022,EXIOBASE v3.8.2 IOT_2022_ixi with Danish sea-transport reallocation (Rørmose Jensen & Iliev 2022) and capital endogenised (Södersten et al. 2018)
RoW Asia and Pacific,RoW Asia and Pacific,Asia and Pacific,Coal and Petroleum,blue_water_consumption,Mm3,0.004283899953679765,2022,EXIOBASE v3.8.2 IOT_2022_ixi with Danish sea-transport reallocation (Rørmose Jensen & Iliev 2022) and capital endogenised (Södersten et al. 2018)
NOR,Norway,Europe,Construction,waste_generation,kt,0.004265033540048803,2022,EXIOBASE v3.8.2 IOT_2022_ixi with Danish sea-transport reallocation (Rørmose Jensen & Iliev 2022) and capital endogenised (Södersten et al. 2018)
TUR,Turkey,Middle East,Paper Products,blue_water_consumption,Mm3,0.004238917283450348,2022,EXIOBASE v3.8.2 IOT_2022_ixi with Danish sea-transport reallocation (Rørmose Jensen & Iliev 2022) and capital endogenised (Södersten et al. 2018)
DEU,Germany,Europe,Non-metallic mineral products,blue_water_consumption,Mm3,0.004201817665266906,2022,EXIOBASE v3.8.2 IOT_2022_ixi with Danish sea-transport reallocation (Rørmose Jensen & Iliev 2022) and capital endogenised (Södersten et al. 2018)
LUX,Luxembourg,Europe,Services,waste_generation,kt,0.0042002003676278425,2022,EXIOBASE v3.8.2 IOT_2022_ixi with Danish sea-transport reallocation (Rørmose Jensen & Iliev 2022) and capital endogenised (Södersten et al. 2018)
CZE,Czech Republic,Europe,Metal Products,blue_water_consumption,Mm3,0.004196185316895678,2022,EXIOBASE v3.8.2 IOT_2022_ixi with Danish sea-transport reallocation (Rørmose Jensen & Iliev 2022) and capital endogenised (Södersten et al. 2018)
HUN,Hungary,Europe,Transport Equipment,waste_generation,kt,0.004176375917954083,2022,EXIOBASE v3.8.2 IOT_2022_ixi with Danish sea-transport reallocation (Rørmose Jensen & Iliev 2022) and capital endogenised (Södersten et al. 2018)
ITA,Italy,Europe,Textile,waste_generation,kt,0.00416552493042629,2022,EXIOBASE v3.8.2 IOT_2022_ixi with Danish sea-transport reallocation (Rørmose Jensen & Iliev 2022) and capital endogenised (Södersten et al. 2018)
JPN,Japan,Asia and Pacific,Natural gas and gaseous fuels,waste_generation,kt,0.004148038854388795,2022,EXIOBASE v3.8.2 IOT_2022_ixi with Danish sea-transport reallocation (Rørmose Jensen & Iliev 2022) and capital endogenised (Södersten et al. 2018)
BRA,Brazil,America,Services,waste_generation,kt,0.0041466631158258984,2022,EXIOBASE v3.8.2 IOT_2022_ixi with Danish sea-transport reallocation (Rørmose Jensen & Iliev 2022) and capital endogenised (Södersten et al. 2018)
CHE,Switzerland,Europe,Chemical,blue_water_consumption,Mm3,0.004135213160774521,2022,EXIOBASE v3.8.2 IOT_2022_ixi with Danish sea-transport reallocation (Rørmose Jensen & Iliev 2022) and capital endogenised (Södersten et al. 2018)
RoW Middle East,RoW Middle East,Middle East,Electricity,land_use,km2,0.004109952264830092,2022,EXIOBASE v3.8.2 IOT_2022_ixi with Danish sea-transport reallocation (Rørmose Jensen & Iliev 2022) and capital endogenised (Södersten et al. 2018)
IRL,Ireland,Europe,Textile,climate_change,kt CO2eq,0.004090738505210715,2022,EXIOBASE v3.8.2 IOT_2022_ixi with Danish sea-transport reallocation (Rørmose Jensen & Iliev 2022) and capital endogenised (Södersten et al. 2018)
BRA,Brazil,America,Furniture and timber,material_extraction,kt,0.004088903966333992,2022,EXIOBASE v3.8.2 IOT_2022_ixi with Danish sea-transport reallocation (Rørmose Jensen & Iliev 2022) and capital endogenised (Södersten et al. 2018)
DEU,Germany,Europe,"Electrical, electronic and measuring equipment",blue_water_consumption,Mm3,0.0040862369149942904,2022,EXIOBASE v3.8.2 IOT_2022_ixi with Danish sea-transport reallocation (Rørmose Jensen & Iliev 2022) and capital endogenised (Södersten et al. 2018)
FRA,France,Europe,Non-metallic mineral products,blue_water_consumption,Mm3,0.004084287170665122,2022,EXIOBASE v3.8.2 IOT_2022_ixi with Danish sea-transport reallocation (Rørmose Jensen & Iliev 2022) and capital endogenised (Södersten et al. 2018)
RoW Middle East,RoW Middle East,Middle East,Natural gas and gaseous fuels,waste_generation,kt,0.004073143997956839,2022,EXIOBASE v3.8.2 IOT_2022_ixi with Danish sea-transport reallocation (Rørmose Jensen & Iliev 2022) and capital endogenised (Södersten et al. 2018)
SVN,Slovenia,Europe,"Electrical, electronic and measuring equipment",waste_generation,kt,0.0040692632543898955,2022,EXIOBASE v3.8.2 IOT_2022_ixi with Danish sea-transport reallocation (Rørmose Jensen & Iliev 2022) and capital endogenised (Södersten et al. 2018)
CZE,Czech Republic,Europe,Metal Products,land_use,km2,0.004060167620922032,2022,EXIOBASE v3.8.2 IOT_2022_ixi with Danish sea-transport reallocation (Rørmose Jensen & Iliev 2022) and capital endogenised (Södersten et al. 2018)
EST,Estonia,Europe,Food and catering,blue_water_consumption,Mm3,0.004031808234498112,2022,EXIOBASE v3.8.2 IOT_2022_ixi with Danish sea-transport reallocation (Rørmose Jensen & Iliev 2022) and capital endogenised (Södersten et al. 2018)
POL,Poland,Europe,Transport,blue_water_consumption,Mm3,0.0040195919808338155,2022,EXIOBASE v3.8.2 IOT_2022_ixi with Danish sea-transport reallocation (Rørmose Jensen & Iliev 2022) and capital endogenised (Södersten et al. 2018)
BGR,Bulgaria,Europe,Non-metallic mineral products,blue_water_consumption,Mm3,0.004002392444955441,2022,EXIOBASE v3.8.2 IOT_2022_ixi with Danish sea-transport reallocation (Rørmose Jensen & Iliev 2022) and capital endogenised (Södersten et al. 2018)
BGR,Bulgaria,Europe,General and special Machinery,waste_generation,kt,0.0039680704430634746,2022,EXIOBASE v3.8.2 IOT_2022_ixi with Danish sea-transport reallocation (Rørmose Jensen & Iliev 2022) and capital endogenised (Södersten et al. 2018)
MEX,Mexico,America,Furniture and timber,blue_water_consumption,Mm3,0.003964337660021788,2022,EXIOBASE v3.8.2 IOT_2022_ixi with Danish sea-transport reallocation (Rørmose Jensen & Iliev 2022) and capital endogenised (Södersten et al. 2018)
HUN,Hungary,Europe,Metal Products,blue_water_consumption,Mm3,0.003923947734552117,2022,EXIOBASE v3.8.2 IOT_2022_ixi with Danish sea-transport reallocation (Rørmose Jensen & Iliev 2022) and capital endogenised (Södersten et al. 2018)
ZAF,South Africa,Africa,Metal Products,blue_water_consumption,Mm3,0.00391092152765451,2022,EXIOBASE v3.8.2 IOT_2022_ixi with Danish sea-transport reallocation (Rørmose Jensen & Iliev 2022) and capital endogenised (Södersten et al. 2018)
NLD,Netherlands,Europe,Electricity,blue_water_consumption,Mm3,0.00391008900124245,2022,EXIOBASE v3.8.2 IOT_2022_ixi with Danish sea-transport reallocation (Rørmose Jensen & Iliev 2022) and capital endogenised (Södersten et al. 2018)
BRA,Brazil,America,Minerals and Metals,waste_generation,kt,0.003900231419140604,2022,EXIOBASE v3.8.2 IOT_2022_ixi with Danish sea-transport reallocation (Rørmose Jensen & Iliev 2022) and capital endogenised (Södersten et al. 2018)
SWE,Sweden,Europe,Furniture and timber,blue_water_consumption,Mm3,0.0038880565553274177,2022,EXIOBASE v3.8.2 IOT_2022_ixi with Danish sea-transport reallocation (Rørmose Jensen & Iliev 2022) and capital endogenised (Södersten et al. 2018)
DEU,Germany,Europe,Coal and Petroleum,blue_water_consumption,Mm3,0.0038779966929249525,2022,EXIOBASE v3.8.2 IOT_2022_ixi with Danish sea-transport reallocation (Rørmose Jensen & Iliev 2022) and capital endogenised (Södersten et al. 2018)
RoW America,RoW America,America,General and special Machinery,waste_generation,kt,0.003867204984954541,2022,EXIOBASE v3.8.2 IOT_2022_ixi with Danish sea-transport reallocation (Rørmose Jensen & Iliev 2022) and capital endogenised (Södersten et al. 2018)
ESP,Spain,Europe,Metal Products,blue_water_consumption,Mm3,0.003861628832626684,2022,EXIOBASE v3.8.2 IOT_2022_ixi with Danish sea-transport reallocation (Rørmose Jensen & Iliev 2022) and capital endogenised (Södersten et al. 2018)
MEX,Mexico,America,General and special Machinery,waste_generation,kt,0.0038584107916034708,2022,EXIOBASE v3.8.2 IOT_2022_ixi with Danish sea-transport reallocation (Rørmose Jensen & Iliev 2022) and capital endogenised (Södersten et al. 2018)
RoW Africa,RoW Africa,Africa,Transport,blue_water_consumption,Mm3,0.003855095615921268,2022,EXIOBASE v3.8.2 IOT_2022_ixi with Danish sea-transport reallocation (Rørmose Jensen & Iliev 2022) and capital endogenised (Södersten et al. 2018)
BGR,Bulgaria,Europe,"Steam, hot water supply and water distribution",land_use,km2,0.003855020812437699,2022,EXIOBASE v3.8.2 IOT_2022_ixi with Danish sea-transport reallocation (Rørmose Jensen & Iliev 2022) and capital endogenised (Södersten et al. 2018)
HUN,Hungary,Europe,Coal and Petroleum,waste_generation,kt,0.003840120935922413,2022,EXIOBASE v3.8.2 IOT_2022_ixi with Danish sea-transport reallocation (Rørmose Jensen & Iliev 2022) and capital endogenised (Södersten et al. 2018)
HRV,Croatia,Europe,Services,waste_generation,kt,0.0038258594817921674,2022,EXIOBASE v3.8.2 IOT_2022_ixi with Danish sea-transport reallocation (Rørmose Jensen & Iliev 2022) and capital endogenised (Södersten et al. 2018)
CAN,Canada,America,Paper Products,blue_water_consumption,Mm3,0.003800957610184776,2022,EXIOBASE v3.8.2 IOT_2022_ixi with Danish sea-transport reallocation (Rørmose Jensen & Iliev 2022) and capital endogenised (Södersten et al. 2018)
CAN,Canada,America,Electricity,material_extraction,kt,0.003780510588677509,2022,EXIOBASE v3.8.2 IOT_2022_ixi with Danish sea-transport reallocation (Rørmose Jensen & Iliev 2022) and capital endogenised (Södersten et al. 2018)
IRL,Ireland,Europe,Non-metallic mineral products,blue_water_consumption,Mm3,0.003756070504566365,2022,EXIOBASE v3.8.2 IOT_2022_ixi with Danish sea-transport reallocation (Rørmose Jensen & Iliev 2022) and capital endogenised (Södersten et al. 2018)
USA,United States,America,Furniture and timber,blue_water_consumption,Mm3,0.003751086414640004,2022,EXIOBASE v3.8.2 IOT_2022_ixi with Danish sea-transport reallocation (Rørmose Jensen & Iliev 2022) and capital endogenised (Södersten et al. 2018)
IDN,Indonesia,Asia and Pacific,General and special Machinery,climate_change,kt CO2eq,0.0037395471696105003,2022,EXIOBASE v3.8.2 IOT_2022_ixi with Danish sea-transport reallocation (Rørmose Jensen & Iliev 2022) and capital endogenised (Södersten et al. 2018)
HUN,Hungary,Europe,Transport,waste_generation,kt,0.0037110252379467406,2022,EXIOBASE v3.8.2 IOT_2022_ixi with Danish sea-transport reallocation (Rørmose Jensen & Iliev 2022) and capital endogenised (Södersten et al. 2018)
PRT,Portugal,Europe,Non-metallic mineral products,blue_water_consumption,Mm3,0.003702339339205479,2022,EXIOBASE v3.8.2 IOT_2022_ixi with Danish sea-transport reallocation (Rørmose Jensen & Iliev 2022) and capital endogenised (Södersten et al. 2018)
TUR,Turkey,Middle East,Metal Products,material_extraction,kt,0.0036993236187582513,2022,EXIOBASE v3.8.2 IOT_2022_ixi with Danish sea-transport reallocation (Rørmose Jensen & Iliev 2022) and capital endogenised (Södersten et al. 2018)
GRC,Greece,Europe,Textile,waste_generation,kt,0.003693564687668169,2022,EXIOBASE v3.8.2 IOT_2022_ixi with Danish sea-transport reallocation (Rørmose Jensen & Iliev 2022) and capital endogenised (Södersten et al. 2018)
NOR,Norway,Europe,Transport,land_use,km2,0.0036872532580536355,2022,EXIOBASE v3.8.2 IOT_2022_ixi with Danish sea-transport reallocation (Rørmose Jensen & Iliev 2022) and capital endogenised (Södersten et al. 2018)
RUS,Russia,Europe,Minerals and Metals,blue_water_consumption,Mm3,0.003675607228629142,2022,EXIOBASE v3.8.2 IOT_2022_ixi with Danish sea-transport reallocation (Rørmose Jensen & Iliev 2022) and capital endogenised (Södersten et al. 2018)
NOR,Norway,Europe,"Electrical, electronic and measuring equipment",blue_water_consumption,Mm3,0.003621985161757082,2022,EXIOBASE v3.8.2 IOT_2022_ixi with Danish sea-transport reallocation (Rørmose Jensen & Iliev 2022) and capital endogenised (Södersten et al. 2018)
ROU,Romania,Europe,Textile,land_use,km2,0.003576339131794449,2022,EXIOBASE v3.8.2 IOT_2022_ixi with Danish sea-transport reallocation (Rørmose Jensen & Iliev 2022) and capital endogenised (Södersten et al. 2018)
ROU,Romania,Europe,General and special Machinery,waste_generation,kt,0.003566061754084878,2022,EXIOBASE v3.8.2 IOT_2022_ixi with Danish sea-transport reallocation (Rørmose Jensen & Iliev 2022) and capital endogenised (Södersten et al. 2018)
ZAF,South Africa,Africa,General and special Machinery,waste_generation,kt,0.0035541130605392796,2022,EXIOBASE v3.8.2 IOT_2022_ixi with Danish sea-transport reallocation (Rørmose Jensen & Iliev 2022) and capital endogenised (Södersten et al. 2018)
RoW Europe,RoW Europe,Europe,Services,blue_water_consumption,Mm3,0.003549114907181188,2022,EXIOBASE v3.8.2 IOT_2022_ixi with Danish sea-transport reallocation (Rørmose Jensen & Iliev 2022) and capital endogenised (Södersten et al. 2018)
AUT,Austria,Europe,Paper Products,blue_water_consumption,Mm3,0.0035186665353862554,2022,EXIOBASE v3.8.2 IOT_2022_ixi with Danish sea-transport reallocation (Rørmose Jensen & Iliev 2022) and capital endogenised (Södersten et al. 2018)
ESP,Spain,Europe,Textile,waste_generation,kt,0.00351811830490587,2022,EXIOBASE v3.8.2 IOT_2022_ixi with Danish sea-transport reallocation (Rørmose Jensen & Iliev 2022) and capital endogenised (Södersten et al. 2018)
TUR,Turkey,Middle East,Furniture and timber,material_extraction,kt,0.003517212151880829,2022,EXIOBASE v3.8.2 IOT_2022_ixi with Danish sea-transport reallocation (Rørmose Jensen & Iliev 2022) and capital endogenised (Södersten et al. 2018)
CYP,Cyprus,Middle East,Food and catering,blue_water_consumption,Mm3,0.003513036738724156,2022,EXIOBASE v3.8.2 IOT_2022_ixi with Danish sea-transport reallocation (Rørmose Jensen & Iliev 2022) and capital endogenised (Södersten et al. 2018)
USA,United States,America,Non-metallic mineral products,blue_water_consumption,Mm3,0.0034903937389525437,2022,EXIOBASE v3.8.2 IOT_2022_ixi with Danish sea-transport reallocation (Rørmose Jensen & Iliev 2022) and capital endogenised (Södersten et al. 2018)
LVA,Latvia,Europe,Paper Products,blue_water_consumption,Mm3,0.0034804756803363942,2022,EXIOBASE v3.8.2 IOT_2022_ixi with Danish sea-transport reallocation (Rørmose Jensen & Iliev 2022) and capital endogenised (Södersten et al. 2018)
BRA,Brazil,America,Textile,waste_generation,kt,0.0034801594375370886,2022,EXIOBASE v3.8.2 IOT_2022_ixi with Danish sea-transport reallocation (Rørmose Jensen & Iliev 2022) and capital endogenised (Södersten et al. 2018)
NOR,Norway,Europe,Transport Equipment,blue_water_consumption,Mm3,0.003461097921746807,2022,EXIOBASE v3.8.2 IOT_2022_ixi with Danish sea-transport reallocation (Rørmose Jensen & Iliev 2022) and capital endogenised (Södersten et al. 2018)
MEX,Mexico,America,Chemical,land_use,km2,0.0033979363075777513,2022,EXIOBASE v3.8.2 IOT_2022_ixi with Danish sea-transport reallocation (Rørmose Jensen & Iliev 2022) and capital endogenised (Södersten et al. 2018)
CYP,Cyprus,Middle East,Services,climate_change,kt CO2eq,0.003392406637750635,2022,EXIOBASE v3.8.2 IOT_2022_ixi with Danish sea-transport reallocation (Rørmose Jensen & Iliev 2022) and capital endogenised (Södersten et al. 2018)
ZAF,South Africa,Africa,"Electrical, electronic and measuring equipment",waste_generation,kt,0.0033899582530199286,2022,EXIOBASE v3.8.2 IOT_2022_ixi with Danish sea-transport reallocation (Rørmose Jensen & Iliev 2022) and capital endogenised (Södersten et al. 2018)
SVN,Slovenia,Europe,Services,blue_water_consumption,Mm3,0.003376782690602864,2022,EXIOBASE v3.8.2 IOT_2022_ixi with Danish sea-transport reallocation (Rørmose Jensen & Iliev 2022) and capital endogenised (Södersten et al. 2018)
EST,Estonia,Europe,Electricity,blue_water_consumption,Mm3,0.0033530341335399837,2022,EXIOBASE v3.8.2 IOT_2022_ixi with Danish sea-transport reallocation (Rørmose Jensen & Iliev 2022) and capital endogenised (Södersten et al. 2018)
BRA,Brazil,America,Electricity,blue_water_consumption,Mm3,0.0032907039297581336,2022,EXIOBASE v3.8.2 IOT_2022_ixi with Danish sea-transport reallocation (Rørmose Jensen & Iliev 2022) and capital endogenised (Södersten et al. 2018)
CZE,Czech Republic,Europe,Textile,waste_generation,kt,0.003269807733809428,2022,EXIOBASE v3.8.2 IOT_2022_ixi with Danish sea-transport reallocation (Rørmose Jensen & Iliev 2022) and capital endogenised (Södersten et al. 2018)
FRA,France,Europe,"Steam, hot water supply and water distribution",waste_generation,kt,0.0032636258047313614,2022,EXIOBASE v3.8.2 IOT_2022_ixi with Danish sea-transport reallocation (Rørmose Jensen & Iliev 2022) and capital endogenised (Södersten et al. 2018)
SVK,Slovakia,Europe,Paper Products,blue_water_consumption,Mm3,0.00326222542090788,2022,EXIOBASE v3.8.2 IOT_2022_ixi with Danish sea-transport reallocation (Rørmose Jensen & Iliev 2022) and capital endogenised (Södersten et al. 2018)
GBR,United Kingdom,Europe,Minerals and Metals,waste_generation,kt,0.0032517873424729336,2022,EXIOBASE v3.8.2 IOT_2022_ixi with Danish sea-transport reallocation (Rørmose Jensen & Iliev 2022) and capital endogenised (Södersten et al. 2018)
LVA,Latvia,Europe,General and special Machinery,climate_change,kt CO2eq,0.003249942241799565,2022,EXIOBASE v3.8.2 IOT_2022_ixi with Danish sea-transport reallocation (Rørmose Jensen & Iliev 2022) and capital endogenised (Södersten et al. 2018)
DNK,Denmark,Denmark,Textile,waste_generation,kt,0.00324698988815822,2022,EXIOBASE v3.8.2 IOT_2022_ixi with Danish sea-transport reallocation (Rørmose Jensen & Iliev 2022) and capital endogenised (Södersten et al. 2018)
TWN,Taiwan,Asia and Pacific,Non-metallic mineral products,blue_water_consumption,Mm3,0.003218918754844126,2022,EXIOBASE v3.8.2 IOT_2022_ixi with Danish sea-transport reallocation (Rørmose Jensen & Iliev 2022) and capital endogenised (Södersten et al. 2018)
CAN,Canada,America,Textile,land_use,km2,0.003218829253495845,2022,EXIOBASE v3.8.2 IOT_2022_ixi with Danish sea-transport reallocation (Rørmose Jensen & Iliev 2022) and capital endogenised (Södersten et al. 2018)
AUS,Australia,Asia and Pacific,Non-metallic mineral products,waste_generation,kt,0.0032046225993880503,2022,EXIOBASE v3.8.2 IOT_2022_ixi with Danish sea-transport reallocation (Rørmose Jensen & Iliev 2022) and capital endogenised (Södersten et al. 2018)
AUT,Austria,Europe,Electricity,blue_water_consumption,Mm3,0.0031904384910414023,2022,EXIOBASE v3.8.2 IOT_2022_ixi with Danish sea-transport reallocation (Rørmose Jensen & Iliev 2022) and capital endogenised (Södersten et al. 2018)
ZAF,South Africa,Africa,Transport,waste_generation,kt,0.003185194402495344,2022,EXIOBASE v3.8.2 IOT_2022_ixi with Danish sea-transport reallocation (Rørmose Jensen & Iliev 2022) and capital endogenised (Södersten et al. 2018)
EST,Estonia,Europe,Textile,waste_generation,kt,0.003164830397316561,2022,EXIOBASE v3.8.2 IOT_2022_ixi with Danish sea-transport reallocation (Rørmose Jensen & Iliev 2022) and capital endogenised (Södersten et al. 2018)
ROU,Romania,Europe,Chemical,blue_water_consumption,Mm3,0.003128259908703056,2022,EXIOBASE v3.8.2 IOT_2022_ixi with Danish sea-transport reallocation (Rørmose Jensen & Iliev 2022) and capital endogenised (Södersten et al. 2018)
CYP,Cyprus,Middle East,Construction,climate_change,kt CO2eq,0.003127847709493993,2022,EXIOBASE v3.8.2 IOT_2022_ixi with Danish sea-transport reallocation (Rørmose Jensen & Iliev 2022) and capital endogenised (Södersten et al. 2018)
SVN,Slovenia,Europe,Transport Equipment,waste_generation,kt,0.0030947532454418925,2022,EXIOBASE v3.8.2 IOT_2022_ixi with Danish sea-transport reallocation (Rørmose Jensen & Iliev 2022) and capital endogenised (Södersten et al. 2018)
LVA,Latvia,Europe,Paper Products,waste_generation,kt,0.0030929866785801485,2022,EXIOBASE v3.8.2 IOT_2022_ixi with Danish sea-transport reallocation (Rørmose Jensen & Iliev 2022) and capital endogenised (Södersten et al. 2018)
IDN,Indonesia,Asia and Pacific,Non-metallic mineral products,waste_generation,kt,0.0030885681979812485,2022,EXIOBASE v3.8.2 IOT_2022_ixi with Danish sea-transport reallocation (Rørmose Jensen & Iliev 2022) and capital endogenised (Södersten et al. 2018)
CAN,Canada,America,Furniture and timber,material_extraction,kt,0.003085666709222305,2022,EXIOBASE v3.8.2 IOT_2022_ixi with Danish sea-transport reallocation (Rørmose Jensen & Iliev 2022) and capital endogenised (Södersten et al. 2018)
MEX,Mexico,America,Furniture and timber,land_use,km2,0.0030824819638570356,2022,EXIOBASE v3.8.2 IOT_2022_ixi with Danish sea-transport reallocation (Rørmose Jensen & Iliev 2022) and capital endogenised (Södersten et al. 2018)
RoW Africa,RoW Africa,Africa,Natural gas and gaseous fuels,land_use,km2,0.003080962182159514,2022,EXIOBASE v3.8.2 IOT_2022_ixi with Danish sea-transport reallocation (Rørmose Jensen & Iliev 2022) and capital endogenised (Södersten et al. 2018)
SVN,Slovenia,Europe,Non-metallic mineral products,waste_generation,kt,0.0030731287774393833,2022,EXIOBASE v3.8.2 IOT_2022_ixi with Danish sea-transport reallocation (Rørmose Jensen & Iliev 2022) and capital endogenised (Södersten et al. 2018)
IND,India,Asia and Pacific,Furniture and timber,material_extraction,kt,0.003050912651873406,2022,EXIOBASE v3.8.2 IOT_2022_ixi with Danish sea-transport reallocation (Rørmose Jensen & Iliev 2022) and capital endogenised (Södersten et al. 2018)
GRC,Greece,Europe,General and special Machinery,climate_change,kt CO2eq,0.003031063097517545,2022,EXIOBASE v3.8.2 IOT_2022_ixi with Danish sea-transport reallocation (Rørmose Jensen & Iliev 2022) and capital endogenised (Södersten et al. 2018)
BRA,Brazil,America,Furniture and timber,blue_water_consumption,Mm3,0.0030291743157376196,2022,EXIOBASE v3.8.2 IOT_2022_ixi with Danish sea-transport reallocation (Rørmose Jensen & Iliev 2022) and capital endogenised (Södersten et al. 2018)
GRC,Greece,Europe,Furniture and timber,waste_generation,kt,0.0029974021482542072,2022,EXIOBASE v3.8.2 IOT_2022_ixi with Danish sea-transport reallocation (Rørmose Jensen & Iliev 2022) and capital endogenised (Södersten et al. 2018)
IRL,Ireland,Europe,Metal Products,waste_generation,kt,0.0029890381932305542,2022,EXIOBASE v3.8.2 IOT_2022_ixi with Danish sea-transport reallocation (Rørmose Jensen & Iliev 2022) and capital endogenised (Södersten et al. 2018)
JPN,Japan,Asia and Pacific,Furniture and timber,waste_generation,kt,0.002955482244379893,2022,EXIOBASE v3.8.2 IOT_2022_ixi with Danish sea-transport reallocation (Rørmose Jensen & Iliev 2022) and capital endogenised (Södersten et al. 2018)
ZAF,South Africa,Africa,Furniture and timber,waste_generation,kt,0.0029375390222502497,2022,EXIOBASE v3.8.2 IOT_2022_ixi with Danish sea-transport reallocation (Rørmose Jensen & Iliev 2022) and capital endogenised (Södersten et al. 2018)
LUX,Luxembourg,Europe,Non-metallic mineral products,waste_generation,kt,0.0029154658427672387,2022,EXIOBASE v3.8.2 IOT_2022_ixi with Danish sea-transport reallocation (Rørmose Jensen & Iliev 2022) and capital endogenised (Södersten et al. 2018)
CHE,Switzerland,Europe,Construction,land_use,km2,0.002905355820029615,2022,EXIOBASE v3.8.2 IOT_2022_ixi with Danish sea-transport reallocation (Rørmose Jensen & Iliev 2022) and capital endogenised (Södersten et al. 2018)
RoW Africa,RoW Africa,Africa,Waste management and disposal,material_extraction,kt,0.002903789478115172,2022,EXIOBASE v3.8.2 IOT_2022_ixi with Danish sea-transport reallocation (Rørmose Jensen & Iliev 2022) and capital endogenised (Södersten et al. 2018)
LVA,Latvia,Europe,Metal Products,blue_water_consumption,Mm3,0.0028806007794374444,2022,EXIOBASE v3.8.2 IOT_2022_ixi with Danish sea-transport reallocation (Rørmose Jensen & Iliev 2022) and capital endogenised (Södersten et al. 2018)
RUS,Russia,Europe,Textile,waste_generation,kt,0.002871575828563427,2022,EXIOBASE v3.8.2 IOT_2022_ixi with Danish sea-transport reallocation (Rørmose Jensen & Iliev 2022) and capital endogenised (Södersten et al. 2018)
SVK,Slovakia,Europe,Waste management and disposal,blue_water_consumption,Mm3,0.0028683154033112414,2022,EXIOBASE v3.8.2 IOT_2022_ixi with Danish sea-transport reallocation (Rørmose Jensen & Iliev 2022) and capital endogenised (Södersten et al. 2018)
HUN,Hungary,Europe,Food and catering,material_extraction,kt,0.0028559575082826,2022,EXIOBASE v3.8.2 IOT_2022_ixi with Danish sea-transport reallocation (Rørmose Jensen & Iliev 2022) and capital endogenised (Södersten et al. 2018)
NOR,Norway,Europe,Electricity,waste_generation,kt,0.002833275311663511,2022,EXIOBASE v3.8.2 IOT_2022_ixi with Danish sea-transport reallocation (Rørmose Jensen & Iliev 2022) and capital endogenised (Södersten et al. 2018)
AUS,Australia,Asia and Pacific,Textile,waste_generation,kt,0.0028272367206457457,2022,EXIOBASE v3.8.2 IOT_2022_ixi with Danish sea-transport reallocation (Rørmose Jensen & Iliev 2022) and capital endogenised (Södersten et al. 2018)
POL,Poland,Europe,Minerals and Metals,blue_water_consumption,Mm3,0.0028112340306292918,2022,EXIOBASE v3.8.2 IOT_2022_ixi with Danish sea-transport reallocation (Rørmose Jensen & Iliev 2022) and capital endogenised (Södersten et al. 2018)
BGR,Bulgaria,Europe,Transport Equipment,waste_generation,kt,0.002804510689158656,2022,EXIOBASE v3.8.2 IOT_2022_ixi with Danish sea-transport reallocation (Rørmose Jensen & Iliev 2022) and capital endogenised (Södersten et al. 2018)
FRA,France,Europe,Textile,waste_generation,kt,0.0027857705385328528,2022,EXIOBASE v3.8.2 IOT_2022_ixi with Danish sea-transport reallocation (Rørmose Jensen & Iliev 2022) and capital endogenised (Södersten et al. 2018)
JPN,Japan,Asia and Pacific,General and special Machinery,blue_water_consumption,Mm3,0.002756502216631645,2022,EXIOBASE v3.8.2 IOT_2022_ixi with Danish sea-transport reallocation (Rørmose Jensen & Iliev 2022) and capital endogenised (Södersten et al. 2018)
LVA,Latvia,Europe,Textile,land_use,km2,0.002746365792130946,2022,EXIOBASE v3.8.2 IOT_2022_ixi with Danish sea-transport reallocation (Rørmose Jensen & Iliev 2022) and capital endogenised (Södersten et al. 2018)
NLD,Netherlands,Europe,Transport Equipment,blue_water_consumption,Mm3,0.002736080535154452,2022,EXIOBASE v3.8.2 IOT_2022_ixi with Danish sea-transport reallocation (Rørmose Jensen & Iliev 2022) and capital endogenised (Södersten et al. 2018)
NLD,Netherlands,Europe,Non-metallic mineral products,blue_water_consumption,Mm3,0.002732440742408164,2022,EXIOBASE v3.8.2 IOT_2022_ixi with Danish sea-transport reallocation (Rørmose Jensen & Iliev 2022) and capital endogenised (Södersten et al. 2018)
GRC,Greece,Europe,Transport Equipment,waste_generation,kt,0.002730743538220177,2022,EXIOBASE v3.8.2 IOT_2022_ixi with Danish sea-transport reallocation (Rørmose Jensen & Iliev 2022) and capital endogenised (Södersten et al. 2018)
RUS,Russia,Europe,Non-metallic mineral products,material_extraction,kt,0.002730453557239889,2022,EXIOBASE v3.8.2 IOT_2022_ixi with Danish sea-transport reallocation (Rørmose Jensen & Iliev 2022) and capital endogenised (Södersten et al. 2018)
IND,India,Asia and Pacific,Natural gas and gaseous fuels,waste_generation,kt,0.0027192369539112728,2022,EXIOBASE v3.8.2 IOT_2022_ixi with Danish sea-transport reallocation (Rørmose Jensen & Iliev 2022) and capital endogenised (Södersten et al. 2018)
HUN,Hungary,Europe,Non-metallic mineral products,blue_water_consumption,Mm3,0.002706903912484542,2022,EXIOBASE v3.8.2 IOT_2022_ixi with Danish sea-transport reallocation (Rørmose Jensen & Iliev 2022) and capital endogenised (Södersten et al. 2018)
RoW America,RoW America,America,"Steam, hot water supply and water distribution",material_extraction,kt,0.002703371259506658,2022,EXIOBASE v3.8.2 IOT_2022_ixi with Danish sea-transport reallocation (Rørmose Jensen & Iliev 2022) and capital endogenised (Södersten et al. 2018)
POL,Poland,Europe,Coal and Petroleum,blue_water_consumption,Mm3,0.0026926790009808035,2022,EXIOBASE v3.8.2 IOT_2022_ixi with Danish sea-transport reallocation (Rørmose Jensen & Iliev 2022) and capital endogenised (Södersten et al. 2018)
ROU,Romania,Europe,Textile,blue_water_consumption,Mm3,0.002690981259175025,2022,EXIOBASE v3.8.2 IOT_2022_ixi with Danish sea-transport reallocation (Rørmose Jensen & Iliev 2022) and capital endogenised (Södersten et al. 2018)
SVN,Slovenia,Europe,General and special Machinery,waste_generation,kt,0.0026718058361384347,2022,EXIOBASE v3.8.2 IOT_2022_ixi with Danish sea-transport reallocation (Rørmose Jensen & Iliev 2022) and capital endogenised (Södersten et al. 2018)
POL,Poland,Europe,"Electrical, electronic and measuring equipment",land_use,km2,0.0026667126811633964,2022,EXIOBASE v3.8.2 IOT_2022_ixi with Danish sea-transport reallocation (Rørmose Jensen & Iliev 2022) and capital endogenised (Södersten et al. 2018)
BRA,Brazil,America,Non-metallic mineral products,blue_water_consumption,Mm3,0.002658567332696879,2022,EXIOBASE v3.8.2 IOT_2022_ixi with Danish sea-transport reallocation (Rørmose Jensen & Iliev 2022) and capital endogenised (Södersten et al. 2018)
AUS,Australia,Asia and Pacific,General and special Machinery,waste_generation,kt,0.0026559556387673808,2022,EXIOBASE v3.8.2 IOT_2022_ixi with Danish sea-transport reallocation (Rørmose Jensen & Iliev 2022) and capital endogenised (Södersten et al. 2018)
LVA,Latvia,Europe,Electricity,waste_generation,kt,0.0026515869305102457,2022,EXIOBASE v3.8.2 IOT_2022_ixi with Danish sea-transport reallocation (Rørmose Jensen & Iliev 2022) and capital endogenised (Södersten et al. 2018)
RoW Europe,RoW Europe,Europe,Furniture and timber,blue_water_consumption,Mm3,0.0026480449205001934,2022,EXIOBASE v3.8.2 IOT_2022_ixi with Danish sea-transport reallocation (Rørmose Jensen & Iliev 2022) and capital endogenised (Södersten et al. 2018)
BEL,Belgium,Europe,Services,land_use,km2,0.002645322348865243,2022,EXIOBASE v3.8.2 IOT_2022_ixi with Danish sea-transport reallocation (Rørmose Jensen & Iliev 2022) and capital endogenised (Södersten et al. 2018)
LVA,Latvia,Europe,"Electrical, electronic and measuring equipment",climate_change,kt CO2eq,0.00264530336765131,2022,EXIOBASE v3.8.2 IOT_2022_ixi with Danish sea-transport reallocation (Rørmose Jensen & Iliev 2022) and capital endogenised (Södersten et al. 2018)
LVA,Latvia,Europe,Non-metallic mineral products,waste_generation,kt,0.002630111203267706,2022,EXIOBASE v3.8.2 IOT_2022_ixi with Danish sea-transport reallocation (Rørmose Jensen & Iliev 2022) and capital endogenised (Södersten et al. 2018)
IDN,Indonesia,Asia and Pacific,Chemical,blue_water_consumption,Mm3,0.0026291743429631546,2022,EXIOBASE v3.8.2 IOT_2022_ixi with Danish sea-transport reallocation (Rørmose Jensen & Iliev 2022) and capital endogenised (Södersten et al. 2018)
IDN,Indonesia,Asia and Pacific,Textile,waste_generation,kt,0.002627131481839992,2022,EXIOBASE v3.8.2 IOT_2022_ixi with Danish sea-transport reallocation (Rørmose Jensen & Iliev 2022) and capital endogenised (Södersten et al. 2018)
GBR,United Kingdom,Europe,Transport,waste_generation,kt,0.002621408442993492,2022,EXIOBASE v3.8.2 IOT_2022_ixi with Danish sea-transport reallocation (Rørmose Jensen & Iliev 2022) and capital endogenised (Södersten et al. 2018)
RoW Middle East,RoW Middle East,Middle East,Waste management and disposal,land_use,km2,0.002606218755671335,2022,EXIOBASE v3.8.2 IOT_2022_ixi with Danish sea-transport reallocation (Rørmose Jensen & Iliev 2022) and capital endogenised (Södersten et al. 2018)
NOR,Norway,Europe,Services,blue_water_consumption,Mm3,0.0025958833295802127,2022,EXIOBASE v3.8.2 IOT_2022_ixi with Danish sea-transport reallocation (Rørmose Jensen & Iliev 2022) and capital endogenised (Södersten et al. 2018)
CZE,Czech Republic,Europe,Natural gas and gaseous fuels,waste_generation,kt,0.002567170462817974,2022,EXIOBASE v3.8.2 IOT_2022_ixi with Danish sea-transport reallocation (Rørmose Jensen & Iliev 2022) and capital endogenised (Södersten et al. 2018)
NOR,Norway,Europe,"Electrical, electronic and measuring equipment",material_extraction,kt,0.002547386236586159,2022,EXIOBASE v3.8.2 IOT_2022_ixi with Danish sea-transport reallocation (Rørmose Jensen & Iliev 2022) and capital endogenised (Södersten et al. 2018)
HUN,Hungary,Europe,General and special Machinery,blue_water_consumption,Mm3,0.0025381155543914282,2022,EXIOBASE v3.8.2 IOT_2022_ixi with Danish sea-transport reallocation (Rørmose Jensen & Iliev 2022) and capital endogenised (Södersten et al. 2018)
MLT,Malta,Europe,Services,land_use,km2,0.0025121521691582136,2022,EXIOBASE v3.8.2 IOT_2022_ixi with Danish sea-transport reallocation (Rørmose Jensen & Iliev 2022) and capital endogenised (Södersten et al. 2018)
CZE,Czech Republic,Europe,Natural gas and gaseous fuels,material_extraction,kt,0.00250906210169731,2022,EXIOBASE v3.8.2 IOT_2022_ixi with Danish sea-transport reallocation (Rørmose Jensen & Iliev 2022) and capital endogenised (Södersten et al. 2018)
HUN,Hungary,Europe,"Steam, hot water supply and water distribution",material_extraction,kt,0.002494632502874686,2022,EXIOBASE v3.8.2 IOT_2022_ixi with Danish sea-transport reallocation (Rørmose Jensen & Iliev 2022) and capital endogenised (Södersten et al. 2018)
USA,United States,America,Transport,waste_generation,kt,0.0024647632299038807,2022,EXIOBASE v3.8.2 IOT_2022_ixi with Danish sea-transport reallocation (Rørmose Jensen & Iliev 2022) and capital endogenised (Södersten et al. 2018)
RUS,Russia,Europe,"Steam, hot water supply and water distribution",material_extraction,kt,0.00245963154313514,2022,EXIOBASE v3.8.2 IOT_2022_ixi with Danish sea-transport reallocation (Rørmose Jensen & Iliev 2022) and capital endogenised (Södersten et al. 2018)
IDN,Indonesia,Asia and Pacific,Transport Equipment,waste_generation,kt,0.002429376113536378,2022,EXIOBASE v3.8.2 IOT_2022_ixi with Danish sea-transport reallocation (Rørmose Jensen & Iliev 2022) and capital endogenised (Södersten et al. 2018)
MEX,Mexico,America,"Electrical, electronic and measuring equipment",land_use,km2,0.002429008067430469,2022,EXIOBASE v3.8.2 IOT_2022_ixi with Danish sea-transport reallocation (Rørmose Jensen & Iliev 2022) and capital endogenised (Södersten et al. 2018)
LUX,Luxembourg,Europe,Paper Products,climate_change,kt CO2eq,0.0024264834122947596,2022,EXIOBASE v3.8.2 IOT_2022_ixi with Danish sea-transport reallocation (Rørmose Jensen & Iliev 2022) and capital endogenised (Södersten et al. 2018)
RoW Asia and Pacific,RoW Asia and Pacific,Asia and Pacific,Transport Equipment,blue_water_consumption,Mm3,0.0024088534906946844,2022,EXIOBASE v3.8.2 IOT_2022_ixi with Danish sea-transport reallocation (Rørmose Jensen & Iliev 2022) and capital endogenised (Södersten et al. 2018)
KOR,South Korea,Asia and Pacific,Textile,waste_generation,kt,0.0023819330982904788,2022,EXIOBASE v3.8.2 IOT_2022_ixi with Danish sea-transport reallocation (Rørmose Jensen & Iliev 2022) and capital endogenised (Södersten et al. 2018)
SVK,Slovakia,Europe,Transport Equipment,waste_generation,kt,0.002367859245755589,2022,EXIOBASE v3.8.2 IOT_2022_ixi with Danish sea-transport reallocation (Rørmose Jensen & Iliev 2022) and capital endogenised (Södersten et al. 2018)
RoW Asia and Pacific,RoW Asia and Pacific,Asia and Pacific,Natural gas and gaseous fuels,blue_water_consumption,Mm3,0.002365474743905381,2022,EXIOBASE v3.8.2 IOT_2022_ixi with Danish sea-transport reallocation (Rørmose Jensen & Iliev 2022) and capital endogenised (Södersten et al. 2018)
TWN,Taiwan,Asia and Pacific,"Steam, hot water supply and water distribution",climate_change,kt CO2eq,0.002342027568525089,2022,EXIOBASE v3.8.2 IOT_2022_ixi with Danish sea-transport reallocation (Rørmose Jensen & Iliev 2022) and capital endogenised (Södersten et al. 2018)
CZE,Czech Republic,Europe,Services,blue_water_consumption,Mm3,0.00234061811889394,2022,EXIOBASE v3.8.2 IOT_2022_ixi with Danish sea-transport reallocation (Rørmose Jensen & Iliev 2022) and capital endogenised (Södersten et al. 2018)
ZAF,South Africa,Africa,Services,land_use,km2,0.002335644110016657,2022,EXIOBASE v3.8.2 IOT_2022_ixi with Danish sea-transport reallocation (Rørmose Jensen & Iliev 2022) and capital endogenised (Södersten et al. 2018)
NLD,Netherlands,Europe,Textile,land_use,km2,0.002331894369539783,2022,EXIOBASE v3.8.2 IOT_2022_ixi with Danish sea-transport reallocation (Rørmose Jensen & Iliev 2022) and capital endogenised (Södersten et al. 2018)
RoW Middle East,RoW Middle East,Middle East,Paper Products,land_use,km2,0.0022734033590657986,2022,EXIOBASE v3.8.2 IOT_2022_ixi with Danish sea-transport reallocation (Rørmose Jensen & Iliev 2022) and capital endogenised (Södersten et al. 2018)
HUN,Hungary,Europe,Minerals and Metals,waste_generation,kt,0.002272575554331465,2022,EXIOBASE v3.8.2 IOT_2022_ixi with Danish sea-transport reallocation (Rørmose Jensen & Iliev 2022) and capital endogenised (Södersten et al. 2018)
MLT,Malta,Europe,Natural gas and gaseous fuels,climate_change,kt CO2eq,0.0022699151836748986,2022,EXIOBASE v3.8.2 IOT_2022_ixi with Danish sea-transport reallocation (Rørmose Jensen & Iliev 2022) and capital endogenised (Södersten et al. 2018)
IND,India,Asia and Pacific,Minerals and Metals,waste_generation,kt,0.002254338058820011,2022,EXIOBASE v3.8.2 IOT_2022_ixi with Danish sea-transport reallocation (Rørmose Jensen & Iliev 2022) and capital endogenised (Södersten et al. 2018)
IND,India,Asia and Pacific,Transport Equipment,blue_water_consumption,Mm3,0.002250284093006512,2022,EXIOBASE v3.8.2 IOT_2022_ixi with Danish sea-transport reallocation (Rørmose Jensen & Iliev 2022) and capital endogenised (Södersten et al. 2018)
ZAF,South Africa,Africa,Textile,blue_water_consumption,Mm3,0.0022406739041187828,2022,EXIOBASE v3.8.2 IOT_2022_ixi with Danish sea-transport reallocation (Rørmose Jensen & Iliev 2022) and capital endogenised (Södersten et al. 2018)
HRV,Croatia,Europe,Food and catering,blue_water_consumption,Mm3,0.0022320361455104775,2022,EXIOBASE v3.8.2 IOT_2022_ixi with Danish sea-transport reallocation (Rørmose Jensen & Iliev 2022) and capital endogenised (Södersten et al. 2018)
KOR,South Korea,Asia and Pacific,"Electrical, electronic and measuring equipment",blue_water_consumption,Mm3,0.0022241499071887945,2022,EXIOBASE v3.8.2 IOT_2022_ixi with Danish sea-transport reallocation (Rørmose Jensen & Iliev 2022) and capital endogenised (Södersten et al. 2018)
RUS,Russia,Europe,Textile,blue_water_consumption,Mm3,0.0022087692844507357,2022,EXIOBASE v3.8.2 IOT_2022_ixi with Danish sea-transport reallocation (Rørmose Jensen & Iliev 2022) and capital endogenised (Södersten et al. 2018)
IDN,Indonesia,Asia and Pacific,Furniture and timber,waste_generation,kt,0.0021839777170350643,2022,EXIOBASE v3.8.2 IOT_2022_ixi with Danish sea-transport reallocation (Rørmose Jensen & Iliev 2022) and capital endogenised (Södersten et al. 2018)
ROU,Romania,Europe,Transport Equipment,waste_generation,kt,0.0021817586109342357,2022,EXIOBASE v3.8.2 IOT_2022_ixi with Danish sea-transport reallocation (Rørmose Jensen & Iliev 2022) and capital endogenised (Södersten et al. 2018)
HRV,Croatia,Europe,Metal Products,blue_water_consumption,Mm3,0.002156693360259609,2022,EXIOBASE v3.8.2 IOT_2022_ixi with Danish sea-transport reallocation (Rørmose Jensen & Iliev 2022) and capital endogenised (Södersten et al. 2018)
MEX,Mexico,America,Chemical,blue_water_consumption,Mm3,0.002154935895961171,2022,EXIOBASE v3.8.2 IOT_2022_ixi with Danish sea-transport reallocation (Rørmose Jensen & Iliev 2022) and capital endogenised (Södersten et al. 2018)
HUN,Hungary,Europe,"Electrical, electronic and measuring equipment",material_extraction,kt,0.0021462051877569792,2022,EXIOBASE v3.8.2 IOT_2022_ixi with Danish sea-transport reallocation (Rørmose Jensen & Iliev 2022) and capital endogenised (Södersten et al. 2018)
IDN,Indonesia,Asia and Pacific,Coal and Petroleum,waste_generation,kt,0.0021397739109421826,2022,EXIOBASE v3.8.2 IOT_2022_ixi with Danish sea-transport reallocation (Rørmose Jensen & Iliev 2022) and capital endogenised (Södersten et al. 2018)
CZE,Czech Republic,Europe,"Electrical, electronic and measuring equipment",land_use,km2,0.002135591036930288,2022,EXIOBASE v3.8.2 IOT_2022_ixi with Danish sea-transport reallocation (Rørmose Jensen & Iliev 2022) and capital endogenised (Södersten et al. 2018)
IRL,Ireland,Europe,Non-metallic mineral products,waste_generation,kt,0.002123721847803461,2022,EXIOBASE v3.8.2 IOT_2022_ixi with Danish sea-transport reallocation (Rørmose Jensen & Iliev 2022) and capital endogenised (Södersten et al. 2018)
ITA,Italy,Europe,Natural gas and gaseous fuels,waste_generation,kt,0.0021187312013218732,2022,EXIOBASE v3.8.2 IOT_2022_ixi with Danish sea-transport reallocation (Rørmose Jensen & Iliev 2022) and capital endogenised (Södersten et al. 2018)
ITA,Italy,Europe,Furniture and timber,blue_water_consumption,Mm3,0.002113978114789021,2022,EXIOBASE v3.8.2 IOT_2022_ixi with Danish sea-transport reallocation (Rørmose Jensen & Iliev 2022) and capital endogenised (Södersten et al. 2018)
RoW Europe,RoW Europe,Europe,Transport,blue_water_consumption,Mm3,0.0021121172474183898,2022,EXIOBASE v3.8.2 IOT_2022_ixi with Danish sea-transport reallocation (Rørmose Jensen & Iliev 2022) and capital endogenised (Södersten et al. 2018)
CHE,Switzerland,Europe,Transport,waste_generation,kt,0.0021091009253153274,2022,EXIOBASE v3.8.2 IOT_2022_ixi with Danish sea-transport reallocation (Rørmose Jensen & Iliev 2022) and capital endogenised (Södersten et al. 2018)
BGR,Bulgaria,Europe,Electricity,land_use,km2,0.002095846878058052,2022,EXIOBASE v3.8.2 IOT_2022_ixi with Danish sea-transport reallocation (Rørmose Jensen & Iliev 2022) and capital endogenised (Södersten et al. 2018)
LTU,Lithuania,Europe,"Steam, hot water supply and water distribution",waste_generation,kt,0.002079670715346665,2022,EXIOBASE v3.8.2 IOT_2022_ixi with Danish sea-transport reallocation (Rørmose Jensen & Iliev 2022) and capital endogenised (Södersten et al. 2018)
GBR,United Kingdom,Europe,Textile,blue_water_consumption,Mm3,0.0020587395195769214,2022,EXIOBASE v3.8.2 IOT_2022_ixi with Danish sea-transport reallocation (Rørmose Jensen & Iliev 2022) and capital endogenised (Södersten et al. 2018)
HUN,Hungary,Europe,Paper Products,blue_water_consumption,Mm3,0.002051482344140988,2022,EXIOBASE v3.8.2 IOT_2022_ixi with Danish sea-transport reallocation (Rørmose Jensen & Iliev 2022) and capital endogenised (Södersten et al. 2018)
RoW America,RoW America,America,Paper Products,blue_water_consumption,Mm3,0.0020490253721889653,2022,EXIOBASE v3.8.2 IOT_2022_ixi with Danish sea-transport reallocation (Rørmose Jensen & Iliev 2022) and capital endogenised (Södersten et al. 2018)
AUT,Austria,Europe,Natural gas and gaseous fuels,waste_generation,kt,0.0020475173271435236,2022,EXIOBASE v3.8.2 IOT_2022_ixi with Danish sea-transport reallocation (Rørmose Jensen & Iliev 2022) and capital endogenised (Södersten et al. 2018)
BEL,Belgium,Europe,Furniture and timber,land_use,km2,0.002032827837409954,2022,EXIOBASE v3.8.2 IOT_2022_ixi with Danish sea-transport reallocation (Rørmose Jensen & Iliev 2022) and capital endogenised (Södersten et al. 2018)
LUX,Luxembourg,Europe,Transport,waste_generation,kt,0.002032717291449957,2022,EXIOBASE v3.8.2 IOT_2022_ixi with Danish sea-transport reallocation (Rørmose Jensen & Iliev 2022) and capital endogenised (Södersten et al. 2018)
IRL,Ireland,Europe,"Steam, hot water supply and water distribution",climate_change,kt CO2eq,0.002016108725171826,2022,EXIOBASE v3.8.2 IOT_2022_ixi with Danish sea-transport reallocation (Rørmose Jensen & Iliev 2022) and capital endogenised (Södersten et al. 2018)
BGR,Bulgaria,Europe,"Electrical, electronic and measuring equipment",blue_water_consumption,Mm3,0.002000808461763842,2022,EXIOBASE v3.8.2 IOT_2022_ixi with Danish sea-transport reallocation (Rørmose Jensen & Iliev 2022) and capital endogenised (Södersten et al. 2018)
RoW Middle East,RoW Middle East,Middle East,Minerals and Metals,blue_water_consumption,Mm3,0.0019986391607964794,2022,EXIOBASE v3.8.2 IOT_2022_ixi with Danish sea-transport reallocation (Rørmose Jensen & Iliev 2022) and capital endogenised (Södersten et al. 2018)
CYP,Cyprus,Middle East,Furniture and timber,climate_change,kt CO2eq,0.0019984693234065894,2022,EXIOBASE v3.8.2 IOT_2022_ixi with Danish sea-transport reallocation (Rørmose Jensen & Iliev 2022) and capital endogenised (Södersten et al. 2018)
CZE,Czech Republic,Europe,Textile,blue_water_consumption,Mm3,0.001988822436417495,2022,EXIOBASE v3.8.2 IOT_2022_ixi with Danish sea-transport reallocation (Rørmose Jensen & Iliev 2022) and capital endogenised (Södersten et al. 2018)
TWN,Taiwan,Asia and Pacific,Metal Products,blue_water_consumption,Mm3,0.0019849092098413444,2022,EXIOBASE v3.8.2 IOT_2022_ixi with Danish sea-transport reallocation (Rørmose Jensen & Iliev 2022) and capital endogenised (Södersten et al. 2018)
RoW America,RoW America,America,Natural gas and gaseous fuels,waste_generation,kt,0.0019684018300353628,2022,EXIOBASE v3.8.2 IOT_2022_ixi with Danish sea-transport reallocation (Rørmose Jensen & Iliev 2022) and capital endogenised (Södersten et al. 2018)
RoW America,RoW America,America,General and special Machinery,blue_water_consumption,Mm3,0.0019595651824149433,2022,EXIOBASE v3.8.2 IOT_2022_ixi with Danish sea-transport reallocation (Rørmose Jensen & Iliev 2022) and capital endogenised (Södersten et al. 2018)
GRC,Greece,Europe,Minerals and Metals,waste_generation,kt,0.001956699348814414,2022,EXIOBASE v3.8.2 IOT_2022_ixi with Danish sea-transport reallocation (Rørmose Jensen & Iliev 2022) and capital endogenised (Södersten et al. 2018)
IDN,Indonesia,Asia and Pacific,Electricity,blue_water_consumption,Mm3,0.0019505556884234201,2022,EXIOBASE v3.8.2 IOT_2022_ixi with Danish sea-transport reallocation (Rørmose Jensen & Iliev 2022) and capital endogenised (Södersten et al. 2018)
BGR,Bulgaria,Europe,Paper Products,land_use,km2,0.0019395953529451134,2022,EXIOBASE v3.8.2 IOT_2022_ixi with Danish sea-transport reallocation (Rørmose Jensen & Iliev 2022) and capital endogenised (Södersten et al. 2018)
IDN,Indonesia,Asia and Pacific,General and special Machinery,waste_generation,kt,0.0019221400207642587,2022,EXIOBASE v3.8.2 IOT_2022_ixi with Danish sea-transport reallocation (Rørmose Jensen & Iliev 2022) and capital endogenised (Södersten et al. 2018)
RoW America,RoW America,America,Transport,blue_water_consumption,Mm3,0.0019111557648003063,2022,EXIOBASE v3.8.2 IOT_2022_ixi with Danish sea-transport reallocation (Rørmose Jensen & Iliev 2022) and capital endogenised (Södersten et al. 2018)
RoW Middle East,RoW Middle East,Middle East,Furniture and timber,land_use,km2,0.0019066751080838525,2022,EXIOBASE v3.8.2 IOT_2022_ixi with Danish sea-transport reallocation (Rørmose Jensen & Iliev 2022) and capital endogenised (Södersten et al. 2018)
PRT,Portugal,Europe,Metal Products,blue_water_consumption,Mm3,0.001903992947829286,2022,EXIOBASE v3.8.2 IOT_2022_ixi with Danish sea-transport reallocation (Rørmose Jensen & Iliev 2022) and capital endogenised (Södersten et al. 2018)
BEL,Belgium,Europe,Transport Equipment,blue_water_consumption,Mm3,0.0019026820966008,2022,EXIOBASE v3.8.2 IOT_2022_ixi with Danish sea-transport reallocation (Rørmose Jensen & Iliev 2022) and capital endogenised (Södersten et al. 2018)
CHE,Switzerland,Europe,Transport Equipment,waste_generation,kt,0.0018822419087220982,2022,EXIOBASE v3.8.2 IOT_2022_ixi with Danish sea-transport reallocation (Rørmose Jensen & Iliev 2022) and capital endogenised (Södersten et al. 2018)
HUN,Hungary,Europe,"Electrical, electronic and measuring equipment",blue_water_consumption,Mm3,0.0018590045781104242,2022,EXIOBASE v3.8.2 IOT_2022_ixi with Danish sea-transport reallocation (Rørmose Jensen & Iliev 2022) and capital endogenised (Södersten et al. 2018)
SWE,Sweden,Europe,Minerals and Metals,waste_generation,kt,0.001858989571556707,2022,EXIOBASE v3.8.2 IOT_2022_ixi with Danish sea-transport reallocation (Rørmose Jensen & Iliev 2022) and capital endogenised (Södersten et al. 2018)
HRV,Croatia,Europe,Non-metallic mineral products,waste_generation,kt,0.0018551685879412052,2022,EXIOBASE v3.8.2 IOT_2022_ixi with Danish sea-transport reallocation (Rørmose Jensen & Iliev 2022) and capital endogenised (Södersten et al. 2018)
RoW Europe,RoW Europe,Europe,Coal and Petroleum,blue_water_consumption,Mm3,0.0018537123988835323,2022,EXIOBASE v3.8.2 IOT_2022_ixi with Danish sea-transport reallocation (Rørmose Jensen & Iliev 2022) and capital endogenised (Södersten et al. 2018)
CHE,Switzerland,Europe,Minerals and Metals,waste_generation,kt,0.001843128929001764,2022,EXIOBASE v3.8.2 IOT_2022_ixi with Danish sea-transport reallocation (Rørmose Jensen & Iliev 2022) and capital endogenised (Södersten et al. 2018)
NOR,Norway,Europe,Transport,blue_water_consumption,Mm3,0.0018396789242295776,2022,EXIOBASE v3.8.2 IOT_2022_ixi with Danish sea-transport reallocation (Rørmose Jensen & Iliev 2022) and capital endogenised (Södersten et al. 2018)
MEX,Mexico,America,Textile,waste_generation,kt,0.0018155086914435285,2022,EXIOBASE v3.8.2 IOT_2022_ixi with Danish sea-transport reallocation (Rørmose Jensen & Iliev 2022) and capital endogenised (Södersten et al. 2018)
DNK,Denmark,Denmark,Furniture and timber,blue_water_consumption,Mm3,0.0017868185190557185,2022,EXIOBASE v3.8.2 IOT_2022_ixi with Danish sea-transport reallocation (Rørmose Jensen & Iliev 2022) and capital endogenised (Södersten et al. 2018)
LTU,Lithuania,Europe,General and special Machinery,climate_change,kt CO2eq,0.0017819654360631352,2022,EXIOBASE v3.8.2 IOT_2022_ixi with Danish sea-transport reallocation (Rørmose Jensen & Iliev 2022) and capital endogenised (Södersten et al. 2018)
RoW Asia and Pacific,RoW Asia and Pacific,Asia and Pacific,Construction,blue_water_consumption,Mm3,0.001775551723396012,2022,EXIOBASE v3.8.2 IOT_2022_ixi with Danish sea-transport reallocation (Rørmose Jensen & Iliev 2022) and capital endogenised (Södersten et al. 2018)
PRT,Portugal,Europe,General and special Machinery,waste_generation,kt,0.0017752276463095895,2022,EXIOBASE v3.8.2 IOT_2022_ixi with Danish sea-transport reallocation (Rørmose Jensen & Iliev 2022) and capital endogenised (Södersten et al. 2018)
CHE,Switzerland,Europe,Metal Products,land_use,km2,0.001773499026588012,2022,EXIOBASE v3.8.2 IOT_2022_ixi with Danish sea-transport reallocation (Rørmose Jensen & Iliev 2022) and capital endogenised (Södersten et al. 2018)
FIN,Finland,Europe,Electricity,blue_water_consumption,Mm3,0.0017734706844166961,2022,EXIOBASE v3.8.2 IOT_2022_ixi with Danish sea-transport reallocation (Rørmose Jensen & Iliev 2022) and capital endogenised (Södersten et al. 2018)
DEU,Germany,Europe,"Steam, hot water supply and water distribution",blue_water_consumption,Mm3,0.0017504341609496665,2022,EXIOBASE v3.8.2 IOT_2022_ixi with Danish sea-transport reallocation (Rørmose Jensen & Iliev 2022) and capital endogenised (Södersten et al. 2018)
NOR,Norway,Europe,Natural gas and gaseous fuels,blue_water_consumption,Mm3,0.0017258310196389085,2022,EXIOBASE v3.8.2 IOT_2022_ixi with Danish sea-transport reallocation (Rørmose Jensen & Iliev 2022) and capital endogenised (Södersten et al. 2018)
CAN,Canada,America,Minerals and Metals,waste_generation,kt,0.0017217987099227372,2022,EXIOBASE v3.8.2 IOT_2022_ixi with Danish sea-transport reallocation (Rørmose Jensen & Iliev 2022) and capital endogenised (Södersten et al. 2018)
ITA,Italy,Europe,Transport Equipment,blue_water_consumption,Mm3,0.0017093576891488859,2022,EXIOBASE v3.8.2 IOT_2022_ixi with Danish sea-transport reallocation (Rørmose Jensen & Iliev 2022) and capital endogenised (Södersten et al. 2018)
BGR,Bulgaria,Europe,Paper Products,blue_water_consumption,Mm3,0.0017050202670855369,2022,EXIOBASE v3.8.2 IOT_2022_ixi with Danish sea-transport reallocation (Rørmose Jensen & Iliev 2022) and capital endogenised (Södersten et al. 2018)
BRA,Brazil,America,Coal and Petroleum,waste_generation,kt,0.0016989700734390924,2022,EXIOBASE v3.8.2 IOT_2022_ixi with Danish sea-transport reallocation (Rørmose Jensen & Iliev 2022) and capital endogenised (Södersten et al. 2018)
RoW Europe,RoW Europe,Europe,"Steam, hot water supply and water distribution",blue_water_consumption,Mm3,0.0016953249256840602,2022,EXIOBASE v3.8.2 IOT_2022_ixi with Danish sea-transport reallocation (Rørmose Jensen & Iliev 2022) and capital endogenised (Södersten et al. 2018)
DEU,Germany,Europe,Transport,waste_generation,kt,0.0016701696705911952,2022,EXIOBASE v3.8.2 IOT_2022_ixi with Danish sea-transport reallocation (Rørmose Jensen & Iliev 2022) and capital endogenised (Södersten et al. 2018)
AUS,Australia,Asia and Pacific,"Electrical, electronic and measuring equipment",waste_generation,kt,0.0016690578362222191,2022,EXIOBASE v3.8.2 IOT_2022_ixi with Danish sea-transport reallocation (Rørmose Jensen & Iliev 2022) and capital endogenised (Södersten et al. 2018)
HUN,Hungary,Europe,Electricity,material_extraction,kt,0.0016650994761657524,2022,EXIOBASE v3.8.2 IOT_2022_ixi with Danish sea-transport reallocation (Rørmose Jensen & Iliev 2022) and capital endogenised (Södersten et al. 2018)
AUT,Austria,Europe,"Steam, hot water supply and water distribution",material_extraction,kt,0.001659330384475474,2022,EXIOBASE v3.8.2 IOT_2022_ixi with Danish sea-transport reallocation (Rørmose Jensen & Iliev 2022) and capital endogenised (Södersten et al. 2018)
RUS,Russia,Europe,"Electrical, electronic and measuring equipment",waste_generation,kt,0.0016589705416583682,2022,EXIOBASE v3.8.2 IOT_2022_ixi with Danish sea-transport reallocation (Rørmose Jensen & Iliev 2022) and capital endogenised (Södersten et al. 2018)
RUS,Russia,Europe,Transport,blue_water_consumption,Mm3,0.0016430635390454393,2022,EXIOBASE v3.8.2 IOT_2022_ixi with Danish sea-transport reallocation (Rørmose Jensen & Iliev 2022) and capital endogenised (Södersten et al. 2018)
RoW Africa,RoW Africa,Africa,Transport Equipment,blue_water_consumption,Mm3,0.0016365901527194615,2022,EXIOBASE v3.8.2 IOT_2022_ixi with Danish sea-transport reallocation (Rørmose Jensen & Iliev 2022) and capital endogenised (Södersten et al. 2018)
EST,Estonia,Europe,General and special Machinery,climate_change,kt CO2eq,0.0016361262866476636,2022,EXIOBASE v3.8.2 IOT_2022_ixi with Danish sea-transport reallocation (Rørmose Jensen & Iliev 2022) and capital endogenised (Södersten et al. 2018)
PRT,Portugal,Europe,"Electrical, electronic and measuring equipment",waste_generation,kt,0.0016159838071976703,2022,EXIOBASE v3.8.2 IOT_2022_ixi with Danish sea-transport reallocation (Rørmose Jensen & Iliev 2022) and capital endogenised (Södersten et al. 2018)
TUR,Turkey,Middle East,Transport Equipment,waste_generation,kt,0.0016110980502767043,2022,EXIOBASE v3.8.2 IOT_2022_ixi with Danish sea-transport reallocation (Rørmose Jensen & Iliev 2022) and capital endogenised (Södersten et al. 2018)
ITA,Italy,Europe,"Steam, hot water supply and water distribution",waste_generation,kt,0.0016095669855346552,2022,EXIOBASE v3.8.2 IOT_2022_ixi with Danish sea-transport reallocation (Rørmose Jensen & Iliev 2022) and capital endogenised (Södersten et al. 2018)
MLT,Malta,Europe,Food and catering,blue_water_consumption,Mm3,0.0016094688609308045,2022,EXIOBASE v3.8.2 IOT_2022_ixi with Danish sea-transport reallocation (Rørmose Jensen & Iliev 2022) and capital endogenised (Södersten et al. 2018)
EST,Estonia,Europe,"Electrical, electronic and measuring equipment",waste_generation,kt,0.001607336018491799,2022,EXIOBASE v3.8.2 IOT_2022_ixi with Danish sea-transport reallocation (Rørmose Jensen & Iliev 2022) and capital endogenised (Södersten et al. 2018)
HUN,Hungary,Europe,Paper Products,waste_generation,kt,0.0016066497975167915,2022,EXIOBASE v3.8.2 IOT_2022_ixi with Danish sea-transport reallocation (Rørmose Jensen & Iliev 2022) and capital endogenised (Södersten et al. 2018)
MEX,Mexico,America,Non-metallic mineral products,waste_generation,kt,0.001592459235713422,2022,EXIOBASE v3.8.2 IOT_2022_ixi with Danish sea-transport reallocation (Rørmose Jensen & Iliev 2022) and capital endogenised (Södersten et al. 2018)
ESP,Spain,Europe,Transport,blue_water_consumption,Mm3,0.0015863941411422022,2022,EXIOBASE v3.8.2 IOT_2022_ixi with Danish sea-transport reallocation (Rørmose Jensen & Iliev 2022) and capital endogenised (Södersten et al. 2018)
TUR,Turkey,Middle East,Services,blue_water_consumption,Mm3,0.001578502967925099,2022,EXIOBASE v3.8.2 IOT_2022_ixi with Danish sea-transport reallocation (Rørmose Jensen & Iliev 2022) and capital endogenised (Södersten et al. 2018)
RoW America,RoW America,America,"Electrical, electronic and measuring equipment",blue_water_consumption,Mm3,0.0015680624712237471,2022,EXIOBASE v3.8.2 IOT_2022_ixi with Danish sea-transport reallocation (Rørmose Jensen & Iliev 2022) and capital endogenised (Södersten et al. 2018)
BRA,Brazil,America,General and special Machinery,blue_water_consumption,Mm3,0.001563821588873874,2022,EXIOBASE v3.8.2 IOT_2022_ixi with Danish sea-transport reallocation (Rørmose Jensen & Iliev 2022) and capital endogenised (Södersten et al. 2018)
BRA,Brazil,America,"Electrical, electronic and measuring equipment",blue_water_consumption,Mm3,0.0015627319501274352,2022,EXIOBASE v3.8.2 IOT_2022_ixi with Danish sea-transport reallocation (Rørmose Jensen & Iliev 2022) and capital endogenised (Södersten et al. 2018)
RoW America,RoW America,America,Furniture and timber,blue_water_consumption,Mm3,0.0015504963156309536,2022,EXIOBASE v3.8.2 IOT_2022_ixi with Danish sea-transport reallocation (Rørmose Jensen & Iliev 2022) and capital endogenised (Södersten et al. 2018)
BRA,Brazil,America,Coal and Petroleum,material_extraction,kt,0.001530576910160194,2022,EXIOBASE v3.8.2 IOT_2022_ixi with Danish sea-transport reallocation (Rørmose Jensen & Iliev 2022) and capital endogenised (Södersten et al. 2018)
LVA,Latvia,Europe,"Steam, hot water supply and water distribution",waste_generation,kt,0.0015116663615560607,2022,EXIOBASE v3.8.2 IOT_2022_ixi with Danish sea-transport reallocation (Rørmose Jensen & Iliev 2022) and capital endogenised (Södersten et al. 2018)
POL,Poland,Europe,Minerals and Metals,waste_generation,kt,0.0015085933374554988,2022,EXIOBASE v3.8.2 IOT_2022_ixi with Danish sea-transport reallocation (Rørmose Jensen & Iliev 2022) and capital endogenised (Södersten et al. 2018)
CYP,Cyprus,Middle East,Chemical,climate_change,kt CO2eq,0.0015038306831196926,2022,EXIOBASE v3.8.2 IOT_2022_ixi with Danish sea-transport reallocation (Rørmose Jensen & Iliev 2022) and capital endogenised (Södersten et al. 2018)
CHE,Switzerland,Europe,Services,material_extraction,kt,0.0015037062077988077,2022,EXIOBASE v3.8.2 IOT_2022_ixi with Danish sea-transport reallocation (Rørmose Jensen & Iliev 2022) and capital endogenised (Södersten et al. 2018)
DEU,Germany,Europe,General and special Machinery,blue_water_consumption,Mm3,0.0014920604159462305,2022,EXIOBASE v3.8.2 IOT_2022_ixi with Danish sea-transport reallocation (Rørmose Jensen & Iliev 2022) and capital endogenised (Södersten et al. 2018)
AUT,Austria,Europe,Textile,waste_generation,kt,0.0014894412726506915,2022,EXIOBASE v3.8.2 IOT_2022_ixi with Danish sea-transport reallocation (Rørmose Jensen & Iliev 2022) and capital endogenised (Södersten et al. 2018)
RoW Middle East,RoW Middle East,Middle East,Metal Products,blue_water_consumption,Mm3,0.0014822691180585938,2022,EXIOBASE v3.8.2 IOT_2022_ixi with Danish sea-transport reallocation (Rørmose Jensen & Iliev 2022) and capital endogenised (Södersten et al. 2018)
RoW Middle East,RoW Middle East,Middle East,Furniture and timber,waste_generation,kt,0.0014693287178886062,2022,EXIOBASE v3.8.2 IOT_2022_ixi with Danish sea-transport reallocation (Rørmose Jensen & Iliev 2022) and capital endogenised (Södersten et al. 2018)
SVK,Slovakia,Europe,Textile,blue_water_consumption,Mm3,0.0014637777872429799,2022,EXIOBASE v3.8.2 IOT_2022_ixi with Danish sea-transport reallocation (Rørmose Jensen & Iliev 2022) and capital endogenised (Södersten et al. 2018)
RoW Middle East,RoW Middle East,Middle East,Non-metallic mineral products,land_use,km2,0.0014600569609632907,2022,EXIOBASE v3.8.2 IOT_2022_ixi with Danish sea-transport reallocation (Rørmose Jensen & Iliev 2022) and capital endogenised (Södersten et al. 2018)
CHE,Switzerland,Europe,Metal Products,blue_water_consumption,Mm3,0.0014580654251593315,2022,EXIOBASE v3.8.2 IOT_2022_ixi with Danish sea-transport reallocation (Rørmose Jensen & Iliev 2022) and capital endogenised (Södersten et al. 2018)
BGR,Bulgaria,Europe,Textile,waste_generation,kt,0.0014573509164284683,2022,EXIOBASE v3.8.2 IOT_2022_ixi with Danish sea-transport reallocation (Rørmose Jensen & Iliev 2022) and capital endogenised (Södersten et al. 2018)
LVA,Latvia,Europe,Non-metallic mineral products,blue_water_consumption,Mm3,0.0014445988627560732,2022,EXIOBASE v3.8.2 IOT_2022_ixi with Danish sea-transport reallocation (Rørmose Jensen & Iliev 2022) and capital endogenised (Södersten et al. 2018)
TWN,Taiwan,Asia and Pacific,Paper Products,blue_water_consumption,Mm3,0.001438548552576783,2022,EXIOBASE v3.8.2 IOT_2022_ixi with Danish sea-transport reallocation (Rørmose Jensen & Iliev 2022) and capital endogenised (Södersten et al. 2018)
CAN,Canada,America,Textile,waste_generation,kt,0.0014258422188344444,2022,EXIOBASE v3.8.2 IOT_2022_ixi with Danish sea-transport reallocation (Rørmose Jensen & Iliev 2022) and capital endogenised (Södersten et al. 2018)
NOR,Norway,Europe,Natural gas and gaseous fuels,waste_generation,kt,0.0014200825822815752,2022,EXIOBASE v3.8.2 IOT_2022_ixi with Danish sea-transport reallocation (Rørmose Jensen & Iliev 2022) and capital endogenised (Södersten et al. 2018)
RoW Europe,RoW Europe,Europe,Natural gas and gaseous fuels,blue_water_consumption,Mm3,0.0014162434732492674,2022,EXIOBASE v3.8.2 IOT_2022_ixi with Danish sea-transport reallocation (Rørmose Jensen & Iliev 2022) and capital endogenised (Södersten et al. 2018)
GRC,Greece,Europe,"Electrical, electronic and measuring equipment",waste_generation,kt,0.0013932892478747555,2022,EXIOBASE v3.8.2 IOT_2022_ixi with Danish sea-transport reallocation (Rørmose Jensen & Iliev 2022) and capital endogenised (Södersten et al. 2018)
RoW Middle East,RoW Middle East,Middle East,Construction,land_use,km2,0.001391935949070791,2022,EXIOBASE v3.8.2 IOT_2022_ixi with Danish sea-transport reallocation (Rørmose Jensen & Iliev 2022) and capital endogenised (Södersten et al. 2018)
RUS,Russia,Europe,Construction,blue_water_consumption,Mm3,0.001387090541218948,2022,EXIOBASE v3.8.2 IOT_2022_ixi with Danish sea-transport reallocation (Rørmose Jensen & Iliev 2022) and capital endogenised (Södersten et al. 2018)
FIN,Finland,Europe,Non-metallic mineral products,blue_water_consumption,Mm3,0.0013837241663778534,2022,EXIOBASE v3.8.2 IOT_2022_ixi with Danish sea-transport reallocation (Rørmose Jensen & Iliev 2022) and capital endogenised (Södersten et al. 2018)
MLT,Malta,Europe,Construction,waste_generation,kt,0.001380992624547013,2022,EXIOBASE v3.8.2 IOT_2022_ixi with Danish sea-transport reallocation (Rørmose Jensen & Iliev 2022) and capital endogenised (Södersten et al. 2018)
NOR,Norway,Europe,General and special Machinery,land_use,km2,0.001378370806148778,2022,EXIOBASE v3.8.2 IOT_2022_ixi with Danish sea-transport reallocation (Rørmose Jensen & Iliev 2022) and capital endogenised (Södersten et al. 2018)
JPN,Japan,Asia and Pacific,Textile,waste_generation,kt,0.001371921254195782,2022,EXIOBASE v3.8.2 IOT_2022_ixi with Danish sea-transport reallocation (Rørmose Jensen & Iliev 2022) and capital endogenised (Södersten et al. 2018)
CYP,Cyprus,Middle East,General and special Machinery,climate_change,kt CO2eq,0.001366266490843155,2022,EXIOBASE v3.8.2 IOT_2022_ixi with Danish sea-transport reallocation (Rørmose Jensen & Iliev 2022) and capital endogenised (Södersten et al. 2018)
RoW Europe,RoW Europe,Europe,Transport Equipment,land_use,km2,0.0013603022418090963,2022,EXIOBASE v3.8.2 IOT_2022_ixi with Danish sea-transport reallocation (Rørmose Jensen & Iliev 2022) and capital endogenised (Södersten et al. 2018)
PRT,Portugal,Europe,Electricity,blue_water_consumption,Mm3,0.0013528572560083294,2022,EXIOBASE v3.8.2 IOT_2022_ixi with Danish sea-transport reallocation (Rørmose Jensen & Iliev 2022) and capital endogenised (Södersten et al. 2018)
KOR,South Korea,Asia and Pacific,General and special Machinery,blue_water_consumption,Mm3,0.0013527203526239953,2022,EXIOBASE v3.8.2 IOT_2022_ixi with Danish sea-transport reallocation (Rørmose Jensen & Iliev 2022) and capital endogenised (Södersten et al. 2018)
RoW Africa,RoW Africa,Africa,Electricity,blue_water_consumption,Mm3,0.0013491648307206343,2022,EXIOBASE v3.8.2 IOT_2022_ixi with Danish sea-transport reallocation (Rørmose Jensen & Iliev 2022) and capital endogenised (Södersten et al. 2018)
POL,Poland,Europe,General and special Machinery,blue_water_consumption,Mm3,0.0013478061158435843,2022,EXIOBASE v3.8.2 IOT_2022_ixi with Danish sea-transport reallocation (Rørmose Jensen & Iliev 2022) and capital endogenised (Södersten et al. 2018)
SVK,Slovakia,Europe,Textile,waste_generation,kt,0.001340086235876968,2022,EXIOBASE v3.8.2 IOT_2022_ixi with Danish sea-transport reallocation (Rørmose Jensen & Iliev 2022) and capital endogenised (Södersten et al. 2018)
CHE,Switzerland,Europe,Non-metallic mineral products,blue_water_consumption,Mm3,0.001339596008418784,2022,EXIOBASE v3.8.2 IOT_2022_ixi with Danish sea-transport reallocation (Rørmose Jensen & Iliev 2022) and capital endogenised (Södersten et al. 2018)
PRT,Portugal,Europe,Transport,waste_generation,kt,0.001337393180137505,2022,EXIOBASE v3.8.2 IOT_2022_ixi with Danish sea-transport reallocation (Rørmose Jensen & Iliev 2022) and capital endogenised (Södersten et al. 2018)
ESP,Spain,Europe,Transport,waste_generation,kt,0.0013166599076776574,2022,EXIOBASE v3.8.2 IOT_2022_ixi with Danish sea-transport reallocation (Rørmose Jensen & Iliev 2022) and capital endogenised (Södersten et al. 2018)
CYP,Cyprus,Middle East,Construction,waste_generation,kt,0.001312311991872243,2022,EXIOBASE v3.8.2 IOT_2022_ixi with Danish sea-transport reallocation (Rørmose Jensen & Iliev 2022) and capital endogenised (Södersten et al. 2018)
AUS,Australia,Asia and Pacific,Transport Equipment,waste_generation,kt,0.0013121655526251933,2022,EXIOBASE v3.8.2 IOT_2022_ixi with Danish sea-transport reallocation (Rørmose Jensen & Iliev 2022) and capital endogenised (Södersten et al. 2018)
PRT,Portugal,Europe,Transport Equipment,waste_generation,kt,0.001287894429238548,2022,EXIOBASE v3.8.2 IOT_2022_ixi with Danish sea-transport reallocation (Rørmose Jensen & Iliev 2022) and capital endogenised (Södersten et al. 2018)
SVN,Slovenia,Europe,Textile,waste_generation,kt,0.0012593784362625246,2022,EXIOBASE v3.8.2 IOT_2022_ixi with Danish sea-transport reallocation (Rørmose Jensen & Iliev 2022) and capital endogenised (Södersten et al. 2018)
POL,Poland,Europe,Furniture and timber,blue_water_consumption,Mm3,0.0012488436402330462,2022,EXIOBASE v3.8.2 IOT_2022_ixi with Danish sea-transport reallocation (Rørmose Jensen & Iliev 2022) and capital endogenised (Södersten et al. 2018)
BGR,Bulgaria,Europe,Construction,land_use,km2,0.001237684361253479,2022,EXIOBASE v3.8.2 IOT_2022_ixi with Danish sea-transport reallocation (Rørmose Jensen & Iliev 2022) and capital endogenised (Södersten et al. 2018)
ROU,Romania,Europe,"Electrical, electronic and measuring equipment",waste_generation,kt,0.001227092236773101,2022,EXIOBASE v3.8.2 IOT_2022_ixi with Danish sea-transport reallocation (Rørmose Jensen & Iliev 2022) and capital endogenised (Södersten et al. 2018)
ZAF,South Africa,Africa,Textile,waste_generation,kt,0.0012261977997624245,2022,EXIOBASE v3.8.2 IOT_2022_ixi with Danish sea-transport reallocation (Rørmose Jensen & Iliev 2022) and capital endogenised (Södersten et al. 2018)
BGR,Bulgaria,Europe,Furniture and timber,blue_water_consumption,Mm3,0.0012248569276085773,2022,EXIOBASE v3.8.2 IOT_2022_ixi with Danish sea-transport reallocation (Rørmose Jensen & Iliev 2022) and capital endogenised (Södersten et al. 2018)
MEX,Mexico,America,"Electrical, electronic and measuring equipment",blue_water_consumption,Mm3,0.0012198900758433313,2022,EXIOBASE v3.8.2 IOT_2022_ixi with Danish sea-transport reallocation (Rørmose Jensen & Iliev 2022) and capital endogenised (Södersten et al. 2018)
CAN,Canada,America,"Steam, hot water supply and water distribution",waste_generation,kt,0.001209332577816635,2022,EXIOBASE v3.8.2 IOT_2022_ixi with Danish sea-transport reallocation (Rørmose Jensen & Iliev 2022) and capital endogenised (Södersten et al. 2018)
MEX,Mexico,America,Electricity,blue_water_consumption,Mm3,0.0012065122772063177,2022,EXIOBASE v3.8.2 IOT_2022_ixi with Danish sea-transport reallocation (Rørmose Jensen & Iliev 2022) and capital endogenised (Södersten et al. 2018)
DNK,Denmark,Denmark,Transport Equipment,blue_water_consumption,Mm3,0.0011910712478145915,2022,EXIOBASE v3.8.2 IOT_2022_ixi with Danish sea-transport reallocation (Rørmose Jensen & Iliev 2022) and capital endogenised (Södersten et al. 2018)
RoW Europe,RoW Europe,Europe,Minerals and Metals,blue_water_consumption,Mm3,0.0011857596401354817,2022,EXIOBASE v3.8.2 IOT_2022_ixi with Danish sea-transport reallocation (Rørmose Jensen & Iliev 2022) and capital endogenised (Södersten et al. 2018)
LVA,Latvia,Europe,Textile,blue_water_consumption,Mm3,0.00118281143208489,2022,EXIOBASE v3.8.2 IOT_2022_ixi with Danish sea-transport reallocation (Rørmose Jensen & Iliev 2022) and capital endogenised (Södersten et al. 2018)
RUS,Russia,Europe,Transport Equipment,waste_generation,kt,0.001175406731570165,2022,EXIOBASE v3.8.2 IOT_2022_ixi with Danish sea-transport reallocation (Rørmose Jensen & Iliev 2022) and capital endogenised (Södersten et al. 2018)
RoW Africa,RoW Africa,Africa,Construction,blue_water_consumption,Mm3,0.001174160927861973,2022,EXIOBASE v3.8.2 IOT_2022_ixi with Danish sea-transport reallocation (Rørmose Jensen & Iliev 2022) and capital endogenised (Södersten et al. 2018)
POL,Poland,Europe,Textile,blue_water_consumption,Mm3,0.0011630951486080808,2022,EXIOBASE v3.8.2 IOT_2022_ixi with Danish sea-transport reallocation (Rørmose Jensen & Iliev 2022) and capital endogenised (Södersten et al. 2018)
POL,Poland,Europe,"Electrical, electronic and measuring equipment",blue_water_consumption,Mm3,0.0011509419435676055,2022,EXIOBASE v3.8.2 IOT_2022_ixi with Danish sea-transport reallocation (Rørmose Jensen & Iliev 2022) and capital endogenised (Södersten et al. 2018)
PRT,Portugal,Europe,Natural gas and gaseous fuels,waste_generation,kt,0.001147041459229002,2022,EXIOBASE v3.8.2 IOT_2022_ixi with Danish sea-transport reallocation (Rørmose Jensen & Iliev 2022) and capital endogenised (Södersten et al. 2018)
TWN,Taiwan,Asia and Pacific,Food and catering,blue_water_consumption,Mm3,0.0011459088009668772,2022,EXIOBASE v3.8.2 IOT_2022_ixi with Danish sea-transport reallocation (Rørmose Jensen & Iliev 2022) and capital endogenised (Södersten et al. 2018)
FRA,France,Europe,Electricity,blue_water_consumption,Mm3,0.0011447762700770934,2022,EXIOBASE v3.8.2 IOT_2022_ixi with Danish sea-transport reallocation (Rørmose Jensen & Iliev 2022) and capital endogenised (Södersten et al. 2018)
LTU,Lithuania,Europe,Textile,blue_water_consumption,Mm3,0.0011287870229578793,2022,EXIOBASE v3.8.2 IOT_2022_ixi with Danish sea-transport reallocation (Rørmose Jensen & Iliev 2022) and capital endogenised (Södersten et al. 2018)
HRV,Croatia,Europe,"Electrical, electronic and measuring equipment",waste_generation,kt,0.001125999706460906,2022,EXIOBASE v3.8.2 IOT_2022_ixi with Danish sea-transport reallocation (Rørmose Jensen & Iliev 2022) and capital endogenised (Södersten et al. 2018)
CHE,Switzerland,Europe,"Electrical, electronic and measuring equipment",blue_water_consumption,Mm3,0.0011204431407140652,2022,EXIOBASE v3.8.2 IOT_2022_ixi with Danish sea-transport reallocation (Rørmose Jensen & Iliev 2022) and capital endogenised (Södersten et al. 2018)
HRV,Croatia,Europe,Services,blue_water_consumption,Mm3,0.0011183979839670143,2022,EXIOBASE v3.8.2 IOT_2022_ixi with Danish sea-transport reallocation (Rørmose Jensen & Iliev 2022) and capital endogenised (Södersten et al. 2018)
BEL,Belgium,Europe,Minerals and Metals,blue_water_consumption,Mm3,0.0011156298189215026,2022,EXIOBASE v3.8.2 IOT_2022_ixi with Danish sea-transport reallocation (Rørmose Jensen & Iliev 2022) and capital endogenised (Södersten et al. 2018)
KOR,South Korea,Asia and Pacific,Furniture and timber,blue_water_consumption,Mm3,0.001111748029240456,2022,EXIOBASE v3.8.2 IOT_2022_ixi with Danish sea-transport reallocation (Rørmose Jensen & Iliev 2022) and capital endogenised (Södersten et al. 2018)
AUT,Austria,Europe,Coal and Petroleum,material_extraction,kt,0.001099322294028134,2022,EXIOBASE v3.8.2 IOT_2022_ixi with Danish sea-transport reallocation (Rørmose Jensen & Iliev 2022) and capital endogenised (Södersten et al. 2018)
LVA,Latvia,Europe,Transport Equipment,climate_change,kt CO2eq,0.0010963680340947773,2022,EXIOBASE v3.8.2 IOT_2022_ixi with Danish sea-transport reallocation (Rørmose Jensen & Iliev 2022) and capital endogenised (Södersten et al. 2018)
HUN,Hungary,Europe,"Electrical, electronic and measuring equipment",land_use,km2,0.0010915449623722076,2022,EXIOBASE v3.8.2 IOT_2022_ixi with Danish sea-transport reallocation (Rørmose Jensen & Iliev 2022) and capital endogenised (Södersten et al. 2018)
BGR,Bulgaria,Europe,General and special Machinery,blue_water_consumption,Mm3,0.0010887054535251679,2022,EXIOBASE v3.8.2 IOT_2022_ixi with Danish sea-transport reallocation (Rørmose Jensen & Iliev 2022) and capital endogenised (Södersten et al. 2018)
BEL,Belgium,Europe,Natural gas and gaseous fuels,waste_generation,kt,0.001083970260668369,2022,EXIOBASE v3.8.2 IOT_2022_ixi with Danish sea-transport reallocation (Rørmose Jensen & Iliev 2022) and capital endogenised (Södersten et al. 2018)
CAN,Canada,America,General and special Machinery,blue_water_consumption,Mm3,0.0010741638034391257,2022,EXIOBASE v3.8.2 IOT_2022_ixi with Danish sea-transport reallocation (Rørmose Jensen & Iliev 2022) and capital endogenised (Södersten et al. 2018)
JPN,Japan,Asia and Pacific,"Electrical, electronic and measuring equipment",blue_water_consumption,Mm3,0.0010619562012911517,2022,EXIOBASE v3.8.2 IOT_2022_ixi with Danish sea-transport reallocation (Rørmose Jensen & Iliev 2022) and capital endogenised (Södersten et al. 2018)
TUR,Turkey,Middle East,Paper Products,land_use,km2,0.0010600682781738819,2022,EXIOBASE v3.8.2 IOT_2022_ixi with Danish sea-transport reallocation (Rørmose Jensen & Iliev 2022) and capital endogenised (Södersten et al. 2018)
PRT,Portugal,Europe,Chemical,blue_water_consumption,Mm3,0.0010580588799729597,2022,EXIOBASE v3.8.2 IOT_2022_ixi with Danish sea-transport reallocation (Rørmose Jensen & Iliev 2022) and capital endogenised (Södersten et al. 2018)
ROU,Romania,Europe,Transport,waste_generation,kt,0.0010565493886081352,2022,EXIOBASE v3.8.2 IOT_2022_ixi with Danish sea-transport reallocation (Rørmose Jensen & Iliev 2022) and capital endogenised (Södersten et al. 2018)
ESP,Spain,Europe,Minerals and Metals,waste_generation,kt,0.0010282127954824895,2022,EXIOBASE v3.8.2 IOT_2022_ixi with Danish sea-transport reallocation (Rørmose Jensen & Iliev 2022) and capital endogenised (Södersten et al. 2018)
RoW Asia and Pacific,RoW Asia and Pacific,Asia and Pacific,"Steam, hot water supply and water distribution",blue_water_consumption,Mm3,0.0010219919195179452,2022,EXIOBASE v3.8.2 IOT_2022_ixi with Danish sea-transport reallocation (Rørmose Jensen & Iliev 2022) and capital endogenised (Södersten et al. 2018)
BEL,Belgium,Europe,Minerals and Metals,waste_generation,kt,0.0010175418315427562,2022,EXIOBASE v3.8.2 IOT_2022_ixi with Danish sea-transport reallocation (Rørmose Jensen & Iliev 2022) and capital endogenised (Södersten et al. 2018)
EST,Estonia,Europe,Non-metallic mineral products,blue_water_consumption,Mm3,0.001016621546096615,2022,EXIOBASE v3.8.2 IOT_2022_ixi with Danish sea-transport reallocation (Rørmose Jensen & Iliev 2022) and capital endogenised (Södersten et al. 2018)
LVA,Latvia,Europe,Waste management and disposal,blue_water_consumption,Mm3,0.001007499261589685,2022,EXIOBASE v3.8.2 IOT_2022_ixi with Danish sea-transport reallocation (Rørmose Jensen & Iliev 2022) and capital endogenised (Södersten et al. 2018)
RoW Middle East,RoW Middle East,Middle East,Electricity,waste_generation,kt,0.0010071680273756067,2022,EXIOBASE v3.8.2 IOT_2022_ixi with Danish sea-transport reallocation (Rørmose Jensen & Iliev 2022) and capital endogenised (Södersten et al. 2018)
CHE,Switzerland,Europe,Paper Products,blue_water_consumption,Mm3,0.0009964531386867713,2022,EXIOBASE v3.8.2 IOT_2022_ixi with Danish sea-transport reallocation (Rørmose Jensen & Iliev 2022) and capital endogenised (Södersten et al. 2018)
NLD,Netherlands,Europe,Coal and Petroleum,blue_water_consumption,Mm3,0.0009945030796664573,2022,EXIOBASE v3.8.2 IOT_2022_ixi with Danish sea-transport reallocation (Rørmose Jensen & Iliev 2022) and capital endogenised (Södersten et al. 2018)
NOR,Norway,Europe,"Steam, hot water supply and water distribution",waste_generation,kt,0.0009943487700970197,2022,EXIOBASE v3.8.2 IOT_2022_ixi with Danish sea-transport reallocation (Rørmose Jensen & Iliev 2022) and capital endogenised (Södersten et al. 2018)
EST,Estonia,Europe,Metal Products,waste_generation,kt,0.0009942826575366332,2022,EXIOBASE v3.8.2 IOT_2022_ixi with Danish sea-transport reallocation (Rørmose Jensen & Iliev 2022) and capital endogenised (Södersten et al. 2018)
CZE,Czech Republic,Europe,Waste management and disposal,land_use,km2,0.0009819711839509709,2022,EXIOBASE v3.8.2 IOT_2022_ixi with Danish sea-transport reallocation (Rørmose Jensen & Iliev 2022) and capital endogenised (Södersten et al. 2018)
NOR,Norway,Europe,Minerals and Metals,waste_generation,kt,0.0009757759665310369,2022,EXIOBASE v3.8.2 IOT_2022_ixi with Danish sea-transport reallocation (Rørmose Jensen & Iliev 2022) and capital endogenised (Södersten et al. 2018)
LTU,Lithuania,Europe,Textile,waste_generation,kt,0.0009711456134353292,2022,EXIOBASE v3.8.2 IOT_2022_ixi with Danish sea-transport reallocation (Rørmose Jensen & Iliev 2022) and capital endogenised (Södersten et al. 2018)
KOR,South Korea,Asia and Pacific,Transport,waste_generation,kt,0.0009641666773995036,2022,EXIOBASE v3.8.2 IOT_2022_ixi with Danish sea-transport reallocation (Rørmose Jensen & Iliev 2022) and capital endogenised (Södersten et al. 2018)
KOR,South Korea,Asia and Pacific,Non-metallic mineral products,blue_water_consumption,Mm3,0.0009615214900092986,2022,EXIOBASE v3.8.2 IOT_2022_ixi with Danish sea-transport reallocation (Rørmose Jensen & Iliev 2022) and capital endogenised (Södersten et al. 2018)
USA,United States,America,Coal and Petroleum,blue_water_consumption,Mm3,0.0009609301631951241,2022,EXIOBASE v3.8.2 IOT_2022_ixi with Danish sea-transport reallocation (Rørmose Jensen & Iliev 2022) and capital endogenised (Södersten et al. 2018)
KOR,South Korea,Asia and Pacific,Paper Products,blue_water_consumption,Mm3,0.0009434137391564629,2022,EXIOBASE v3.8.2 IOT_2022_ixi with Danish sea-transport reallocation (Rørmose Jensen & Iliev 2022) and capital endogenised (Södersten et al. 2018)
ZAF,South Africa,Africa,"Electrical, electronic and measuring equipment",blue_water_consumption,Mm3,0.0009385973560071943,2022,EXIOBASE v3.8.2 IOT_2022_ixi with Danish sea-transport reallocation (Rørmose Jensen & Iliev 2022) and capital endogenised (Södersten et al. 2018)
MEX,Mexico,America,Metal Products,material_extraction,kt,0.0009327792436572568,2022,EXIOBASE v3.8.2 IOT_2022_ixi with Danish sea-transport reallocation (Rørmose Jensen & Iliev 2022) and capital endogenised (Södersten et al. 2018)
IRL,Ireland,Europe,Textile,blue_water_consumption,Mm3,0.0009254626960802345,2022,EXIOBASE v3.8.2 IOT_2022_ixi with Danish sea-transport reallocation (Rørmose Jensen & Iliev 2022) and capital endogenised (Södersten et al. 2018)
RoW Africa,RoW Africa,Africa,Waste management and disposal,blue_water_consumption,Mm3,0.0009232971973810751,2022,EXIOBASE v3.8.2 IOT_2022_ixi with Danish sea-transport reallocation (Rørmose Jensen & Iliev 2022) and capital endogenised (Södersten et al. 2018)
MEX,Mexico,America,Natural gas and gaseous fuels,waste_generation,kt,0.0009215674558446538,2022,EXIOBASE v3.8.2 IOT_2022_ixi with Danish sea-transport reallocation (Rørmose Jensen & Iliev 2022) and capital endogenised (Södersten et al. 2018)
LVA,Latvia,Europe,General and special Machinery,waste_generation,kt,0.0009208405359116551,2022,EXIOBASE v3.8.2 IOT_2022_ixi with Danish sea-transport reallocation (Rørmose Jensen & Iliev 2022) and capital endogenised (Södersten et al. 2018)
LTU,Lithuania,Europe,Non-metallic mineral products,blue_water_consumption,Mm3,0.0009131182522031561,2022,EXIOBASE v3.8.2 IOT_2022_ixi with Danish sea-transport reallocation (Rørmose Jensen & Iliev 2022) and capital endogenised (Södersten et al. 2018)
NLD,Netherlands,Europe,Transport,blue_water_consumption,Mm3,0.0009065227922784797,2022,EXIOBASE v3.8.2 IOT_2022_ixi with Danish sea-transport reallocation (Rørmose Jensen & Iliev 2022) and capital endogenised (Södersten et al. 2018)
HUN,Hungary,Europe,Transport Equipment,material_extraction,kt,0.0008974944360661668,2022,EXIOBASE v3.8.2 IOT_2022_ixi with Danish sea-transport reallocation (Rørmose Jensen & Iliev 2022) and capital endogenised (Södersten et al. 2018)
RoW Africa,RoW Africa,Africa,Paper Products,material_extraction,kt,0.0008944866048081938,2022,EXIOBASE v3.8.2 IOT_2022_ixi with Danish sea-transport reallocation (Rørmose Jensen & Iliev 2022) and capital endogenised (Södersten et al. 2018)
PRT,Portugal,Europe,Paper Products,blue_water_consumption,Mm3,0.0008906953638943914,2022,EXIOBASE v3.8.2 IOT_2022_ixi with Danish sea-transport reallocation (Rørmose Jensen & Iliev 2022) and capital endogenised (Södersten et al. 2018)
NLD,Netherlands,Europe,Minerals and Metals,waste_generation,kt,0.0008878684955199241,2022,EXIOBASE v3.8.2 IOT_2022_ixi with Danish sea-transport reallocation (Rørmose Jensen & Iliev 2022) and capital endogenised (Södersten et al. 2018)
RoW America,RoW America,America,Coal and Petroleum,blue_water_consumption,Mm3,0.0008782850323137306,2022,EXIOBASE v3.8.2 IOT_2022_ixi with Danish sea-transport reallocation (Rørmose Jensen & Iliev 2022) and capital endogenised (Södersten et al. 2018)
BRA,Brazil,America,Transport Equipment,blue_water_consumption,Mm3,0.0008766064042045112,2022,EXIOBASE v3.8.2 IOT_2022_ixi with Danish sea-transport reallocation (Rørmose Jensen & Iliev 2022) and capital endogenised (Södersten et al. 2018)
AUS,Australia,Asia and Pacific,Transport,waste_generation,kt,0.0008721720962868109,2022,EXIOBASE v3.8.2 IOT_2022_ixi with Danish sea-transport reallocation (Rørmose Jensen & Iliev 2022) and capital endogenised (Södersten et al. 2018)
RoW Europe,RoW Europe,Europe,Transport Equipment,blue_water_consumption,Mm3,0.0008595650909272966,2022,EXIOBASE v3.8.2 IOT_2022_ixi with Danish sea-transport reallocation (Rørmose Jensen & Iliev 2022) and capital endogenised (Södersten et al. 2018)
RUS,Russia,Europe,Furniture and timber,blue_water_consumption,Mm3,0.0008588197131950869,2022,EXIOBASE v3.8.2 IOT_2022_ixi with Danish sea-transport reallocation (Rørmose Jensen & Iliev 2022) and capital endogenised (Södersten et al. 2018)
HRV,Croatia,Europe,Paper Products,blue_water_consumption,Mm3,0.0008456846941029604,2022,EXIOBASE v3.8.2 IOT_2022_ixi with Danish sea-transport reallocation (Rørmose Jensen & Iliev 2022) and capital endogenised (Södersten et al. 2018)
MLT,Malta,Europe,"Steam, hot water supply and water distribution",climate_change,kt CO2eq,0.000843622004484729,2022,EXIOBASE v3.8.2 IOT_2022_ixi with Danish sea-transport reallocation (Rørmose Jensen & Iliev 2022) and capital endogenised (Södersten et al. 2018)
ITA,Italy,Europe,Textile,land_use,km2,0.0008427295563851845,2022,EXIOBASE v3.8.2 IOT_2022_ixi with Danish sea-transport reallocation (Rørmose Jensen & Iliev 2022) and capital endogenised (Södersten et al. 2018)
IRL,Ireland,Europe,"Electrical, electronic and measuring equipment",waste_generation,kt,0.0008401701614886896,2022,EXIOBASE v3.8.2 IOT_2022_ixi with Danish sea-transport reallocation (Rørmose Jensen & Iliev 2022) and capital endogenised (Södersten et al. 2018)
SVK,Slovakia,Europe,"Electrical, electronic and measuring equipment",land_use,km2,0.0008394584783218096,2022,EXIOBASE v3.8.2 IOT_2022_ixi with Danish sea-transport reallocation (Rørmose Jensen & Iliev 2022) and capital endogenised (Södersten et al. 2018)
ROU,Romania,Europe,Paper Products,blue_water_consumption,Mm3,0.0008384680477221162,2022,EXIOBASE v3.8.2 IOT_2022_ixi with Danish sea-transport reallocation (Rørmose Jensen & Iliev 2022) and capital endogenised (Södersten et al. 2018)
IND,India,Asia and Pacific,Waste management and disposal,waste_generation,kt,0.0008375561615643425,2022,EXIOBASE v3.8.2 IOT_2022_ixi with Danish sea-transport reallocation (Rørmose Jensen & Iliev 2022) and capital endogenised (Södersten et al. 2018)
IDN,Indonesia,Asia and Pacific,General and special Machinery,blue_water_consumption,Mm3,0.0008324419438252162,2022,EXIOBASE v3.8.2 IOT_2022_ixi with Danish sea-transport reallocation (Rørmose Jensen & Iliev 2022) and capital endogenised (Södersten et al. 2018)
RUS,Russia,Europe,"Steam, hot water supply and water distribution",land_use,km2,0.0008269409792701494,2022,EXIOBASE v3.8.2 IOT_2022_ixi with Danish sea-transport reallocation (Rørmose Jensen & Iliev 2022) and capital endogenised (Södersten et al. 2018)
BGR,Bulgaria,Europe,Coal and Petroleum,material_extraction,kt,0.0008214646781725003,2022,EXIOBASE v3.8.2 IOT_2022_ixi with Danish sea-transport reallocation (Rørmose Jensen & Iliev 2022) and capital endogenised (Södersten et al. 2018)
JPN,Japan,Asia and Pacific,Food and catering,blue_water_consumption,Mm3,0.0008210881323157109,2022,EXIOBASE v3.8.2 IOT_2022_ixi with Danish sea-transport reallocation (Rørmose Jensen & Iliev 2022) and capital endogenised (Södersten et al. 2018)
IDN,Indonesia,Asia and Pacific,Waste management and disposal,waste_generation,kt,0.0008118569509779421,2022,EXIOBASE v3.8.2 IOT_2022_ixi with Danish sea-transport reallocation (Rørmose Jensen & Iliev 2022) and capital endogenised (Södersten et al. 2018)
CHE,Switzerland,Europe,Textile,waste_generation,kt,0.000784179570150584,2022,EXIOBASE v3.8.2 IOT_2022_ixi with Danish sea-transport reallocation (Rørmose Jensen & Iliev 2022) and capital endogenised (Södersten et al. 2018)
LVA,Latvia,Europe,Metal Products,material_extraction,kt,0.0007838467133227697,2022,EXIOBASE v3.8.2 IOT_2022_ixi with Danish sea-transport reallocation (Rørmose Jensen & Iliev 2022) and capital endogenised (Södersten et al. 2018)
CYP,Cyprus,Middle East,Paper Products,climate_change,kt CO2eq,0.0007775468943407846,2022,EXIOBASE v3.8.2 IOT_2022_ixi with Danish sea-transport reallocation (Rørmose Jensen & Iliev 2022) and capital endogenised (Södersten et al. 2018)
ESP,Spain,Europe,"Electrical, electronic and measuring equipment",blue_water_consumption,Mm3,0.0007766107895303593,2022,EXIOBASE v3.8.2 IOT_2022_ixi with Danish sea-transport reallocation (Rørmose Jensen & Iliev 2022) and capital endogenised (Södersten et al. 2018)
BGR,Bulgaria,Europe,Textile,blue_water_consumption,Mm3,0.0007693503267206898,2022,EXIOBASE v3.8.2 IOT_2022_ixi with Danish sea-transport reallocation (Rørmose Jensen & Iliev 2022) and capital endogenised (Södersten et al. 2018)
IRL,Ireland,Europe,Electricity,blue_water_consumption,Mm3,0.0007679867947957139,2022,EXIOBASE v3.8.2 IOT_2022_ixi with Danish sea-transport reallocation (Rørmose Jensen & Iliev 2022) and capital endogenised (Södersten et al. 2018)
CYP,Cyprus,Middle East,Non-metallic mineral products,waste_generation,kt,0.0007656341407461817,2022,EXIOBASE v3.8.2 IOT_2022_ixi with Danish sea-transport reallocation (Rørmose Jensen & Iliev 2022) and capital endogenised (Södersten et al. 2018)
CAN,Canada,America,Food and catering,material_extraction,kt,0.0007550470943030062,2022,EXIOBASE v3.8.2 IOT_2022_ixi with Danish sea-transport reallocation (Rørmose Jensen & Iliev 2022) and capital endogenised (Södersten et al. 2018)
IDN,Indonesia,Asia and Pacific,Metal Products,blue_water_consumption,Mm3,0.0007547110755184951,2022,EXIOBASE v3.8.2 IOT_2022_ixi with Danish sea-transport reallocation (Rørmose Jensen & Iliev 2022) and capital endogenised (Södersten et al. 2018)
RUS,Russia,Europe,Natural gas and gaseous fuels,blue_water_consumption,Mm3,0.0007489884287105628,2022,EXIOBASE v3.8.2 IOT_2022_ixi with Danish sea-transport reallocation (Rørmose Jensen & Iliev 2022) and capital endogenised (Södersten et al. 2018)
LTU,Lithuania,Europe,Chemical,blue_water_consumption,Mm3,0.0007421881405784499,2022,EXIOBASE v3.8.2 IOT_2022_ixi with Danish sea-transport reallocation (Rørmose Jensen & Iliev 2022) and capital endogenised (Södersten et al. 2018)
NLD,Netherlands,Europe,Waste management and disposal,blue_water_consumption,Mm3,0.0007399329156026205,2022,EXIOBASE v3.8.2 IOT_2022_ixi with Danish sea-transport reallocation (Rørmose Jensen & Iliev 2022) and capital endogenised (Södersten et al. 2018)
ITA,Italy,Europe,Minerals and Metals,waste_generation,kt,0.0007336906560793341,2022,EXIOBASE v3.8.2 IOT_2022_ixi with Danish sea-transport reallocation (Rørmose Jensen & Iliev 2022) and capital endogenised (Södersten et al. 2018)
SVN,Slovenia,Europe,Food and catering,blue_water_consumption,Mm3,0.0007314531527929384,2022,EXIOBASE v3.8.2 IOT_2022_ixi with Danish sea-transport reallocation (Rørmose Jensen & Iliev 2022) and capital endogenised (Södersten et al. 2018)
DNK,Denmark,Denmark,Natural gas and gaseous fuels,waste_generation,kt,0.0007209518162050823,2022,EXIOBASE v3.8.2 IOT_2022_ixi with Danish sea-transport reallocation (Rørmose Jensen & Iliev 2022) and capital endogenised (Södersten et al. 2018)
CHE,Switzerland,Europe,General and special Machinery,blue_water_consumption,Mm3,0.000718584470762831,2022,EXIOBASE v3.8.2 IOT_2022_ixi with Danish sea-transport reallocation (Rørmose Jensen & Iliev 2022) and capital endogenised (Södersten et al. 2018)
CYP,Cyprus,Middle East,Coal and Petroleum,climate_change,kt CO2eq,0.0007149331218745377,2022,EXIOBASE v3.8.2 IOT_2022_ixi with Danish sea-transport reallocation (Rørmose Jensen & Iliev 2022) and capital endogenised (Södersten et al. 2018)
DEU,Germany,Europe,Furniture and timber,blue_water_consumption,Mm3,0.0007145733378603539,2022,EXIOBASE v3.8.2 IOT_2022_ixi with Danish sea-transport reallocation (Rørmose Jensen & Iliev 2022) and capital endogenised (Södersten et al. 2018)
TUR,Turkey,Middle East,Paper Products,material_extraction,kt,0.0007096150550385509,2022,EXIOBASE v3.8.2 IOT_2022_ixi with Danish sea-transport reallocation (Rørmose Jensen & Iliev 2022) and capital endogenised (Södersten et al. 2018)
RoW America,RoW America,America,Minerals and Metals,blue_water_consumption,Mm3,0.00070735967840143,2022,EXIOBASE v3.8.2 IOT_2022_ixi with Danish sea-transport reallocation (Rørmose Jensen & Iliev 2022) and capital endogenised (Södersten et al. 2018)
HRV,Croatia,Europe,Construction,blue_water_consumption,Mm3,0.0007052760383434456,2022,EXIOBASE v3.8.2 IOT_2022_ixi with Danish sea-transport reallocation (Rørmose Jensen & Iliev 2022) and capital endogenised (Södersten et al. 2018)
BEL,Belgium,Europe,Construction,blue_water_consumption,Mm3,0.0007038104258078092,2022,EXIOBASE v3.8.2 IOT_2022_ixi with Danish sea-transport reallocation (Rørmose Jensen & Iliev 2022) and capital endogenised (Södersten et al. 2018)
LUX,Luxembourg,Europe,General and special Machinery,waste_generation,kt,0.0007024620463759334,2022,EXIOBASE v3.8.2 IOT_2022_ixi with Danish sea-transport reallocation (Rørmose Jensen & Iliev 2022) and capital endogenised (Södersten et al. 2018)
IRL,Ireland,Europe,Paper Products,waste_generation,kt,0.000697941410192627,2022,EXIOBASE v3.8.2 IOT_2022_ixi with Danish sea-transport reallocation (Rørmose Jensen & Iliev 2022) and capital endogenised (Södersten et al. 2018)
RoW America,RoW America,America,Transport Equipment,blue_water_consumption,Mm3,0.0006964188532666896,2022,EXIOBASE v3.8.2 IOT_2022_ixi with Danish sea-transport reallocation (Rørmose Jensen & Iliev 2022) and capital endogenised (Södersten et al. 2018)
AUS,Australia,Asia and Pacific,Minerals and Metals,waste_generation,kt,0.0006946744256199389,2022,EXIOBASE v3.8.2 IOT_2022_ixi with Danish sea-transport reallocation (Rørmose Jensen & Iliev 2022) and capital endogenised (Södersten et al. 2018)
IDN,Indonesia,Asia and Pacific,Minerals and Metals,waste_generation,kt,0.0006884778081367203,2022,EXIOBASE v3.8.2 IOT_2022_ixi with Danish sea-transport reallocation (Rørmose Jensen & Iliev 2022) and capital endogenised (Södersten et al. 2018)
RoW Africa,RoW Africa,Africa,Natural gas and gaseous fuels,blue_water_consumption,Mm3,0.0006867807444288789,2022,EXIOBASE v3.8.2 IOT_2022_ixi with Danish sea-transport reallocation (Rørmose Jensen & Iliev 2022) and capital endogenised (Södersten et al. 2018)
BEL,Belgium,Europe,Waste management and disposal,blue_water_consumption,Mm3,0.0006838474731519756,2022,EXIOBASE v3.8.2 IOT_2022_ixi with Danish sea-transport reallocation (Rørmose Jensen & Iliev 2022) and capital endogenised (Södersten et al. 2018)
FIN,Finland,Europe,General and special Machinery,material_extraction,kt,0.0006831994647010133,2022,EXIOBASE v3.8.2 IOT_2022_ixi with Danish sea-transport reallocation (Rørmose Jensen & Iliev 2022) and capital endogenised (Södersten et al. 2018)
CHE,Switzerland,Europe,Services,blue_water_consumption,Mm3,0.0006733942541196878,2022,EXIOBASE v3.8.2 IOT_2022_ixi with Danish sea-transport reallocation (Rørmose Jensen & Iliev 2022) and capital endogenised (Södersten et al. 2018)
USA,United States,America,Minerals and Metals,blue_water_consumption,Mm3,0.0006731123371462123,2022,EXIOBASE v3.8.2 IOT_2022_ixi with Danish sea-transport reallocation (Rørmose Jensen & Iliev 2022) and capital endogenised (Södersten et al. 2018)
ZAF,South Africa,Africa,Paper Products,blue_water_consumption,Mm3,0.0006701590820741153,2022,EXIOBASE v3.8.2 IOT_2022_ixi with Danish sea-transport reallocation (Rørmose Jensen & Iliev 2022) and capital endogenised (Södersten et al. 2018)
MEX,Mexico,America,"Electrical, electronic and measuring equipment",material_extraction,kt,0.00066859553010189,2022,EXIOBASE v3.8.2 IOT_2022_ixi with Danish sea-transport reallocation (Rørmose Jensen & Iliev 2022) and capital endogenised (Södersten et al. 2018)
SWE,Sweden,Europe,Textile,blue_water_consumption,Mm3,0.0006587489822490429,2022,EXIOBASE v3.8.2 IOT_2022_ixi with Danish sea-transport reallocation (Rørmose Jensen & Iliev 2022) and capital endogenised (Södersten et al. 2018)
FIN,Finland,Europe,Minerals and Metals,waste_generation,kt,0.0006563116890482606,2022,EXIOBASE v3.8.2 IOT_2022_ixi with Danish sea-transport reallocation (Rørmose Jensen & Iliev 2022) and capital endogenised (Södersten et al. 2018)
CHN,China,Asia and Pacific,Transport Equipment,blue_water_consumption,Mm3,0.00065462961190345,2022,EXIOBASE v3.8.2 IOT_2022_ixi with Danish sea-transport reallocation (Rørmose Jensen & Iliev 2022) and capital endogenised (Södersten et al. 2018)
GRC,Greece,Europe,Metal Products,blue_water_consumption,Mm3,0.0006505362962662137,2022,EXIOBASE v3.8.2 IOT_2022_ixi with Danish sea-transport reallocation (Rørmose Jensen & Iliev 2022) and capital endogenised (Södersten et al. 2018)
MLT,Malta,Europe,"Electrical, electronic and measuring equipment",climate_change,kt CO2eq,0.00065038805094974,2022,EXIOBASE v3.8.2 IOT_2022_ixi with Danish sea-transport reallocation (Rørmose Jensen & Iliev 2022) and capital endogenised (Södersten et al. 2018)
ZAF,South Africa,Africa,General and special Machinery,blue_water_consumption,Mm3,0.0006490951608658385,2022,EXIOBASE v3.8.2 IOT_2022_ixi with Danish sea-transport reallocation (Rørmose Jensen & Iliev 2022) and capital endogenised (Södersten et al. 2018)
MEX,Mexico,America,General and special Machinery,blue_water_consumption,Mm3,0.0006488598495093467,2022,EXIOBASE v3.8.2 IOT_2022_ixi with Danish sea-transport reallocation (Rørmose Jensen & Iliev 2022) and capital endogenised (Södersten et al. 2018)
GRC,Greece,Europe,Chemical,blue_water_consumption,Mm3,0.0006477980486045064,2022,EXIOBASE v3.8.2 IOT_2022_ixi with Danish sea-transport reallocation (Rørmose Jensen & Iliev 2022) and capital endogenised (Södersten et al. 2018)
JPN,Japan,Asia and Pacific,Non-metallic mineral products,blue_water_consumption,Mm3,0.0006352030344069536,2022,EXIOBASE v3.8.2 IOT_2022_ixi with Danish sea-transport reallocation (Rørmose Jensen & Iliev 2022) and capital endogenised (Södersten et al. 2018)
ESP,Spain,Europe,General and special Machinery,blue_water_consumption,Mm3,0.0006276340630075628,2022,EXIOBASE v3.8.2 IOT_2022_ixi with Danish sea-transport reallocation (Rørmose Jensen & Iliev 2022) and capital endogenised (Södersten et al. 2018)
LTU,Lithuania,Europe,Paper Products,blue_water_consumption,Mm3,0.0006249369169387041,2022,EXIOBASE v3.8.2 IOT_2022_ixi with Danish sea-transport reallocation (Rørmose Jensen & Iliev 2022) and capital endogenised (Södersten et al. 2018)
EST,Estonia,Europe,Furniture and timber,blue_water_consumption,Mm3,0.0006247851482152981,2022,EXIOBASE v3.8.2 IOT_2022_ixi with Danish sea-transport reallocation (Rørmose Jensen & Iliev 2022) and capital endogenised (Södersten et al. 2018)
LVA,Latvia,Europe,Transport,waste_generation,kt,0.0006239826297106848,2022,EXIOBASE v3.8.2 IOT_2022_ixi with Danish sea-transport reallocation (Rørmose Jensen & Iliev 2022) and capital endogenised (Södersten et al. 2018)
HUN,Hungary,Europe,Textile,waste_generation,kt,0.0006172827402389834,2022,EXIOBASE v3.8.2 IOT_2022_ixi with Danish sea-transport reallocation (Rørmose Jensen & Iliev 2022) and capital endogenised (Södersten et al. 2018)
LUX,Luxembourg,Europe,Metal Products,blue_water_consumption,Mm3,0.000610593156027207,2022,EXIOBASE v3.8.2 IOT_2022_ixi with Danish sea-transport reallocation (Rørmose Jensen & Iliev 2022) and capital endogenised (Södersten et al. 2018)
HUN,Hungary,Europe,Natural gas and gaseous fuels,material_extraction,kt,0.0006102965263003621,2022,EXIOBASE v3.8.2 IOT_2022_ixi with Danish sea-transport reallocation (Rørmose Jensen & Iliev 2022) and capital endogenised (Södersten et al. 2018)
ESP,Spain,Europe,Paper Products,blue_water_consumption,Mm3,0.0006100310066888085,2022,EXIOBASE v3.8.2 IOT_2022_ixi with Danish sea-transport reallocation (Rørmose Jensen & Iliev 2022) and capital endogenised (Södersten et al. 2018)
CAN,Canada,America,Services,blue_water_consumption,Mm3,0.0006087507243137261,2022,EXIOBASE v3.8.2 IOT_2022_ixi with Danish sea-transport reallocation (Rørmose Jensen & Iliev 2022) and capital endogenised (Södersten et al. 2018)
IDN,Indonesia,Asia and Pacific,Transport,waste_generation,kt,0.0006086607323575041,2022,EXIOBASE v3.8.2 IOT_2022_ixi with Danish sea-transport reallocation (Rørmose Jensen & Iliev 2022) and capital endogenised (Södersten et al. 2018)
HRV,Croatia,Europe,General and special Machinery,waste_generation,kt,0.0006078920529105829,2022,EXIOBASE v3.8.2 IOT_2022_ixi with Danish sea-transport reallocation (Rørmose Jensen & Iliev 2022) and capital endogenised (Södersten et al. 2018)
HRV,Croatia,Europe,Transport,waste_generation,kt,0.0006051887781375003,2022,EXIOBASE v3.8.2 IOT_2022_ixi with Danish sea-transport reallocation (Rørmose Jensen & Iliev 2022) and capital endogenised (Södersten et al. 2018)
FRA,France,Europe,Natural gas and gaseous fuels,waste_generation,kt,0.0006048446853511148,2022,EXIOBASE v3.8.2 IOT_2022_ixi with Danish sea-transport reallocation (Rørmose Jensen & Iliev 2022) and capital endogenised (Södersten et al. 2018)
CZE,Czech Republic,Europe,Transport Equipment,land_use,km2,0.0006011024925645305,2022,EXIOBASE v3.8.2 IOT_2022_ixi with Danish sea-transport reallocation (Rørmose Jensen & Iliev 2022) and capital endogenised (Södersten et al. 2018)
GRC,Greece,Europe,General and special Machinery,waste_generation,kt,0.0005962371553873228,2022,EXIOBASE v3.8.2 IOT_2022_ixi with Danish sea-transport reallocation (Rørmose Jensen & Iliev 2022) and capital endogenised (Södersten et al. 2018)
JPN,Japan,Asia and Pacific,Furniture and timber,blue_water_consumption,Mm3,0.0005937201937094455,2022,EXIOBASE v3.8.2 IOT_2022_ixi with Danish sea-transport reallocation (Rørmose Jensen & Iliev 2022) and capital endogenised (Södersten et al. 2018)
MEX,Mexico,America,Waste management and disposal,material_extraction,kt,0.0005926164941941337,2022,EXIOBASE v3.8.2 IOT_2022_ixi with Danish sea-transport reallocation (Rørmose Jensen & Iliev 2022) and capital endogenised (Södersten et al. 2018)
SWE,Sweden,Europe,Transport Equipment,blue_water_consumption,Mm3,0.0005916271197677496,2022,EXIOBASE v3.8.2 IOT_2022_ixi with Danish sea-transport reallocation (Rørmose Jensen & Iliev 2022) and capital endogenised (Södersten et al. 2018)
ESP,Spain,Europe,Textile,blue_water_consumption,Mm3,0.0005889700124950539,2022,EXIOBASE v3.8.2 IOT_2022_ixi with Danish sea-transport reallocation (Rørmose Jensen & Iliev 2022) and capital endogenised (Södersten et al. 2018)
SVK,Slovakia,Europe,"Steam, hot water supply and water distribution",land_use,km2,0.0005855576730988513,2022,EXIOBASE v3.8.2 IOT_2022_ixi with Danish sea-transport reallocation (Rørmose Jensen & Iliev 2022) and capital endogenised (Södersten et al. 2018)
HUN,Hungary,Europe,Coal and Petroleum,blue_water_consumption,Mm3,0.0005843980657344992,2022,EXIOBASE v3.8.2 IOT_2022_ixi with Danish sea-transport reallocation (Rørmose Jensen & Iliev 2022) and capital endogenised (Södersten et al. 2018)
AUS,Australia,Asia and Pacific,Metal Products,blue_water_consumption,Mm3,0.0005762227084593052,2022,EXIOBASE v3.8.2 IOT_2022_ixi with Danish sea-transport reallocation (Rørmose Jensen & Iliev 2022) and capital endogenised (Södersten et al. 2018)
RoW Middle East,RoW Middle East,Middle East,"Steam, hot water supply and water distribution",land_use,km2,0.0005753847799163795,2022,EXIOBASE v3.8.2 IOT_2022_ixi with Danish sea-transport reallocation (Rørmose Jensen & Iliev 2022) and capital endogenised (Södersten et al. 2018)
CAN,Canada,America,"Electrical, electronic and measuring equipment",blue_water_consumption,Mm3,0.0005741268179598113,2022,EXIOBASE v3.8.2 IOT_2022_ixi with Danish sea-transport reallocation (Rørmose Jensen & Iliev 2022) and capital endogenised (Södersten et al. 2018)
TUR,Turkey,Middle East,Transport,waste_generation,kt,0.0005500529301513549,2022,EXIOBASE v3.8.2 IOT_2022_ixi with Danish sea-transport reallocation (Rørmose Jensen & Iliev 2022) and capital endogenised (Södersten et al. 2018)
HRV,Croatia,Europe,Furniture and timber,waste_generation,kt,0.0005499169831279605,2022,EXIOBASE v3.8.2 IOT_2022_ixi with Danish sea-transport reallocation (Rørmose Jensen & Iliev 2022) and capital endogenised (Södersten et al. 2018)
AUS,Australia,Asia and Pacific,Services,blue_water_consumption,Mm3,0.0005475346011756322,2022,EXIOBASE v3.8.2 IOT_2022_ixi with Danish sea-transport reallocation (Rørmose Jensen & Iliev 2022) and capital endogenised (Södersten et al. 2018)
RoW Asia and Pacific,RoW Asia and Pacific,Asia and Pacific,Transport Equipment,land_use,km2,0.0005470101145364227,2022,EXIOBASE v3.8.2 IOT_2022_ixi with Danish sea-transport reallocation (Rørmose Jensen & Iliev 2022) and capital endogenised (Södersten et al. 2018)
IRL,Ireland,Europe,Coal and Petroleum,material_extraction,kt,0.0005432114548584178,2022,EXIOBASE v3.8.2 IOT_2022_ixi with Danish sea-transport reallocation (Rørmose Jensen & Iliev 2022) and capital endogenised (Södersten et al. 2018)
CZE,Czech Republic,Europe,Electricity,land_use,km2,0.0005415137413468758,2022,EXIOBASE v3.8.2 IOT_2022_ixi with Danish sea-transport reallocation (Rørmose Jensen & Iliev 2022) and capital endogenised (Södersten et al. 2018)
GRC,Greece,Europe,Non-metallic mineral products,blue_water_consumption,Mm3,0.0005334273188448103,2022,EXIOBASE v3.8.2 IOT_2022_ixi with Danish sea-transport reallocation (Rørmose Jensen & Iliev 2022) and capital endogenised (Södersten et al. 2018)
AUT,Austria,Europe,Services,blue_water_consumption,Mm3,0.0005328973358176013,2022,EXIOBASE v3.8.2 IOT_2022_ixi with Danish sea-transport reallocation (Rørmose Jensen & Iliev 2022) and capital endogenised (Södersten et al. 2018)
BRA,Brazil,America,Waste management and disposal,waste_generation,kt,0.0005302947585068667,2022,EXIOBASE v3.8.2 IOT_2022_ixi with Danish sea-transport reallocation (Rørmose Jensen & Iliev 2022) and capital endogenised (Södersten et al. 2018)
HRV,Croatia,Europe,Chemical,blue_water_consumption,Mm3,0.0005294765174500475,2022,EXIOBASE v3.8.2 IOT_2022_ixi with Danish sea-transport reallocation (Rørmose Jensen & Iliev 2022) and capital endogenised (Södersten et al. 2018)
POL,Poland,Europe,Construction,blue_water_consumption,Mm3,0.0005274739782190251,2022,EXIOBASE v3.8.2 IOT_2022_ixi with Danish sea-transport reallocation (Rørmose Jensen & Iliev 2022) and capital endogenised (Södersten et al. 2018)
MLT,Malta,Europe,Transport Equipment,climate_change,kt CO2eq,0.0005263749526860434,2022,EXIOBASE v3.8.2 IOT_2022_ixi with Danish sea-transport reallocation (Rørmose Jensen & Iliev 2022) and capital endogenised (Södersten et al. 2018)
AUT,Austria,Europe,Non-metallic mineral products,blue_water_consumption,Mm3,0.0005234743253643016,2022,EXIOBASE v3.8.2 IOT_2022_ixi with Danish sea-transport reallocation (Rørmose Jensen & Iliev 2022) and capital endogenised (Södersten et al. 2018)
GBR,United Kingdom,Europe,Natural gas and gaseous fuels,waste_generation,kt,0.0005225307388918323,2022,EXIOBASE v3.8.2 IOT_2022_ixi with Danish sea-transport reallocation (Rørmose Jensen & Iliev 2022) and capital endogenised (Södersten et al. 2018)
USA,United States,America,Transport Equipment,blue_water_consumption,Mm3,0.0005120611027545333,2022,EXIOBASE v3.8.2 IOT_2022_ixi with Danish sea-transport reallocation (Rørmose Jensen & Iliev 2022) and capital endogenised (Södersten et al. 2018)
MLT,Malta,Europe,Textile,climate_change,kt CO2eq,0.0005106740405931278,2022,EXIOBASE v3.8.2 IOT_2022_ixi with Danish sea-transport reallocation (Rørmose Jensen & Iliev 2022) and capital endogenised (Södersten et al. 2018)
RoW Middle East,RoW Middle East,Middle East,Metal Products,land_use,km2,0.0005106713632002016,2022,EXIOBASE v3.8.2 IOT_2022_ixi with Danish sea-transport reallocation (Rørmose Jensen & Iliev 2022) and capital endogenised (Södersten et al. 2018)
GBR,United Kingdom,Europe,Services,blue_water_consumption,Mm3,0.0005099695141074495,2022,EXIOBASE v3.8.2 IOT_2022_ixi with Danish sea-transport reallocation (Rørmose Jensen & Iliev 2022) and capital endogenised (Södersten et al. 2018)
CAN,Canada,America,Non-metallic mineral products,blue_water_consumption,Mm3,0.0005079483614749858,2022,EXIOBASE v3.8.2 IOT_2022_ixi with Danish sea-transport reallocation (Rørmose Jensen & Iliev 2022) and capital endogenised (Södersten et al. 2018)
RoW Middle East,RoW Middle East,Middle East,General and special Machinery,land_use,km2,0.0005022011955238955,2022,EXIOBASE v3.8.2 IOT_2022_ixi with Danish sea-transport reallocation (Rørmose Jensen & Iliev 2022) and capital endogenised (Södersten et al. 2018)
RoW Africa,RoW Africa,Africa,Transport,material_extraction,kt,0.0005019667525136134,2022,EXIOBASE v3.8.2 IOT_2022_ixi with Danish sea-transport reallocation (Rørmose Jensen & Iliev 2022) and capital endogenised (Södersten et al. 2018)
ZAF,South Africa,Africa,Waste management and disposal,waste_generation,kt,0.0004999797603594632,2022,EXIOBASE v3.8.2 IOT_2022_ixi with Danish sea-transport reallocation (Rørmose Jensen & Iliev 2022) and capital endogenised (Södersten et al. 2018)
RoW Middle East,RoW Middle East,Middle East,"Electrical, electronic and measuring equipment",blue_water_consumption,Mm3,0.0004948096634572001,2022,EXIOBASE v3.8.2 IOT_2022_ixi with Danish sea-transport reallocation (Rørmose Jensen & Iliev 2022) and capital endogenised (Södersten et al. 2018)
ITA,Italy,Europe,Minerals and Metals,blue_water_consumption,Mm3,0.0004916858401031766,2022,EXIOBASE v3.8.2 IOT_2022_ixi with Danish sea-transport reallocation (Rørmose Jensen & Iliev 2022) and capital endogenised (Södersten et al. 2018)
AUS,Australia,Asia and Pacific,Chemical,blue_water_consumption,Mm3,0.0004910528180368814,2022,EXIOBASE v3.8.2 IOT_2022_ixi with Danish sea-transport reallocation (Rørmose Jensen & Iliev 2022) and capital endogenised (Södersten et al. 2018)
LUX,Luxembourg,Europe,Waste management and disposal,blue_water_consumption,Mm3,0.0004874573483196034,2022,EXIOBASE v3.8.2 IOT_2022_ixi with Danish sea-transport reallocation (Rørmose Jensen & Iliev 2022) and capital endogenised (Södersten et al. 2018)
BGR,Bulgaria,Europe,Natural gas and gaseous fuels,waste_generation,kt,0.00048618125698573117,2022,EXIOBASE v3.8.2 IOT_2022_ixi with Danish sea-transport reallocation (Rørmose Jensen & Iliev 2022) and capital endogenised (Södersten et al. 2018)
IRL,Ireland,Europe,General and special Machinery,waste_generation,kt,0.0004860460197194915,2022,EXIOBASE v3.8.2 IOT_2022_ixi with Danish sea-transport reallocation (Rørmose Jensen & Iliev 2022) and capital endogenised (Södersten et al. 2018)
CZE,Czech Republic,Europe,"Steam, hot water supply and water distribution",land_use,km2,0.0004771574738275553,2022,EXIOBASE v3.8.2 IOT_2022_ixi with Danish sea-transport reallocation (Rørmose Jensen & Iliev 2022) and capital endogenised (Södersten et al. 2018)
DNK,Denmark,Denmark,Construction,blue_water_consumption,Mm3,0.0004757033878101012,2022,EXIOBASE v3.8.2 IOT_2022_ixi with Danish sea-transport reallocation (Rørmose Jensen & Iliev 2022) and capital endogenised (Södersten et al. 2018)
DEU,Germany,Europe,Furniture and timber,material_extraction,kt,0.0004750481374334369,2022,EXIOBASE v3.8.2 IOT_2022_ixi with Danish sea-transport reallocation (Rørmose Jensen & Iliev 2022) and capital endogenised (Södersten et al. 2018)
HRV,Croatia,Europe,Minerals and Metals,waste_generation,kt,0.0004701493959600192,2022,EXIOBASE v3.8.2 IOT_2022_ixi with Danish sea-transport reallocation (Rørmose Jensen & Iliev 2022) and capital endogenised (Södersten et al. 2018)
ESP,Spain,Europe,Non-metallic mineral products,blue_water_consumption,Mm3,0.00046662636681009547,2022,EXIOBASE v3.8.2 IOT_2022_ixi with Danish sea-transport reallocation (Rørmose Jensen & Iliev 2022) and capital endogenised (Södersten et al. 2018)
CHE,Switzerland,Europe,Paper Products,land_use,km2,0.0004624559671724032,2022,EXIOBASE v3.8.2 IOT_2022_ixi with Danish sea-transport reallocation (Rørmose Jensen & Iliev 2022) and capital endogenised (Södersten et al. 2018)
LUX,Luxembourg,Europe,Chemical,blue_water_consumption,Mm3,0.0004607832537151935,2022,EXIOBASE v3.8.2 IOT_2022_ixi with Danish sea-transport reallocation (Rørmose Jensen & Iliev 2022) and capital endogenised (Södersten et al. 2018)
CHE,Switzerland,Europe,Natural gas and gaseous fuels,waste_generation,kt,0.0004572765998786705,2022,EXIOBASE v3.8.2 IOT_2022_ixi with Danish sea-transport reallocation (Rørmose Jensen & Iliev 2022) and capital endogenised (Södersten et al. 2018)
AUT,Austria,Europe,Textile,land_use,km2,0.0004561537983817386,2022,EXIOBASE v3.8.2 IOT_2022_ixi with Danish sea-transport reallocation (Rørmose Jensen & Iliev 2022) and capital endogenised (Södersten et al. 2018)
RoW Africa,RoW Africa,Africa,General and special Machinery,material_extraction,kt,0.0004497622236112477,2022,EXIOBASE v3.8.2 IOT_2022_ixi with Danish sea-transport reallocation (Rørmose Jensen & Iliev 2022) and capital endogenised (Södersten et al. 2018)
ROU,Romania,Europe,Textile,waste_generation,kt,0.000449178506061059,2022,EXIOBASE v3.8.2 IOT_2022_ixi with Danish sea-transport reallocation (Rørmose Jensen & Iliev 2022) and capital endogenised (Södersten et al. 2018)
USA,United States,America,Services,blue_water_consumption,Mm3,0.00044268135573412423,2022,EXIOBASE v3.8.2 IOT_2022_ixi with Danish sea-transport reallocation (Rørmose Jensen & Iliev 2022) and capital endogenised (Södersten et al. 2018)
LUX,Luxembourg,Europe,"Electrical, electronic and measuring equipment",waste_generation,kt,0.0004385798227014549,2022,EXIOBASE v3.8.2 IOT_2022_ixi with Danish sea-transport reallocation (Rørmose Jensen & Iliev 2022) and capital endogenised (Södersten et al. 2018)
RoW Middle East,RoW Middle East,Middle East,"Steam, hot water supply and water distribution",waste_generation,kt,0.00043794279791210106,2022,EXIOBASE v3.8.2 IOT_2022_ixi with Danish sea-transport reallocation (Rørmose Jensen & Iliev 2022) and capital endogenised (Södersten et al. 2018)
RUS,Russia,Europe,Waste management and disposal,blue_water_consumption,Mm3,0.00043708587692117227,2022,EXIOBASE v3.8.2 IOT_2022_ixi with Danish sea-transport reallocation (Rørmose Jensen & Iliev 2022) and capital endogenised (Södersten et al. 2018)
CHN,China,Asia and Pacific,Natural gas and gaseous fuels,waste_generation,kt,0.0004301364323854627,2022,EXIOBASE v3.8.2 IOT_2022_ixi with Danish sea-transport reallocation (Rørmose Jensen & Iliev 2022) and capital endogenised (Södersten et al. 2018)
LUX,Luxembourg,Europe,General and special Machinery,climate_change,kt CO2eq,0.00042724878492633874,2022,EXIOBASE v3.8.2 IOT_2022_ixi with Danish sea-transport reallocation (Rørmose Jensen & Iliev 2022) and capital endogenised (Södersten et al. 2018)
RoW America,RoW America,America,Waste management and disposal,blue_water_consumption,Mm3,0.0004176317671032734,2022,EXIOBASE v3.8.2 IOT_2022_ixi with Danish sea-transport reallocation (Rørmose Jensen & Iliev 2022) and capital endogenised (Södersten et al. 2018)
LUX,Luxembourg,Europe,Non-metallic mineral products,blue_water_consumption,Mm3,0.000416567844749711,2022,EXIOBASE v3.8.2 IOT_2022_ixi with Danish sea-transport reallocation (Rørmose Jensen & Iliev 2022) and capital endogenised (Södersten et al. 2018)
EST,Estonia,Europe,Transport Equipment,waste_generation,kt,0.00041404958906994,2022,EXIOBASE v3.8.2 IOT_2022_ixi with Danish sea-transport reallocation (Rørmose Jensen & Iliev 2022) and capital endogenised (Södersten et al. 2018)
CAN,Canada,America,Natural gas and gaseous fuels,waste_generation,kt,0.0004138597383926896,2022,EXIOBASE v3.8.2 IOT_2022_ixi with Danish sea-transport reallocation (Rørmose Jensen & Iliev 2022) and capital endogenised (Södersten et al. 2018)
USA,United States,America,Natural gas and gaseous fuels,blue_water_consumption,Mm3,0.0004137611032047283,2022,EXIOBASE v3.8.2 IOT_2022_ixi with Danish sea-transport reallocation (Rørmose Jensen & Iliev 2022) and capital endogenised (Södersten et al. 2018)
MEX,Mexico,America,Paper Products,land_use,km2,0.00040612034156355445,2022,EXIOBASE v3.8.2 IOT_2022_ixi with Danish sea-transport reallocation (Rørmose Jensen & Iliev 2022) and capital endogenised (Södersten et al. 2018)
CHE,Switzerland,Europe,Transport,blue_water_consumption,Mm3,0.00039381294406675094,2022,EXIOBASE v3.8.2 IOT_2022_ixi with Danish sea-transport reallocation (Rørmose Jensen & Iliev 2022) and capital endogenised (Södersten et al. 2018)
FIN,Finland,Europe,Natural gas and gaseous fuels,waste_generation,kt,0.000391530265999071,2022,EXIOBASE v3.8.2 IOT_2022_ixi with Danish sea-transport reallocation (Rørmose Jensen & Iliev 2022) and capital endogenised (Södersten et al. 2018)
ROU,Romania,Europe,General and special Machinery,blue_water_consumption,Mm3,0.0003907023209850969,2022,EXIOBASE v3.8.2 IOT_2022_ixi with Danish sea-transport reallocation (Rørmose Jensen & Iliev 2022) and capital endogenised (Södersten et al. 2018)
AUT,Austria,Europe,Coal and Petroleum,blue_water_consumption,Mm3,0.00039005451444769097,2022,EXIOBASE v3.8.2 IOT_2022_ixi with Danish sea-transport reallocation (Rørmose Jensen & Iliev 2022) and capital endogenised (Södersten et al. 2018)
LVA,Latvia,Europe,Services,blue_water_consumption,Mm3,0.0003899080931252424,2022,EXIOBASE v3.8.2 IOT_2022_ixi with Danish sea-transport reallocation (Rørmose Jensen & Iliev 2022) and capital endogenised (Södersten et al. 2018)
LVA,Latvia,Europe,"Electrical, electronic and measuring equipment",blue_water_consumption,Mm3,0.00038920273926815055,2022,EXIOBASE v3.8.2 IOT_2022_ixi with Danish sea-transport reallocation (Rørmose Jensen & Iliev 2022) and capital endogenised (Södersten et al. 2018)
PRT,Portugal,Europe,Services,blue_water_consumption,Mm3,0.0003881593361044407,2022,EXIOBASE v3.8.2 IOT_2022_ixi with Danish sea-transport reallocation (Rørmose Jensen & Iliev 2022) and capital endogenised (Södersten et al. 2018)
EST,Estonia,Europe,Services,blue_water_consumption,Mm3,0.00038733238674333814,2022,EXIOBASE v3.8.2 IOT_2022_ixi with Danish sea-transport reallocation (Rørmose Jensen & Iliev 2022) and capital endogenised (Södersten et al. 2018)
PRT,Portugal,Europe,Textile,blue_water_consumption,Mm3,0.0003765311670378091,2022,EXIOBASE v3.8.2 IOT_2022_ixi with Danish sea-transport reallocation (Rørmose Jensen & Iliev 2022) and capital endogenised (Södersten et al. 2018)
IRL,Ireland,Europe,Furniture and timber,blue_water_consumption,Mm3,0.00037643867131568305,2022,EXIOBASE v3.8.2 IOT_2022_ixi with Danish sea-transport reallocation (Rørmose Jensen & Iliev 2022) and capital endogenised (Södersten et al. 2018)
HUN,Hungary,Europe,Furniture and timber,blue_water_consumption,Mm3,0.00037382723030616983,2022,EXIOBASE v3.8.2 IOT_2022_ixi with Danish sea-transport reallocation (Rørmose Jensen & Iliev 2022) and capital endogenised (Södersten et al. 2018)
ESP,Spain,Europe,Natural gas and gaseous fuels,waste_generation,kt,0.0003689332959884072,2022,EXIOBASE v3.8.2 IOT_2022_ixi with Danish sea-transport reallocation (Rørmose Jensen & Iliev 2022) and capital endogenised (Södersten et al. 2018)
AUS,Australia,Asia and Pacific,Minerals and Metals,blue_water_consumption,Mm3,0.0003675086134316816,2022,EXIOBASE v3.8.2 IOT_2022_ixi with Danish sea-transport reallocation (Rørmose Jensen & Iliev 2022) and capital endogenised (Södersten et al. 2018)
RoW Middle East,RoW Middle East,Middle East,Non-metallic mineral products,blue_water_consumption,Mm3,0.00036577675993342885,2022,EXIOBASE v3.8.2 IOT_2022_ixi with Danish sea-transport reallocation (Rørmose Jensen & Iliev 2022) and capital endogenised (Södersten et al. 2018)
RoW Africa,RoW Africa,Africa,Electricity,material_extraction,kt,0.00036217968525184086,2022,EXIOBASE v3.8.2 IOT_2022_ixi with Danish sea-transport reallocation (Rørmose Jensen & Iliev 2022) and capital endogenised (Södersten et al. 2018)
NOR,Norway,Europe,Electricity,blue_water_consumption,Mm3,0.00035595919631347176,2022,EXIOBASE v3.8.2 IOT_2022_ixi with Danish sea-transport reallocation (Rørmose Jensen & Iliev 2022) and capital endogenised (Södersten et al. 2018)
RUS,Russia,Europe,"Electrical, electronic and measuring equipment",blue_water_consumption,Mm3,0.00035514117053162485,2022,EXIOBASE v3.8.2 IOT_2022_ixi with Danish sea-transport reallocation (Rørmose Jensen & Iliev 2022) and capital endogenised (Södersten et al. 2018)
ZAF,South Africa,Africa,Transport Equipment,blue_water_consumption,Mm3,0.00035331913328909883,2022,EXIOBASE v3.8.2 IOT_2022_ixi with Danish sea-transport reallocation (Rørmose Jensen & Iliev 2022) and capital endogenised (Södersten et al. 2018)
LTU,Lithuania,Europe,"Electrical, electronic and measuring equipment",waste_generation,kt,0.0003512487192598426,2022,EXIOBASE v3.8.2 IOT_2022_ixi with Danish sea-transport reallocation (Rørmose Jensen & Iliev 2022) and capital endogenised (Södersten et al. 2018)
NOR,Norway,Europe,Minerals and Metals,blue_water_consumption,Mm3,0.00035083680197560456,2022,EXIOBASE v3.8.2 IOT_2022_ixi with Danish sea-transport reallocation (Rørmose Jensen & Iliev 2022) and capital endogenised (Södersten et al. 2018)
GRC,Greece,Europe,Paper Products,blue_water_consumption,Mm3,0.00034937848583390654,2022,EXIOBASE v3.8.2 IOT_2022_ixi with Danish sea-transport reallocation (Rørmose Jensen & Iliev 2022) and capital endogenised (Södersten et al. 2018)
LVA,Latvia,Europe,Textile,waste_generation,kt,0.00034715263792680127,2022,EXIOBASE v3.8.2 IOT_2022_ixi with Danish sea-transport reallocation (Rørmose Jensen & Iliev 2022) and capital endogenised (Södersten et al. 2018)
SVK,Slovakia,Europe,Transport,blue_water_consumption,Mm3,0.00034211414362316514,2022,EXIOBASE v3.8.2 IOT_2022_ixi with Danish sea-transport reallocation (Rørmose Jensen & Iliev 2022) and capital endogenised (Södersten et al. 2018)
AUT,Austria,Europe,Furniture and timber,blue_water_consumption,Mm3,0.00034180083568928704,2022,EXIOBASE v3.8.2 IOT_2022_ixi with Danish sea-transport reallocation (Rørmose Jensen & Iliev 2022) and capital endogenised (Södersten et al. 2018)
ESP,Spain,Europe,Furniture and timber,blue_water_consumption,Mm3,0.000340242989877495,2022,EXIOBASE v3.8.2 IOT_2022_ixi with Danish sea-transport reallocation (Rørmose Jensen & Iliev 2022) and capital endogenised (Södersten et al. 2018)
HUN,Hungary,Europe,General and special Machinery,material_extraction,kt,0.0003364641227841497,2022,EXIOBASE v3.8.2 IOT_2022_ixi with Danish sea-transport reallocation (Rørmose Jensen & Iliev 2022) and capital endogenised (Södersten et al. 2018)
MEX,Mexico,America,Food and catering,material_extraction,kt,0.00033601161173990205,2022,EXIOBASE v3.8.2 IOT_2022_ixi with Danish sea-transport reallocation (Rørmose Jensen & Iliev 2022) and capital endogenised (Södersten et al. 2018)
SVN,Slovenia,Europe,Chemical,blue_water_consumption,Mm3,0.0003349134542542693,2022,EXIOBASE v3.8.2 IOT_2022_ixi with Danish sea-transport reallocation (Rørmose Jensen & Iliev 2022) and capital endogenised (Södersten et al. 2018)
USA,United States,America,Minerals and Metals,waste_generation,kt,0.0003329565732482374,2022,EXIOBASE v3.8.2 IOT_2022_ixi with Danish sea-transport reallocation (Rørmose Jensen & Iliev 2022) and capital endogenised (Södersten et al. 2018)
BEL,Belgium,Europe,Transport,blue_water_consumption,Mm3,0.00032941532241956403,2022,EXIOBASE v3.8.2 IOT_2022_ixi with Danish sea-transport reallocation (Rørmose Jensen & Iliev 2022) and capital endogenised (Södersten et al. 2018)
ZAF,South Africa,Africa,Furniture and timber,blue_water_consumption,Mm3,0.0003246857490705884,2022,EXIOBASE v3.8.2 IOT_2022_ixi with Danish sea-transport reallocation (Rørmose Jensen & Iliev 2022) and capital endogenised (Södersten et al. 2018)
NLD,Netherlands,Europe,Construction,blue_water_consumption,Mm3,0.00031953795981487466,2022,EXIOBASE v3.8.2 IOT_2022_ixi with Danish sea-transport reallocation (Rørmose Jensen & Iliev 2022) and capital endogenised (Södersten et al. 2018)
EST,Estonia,Europe,General and special Machinery,waste_generation,kt,0.0003183520981597112,2022,EXIOBASE v3.8.2 IOT_2022_ixi with Danish sea-transport reallocation (Rørmose Jensen & Iliev 2022) and capital endogenised (Södersten et al. 2018)
GRC,Greece,Europe,Services,blue_water_consumption,Mm3,0.00031813106213911176,2022,EXIOBASE v3.8.2 IOT_2022_ixi with Danish sea-transport reallocation (Rørmose Jensen & Iliev 2022) and capital endogenised (Södersten et al. 2018)
LUX,Luxembourg,Europe,Food and catering,blue_water_consumption,Mm3,0.0003162346043133753,2022,EXIOBASE v3.8.2 IOT_2022_ixi with Danish sea-transport reallocation (Rørmose Jensen & Iliev 2022) and capital endogenised (Södersten et al. 2018)
JPN,Japan,Asia and Pacific,Textile,blue_water_consumption,Mm3,0.00031569170703130795,2022,EXIOBASE v3.8.2 IOT_2022_ixi with Danish sea-transport reallocation (Rørmose Jensen & Iliev 2022) and capital endogenised (Södersten et al. 2018)
CHE,Switzerland,Europe,Textile,blue_water_consumption,Mm3,0.00031514013188300224,2022,EXIOBASE v3.8.2 IOT_2022_ixi with Danish sea-transport reallocation (Rørmose Jensen & Iliev 2022) and capital endogenised (Södersten et al. 2018)
BRA,Brazil,America,Waste management and disposal,material_extraction,kt,0.0003129920410546537,2022,EXIOBASE v3.8.2 IOT_2022_ixi with Danish sea-transport reallocation (Rørmose Jensen & Iliev 2022) and capital endogenised (Södersten et al. 2018)
LUX,Luxembourg,Europe,Electricity,land_use,km2,0.0003105762398161263,2022,EXIOBASE v3.8.2 IOT_2022_ixi with Danish sea-transport reallocation (Rørmose Jensen & Iliev 2022) and capital endogenised (Södersten et al. 2018)
SVN,Slovenia,Europe,Natural gas and gaseous fuels,waste_generation,kt,0.0003063383462232205,2022,EXIOBASE v3.8.2 IOT_2022_ixi with Danish sea-transport reallocation (Rørmose Jensen & Iliev 2022) and capital endogenised (Södersten et al. 2018)
PRT,Portugal,Europe,"Electrical, electronic and measuring equipment",blue_water_consumption,Mm3,0.0003049359096185852,2022,EXIOBASE v3.8.2 IOT_2022_ixi with Danish sea-transport reallocation (Rørmose Jensen & Iliev 2022) and capital endogenised (Södersten et al. 2018)
LTU,Lithuania,Europe,Construction,land_use,km2,0.0003032639117677304,2022,EXIOBASE v3.8.2 IOT_2022_ixi with Danish sea-transport reallocation (Rørmose Jensen & Iliev 2022) and capital endogenised (Södersten et al. 2018)
RoW Europe,RoW Europe,Europe,Waste management and disposal,blue_water_consumption,Mm3,0.00030276741849788685,2022,EXIOBASE v3.8.2 IOT_2022_ixi with Danish sea-transport reallocation (Rørmose Jensen & Iliev 2022) and capital endogenised (Södersten et al. 2018)
POL,Poland,Europe,Waste management and disposal,blue_water_consumption,Mm3,0.0002986738704810397,2022,EXIOBASE v3.8.2 IOT_2022_ixi with Danish sea-transport reallocation (Rørmose Jensen & Iliev 2022) and capital endogenised (Södersten et al. 2018)
ROU,Romania,Europe,Non-metallic mineral products,blue_water_consumption,Mm3,0.00029792240815361404,2022,EXIOBASE v3.8.2 IOT_2022_ixi with Danish sea-transport reallocation (Rørmose Jensen & Iliev 2022) and capital endogenised (Södersten et al. 2018)
FIN,Finland,Europe,Minerals and Metals,blue_water_consumption,Mm3,0.0002977456874839503,2022,EXIOBASE v3.8.2 IOT_2022_ixi with Danish sea-transport reallocation (Rørmose Jensen & Iliev 2022) and capital endogenised (Södersten et al. 2018)
DNK,Denmark,Denmark,Textile,land_use,km2,0.0002976574680208468,2022,EXIOBASE v3.8.2 IOT_2022_ixi with Danish sea-transport reallocation (Rørmose Jensen & Iliev 2022) and capital endogenised (Södersten et al. 2018)
NOR,Norway,Europe,Furniture and timber,material_extraction,kt,0.000296030205515403,2022,EXIOBASE v3.8.2 IOT_2022_ixi with Danish sea-transport reallocation (Rørmose Jensen & Iliev 2022) and capital endogenised (Södersten et al. 2018)
HRV,Croatia,Europe,Waste management and disposal,waste_generation,kt,0.00029177198795075714,2022,EXIOBASE v3.8.2 IOT_2022_ixi with Danish sea-transport reallocation (Rørmose Jensen & Iliev 2022) and capital endogenised (Södersten et al. 2018)
AUT,Austria,Europe,Transport,waste_generation,kt,0.00028944879708449415,2022,EXIOBASE v3.8.2 IOT_2022_ixi with Danish sea-transport reallocation (Rørmose Jensen & Iliev 2022) and capital endogenised (Södersten et al. 2018)
HUN,Hungary,Europe,Transport Equipment,blue_water_consumption,Mm3,0.0002883021363141506,2022,EXIOBASE v3.8.2 IOT_2022_ixi with Danish sea-transport reallocation (Rørmose Jensen & Iliev 2022) and capital endogenised (Södersten et al. 2018)
RoW America,RoW America,America,"Electrical, electronic and measuring equipment",land_use,km2,0.00028787395050684566,2022,EXIOBASE v3.8.2 IOT_2022_ixi with Danish sea-transport reallocation (Rørmose Jensen & Iliev 2022) and capital endogenised (Södersten et al. 2018)
KOR,South Korea,Asia and Pacific,Textile,blue_water_consumption,Mm3,0.0002873615869398898,2022,EXIOBASE v3.8.2 IOT_2022_ixi with Danish sea-transport reallocation (Rørmose Jensen & Iliev 2022) and capital endogenised (Södersten et al. 2018)
HRV,Croatia,Europe,"Steam, hot water supply and water distribution",waste_generation,kt,0.00028629911743128996,2022,EXIOBASE v3.8.2 IOT_2022_ixi with Danish sea-transport reallocation (Rørmose Jensen & Iliev 2022) and capital endogenised (Södersten et al. 2018)
CAN,Canada,America,Textile,material_extraction,kt,0.0002851552872255385,2022,EXIOBASE v3.8.2 IOT_2022_ixi with Danish sea-transport reallocation (Rørmose Jensen & Iliev 2022) and capital endogenised (Södersten et al. 2018)
IRL,Ireland,Europe,Transport Equipment,waste_generation,kt,0.000284068510544454,2022,EXIOBASE v3.8.2 IOT_2022_ixi with Danish sea-transport reallocation (Rørmose Jensen & Iliev 2022) and capital endogenised (Södersten et al. 2018)
SVK,Slovakia,Europe,Electricity,land_use,km2,0.000283402244451756,2022,EXIOBASE v3.8.2 IOT_2022_ixi with Danish sea-transport reallocation (Rørmose Jensen & Iliev 2022) and capital endogenised (Södersten et al. 2018)
EST,Estonia,Europe,Chemical,blue_water_consumption,Mm3,0.0002824439233129458,2022,EXIOBASE v3.8.2 IOT_2022_ixi with Danish sea-transport reallocation (Rørmose Jensen & Iliev 2022) and capital endogenised (Södersten et al. 2018)
ITA,Italy,Europe,Waste management and disposal,blue_water_consumption,Mm3,0.00028209602477600803,2022,EXIOBASE v3.8.2 IOT_2022_ixi with Danish sea-transport reallocation (Rørmose Jensen & Iliev 2022) and capital endogenised (Södersten et al. 2018)
TUR,Turkey,Middle East,Natural gas and gaseous fuels,waste_generation,kt,0.00028174168986112977,2022,EXIOBASE v3.8.2 IOT_2022_ixi with Danish sea-transport reallocation (Rørmose Jensen & Iliev 2022) and capital endogenised (Södersten et al. 2018)
AUS,Australia,Asia and Pacific,Paper Products,blue_water_consumption,Mm3,0.0002810462593686279,2022,EXIOBASE v3.8.2 IOT_2022_ixi with Danish sea-transport reallocation (Rørmose Jensen & Iliev 2022) and capital endogenised (Södersten et al. 2018)
USA,United States,America,Waste management and disposal,blue_water_consumption,Mm3,0.0002806591751808551,2022,EXIOBASE v3.8.2 IOT_2022_ixi with Danish sea-transport reallocation (Rørmose Jensen & Iliev 2022) and capital endogenised (Södersten et al. 2018)
CAN,Canada,America,Coal and Petroleum,blue_water_consumption,Mm3,0.00027607288128166194,2022,EXIOBASE v3.8.2 IOT_2022_ixi with Danish sea-transport reallocation (Rørmose Jensen & Iliev 2022) and capital endogenised (Södersten et al. 2018)
RoW Middle East,RoW Middle East,Middle East,Transport,blue_water_consumption,Mm3,0.0002759048062455906,2022,EXIOBASE v3.8.2 IOT_2022_ixi with Danish sea-transport reallocation (Rørmose Jensen & Iliev 2022) and capital endogenised (Södersten et al. 2018)
RoW America,RoW America,America,"Steam, hot water supply and water distribution",waste_generation,kt,0.00027408476829730394,2022,EXIOBASE v3.8.2 IOT_2022_ixi with Danish sea-transport reallocation (Rørmose Jensen & Iliev 2022) and capital endogenised (Södersten et al. 2018)
NLD,Netherlands,Europe,Natural gas and gaseous fuels,waste_generation,kt,0.0002726185181602769,2022,EXIOBASE v3.8.2 IOT_2022_ixi with Danish sea-transport reallocation (Rørmose Jensen & Iliev 2022) and capital endogenised (Södersten et al. 2018)
KOR,South Korea,Asia and Pacific,Minerals and Metals,waste_generation,kt,0.00027148866183811926,2022,EXIOBASE v3.8.2 IOT_2022_ixi with Danish sea-transport reallocation (Rørmose Jensen & Iliev 2022) and capital endogenised (Södersten et al. 2018)
SVN,Slovenia,Europe,"Electrical, electronic and measuring equipment",land_use,km2,0.0002702802966540876,2022,EXIOBASE v3.8.2 IOT_2022_ixi with Danish sea-transport reallocation (Rørmose Jensen & Iliev 2022) and capital endogenised (Södersten et al. 2018)
AUS,Australia,Asia and Pacific,Waste management and disposal,waste_generation,kt,0.0002696402421572289,2022,EXIOBASE v3.8.2 IOT_2022_ixi with Danish sea-transport reallocation (Rørmose Jensen & Iliev 2022) and capital endogenised (Södersten et al. 2018)
HUN,Hungary,Europe,Textile,blue_water_consumption,Mm3,0.00026801253257595494,2022,EXIOBASE v3.8.2 IOT_2022_ixi with Danish sea-transport reallocation (Rørmose Jensen & Iliev 2022) and capital endogenised (Södersten et al. 2018)
ITA,Italy,Europe,Coal and Petroleum,material_extraction,kt,0.0002676718231137081,2022,EXIOBASE v3.8.2 IOT_2022_ixi with Danish sea-transport reallocation (Rørmose Jensen & Iliev 2022) and capital endogenised (Södersten et al. 2018)
FRA,France,Europe,Transport,waste_generation,kt,0.0002653082209485246,2022,EXIOBASE v3.8.2 IOT_2022_ixi with Danish sea-transport reallocation (Rørmose Jensen & Iliev 2022) and capital endogenised (Södersten et al. 2018)
MEX,Mexico,America,Transport Equipment,blue_water_consumption,Mm3,0.00026308377718105964,2022,EXIOBASE v3.8.2 IOT_2022_ixi with Danish sea-transport reallocation (Rørmose Jensen & Iliev 2022) and capital endogenised (Södersten et al. 2018)
SVN,Slovenia,Europe,Metal Products,land_use,km2,0.0002618880879114432,2022,EXIOBASE v3.8.2 IOT_2022_ixi with Danish sea-transport reallocation (Rørmose Jensen & Iliev 2022) and capital endogenised (Södersten et al. 2018)
LTU,Lithuania,Europe,Natural gas and gaseous fuels,waste_generation,kt,0.0002603831702169034,2022,EXIOBASE v3.8.2 IOT_2022_ixi with Danish sea-transport reallocation (Rørmose Jensen & Iliev 2022) and capital endogenised (Södersten et al. 2018)
BEL,Belgium,Europe,Minerals and Metals,land_use,km2,0.00026026334461685545,2022,EXIOBASE v3.8.2 IOT_2022_ixi with Danish sea-transport reallocation (Rørmose Jensen & Iliev 2022) and capital endogenised (Södersten et al. 2018)
FIN,Finland,Europe,Services,blue_water_consumption,Mm3,0.00025935622033571617,2022,EXIOBASE v3.8.2 IOT_2022_ixi with Danish sea-transport reallocation (Rørmose Jensen & Iliev 2022) and capital endogenised (Södersten et al. 2018)
NLD,Netherlands,Europe,Textile,blue_water_consumption,Mm3,0.00025879095662012297,2022,EXIOBASE v3.8.2 IOT_2022_ixi with Danish sea-transport reallocation (Rørmose Jensen & Iliev 2022) and capital endogenised (Södersten et al. 2018)
CYP,Cyprus,Middle East,Chemical,waste_generation,kt,0.0002548296867691154,2022,EXIOBASE v3.8.2 IOT_2022_ixi with Danish sea-transport reallocation (Rørmose Jensen & Iliev 2022) and capital endogenised (Södersten et al. 2018)
BGR,Bulgaria,Europe,Textile,land_use,km2,0.00025272716952973363,2022,EXIOBASE v3.8.2 IOT_2022_ixi with Danish sea-transport reallocation (Rørmose Jensen & Iliev 2022) and capital endogenised (Södersten et al. 2018)
POL,Poland,Europe,Minerals and Metals,land_use,km2,0.00025125785729521974,2022,EXIOBASE v3.8.2 IOT_2022_ixi with Danish sea-transport reallocation (Rørmose Jensen & Iliev 2022) and capital endogenised (Södersten et al. 2018)
DEU,Germany,Europe,Waste management and disposal,blue_water_consumption,Mm3,0.00025034257267952904,2022,EXIOBASE v3.8.2 IOT_2022_ixi with Danish sea-transport reallocation (Rørmose Jensen & Iliev 2022) and capital endogenised (Södersten et al. 2018)
LTU,Lithuania,Europe,Transport Equipment,waste_generation,kt,0.0002499781443707646,2022,EXIOBASE v3.8.2 IOT_2022_ixi with Danish sea-transport reallocation (Rørmose Jensen & Iliev 2022) and capital endogenised (Södersten et al. 2018)
PRT,Portugal,Europe,General and special Machinery,blue_water_consumption,Mm3,0.0002469283452808381,2022,EXIOBASE v3.8.2 IOT_2022_ixi with Danish sea-transport reallocation (Rørmose Jensen & Iliev 2022) and capital endogenised (Södersten et al. 2018)
LUX,Luxembourg,Europe,Chemical,waste_generation,kt,0.00024322983700942482,2022,EXIOBASE v3.8.2 IOT_2022_ixi with Danish sea-transport reallocation (Rørmose Jensen & Iliev 2022) and capital endogenised (Södersten et al. 2018)
HRV,Croatia,Europe,Non-metallic mineral products,blue_water_consumption,Mm3,0.00024295663357019979,2022,EXIOBASE v3.8.2 IOT_2022_ixi with Danish sea-transport reallocation (Rørmose Jensen & Iliev 2022) and capital endogenised (Södersten et al. 2018)
RUS,Russia,Europe,"Steam, hot water supply and water distribution",blue_water_consumption,Mm3,0.0002405952342713244,2022,EXIOBASE v3.8.2 IOT_2022_ixi with Danish sea-transport reallocation (Rørmose Jensen & Iliev 2022) and capital endogenised (Södersten et al. 2018)
IRL,Ireland,Europe,Natural gas and gaseous fuels,waste_generation,kt,0.0002369771366602305,2022,EXIOBASE v3.8.2 IOT_2022_ixi with Danish sea-transport reallocation (Rørmose Jensen & Iliev 2022) and capital endogenised (Södersten et al. 2018)
DNK,Denmark,Denmark,Chemical,land_use,km2,0.0002327209939120617,2022,EXIOBASE v3.8.2 IOT_2022_ixi with Danish sea-transport reallocation (Rørmose Jensen & Iliev 2022) and capital endogenised (Södersten et al. 2018)
TWN,Taiwan,Asia and Pacific,Textile,blue_water_consumption,Mm3,0.0002315722215322488,2022,EXIOBASE v3.8.2 IOT_2022_ixi with Danish sea-transport reallocation (Rørmose Jensen & Iliev 2022) and capital endogenised (Södersten et al. 2018)
CHE,Switzerland,Europe,"Steam, hot water supply and water distribution",waste_generation,kt,0.00023147731959585307,2022,EXIOBASE v3.8.2 IOT_2022_ixi with Danish sea-transport reallocation (Rørmose Jensen & Iliev 2022) and capital endogenised (Södersten et al. 2018)
IDN,Indonesia,Asia and Pacific,"Electrical, electronic and measuring equipment",blue_water_consumption,Mm3,0.00023056263590322113,2022,EXIOBASE v3.8.2 IOT_2022_ixi with Danish sea-transport reallocation (Rørmose Jensen & Iliev 2022) and capital endogenised (Södersten et al. 2018)
ROU,Romania,Europe,"Electrical, electronic and measuring equipment",blue_water_consumption,Mm3,0.00022677179696526222,2022,EXIOBASE v3.8.2 IOT_2022_ixi with Danish sea-transport reallocation (Rørmose Jensen & Iliev 2022) and capital endogenised (Södersten et al. 2018)
POL,Poland,Europe,Natural gas and gaseous fuels,blue_water_consumption,Mm3,0.00022622675206415132,2022,EXIOBASE v3.8.2 IOT_2022_ixi with Danish sea-transport reallocation (Rørmose Jensen & Iliev 2022) and capital endogenised (Södersten et al. 2018)
CZE,Czech Republic,Europe,Textile,land_use,km2,0.0002236098797852964,2022,EXIOBASE v3.8.2 IOT_2022_ixi with Danish sea-transport reallocation (Rørmose Jensen & Iliev 2022) and capital endogenised (Södersten et al. 2018)
BGR,Bulgaria,Europe,Natural gas and gaseous fuels,land_use,km2,0.0002225204106490649,2022,EXIOBASE v3.8.2 IOT_2022_ixi with Danish sea-transport reallocation (Rørmose Jensen & Iliev 2022) and capital endogenised (Södersten et al. 2018)
POL,Poland,Europe,Transport Equipment,material_extraction,kt,0.0002208908188578434,2022,EXIOBASE v3.8.2 IOT_2022_ixi with Danish sea-transport reallocation (Rørmose Jensen & Iliev 2022) and capital endogenised (Södersten et al. 2018)
POL,Poland,Europe,Transport Equipment,blue_water_consumption,Mm3,0.0002176684228371579,2022,EXIOBASE v3.8.2 IOT_2022_ixi with Danish sea-transport reallocation (Rørmose Jensen & Iliev 2022) and capital endogenised (Södersten et al. 2018)
SVK,Slovakia,Europe,Transport Equipment,land_use,km2,0.000217631428389162,2022,EXIOBASE v3.8.2 IOT_2022_ixi with Danish sea-transport reallocation (Rørmose Jensen & Iliev 2022) and capital endogenised (Södersten et al. 2018)
RoW Asia and Pacific,RoW Asia and Pacific,Asia and Pacific,"Electrical, electronic and measuring equipment",land_use,km2,0.00021644898721877613,2022,EXIOBASE v3.8.2 IOT_2022_ixi with Danish sea-transport reallocation (Rørmose Jensen & Iliev 2022) and capital endogenised (Södersten et al. 2018)
SVK,Slovakia,Europe,Construction,blue_water_consumption,Mm3,0.00021589529967007255,2022,EXIOBASE v3.8.2 IOT_2022_ixi with Danish sea-transport reallocation (Rørmose Jensen & Iliev 2022) and capital endogenised (Södersten et al. 2018)
HUN,Hungary,Europe,Textile,land_use,km2,0.000212132169675081,2022,EXIOBASE v3.8.2 IOT_2022_ixi with Danish sea-transport reallocation (Rørmose Jensen & Iliev 2022) and capital endogenised (Södersten et al. 2018)
LTU,Lithuania,Europe,Metal Products,waste_generation,kt,0.0002077634135867511,2022,EXIOBASE v3.8.2 IOT_2022_ixi with Danish sea-transport reallocation (Rørmose Jensen & Iliev 2022) and capital endogenised (Södersten et al. 2018)
LTU,Lithuania,Europe,Services,blue_water_consumption,Mm3,0.00020719625764076076,2022,EXIOBASE v3.8.2 IOT_2022_ixi with Danish sea-transport reallocation (Rørmose Jensen & Iliev 2022) and capital endogenised (Södersten et al. 2018)
USA,United States,America,Services,land_use,km2,0.0002048288879148523,2022,EXIOBASE v3.8.2 IOT_2022_ixi with Danish sea-transport reallocation (Rørmose Jensen & Iliev 2022) and capital endogenised (Södersten et al. 2018)
BGR,Bulgaria,Europe,Food and catering,material_extraction,kt,0.00020427943612510017,2022,EXIOBASE v3.8.2 IOT_2022_ixi with Danish sea-transport reallocation (Rørmose Jensen & Iliev 2022) and capital endogenised (Södersten et al. 2018)
IRL,Ireland,Europe,Furniture and timber,material_extraction,kt,0.0002022244581112363,2022,EXIOBASE v3.8.2 IOT_2022_ixi with Danish sea-transport reallocation (Rørmose Jensen & Iliev 2022) and capital endogenised (Södersten et al. 2018)
DEU,Germany,Europe,Transport Equipment,blue_water_consumption,Mm3,0.00019764892016090692,2022,EXIOBASE v3.8.2 IOT_2022_ixi with Danish sea-transport reallocation (Rørmose Jensen & Iliev 2022) and capital endogenised (Södersten et al. 2018)
MEX,Mexico,America,General and special Machinery,land_use,km2,0.0001963883510974104,2022,EXIOBASE v3.8.2 IOT_2022_ixi with Danish sea-transport reallocation (Rørmose Jensen & Iliev 2022) and capital endogenised (Södersten et al. 2018)
MEX,Mexico,America,Non-metallic mineral products,blue_water_consumption,Mm3,0.00019603486347097656,2022,EXIOBASE v3.8.2 IOT_2022_ixi with Danish sea-transport reallocation (Rørmose Jensen & Iliev 2022) and capital endogenised (Södersten et al. 2018)
NOR,Norway,Europe,Transport Equipment,material_extraction,kt,0.0001947303822468952,2022,EXIOBASE v3.8.2 IOT_2022_ixi with Danish sea-transport reallocation (Rørmose Jensen & Iliev 2022) and capital endogenised (Södersten et al. 2018)
LVA,Latvia,Europe,Natural gas and gaseous fuels,waste_generation,kt,0.0001942706955717663,2022,EXIOBASE v3.8.2 IOT_2022_ixi with Danish sea-transport reallocation (Rørmose Jensen & Iliev 2022) and capital endogenised (Södersten et al. 2018)
SVN,Slovenia,Europe,Metal Products,blue_water_consumption,Mm3,0.00019400218305519153,2022,EXIOBASE v3.8.2 IOT_2022_ixi with Danish sea-transport reallocation (Rørmose Jensen & Iliev 2022) and capital endogenised (Södersten et al. 2018)
POL,Poland,Europe,Paper Products,land_use,km2,0.00019301898522086503,2022,EXIOBASE v3.8.2 IOT_2022_ixi with Danish sea-transport reallocation (Rørmose Jensen & Iliev 2022) and capital endogenised (Södersten et al. 2018)
SVK,Slovakia,Europe,Coal and Petroleum,blue_water_consumption,Mm3,0.00019157882769535486,2022,EXIOBASE v3.8.2 IOT_2022_ixi with Danish sea-transport reallocation (Rørmose Jensen & Iliev 2022) and capital endogenised (Södersten et al. 2018)
POL,Poland,Europe,"Steam, hot water supply and water distribution",blue_water_consumption,Mm3,0.00019071433406042107,2022,EXIOBASE v3.8.2 IOT_2022_ixi with Danish sea-transport reallocation (Rørmose Jensen & Iliev 2022) and capital endogenised (Södersten et al. 2018)
IDN,Indonesia,Asia and Pacific,Paper Products,blue_water_consumption,Mm3,0.00019034514488190687,2022,EXIOBASE v3.8.2 IOT_2022_ixi with Danish sea-transport reallocation (Rørmose Jensen & Iliev 2022) and capital endogenised (Södersten et al. 2018)
LVA,Latvia,Europe,General and special Machinery,blue_water_consumption,Mm3,0.00018996864800780258,2022,EXIOBASE v3.8.2 IOT_2022_ixi with Danish sea-transport reallocation (Rørmose Jensen & Iliev 2022) and capital endogenised (Södersten et al. 2018)
POL,Poland,Europe,Construction,land_use,km2,0.00018993155366795356,2022,EXIOBASE v3.8.2 IOT_2022_ixi with Danish sea-transport reallocation (Rørmose Jensen & Iliev 2022) and capital endogenised (Södersten et al. 2018)
HRV,Croatia,Europe,Textile,waste_generation,kt,0.00018985535635942166,2022,EXIOBASE v3.8.2 IOT_2022_ixi with Danish sea-transport reallocation (Rørmose Jensen & Iliev 2022) and capital endogenised (Södersten et al. 2018)
RoW Middle East,RoW Middle East,Middle East,General and special Machinery,blue_water_consumption,Mm3,0.00018697820568409017,2022,EXIOBASE v3.8.2 IOT_2022_ixi with Danish sea-transport reallocation (Rørmose Jensen & Iliev 2022) and capital endogenised (Södersten et al. 2018)
FIN,Finland,Europe,"Electrical, electronic and measuring equipment",blue_water_consumption,Mm3,0.00018495452364797161,2022,EXIOBASE v3.8.2 IOT_2022_ixi with Danish sea-transport reallocation (Rørmose Jensen & Iliev 2022) and capital endogenised (Södersten et al. 2018)
AUS,Australia,Asia and Pacific,Textile,blue_water_consumption,Mm3,0.00018494095214172942,2022,EXIOBASE v3.8.2 IOT_2022_ixi with Danish sea-transport reallocation (Rørmose Jensen & Iliev 2022) and capital endogenised (Södersten et al. 2018)
IDN,Indonesia,Asia and Pacific,Furniture and timber,blue_water_consumption,Mm3,0.0001818995136876735,2022,EXIOBASE v3.8.2 IOT_2022_ixi with Danish sea-transport reallocation (Rørmose Jensen & Iliev 2022) and capital endogenised (Södersten et al. 2018)
SVK,Slovakia,Europe,Coal and Petroleum,material_extraction,kt,0.0001810263899348733,2022,EXIOBASE v3.8.2 IOT_2022_ixi with Danish sea-transport reallocation (Rørmose Jensen & Iliev 2022) and capital endogenised (Södersten et al. 2018)
EST,Estonia,Europe,Paper Products,blue_water_consumption,Mm3,0.0001799237036132422,2022,EXIOBASE v3.8.2 IOT_2022_ixi with Danish sea-transport reallocation (Rørmose Jensen & Iliev 2022) and capital endogenised (Södersten et al. 2018)
CAN,Canada,America,Textile,blue_water_consumption,Mm3,0.00017890049145348268,2022,EXIOBASE v3.8.2 IOT_2022_ixi with Danish sea-transport reallocation (Rørmose Jensen & Iliev 2022) and capital endogenised (Södersten et al. 2018)
SWE,Sweden,Europe,Minerals and Metals,blue_water_consumption,Mm3,0.00017830493399687857,2022,EXIOBASE v3.8.2 IOT_2022_ixi with Danish sea-transport reallocation (Rørmose Jensen & Iliev 2022) and capital endogenised (Södersten et al. 2018)
RoW America,RoW America,America,Natural gas and gaseous fuels,blue_water_consumption,Mm3,0.0001782095639570468,2022,EXIOBASE v3.8.2 IOT_2022_ixi with Danish sea-transport reallocation (Rørmose Jensen & Iliev 2022) and capital endogenised (Södersten et al. 2018)
CAN,Canada,America,Furniture and timber,blue_water_consumption,Mm3,0.00017793941481703142,2022,EXIOBASE v3.8.2 IOT_2022_ixi with Danish sea-transport reallocation (Rørmose Jensen & Iliev 2022) and capital endogenised (Södersten et al. 2018)
LTU,Lithuania,Europe,Metal Products,blue_water_consumption,Mm3,0.00017747057217994055,2022,EXIOBASE v3.8.2 IOT_2022_ixi with Danish sea-transport reallocation (Rørmose Jensen & Iliev 2022) and capital endogenised (Södersten et al. 2018)
RoW Africa,RoW Africa,Africa,Services,material_extraction,kt,0.00017352811404230758,2022,EXIOBASE v3.8.2 IOT_2022_ixi with Danish sea-transport reallocation (Rørmose Jensen & Iliev 2022) and capital endogenised (Södersten et al. 2018)
NLD,Netherlands,Europe,Transport,waste_generation,kt,0.00017087767855070323,2022,EXIOBASE v3.8.2 IOT_2022_ixi with Danish sea-transport reallocation (Rørmose Jensen & Iliev 2022) and capital endogenised (Södersten et al. 2018)
CAN,Canada,America,Transport,blue_water_consumption,Mm3,0.00016993069486644387,2022,EXIOBASE v3.8.2 IOT_2022_ixi with Danish sea-transport reallocation (Rørmose Jensen & Iliev 2022) and capital endogenised (Södersten et al. 2018)
BEL,Belgium,Europe,Furniture and timber,blue_water_consumption,Mm3,0.00016891268734334645,2022,EXIOBASE v3.8.2 IOT_2022_ixi with Danish sea-transport reallocation (Rørmose Jensen & Iliev 2022) and capital endogenised (Södersten et al. 2018)
IRL,Ireland,Europe,Textile,waste_generation,kt,0.000168262982487222,2022,EXIOBASE v3.8.2 IOT_2022_ixi with Danish sea-transport reallocation (Rørmose Jensen & Iliev 2022) and capital endogenised (Södersten et al. 2018)
AUS,Australia,Asia and Pacific,"Steam, hot water supply and water distribution",climate_change,kt CO2eq,0.0001669761193362264,2022,EXIOBASE v3.8.2 IOT_2022_ixi with Danish sea-transport reallocation (Rørmose Jensen & Iliev 2022) and capital endogenised (Södersten et al. 2018)
RoW Middle East,RoW Middle East,Middle East,Paper Products,blue_water_consumption,Mm3,0.0001668878485563374,2022,EXIOBASE v3.8.2 IOT_2022_ixi with Danish sea-transport reallocation (Rørmose Jensen & Iliev 2022) and capital endogenised (Södersten et al. 2018)
BGR,Bulgaria,Europe,Coal and Petroleum,blue_water_consumption,Mm3,0.0001651722776488338,2022,EXIOBASE v3.8.2 IOT_2022_ixi with Danish sea-transport reallocation (Rørmose Jensen & Iliev 2022) and capital endogenised (Södersten et al. 2018)
ZAF,South Africa,Africa,Services,blue_water_consumption,Mm3,0.0001627758371224496,2022,EXIOBASE v3.8.2 IOT_2022_ixi with Danish sea-transport reallocation (Rørmose Jensen & Iliev 2022) and capital endogenised (Södersten et al. 2018)
BGR,Bulgaria,Europe,Metal Products,land_use,km2,0.0001599950338976348,2022,EXIOBASE v3.8.2 IOT_2022_ixi with Danish sea-transport reallocation (Rørmose Jensen & Iliev 2022) and capital endogenised (Södersten et al. 2018)
RoW Middle East,RoW Middle East,Middle East,Natural gas and gaseous fuels,land_use,km2,0.00015940003223321658,2022,EXIOBASE v3.8.2 IOT_2022_ixi with Danish sea-transport reallocation (Rørmose Jensen & Iliev 2022) and capital endogenised (Södersten et al. 2018)
SVK,Slovakia,Europe,Construction,land_use,km2,0.00015878344233888705,2022,EXIOBASE v3.8.2 IOT_2022_ixi with Danish sea-transport reallocation (Rørmose Jensen & Iliev 2022) and capital endogenised (Södersten et al. 2018)
TWN,Taiwan,Asia and Pacific,Textile,land_use,km2,0.0001584440029864872,2022,EXIOBASE v3.8.2 IOT_2022_ixi with Danish sea-transport reallocation (Rørmose Jensen & Iliev 2022) and capital endogenised (Södersten et al. 2018)
PRT,Portugal,Europe,Minerals and Metals,waste_generation,kt,0.00015556521630813357,2022,EXIOBASE v3.8.2 IOT_2022_ixi with Danish sea-transport reallocation (Rørmose Jensen & Iliev 2022) and capital endogenised (Södersten et al. 2018)
FIN,Finland,Europe,Coal and Petroleum,blue_water_consumption,Mm3,0.00015334332931818805,2022,EXIOBASE v3.8.2 IOT_2022_ixi with Danish sea-transport reallocation (Rørmose Jensen & Iliev 2022) and capital endogenised (Södersten et al. 2018)
MEX,Mexico,America,Paper Products,blue_water_consumption,Mm3,0.00015315611635717695,2022,EXIOBASE v3.8.2 IOT_2022_ixi with Danish sea-transport reallocation (Rørmose Jensen & Iliev 2022) and capital endogenised (Södersten et al. 2018)
HRV,Croatia,Europe,Natural gas and gaseous fuels,waste_generation,kt,0.0001527479388854685,2022,EXIOBASE v3.8.2 IOT_2022_ixi with Danish sea-transport reallocation (Rørmose Jensen & Iliev 2022) and capital endogenised (Södersten et al. 2018)
AUS,Australia,Asia and Pacific,"Electrical, electronic and measuring equipment",blue_water_consumption,Mm3,0.0001515814112271354,2022,EXIOBASE v3.8.2 IOT_2022_ixi with Danish sea-transport reallocation (Rørmose Jensen & Iliev 2022) and capital endogenised (Södersten et al. 2018)
BGR,Bulgaria,Europe,Construction,blue_water_consumption,Mm3,0.0001501301176302982,2022,EXIOBASE v3.8.2 IOT_2022_ixi with Danish sea-transport reallocation (Rørmose Jensen & Iliev 2022) and capital endogenised (Södersten et al. 2018)
POL,Poland,Europe,Coal and Petroleum,land_use,km2,0.00014636549179997677,2022,EXIOBASE v3.8.2 IOT_2022_ixi with Danish sea-transport reallocation (Rørmose Jensen & Iliev 2022) and capital endogenised (Södersten et al. 2018)
RoW America,RoW America,America,Construction,blue_water_consumption,Mm3,0.0001444047278599635,2022,EXIOBASE v3.8.2 IOT_2022_ixi with Danish sea-transport reallocation (Rørmose Jensen & Iliev 2022) and capital endogenised (Södersten et al. 2018)
IRL,Ireland,Europe,Coal and Petroleum,blue_water_consumption,Mm3,0.00014430894839313727,2022,EXIOBASE v3.8.2 IOT_2022_ixi with Danish sea-transport reallocation (Rørmose Jensen & Iliev 2022) and capital endogenised (Södersten et al. 2018)
CZE,Czech Republic,Europe,Natural gas and gaseous fuels,land_use,km2,0.0001436182979359352,2022,EXIOBASE v3.8.2 IOT_2022_ixi with Danish sea-transport reallocation (Rørmose Jensen & Iliev 2022) and capital endogenised (Södersten et al. 2018)
EST,Estonia,Europe,Coal and Petroleum,waste_generation,kt,0.00014250243885735776,2022,EXIOBASE v3.8.2 IOT_2022_ixi with Danish sea-transport reallocation (Rørmose Jensen & Iliev 2022) and capital endogenised (Södersten et al. 2018)
RoW Europe,RoW Europe,Europe,Construction,blue_water_consumption,Mm3,0.0001424872800205519,2022,EXIOBASE v3.8.2 IOT_2022_ixi with Danish sea-transport reallocation (Rørmose Jensen & Iliev 2022) and capital endogenised (Södersten et al. 2018)
ROU,Romania,Europe,Waste management and disposal,waste_generation,kt,0.00014156597160113285,2022,EXIOBASE v3.8.2 IOT_2022_ixi with Danish sea-transport reallocation (Rørmose Jensen & Iliev 2022) and capital endogenised (Södersten et al. 2018)
LTU,Lithuania,Europe,Minerals and Metals,waste_generation,kt,0.0001371401195920373,2022,EXIOBASE v3.8.2 IOT_2022_ixi with Danish sea-transport reallocation (Rørmose Jensen & Iliev 2022) and capital endogenised (Södersten et al. 2018)
IRL,Ireland,Europe,Minerals and Metals,waste_generation,kt,0.00013710180418576446,2022,EXIOBASE v3.8.2 IOT_2022_ixi with Danish sea-transport reallocation (Rørmose Jensen & Iliev 2022) and capital endogenised (Södersten et al. 2018)
LUX,Luxembourg,Europe,Transport Equipment,waste_generation,kt,0.000136668894748406,2022,EXIOBASE v3.8.2 IOT_2022_ixi with Danish sea-transport reallocation (Rørmose Jensen & Iliev 2022) and capital endogenised (Södersten et al. 2018)
FIN,Finland,Europe,General and special Machinery,blue_water_consumption,Mm3,0.00013610850397794772,2022,EXIOBASE v3.8.2 IOT_2022_ixi with Danish sea-transport reallocation (Rørmose Jensen & Iliev 2022) and capital endogenised (Södersten et al. 2018)
HUN,Hungary,Europe,Metal Products,land_use,km2,0.0001358501105037097,2022,EXIOBASE v3.8.2 IOT_2022_ixi with Danish sea-transport reallocation (Rørmose Jensen & Iliev 2022) and capital endogenised (Södersten et al. 2018)
USA,United States,America,Natural gas and gaseous fuels,waste_generation,kt,0.00013508997302514366,2022,EXIOBASE v3.8.2 IOT_2022_ixi with Danish sea-transport reallocation (Rørmose Jensen & Iliev 2022) and capital endogenised (Södersten et al. 2018)
AUS,Australia,Asia and Pacific,General and special Machinery,blue_water_consumption,Mm3,0.0001338125436481464,2022,EXIOBASE v3.8.2 IOT_2022_ixi with Danish sea-transport reallocation (Rørmose Jensen & Iliev 2022) and capital endogenised (Södersten et al. 2018)
TUR,Turkey,Middle East,General and special Machinery,blue_water_consumption,Mm3,0.00013107588418156951,2022,EXIOBASE v3.8.2 IOT_2022_ixi with Danish sea-transport reallocation (Rørmose Jensen & Iliev 2022) and capital endogenised (Södersten et al. 2018)
BRA,Brazil,America,Transport,waste_generation,kt,0.00012880393110230141,2022,EXIOBASE v3.8.2 IOT_2022_ixi with Danish sea-transport reallocation (Rørmose Jensen & Iliev 2022) and capital endogenised (Södersten et al. 2018)
LUX,Luxembourg,Europe,"Electrical, electronic and measuring equipment",blue_water_consumption,Mm3,0.0001286186230510067,2022,EXIOBASE v3.8.2 IOT_2022_ixi with Danish sea-transport reallocation (Rørmose Jensen & Iliev 2022) and capital endogenised (Södersten et al. 2018)
LVA,Latvia,Europe,Transport Equipment,waste_generation,kt,0.00011968137045055755,2022,EXIOBASE v3.8.2 IOT_2022_ixi with Danish sea-transport reallocation (Rørmose Jensen & Iliev 2022) and capital endogenised (Södersten et al. 2018)
MLT,Malta,Europe,Transport,blue_water_consumption,Mm3,0.0001187686433989758,2022,EXIOBASE v3.8.2 IOT_2022_ixi with Danish sea-transport reallocation (Rørmose Jensen & Iliev 2022) and capital endogenised (Södersten et al. 2018)
PRT,Portugal,Europe,Construction,blue_water_consumption,Mm3,0.0001184048911778854,2022,EXIOBASE v3.8.2 IOT_2022_ixi with Danish sea-transport reallocation (Rørmose Jensen & Iliev 2022) and capital endogenised (Södersten et al. 2018)
EST,Estonia,Europe,Natural gas and gaseous fuels,waste_generation,kt,0.0001177348480193953,2022,EXIOBASE v3.8.2 IOT_2022_ixi with Danish sea-transport reallocation (Rørmose Jensen & Iliev 2022) and capital endogenised (Södersten et al. 2018)
BGR,Bulgaria,Europe,"Steam, hot water supply and water distribution",blue_water_consumption,Mm3,0.00011689891427844789,2022,EXIOBASE v3.8.2 IOT_2022_ixi with Danish sea-transport reallocation (Rørmose Jensen & Iliev 2022) and capital endogenised (Södersten et al. 2018)
CYP,Cyprus,Middle East,Paper Products,waste_generation,kt,0.00011553971477202662,2022,EXIOBASE v3.8.2 IOT_2022_ixi with Danish sea-transport reallocation (Rørmose Jensen & Iliev 2022) and capital endogenised (Södersten et al. 2018)
SVN,Slovenia,Europe,Transport,waste_generation,kt,0.00011451041117867053,2022,EXIOBASE v3.8.2 IOT_2022_ixi with Danish sea-transport reallocation (Rørmose Jensen & Iliev 2022) and capital endogenised (Södersten et al. 2018)
ROU,Romania,Europe,Minerals and Metals,waste_generation,kt,0.00011280943725434505,2022,EXIOBASE v3.8.2 IOT_2022_ixi with Danish sea-transport reallocation (Rørmose Jensen & Iliev 2022) and capital endogenised (Södersten et al. 2018)
ROU,Romania,Europe,Furniture and timber,blue_water_consumption,Mm3,0.0001120433352888643,2022,EXIOBASE v3.8.2 IOT_2022_ixi with Danish sea-transport reallocation (Rørmose Jensen & Iliev 2022) and capital endogenised (Södersten et al. 2018)
AUT,Austria,Europe,Textile,blue_water_consumption,Mm3,0.00011196356327405217,2022,EXIOBASE v3.8.2 IOT_2022_ixi with Danish sea-transport reallocation (Rørmose Jensen & Iliev 2022) and capital endogenised (Södersten et al. 2018)
IRL,Ireland,Europe,Transport,waste_generation,kt,0.000111243949474665,2022,EXIOBASE v3.8.2 IOT_2022_ixi with Danish sea-transport reallocation (Rørmose Jensen & Iliev 2022) and capital endogenised (Södersten et al. 2018)
EST,Estonia,Europe,Transport Equipment,blue_water_consumption,Mm3,0.00011075361540838647,2022,EXIOBASE v3.8.2 IOT_2022_ixi with Danish sea-transport reallocation (Rørmose Jensen & Iliev 2022) and capital endogenised (Södersten et al. 2018)
CZE,Czech Republic,Europe,General and special Machinery,blue_water_consumption,Mm3,0.00011028471712435801,2022,EXIOBASE v3.8.2 IOT_2022_ixi with Danish sea-transport reallocation (Rørmose Jensen & Iliev 2022) and capital endogenised (Södersten et al. 2018)
ITA,Italy,Europe,Transport,blue_water_consumption,Mm3,0.00011016483617258472,2022,EXIOBASE v3.8.2 IOT_2022_ixi with Danish sea-transport reallocation (Rørmose Jensen & Iliev 2022) and capital endogenised (Södersten et al. 2018)
BGR,Bulgaria,Europe,Waste management and disposal,blue_water_consumption,Mm3,0.0001088160077425797,2022,EXIOBASE v3.8.2 IOT_2022_ixi with Danish sea-transport reallocation (Rørmose Jensen & Iliev 2022) and capital endogenised (Södersten et al. 2018)
BGR,Bulgaria,Europe,Transport Equipment,blue_water_consumption,Mm3,0.00010870155107062455,2022,EXIOBASE v3.8.2 IOT_2022_ixi with Danish sea-transport reallocation (Rørmose Jensen & Iliev 2022) and capital endogenised (Södersten et al. 2018)
SWE,Sweden,Europe,Minerals and Metals,land_use,km2,0.00010868735995032687,2022,EXIOBASE v3.8.2 IOT_2022_ixi with Danish sea-transport reallocation (Rørmose Jensen & Iliev 2022) and capital endogenised (Södersten et al. 2018)
CAN,Canada,America,"Steam, hot water supply and water distribution",material_extraction,kt,0.0001072567331088193,2022,EXIOBASE v3.8.2 IOT_2022_ixi with Danish sea-transport reallocation (Rørmose Jensen & Iliev 2022) and capital endogenised (Södersten et al. 2018)
LVA,Latvia,Europe,Furniture and timber,blue_water_consumption,Mm3,0.00010684859979688431,2022,EXIOBASE v3.8.2 IOT_2022_ixi with Danish sea-transport reallocation (Rørmose Jensen & Iliev 2022) and capital endogenised (Södersten et al. 2018)
CZE,Czech Republic,Europe,Furniture and timber,blue_water_consumption,Mm3,0.00010590508593048957,2022,EXIOBASE v3.8.2 IOT_2022_ixi with Danish sea-transport reallocation (Rørmose Jensen & Iliev 2022) and capital endogenised (Södersten et al. 2018)
CZE,Czech Republic,Europe,Construction,land_use,km2,0.00010565688316667811,2022,EXIOBASE v3.8.2 IOT_2022_ixi with Danish sea-transport reallocation (Rørmose Jensen & Iliev 2022) and capital endogenised (Södersten et al. 2018)
TUR,Turkey,Middle East,Coal and Petroleum,blue_water_consumption,Mm3,0.00010551152005616316,2022,EXIOBASE v3.8.2 IOT_2022_ixi with Danish sea-transport reallocation (Rørmose Jensen & Iliev 2022) and capital endogenised (Södersten et al. 2018)
DEU,Germany,Europe,Minerals and Metals,blue_water_consumption,Mm3,0.00010525136092555997,2022,EXIOBASE v3.8.2 IOT_2022_ixi with Danish sea-transport reallocation (Rørmose Jensen & Iliev 2022) and capital endogenised (Södersten et al. 2018)
IND,India,Asia and Pacific,"Electrical, electronic and measuring equipment",material_extraction,kt,0.0001035830812626776,2022,EXIOBASE v3.8.2 IOT_2022_ixi with Danish sea-transport reallocation (Rørmose Jensen & Iliev 2022) and capital endogenised (Södersten et al. 2018)
CZE,Czech Republic,Europe,Coal and Petroleum,land_use,km2,0.0001028850197797134,2022,EXIOBASE v3.8.2 IOT_2022_ixi with Danish sea-transport reallocation (Rørmose Jensen & Iliev 2022) and capital endogenised (Södersten et al. 2018)
IDN,Indonesia,Asia and Pacific,Textile,blue_water_consumption,Mm3,0.00010254106435546207,2022,EXIOBASE v3.8.2 IOT_2022_ixi with Danish sea-transport reallocation (Rørmose Jensen & Iliev 2022) and capital endogenised (Södersten et al. 2018)
LUX,Luxembourg,Europe,Textile,blue_water_consumption,Mm3,9.782946120554737e-05,2022,EXIOBASE v3.8.2 IOT_2022_ixi with Danish sea-transport reallocation (Rørmose Jensen & Iliev 2022) and capital endogenised (Södersten et al. 2018)
HRV,Croatia,Europe,"Electrical, electronic and measuring equipment",blue_water_consumption,Mm3,9.725841045783669e-05,2022,EXIOBASE v3.8.2 IOT_2022_ixi with Danish sea-transport reallocation (Rørmose Jensen & Iliev 2022) and capital endogenised (Södersten et al. 2018)
AUS,Australia,Asia and Pacific,Non-metallic mineral products,blue_water_consumption,Mm3,9.666920746448341e-05,2022,EXIOBASE v3.8.2 IOT_2022_ixi with Danish sea-transport reallocation (Rørmose Jensen & Iliev 2022) and capital endogenised (Södersten et al. 2018)
CZE,Czech Republic,Europe,Transport Equipment,blue_water_consumption,Mm3,9.653098642179617e-05,2022,EXIOBASE v3.8.2 IOT_2022_ixi with Danish sea-transport reallocation (Rørmose Jensen & Iliev 2022) and capital endogenised (Södersten et al. 2018)
ZAF,South Africa,Africa,Non-metallic mineral products,blue_water_consumption,Mm3,9.625894625931873e-05,2022,EXIOBASE v3.8.2 IOT_2022_ixi with Danish sea-transport reallocation (Rørmose Jensen & Iliev 2022) and capital endogenised (Södersten et al. 2018)
ESP,Spain,Europe,Coal and Petroleum,blue_water_consumption,Mm3,9.564008978896515e-05,2022,EXIOBASE v3.8.2 IOT_2022_ixi with Danish sea-transport reallocation (Rørmose Jensen & Iliev 2022) and capital endogenised (Södersten et al. 2018)
DEU,Germany,Europe,Construction,blue_water_consumption,Mm3,9.560861605427492e-05,2022,EXIOBASE v3.8.2 IOT_2022_ixi with Danish sea-transport reallocation (Rørmose Jensen & Iliev 2022) and capital endogenised (Södersten et al. 2018)
HRV,Croatia,Europe,Transport Equipment,waste_generation,kt,9.436649608180684e-05,2022,EXIOBASE v3.8.2 IOT_2022_ixi with Danish sea-transport reallocation (Rørmose Jensen & Iliev 2022) and capital endogenised (Södersten et al. 2018)
TUR,Turkey,Middle East,"Electrical, electronic and measuring equipment",blue_water_consumption,Mm3,9.329684150770047e-05,2022,EXIOBASE v3.8.2 IOT_2022_ixi with Danish sea-transport reallocation (Rørmose Jensen & Iliev 2022) and capital endogenised (Södersten et al. 2018)
LVA,Latvia,Europe,"Electrical, electronic and measuring equipment",waste_generation,kt,9.213285215080176e-05,2022,EXIOBASE v3.8.2 IOT_2022_ixi with Danish sea-transport reallocation (Rørmose Jensen & Iliev 2022) and capital endogenised (Södersten et al. 2018)
TWN,Taiwan,Asia and Pacific,Electricity,blue_water_consumption,Mm3,9.034278112903108e-05,2022,EXIOBASE v3.8.2 IOT_2022_ixi with Danish sea-transport reallocation (Rørmose Jensen & Iliev 2022) and capital endogenised (Södersten et al. 2018)
SVK,Slovakia,Europe,Textile,land_use,km2,9.02712089159949e-05,2022,EXIOBASE v3.8.2 IOT_2022_ixi with Danish sea-transport reallocation (Rørmose Jensen & Iliev 2022) and capital endogenised (Södersten et al. 2018)
AUT,Austria,Europe,Minerals and Metals,waste_generation,kt,8.997275464653e-05,2022,EXIOBASE v3.8.2 IOT_2022_ixi with Danish sea-transport reallocation (Rørmose Jensen & Iliev 2022) and capital endogenised (Södersten et al. 2018)
JPN,Japan,Asia and Pacific,Transport Equipment,blue_water_consumption,Mm3,8.981181632402639e-05,2022,EXIOBASE v3.8.2 IOT_2022_ixi with Danish sea-transport reallocation (Rørmose Jensen & Iliev 2022) and capital endogenised (Södersten et al. 2018)
POL,Poland,Europe,Natural gas and gaseous fuels,land_use,km2,8.966936330957285e-05,2022,EXIOBASE v3.8.2 IOT_2022_ixi with Danish sea-transport reallocation (Rørmose Jensen & Iliev 2022) and capital endogenised (Södersten et al. 2018)
BGR,Bulgaria,Europe,Transport,blue_water_consumption,Mm3,8.902420622393794e-05,2022,EXIOBASE v3.8.2 IOT_2022_ixi with Danish sea-transport reallocation (Rørmose Jensen & Iliev 2022) and capital endogenised (Södersten et al. 2018)
MLT,Malta,Europe,Chemical,waste_generation,kt,8.60664434926e-05,2022,EXIOBASE v3.8.2 IOT_2022_ixi with Danish sea-transport reallocation (Rørmose Jensen & Iliev 2022) and capital endogenised (Södersten et al. 2018)
POL,Poland,Europe,Electricity,land_use,km2,8.596121871917343e-05,2022,EXIOBASE v3.8.2 IOT_2022_ixi with Danish sea-transport reallocation (Rørmose Jensen & Iliev 2022) and capital endogenised (Södersten et al. 2018)
CYP,Cyprus,Middle East,"Electrical, electronic and measuring equipment",climate_change,kt CO2eq,8.582519014225151e-05,2022,EXIOBASE v3.8.2 IOT_2022_ixi with Danish sea-transport reallocation (Rørmose Jensen & Iliev 2022) and capital endogenised (Södersten et al. 2018)
LTU,Lithuania,Europe,Electricity,waste_generation,kt,8.565063141092952e-05,2022,EXIOBASE v3.8.2 IOT_2022_ixi with Danish sea-transport reallocation (Rørmose Jensen & Iliev 2022) and capital endogenised (Södersten et al. 2018)
ESP,Spain,Europe,"Steam, hot water supply and water distribution",waste_generation,kt,8.517685890529454e-05,2022,EXIOBASE v3.8.2 IOT_2022_ixi with Danish sea-transport reallocation (Rørmose Jensen & Iliev 2022) and capital endogenised (Södersten et al. 2018)
KOR,South Korea,Asia and Pacific,Transport Equipment,blue_water_consumption,Mm3,8.38762357304387e-05,2022,EXIOBASE v3.8.2 IOT_2022_ixi with Danish sea-transport reallocation (Rørmose Jensen & Iliev 2022) and capital endogenised (Södersten et al. 2018)
PRT,Portugal,Europe,Minerals and Metals,blue_water_consumption,Mm3,8.387055051697156e-05,2022,EXIOBASE v3.8.2 IOT_2022_ixi with Danish sea-transport reallocation (Rørmose Jensen & Iliev 2022) and capital endogenised (Södersten et al. 2018)
GRC,Greece,Europe,Textile,blue_water_consumption,Mm3,8.379916158291128e-05,2022,EXIOBASE v3.8.2 IOT_2022_ixi with Danish sea-transport reallocation (Rørmose Jensen & Iliev 2022) and capital endogenised (Södersten et al. 2018)
SVN,Slovenia,Europe,Coal and Petroleum,waste_generation,kt,8.339569419761829e-05,2022,EXIOBASE v3.8.2 IOT_2022_ixi with Danish sea-transport reallocation (Rørmose Jensen & Iliev 2022) and capital endogenised (Södersten et al. 2018)
RUS,Russia,Europe,Transport Equipment,blue_water_consumption,Mm3,8.246644691100577e-05,2022,EXIOBASE v3.8.2 IOT_2022_ixi with Danish sea-transport reallocation (Rørmose Jensen & Iliev 2022) and capital endogenised (Södersten et al. 2018)
LVA,Latvia,Europe,Construction,blue_water_consumption,Mm3,8.197877367649461e-05,2022,EXIOBASE v3.8.2 IOT_2022_ixi with Danish sea-transport reallocation (Rørmose Jensen & Iliev 2022) and capital endogenised (Södersten et al. 2018)
HUN,Hungary,Europe,Construction,blue_water_consumption,Mm3,8.184842231882118e-05,2022,EXIOBASE v3.8.2 IOT_2022_ixi with Danish sea-transport reallocation (Rørmose Jensen & Iliev 2022) and capital endogenised (Södersten et al. 2018)
SVK,Slovakia,Europe,Minerals and Metals,blue_water_consumption,Mm3,8.010682528082164e-05,2022,EXIOBASE v3.8.2 IOT_2022_ixi with Danish sea-transport reallocation (Rørmose Jensen & Iliev 2022) and capital endogenised (Södersten et al. 2018)
TUR,Turkey,Middle East,Furniture and timber,blue_water_consumption,Mm3,7.898545497498644e-05,2022,EXIOBASE v3.8.2 IOT_2022_ixi with Danish sea-transport reallocation (Rørmose Jensen & Iliev 2022) and capital endogenised (Södersten et al. 2018)
LUX,Luxembourg,Europe,Natural gas and gaseous fuels,climate_change,kt CO2eq,7.897496656328122e-05,2022,EXIOBASE v3.8.2 IOT_2022_ixi with Danish sea-transport reallocation (Rørmose Jensen & Iliev 2022) and capital endogenised (Södersten et al. 2018)
BRA,Brazil,America,Natural gas and gaseous fuels,waste_generation,kt,7.87489836731302e-05,2022,EXIOBASE v3.8.2 IOT_2022_ixi with Danish sea-transport reallocation (Rørmose Jensen & Iliev 2022) and capital endogenised (Södersten et al. 2018)
DEU,Germany,Europe,Metal Products,material_extraction,kt,7.829497144278e-05,2022,EXIOBASE v3.8.2 IOT_2022_ixi with Danish sea-transport reallocation (Rørmose Jensen & Iliev 2022) and capital endogenised (Södersten et al. 2018)
DNK,Denmark,Denmark,Services,blue_water_consumption,Mm3,7.695989178983662e-05,2022,EXIOBASE v3.8.2 IOT_2022_ixi with Danish sea-transport reallocation (Rørmose Jensen & Iliev 2022) and capital endogenised (Södersten et al. 2018)
CAN,Canada,America,Natural gas and gaseous fuels,blue_water_consumption,Mm3,7.661885521380436e-05,2022,EXIOBASE v3.8.2 IOT_2022_ixi with Danish sea-transport reallocation (Rørmose Jensen & Iliev 2022) and capital endogenised (Södersten et al. 2018)
LUX,Luxembourg,Europe,"Steam, hot water supply and water distribution",climate_change,kt CO2eq,7.650609816241659e-05,2022,EXIOBASE v3.8.2 IOT_2022_ixi with Danish sea-transport reallocation (Rørmose Jensen & Iliev 2022) and capital endogenised (Södersten et al. 2018)
CZE,Czech Republic,Europe,"Electrical, electronic and measuring equipment",blue_water_consumption,Mm3,7.532068009515232e-05,2022,EXIOBASE v3.8.2 IOT_2022_ixi with Danish sea-transport reallocation (Rørmose Jensen & Iliev 2022) and capital endogenised (Södersten et al. 2018)
MLT,Malta,Europe,Transport,land_use,km2,7.528589353460309e-05,2022,EXIOBASE v3.8.2 IOT_2022_ixi with Danish sea-transport reallocation (Rørmose Jensen & Iliev 2022) and capital endogenised (Södersten et al. 2018)
HRV,Croatia,Europe,General and special Machinery,blue_water_consumption,Mm3,7.485773337397017e-05,2022,EXIOBASE v3.8.2 IOT_2022_ixi with Danish sea-transport reallocation (Rørmose Jensen & Iliev 2022) and capital endogenised (Södersten et al. 2018)
SVN,Slovenia,Europe,Waste management and disposal,land_use,km2,7.458034881538868e-05,2022,EXIOBASE v3.8.2 IOT_2022_ixi with Danish sea-transport reallocation (Rørmose Jensen & Iliev 2022) and capital endogenised (Södersten et al. 2018)
AUT,Austria,Europe,General and special Machinery,blue_water_consumption,Mm3,7.332770946604925e-05,2022,EXIOBASE v3.8.2 IOT_2022_ixi with Danish sea-transport reallocation (Rørmose Jensen & Iliev 2022) and capital endogenised (Södersten et al. 2018)
MLT,Malta,Europe,General and special Machinery,climate_change,kt CO2eq,7.248838234999371e-05,2022,EXIOBASE v3.8.2 IOT_2022_ixi with Danish sea-transport reallocation (Rørmose Jensen & Iliev 2022) and capital endogenised (Södersten et al. 2018)
IDN,Indonesia,Asia and Pacific,Non-metallic mineral products,blue_water_consumption,Mm3,7.203268951677392e-05,2022,EXIOBASE v3.8.2 IOT_2022_ixi with Danish sea-transport reallocation (Rørmose Jensen & Iliev 2022) and capital endogenised (Södersten et al. 2018)
IND,India,Asia and Pacific,Metal Products,material_extraction,kt,7.142715694229892e-05,2022,EXIOBASE v3.8.2 IOT_2022_ixi with Danish sea-transport reallocation (Rørmose Jensen & Iliev 2022) and capital endogenised (Södersten et al. 2018)
CZE,Czech Republic,Europe,Construction,blue_water_consumption,Mm3,6.944104013308077e-05,2022,EXIOBASE v3.8.2 IOT_2022_ixi with Danish sea-transport reallocation (Rørmose Jensen & Iliev 2022) and capital endogenised (Södersten et al. 2018)
ROU,Romania,Europe,Natural gas and gaseous fuels,waste_generation,kt,6.846654692294288e-05,2022,EXIOBASE v3.8.2 IOT_2022_ixi with Danish sea-transport reallocation (Rørmose Jensen & Iliev 2022) and capital endogenised (Södersten et al. 2018)
RUS,Russia,Europe,Transport Equipment,land_use,km2,6.803819815773801e-05,2022,EXIOBASE v3.8.2 IOT_2022_ixi with Danish sea-transport reallocation (Rørmose Jensen & Iliev 2022) and capital endogenised (Södersten et al. 2018)
AUT,Austria,Europe,Minerals and Metals,blue_water_consumption,Mm3,6.76731964313149e-05,2022,EXIOBASE v3.8.2 IOT_2022_ixi with Danish sea-transport reallocation (Rørmose Jensen & Iliev 2022) and capital endogenised (Södersten et al. 2018)
HRV,Croatia,Europe,Textile,blue_water_consumption,Mm3,6.750734850811638e-05,2022,EXIOBASE v3.8.2 IOT_2022_ixi with Danish sea-transport reallocation (Rørmose Jensen & Iliev 2022) and capital endogenised (Södersten et al. 2018)
AUT,Austria,Europe,"Electrical, electronic and measuring equipment",blue_water_consumption,Mm3,6.731511732520797e-05,2022,EXIOBASE v3.8.2 IOT_2022_ixi with Danish sea-transport reallocation (Rørmose Jensen & Iliev 2022) and capital endogenised (Södersten et al. 2018)
BRA,Brazil,America,Services,blue_water_consumption,Mm3,6.711005224743225e-05,2022,EXIOBASE v3.8.2 IOT_2022_ixi with Danish sea-transport reallocation (Rørmose Jensen & Iliev 2022) and capital endogenised (Södersten et al. 2018)
LTU,Lithuania,Europe,General and special Machinery,waste_generation,kt,6.688491100697231e-05,2022,EXIOBASE v3.8.2 IOT_2022_ixi with Danish sea-transport reallocation (Rørmose Jensen & Iliev 2022) and capital endogenised (Södersten et al. 2018)
MEX,Mexico,America,Minerals and Metals,waste_generation,kt,6.576953288165062e-05,2022,EXIOBASE v3.8.2 IOT_2022_ixi with Danish sea-transport reallocation (Rørmose Jensen & Iliev 2022) and capital endogenised (Södersten et al. 2018)
FIN,Finland,Europe,Furniture and timber,blue_water_consumption,Mm3,6.550994230185829e-05,2022,EXIOBASE v3.8.2 IOT_2022_ixi with Danish sea-transport reallocation (Rørmose Jensen & Iliev 2022) and capital endogenised (Södersten et al. 2018)
LUX,Luxembourg,Europe,Paper Products,blue_water_consumption,Mm3,6.448744054937305e-05,2022,EXIOBASE v3.8.2 IOT_2022_ixi with Danish sea-transport reallocation (Rørmose Jensen & Iliev 2022) and capital endogenised (Södersten et al. 2018)
LTU,Lithuania,Europe,Construction,blue_water_consumption,Mm3,6.432709931779089e-05,2022,EXIOBASE v3.8.2 IOT_2022_ixi with Danish sea-transport reallocation (Rørmose Jensen & Iliev 2022) and capital endogenised (Södersten et al. 2018)
CHE,Switzerland,Europe,Furniture and timber,blue_water_consumption,Mm3,6.407952256540746e-05,2022,EXIOBASE v3.8.2 IOT_2022_ixi with Danish sea-transport reallocation (Rørmose Jensen & Iliev 2022) and capital endogenised (Södersten et al. 2018)
LVA,Latvia,Europe,Services,land_use,km2,6.352176034652449e-05,2022,EXIOBASE v3.8.2 IOT_2022_ixi with Danish sea-transport reallocation (Rørmose Jensen & Iliev 2022) and capital endogenised (Södersten et al. 2018)
DNK,Denmark,Denmark,Minerals and Metals,blue_water_consumption,Mm3,6.339147708944137e-05,2022,EXIOBASE v3.8.2 IOT_2022_ixi with Danish sea-transport reallocation (Rørmose Jensen & Iliev 2022) and capital endogenised (Södersten et al. 2018)
MEX,Mexico,America,Waste management and disposal,waste_generation,kt,6.249442475393655e-05,2022,EXIOBASE v3.8.2 IOT_2022_ixi with Danish sea-transport reallocation (Rørmose Jensen & Iliev 2022) and capital endogenised (Södersten et al. 2018)
HUN,Hungary,Europe,Transport Equipment,land_use,km2,6.192714815951721e-05,2022,EXIOBASE v3.8.2 IOT_2022_ixi with Danish sea-transport reallocation (Rørmose Jensen & Iliev 2022) and capital endogenised (Södersten et al. 2018)
IND,India,Asia and Pacific,Non-metallic mineral products,land_use,km2,6.187749696355973e-05,2022,EXIOBASE v3.8.2 IOT_2022_ixi with Danish sea-transport reallocation (Rørmose Jensen & Iliev 2022) and capital endogenised (Södersten et al. 2018)
POL,Poland,Europe,General and special Machinery,land_use,km2,6.177460065471673e-05,2022,EXIOBASE v3.8.2 IOT_2022_ixi with Danish sea-transport reallocation (Rørmose Jensen & Iliev 2022) and capital endogenised (Södersten et al. 2018)
MLT,Malta,Europe,Services,blue_water_consumption,Mm3,5.989142959029125e-05,2022,EXIOBASE v3.8.2 IOT_2022_ixi with Danish sea-transport reallocation (Rørmose Jensen & Iliev 2022) and capital endogenised (Södersten et al. 2018)
EST,Estonia,Europe,"Electrical, electronic and measuring equipment",blue_water_consumption,Mm3,5.960159745603984e-05,2022,EXIOBASE v3.8.2 IOT_2022_ixi with Danish sea-transport reallocation (Rørmose Jensen & Iliev 2022) and capital endogenised (Södersten et al. 2018)
HRV,Croatia,Europe,Furniture and timber,blue_water_consumption,Mm3,5.921377465065355e-05,2022,EXIOBASE v3.8.2 IOT_2022_ixi with Danish sea-transport reallocation (Rørmose Jensen & Iliev 2022) and capital endogenised (Södersten et al. 2018)
EST,Estonia,Europe,Textile,blue_water_consumption,Mm3,5.897553169549522e-05,2022,EXIOBASE v3.8.2 IOT_2022_ixi with Danish sea-transport reallocation (Rørmose Jensen & Iliev 2022) and capital endogenised (Södersten et al. 2018)
ITA,Italy,Europe,Coal and Petroleum,blue_water_consumption,Mm3,5.893383146820031e-05,2022,EXIOBASE v3.8.2 IOT_2022_ixi with Danish sea-transport reallocation (Rørmose Jensen & Iliev 2022) and capital endogenised (Södersten et al. 2018)
LTU,Lithuania,Europe,"Electrical, electronic and measuring equipment",blue_water_consumption,Mm3,5.869111014722352e-05,2022,EXIOBASE v3.8.2 IOT_2022_ixi with Danish sea-transport reallocation (Rørmose Jensen & Iliev 2022) and capital endogenised (Södersten et al. 2018)
SVK,Slovakia,Europe,Furniture and timber,blue_water_consumption,Mm3,5.7865552975719904e-05,2022,EXIOBASE v3.8.2 IOT_2022_ixi with Danish sea-transport reallocation (Rørmose Jensen & Iliev 2022) and capital endogenised (Södersten et al. 2018)
ITA,Italy,Europe,"Steam, hot water supply and water distribution",blue_water_consumption,Mm3,5.678953175444598e-05,2022,EXIOBASE v3.8.2 IOT_2022_ixi with Danish sea-transport reallocation (Rørmose Jensen & Iliev 2022) and capital endogenised (Södersten et al. 2018)
LTU,Lithuania,Europe,Furniture and timber,blue_water_consumption,Mm3,5.644332900909561e-05,2022,EXIOBASE v3.8.2 IOT_2022_ixi with Danish sea-transport reallocation (Rørmose Jensen & Iliev 2022) and capital endogenised (Södersten et al. 2018)
CZE,Czech Republic,Europe,General and special Machinery,land_use,km2,5.625652241143338e-05,2022,EXIOBASE v3.8.2 IOT_2022_ixi with Danish sea-transport reallocation (Rørmose Jensen & Iliev 2022) and capital endogenised (Södersten et al. 2018)
LUX,Luxembourg,Europe,Transport Equipment,blue_water_consumption,Mm3,5.566113218123038e-05,2022,EXIOBASE v3.8.2 IOT_2022_ixi with Danish sea-transport reallocation (Rørmose Jensen & Iliev 2022) and capital endogenised (Södersten et al. 2018)
POL,Poland,Europe,"Steam, hot water supply and water distribution",land_use,km2,5.530395949397678e-05,2022,EXIOBASE v3.8.2 IOT_2022_ixi with Danish sea-transport reallocation (Rørmose Jensen & Iliev 2022) and capital endogenised (Södersten et al. 2018)
TUR,Turkey,Middle East,Non-metallic mineral products,land_use,km2,5.433921917874212e-05,2022,EXIOBASE v3.8.2 IOT_2022_ixi with Danish sea-transport reallocation (Rørmose Jensen & Iliev 2022) and capital endogenised (Södersten et al. 2018)
JPN,Japan,Asia and Pacific,Electricity,blue_water_consumption,Mm3,5.399966912063515e-05,2022,EXIOBASE v3.8.2 IOT_2022_ixi with Danish sea-transport reallocation (Rørmose Jensen & Iliev 2022) and capital endogenised (Södersten et al. 2018)
IRL,Ireland,Europe,Transport Equipment,blue_water_consumption,Mm3,5.3809769292308864e-05,2022,EXIOBASE v3.8.2 IOT_2022_ixi with Danish sea-transport reallocation (Rørmose Jensen & Iliev 2022) and capital endogenised (Södersten et al. 2018)
PRT,Portugal,Europe,"Steam, hot water supply and water distribution",waste_generation,kt,5.3781979481111865e-05,2022,EXIOBASE v3.8.2 IOT_2022_ixi with Danish sea-transport reallocation (Rørmose Jensen & Iliev 2022) and capital endogenised (Södersten et al. 2018)
AUT,Austria,Europe,Metal Products,material_extraction,kt,5.3307110524969144e-05,2022,EXIOBASE v3.8.2 IOT_2022_ixi with Danish sea-transport reallocation (Rørmose Jensen & Iliev 2022) and capital endogenised (Södersten et al. 2018)
LUX,Luxembourg,Europe,Electricity,waste_generation,kt,5.256358350934348e-05,2022,EXIOBASE v3.8.2 IOT_2022_ixi with Danish sea-transport reallocation (Rørmose Jensen & Iliev 2022) and capital endogenised (Södersten et al. 2018)
SWE,Sweden,Europe,Construction,blue_water_consumption,Mm3,5.24953221373475e-05,2022,EXIOBASE v3.8.2 IOT_2022_ixi with Danish sea-transport reallocation (Rørmose Jensen & Iliev 2022) and capital endogenised (Södersten et al. 2018)
PRT,Portugal,Europe,Waste management and disposal,blue_water_consumption,Mm3,5.2036187015319085e-05,2022,EXIOBASE v3.8.2 IOT_2022_ixi with Danish sea-transport reallocation (Rørmose Jensen & Iliev 2022) and capital endogenised (Södersten et al. 2018)
RoW Middle East,RoW Middle East,Middle East,Coal and Petroleum,blue_water_consumption,Mm3,5.200122107528387e-05,2022,EXIOBASE v3.8.2 IOT_2022_ixi with Danish sea-transport reallocation (Rørmose Jensen & Iliev 2022) and capital endogenised (Södersten et al. 2018)
CZE,Czech Republic,Europe,Coal and Petroleum,blue_water_consumption,Mm3,5.145695793991405e-05,2022,EXIOBASE v3.8.2 IOT_2022_ixi with Danish sea-transport reallocation (Rørmose Jensen & Iliev 2022) and capital endogenised (Södersten et al. 2018)
CYP,Cyprus,Middle East,Services,waste_generation,kt,5.1370041578125665e-05,2022,EXIOBASE v3.8.2 IOT_2022_ixi with Danish sea-transport reallocation (Rørmose Jensen & Iliev 2022) and capital endogenised (Södersten et al. 2018)
CAN,Canada,America,Transport Equipment,blue_water_consumption,Mm3,5.036464307276067e-05,2022,EXIOBASE v3.8.2 IOT_2022_ixi with Danish sea-transport reallocation (Rørmose Jensen & Iliev 2022) and capital endogenised (Södersten et al. 2018)
BEL,Belgium,Europe,"Steam, hot water supply and water distribution",waste_generation,kt,4.901084741436324e-05,2022,EXIOBASE v3.8.2 IOT_2022_ixi with Danish sea-transport reallocation (Rørmose Jensen & Iliev 2022) and capital endogenised (Södersten et al. 2018)
MEX,Mexico,America,Non-metallic mineral products,land_use,km2,4.831080969155117e-05,2022,EXIOBASE v3.8.2 IOT_2022_ixi with Danish sea-transport reallocation (Rørmose Jensen & Iliev 2022) and capital endogenised (Södersten et al. 2018)
FRA,France,Europe,Minerals and Metals,waste_generation,kt,4.767366633763413e-05,2022,EXIOBASE v3.8.2 IOT_2022_ixi with Danish sea-transport reallocation (Rørmose Jensen & Iliev 2022) and capital endogenised (Södersten et al. 2018)
ESP,Spain,Europe,Minerals and Metals,blue_water_consumption,Mm3,4.74538901432605e-05,2022,EXIOBASE v3.8.2 IOT_2022_ixi with Danish sea-transport reallocation (Rørmose Jensen & Iliev 2022) and capital endogenised (Södersten et al. 2018)
CHE,Switzerland,Europe,Construction,blue_water_consumption,Mm3,4.740540255349563e-05,2022,EXIOBASE v3.8.2 IOT_2022_ixi with Danish sea-transport reallocation (Rørmose Jensen & Iliev 2022) and capital endogenised (Södersten et al. 2018)
ESP,Spain,Europe,Transport Equipment,blue_water_consumption,Mm3,4.623357481708178e-05,2022,EXIOBASE v3.8.2 IOT_2022_ixi with Danish sea-transport reallocation (Rørmose Jensen & Iliev 2022) and capital endogenised (Södersten et al. 2018)
AUT,Austria,Europe,Waste management and disposal,blue_water_consumption,Mm3,4.6083757262486874e-05,2022,EXIOBASE v3.8.2 IOT_2022_ixi with Danish sea-transport reallocation (Rørmose Jensen & Iliev 2022) and capital endogenised (Södersten et al. 2018)
RoW Middle East,RoW Middle East,Middle East,Transport Equipment,blue_water_consumption,Mm3,4.607400246287167e-05,2022,EXIOBASE v3.8.2 IOT_2022_ixi with Danish sea-transport reallocation (Rørmose Jensen & Iliev 2022) and capital endogenised (Södersten et al. 2018)
RoW Africa,RoW Africa,Africa,"Steam, hot water supply and water distribution",blue_water_consumption,Mm3,4.567226318983859e-05,2022,EXIOBASE v3.8.2 IOT_2022_ixi with Danish sea-transport reallocation (Rørmose Jensen & Iliev 2022) and capital endogenised (Södersten et al. 2018)
IND,India,Asia and Pacific,Food and catering,material_extraction,kt,4.537240913281643e-05,2022,EXIOBASE v3.8.2 IOT_2022_ixi with Danish sea-transport reallocation (Rørmose Jensen & Iliev 2022) and capital endogenised (Södersten et al. 2018)
LTU,Lithuania,Europe,General and special Machinery,blue_water_consumption,Mm3,4.510597085289307e-05,2022,EXIOBASE v3.8.2 IOT_2022_ixi with Danish sea-transport reallocation (Rørmose Jensen & Iliev 2022) and capital endogenised (Södersten et al. 2018)
HUN,Hungary,Europe,Coal and Petroleum,land_use,km2,4.489330065187583e-05,2022,EXIOBASE v3.8.2 IOT_2022_ixi with Danish sea-transport reallocation (Rørmose Jensen & Iliev 2022) and capital endogenised (Södersten et al. 2018)
CZE,Czech Republic,Europe,Chemical,land_use,km2,4.4841162482696114e-05,2022,EXIOBASE v3.8.2 IOT_2022_ixi with Danish sea-transport reallocation (Rørmose Jensen & Iliev 2022) and capital endogenised (Södersten et al. 2018)
BGR,Bulgaria,Europe,Minerals and Metals,waste_generation,kt,4.427949908614088e-05,2022,EXIOBASE v3.8.2 IOT_2022_ixi with Danish sea-transport reallocation (Rørmose Jensen & Iliev 2022) and capital endogenised (Södersten et al. 2018)
SVK,Slovakia,Europe,Minerals and Metals,land_use,km2,4.4154149420542465e-05,2022,EXIOBASE v3.8.2 IOT_2022_ixi with Danish sea-transport reallocation (Rørmose Jensen & Iliev 2022) and capital endogenised (Södersten et al. 2018)
PRT,Portugal,Europe,Transport Equipment,blue_water_consumption,Mm3,4.3411723994537954e-05,2022,EXIOBASE v3.8.2 IOT_2022_ixi with Danish sea-transport reallocation (Rørmose Jensen & Iliev 2022) and capital endogenised (Södersten et al. 2018)
SVN,Slovenia,Europe,General and special Machinery,blue_water_consumption,Mm3,4.308647283087986e-05,2022,EXIOBASE v3.8.2 IOT_2022_ixi with Danish sea-transport reallocation (Rørmose Jensen & Iliev 2022) and capital endogenised (Södersten et al. 2018)
RoW Middle East,RoW Middle East,Middle East,Natural gas and gaseous fuels,blue_water_consumption,Mm3,4.290281026014045e-05,2022,EXIOBASE v3.8.2 IOT_2022_ixi with Danish sea-transport reallocation (Rørmose Jensen & Iliev 2022) and capital endogenised (Södersten et al. 2018)
SWE,Sweden,Europe,Transport,blue_water_consumption,Mm3,4.2103907002258435e-05,2022,EXIOBASE v3.8.2 IOT_2022_ixi with Danish sea-transport reallocation (Rørmose Jensen & Iliev 2022) and capital endogenised (Södersten et al. 2018)
HRV,Croatia,Europe,Waste management and disposal,land_use,km2,4.1534406831154105e-05,2022,EXIOBASE v3.8.2 IOT_2022_ixi with Danish sea-transport reallocation (Rørmose Jensen & Iliev 2022) and capital endogenised (Södersten et al. 2018)
CZE,Czech Republic,Europe,Minerals and Metals,blue_water_consumption,Mm3,4.145053473007487e-05,2022,EXIOBASE v3.8.2 IOT_2022_ixi with Danish sea-transport reallocation (Rørmose Jensen & Iliev 2022) and capital endogenised (Södersten et al. 2018)
DEU,Germany,Europe,Natural gas and gaseous fuels,blue_water_consumption,Mm3,4.0758203399131934e-05,2022,EXIOBASE v3.8.2 IOT_2022_ixi with Danish sea-transport reallocation (Rørmose Jensen & Iliev 2022) and capital endogenised (Södersten et al. 2018)
TUR,Turkey,Middle East,Transport Equipment,blue_water_consumption,Mm3,3.975737448707123e-05,2022,EXIOBASE v3.8.2 IOT_2022_ixi with Danish sea-transport reallocation (Rørmose Jensen & Iliev 2022) and capital endogenised (Södersten et al. 2018)
HUN,Hungary,Europe,Paper Products,land_use,km2,3.963501148168901e-05,2022,EXIOBASE v3.8.2 IOT_2022_ixi with Danish sea-transport reallocation (Rørmose Jensen & Iliev 2022) and capital endogenised (Södersten et al. 2018)
SVN,Slovenia,Europe,General and special Machinery,land_use,km2,3.923439433798919e-05,2022,EXIOBASE v3.8.2 IOT_2022_ixi with Danish sea-transport reallocation (Rørmose Jensen & Iliev 2022) and capital endogenised (Södersten et al. 2018)
GRC,Greece,Europe,Natural gas and gaseous fuels,waste_generation,kt,3.9019810121551386e-05,2022,EXIOBASE v3.8.2 IOT_2022_ixi with Danish sea-transport reallocation (Rørmose Jensen & Iliev 2022) and capital endogenised (Södersten et al. 2018)
HUN,Hungary,Europe,General and special Machinery,land_use,km2,3.791606357495507e-05,2022,EXIOBASE v3.8.2 IOT_2022_ixi with Danish sea-transport reallocation (Rørmose Jensen & Iliev 2022) and capital endogenised (Södersten et al. 2018)
CYP,Cyprus,Middle East,Textile,climate_change,kt CO2eq,3.741483157705993e-05,2022,EXIOBASE v3.8.2 IOT_2022_ixi with Danish sea-transport reallocation (Rørmose Jensen & Iliev 2022) and capital endogenised (Södersten et al. 2018)
JPN,Japan,Asia and Pacific,"Steam, hot water supply and water distribution",waste_generation,kt,3.708706990684111e-05,2022,EXIOBASE v3.8.2 IOT_2022_ixi with Danish sea-transport reallocation (Rørmose Jensen & Iliev 2022) and capital endogenised (Södersten et al. 2018)
RoW America,RoW America,America,Textile,material_extraction,kt,3.678545317211872e-05,2022,EXIOBASE v3.8.2 IOT_2022_ixi with Danish sea-transport reallocation (Rørmose Jensen & Iliev 2022) and capital endogenised (Södersten et al. 2018)
HUN,Hungary,Europe,Transport,blue_water_consumption,Mm3,3.6338674808113485e-05,2022,EXIOBASE v3.8.2 IOT_2022_ixi with Danish sea-transport reallocation (Rørmose Jensen & Iliev 2022) and capital endogenised (Södersten et al. 2018)
RoW Middle East,RoW Middle East,Middle East,Furniture and timber,blue_water_consumption,Mm3,3.622974353698725e-05,2022,EXIOBASE v3.8.2 IOT_2022_ixi with Danish sea-transport reallocation (Rørmose Jensen & Iliev 2022) and capital endogenised (Södersten et al. 2018)
IND,India,Asia and Pacific,"Steam, hot water supply and water distribution",waste_generation,kt,3.511012639392282e-05,2022,EXIOBASE v3.8.2 IOT_2022_ixi with Danish sea-transport reallocation (Rørmose Jensen & Iliev 2022) and capital endogenised (Södersten et al. 2018)
LTU,Lithuania,Europe,Textile,land_use,km2,3.51020439212499e-05,2022,EXIOBASE v3.8.2 IOT_2022_ixi with Danish sea-transport reallocation (Rørmose Jensen & Iliev 2022) and capital endogenised (Södersten et al. 2018)
LUX,Luxembourg,Europe,Natural gas and gaseous fuels,land_use,km2,3.365982781600942e-05,2022,EXIOBASE v3.8.2 IOT_2022_ixi with Danish sea-transport reallocation (Rørmose Jensen & Iliev 2022) and capital endogenised (Södersten et al. 2018)
SVK,Slovakia,Europe,General and special Machinery,blue_water_consumption,Mm3,3.3650751648505046e-05,2022,EXIOBASE v3.8.2 IOT_2022_ixi with Danish sea-transport reallocation (Rørmose Jensen & Iliev 2022) and capital endogenised (Södersten et al. 2018)
LVA,Latvia,Europe,Transport,blue_water_consumption,Mm3,3.2644671238993216e-05,2022,EXIOBASE v3.8.2 IOT_2022_ixi with Danish sea-transport reallocation (Rørmose Jensen & Iliev 2022) and capital endogenised (Södersten et al. 2018)
SVK,Slovakia,Europe,"Electrical, electronic and measuring equipment",blue_water_consumption,Mm3,3.1738708890734335e-05,2022,EXIOBASE v3.8.2 IOT_2022_ixi with Danish sea-transport reallocation (Rørmose Jensen & Iliev 2022) and capital endogenised (Södersten et al. 2018)
HUN,Hungary,Europe,Waste management and disposal,blue_water_consumption,Mm3,3.117647164976404e-05,2022,EXIOBASE v3.8.2 IOT_2022_ixi with Danish sea-transport reallocation (Rørmose Jensen & Iliev 2022) and capital endogenised (Södersten et al. 2018)
EST,Estonia,Europe,Metal Products,blue_water_consumption,Mm3,3.082256091836666e-05,2022,EXIOBASE v3.8.2 IOT_2022_ixi with Danish sea-transport reallocation (Rørmose Jensen & Iliev 2022) and capital endogenised (Södersten et al. 2018)
AUT,Austria,Europe,Natural gas and gaseous fuels,blue_water_consumption,Mm3,3.042706525141873e-05,2022,EXIOBASE v3.8.2 IOT_2022_ixi with Danish sea-transport reallocation (Rørmose Jensen & Iliev 2022) and capital endogenised (Södersten et al. 2018)
CZE,Czech Republic,Europe,Waste management and disposal,blue_water_consumption,Mm3,3.033562936254416e-05,2022,EXIOBASE v3.8.2 IOT_2022_ixi with Danish sea-transport reallocation (Rørmose Jensen & Iliev 2022) and capital endogenised (Södersten et al. 2018)
MEX,Mexico,America,Waste management and disposal,land_use,km2,3.030096879986992e-05,2022,EXIOBASE v3.8.2 IOT_2022_ixi with Danish sea-transport reallocation (Rørmose Jensen & Iliev 2022) and capital endogenised (Södersten et al. 2018)
MLT,Malta,Europe,Furniture and timber,waste_generation,kt,2.8973878287945242e-05,2022,EXIOBASE v3.8.2 IOT_2022_ixi with Danish sea-transport reallocation (Rørmose Jensen & Iliev 2022) and capital endogenised (Södersten et al. 2018)
LUX,Luxembourg,Europe,General and special Machinery,blue_water_consumption,Mm3,2.888002538399807e-05,2022,EXIOBASE v3.8.2 IOT_2022_ixi with Danish sea-transport reallocation (Rørmose Jensen & Iliev 2022) and capital endogenised (Södersten et al. 2018)
FIN,Finland,Europe,Waste management and disposal,blue_water_consumption,Mm3,2.8857684916572017e-05,2022,EXIOBASE v3.8.2 IOT_2022_ixi with Danish sea-transport reallocation (Rørmose Jensen & Iliev 2022) and capital endogenised (Södersten et al. 2018)
AUS,Australia,Asia and Pacific,Furniture and timber,blue_water_consumption,Mm3,2.8602543992119727e-05,2022,EXIOBASE v3.8.2 IOT_2022_ixi with Danish sea-transport reallocation (Rørmose Jensen & Iliev 2022) and capital endogenised (Södersten et al. 2018)
LTU,Lithuania,Europe,Waste management and disposal,waste_generation,kt,2.8398729252739062e-05,2022,EXIOBASE v3.8.2 IOT_2022_ixi with Danish sea-transport reallocation (Rørmose Jensen & Iliev 2022) and capital endogenised (Södersten et al. 2018)
BGR,Bulgaria,Europe,Minerals and Metals,land_use,km2,2.830523770817324e-05,2022,EXIOBASE v3.8.2 IOT_2022_ixi with Danish sea-transport reallocation (Rørmose Jensen & Iliev 2022) and capital endogenised (Södersten et al. 2018)
SVN,Slovenia,Europe,Non-metallic mineral products,blue_water_consumption,Mm3,2.8262943107087724e-05,2022,EXIOBASE v3.8.2 IOT_2022_ixi with Danish sea-transport reallocation (Rørmose Jensen & Iliev 2022) and capital endogenised (Södersten et al. 2018)
SVK,Slovakia,Europe,Chemical,land_use,km2,2.8031706133847307e-05,2022,EXIOBASE v3.8.2 IOT_2022_ixi with Danish sea-transport reallocation (Rørmose Jensen & Iliev 2022) and capital endogenised (Södersten et al. 2018)
SVN,Slovenia,Europe,Minerals and Metals,waste_generation,kt,2.759273425990607e-05,2022,EXIOBASE v3.8.2 IOT_2022_ixi with Danish sea-transport reallocation (Rørmose Jensen & Iliev 2022) and capital endogenised (Södersten et al. 2018)
CYP,Cyprus,Middle East,Waste management and disposal,waste_generation,kt,2.749044901534934e-05,2022,EXIOBASE v3.8.2 IOT_2022_ixi with Danish sea-transport reallocation (Rørmose Jensen & Iliev 2022) and capital endogenised (Södersten et al. 2018)
LUX,Luxembourg,Europe,Furniture and timber,blue_water_consumption,Mm3,2.6967018976564394e-05,2022,EXIOBASE v3.8.2 IOT_2022_ixi with Danish sea-transport reallocation (Rørmose Jensen & Iliev 2022) and capital endogenised (Södersten et al. 2018)
CHE,Switzerland,Europe,Waste management and disposal,blue_water_consumption,Mm3,2.6765732959789842e-05,2022,EXIOBASE v3.8.2 IOT_2022_ixi with Danish sea-transport reallocation (Rørmose Jensen & Iliev 2022) and capital endogenised (Södersten et al. 2018)
LUX,Luxembourg,Europe,Natural gas and gaseous fuels,waste_generation,kt,2.590845194361331e-05,2022,EXIOBASE v3.8.2 IOT_2022_ixi with Danish sea-transport reallocation (Rørmose Jensen & Iliev 2022) and capital endogenised (Södersten et al. 2018)
CHE,Switzerland,Europe,Transport Equipment,blue_water_consumption,Mm3,2.5840927263831406e-05,2022,EXIOBASE v3.8.2 IOT_2022_ixi with Danish sea-transport reallocation (Rørmose Jensen & Iliev 2022) and capital endogenised (Södersten et al. 2018)
GBR,United Kingdom,Europe,"Steam, hot water supply and water distribution",waste_generation,kt,2.5376026878307454e-05,2022,EXIOBASE v3.8.2 IOT_2022_ixi with Danish sea-transport reallocation (Rørmose Jensen & Iliev 2022) and capital endogenised (Södersten et al. 2018)
SVN,Slovenia,Europe,Paper Products,blue_water_consumption,Mm3,2.449267085027243e-05,2022,EXIOBASE v3.8.2 IOT_2022_ixi with Danish sea-transport reallocation (Rørmose Jensen & Iliev 2022) and capital endogenised (Södersten et al. 2018)
JPN,Japan,Asia and Pacific,Transport,waste_generation,kt,2.435672352221946e-05,2022,EXIOBASE v3.8.2 IOT_2022_ixi with Danish sea-transport reallocation (Rørmose Jensen & Iliev 2022) and capital endogenised (Södersten et al. 2018)
PRT,Portugal,Europe,Furniture and timber,blue_water_consumption,Mm3,2.4067047648377572e-05,2022,EXIOBASE v3.8.2 IOT_2022_ixi with Danish sea-transport reallocation (Rørmose Jensen & Iliev 2022) and capital endogenised (Södersten et al. 2018)
SVN,Slovenia,Europe,"Steam, hot water supply and water distribution",blue_water_consumption,Mm3,2.367561973985542e-05,2022,EXIOBASE v3.8.2 IOT_2022_ixi with Danish sea-transport reallocation (Rørmose Jensen & Iliev 2022) and capital endogenised (Södersten et al. 2018)
EST,Estonia,Europe,General and special Machinery,blue_water_consumption,Mm3,2.3400766559560524e-05,2022,EXIOBASE v3.8.2 IOT_2022_ixi with Danish sea-transport reallocation (Rørmose Jensen & Iliev 2022) and capital endogenised (Södersten et al. 2018)
BEL,Belgium,Europe,General and special Machinery,blue_water_consumption,Mm3,2.3077544626842424e-05,2022,EXIOBASE v3.8.2 IOT_2022_ixi with Danish sea-transport reallocation (Rørmose Jensen & Iliev 2022) and capital endogenised (Södersten et al. 2018)
EST,Estonia,Europe,Waste management and disposal,blue_water_consumption,Mm3,2.306960899791106e-05,2022,EXIOBASE v3.8.2 IOT_2022_ixi with Danish sea-transport reallocation (Rørmose Jensen & Iliev 2022) and capital endogenised (Södersten et al. 2018)
RUS,Russia,Europe,"Electrical, electronic and measuring equipment",land_use,km2,2.2797736215421944e-05,2022,EXIOBASE v3.8.2 IOT_2022_ixi with Danish sea-transport reallocation (Rørmose Jensen & Iliev 2022) and capital endogenised (Södersten et al. 2018)
ITA,Italy,Europe,Natural gas and gaseous fuels,blue_water_consumption,Mm3,2.1621455665997005e-05,2022,EXIOBASE v3.8.2 IOT_2022_ixi with Danish sea-transport reallocation (Rørmose Jensen & Iliev 2022) and capital endogenised (Södersten et al. 2018)
BGR,Bulgaria,Europe,"Electrical, electronic and measuring equipment",land_use,km2,2.150322914102495e-05,2022,EXIOBASE v3.8.2 IOT_2022_ixi with Danish sea-transport reallocation (Rørmose Jensen & Iliev 2022) and capital endogenised (Södersten et al. 2018)
EST,Estonia,Europe,Minerals and Metals,waste_generation,kt,2.141076917587648e-05,2022,EXIOBASE v3.8.2 IOT_2022_ixi with Danish sea-transport reallocation (Rørmose Jensen & Iliev 2022) and capital endogenised (Södersten et al. 2018)
CYP,Cyprus,Middle East,Furniture and timber,waste_generation,kt,2.1385274387741003e-05,2022,EXIOBASE v3.8.2 IOT_2022_ixi with Danish sea-transport reallocation (Rørmose Jensen & Iliev 2022) and capital endogenised (Södersten et al. 2018)
MEX,Mexico,America,General and special Machinery,material_extraction,kt,2.1190762477929267e-05,2022,EXIOBASE v3.8.2 IOT_2022_ixi with Danish sea-transport reallocation (Rørmose Jensen & Iliev 2022) and capital endogenised (Södersten et al. 2018)
HUN,Hungary,Europe,Electricity,land_use,km2,2.0516639106598906e-05,2022,EXIOBASE v3.8.2 IOT_2022_ixi with Danish sea-transport reallocation (Rørmose Jensen & Iliev 2022) and capital endogenised (Södersten et al. 2018)
SVN,Slovenia,Europe,"Electrical, electronic and measuring equipment",blue_water_consumption,Mm3,2.017276000208895e-05,2022,EXIOBASE v3.8.2 IOT_2022_ixi with Danish sea-transport reallocation (Rørmose Jensen & Iliev 2022) and capital endogenised (Södersten et al. 2018)
AUT,Austria,Europe,Transport Equipment,blue_water_consumption,Mm3,1.929388648923175e-05,2022,EXIOBASE v3.8.2 IOT_2022_ixi with Danish sea-transport reallocation (Rørmose Jensen & Iliev 2022) and capital endogenised (Södersten et al. 2018)
PRT,Portugal,Europe,Coal and Petroleum,blue_water_consumption,Mm3,1.916036094136932e-05,2022,EXIOBASE v3.8.2 IOT_2022_ixi with Danish sea-transport reallocation (Rørmose Jensen & Iliev 2022) and capital endogenised (Södersten et al. 2018)
FIN,Finland,Europe,Transport Equipment,blue_water_consumption,Mm3,1.8713195402061575e-05,2022,EXIOBASE v3.8.2 IOT_2022_ixi with Danish sea-transport reallocation (Rørmose Jensen & Iliev 2022) and capital endogenised (Södersten et al. 2018)
BGR,Bulgaria,Europe,Minerals and Metals,blue_water_consumption,Mm3,1.8657352780778495e-05,2022,EXIOBASE v3.8.2 IOT_2022_ixi with Danish sea-transport reallocation (Rørmose Jensen & Iliev 2022) and capital endogenised (Södersten et al. 2018)
CYP,Cyprus,Middle East,Non-metallic mineral products,blue_water_consumption,Mm3,1.8602440625295242e-05,2022,EXIOBASE v3.8.2 IOT_2022_ixi with Danish sea-transport reallocation (Rørmose Jensen & Iliev 2022) and capital endogenised (Södersten et al. 2018)
LTU,Lithuania,Europe,Transport,blue_water_consumption,Mm3,1.8015430490095363e-05,2022,EXIOBASE v3.8.2 IOT_2022_ixi with Danish sea-transport reallocation (Rørmose Jensen & Iliev 2022) and capital endogenised (Södersten et al. 2018)
TUR,Turkey,Middle East,General and special Machinery,land_use,km2,1.771477612286177e-05,2022,EXIOBASE v3.8.2 IOT_2022_ixi with Danish sea-transport reallocation (Rørmose Jensen & Iliev 2022) and capital endogenised (Södersten et al. 2018)
RoW Middle East,RoW Middle East,Middle East,Coal and Petroleum,land_use,km2,1.7673626622613873e-05,2022,EXIOBASE v3.8.2 IOT_2022_ixi with Danish sea-transport reallocation (Rørmose Jensen & Iliev 2022) and capital endogenised (Södersten et al. 2018)
LVA,Latvia,Europe,Minerals and Metals,waste_generation,kt,1.7471460299220766e-05,2022,EXIOBASE v3.8.2 IOT_2022_ixi with Danish sea-transport reallocation (Rørmose Jensen & Iliev 2022) and capital endogenised (Södersten et al. 2018)
SVK,Slovakia,Europe,Transport Equipment,blue_water_consumption,Mm3,1.730540039725542e-05,2022,EXIOBASE v3.8.2 IOT_2022_ixi with Danish sea-transport reallocation (Rørmose Jensen & Iliev 2022) and capital endogenised (Södersten et al. 2018)
SWE,Sweden,Europe,Coal and Petroleum,land_use,km2,1.717626064556586e-05,2022,EXIOBASE v3.8.2 IOT_2022_ixi with Danish sea-transport reallocation (Rørmose Jensen & Iliev 2022) and capital endogenised (Södersten et al. 2018)
LVA,Latvia,Europe,Coal and Petroleum,waste_generation,kt,1.7125908128651128e-05,2022,EXIOBASE v3.8.2 IOT_2022_ixi with Danish sea-transport reallocation (Rørmose Jensen & Iliev 2022) and capital endogenised (Södersten et al. 2018)
BRA,Brazil,America,Minerals and Metals,blue_water_consumption,Mm3,1.6955808805613287e-05,2022,EXIOBASE v3.8.2 IOT_2022_ixi with Danish sea-transport reallocation (Rørmose Jensen & Iliev 2022) and capital endogenised (Södersten et al. 2018)
CYP,Cyprus,Middle East,Transport Equipment,climate_change,kt CO2eq,1.6761188871046452e-05,2022,EXIOBASE v3.8.2 IOT_2022_ixi with Danish sea-transport reallocation (Rørmose Jensen & Iliev 2022) and capital endogenised (Södersten et al. 2018)
MLT,Malta,Europe,Paper Products,waste_generation,kt,1.637705059148756e-05,2022,EXIOBASE v3.8.2 IOT_2022_ixi with Danish sea-transport reallocation (Rørmose Jensen & Iliev 2022) and capital endogenised (Södersten et al. 2018)
JPN,Japan,Asia and Pacific,Minerals and Metals,waste_generation,kt,1.626290368688369e-05,2022,EXIOBASE v3.8.2 IOT_2022_ixi with Danish sea-transport reallocation (Rørmose Jensen & Iliev 2022) and capital endogenised (Södersten et al. 2018)
FIN,Finland,Europe,Textile,blue_water_consumption,Mm3,1.6116096136999016e-05,2022,EXIOBASE v3.8.2 IOT_2022_ixi with Danish sea-transport reallocation (Rørmose Jensen & Iliev 2022) and capital endogenised (Södersten et al. 2018)
BGR,Bulgaria,Europe,General and special Machinery,land_use,km2,1.610911930068108e-05,2022,EXIOBASE v3.8.2 IOT_2022_ixi with Danish sea-transport reallocation (Rørmose Jensen & Iliev 2022) and capital endogenised (Södersten et al. 2018)
PRT,Portugal,Europe,Transport,blue_water_consumption,Mm3,1.5452008996150827e-05,2022,EXIOBASE v3.8.2 IOT_2022_ixi with Danish sea-transport reallocation (Rørmose Jensen & Iliev 2022) and capital endogenised (Södersten et al. 2018)
EST,Estonia,Europe,Construction,blue_water_consumption,Mm3,1.537526056396391e-05,2022,EXIOBASE v3.8.2 IOT_2022_ixi with Danish sea-transport reallocation (Rørmose Jensen & Iliev 2022) and capital endogenised (Södersten et al. 2018)
HUN,Hungary,Europe,Furniture and timber,material_extraction,kt,1.51933984179821e-05,2022,EXIOBASE v3.8.2 IOT_2022_ixi with Danish sea-transport reallocation (Rørmose Jensen & Iliev 2022) and capital endogenised (Södersten et al. 2018)
LUX,Luxembourg,Europe,Services,land_use,km2,1.506250045761286e-05,2022,EXIOBASE v3.8.2 IOT_2022_ixi with Danish sea-transport reallocation (Rørmose Jensen & Iliev 2022) and capital endogenised (Södersten et al. 2018)
HRV,Croatia,Europe,Furniture and timber,material_extraction,kt,1.4921605409087682e-05,2022,EXIOBASE v3.8.2 IOT_2022_ixi with Danish sea-transport reallocation (Rørmose Jensen & Iliev 2022) and capital endogenised (Södersten et al. 2018)
GRC,Greece,Europe,"Steam, hot water supply and water distribution",waste_generation,kt,1.4671697550281865e-05,2022,EXIOBASE v3.8.2 IOT_2022_ixi with Danish sea-transport reallocation (Rørmose Jensen & Iliev 2022) and capital endogenised (Södersten et al. 2018)
IRL,Ireland,Europe,Minerals and Metals,blue_water_consumption,Mm3,1.430484046513828e-05,2022,EXIOBASE v3.8.2 IOT_2022_ixi with Danish sea-transport reallocation (Rørmose Jensen & Iliev 2022) and capital endogenised (Södersten et al. 2018)
TUR,Turkey,Middle East,Minerals and Metals,blue_water_consumption,Mm3,1.4185347837017384e-05,2022,EXIOBASE v3.8.2 IOT_2022_ixi with Danish sea-transport reallocation (Rørmose Jensen & Iliev 2022) and capital endogenised (Södersten et al. 2018)
HUN,Hungary,Europe,Natural gas and gaseous fuels,land_use,km2,1.4157951945692778e-05,2022,EXIOBASE v3.8.2 IOT_2022_ixi with Danish sea-transport reallocation (Rørmose Jensen & Iliev 2022) and capital endogenised (Södersten et al. 2018)
CZE,Czech Republic,Europe,Transport,blue_water_consumption,Mm3,1.409373013667789e-05,2022,EXIOBASE v3.8.2 IOT_2022_ixi with Danish sea-transport reallocation (Rørmose Jensen & Iliev 2022) and capital endogenised (Södersten et al. 2018)
MLT,Malta,Europe,Electricity,waste_generation,kt,1.326776248335201e-05,2022,EXIOBASE v3.8.2 IOT_2022_ixi with Danish sea-transport reallocation (Rørmose Jensen & Iliev 2022) and capital endogenised (Södersten et al. 2018)
SVN,Slovenia,Europe,Transport,blue_water_consumption,Mm3,1.296891552228886e-05,2022,EXIOBASE v3.8.2 IOT_2022_ixi with Danish sea-transport reallocation (Rørmose Jensen & Iliev 2022) and capital endogenised (Södersten et al. 2018)
TUR,Turkey,Middle East,"Steam, hot water supply and water distribution",blue_water_consumption,Mm3,1.2771124223612056e-05,2022,EXIOBASE v3.8.2 IOT_2022_ixi with Danish sea-transport reallocation (Rørmose Jensen & Iliev 2022) and capital endogenised (Södersten et al. 2018)
RoW Middle East,RoW Middle East,Middle East,Waste management and disposal,blue_water_consumption,Mm3,1.223546984285722e-05,2022,EXIOBASE v3.8.2 IOT_2022_ixi with Danish sea-transport reallocation (Rørmose Jensen & Iliev 2022) and capital endogenised (Södersten et al. 2018)
SWE,Sweden,Europe,Coal and Petroleum,blue_water_consumption,Mm3,1.20836937080879e-05,2022,EXIOBASE v3.8.2 IOT_2022_ixi with Danish sea-transport reallocation (Rørmose Jensen & Iliev 2022) and capital endogenised (Södersten et al. 2018)
MLT,Malta,Europe,Chemical,blue_water_consumption,Mm3,1.1601996021887983e-05,2022,EXIOBASE v3.8.2 IOT_2022_ixi with Danish sea-transport reallocation (Rørmose Jensen & Iliev 2022) and capital endogenised (Södersten et al. 2018)
SVN,Slovenia,Europe,Coal and Petroleum,land_use,km2,1.125180771160305e-05,2022,EXIOBASE v3.8.2 IOT_2022_ixi with Danish sea-transport reallocation (Rørmose Jensen & Iliev 2022) and capital endogenised (Södersten et al. 2018)
LTU,Lithuania,Europe,Waste management and disposal,blue_water_consumption,Mm3,1.1211585492971502e-05,2022,EXIOBASE v3.8.2 IOT_2022_ixi with Danish sea-transport reallocation (Rørmose Jensen & Iliev 2022) and capital endogenised (Södersten et al. 2018)
CYP,Cyprus,Middle East,Transport,waste_generation,kt,1.068655424079969e-05,2022,EXIOBASE v3.8.2 IOT_2022_ixi with Danish sea-transport reallocation (Rørmose Jensen & Iliev 2022) and capital endogenised (Södersten et al. 2018)
CYP,Cyprus,Middle East,Paper Products,blue_water_consumption,Mm3,1.0623305261093392e-05,2022,EXIOBASE v3.8.2 IOT_2022_ixi with Danish sea-transport reallocation (Rørmose Jensen & Iliev 2022) and capital endogenised (Södersten et al. 2018)
MLT,Malta,Europe,Waste management and disposal,waste_generation,kt,1.0608709291185862e-05,2022,EXIOBASE v3.8.2 IOT_2022_ixi with Danish sea-transport reallocation (Rørmose Jensen & Iliev 2022) and capital endogenised (Södersten et al. 2018)
HUN,Hungary,Europe,"Steam, hot water supply and water distribution",blue_water_consumption,Mm3,1.0443860201566827e-05,2022,EXIOBASE v3.8.2 IOT_2022_ixi with Danish sea-transport reallocation (Rørmose Jensen & Iliev 2022) and capital endogenised (Södersten et al. 2018)
NOR,Norway,Europe,General and special Machinery,material_extraction,kt,1.01359983499443e-05,2022,EXIOBASE v3.8.2 IOT_2022_ixi with Danish sea-transport reallocation (Rørmose Jensen & Iliev 2022) and capital endogenised (Södersten et al. 2018)
CYP,Cyprus,Middle East,Metal Products,blue_water_consumption,Mm3,1.00434895878432e-05,2022,EXIOBASE v3.8.2 IOT_2022_ixi with Danish sea-transport reallocation (Rørmose Jensen & Iliev 2022) and capital endogenised (Södersten et al. 2018)
CAN,Canada,America,Minerals and Metals,blue_water_consumption,Mm3,9.914450412426615e-06,2022,EXIOBASE v3.8.2 IOT_2022_ixi with Danish sea-transport reallocation (Rørmose Jensen & Iliev 2022) and capital endogenised (Södersten et al. 2018)
FRA,France,Europe,Services,blue_water_consumption,Mm3,9.828114998293538e-06,2022,EXIOBASE v3.8.2 IOT_2022_ixi with Danish sea-transport reallocation (Rørmose Jensen & Iliev 2022) and capital endogenised (Södersten et al. 2018)
NOR,Norway,Europe,Construction,blue_water_consumption,Mm3,9.2228432198643e-06,2022,EXIOBASE v3.8.2 IOT_2022_ixi with Danish sea-transport reallocation (Rørmose Jensen & Iliev 2022) and capital endogenised (Södersten et al. 2018)
RoW Africa,RoW Africa,Africa,"Electrical, electronic and measuring equipment",material_extraction,kt,9.204776642952566e-06,2022,EXIOBASE v3.8.2 IOT_2022_ixi with Danish sea-transport reallocation (Rørmose Jensen & Iliev 2022) and capital endogenised (Södersten et al. 2018)
GRC,Greece,Europe,Natural gas and gaseous fuels,material_extraction,kt,8.735407339143315e-06,2022,EXIOBASE v3.8.2 IOT_2022_ixi with Danish sea-transport reallocation (Rørmose Jensen & Iliev 2022) and capital endogenised (Södersten et al. 2018)
SVN,Slovenia,Europe,Furniture and timber,blue_water_consumption,Mm3,8.712370630602e-06,2022,EXIOBASE v3.8.2 IOT_2022_ixi with Danish sea-transport reallocation (Rørmose Jensen & Iliev 2022) and capital endogenised (Södersten et al. 2018)
CYP,Cyprus,Middle East,Metal Products,waste_generation,kt,8.576799551048437e-06,2022,EXIOBASE v3.8.2 IOT_2022_ixi with Danish sea-transport reallocation (Rørmose Jensen & Iliev 2022) and capital endogenised (Södersten et al. 2018)
MEX,Mexico,America,Transport,waste_generation,kt,7.954788615201965e-06,2022,EXIOBASE v3.8.2 IOT_2022_ixi with Danish sea-transport reallocation (Rørmose Jensen & Iliev 2022) and capital endogenised (Södersten et al. 2018)
FRA,France,Europe,Waste management and disposal,blue_water_consumption,Mm3,7.942933275100934e-06,2022,EXIOBASE v3.8.2 IOT_2022_ixi with Danish sea-transport reallocation (Rørmose Jensen & Iliev 2022) and capital endogenised (Södersten et al. 2018)
MLT,Malta,Europe,Furniture and timber,blue_water_consumption,Mm3,7.940846768342849e-06,2022,EXIOBASE v3.8.2 IOT_2022_ixi with Danish sea-transport reallocation (Rørmose Jensen & Iliev 2022) and capital endogenised (Södersten et al. 2018)
SWE,Sweden,Europe,"Steam, hot water supply and water distribution",blue_water_consumption,Mm3,7.711085357304413e-06,2022,EXIOBASE v3.8.2 IOT_2022_ixi with Danish sea-transport reallocation (Rørmose Jensen & Iliev 2022) and capital endogenised (Södersten et al. 2018)
MLT,Malta,Europe,Non-metallic mineral products,waste_generation,kt,7.600992135144943e-06,2022,EXIOBASE v3.8.2 IOT_2022_ixi with Danish sea-transport reallocation (Rørmose Jensen & Iliev 2022) and capital endogenised (Södersten et al. 2018)
ZAF,South Africa,Africa,Coal and Petroleum,blue_water_consumption,Mm3,7.52153084475515e-06,2022,EXIOBASE v3.8.2 IOT_2022_ixi with Danish sea-transport reallocation (Rørmose Jensen & Iliev 2022) and capital endogenised (Södersten et al. 2018)
LUX,Luxembourg,Europe,Minerals and Metals,waste_generation,kt,7.382349068826888e-06,2022,EXIOBASE v3.8.2 IOT_2022_ixi with Danish sea-transport reallocation (Rørmose Jensen & Iliev 2022) and capital endogenised (Södersten et al. 2018)
HUN,Hungary,Europe,Chemical,land_use,km2,7.359875905992104e-06,2022,EXIOBASE v3.8.2 IOT_2022_ixi with Danish sea-transport reallocation (Rørmose Jensen & Iliev 2022) and capital endogenised (Södersten et al. 2018)
RoW Middle East,RoW Middle East,Middle East,Construction,blue_water_consumption,Mm3,7.351357894182312e-06,2022,EXIOBASE v3.8.2 IOT_2022_ixi with Danish sea-transport reallocation (Rørmose Jensen & Iliev 2022) and capital endogenised (Södersten et al. 2018)
MEX,Mexico,America,Transport Equipment,land_use,km2,7.3445812499246745e-06,2022,EXIOBASE v3.8.2 IOT_2022_ixi with Danish sea-transport reallocation (Rørmose Jensen & Iliev 2022) and capital endogenised (Södersten et al. 2018)
DEU,Germany,Europe,Transport,blue_water_consumption,Mm3,7.153523899373276e-06,2022,EXIOBASE v3.8.2 IOT_2022_ixi with Danish sea-transport reallocation (Rørmose Jensen & Iliev 2022) and capital endogenised (Södersten et al. 2018)
SVK,Slovakia,Europe,Coal and Petroleum,land_use,km2,7.151307435472956e-06,2022,EXIOBASE v3.8.2 IOT_2022_ixi with Danish sea-transport reallocation (Rørmose Jensen & Iliev 2022) and capital endogenised (Södersten et al. 2018)
BGR,Bulgaria,Europe,Natural gas and gaseous fuels,blue_water_consumption,Mm3,6.988294628218574e-06,2022,EXIOBASE v3.8.2 IOT_2022_ixi with Danish sea-transport reallocation (Rørmose Jensen & Iliev 2022) and capital endogenised (Södersten et al. 2018)
HRV,Croatia,Europe,Transport Equipment,blue_water_consumption,Mm3,6.519779901493116e-06,2022,EXIOBASE v3.8.2 IOT_2022_ixi with Danish sea-transport reallocation (Rørmose Jensen & Iliev 2022) and capital endogenised (Södersten et al. 2018)
EST,Estonia,Europe,Coal and Petroleum,blue_water_consumption,Mm3,6.398113465896048e-06,2022,EXIOBASE v3.8.2 IOT_2022_ixi with Danish sea-transport reallocation (Rørmose Jensen & Iliev 2022) and capital endogenised (Södersten et al. 2018)
AUT,Austria,Europe,Construction,blue_water_consumption,Mm3,6.241032710341599e-06,2022,EXIOBASE v3.8.2 IOT_2022_ixi with Danish sea-transport reallocation (Rørmose Jensen & Iliev 2022) and capital endogenised (Södersten et al. 2018)
EST,Estonia,Europe,Services,land_use,km2,6.071478807135224e-06,2022,EXIOBASE v3.8.2 IOT_2022_ixi with Danish sea-transport reallocation (Rørmose Jensen & Iliev 2022) and capital endogenised (Södersten et al. 2018)
SVN,Slovenia,Europe,Textile,blue_water_consumption,Mm3,5.9706774259728335e-06,2022,EXIOBASE v3.8.2 IOT_2022_ixi with Danish sea-transport reallocation (Rørmose Jensen & Iliev 2022) and capital endogenised (Södersten et al. 2018)
SVN,Slovenia,Europe,Waste management and disposal,blue_water_consumption,Mm3,5.873273764031497e-06,2022,EXIOBASE v3.8.2 IOT_2022_ixi with Danish sea-transport reallocation (Rørmose Jensen & Iliev 2022) and capital endogenised (Södersten et al. 2018)
LUX,Luxembourg,Europe,Textile,waste_generation,kt,5.814876378917651e-06,2022,EXIOBASE v3.8.2 IOT_2022_ixi with Danish sea-transport reallocation (Rørmose Jensen & Iliev 2022) and capital endogenised (Södersten et al. 2018)
RoW America,RoW America,America,"Steam, hot water supply and water distribution",blue_water_consumption,Mm3,5.742874914826292e-06,2022,EXIOBASE v3.8.2 IOT_2022_ixi with Danish sea-transport reallocation (Rørmose Jensen & Iliev 2022) and capital endogenised (Södersten et al. 2018)
GBR,United Kingdom,Europe,Waste management and disposal,blue_water_consumption,Mm3,5.5988070742999984e-06,2022,EXIOBASE v3.8.2 IOT_2022_ixi with Danish sea-transport reallocation (Rørmose Jensen & Iliev 2022) and capital endogenised (Södersten et al. 2018)
HUN,Hungary,Europe,"Steam, hot water supply and water distribution",land_use,km2,5.446359285192871e-06,2022,EXIOBASE v3.8.2 IOT_2022_ixi with Danish sea-transport reallocation (Rørmose Jensen & Iliev 2022) and capital endogenised (Södersten et al. 2018)
ESP,Spain,Europe,"Steam, hot water supply and water distribution",blue_water_consumption,Mm3,5.41621395229588e-06,2022,EXIOBASE v3.8.2 IOT_2022_ixi with Danish sea-transport reallocation (Rørmose Jensen & Iliev 2022) and capital endogenised (Södersten et al. 2018)
MLT,Malta,Europe,"Electrical, electronic and measuring equipment",waste_generation,kt,5.4117516295750695e-06,2022,EXIOBASE v3.8.2 IOT_2022_ixi with Danish sea-transport reallocation (Rørmose Jensen & Iliev 2022) and capital endogenised (Södersten et al. 2018)
ESP,Spain,Europe,Waste management and disposal,blue_water_consumption,Mm3,5.3962834104916155e-06,2022,EXIOBASE v3.8.2 IOT_2022_ixi with Danish sea-transport reallocation (Rørmose Jensen & Iliev 2022) and capital endogenised (Södersten et al. 2018)
LTU,Lithuania,Europe,Transport Equipment,blue_water_consumption,Mm3,5.379493446480781e-06,2022,EXIOBASE v3.8.2 IOT_2022_ixi with Danish sea-transport reallocation (Rørmose Jensen & Iliev 2022) and capital endogenised (Södersten et al. 2018)
CYP,Cyprus,Middle East,Chemical,blue_water_consumption,Mm3,5.342323210542711e-06,2022,EXIOBASE v3.8.2 IOT_2022_ixi with Danish sea-transport reallocation (Rørmose Jensen & Iliev 2022) and capital endogenised (Södersten et al. 2018)
HRV,Croatia,Europe,Minerals and Metals,blue_water_consumption,Mm3,5.319401101869703e-06,2022,EXIOBASE v3.8.2 IOT_2022_ixi with Danish sea-transport reallocation (Rørmose Jensen & Iliev 2022) and capital endogenised (Södersten et al. 2018)
MLT,Malta,Europe,Paper Products,blue_water_consumption,Mm3,5.112016109227253e-06,2022,EXIOBASE v3.8.2 IOT_2022_ixi with Danish sea-transport reallocation (Rørmose Jensen & Iliev 2022) and capital endogenised (Södersten et al. 2018)
MLT,Malta,Europe,"Electrical, electronic and measuring equipment",land_use,km2,5.083811454921691e-06,2022,EXIOBASE v3.8.2 IOT_2022_ixi with Danish sea-transport reallocation (Rørmose Jensen & Iliev 2022) and capital endogenised (Södersten et al. 2018)
LUX,Luxembourg,Europe,Electricity,blue_water_consumption,Mm3,5.06942902236095e-06,2022,EXIOBASE v3.8.2 IOT_2022_ixi with Danish sea-transport reallocation (Rørmose Jensen & Iliev 2022) and capital endogenised (Södersten et al. 2018)
AUS,Australia,Asia and Pacific,"Steam, hot water supply and water distribution",waste_generation,kt,5.03957084889344e-06,2022,EXIOBASE v3.8.2 IOT_2022_ixi with Danish sea-transport reallocation (Rørmose Jensen & Iliev 2022) and capital endogenised (Södersten et al. 2018)
EST,Estonia,Europe,Natural gas and gaseous fuels,blue_water_consumption,Mm3,4.9387982098359264e-06,2022,EXIOBASE v3.8.2 IOT_2022_ixi with Danish sea-transport reallocation (Rørmose Jensen & Iliev 2022) and capital endogenised (Södersten et al. 2018)
LUX,Luxembourg,Europe,Construction,blue_water_consumption,Mm3,4.734223093086781e-06,2022,EXIOBASE v3.8.2 IOT_2022_ixi with Danish sea-transport reallocation (Rørmose Jensen & Iliev 2022) and capital endogenised (Södersten et al. 2018)
ROU,Romania,Europe,Transport Equipment,blue_water_consumption,Mm3,4.626072601986985e-06,2022,EXIOBASE v3.8.2 IOT_2022_ixi with Danish sea-transport reallocation (Rørmose Jensen & Iliev 2022) and capital endogenised (Södersten et al. 2018)
LVA,Latvia,Europe,Transport Equipment,blue_water_consumption,Mm3,4.526875345908343e-06,2022,EXIOBASE v3.8.2 IOT_2022_ixi with Danish sea-transport reallocation (Rørmose Jensen & Iliev 2022) and capital endogenised (Södersten et al. 2018)
TUR,Turkey,Middle East,Waste management and disposal,blue_water_consumption,Mm3,4.472772745966627e-06,2022,EXIOBASE v3.8.2 IOT_2022_ixi with Danish sea-transport reallocation (Rørmose Jensen & Iliev 2022) and capital endogenised (Södersten et al. 2018)
BGR,Bulgaria,Europe,Non-metallic mineral products,land_use,km2,4.4392303569338235e-06,2022,EXIOBASE v3.8.2 IOT_2022_ixi with Danish sea-transport reallocation (Rørmose Jensen & Iliev 2022) and capital endogenised (Södersten et al. 2018)
GRC,Greece,Europe,Waste management and disposal,blue_water_consumption,Mm3,4.249470946816131e-06,2022,EXIOBASE v3.8.2 IOT_2022_ixi with Danish sea-transport reallocation (Rørmose Jensen & Iliev 2022) and capital endogenised (Södersten et al. 2018)
MEX,Mexico,America,Coal and Petroleum,blue_water_consumption,Mm3,4.222445679333304e-06,2022,EXIOBASE v3.8.2 IOT_2022_ixi with Danish sea-transport reallocation (Rørmose Jensen & Iliev 2022) and capital endogenised (Södersten et al. 2018)
CYP,Cyprus,Middle East,Textile,blue_water_consumption,Mm3,4.1760270481455366e-06,2022,EXIOBASE v3.8.2 IOT_2022_ixi with Danish sea-transport reallocation (Rørmose Jensen & Iliev 2022) and capital endogenised (Södersten et al. 2018)
HUN,Hungary,Europe,Minerals and Metals,land_use,km2,4.107188645055628e-06,2022,EXIOBASE v3.8.2 IOT_2022_ixi with Danish sea-transport reallocation (Rørmose Jensen & Iliev 2022) and capital endogenised (Södersten et al. 2018)
CHE,Switzerland,Europe,Minerals and Metals,blue_water_consumption,Mm3,4.083809265254423e-06,2022,EXIOBASE v3.8.2 IOT_2022_ixi with Danish sea-transport reallocation (Rørmose Jensen & Iliev 2022) and capital endogenised (Södersten et al. 2018)
MEX,Mexico,America,Services,land_use,km2,4.024053795568092e-06,2022,EXIOBASE v3.8.2 IOT_2022_ixi with Danish sea-transport reallocation (Rørmose Jensen & Iliev 2022) and capital endogenised (Södersten et al. 2018)
CZE,Czech Republic,Europe,Natural gas and gaseous fuels,blue_water_consumption,Mm3,4.015299422819815e-06,2022,EXIOBASE v3.8.2 IOT_2022_ixi with Danish sea-transport reallocation (Rørmose Jensen & Iliev 2022) and capital endogenised (Södersten et al. 2018)
MEX,Mexico,America,Waste management and disposal,blue_water_consumption,Mm3,3.910478498365279e-06,2022,EXIOBASE v3.8.2 IOT_2022_ixi with Danish sea-transport reallocation (Rørmose Jensen & Iliev 2022) and capital endogenised (Södersten et al. 2018)
MLT,Malta,Europe,General and special Machinery,waste_generation,kt,3.8613924824149475e-06,2022,EXIOBASE v3.8.2 IOT_2022_ixi with Danish sea-transport reallocation (Rørmose Jensen & Iliev 2022) and capital endogenised (Södersten et al. 2018)
CYP,Cyprus,Middle East,General and special Machinery,waste_generation,kt,3.789807239006151e-06,2022,EXIOBASE v3.8.2 IOT_2022_ixi with Danish sea-transport reallocation (Rørmose Jensen & Iliev 2022) and capital endogenised (Södersten et al. 2018)
MEX,Mexico,America,Paper Products,material_extraction,kt,3.777417317743749e-06,2022,EXIOBASE v3.8.2 IOT_2022_ixi with Danish sea-transport reallocation (Rørmose Jensen & Iliev 2022) and capital endogenised (Södersten et al. 2018)
LUX,Luxembourg,Europe,Transport,blue_water_consumption,Mm3,3.748744270897276e-06,2022,EXIOBASE v3.8.2 IOT_2022_ixi with Danish sea-transport reallocation (Rørmose Jensen & Iliev 2022) and capital endogenised (Södersten et al. 2018)
MLT,Malta,Europe,Minerals and Metals,waste_generation,kt,3.6657909228635573e-06,2022,EXIOBASE v3.8.2 IOT_2022_ixi with Danish sea-transport reallocation (Rørmose Jensen & Iliev 2022) and capital endogenised (Södersten et al. 2018)
EST,Estonia,Europe,Minerals and Metals,blue_water_consumption,Mm3,3.5488499556795286e-06,2022,EXIOBASE v3.8.2 IOT_2022_ixi with Danish sea-transport reallocation (Rørmose Jensen & Iliev 2022) and capital endogenised (Södersten et al. 2018)
GRC,Greece,Europe,"Electrical, electronic and measuring equipment",blue_water_consumption,Mm3,3.521717621079672e-06,2022,EXIOBASE v3.8.2 IOT_2022_ixi with Danish sea-transport reallocation (Rørmose Jensen & Iliev 2022) and capital endogenised (Södersten et al. 2018)
MLT,Malta,Europe,Metal Products,blue_water_consumption,Mm3,3.513500923898117e-06,2022,EXIOBASE v3.8.2 IOT_2022_ixi with Danish sea-transport reallocation (Rørmose Jensen & Iliev 2022) and capital endogenised (Södersten et al. 2018)
NOR,Norway,Europe,"Steam, hot water supply and water distribution",blue_water_consumption,Mm3,3.500339685733235e-06,2022,EXIOBASE v3.8.2 IOT_2022_ixi with Danish sea-transport reallocation (Rørmose Jensen & Iliev 2022) and capital endogenised (Södersten et al. 2018)
MLT,Malta,Europe,Transport Equipment,waste_generation,kt,3.281198788255303e-06,2022,EXIOBASE v3.8.2 IOT_2022_ixi with Danish sea-transport reallocation (Rørmose Jensen & Iliev 2022) and capital endogenised (Södersten et al. 2018)
BEL,Belgium,Europe,"Electrical, electronic and measuring equipment",blue_water_consumption,Mm3,3.1490706141773983e-06,2022,EXIOBASE v3.8.2 IOT_2022_ixi with Danish sea-transport reallocation (Rørmose Jensen & Iliev 2022) and capital endogenised (Södersten et al. 2018)
RoW Middle East,RoW Middle East,Middle East,Transport Equipment,land_use,km2,3.118243641456288e-06,2022,EXIOBASE v3.8.2 IOT_2022_ixi with Danish sea-transport reallocation (Rørmose Jensen & Iliev 2022) and capital endogenised (Södersten et al. 2018)
GRC,Greece,Europe,Furniture and timber,blue_water_consumption,Mm3,2.9266084947184463e-06,2022,EXIOBASE v3.8.2 IOT_2022_ixi with Danish sea-transport reallocation (Rørmose Jensen & Iliev 2022) and capital endogenised (Södersten et al. 2018)
BRA,Brazil,America,Coal and Petroleum,blue_water_consumption,Mm3,2.91299936903641e-06,2022,EXIOBASE v3.8.2 IOT_2022_ixi with Danish sea-transport reallocation (Rørmose Jensen & Iliev 2022) and capital endogenised (Södersten et al. 2018)
SVN,Slovenia,Europe,Construction,blue_water_consumption,Mm3,2.7838553184291976e-06,2022,EXIOBASE v3.8.2 IOT_2022_ixi with Danish sea-transport reallocation (Rørmose Jensen & Iliev 2022) and capital endogenised (Södersten et al. 2018)
DNK,Denmark,Denmark,Transport,blue_water_consumption,Mm3,2.6748070830701366e-06,2022,EXIOBASE v3.8.2 IOT_2022_ixi with Danish sea-transport reallocation (Rørmose Jensen & Iliev 2022) and capital endogenised (Södersten et al. 2018)
LTU,Lithuania,Europe,"Steam, hot water supply and water distribution",blue_water_consumption,Mm3,2.6544275593896657e-06,2022,EXIOBASE v3.8.2 IOT_2022_ixi with Danish sea-transport reallocation (Rørmose Jensen & Iliev 2022) and capital endogenised (Södersten et al. 2018)
RoW Africa,RoW Africa,Africa,Textile,material_extraction,kt,2.524395876606307e-06,2022,EXIOBASE v3.8.2 IOT_2022_ixi with Danish sea-transport reallocation (Rørmose Jensen & Iliev 2022) and capital endogenised (Södersten et al. 2018)
IRL,Ireland,Europe,"Steam, hot water supply and water distribution",waste_generation,kt,2.511116186745294e-06,2022,EXIOBASE v3.8.2 IOT_2022_ixi with Danish sea-transport reallocation (Rørmose Jensen & Iliev 2022) and capital endogenised (Södersten et al. 2018)
MLT,Malta,Europe,"Electrical, electronic and measuring equipment",blue_water_consumption,Mm3,2.3366553366140783e-06,2022,EXIOBASE v3.8.2 IOT_2022_ixi with Danish sea-transport reallocation (Rørmose Jensen & Iliev 2022) and capital endogenised (Södersten et al. 2018)
IDN,Indonesia,Asia and Pacific,Transport Equipment,blue_water_consumption,Mm3,2.3198361321357468e-06,2022,EXIOBASE v3.8.2 IOT_2022_ixi with Danish sea-transport reallocation (Rørmose Jensen & Iliev 2022) and capital endogenised (Södersten et al. 2018)
RoW Middle East,RoW Middle East,Middle East,"Electrical, electronic and measuring equipment",land_use,km2,2.2347905331413377e-06,2022,EXIOBASE v3.8.2 IOT_2022_ixi with Danish sea-transport reallocation (Rørmose Jensen & Iliev 2022) and capital endogenised (Södersten et al. 2018)
LUX,Luxembourg,Europe,Services,blue_water_consumption,Mm3,2.213405536849021e-06,2022,EXIOBASE v3.8.2 IOT_2022_ixi with Danish sea-transport reallocation (Rørmose Jensen & Iliev 2022) and capital endogenised (Södersten et al. 2018)
MLT,Malta,Europe,Construction,blue_water_consumption,Mm3,2.15296517432026e-06,2022,EXIOBASE v3.8.2 IOT_2022_ixi with Danish sea-transport reallocation (Rørmose Jensen & Iliev 2022) and capital endogenised (Södersten et al. 2018)
LUX,Luxembourg,Europe,"Steam, hot water supply and water distribution",waste_generation,kt,2.107298139063508e-06,2022,EXIOBASE v3.8.2 IOT_2022_ixi with Danish sea-transport reallocation (Rørmose Jensen & Iliev 2022) and capital endogenised (Södersten et al. 2018)
SVK,Slovakia,Europe,Natural gas and gaseous fuels,land_use,km2,2.099951801387562e-06,2022,EXIOBASE v3.8.2 IOT_2022_ixi with Danish sea-transport reallocation (Rørmose Jensen & Iliev 2022) and capital endogenised (Södersten et al. 2018)
HUN,Hungary,Europe,Non-metallic mineral products,land_use,km2,2.0390847362178304e-06,2022,EXIOBASE v3.8.2 IOT_2022_ixi with Danish sea-transport reallocation (Rørmose Jensen & Iliev 2022) and capital endogenised (Södersten et al. 2018)
CYP,Cyprus,Middle East,Furniture and timber,blue_water_consumption,Mm3,1.968223682460249e-06,2022,EXIOBASE v3.8.2 IOT_2022_ixi with Danish sea-transport reallocation (Rørmose Jensen & Iliev 2022) and capital endogenised (Södersten et al. 2018)
CYP,Cyprus,Middle East,Minerals and Metals,waste_generation,kt,1.9382920957754938e-06,2022,EXIOBASE v3.8.2 IOT_2022_ixi with Danish sea-transport reallocation (Rørmose Jensen & Iliev 2022) and capital endogenised (Södersten et al. 2018)
MEX,Mexico,America,Services,blue_water_consumption,Mm3,1.934531669904611e-06,2022,EXIOBASE v3.8.2 IOT_2022_ixi with Danish sea-transport reallocation (Rørmose Jensen & Iliev 2022) and capital endogenised (Södersten et al. 2018)
ZAF,South Africa,Africa,"Steam, hot water supply and water distribution",waste_generation,kt,1.933309012145619e-06,2022,EXIOBASE v3.8.2 IOT_2022_ixi with Danish sea-transport reallocation (Rørmose Jensen & Iliev 2022) and capital endogenised (Södersten et al. 2018)
ESP,Spain,Europe,Natural gas and gaseous fuels,blue_water_consumption,Mm3,1.9120061158222012e-06,2022,EXIOBASE v3.8.2 IOT_2022_ixi with Danish sea-transport reallocation (Rørmose Jensen & Iliev 2022) and capital endogenised (Södersten et al. 2018)
CZE,Czech Republic,Europe,Electricity,blue_water_consumption,Mm3,1.8685031837320328e-06,2022,EXIOBASE v3.8.2 IOT_2022_ixi with Danish sea-transport reallocation (Rørmose Jensen & Iliev 2022) and capital endogenised (Södersten et al. 2018)
KOR,South Korea,Asia and Pacific,Textile,land_use,km2,1.838821901533204e-06,2022,EXIOBASE v3.8.2 IOT_2022_ixi with Danish sea-transport reallocation (Rørmose Jensen & Iliev 2022) and capital endogenised (Södersten et al. 2018)
SVN,Slovenia,Europe,Minerals and Metals,blue_water_consumption,Mm3,1.8339171374540242e-06,2022,EXIOBASE v3.8.2 IOT_2022_ixi with Danish sea-transport reallocation (Rørmose Jensen & Iliev 2022) and capital endogenised (Södersten et al. 2018)
HRV,Croatia,Europe,Natural gas and gaseous fuels,blue_water_consumption,Mm3,1.8058822039976416e-06,2022,EXIOBASE v3.8.2 IOT_2022_ixi with Danish sea-transport reallocation (Rørmose Jensen & Iliev 2022) and capital endogenised (Södersten et al. 2018)
ZAF,South Africa,Africa,Waste management and disposal,blue_water_consumption,Mm3,1.784862499216166e-06,2022,EXIOBASE v3.8.2 IOT_2022_ixi with Danish sea-transport reallocation (Rørmose Jensen & Iliev 2022) and capital endogenised (Södersten et al. 2018)
HUN,Hungary,Europe,Natural gas and gaseous fuels,blue_water_consumption,Mm3,1.7629229282148226e-06,2022,EXIOBASE v3.8.2 IOT_2022_ixi with Danish sea-transport reallocation (Rørmose Jensen & Iliev 2022) and capital endogenised (Södersten et al. 2018)
SVK,Slovakia,Europe,"Steam, hot water supply and water distribution",blue_water_consumption,Mm3,1.7589424813627034e-06,2022,EXIOBASE v3.8.2 IOT_2022_ixi with Danish sea-transport reallocation (Rørmose Jensen & Iliev 2022) and capital endogenised (Södersten et al. 2018)
CYP,Cyprus,Middle East,Transport Equipment,waste_generation,kt,1.6843661180019309e-06,2022,EXIOBASE v3.8.2 IOT_2022_ixi with Danish sea-transport reallocation (Rørmose Jensen & Iliev 2022) and capital endogenised (Södersten et al. 2018)
HUN,Hungary,Europe,Minerals and Metals,blue_water_consumption,Mm3,1.6756086018854663e-06,2022,EXIOBASE v3.8.2 IOT_2022_ixi with Danish sea-transport reallocation (Rørmose Jensen & Iliev 2022) and capital endogenised (Södersten et al. 2018)
GRC,Greece,Europe,General and special Machinery,blue_water_consumption,Mm3,1.6701901015041935e-06,2022,EXIOBASE v3.8.2 IOT_2022_ixi with Danish sea-transport reallocation (Rørmose Jensen & Iliev 2022) and capital endogenised (Södersten et al. 2018)
MLT,Malta,Europe,Metal Products,waste_generation,kt,1.5961874953465984e-06,2022,EXIOBASE v3.8.2 IOT_2022_ixi with Danish sea-transport reallocation (Rørmose Jensen & Iliev 2022) and capital endogenised (Södersten et al. 2018)
ZAF,South Africa,Africa,Transport,blue_water_consumption,Mm3,1.466911421310309e-06,2022,EXIOBASE v3.8.2 IOT_2022_ixi with Danish sea-transport reallocation (Rørmose Jensen & Iliev 2022) and capital endogenised (Södersten et al. 2018)
CZE,Czech Republic,Europe,"Steam, hot water supply and water distribution",blue_water_consumption,Mm3,1.416195588938476e-06,2022,EXIOBASE v3.8.2 IOT_2022_ixi with Danish sea-transport reallocation (Rørmose Jensen & Iliev 2022) and capital endogenised (Södersten et al. 2018)
LVA,Latvia,Europe,Electricity,blue_water_consumption,Mm3,1.4043664202527593e-06,2022,EXIOBASE v3.8.2 IOT_2022_ixi with Danish sea-transport reallocation (Rørmose Jensen & Iliev 2022) and capital endogenised (Södersten et al. 2018)
HRV,Croatia,Europe,Coal and Petroleum,blue_water_consumption,Mm3,1.3134103254764864e-06,2022,EXIOBASE v3.8.2 IOT_2022_ixi with Danish sea-transport reallocation (Rørmose Jensen & Iliev 2022) and capital endogenised (Södersten et al. 2018)
HRV,Croatia,Europe,Waste management and disposal,blue_water_consumption,Mm3,1.2647175996075227e-06,2022,EXIOBASE v3.8.2 IOT_2022_ixi with Danish sea-transport reallocation (Rørmose Jensen & Iliev 2022) and capital endogenised (Södersten et al. 2018)
MLT,Malta,Europe,Non-metallic mineral products,blue_water_consumption,Mm3,1.251032390313893e-06,2022,EXIOBASE v3.8.2 IOT_2022_ixi with Danish sea-transport reallocation (Rørmose Jensen & Iliev 2022) and capital endogenised (Södersten et al. 2018)
RoW Africa,RoW Africa,Africa,Transport Equipment,material_extraction,kt,1.2333307791174139e-06,2022,EXIOBASE v3.8.2 IOT_2022_ixi with Danish sea-transport reallocation (Rørmose Jensen & Iliev 2022) and capital endogenised (Södersten et al. 2018)
EST,Estonia,Europe,"Steam, hot water supply and water distribution",blue_water_consumption,Mm3,1.1569651305566752e-06,2022,EXIOBASE v3.8.2 IOT_2022_ixi with Danish sea-transport reallocation (Rørmose Jensen & Iliev 2022) and capital endogenised (Södersten et al. 2018)
IND,India,Asia and Pacific,General and special Machinery,material_extraction,kt,1.124074251078897e-06,2022,EXIOBASE v3.8.2 IOT_2022_ixi with Danish sea-transport reallocation (Rørmose Jensen & Iliev 2022) and capital endogenised (Södersten et al. 2018)
SVK,Slovakia,Europe,Natural gas and gaseous fuels,blue_water_consumption,Mm3,1.0711552023381802e-06,2022,EXIOBASE v3.8.2 IOT_2022_ixi with Danish sea-transport reallocation (Rørmose Jensen & Iliev 2022) and capital endogenised (Södersten et al. 2018)
RoW Africa,RoW Africa,Africa,Furniture and timber,material_extraction,kt,1.0583563807037646e-06,2022,EXIOBASE v3.8.2 IOT_2022_ixi with Danish sea-transport reallocation (Rørmose Jensen & Iliev 2022) and capital endogenised (Södersten et al. 2018)
IND,India,Asia and Pacific,Waste management and disposal,blue_water_consumption,Mm3,1.045168806973404e-06,2022,EXIOBASE v3.8.2 IOT_2022_ixi with Danish sea-transport reallocation (Rørmose Jensen & Iliev 2022) and capital endogenised (Södersten et al. 2018)
CYP,Cyprus,Middle East,General and special Machinery,blue_water_consumption,Mm3,1.038358575097741e-06,2022,EXIOBASE v3.8.2 IOT_2022_ixi with Danish sea-transport reallocation (Rørmose Jensen & Iliev 2022) and capital endogenised (Södersten et al. 2018)
HRV,Croatia,Europe,"Steam, hot water supply and water distribution",blue_water_consumption,Mm3,1.03050588050658e-06,2022,EXIOBASE v3.8.2 IOT_2022_ixi with Danish sea-transport reallocation (Rørmose Jensen & Iliev 2022) and capital endogenised (Södersten et al. 2018)
SVN,Slovenia,Europe,Transport Equipment,blue_water_consumption,Mm3,1.0124185754492692e-06,2022,EXIOBASE v3.8.2 IOT_2022_ixi with Danish sea-transport reallocation (Rørmose Jensen & Iliev 2022) and capital endogenised (Södersten et al. 2018)
AUS,Australia,Asia and Pacific,Transport Equipment,blue_water_consumption,Mm3,1.003904490522096e-06,2022,EXIOBASE v3.8.2 IOT_2022_ixi with Danish sea-transport reallocation (Rørmose Jensen & Iliev 2022) and capital endogenised (Södersten et al. 2018)
NLD,Netherlands,Europe,Minerals and Metals,blue_water_consumption,Mm3,9.98660236021921e-07,2022,EXIOBASE v3.8.2 IOT_2022_ixi with Danish sea-transport reallocation (Rørmose Jensen & Iliev 2022) and capital endogenised (Södersten et al. 2018)
RoW Middle East,RoW Middle East,Middle East,"Steam, hot water supply and water distribution",blue_water_consumption,Mm3,9.718578558543787e-07,2022,EXIOBASE v3.8.2 IOT_2022_ixi with Danish sea-transport reallocation (Rørmose Jensen & Iliev 2022) and capital endogenised (Södersten et al. 2018)
CAN,Canada,America,Construction,blue_water_consumption,Mm3,9.546131994243231e-07,2022,EXIOBASE v3.8.2 IOT_2022_ixi with Danish sea-transport reallocation (Rørmose Jensen & Iliev 2022) and capital endogenised (Södersten et al. 2018)
MLT,Malta,Europe,General and special Machinery,blue_water_consumption,Mm3,9.53748941182103e-07,2022,EXIOBASE v3.8.2 IOT_2022_ixi with Danish sea-transport reallocation (Rørmose Jensen & Iliev 2022) and capital endogenised (Södersten et al. 2018)
MEX,Mexico,America,Transport,blue_water_consumption,Mm3,9.016857093194474e-07,2022,EXIOBASE v3.8.2 IOT_2022_ixi with Danish sea-transport reallocation (Rørmose Jensen & Iliev 2022) and capital endogenised (Södersten et al. 2018)
MLT,Malta,Europe,Textile,waste_generation,kt,8.84891815418305e-07,2022,EXIOBASE v3.8.2 IOT_2022_ixi with Danish sea-transport reallocation (Rørmose Jensen & Iliev 2022) and capital endogenised (Södersten et al. 2018)
EST,Estonia,Europe,Transport,blue_water_consumption,Mm3,8.41663329365711e-07,2022,EXIOBASE v3.8.2 IOT_2022_ixi with Danish sea-transport reallocation (Rørmose Jensen & Iliev 2022) and capital endogenised (Södersten et al. 2018)
HRV,Croatia,Europe,Textile,land_use,km2,8.019207573875635e-07,2022,EXIOBASE v3.8.2 IOT_2022_ixi with Danish sea-transport reallocation (Rørmose Jensen & Iliev 2022) and capital endogenised (Södersten et al. 2018)
MEX,Mexico,America,Transport Equipment,material_extraction,kt,7.833937802119325e-07,2022,EXIOBASE v3.8.2 IOT_2022_ixi with Danish sea-transport reallocation (Rørmose Jensen & Iliev 2022) and capital endogenised (Södersten et al. 2018)
CYP,Cyprus,Middle East,"Steam, hot water supply and water distribution",climate_change,kt CO2eq,7.50533006388761e-07,2022,EXIOBASE v3.8.2 IOT_2022_ixi with Danish sea-transport reallocation (Rørmose Jensen & Iliev 2022) and capital endogenised (Södersten et al. 2018)
AUT,Austria,Europe,Transport,blue_water_consumption,Mm3,7.450928746736574e-07,2022,EXIOBASE v3.8.2 IOT_2022_ixi with Danish sea-transport reallocation (Rørmose Jensen & Iliev 2022) and capital endogenised (Södersten et al. 2018)
MLT,Malta,Europe,"Steam, hot water supply and water distribution",waste_generation,kt,7.350022473482741e-07,2022,EXIOBASE v3.8.2 IOT_2022_ixi with Danish sea-transport reallocation (Rørmose Jensen & Iliev 2022) and capital endogenised (Södersten et al. 2018)
CYP,Cyprus,Middle East,"Electrical, electronic and measuring equipment",waste_generation,kt,7.276731784354472e-07,2022,EXIOBASE v3.8.2 IOT_2022_ixi with Danish sea-transport reallocation (Rørmose Jensen & Iliev 2022) and capital endogenised (Södersten et al. 2018)
LUX,Luxembourg,Europe,Minerals and Metals,blue_water_consumption,Mm3,6.698867771476397e-07,2022,EXIOBASE v3.8.2 IOT_2022_ixi with Danish sea-transport reallocation (Rørmose Jensen & Iliev 2022) and capital endogenised (Södersten et al. 2018)
CYP,Cyprus,Middle East,Textile,waste_generation,kt,6.580400244439027e-07,2022,EXIOBASE v3.8.2 IOT_2022_ixi with Danish sea-transport reallocation (Rørmose Jensen & Iliev 2022) and capital endogenised (Södersten et al. 2018)
MEX,Mexico,America,"Steam, hot water supply and water distribution",waste_generation,kt,6.268648515809896e-07,2022,EXIOBASE v3.8.2 IOT_2022_ixi with Danish sea-transport reallocation (Rørmose Jensen & Iliev 2022) and capital endogenised (Södersten et al. 2018)
ITA,Italy,Europe,Construction,blue_water_consumption,Mm3,5.978789051877192e-07,2022,EXIOBASE v3.8.2 IOT_2022_ixi with Danish sea-transport reallocation (Rørmose Jensen & Iliev 2022) and capital endogenised (Södersten et al. 2018)
GRC,Greece,Europe,Coal and Petroleum,blue_water_consumption,Mm3,5.58334433892043e-07,2022,EXIOBASE v3.8.2 IOT_2022_ixi with Danish sea-transport reallocation (Rørmose Jensen & Iliev 2022) and capital endogenised (Södersten et al. 2018)
HRV,Croatia,Europe,Transport,blue_water_consumption,Mm3,5.328057821528877e-07,2022,EXIOBASE v3.8.2 IOT_2022_ixi with Danish sea-transport reallocation (Rørmose Jensen & Iliev 2022) and capital endogenised (Södersten et al. 2018)
GBR,United Kingdom,Europe,Natural gas and gaseous fuels,blue_water_consumption,Mm3,5.1814147090567e-07,2022,EXIOBASE v3.8.2 IOT_2022_ixi with Danish sea-transport reallocation (Rørmose Jensen & Iliev 2022) and capital endogenised (Södersten et al. 2018)
MLT,Malta,Europe,Textile,blue_water_consumption,Mm3,5.16463645123966e-07,2022,EXIOBASE v3.8.2 IOT_2022_ixi with Danish sea-transport reallocation (Rørmose Jensen & Iliev 2022) and capital endogenised (Södersten et al. 2018)
AUT,Austria,Europe,"Steam, hot water supply and water distribution",blue_water_consumption,Mm3,4.94227847206119e-07,2022,EXIOBASE v3.8.2 IOT_2022_ixi with Danish sea-transport reallocation (Rørmose Jensen & Iliev 2022) and capital endogenised (Södersten et al. 2018)
BRA,Brazil,America,Waste management and disposal,blue_water_consumption,Mm3,4.420276526436856e-07,2022,EXIOBASE v3.8.2 IOT_2022_ixi with Danish sea-transport reallocation (Rørmose Jensen & Iliev 2022) and capital endogenised (Södersten et al. 2018)
SVN,Slovenia,Europe,Coal and Petroleum,blue_water_consumption,Mm3,3.990737500894311e-07,2022,EXIOBASE v3.8.2 IOT_2022_ixi with Danish sea-transport reallocation (Rørmose Jensen & Iliev 2022) and capital endogenised (Södersten et al. 2018)
LTU,Lithuania,Europe,Minerals and Metals,blue_water_consumption,Mm3,3.9628710316772696e-07,2022,EXIOBASE v3.8.2 IOT_2022_ixi with Danish sea-transport reallocation (Rørmose Jensen & Iliev 2022) and capital endogenised (Södersten et al. 2018)
FRA,France,Europe,Services,material_extraction,kt,3.785874506425874e-07,2022,EXIOBASE v3.8.2 IOT_2022_ixi with Danish sea-transport reallocation (Rørmose Jensen & Iliev 2022) and capital endogenised (Södersten et al. 2018)
LTU,Lithuania,Europe,Coal and Petroleum,blue_water_consumption,Mm3,3.710702982499346e-07,2022,EXIOBASE v3.8.2 IOT_2022_ixi with Danish sea-transport reallocation (Rørmose Jensen & Iliev 2022) and capital endogenised (Södersten et al. 2018)
MEX,Mexico,America,Construction,blue_water_consumption,Mm3,3.596212540068292e-07,2022,EXIOBASE v3.8.2 IOT_2022_ixi with Danish sea-transport reallocation (Rørmose Jensen & Iliev 2022) and capital endogenised (Södersten et al. 2018)
LUX,Luxembourg,Europe,Natural gas and gaseous fuels,blue_water_consumption,Mm3,3.520601017312436e-07,2022,EXIOBASE v3.8.2 IOT_2022_ixi with Danish sea-transport reallocation (Rørmose Jensen & Iliev 2022) and capital endogenised (Södersten et al. 2018)
GBR,United Kingdom,Europe,"Steam, hot water supply and water distribution",blue_water_consumption,Mm3,3.1224026099023915e-07,2022,EXIOBASE v3.8.2 IOT_2022_ixi with Danish sea-transport reallocation (Rørmose Jensen & Iliev 2022) and capital endogenised (Södersten et al. 2018)
CHE,Switzerland,Europe,Coal and Petroleum,blue_water_consumption,Mm3,2.802477408201099e-07,2022,EXIOBASE v3.8.2 IOT_2022_ixi with Danish sea-transport reallocation (Rørmose Jensen & Iliev 2022) and capital endogenised (Södersten et al. 2018)
LVA,Latvia,Europe,Coal and Petroleum,blue_water_consumption,Mm3,2.633940813113795e-07,2022,EXIOBASE v3.8.2 IOT_2022_ixi with Danish sea-transport reallocation (Rørmose Jensen & Iliev 2022) and capital endogenised (Södersten et al. 2018)
CHE,Switzerland,Europe,"Steam, hot water supply and water distribution",blue_water_consumption,Mm3,2.399714346573148e-07,2022,EXIOBASE v3.8.2 IOT_2022_ixi with Danish sea-transport reallocation (Rørmose Jensen & Iliev 2022) and capital endogenised (Södersten et al. 2018)
CAN,Canada,America,Waste management and disposal,blue_water_consumption,Mm3,2.3420532933660576e-07,2022,EXIOBASE v3.8.2 IOT_2022_ixi with Danish sea-transport reallocation (Rørmose Jensen & Iliev 2022) and capital endogenised (Södersten et al. 2018)
LVA,Latvia,Europe,Natural gas and gaseous fuels,blue_water_consumption,Mm3,2.133262706433427e-07,2022,EXIOBASE v3.8.2 IOT_2022_ixi with Danish sea-transport reallocation (Rørmose Jensen & Iliev 2022) and capital endogenised (Södersten et al. 2018)
IRL,Ireland,Europe,Services,blue_water_consumption,Mm3,2.1231859201772587e-07,2022,EXIOBASE v3.8.2 IOT_2022_ixi with Danish sea-transport reallocation (Rørmose Jensen & Iliev 2022) and capital endogenised (Södersten et al. 2018)
FIN,Finland,Europe,"Steam, hot water supply and water distribution",blue_water_consumption,Mm3,2.00374194115733e-07,2022,EXIOBASE v3.8.2 IOT_2022_ixi with Danish sea-transport reallocation (Rørmose Jensen & Iliev 2022) and capital endogenised (Södersten et al. 2018)
MLT,Malta,Europe,Coal and Petroleum,blue_water_consumption,Mm3,1.965249134931795e-07,2022,EXIOBASE v3.8.2 IOT_2022_ixi with Danish sea-transport reallocation (Rørmose Jensen & Iliev 2022) and capital endogenised (Södersten et al. 2018)
FIN,Finland,Europe,Construction,blue_water_consumption,Mm3,1.901168078263158e-07,2022,EXIOBASE v3.8.2 IOT_2022_ixi with Danish sea-transport reallocation (Rørmose Jensen & Iliev 2022) and capital endogenised (Södersten et al. 2018)
MLT,Malta,Europe,Minerals and Metals,blue_water_consumption,Mm3,1.633506455180401e-07,2022,EXIOBASE v3.8.2 IOT_2022_ixi with Danish sea-transport reallocation (Rørmose Jensen & Iliev 2022) and capital endogenised (Södersten et al. 2018)
NLD,Netherlands,Europe,Natural gas and gaseous fuels,blue_water_consumption,Mm3,1.612480251495128e-07,2022,EXIOBASE v3.8.2 IOT_2022_ixi with Danish sea-transport reallocation (Rørmose Jensen & Iliev 2022) and capital endogenised (Södersten et al. 2018)
BRA,Brazil,America,"Steam, hot water supply and water distribution",climate_change,kt CO2eq,1.516552929478968e-07,2022,EXIOBASE v3.8.2 IOT_2022_ixi with Danish sea-transport reallocation (Rørmose Jensen & Iliev 2022) and capital endogenised (Södersten et al. 2018)
BRA,Brazil,America,Transport,blue_water_consumption,Mm3,1.408081915472588e-07,2022,EXIOBASE v3.8.2 IOT_2022_ixi with Danish sea-transport reallocation (Rørmose Jensen & Iliev 2022) and capital endogenised (Södersten et al. 2018)
MLT,Malta,Europe,Transport Equipment,blue_water_consumption,Mm3,1.4054246840104905e-07,2022,EXIOBASE v3.8.2 IOT_2022_ixi with Danish sea-transport reallocation (Rørmose Jensen & Iliev 2022) and capital endogenised (Södersten et al. 2018)
CYP,Cyprus,Middle East,"Electrical, electronic and measuring equipment",blue_water_consumption,Mm3,1.3543323942839452e-07,2022,EXIOBASE v3.8.2 IOT_2022_ixi with Danish sea-transport reallocation (Rørmose Jensen & Iliev 2022) and capital endogenised (Södersten et al. 2018)
TUR,Turkey,Middle East,Construction,blue_water_consumption,Mm3,1.291941539951863e-07,2022,EXIOBASE v3.8.2 IOT_2022_ixi with Danish sea-transport reallocation (Rørmose Jensen & Iliev 2022) and capital endogenised (Södersten et al. 2018)
AUS,Australia,Asia and Pacific,Natural gas and gaseous fuels,waste_generation,kt,1.2410815682742022e-07,2022,EXIOBASE v3.8.2 IOT_2022_ixi with Danish sea-transport reallocation (Rørmose Jensen & Iliev 2022) and capital endogenised (Södersten et al. 2018)
DNK,Denmark,Denmark,Coal and Petroleum,blue_water_consumption,Mm3,9.999056199456925e-08,2022,EXIOBASE v3.8.2 IOT_2022_ixi with Danish sea-transport reallocation (Rørmose Jensen & Iliev 2022) and capital endogenised (Södersten et al. 2018)
MEX,Mexico,America,"Steam, hot water supply and water distribution",blue_water_consumption,Mm3,9.491207631744224e-08,2022,EXIOBASE v3.8.2 IOT_2022_ixi with Danish sea-transport reallocation (Rørmose Jensen & Iliev 2022) and capital endogenised (Södersten et al. 2018)
IDN,Indonesia,Asia and Pacific,Natural gas and gaseous fuels,waste_generation,kt,9.154435260349284e-08,2022,EXIOBASE v3.8.2 IOT_2022_ixi with Danish sea-transport reallocation (Rørmose Jensen & Iliev 2022) and capital endogenised (Södersten et al. 2018)
ZAF,South Africa,Africa,Natural gas and gaseous fuels,waste_generation,kt,8.615417068852489e-08,2022,EXIOBASE v3.8.2 IOT_2022_ixi with Danish sea-transport reallocation (Rørmose Jensen & Iliev 2022) and capital endogenised (Södersten et al. 2018)
CYP,Cyprus,Middle East,Services,blue_water_consumption,Mm3,7.383111315432937e-08,2022,EXIOBASE v3.8.2 IOT_2022_ixi with Danish sea-transport reallocation (Rørmose Jensen & Iliev 2022) and capital endogenised (Södersten et al. 2018)
CYP,Cyprus,Middle East,Electricity,waste_generation,kt,6.600347309395563e-08,2022,EXIOBASE v3.8.2 IOT_2022_ixi with Danish sea-transport reallocation (Rørmose Jensen & Iliev 2022) and capital endogenised (Södersten et al. 2018)
MLT,Malta,Europe,Electricity,blue_water_consumption,Mm3,6.223688654415669e-08,2022,EXIOBASE v3.8.2 IOT_2022_ixi with Danish sea-transport reallocation (Rørmose Jensen & Iliev 2022) and capital endogenised (Södersten et al. 2018)
RoW Africa,RoW Africa,Africa,"Steam, hot water supply and water distribution",material_extraction,kt,5.54513628154541e-08,2022,EXIOBASE v3.8.2 IOT_2022_ixi with Danish sea-transport reallocation (Rørmose Jensen & Iliev 2022) and capital endogenised (Södersten et al. 2018)
TUR,Turkey,Middle East,Natural gas and gaseous fuels,blue_water_consumption,Mm3,5.121111482205044e-08,2022,EXIOBASE v3.8.2 IOT_2022_ixi with Danish sea-transport reallocation (Rørmose Jensen & Iliev 2022) and capital endogenised (Södersten et al. 2018)
FIN,Finland,Europe,Transport,blue_water_consumption,Mm3,4.259843164733676e-08,2022,EXIOBASE v3.8.2 IOT_2022_ixi with Danish sea-transport reallocation (Rørmose Jensen & Iliev 2022) and capital endogenised (Södersten et al. 2018)
RoW Africa,RoW Africa,Africa,Transport Equipment,land_use,km2,3.669734118462581e-08,2022,EXIOBASE v3.8.2 IOT_2022_ixi with Danish sea-transport reallocation (Rørmose Jensen & Iliev 2022) and capital endogenised (Södersten et al. 2018)
PRT,Portugal,Europe,"Steam, hot water supply and water distribution",blue_water_consumption,Mm3,2.8831943137530792e-08,2022,EXIOBASE v3.8.2 IOT_2022_ixi with Danish sea-transport reallocation (Rørmose Jensen & Iliev 2022) and capital endogenised (Södersten et al. 2018)
MEX,Mexico,America,Natural gas and gaseous fuels,blue_water_consumption,Mm3,2.744066204416554e-08,2022,EXIOBASE v3.8.2 IOT_2022_ixi with Danish sea-transport reallocation (Rørmose Jensen & Iliev 2022) and capital endogenised (Södersten et al. 2018)
PRT,Portugal,Europe,Natural gas and gaseous fuels,blue_water_consumption,Mm3,2.261028004384756e-08,2022,EXIOBASE v3.8.2 IOT_2022_ixi with Danish sea-transport reallocation (Rørmose Jensen & Iliev 2022) and capital endogenised (Södersten et al. 2018)
CYP,Cyprus,Middle East,Transport Equipment,blue_water_consumption,Mm3,2.0222779627956833e-08,2022,EXIOBASE v3.8.2 IOT_2022_ixi with Danish sea-transport reallocation (Rørmose Jensen & Iliev 2022) and capital endogenised (Södersten et al. 2018)
RoW Africa,RoW Africa,Africa,"Electrical, electronic and measuring equipment",land_use,km2,1.9861763459411784e-08,2022,EXIOBASE v3.8.2 IOT_2022_ixi with Danish sea-transport reallocation (Rørmose Jensen & Iliev 2022) and capital endogenised (Södersten et al. 2018)
MEX,Mexico,America,"Steam, hot water supply and water distribution",climate_change,kt CO2eq,1.933747427888454e-08,2022,EXIOBASE v3.8.2 IOT_2022_ixi with Danish sea-transport reallocation (Rørmose Jensen & Iliev 2022) and capital endogenised (Södersten et al. 2018)
CHE,Switzerland,Europe,Natural gas and gaseous fuels,blue_water_consumption,Mm3,1.860069780939273e-08,2022,EXIOBASE v3.8.2 IOT_2022_ixi with Danish sea-transport reallocation (Rørmose Jensen & Iliev 2022) and capital endogenised (Södersten et al. 2018)
LVA,Latvia,Europe,"Steam, hot water supply and water distribution",blue_water_consumption,Mm3,1.448826407697454e-08,2022,EXIOBASE v3.8.2 IOT_2022_ixi with Danish sea-transport reallocation (Rørmose Jensen & Iliev 2022) and capital endogenised (Södersten et al. 2018)
GRC,Greece,Europe,Transport Equipment,blue_water_consumption,Mm3,1.3919570027200708e-08,2022,EXIOBASE v3.8.2 IOT_2022_ixi with Danish sea-transport reallocation (Rørmose Jensen & Iliev 2022) and capital endogenised (Södersten et al. 2018)
CYP,Cyprus,Middle East,Coal and Petroleum,waste_generation,kt,1.361956295992988e-08,2022,EXIOBASE v3.8.2 IOT_2022_ixi with Danish sea-transport reallocation (Rørmose Jensen & Iliev 2022) and capital endogenised (Södersten et al. 2018)
GRC,Greece,Europe,Transport,blue_water_consumption,Mm3,1.1831701907293475e-08,2022,EXIOBASE v3.8.2 IOT_2022_ixi with Danish sea-transport reallocation (Rørmose Jensen & Iliev 2022) and capital endogenised (Södersten et al. 2018)
IND,India,Asia and Pacific,Waste management and disposal,material_extraction,kt,1.038326300448599e-08,2022,EXIOBASE v3.8.2 IOT_2022_ixi with Danish sea-transport reallocation (Rørmose Jensen & Iliev 2022) and capital endogenised (Södersten et al. 2018)
AUS,Australia,Asia and Pacific,Construction,blue_water_consumption,Mm3,8.908654847568025e-09,2022,EXIOBASE v3.8.2 IOT_2022_ixi with Danish sea-transport reallocation (Rørmose Jensen & Iliev 2022) and capital endogenised (Södersten et al. 2018)
AUS,Australia,Asia and Pacific,Transport,blue_water_consumption,Mm3,7.863956845407566e-09,2022,EXIOBASE v3.8.2 IOT_2022_ixi with Danish sea-transport reallocation (Rørmose Jensen & Iliev 2022) and capital endogenised (Södersten et al. 2018)
CYP,Cyprus,Middle East,"Steam, hot water supply and water distribution",waste_generation,kt,4.600606458980289e-09,2022,EXIOBASE v3.8.2 IOT_2022_ixi with Danish sea-transport reallocation (Rørmose Jensen & Iliev 2022) and capital endogenised (Södersten et al. 2018)
IRL,Ireland,Europe,Natural gas and gaseous fuels,blue_water_consumption,Mm3,3.601492454010898e-09,2022,EXIOBASE v3.8.2 IOT_2022_ixi with Danish sea-transport reallocation (Rørmose Jensen & Iliev 2022) and capital endogenised (Södersten et al. 2018)
CYP,Cyprus,Middle East,Natural gas and gaseous fuels,climate_change,kt CO2eq,3.406061650812782e-09,2022,EXIOBASE v3.8.2 IOT_2022_ixi with Danish sea-transport reallocation (Rørmose Jensen & Iliev 2022) and capital endogenised (Södersten et al. 2018)
CYP,Cyprus,Middle East,Waste management and disposal,blue_water_consumption,Mm3,2.2873494898664603e-09,2022,EXIOBASE v3.8.2 IOT_2022_ixi with Danish sea-transport reallocation (Rørmose Jensen & Iliev 2022) and capital endogenised (Södersten et al. 2018)
IDN,Indonesia,Asia and Pacific,"Steam, hot water supply and water distribution",waste_generation,kt,2.225509790649081e-09,2022,EXIOBASE v3.8.2 IOT_2022_ixi with Danish sea-transport reallocation (Rørmose Jensen & Iliev 2022) and capital endogenised (Södersten et al. 2018)
RoW Africa,RoW Africa,Africa,Construction,material_extraction,kt,2.047073681595695e-09,2022,EXIOBASE v3.8.2 IOT_2022_ixi with Danish sea-transport reallocation (Rørmose Jensen & Iliev 2022) and capital endogenised (Södersten et al. 2018)
FIN,Finland,Europe,Natural gas and gaseous fuels,blue_water_consumption,Mm3,1.921449432752697e-09,2022,EXIOBASE v3.8.2 IOT_2022_ixi with Danish sea-transport reallocation (Rørmose Jensen & Iliev 2022) and capital endogenised (Södersten et al. 2018)
NLD,Netherlands,Europe,"Steam, hot water supply and water distribution",blue_water_consumption,Mm3,1.689692717088412e-09,2022,EXIOBASE v3.8.2 IOT_2022_ixi with Danish sea-transport reallocation (Rørmose Jensen & Iliev 2022) and capital endogenised (Södersten et al. 2018)
CYP,Cyprus,Middle East,Natural gas and gaseous fuels,waste_generation,kt,1.49091342646717e-09,2022,EXIOBASE v3.8.2 IOT_2022_ixi with Danish sea-transport reallocation (Rørmose Jensen & Iliev 2022) and capital endogenised (Södersten et al. 2018)
BRA,Brazil,America,"Steam, hot water supply and water distribution",waste_generation,kt,1.276473544869336e-09,2022,EXIOBASE v3.8.2 IOT_2022_ixi with Danish sea-transport reallocation (Rørmose Jensen & Iliev 2022) and capital endogenised (Södersten et al. 2018)
BRA,Brazil,America,Natural gas and gaseous fuels,blue_water_consumption,Mm3,5.978214994183693e-10,2022,EXIOBASE v3.8.2 IOT_2022_ixi with Danish sea-transport reallocation (Rørmose Jensen & Iliev 2022) and capital endogenised (Södersten et al. 2018)
MLT,Malta,Europe,Coal and Petroleum,waste_generation,kt,3.373368220393326e-10,2022,EXIOBASE v3.8.2 IOT_2022_ixi with Danish sea-transport reallocation (Rørmose Jensen & Iliev 2022) and capital endogenised (Södersten et al. 2018)
SWE,Sweden,Europe,Natural gas and gaseous fuels,blue_water_consumption,Mm3,1.390547474618947e-10,2022,EXIOBASE v3.8.2 IOT_2022_ixi with Danish sea-transport reallocation (Rørmose Jensen & Iliev 2022) and capital endogenised (Södersten et al. 2018)
SVN,Slovenia,Europe,Natural gas and gaseous fuels,blue_water_consumption,Mm3,2.548079669352255e-11,2022,EXIOBASE v3.8.2 IOT_2022_ixi with Danish sea-transport reallocation (Rørmose Jensen & Iliev 2022) and capital endogenised (Södersten et al. 2018)
MLT,Malta,Europe,Natural gas and gaseous fuels,waste_generation,kt,3.59375103083702e-13,2022,EXIOBASE v3.8.2 IOT_2022_ixi with Danish sea-transport reallocation (Rørmose Jensen & Iliev 2022) and capital endogenised (Södersten et al. 2018)
