producing_country_iso3,producing_country_name,producing_world_region,producing_sector_group,indicator,unit,value,analysis_year,model
DNK,Denmark,Denmark,Minerals and Metals,material_extraction,kt,1719.8959444044797,2019,EXIOBASE v3.8.2 IOT_2016_ixi with Danish sea-transport reallocation (Rørmose Jensen & Iliev 2022)
RoW Africa,RoW Africa,Africa,Food and catering,land_use,km2,520.6092328710032,2019,EXIOBASE v3.8.2 IOT_2016_ixi with Danish sea-transport reallocation (Rørmose Jensen & Iliev 2022)
RoW Asia and Pacific,RoW Asia and Pacific,Asia and Pacific,Food and catering,land_use,km2,478.8468680592868,2019,EXIOBASE v3.8.2 IOT_2016_ixi with Danish sea-transport reallocation (Rørmose Jensen & Iliev 2022)
DNK,Denmark,Denmark,Private travel,climate_change,kt CO2eq,368.5175129778782,2019,EXIOBASE v3.8.2 IOT_2016_ixi with Danish sea-transport reallocation (Rørmose Jensen & Iliev 2022)
DNK,Denmark,Denmark,Food and catering,land_use,km2,328.49067093026366,2019,EXIOBASE v3.8.2 IOT_2016_ixi with Danish sea-transport reallocation (Rørmose Jensen & Iliev 2022)
GLO,Unallocated,Unallocated,Private travel,climate_change,kt CO2eq,252.90240567336662,2019,EXIOBASE v3.8.2 IOT_2016_ixi with Danish sea-transport reallocation (Rørmose Jensen & Iliev 2022)
AUS,Australia,Asia and Pacific,Food and catering,land_use,km2,248.82361135005286,2019,EXIOBASE v3.8.2 IOT_2016_ixi with Danish sea-transport reallocation (Rørmose Jensen & Iliev 2022)
DNK,Denmark,Denmark,Waste management and disposal,climate_change,kt CO2eq,219.04732213198585,2019,EXIOBASE v3.8.2 IOT_2016_ixi with Danish sea-transport reallocation (Rørmose Jensen & Iliev 2022)
DNK,Denmark,Denmark,Transport,climate_change,kt CO2eq,215.48641483797644,2019,EXIOBASE v3.8.2 IOT_2016_ixi with Danish sea-transport reallocation (Rørmose Jensen & Iliev 2022)
RoW America,RoW America,America,Food and catering,land_use,km2,180.66112461319415,2019,EXIOBASE v3.8.2 IOT_2016_ixi with Danish sea-transport reallocation (Rørmose Jensen & Iliev 2022)
DNK,Denmark,Denmark,Operational impact,climate_change,kt CO2eq,163.39469914555332,2019,EXIOBASE v3.8.2 IOT_2016_ixi with Danish sea-transport reallocation (Rørmose Jensen & Iliev 2022)
RUS,Russia,Europe,Food and catering,land_use,km2,152.85242458245264,2019,EXIOBASE v3.8.2 IOT_2016_ixi with Danish sea-transport reallocation (Rørmose Jensen & Iliev 2022)
DNK,Denmark,Denmark,"Steam, hot water supply and water distribution",climate_change,kt CO2eq,151.29300879917412,2019,EXIOBASE v3.8.2 IOT_2016_ixi with Danish sea-transport reallocation (Rørmose Jensen & Iliev 2022)
RoW Asia and Pacific,RoW Asia and Pacific,Asia and Pacific,Transport,climate_change,kt CO2eq,143.8266265988405,2019,EXIOBASE v3.8.2 IOT_2016_ixi with Danish sea-transport reallocation (Rørmose Jensen & Iliev 2022)
DNK,Denmark,Denmark,Chemical,climate_change,kt CO2eq,139.49600965221717,2019,EXIOBASE v3.8.2 IOT_2016_ixi with Danish sea-transport reallocation (Rørmose Jensen & Iliev 2022)
RoW Europe,RoW Europe,Europe,Food and catering,land_use,km2,135.29707613402599,2019,EXIOBASE v3.8.2 IOT_2016_ixi with Danish sea-transport reallocation (Rørmose Jensen & Iliev 2022)
NOR,Norway,Europe,Food and catering,land_use,km2,135.0268823974148,2019,EXIOBASE v3.8.2 IOT_2016_ixi with Danish sea-transport reallocation (Rørmose Jensen & Iliev 2022)
CHN,China,Asia and Pacific,Food and catering,land_use,km2,130.42706949872925,2019,EXIOBASE v3.8.2 IOT_2016_ixi with Danish sea-transport reallocation (Rørmose Jensen & Iliev 2022)
DNK,Denmark,Denmark,Food and catering,climate_change,kt CO2eq,126.3246117779624,2019,EXIOBASE v3.8.2 IOT_2016_ixi with Danish sea-transport reallocation (Rørmose Jensen & Iliev 2022)
RoW Asia and Pacific,RoW Asia and Pacific,Asia and Pacific,Minerals and Metals,material_extraction,kt,125.14562626288847,2019,EXIOBASE v3.8.2 IOT_2016_ixi with Danish sea-transport reallocation (Rørmose Jensen & Iliev 2022)
RoW Middle East,RoW Middle East,Middle East,Minerals and Metals,material_extraction,kt,121.43882629424225,2019,EXIOBASE v3.8.2 IOT_2016_ixi with Danish sea-transport reallocation (Rørmose Jensen & Iliev 2022)
USA,United States,America,Food and catering,land_use,km2,110.40761594611277,2019,EXIOBASE v3.8.2 IOT_2016_ixi with Danish sea-transport reallocation (Rørmose Jensen & Iliev 2022)
SWE,Sweden,Europe,Food and catering,land_use,km2,108.65647488419235,2019,EXIOBASE v3.8.2 IOT_2016_ixi with Danish sea-transport reallocation (Rørmose Jensen & Iliev 2022)
DNK,Denmark,Denmark,Non-metallic mineral products,material_extraction,kt,107.10431298728335,2019,EXIOBASE v3.8.2 IOT_2016_ixi with Danish sea-transport reallocation (Rørmose Jensen & Iliev 2022)
RoW Middle East,RoW Middle East,Middle East,Food and catering,land_use,km2,103.87677697326481,2019,EXIOBASE v3.8.2 IOT_2016_ixi with Danish sea-transport reallocation (Rørmose Jensen & Iliev 2022)
CHN,China,Asia and Pacific,Minerals and Metals,material_extraction,kt,98.97067615653886,2019,EXIOBASE v3.8.2 IOT_2016_ixi with Danish sea-transport reallocation (Rørmose Jensen & Iliev 2022)
DEU,Germany,Europe,Transport,climate_change,kt CO2eq,87.27020401964226,2019,EXIOBASE v3.8.2 IOT_2016_ixi with Danish sea-transport reallocation (Rørmose Jensen & Iliev 2022)
CAN,Canada,America,Food and catering,land_use,km2,79.89799106781443,2019,EXIOBASE v3.8.2 IOT_2016_ixi with Danish sea-transport reallocation (Rørmose Jensen & Iliev 2022)
IND,India,Asia and Pacific,Minerals and Metals,material_extraction,kt,78.91042331434237,2019,EXIOBASE v3.8.2 IOT_2016_ixi with Danish sea-transport reallocation (Rørmose Jensen & Iliev 2022)
BRA,Brazil,America,Food and catering,land_use,km2,77.44577077969086,2019,EXIOBASE v3.8.2 IOT_2016_ixi with Danish sea-transport reallocation (Rørmose Jensen & Iliev 2022)
RUS,Russia,Europe,Coal and Petroleum,climate_change,kt CO2eq,75.41491211130915,2019,EXIOBASE v3.8.2 IOT_2016_ixi with Danish sea-transport reallocation (Rørmose Jensen & Iliev 2022)
DNK,Denmark,Denmark,Services,climate_change,kt CO2eq,67.68819915108526,2019,EXIOBASE v3.8.2 IOT_2016_ixi with Danish sea-transport reallocation (Rørmose Jensen & Iliev 2022)
IND,India,Asia and Pacific,Food and catering,land_use,km2,65.22394034398557,2019,EXIOBASE v3.8.2 IOT_2016_ixi with Danish sea-transport reallocation (Rørmose Jensen & Iliev 2022)
DEU,Germany,Europe,Minerals and Metals,material_extraction,kt,57.25986386622027,2019,EXIOBASE v3.8.2 IOT_2016_ixi with Danish sea-transport reallocation (Rørmose Jensen & Iliev 2022)
RoW Asia and Pacific,RoW Asia and Pacific,Asia and Pacific,Food and catering,climate_change,kt CO2eq,54.61992637295606,2019,EXIOBASE v3.8.2 IOT_2016_ixi with Danish sea-transport reallocation (Rørmose Jensen & Iliev 2022)
RoW America,RoW America,America,Minerals and Metals,material_extraction,kt,52.089126838814984,2019,EXIOBASE v3.8.2 IOT_2016_ixi with Danish sea-transport reallocation (Rørmose Jensen & Iliev 2022)
DNK,Denmark,Denmark,Chemical,waste_generation,kt,52.02117748588679,2019,EXIOBASE v3.8.2 IOT_2016_ixi with Danish sea-transport reallocation (Rørmose Jensen & Iliev 2022)
RoW Middle East,RoW Middle East,Middle East,Transport,climate_change,kt CO2eq,50.92454250432557,2019,EXIOBASE v3.8.2 IOT_2016_ixi with Danish sea-transport reallocation (Rørmose Jensen & Iliev 2022)
CHN,China,Asia and Pacific,Electricity,climate_change,kt CO2eq,50.38005267474451,2019,EXIOBASE v3.8.2 IOT_2016_ixi with Danish sea-transport reallocation (Rørmose Jensen & Iliev 2022)
DNK,Denmark,Denmark,Operational impact,waste_generation,kt,42.71652604695465,2019,EXIOBASE v3.8.2 IOT_2016_ixi with Danish sea-transport reallocation (Rørmose Jensen & Iliev 2022)
LVA,Latvia,Europe,Food and catering,land_use,km2,41.4397970671185,2019,EXIOBASE v3.8.2 IOT_2016_ixi with Danish sea-transport reallocation (Rørmose Jensen & Iliev 2022)
DEU,Germany,Europe,Food and catering,land_use,km2,40.70467877500863,2019,EXIOBASE v3.8.2 IOT_2016_ixi with Danish sea-transport reallocation (Rørmose Jensen & Iliev 2022)
SWE,Sweden,Europe,Minerals and Metals,material_extraction,kt,40.23323985615083,2019,EXIOBASE v3.8.2 IOT_2016_ixi with Danish sea-transport reallocation (Rørmose Jensen & Iliev 2022)
POL,Poland,Europe,Food and catering,land_use,km2,40.109388408266646,2019,EXIOBASE v3.8.2 IOT_2016_ixi with Danish sea-transport reallocation (Rørmose Jensen & Iliev 2022)
JPN,Japan,Asia and Pacific,Transport,climate_change,kt CO2eq,39.91150840993487,2019,EXIOBASE v3.8.2 IOT_2016_ixi with Danish sea-transport reallocation (Rørmose Jensen & Iliev 2022)
RoW Africa,RoW Africa,Africa,Food and catering,climate_change,kt CO2eq,39.37027014470084,2019,EXIOBASE v3.8.2 IOT_2016_ixi with Danish sea-transport reallocation (Rørmose Jensen & Iliev 2022)
FIN,Finland,Europe,Minerals and Metals,material_extraction,kt,38.74265018650198,2019,EXIOBASE v3.8.2 IOT_2016_ixi with Danish sea-transport reallocation (Rørmose Jensen & Iliev 2022)
CHN,China,Asia and Pacific,Transport,climate_change,kt CO2eq,36.81068340686579,2019,EXIOBASE v3.8.2 IOT_2016_ixi with Danish sea-transport reallocation (Rørmose Jensen & Iliev 2022)
POL,Poland,Europe,Minerals and Metals,material_extraction,kt,35.59731997693261,2019,EXIOBASE v3.8.2 IOT_2016_ixi with Danish sea-transport reallocation (Rørmose Jensen & Iliev 2022)
RoW Middle East,RoW Middle East,Middle East,Electricity,climate_change,kt CO2eq,35.55921653972685,2019,EXIOBASE v3.8.2 IOT_2016_ixi with Danish sea-transport reallocation (Rørmose Jensen & Iliev 2022)
DNK,Denmark,Denmark,Minerals and Metals,climate_change,kt CO2eq,34.7504831836174,2019,EXIOBASE v3.8.2 IOT_2016_ixi with Danish sea-transport reallocation (Rørmose Jensen & Iliev 2022)
DNK,Denmark,Denmark,Waste management and disposal,waste_generation,kt,33.57623897421723,2019,EXIOBASE v3.8.2 IOT_2016_ixi with Danish sea-transport reallocation (Rørmose Jensen & Iliev 2022)
NOR,Norway,Europe,Coal and Petroleum,climate_change,kt CO2eq,33.52173402731421,2019,EXIOBASE v3.8.2 IOT_2016_ixi with Danish sea-transport reallocation (Rørmose Jensen & Iliev 2022)
RoW Africa,RoW Africa,Africa,Minerals and Metals,material_extraction,kt,33.51868529474543,2019,EXIOBASE v3.8.2 IOT_2016_ixi with Danish sea-transport reallocation (Rørmose Jensen & Iliev 2022)
RoW Middle East,RoW Middle East,Middle East,Coal and Petroleum,climate_change,kt CO2eq,32.587201405515856,2019,EXIOBASE v3.8.2 IOT_2016_ixi with Danish sea-transport reallocation (Rørmose Jensen & Iliev 2022)
RoW Asia and Pacific,RoW Asia and Pacific,Asia and Pacific,Electricity,climate_change,kt CO2eq,32.28067072063709,2019,EXIOBASE v3.8.2 IOT_2016_ixi with Danish sea-transport reallocation (Rørmose Jensen & Iliev 2022)
AUS,Australia,Asia and Pacific,Minerals and Metals,material_extraction,kt,31.117204767053952,2019,EXIOBASE v3.8.2 IOT_2016_ixi with Danish sea-transport reallocation (Rørmose Jensen & Iliev 2022)
IND,India,Asia and Pacific,Food and catering,climate_change,kt CO2eq,30.930470125864534,2019,EXIOBASE v3.8.2 IOT_2016_ixi with Danish sea-transport reallocation (Rørmose Jensen & Iliev 2022)
GBR,United Kingdom,Europe,Food and catering,material_extraction,kt,30.561670353177014,2019,EXIOBASE v3.8.2 IOT_2016_ixi with Danish sea-transport reallocation (Rørmose Jensen & Iliev 2022)
USA,United States,America,Minerals and Metals,material_extraction,kt,30.23833165584417,2019,EXIOBASE v3.8.2 IOT_2016_ixi with Danish sea-transport reallocation (Rørmose Jensen & Iliev 2022)
FIN,Finland,Europe,Food and catering,land_use,km2,29.02456486577639,2019,EXIOBASE v3.8.2 IOT_2016_ixi with Danish sea-transport reallocation (Rørmose Jensen & Iliev 2022)
CHN,China,Asia and Pacific,Metal Products,climate_change,kt CO2eq,27.60400509573491,2019,EXIOBASE v3.8.2 IOT_2016_ixi with Danish sea-transport reallocation (Rørmose Jensen & Iliev 2022)
GBR,United Kingdom,Europe,Transport,climate_change,kt CO2eq,27.592484948426844,2019,EXIOBASE v3.8.2 IOT_2016_ixi with Danish sea-transport reallocation (Rørmose Jensen & Iliev 2022)
RoW Middle East,RoW Middle East,Middle East,Services,climate_change,kt CO2eq,27.14906892630853,2019,EXIOBASE v3.8.2 IOT_2016_ixi with Danish sea-transport reallocation (Rørmose Jensen & Iliev 2022)
FRA,France,Europe,Food and catering,land_use,km2,26.716827387490845,2019,EXIOBASE v3.8.2 IOT_2016_ixi with Danish sea-transport reallocation (Rørmose Jensen & Iliev 2022)
DNK,Denmark,Denmark,Coal and Petroleum,climate_change,kt CO2eq,26.672133249294717,2019,EXIOBASE v3.8.2 IOT_2016_ixi with Danish sea-transport reallocation (Rørmose Jensen & Iliev 2022)
TUR,Turkey,Middle East,Minerals and Metals,material_extraction,kt,26.260173265739226,2019,EXIOBASE v3.8.2 IOT_2016_ixi with Danish sea-transport reallocation (Rørmose Jensen & Iliev 2022)
RUS,Russia,Europe,Transport,climate_change,kt CO2eq,25.859725577667692,2019,EXIOBASE v3.8.2 IOT_2016_ixi with Danish sea-transport reallocation (Rørmose Jensen & Iliev 2022)
ESP,Spain,Europe,Food and catering,land_use,km2,25.22233315865507,2019,EXIOBASE v3.8.2 IOT_2016_ixi with Danish sea-transport reallocation (Rørmose Jensen & Iliev 2022)
RUS,Russia,Europe,Minerals and Metals,material_extraction,kt,24.691579046673375,2019,EXIOBASE v3.8.2 IOT_2016_ixi with Danish sea-transport reallocation (Rørmose Jensen & Iliev 2022)
NOR,Norway,Europe,Minerals and Metals,material_extraction,kt,24.00773482094519,2019,EXIOBASE v3.8.2 IOT_2016_ixi with Danish sea-transport reallocation (Rørmose Jensen & Iliev 2022)
GLO,Unallocated,Unallocated,Private travel,material_extraction,kt,23.4337,2019,EXIOBASE v3.8.2 IOT_2016_ixi with Danish sea-transport reallocation (Rørmose Jensen & Iliev 2022)
KOR,South Korea,Asia and Pacific,Transport,climate_change,kt CO2eq,22.623552436626543,2019,EXIOBASE v3.8.2 IOT_2016_ixi with Danish sea-transport reallocation (Rørmose Jensen & Iliev 2022)
FRA,France,Europe,Transport,climate_change,kt CO2eq,22.604270066805135,2019,EXIOBASE v3.8.2 IOT_2016_ixi with Danish sea-transport reallocation (Rørmose Jensen & Iliev 2022)
GRC,Greece,Europe,Transport,climate_change,kt CO2eq,22.265882581156887,2019,EXIOBASE v3.8.2 IOT_2016_ixi with Danish sea-transport reallocation (Rørmose Jensen & Iliev 2022)
RoW Africa,RoW Africa,Africa,Coal and Petroleum,climate_change,kt CO2eq,21.6003240539797,2019,EXIOBASE v3.8.2 IOT_2016_ixi with Danish sea-transport reallocation (Rørmose Jensen & Iliev 2022)
DEU,Germany,Europe,Electricity,climate_change,kt CO2eq,20.80372671314712,2019,EXIOBASE v3.8.2 IOT_2016_ixi with Danish sea-transport reallocation (Rørmose Jensen & Iliev 2022)
RoW Asia and Pacific,RoW Asia and Pacific,Asia and Pacific,Coal and Petroleum,climate_change,kt CO2eq,20.43043341111671,2019,EXIOBASE v3.8.2 IOT_2016_ixi with Danish sea-transport reallocation (Rørmose Jensen & Iliev 2022)
GRC,Greece,Europe,Food and catering,land_use,km2,19.618456883806743,2019,EXIOBASE v3.8.2 IOT_2016_ixi with Danish sea-transport reallocation (Rørmose Jensen & Iliev 2022)
GRC,Greece,Europe,Minerals and Metals,material_extraction,kt,19.099429592329958,2019,EXIOBASE v3.8.2 IOT_2016_ixi with Danish sea-transport reallocation (Rørmose Jensen & Iliev 2022)
RUS,Russia,Europe,"Steam, hot water supply and water distribution",climate_change,kt CO2eq,18.897203556364147,2019,EXIOBASE v3.8.2 IOT_2016_ixi with Danish sea-transport reallocation (Rørmose Jensen & Iliev 2022)
NOR,Norway,Europe,Transport,climate_change,kt CO2eq,18.817035089765433,2019,EXIOBASE v3.8.2 IOT_2016_ixi with Danish sea-transport reallocation (Rørmose Jensen & Iliev 2022)
TUR,Turkey,Middle East,Food and catering,land_use,km2,18.513356525835132,2019,EXIOBASE v3.8.2 IOT_2016_ixi with Danish sea-transport reallocation (Rørmose Jensen & Iliev 2022)
NLD,Netherlands,Europe,Transport,climate_change,kt CO2eq,18.351081225062245,2019,EXIOBASE v3.8.2 IOT_2016_ixi with Danish sea-transport reallocation (Rørmose Jensen & Iliev 2022)
FRA,France,Europe,Minerals and Metals,material_extraction,kt,18.292862629398815,2019,EXIOBASE v3.8.2 IOT_2016_ixi with Danish sea-transport reallocation (Rørmose Jensen & Iliev 2022)
CHN,China,Asia and Pacific,Chemical,climate_change,kt CO2eq,18.030003882228723,2019,EXIOBASE v3.8.2 IOT_2016_ixi with Danish sea-transport reallocation (Rørmose Jensen & Iliev 2022)
DNK,Denmark,Denmark,Non-metallic mineral products,climate_change,kt CO2eq,17.971826255381917,2019,EXIOBASE v3.8.2 IOT_2016_ixi with Danish sea-transport reallocation (Rørmose Jensen & Iliev 2022)
IRL,Ireland,Europe,Food and catering,land_use,km2,17.9689802713589,2019,EXIOBASE v3.8.2 IOT_2016_ixi with Danish sea-transport reallocation (Rørmose Jensen & Iliev 2022)
RUS,Russia,Europe,Natural gas and gaseous fuels,climate_change,kt CO2eq,17.48012916894093,2019,EXIOBASE v3.8.2 IOT_2016_ixi with Danish sea-transport reallocation (Rørmose Jensen & Iliev 2022)
DNK,Denmark,Denmark,Electricity,climate_change,kt CO2eq,17.302783399659557,2019,EXIOBASE v3.8.2 IOT_2016_ixi with Danish sea-transport reallocation (Rørmose Jensen & Iliev 2022)
RoW Europe,RoW Europe,Europe,Food and catering,climate_change,kt CO2eq,17.172030133455234,2019,EXIOBASE v3.8.2 IOT_2016_ixi with Danish sea-transport reallocation (Rørmose Jensen & Iliev 2022)
GBR,United Kingdom,Europe,Food and catering,land_use,km2,16.86392685207536,2019,EXIOBASE v3.8.2 IOT_2016_ixi with Danish sea-transport reallocation (Rørmose Jensen & Iliev 2022)
RoW Asia and Pacific,RoW Asia and Pacific,Asia and Pacific,"Steam, hot water supply and water distribution",climate_change,kt CO2eq,16.60249673428148,2019,EXIOBASE v3.8.2 IOT_2016_ixi with Danish sea-transport reallocation (Rørmose Jensen & Iliev 2022)
ITA,Italy,Europe,Food and catering,land_use,km2,16.508447579837313,2019,EXIOBASE v3.8.2 IOT_2016_ixi with Danish sea-transport reallocation (Rørmose Jensen & Iliev 2022)
RoW Middle East,RoW Middle East,Middle East,Chemical,climate_change,kt CO2eq,16.482243634678856,2019,EXIOBASE v3.8.2 IOT_2016_ixi with Danish sea-transport reallocation (Rørmose Jensen & Iliev 2022)
RoW America,RoW America,America,Food and catering,climate_change,kt CO2eq,16.304965785925255,2019,EXIOBASE v3.8.2 IOT_2016_ixi with Danish sea-transport reallocation (Rørmose Jensen & Iliev 2022)
DEU,Germany,Europe,Food and catering,climate_change,kt CO2eq,16.249113758891458,2019,EXIOBASE v3.8.2 IOT_2016_ixi with Danish sea-transport reallocation (Rørmose Jensen & Iliev 2022)
RoW Asia and Pacific,RoW Asia and Pacific,Asia and Pacific,Waste management and disposal,climate_change,kt CO2eq,16.028712229149917,2019,EXIOBASE v3.8.2 IOT_2016_ixi with Danish sea-transport reallocation (Rørmose Jensen & Iliev 2022)
EST,Estonia,Europe,Food and catering,land_use,km2,15.860249793917948,2019,EXIOBASE v3.8.2 IOT_2016_ixi with Danish sea-transport reallocation (Rørmose Jensen & Iliev 2022)
ZAF,South Africa,Africa,Electricity,climate_change,kt CO2eq,15.796134750987445,2019,EXIOBASE v3.8.2 IOT_2016_ixi with Danish sea-transport reallocation (Rørmose Jensen & Iliev 2022)
CHN,China,Asia and Pacific,Coal and Petroleum,climate_change,kt CO2eq,15.73315143392199,2019,EXIOBASE v3.8.2 IOT_2016_ixi with Danish sea-transport reallocation (Rørmose Jensen & Iliev 2022)
RoW Europe,RoW Europe,Europe,Chemical,material_extraction,kt,15.722600898249144,2019,EXIOBASE v3.8.2 IOT_2016_ixi with Danish sea-transport reallocation (Rørmose Jensen & Iliev 2022)
IND,India,Asia and Pacific,Electricity,climate_change,kt CO2eq,15.544778056594138,2019,EXIOBASE v3.8.2 IOT_2016_ixi with Danish sea-transport reallocation (Rørmose Jensen & Iliev 2022)
RoW Europe,RoW Europe,Europe,Electricity,climate_change,kt CO2eq,15.062712890580896,2019,EXIOBASE v3.8.2 IOT_2016_ixi with Danish sea-transport reallocation (Rørmose Jensen & Iliev 2022)
USA,United States,America,Transport,climate_change,kt CO2eq,14.641073661830449,2019,EXIOBASE v3.8.2 IOT_2016_ixi with Danish sea-transport reallocation (Rørmose Jensen & Iliev 2022)
LTU,Lithuania,Europe,Food and catering,land_use,km2,14.311018375035365,2019,EXIOBASE v3.8.2 IOT_2016_ixi with Danish sea-transport reallocation (Rørmose Jensen & Iliev 2022)
ROU,Romania,Europe,Food and catering,land_use,km2,14.249948413148426,2019,EXIOBASE v3.8.2 IOT_2016_ixi with Danish sea-transport reallocation (Rørmose Jensen & Iliev 2022)
IDN,Indonesia,Asia and Pacific,Food and catering,land_use,km2,14.149333109786227,2019,EXIOBASE v3.8.2 IOT_2016_ixi with Danish sea-transport reallocation (Rørmose Jensen & Iliev 2022)
NLD,Netherlands,Europe,Coal and Petroleum,climate_change,kt CO2eq,14.02015643198649,2019,EXIOBASE v3.8.2 IOT_2016_ixi with Danish sea-transport reallocation (Rørmose Jensen & Iliev 2022)
RoW Middle East,RoW Middle East,Middle East,Food and catering,climate_change,kt CO2eq,13.751002280437964,2019,EXIOBASE v3.8.2 IOT_2016_ixi with Danish sea-transport reallocation (Rørmose Jensen & Iliev 2022)
CAN,Canada,America,Transport,climate_change,kt CO2eq,13.673994200497175,2019,EXIOBASE v3.8.2 IOT_2016_ixi with Danish sea-transport reallocation (Rørmose Jensen & Iliev 2022)
CHN,China,Asia and Pacific,Food and catering,climate_change,kt CO2eq,13.380728937086733,2019,EXIOBASE v3.8.2 IOT_2016_ixi with Danish sea-transport reallocation (Rørmose Jensen & Iliev 2022)
IND,India,Asia and Pacific,Transport,climate_change,kt CO2eq,13.059992575969344,2019,EXIOBASE v3.8.2 IOT_2016_ixi with Danish sea-transport reallocation (Rørmose Jensen & Iliev 2022)
AUS,Australia,Asia and Pacific,Food and catering,climate_change,kt CO2eq,12.979329137335744,2019,EXIOBASE v3.8.2 IOT_2016_ixi with Danish sea-transport reallocation (Rørmose Jensen & Iliev 2022)
RoW Asia and Pacific,RoW Asia and Pacific,Asia and Pacific,Services,climate_change,kt CO2eq,12.924985876468295,2019,EXIOBASE v3.8.2 IOT_2016_ixi with Danish sea-transport reallocation (Rørmose Jensen & Iliev 2022)
RUS,Russia,Europe,Chemical,climate_change,kt CO2eq,12.78125894791729,2019,EXIOBASE v3.8.2 IOT_2016_ixi with Danish sea-transport reallocation (Rørmose Jensen & Iliev 2022)
ITA,Italy,Europe,Minerals and Metals,material_extraction,kt,12.667100536424021,2019,EXIOBASE v3.8.2 IOT_2016_ixi with Danish sea-transport reallocation (Rørmose Jensen & Iliev 2022)
BEL,Belgium,Europe,Transport,climate_change,kt CO2eq,12.570625389061878,2019,EXIOBASE v3.8.2 IOT_2016_ixi with Danish sea-transport reallocation (Rørmose Jensen & Iliev 2022)
RoW Europe,RoW Europe,Europe,Minerals and Metals,material_extraction,kt,12.27419498895199,2019,EXIOBASE v3.8.2 IOT_2016_ixi with Danish sea-transport reallocation (Rørmose Jensen & Iliev 2022)
RoW Middle East,RoW Middle East,Middle East,Natural gas and gaseous fuels,climate_change,kt CO2eq,11.660275618476462,2019,EXIOBASE v3.8.2 IOT_2016_ixi with Danish sea-transport reallocation (Rørmose Jensen & Iliev 2022)
RoW Middle East,RoW Middle East,Middle East,Food and catering,blue_water_consumption,Mm3,11.533715174621275,2019,EXIOBASE v3.8.2 IOT_2016_ixi with Danish sea-transport reallocation (Rørmose Jensen & Iliev 2022)
POL,Poland,Europe,"Steam, hot water supply and water distribution",climate_change,kt CO2eq,11.445909805136687,2019,EXIOBASE v3.8.2 IOT_2016_ixi with Danish sea-transport reallocation (Rørmose Jensen & Iliev 2022)
DNK,Denmark,Denmark,Electricity,waste_generation,kt,11.402801588322577,2019,EXIOBASE v3.8.2 IOT_2016_ixi with Danish sea-transport reallocation (Rørmose Jensen & Iliev 2022)
ITA,Italy,Europe,Transport,climate_change,kt CO2eq,11.370283733976615,2019,EXIOBASE v3.8.2 IOT_2016_ixi with Danish sea-transport reallocation (Rørmose Jensen & Iliev 2022)
BGR,Bulgaria,Europe,Minerals and Metals,material_extraction,kt,11.313275526354547,2019,EXIOBASE v3.8.2 IOT_2016_ixi with Danish sea-transport reallocation (Rørmose Jensen & Iliev 2022)
RoW America,RoW America,America,Coal and Petroleum,climate_change,kt CO2eq,11.25683882470869,2019,EXIOBASE v3.8.2 IOT_2016_ixi with Danish sea-transport reallocation (Rørmose Jensen & Iliev 2022)
RoW Asia and Pacific,RoW Asia and Pacific,Asia and Pacific,Food and catering,blue_water_consumption,Mm3,11.255199395448143,2019,EXIOBASE v3.8.2 IOT_2016_ixi with Danish sea-transport reallocation (Rørmose Jensen & Iliev 2022)
USA,United States,America,Electricity,climate_change,kt CO2eq,11.17119136565805,2019,EXIOBASE v3.8.2 IOT_2016_ixi with Danish sea-transport reallocation (Rørmose Jensen & Iliev 2022)
ZAF,South Africa,Africa,Minerals and Metals,material_extraction,kt,10.930263923929807,2019,EXIOBASE v3.8.2 IOT_2016_ixi with Danish sea-transport reallocation (Rørmose Jensen & Iliev 2022)
BRA,Brazil,America,Minerals and Metals,material_extraction,kt,10.757657596738618,2019,EXIOBASE v3.8.2 IOT_2016_ixi with Danish sea-transport reallocation (Rørmose Jensen & Iliev 2022)
NLD,Netherlands,Europe,Chemical,climate_change,kt CO2eq,10.474033696775939,2019,EXIOBASE v3.8.2 IOT_2016_ixi with Danish sea-transport reallocation (Rørmose Jensen & Iliev 2022)
ROU,Romania,Europe,Minerals and Metals,material_extraction,kt,10.330808640084895,2019,EXIOBASE v3.8.2 IOT_2016_ixi with Danish sea-transport reallocation (Rørmose Jensen & Iliev 2022)
AUT,Austria,Europe,Minerals and Metals,material_extraction,kt,10.13322061890897,2019,EXIOBASE v3.8.2 IOT_2016_ixi with Danish sea-transport reallocation (Rørmose Jensen & Iliev 2022)
RUS,Russia,Europe,Waste management and disposal,climate_change,kt CO2eq,9.967618900628583,2019,EXIOBASE v3.8.2 IOT_2016_ixi with Danish sea-transport reallocation (Rørmose Jensen & Iliev 2022)
CZE,Czech Republic,Europe,Minerals and Metals,material_extraction,kt,9.864069248899186,2019,EXIOBASE v3.8.2 IOT_2016_ixi with Danish sea-transport reallocation (Rørmose Jensen & Iliev 2022)
DEU,Germany,Europe,Natural gas and gaseous fuels,climate_change,kt CO2eq,9.842671781853332,2019,EXIOBASE v3.8.2 IOT_2016_ixi with Danish sea-transport reallocation (Rørmose Jensen & Iliev 2022)
CAN,Canada,America,Minerals and Metals,material_extraction,kt,9.836109113294368,2019,EXIOBASE v3.8.2 IOT_2016_ixi with Danish sea-transport reallocation (Rørmose Jensen & Iliev 2022)
CHE,Switzerland,Europe,Minerals and Metals,material_extraction,kt,9.74155277950057,2019,EXIOBASE v3.8.2 IOT_2016_ixi with Danish sea-transport reallocation (Rørmose Jensen & Iliev 2022)
HUN,Hungary,Europe,Food and catering,land_use,km2,9.704127051361368,2019,EXIOBASE v3.8.2 IOT_2016_ixi with Danish sea-transport reallocation (Rørmose Jensen & Iliev 2022)
ESP,Spain,Europe,Minerals and Metals,material_extraction,kt,9.466420011715593,2019,EXIOBASE v3.8.2 IOT_2016_ixi with Danish sea-transport reallocation (Rørmose Jensen & Iliev 2022)
RoW Europe,RoW Europe,Europe,"Steam, hot water supply and water distribution",climate_change,kt CO2eq,9.221076904884097,2019,EXIOBASE v3.8.2 IOT_2016_ixi with Danish sea-transport reallocation (Rørmose Jensen & Iliev 2022)
ZAF,South Africa,Africa,Food and catering,land_use,km2,8.926638317633952,2019,EXIOBASE v3.8.2 IOT_2016_ixi with Danish sea-transport reallocation (Rørmose Jensen & Iliev 2022)
BEL,Belgium,Europe,Minerals and Metals,material_extraction,kt,8.814018570996446,2019,EXIOBASE v3.8.2 IOT_2016_ixi with Danish sea-transport reallocation (Rørmose Jensen & Iliev 2022)
RoW Asia and Pacific,RoW Asia and Pacific,Asia and Pacific,Natural gas and gaseous fuels,climate_change,kt CO2eq,8.659062170829051,2019,EXIOBASE v3.8.2 IOT_2016_ixi with Danish sea-transport reallocation (Rørmose Jensen & Iliev 2022)
RoW Middle East,RoW Middle East,Middle East,Minerals and Metals,climate_change,kt CO2eq,8.647402270192321,2019,EXIOBASE v3.8.2 IOT_2016_ixi with Danish sea-transport reallocation (Rørmose Jensen & Iliev 2022)
IND,India,Asia and Pacific,Food and catering,blue_water_consumption,Mm3,8.619651791094896,2019,EXIOBASE v3.8.2 IOT_2016_ixi with Danish sea-transport reallocation (Rørmose Jensen & Iliev 2022)
IRL,Ireland,Europe,Transport,climate_change,kt CO2eq,8.460735036444092,2019,EXIOBASE v3.8.2 IOT_2016_ixi with Danish sea-transport reallocation (Rørmose Jensen & Iliev 2022)
TWN,Taiwan,Asia and Pacific,Transport,climate_change,kt CO2eq,8.321477013693611,2019,EXIOBASE v3.8.2 IOT_2016_ixi with Danish sea-transport reallocation (Rørmose Jensen & Iliev 2022)
RoW Europe,RoW Europe,Europe,Waste management and disposal,climate_change,kt CO2eq,8.302976690250263,2019,EXIOBASE v3.8.2 IOT_2016_ixi with Danish sea-transport reallocation (Rørmose Jensen & Iliev 2022)
IND,India,Asia and Pacific,Coal and Petroleum,climate_change,kt CO2eq,8.231488606080413,2019,EXIOBASE v3.8.2 IOT_2016_ixi with Danish sea-transport reallocation (Rørmose Jensen & Iliev 2022)
ESP,Spain,Europe,Transport,climate_change,kt CO2eq,8.220375520098411,2019,EXIOBASE v3.8.2 IOT_2016_ixi with Danish sea-transport reallocation (Rørmose Jensen & Iliev 2022)
AUS,Australia,Asia and Pacific,Electricity,climate_change,kt CO2eq,8.124132112297078,2019,EXIOBASE v3.8.2 IOT_2016_ixi with Danish sea-transport reallocation (Rørmose Jensen & Iliev 2022)
DNK,Denmark,Denmark,Metal Products,climate_change,kt CO2eq,8.115116285959383,2019,EXIOBASE v3.8.2 IOT_2016_ixi with Danish sea-transport reallocation (Rørmose Jensen & Iliev 2022)
DNK,Denmark,Denmark,Food and catering,waste_generation,kt,7.964874003657929,2019,EXIOBASE v3.8.2 IOT_2016_ixi with Danish sea-transport reallocation (Rørmose Jensen & Iliev 2022)
USA,United States,America,Coal and Petroleum,climate_change,kt CO2eq,7.786047697771801,2019,EXIOBASE v3.8.2 IOT_2016_ixi with Danish sea-transport reallocation (Rørmose Jensen & Iliev 2022)
IDN,Indonesia,Asia and Pacific,Minerals and Metals,material_extraction,kt,7.712597082396069,2019,EXIOBASE v3.8.2 IOT_2016_ixi with Danish sea-transport reallocation (Rørmose Jensen & Iliev 2022)
CZE,Czech Republic,Europe,Food and catering,land_use,km2,7.664314750591923,2019,EXIOBASE v3.8.2 IOT_2016_ixi with Danish sea-transport reallocation (Rørmose Jensen & Iliev 2022)
PRT,Portugal,Europe,Minerals and Metals,material_extraction,kt,7.635140502708774,2019,EXIOBASE v3.8.2 IOT_2016_ixi with Danish sea-transport reallocation (Rørmose Jensen & Iliev 2022)
SVK,Slovakia,Europe,Food and catering,land_use,km2,7.621420832386947,2019,EXIOBASE v3.8.2 IOT_2016_ixi with Danish sea-transport reallocation (Rørmose Jensen & Iliev 2022)
FRA,France,Europe,Food and catering,climate_change,kt CO2eq,7.586832307366488,2019,EXIOBASE v3.8.2 IOT_2016_ixi with Danish sea-transport reallocation (Rørmose Jensen & Iliev 2022)
HUN,Hungary,Europe,Services,material_extraction,kt,7.422800786155403,2019,EXIOBASE v3.8.2 IOT_2016_ixi with Danish sea-transport reallocation (Rørmose Jensen & Iliev 2022)
BGR,Bulgaria,Europe,Food and catering,land_use,km2,7.042557893299002,2019,EXIOBASE v3.8.2 IOT_2016_ixi with Danish sea-transport reallocation (Rørmose Jensen & Iliev 2022)
RoW America,RoW America,America,Transport,climate_change,kt CO2eq,7.008935502699155,2019,EXIOBASE v3.8.2 IOT_2016_ixi with Danish sea-transport reallocation (Rørmose Jensen & Iliev 2022)
AUS,Australia,Asia and Pacific,Transport,climate_change,kt CO2eq,7.001399331112728,2019,EXIOBASE v3.8.2 IOT_2016_ixi with Danish sea-transport reallocation (Rørmose Jensen & Iliev 2022)
CZE,Czech Republic,Europe,"Steam, hot water supply and water distribution",climate_change,kt CO2eq,6.832072016458096,2019,EXIOBASE v3.8.2 IOT_2016_ixi with Danish sea-transport reallocation (Rørmose Jensen & Iliev 2022)
IND,India,Asia and Pacific,Chemical,climate_change,kt CO2eq,6.609552715064118,2019,EXIOBASE v3.8.2 IOT_2016_ixi with Danish sea-transport reallocation (Rørmose Jensen & Iliev 2022)
RoW Asia and Pacific,RoW Asia and Pacific,Asia and Pacific,Non-metallic mineral products,climate_change,kt CO2eq,6.5570582795687,2019,EXIOBASE v3.8.2 IOT_2016_ixi with Danish sea-transport reallocation (Rørmose Jensen & Iliev 2022)
NLD,Netherlands,Europe,Food and catering,land_use,km2,6.368449609551699,2019,EXIOBASE v3.8.2 IOT_2016_ixi with Danish sea-transport reallocation (Rørmose Jensen & Iliev 2022)
GBR,United Kingdom,Europe,Food and catering,climate_change,kt CO2eq,6.357870389502135,2019,EXIOBASE v3.8.2 IOT_2016_ixi with Danish sea-transport reallocation (Rørmose Jensen & Iliev 2022)
RoW Africa,RoW Africa,Africa,Waste management and disposal,climate_change,kt CO2eq,6.324584758346056,2019,EXIOBASE v3.8.2 IOT_2016_ixi with Danish sea-transport reallocation (Rørmose Jensen & Iliev 2022)
SWE,Sweden,Europe,Paper Products,land_use,km2,6.321569511389276,2019,EXIOBASE v3.8.2 IOT_2016_ixi with Danish sea-transport reallocation (Rørmose Jensen & Iliev 2022)
POL,Poland,Europe,Food and catering,climate_change,kt CO2eq,6.312698141694678,2019,EXIOBASE v3.8.2 IOT_2016_ixi with Danish sea-transport reallocation (Rørmose Jensen & Iliev 2022)
RoW Middle East,RoW Middle East,Middle East,Waste management and disposal,climate_change,kt CO2eq,6.200844037431697,2019,EXIOBASE v3.8.2 IOT_2016_ixi with Danish sea-transport reallocation (Rørmose Jensen & Iliev 2022)
NLD,Netherlands,Europe,"Electrical, electronic and measuring equipment",climate_change,kt CO2eq,6.121956587734801,2019,EXIOBASE v3.8.2 IOT_2016_ixi with Danish sea-transport reallocation (Rørmose Jensen & Iliev 2022)
PRT,Portugal,Europe,Food and catering,land_use,km2,6.095297992037307,2019,EXIOBASE v3.8.2 IOT_2016_ixi with Danish sea-transport reallocation (Rørmose Jensen & Iliev 2022)
RoW America,RoW America,America,Electricity,climate_change,kt CO2eq,6.015928224565778,2019,EXIOBASE v3.8.2 IOT_2016_ixi with Danish sea-transport reallocation (Rørmose Jensen & Iliev 2022)
TUR,Turkey,Middle East,Transport,climate_change,kt CO2eq,5.973104172471132,2019,EXIOBASE v3.8.2 IOT_2016_ixi with Danish sea-transport reallocation (Rørmose Jensen & Iliev 2022)
CHN,China,Asia and Pacific,"Steam, hot water supply and water distribution",climate_change,kt CO2eq,5.922487539402346,2019,EXIOBASE v3.8.2 IOT_2016_ixi with Danish sea-transport reallocation (Rørmose Jensen & Iliev 2022)
NLD,Netherlands,Europe,Food and catering,climate_change,kt CO2eq,5.876061941103885,2019,EXIOBASE v3.8.2 IOT_2016_ixi with Danish sea-transport reallocation (Rørmose Jensen & Iliev 2022)
RUS,Russia,Europe,Services,climate_change,kt CO2eq,5.874912731236455,2019,EXIOBASE v3.8.2 IOT_2016_ixi with Danish sea-transport reallocation (Rørmose Jensen & Iliev 2022)
RoW Europe,RoW Europe,Europe,Chemical,climate_change,kt CO2eq,5.834037070585554,2019,EXIOBASE v3.8.2 IOT_2016_ixi with Danish sea-transport reallocation (Rørmose Jensen & Iliev 2022)
DEU,Germany,Europe,Metal Products,climate_change,kt CO2eq,5.731732134524775,2019,EXIOBASE v3.8.2 IOT_2016_ixi with Danish sea-transport reallocation (Rørmose Jensen & Iliev 2022)
GBR,United Kingdom,Europe,Electricity,climate_change,kt CO2eq,5.723934201559754,2019,EXIOBASE v3.8.2 IOT_2016_ixi with Danish sea-transport reallocation (Rørmose Jensen & Iliev 2022)
CHE,Switzerland,Europe,Transport,climate_change,kt CO2eq,5.59467510588331,2019,EXIOBASE v3.8.2 IOT_2016_ixi with Danish sea-transport reallocation (Rørmose Jensen & Iliev 2022)
SWE,Sweden,Europe,Paper Products,waste_generation,kt,5.543181923511059,2019,EXIOBASE v3.8.2 IOT_2016_ixi with Danish sea-transport reallocation (Rørmose Jensen & Iliev 2022)
RoW Asia and Pacific,RoW Asia and Pacific,Asia and Pacific,Food and catering,waste_generation,kt,5.541627336827786,2019,EXIOBASE v3.8.2 IOT_2016_ixi with Danish sea-transport reallocation (Rørmose Jensen & Iliev 2022)
TUR,Turkey,Middle East,Food and catering,climate_change,kt CO2eq,5.519188020027029,2019,EXIOBASE v3.8.2 IOT_2016_ixi with Danish sea-transport reallocation (Rørmose Jensen & Iliev 2022)
POL,Poland,Europe,Electricity,material_extraction,kt,5.462751693670024,2019,EXIOBASE v3.8.2 IOT_2016_ixi with Danish sea-transport reallocation (Rørmose Jensen & Iliev 2022)
RoW Europe,RoW Europe,Europe,Transport,climate_change,kt CO2eq,5.361351317612215,2019,EXIOBASE v3.8.2 IOT_2016_ixi with Danish sea-transport reallocation (Rørmose Jensen & Iliev 2022)
HUN,Hungary,Europe,Minerals and Metals,material_extraction,kt,5.305717148790549,2019,EXIOBASE v3.8.2 IOT_2016_ixi with Danish sea-transport reallocation (Rørmose Jensen & Iliev 2022)
USA,United States,America,Chemical,climate_change,kt CO2eq,5.286611358073186,2019,EXIOBASE v3.8.2 IOT_2016_ixi with Danish sea-transport reallocation (Rørmose Jensen & Iliev 2022)
BGR,Bulgaria,Europe,Electricity,climate_change,kt CO2eq,5.283186507787359,2019,EXIOBASE v3.8.2 IOT_2016_ixi with Danish sea-transport reallocation (Rørmose Jensen & Iliev 2022)
USA,United States,America,Food and catering,climate_change,kt CO2eq,5.2673970878540635,2019,EXIOBASE v3.8.2 IOT_2016_ixi with Danish sea-transport reallocation (Rørmose Jensen & Iliev 2022)
RoW Africa,RoW Africa,Africa,Electricity,climate_change,kt CO2eq,5.25723172116716,2019,EXIOBASE v3.8.2 IOT_2016_ixi with Danish sea-transport reallocation (Rørmose Jensen & Iliev 2022)
CAN,Canada,America,Food and catering,climate_change,kt CO2eq,5.255384861583648,2019,EXIOBASE v3.8.2 IOT_2016_ixi with Danish sea-transport reallocation (Rørmose Jensen & Iliev 2022)
CAN,Canada,America,Coal and Petroleum,climate_change,kt CO2eq,5.22714572352422,2019,EXIOBASE v3.8.2 IOT_2016_ixi with Danish sea-transport reallocation (Rørmose Jensen & Iliev 2022)
TWN,Taiwan,Asia and Pacific,Electricity,climate_change,kt CO2eq,5.184237129430608,2019,EXIOBASE v3.8.2 IOT_2016_ixi with Danish sea-transport reallocation (Rørmose Jensen & Iliev 2022)
MEX,Mexico,America,Food and catering,land_use,km2,5.164028426581057,2019,EXIOBASE v3.8.2 IOT_2016_ixi with Danish sea-transport reallocation (Rørmose Jensen & Iliev 2022)
CHE,Switzerland,Europe,Food and catering,land_use,km2,5.122481217683329,2019,EXIOBASE v3.8.2 IOT_2016_ixi with Danish sea-transport reallocation (Rørmose Jensen & Iliev 2022)
RoW Africa,RoW Africa,Africa,Food and catering,waste_generation,kt,5.065694951036551,2019,EXIOBASE v3.8.2 IOT_2016_ixi with Danish sea-transport reallocation (Rørmose Jensen & Iliev 2022)
RUS,Russia,Europe,Metal Products,climate_change,kt CO2eq,5.058985181762996,2019,EXIOBASE v3.8.2 IOT_2016_ixi with Danish sea-transport reallocation (Rørmose Jensen & Iliev 2022)
DEU,Germany,Europe,Chemical,climate_change,kt CO2eq,5.029782531598939,2019,EXIOBASE v3.8.2 IOT_2016_ixi with Danish sea-transport reallocation (Rørmose Jensen & Iliev 2022)
NLD,Netherlands,Europe,Services,material_extraction,kt,5.02937871171033,2019,EXIOBASE v3.8.2 IOT_2016_ixi with Danish sea-transport reallocation (Rørmose Jensen & Iliev 2022)
DNK,Denmark,Denmark,"Steam, hot water supply and water distribution",waste_generation,kt,4.973443889325538,2019,EXIOBASE v3.8.2 IOT_2016_ixi with Danish sea-transport reallocation (Rørmose Jensen & Iliev 2022)
BRA,Brazil,America,Food and catering,climate_change,kt CO2eq,4.961665727710868,2019,EXIOBASE v3.8.2 IOT_2016_ixi with Danish sea-transport reallocation (Rørmose Jensen & Iliev 2022)
JPN,Japan,Asia and Pacific,Electricity,climate_change,kt CO2eq,4.926008400431618,2019,EXIOBASE v3.8.2 IOT_2016_ixi with Danish sea-transport reallocation (Rørmose Jensen & Iliev 2022)
KOR,South Korea,Asia and Pacific,Electricity,climate_change,kt CO2eq,4.858714051637187,2019,EXIOBASE v3.8.2 IOT_2016_ixi with Danish sea-transport reallocation (Rørmose Jensen & Iliev 2022)
ZAF,South Africa,Africa,Coal and Petroleum,climate_change,kt CO2eq,4.852512454454115,2019,EXIOBASE v3.8.2 IOT_2016_ixi with Danish sea-transport reallocation (Rørmose Jensen & Iliev 2022)
SWE,Sweden,Europe,Transport,climate_change,kt CO2eq,4.801997063191674,2019,EXIOBASE v3.8.2 IOT_2016_ixi with Danish sea-transport reallocation (Rørmose Jensen & Iliev 2022)
POL,Poland,Europe,Waste management and disposal,climate_change,kt CO2eq,4.765707877775489,2019,EXIOBASE v3.8.2 IOT_2016_ixi with Danish sea-transport reallocation (Rørmose Jensen & Iliev 2022)
RoW Middle East,RoW Middle East,Middle East,Textile,climate_change,kt CO2eq,4.748258206531132,2019,EXIOBASE v3.8.2 IOT_2016_ixi with Danish sea-transport reallocation (Rørmose Jensen & Iliev 2022)
AUT,Austria,Europe,Food and catering,land_use,km2,4.682670999750953,2019,EXIOBASE v3.8.2 IOT_2016_ixi with Danish sea-transport reallocation (Rørmose Jensen & Iliev 2022)
DEU,Germany,Europe,"Steam, hot water supply and water distribution",climate_change,kt CO2eq,4.668386088069495,2019,EXIOBASE v3.8.2 IOT_2016_ixi with Danish sea-transport reallocation (Rørmose Jensen & Iliev 2022)
IDN,Indonesia,Asia and Pacific,Coal and Petroleum,climate_change,kt CO2eq,4.661457690894256,2019,EXIOBASE v3.8.2 IOT_2016_ixi with Danish sea-transport reallocation (Rørmose Jensen & Iliev 2022)
RoW Asia and Pacific,RoW Asia and Pacific,Asia and Pacific,Transport,material_extraction,kt,4.6604417506115565,2019,EXIOBASE v3.8.2 IOT_2016_ixi with Danish sea-transport reallocation (Rørmose Jensen & Iliev 2022)
NOR,Norway,Europe,Food and catering,climate_change,kt CO2eq,4.637091898100256,2019,EXIOBASE v3.8.2 IOT_2016_ixi with Danish sea-transport reallocation (Rørmose Jensen & Iliev 2022)
RUS,Russia,Europe,Food and catering,climate_change,kt CO2eq,4.5967577417189505,2019,EXIOBASE v3.8.2 IOT_2016_ixi with Danish sea-transport reallocation (Rørmose Jensen & Iliev 2022)
RoW Africa,RoW Africa,Africa,Transport,climate_change,kt CO2eq,4.553222495509261,2019,EXIOBASE v3.8.2 IOT_2016_ixi with Danish sea-transport reallocation (Rørmose Jensen & Iliev 2022)
SWE,Sweden,Europe,Food and catering,climate_change,kt CO2eq,4.550678226504978,2019,EXIOBASE v3.8.2 IOT_2016_ixi with Danish sea-transport reallocation (Rørmose Jensen & Iliev 2022)
POL,Poland,Europe,Transport,material_extraction,kt,4.505188100591127,2019,EXIOBASE v3.8.2 IOT_2016_ixi with Danish sea-transport reallocation (Rørmose Jensen & Iliev 2022)
IND,India,Asia and Pacific,Food and catering,waste_generation,kt,4.4946923462606385,2019,EXIOBASE v3.8.2 IOT_2016_ixi with Danish sea-transport reallocation (Rørmose Jensen & Iliev 2022)
AUS,Australia,Asia and Pacific,Coal and Petroleum,climate_change,kt CO2eq,4.383039635085877,2019,EXIOBASE v3.8.2 IOT_2016_ixi with Danish sea-transport reallocation (Rørmose Jensen & Iliev 2022)
CHN,China,Asia and Pacific,Non-metallic mineral products,climate_change,kt CO2eq,4.36594030431249,2019,EXIOBASE v3.8.2 IOT_2016_ixi with Danish sea-transport reallocation (Rørmose Jensen & Iliev 2022)
IND,India,Asia and Pacific,Metal Products,climate_change,kt CO2eq,4.365265940779014,2019,EXIOBASE v3.8.2 IOT_2016_ixi with Danish sea-transport reallocation (Rørmose Jensen & Iliev 2022)
JPN,Japan,Asia and Pacific,Minerals and Metals,material_extraction,kt,4.353878360674019,2019,EXIOBASE v3.8.2 IOT_2016_ixi with Danish sea-transport reallocation (Rørmose Jensen & Iliev 2022)
NLD,Netherlands,Europe,Minerals and Metals,material_extraction,kt,4.320099051691126,2019,EXIOBASE v3.8.2 IOT_2016_ixi with Danish sea-transport reallocation (Rørmose Jensen & Iliev 2022)
GBR,United Kingdom,Europe,Coal and Petroleum,climate_change,kt CO2eq,4.316558480083259,2019,EXIOBASE v3.8.2 IOT_2016_ixi with Danish sea-transport reallocation (Rørmose Jensen & Iliev 2022)
IRL,Ireland,Europe,Food and catering,climate_change,kt CO2eq,4.301585865007485,2019,EXIOBASE v3.8.2 IOT_2016_ixi with Danish sea-transport reallocation (Rørmose Jensen & Iliev 2022)
DNK,Denmark,Denmark,Chemical,material_extraction,kt,4.285417658790083,2019,EXIOBASE v3.8.2 IOT_2016_ixi with Danish sea-transport reallocation (Rørmose Jensen & Iliev 2022)
ESP,Spain,Europe,Electricity,climate_change,kt CO2eq,4.234263737944034,2019,EXIOBASE v3.8.2 IOT_2016_ixi with Danish sea-transport reallocation (Rørmose Jensen & Iliev 2022)
RoW Europe,RoW Europe,Europe,Coal and Petroleum,climate_change,kt CO2eq,4.227226732979656,2019,EXIOBASE v3.8.2 IOT_2016_ixi with Danish sea-transport reallocation (Rørmose Jensen & Iliev 2022)
CZE,Czech Republic,Europe,Transport,climate_change,kt CO2eq,4.098419208042994,2019,EXIOBASE v3.8.2 IOT_2016_ixi with Danish sea-transport reallocation (Rørmose Jensen & Iliev 2022)
POL,Poland,Europe,Coal and Petroleum,climate_change,kt CO2eq,4.088781231806475,2019,EXIOBASE v3.8.2 IOT_2016_ixi with Danish sea-transport reallocation (Rørmose Jensen & Iliev 2022)
SWE,Sweden,Europe,Coal and Petroleum,climate_change,kt CO2eq,4.04986510184461,2019,EXIOBASE v3.8.2 IOT_2016_ixi with Danish sea-transport reallocation (Rørmose Jensen & Iliev 2022)
POL,Poland,Europe,Chemical,climate_change,kt CO2eq,4.018115176631867,2019,EXIOBASE v3.8.2 IOT_2016_ixi with Danish sea-transport reallocation (Rørmose Jensen & Iliev 2022)
RoW America,RoW America,America,Waste management and disposal,climate_change,kt CO2eq,3.931925859495289,2019,EXIOBASE v3.8.2 IOT_2016_ixi with Danish sea-transport reallocation (Rørmose Jensen & Iliev 2022)
CAN,Canada,America,Electricity,climate_change,kt CO2eq,3.919747606151267,2019,EXIOBASE v3.8.2 IOT_2016_ixi with Danish sea-transport reallocation (Rørmose Jensen & Iliev 2022)
ITA,Italy,Europe,Food and catering,climate_change,kt CO2eq,3.910776392421619,2019,EXIOBASE v3.8.2 IOT_2016_ixi with Danish sea-transport reallocation (Rørmose Jensen & Iliev 2022)
GBR,United Kingdom,Europe,Waste management and disposal,climate_change,kt CO2eq,3.904454782300242,2019,EXIOBASE v3.8.2 IOT_2016_ixi with Danish sea-transport reallocation (Rørmose Jensen & Iliev 2022)
NLD,Netherlands,Europe,Electricity,climate_change,kt CO2eq,3.8715484816253656,2019,EXIOBASE v3.8.2 IOT_2016_ixi with Danish sea-transport reallocation (Rørmose Jensen & Iliev 2022)
DNK,Denmark,Denmark,Services,waste_generation,kt,3.8265588054216577,2019,EXIOBASE v3.8.2 IOT_2016_ixi with Danish sea-transport reallocation (Rørmose Jensen & Iliev 2022)
DEU,Germany,Europe,Coal and Petroleum,climate_change,kt CO2eq,3.794519307554084,2019,EXIOBASE v3.8.2 IOT_2016_ixi with Danish sea-transport reallocation (Rørmose Jensen & Iliev 2022)
LUX,Luxembourg,Europe,Transport,climate_change,kt CO2eq,3.7070111513004163,2019,EXIOBASE v3.8.2 IOT_2016_ixi with Danish sea-transport reallocation (Rørmose Jensen & Iliev 2022)
RoW Europe,RoW Europe,Europe,Metal Products,climate_change,kt CO2eq,3.6793443372433607,2019,EXIOBASE v3.8.2 IOT_2016_ixi with Danish sea-transport reallocation (Rørmose Jensen & Iliev 2022)
TUR,Turkey,Middle East,Electricity,climate_change,kt CO2eq,3.669249574102902,2019,EXIOBASE v3.8.2 IOT_2016_ixi with Danish sea-transport reallocation (Rørmose Jensen & Iliev 2022)
IND,India,Asia and Pacific,Waste management and disposal,climate_change,kt CO2eq,3.649797236276228,2019,EXIOBASE v3.8.2 IOT_2016_ixi with Danish sea-transport reallocation (Rørmose Jensen & Iliev 2022)
DNK,Denmark,Denmark,Furniture and timber,land_use,km2,3.627629360022159,2019,EXIOBASE v3.8.2 IOT_2016_ixi with Danish sea-transport reallocation (Rørmose Jensen & Iliev 2022)
CYP,Cyprus,Middle East,Transport,climate_change,kt CO2eq,3.5211449194502347,2019,EXIOBASE v3.8.2 IOT_2016_ixi with Danish sea-transport reallocation (Rørmose Jensen & Iliev 2022)
DNK,Denmark,Denmark,Electricity,blue_water_consumption,Mm3,3.459899657083167,2019,EXIOBASE v3.8.2 IOT_2016_ixi with Danish sea-transport reallocation (Rørmose Jensen & Iliev 2022)
HRV,Croatia,Europe,Food and catering,land_use,km2,3.448180968548328,2019,EXIOBASE v3.8.2 IOT_2016_ixi with Danish sea-transport reallocation (Rørmose Jensen & Iliev 2022)
SWE,Sweden,Europe,Waste management and disposal,climate_change,kt CO2eq,3.32480171734841,2019,EXIOBASE v3.8.2 IOT_2016_ixi with Danish sea-transport reallocation (Rørmose Jensen & Iliev 2022)
CHN,China,Asia and Pacific,Natural gas and gaseous fuels,climate_change,kt CO2eq,3.321906293988776,2019,EXIOBASE v3.8.2 IOT_2016_ixi with Danish sea-transport reallocation (Rørmose Jensen & Iliev 2022)
CHN,China,Asia and Pacific,Waste management and disposal,climate_change,kt CO2eq,3.2936101474627857,2019,EXIOBASE v3.8.2 IOT_2016_ixi with Danish sea-transport reallocation (Rørmose Jensen & Iliev 2022)
USA,United States,America,Waste management and disposal,climate_change,kt CO2eq,3.292898998559066,2019,EXIOBASE v3.8.2 IOT_2016_ixi with Danish sea-transport reallocation (Rørmose Jensen & Iliev 2022)
ITA,Italy,Europe,Non-metallic mineral products,material_extraction,kt,3.2663995521428424,2019,EXIOBASE v3.8.2 IOT_2016_ixi with Danish sea-transport reallocation (Rørmose Jensen & Iliev 2022)
RoW Europe,RoW Europe,Europe,Services,material_extraction,kt,3.230977640720817,2019,EXIOBASE v3.8.2 IOT_2016_ixi with Danish sea-transport reallocation (Rørmose Jensen & Iliev 2022)
DEU,Germany,Europe,Services,climate_change,kt CO2eq,3.216031034923876,2019,EXIOBASE v3.8.2 IOT_2016_ixi with Danish sea-transport reallocation (Rørmose Jensen & Iliev 2022)
CYP,Cyprus,Middle East,Food and catering,land_use,km2,3.1634457956863664,2019,EXIOBASE v3.8.2 IOT_2016_ixi with Danish sea-transport reallocation (Rørmose Jensen & Iliev 2022)
POL,Poland,Europe,Metal Products,climate_change,kt CO2eq,3.15432115167113,2019,EXIOBASE v3.8.2 IOT_2016_ixi with Danish sea-transport reallocation (Rørmose Jensen & Iliev 2022)
RoW Europe,RoW Europe,Europe,Transport,material_extraction,kt,3.148835186791187,2019,EXIOBASE v3.8.2 IOT_2016_ixi with Danish sea-transport reallocation (Rørmose Jensen & Iliev 2022)
RoW Middle East,RoW Middle East,Middle East,Chemical,material_extraction,kt,3.1231543593317816,2019,EXIOBASE v3.8.2 IOT_2016_ixi with Danish sea-transport reallocation (Rørmose Jensen & Iliev 2022)
BEL,Belgium,Europe,Food and catering,land_use,km2,3.1194835314794096,2019,EXIOBASE v3.8.2 IOT_2016_ixi with Danish sea-transport reallocation (Rørmose Jensen & Iliev 2022)
CHN,China,Asia and Pacific,Food and catering,waste_generation,kt,3.1167240261138422,2019,EXIOBASE v3.8.2 IOT_2016_ixi with Danish sea-transport reallocation (Rørmose Jensen & Iliev 2022)
POL,Poland,Europe,Services,climate_change,kt CO2eq,3.0983755517798337,2019,EXIOBASE v3.8.2 IOT_2016_ixi with Danish sea-transport reallocation (Rørmose Jensen & Iliev 2022)
SVK,Slovakia,Europe,Minerals and Metals,material_extraction,kt,3.0934921211115993,2019,EXIOBASE v3.8.2 IOT_2016_ixi with Danish sea-transport reallocation (Rørmose Jensen & Iliev 2022)
ITA,Italy,Europe,Electricity,climate_change,kt CO2eq,3.0923932245850128,2019,EXIOBASE v3.8.2 IOT_2016_ixi with Danish sea-transport reallocation (Rørmose Jensen & Iliev 2022)
HRV,Croatia,Europe,Minerals and Metals,material_extraction,kt,3.0841372771926396,2019,EXIOBASE v3.8.2 IOT_2016_ixi with Danish sea-transport reallocation (Rørmose Jensen & Iliev 2022)
POL,Poland,Europe,Natural gas and gaseous fuels,material_extraction,kt,3.024565721842694,2019,EXIOBASE v3.8.2 IOT_2016_ixi with Danish sea-transport reallocation (Rørmose Jensen & Iliev 2022)
DEU,Germany,Europe,Chemical,material_extraction,kt,2.999784940204549,2019,EXIOBASE v3.8.2 IOT_2016_ixi with Danish sea-transport reallocation (Rørmose Jensen & Iliev 2022)
FRA,France,Europe,Coal and Petroleum,climate_change,kt CO2eq,2.999174318395945,2019,EXIOBASE v3.8.2 IOT_2016_ixi with Danish sea-transport reallocation (Rørmose Jensen & Iliev 2022)
DEU,Germany,Europe,Waste management and disposal,climate_change,kt CO2eq,2.913241697456937,2019,EXIOBASE v3.8.2 IOT_2016_ixi with Danish sea-transport reallocation (Rørmose Jensen & Iliev 2022)
ESP,Spain,Europe,Food and catering,climate_change,kt CO2eq,2.861302503945949,2019,EXIOBASE v3.8.2 IOT_2016_ixi with Danish sea-transport reallocation (Rørmose Jensen & Iliev 2022)
NLD,Netherlands,Europe,Waste management and disposal,climate_change,kt CO2eq,2.8454620635179646,2019,EXIOBASE v3.8.2 IOT_2016_ixi with Danish sea-transport reallocation (Rørmose Jensen & Iliev 2022)
EST,Estonia,Europe,Minerals and Metals,material_extraction,kt,2.827872873773533,2019,EXIOBASE v3.8.2 IOT_2016_ixi with Danish sea-transport reallocation (Rørmose Jensen & Iliev 2022)
CHN,China,Asia and Pacific,Food and catering,blue_water_consumption,Mm3,2.816617065136234,2019,EXIOBASE v3.8.2 IOT_2016_ixi with Danish sea-transport reallocation (Rørmose Jensen & Iliev 2022)
ITA,Italy,Europe,"Steam, hot water supply and water distribution",climate_change,kt CO2eq,2.8124089227839963,2019,EXIOBASE v3.8.2 IOT_2016_ixi with Danish sea-transport reallocation (Rørmose Jensen & Iliev 2022)
IRL,Ireland,Europe,Electricity,climate_change,kt CO2eq,2.8102386563838713,2019,EXIOBASE v3.8.2 IOT_2016_ixi with Danish sea-transport reallocation (Rørmose Jensen & Iliev 2022)
GRC,Greece,Europe,Food and catering,climate_change,kt CO2eq,2.8019809819941868,2019,EXIOBASE v3.8.2 IOT_2016_ixi with Danish sea-transport reallocation (Rørmose Jensen & Iliev 2022)
FIN,Finland,Europe,Transport,climate_change,kt CO2eq,2.800241119730724,2019,EXIOBASE v3.8.2 IOT_2016_ixi with Danish sea-transport reallocation (Rørmose Jensen & Iliev 2022)
POL,Poland,Europe,Non-metallic mineral products,climate_change,kt CO2eq,2.7943536875210753,2019,EXIOBASE v3.8.2 IOT_2016_ixi with Danish sea-transport reallocation (Rørmose Jensen & Iliev 2022)
FIN,Finland,Europe,Waste management and disposal,climate_change,kt CO2eq,2.7905601902074046,2019,EXIOBASE v3.8.2 IOT_2016_ixi with Danish sea-transport reallocation (Rørmose Jensen & Iliev 2022)
BEL,Belgium,Europe,Food and catering,climate_change,kt CO2eq,2.790495876210457,2019,EXIOBASE v3.8.2 IOT_2016_ixi with Danish sea-transport reallocation (Rørmose Jensen & Iliev 2022)
POL,Poland,Europe,Non-metallic mineral products,material_extraction,kt,2.7885464389745946,2019,EXIOBASE v3.8.2 IOT_2016_ixi with Danish sea-transport reallocation (Rørmose Jensen & Iliev 2022)
RoW Europe,RoW Europe,Europe,Non-metallic mineral products,climate_change,kt CO2eq,2.74323347646438,2019,EXIOBASE v3.8.2 IOT_2016_ixi with Danish sea-transport reallocation (Rørmose Jensen & Iliev 2022)
TWN,Taiwan,Asia and Pacific,Minerals and Metals,material_extraction,kt,2.713263614535464,2019,EXIOBASE v3.8.2 IOT_2016_ixi with Danish sea-transport reallocation (Rørmose Jensen & Iliev 2022)
ESP,Spain,Europe,Coal and Petroleum,climate_change,kt CO2eq,2.658842322537451,2019,EXIOBASE v3.8.2 IOT_2016_ixi with Danish sea-transport reallocation (Rørmose Jensen & Iliev 2022)
FRA,France,Europe,Services,climate_change,kt CO2eq,2.6526560196972886,2019,EXIOBASE v3.8.2 IOT_2016_ixi with Danish sea-transport reallocation (Rørmose Jensen & Iliev 2022)
RoW Asia and Pacific,RoW Asia and Pacific,Asia and Pacific,Minerals and Metals,climate_change,kt CO2eq,2.6393722573074814,2019,EXIOBASE v3.8.2 IOT_2016_ixi with Danish sea-transport reallocation (Rørmose Jensen & Iliev 2022)
MEX,Mexico,America,Coal and Petroleum,climate_change,kt CO2eq,2.6388038138389343,2019,EXIOBASE v3.8.2 IOT_2016_ixi with Danish sea-transport reallocation (Rørmose Jensen & Iliev 2022)
RoW Asia and Pacific,RoW Asia and Pacific,Asia and Pacific,Chemical,climate_change,kt CO2eq,2.6301227287301234,2019,EXIOBASE v3.8.2 IOT_2016_ixi with Danish sea-transport reallocation (Rørmose Jensen & Iliev 2022)
LVA,Latvia,Europe,Transport,climate_change,kt CO2eq,2.6080416141581315,2019,EXIOBASE v3.8.2 IOT_2016_ixi with Danish sea-transport reallocation (Rørmose Jensen & Iliev 2022)
RoW America,RoW America,America,Chemical,climate_change,kt CO2eq,2.593279835906973,2019,EXIOBASE v3.8.2 IOT_2016_ixi with Danish sea-transport reallocation (Rørmose Jensen & Iliev 2022)
RoW Africa,RoW Africa,Africa,Natural gas and gaseous fuels,climate_change,kt CO2eq,2.5736987406450247,2019,EXIOBASE v3.8.2 IOT_2016_ixi with Danish sea-transport reallocation (Rørmose Jensen & Iliev 2022)
KOR,South Korea,Asia and Pacific,Food and catering,land_use,km2,2.5627581175762773,2019,EXIOBASE v3.8.2 IOT_2016_ixi with Danish sea-transport reallocation (Rørmose Jensen & Iliev 2022)
PRT,Portugal,Europe,Transport,climate_change,kt CO2eq,2.561738651559459,2019,EXIOBASE v3.8.2 IOT_2016_ixi with Danish sea-transport reallocation (Rørmose Jensen & Iliev 2022)
BGR,Bulgaria,Europe,Services,land_use,km2,2.5544674140383345,2019,EXIOBASE v3.8.2 IOT_2016_ixi with Danish sea-transport reallocation (Rørmose Jensen & Iliev 2022)
RoW America,RoW America,America,Minerals and Metals,climate_change,kt CO2eq,2.5414740548344272,2019,EXIOBASE v3.8.2 IOT_2016_ixi with Danish sea-transport reallocation (Rørmose Jensen & Iliev 2022)
DEU,Germany,Europe,Non-metallic mineral products,climate_change,kt CO2eq,2.521248014447082,2019,EXIOBASE v3.8.2 IOT_2016_ixi with Danish sea-transport reallocation (Rørmose Jensen & Iliev 2022)
RoW Asia and Pacific,RoW Asia and Pacific,Asia and Pacific,Services,land_use,km2,2.4803083498907923,2019,EXIOBASE v3.8.2 IOT_2016_ixi with Danish sea-transport reallocation (Rørmose Jensen & Iliev 2022)
DNK,Denmark,Denmark,"Electrical, electronic and measuring equipment",climate_change,kt CO2eq,2.45065367754693,2019,EXIOBASE v3.8.2 IOT_2016_ixi with Danish sea-transport reallocation (Rørmose Jensen & Iliev 2022)
SWE,Sweden,Europe,"Electrical, electronic and measuring equipment",climate_change,kt CO2eq,2.414003322564506,2019,EXIOBASE v3.8.2 IOT_2016_ixi with Danish sea-transport reallocation (Rørmose Jensen & Iliev 2022)
DEU,Germany,Europe,Paper Products,climate_change,kt CO2eq,2.3990901786686134,2019,EXIOBASE v3.8.2 IOT_2016_ixi with Danish sea-transport reallocation (Rørmose Jensen & Iliev 2022)
CHN,China,Asia and Pacific,Electricity,waste_generation,kt,2.3972384664530826,2019,EXIOBASE v3.8.2 IOT_2016_ixi with Danish sea-transport reallocation (Rørmose Jensen & Iliev 2022)
RUS,Russia,Europe,Transport,material_extraction,kt,2.391932540080506,2019,EXIOBASE v3.8.2 IOT_2016_ixi with Danish sea-transport reallocation (Rørmose Jensen & Iliev 2022)
JPN,Japan,Asia and Pacific,Minerals and Metals,climate_change,kt CO2eq,2.364166949404156,2019,EXIOBASE v3.8.2 IOT_2016_ixi with Danish sea-transport reallocation (Rørmose Jensen & Iliev 2022)
SWE,Sweden,Europe,Paper Products,climate_change,kt CO2eq,2.3182779629994164,2019,EXIOBASE v3.8.2 IOT_2016_ixi with Danish sea-transport reallocation (Rørmose Jensen & Iliev 2022)
POL,Poland,Europe,Metal Products,material_extraction,kt,2.275817327633606,2019,EXIOBASE v3.8.2 IOT_2016_ixi with Danish sea-transport reallocation (Rørmose Jensen & Iliev 2022)
BEL,Belgium,Europe,Electricity,climate_change,kt CO2eq,2.2415783403596983,2019,EXIOBASE v3.8.2 IOT_2016_ixi with Danish sea-transport reallocation (Rørmose Jensen & Iliev 2022)
MEX,Mexico,America,Transport,climate_change,kt CO2eq,2.234834074650818,2019,EXIOBASE v3.8.2 IOT_2016_ixi with Danish sea-transport reallocation (Rørmose Jensen & Iliev 2022)
BRA,Brazil,America,Metal Products,climate_change,kt CO2eq,2.2310702766559216,2019,EXIOBASE v3.8.2 IOT_2016_ixi with Danish sea-transport reallocation (Rørmose Jensen & Iliev 2022)
POL,Poland,Europe,Chemical,material_extraction,kt,2.2187963817400527,2019,EXIOBASE v3.8.2 IOT_2016_ixi with Danish sea-transport reallocation (Rørmose Jensen & Iliev 2022)
RoW Africa,RoW Africa,Africa,Food and catering,blue_water_consumption,Mm3,2.2141760809715656,2019,EXIOBASE v3.8.2 IOT_2016_ixi with Danish sea-transport reallocation (Rørmose Jensen & Iliev 2022)
BRA,Brazil,America,Transport,climate_change,kt CO2eq,2.205094363268612,2019,EXIOBASE v3.8.2 IOT_2016_ixi with Danish sea-transport reallocation (Rørmose Jensen & Iliev 2022)
NOR,Norway,Europe,Natural gas and gaseous fuels,climate_change,kt CO2eq,2.2042353624872075,2019,EXIOBASE v3.8.2 IOT_2016_ixi with Danish sea-transport reallocation (Rørmose Jensen & Iliev 2022)
DNK,Denmark,Denmark,Construction,climate_change,kt CO2eq,2.191807638993009,2019,EXIOBASE v3.8.2 IOT_2016_ixi with Danish sea-transport reallocation (Rørmose Jensen & Iliev 2022)
TWN,Taiwan,Asia and Pacific,Food and catering,land_use,km2,2.1873529568662593,2019,EXIOBASE v3.8.2 IOT_2016_ixi with Danish sea-transport reallocation (Rørmose Jensen & Iliev 2022)
DEU,Germany,Europe,Non-metallic mineral products,material_extraction,kt,2.1549090165049427,2019,EXIOBASE v3.8.2 IOT_2016_ixi with Danish sea-transport reallocation (Rørmose Jensen & Iliev 2022)
FRA,France,Europe,Waste management and disposal,climate_change,kt CO2eq,2.146307895338476,2019,EXIOBASE v3.8.2 IOT_2016_ixi with Danish sea-transport reallocation (Rørmose Jensen & Iliev 2022)
BGR,Bulgaria,Europe,"Steam, hot water supply and water distribution",climate_change,kt CO2eq,2.1446687662504456,2019,EXIOBASE v3.8.2 IOT_2016_ixi with Danish sea-transport reallocation (Rørmose Jensen & Iliev 2022)
RoW Middle East,RoW Middle East,Middle East,Non-metallic mineral products,climate_change,kt CO2eq,2.1232895795957085,2019,EXIOBASE v3.8.2 IOT_2016_ixi with Danish sea-transport reallocation (Rørmose Jensen & Iliev 2022)
DNK,Denmark,Denmark,Paper Products,climate_change,kt CO2eq,2.104322852177298,2019,EXIOBASE v3.8.2 IOT_2016_ixi with Danish sea-transport reallocation (Rørmose Jensen & Iliev 2022)
POL,Poland,Europe,Minerals and Metals,climate_change,kt CO2eq,2.0848488239477305,2019,EXIOBASE v3.8.2 IOT_2016_ixi with Danish sea-transport reallocation (Rørmose Jensen & Iliev 2022)
IDN,Indonesia,Asia and Pacific,Transport,climate_change,kt CO2eq,2.08422505262075,2019,EXIOBASE v3.8.2 IOT_2016_ixi with Danish sea-transport reallocation (Rørmose Jensen & Iliev 2022)
BRA,Brazil,America,Electricity,climate_change,kt CO2eq,2.0336101693784596,2019,EXIOBASE v3.8.2 IOT_2016_ixi with Danish sea-transport reallocation (Rørmose Jensen & Iliev 2022)
IND,India,Asia and Pacific,Non-metallic mineral products,climate_change,kt CO2eq,2.0277530693215136,2019,EXIOBASE v3.8.2 IOT_2016_ixi with Danish sea-transport reallocation (Rørmose Jensen & Iliev 2022)
CZE,Czech Republic,Europe,Electricity,climate_change,kt CO2eq,2.0264971530704026,2019,EXIOBASE v3.8.2 IOT_2016_ixi with Danish sea-transport reallocation (Rørmose Jensen & Iliev 2022)
POL,Poland,Europe,"Steam, hot water supply and water distribution",material_extraction,kt,2.0125890194815574,2019,EXIOBASE v3.8.2 IOT_2016_ixi with Danish sea-transport reallocation (Rørmose Jensen & Iliev 2022)
EST,Estonia,Europe,Furniture and timber,land_use,km2,1.985078801685181,2019,EXIOBASE v3.8.2 IOT_2016_ixi with Danish sea-transport reallocation (Rørmose Jensen & Iliev 2022)
NOR,Norway,Europe,Metal Products,climate_change,kt CO2eq,1.9652805041691095,2019,EXIOBASE v3.8.2 IOT_2016_ixi with Danish sea-transport reallocation (Rørmose Jensen & Iliev 2022)
USA,United States,America,Food and catering,blue_water_consumption,Mm3,1.9562376968220536,2019,EXIOBASE v3.8.2 IOT_2016_ixi with Danish sea-transport reallocation (Rørmose Jensen & Iliev 2022)
IDN,Indonesia,Asia and Pacific,Electricity,climate_change,kt CO2eq,1.952390287530405,2019,EXIOBASE v3.8.2 IOT_2016_ixi with Danish sea-transport reallocation (Rørmose Jensen & Iliev 2022)
USA,United States,America,Services,climate_change,kt CO2eq,1.9359494416226142,2019,EXIOBASE v3.8.2 IOT_2016_ixi with Danish sea-transport reallocation (Rørmose Jensen & Iliev 2022)
BEL,Belgium,Europe,Chemical,climate_change,kt CO2eq,1.927420898327763,2019,EXIOBASE v3.8.2 IOT_2016_ixi with Danish sea-transport reallocation (Rørmose Jensen & Iliev 2022)
BEL,Belgium,Europe,Services,climate_change,kt CO2eq,1.8799515918798708,2019,EXIOBASE v3.8.2 IOT_2016_ixi with Danish sea-transport reallocation (Rørmose Jensen & Iliev 2022)
KOR,South Korea,Asia and Pacific,Minerals and Metals,material_extraction,kt,1.878601147040289,2019,EXIOBASE v3.8.2 IOT_2016_ixi with Danish sea-transport reallocation (Rørmose Jensen & Iliev 2022)
EST,Estonia,Europe,Electricity,climate_change,kt CO2eq,1.8776299144426372,2019,EXIOBASE v3.8.2 IOT_2016_ixi with Danish sea-transport reallocation (Rørmose Jensen & Iliev 2022)
NLD,Netherlands,Europe,Services,climate_change,kt CO2eq,1.8733367453083858,2019,EXIOBASE v3.8.2 IOT_2016_ixi with Danish sea-transport reallocation (Rørmose Jensen & Iliev 2022)
RoW Asia and Pacific,RoW Asia and Pacific,Asia and Pacific,Metal Products,climate_change,kt CO2eq,1.8729985750392795,2019,EXIOBASE v3.8.2 IOT_2016_ixi with Danish sea-transport reallocation (Rørmose Jensen & Iliev 2022)
RoW Europe,RoW Europe,Europe,Coal and Petroleum,waste_generation,kt,1.871573135728031,2019,EXIOBASE v3.8.2 IOT_2016_ixi with Danish sea-transport reallocation (Rørmose Jensen & Iliev 2022)
CAN,Canada,America,Waste management and disposal,climate_change,kt CO2eq,1.8656590400912332,2019,EXIOBASE v3.8.2 IOT_2016_ixi with Danish sea-transport reallocation (Rørmose Jensen & Iliev 2022)
NLD,Netherlands,Europe,"Steam, hot water supply and water distribution",climate_change,kt CO2eq,1.865001515579645,2019,EXIOBASE v3.8.2 IOT_2016_ixi with Danish sea-transport reallocation (Rørmose Jensen & Iliev 2022)
LVA,Latvia,Europe,Food and catering,climate_change,kt CO2eq,1.8563425855386502,2019,EXIOBASE v3.8.2 IOT_2016_ixi with Danish sea-transport reallocation (Rørmose Jensen & Iliev 2022)
BGR,Bulgaria,Europe,Non-metallic mineral products,material_extraction,kt,1.849721552557582,2019,EXIOBASE v3.8.2 IOT_2016_ixi with Danish sea-transport reallocation (Rørmose Jensen & Iliev 2022)
USA,United States,America,Paper Products,climate_change,kt CO2eq,1.8445793112869282,2019,EXIOBASE v3.8.2 IOT_2016_ixi with Danish sea-transport reallocation (Rørmose Jensen & Iliev 2022)
CZE,Czech Republic,Europe,Chemical,climate_change,kt CO2eq,1.8410876133341534,2019,EXIOBASE v3.8.2 IOT_2016_ixi with Danish sea-transport reallocation (Rørmose Jensen & Iliev 2022)
LTU,Lithuania,Europe,Minerals and Metals,material_extraction,kt,1.8146392799838484,2019,EXIOBASE v3.8.2 IOT_2016_ixi with Danish sea-transport reallocation (Rørmose Jensen & Iliev 2022)
NLD,Netherlands,Europe,Chemical,material_extraction,kt,1.8090788758323515,2019,EXIOBASE v3.8.2 IOT_2016_ixi with Danish sea-transport reallocation (Rørmose Jensen & Iliev 2022)
CHE,Switzerland,Europe,Food and catering,climate_change,kt CO2eq,1.7819988411260619,2019,EXIOBASE v3.8.2 IOT_2016_ixi with Danish sea-transport reallocation (Rørmose Jensen & Iliev 2022)
HRV,Croatia,Europe,Transport,climate_change,kt CO2eq,1.7700598337392586,2019,EXIOBASE v3.8.2 IOT_2016_ixi with Danish sea-transport reallocation (Rørmose Jensen & Iliev 2022)
BGR,Bulgaria,Europe,Waste management and disposal,climate_change,kt CO2eq,1.741654408963804,2019,EXIOBASE v3.8.2 IOT_2016_ixi with Danish sea-transport reallocation (Rørmose Jensen & Iliev 2022)
AUS,Australia,Asia and Pacific,Waste management and disposal,climate_change,kt CO2eq,1.7413905706078552,2019,EXIOBASE v3.8.2 IOT_2016_ixi with Danish sea-transport reallocation (Rørmose Jensen & Iliev 2022)
SVK,Slovakia,Europe,Coal and Petroleum,climate_change,kt CO2eq,1.7255230561146324,2019,EXIOBASE v3.8.2 IOT_2016_ixi with Danish sea-transport reallocation (Rørmose Jensen & Iliev 2022)
NOR,Norway,Europe,Chemical,climate_change,kt CO2eq,1.6963668064995097,2019,EXIOBASE v3.8.2 IOT_2016_ixi with Danish sea-transport reallocation (Rørmose Jensen & Iliev 2022)
IDN,Indonesia,Asia and Pacific,Food and catering,climate_change,kt CO2eq,1.6953576625521467,2019,EXIOBASE v3.8.2 IOT_2016_ixi with Danish sea-transport reallocation (Rørmose Jensen & Iliev 2022)
CZE,Czech Republic,Europe,Coal and Petroleum,climate_change,kt CO2eq,1.6933930119956029,2019,EXIOBASE v3.8.2 IOT_2016_ixi with Danish sea-transport reallocation (Rørmose Jensen & Iliev 2022)
CHN,China,Asia and Pacific,Textile,climate_change,kt CO2eq,1.674858994420216,2019,EXIOBASE v3.8.2 IOT_2016_ixi with Danish sea-transport reallocation (Rørmose Jensen & Iliev 2022)
SWE,Sweden,Europe,Metal Products,climate_change,kt CO2eq,1.662210753391695,2019,EXIOBASE v3.8.2 IOT_2016_ixi with Danish sea-transport reallocation (Rørmose Jensen & Iliev 2022)
LVA,Latvia,Europe,Minerals and Metals,material_extraction,kt,1.6341207921840968,2019,EXIOBASE v3.8.2 IOT_2016_ixi with Danish sea-transport reallocation (Rørmose Jensen & Iliev 2022)
DNK,Denmark,Denmark,Furniture and timber,climate_change,kt CO2eq,1.62484357393078,2019,EXIOBASE v3.8.2 IOT_2016_ixi with Danish sea-transport reallocation (Rørmose Jensen & Iliev 2022)
RoW Europe,RoW Europe,Europe,Natural gas and gaseous fuels,climate_change,kt CO2eq,1.6165240368829736,2019,EXIOBASE v3.8.2 IOT_2016_ixi with Danish sea-transport reallocation (Rørmose Jensen & Iliev 2022)
GBR,United Kingdom,Europe,Natural gas and gaseous fuels,climate_change,kt CO2eq,1.6053265628604612,2019,EXIOBASE v3.8.2 IOT_2016_ixi with Danish sea-transport reallocation (Rørmose Jensen & Iliev 2022)
FIN,Finland,Europe,"Steam, hot water supply and water distribution",climate_change,kt CO2eq,1.5895712188313105,2019,EXIOBASE v3.8.2 IOT_2016_ixi with Danish sea-transport reallocation (Rørmose Jensen & Iliev 2022)
HUN,Hungary,Europe,Food and catering,climate_change,kt CO2eq,1.578429129583659,2019,EXIOBASE v3.8.2 IOT_2016_ixi with Danish sea-transport reallocation (Rørmose Jensen & Iliev 2022)
FIN,Finland,Europe,Paper Products,waste_generation,kt,1.5782300088482506,2019,EXIOBASE v3.8.2 IOT_2016_ixi with Danish sea-transport reallocation (Rørmose Jensen & Iliev 2022)
DEU,Germany,Europe,Paper Products,waste_generation,kt,1.5604840054289288,2019,EXIOBASE v3.8.2 IOT_2016_ixi with Danish sea-transport reallocation (Rørmose Jensen & Iliev 2022)
TUR,Turkey,Middle East,Non-metallic mineral products,climate_change,kt CO2eq,1.5584012186118121,2019,EXIOBASE v3.8.2 IOT_2016_ixi with Danish sea-transport reallocation (Rørmose Jensen & Iliev 2022)
JPN,Japan,Asia and Pacific,Coal and Petroleum,climate_change,kt CO2eq,1.5494844822193712,2019,EXIOBASE v3.8.2 IOT_2016_ixi with Danish sea-transport reallocation (Rørmose Jensen & Iliev 2022)
BRA,Brazil,America,Coal and Petroleum,climate_change,kt CO2eq,1.5442285678288545,2019,EXIOBASE v3.8.2 IOT_2016_ixi with Danish sea-transport reallocation (Rørmose Jensen & Iliev 2022)
KOR,South Korea,Asia and Pacific,Coal and Petroleum,climate_change,kt CO2eq,1.5311579356108154,2019,EXIOBASE v3.8.2 IOT_2016_ixi with Danish sea-transport reallocation (Rørmose Jensen & Iliev 2022)
GLO,Unallocated,Unallocated,Private travel,land_use,km2,1.5258,2019,EXIOBASE v3.8.2 IOT_2016_ixi with Danish sea-transport reallocation (Rørmose Jensen & Iliev 2022)
RoW Africa,RoW Africa,Africa,Services,waste_generation,kt,1.516356373784847,2019,EXIOBASE v3.8.2 IOT_2016_ixi with Danish sea-transport reallocation (Rørmose Jensen & Iliev 2022)
KOR,South Korea,Asia and Pacific,Food and catering,climate_change,kt CO2eq,1.5125189782633774,2019,EXIOBASE v3.8.2 IOT_2016_ixi with Danish sea-transport reallocation (Rørmose Jensen & Iliev 2022)
PRT,Portugal,Europe,Waste management and disposal,climate_change,kt CO2eq,1.5033156380976518,2019,EXIOBASE v3.8.2 IOT_2016_ixi with Danish sea-transport reallocation (Rørmose Jensen & Iliev 2022)
SWE,Sweden,Europe,Non-metallic mineral products,material_extraction,kt,1.4979823649882869,2019,EXIOBASE v3.8.2 IOT_2016_ixi with Danish sea-transport reallocation (Rørmose Jensen & Iliev 2022)
SVN,Slovenia,Europe,Minerals and Metals,material_extraction,kt,1.4937304719087678,2019,EXIOBASE v3.8.2 IOT_2016_ixi with Danish sea-transport reallocation (Rørmose Jensen & Iliev 2022)
CAN,Canada,America,Services,climate_change,kt CO2eq,1.4805937217489817,2019,EXIOBASE v3.8.2 IOT_2016_ixi with Danish sea-transport reallocation (Rørmose Jensen & Iliev 2022)
CAN,Canada,America,Chemical,climate_change,kt CO2eq,1.4776982199632425,2019,EXIOBASE v3.8.2 IOT_2016_ixi with Danish sea-transport reallocation (Rørmose Jensen & Iliev 2022)
GRC,Greece,Europe,Transport,waste_generation,kt,1.4703281096506229,2019,EXIOBASE v3.8.2 IOT_2016_ixi with Danish sea-transport reallocation (Rørmose Jensen & Iliev 2022)
IND,India,Asia and Pacific,Textile,land_use,km2,1.4630208082296299,2019,EXIOBASE v3.8.2 IOT_2016_ixi with Danish sea-transport reallocation (Rørmose Jensen & Iliev 2022)
CHN,China,Asia and Pacific,Chemical,waste_generation,kt,1.433441281361898,2019,EXIOBASE v3.8.2 IOT_2016_ixi with Danish sea-transport reallocation (Rørmose Jensen & Iliev 2022)
DNK,Denmark,Denmark,General and special Machinery,climate_change,kt CO2eq,1.4247245712276755,2019,EXIOBASE v3.8.2 IOT_2016_ixi with Danish sea-transport reallocation (Rørmose Jensen & Iliev 2022)
IRL,Ireland,Europe,Non-metallic mineral products,material_extraction,kt,1.417853148118657,2019,EXIOBASE v3.8.2 IOT_2016_ixi with Danish sea-transport reallocation (Rørmose Jensen & Iliev 2022)
GBR,United Kingdom,Europe,"Electrical, electronic and measuring equipment",climate_change,kt CO2eq,1.4061445822656344,2019,EXIOBASE v3.8.2 IOT_2016_ixi with Danish sea-transport reallocation (Rørmose Jensen & Iliev 2022)
CHN,China,Asia and Pacific,Minerals and Metals,climate_change,kt CO2eq,1.4051997133230127,2019,EXIOBASE v3.8.2 IOT_2016_ixi with Danish sea-transport reallocation (Rørmose Jensen & Iliev 2022)
RoW Middle East,RoW Middle East,Middle East,Food and catering,waste_generation,kt,1.4023337679400565,2019,EXIOBASE v3.8.2 IOT_2016_ixi with Danish sea-transport reallocation (Rørmose Jensen & Iliev 2022)
AUT,Austria,Europe,Transport,climate_change,kt CO2eq,1.3998318946605766,2019,EXIOBASE v3.8.2 IOT_2016_ixi with Danish sea-transport reallocation (Rørmose Jensen & Iliev 2022)
GBR,United Kingdom,Europe,Services,climate_change,kt CO2eq,1.3931273531469688,2019,EXIOBASE v3.8.2 IOT_2016_ixi with Danish sea-transport reallocation (Rørmose Jensen & Iliev 2022)
CHN,China,Asia and Pacific,Services,climate_change,kt CO2eq,1.3916667355891836,2019,EXIOBASE v3.8.2 IOT_2016_ixi with Danish sea-transport reallocation (Rørmose Jensen & Iliev 2022)
BEL,Belgium,Europe,Waste management and disposal,climate_change,kt CO2eq,1.3903523232233856,2019,EXIOBASE v3.8.2 IOT_2016_ixi with Danish sea-transport reallocation (Rørmose Jensen & Iliev 2022)
RoW Africa,RoW Africa,Africa,Transport,waste_generation,kt,1.359334701105666,2019,EXIOBASE v3.8.2 IOT_2016_ixi with Danish sea-transport reallocation (Rørmose Jensen & Iliev 2022)
USA,United States,America,Chemical,waste_generation,kt,1.336262500355245,2019,EXIOBASE v3.8.2 IOT_2016_ixi with Danish sea-transport reallocation (Rørmose Jensen & Iliev 2022)
RoW Asia and Pacific,RoW Asia and Pacific,Asia and Pacific,"Electrical, electronic and measuring equipment",climate_change,kt CO2eq,1.3205070539833375,2019,EXIOBASE v3.8.2 IOT_2016_ixi with Danish sea-transport reallocation (Rørmose Jensen & Iliev 2022)
HUN,Hungary,Europe,Electricity,climate_change,kt CO2eq,1.318231108433656,2019,EXIOBASE v3.8.2 IOT_2016_ixi with Danish sea-transport reallocation (Rørmose Jensen & Iliev 2022)
SWE,Sweden,Europe,Furniture and timber,land_use,km2,1.3161861783269944,2019,EXIOBASE v3.8.2 IOT_2016_ixi with Danish sea-transport reallocation (Rørmose Jensen & Iliev 2022)
GRC,Greece,Europe,Waste management and disposal,climate_change,kt CO2eq,1.3144598815976203,2019,EXIOBASE v3.8.2 IOT_2016_ixi with Danish sea-transport reallocation (Rørmose Jensen & Iliev 2022)
ROU,Romania,Europe,Electricity,climate_change,kt CO2eq,1.3079657278066654,2019,EXIOBASE v3.8.2 IOT_2016_ixi with Danish sea-transport reallocation (Rørmose Jensen & Iliev 2022)
TWN,Taiwan,Asia and Pacific,Chemical,climate_change,kt CO2eq,1.307812818032033,2019,EXIOBASE v3.8.2 IOT_2016_ixi with Danish sea-transport reallocation (Rørmose Jensen & Iliev 2022)
PRT,Portugal,Europe,Electricity,climate_change,kt CO2eq,1.3060340497248546,2019,EXIOBASE v3.8.2 IOT_2016_ixi with Danish sea-transport reallocation (Rørmose Jensen & Iliev 2022)
SWE,Sweden,Europe,Coal and Petroleum,waste_generation,kt,1.2990637234882558,2019,EXIOBASE v3.8.2 IOT_2016_ixi with Danish sea-transport reallocation (Rørmose Jensen & Iliev 2022)
ROU,Romania,Europe,Food and catering,climate_change,kt CO2eq,1.296921397488349,2019,EXIOBASE v3.8.2 IOT_2016_ixi with Danish sea-transport reallocation (Rørmose Jensen & Iliev 2022)
JPN,Japan,Asia and Pacific,Waste management and disposal,climate_change,kt CO2eq,1.2915812251269865,2019,EXIOBASE v3.8.2 IOT_2016_ixi with Danish sea-transport reallocation (Rørmose Jensen & Iliev 2022)
RoW Middle East,RoW Middle East,Middle East,Furniture and timber,climate_change,kt CO2eq,1.2846003313032717,2019,EXIOBASE v3.8.2 IOT_2016_ixi with Danish sea-transport reallocation (Rørmose Jensen & Iliev 2022)
MEX,Mexico,America,Electricity,climate_change,kt CO2eq,1.281990343268768,2019,EXIOBASE v3.8.2 IOT_2016_ixi with Danish sea-transport reallocation (Rørmose Jensen & Iliev 2022)
RoW Asia and Pacific,RoW Asia and Pacific,Asia and Pacific,Textile,climate_change,kt CO2eq,1.2807425152138276,2019,EXIOBASE v3.8.2 IOT_2016_ixi with Danish sea-transport reallocation (Rørmose Jensen & Iliev 2022)
POL,Poland,Europe,Natural gas and gaseous fuels,climate_change,kt CO2eq,1.2798910722732755,2019,EXIOBASE v3.8.2 IOT_2016_ixi with Danish sea-transport reallocation (Rørmose Jensen & Iliev 2022)
CZE,Czech Republic,Europe,Non-metallic mineral products,material_extraction,kt,1.2744567630127601,2019,EXIOBASE v3.8.2 IOT_2016_ixi with Danish sea-transport reallocation (Rørmose Jensen & Iliev 2022)
JPN,Japan,Asia and Pacific,Metal Products,climate_change,kt CO2eq,1.2700518896013722,2019,EXIOBASE v3.8.2 IOT_2016_ixi with Danish sea-transport reallocation (Rørmose Jensen & Iliev 2022)
AUT,Austria,Europe,Waste management and disposal,climate_change,kt CO2eq,1.2639928892804784,2019,EXIOBASE v3.8.2 IOT_2016_ixi with Danish sea-transport reallocation (Rørmose Jensen & Iliev 2022)
AUT,Austria,Europe,Food and catering,climate_change,kt CO2eq,1.262114352094575,2019,EXIOBASE v3.8.2 IOT_2016_ixi with Danish sea-transport reallocation (Rørmose Jensen & Iliev 2022)
ESP,Spain,Europe,Non-metallic mineral products,climate_change,kt CO2eq,1.2520443394330782,2019,EXIOBASE v3.8.2 IOT_2016_ixi with Danish sea-transport reallocation (Rørmose Jensen & Iliev 2022)
ITA,Italy,Europe,Services,climate_change,kt CO2eq,1.2436349497501322,2019,EXIOBASE v3.8.2 IOT_2016_ixi with Danish sea-transport reallocation (Rørmose Jensen & Iliev 2022)
ZAF,South Africa,Africa,Food and catering,climate_change,kt CO2eq,1.2384176425278812,2019,EXIOBASE v3.8.2 IOT_2016_ixi with Danish sea-transport reallocation (Rørmose Jensen & Iliev 2022)
FIN,Finland,Europe,"Electrical, electronic and measuring equipment",material_extraction,kt,1.2287471626390454,2019,EXIOBASE v3.8.2 IOT_2016_ixi with Danish sea-transport reallocation (Rørmose Jensen & Iliev 2022)
JPN,Japan,Asia and Pacific,Food and catering,land_use,km2,1.2267345493958977,2019,EXIOBASE v3.8.2 IOT_2016_ixi with Danish sea-transport reallocation (Rørmose Jensen & Iliev 2022)
CHE,Switzerland,Europe,Services,climate_change,kt CO2eq,1.2241823346492375,2019,EXIOBASE v3.8.2 IOT_2016_ixi with Danish sea-transport reallocation (Rørmose Jensen & Iliev 2022)
FRA,France,Europe,"Electrical, electronic and measuring equipment",climate_change,kt CO2eq,1.2221437733361717,2019,EXIOBASE v3.8.2 IOT_2016_ixi with Danish sea-transport reallocation (Rørmose Jensen & Iliev 2022)
TUR,Turkey,Middle East,Waste management and disposal,climate_change,kt CO2eq,1.2168134176198142,2019,EXIOBASE v3.8.2 IOT_2016_ixi with Danish sea-transport reallocation (Rørmose Jensen & Iliev 2022)
RoW Asia and Pacific,RoW Asia and Pacific,Asia and Pacific,Textile,land_use,km2,1.2159509300441107,2019,EXIOBASE v3.8.2 IOT_2016_ixi with Danish sea-transport reallocation (Rørmose Jensen & Iliev 2022)
RoW America,RoW America,America,Textile,climate_change,kt CO2eq,1.1969454692422996,2019,EXIOBASE v3.8.2 IOT_2016_ixi with Danish sea-transport reallocation (Rørmose Jensen & Iliev 2022)
RoW Asia and Pacific,RoW Asia and Pacific,Asia and Pacific,Services,material_extraction,kt,1.196805589409641,2019,EXIOBASE v3.8.2 IOT_2016_ixi with Danish sea-transport reallocation (Rørmose Jensen & Iliev 2022)
CZE,Czech Republic,Europe,Food and catering,climate_change,kt CO2eq,1.1767863074914553,2019,EXIOBASE v3.8.2 IOT_2016_ixi with Danish sea-transport reallocation (Rørmose Jensen & Iliev 2022)
SVN,Slovenia,Europe,Food and catering,land_use,km2,1.1714850127886443,2019,EXIOBASE v3.8.2 IOT_2016_ixi with Danish sea-transport reallocation (Rørmose Jensen & Iliev 2022)
POL,Poland,Europe,Chemical,waste_generation,kt,1.1678250359718658,2019,EXIOBASE v3.8.2 IOT_2016_ixi with Danish sea-transport reallocation (Rørmose Jensen & Iliev 2022)
RoW Asia and Pacific,RoW Asia and Pacific,Asia and Pacific,Transport,land_use,km2,1.1574195123804758,2019,EXIOBASE v3.8.2 IOT_2016_ixi with Danish sea-transport reallocation (Rørmose Jensen & Iliev 2022)
RoW Africa,RoW Africa,Africa,Services,climate_change,kt CO2eq,1.1515126025812068,2019,EXIOBASE v3.8.2 IOT_2016_ixi with Danish sea-transport reallocation (Rørmose Jensen & Iliev 2022)
ITA,Italy,Europe,Coal and Petroleum,climate_change,kt CO2eq,1.1471848053098492,2019,EXIOBASE v3.8.2 IOT_2016_ixi with Danish sea-transport reallocation (Rørmose Jensen & Iliev 2022)
ITA,Italy,Europe,Natural gas and gaseous fuels,climate_change,kt CO2eq,1.146813549491519,2019,EXIOBASE v3.8.2 IOT_2016_ixi with Danish sea-transport reallocation (Rørmose Jensen & Iliev 2022)
IRL,Ireland,Europe,Minerals and Metals,material_extraction,kt,1.143597019680021,2019,EXIOBASE v3.8.2 IOT_2016_ixi with Danish sea-transport reallocation (Rørmose Jensen & Iliev 2022)
ESP,Spain,Europe,Waste management and disposal,climate_change,kt CO2eq,1.139958698359361,2019,EXIOBASE v3.8.2 IOT_2016_ixi with Danish sea-transport reallocation (Rørmose Jensen & Iliev 2022)
GRC,Greece,Europe,"Steam, hot water supply and water distribution",climate_change,kt CO2eq,1.1366860913610544,2019,EXIOBASE v3.8.2 IOT_2016_ixi with Danish sea-transport reallocation (Rørmose Jensen & Iliev 2022)
MEX,Mexico,America,Minerals and Metals,material_extraction,kt,1.1295984705746815,2019,EXIOBASE v3.8.2 IOT_2016_ixi with Danish sea-transport reallocation (Rørmose Jensen & Iliev 2022)
DEU,Germany,Europe,"Electrical, electronic and measuring equipment",climate_change,kt CO2eq,1.1264706646005969,2019,EXIOBASE v3.8.2 IOT_2016_ixi with Danish sea-transport reallocation (Rørmose Jensen & Iliev 2022)
ITA,Italy,Europe,Metal Products,climate_change,kt CO2eq,1.1244885135456686,2019,EXIOBASE v3.8.2 IOT_2016_ixi with Danish sea-transport reallocation (Rørmose Jensen & Iliev 2022)
GBR,United Kingdom,Europe,Minerals and Metals,material_extraction,kt,1.1154059329978117,2019,EXIOBASE v3.8.2 IOT_2016_ixi with Danish sea-transport reallocation (Rørmose Jensen & Iliev 2022)
CYP,Cyprus,Middle East,Minerals and Metals,material_extraction,kt,1.1083081220217366,2019,EXIOBASE v3.8.2 IOT_2016_ixi with Danish sea-transport reallocation (Rørmose Jensen & Iliev 2022)
USA,United States,America,Natural gas and gaseous fuels,climate_change,kt CO2eq,1.103539144593394,2019,EXIOBASE v3.8.2 IOT_2016_ixi with Danish sea-transport reallocation (Rørmose Jensen & Iliev 2022)
RoW America,RoW America,America,Food and catering,blue_water_consumption,Mm3,1.0975088832379711,2019,EXIOBASE v3.8.2 IOT_2016_ixi with Danish sea-transport reallocation (Rørmose Jensen & Iliev 2022)
DNK,Denmark,Denmark,Food and catering,blue_water_consumption,Mm3,1.0848645197987872,2019,EXIOBASE v3.8.2 IOT_2016_ixi with Danish sea-transport reallocation (Rørmose Jensen & Iliev 2022)
SWE,Sweden,Europe,Services,material_extraction,kt,1.078234740316436,2019,EXIOBASE v3.8.2 IOT_2016_ixi with Danish sea-transport reallocation (Rørmose Jensen & Iliev 2022)
PRT,Portugal,Europe,Food and catering,climate_change,kt CO2eq,1.076022315535733,2019,EXIOBASE v3.8.2 IOT_2016_ixi with Danish sea-transport reallocation (Rørmose Jensen & Iliev 2022)
FIN,Finland,Europe,Food and catering,climate_change,kt CO2eq,1.0694148721657715,2019,EXIOBASE v3.8.2 IOT_2016_ixi with Danish sea-transport reallocation (Rørmose Jensen & Iliev 2022)
POL,Poland,Europe,Electricity,climate_change,kt CO2eq,1.0689625613961566,2019,EXIOBASE v3.8.2 IOT_2016_ixi with Danish sea-transport reallocation (Rørmose Jensen & Iliev 2022)
DEU,Germany,Europe,Minerals and Metals,climate_change,kt CO2eq,1.0635161716162052,2019,EXIOBASE v3.8.2 IOT_2016_ixi with Danish sea-transport reallocation (Rørmose Jensen & Iliev 2022)
IND,India,Asia and Pacific,Natural gas and gaseous fuels,climate_change,kt CO2eq,1.0595157151020387,2019,EXIOBASE v3.8.2 IOT_2016_ixi with Danish sea-transport reallocation (Rørmose Jensen & Iliev 2022)
NLD,Netherlands,Europe,Coal and Petroleum,waste_generation,kt,1.0478367175656769,2019,EXIOBASE v3.8.2 IOT_2016_ixi with Danish sea-transport reallocation (Rørmose Jensen & Iliev 2022)
RoW Africa,RoW Africa,Africa,Coal and Petroleum,waste_generation,kt,1.043709352597531,2019,EXIOBASE v3.8.2 IOT_2016_ixi with Danish sea-transport reallocation (Rørmose Jensen & Iliev 2022)
HUN,Hungary,Europe,"Steam, hot water supply and water distribution",climate_change,kt CO2eq,1.0368510927308066,2019,EXIOBASE v3.8.2 IOT_2016_ixi with Danish sea-transport reallocation (Rørmose Jensen & Iliev 2022)
RoW Europe,RoW Europe,Europe,Food and catering,waste_generation,kt,1.0255080550767877,2019,EXIOBASE v3.8.2 IOT_2016_ixi with Danish sea-transport reallocation (Rørmose Jensen & Iliev 2022)
SVK,Slovakia,Europe,Non-metallic mineral products,material_extraction,kt,1.009921875311959,2019,EXIOBASE v3.8.2 IOT_2016_ixi with Danish sea-transport reallocation (Rørmose Jensen & Iliev 2022)
GBR,United Kingdom,Europe,Chemical,climate_change,kt CO2eq,1.006652275016661,2019,EXIOBASE v3.8.2 IOT_2016_ixi with Danish sea-transport reallocation (Rørmose Jensen & Iliev 2022)
IDN,Indonesia,Asia and Pacific,Services,climate_change,kt CO2eq,1.0049757329515245,2019,EXIOBASE v3.8.2 IOT_2016_ixi with Danish sea-transport reallocation (Rørmose Jensen & Iliev 2022)
HRV,Croatia,Europe,Electricity,climate_change,kt CO2eq,1.0049204395570874,2019,EXIOBASE v3.8.2 IOT_2016_ixi with Danish sea-transport reallocation (Rørmose Jensen & Iliev 2022)
LVA,Latvia,Europe,Chemical,waste_generation,kt,1.0046706866898367,2019,EXIOBASE v3.8.2 IOT_2016_ixi with Danish sea-transport reallocation (Rørmose Jensen & Iliev 2022)
DEU,Germany,Europe,Services,material_extraction,kt,1.000649087897297,2019,EXIOBASE v3.8.2 IOT_2016_ixi with Danish sea-transport reallocation (Rørmose Jensen & Iliev 2022)
RoW Africa,RoW Africa,Africa,Non-metallic mineral products,climate_change,kt CO2eq,0.9883396432760604,2019,EXIOBASE v3.8.2 IOT_2016_ixi with Danish sea-transport reallocation (Rørmose Jensen & Iliev 2022)
RoW Europe,RoW Europe,Europe,Food and catering,material_extraction,kt,0.9873849066723406,2019,EXIOBASE v3.8.2 IOT_2016_ixi with Danish sea-transport reallocation (Rørmose Jensen & Iliev 2022)
AUT,Austria,Europe,Natural gas and gaseous fuels,climate_change,kt CO2eq,0.986391042838012,2019,EXIOBASE v3.8.2 IOT_2016_ixi with Danish sea-transport reallocation (Rørmose Jensen & Iliev 2022)
BRA,Brazil,America,Waste management and disposal,climate_change,kt CO2eq,0.9839448770419789,2019,EXIOBASE v3.8.2 IOT_2016_ixi with Danish sea-transport reallocation (Rørmose Jensen & Iliev 2022)
SVN,Slovenia,Europe,"Steam, hot water supply and water distribution",climate_change,kt CO2eq,0.9815998595700108,2019,EXIOBASE v3.8.2 IOT_2016_ixi with Danish sea-transport reallocation (Rørmose Jensen & Iliev 2022)
EST,Estonia,Europe,Minerals and Metals,climate_change,kt CO2eq,0.9786250202512188,2019,EXIOBASE v3.8.2 IOT_2016_ixi with Danish sea-transport reallocation (Rørmose Jensen & Iliev 2022)
GRC,Greece,Europe,Coal and Petroleum,climate_change,kt CO2eq,0.9761640994999814,2019,EXIOBASE v3.8.2 IOT_2016_ixi with Danish sea-transport reallocation (Rørmose Jensen & Iliev 2022)
POL,Poland,Europe,Services,material_extraction,kt,0.9737533317333069,2019,EXIOBASE v3.8.2 IOT_2016_ixi with Danish sea-transport reallocation (Rørmose Jensen & Iliev 2022)
EST,Estonia,Europe,Waste management and disposal,climate_change,kt CO2eq,0.972449208728575,2019,EXIOBASE v3.8.2 IOT_2016_ixi with Danish sea-transport reallocation (Rørmose Jensen & Iliev 2022)
POL,Poland,Europe,Paper Products,climate_change,kt CO2eq,0.9698324480666574,2019,EXIOBASE v3.8.2 IOT_2016_ixi with Danish sea-transport reallocation (Rørmose Jensen & Iliev 2022)
HUN,Hungary,Europe,Waste management and disposal,climate_change,kt CO2eq,0.9689525167748059,2019,EXIOBASE v3.8.2 IOT_2016_ixi with Danish sea-transport reallocation (Rørmose Jensen & Iliev 2022)
RoW Africa,RoW Africa,Africa,Minerals and Metals,climate_change,kt CO2eq,0.9672971364682021,2019,EXIOBASE v3.8.2 IOT_2016_ixi with Danish sea-transport reallocation (Rørmose Jensen & Iliev 2022)
DNK,Denmark,Denmark,Coal and Petroleum,material_extraction,kt,0.9489297232345252,2019,EXIOBASE v3.8.2 IOT_2016_ixi with Danish sea-transport reallocation (Rørmose Jensen & Iliev 2022)
ITA,Italy,Europe,Waste management and disposal,climate_change,kt CO2eq,0.944840477921563,2019,EXIOBASE v3.8.2 IOT_2016_ixi with Danish sea-transport reallocation (Rørmose Jensen & Iliev 2022)
RoW America,RoW America,America,Natural gas and gaseous fuels,climate_change,kt CO2eq,0.936904355202198,2019,EXIOBASE v3.8.2 IOT_2016_ixi with Danish sea-transport reallocation (Rørmose Jensen & Iliev 2022)
NLD,Netherlands,Europe,Furniture and timber,land_use,km2,0.9293500899248218,2019,EXIOBASE v3.8.2 IOT_2016_ixi with Danish sea-transport reallocation (Rørmose Jensen & Iliev 2022)
AUS,Australia,Asia and Pacific,Natural gas and gaseous fuels,climate_change,kt CO2eq,0.9223830334422383,2019,EXIOBASE v3.8.2 IOT_2016_ixi with Danish sea-transport reallocation (Rørmose Jensen & Iliev 2022)
ZAF,South Africa,Africa,Textile,land_use,km2,0.9212415625562345,2019,EXIOBASE v3.8.2 IOT_2016_ixi with Danish sea-transport reallocation (Rørmose Jensen & Iliev 2022)
HRV,Croatia,Europe,Waste management and disposal,climate_change,kt CO2eq,0.9209346645433303,2019,EXIOBASE v3.8.2 IOT_2016_ixi with Danish sea-transport reallocation (Rørmose Jensen & Iliev 2022)
SVK,Slovakia,Europe,"Steam, hot water supply and water distribution",climate_change,kt CO2eq,0.9138620494782841,2019,EXIOBASE v3.8.2 IOT_2016_ixi with Danish sea-transport reallocation (Rørmose Jensen & Iliev 2022)
LTU,Lithuania,Europe,Food and catering,climate_change,kt CO2eq,0.907496382047186,2019,EXIOBASE v3.8.2 IOT_2016_ixi with Danish sea-transport reallocation (Rørmose Jensen & Iliev 2022)
CHN,China,Asia and Pacific,Paper Products,climate_change,kt CO2eq,0.9031860425004925,2019,EXIOBASE v3.8.2 IOT_2016_ixi with Danish sea-transport reallocation (Rørmose Jensen & Iliev 2022)
TUR,Turkey,Middle East,Chemical,climate_change,kt CO2eq,0.9023197056271959,2019,EXIOBASE v3.8.2 IOT_2016_ixi with Danish sea-transport reallocation (Rørmose Jensen & Iliev 2022)
NLD,Netherlands,Europe,Metal Products,climate_change,kt CO2eq,0.8988535313500049,2019,EXIOBASE v3.8.2 IOT_2016_ixi with Danish sea-transport reallocation (Rørmose Jensen & Iliev 2022)
CHN,China,Asia and Pacific,Furniture and timber,climate_change,kt CO2eq,0.8969975700631243,2019,EXIOBASE v3.8.2 IOT_2016_ixi with Danish sea-transport reallocation (Rørmose Jensen & Iliev 2022)
RUS,Russia,Europe,Non-metallic mineral products,climate_change,kt CO2eq,0.8963218488051689,2019,EXIOBASE v3.8.2 IOT_2016_ixi with Danish sea-transport reallocation (Rørmose Jensen & Iliev 2022)
DNK,Denmark,Denmark,Paper Products,waste_generation,kt,0.8882749272601289,2019,EXIOBASE v3.8.2 IOT_2016_ixi with Danish sea-transport reallocation (Rørmose Jensen & Iliev 2022)
HUN,Hungary,Europe,Food and catering,waste_generation,kt,0.8865469334148907,2019,EXIOBASE v3.8.2 IOT_2016_ixi with Danish sea-transport reallocation (Rørmose Jensen & Iliev 2022)
BGR,Bulgaria,Europe,Chemical,climate_change,kt CO2eq,0.883920715487527,2019,EXIOBASE v3.8.2 IOT_2016_ixi with Danish sea-transport reallocation (Rørmose Jensen & Iliev 2022)
GRC,Greece,Europe,Electricity,climate_change,kt CO2eq,0.8818284139306892,2019,EXIOBASE v3.8.2 IOT_2016_ixi with Danish sea-transport reallocation (Rørmose Jensen & Iliev 2022)
DEU,Germany,Europe,Waste management and disposal,waste_generation,kt,0.8797687525001969,2019,EXIOBASE v3.8.2 IOT_2016_ixi with Danish sea-transport reallocation (Rørmose Jensen & Iliev 2022)
ROU,Romania,Europe,Transport,climate_change,kt CO2eq,0.8761113524773998,2019,EXIOBASE v3.8.2 IOT_2016_ixi with Danish sea-transport reallocation (Rørmose Jensen & Iliev 2022)
CZE,Czech Republic,Europe,Services,climate_change,kt CO2eq,0.87161957848223,2019,EXIOBASE v3.8.2 IOT_2016_ixi with Danish sea-transport reallocation (Rørmose Jensen & Iliev 2022)
SVN,Slovenia,Europe,Transport,climate_change,kt CO2eq,0.8704150842705848,2019,EXIOBASE v3.8.2 IOT_2016_ixi with Danish sea-transport reallocation (Rørmose Jensen & Iliev 2022)
BRA,Brazil,America,Chemical,material_extraction,kt,0.8704085131800793,2019,EXIOBASE v3.8.2 IOT_2016_ixi with Danish sea-transport reallocation (Rørmose Jensen & Iliev 2022)
BEL,Belgium,Europe,Coal and Petroleum,climate_change,kt CO2eq,0.8669051378858793,2019,EXIOBASE v3.8.2 IOT_2016_ixi with Danish sea-transport reallocation (Rørmose Jensen & Iliev 2022)
CYP,Cyprus,Middle East,Electricity,climate_change,kt CO2eq,0.8628593204727838,2019,EXIOBASE v3.8.2 IOT_2016_ixi with Danish sea-transport reallocation (Rørmose Jensen & Iliev 2022)
AUS,Australia,Asia and Pacific,Food and catering,blue_water_consumption,Mm3,0.8624334469485704,2019,EXIOBASE v3.8.2 IOT_2016_ixi with Danish sea-transport reallocation (Rørmose Jensen & Iliev 2022)
USA,United States,America,Paper Products,waste_generation,kt,0.8560497411382273,2019,EXIOBASE v3.8.2 IOT_2016_ixi with Danish sea-transport reallocation (Rørmose Jensen & Iliev 2022)
IND,India,Asia and Pacific,Services,climate_change,kt CO2eq,0.8554410429113368,2019,EXIOBASE v3.8.2 IOT_2016_ixi with Danish sea-transport reallocation (Rørmose Jensen & Iliev 2022)
FIN,Finland,Europe,Coal and Petroleum,climate_change,kt CO2eq,0.8470680411685689,2019,EXIOBASE v3.8.2 IOT_2016_ixi with Danish sea-transport reallocation (Rørmose Jensen & Iliev 2022)
CHE,Switzerland,Europe,Waste management and disposal,climate_change,kt CO2eq,0.845676962007971,2019,EXIOBASE v3.8.2 IOT_2016_ixi with Danish sea-transport reallocation (Rørmose Jensen & Iliev 2022)
POL,Poland,Europe,Transport,climate_change,kt CO2eq,0.845054979959684,2019,EXIOBASE v3.8.2 IOT_2016_ixi with Danish sea-transport reallocation (Rørmose Jensen & Iliev 2022)
USA,United States,America,Metal Products,climate_change,kt CO2eq,0.8408596668704553,2019,EXIOBASE v3.8.2 IOT_2016_ixi with Danish sea-transport reallocation (Rørmose Jensen & Iliev 2022)
ITA,Italy,Europe,Non-metallic mineral products,climate_change,kt CO2eq,0.8341372431698398,2019,EXIOBASE v3.8.2 IOT_2016_ixi with Danish sea-transport reallocation (Rørmose Jensen & Iliev 2022)
MEX,Mexico,America,Natural gas and gaseous fuels,climate_change,kt CO2eq,0.8306954699125725,2019,EXIOBASE v3.8.2 IOT_2016_ixi with Danish sea-transport reallocation (Rørmose Jensen & Iliev 2022)
RUS,Russia,Europe,Coal and Petroleum,land_use,km2,0.8291139071184844,2019,EXIOBASE v3.8.2 IOT_2016_ixi with Danish sea-transport reallocation (Rørmose Jensen & Iliev 2022)
RoW America,RoW America,America,Transport,material_extraction,kt,0.8265894205992028,2019,EXIOBASE v3.8.2 IOT_2016_ixi with Danish sea-transport reallocation (Rørmose Jensen & Iliev 2022)
AUT,Austria,Europe,Transport,material_extraction,kt,0.8263417088167492,2019,EXIOBASE v3.8.2 IOT_2016_ixi with Danish sea-transport reallocation (Rørmose Jensen & Iliev 2022)
ESP,Spain,Europe,Food and catering,blue_water_consumption,Mm3,0.8191003106446876,2019,EXIOBASE v3.8.2 IOT_2016_ixi with Danish sea-transport reallocation (Rørmose Jensen & Iliev 2022)
POL,Poland,Europe,Food and catering,waste_generation,kt,0.8177944488984787,2019,EXIOBASE v3.8.2 IOT_2016_ixi with Danish sea-transport reallocation (Rørmose Jensen & Iliev 2022)
NLD,Netherlands,Europe,Food and catering,waste_generation,kt,0.8167333757422299,2019,EXIOBASE v3.8.2 IOT_2016_ixi with Danish sea-transport reallocation (Rørmose Jensen & Iliev 2022)
CZE,Czech Republic,Europe,Non-metallic mineral products,climate_change,kt CO2eq,0.8097259812188323,2019,EXIOBASE v3.8.2 IOT_2016_ixi with Danish sea-transport reallocation (Rørmose Jensen & Iliev 2022)
BEL,Belgium,Europe,Food and catering,waste_generation,kt,0.8062199057743591,2019,EXIOBASE v3.8.2 IOT_2016_ixi with Danish sea-transport reallocation (Rørmose Jensen & Iliev 2022)
GRC,Greece,Europe,Food and catering,waste_generation,kt,0.8061013886322563,2019,EXIOBASE v3.8.2 IOT_2016_ixi with Danish sea-transport reallocation (Rørmose Jensen & Iliev 2022)
AUT,Austria,Europe,Metal Products,climate_change,kt CO2eq,0.8047520403713617,2019,EXIOBASE v3.8.2 IOT_2016_ixi with Danish sea-transport reallocation (Rørmose Jensen & Iliev 2022)
RoW Middle East,RoW Middle East,Middle East,Metal Products,climate_change,kt CO2eq,0.8004423541952781,2019,EXIOBASE v3.8.2 IOT_2016_ixi with Danish sea-transport reallocation (Rørmose Jensen & Iliev 2022)
NOR,Norway,Europe,"Electrical, electronic and measuring equipment",climate_change,kt CO2eq,0.7989830295515572,2019,EXIOBASE v3.8.2 IOT_2016_ixi with Danish sea-transport reallocation (Rørmose Jensen & Iliev 2022)
JPN,Japan,Asia and Pacific,Chemical,climate_change,kt CO2eq,0.7978433354784158,2019,EXIOBASE v3.8.2 IOT_2016_ixi with Danish sea-transport reallocation (Rørmose Jensen & Iliev 2022)
LTU,Lithuania,Europe,Non-metallic mineral products,material_extraction,kt,0.7951276605703852,2019,EXIOBASE v3.8.2 IOT_2016_ixi with Danish sea-transport reallocation (Rørmose Jensen & Iliev 2022)
RoW Europe,RoW Europe,Europe,Transport,land_use,km2,0.7876663944954717,2019,EXIOBASE v3.8.2 IOT_2016_ixi with Danish sea-transport reallocation (Rørmose Jensen & Iliev 2022)
SWE,Sweden,Europe,Non-metallic mineral products,climate_change,kt CO2eq,0.7828600274404842,2019,EXIOBASE v3.8.2 IOT_2016_ixi with Danish sea-transport reallocation (Rørmose Jensen & Iliev 2022)
CHN,China,Asia and Pacific,"Electrical, electronic and measuring equipment",climate_change,kt CO2eq,0.7803949771476638,2019,EXIOBASE v3.8.2 IOT_2016_ixi with Danish sea-transport reallocation (Rørmose Jensen & Iliev 2022)
RoW Europe,RoW Europe,Europe,Chemical,waste_generation,kt,0.7797350476578886,2019,EXIOBASE v3.8.2 IOT_2016_ixi with Danish sea-transport reallocation (Rørmose Jensen & Iliev 2022)
JPN,Japan,Asia and Pacific,Waste management and disposal,waste_generation,kt,0.7752118272259099,2019,EXIOBASE v3.8.2 IOT_2016_ixi with Danish sea-transport reallocation (Rørmose Jensen & Iliev 2022)
IDN,Indonesia,Asia and Pacific,Chemical,climate_change,kt CO2eq,0.774946888839659,2019,EXIOBASE v3.8.2 IOT_2016_ixi with Danish sea-transport reallocation (Rørmose Jensen & Iliev 2022)
IRL,Ireland,Europe,Services,climate_change,kt CO2eq,0.7749126556795677,2019,EXIOBASE v3.8.2 IOT_2016_ixi with Danish sea-transport reallocation (Rørmose Jensen & Iliev 2022)
EST,Estonia,Europe,Transport,climate_change,kt CO2eq,0.7745559138355853,2019,EXIOBASE v3.8.2 IOT_2016_ixi with Danish sea-transport reallocation (Rørmose Jensen & Iliev 2022)
USA,United States,America,"Steam, hot water supply and water distribution",climate_change,kt CO2eq,0.7712459377668536,2019,EXIOBASE v3.8.2 IOT_2016_ixi with Danish sea-transport reallocation (Rørmose Jensen & Iliev 2022)
IND,India,Asia and Pacific,Furniture and timber,climate_change,kt CO2eq,0.7710324298639263,2019,EXIOBASE v3.8.2 IOT_2016_ixi with Danish sea-transport reallocation (Rørmose Jensen & Iliev 2022)
IRL,Ireland,Europe,Food and catering,waste_generation,kt,0.770345262557024,2019,EXIOBASE v3.8.2 IOT_2016_ixi with Danish sea-transport reallocation (Rørmose Jensen & Iliev 2022)
HUN,Hungary,Europe,Services,climate_change,kt CO2eq,0.7688110188748595,2019,EXIOBASE v3.8.2 IOT_2016_ixi with Danish sea-transport reallocation (Rørmose Jensen & Iliev 2022)
SVN,Slovenia,Europe,"Electrical, electronic and measuring equipment",climate_change,kt CO2eq,0.7676627540590923,2019,EXIOBASE v3.8.2 IOT_2016_ixi with Danish sea-transport reallocation (Rørmose Jensen & Iliev 2022)
CHN,China,Asia and Pacific,Paper Products,waste_generation,kt,0.7655019206784269,2019,EXIOBASE v3.8.2 IOT_2016_ixi with Danish sea-transport reallocation (Rørmose Jensen & Iliev 2022)
KOR,South Korea,Asia and Pacific,Metal Products,climate_change,kt CO2eq,0.7644896469655624,2019,EXIOBASE v3.8.2 IOT_2016_ixi with Danish sea-transport reallocation (Rørmose Jensen & Iliev 2022)
FIN,Finland,Europe,Electricity,climate_change,kt CO2eq,0.7573035076643504,2019,EXIOBASE v3.8.2 IOT_2016_ixi with Danish sea-transport reallocation (Rørmose Jensen & Iliev 2022)
BGR,Bulgaria,Europe,Construction,material_extraction,kt,0.7498578979565891,2019,EXIOBASE v3.8.2 IOT_2016_ixi with Danish sea-transport reallocation (Rørmose Jensen & Iliev 2022)
TUR,Turkey,Middle East,Food and catering,blue_water_consumption,Mm3,0.7444900143124995,2019,EXIOBASE v3.8.2 IOT_2016_ixi with Danish sea-transport reallocation (Rørmose Jensen & Iliev 2022)
BGR,Bulgaria,Europe,Food and catering,climate_change,kt CO2eq,0.7428042727468286,2019,EXIOBASE v3.8.2 IOT_2016_ixi with Danish sea-transport reallocation (Rørmose Jensen & Iliev 2022)
SVK,Slovakia,Europe,Metal Products,climate_change,kt CO2eq,0.7427656310244716,2019,EXIOBASE v3.8.2 IOT_2016_ixi with Danish sea-transport reallocation (Rørmose Jensen & Iliev 2022)
GBR,United Kingdom,Europe,Minerals and Metals,climate_change,kt CO2eq,0.7403454943455888,2019,EXIOBASE v3.8.2 IOT_2016_ixi with Danish sea-transport reallocation (Rørmose Jensen & Iliev 2022)
RUS,Russia,Europe,Minerals and Metals,climate_change,kt CO2eq,0.7383877464925296,2019,EXIOBASE v3.8.2 IOT_2016_ixi with Danish sea-transport reallocation (Rørmose Jensen & Iliev 2022)
TUR,Turkey,Middle East,Coal and Petroleum,climate_change,kt CO2eq,0.7263280393566456,2019,EXIOBASE v3.8.2 IOT_2016_ixi with Danish sea-transport reallocation (Rørmose Jensen & Iliev 2022)
CZE,Czech Republic,Europe,Waste management and disposal,climate_change,kt CO2eq,0.7187646166634174,2019,EXIOBASE v3.8.2 IOT_2016_ixi with Danish sea-transport reallocation (Rørmose Jensen & Iliev 2022)
RoW Europe,RoW Europe,Europe,Food and catering,blue_water_consumption,Mm3,0.7185564308283501,2019,EXIOBASE v3.8.2 IOT_2016_ixi with Danish sea-transport reallocation (Rørmose Jensen & Iliev 2022)
BRA,Brazil,America,Minerals and Metals,climate_change,kt CO2eq,0.7171153262177369,2019,EXIOBASE v3.8.2 IOT_2016_ixi with Danish sea-transport reallocation (Rørmose Jensen & Iliev 2022)
FIN,Finland,Europe,Paper Products,climate_change,kt CO2eq,0.7164735164789712,2019,EXIOBASE v3.8.2 IOT_2016_ixi with Danish sea-transport reallocation (Rørmose Jensen & Iliev 2022)
USA,United States,America,Minerals and Metals,climate_change,kt CO2eq,0.7105957257330802,2019,EXIOBASE v3.8.2 IOT_2016_ixi with Danish sea-transport reallocation (Rørmose Jensen & Iliev 2022)
RoW Asia and Pacific,RoW Asia and Pacific,Asia and Pacific,Food and catering,material_extraction,kt,0.7099352137823326,2019,EXIOBASE v3.8.2 IOT_2016_ixi with Danish sea-transport reallocation (Rørmose Jensen & Iliev 2022)
AUS,Australia,Asia and Pacific,Metal Products,climate_change,kt CO2eq,0.7096076205549217,2019,EXIOBASE v3.8.2 IOT_2016_ixi with Danish sea-transport reallocation (Rørmose Jensen & Iliev 2022)
DEU,Germany,Europe,Metal Products,waste_generation,kt,0.7094524574630513,2019,EXIOBASE v3.8.2 IOT_2016_ixi with Danish sea-transport reallocation (Rørmose Jensen & Iliev 2022)
BGR,Bulgaria,Europe,Transport,climate_change,kt CO2eq,0.7074509802868654,2019,EXIOBASE v3.8.2 IOT_2016_ixi with Danish sea-transport reallocation (Rørmose Jensen & Iliev 2022)
RUS,Russia,Europe,Coal and Petroleum,waste_generation,kt,0.6934112822505758,2019,EXIOBASE v3.8.2 IOT_2016_ixi with Danish sea-transport reallocation (Rørmose Jensen & Iliev 2022)
GBR,United Kingdom,Europe,Metal Products,climate_change,kt CO2eq,0.6930435218352936,2019,EXIOBASE v3.8.2 IOT_2016_ixi with Danish sea-transport reallocation (Rørmose Jensen & Iliev 2022)
PRT,Portugal,Europe,Minerals and Metals,climate_change,kt CO2eq,0.6919962605144482,2019,EXIOBASE v3.8.2 IOT_2016_ixi with Danish sea-transport reallocation (Rørmose Jensen & Iliev 2022)
HUN,Hungary,Europe,Coal and Petroleum,climate_change,kt CO2eq,0.6911592109208606,2019,EXIOBASE v3.8.2 IOT_2016_ixi with Danish sea-transport reallocation (Rørmose Jensen & Iliev 2022)
CHE,Switzerland,Europe,Non-metallic mineral products,climate_change,kt CO2eq,0.6887908210402266,2019,EXIOBASE v3.8.2 IOT_2016_ixi with Danish sea-transport reallocation (Rørmose Jensen & Iliev 2022)
ZAF,South Africa,Africa,Metal Products,climate_change,kt CO2eq,0.6817720736031404,2019,EXIOBASE v3.8.2 IOT_2016_ixi with Danish sea-transport reallocation (Rørmose Jensen & Iliev 2022)
LUX,Luxembourg,Europe,Food and catering,climate_change,kt CO2eq,0.6775988903433594,2019,EXIOBASE v3.8.2 IOT_2016_ixi with Danish sea-transport reallocation (Rørmose Jensen & Iliev 2022)
SWE,Sweden,Europe,Electricity,climate_change,kt CO2eq,0.6774024764895121,2019,EXIOBASE v3.8.2 IOT_2016_ixi with Danish sea-transport reallocation (Rørmose Jensen & Iliev 2022)
DEU,Germany,Europe,Food and catering,waste_generation,kt,0.6773944009371968,2019,EXIOBASE v3.8.2 IOT_2016_ixi with Danish sea-transport reallocation (Rørmose Jensen & Iliev 2022)
ZAF,South Africa,Africa,Paper Products,climate_change,kt CO2eq,0.6748120924940499,2019,EXIOBASE v3.8.2 IOT_2016_ixi with Danish sea-transport reallocation (Rørmose Jensen & Iliev 2022)
ROU,Romania,Europe,Chemical,climate_change,kt CO2eq,0.6739444577258998,2019,EXIOBASE v3.8.2 IOT_2016_ixi with Danish sea-transport reallocation (Rørmose Jensen & Iliev 2022)
RoW Asia and Pacific,RoW Asia and Pacific,Asia and Pacific,Construction,climate_change,kt CO2eq,0.6727761704289892,2019,EXIOBASE v3.8.2 IOT_2016_ixi with Danish sea-transport reallocation (Rørmose Jensen & Iliev 2022)
ZAF,South Africa,Africa,Transport,climate_change,kt CO2eq,0.6685998097923405,2019,EXIOBASE v3.8.2 IOT_2016_ixi with Danish sea-transport reallocation (Rørmose Jensen & Iliev 2022)
BEL,Belgium,Europe,Waste management and disposal,waste_generation,kt,0.6684026207305779,2019,EXIOBASE v3.8.2 IOT_2016_ixi with Danish sea-transport reallocation (Rørmose Jensen & Iliev 2022)
RoW America,RoW America,America,Non-metallic mineral products,climate_change,kt CO2eq,0.6653999388455895,2019,EXIOBASE v3.8.2 IOT_2016_ixi with Danish sea-transport reallocation (Rørmose Jensen & Iliev 2022)
CHN,China,Asia and Pacific,Metal Products,waste_generation,kt,0.6636259197266384,2019,EXIOBASE v3.8.2 IOT_2016_ixi with Danish sea-transport reallocation (Rørmose Jensen & Iliev 2022)
BEL,Belgium,Europe,Non-metallic mineral products,climate_change,kt CO2eq,0.6621542643760228,2019,EXIOBASE v3.8.2 IOT_2016_ixi with Danish sea-transport reallocation (Rørmose Jensen & Iliev 2022)
RoW Asia and Pacific,RoW Asia and Pacific,Asia and Pacific,Services,waste_generation,kt,0.6585749568254865,2019,EXIOBASE v3.8.2 IOT_2016_ixi with Danish sea-transport reallocation (Rørmose Jensen & Iliev 2022)
NLD,Netherlands,Europe,Natural gas and gaseous fuels,climate_change,kt CO2eq,0.656481297670809,2019,EXIOBASE v3.8.2 IOT_2016_ixi with Danish sea-transport reallocation (Rørmose Jensen & Iliev 2022)
RoW Europe,RoW Europe,Europe,Services,climate_change,kt CO2eq,0.6528764358560788,2019,EXIOBASE v3.8.2 IOT_2016_ixi with Danish sea-transport reallocation (Rørmose Jensen & Iliev 2022)
RoW America,RoW America,America,Services,material_extraction,kt,0.650419171792853,2019,EXIOBASE v3.8.2 IOT_2016_ixi with Danish sea-transport reallocation (Rørmose Jensen & Iliev 2022)
HRV,Croatia,Europe,Services,land_use,km2,0.6498108558554776,2019,EXIOBASE v3.8.2 IOT_2016_ixi with Danish sea-transport reallocation (Rørmose Jensen & Iliev 2022)
POL,Poland,Europe,"Electrical, electronic and measuring equipment",climate_change,kt CO2eq,0.6482318300929496,2019,EXIOBASE v3.8.2 IOT_2016_ixi with Danish sea-transport reallocation (Rørmose Jensen & Iliev 2022)
ROU,Romania,Europe,Coal and Petroleum,climate_change,kt CO2eq,0.6444163417731849,2019,EXIOBASE v3.8.2 IOT_2016_ixi with Danish sea-transport reallocation (Rørmose Jensen & Iliev 2022)
USA,United States,America,Non-metallic mineral products,climate_change,kt CO2eq,0.642286526128533,2019,EXIOBASE v3.8.2 IOT_2016_ixi with Danish sea-transport reallocation (Rørmose Jensen & Iliev 2022)
SWE,Sweden,Europe,Chemical,climate_change,kt CO2eq,0.6414058075965462,2019,EXIOBASE v3.8.2 IOT_2016_ixi with Danish sea-transport reallocation (Rørmose Jensen & Iliev 2022)
HUN,Hungary,Europe,Transport,climate_change,kt CO2eq,0.6375392969706619,2019,EXIOBASE v3.8.2 IOT_2016_ixi with Danish sea-transport reallocation (Rørmose Jensen & Iliev 2022)
POL,Poland,Europe,"Electrical, electronic and measuring equipment",material_extraction,kt,0.6359358664799803,2019,EXIOBASE v3.8.2 IOT_2016_ixi with Danish sea-transport reallocation (Rørmose Jensen & Iliev 2022)
RoW Middle East,RoW Middle East,Middle East,Coal and Petroleum,material_extraction,kt,0.6353325234597225,2019,EXIOBASE v3.8.2 IOT_2016_ixi with Danish sea-transport reallocation (Rørmose Jensen & Iliev 2022)
CZE,Czech Republic,Europe,Metal Products,climate_change,kt CO2eq,0.6339288582070564,2019,EXIOBASE v3.8.2 IOT_2016_ixi with Danish sea-transport reallocation (Rørmose Jensen & Iliev 2022)
NOR,Norway,Europe,Chemical,material_extraction,kt,0.6318186338455368,2019,EXIOBASE v3.8.2 IOT_2016_ixi with Danish sea-transport reallocation (Rørmose Jensen & Iliev 2022)
RUS,Russia,Europe,Electricity,climate_change,kt CO2eq,0.6292188064749134,2019,EXIOBASE v3.8.2 IOT_2016_ixi with Danish sea-transport reallocation (Rørmose Jensen & Iliev 2022)
AUS,Australia,Asia and Pacific,"Electrical, electronic and measuring equipment",climate_change,kt CO2eq,0.6285529166393631,2019,EXIOBASE v3.8.2 IOT_2016_ixi with Danish sea-transport reallocation (Rørmose Jensen & Iliev 2022)
DEU,Germany,Europe,Electricity,waste_generation,kt,0.626508658049288,2019,EXIOBASE v3.8.2 IOT_2016_ixi with Danish sea-transport reallocation (Rørmose Jensen & Iliev 2022)
SWE,Sweden,Europe,Minerals and Metals,climate_change,kt CO2eq,0.6257282199907661,2019,EXIOBASE v3.8.2 IOT_2016_ixi with Danish sea-transport reallocation (Rørmose Jensen & Iliev 2022)
FRA,France,Europe,Metal Products,climate_change,kt CO2eq,0.6215645504368906,2019,EXIOBASE v3.8.2 IOT_2016_ixi with Danish sea-transport reallocation (Rørmose Jensen & Iliev 2022)
BGR,Bulgaria,Europe,Non-metallic mineral products,climate_change,kt CO2eq,0.6200316310126981,2019,EXIOBASE v3.8.2 IOT_2016_ixi with Danish sea-transport reallocation (Rørmose Jensen & Iliev 2022)
RoW Africa,RoW Africa,Africa,Coal and Petroleum,material_extraction,kt,0.6164264445638079,2019,EXIOBASE v3.8.2 IOT_2016_ixi with Danish sea-transport reallocation (Rørmose Jensen & Iliev 2022)
IND,India,Asia and Pacific,Electricity,waste_generation,kt,0.6160222462089343,2019,EXIOBASE v3.8.2 IOT_2016_ixi with Danish sea-transport reallocation (Rørmose Jensen & Iliev 2022)
SWE,Sweden,Europe,Chemical,material_extraction,kt,0.6146190499104153,2019,EXIOBASE v3.8.2 IOT_2016_ixi with Danish sea-transport reallocation (Rørmose Jensen & Iliev 2022)
CHN,China,Asia and Pacific,Chemical,blue_water_consumption,Mm3,0.6136779924556173,2019,EXIOBASE v3.8.2 IOT_2016_ixi with Danish sea-transport reallocation (Rørmose Jensen & Iliev 2022)
DNK,Denmark,Denmark,Natural gas and gaseous fuels,climate_change,kt CO2eq,0.6127244269776729,2019,EXIOBASE v3.8.2 IOT_2016_ixi with Danish sea-transport reallocation (Rørmose Jensen & Iliev 2022)
HRV,Croatia,Europe,Coal and Petroleum,climate_change,kt CO2eq,0.6098187185368248,2019,EXIOBASE v3.8.2 IOT_2016_ixi with Danish sea-transport reallocation (Rørmose Jensen & Iliev 2022)
SWE,Sweden,Europe,"Steam, hot water supply and water distribution",climate_change,kt CO2eq,0.6095470968020154,2019,EXIOBASE v3.8.2 IOT_2016_ixi with Danish sea-transport reallocation (Rørmose Jensen & Iliev 2022)
LUX,Luxembourg,Europe,Food and catering,land_use,km2,0.6088001686183518,2019,EXIOBASE v3.8.2 IOT_2016_ixi with Danish sea-transport reallocation (Rørmose Jensen & Iliev 2022)
RoW Africa,RoW Africa,Africa,Textile,land_use,km2,0.6087749526318995,2019,EXIOBASE v3.8.2 IOT_2016_ixi with Danish sea-transport reallocation (Rørmose Jensen & Iliev 2022)
USA,United States,America,Waste management and disposal,waste_generation,kt,0.6072011385270742,2019,EXIOBASE v3.8.2 IOT_2016_ixi with Danish sea-transport reallocation (Rørmose Jensen & Iliev 2022)
USA,United States,America,Textile,land_use,km2,0.6051870156128897,2019,EXIOBASE v3.8.2 IOT_2016_ixi with Danish sea-transport reallocation (Rørmose Jensen & Iliev 2022)
POL,Poland,Europe,Waste management and disposal,material_extraction,kt,0.6036803365990796,2019,EXIOBASE v3.8.2 IOT_2016_ixi with Danish sea-transport reallocation (Rørmose Jensen & Iliev 2022)
USA,United States,America,"Electrical, electronic and measuring equipment",climate_change,kt CO2eq,0.5996158024391868,2019,EXIOBASE v3.8.2 IOT_2016_ixi with Danish sea-transport reallocation (Rørmose Jensen & Iliev 2022)
NLD,Netherlands,Europe,Waste management and disposal,waste_generation,kt,0.5961674447195052,2019,EXIOBASE v3.8.2 IOT_2016_ixi with Danish sea-transport reallocation (Rørmose Jensen & Iliev 2022)
ESP,Spain,Europe,Chemical,climate_change,kt CO2eq,0.594264607938836,2019,EXIOBASE v3.8.2 IOT_2016_ixi with Danish sea-transport reallocation (Rørmose Jensen & Iliev 2022)
PRT,Portugal,Europe,Coal and Petroleum,climate_change,kt CO2eq,0.5927400242480406,2019,EXIOBASE v3.8.2 IOT_2016_ixi with Danish sea-transport reallocation (Rørmose Jensen & Iliev 2022)
EST,Estonia,Europe,Food and catering,climate_change,kt CO2eq,0.5910747573665811,2019,EXIOBASE v3.8.2 IOT_2016_ixi with Danish sea-transport reallocation (Rørmose Jensen & Iliev 2022)
BEL,Belgium,Europe,Metal Products,climate_change,kt CO2eq,0.5910401717066436,2019,EXIOBASE v3.8.2 IOT_2016_ixi with Danish sea-transport reallocation (Rørmose Jensen & Iliev 2022)
NOR,Norway,Europe,Paper Products,waste_generation,kt,0.5904952688905567,2019,EXIOBASE v3.8.2 IOT_2016_ixi with Danish sea-transport reallocation (Rørmose Jensen & Iliev 2022)
RoW Asia and Pacific,RoW Asia and Pacific,Asia and Pacific,Paper Products,climate_change,kt CO2eq,0.5885367363108649,2019,EXIOBASE v3.8.2 IOT_2016_ixi with Danish sea-transport reallocation (Rørmose Jensen & Iliev 2022)
JPN,Japan,Asia and Pacific,Non-metallic mineral products,climate_change,kt CO2eq,0.5859917130047908,2019,EXIOBASE v3.8.2 IOT_2016_ixi with Danish sea-transport reallocation (Rørmose Jensen & Iliev 2022)
HRV,Croatia,Europe,Non-metallic mineral products,material_extraction,kt,0.5854062328424279,2019,EXIOBASE v3.8.2 IOT_2016_ixi with Danish sea-transport reallocation (Rørmose Jensen & Iliev 2022)
RUS,Russia,Europe,Chemical,material_extraction,kt,0.5840794210982768,2019,EXIOBASE v3.8.2 IOT_2016_ixi with Danish sea-transport reallocation (Rørmose Jensen & Iliev 2022)
TWN,Taiwan,Asia and Pacific,Natural gas and gaseous fuels,climate_change,kt CO2eq,0.5832783451948833,2019,EXIOBASE v3.8.2 IOT_2016_ixi with Danish sea-transport reallocation (Rørmose Jensen & Iliev 2022)
TUR,Turkey,Middle East,Food and catering,waste_generation,kt,0.5776054652139571,2019,EXIOBASE v3.8.2 IOT_2016_ixi with Danish sea-transport reallocation (Rørmose Jensen & Iliev 2022)
CHN,China,Asia and Pacific,General and special Machinery,climate_change,kt CO2eq,0.5772197872139413,2019,EXIOBASE v3.8.2 IOT_2016_ixi with Danish sea-transport reallocation (Rørmose Jensen & Iliev 2022)
RoW America,RoW America,America,Services,climate_change,kt CO2eq,0.5745620908547686,2019,EXIOBASE v3.8.2 IOT_2016_ixi with Danish sea-transport reallocation (Rørmose Jensen & Iliev 2022)
RoW Middle East,RoW Middle East,Middle East,Food and catering,material_extraction,kt,0.5721203024712602,2019,EXIOBASE v3.8.2 IOT_2016_ixi with Danish sea-transport reallocation (Rørmose Jensen & Iliev 2022)
TWN,Taiwan,Asia and Pacific,Coal and Petroleum,climate_change,kt CO2eq,0.5667246315746644,2019,EXIOBASE v3.8.2 IOT_2016_ixi with Danish sea-transport reallocation (Rørmose Jensen & Iliev 2022)
GRC,Greece,Europe,Coal and Petroleum,waste_generation,kt,0.5655095231074605,2019,EXIOBASE v3.8.2 IOT_2016_ixi with Danish sea-transport reallocation (Rørmose Jensen & Iliev 2022)
BRA,Brazil,America,Chemical,climate_change,kt CO2eq,0.563942539908763,2019,EXIOBASE v3.8.2 IOT_2016_ixi with Danish sea-transport reallocation (Rørmose Jensen & Iliev 2022)
JPN,Japan,Asia and Pacific,Services,climate_change,kt CO2eq,0.5623954289064728,2019,EXIOBASE v3.8.2 IOT_2016_ixi with Danish sea-transport reallocation (Rørmose Jensen & Iliev 2022)
ESP,Spain,Europe,Metal Products,climate_change,kt CO2eq,0.5619236250278379,2019,EXIOBASE v3.8.2 IOT_2016_ixi with Danish sea-transport reallocation (Rørmose Jensen & Iliev 2022)
MLT,Malta,Europe,Electricity,climate_change,kt CO2eq,0.5618903813565539,2019,EXIOBASE v3.8.2 IOT_2016_ixi with Danish sea-transport reallocation (Rørmose Jensen & Iliev 2022)
FRA,France,Europe,Natural gas and gaseous fuels,climate_change,kt CO2eq,0.5600496187564848,2019,EXIOBASE v3.8.2 IOT_2016_ixi with Danish sea-transport reallocation (Rørmose Jensen & Iliev 2022)
CAN,Canada,America,Food and catering,waste_generation,kt,0.5593664360704602,2019,EXIOBASE v3.8.2 IOT_2016_ixi with Danish sea-transport reallocation (Rørmose Jensen & Iliev 2022)
RoW Asia and Pacific,RoW Asia and Pacific,Asia and Pacific,Electricity,land_use,km2,0.5582961486506359,2019,EXIOBASE v3.8.2 IOT_2016_ixi with Danish sea-transport reallocation (Rørmose Jensen & Iliev 2022)
AUT,Austria,Europe,Services,climate_change,kt CO2eq,0.556520969346826,2019,EXIOBASE v3.8.2 IOT_2016_ixi with Danish sea-transport reallocation (Rørmose Jensen & Iliev 2022)
ITA,Italy,Europe,Food and catering,waste_generation,kt,0.5504583499246313,2019,EXIOBASE v3.8.2 IOT_2016_ixi with Danish sea-transport reallocation (Rørmose Jensen & Iliev 2022)
NLD,Netherlands,Europe,Chemical,waste_generation,kt,0.5495337192923988,2019,EXIOBASE v3.8.2 IOT_2016_ixi with Danish sea-transport reallocation (Rørmose Jensen & Iliev 2022)
KOR,South Korea,Asia and Pacific,Services,climate_change,kt CO2eq,0.5476766395900148,2019,EXIOBASE v3.8.2 IOT_2016_ixi with Danish sea-transport reallocation (Rørmose Jensen & Iliev 2022)
MEX,Mexico,America,Waste management and disposal,climate_change,kt CO2eq,0.5470250071166045,2019,EXIOBASE v3.8.2 IOT_2016_ixi with Danish sea-transport reallocation (Rørmose Jensen & Iliev 2022)
POL,Poland,Europe,Electricity,waste_generation,kt,0.5428718077391705,2019,EXIOBASE v3.8.2 IOT_2016_ixi with Danish sea-transport reallocation (Rørmose Jensen & Iliev 2022)
IND,India,Asia and Pacific,Minerals and Metals,climate_change,kt CO2eq,0.5360080228311449,2019,EXIOBASE v3.8.2 IOT_2016_ixi with Danish sea-transport reallocation (Rørmose Jensen & Iliev 2022)
ZAF,South Africa,Africa,Electricity,waste_generation,kt,0.5352039688041178,2019,EXIOBASE v3.8.2 IOT_2016_ixi with Danish sea-transport reallocation (Rørmose Jensen & Iliev 2022)
RoW Asia and Pacific,RoW Asia and Pacific,Asia and Pacific,Furniture and timber,climate_change,kt CO2eq,0.5329989477578622,2019,EXIOBASE v3.8.2 IOT_2016_ixi with Danish sea-transport reallocation (Rørmose Jensen & Iliev 2022)
GBR,United Kingdom,Europe,Waste management and disposal,waste_generation,kt,0.5308647649523252,2019,EXIOBASE v3.8.2 IOT_2016_ixi with Danish sea-transport reallocation (Rørmose Jensen & Iliev 2022)
PRT,Portugal,Europe,Coal and Petroleum,waste_generation,kt,0.5284314249600949,2019,EXIOBASE v3.8.2 IOT_2016_ixi with Danish sea-transport reallocation (Rørmose Jensen & Iliev 2022)
RoW Europe,RoW Europe,Europe,Construction,material_extraction,kt,0.5251237630993844,2019,EXIOBASE v3.8.2 IOT_2016_ixi with Danish sea-transport reallocation (Rørmose Jensen & Iliev 2022)
RoW Europe,RoW Europe,Europe,Coal and Petroleum,material_extraction,kt,0.5243669862523986,2019,EXIOBASE v3.8.2 IOT_2016_ixi with Danish sea-transport reallocation (Rørmose Jensen & Iliev 2022)
BEL,Belgium,Europe,Coal and Petroleum,waste_generation,kt,0.5231906581095694,2019,EXIOBASE v3.8.2 IOT_2016_ixi with Danish sea-transport reallocation (Rørmose Jensen & Iliev 2022)
CHN,China,Asia and Pacific,Textile,land_use,km2,0.5214098099501219,2019,EXIOBASE v3.8.2 IOT_2016_ixi with Danish sea-transport reallocation (Rørmose Jensen & Iliev 2022)
TWN,Taiwan,Asia and Pacific,Waste management and disposal,climate_change,kt CO2eq,0.5199492391752182,2019,EXIOBASE v3.8.2 IOT_2016_ixi with Danish sea-transport reallocation (Rørmose Jensen & Iliev 2022)
SWE,Sweden,Europe,Construction,material_extraction,kt,0.5181434005413721,2019,EXIOBASE v3.8.2 IOT_2016_ixi with Danish sea-transport reallocation (Rørmose Jensen & Iliev 2022)
RoW Europe,RoW Europe,Europe,Electricity,waste_generation,kt,0.5179828158577452,2019,EXIOBASE v3.8.2 IOT_2016_ixi with Danish sea-transport reallocation (Rørmose Jensen & Iliev 2022)
DEU,Germany,Europe,Chemical,waste_generation,kt,0.5172977628994332,2019,EXIOBASE v3.8.2 IOT_2016_ixi with Danish sea-transport reallocation (Rørmose Jensen & Iliev 2022)
KOR,South Korea,Asia and Pacific,Food and catering,waste_generation,kt,0.514825373281245,2019,EXIOBASE v3.8.2 IOT_2016_ixi with Danish sea-transport reallocation (Rørmose Jensen & Iliev 2022)
HRV,Croatia,Europe,Food and catering,climate_change,kt CO2eq,0.5125699446719003,2019,EXIOBASE v3.8.2 IOT_2016_ixi with Danish sea-transport reallocation (Rørmose Jensen & Iliev 2022)
NLD,Netherlands,Europe,Coal and Petroleum,material_extraction,kt,0.5110959387953019,2019,EXIOBASE v3.8.2 IOT_2016_ixi with Danish sea-transport reallocation (Rørmose Jensen & Iliev 2022)
BRA,Brazil,America,Services,climate_change,kt CO2eq,0.510663368611064,2019,EXIOBASE v3.8.2 IOT_2016_ixi with Danish sea-transport reallocation (Rørmose Jensen & Iliev 2022)
KOR,South Korea,Asia and Pacific,Natural gas and gaseous fuels,climate_change,kt CO2eq,0.5063702100266927,2019,EXIOBASE v3.8.2 IOT_2016_ixi with Danish sea-transport reallocation (Rørmose Jensen & Iliev 2022)
TUR,Turkey,Middle East,"Steam, hot water supply and water distribution",climate_change,kt CO2eq,0.506007885029199,2019,EXIOBASE v3.8.2 IOT_2016_ixi with Danish sea-transport reallocation (Rørmose Jensen & Iliev 2022)
RoW Europe,RoW Europe,Europe,Minerals and Metals,climate_change,kt CO2eq,0.504524743047924,2019,EXIOBASE v3.8.2 IOT_2016_ixi with Danish sea-transport reallocation (Rørmose Jensen & Iliev 2022)
RoW Middle East,RoW Middle East,Middle East,Services,material_extraction,kt,0.5041398945730831,2019,EXIOBASE v3.8.2 IOT_2016_ixi with Danish sea-transport reallocation (Rørmose Jensen & Iliev 2022)
BRA,Brazil,America,Textile,land_use,km2,0.5034585507946013,2019,EXIOBASE v3.8.2 IOT_2016_ixi with Danish sea-transport reallocation (Rørmose Jensen & Iliev 2022)
NOR,Norway,Europe,Waste management and disposal,climate_change,kt CO2eq,0.5012223861049352,2019,EXIOBASE v3.8.2 IOT_2016_ixi with Danish sea-transport reallocation (Rørmose Jensen & Iliev 2022)
SWE,Sweden,Europe,Transport Equipment,climate_change,kt CO2eq,0.4998483161730949,2019,EXIOBASE v3.8.2 IOT_2016_ixi with Danish sea-transport reallocation (Rørmose Jensen & Iliev 2022)
SVK,Slovakia,Europe,Services,climate_change,kt CO2eq,0.4995058696331899,2019,EXIOBASE v3.8.2 IOT_2016_ixi with Danish sea-transport reallocation (Rørmose Jensen & Iliev 2022)
TUR,Turkey,Middle East,Services,climate_change,kt CO2eq,0.4951011819189606,2019,EXIOBASE v3.8.2 IOT_2016_ixi with Danish sea-transport reallocation (Rørmose Jensen & Iliev 2022)
RoW America,RoW America,America,Coal and Petroleum,material_extraction,kt,0.49393496653097757,2019,EXIOBASE v3.8.2 IOT_2016_ixi with Danish sea-transport reallocation (Rørmose Jensen & Iliev 2022)
ZAF,South Africa,Africa,Chemical,climate_change,kt CO2eq,0.4931011941009258,2019,EXIOBASE v3.8.2 IOT_2016_ixi with Danish sea-transport reallocation (Rørmose Jensen & Iliev 2022)
SWE,Sweden,Europe,Waste management and disposal,waste_generation,kt,0.4928840901186239,2019,EXIOBASE v3.8.2 IOT_2016_ixi with Danish sea-transport reallocation (Rørmose Jensen & Iliev 2022)
LTU,Lithuania,Europe,Coal and Petroleum,climate_change,kt CO2eq,0.4926078900236313,2019,EXIOBASE v3.8.2 IOT_2016_ixi with Danish sea-transport reallocation (Rørmose Jensen & Iliev 2022)
CAN,Canada,America,Natural gas and gaseous fuels,climate_change,kt CO2eq,0.49110122262991196,2019,EXIOBASE v3.8.2 IOT_2016_ixi with Danish sea-transport reallocation (Rørmose Jensen & Iliev 2022)
FRA,France,Europe,Chemical,climate_change,kt CO2eq,0.4897789752612696,2019,EXIOBASE v3.8.2 IOT_2016_ixi with Danish sea-transport reallocation (Rørmose Jensen & Iliev 2022)
RoW Europe,RoW Europe,Europe,Paper Products,climate_change,kt CO2eq,0.4867031311742317,2019,EXIOBASE v3.8.2 IOT_2016_ixi with Danish sea-transport reallocation (Rørmose Jensen & Iliev 2022)
FRA,France,Europe,Electricity,climate_change,kt CO2eq,0.4829576064368417,2019,EXIOBASE v3.8.2 IOT_2016_ixi with Danish sea-transport reallocation (Rørmose Jensen & Iliev 2022)
PRT,Portugal,Europe,Non-metallic mineral products,climate_change,kt CO2eq,0.48160860656923005,2019,EXIOBASE v3.8.2 IOT_2016_ixi with Danish sea-transport reallocation (Rørmose Jensen & Iliev 2022)
SVK,Slovakia,Europe,Natural gas and gaseous fuels,climate_change,kt CO2eq,0.4809008829850863,2019,EXIOBASE v3.8.2 IOT_2016_ixi with Danish sea-transport reallocation (Rørmose Jensen & Iliev 2022)
RoW America,RoW America,America,Food and catering,waste_generation,kt,0.4780607363332785,2019,EXIOBASE v3.8.2 IOT_2016_ixi with Danish sea-transport reallocation (Rørmose Jensen & Iliev 2022)
LVA,Latvia,Europe,"Steam, hot water supply and water distribution",climate_change,kt CO2eq,0.4773398867207732,2019,EXIOBASE v3.8.2 IOT_2016_ixi with Danish sea-transport reallocation (Rørmose Jensen & Iliev 2022)
RoW America,RoW America,America,Transport,land_use,km2,0.47728651081057855,2019,EXIOBASE v3.8.2 IOT_2016_ixi with Danish sea-transport reallocation (Rørmose Jensen & Iliev 2022)
USA,United States,America,Electricity,waste_generation,kt,0.47609417097853873,2019,EXIOBASE v3.8.2 IOT_2016_ixi with Danish sea-transport reallocation (Rørmose Jensen & Iliev 2022)
TUR,Turkey,Middle East,Textile,climate_change,kt CO2eq,0.47542687891956137,2019,EXIOBASE v3.8.2 IOT_2016_ixi with Danish sea-transport reallocation (Rørmose Jensen & Iliev 2022)
MLT,Malta,Europe,Minerals and Metals,material_extraction,kt,0.474961910023292,2019,EXIOBASE v3.8.2 IOT_2016_ixi with Danish sea-transport reallocation (Rørmose Jensen & Iliev 2022)
MEX,Mexico,America,Chemical,climate_change,kt CO2eq,0.4747657833454745,2019,EXIOBASE v3.8.2 IOT_2016_ixi with Danish sea-transport reallocation (Rørmose Jensen & Iliev 2022)
LVA,Latvia,Europe,Furniture and timber,land_use,km2,0.4732632932123321,2019,EXIOBASE v3.8.2 IOT_2016_ixi with Danish sea-transport reallocation (Rørmose Jensen & Iliev 2022)
IND,India,Asia and Pacific,Textile,climate_change,kt CO2eq,0.47264358094008063,2019,EXIOBASE v3.8.2 IOT_2016_ixi with Danish sea-transport reallocation (Rørmose Jensen & Iliev 2022)
AUT,Austria,Europe,Non-metallic mineral products,material_extraction,kt,0.4723269814517751,2019,EXIOBASE v3.8.2 IOT_2016_ixi with Danish sea-transport reallocation (Rørmose Jensen & Iliev 2022)
NLD,Netherlands,Europe,Textile,climate_change,kt CO2eq,0.46929707083284633,2019,EXIOBASE v3.8.2 IOT_2016_ixi with Danish sea-transport reallocation (Rørmose Jensen & Iliev 2022)
DNK,Denmark,Denmark,"Electrical, electronic and measuring equipment",waste_generation,kt,0.46847948892066016,2019,EXIOBASE v3.8.2 IOT_2016_ixi with Danish sea-transport reallocation (Rørmose Jensen & Iliev 2022)
GBR,United Kingdom,Europe,Non-metallic mineral products,climate_change,kt CO2eq,0.46565027793275265,2019,EXIOBASE v3.8.2 IOT_2016_ixi with Danish sea-transport reallocation (Rørmose Jensen & Iliev 2022)
SWE,Sweden,Europe,Services,climate_change,kt CO2eq,0.4636583883206083,2019,EXIOBASE v3.8.2 IOT_2016_ixi with Danish sea-transport reallocation (Rørmose Jensen & Iliev 2022)
CZE,Czech Republic,Europe,Natural gas and gaseous fuels,climate_change,kt CO2eq,0.4618251235656354,2019,EXIOBASE v3.8.2 IOT_2016_ixi with Danish sea-transport reallocation (Rørmose Jensen & Iliev 2022)
SVK,Slovakia,Europe,Waste management and disposal,climate_change,kt CO2eq,0.4553686941101972,2019,EXIOBASE v3.8.2 IOT_2016_ixi with Danish sea-transport reallocation (Rørmose Jensen & Iliev 2022)
ROU,Romania,Europe,Services,climate_change,kt CO2eq,0.45390066707820503,2019,EXIOBASE v3.8.2 IOT_2016_ixi with Danish sea-transport reallocation (Rørmose Jensen & Iliev 2022)
FIN,Finland,Europe,"Electrical, electronic and measuring equipment",climate_change,kt CO2eq,0.45247665840139606,2019,EXIOBASE v3.8.2 IOT_2016_ixi with Danish sea-transport reallocation (Rørmose Jensen & Iliev 2022)
SVK,Slovakia,Europe,Non-metallic mineral products,climate_change,kt CO2eq,0.4499563930028171,2019,EXIOBASE v3.8.2 IOT_2016_ixi with Danish sea-transport reallocation (Rørmose Jensen & Iliev 2022)
ITA,Italy,Europe,Chemical,material_extraction,kt,0.4485778137677251,2019,EXIOBASE v3.8.2 IOT_2016_ixi with Danish sea-transport reallocation (Rørmose Jensen & Iliev 2022)
HUN,Hungary,Europe,Non-metallic mineral products,material_extraction,kt,0.4471526642116591,2019,EXIOBASE v3.8.2 IOT_2016_ixi with Danish sea-transport reallocation (Rørmose Jensen & Iliev 2022)
FIN,Finland,Europe,Non-metallic mineral products,material_extraction,kt,0.44645802880363444,2019,EXIOBASE v3.8.2 IOT_2016_ixi with Danish sea-transport reallocation (Rørmose Jensen & Iliev 2022)
ESP,Spain,Europe,Natural gas and gaseous fuels,climate_change,kt CO2eq,0.4464541929171766,2019,EXIOBASE v3.8.2 IOT_2016_ixi with Danish sea-transport reallocation (Rørmose Jensen & Iliev 2022)
FIN,Finland,Europe,Coal and Petroleum,waste_generation,kt,0.44623682538909576,2019,EXIOBASE v3.8.2 IOT_2016_ixi with Danish sea-transport reallocation (Rørmose Jensen & Iliev 2022)
RUS,Russia,Europe,Food and catering,material_extraction,kt,0.445612764966853,2019,EXIOBASE v3.8.2 IOT_2016_ixi with Danish sea-transport reallocation (Rørmose Jensen & Iliev 2022)
KOR,South Korea,Asia and Pacific,Waste management and disposal,climate_change,kt CO2eq,0.44531526693234486,2019,EXIOBASE v3.8.2 IOT_2016_ixi with Danish sea-transport reallocation (Rørmose Jensen & Iliev 2022)
LTU,Lithuania,Europe,Transport,climate_change,kt CO2eq,0.4426715273657603,2019,EXIOBASE v3.8.2 IOT_2016_ixi with Danish sea-transport reallocation (Rørmose Jensen & Iliev 2022)
HRV,Croatia,Europe,"Steam, hot water supply and water distribution",climate_change,kt CO2eq,0.44200038792619206,2019,EXIOBASE v3.8.2 IOT_2016_ixi with Danish sea-transport reallocation (Rørmose Jensen & Iliev 2022)
PRT,Portugal,Europe,Metal Products,climate_change,kt CO2eq,0.44037881470780377,2019,EXIOBASE v3.8.2 IOT_2016_ixi with Danish sea-transport reallocation (Rørmose Jensen & Iliev 2022)
AUT,Austria,Europe,Minerals and Metals,climate_change,kt CO2eq,0.44026640813974743,2019,EXIOBASE v3.8.2 IOT_2016_ixi with Danish sea-transport reallocation (Rørmose Jensen & Iliev 2022)
SVK,Slovakia,Europe,Food and catering,climate_change,kt CO2eq,0.4363038189716639,2019,EXIOBASE v3.8.2 IOT_2016_ixi with Danish sea-transport reallocation (Rørmose Jensen & Iliev 2022)
RoW Asia and Pacific,RoW Asia and Pacific,Asia and Pacific,Electricity,waste_generation,kt,0.4360727154983217,2019,EXIOBASE v3.8.2 IOT_2016_ixi with Danish sea-transport reallocation (Rørmose Jensen & Iliev 2022)
CAN,Canada,America,Metal Products,climate_change,kt CO2eq,0.43223717073935997,2019,EXIOBASE v3.8.2 IOT_2016_ixi with Danish sea-transport reallocation (Rørmose Jensen & Iliev 2022)
CAN,Canada,America,Construction,material_extraction,kt,0.43179730402254474,2019,EXIOBASE v3.8.2 IOT_2016_ixi with Danish sea-transport reallocation (Rørmose Jensen & Iliev 2022)
ESP,Spain,Europe,Food and catering,waste_generation,kt,0.43122020580831133,2019,EXIOBASE v3.8.2 IOT_2016_ixi with Danish sea-transport reallocation (Rørmose Jensen & Iliev 2022)
HUN,Hungary,Europe,Chemical,climate_change,kt CO2eq,0.4306810652654269,2019,EXIOBASE v3.8.2 IOT_2016_ixi with Danish sea-transport reallocation (Rørmose Jensen & Iliev 2022)
ITA,Italy,Europe,Chemical,climate_change,kt CO2eq,0.4299256388753528,2019,EXIOBASE v3.8.2 IOT_2016_ixi with Danish sea-transport reallocation (Rørmose Jensen & Iliev 2022)
ITA,Italy,Europe,Waste management and disposal,waste_generation,kt,0.4283030341342814,2019,EXIOBASE v3.8.2 IOT_2016_ixi with Danish sea-transport reallocation (Rørmose Jensen & Iliev 2022)
RUS,Russia,Europe,Transport,land_use,km2,0.42670082841088436,2019,EXIOBASE v3.8.2 IOT_2016_ixi with Danish sea-transport reallocation (Rørmose Jensen & Iliev 2022)
CAN,Canada,America,Furniture and timber,land_use,km2,0.42634295220226553,2019,EXIOBASE v3.8.2 IOT_2016_ixi with Danish sea-transport reallocation (Rørmose Jensen & Iliev 2022)
TUR,Turkey,Middle East,Metal Products,climate_change,kt CO2eq,0.42616032274106147,2019,EXIOBASE v3.8.2 IOT_2016_ixi with Danish sea-transport reallocation (Rørmose Jensen & Iliev 2022)
RoW Europe,RoW Europe,Europe,Non-metallic mineral products,material_extraction,kt,0.4256976222420107,2019,EXIOBASE v3.8.2 IOT_2016_ixi with Danish sea-transport reallocation (Rørmose Jensen & Iliev 2022)
NOR,Norway,Europe,Non-metallic mineral products,material_extraction,kt,0.42326439290133855,2019,EXIOBASE v3.8.2 IOT_2016_ixi with Danish sea-transport reallocation (Rørmose Jensen & Iliev 2022)
IND,India,Asia and Pacific,Chemical,waste_generation,kt,0.42239922615975206,2019,EXIOBASE v3.8.2 IOT_2016_ixi with Danish sea-transport reallocation (Rørmose Jensen & Iliev 2022)
CYP,Cyprus,Middle East,Food and catering,waste_generation,kt,0.4214823381582836,2019,EXIOBASE v3.8.2 IOT_2016_ixi with Danish sea-transport reallocation (Rørmose Jensen & Iliev 2022)
RUS,Russia,Europe,Coal and Petroleum,material_extraction,kt,0.4209473542472148,2019,EXIOBASE v3.8.2 IOT_2016_ixi with Danish sea-transport reallocation (Rørmose Jensen & Iliev 2022)
CHE,Switzerland,Europe,Non-metallic mineral products,material_extraction,kt,0.41980921576464925,2019,EXIOBASE v3.8.2 IOT_2016_ixi with Danish sea-transport reallocation (Rørmose Jensen & Iliev 2022)
CHN,China,Asia and Pacific,Metal Products,blue_water_consumption,Mm3,0.4183136138077,2019,EXIOBASE v3.8.2 IOT_2016_ixi with Danish sea-transport reallocation (Rørmose Jensen & Iliev 2022)
AUT,Austria,Europe,Coal and Petroleum,climate_change,kt CO2eq,0.41431034995140315,2019,EXIOBASE v3.8.2 IOT_2016_ixi with Danish sea-transport reallocation (Rørmose Jensen & Iliev 2022)
AUS,Australia,Asia and Pacific,Chemical,climate_change,kt CO2eq,0.41387081645850926,2019,EXIOBASE v3.8.2 IOT_2016_ixi with Danish sea-transport reallocation (Rørmose Jensen & Iliev 2022)
GRC,Greece,Europe,Food and catering,blue_water_consumption,Mm3,0.4126949543056128,2019,EXIOBASE v3.8.2 IOT_2016_ixi with Danish sea-transport reallocation (Rørmose Jensen & Iliev 2022)
DEU,Germany,Europe,Construction,waste_generation,kt,0.40991763072494325,2019,EXIOBASE v3.8.2 IOT_2016_ixi with Danish sea-transport reallocation (Rørmose Jensen & Iliev 2022)
RUS,Russia,Europe,Food and catering,blue_water_consumption,Mm3,0.409153584317372,2019,EXIOBASE v3.8.2 IOT_2016_ixi with Danish sea-transport reallocation (Rørmose Jensen & Iliev 2022)
HUN,Hungary,Europe,Minerals and Metals,climate_change,kt CO2eq,0.4082335999245032,2019,EXIOBASE v3.8.2 IOT_2016_ixi with Danish sea-transport reallocation (Rørmose Jensen & Iliev 2022)
ESP,Spain,Europe,Services,climate_change,kt CO2eq,0.40575002932670134,2019,EXIOBASE v3.8.2 IOT_2016_ixi with Danish sea-transport reallocation (Rørmose Jensen & Iliev 2022)
JPN,Japan,Asia and Pacific,Natural gas and gaseous fuels,climate_change,kt CO2eq,0.40473667386778633,2019,EXIOBASE v3.8.2 IOT_2016_ixi with Danish sea-transport reallocation (Rørmose Jensen & Iliev 2022)
RoW Africa,RoW Africa,Africa,"Electrical, electronic and measuring equipment",climate_change,kt CO2eq,0.4003564909724712,2019,EXIOBASE v3.8.2 IOT_2016_ixi with Danish sea-transport reallocation (Rørmose Jensen & Iliev 2022)
SWE,Sweden,Europe,Food and catering,waste_generation,kt,0.39977458651201325,2019,EXIOBASE v3.8.2 IOT_2016_ixi with Danish sea-transport reallocation (Rørmose Jensen & Iliev 2022)
DEU,Germany,Europe,"Steam, hot water supply and water distribution",waste_generation,kt,0.39965496377861853,2019,EXIOBASE v3.8.2 IOT_2016_ixi with Danish sea-transport reallocation (Rørmose Jensen & Iliev 2022)
ROU,Romania,Europe,"Steam, hot water supply and water distribution",climate_change,kt CO2eq,0.39438662850703204,2019,EXIOBASE v3.8.2 IOT_2016_ixi with Danish sea-transport reallocation (Rørmose Jensen & Iliev 2022)
POL,Poland,Europe,Paper Products,waste_generation,kt,0.39386403867525727,2019,EXIOBASE v3.8.2 IOT_2016_ixi with Danish sea-transport reallocation (Rørmose Jensen & Iliev 2022)
CHE,Switzerland,Europe,Construction,material_extraction,kt,0.3925460031273154,2019,EXIOBASE v3.8.2 IOT_2016_ixi with Danish sea-transport reallocation (Rørmose Jensen & Iliev 2022)
POL,Poland,Europe,Construction,waste_generation,kt,0.39091901237649546,2019,EXIOBASE v3.8.2 IOT_2016_ixi with Danish sea-transport reallocation (Rørmose Jensen & Iliev 2022)
CZE,Czech Republic,Europe,Construction,material_extraction,kt,0.38951154338406496,2019,EXIOBASE v3.8.2 IOT_2016_ixi with Danish sea-transport reallocation (Rørmose Jensen & Iliev 2022)
IND,India,Asia and Pacific,Transport Equipment,climate_change,kt CO2eq,0.38234941665289396,2019,EXIOBASE v3.8.2 IOT_2016_ixi with Danish sea-transport reallocation (Rørmose Jensen & Iliev 2022)
NLD,Netherlands,Europe,Non-metallic mineral products,climate_change,kt CO2eq,0.38220746373012976,2019,EXIOBASE v3.8.2 IOT_2016_ixi with Danish sea-transport reallocation (Rørmose Jensen & Iliev 2022)
CAN,Canada,America,Minerals and Metals,climate_change,kt CO2eq,0.3817973649640655,2019,EXIOBASE v3.8.2 IOT_2016_ixi with Danish sea-transport reallocation (Rørmose Jensen & Iliev 2022)
BEL,Belgium,Europe,Non-metallic mineral products,material_extraction,kt,0.3814981109549821,2019,EXIOBASE v3.8.2 IOT_2016_ixi with Danish sea-transport reallocation (Rørmose Jensen & Iliev 2022)
DEU,Germany,Europe,Construction,material_extraction,kt,0.3740474953273204,2019,EXIOBASE v3.8.2 IOT_2016_ixi with Danish sea-transport reallocation (Rørmose Jensen & Iliev 2022)
RoW Asia and Pacific,RoW Asia and Pacific,Asia and Pacific,Waste management and disposal,land_use,km2,0.37304330656094,2019,EXIOBASE v3.8.2 IOT_2016_ixi with Danish sea-transport reallocation (Rørmose Jensen & Iliev 2022)
SVK,Slovakia,Europe,Transport,climate_change,kt CO2eq,0.3725949801853168,2019,EXIOBASE v3.8.2 IOT_2016_ixi with Danish sea-transport reallocation (Rørmose Jensen & Iliev 2022)
CZE,Czech Republic,Europe,Food and catering,material_extraction,kt,0.3709202455654175,2019,EXIOBASE v3.8.2 IOT_2016_ixi with Danish sea-transport reallocation (Rørmose Jensen & Iliev 2022)
AUS,Australia,Asia and Pacific,Food and catering,waste_generation,kt,0.3706543198175594,2019,EXIOBASE v3.8.2 IOT_2016_ixi with Danish sea-transport reallocation (Rørmose Jensen & Iliev 2022)
FIN,Finland,Europe,Metal Products,climate_change,kt CO2eq,0.37063412999760276,2019,EXIOBASE v3.8.2 IOT_2016_ixi with Danish sea-transport reallocation (Rørmose Jensen & Iliev 2022)
GBR,United Kingdom,Europe,Paper Products,climate_change,kt CO2eq,0.3694660292180505,2019,EXIOBASE v3.8.2 IOT_2016_ixi with Danish sea-transport reallocation (Rørmose Jensen & Iliev 2022)
RoW America,RoW America,America,Services,land_use,km2,0.3679884195026651,2019,EXIOBASE v3.8.2 IOT_2016_ixi with Danish sea-transport reallocation (Rørmose Jensen & Iliev 2022)
RoW Europe,RoW Europe,Europe,Services,land_use,km2,0.3657977220087437,2019,EXIOBASE v3.8.2 IOT_2016_ixi with Danish sea-transport reallocation (Rørmose Jensen & Iliev 2022)
RoW Africa,RoW Africa,Africa,Food and catering,material_extraction,kt,0.3638283578605553,2019,EXIOBASE v3.8.2 IOT_2016_ixi with Danish sea-transport reallocation (Rørmose Jensen & Iliev 2022)
FRA,France,Europe,Minerals and Metals,climate_change,kt CO2eq,0.3621460750453536,2019,EXIOBASE v3.8.2 IOT_2016_ixi with Danish sea-transport reallocation (Rørmose Jensen & Iliev 2022)
NOR,Norway,Europe,Services,climate_change,kt CO2eq,0.3620882725595153,2019,EXIOBASE v3.8.2 IOT_2016_ixi with Danish sea-transport reallocation (Rørmose Jensen & Iliev 2022)
ZAF,South Africa,Africa,Chemical,waste_generation,kt,0.36047578152600884,2019,EXIOBASE v3.8.2 IOT_2016_ixi with Danish sea-transport reallocation (Rørmose Jensen & Iliev 2022)
CYP,Cyprus,Middle East,Food and catering,climate_change,kt CO2eq,0.35839235951882864,2019,EXIOBASE v3.8.2 IOT_2016_ixi with Danish sea-transport reallocation (Rørmose Jensen & Iliev 2022)
AUT,Austria,Europe,Electricity,climate_change,kt CO2eq,0.35492489613426115,2019,EXIOBASE v3.8.2 IOT_2016_ixi with Danish sea-transport reallocation (Rørmose Jensen & Iliev 2022)
AUS,Australia,Asia and Pacific,Textile,climate_change,kt CO2eq,0.35228523476072654,2019,EXIOBASE v3.8.2 IOT_2016_ixi with Danish sea-transport reallocation (Rørmose Jensen & Iliev 2022)
RoW Asia and Pacific,RoW Asia and Pacific,Asia and Pacific,Waste management and disposal,waste_generation,kt,0.3515372480367615,2019,EXIOBASE v3.8.2 IOT_2016_ixi with Danish sea-transport reallocation (Rørmose Jensen & Iliev 2022)
RUS,Russia,Europe,Food and catering,waste_generation,kt,0.34942085804347356,2019,EXIOBASE v3.8.2 IOT_2016_ixi with Danish sea-transport reallocation (Rørmose Jensen & Iliev 2022)
RoW America,RoW America,America,Textile,land_use,km2,0.34899037935864363,2019,EXIOBASE v3.8.2 IOT_2016_ixi with Danish sea-transport reallocation (Rørmose Jensen & Iliev 2022)
SWE,Sweden,Europe,Electricity,waste_generation,kt,0.34888943331891575,2019,EXIOBASE v3.8.2 IOT_2016_ixi with Danish sea-transport reallocation (Rørmose Jensen & Iliev 2022)
AUT,Austria,Europe,Chemical,climate_change,kt CO2eq,0.34799538230890315,2019,EXIOBASE v3.8.2 IOT_2016_ixi with Danish sea-transport reallocation (Rørmose Jensen & Iliev 2022)
AUT,Austria,Europe,"Steam, hot water supply and water distribution",climate_change,kt CO2eq,0.34770051450951317,2019,EXIOBASE v3.8.2 IOT_2016_ixi with Danish sea-transport reallocation (Rørmose Jensen & Iliev 2022)
ITA,Italy,Europe,Minerals and Metals,climate_change,kt CO2eq,0.34765117080358526,2019,EXIOBASE v3.8.2 IOT_2016_ixi with Danish sea-transport reallocation (Rørmose Jensen & Iliev 2022)
AUS,Australia,Asia and Pacific,Minerals and Metals,climate_change,kt CO2eq,0.34762814800003167,2019,EXIOBASE v3.8.2 IOT_2016_ixi with Danish sea-transport reallocation (Rørmose Jensen & Iliev 2022)
LVA,Latvia,Europe,Chemical,climate_change,kt CO2eq,0.3475137707230466,2019,EXIOBASE v3.8.2 IOT_2016_ixi with Danish sea-transport reallocation (Rørmose Jensen & Iliev 2022)
RoW Asia and Pacific,RoW Asia and Pacific,Asia and Pacific,Coal and Petroleum,waste_generation,kt,0.3465068433238482,2019,EXIOBASE v3.8.2 IOT_2016_ixi with Danish sea-transport reallocation (Rørmose Jensen & Iliev 2022)
RoW Africa,RoW Africa,Africa,Services,land_use,km2,0.34326544332140185,2019,EXIOBASE v3.8.2 IOT_2016_ixi with Danish sea-transport reallocation (Rørmose Jensen & Iliev 2022)
AUT,Austria,Europe,Paper Products,climate_change,kt CO2eq,0.34062327676575616,2019,EXIOBASE v3.8.2 IOT_2016_ixi with Danish sea-transport reallocation (Rørmose Jensen & Iliev 2022)
GBR,United Kingdom,Europe,Coal and Petroleum,waste_generation,kt,0.34046472260996036,2019,EXIOBASE v3.8.2 IOT_2016_ixi with Danish sea-transport reallocation (Rørmose Jensen & Iliev 2022)
DEU,Germany,Europe,General and special Machinery,climate_change,kt CO2eq,0.34002673609471346,2019,EXIOBASE v3.8.2 IOT_2016_ixi with Danish sea-transport reallocation (Rørmose Jensen & Iliev 2022)
USA,United States,America,Transport Equipment,climate_change,kt CO2eq,0.3396544338207509,2019,EXIOBASE v3.8.2 IOT_2016_ixi with Danish sea-transport reallocation (Rørmose Jensen & Iliev 2022)
USA,United States,America,Furniture and timber,climate_change,kt CO2eq,0.3387208234274745,2019,EXIOBASE v3.8.2 IOT_2016_ixi with Danish sea-transport reallocation (Rørmose Jensen & Iliev 2022)
MEX,Mexico,America,Metal Products,climate_change,kt CO2eq,0.3372594156169945,2019,EXIOBASE v3.8.2 IOT_2016_ixi with Danish sea-transport reallocation (Rørmose Jensen & Iliev 2022)
RoW Asia and Pacific,RoW Asia and Pacific,Asia and Pacific,Chemical,waste_generation,kt,0.3365762787627421,2019,EXIOBASE v3.8.2 IOT_2016_ixi with Danish sea-transport reallocation (Rørmose Jensen & Iliev 2022)
USA,United States,America,Textile,climate_change,kt CO2eq,0.33223102901920976,2019,EXIOBASE v3.8.2 IOT_2016_ixi with Danish sea-transport reallocation (Rørmose Jensen & Iliev 2022)
DNK,Denmark,Denmark,Non-metallic mineral products,waste_generation,kt,0.3315114667027609,2019,EXIOBASE v3.8.2 IOT_2016_ixi with Danish sea-transport reallocation (Rørmose Jensen & Iliev 2022)
DNK,Denmark,Denmark,Construction,waste_generation,kt,0.3280255750245241,2019,EXIOBASE v3.8.2 IOT_2016_ixi with Danish sea-transport reallocation (Rørmose Jensen & Iliev 2022)
SVN,Slovenia,Europe,Waste management and disposal,climate_change,kt CO2eq,0.32769155316219345,2019,EXIOBASE v3.8.2 IOT_2016_ixi with Danish sea-transport reallocation (Rørmose Jensen & Iliev 2022)
FRA,France,Europe,"Steam, hot water supply and water distribution",climate_change,kt CO2eq,0.32752374264414363,2019,EXIOBASE v3.8.2 IOT_2016_ixi with Danish sea-transport reallocation (Rørmose Jensen & Iliev 2022)
FIN,Finland,Europe,Chemical,climate_change,kt CO2eq,0.32667399683863235,2019,EXIOBASE v3.8.2 IOT_2016_ixi with Danish sea-transport reallocation (Rørmose Jensen & Iliev 2022)
RoW America,RoW America,America,Metal Products,climate_change,kt CO2eq,0.32657228583059766,2019,EXIOBASE v3.8.2 IOT_2016_ixi with Danish sea-transport reallocation (Rørmose Jensen & Iliev 2022)
CHN,China,Asia and Pacific,Services,waste_generation,kt,0.32646045069298535,2019,EXIOBASE v3.8.2 IOT_2016_ixi with Danish sea-transport reallocation (Rørmose Jensen & Iliev 2022)
AUT,Austria,Europe,Non-metallic mineral products,climate_change,kt CO2eq,0.32443507952930195,2019,EXIOBASE v3.8.2 IOT_2016_ixi with Danish sea-transport reallocation (Rørmose Jensen & Iliev 2022)
ROU,Romania,Europe,Metal Products,climate_change,kt CO2eq,0.3237340908758918,2019,EXIOBASE v3.8.2 IOT_2016_ixi with Danish sea-transport reallocation (Rørmose Jensen & Iliev 2022)
TWN,Taiwan,Asia and Pacific,Metal Products,climate_change,kt CO2eq,0.32287943826877274,2019,EXIOBASE v3.8.2 IOT_2016_ixi with Danish sea-transport reallocation (Rørmose Jensen & Iliev 2022)
LVA,Latvia,Europe,Services,climate_change,kt CO2eq,0.3228511642933408,2019,EXIOBASE v3.8.2 IOT_2016_ixi with Danish sea-transport reallocation (Rørmose Jensen & Iliev 2022)
TWN,Taiwan,Asia and Pacific,"Electrical, electronic and measuring equipment",climate_change,kt CO2eq,0.3207038005067053,2019,EXIOBASE v3.8.2 IOT_2016_ixi with Danish sea-transport reallocation (Rørmose Jensen & Iliev 2022)
HUN,Hungary,Europe,Paper Products,climate_change,kt CO2eq,0.3179416721431909,2019,EXIOBASE v3.8.2 IOT_2016_ixi with Danish sea-transport reallocation (Rørmose Jensen & Iliev 2022)
KOR,South Korea,Asia and Pacific,"Steam, hot water supply and water distribution",climate_change,kt CO2eq,0.31760102576488014,2019,EXIOBASE v3.8.2 IOT_2016_ixi with Danish sea-transport reallocation (Rørmose Jensen & Iliev 2022)
RoW Middle East,RoW Middle East,Middle East,Natural gas and gaseous fuels,material_extraction,kt,0.3168569779484575,2019,EXIOBASE v3.8.2 IOT_2016_ixi with Danish sea-transport reallocation (Rørmose Jensen & Iliev 2022)
TWN,Taiwan,Asia and Pacific,Services,climate_change,kt CO2eq,0.31685382688241664,2019,EXIOBASE v3.8.2 IOT_2016_ixi with Danish sea-transport reallocation (Rørmose Jensen & Iliev 2022)
BGR,Bulgaria,Europe,Coal and Petroleum,climate_change,kt CO2eq,0.31571544914501737,2019,EXIOBASE v3.8.2 IOT_2016_ixi with Danish sea-transport reallocation (Rørmose Jensen & Iliev 2022)
SVK,Slovakia,Europe,Furniture and timber,land_use,km2,0.31423698877754724,2019,EXIOBASE v3.8.2 IOT_2016_ixi with Danish sea-transport reallocation (Rørmose Jensen & Iliev 2022)
NLD,Netherlands,Europe,Construction,waste_generation,kt,0.312809848861678,2019,EXIOBASE v3.8.2 IOT_2016_ixi with Danish sea-transport reallocation (Rørmose Jensen & Iliev 2022)
PRT,Portugal,Europe,Food and catering,waste_generation,kt,0.3116674341542139,2019,EXIOBASE v3.8.2 IOT_2016_ixi with Danish sea-transport reallocation (Rørmose Jensen & Iliev 2022)
BGR,Bulgaria,Europe,Services,climate_change,kt CO2eq,0.3101381410344253,2019,EXIOBASE v3.8.2 IOT_2016_ixi with Danish sea-transport reallocation (Rørmose Jensen & Iliev 2022)
LTU,Lithuania,Europe,"Steam, hot water supply and water distribution",climate_change,kt CO2eq,0.3087764195543032,2019,EXIOBASE v3.8.2 IOT_2016_ixi with Danish sea-transport reallocation (Rørmose Jensen & Iliev 2022)
CAN,Canada,America,Services,waste_generation,kt,0.3086184404161577,2019,EXIOBASE v3.8.2 IOT_2016_ixi with Danish sea-transport reallocation (Rørmose Jensen & Iliev 2022)
RoW Middle East,RoW Middle East,Middle East,Construction,climate_change,kt CO2eq,0.3082463338143819,2019,EXIOBASE v3.8.2 IOT_2016_ixi with Danish sea-transport reallocation (Rørmose Jensen & Iliev 2022)
ESP,Spain,Europe,Furniture and timber,climate_change,kt CO2eq,0.3082398933001837,2019,EXIOBASE v3.8.2 IOT_2016_ixi with Danish sea-transport reallocation (Rørmose Jensen & Iliev 2022)
GBR,United Kingdom,Europe,Electricity,waste_generation,kt,0.307724204313149,2019,EXIOBASE v3.8.2 IOT_2016_ixi with Danish sea-transport reallocation (Rørmose Jensen & Iliev 2022)
USA,United States,America,Non-metallic mineral products,material_extraction,kt,0.3055456483735291,2019,EXIOBASE v3.8.2 IOT_2016_ixi with Danish sea-transport reallocation (Rørmose Jensen & Iliev 2022)
ITA,Italy,Europe,Metal Products,waste_generation,kt,0.3043854866172838,2019,EXIOBASE v3.8.2 IOT_2016_ixi with Danish sea-transport reallocation (Rørmose Jensen & Iliev 2022)
RoW Africa,RoW Africa,Africa,Transport,land_use,km2,0.30316276515924656,2019,EXIOBASE v3.8.2 IOT_2016_ixi with Danish sea-transport reallocation (Rørmose Jensen & Iliev 2022)
SVK,Slovakia,Europe,Metal Products,material_extraction,kt,0.3016383096758099,2019,EXIOBASE v3.8.2 IOT_2016_ixi with Danish sea-transport reallocation (Rørmose Jensen & Iliev 2022)
RUS,Russia,Europe,Services,material_extraction,kt,0.3015527574339979,2019,EXIOBASE v3.8.2 IOT_2016_ixi with Danish sea-transport reallocation (Rørmose Jensen & Iliev 2022)
NLD,Netherlands,Europe,Paper Products,waste_generation,kt,0.3013089594170943,2019,EXIOBASE v3.8.2 IOT_2016_ixi with Danish sea-transport reallocation (Rørmose Jensen & Iliev 2022)
FRA,France,Europe,Food and catering,waste_generation,kt,0.29843678165728965,2019,EXIOBASE v3.8.2 IOT_2016_ixi with Danish sea-transport reallocation (Rørmose Jensen & Iliev 2022)
KOR,South Korea,Asia and Pacific,Chemical,climate_change,kt CO2eq,0.29754253466361535,2019,EXIOBASE v3.8.2 IOT_2016_ixi with Danish sea-transport reallocation (Rørmose Jensen & Iliev 2022)
FRA,France,Europe,Non-metallic mineral products,climate_change,kt CO2eq,0.2974918039673722,2019,EXIOBASE v3.8.2 IOT_2016_ixi with Danish sea-transport reallocation (Rørmose Jensen & Iliev 2022)
ROU,Romania,Europe,Natural gas and gaseous fuels,climate_change,kt CO2eq,0.2969104220146778,2019,EXIOBASE v3.8.2 IOT_2016_ixi with Danish sea-transport reallocation (Rørmose Jensen & Iliev 2022)
AUS,Australia,Asia and Pacific,Services,climate_change,kt CO2eq,0.2968635455142421,2019,EXIOBASE v3.8.2 IOT_2016_ixi with Danish sea-transport reallocation (Rørmose Jensen & Iliev 2022)
POL,Poland,Europe,Construction,material_extraction,kt,0.296117585780833,2019,EXIOBASE v3.8.2 IOT_2016_ixi with Danish sea-transport reallocation (Rørmose Jensen & Iliev 2022)
BRA,Brazil,America,Non-metallic mineral products,climate_change,kt CO2eq,0.294745404177603,2019,EXIOBASE v3.8.2 IOT_2016_ixi with Danish sea-transport reallocation (Rørmose Jensen & Iliev 2022)
ESP,Spain,Europe,Paper Products,climate_change,kt CO2eq,0.29421829038854486,2019,EXIOBASE v3.8.2 IOT_2016_ixi with Danish sea-transport reallocation (Rørmose Jensen & Iliev 2022)
NOR,Norway,Europe,Non-metallic mineral products,climate_change,kt CO2eq,0.2940540231619282,2019,EXIOBASE v3.8.2 IOT_2016_ixi with Danish sea-transport reallocation (Rørmose Jensen & Iliev 2022)
BEL,Belgium,Europe,"Electrical, electronic and measuring equipment",climate_change,kt CO2eq,0.29316811841097207,2019,EXIOBASE v3.8.2 IOT_2016_ixi with Danish sea-transport reallocation (Rørmose Jensen & Iliev 2022)
ESP,Spain,Europe,Transport,land_use,km2,0.29229402322082676,2019,EXIOBASE v3.8.2 IOT_2016_ixi with Danish sea-transport reallocation (Rørmose Jensen & Iliev 2022)
FRA,France,Europe,Food and catering,blue_water_consumption,Mm3,0.2919323960797103,2019,EXIOBASE v3.8.2 IOT_2016_ixi with Danish sea-transport reallocation (Rørmose Jensen & Iliev 2022)
MEX,Mexico,America,Food and catering,climate_change,kt CO2eq,0.2881903206436179,2019,EXIOBASE v3.8.2 IOT_2016_ixi with Danish sea-transport reallocation (Rørmose Jensen & Iliev 2022)
RoW Europe,RoW Europe,Europe,Metal Products,material_extraction,kt,0.28700623882636456,2019,EXIOBASE v3.8.2 IOT_2016_ixi with Danish sea-transport reallocation (Rørmose Jensen & Iliev 2022)
SVK,Slovakia,Europe,Services,land_use,km2,0.2866464039155247,2019,EXIOBASE v3.8.2 IOT_2016_ixi with Danish sea-transport reallocation (Rørmose Jensen & Iliev 2022)
RoW Europe,RoW Europe,Europe,Electricity,land_use,km2,0.2860284845541584,2019,EXIOBASE v3.8.2 IOT_2016_ixi with Danish sea-transport reallocation (Rørmose Jensen & Iliev 2022)
POL,Poland,Europe,Waste management and disposal,waste_generation,kt,0.28520600552535397,2019,EXIOBASE v3.8.2 IOT_2016_ixi with Danish sea-transport reallocation (Rørmose Jensen & Iliev 2022)
IDN,Indonesia,Asia and Pacific,Food and catering,waste_generation,kt,0.2848494207301733,2019,EXIOBASE v3.8.2 IOT_2016_ixi with Danish sea-transport reallocation (Rørmose Jensen & Iliev 2022)
RoW America,RoW America,America,Metal Products,material_extraction,kt,0.28372182392101714,2019,EXIOBASE v3.8.2 IOT_2016_ixi with Danish sea-transport reallocation (Rørmose Jensen & Iliev 2022)
BRA,Brazil,America,Chemical,waste_generation,kt,0.28272354136418076,2019,EXIOBASE v3.8.2 IOT_2016_ixi with Danish sea-transport reallocation (Rørmose Jensen & Iliev 2022)
SVK,Slovakia,Europe,Services,material_extraction,kt,0.28160356148881793,2019,EXIOBASE v3.8.2 IOT_2016_ixi with Danish sea-transport reallocation (Rørmose Jensen & Iliev 2022)
TWN,Taiwan,Asia and Pacific,Non-metallic mineral products,climate_change,kt CO2eq,0.2815528312977065,2019,EXIOBASE v3.8.2 IOT_2016_ixi with Danish sea-transport reallocation (Rørmose Jensen & Iliev 2022)
RoW Middle East,RoW Middle East,Middle East,Transport,material_extraction,kt,0.2792872276651827,2019,EXIOBASE v3.8.2 IOT_2016_ixi with Danish sea-transport reallocation (Rørmose Jensen & Iliev 2022)
RoW Middle East,RoW Middle East,Middle East,Chemical,waste_generation,kt,0.2771857938511294,2019,EXIOBASE v3.8.2 IOT_2016_ixi with Danish sea-transport reallocation (Rørmose Jensen & Iliev 2022)
POL,Poland,Europe,General and special Machinery,material_extraction,kt,0.2763501201574776,2019,EXIOBASE v3.8.2 IOT_2016_ixi with Danish sea-transport reallocation (Rørmose Jensen & Iliev 2022)
HUN,Hungary,Europe,Natural gas and gaseous fuels,climate_change,kt CO2eq,0.2753117575338734,2019,EXIOBASE v3.8.2 IOT_2016_ixi with Danish sea-transport reallocation (Rørmose Jensen & Iliev 2022)
AUT,Austria,Europe,Waste management and disposal,waste_generation,kt,0.2740713407730944,2019,EXIOBASE v3.8.2 IOT_2016_ixi with Danish sea-transport reallocation (Rørmose Jensen & Iliev 2022)
ZAF,South Africa,Africa,Minerals and Metals,climate_change,kt CO2eq,0.2699691841933823,2019,EXIOBASE v3.8.2 IOT_2016_ixi with Danish sea-transport reallocation (Rørmose Jensen & Iliev 2022)
CHE,Switzerland,Europe,Chemical,climate_change,kt CO2eq,0.26974072840814045,2019,EXIOBASE v3.8.2 IOT_2016_ixi with Danish sea-transport reallocation (Rørmose Jensen & Iliev 2022)
MLT,Malta,Europe,Transport,climate_change,kt CO2eq,0.26686126955773476,2019,EXIOBASE v3.8.2 IOT_2016_ixi with Danish sea-transport reallocation (Rørmose Jensen & Iliev 2022)
AUT,Austria,Europe,Food and catering,waste_generation,kt,0.26678734310734387,2019,EXIOBASE v3.8.2 IOT_2016_ixi with Danish sea-transport reallocation (Rørmose Jensen & Iliev 2022)
RoW Europe,RoW Europe,Europe,Natural gas and gaseous fuels,material_extraction,kt,0.2650683083159732,2019,EXIOBASE v3.8.2 IOT_2016_ixi with Danish sea-transport reallocation (Rørmose Jensen & Iliev 2022)
RUS,Russia,Europe,Metal Products,waste_generation,kt,0.26492094378938863,2019,EXIOBASE v3.8.2 IOT_2016_ixi with Danish sea-transport reallocation (Rørmose Jensen & Iliev 2022)
JPN,Japan,Asia and Pacific,Food and catering,climate_change,kt CO2eq,0.26152108984048883,2019,EXIOBASE v3.8.2 IOT_2016_ixi with Danish sea-transport reallocation (Rørmose Jensen & Iliev 2022)
NLD,Netherlands,Europe,Waste management and disposal,material_extraction,kt,0.2594956204395055,2019,EXIOBASE v3.8.2 IOT_2016_ixi with Danish sea-transport reallocation (Rørmose Jensen & Iliev 2022)
CHN,China,Asia and Pacific,Non-metallic mineral products,waste_generation,kt,0.25858495402997,2019,EXIOBASE v3.8.2 IOT_2016_ixi with Danish sea-transport reallocation (Rørmose Jensen & Iliev 2022)
ZAF,South Africa,Africa,Services,climate_change,kt CO2eq,0.2581847240114483,2019,EXIOBASE v3.8.2 IOT_2016_ixi with Danish sea-transport reallocation (Rørmose Jensen & Iliev 2022)
AUS,Australia,Asia and Pacific,Non-metallic mineral products,climate_change,kt CO2eq,0.2581440638209653,2019,EXIOBASE v3.8.2 IOT_2016_ixi with Danish sea-transport reallocation (Rørmose Jensen & Iliev 2022)
RoW Asia and Pacific,RoW Asia and Pacific,Asia and Pacific,Transport,waste_generation,kt,0.25675664031306744,2019,EXIOBASE v3.8.2 IOT_2016_ixi with Danish sea-transport reallocation (Rørmose Jensen & Iliev 2022)
LTU,Lithuania,Europe,Chemical,climate_change,kt CO2eq,0.2566285477458369,2019,EXIOBASE v3.8.2 IOT_2016_ixi with Danish sea-transport reallocation (Rørmose Jensen & Iliev 2022)
LVA,Latvia,Europe,Waste management and disposal,climate_change,kt CO2eq,0.25574675015792775,2019,EXIOBASE v3.8.2 IOT_2016_ixi with Danish sea-transport reallocation (Rørmose Jensen & Iliev 2022)
SWE,Sweden,Europe,Metal Products,waste_generation,kt,0.25527785451433904,2019,EXIOBASE v3.8.2 IOT_2016_ixi with Danish sea-transport reallocation (Rørmose Jensen & Iliev 2022)
RoW Africa,RoW Africa,Africa,"Steam, hot water supply and water distribution",climate_change,kt CO2eq,0.2537961321882227,2019,EXIOBASE v3.8.2 IOT_2016_ixi with Danish sea-transport reallocation (Rørmose Jensen & Iliev 2022)
SVK,Slovakia,Europe,Transport,material_extraction,kt,0.2536565553820968,2019,EXIOBASE v3.8.2 IOT_2016_ixi with Danish sea-transport reallocation (Rørmose Jensen & Iliev 2022)
BEL,Belgium,Europe,Chemical,material_extraction,kt,0.2529547355514447,2019,EXIOBASE v3.8.2 IOT_2016_ixi with Danish sea-transport reallocation (Rørmose Jensen & Iliev 2022)
FRA,France,Europe,Paper Products,climate_change,kt CO2eq,0.2528747660229457,2019,EXIOBASE v3.8.2 IOT_2016_ixi with Danish sea-transport reallocation (Rørmose Jensen & Iliev 2022)
IRL,Ireland,Europe,Metal Products,climate_change,kt CO2eq,0.25176904876460704,2019,EXIOBASE v3.8.2 IOT_2016_ixi with Danish sea-transport reallocation (Rørmose Jensen & Iliev 2022)
ZAF,South Africa,Africa,Non-metallic mineral products,climate_change,kt CO2eq,0.25130912337779954,2019,EXIOBASE v3.8.2 IOT_2016_ixi with Danish sea-transport reallocation (Rørmose Jensen & Iliev 2022)
HUN,Hungary,Europe,Non-metallic mineral products,climate_change,kt CO2eq,0.2510873608768852,2019,EXIOBASE v3.8.2 IOT_2016_ixi with Danish sea-transport reallocation (Rørmose Jensen & Iliev 2022)
CAN,Canada,America,Electricity,waste_generation,kt,0.25101925276963966,2019,EXIOBASE v3.8.2 IOT_2016_ixi with Danish sea-transport reallocation (Rørmose Jensen & Iliev 2022)
MEX,Mexico,America,Non-metallic mineral products,climate_change,kt CO2eq,0.2509469596263071,2019,EXIOBASE v3.8.2 IOT_2016_ixi with Danish sea-transport reallocation (Rørmose Jensen & Iliev 2022)
TUR,Turkey,Middle East,Minerals and Metals,climate_change,kt CO2eq,0.2500863637782998,2019,EXIOBASE v3.8.2 IOT_2016_ixi with Danish sea-transport reallocation (Rørmose Jensen & Iliev 2022)
BEL,Belgium,Europe,Construction,waste_generation,kt,0.2500633389456851,2019,EXIOBASE v3.8.2 IOT_2016_ixi with Danish sea-transport reallocation (Rørmose Jensen & Iliev 2022)
GRC,Greece,Europe,Minerals and Metals,climate_change,kt CO2eq,0.2482097620732602,2019,EXIOBASE v3.8.2 IOT_2016_ixi with Danish sea-transport reallocation (Rørmose Jensen & Iliev 2022)
JPN,Japan,Asia and Pacific,Paper Products,climate_change,kt CO2eq,0.245083924219957,2019,EXIOBASE v3.8.2 IOT_2016_ixi with Danish sea-transport reallocation (Rørmose Jensen & Iliev 2022)
CHN,China,Asia and Pacific,"Electrical, electronic and measuring equipment",blue_water_consumption,Mm3,0.2444986643044158,2019,EXIOBASE v3.8.2 IOT_2016_ixi with Danish sea-transport reallocation (Rørmose Jensen & Iliev 2022)
CHN,China,Asia and Pacific,Coal and Petroleum,waste_generation,kt,0.24207050890008697,2019,EXIOBASE v3.8.2 IOT_2016_ixi with Danish sea-transport reallocation (Rørmose Jensen & Iliev 2022)
GBR,United Kingdom,Europe,Construction,waste_generation,kt,0.24181430226612,2019,EXIOBASE v3.8.2 IOT_2016_ixi with Danish sea-transport reallocation (Rørmose Jensen & Iliev 2022)
GBR,United Kingdom,Europe,Textile,climate_change,kt CO2eq,0.2367226900146735,2019,EXIOBASE v3.8.2 IOT_2016_ixi with Danish sea-transport reallocation (Rørmose Jensen & Iliev 2022)
ESP,Spain,Europe,Chemical,waste_generation,kt,0.2339802409100928,2019,EXIOBASE v3.8.2 IOT_2016_ixi with Danish sea-transport reallocation (Rørmose Jensen & Iliev 2022)
NOR,Norway,Europe,Waste management and disposal,waste_generation,kt,0.2335376773204817,2019,EXIOBASE v3.8.2 IOT_2016_ixi with Danish sea-transport reallocation (Rørmose Jensen & Iliev 2022)
NOR,Norway,Europe,Minerals and Metals,climate_change,kt CO2eq,0.23290240146738694,2019,EXIOBASE v3.8.2 IOT_2016_ixi with Danish sea-transport reallocation (Rørmose Jensen & Iliev 2022)
RUS,Russia,Europe,Metal Products,material_extraction,kt,0.23183292317099669,2019,EXIOBASE v3.8.2 IOT_2016_ixi with Danish sea-transport reallocation (Rørmose Jensen & Iliev 2022)
AUS,Australia,Asia and Pacific,Electricity,waste_generation,kt,0.2301840591285815,2019,EXIOBASE v3.8.2 IOT_2016_ixi with Danish sea-transport reallocation (Rørmose Jensen & Iliev 2022)
KOR,South Korea,Asia and Pacific,Non-metallic mineral products,climate_change,kt CO2eq,0.22730812419479327,2019,EXIOBASE v3.8.2 IOT_2016_ixi with Danish sea-transport reallocation (Rørmose Jensen & Iliev 2022)
RoW Middle East,RoW Middle East,Middle East,"Electrical, electronic and measuring equipment",climate_change,kt CO2eq,0.22399499355806907,2019,EXIOBASE v3.8.2 IOT_2016_ixi with Danish sea-transport reallocation (Rørmose Jensen & Iliev 2022)
NLD,Netherlands,Europe,Paper Products,climate_change,kt CO2eq,0.22394626237167314,2019,EXIOBASE v3.8.2 IOT_2016_ixi with Danish sea-transport reallocation (Rørmose Jensen & Iliev 2022)
IND,India,Asia and Pacific,"Electrical, electronic and measuring equipment",climate_change,kt CO2eq,0.22365033223872516,2019,EXIOBASE v3.8.2 IOT_2016_ixi with Danish sea-transport reallocation (Rørmose Jensen & Iliev 2022)
IDN,Indonesia,Asia and Pacific,Metal Products,climate_change,kt CO2eq,0.22272226484872298,2019,EXIOBASE v3.8.2 IOT_2016_ixi with Danish sea-transport reallocation (Rørmose Jensen & Iliev 2022)
CHN,China,Asia and Pacific,"Electrical, electronic and measuring equipment",waste_generation,kt,0.22042223113040385,2019,EXIOBASE v3.8.2 IOT_2016_ixi with Danish sea-transport reallocation (Rørmose Jensen & Iliev 2022)
BEL,Belgium,Europe,Minerals and Metals,climate_change,kt CO2eq,0.22002456882492522,2019,EXIOBASE v3.8.2 IOT_2016_ixi with Danish sea-transport reallocation (Rørmose Jensen & Iliev 2022)
ESP,Spain,Europe,Paper Products,waste_generation,kt,0.21969332460094879,2019,EXIOBASE v3.8.2 IOT_2016_ixi with Danish sea-transport reallocation (Rørmose Jensen & Iliev 2022)
GRC,Greece,Europe,Metal Products,climate_change,kt CO2eq,0.21896453271185692,2019,EXIOBASE v3.8.2 IOT_2016_ixi with Danish sea-transport reallocation (Rørmose Jensen & Iliev 2022)
POL,Poland,Europe,Metal Products,waste_generation,kt,0.21890128722761443,2019,EXIOBASE v3.8.2 IOT_2016_ixi with Danish sea-transport reallocation (Rørmose Jensen & Iliev 2022)
RoW America,RoW America,America,Waste management and disposal,material_extraction,kt,0.21872927666990805,2019,EXIOBASE v3.8.2 IOT_2016_ixi with Danish sea-transport reallocation (Rørmose Jensen & Iliev 2022)
IND,India,Asia and Pacific,Paper Products,climate_change,kt CO2eq,0.21678837266427337,2019,EXIOBASE v3.8.2 IOT_2016_ixi with Danish sea-transport reallocation (Rørmose Jensen & Iliev 2022)
CHE,Switzerland,Europe,Minerals and Metals,climate_change,kt CO2eq,0.21623648390292655,2019,EXIOBASE v3.8.2 IOT_2016_ixi with Danish sea-transport reallocation (Rørmose Jensen & Iliev 2022)
RoW Africa,RoW Africa,Africa,Chemical,climate_change,kt CO2eq,0.21489211148916132,2019,EXIOBASE v3.8.2 IOT_2016_ixi with Danish sea-transport reallocation (Rørmose Jensen & Iliev 2022)
GBR,United Kingdom,Europe,Furniture and timber,climate_change,kt CO2eq,0.21257224147514966,2019,EXIOBASE v3.8.2 IOT_2016_ixi with Danish sea-transport reallocation (Rørmose Jensen & Iliev 2022)
POL,Poland,Europe,Coal and Petroleum,waste_generation,kt,0.21211586042222233,2019,EXIOBASE v3.8.2 IOT_2016_ixi with Danish sea-transport reallocation (Rørmose Jensen & Iliev 2022)
RoW Africa,RoW Africa,Africa,Waste management and disposal,land_use,km2,0.2109530497169907,2019,EXIOBASE v3.8.2 IOT_2016_ixi with Danish sea-transport reallocation (Rørmose Jensen & Iliev 2022)
LUX,Luxembourg,Europe,Services,climate_change,kt CO2eq,0.2102345471595972,2019,EXIOBASE v3.8.2 IOT_2016_ixi with Danish sea-transport reallocation (Rørmose Jensen & Iliev 2022)
HRV,Croatia,Europe,Non-metallic mineral products,climate_change,kt CO2eq,0.210023319889956,2019,EXIOBASE v3.8.2 IOT_2016_ixi with Danish sea-transport reallocation (Rørmose Jensen & Iliev 2022)
NOR,Norway,Europe,Coal and Petroleum,material_extraction,kt,0.2099739718962145,2019,EXIOBASE v3.8.2 IOT_2016_ixi with Danish sea-transport reallocation (Rørmose Jensen & Iliev 2022)
IDN,Indonesia,Asia and Pacific,Paper Products,climate_change,kt CO2eq,0.20978479656497817,2019,EXIOBASE v3.8.2 IOT_2016_ixi with Danish sea-transport reallocation (Rørmose Jensen & Iliev 2022)
CAN,Canada,America,Paper Products,waste_generation,kt,0.20965721558363365,2019,EXIOBASE v3.8.2 IOT_2016_ixi with Danish sea-transport reallocation (Rørmose Jensen & Iliev 2022)
SVN,Slovenia,Europe,Food and catering,climate_change,kt CO2eq,0.20922431322297624,2019,EXIOBASE v3.8.2 IOT_2016_ixi with Danish sea-transport reallocation (Rørmose Jensen & Iliev 2022)
LTU,Lithuania,Europe,Waste management and disposal,climate_change,kt CO2eq,0.20874062132425464,2019,EXIOBASE v3.8.2 IOT_2016_ixi with Danish sea-transport reallocation (Rørmose Jensen & Iliev 2022)
BGR,Bulgaria,Europe,Electricity,waste_generation,kt,0.2079945362709029,2019,EXIOBASE v3.8.2 IOT_2016_ixi with Danish sea-transport reallocation (Rørmose Jensen & Iliev 2022)
TWN,Taiwan,Asia and Pacific,Paper Products,climate_change,kt CO2eq,0.20722413768547324,2019,EXIOBASE v3.8.2 IOT_2016_ixi with Danish sea-transport reallocation (Rørmose Jensen & Iliev 2022)
DNK,Denmark,Denmark,Furniture and timber,waste_generation,kt,0.2058756622102813,2019,EXIOBASE v3.8.2 IOT_2016_ixi with Danish sea-transport reallocation (Rørmose Jensen & Iliev 2022)
LUX,Luxembourg,Europe,Non-metallic mineral products,climate_change,kt CO2eq,0.20566252175215016,2019,EXIOBASE v3.8.2 IOT_2016_ixi with Danish sea-transport reallocation (Rørmose Jensen & Iliev 2022)
NLD,Netherlands,Europe,Construction,climate_change,kt CO2eq,0.2045019224930622,2019,EXIOBASE v3.8.2 IOT_2016_ixi with Danish sea-transport reallocation (Rørmose Jensen & Iliev 2022)
LTU,Lithuania,Europe,Services,land_use,km2,0.2036203970521797,2019,EXIOBASE v3.8.2 IOT_2016_ixi with Danish sea-transport reallocation (Rørmose Jensen & Iliev 2022)
AUT,Austria,Europe,"Electrical, electronic and measuring equipment",climate_change,kt CO2eq,0.2033745220420878,2019,EXIOBASE v3.8.2 IOT_2016_ixi with Danish sea-transport reallocation (Rørmose Jensen & Iliev 2022)
RoW Africa,RoW Africa,Africa,Metal Products,climate_change,kt CO2eq,0.2027568583132715,2019,EXIOBASE v3.8.2 IOT_2016_ixi with Danish sea-transport reallocation (Rørmose Jensen & Iliev 2022)
CAN,Canada,America,Non-metallic mineral products,climate_change,kt CO2eq,0.20187601793909338,2019,EXIOBASE v3.8.2 IOT_2016_ixi with Danish sea-transport reallocation (Rørmose Jensen & Iliev 2022)
BEL,Belgium,Europe,Waste management and disposal,material_extraction,kt,0.20146203772221966,2019,EXIOBASE v3.8.2 IOT_2016_ixi with Danish sea-transport reallocation (Rørmose Jensen & Iliev 2022)
ITA,Italy,Europe,Food and catering,blue_water_consumption,Mm3,0.19869013411514425,2019,EXIOBASE v3.8.2 IOT_2016_ixi with Danish sea-transport reallocation (Rørmose Jensen & Iliev 2022)
RoW Asia and Pacific,RoW Asia and Pacific,Asia and Pacific,General and special Machinery,climate_change,kt CO2eq,0.19705187806969882,2019,EXIOBASE v3.8.2 IOT_2016_ixi with Danish sea-transport reallocation (Rørmose Jensen & Iliev 2022)
TWN,Taiwan,Asia and Pacific,Minerals and Metals,climate_change,kt CO2eq,0.19632521299450661,2019,EXIOBASE v3.8.2 IOT_2016_ixi with Danish sea-transport reallocation (Rørmose Jensen & Iliev 2022)
CHN,China,Asia and Pacific,Textile,waste_generation,kt,0.1961917770710625,2019,EXIOBASE v3.8.2 IOT_2016_ixi with Danish sea-transport reallocation (Rørmose Jensen & Iliev 2022)
RoW Europe,RoW Europe,Europe,Electricity,material_extraction,kt,0.1941809131240123,2019,EXIOBASE v3.8.2 IOT_2016_ixi with Danish sea-transport reallocation (Rørmose Jensen & Iliev 2022)
NOR,Norway,Europe,Chemical,waste_generation,kt,0.19361091747045614,2019,EXIOBASE v3.8.2 IOT_2016_ixi with Danish sea-transport reallocation (Rørmose Jensen & Iliev 2022)
DEU,Germany,Europe,Chemical,blue_water_consumption,Mm3,0.19359279396095067,2019,EXIOBASE v3.8.2 IOT_2016_ixi with Danish sea-transport reallocation (Rørmose Jensen & Iliev 2022)
IRL,Ireland,Europe,Waste management and disposal,climate_change,kt CO2eq,0.1935307836081032,2019,EXIOBASE v3.8.2 IOT_2016_ixi with Danish sea-transport reallocation (Rørmose Jensen & Iliev 2022)
IDN,Indonesia,Asia and Pacific,Waste management and disposal,climate_change,kt CO2eq,0.19130723287840848,2019,EXIOBASE v3.8.2 IOT_2016_ixi with Danish sea-transport reallocation (Rørmose Jensen & Iliev 2022)
PRT,Portugal,Europe,Services,climate_change,kt CO2eq,0.19122600172842683,2019,EXIOBASE v3.8.2 IOT_2016_ixi with Danish sea-transport reallocation (Rørmose Jensen & Iliev 2022)
NOR,Norway,Europe,Food and catering,waste_generation,kt,0.19080765457544435,2019,EXIOBASE v3.8.2 IOT_2016_ixi with Danish sea-transport reallocation (Rørmose Jensen & Iliev 2022)
CHE,Switzerland,Europe,Food and catering,waste_generation,kt,0.19047976668145464,2019,EXIOBASE v3.8.2 IOT_2016_ixi with Danish sea-transport reallocation (Rørmose Jensen & Iliev 2022)
RoW Europe,RoW Europe,Europe,Construction,climate_change,kt CO2eq,0.1902285735910166,2019,EXIOBASE v3.8.2 IOT_2016_ixi with Danish sea-transport reallocation (Rørmose Jensen & Iliev 2022)
RoW America,RoW America,America,Waste management and disposal,land_use,km2,0.18937350740951692,2019,EXIOBASE v3.8.2 IOT_2016_ixi with Danish sea-transport reallocation (Rørmose Jensen & Iliev 2022)
FIN,Finland,Europe,Food and catering,waste_generation,kt,0.1893237389697376,2019,EXIOBASE v3.8.2 IOT_2016_ixi with Danish sea-transport reallocation (Rørmose Jensen & Iliev 2022)
CHE,Switzerland,Europe,Furniture and timber,climate_change,kt CO2eq,0.18928895747788763,2019,EXIOBASE v3.8.2 IOT_2016_ixi with Danish sea-transport reallocation (Rørmose Jensen & Iliev 2022)
EST,Estonia,Europe,"Steam, hot water supply and water distribution",climate_change,kt CO2eq,0.18817891657500183,2019,EXIOBASE v3.8.2 IOT_2016_ixi with Danish sea-transport reallocation (Rørmose Jensen & Iliev 2022)
RoW Africa,RoW Africa,Africa,Electricity,land_use,km2,0.1881042881363449,2019,EXIOBASE v3.8.2 IOT_2016_ixi with Danish sea-transport reallocation (Rørmose Jensen & Iliev 2022)
ZAF,South Africa,Africa,Coal and Petroleum,waste_generation,kt,0.18747676504125887,2019,EXIOBASE v3.8.2 IOT_2016_ixi with Danish sea-transport reallocation (Rørmose Jensen & Iliev 2022)
RoW Asia and Pacific,RoW Asia and Pacific,Asia and Pacific,"Steam, hot water supply and water distribution",waste_generation,kt,0.18611347225038533,2019,EXIOBASE v3.8.2 IOT_2016_ixi with Danish sea-transport reallocation (Rørmose Jensen & Iliev 2022)
IND,India,Asia and Pacific,Chemical,blue_water_consumption,Mm3,0.18493423149243507,2019,EXIOBASE v3.8.2 IOT_2016_ixi with Danish sea-transport reallocation (Rørmose Jensen & Iliev 2022)
IDN,Indonesia,Asia and Pacific,Textile,climate_change,kt CO2eq,0.1848523792856229,2019,EXIOBASE v3.8.2 IOT_2016_ixi with Danish sea-transport reallocation (Rørmose Jensen & Iliev 2022)
CHE,Switzerland,Europe,Waste management and disposal,waste_generation,kt,0.1843170119567456,2019,EXIOBASE v3.8.2 IOT_2016_ixi with Danish sea-transport reallocation (Rørmose Jensen & Iliev 2022)
RUS,Russia,Europe,Furniture and timber,land_use,km2,0.18340543013793573,2019,EXIOBASE v3.8.2 IOT_2016_ixi with Danish sea-transport reallocation (Rørmose Jensen & Iliev 2022)
DNK,Denmark,Denmark,Chemical,blue_water_consumption,Mm3,0.18227749124092135,2019,EXIOBASE v3.8.2 IOT_2016_ixi with Danish sea-transport reallocation (Rørmose Jensen & Iliev 2022)
RoW America,RoW America,America,Non-metallic mineral products,material_extraction,kt,0.1822067471992771,2019,EXIOBASE v3.8.2 IOT_2016_ixi with Danish sea-transport reallocation (Rørmose Jensen & Iliev 2022)
CHN,China,Asia and Pacific,Transport Equipment,climate_change,kt CO2eq,0.18137200272796233,2019,EXIOBASE v3.8.2 IOT_2016_ixi with Danish sea-transport reallocation (Rørmose Jensen & Iliev 2022)
PRT,Portugal,Europe,Food and catering,blue_water_consumption,Mm3,0.18008054773978546,2019,EXIOBASE v3.8.2 IOT_2016_ixi with Danish sea-transport reallocation (Rørmose Jensen & Iliev 2022)
MLT,Malta,Europe,Transport,waste_generation,kt,0.17962576397214997,2019,EXIOBASE v3.8.2 IOT_2016_ixi with Danish sea-transport reallocation (Rørmose Jensen & Iliev 2022)
ITA,Italy,Europe,Paper Products,climate_change,kt CO2eq,0.17908071529339906,2019,EXIOBASE v3.8.2 IOT_2016_ixi with Danish sea-transport reallocation (Rørmose Jensen & Iliev 2022)
RUS,Russia,Europe,Furniture and timber,climate_change,kt CO2eq,0.17863293656805612,2019,EXIOBASE v3.8.2 IOT_2016_ixi with Danish sea-transport reallocation (Rørmose Jensen & Iliev 2022)
BRA,Brazil,America,Food and catering,waste_generation,kt,0.17808216676338992,2019,EXIOBASE v3.8.2 IOT_2016_ixi with Danish sea-transport reallocation (Rørmose Jensen & Iliev 2022)
ROU,Romania,Europe,Waste management and disposal,climate_change,kt CO2eq,0.17525834482633673,2019,EXIOBASE v3.8.2 IOT_2016_ixi with Danish sea-transport reallocation (Rørmose Jensen & Iliev 2022)
RoW America,RoW America,America,Furniture and timber,land_use,km2,0.17485211132483566,2019,EXIOBASE v3.8.2 IOT_2016_ixi with Danish sea-transport reallocation (Rørmose Jensen & Iliev 2022)
ITA,Italy,Europe,Metal Products,material_extraction,kt,0.17425110606035893,2019,EXIOBASE v3.8.2 IOT_2016_ixi with Danish sea-transport reallocation (Rørmose Jensen & Iliev 2022)
SVN,Slovenia,Europe,Services,land_use,km2,0.17353673586186474,2019,EXIOBASE v3.8.2 IOT_2016_ixi with Danish sea-transport reallocation (Rørmose Jensen & Iliev 2022)
LUX,Luxembourg,Europe,Minerals and Metals,material_extraction,kt,0.1735299642027385,2019,EXIOBASE v3.8.2 IOT_2016_ixi with Danish sea-transport reallocation (Rørmose Jensen & Iliev 2022)
SVN,Slovenia,Europe,Coal and Petroleum,climate_change,kt CO2eq,0.1731521033972629,2019,EXIOBASE v3.8.2 IOT_2016_ixi with Danish sea-transport reallocation (Rørmose Jensen & Iliev 2022)
GRC,Greece,Europe,Non-metallic mineral products,climate_change,kt CO2eq,0.17311260164338693,2019,EXIOBASE v3.8.2 IOT_2016_ixi with Danish sea-transport reallocation (Rørmose Jensen & Iliev 2022)
RoW Europe,RoW Europe,Europe,Metal Products,waste_generation,kt,0.1729012023407432,2019,EXIOBASE v3.8.2 IOT_2016_ixi with Danish sea-transport reallocation (Rørmose Jensen & Iliev 2022)
SWE,Sweden,Europe,Natural gas and gaseous fuels,climate_change,kt CO2eq,0.17204381736148588,2019,EXIOBASE v3.8.2 IOT_2016_ixi with Danish sea-transport reallocation (Rørmose Jensen & Iliev 2022)
RoW America,RoW America,America,Paper Products,climate_change,kt CO2eq,0.1719745985402915,2019,EXIOBASE v3.8.2 IOT_2016_ixi with Danish sea-transport reallocation (Rørmose Jensen & Iliev 2022)
SVK,Slovakia,Europe,Food and catering,waste_generation,kt,0.17185139872776695,2019,EXIOBASE v3.8.2 IOT_2016_ixi with Danish sea-transport reallocation (Rørmose Jensen & Iliev 2022)
FIN,Finland,Europe,Natural gas and gaseous fuels,climate_change,kt CO2eq,0.17145856123039696,2019,EXIOBASE v3.8.2 IOT_2016_ixi with Danish sea-transport reallocation (Rørmose Jensen & Iliev 2022)
ROU,Romania,Europe,Non-metallic mineral products,climate_change,kt CO2eq,0.16955893594258434,2019,EXIOBASE v3.8.2 IOT_2016_ixi with Danish sea-transport reallocation (Rørmose Jensen & Iliev 2022)
RUS,Russia,Europe,"Electrical, electronic and measuring equipment",climate_change,kt CO2eq,0.16933188989410197,2019,EXIOBASE v3.8.2 IOT_2016_ixi with Danish sea-transport reallocation (Rørmose Jensen & Iliev 2022)
RUS,Russia,Europe,Furniture and timber,waste_generation,kt,0.16905109110350983,2019,EXIOBASE v3.8.2 IOT_2016_ixi with Danish sea-transport reallocation (Rørmose Jensen & Iliev 2022)
HRV,Croatia,Europe,Coal and Petroleum,waste_generation,kt,0.1689199114413342,2019,EXIOBASE v3.8.2 IOT_2016_ixi with Danish sea-transport reallocation (Rørmose Jensen & Iliev 2022)
EST,Estonia,Europe,Food and catering,waste_generation,kt,0.16886882380946822,2019,EXIOBASE v3.8.2 IOT_2016_ixi with Danish sea-transport reallocation (Rørmose Jensen & Iliev 2022)
RoW America,RoW America,America,Chemical,waste_generation,kt,0.16845284328264548,2019,EXIOBASE v3.8.2 IOT_2016_ixi with Danish sea-transport reallocation (Rørmose Jensen & Iliev 2022)
JPN,Japan,Asia and Pacific,"Electrical, electronic and measuring equipment",climate_change,kt CO2eq,0.1668936407574808,2019,EXIOBASE v3.8.2 IOT_2016_ixi with Danish sea-transport reallocation (Rørmose Jensen & Iliev 2022)
RoW America,RoW America,America,Electricity,material_extraction,kt,0.16665582090714803,2019,EXIOBASE v3.8.2 IOT_2016_ixi with Danish sea-transport reallocation (Rørmose Jensen & Iliev 2022)
CYP,Cyprus,Middle East,Waste management and disposal,climate_change,kt CO2eq,0.1639135410924299,2019,EXIOBASE v3.8.2 IOT_2016_ixi with Danish sea-transport reallocation (Rørmose Jensen & Iliev 2022)
BRA,Brazil,America,Food and catering,blue_water_consumption,Mm3,0.16386984351315786,2019,EXIOBASE v3.8.2 IOT_2016_ixi with Danish sea-transport reallocation (Rørmose Jensen & Iliev 2022)
BRA,Brazil,America,Metal Products,material_extraction,kt,0.16378855589433414,2019,EXIOBASE v3.8.2 IOT_2016_ixi with Danish sea-transport reallocation (Rørmose Jensen & Iliev 2022)
RoW Asia and Pacific,RoW Asia and Pacific,Asia and Pacific,Electricity,material_extraction,kt,0.16375291426603608,2019,EXIOBASE v3.8.2 IOT_2016_ixi with Danish sea-transport reallocation (Rørmose Jensen & Iliev 2022)
CZE,Czech Republic,Europe,Minerals and Metals,climate_change,kt CO2eq,0.16316444134170227,2019,EXIOBASE v3.8.2 IOT_2016_ixi with Danish sea-transport reallocation (Rørmose Jensen & Iliev 2022)
ESP,Spain,Europe,Minerals and Metals,climate_change,kt CO2eq,0.16298733811799382,2019,EXIOBASE v3.8.2 IOT_2016_ixi with Danish sea-transport reallocation (Rørmose Jensen & Iliev 2022)
ZAF,South Africa,Africa,Food and catering,waste_generation,kt,0.16256980070013255,2019,EXIOBASE v3.8.2 IOT_2016_ixi with Danish sea-transport reallocation (Rørmose Jensen & Iliev 2022)
DNK,Denmark,Denmark,Coal and Petroleum,waste_generation,kt,0.1624882446757537,2019,EXIOBASE v3.8.2 IOT_2016_ixi with Danish sea-transport reallocation (Rørmose Jensen & Iliev 2022)
GLO,Unallocated,Unallocated,Private travel,blue_water_consumption,Mm3,0.1624,2019,EXIOBASE v3.8.2 IOT_2016_ixi with Danish sea-transport reallocation (Rørmose Jensen & Iliev 2022)
CAN,Canada,America,Chemical,waste_generation,kt,0.16214794702261165,2019,EXIOBASE v3.8.2 IOT_2016_ixi with Danish sea-transport reallocation (Rørmose Jensen & Iliev 2022)
FIN,Finland,Europe,Waste management and disposal,waste_generation,kt,0.16120842375661062,2019,EXIOBASE v3.8.2 IOT_2016_ixi with Danish sea-transport reallocation (Rørmose Jensen & Iliev 2022)
RoW Africa,RoW Africa,Africa,Construction,climate_change,kt CO2eq,0.1606695126206822,2019,EXIOBASE v3.8.2 IOT_2016_ixi with Danish sea-transport reallocation (Rørmose Jensen & Iliev 2022)
AUT,Austria,Europe,Chemical,waste_generation,kt,0.15946402834883872,2019,EXIOBASE v3.8.2 IOT_2016_ixi with Danish sea-transport reallocation (Rørmose Jensen & Iliev 2022)
BEL,Belgium,Europe,Chemical,waste_generation,kt,0.15895390616730876,2019,EXIOBASE v3.8.2 IOT_2016_ixi with Danish sea-transport reallocation (Rørmose Jensen & Iliev 2022)
HUN,Hungary,Europe,Metal Products,climate_change,kt CO2eq,0.15862594498174426,2019,EXIOBASE v3.8.2 IOT_2016_ixi with Danish sea-transport reallocation (Rørmose Jensen & Iliev 2022)
GBR,United Kingdom,Europe,Transport Equipment,climate_change,kt CO2eq,0.1573512219382271,2019,EXIOBASE v3.8.2 IOT_2016_ixi with Danish sea-transport reallocation (Rørmose Jensen & Iliev 2022)
FRA,France,Europe,Waste management and disposal,waste_generation,kt,0.15695246950992295,2019,EXIOBASE v3.8.2 IOT_2016_ixi with Danish sea-transport reallocation (Rørmose Jensen & Iliev 2022)
RUS,Russia,Europe,"Steam, hot water supply and water distribution",waste_generation,kt,0.15667208571181238,2019,EXIOBASE v3.8.2 IOT_2016_ixi with Danish sea-transport reallocation (Rørmose Jensen & Iliev 2022)
POL,Poland,Europe,Coal and Petroleum,material_extraction,kt,0.15612598425516344,2019,EXIOBASE v3.8.2 IOT_2016_ixi with Danish sea-transport reallocation (Rørmose Jensen & Iliev 2022)
SVN,Slovenia,Europe,Non-metallic mineral products,climate_change,kt CO2eq,0.15562498617606543,2019,EXIOBASE v3.8.2 IOT_2016_ixi with Danish sea-transport reallocation (Rørmose Jensen & Iliev 2022)
RoW Asia and Pacific,RoW Asia and Pacific,Asia and Pacific,Transport Equipment,climate_change,kt CO2eq,0.15560173677186254,2019,EXIOBASE v3.8.2 IOT_2016_ixi with Danish sea-transport reallocation (Rørmose Jensen & Iliev 2022)
LVA,Latvia,Europe,Metal Products,climate_change,kt CO2eq,0.1554246824157329,2019,EXIOBASE v3.8.2 IOT_2016_ixi with Danish sea-transport reallocation (Rørmose Jensen & Iliev 2022)
BGR,Bulgaria,Europe,Food and catering,waste_generation,kt,0.15501099526007336,2019,EXIOBASE v3.8.2 IOT_2016_ixi with Danish sea-transport reallocation (Rørmose Jensen & Iliev 2022)
SWE,Sweden,Europe,Construction,waste_generation,kt,0.1548711431677535,2019,EXIOBASE v3.8.2 IOT_2016_ixi with Danish sea-transport reallocation (Rørmose Jensen & Iliev 2022)
POL,Poland,Europe,Services,land_use,km2,0.15481033167234406,2019,EXIOBASE v3.8.2 IOT_2016_ixi with Danish sea-transport reallocation (Rørmose Jensen & Iliev 2022)
RoW Asia and Pacific,RoW Asia and Pacific,Asia and Pacific,Coal and Petroleum,material_extraction,kt,0.15474734010242802,2019,EXIOBASE v3.8.2 IOT_2016_ixi with Danish sea-transport reallocation (Rørmose Jensen & Iliev 2022)
CAN,Canada,America,Paper Products,climate_change,kt CO2eq,0.15460948111102443,2019,EXIOBASE v3.8.2 IOT_2016_ixi with Danish sea-transport reallocation (Rørmose Jensen & Iliev 2022)
RoW Europe,RoW Europe,Europe,"Electrical, electronic and measuring equipment",material_extraction,kt,0.15457403370976677,2019,EXIOBASE v3.8.2 IOT_2016_ixi with Danish sea-transport reallocation (Rørmose Jensen & Iliev 2022)
MEX,Mexico,America,Food and catering,blue_water_consumption,Mm3,0.15437187477231942,2019,EXIOBASE v3.8.2 IOT_2016_ixi with Danish sea-transport reallocation (Rørmose Jensen & Iliev 2022)
NLD,Netherlands,Europe,Food and catering,blue_water_consumption,Mm3,0.1541814084254048,2019,EXIOBASE v3.8.2 IOT_2016_ixi with Danish sea-transport reallocation (Rørmose Jensen & Iliev 2022)
POL,Poland,Europe,Food and catering,material_extraction,kt,0.15300649314558082,2019,EXIOBASE v3.8.2 IOT_2016_ixi with Danish sea-transport reallocation (Rørmose Jensen & Iliev 2022)
GBR,United Kingdom,Europe,Food and catering,waste_generation,kt,0.15294485320816947,2019,EXIOBASE v3.8.2 IOT_2016_ixi with Danish sea-transport reallocation (Rørmose Jensen & Iliev 2022)
BGR,Bulgaria,Europe,Transport,land_use,km2,0.15254505591869394,2019,EXIOBASE v3.8.2 IOT_2016_ixi with Danish sea-transport reallocation (Rørmose Jensen & Iliev 2022)
RoW Africa,RoW Africa,Africa,Construction,waste_generation,kt,0.1522823512756091,2019,EXIOBASE v3.8.2 IOT_2016_ixi with Danish sea-transport reallocation (Rørmose Jensen & Iliev 2022)
BGR,Bulgaria,Europe,Transport,material_extraction,kt,0.15198373582688687,2019,EXIOBASE v3.8.2 IOT_2016_ixi with Danish sea-transport reallocation (Rørmose Jensen & Iliev 2022)
ESP,Spain,Europe,Transport Equipment,climate_change,kt CO2eq,0.15135822254883674,2019,EXIOBASE v3.8.2 IOT_2016_ixi with Danish sea-transport reallocation (Rørmose Jensen & Iliev 2022)
KOR,South Korea,Asia and Pacific,Electricity,waste_generation,kt,0.15127938942244018,2019,EXIOBASE v3.8.2 IOT_2016_ixi with Danish sea-transport reallocation (Rørmose Jensen & Iliev 2022)
FIN,Finland,Europe,Services,climate_change,kt CO2eq,0.1511021134474068,2019,EXIOBASE v3.8.2 IOT_2016_ixi with Danish sea-transport reallocation (Rørmose Jensen & Iliev 2022)
FRA,France,Europe,Electricity,waste_generation,kt,0.14991639343255253,2019,EXIOBASE v3.8.2 IOT_2016_ixi with Danish sea-transport reallocation (Rørmose Jensen & Iliev 2022)
RoW Middle East,RoW Middle East,Middle East,Paper Products,climate_change,kt CO2eq,0.14979701512904423,2019,EXIOBASE v3.8.2 IOT_2016_ixi with Danish sea-transport reallocation (Rørmose Jensen & Iliev 2022)
HRV,Croatia,Europe,Natural gas and gaseous fuels,climate_change,kt CO2eq,0.14956441572405177,2019,EXIOBASE v3.8.2 IOT_2016_ixi with Danish sea-transport reallocation (Rørmose Jensen & Iliev 2022)
BEL,Belgium,Europe,Textile,climate_change,kt CO2eq,0.14887638791581498,2019,EXIOBASE v3.8.2 IOT_2016_ixi with Danish sea-transport reallocation (Rørmose Jensen & Iliev 2022)
AUT,Austria,Europe,Services,material_extraction,kt,0.14835876924232072,2019,EXIOBASE v3.8.2 IOT_2016_ixi with Danish sea-transport reallocation (Rørmose Jensen & Iliev 2022)
POL,Poland,Europe,Food and catering,blue_water_consumption,Mm3,0.14825744437716445,2019,EXIOBASE v3.8.2 IOT_2016_ixi with Danish sea-transport reallocation (Rørmose Jensen & Iliev 2022)
IND,India,Asia and Pacific,Paper Products,material_extraction,kt,0.1482460679548997,2019,EXIOBASE v3.8.2 IOT_2016_ixi with Danish sea-transport reallocation (Rørmose Jensen & Iliev 2022)
USA,United States,America,General and special Machinery,climate_change,kt CO2eq,0.1470080044261075,2019,EXIOBASE v3.8.2 IOT_2016_ixi with Danish sea-transport reallocation (Rørmose Jensen & Iliev 2022)
RoW America,RoW America,America,Food and catering,material_extraction,kt,0.14668678653103634,2019,EXIOBASE v3.8.2 IOT_2016_ixi with Danish sea-transport reallocation (Rørmose Jensen & Iliev 2022)
IRL,Ireland,Europe,Waste management and disposal,waste_generation,kt,0.1466215004866529,2019,EXIOBASE v3.8.2 IOT_2016_ixi with Danish sea-transport reallocation (Rørmose Jensen & Iliev 2022)
RoW Asia and Pacific,RoW Asia and Pacific,Asia and Pacific,Paper Products,land_use,km2,0.1463811878144435,2019,EXIOBASE v3.8.2 IOT_2016_ixi with Danish sea-transport reallocation (Rørmose Jensen & Iliev 2022)
LVA,Latvia,Europe,Waste management and disposal,material_extraction,kt,0.14517425388012245,2019,EXIOBASE v3.8.2 IOT_2016_ixi with Danish sea-transport reallocation (Rørmose Jensen & Iliev 2022)
HRV,Croatia,Europe,Metal Products,climate_change,kt CO2eq,0.14476982307574734,2019,EXIOBASE v3.8.2 IOT_2016_ixi with Danish sea-transport reallocation (Rørmose Jensen & Iliev 2022)
AUS,Australia,Asia and Pacific,Textile,land_use,km2,0.143663403533764,2019,EXIOBASE v3.8.2 IOT_2016_ixi with Danish sea-transport reallocation (Rørmose Jensen & Iliev 2022)
HRV,Croatia,Europe,Services,climate_change,kt CO2eq,0.14348986124268753,2019,EXIOBASE v3.8.2 IOT_2016_ixi with Danish sea-transport reallocation (Rørmose Jensen & Iliev 2022)
RoW Africa,RoW Africa,Africa,Chemical,waste_generation,kt,0.1431635385001711,2019,EXIOBASE v3.8.2 IOT_2016_ixi with Danish sea-transport reallocation (Rørmose Jensen & Iliev 2022)
BEL,Belgium,Europe,Services,material_extraction,kt,0.14241237252850744,2019,EXIOBASE v3.8.2 IOT_2016_ixi with Danish sea-transport reallocation (Rørmose Jensen & Iliev 2022)
HRV,Croatia,Europe,Chemical,climate_change,kt CO2eq,0.1420035877979684,2019,EXIOBASE v3.8.2 IOT_2016_ixi with Danish sea-transport reallocation (Rørmose Jensen & Iliev 2022)
FIN,Finland,Europe,Services,waste_generation,kt,0.14185264196981728,2019,EXIOBASE v3.8.2 IOT_2016_ixi with Danish sea-transport reallocation (Rørmose Jensen & Iliev 2022)
GBR,United Kingdom,Europe,Metal Products,waste_generation,kt,0.14156409779531715,2019,EXIOBASE v3.8.2 IOT_2016_ixi with Danish sea-transport reallocation (Rørmose Jensen & Iliev 2022)
FIN,Finland,Europe,Metal Products,material_extraction,kt,0.14101090735346275,2019,EXIOBASE v3.8.2 IOT_2016_ixi with Danish sea-transport reallocation (Rørmose Jensen & Iliev 2022)
LTU,Lithuania,Europe,Services,climate_change,kt CO2eq,0.14088703458299856,2019,EXIOBASE v3.8.2 IOT_2016_ixi with Danish sea-transport reallocation (Rørmose Jensen & Iliev 2022)
FIN,Finland,Europe,Minerals and Metals,climate_change,kt CO2eq,0.1404134913208712,2019,EXIOBASE v3.8.2 IOT_2016_ixi with Danish sea-transport reallocation (Rørmose Jensen & Iliev 2022)
ROU,Romania,Europe,Food and catering,waste_generation,kt,0.14030831704280772,2019,EXIOBASE v3.8.2 IOT_2016_ixi with Danish sea-transport reallocation (Rørmose Jensen & Iliev 2022)
RoW Africa,RoW Africa,Africa,Textile,climate_change,kt CO2eq,0.14018922779790746,2019,EXIOBASE v3.8.2 IOT_2016_ixi with Danish sea-transport reallocation (Rørmose Jensen & Iliev 2022)
LVA,Latvia,Europe,Non-metallic mineral products,climate_change,kt CO2eq,0.13976535252603703,2019,EXIOBASE v3.8.2 IOT_2016_ixi with Danish sea-transport reallocation (Rørmose Jensen & Iliev 2022)
FRA,France,Europe,Metal Products,waste_generation,kt,0.13870419318549895,2019,EXIOBASE v3.8.2 IOT_2016_ixi with Danish sea-transport reallocation (Rørmose Jensen & Iliev 2022)
ITA,Italy,Europe,"Electrical, electronic and measuring equipment",climate_change,kt CO2eq,0.13813156117213665,2019,EXIOBASE v3.8.2 IOT_2016_ixi with Danish sea-transport reallocation (Rørmose Jensen & Iliev 2022)
EST,Estonia,Europe,Services,climate_change,kt CO2eq,0.13799601888135168,2019,EXIOBASE v3.8.2 IOT_2016_ixi with Danish sea-transport reallocation (Rørmose Jensen & Iliev 2022)
RoW Europe,RoW Europe,Europe,Textile,climate_change,kt CO2eq,0.13771488970453177,2019,EXIOBASE v3.8.2 IOT_2016_ixi with Danish sea-transport reallocation (Rørmose Jensen & Iliev 2022)
CZE,Czech Republic,Europe,Paper Products,climate_change,kt CO2eq,0.13711686243890137,2019,EXIOBASE v3.8.2 IOT_2016_ixi with Danish sea-transport reallocation (Rørmose Jensen & Iliev 2022)
ESP,Spain,Europe,Metal Products,waste_generation,kt,0.13677461987902695,2019,EXIOBASE v3.8.2 IOT_2016_ixi with Danish sea-transport reallocation (Rørmose Jensen & Iliev 2022)
CZE,Czech Republic,Europe,Electricity,waste_generation,kt,0.13672284274975294,2019,EXIOBASE v3.8.2 IOT_2016_ixi with Danish sea-transport reallocation (Rørmose Jensen & Iliev 2022)
USA,United States,America,Food and catering,waste_generation,kt,0.1359893250417096,2019,EXIOBASE v3.8.2 IOT_2016_ixi with Danish sea-transport reallocation (Rørmose Jensen & Iliev 2022)
SVK,Slovakia,Europe,"Electrical, electronic and measuring equipment",climate_change,kt CO2eq,0.13439852439953867,2019,EXIOBASE v3.8.2 IOT_2016_ixi with Danish sea-transport reallocation (Rørmose Jensen & Iliev 2022)
SWE,Sweden,Europe,Chemical,waste_generation,kt,0.13350984178480113,2019,EXIOBASE v3.8.2 IOT_2016_ixi with Danish sea-transport reallocation (Rørmose Jensen & Iliev 2022)
LTU,Lithuania,Europe,Non-metallic mineral products,climate_change,kt CO2eq,0.1333046396778379,2019,EXIOBASE v3.8.2 IOT_2016_ixi with Danish sea-transport reallocation (Rørmose Jensen & Iliev 2022)
GBR,United Kingdom,Europe,General and special Machinery,climate_change,kt CO2eq,0.13296818097355761,2019,EXIOBASE v3.8.2 IOT_2016_ixi with Danish sea-transport reallocation (Rørmose Jensen & Iliev 2022)
RoW Africa,RoW Africa,Africa,Minerals and Metals,land_use,km2,0.13161231189140593,2019,EXIOBASE v3.8.2 IOT_2016_ixi with Danish sea-transport reallocation (Rørmose Jensen & Iliev 2022)
CHE,Switzerland,Europe,Services,land_use,km2,0.13128452029032867,2019,EXIOBASE v3.8.2 IOT_2016_ixi with Danish sea-transport reallocation (Rørmose Jensen & Iliev 2022)
BRA,Brazil,America,Natural gas and gaseous fuels,climate_change,kt CO2eq,0.13108504894517176,2019,EXIOBASE v3.8.2 IOT_2016_ixi with Danish sea-transport reallocation (Rørmose Jensen & Iliev 2022)
FRA,France,Europe,Paper Products,waste_generation,kt,0.130987963296912,2019,EXIOBASE v3.8.2 IOT_2016_ixi with Danish sea-transport reallocation (Rørmose Jensen & Iliev 2022)
RoW Middle East,RoW Middle East,Middle East,Metal Products,material_extraction,kt,0.1307601778548856,2019,EXIOBASE v3.8.2 IOT_2016_ixi with Danish sea-transport reallocation (Rørmose Jensen & Iliev 2022)
RoW Middle East,RoW Middle East,Middle East,General and special Machinery,climate_change,kt CO2eq,0.12879606989768888,2019,EXIOBASE v3.8.2 IOT_2016_ixi with Danish sea-transport reallocation (Rørmose Jensen & Iliev 2022)
PRT,Portugal,Europe,Paper Products,climate_change,kt CO2eq,0.12874853557536772,2019,EXIOBASE v3.8.2 IOT_2016_ixi with Danish sea-transport reallocation (Rørmose Jensen & Iliev 2022)
RoW Asia and Pacific,RoW Asia and Pacific,Asia and Pacific,Non-metallic mineral products,material_extraction,kt,0.12687189677480332,2019,EXIOBASE v3.8.2 IOT_2016_ixi with Danish sea-transport reallocation (Rørmose Jensen & Iliev 2022)
KOR,South Korea,Asia and Pacific,Paper Products,climate_change,kt CO2eq,0.12684603519077403,2019,EXIOBASE v3.8.2 IOT_2016_ixi with Danish sea-transport reallocation (Rørmose Jensen & Iliev 2022)
FIN,Finland,Europe,Non-metallic mineral products,climate_change,kt CO2eq,0.12678183186653522,2019,EXIOBASE v3.8.2 IOT_2016_ixi with Danish sea-transport reallocation (Rørmose Jensen & Iliev 2022)
BRA,Brazil,America,Paper Products,climate_change,kt CO2eq,0.12655253912777983,2019,EXIOBASE v3.8.2 IOT_2016_ixi with Danish sea-transport reallocation (Rørmose Jensen & Iliev 2022)
BEL,Belgium,Europe,Natural gas and gaseous fuels,climate_change,kt CO2eq,0.12613004511964965,2019,EXIOBASE v3.8.2 IOT_2016_ixi with Danish sea-transport reallocation (Rørmose Jensen & Iliev 2022)
FIN,Finland,Europe,Chemical,material_extraction,kt,0.12599829269773893,2019,EXIOBASE v3.8.2 IOT_2016_ixi with Danish sea-transport reallocation (Rørmose Jensen & Iliev 2022)
RoW Asia and Pacific,RoW Asia and Pacific,Asia and Pacific,Metal Products,material_extraction,kt,0.12446536866347307,2019,EXIOBASE v3.8.2 IOT_2016_ixi with Danish sea-transport reallocation (Rørmose Jensen & Iliev 2022)
CZE,Czech Republic,Europe,Chemical,waste_generation,kt,0.12422858254278982,2019,EXIOBASE v3.8.2 IOT_2016_ixi with Danish sea-transport reallocation (Rørmose Jensen & Iliev 2022)
RoW Asia and Pacific,RoW Asia and Pacific,Asia and Pacific,Natural gas and gaseous fuels,material_extraction,kt,0.12421922226274659,2019,EXIOBASE v3.8.2 IOT_2016_ixi with Danish sea-transport reallocation (Rørmose Jensen & Iliev 2022)
BGR,Bulgaria,Europe,Furniture and timber,land_use,km2,0.12379027885441174,2019,EXIOBASE v3.8.2 IOT_2016_ixi with Danish sea-transport reallocation (Rørmose Jensen & Iliev 2022)
DNK,Denmark,Denmark,Textile,climate_change,kt CO2eq,0.12342630106577814,2019,EXIOBASE v3.8.2 IOT_2016_ixi with Danish sea-transport reallocation (Rørmose Jensen & Iliev 2022)
GRC,Greece,Europe,Services,climate_change,kt CO2eq,0.12290988709689021,2019,EXIOBASE v3.8.2 IOT_2016_ixi with Danish sea-transport reallocation (Rørmose Jensen & Iliev 2022)
GRC,Greece,Europe,Chemical,climate_change,kt CO2eq,0.12286134126675155,2019,EXIOBASE v3.8.2 IOT_2016_ixi with Danish sea-transport reallocation (Rørmose Jensen & Iliev 2022)
DEU,Germany,Europe,Furniture and timber,climate_change,kt CO2eq,0.12282147287205983,2019,EXIOBASE v3.8.2 IOT_2016_ixi with Danish sea-transport reallocation (Rørmose Jensen & Iliev 2022)
LVA,Latvia,Europe,Food and catering,waste_generation,kt,0.12254547090452217,2019,EXIOBASE v3.8.2 IOT_2016_ixi with Danish sea-transport reallocation (Rørmose Jensen & Iliev 2022)
NOR,Norway,Europe,"Steam, hot water supply and water distribution",climate_change,kt CO2eq,0.12248223538319716,2019,EXIOBASE v3.8.2 IOT_2016_ixi with Danish sea-transport reallocation (Rørmose Jensen & Iliev 2022)
IDN,Indonesia,Asia and Pacific,Non-metallic mineral products,climate_change,kt CO2eq,0.12217063081331275,2019,EXIOBASE v3.8.2 IOT_2016_ixi with Danish sea-transport reallocation (Rørmose Jensen & Iliev 2022)
DEU,Germany,Europe,Textile,climate_change,kt CO2eq,0.12163979821418494,2019,EXIOBASE v3.8.2 IOT_2016_ixi with Danish sea-transport reallocation (Rørmose Jensen & Iliev 2022)
SVN,Slovenia,Europe,Services,climate_change,kt CO2eq,0.12072587652604751,2019,EXIOBASE v3.8.2 IOT_2016_ixi with Danish sea-transport reallocation (Rørmose Jensen & Iliev 2022)
LUX,Luxembourg,Europe,Waste management and disposal,climate_change,kt CO2eq,0.11955606408041758,2019,EXIOBASE v3.8.2 IOT_2016_ixi with Danish sea-transport reallocation (Rørmose Jensen & Iliev 2022)
POL,Poland,Europe,Furniture and timber,material_extraction,kt,0.11950952121041139,2019,EXIOBASE v3.8.2 IOT_2016_ixi with Danish sea-transport reallocation (Rørmose Jensen & Iliev 2022)
SVN,Slovenia,Europe,Food and catering,waste_generation,kt,0.11805073212823733,2019,EXIOBASE v3.8.2 IOT_2016_ixi with Danish sea-transport reallocation (Rørmose Jensen & Iliev 2022)
HRV,Croatia,Europe,"Electrical, electronic and measuring equipment",climate_change,kt CO2eq,0.11764463496394624,2019,EXIOBASE v3.8.2 IOT_2016_ixi with Danish sea-transport reallocation (Rørmose Jensen & Iliev 2022)
SWE,Sweden,Europe,Furniture and timber,climate_change,kt CO2eq,0.1173433396792968,2019,EXIOBASE v3.8.2 IOT_2016_ixi with Danish sea-transport reallocation (Rørmose Jensen & Iliev 2022)
DEU,Germany,Europe,Natural gas and gaseous fuels,waste_generation,kt,0.11732568507832204,2019,EXIOBASE v3.8.2 IOT_2016_ixi with Danish sea-transport reallocation (Rørmose Jensen & Iliev 2022)
POL,Poland,Europe,Furniture and timber,climate_change,kt CO2eq,0.11669690894629123,2019,EXIOBASE v3.8.2 IOT_2016_ixi with Danish sea-transport reallocation (Rørmose Jensen & Iliev 2022)
JPN,Japan,Asia and Pacific,Metal Products,waste_generation,kt,0.11532388574108557,2019,EXIOBASE v3.8.2 IOT_2016_ixi with Danish sea-transport reallocation (Rørmose Jensen & Iliev 2022)
RUS,Russia,Europe,Services,land_use,km2,0.11526913995402398,2019,EXIOBASE v3.8.2 IOT_2016_ixi with Danish sea-transport reallocation (Rørmose Jensen & Iliev 2022)
KOR,South Korea,Asia and Pacific,Minerals and Metals,climate_change,kt CO2eq,0.11466444203479265,2019,EXIOBASE v3.8.2 IOT_2016_ixi with Danish sea-transport reallocation (Rørmose Jensen & Iliev 2022)
KOR,South Korea,Asia and Pacific,Metal Products,waste_generation,kt,0.11405884212967239,2019,EXIOBASE v3.8.2 IOT_2016_ixi with Danish sea-transport reallocation (Rørmose Jensen & Iliev 2022)
DEU,Germany,Europe,Food and catering,material_extraction,kt,0.11347399453320647,2019,EXIOBASE v3.8.2 IOT_2016_ixi with Danish sea-transport reallocation (Rørmose Jensen & Iliev 2022)
RUS,Russia,Europe,Electricity,waste_generation,kt,0.11300371056184191,2019,EXIOBASE v3.8.2 IOT_2016_ixi with Danish sea-transport reallocation (Rørmose Jensen & Iliev 2022)
RoW Africa,RoW Africa,Africa,Waste management and disposal,waste_generation,kt,0.11258260816112074,2019,EXIOBASE v3.8.2 IOT_2016_ixi with Danish sea-transport reallocation (Rørmose Jensen & Iliev 2022)
CZE,Czech Republic,Europe,Food and catering,waste_generation,kt,0.11243777447222209,2019,EXIOBASE v3.8.2 IOT_2016_ixi with Danish sea-transport reallocation (Rørmose Jensen & Iliev 2022)
RoW Europe,RoW Europe,Europe,Waste management and disposal,material_extraction,kt,0.11242893080981581,2019,EXIOBASE v3.8.2 IOT_2016_ixi with Danish sea-transport reallocation (Rørmose Jensen & Iliev 2022)
CHN,China,Asia and Pacific,General and special Machinery,waste_generation,kt,0.11182828944184177,2019,EXIOBASE v3.8.2 IOT_2016_ixi with Danish sea-transport reallocation (Rørmose Jensen & Iliev 2022)
RoW America,RoW America,America,Electricity,land_use,km2,0.11158224737841382,2019,EXIOBASE v3.8.2 IOT_2016_ixi with Danish sea-transport reallocation (Rørmose Jensen & Iliev 2022)
IND,India,Asia and Pacific,Metal Products,waste_generation,kt,0.11139359207470902,2019,EXIOBASE v3.8.2 IOT_2016_ixi with Danish sea-transport reallocation (Rørmose Jensen & Iliev 2022)
LVA,Latvia,Europe,Non-metallic mineral products,material_extraction,kt,0.11115040872350318,2019,EXIOBASE v3.8.2 IOT_2016_ixi with Danish sea-transport reallocation (Rørmose Jensen & Iliev 2022)
RUS,Russia,Europe,Textile,land_use,km2,0.11093675889684325,2019,EXIOBASE v3.8.2 IOT_2016_ixi with Danish sea-transport reallocation (Rørmose Jensen & Iliev 2022)
RoW Asia and Pacific,RoW Asia and Pacific,Asia and Pacific,Paper Products,waste_generation,kt,0.11004824373203753,2019,EXIOBASE v3.8.2 IOT_2016_ixi with Danish sea-transport reallocation (Rørmose Jensen & Iliev 2022)
RoW Africa,RoW Africa,Africa,Paper Products,land_use,km2,0.10999680454525908,2019,EXIOBASE v3.8.2 IOT_2016_ixi with Danish sea-transport reallocation (Rørmose Jensen & Iliev 2022)
ROU,Romania,Europe,Food and catering,blue_water_consumption,Mm3,0.10970506298163703,2019,EXIOBASE v3.8.2 IOT_2016_ixi with Danish sea-transport reallocation (Rørmose Jensen & Iliev 2022)
RoW Europe,RoW Europe,Europe,Waste management and disposal,land_use,km2,0.10900600458320044,2019,EXIOBASE v3.8.2 IOT_2016_ixi with Danish sea-transport reallocation (Rørmose Jensen & Iliev 2022)
ITA,Italy,Europe,Chemical,waste_generation,kt,0.10851071927790679,2019,EXIOBASE v3.8.2 IOT_2016_ixi with Danish sea-transport reallocation (Rørmose Jensen & Iliev 2022)
CZE,Czech Republic,Europe,Construction,waste_generation,kt,0.1081689877762231,2019,EXIOBASE v3.8.2 IOT_2016_ixi with Danish sea-transport reallocation (Rørmose Jensen & Iliev 2022)
DEU,Germany,Europe,Food and catering,blue_water_consumption,Mm3,0.10764777532993146,2019,EXIOBASE v3.8.2 IOT_2016_ixi with Danish sea-transport reallocation (Rørmose Jensen & Iliev 2022)
CAN,Canada,America,Electricity,land_use,km2,0.10744767656083312,2019,EXIOBASE v3.8.2 IOT_2016_ixi with Danish sea-transport reallocation (Rørmose Jensen & Iliev 2022)
IDN,Indonesia,Asia and Pacific,"Steam, hot water supply and water distribution",climate_change,kt CO2eq,0.1072735138177361,2019,EXIOBASE v3.8.2 IOT_2016_ixi with Danish sea-transport reallocation (Rørmose Jensen & Iliev 2022)
RoW Africa,RoW Africa,Africa,Furniture and timber,climate_change,kt CO2eq,0.10704735524983353,2019,EXIOBASE v3.8.2 IOT_2016_ixi with Danish sea-transport reallocation (Rørmose Jensen & Iliev 2022)
RoW Africa,RoW Africa,Africa,"Electrical, electronic and measuring equipment",waste_generation,kt,0.10685618589510124,2019,EXIOBASE v3.8.2 IOT_2016_ixi with Danish sea-transport reallocation (Rørmose Jensen & Iliev 2022)
RoW Europe,RoW Europe,Europe,Textile,land_use,km2,0.10668509129020766,2019,EXIOBASE v3.8.2 IOT_2016_ixi with Danish sea-transport reallocation (Rørmose Jensen & Iliev 2022)
AUT,Austria,Europe,Metal Products,waste_generation,kt,0.10654483158735695,2019,EXIOBASE v3.8.2 IOT_2016_ixi with Danish sea-transport reallocation (Rørmose Jensen & Iliev 2022)
FIN,Finland,Europe,Chemical,waste_generation,kt,0.10610943623961197,2019,EXIOBASE v3.8.2 IOT_2016_ixi with Danish sea-transport reallocation (Rørmose Jensen & Iliev 2022)
LTU,Lithuania,Europe,Chemical,material_extraction,kt,0.1054326723508524,2019,EXIOBASE v3.8.2 IOT_2016_ixi with Danish sea-transport reallocation (Rørmose Jensen & Iliev 2022)
ESP,Spain,Europe,Services,material_extraction,kt,0.10523419704925004,2019,EXIOBASE v3.8.2 IOT_2016_ixi with Danish sea-transport reallocation (Rørmose Jensen & Iliev 2022)
RoW Asia and Pacific,RoW Asia and Pacific,Asia and Pacific,Chemical,land_use,km2,0.10517417573041288,2019,EXIOBASE v3.8.2 IOT_2016_ixi with Danish sea-transport reallocation (Rørmose Jensen & Iliev 2022)
GRC,Greece,Europe,Textile,land_use,km2,0.1050855694657253,2019,EXIOBASE v3.8.2 IOT_2016_ixi with Danish sea-transport reallocation (Rørmose Jensen & Iliev 2022)
RUS,Russia,Europe,Chemical,waste_generation,kt,0.10507227967721376,2019,EXIOBASE v3.8.2 IOT_2016_ixi with Danish sea-transport reallocation (Rørmose Jensen & Iliev 2022)
MLT,Malta,Europe,Waste management and disposal,climate_change,kt CO2eq,0.10489277702205628,2019,EXIOBASE v3.8.2 IOT_2016_ixi with Danish sea-transport reallocation (Rørmose Jensen & Iliev 2022)
ESP,Spain,Europe,Waste management and disposal,waste_generation,kt,0.10443347007177996,2019,EXIOBASE v3.8.2 IOT_2016_ixi with Danish sea-transport reallocation (Rørmose Jensen & Iliev 2022)
HUN,Hungary,Europe,Services,land_use,km2,0.10436436706815036,2019,EXIOBASE v3.8.2 IOT_2016_ixi with Danish sea-transport reallocation (Rørmose Jensen & Iliev 2022)
RoW Middle East,RoW Middle East,Middle East,Electricity,material_extraction,kt,0.10382247018396332,2019,EXIOBASE v3.8.2 IOT_2016_ixi with Danish sea-transport reallocation (Rørmose Jensen & Iliev 2022)
GBR,United Kingdom,Europe,Chemical,waste_generation,kt,0.10381741476465146,2019,EXIOBASE v3.8.2 IOT_2016_ixi with Danish sea-transport reallocation (Rørmose Jensen & Iliev 2022)
RoW Middle East,RoW Middle East,Middle East,Waste management and disposal,material_extraction,kt,0.10354474287571275,2019,EXIOBASE v3.8.2 IOT_2016_ixi with Danish sea-transport reallocation (Rørmose Jensen & Iliev 2022)
HUN,Hungary,Europe,"Electrical, electronic and measuring equipment",climate_change,kt CO2eq,0.10330830022890464,2019,EXIOBASE v3.8.2 IOT_2016_ixi with Danish sea-transport reallocation (Rørmose Jensen & Iliev 2022)
TUR,Turkey,Middle East,Textile,land_use,km2,0.10253395115600945,2019,EXIOBASE v3.8.2 IOT_2016_ixi with Danish sea-transport reallocation (Rørmose Jensen & Iliev 2022)
TUR,Turkey,Middle East,Natural gas and gaseous fuels,climate_change,kt CO2eq,0.1019966157020621,2019,EXIOBASE v3.8.2 IOT_2016_ixi with Danish sea-transport reallocation (Rørmose Jensen & Iliev 2022)
LTU,Lithuania,Europe,Natural gas and gaseous fuels,climate_change,kt CO2eq,0.10184102116076107,2019,EXIOBASE v3.8.2 IOT_2016_ixi with Danish sea-transport reallocation (Rørmose Jensen & Iliev 2022)
BEL,Belgium,Europe,Paper Products,climate_change,kt CO2eq,0.10155683937474604,2019,EXIOBASE v3.8.2 IOT_2016_ixi with Danish sea-transport reallocation (Rørmose Jensen & Iliev 2022)
JPN,Japan,Asia and Pacific,Textile,climate_change,kt CO2eq,0.10132602899487704,2019,EXIOBASE v3.8.2 IOT_2016_ixi with Danish sea-transport reallocation (Rørmose Jensen & Iliev 2022)
EST,Estonia,Europe,Non-metallic mineral products,material_extraction,kt,0.10057854229025748,2019,EXIOBASE v3.8.2 IOT_2016_ixi with Danish sea-transport reallocation (Rørmose Jensen & Iliev 2022)
RUS,Russia,Europe,Chemical,land_use,km2,0.10035083863859959,2019,EXIOBASE v3.8.2 IOT_2016_ixi with Danish sea-transport reallocation (Rørmose Jensen & Iliev 2022)
IDN,Indonesia,Asia and Pacific,Chemical,waste_generation,kt,0.10025724475559991,2019,EXIOBASE v3.8.2 IOT_2016_ixi with Danish sea-transport reallocation (Rørmose Jensen & Iliev 2022)
RoW Europe,RoW Europe,Europe,Furniture and timber,climate_change,kt CO2eq,0.10022872485268321,2019,EXIOBASE v3.8.2 IOT_2016_ixi with Danish sea-transport reallocation (Rørmose Jensen & Iliev 2022)
IRL,Ireland,Europe,Non-metallic mineral products,climate_change,kt CO2eq,0.10010909808263126,2019,EXIOBASE v3.8.2 IOT_2016_ixi with Danish sea-transport reallocation (Rørmose Jensen & Iliev 2022)
NLD,Netherlands,Europe,Construction,material_extraction,kt,0.09981833494458718,2019,EXIOBASE v3.8.2 IOT_2016_ixi with Danish sea-transport reallocation (Rørmose Jensen & Iliev 2022)
RoW Asia and Pacific,RoW Asia and Pacific,Asia and Pacific,Services,blue_water_consumption,Mm3,0.09979184694073095,2019,EXIOBASE v3.8.2 IOT_2016_ixi with Danish sea-transport reallocation (Rørmose Jensen & Iliev 2022)
CHE,Switzerland,Europe,Coal and Petroleum,waste_generation,kt,0.09938852472612135,2019,EXIOBASE v3.8.2 IOT_2016_ixi with Danish sea-transport reallocation (Rørmose Jensen & Iliev 2022)
BGR,Bulgaria,Europe,Metal Products,climate_change,kt CO2eq,0.0989735454767536,2019,EXIOBASE v3.8.2 IOT_2016_ixi with Danish sea-transport reallocation (Rørmose Jensen & Iliev 2022)
KOR,South Korea,Asia and Pacific,Coal and Petroleum,waste_generation,kt,0.09895780396442766,2019,EXIOBASE v3.8.2 IOT_2016_ixi with Danish sea-transport reallocation (Rørmose Jensen & Iliev 2022)
RoW Africa,RoW Africa,Africa,Natural gas and gaseous fuels,material_extraction,kt,0.09894415901303295,2019,EXIOBASE v3.8.2 IOT_2016_ixi with Danish sea-transport reallocation (Rørmose Jensen & Iliev 2022)
LUX,Luxembourg,Europe,Food and catering,waste_generation,kt,0.09891604834220812,2019,EXIOBASE v3.8.2 IOT_2016_ixi with Danish sea-transport reallocation (Rørmose Jensen & Iliev 2022)
IRL,Ireland,Europe,"Electrical, electronic and measuring equipment",climate_change,kt CO2eq,0.09886566079460093,2019,EXIOBASE v3.8.2 IOT_2016_ixi with Danish sea-transport reallocation (Rørmose Jensen & Iliev 2022)
JPN,Japan,Asia and Pacific,Electricity,waste_generation,kt,0.09871940558816732,2019,EXIOBASE v3.8.2 IOT_2016_ixi with Danish sea-transport reallocation (Rørmose Jensen & Iliev 2022)
ESP,Spain,Europe,Services,land_use,km2,0.09859959057753018,2019,EXIOBASE v3.8.2 IOT_2016_ixi with Danish sea-transport reallocation (Rørmose Jensen & Iliev 2022)
IRL,Ireland,Europe,General and special Machinery,climate_change,kt CO2eq,0.09839254127582439,2019,EXIOBASE v3.8.2 IOT_2016_ixi with Danish sea-transport reallocation (Rørmose Jensen & Iliev 2022)
CZE,Czech Republic,Europe,Coal and Petroleum,waste_generation,kt,0.09795923771270422,2019,EXIOBASE v3.8.2 IOT_2016_ixi with Danish sea-transport reallocation (Rørmose Jensen & Iliev 2022)
CHE,Switzerland,Europe,Coal and Petroleum,climate_change,kt CO2eq,0.09793058606994087,2019,EXIOBASE v3.8.2 IOT_2016_ixi with Danish sea-transport reallocation (Rørmose Jensen & Iliev 2022)
BGR,Bulgaria,Europe,Minerals and Metals,climate_change,kt CO2eq,0.09784917172684023,2019,EXIOBASE v3.8.2 IOT_2016_ixi with Danish sea-transport reallocation (Rørmose Jensen & Iliev 2022)
SVK,Slovakia,Europe,Coal and Petroleum,waste_generation,kt,0.09741306432491738,2019,EXIOBASE v3.8.2 IOT_2016_ixi with Danish sea-transport reallocation (Rørmose Jensen & Iliev 2022)
PRT,Portugal,Europe,Paper Products,waste_generation,kt,0.09725809799891039,2019,EXIOBASE v3.8.2 IOT_2016_ixi with Danish sea-transport reallocation (Rørmose Jensen & Iliev 2022)
DEU,Germany,Europe,"Electrical, electronic and measuring equipment",waste_generation,kt,0.09691137128342356,2019,EXIOBASE v3.8.2 IOT_2016_ixi with Danish sea-transport reallocation (Rørmose Jensen & Iliev 2022)
CAN,Canada,America,Furniture and timber,climate_change,kt CO2eq,0.09614973676872435,2019,EXIOBASE v3.8.2 IOT_2016_ixi with Danish sea-transport reallocation (Rørmose Jensen & Iliev 2022)
SVK,Slovakia,Europe,Chemical,climate_change,kt CO2eq,0.09601409399596487,2019,EXIOBASE v3.8.2 IOT_2016_ixi with Danish sea-transport reallocation (Rørmose Jensen & Iliev 2022)
ITA,Italy,Europe,General and special Machinery,climate_change,kt CO2eq,0.09588759416768339,2019,EXIOBASE v3.8.2 IOT_2016_ixi with Danish sea-transport reallocation (Rørmose Jensen & Iliev 2022)
ZAF,South Africa,Africa,Natural gas and gaseous fuels,climate_change,kt CO2eq,0.09585734242947197,2019,EXIOBASE v3.8.2 IOT_2016_ixi with Danish sea-transport reallocation (Rørmose Jensen & Iliev 2022)
SWE,Sweden,Europe,Services,land_use,km2,0.09580521710386075,2019,EXIOBASE v3.8.2 IOT_2016_ixi with Danish sea-transport reallocation (Rørmose Jensen & Iliev 2022)
IRL,Ireland,Europe,Chemical,climate_change,kt CO2eq,0.09540393433748764,2019,EXIOBASE v3.8.2 IOT_2016_ixi with Danish sea-transport reallocation (Rørmose Jensen & Iliev 2022)
POL,Poland,Europe,"Steam, hot water supply and water distribution",waste_generation,kt,0.09540183996839577,2019,EXIOBASE v3.8.2 IOT_2016_ixi with Danish sea-transport reallocation (Rørmose Jensen & Iliev 2022)
NOR,Norway,Europe,Paper Products,climate_change,kt CO2eq,0.09510915397248791,2019,EXIOBASE v3.8.2 IOT_2016_ixi with Danish sea-transport reallocation (Rørmose Jensen & Iliev 2022)
ITA,Italy,Europe,Services,waste_generation,kt,0.0943270936828348,2019,EXIOBASE v3.8.2 IOT_2016_ixi with Danish sea-transport reallocation (Rørmose Jensen & Iliev 2022)
CZE,Czech Republic,Europe,Construction,climate_change,kt CO2eq,0.09368800050370517,2019,EXIOBASE v3.8.2 IOT_2016_ixi with Danish sea-transport reallocation (Rørmose Jensen & Iliev 2022)
SVN,Slovenia,Europe,Metal Products,climate_change,kt CO2eq,0.09367258746749972,2019,EXIOBASE v3.8.2 IOT_2016_ixi with Danish sea-transport reallocation (Rørmose Jensen & Iliev 2022)
POL,Poland,Europe,Services,waste_generation,kt,0.09348658631743037,2019,EXIOBASE v3.8.2 IOT_2016_ixi with Danish sea-transport reallocation (Rørmose Jensen & Iliev 2022)
MEX,Mexico,America,Food and catering,waste_generation,kt,0.09328785639908813,2019,EXIOBASE v3.8.2 IOT_2016_ixi with Danish sea-transport reallocation (Rørmose Jensen & Iliev 2022)
POL,Poland,Europe,Chemical,blue_water_consumption,Mm3,0.09290456939677719,2019,EXIOBASE v3.8.2 IOT_2016_ixi with Danish sea-transport reallocation (Rørmose Jensen & Iliev 2022)
TWN,Taiwan,Asia and Pacific,Food and catering,climate_change,kt CO2eq,0.09262360054145304,2019,EXIOBASE v3.8.2 IOT_2016_ixi with Danish sea-transport reallocation (Rørmose Jensen & Iliev 2022)
BRA,Brazil,America,Paper Products,waste_generation,kt,0.09198782407695,2019,EXIOBASE v3.8.2 IOT_2016_ixi with Danish sea-transport reallocation (Rørmose Jensen & Iliev 2022)
BEL,Belgium,Europe,Metal Products,waste_generation,kt,0.09184457903524411,2019,EXIOBASE v3.8.2 IOT_2016_ixi with Danish sea-transport reallocation (Rørmose Jensen & Iliev 2022)
LUX,Luxembourg,Europe,Metal Products,climate_change,kt CO2eq,0.09182371762119826,2019,EXIOBASE v3.8.2 IOT_2016_ixi with Danish sea-transport reallocation (Rørmose Jensen & Iliev 2022)
SVN,Slovenia,Europe,Non-metallic mineral products,material_extraction,kt,0.0917994346392833,2019,EXIOBASE v3.8.2 IOT_2016_ixi with Danish sea-transport reallocation (Rørmose Jensen & Iliev 2022)
DEU,Germany,Europe,Transport Equipment,climate_change,kt CO2eq,0.09167256117227252,2019,EXIOBASE v3.8.2 IOT_2016_ixi with Danish sea-transport reallocation (Rørmose Jensen & Iliev 2022)
RoW America,RoW America,America,Natural gas and gaseous fuels,material_extraction,kt,0.09165973403245052,2019,EXIOBASE v3.8.2 IOT_2016_ixi with Danish sea-transport reallocation (Rørmose Jensen & Iliev 2022)
GBR,United Kingdom,Europe,Non-metallic mineral products,material_extraction,kt,0.09148321893992288,2019,EXIOBASE v3.8.2 IOT_2016_ixi with Danish sea-transport reallocation (Rørmose Jensen & Iliev 2022)
RoW Asia and Pacific,RoW Asia and Pacific,Asia and Pacific,Minerals and Metals,land_use,km2,0.09131342725858312,2019,EXIOBASE v3.8.2 IOT_2016_ixi with Danish sea-transport reallocation (Rørmose Jensen & Iliev 2022)
RUS,Russia,Europe,Construction,land_use,km2,0.0910045641370018,2019,EXIOBASE v3.8.2 IOT_2016_ixi with Danish sea-transport reallocation (Rørmose Jensen & Iliev 2022)
AUT,Austria,Europe,Construction,material_extraction,kt,0.090334352648892,2019,EXIOBASE v3.8.2 IOT_2016_ixi with Danish sea-transport reallocation (Rørmose Jensen & Iliev 2022)
CZE,Czech Republic,Europe,Paper Products,waste_generation,kt,0.08944896613165305,2019,EXIOBASE v3.8.2 IOT_2016_ixi with Danish sea-transport reallocation (Rørmose Jensen & Iliev 2022)
RUS,Russia,Europe,Waste management and disposal,material_extraction,kt,0.0893984792729308,2019,EXIOBASE v3.8.2 IOT_2016_ixi with Danish sea-transport reallocation (Rørmose Jensen & Iliev 2022)
RoW Asia and Pacific,RoW Asia and Pacific,Asia and Pacific,Metal Products,waste_generation,kt,0.08934731876468359,2019,EXIOBASE v3.8.2 IOT_2016_ixi with Danish sea-transport reallocation (Rørmose Jensen & Iliev 2022)
MEX,Mexico,America,Furniture and timber,climate_change,kt CO2eq,0.08890304100458463,2019,EXIOBASE v3.8.2 IOT_2016_ixi with Danish sea-transport reallocation (Rørmose Jensen & Iliev 2022)
SVN,Slovenia,Europe,Chemical,climate_change,kt CO2eq,0.08863932171888722,2019,EXIOBASE v3.8.2 IOT_2016_ixi with Danish sea-transport reallocation (Rørmose Jensen & Iliev 2022)
NLD,Netherlands,Europe,Non-metallic mineral products,material_extraction,kt,0.08851322873210321,2019,EXIOBASE v3.8.2 IOT_2016_ixi with Danish sea-transport reallocation (Rørmose Jensen & Iliev 2022)
ITA,Italy,Europe,Paper Products,waste_generation,kt,0.08790104485978234,2019,EXIOBASE v3.8.2 IOT_2016_ixi with Danish sea-transport reallocation (Rørmose Jensen & Iliev 2022)
DNK,Denmark,Denmark,Transport Equipment,climate_change,kt CO2eq,0.08764113491733744,2019,EXIOBASE v3.8.2 IOT_2016_ixi with Danish sea-transport reallocation (Rørmose Jensen & Iliev 2022)
BEL,Belgium,Europe,Electricity,waste_generation,kt,0.08702973312031025,2019,EXIOBASE v3.8.2 IOT_2016_ixi with Danish sea-transport reallocation (Rørmose Jensen & Iliev 2022)
MEX,Mexico,America,Chemical,material_extraction,kt,0.0858333422124041,2019,EXIOBASE v3.8.2 IOT_2016_ixi with Danish sea-transport reallocation (Rørmose Jensen & Iliev 2022)
RoW Middle East,RoW Middle East,Middle East,Services,waste_generation,kt,0.0857691642913284,2019,EXIOBASE v3.8.2 IOT_2016_ixi with Danish sea-transport reallocation (Rørmose Jensen & Iliev 2022)
CHE,Switzerland,Europe,Metal Products,climate_change,kt CO2eq,0.08562051134378804,2019,EXIOBASE v3.8.2 IOT_2016_ixi with Danish sea-transport reallocation (Rørmose Jensen & Iliev 2022)
HUN,Hungary,Europe,Services,waste_generation,kt,0.08518945842412523,2019,EXIOBASE v3.8.2 IOT_2016_ixi with Danish sea-transport reallocation (Rørmose Jensen & Iliev 2022)
IND,India,Asia and Pacific,Construction,climate_change,kt CO2eq,0.08516614153644482,2019,EXIOBASE v3.8.2 IOT_2016_ixi with Danish sea-transport reallocation (Rørmose Jensen & Iliev 2022)
RoW Europe,RoW Europe,Europe,"Steam, hot water supply and water distribution",waste_generation,kt,0.08494290491448996,2019,EXIOBASE v3.8.2 IOT_2016_ixi with Danish sea-transport reallocation (Rørmose Jensen & Iliev 2022)
ROU,Romania,Europe,Minerals and Metals,climate_change,kt CO2eq,0.08488803958575473,2019,EXIOBASE v3.8.2 IOT_2016_ixi with Danish sea-transport reallocation (Rørmose Jensen & Iliev 2022)
RoW America,RoW America,America,Coal and Petroleum,land_use,km2,0.08461177652269311,2019,EXIOBASE v3.8.2 IOT_2016_ixi with Danish sea-transport reallocation (Rørmose Jensen & Iliev 2022)
SVK,Slovakia,Europe,General and special Machinery,land_use,km2,0.08447086841965835,2019,EXIOBASE v3.8.2 IOT_2016_ixi with Danish sea-transport reallocation (Rørmose Jensen & Iliev 2022)
RoW Middle East,RoW Middle East,Middle East,Paper Products,material_extraction,kt,0.08413556642229289,2019,EXIOBASE v3.8.2 IOT_2016_ixi with Danish sea-transport reallocation (Rørmose Jensen & Iliev 2022)
SVK,Slovakia,Europe,Services,waste_generation,kt,0.08408143149003981,2019,EXIOBASE v3.8.2 IOT_2016_ixi with Danish sea-transport reallocation (Rørmose Jensen & Iliev 2022)
HUN,Hungary,Europe,Waste management and disposal,material_extraction,kt,0.08403459258262141,2019,EXIOBASE v3.8.2 IOT_2016_ixi with Danish sea-transport reallocation (Rørmose Jensen & Iliev 2022)
MEX,Mexico,America,"Electrical, electronic and measuring equipment",climate_change,kt CO2eq,0.08331015699515631,2019,EXIOBASE v3.8.2 IOT_2016_ixi with Danish sea-transport reallocation (Rørmose Jensen & Iliev 2022)
IRL,Ireland,Europe,Food and catering,material_extraction,kt,0.08299913628948356,2019,EXIOBASE v3.8.2 IOT_2016_ixi with Danish sea-transport reallocation (Rørmose Jensen & Iliev 2022)
HUN,Hungary,Europe,Waste management and disposal,waste_generation,kt,0.08243582343761745,2019,EXIOBASE v3.8.2 IOT_2016_ixi with Danish sea-transport reallocation (Rørmose Jensen & Iliev 2022)
PRT,Portugal,Europe,Chemical,climate_change,kt CO2eq,0.08208464019290733,2019,EXIOBASE v3.8.2 IOT_2016_ixi with Danish sea-transport reallocation (Rørmose Jensen & Iliev 2022)
AUS,Australia,Asia and Pacific,Coal and Petroleum,waste_generation,kt,0.08168841592250478,2019,EXIOBASE v3.8.2 IOT_2016_ixi with Danish sea-transport reallocation (Rørmose Jensen & Iliev 2022)
RoW Europe,RoW Europe,Europe,Paper Products,land_use,km2,0.0815864251978761,2019,EXIOBASE v3.8.2 IOT_2016_ixi with Danish sea-transport reallocation (Rørmose Jensen & Iliev 2022)
NLD,Netherlands,Europe,Services,waste_generation,kt,0.08121856402401884,2019,EXIOBASE v3.8.2 IOT_2016_ixi with Danish sea-transport reallocation (Rørmose Jensen & Iliev 2022)
AUS,Australia,Asia and Pacific,Services,land_use,km2,0.08091022740916314,2019,EXIOBASE v3.8.2 IOT_2016_ixi with Danish sea-transport reallocation (Rørmose Jensen & Iliev 2022)
FIN,Finland,Europe,Electricity,waste_generation,kt,0.08064505101129935,2019,EXIOBASE v3.8.2 IOT_2016_ixi with Danish sea-transport reallocation (Rørmose Jensen & Iliev 2022)
AUT,Austria,Europe,Paper Products,waste_generation,kt,0.08030814372910187,2019,EXIOBASE v3.8.2 IOT_2016_ixi with Danish sea-transport reallocation (Rørmose Jensen & Iliev 2022)
RoW Asia and Pacific,RoW Asia and Pacific,Asia and Pacific,"Steam, hot water supply and water distribution",land_use,km2,0.08001282458358684,2019,EXIOBASE v3.8.2 IOT_2016_ixi with Danish sea-transport reallocation (Rørmose Jensen & Iliev 2022)
BRA,Brazil,America,Food and catering,material_extraction,kt,0.07984875902228043,2019,EXIOBASE v3.8.2 IOT_2016_ixi with Danish sea-transport reallocation (Rørmose Jensen & Iliev 2022)
TUR,Turkey,Middle East,Paper Products,waste_generation,kt,0.07935923622423029,2019,EXIOBASE v3.8.2 IOT_2016_ixi with Danish sea-transport reallocation (Rørmose Jensen & Iliev 2022)
CHN,China,Asia and Pacific,Paper Products,blue_water_consumption,Mm3,0.0791292344261963,2019,EXIOBASE v3.8.2 IOT_2016_ixi with Danish sea-transport reallocation (Rørmose Jensen & Iliev 2022)
CZE,Czech Republic,Europe,Services,material_extraction,kt,0.07864442582395881,2019,EXIOBASE v3.8.2 IOT_2016_ixi with Danish sea-transport reallocation (Rørmose Jensen & Iliev 2022)
PRT,Portugal,Europe,Waste management and disposal,waste_generation,kt,0.07846786862194778,2019,EXIOBASE v3.8.2 IOT_2016_ixi with Danish sea-transport reallocation (Rørmose Jensen & Iliev 2022)
CHN,China,Asia and Pacific,Furniture and timber,waste_generation,kt,0.07825382449583101,2019,EXIOBASE v3.8.2 IOT_2016_ixi with Danish sea-transport reallocation (Rørmose Jensen & Iliev 2022)
RUS,Russia,Europe,General and special Machinery,land_use,km2,0.07808878958396753,2019,EXIOBASE v3.8.2 IOT_2016_ixi with Danish sea-transport reallocation (Rørmose Jensen & Iliev 2022)
ESP,Spain,Europe,Electricity,waste_generation,kt,0.07803977447339767,2019,EXIOBASE v3.8.2 IOT_2016_ixi with Danish sea-transport reallocation (Rørmose Jensen & Iliev 2022)
RoW Middle East,RoW Middle East,Middle East,Textile,land_use,km2,0.07802209637040076,2019,EXIOBASE v3.8.2 IOT_2016_ixi with Danish sea-transport reallocation (Rørmose Jensen & Iliev 2022)
NLD,Netherlands,Europe,Electricity,waste_generation,kt,0.07778441490244209,2019,EXIOBASE v3.8.2 IOT_2016_ixi with Danish sea-transport reallocation (Rørmose Jensen & Iliev 2022)
LUX,Luxembourg,Europe,Metal Products,waste_generation,kt,0.07768844274145303,2019,EXIOBASE v3.8.2 IOT_2016_ixi with Danish sea-transport reallocation (Rørmose Jensen & Iliev 2022)
BEL,Belgium,Europe,Services,waste_generation,kt,0.07739251390447517,2019,EXIOBASE v3.8.2 IOT_2016_ixi with Danish sea-transport reallocation (Rørmose Jensen & Iliev 2022)
RoW Asia and Pacific,RoW Asia and Pacific,Asia and Pacific,Waste management and disposal,material_extraction,kt,0.07736763411859977,2019,EXIOBASE v3.8.2 IOT_2016_ixi with Danish sea-transport reallocation (Rørmose Jensen & Iliev 2022)
RoW America,RoW America,America,Construction,climate_change,kt CO2eq,0.07721686983474689,2019,EXIOBASE v3.8.2 IOT_2016_ixi with Danish sea-transport reallocation (Rørmose Jensen & Iliev 2022)
USA,United States,America,Coal and Petroleum,waste_generation,kt,0.07702907041525879,2019,EXIOBASE v3.8.2 IOT_2016_ixi with Danish sea-transport reallocation (Rørmose Jensen & Iliev 2022)
RoW Europe,RoW Europe,Europe,"Steam, hot water supply and water distribution",material_extraction,kt,0.07693667218993329,2019,EXIOBASE v3.8.2 IOT_2016_ixi with Danish sea-transport reallocation (Rørmose Jensen & Iliev 2022)
AUT,Austria,Europe,Services,waste_generation,kt,0.07689437526892907,2019,EXIOBASE v3.8.2 IOT_2016_ixi with Danish sea-transport reallocation (Rørmose Jensen & Iliev 2022)
RUS,Russia,Europe,Paper Products,climate_change,kt CO2eq,0.07676264476597393,2019,EXIOBASE v3.8.2 IOT_2016_ixi with Danish sea-transport reallocation (Rørmose Jensen & Iliev 2022)
RoW Asia and Pacific,RoW Asia and Pacific,Asia and Pacific,Textile,blue_water_consumption,Mm3,0.07656471889734236,2019,EXIOBASE v3.8.2 IOT_2016_ixi with Danish sea-transport reallocation (Rørmose Jensen & Iliev 2022)
CHE,Switzerland,Europe,Services,waste_generation,kt,0.0762157304906189,2019,EXIOBASE v3.8.2 IOT_2016_ixi with Danish sea-transport reallocation (Rørmose Jensen & Iliev 2022)
BEL,Belgium,Europe,Transport Equipment,climate_change,kt CO2eq,0.07594989577493833,2019,EXIOBASE v3.8.2 IOT_2016_ixi with Danish sea-transport reallocation (Rørmose Jensen & Iliev 2022)
TUR,Turkey,Middle East,Non-metallic mineral products,material_extraction,kt,0.07549753043051535,2019,EXIOBASE v3.8.2 IOT_2016_ixi with Danish sea-transport reallocation (Rørmose Jensen & Iliev 2022)
CZE,Czech Republic,Europe,Services,land_use,km2,0.075053174542855,2019,EXIOBASE v3.8.2 IOT_2016_ixi with Danish sea-transport reallocation (Rørmose Jensen & Iliev 2022)
RUS,Russia,Europe,Metal Products,land_use,km2,0.0746024337797384,2019,EXIOBASE v3.8.2 IOT_2016_ixi with Danish sea-transport reallocation (Rørmose Jensen & Iliev 2022)
LVA,Latvia,Europe,Minerals and Metals,climate_change,kt CO2eq,0.07446826356155885,2019,EXIOBASE v3.8.2 IOT_2016_ixi with Danish sea-transport reallocation (Rørmose Jensen & Iliev 2022)
IDN,Indonesia,Asia and Pacific,Furniture and timber,climate_change,kt CO2eq,0.07410307659026506,2019,EXIOBASE v3.8.2 IOT_2016_ixi with Danish sea-transport reallocation (Rørmose Jensen & Iliev 2022)
HRV,Croatia,Europe,Food and catering,waste_generation,kt,0.07397917873822446,2019,EXIOBASE v3.8.2 IOT_2016_ixi with Danish sea-transport reallocation (Rørmose Jensen & Iliev 2022)
RoW Asia and Pacific,RoW Asia and Pacific,Asia and Pacific,Non-metallic mineral products,waste_generation,kt,0.07397643921098618,2019,EXIOBASE v3.8.2 IOT_2016_ixi with Danish sea-transport reallocation (Rørmose Jensen & Iliev 2022)
LTU,Lithuania,Europe,Minerals and Metals,climate_change,kt CO2eq,0.0739512286831311,2019,EXIOBASE v3.8.2 IOT_2016_ixi with Danish sea-transport reallocation (Rørmose Jensen & Iliev 2022)
RUS,Russia,Europe,Textile,climate_change,kt CO2eq,0.07394221809917237,2019,EXIOBASE v3.8.2 IOT_2016_ixi with Danish sea-transport reallocation (Rørmose Jensen & Iliev 2022)
CHN,China,Asia and Pacific,"Steam, hot water supply and water distribution",waste_generation,kt,0.07392398554921925,2019,EXIOBASE v3.8.2 IOT_2016_ixi with Danish sea-transport reallocation (Rørmose Jensen & Iliev 2022)
CZE,Czech Republic,Europe,Chemical,material_extraction,kt,0.07390260798037113,2019,EXIOBASE v3.8.2 IOT_2016_ixi with Danish sea-transport reallocation (Rørmose Jensen & Iliev 2022)
EST,Estonia,Europe,Non-metallic mineral products,climate_change,kt CO2eq,0.0735907459958488,2019,EXIOBASE v3.8.2 IOT_2016_ixi with Danish sea-transport reallocation (Rørmose Jensen & Iliev 2022)
IRL,Ireland,Europe,Transport Equipment,climate_change,kt CO2eq,0.07349828300677581,2019,EXIOBASE v3.8.2 IOT_2016_ixi with Danish sea-transport reallocation (Rørmose Jensen & Iliev 2022)
RoW America,RoW America,America,Paper Products,land_use,km2,0.07333058431062105,2019,EXIOBASE v3.8.2 IOT_2016_ixi with Danish sea-transport reallocation (Rørmose Jensen & Iliev 2022)
SVK,Slovakia,Europe,Construction,material_extraction,kt,0.07316792590930718,2019,EXIOBASE v3.8.2 IOT_2016_ixi with Danish sea-transport reallocation (Rørmose Jensen & Iliev 2022)
RoW Europe,RoW Europe,Europe,Furniture and timber,land_use,km2,0.07314639483090613,2019,EXIOBASE v3.8.2 IOT_2016_ixi with Danish sea-transport reallocation (Rørmose Jensen & Iliev 2022)
IND,India,Asia and Pacific,Metal Products,blue_water_consumption,Mm3,0.07305013262558674,2019,EXIOBASE v3.8.2 IOT_2016_ixi with Danish sea-transport reallocation (Rørmose Jensen & Iliev 2022)
CHN,China,Asia and Pacific,General and special Machinery,blue_water_consumption,Mm3,0.07304235102749168,2019,EXIOBASE v3.8.2 IOT_2016_ixi with Danish sea-transport reallocation (Rørmose Jensen & Iliev 2022)
RoW America,RoW America,America,Chemical,material_extraction,kt,0.07276642425002103,2019,EXIOBASE v3.8.2 IOT_2016_ixi with Danish sea-transport reallocation (Rørmose Jensen & Iliev 2022)
NOR,Norway,Europe,Paper Products,blue_water_consumption,Mm3,0.07241799022126236,2019,EXIOBASE v3.8.2 IOT_2016_ixi with Danish sea-transport reallocation (Rørmose Jensen & Iliev 2022)
KOR,South Korea,Asia and Pacific,"Electrical, electronic and measuring equipment",climate_change,kt CO2eq,0.07233486010198503,2019,EXIOBASE v3.8.2 IOT_2016_ixi with Danish sea-transport reallocation (Rørmose Jensen & Iliev 2022)
SWE,Sweden,Europe,Furniture and timber,waste_generation,kt,0.07211342806714488,2019,EXIOBASE v3.8.2 IOT_2016_ixi with Danish sea-transport reallocation (Rørmose Jensen & Iliev 2022)
MLT,Malta,Europe,Food and catering,waste_generation,kt,0.07173441241826066,2019,EXIOBASE v3.8.2 IOT_2016_ixi with Danish sea-transport reallocation (Rørmose Jensen & Iliev 2022)
CAN,Canada,America,Chemical,material_extraction,kt,0.07139721818951833,2019,EXIOBASE v3.8.2 IOT_2016_ixi with Danish sea-transport reallocation (Rørmose Jensen & Iliev 2022)
HUN,Hungary,Europe,Chemical,waste_generation,kt,0.07129161828021016,2019,EXIOBASE v3.8.2 IOT_2016_ixi with Danish sea-transport reallocation (Rørmose Jensen & Iliev 2022)
NLD,Netherlands,Europe,Metal Products,waste_generation,kt,0.07123162630790779,2019,EXIOBASE v3.8.2 IOT_2016_ixi with Danish sea-transport reallocation (Rørmose Jensen & Iliev 2022)
NLD,Netherlands,Europe,Minerals and Metals,climate_change,kt CO2eq,0.07123017696652999,2019,EXIOBASE v3.8.2 IOT_2016_ixi with Danish sea-transport reallocation (Rørmose Jensen & Iliev 2022)
SVN,Slovenia,Europe,Paper Products,climate_change,kt CO2eq,0.07119868418983463,2019,EXIOBASE v3.8.2 IOT_2016_ixi with Danish sea-transport reallocation (Rørmose Jensen & Iliev 2022)
CAN,Canada,America,Coal and Petroleum,waste_generation,kt,0.07081912175443712,2019,EXIOBASE v3.8.2 IOT_2016_ixi with Danish sea-transport reallocation (Rørmose Jensen & Iliev 2022)
POL,Poland,Europe,General and special Machinery,climate_change,kt CO2eq,0.0702250508081773,2019,EXIOBASE v3.8.2 IOT_2016_ixi with Danish sea-transport reallocation (Rørmose Jensen & Iliev 2022)
DEU,Germany,Europe,Services,waste_generation,kt,0.07013037626802715,2019,EXIOBASE v3.8.2 IOT_2016_ixi with Danish sea-transport reallocation (Rørmose Jensen & Iliev 2022)
LTU,Lithuania,Europe,Coal and Petroleum,waste_generation,kt,0.06986289166961983,2019,EXIOBASE v3.8.2 IOT_2016_ixi with Danish sea-transport reallocation (Rørmose Jensen & Iliev 2022)
IND,India,Asia and Pacific,General and special Machinery,climate_change,kt CO2eq,0.06980849157349425,2019,EXIOBASE v3.8.2 IOT_2016_ixi with Danish sea-transport reallocation (Rørmose Jensen & Iliev 2022)
ITA,Italy,Europe,Textile,climate_change,kt CO2eq,0.06953658955559258,2019,EXIOBASE v3.8.2 IOT_2016_ixi with Danish sea-transport reallocation (Rørmose Jensen & Iliev 2022)
CHE,Switzerland,Europe,Construction,waste_generation,kt,0.06951985260198605,2019,EXIOBASE v3.8.2 IOT_2016_ixi with Danish sea-transport reallocation (Rørmose Jensen & Iliev 2022)
RUS,Russia,Europe,Services,waste_generation,kt,0.06930857120309525,2019,EXIOBASE v3.8.2 IOT_2016_ixi with Danish sea-transport reallocation (Rørmose Jensen & Iliev 2022)
CZE,Czech Republic,Europe,"Electrical, electronic and measuring equipment",climate_change,kt CO2eq,0.06925353411354435,2019,EXIOBASE v3.8.2 IOT_2016_ixi with Danish sea-transport reallocation (Rørmose Jensen & Iliev 2022)
ZAF,South Africa,Africa,"Electrical, electronic and measuring equipment",climate_change,kt CO2eq,0.06913800186178837,2019,EXIOBASE v3.8.2 IOT_2016_ixi with Danish sea-transport reallocation (Rørmose Jensen & Iliev 2022)
USA,United States,America,"Electrical, electronic and measuring equipment",waste_generation,kt,0.06801039443576365,2019,EXIOBASE v3.8.2 IOT_2016_ixi with Danish sea-transport reallocation (Rørmose Jensen & Iliev 2022)
BRA,Brazil,America,Transport Equipment,material_extraction,kt,0.06759172179347696,2019,EXIOBASE v3.8.2 IOT_2016_ixi with Danish sea-transport reallocation (Rørmose Jensen & Iliev 2022)
CAN,Canada,America,"Steam, hot water supply and water distribution",climate_change,kt CO2eq,0.06705946146135178,2019,EXIOBASE v3.8.2 IOT_2016_ixi with Danish sea-transport reallocation (Rørmose Jensen & Iliev 2022)
RoW Europe,RoW Europe,Europe,Chemical,blue_water_consumption,Mm3,0.06698918386968815,2019,EXIOBASE v3.8.2 IOT_2016_ixi with Danish sea-transport reallocation (Rørmose Jensen & Iliev 2022)
CYP,Cyprus,Middle East,Minerals and Metals,climate_change,kt CO2eq,0.06697245505739756,2019,EXIOBASE v3.8.2 IOT_2016_ixi with Danish sea-transport reallocation (Rørmose Jensen & Iliev 2022)
RoW Asia and Pacific,RoW Asia and Pacific,Asia and Pacific,Construction,material_extraction,kt,0.06683106158513999,2019,EXIOBASE v3.8.2 IOT_2016_ixi with Danish sea-transport reallocation (Rørmose Jensen & Iliev 2022)
RoW Europe,RoW Europe,Europe,"Electrical, electronic and measuring equipment",climate_change,kt CO2eq,0.06592025555185904,2019,EXIOBASE v3.8.2 IOT_2016_ixi with Danish sea-transport reallocation (Rørmose Jensen & Iliev 2022)
DEU,Germany,Europe,Coal and Petroleum,waste_generation,kt,0.06584052234501941,2019,EXIOBASE v3.8.2 IOT_2016_ixi with Danish sea-transport reallocation (Rørmose Jensen & Iliev 2022)
RoW Europe,RoW Europe,Europe,Services,waste_generation,kt,0.06565705349425002,2019,EXIOBASE v3.8.2 IOT_2016_ixi with Danish sea-transport reallocation (Rørmose Jensen & Iliev 2022)
HUN,Hungary,Europe,Electricity,waste_generation,kt,0.06565633503238222,2019,EXIOBASE v3.8.2 IOT_2016_ixi with Danish sea-transport reallocation (Rørmose Jensen & Iliev 2022)
RoW Middle East,RoW Middle East,Middle East,Non-metallic mineral products,material_extraction,kt,0.06561976370612331,2019,EXIOBASE v3.8.2 IOT_2016_ixi with Danish sea-transport reallocation (Rørmose Jensen & Iliev 2022)
LUX,Luxembourg,Europe,Electricity,climate_change,kt CO2eq,0.06539838917987556,2019,EXIOBASE v3.8.2 IOT_2016_ixi with Danish sea-transport reallocation (Rørmose Jensen & Iliev 2022)
SVK,Slovakia,Europe,Metal Products,waste_generation,kt,0.06538661926411031,2019,EXIOBASE v3.8.2 IOT_2016_ixi with Danish sea-transport reallocation (Rørmose Jensen & Iliev 2022)
ZAF,South Africa,Africa,Textile,climate_change,kt CO2eq,0.06536682633242193,2019,EXIOBASE v3.8.2 IOT_2016_ixi with Danish sea-transport reallocation (Rørmose Jensen & Iliev 2022)
RUS,Russia,Europe,Electricity,land_use,km2,0.06528510312648998,2019,EXIOBASE v3.8.2 IOT_2016_ixi with Danish sea-transport reallocation (Rørmose Jensen & Iliev 2022)
RoW Asia and Pacific,RoW Asia and Pacific,Asia and Pacific,"Electrical, electronic and measuring equipment",material_extraction,kt,0.0639252507165424,2019,EXIOBASE v3.8.2 IOT_2016_ixi with Danish sea-transport reallocation (Rørmose Jensen & Iliev 2022)
IND,India,Asia and Pacific,"Steam, hot water supply and water distribution",climate_change,kt CO2eq,0.06310429726024562,2019,EXIOBASE v3.8.2 IOT_2016_ixi with Danish sea-transport reallocation (Rørmose Jensen & Iliev 2022)
ESP,Spain,Europe,"Electrical, electronic and measuring equipment",climate_change,kt CO2eq,0.06300925632630429,2019,EXIOBASE v3.8.2 IOT_2016_ixi with Danish sea-transport reallocation (Rørmose Jensen & Iliev 2022)
ZAF,South Africa,Africa,Food and catering,blue_water_consumption,Mm3,0.06296920938019829,2019,EXIOBASE v3.8.2 IOT_2016_ixi with Danish sea-transport reallocation (Rørmose Jensen & Iliev 2022)
CAN,Canada,America,Transport,waste_generation,kt,0.06293799433365997,2019,EXIOBASE v3.8.2 IOT_2016_ixi with Danish sea-transport reallocation (Rørmose Jensen & Iliev 2022)
USA,United States,America,Coal and Petroleum,material_extraction,kt,0.06289381362413475,2019,EXIOBASE v3.8.2 IOT_2016_ixi with Danish sea-transport reallocation (Rørmose Jensen & Iliev 2022)
IDN,Indonesia,Asia and Pacific,Food and catering,blue_water_consumption,Mm3,0.062420009214812444,2019,EXIOBASE v3.8.2 IOT_2016_ixi with Danish sea-transport reallocation (Rørmose Jensen & Iliev 2022)
PRT,Portugal,Europe,Furniture and timber,waste_generation,kt,0.062333023049737334,2019,EXIOBASE v3.8.2 IOT_2016_ixi with Danish sea-transport reallocation (Rørmose Jensen & Iliev 2022)
RoW Europe,RoW Europe,Europe,Furniture and timber,material_extraction,kt,0.061479041187908784,2019,EXIOBASE v3.8.2 IOT_2016_ixi with Danish sea-transport reallocation (Rørmose Jensen & Iliev 2022)
RoW Africa,RoW Africa,Africa,Transport Equipment,climate_change,kt CO2eq,0.06147210732552149,2019,EXIOBASE v3.8.2 IOT_2016_ixi with Danish sea-transport reallocation (Rørmose Jensen & Iliev 2022)
SWE,Sweden,Europe,Services,waste_generation,kt,0.06122384230500165,2019,EXIOBASE v3.8.2 IOT_2016_ixi with Danish sea-transport reallocation (Rørmose Jensen & Iliev 2022)
BGR,Bulgaria,Europe,"Steam, hot water supply and water distribution",waste_generation,kt,0.06115768137017267,2019,EXIOBASE v3.8.2 IOT_2016_ixi with Danish sea-transport reallocation (Rørmose Jensen & Iliev 2022)
TUR,Turkey,Middle East,Paper Products,climate_change,kt CO2eq,0.061025775189709225,2019,EXIOBASE v3.8.2 IOT_2016_ixi with Danish sea-transport reallocation (Rørmose Jensen & Iliev 2022)
RoW Europe,RoW Europe,Europe,"Steam, hot water supply and water distribution",land_use,km2,0.060947919331442224,2019,EXIOBASE v3.8.2 IOT_2016_ixi with Danish sea-transport reallocation (Rørmose Jensen & Iliev 2022)
AUT,Austria,Europe,"Steam, hot water supply and water distribution",waste_generation,kt,0.060901371335729274,2019,EXIOBASE v3.8.2 IOT_2016_ixi with Danish sea-transport reallocation (Rørmose Jensen & Iliev 2022)
HUN,Hungary,Europe,Furniture and timber,land_use,km2,0.06024835849607388,2019,EXIOBASE v3.8.2 IOT_2016_ixi with Danish sea-transport reallocation (Rørmose Jensen & Iliev 2022)
DEU,Germany,Europe,Construction,climate_change,kt CO2eq,0.06011694396797313,2019,EXIOBASE v3.8.2 IOT_2016_ixi with Danish sea-transport reallocation (Rørmose Jensen & Iliev 2022)
DNK,Denmark,Denmark,Metal Products,waste_generation,kt,0.06001836233417426,2019,EXIOBASE v3.8.2 IOT_2016_ixi with Danish sea-transport reallocation (Rørmose Jensen & Iliev 2022)
RoW America,RoW America,America,Furniture and timber,climate_change,kt CO2eq,0.05978410580154565,2019,EXIOBASE v3.8.2 IOT_2016_ixi with Danish sea-transport reallocation (Rørmose Jensen & Iliev 2022)
RoW Africa,RoW Africa,Africa,Furniture and timber,land_use,km2,0.05962587436652046,2019,EXIOBASE v3.8.2 IOT_2016_ixi with Danish sea-transport reallocation (Rørmose Jensen & Iliev 2022)
SVK,Slovakia,Europe,Furniture and timber,climate_change,kt CO2eq,0.05957380567986375,2019,EXIOBASE v3.8.2 IOT_2016_ixi with Danish sea-transport reallocation (Rørmose Jensen & Iliev 2022)
EST,Estonia,Europe,Furniture and timber,climate_change,kt CO2eq,0.05933407475488398,2019,EXIOBASE v3.8.2 IOT_2016_ixi with Danish sea-transport reallocation (Rørmose Jensen & Iliev 2022)
EST,Estonia,Europe,Electricity,waste_generation,kt,0.05906598664888422,2019,EXIOBASE v3.8.2 IOT_2016_ixi with Danish sea-transport reallocation (Rørmose Jensen & Iliev 2022)
CZE,Czech Republic,Europe,Metal Products,material_extraction,kt,0.05870097846098152,2019,EXIOBASE v3.8.2 IOT_2016_ixi with Danish sea-transport reallocation (Rørmose Jensen & Iliev 2022)
USA,United States,America,Metal Products,waste_generation,kt,0.05862196880179038,2019,EXIOBASE v3.8.2 IOT_2016_ixi with Danish sea-transport reallocation (Rørmose Jensen & Iliev 2022)
KOR,South Korea,Asia and Pacific,Transport Equipment,climate_change,kt CO2eq,0.058536630046292074,2019,EXIOBASE v3.8.2 IOT_2016_ixi with Danish sea-transport reallocation (Rørmose Jensen & Iliev 2022)
MLT,Malta,Europe,Services,climate_change,kt CO2eq,0.058521550040065345,2019,EXIOBASE v3.8.2 IOT_2016_ixi with Danish sea-transport reallocation (Rørmose Jensen & Iliev 2022)
CZE,Czech Republic,Europe,Waste management and disposal,waste_generation,kt,0.05828150921852239,2019,EXIOBASE v3.8.2 IOT_2016_ixi with Danish sea-transport reallocation (Rørmose Jensen & Iliev 2022)
SVK,Slovakia,Europe,Minerals and Metals,climate_change,kt CO2eq,0.0582607559502473,2019,EXIOBASE v3.8.2 IOT_2016_ixi with Danish sea-transport reallocation (Rørmose Jensen & Iliev 2022)
RUS,Russia,Europe,Construction,climate_change,kt CO2eq,0.05790706791786532,2019,EXIOBASE v3.8.2 IOT_2016_ixi with Danish sea-transport reallocation (Rørmose Jensen & Iliev 2022)
NLD,Netherlands,Europe,Chemical,blue_water_consumption,Mm3,0.05779285053788642,2019,EXIOBASE v3.8.2 IOT_2016_ixi with Danish sea-transport reallocation (Rørmose Jensen & Iliev 2022)
RoW Europe,RoW Europe,Europe,Transport Equipment,climate_change,kt CO2eq,0.05759859859947791,2019,EXIOBASE v3.8.2 IOT_2016_ixi with Danish sea-transport reallocation (Rørmose Jensen & Iliev 2022)
GBR,United Kingdom,Europe,Food and catering,blue_water_consumption,Mm3,0.05759765101818556,2019,EXIOBASE v3.8.2 IOT_2016_ixi with Danish sea-transport reallocation (Rørmose Jensen & Iliev 2022)
GBR,United Kingdom,Europe,Services,waste_generation,kt,0.05754614994314938,2019,EXIOBASE v3.8.2 IOT_2016_ixi with Danish sea-transport reallocation (Rørmose Jensen & Iliev 2022)
FRA,France,Europe,Furniture and timber,climate_change,kt CO2eq,0.057429674001193545,2019,EXIOBASE v3.8.2 IOT_2016_ixi with Danish sea-transport reallocation (Rørmose Jensen & Iliev 2022)
MEX,Mexico,America,Transport Equipment,climate_change,kt CO2eq,0.0573849861768672,2019,EXIOBASE v3.8.2 IOT_2016_ixi with Danish sea-transport reallocation (Rørmose Jensen & Iliev 2022)
RoW Europe,RoW Europe,Europe,Minerals and Metals,land_use,km2,0.05708368172648455,2019,EXIOBASE v3.8.2 IOT_2016_ixi with Danish sea-transport reallocation (Rørmose Jensen & Iliev 2022)
DEU,Germany,Europe,Electricity,blue_water_consumption,Mm3,0.05701282523282908,2019,EXIOBASE v3.8.2 IOT_2016_ixi with Danish sea-transport reallocation (Rørmose Jensen & Iliev 2022)
RUS,Russia,Europe,Transport Equipment,climate_change,kt CO2eq,0.056702822034095726,2019,EXIOBASE v3.8.2 IOT_2016_ixi with Danish sea-transport reallocation (Rørmose Jensen & Iliev 2022)
TUR,Turkey,Middle East,Electricity,waste_generation,kt,0.05657546158591073,2019,EXIOBASE v3.8.2 IOT_2016_ixi with Danish sea-transport reallocation (Rørmose Jensen & Iliev 2022)
NOR,Norway,Europe,Electricity,climate_change,kt CO2eq,0.056510712290405454,2019,EXIOBASE v3.8.2 IOT_2016_ixi with Danish sea-transport reallocation (Rørmose Jensen & Iliev 2022)
CHE,Switzerland,Europe,Paper Products,climate_change,kt CO2eq,0.05642726894689572,2019,EXIOBASE v3.8.2 IOT_2016_ixi with Danish sea-transport reallocation (Rørmose Jensen & Iliev 2022)
TUR,Turkey,Middle East,Metal Products,waste_generation,kt,0.05634205375605223,2019,EXIOBASE v3.8.2 IOT_2016_ixi with Danish sea-transport reallocation (Rørmose Jensen & Iliev 2022)
ESP,Spain,Europe,Textile,climate_change,kt CO2eq,0.05630818907766032,2019,EXIOBASE v3.8.2 IOT_2016_ixi with Danish sea-transport reallocation (Rørmose Jensen & Iliev 2022)
RoW Asia and Pacific,RoW Asia and Pacific,Asia and Pacific,Minerals and Metals,waste_generation,kt,0.05621091787472306,2019,EXIOBASE v3.8.2 IOT_2016_ixi with Danish sea-transport reallocation (Rørmose Jensen & Iliev 2022)
RoW Africa,RoW Africa,Africa,Minerals and Metals,waste_generation,kt,0.05614569188640558,2019,EXIOBASE v3.8.2 IOT_2016_ixi with Danish sea-transport reallocation (Rørmose Jensen & Iliev 2022)
RoW Africa,RoW Africa,Africa,Electricity,waste_generation,kt,0.056051321885671475,2019,EXIOBASE v3.8.2 IOT_2016_ixi with Danish sea-transport reallocation (Rørmose Jensen & Iliev 2022)
CHE,Switzerland,Europe,Electricity,waste_generation,kt,0.05558766834579456,2019,EXIOBASE v3.8.2 IOT_2016_ixi with Danish sea-transport reallocation (Rørmose Jensen & Iliev 2022)
LVA,Latvia,Europe,Construction,material_extraction,kt,0.05558084451314504,2019,EXIOBASE v3.8.2 IOT_2016_ixi with Danish sea-transport reallocation (Rørmose Jensen & Iliev 2022)
ITA,Italy,Europe,Electricity,waste_generation,kt,0.05539672512178331,2019,EXIOBASE v3.8.2 IOT_2016_ixi with Danish sea-transport reallocation (Rørmose Jensen & Iliev 2022)
RoW Africa,RoW Africa,Africa,Transport Equipment,waste_generation,kt,0.05536948596583311,2019,EXIOBASE v3.8.2 IOT_2016_ixi with Danish sea-transport reallocation (Rørmose Jensen & Iliev 2022)
USA,United States,America,Chemical,blue_water_consumption,Mm3,0.05531555952329906,2019,EXIOBASE v3.8.2 IOT_2016_ixi with Danish sea-transport reallocation (Rørmose Jensen & Iliev 2022)
FRA,France,Europe,General and special Machinery,climate_change,kt CO2eq,0.05515458907920792,2019,EXIOBASE v3.8.2 IOT_2016_ixi with Danish sea-transport reallocation (Rørmose Jensen & Iliev 2022)
CZE,Czech Republic,Europe,"Steam, hot water supply and water distribution",waste_generation,kt,0.054964304159901424,2019,EXIOBASE v3.8.2 IOT_2016_ixi with Danish sea-transport reallocation (Rørmose Jensen & Iliev 2022)
AUS,Australia,Asia and Pacific,Paper Products,climate_change,kt CO2eq,0.05447316877778938,2019,EXIOBASE v3.8.2 IOT_2016_ixi with Danish sea-transport reallocation (Rørmose Jensen & Iliev 2022)
RoW Europe,RoW Europe,Europe,Chemical,land_use,km2,0.05435093113080294,2019,EXIOBASE v3.8.2 IOT_2016_ixi with Danish sea-transport reallocation (Rørmose Jensen & Iliev 2022)
RoW Europe,RoW Europe,Europe,General and special Machinery,material_extraction,kt,0.05429970786220951,2019,EXIOBASE v3.8.2 IOT_2016_ixi with Danish sea-transport reallocation (Rørmose Jensen & Iliev 2022)
BRA,Brazil,America,Metal Products,waste_generation,kt,0.05426667145640316,2019,EXIOBASE v3.8.2 IOT_2016_ixi with Danish sea-transport reallocation (Rørmose Jensen & Iliev 2022)
IND,India,Asia and Pacific,Services,waste_generation,kt,0.05421754878503707,2019,EXIOBASE v3.8.2 IOT_2016_ixi with Danish sea-transport reallocation (Rørmose Jensen & Iliev 2022)
RoW Europe,RoW Europe,Europe,Construction,land_use,km2,0.05405012769884717,2019,EXIOBASE v3.8.2 IOT_2016_ixi with Danish sea-transport reallocation (Rørmose Jensen & Iliev 2022)
RUS,Russia,Europe,Minerals and Metals,land_use,km2,0.053680065974261226,2019,EXIOBASE v3.8.2 IOT_2016_ixi with Danish sea-transport reallocation (Rørmose Jensen & Iliev 2022)
RoW Asia and Pacific,RoW Asia and Pacific,Asia and Pacific,"Electrical, electronic and measuring equipment",waste_generation,kt,0.05288019931546676,2019,EXIOBASE v3.8.2 IOT_2016_ixi with Danish sea-transport reallocation (Rørmose Jensen & Iliev 2022)
LTU,Lithuania,Europe,Electricity,climate_change,kt CO2eq,0.05245865863677762,2019,EXIOBASE v3.8.2 IOT_2016_ixi with Danish sea-transport reallocation (Rørmose Jensen & Iliev 2022)
JPN,Japan,Asia and Pacific,Food and catering,waste_generation,kt,0.052394807500424835,2019,EXIOBASE v3.8.2 IOT_2016_ixi with Danish sea-transport reallocation (Rørmose Jensen & Iliev 2022)
CZE,Czech Republic,Europe,Furniture and timber,land_use,km2,0.05174932086371878,2019,EXIOBASE v3.8.2 IOT_2016_ixi with Danish sea-transport reallocation (Rørmose Jensen & Iliev 2022)
RUS,Russia,Europe,Waste management and disposal,land_use,km2,0.05146812095053519,2019,EXIOBASE v3.8.2 IOT_2016_ixi with Danish sea-transport reallocation (Rørmose Jensen & Iliev 2022)
GRC,Greece,Europe,Electricity,waste_generation,kt,0.051291186983452954,2019,EXIOBASE v3.8.2 IOT_2016_ixi with Danish sea-transport reallocation (Rørmose Jensen & Iliev 2022)
GBR,United Kingdom,Europe,Paper Products,waste_generation,kt,0.05115689197649842,2019,EXIOBASE v3.8.2 IOT_2016_ixi with Danish sea-transport reallocation (Rørmose Jensen & Iliev 2022)
ROU,Romania,Europe,Chemical,waste_generation,kt,0.05085797880684556,2019,EXIOBASE v3.8.2 IOT_2016_ixi with Danish sea-transport reallocation (Rørmose Jensen & Iliev 2022)
SWE,Sweden,Europe,"Electrical, electronic and measuring equipment",waste_generation,kt,0.050851119722585415,2019,EXIOBASE v3.8.2 IOT_2016_ixi with Danish sea-transport reallocation (Rørmose Jensen & Iliev 2022)
FIN,Finland,Europe,Metal Products,waste_generation,kt,0.05033553464288301,2019,EXIOBASE v3.8.2 IOT_2016_ixi with Danish sea-transport reallocation (Rørmose Jensen & Iliev 2022)
EST,Estonia,Europe,Coal and Petroleum,climate_change,kt CO2eq,0.05027079691836114,2019,EXIOBASE v3.8.2 IOT_2016_ixi with Danish sea-transport reallocation (Rørmose Jensen & Iliev 2022)
CHE,Switzerland,Europe,"Steam, hot water supply and water distribution",climate_change,kt CO2eq,0.050145065102707914,2019,EXIOBASE v3.8.2 IOT_2016_ixi with Danish sea-transport reallocation (Rørmose Jensen & Iliev 2022)
SVN,Slovenia,Europe,Minerals and Metals,climate_change,kt CO2eq,0.04985708997259057,2019,EXIOBASE v3.8.2 IOT_2016_ixi with Danish sea-transport reallocation (Rørmose Jensen & Iliev 2022)
RoW Asia and Pacific,RoW Asia and Pacific,Asia and Pacific,Natural gas and gaseous fuels,waste_generation,kt,0.049595176226413684,2019,EXIOBASE v3.8.2 IOT_2016_ixi with Danish sea-transport reallocation (Rørmose Jensen & Iliev 2022)
SVK,Slovakia,Europe,Paper Products,climate_change,kt CO2eq,0.04924311195377297,2019,EXIOBASE v3.8.2 IOT_2016_ixi with Danish sea-transport reallocation (Rørmose Jensen & Iliev 2022)
RoW Africa,RoW Africa,Africa,Chemical,blue_water_consumption,Mm3,0.04919285036704108,2019,EXIOBASE v3.8.2 IOT_2016_ixi with Danish sea-transport reallocation (Rørmose Jensen & Iliev 2022)
POL,Poland,Europe,Transport Equipment,climate_change,kt CO2eq,0.04912200783432698,2019,EXIOBASE v3.8.2 IOT_2016_ixi with Danish sea-transport reallocation (Rørmose Jensen & Iliev 2022)
BEL,Belgium,Europe,Furniture and timber,climate_change,kt CO2eq,0.04903303139939605,2019,EXIOBASE v3.8.2 IOT_2016_ixi with Danish sea-transport reallocation (Rørmose Jensen & Iliev 2022)
GBR,United Kingdom,Europe,Chemical,blue_water_consumption,Mm3,0.049025008362478605,2019,EXIOBASE v3.8.2 IOT_2016_ixi with Danish sea-transport reallocation (Rørmose Jensen & Iliev 2022)
NOR,Norway,Europe,General and special Machinery,waste_generation,kt,0.04896981172221997,2019,EXIOBASE v3.8.2 IOT_2016_ixi with Danish sea-transport reallocation (Rørmose Jensen & Iliev 2022)
EST,Estonia,Europe,Paper Products,climate_change,kt CO2eq,0.04882229217572025,2019,EXIOBASE v3.8.2 IOT_2016_ixi with Danish sea-transport reallocation (Rørmose Jensen & Iliev 2022)
POL,Poland,Europe,Transport,land_use,km2,0.04881183839694757,2019,EXIOBASE v3.8.2 IOT_2016_ixi with Danish sea-transport reallocation (Rørmose Jensen & Iliev 2022)
MEX,Mexico,America,Metal Products,land_use,km2,0.048744477155286466,2019,EXIOBASE v3.8.2 IOT_2016_ixi with Danish sea-transport reallocation (Rørmose Jensen & Iliev 2022)
DNK,Denmark,Denmark,General and special Machinery,waste_generation,kt,0.0487424197265624,2019,EXIOBASE v3.8.2 IOT_2016_ixi with Danish sea-transport reallocation (Rørmose Jensen & Iliev 2022)
ESP,Spain,Europe,Coal and Petroleum,waste_generation,kt,0.04874157062699989,2019,EXIOBASE v3.8.2 IOT_2016_ixi with Danish sea-transport reallocation (Rørmose Jensen & Iliev 2022)
BRA,Brazil,America,Non-metallic mineral products,material_extraction,kt,0.04848205689538429,2019,EXIOBASE v3.8.2 IOT_2016_ixi with Danish sea-transport reallocation (Rørmose Jensen & Iliev 2022)
FIN,Finland,Europe,"Steam, hot water supply and water distribution",waste_generation,kt,0.048227703095007415,2019,EXIOBASE v3.8.2 IOT_2016_ixi with Danish sea-transport reallocation (Rørmose Jensen & Iliev 2022)
RoW Asia and Pacific,RoW Asia and Pacific,Asia and Pacific,Metal Products,blue_water_consumption,Mm3,0.048105995158536086,2019,EXIOBASE v3.8.2 IOT_2016_ixi with Danish sea-transport reallocation (Rørmose Jensen & Iliev 2022)
IRL,Ireland,Europe,Electricity,waste_generation,kt,0.04802825973103103,2019,EXIOBASE v3.8.2 IOT_2016_ixi with Danish sea-transport reallocation (Rørmose Jensen & Iliev 2022)
CHE,Switzerland,Europe,Construction,climate_change,kt CO2eq,0.04758415922815736,2019,EXIOBASE v3.8.2 IOT_2016_ixi with Danish sea-transport reallocation (Rørmose Jensen & Iliev 2022)
RoW Africa,RoW Africa,Africa,Textile,waste_generation,kt,0.047463505219407356,2019,EXIOBASE v3.8.2 IOT_2016_ixi with Danish sea-transport reallocation (Rørmose Jensen & Iliev 2022)
IRL,Ireland,Europe,Coal and Petroleum,waste_generation,kt,0.04708859851659003,2019,EXIOBASE v3.8.2 IOT_2016_ixi with Danish sea-transport reallocation (Rørmose Jensen & Iliev 2022)
CZE,Czech Republic,Europe,Furniture and timber,climate_change,kt CO2eq,0.04707375348735381,2019,EXIOBASE v3.8.2 IOT_2016_ixi with Danish sea-transport reallocation (Rørmose Jensen & Iliev 2022)
SVN,Slovenia,Europe,Furniture and timber,land_use,km2,0.04700027103523336,2019,EXIOBASE v3.8.2 IOT_2016_ixi with Danish sea-transport reallocation (Rørmose Jensen & Iliev 2022)
RUS,Russia,Europe,General and special Machinery,climate_change,kt CO2eq,0.0469766937071917,2019,EXIOBASE v3.8.2 IOT_2016_ixi with Danish sea-transport reallocation (Rørmose Jensen & Iliev 2022)
IRL,Ireland,Europe,Minerals and Metals,climate_change,kt CO2eq,0.046812348214670035,2019,EXIOBASE v3.8.2 IOT_2016_ixi with Danish sea-transport reallocation (Rørmose Jensen & Iliev 2022)
CZE,Czech Republic,Europe,Textile,climate_change,kt CO2eq,0.0466881418246389,2019,EXIOBASE v3.8.2 IOT_2016_ixi with Danish sea-transport reallocation (Rørmose Jensen & Iliev 2022)
CHE,Switzerland,Europe,"Electrical, electronic and measuring equipment",climate_change,kt CO2eq,0.04664251770058427,2019,EXIOBASE v3.8.2 IOT_2016_ixi with Danish sea-transport reallocation (Rørmose Jensen & Iliev 2022)
BGR,Bulgaria,Europe,Chemical,waste_generation,kt,0.04638746474787351,2019,EXIOBASE v3.8.2 IOT_2016_ixi with Danish sea-transport reallocation (Rørmose Jensen & Iliev 2022)
SWE,Sweden,Europe,Paper Products,blue_water_consumption,Mm3,0.046257988718877416,2019,EXIOBASE v3.8.2 IOT_2016_ixi with Danish sea-transport reallocation (Rørmose Jensen & Iliev 2022)
BGR,Bulgaria,Europe,Textile,climate_change,kt CO2eq,0.04620953757929895,2019,EXIOBASE v3.8.2 IOT_2016_ixi with Danish sea-transport reallocation (Rørmose Jensen & Iliev 2022)
BGR,Bulgaria,Europe,Construction,climate_change,kt CO2eq,0.04617591315075729,2019,EXIOBASE v3.8.2 IOT_2016_ixi with Danish sea-transport reallocation (Rørmose Jensen & Iliev 2022)
RoW Africa,RoW Africa,Africa,Metal Products,waste_generation,kt,0.04581990665307903,2019,EXIOBASE v3.8.2 IOT_2016_ixi with Danish sea-transport reallocation (Rørmose Jensen & Iliev 2022)
AUS,Australia,Asia and Pacific,Chemical,waste_generation,kt,0.04581173094851492,2019,EXIOBASE v3.8.2 IOT_2016_ixi with Danish sea-transport reallocation (Rørmose Jensen & Iliev 2022)
EST,Estonia,Europe,Construction,material_extraction,kt,0.04561094137013583,2019,EXIOBASE v3.8.2 IOT_2016_ixi with Danish sea-transport reallocation (Rørmose Jensen & Iliev 2022)
CAN,Canada,America,Food and catering,blue_water_consumption,Mm3,0.04543382705287493,2019,EXIOBASE v3.8.2 IOT_2016_ixi with Danish sea-transport reallocation (Rørmose Jensen & Iliev 2022)
CYP,Cyprus,Middle East,Non-metallic mineral products,climate_change,kt CO2eq,0.04532056417324564,2019,EXIOBASE v3.8.2 IOT_2016_ixi with Danish sea-transport reallocation (Rørmose Jensen & Iliev 2022)
ZAF,South Africa,Africa,"Steam, hot water supply and water distribution",climate_change,kt CO2eq,0.04521642683292875,2019,EXIOBASE v3.8.2 IOT_2016_ixi with Danish sea-transport reallocation (Rørmose Jensen & Iliev 2022)
IRL,Ireland,Europe,Coal and Petroleum,climate_change,kt CO2eq,0.04521233760070219,2019,EXIOBASE v3.8.2 IOT_2016_ixi with Danish sea-transport reallocation (Rørmose Jensen & Iliev 2022)
SVK,Slovakia,Europe,Electricity,climate_change,kt CO2eq,0.04509331575813733,2019,EXIOBASE v3.8.2 IOT_2016_ixi with Danish sea-transport reallocation (Rørmose Jensen & Iliev 2022)
CAN,Canada,America,Metal Products,waste_generation,kt,0.04508726194362129,2019,EXIOBASE v3.8.2 IOT_2016_ixi with Danish sea-transport reallocation (Rørmose Jensen & Iliev 2022)
FIN,Finland,Europe,Furniture and timber,land_use,km2,0.04479279147932189,2019,EXIOBASE v3.8.2 IOT_2016_ixi with Danish sea-transport reallocation (Rørmose Jensen & Iliev 2022)
RoW Africa,RoW Africa,Africa,Chemical,land_use,km2,0.04438281286188843,2019,EXIOBASE v3.8.2 IOT_2016_ixi with Danish sea-transport reallocation (Rørmose Jensen & Iliev 2022)
RoW Africa,RoW Africa,Africa,Paper Products,waste_generation,kt,0.04434783010304183,2019,EXIOBASE v3.8.2 IOT_2016_ixi with Danish sea-transport reallocation (Rørmose Jensen & Iliev 2022)
IDN,Indonesia,Asia and Pacific,Electricity,waste_generation,kt,0.04419841077345668,2019,EXIOBASE v3.8.2 IOT_2016_ixi with Danish sea-transport reallocation (Rørmose Jensen & Iliev 2022)
POL,Poland,Europe,"Electrical, electronic and measuring equipment",waste_generation,kt,0.043974549619101445,2019,EXIOBASE v3.8.2 IOT_2016_ixi with Danish sea-transport reallocation (Rørmose Jensen & Iliev 2022)
IDN,Indonesia,Asia and Pacific,Natural gas and gaseous fuels,climate_change,kt CO2eq,0.043912332949991584,2019,EXIOBASE v3.8.2 IOT_2016_ixi with Danish sea-transport reallocation (Rørmose Jensen & Iliev 2022)
NOR,Norway,Europe,Food and catering,blue_water_consumption,Mm3,0.043873655722082905,2019,EXIOBASE v3.8.2 IOT_2016_ixi with Danish sea-transport reallocation (Rørmose Jensen & Iliev 2022)
HUN,Hungary,Europe,Transport,material_extraction,kt,0.04377980719604334,2019,EXIOBASE v3.8.2 IOT_2016_ixi with Danish sea-transport reallocation (Rørmose Jensen & Iliev 2022)
ROU,Romania,Europe,Electricity,waste_generation,kt,0.04364620699176139,2019,EXIOBASE v3.8.2 IOT_2016_ixi with Danish sea-transport reallocation (Rørmose Jensen & Iliev 2022)
RoW Europe,RoW Europe,Europe,Transport Equipment,material_extraction,kt,0.04359355261119114,2019,EXIOBASE v3.8.2 IOT_2016_ixi with Danish sea-transport reallocation (Rørmose Jensen & Iliev 2022)
LTU,Lithuania,Europe,Textile,climate_change,kt CO2eq,0.04340243015406175,2019,EXIOBASE v3.8.2 IOT_2016_ixi with Danish sea-transport reallocation (Rørmose Jensen & Iliev 2022)
CZE,Czech Republic,Europe,Metal Products,waste_generation,kt,0.043285016232496205,2019,EXIOBASE v3.8.2 IOT_2016_ixi with Danish sea-transport reallocation (Rørmose Jensen & Iliev 2022)
CHE,Switzerland,Europe,Natural gas and gaseous fuels,climate_change,kt CO2eq,0.043233738762226644,2019,EXIOBASE v3.8.2 IOT_2016_ixi with Danish sea-transport reallocation (Rørmose Jensen & Iliev 2022)
RUS,Russia,Europe,Waste management and disposal,waste_generation,kt,0.04321294672584286,2019,EXIOBASE v3.8.2 IOT_2016_ixi with Danish sea-transport reallocation (Rørmose Jensen & Iliev 2022)
SVN,Slovenia,Europe,Construction,material_extraction,kt,0.04294898017366021,2019,EXIOBASE v3.8.2 IOT_2016_ixi with Danish sea-transport reallocation (Rørmose Jensen & Iliev 2022)
DEU,Germany,Europe,Furniture and timber,waste_generation,kt,0.042847907963928095,2019,EXIOBASE v3.8.2 IOT_2016_ixi with Danish sea-transport reallocation (Rørmose Jensen & Iliev 2022)
DNK,Denmark,Denmark,Transport Equipment,waste_generation,kt,0.04281603084232047,2019,EXIOBASE v3.8.2 IOT_2016_ixi with Danish sea-transport reallocation (Rørmose Jensen & Iliev 2022)
ZAF,South Africa,Africa,Metal Products,waste_generation,kt,0.04263513175094926,2019,EXIOBASE v3.8.2 IOT_2016_ixi with Danish sea-transport reallocation (Rørmose Jensen & Iliev 2022)
NOR,Norway,Europe,Metal Products,waste_generation,kt,0.0425258301471125,2019,EXIOBASE v3.8.2 IOT_2016_ixi with Danish sea-transport reallocation (Rørmose Jensen & Iliev 2022)
BEL,Belgium,Europe,Waste management and disposal,land_use,km2,0.0425051151600744,2019,EXIOBASE v3.8.2 IOT_2016_ixi with Danish sea-transport reallocation (Rørmose Jensen & Iliev 2022)
RoW Europe,RoW Europe,Europe,Paper Products,material_extraction,kt,0.04225965579049099,2019,EXIOBASE v3.8.2 IOT_2016_ixi with Danish sea-transport reallocation (Rørmose Jensen & Iliev 2022)
RoW Middle East,RoW Middle East,Middle East,Textile,material_extraction,kt,0.042256133295275736,2019,EXIOBASE v3.8.2 IOT_2016_ixi with Danish sea-transport reallocation (Rørmose Jensen & Iliev 2022)
RoW Europe,RoW Europe,Europe,Electricity,blue_water_consumption,Mm3,0.04217807770803376,2019,EXIOBASE v3.8.2 IOT_2016_ixi with Danish sea-transport reallocation (Rørmose Jensen & Iliev 2022)
RoW Europe,RoW Europe,Europe,General and special Machinery,climate_change,kt CO2eq,0.04212554080621299,2019,EXIOBASE v3.8.2 IOT_2016_ixi with Danish sea-transport reallocation (Rørmose Jensen & Iliev 2022)
IND,India,Asia and Pacific,Non-metallic mineral products,material_extraction,kt,0.04209985868131581,2019,EXIOBASE v3.8.2 IOT_2016_ixi with Danish sea-transport reallocation (Rørmose Jensen & Iliev 2022)
CAN,Canada,America,Coal and Petroleum,material_extraction,kt,0.04207831816045795,2019,EXIOBASE v3.8.2 IOT_2016_ixi with Danish sea-transport reallocation (Rørmose Jensen & Iliev 2022)
RoW Africa,RoW Africa,Africa,Non-metallic mineral products,waste_generation,kt,0.04189551357069533,2019,EXIOBASE v3.8.2 IOT_2016_ixi with Danish sea-transport reallocation (Rørmose Jensen & Iliev 2022)
KOR,South Korea,Asia and Pacific,Chemical,waste_generation,kt,0.0416995832043226,2019,EXIOBASE v3.8.2 IOT_2016_ixi with Danish sea-transport reallocation (Rørmose Jensen & Iliev 2022)
MEX,Mexico,America,Textile,climate_change,kt CO2eq,0.041595529031683134,2019,EXIOBASE v3.8.2 IOT_2016_ixi with Danish sea-transport reallocation (Rørmose Jensen & Iliev 2022)
RoW Middle East,RoW Middle East,Middle East,Transport Equipment,climate_change,kt CO2eq,0.04154751943265076,2019,EXIOBASE v3.8.2 IOT_2016_ixi with Danish sea-transport reallocation (Rørmose Jensen & Iliev 2022)
CHN,China,Asia and Pacific,Textile,blue_water_consumption,Mm3,0.04133610494325468,2019,EXIOBASE v3.8.2 IOT_2016_ixi with Danish sea-transport reallocation (Rørmose Jensen & Iliev 2022)
RoW America,RoW America,America,General and special Machinery,climate_change,kt CO2eq,0.04125405212166758,2019,EXIOBASE v3.8.2 IOT_2016_ixi with Danish sea-transport reallocation (Rørmose Jensen & Iliev 2022)
MEX,Mexico,America,Chemical,waste_generation,kt,0.040864577174948395,2019,EXIOBASE v3.8.2 IOT_2016_ixi with Danish sea-transport reallocation (Rørmose Jensen & Iliev 2022)
POL,Poland,Europe,Textile,climate_change,kt CO2eq,0.040858263895389886,2019,EXIOBASE v3.8.2 IOT_2016_ixi with Danish sea-transport reallocation (Rørmose Jensen & Iliev 2022)
LVA,Latvia,Europe,Furniture and timber,climate_change,kt CO2eq,0.040854939425954834,2019,EXIOBASE v3.8.2 IOT_2016_ixi with Danish sea-transport reallocation (Rørmose Jensen & Iliev 2022)
BGR,Bulgaria,Europe,Services,material_extraction,kt,0.04081632467652755,2019,EXIOBASE v3.8.2 IOT_2016_ixi with Danish sea-transport reallocation (Rørmose Jensen & Iliev 2022)
AUT,Austria,Europe,Furniture and timber,climate_change,kt CO2eq,0.040307793726064196,2019,EXIOBASE v3.8.2 IOT_2016_ixi with Danish sea-transport reallocation (Rørmose Jensen & Iliev 2022)
RoW Asia and Pacific,RoW Asia and Pacific,Asia and Pacific,Electricity,blue_water_consumption,Mm3,0.04000528482447856,2019,EXIOBASE v3.8.2 IOT_2016_ixi with Danish sea-transport reallocation (Rørmose Jensen & Iliev 2022)
NOR,Norway,Europe,Furniture and timber,waste_generation,kt,0.03994434133461989,2019,EXIOBASE v3.8.2 IOT_2016_ixi with Danish sea-transport reallocation (Rørmose Jensen & Iliev 2022)
CZE,Czech Republic,Europe,Services,waste_generation,kt,0.03990423293114951,2019,EXIOBASE v3.8.2 IOT_2016_ixi with Danish sea-transport reallocation (Rørmose Jensen & Iliev 2022)
CAN,Canada,America,Metal Products,material_extraction,kt,0.039893463697201426,2019,EXIOBASE v3.8.2 IOT_2016_ixi with Danish sea-transport reallocation (Rørmose Jensen & Iliev 2022)
MEX,Mexico,America,Paper Products,climate_change,kt CO2eq,0.039859176415953254,2019,EXIOBASE v3.8.2 IOT_2016_ixi with Danish sea-transport reallocation (Rørmose Jensen & Iliev 2022)
ITA,Italy,Europe,Construction,climate_change,kt CO2eq,0.03979222726495262,2019,EXIOBASE v3.8.2 IOT_2016_ixi with Danish sea-transport reallocation (Rørmose Jensen & Iliev 2022)
BGR,Bulgaria,Europe,Chemical,land_use,km2,0.03977592177282126,2019,EXIOBASE v3.8.2 IOT_2016_ixi with Danish sea-transport reallocation (Rørmose Jensen & Iliev 2022)
FIN,Finland,Europe,Transport Equipment,climate_change,kt CO2eq,0.03955787379192751,2019,EXIOBASE v3.8.2 IOT_2016_ixi with Danish sea-transport reallocation (Rørmose Jensen & Iliev 2022)
NLD,Netherlands,Europe,General and special Machinery,climate_change,kt CO2eq,0.03939458351561512,2019,EXIOBASE v3.8.2 IOT_2016_ixi with Danish sea-transport reallocation (Rørmose Jensen & Iliev 2022)
LUX,Luxembourg,Europe,Waste management and disposal,waste_generation,kt,0.03910041109533354,2019,EXIOBASE v3.8.2 IOT_2016_ixi with Danish sea-transport reallocation (Rørmose Jensen & Iliev 2022)
RoW America,RoW America,America,Chemical,land_use,km2,0.03884599553312733,2019,EXIOBASE v3.8.2 IOT_2016_ixi with Danish sea-transport reallocation (Rørmose Jensen & Iliev 2022)
FRA,France,Europe,Construction,waste_generation,kt,0.038726162229177644,2019,EXIOBASE v3.8.2 IOT_2016_ixi with Danish sea-transport reallocation (Rørmose Jensen & Iliev 2022)
KOR,South Korea,Asia and Pacific,Food and catering,blue_water_consumption,Mm3,0.03860451529094439,2019,EXIOBASE v3.8.2 IOT_2016_ixi with Danish sea-transport reallocation (Rørmose Jensen & Iliev 2022)
MEX,Mexico,America,Electricity,waste_generation,kt,0.03836302668924239,2019,EXIOBASE v3.8.2 IOT_2016_ixi with Danish sea-transport reallocation (Rørmose Jensen & Iliev 2022)
RoW Asia and Pacific,RoW Asia and Pacific,Asia and Pacific,Chemical,material_extraction,kt,0.038181792606655066,2019,EXIOBASE v3.8.2 IOT_2016_ixi with Danish sea-transport reallocation (Rørmose Jensen & Iliev 2022)
RoW Europe,RoW Europe,Europe,Coal and Petroleum,land_use,km2,0.0377307943717138,2019,EXIOBASE v3.8.2 IOT_2016_ixi with Danish sea-transport reallocation (Rørmose Jensen & Iliev 2022)
TWN,Taiwan,Asia and Pacific,Textile,climate_change,kt CO2eq,0.037591440244569445,2019,EXIOBASE v3.8.2 IOT_2016_ixi with Danish sea-transport reallocation (Rørmose Jensen & Iliev 2022)
RoW Asia and Pacific,RoW Asia and Pacific,Asia and Pacific,Coal and Petroleum,land_use,km2,0.03753018004797547,2019,EXIOBASE v3.8.2 IOT_2016_ixi with Danish sea-transport reallocation (Rørmose Jensen & Iliev 2022)
BEL,Belgium,Europe,Chemical,blue_water_consumption,Mm3,0.036935429149321825,2019,EXIOBASE v3.8.2 IOT_2016_ixi with Danish sea-transport reallocation (Rørmose Jensen & Iliev 2022)
SVK,Slovakia,Europe,Chemical,waste_generation,kt,0.03683322715165731,2019,EXIOBASE v3.8.2 IOT_2016_ixi with Danish sea-transport reallocation (Rørmose Jensen & Iliev 2022)
IND,India,Asia and Pacific,Coal and Petroleum,waste_generation,kt,0.03674787761178441,2019,EXIOBASE v3.8.2 IOT_2016_ixi with Danish sea-transport reallocation (Rørmose Jensen & Iliev 2022)
CHN,China,Asia and Pacific,Waste management and disposal,waste_generation,kt,0.036664476493504426,2019,EXIOBASE v3.8.2 IOT_2016_ixi with Danish sea-transport reallocation (Rørmose Jensen & Iliev 2022)
CHN,China,Asia and Pacific,Electricity,blue_water_consumption,Mm3,0.03664378787822057,2019,EXIOBASE v3.8.2 IOT_2016_ixi with Danish sea-transport reallocation (Rørmose Jensen & Iliev 2022)
RoW Europe,RoW Europe,Europe,Textile,material_extraction,kt,0.03651733416464535,2019,EXIOBASE v3.8.2 IOT_2016_ixi with Danish sea-transport reallocation (Rørmose Jensen & Iliev 2022)
FRA,France,Europe,Services,waste_generation,kt,0.03646359084192148,2019,EXIOBASE v3.8.2 IOT_2016_ixi with Danish sea-transport reallocation (Rørmose Jensen & Iliev 2022)
RoW America,RoW America,America,Furniture and timber,material_extraction,kt,0.03643731477712252,2019,EXIOBASE v3.8.2 IOT_2016_ixi with Danish sea-transport reallocation (Rørmose Jensen & Iliev 2022)
SVK,Slovakia,Europe,Transport,waste_generation,kt,0.036428576063793336,2019,EXIOBASE v3.8.2 IOT_2016_ixi with Danish sea-transport reallocation (Rørmose Jensen & Iliev 2022)
CHN,China,Asia and Pacific,Minerals and Metals,waste_generation,kt,0.036414705711650695,2019,EXIOBASE v3.8.2 IOT_2016_ixi with Danish sea-transport reallocation (Rørmose Jensen & Iliev 2022)
CZE,Czech Republic,Europe,General and special Machinery,climate_change,kt CO2eq,0.036159071772982346,2019,EXIOBASE v3.8.2 IOT_2016_ixi with Danish sea-transport reallocation (Rørmose Jensen & Iliev 2022)
IND,India,Asia and Pacific,Paper Products,blue_water_consumption,Mm3,0.0361588356860555,2019,EXIOBASE v3.8.2 IOT_2016_ixi with Danish sea-transport reallocation (Rørmose Jensen & Iliev 2022)
AUT,Austria,Europe,Construction,waste_generation,kt,0.03612635039568091,2019,EXIOBASE v3.8.2 IOT_2016_ixi with Danish sea-transport reallocation (Rørmose Jensen & Iliev 2022)
RoW Middle East,RoW Middle East,Middle East,"Electrical, electronic and measuring equipment",material_extraction,kt,0.03541922391596049,2019,EXIOBASE v3.8.2 IOT_2016_ixi with Danish sea-transport reallocation (Rørmose Jensen & Iliev 2022)
HRV,Croatia,Europe,Paper Products,climate_change,kt CO2eq,0.035330994082638574,2019,EXIOBASE v3.8.2 IOT_2016_ixi with Danish sea-transport reallocation (Rørmose Jensen & Iliev 2022)
FIN,Finland,Europe,Furniture and timber,material_extraction,kt,0.03531344878089829,2019,EXIOBASE v3.8.2 IOT_2016_ixi with Danish sea-transport reallocation (Rørmose Jensen & Iliev 2022)
CAN,Canada,America,Waste management and disposal,waste_generation,kt,0.03522280083513876,2019,EXIOBASE v3.8.2 IOT_2016_ixi with Danish sea-transport reallocation (Rørmose Jensen & Iliev 2022)
TUR,Turkey,Middle East,Chemical,waste_generation,kt,0.035205814239573925,2019,EXIOBASE v3.8.2 IOT_2016_ixi with Danish sea-transport reallocation (Rørmose Jensen & Iliev 2022)
SWE,Sweden,Europe,General and special Machinery,climate_change,kt CO2eq,0.03515909336111209,2019,EXIOBASE v3.8.2 IOT_2016_ixi with Danish sea-transport reallocation (Rørmose Jensen & Iliev 2022)
MLT,Malta,Europe,Furniture and timber,climate_change,kt CO2eq,0.035014498281559364,2019,EXIOBASE v3.8.2 IOT_2016_ixi with Danish sea-transport reallocation (Rørmose Jensen & Iliev 2022)
FRA,France,Europe,Chemical,waste_generation,kt,0.0349481879390701,2019,EXIOBASE v3.8.2 IOT_2016_ixi with Danish sea-transport reallocation (Rørmose Jensen & Iliev 2022)
LTU,Lithuania,Europe,Furniture and timber,climate_change,kt CO2eq,0.0349355050623624,2019,EXIOBASE v3.8.2 IOT_2016_ixi with Danish sea-transport reallocation (Rørmose Jensen & Iliev 2022)
HUN,Hungary,Europe,Metal Products,material_extraction,kt,0.034848847332147,2019,EXIOBASE v3.8.2 IOT_2016_ixi with Danish sea-transport reallocation (Rørmose Jensen & Iliev 2022)
ITA,Italy,Europe,Services,land_use,km2,0.034775464654556235,2019,EXIOBASE v3.8.2 IOT_2016_ixi with Danish sea-transport reallocation (Rørmose Jensen & Iliev 2022)
POL,Poland,Europe,Furniture and timber,waste_generation,kt,0.03455947389947105,2019,EXIOBASE v3.8.2 IOT_2016_ixi with Danish sea-transport reallocation (Rørmose Jensen & Iliev 2022)
CAN,Canada,America,Construction,climate_change,kt CO2eq,0.034320653237671035,2019,EXIOBASE v3.8.2 IOT_2016_ixi with Danish sea-transport reallocation (Rørmose Jensen & Iliev 2022)
IRL,Ireland,Europe,Natural gas and gaseous fuels,climate_change,kt CO2eq,0.03430973945029373,2019,EXIOBASE v3.8.2 IOT_2016_ixi with Danish sea-transport reallocation (Rørmose Jensen & Iliev 2022)
AUT,Austria,Europe,Construction,climate_change,kt CO2eq,0.03428767840779358,2019,EXIOBASE v3.8.2 IOT_2016_ixi with Danish sea-transport reallocation (Rørmose Jensen & Iliev 2022)
PRT,Portugal,Europe,Chemical,waste_generation,kt,0.034013114655540216,2019,EXIOBASE v3.8.2 IOT_2016_ixi with Danish sea-transport reallocation (Rørmose Jensen & Iliev 2022)
JPN,Japan,Asia and Pacific,Chemical,waste_generation,kt,0.033769548308413784,2019,EXIOBASE v3.8.2 IOT_2016_ixi with Danish sea-transport reallocation (Rørmose Jensen & Iliev 2022)
LVA,Latvia,Europe,Metal Products,waste_generation,kt,0.033678117787719425,2019,EXIOBASE v3.8.2 IOT_2016_ixi with Danish sea-transport reallocation (Rørmose Jensen & Iliev 2022)
POL,Poland,Europe,Non-metallic mineral products,waste_generation,kt,0.03363955393746474,2019,EXIOBASE v3.8.2 IOT_2016_ixi with Danish sea-transport reallocation (Rørmose Jensen & Iliev 2022)
DNK,Denmark,Denmark,Paper Products,blue_water_consumption,Mm3,0.033525545639074575,2019,EXIOBASE v3.8.2 IOT_2016_ixi with Danish sea-transport reallocation (Rørmose Jensen & Iliev 2022)
RoW Europe,RoW Europe,Europe,Construction,waste_generation,kt,0.03351593882513604,2019,EXIOBASE v3.8.2 IOT_2016_ixi with Danish sea-transport reallocation (Rørmose Jensen & Iliev 2022)
IRL,Ireland,Europe,Food and catering,blue_water_consumption,Mm3,0.03351137043411818,2019,EXIOBASE v3.8.2 IOT_2016_ixi with Danish sea-transport reallocation (Rørmose Jensen & Iliev 2022)
KOR,South Korea,Asia and Pacific,Furniture and timber,climate_change,kt CO2eq,0.033430775101854,2019,EXIOBASE v3.8.2 IOT_2016_ixi with Danish sea-transport reallocation (Rørmose Jensen & Iliev 2022)
ESP,Spain,Europe,Services,waste_generation,kt,0.03334386912569469,2019,EXIOBASE v3.8.2 IOT_2016_ixi with Danish sea-transport reallocation (Rørmose Jensen & Iliev 2022)
PRT,Portugal,Europe,Electricity,waste_generation,kt,0.03313732510014433,2019,EXIOBASE v3.8.2 IOT_2016_ixi with Danish sea-transport reallocation (Rørmose Jensen & Iliev 2022)
POL,Poland,Europe,Construction,climate_change,kt CO2eq,0.033089147076982565,2019,EXIOBASE v3.8.2 IOT_2016_ixi with Danish sea-transport reallocation (Rørmose Jensen & Iliev 2022)
RoW America,RoW America,America,"Electrical, electronic and measuring equipment",climate_change,kt CO2eq,0.033030137882200335,2019,EXIOBASE v3.8.2 IOT_2016_ixi with Danish sea-transport reallocation (Rørmose Jensen & Iliev 2022)
SVN,Slovenia,Europe,Electricity,waste_generation,kt,0.03298255077353645,2019,EXIOBASE v3.8.2 IOT_2016_ixi with Danish sea-transport reallocation (Rørmose Jensen & Iliev 2022)
PRT,Portugal,Europe,Textile,climate_change,kt CO2eq,0.03296886842657453,2019,EXIOBASE v3.8.2 IOT_2016_ixi with Danish sea-transport reallocation (Rørmose Jensen & Iliev 2022)
RoW Asia and Pacific,RoW Asia and Pacific,Asia and Pacific,"Steam, hot water supply and water distribution",material_extraction,kt,0.03290786047419005,2019,EXIOBASE v3.8.2 IOT_2016_ixi with Danish sea-transport reallocation (Rørmose Jensen & Iliev 2022)
TWN,Taiwan,Asia and Pacific,Transport Equipment,climate_change,kt CO2eq,0.03270553944368995,2019,EXIOBASE v3.8.2 IOT_2016_ixi with Danish sea-transport reallocation (Rørmose Jensen & Iliev 2022)
FRA,France,Europe,Transport Equipment,climate_change,kt CO2eq,0.03263205418912691,2019,EXIOBASE v3.8.2 IOT_2016_ixi with Danish sea-transport reallocation (Rørmose Jensen & Iliev 2022)
LTU,Lithuania,Europe,Paper Products,climate_change,kt CO2eq,0.03239972956451212,2019,EXIOBASE v3.8.2 IOT_2016_ixi with Danish sea-transport reallocation (Rørmose Jensen & Iliev 2022)
IRL,Ireland,Europe,Chemical,blue_water_consumption,Mm3,0.03229901013735405,2019,EXIOBASE v3.8.2 IOT_2016_ixi with Danish sea-transport reallocation (Rørmose Jensen & Iliev 2022)
EST,Estonia,Europe,Chemical,climate_change,kt CO2eq,0.03208122492731811,2019,EXIOBASE v3.8.2 IOT_2016_ixi with Danish sea-transport reallocation (Rørmose Jensen & Iliev 2022)
CHN,China,Asia and Pacific,Transport,waste_generation,kt,0.03202637327916748,2019,EXIOBASE v3.8.2 IOT_2016_ixi with Danish sea-transport reallocation (Rørmose Jensen & Iliev 2022)
FIN,Finland,Europe,Coal and Petroleum,material_extraction,kt,0.031966680930346096,2019,EXIOBASE v3.8.2 IOT_2016_ixi with Danish sea-transport reallocation (Rørmose Jensen & Iliev 2022)
NLD,Netherlands,Europe,Furniture and timber,climate_change,kt CO2eq,0.03192501363610398,2019,EXIOBASE v3.8.2 IOT_2016_ixi with Danish sea-transport reallocation (Rørmose Jensen & Iliev 2022)
CAN,Canada,America,"Electrical, electronic and measuring equipment",waste_generation,kt,0.03182778603674703,2019,EXIOBASE v3.8.2 IOT_2016_ixi with Danish sea-transport reallocation (Rørmose Jensen & Iliev 2022)
IDN,Indonesia,Asia and Pacific,Paper Products,waste_generation,kt,0.03168947207528229,2019,EXIOBASE v3.8.2 IOT_2016_ixi with Danish sea-transport reallocation (Rørmose Jensen & Iliev 2022)
RoW Middle East,RoW Middle East,Middle East,Chemical,land_use,km2,0.03165607638979823,2019,EXIOBASE v3.8.2 IOT_2016_ixi with Danish sea-transport reallocation (Rørmose Jensen & Iliev 2022)
MEX,Mexico,America,Services,climate_change,kt CO2eq,0.03122572658022081,2019,EXIOBASE v3.8.2 IOT_2016_ixi with Danish sea-transport reallocation (Rørmose Jensen & Iliev 2022)
RoW Africa,RoW Africa,Africa,Paper Products,climate_change,kt CO2eq,0.031158521149405684,2019,EXIOBASE v3.8.2 IOT_2016_ixi with Danish sea-transport reallocation (Rørmose Jensen & Iliev 2022)
MLT,Malta,Europe,Food and catering,climate_change,kt CO2eq,0.031070303296551353,2019,EXIOBASE v3.8.2 IOT_2016_ixi with Danish sea-transport reallocation (Rørmose Jensen & Iliev 2022)
RoW Asia and Pacific,RoW Asia and Pacific,Asia and Pacific,Furniture and timber,land_use,km2,0.03102204759711024,2019,EXIOBASE v3.8.2 IOT_2016_ixi with Danish sea-transport reallocation (Rørmose Jensen & Iliev 2022)
POL,Poland,Europe,Transport,waste_generation,kt,0.031015461270289778,2019,EXIOBASE v3.8.2 IOT_2016_ixi with Danish sea-transport reallocation (Rørmose Jensen & Iliev 2022)
HRV,Croatia,Europe,Electricity,waste_generation,kt,0.03096252783130928,2019,EXIOBASE v3.8.2 IOT_2016_ixi with Danish sea-transport reallocation (Rørmose Jensen & Iliev 2022)
TUR,Turkey,Middle East,Furniture and timber,climate_change,kt CO2eq,0.030962170370283575,2019,EXIOBASE v3.8.2 IOT_2016_ixi with Danish sea-transport reallocation (Rørmose Jensen & Iliev 2022)
CYP,Cyprus,Middle East,Construction,material_extraction,kt,0.03085654093185666,2019,EXIOBASE v3.8.2 IOT_2016_ixi with Danish sea-transport reallocation (Rørmose Jensen & Iliev 2022)
IRL,Ireland,Europe,Services,waste_generation,kt,0.030630027737922866,2019,EXIOBASE v3.8.2 IOT_2016_ixi with Danish sea-transport reallocation (Rørmose Jensen & Iliev 2022)
FRA,France,Europe,Textile,climate_change,kt CO2eq,0.03054665454231442,2019,EXIOBASE v3.8.2 IOT_2016_ixi with Danish sea-transport reallocation (Rørmose Jensen & Iliev 2022)
RoW America,RoW America,America,Minerals and Metals,land_use,km2,0.030507887522958008,2019,EXIOBASE v3.8.2 IOT_2016_ixi with Danish sea-transport reallocation (Rørmose Jensen & Iliev 2022)
HRV,Croatia,Europe,Minerals and Metals,climate_change,kt CO2eq,0.030428348179961685,2019,EXIOBASE v3.8.2 IOT_2016_ixi with Danish sea-transport reallocation (Rørmose Jensen & Iliev 2022)
RoW Asia and Pacific,RoW Asia and Pacific,Asia and Pacific,Textile,waste_generation,kt,0.030380382551920222,2019,EXIOBASE v3.8.2 IOT_2016_ixi with Danish sea-transport reallocation (Rørmose Jensen & Iliev 2022)
LVA,Latvia,Europe,Electricity,climate_change,kt CO2eq,0.030198756961051447,2019,EXIOBASE v3.8.2 IOT_2016_ixi with Danish sea-transport reallocation (Rørmose Jensen & Iliev 2022)
AUT,Austria,Europe,General and special Machinery,climate_change,kt CO2eq,0.030176615170379156,2019,EXIOBASE v3.8.2 IOT_2016_ixi with Danish sea-transport reallocation (Rørmose Jensen & Iliev 2022)
BGR,Bulgaria,Europe,Services,waste_generation,kt,0.03011880291044655,2019,EXIOBASE v3.8.2 IOT_2016_ixi with Danish sea-transport reallocation (Rørmose Jensen & Iliev 2022)
RoW Asia and Pacific,RoW Asia and Pacific,Asia and Pacific,Non-metallic mineral products,land_use,km2,0.029992283237666967,2019,EXIOBASE v3.8.2 IOT_2016_ixi with Danish sea-transport reallocation (Rørmose Jensen & Iliev 2022)
RoW Europe,RoW Europe,Europe,General and special Machinery,land_use,km2,0.02969391661252647,2019,EXIOBASE v3.8.2 IOT_2016_ixi with Danish sea-transport reallocation (Rørmose Jensen & Iliev 2022)
BEL,Belgium,Europe,Food and catering,blue_water_consumption,Mm3,0.029650221043968136,2019,EXIOBASE v3.8.2 IOT_2016_ixi with Danish sea-transport reallocation (Rørmose Jensen & Iliev 2022)
DEU,Germany,Europe,Non-metallic mineral products,waste_generation,kt,0.029541190405132853,2019,EXIOBASE v3.8.2 IOT_2016_ixi with Danish sea-transport reallocation (Rørmose Jensen & Iliev 2022)
LTU,Lithuania,Europe,Metal Products,climate_change,kt CO2eq,0.029517081018074896,2019,EXIOBASE v3.8.2 IOT_2016_ixi with Danish sea-transport reallocation (Rørmose Jensen & Iliev 2022)
JPN,Japan,Asia and Pacific,Furniture and timber,climate_change,kt CO2eq,0.029439275575672733,2019,EXIOBASE v3.8.2 IOT_2016_ixi with Danish sea-transport reallocation (Rørmose Jensen & Iliev 2022)
RUS,Russia,Europe,Paper Products,land_use,km2,0.02938819275694228,2019,EXIOBASE v3.8.2 IOT_2016_ixi with Danish sea-transport reallocation (Rørmose Jensen & Iliev 2022)
KOR,South Korea,Asia and Pacific,Paper Products,waste_generation,kt,0.029295360295787127,2019,EXIOBASE v3.8.2 IOT_2016_ixi with Danish sea-transport reallocation (Rørmose Jensen & Iliev 2022)
HUN,Hungary,Europe,"Electrical, electronic and measuring equipment",material_extraction,kt,0.02920100543616343,2019,EXIOBASE v3.8.2 IOT_2016_ixi with Danish sea-transport reallocation (Rørmose Jensen & Iliev 2022)
SVK,Slovakia,Europe,"Electrical, electronic and measuring equipment",waste_generation,kt,0.029052804805038503,2019,EXIOBASE v3.8.2 IOT_2016_ixi with Danish sea-transport reallocation (Rørmose Jensen & Iliev 2022)
DEU,Germany,Europe,"Electrical, electronic and measuring equipment",material_extraction,kt,0.028894775840468623,2019,EXIOBASE v3.8.2 IOT_2016_ixi with Danish sea-transport reallocation (Rørmose Jensen & Iliev 2022)
NOR,Norway,Europe,Metal Products,blue_water_consumption,Mm3,0.028843991171866003,2019,EXIOBASE v3.8.2 IOT_2016_ixi with Danish sea-transport reallocation (Rørmose Jensen & Iliev 2022)
MLT,Malta,Europe,Food and catering,land_use,km2,0.028723622206375306,2019,EXIOBASE v3.8.2 IOT_2016_ixi with Danish sea-transport reallocation (Rørmose Jensen & Iliev 2022)
HUN,Hungary,Europe,Furniture and timber,climate_change,kt CO2eq,0.0286838381695785,2019,EXIOBASE v3.8.2 IOT_2016_ixi with Danish sea-transport reallocation (Rørmose Jensen & Iliev 2022)
RoW Africa,RoW Africa,Africa,General and special Machinery,waste_generation,kt,0.028648500015150728,2019,EXIOBASE v3.8.2 IOT_2016_ixi with Danish sea-transport reallocation (Rørmose Jensen & Iliev 2022)
DNK,Denmark,Denmark,Metal Products,land_use,km2,0.02816116880422487,2019,EXIOBASE v3.8.2 IOT_2016_ixi with Danish sea-transport reallocation (Rørmose Jensen & Iliev 2022)
SWE,Sweden,Europe,Food and catering,blue_water_consumption,Mm3,0.028099521177258113,2019,EXIOBASE v3.8.2 IOT_2016_ixi with Danish sea-transport reallocation (Rørmose Jensen & Iliev 2022)
RoW America,RoW America,America,Services,waste_generation,kt,0.02799126310396066,2019,EXIOBASE v3.8.2 IOT_2016_ixi with Danish sea-transport reallocation (Rørmose Jensen & Iliev 2022)
GRC,Greece,Europe,Paper Products,climate_change,kt CO2eq,0.027900728817173065,2019,EXIOBASE v3.8.2 IOT_2016_ixi with Danish sea-transport reallocation (Rørmose Jensen & Iliev 2022)
AUS,Australia,Asia and Pacific,Metal Products,waste_generation,kt,0.02789335323194192,2019,EXIOBASE v3.8.2 IOT_2016_ixi with Danish sea-transport reallocation (Rørmose Jensen & Iliev 2022)
RUS,Russia,Europe,Electricity,blue_water_consumption,Mm3,0.02778632378176308,2019,EXIOBASE v3.8.2 IOT_2016_ixi with Danish sea-transport reallocation (Rørmose Jensen & Iliev 2022)
ITA,Italy,Europe,Construction,waste_generation,kt,0.02772497910237494,2019,EXIOBASE v3.8.2 IOT_2016_ixi with Danish sea-transport reallocation (Rørmose Jensen & Iliev 2022)
ESP,Spain,Europe,Construction,climate_change,kt CO2eq,0.02766742359375452,2019,EXIOBASE v3.8.2 IOT_2016_ixi with Danish sea-transport reallocation (Rørmose Jensen & Iliev 2022)
CZE,Czech Republic,Europe,Transport,waste_generation,kt,0.02765305195159659,2019,EXIOBASE v3.8.2 IOT_2016_ixi with Danish sea-transport reallocation (Rørmose Jensen & Iliev 2022)
CAN,Canada,America,Non-metallic mineral products,material_extraction,kt,0.027615730656654444,2019,EXIOBASE v3.8.2 IOT_2016_ixi with Danish sea-transport reallocation (Rørmose Jensen & Iliev 2022)
CZE,Czech Republic,Europe,Coal and Petroleum,material_extraction,kt,0.02759174552377359,2019,EXIOBASE v3.8.2 IOT_2016_ixi with Danish sea-transport reallocation (Rørmose Jensen & Iliev 2022)
KOR,South Korea,Asia and Pacific,Textile,climate_change,kt CO2eq,0.02755602791682102,2019,EXIOBASE v3.8.2 IOT_2016_ixi with Danish sea-transport reallocation (Rørmose Jensen & Iliev 2022)
HRV,Croatia,Europe,Electricity,blue_water_consumption,Mm3,0.027529849512004642,2019,EXIOBASE v3.8.2 IOT_2016_ixi with Danish sea-transport reallocation (Rørmose Jensen & Iliev 2022)
AUS,Australia,Asia and Pacific,Transport Equipment,climate_change,kt CO2eq,0.027472499572588134,2019,EXIOBASE v3.8.2 IOT_2016_ixi with Danish sea-transport reallocation (Rørmose Jensen & Iliev 2022)
LTU,Lithuania,Europe,Food and catering,waste_generation,kt,0.027459633818445957,2019,EXIOBASE v3.8.2 IOT_2016_ixi with Danish sea-transport reallocation (Rørmose Jensen & Iliev 2022)
DEU,Germany,Europe,General and special Machinery,material_extraction,kt,0.027288927312144953,2019,EXIOBASE v3.8.2 IOT_2016_ixi with Danish sea-transport reallocation (Rørmose Jensen & Iliev 2022)
IRL,Ireland,Europe,Chemical,material_extraction,kt,0.027263893389309693,2019,EXIOBASE v3.8.2 IOT_2016_ixi with Danish sea-transport reallocation (Rørmose Jensen & Iliev 2022)
KOR,South Korea,Asia and Pacific,General and special Machinery,climate_change,kt CO2eq,0.02704889862712375,2019,EXIOBASE v3.8.2 IOT_2016_ixi with Danish sea-transport reallocation (Rørmose Jensen & Iliev 2022)
RoW America,RoW America,America,General and special Machinery,material_extraction,kt,0.0268772517377029,2019,EXIOBASE v3.8.2 IOT_2016_ixi with Danish sea-transport reallocation (Rørmose Jensen & Iliev 2022)
USA,United States,America,Natural gas and gaseous fuels,material_extraction,kt,0.026783948946418022,2019,EXIOBASE v3.8.2 IOT_2016_ixi with Danish sea-transport reallocation (Rørmose Jensen & Iliev 2022)
CHE,Switzerland,Europe,Chemical,waste_generation,kt,0.026379160587632157,2019,EXIOBASE v3.8.2 IOT_2016_ixi with Danish sea-transport reallocation (Rørmose Jensen & Iliev 2022)
CHE,Switzerland,Europe,Electricity,climate_change,kt CO2eq,0.02630827874500701,2019,EXIOBASE v3.8.2 IOT_2016_ixi with Danish sea-transport reallocation (Rørmose Jensen & Iliev 2022)
CAN,Canada,America,Natural gas and gaseous fuels,material_extraction,kt,0.026294605570012616,2019,EXIOBASE v3.8.2 IOT_2016_ixi with Danish sea-transport reallocation (Rørmose Jensen & Iliev 2022)
CZE,Czech Republic,Europe,Transport Equipment,climate_change,kt CO2eq,0.026293692206301508,2019,EXIOBASE v3.8.2 IOT_2016_ixi with Danish sea-transport reallocation (Rørmose Jensen & Iliev 2022)
MEX,Mexico,America,Minerals and Metals,climate_change,kt CO2eq,0.026250622846454037,2019,EXIOBASE v3.8.2 IOT_2016_ixi with Danish sea-transport reallocation (Rørmose Jensen & Iliev 2022)
MLT,Malta,Europe,Minerals and Metals,climate_change,kt CO2eq,0.02622915547511397,2019,EXIOBASE v3.8.2 IOT_2016_ixi with Danish sea-transport reallocation (Rørmose Jensen & Iliev 2022)
RoW Asia and Pacific,RoW Asia and Pacific,Asia and Pacific,Paper Products,blue_water_consumption,Mm3,0.02621607441959052,2019,EXIOBASE v3.8.2 IOT_2016_ixi with Danish sea-transport reallocation (Rørmose Jensen & Iliev 2022)
DEU,Germany,Europe,Paper Products,blue_water_consumption,Mm3,0.02608991309642583,2019,EXIOBASE v3.8.2 IOT_2016_ixi with Danish sea-transport reallocation (Rørmose Jensen & Iliev 2022)
HUN,Hungary,Europe,General and special Machinery,climate_change,kt CO2eq,0.026085728895515768,2019,EXIOBASE v3.8.2 IOT_2016_ixi with Danish sea-transport reallocation (Rørmose Jensen & Iliev 2022)
RoW America,RoW America,America,Transport Equipment,climate_change,kt CO2eq,0.02604883101073109,2019,EXIOBASE v3.8.2 IOT_2016_ixi with Danish sea-transport reallocation (Rørmose Jensen & Iliev 2022)
JPN,Japan,Asia and Pacific,General and special Machinery,climate_change,kt CO2eq,0.02588669386262789,2019,EXIOBASE v3.8.2 IOT_2016_ixi with Danish sea-transport reallocation (Rørmose Jensen & Iliev 2022)
SVN,Slovenia,Europe,Construction,waste_generation,kt,0.025792427062468676,2019,EXIOBASE v3.8.2 IOT_2016_ixi with Danish sea-transport reallocation (Rørmose Jensen & Iliev 2022)
BEL,Belgium,Europe,Metal Products,blue_water_consumption,Mm3,0.02572783360477384,2019,EXIOBASE v3.8.2 IOT_2016_ixi with Danish sea-transport reallocation (Rørmose Jensen & Iliev 2022)
SWE,Sweden,Europe,Chemical,blue_water_consumption,Mm3,0.025677644002051393,2019,EXIOBASE v3.8.2 IOT_2016_ixi with Danish sea-transport reallocation (Rørmose Jensen & Iliev 2022)
IDN,Indonesia,Asia and Pacific,Construction,waste_generation,kt,0.02557960803786191,2019,EXIOBASE v3.8.2 IOT_2016_ixi with Danish sea-transport reallocation (Rørmose Jensen & Iliev 2022)
TUR,Turkey,Middle East,Waste management and disposal,waste_generation,kt,0.02549659278671936,2019,EXIOBASE v3.8.2 IOT_2016_ixi with Danish sea-transport reallocation (Rørmose Jensen & Iliev 2022)
BGR,Bulgaria,Europe,Paper Products,climate_change,kt CO2eq,0.025149764486249497,2019,EXIOBASE v3.8.2 IOT_2016_ixi with Danish sea-transport reallocation (Rørmose Jensen & Iliev 2022)
SWE,Sweden,Europe,Metal Products,blue_water_consumption,Mm3,0.02505936171472413,2019,EXIOBASE v3.8.2 IOT_2016_ixi with Danish sea-transport reallocation (Rørmose Jensen & Iliev 2022)
AUS,Australia,Asia and Pacific,Paper Products,waste_generation,kt,0.0250520776231509,2019,EXIOBASE v3.8.2 IOT_2016_ixi with Danish sea-transport reallocation (Rørmose Jensen & Iliev 2022)
CYP,Cyprus,Middle East,Food and catering,blue_water_consumption,Mm3,0.0249797482509177,2019,EXIOBASE v3.8.2 IOT_2016_ixi with Danish sea-transport reallocation (Rørmose Jensen & Iliev 2022)
RoW America,RoW America,America,Non-metallic mineral products,land_use,km2,0.02463508948018948,2019,EXIOBASE v3.8.2 IOT_2016_ixi with Danish sea-transport reallocation (Rørmose Jensen & Iliev 2022)
RoW Europe,RoW Europe,Europe,"Electrical, electronic and measuring equipment",waste_generation,kt,0.024532763506722913,2019,EXIOBASE v3.8.2 IOT_2016_ixi with Danish sea-transport reallocation (Rørmose Jensen & Iliev 2022)
SVK,Slovakia,Europe,Food and catering,blue_water_consumption,Mm3,0.024474085680431117,2019,EXIOBASE v3.8.2 IOT_2016_ixi with Danish sea-transport reallocation (Rørmose Jensen & Iliev 2022)
IDN,Indonesia,Asia and Pacific,Minerals and Metals,climate_change,kt CO2eq,0.024422793664629645,2019,EXIOBASE v3.8.2 IOT_2016_ixi with Danish sea-transport reallocation (Rørmose Jensen & Iliev 2022)
TUR,Turkey,Middle East,Transport Equipment,climate_change,kt CO2eq,0.024386616333424573,2019,EXIOBASE v3.8.2 IOT_2016_ixi with Danish sea-transport reallocation (Rørmose Jensen & Iliev 2022)
RoW Middle East,RoW Middle East,Middle East,Transport,waste_generation,kt,0.02432674641769727,2019,EXIOBASE v3.8.2 IOT_2016_ixi with Danish sea-transport reallocation (Rørmose Jensen & Iliev 2022)
BEL,Belgium,Europe,Furniture and timber,waste_generation,kt,0.02431884567270648,2019,EXIOBASE v3.8.2 IOT_2016_ixi with Danish sea-transport reallocation (Rørmose Jensen & Iliev 2022)
MEX,Mexico,America,Textile,land_use,km2,0.02431505916642864,2019,EXIOBASE v3.8.2 IOT_2016_ixi with Danish sea-transport reallocation (Rørmose Jensen & Iliev 2022)
RoW America,RoW America,America,Coal and Petroleum,waste_generation,kt,0.02422305684043523,2019,EXIOBASE v3.8.2 IOT_2016_ixi with Danish sea-transport reallocation (Rørmose Jensen & Iliev 2022)
ZAF,South Africa,Africa,Paper Products,waste_generation,kt,0.02421757643080863,2019,EXIOBASE v3.8.2 IOT_2016_ixi with Danish sea-transport reallocation (Rørmose Jensen & Iliev 2022)
RoW Asia and Pacific,RoW Asia and Pacific,Asia and Pacific,General and special Machinery,land_use,km2,0.02421382353464669,2019,EXIOBASE v3.8.2 IOT_2016_ixi with Danish sea-transport reallocation (Rørmose Jensen & Iliev 2022)
RoW Asia and Pacific,RoW Asia and Pacific,Asia and Pacific,Transport,blue_water_consumption,Mm3,0.024113407041587646,2019,EXIOBASE v3.8.2 IOT_2016_ixi with Danish sea-transport reallocation (Rørmose Jensen & Iliev 2022)
CAN,Canada,America,"Electrical, electronic and measuring equipment",climate_change,kt CO2eq,0.024088482586805036,2019,EXIOBASE v3.8.2 IOT_2016_ixi with Danish sea-transport reallocation (Rørmose Jensen & Iliev 2022)
BEL,Belgium,Europe,Textile,land_use,km2,0.02406629200473487,2019,EXIOBASE v3.8.2 IOT_2016_ixi with Danish sea-transport reallocation (Rørmose Jensen & Iliev 2022)
GBR,United Kingdom,Europe,"Electrical, electronic and measuring equipment",waste_generation,kt,0.02406491847447081,2019,EXIOBASE v3.8.2 IOT_2016_ixi with Danish sea-transport reallocation (Rørmose Jensen & Iliev 2022)
IND,India,Asia and Pacific,Textile,waste_generation,kt,0.023908695699075038,2019,EXIOBASE v3.8.2 IOT_2016_ixi with Danish sea-transport reallocation (Rørmose Jensen & Iliev 2022)
SWE,Sweden,Europe,Food and catering,material_extraction,kt,0.02382804223389088,2019,EXIOBASE v3.8.2 IOT_2016_ixi with Danish sea-transport reallocation (Rørmose Jensen & Iliev 2022)
DNK,Denmark,Denmark,Minerals and Metals,waste_generation,kt,0.02366547462918192,2019,EXIOBASE v3.8.2 IOT_2016_ixi with Danish sea-transport reallocation (Rørmose Jensen & Iliev 2022)
USA,United States,America,Services,waste_generation,kt,0.023639324415068465,2019,EXIOBASE v3.8.2 IOT_2016_ixi with Danish sea-transport reallocation (Rørmose Jensen & Iliev 2022)
RoW Asia and Pacific,RoW Asia and Pacific,Asia and Pacific,Construction,waste_generation,kt,0.02345047956422083,2019,EXIOBASE v3.8.2 IOT_2016_ixi with Danish sea-transport reallocation (Rørmose Jensen & Iliev 2022)
HUN,Hungary,Europe,"Electrical, electronic and measuring equipment",waste_generation,kt,0.023291608524886577,2019,EXIOBASE v3.8.2 IOT_2016_ixi with Danish sea-transport reallocation (Rørmose Jensen & Iliev 2022)
TUR,Turkey,Middle East,Services,land_use,km2,0.02324360895812997,2019,EXIOBASE v3.8.2 IOT_2016_ixi with Danish sea-transport reallocation (Rørmose Jensen & Iliev 2022)
ESP,Spain,Europe,General and special Machinery,climate_change,kt CO2eq,0.02321397783085335,2019,EXIOBASE v3.8.2 IOT_2016_ixi with Danish sea-transport reallocation (Rørmose Jensen & Iliev 2022)
BEL,Belgium,Europe,Construction,climate_change,kt CO2eq,0.023088869050033923,2019,EXIOBASE v3.8.2 IOT_2016_ixi with Danish sea-transport reallocation (Rørmose Jensen & Iliev 2022)
MLT,Malta,Europe,Services,waste_generation,kt,0.02307319784786968,2019,EXIOBASE v3.8.2 IOT_2016_ixi with Danish sea-transport reallocation (Rørmose Jensen & Iliev 2022)
ZAF,South Africa,Africa,Natural gas and gaseous fuels,material_extraction,kt,0.02301539975298396,2019,EXIOBASE v3.8.2 IOT_2016_ixi with Danish sea-transport reallocation (Rørmose Jensen & Iliev 2022)
FIN,Finland,Europe,Furniture and timber,climate_change,kt CO2eq,0.022933073685239155,2019,EXIOBASE v3.8.2 IOT_2016_ixi with Danish sea-transport reallocation (Rørmose Jensen & Iliev 2022)
SVN,Slovenia,Europe,Waste management and disposal,waste_generation,kt,0.022913067465294885,2019,EXIOBASE v3.8.2 IOT_2016_ixi with Danish sea-transport reallocation (Rørmose Jensen & Iliev 2022)
BRA,Brazil,America,Textile,climate_change,kt CO2eq,0.022842737804440214,2019,EXIOBASE v3.8.2 IOT_2016_ixi with Danish sea-transport reallocation (Rørmose Jensen & Iliev 2022)
RoW Asia and Pacific,RoW Asia and Pacific,Asia and Pacific,Paper Products,material_extraction,kt,0.022733392365758658,2019,EXIOBASE v3.8.2 IOT_2016_ixi with Danish sea-transport reallocation (Rørmose Jensen & Iliev 2022)
GRC,Greece,Europe,Metal Products,waste_generation,kt,0.02269765855763666,2019,EXIOBASE v3.8.2 IOT_2016_ixi with Danish sea-transport reallocation (Rørmose Jensen & Iliev 2022)
ESP,Spain,Europe,Textile,land_use,km2,0.02251114384645149,2019,EXIOBASE v3.8.2 IOT_2016_ixi with Danish sea-transport reallocation (Rørmose Jensen & Iliev 2022)
LVA,Latvia,Europe,Construction,climate_change,kt CO2eq,0.02238871435399544,2019,EXIOBASE v3.8.2 IOT_2016_ixi with Danish sea-transport reallocation (Rørmose Jensen & Iliev 2022)
HUN,Hungary,Europe,Paper Products,waste_generation,kt,0.022358266948057693,2019,EXIOBASE v3.8.2 IOT_2016_ixi with Danish sea-transport reallocation (Rørmose Jensen & Iliev 2022)
ESP,Spain,Europe,Construction,waste_generation,kt,0.022343589644482232,2019,EXIOBASE v3.8.2 IOT_2016_ixi with Danish sea-transport reallocation (Rørmose Jensen & Iliev 2022)
RoW Middle East,RoW Middle East,Middle East,Metal Products,waste_generation,kt,0.022258066739729805,2019,EXIOBASE v3.8.2 IOT_2016_ixi with Danish sea-transport reallocation (Rørmose Jensen & Iliev 2022)
AUS,Australia,Asia and Pacific,Services,waste_generation,kt,0.022030085564833997,2019,EXIOBASE v3.8.2 IOT_2016_ixi with Danish sea-transport reallocation (Rørmose Jensen & Iliev 2022)
HRV,Croatia,Europe,Metal Products,waste_generation,kt,0.021892833612296773,2019,EXIOBASE v3.8.2 IOT_2016_ixi with Danish sea-transport reallocation (Rørmose Jensen & Iliev 2022)
MEX,Mexico,America,Metal Products,waste_generation,kt,0.02184836145502088,2019,EXIOBASE v3.8.2 IOT_2016_ixi with Danish sea-transport reallocation (Rørmose Jensen & Iliev 2022)
GBR,United Kingdom,Europe,Textile,land_use,km2,0.0218157001226249,2019,EXIOBASE v3.8.2 IOT_2016_ixi with Danish sea-transport reallocation (Rørmose Jensen & Iliev 2022)
GRC,Greece,Europe,Textile,climate_change,kt CO2eq,0.02171530654569827,2019,EXIOBASE v3.8.2 IOT_2016_ixi with Danish sea-transport reallocation (Rørmose Jensen & Iliev 2022)
RoW Middle East,RoW Middle East,Middle East,Waste management and disposal,waste_generation,kt,0.021591180953813224,2019,EXIOBASE v3.8.2 IOT_2016_ixi with Danish sea-transport reallocation (Rørmose Jensen & Iliev 2022)
RoW America,RoW America,America,Furniture and timber,waste_generation,kt,0.02155255147656309,2019,EXIOBASE v3.8.2 IOT_2016_ixi with Danish sea-transport reallocation (Rørmose Jensen & Iliev 2022)
LVA,Latvia,Europe,Construction,waste_generation,kt,0.02153998718291404,2019,EXIOBASE v3.8.2 IOT_2016_ixi with Danish sea-transport reallocation (Rørmose Jensen & Iliev 2022)
DEU,Germany,Europe,Textile,waste_generation,kt,0.021297752129333096,2019,EXIOBASE v3.8.2 IOT_2016_ixi with Danish sea-transport reallocation (Rørmose Jensen & Iliev 2022)
JPN,Japan,Asia and Pacific,Transport Equipment,climate_change,kt CO2eq,0.021285716704169646,2019,EXIOBASE v3.8.2 IOT_2016_ixi with Danish sea-transport reallocation (Rørmose Jensen & Iliev 2022)
MEX,Mexico,America,General and special Machinery,climate_change,kt CO2eq,0.02108737631394008,2019,EXIOBASE v3.8.2 IOT_2016_ixi with Danish sea-transport reallocation (Rørmose Jensen & Iliev 2022)
USA,United States,America,Construction,climate_change,kt CO2eq,0.02107548024480639,2019,EXIOBASE v3.8.2 IOT_2016_ixi with Danish sea-transport reallocation (Rørmose Jensen & Iliev 2022)
RoW Middle East,RoW Middle East,Middle East,"Electrical, electronic and measuring equipment",waste_generation,kt,0.02101124623917934,2019,EXIOBASE v3.8.2 IOT_2016_ixi with Danish sea-transport reallocation (Rørmose Jensen & Iliev 2022)
LTU,Lithuania,Europe,"Electrical, electronic and measuring equipment",climate_change,kt CO2eq,0.02074930500843303,2019,EXIOBASE v3.8.2 IOT_2016_ixi with Danish sea-transport reallocation (Rørmose Jensen & Iliev 2022)
NOR,Norway,Europe,Services,waste_generation,kt,0.020583161364304065,2019,EXIOBASE v3.8.2 IOT_2016_ixi with Danish sea-transport reallocation (Rørmose Jensen & Iliev 2022)
RoW America,RoW America,America,Paper Products,waste_generation,kt,0.02041614202976873,2019,EXIOBASE v3.8.2 IOT_2016_ixi with Danish sea-transport reallocation (Rørmose Jensen & Iliev 2022)
NLD,Netherlands,Europe,"Steam, hot water supply and water distribution",waste_generation,kt,0.020245603195340252,2019,EXIOBASE v3.8.2 IOT_2016_ixi with Danish sea-transport reallocation (Rørmose Jensen & Iliev 2022)
BEL,Belgium,Europe,Metal Products,material_extraction,kt,0.02022025693856694,2019,EXIOBASE v3.8.2 IOT_2016_ixi with Danish sea-transport reallocation (Rørmose Jensen & Iliev 2022)
BRA,Brazil,America,Transport Equipment,climate_change,kt CO2eq,0.020055142941538436,2019,EXIOBASE v3.8.2 IOT_2016_ixi with Danish sea-transport reallocation (Rørmose Jensen & Iliev 2022)
POL,Poland,Europe,Electricity,blue_water_consumption,Mm3,0.020000174607216436,2019,EXIOBASE v3.8.2 IOT_2016_ixi with Danish sea-transport reallocation (Rørmose Jensen & Iliev 2022)
RoW America,RoW America,America,Paper Products,material_extraction,kt,0.019975811364356,2019,EXIOBASE v3.8.2 IOT_2016_ixi with Danish sea-transport reallocation (Rørmose Jensen & Iliev 2022)
EST,Estonia,Europe,Coal and Petroleum,material_extraction,kt,0.019915089786914295,2019,EXIOBASE v3.8.2 IOT_2016_ixi with Danish sea-transport reallocation (Rørmose Jensen & Iliev 2022)
PRT,Portugal,Europe,Services,material_extraction,kt,0.019894524421618123,2019,EXIOBASE v3.8.2 IOT_2016_ixi with Danish sea-transport reallocation (Rørmose Jensen & Iliev 2022)
HUN,Hungary,Europe,Food and catering,blue_water_consumption,Mm3,0.01984278344999051,2019,EXIOBASE v3.8.2 IOT_2016_ixi with Danish sea-transport reallocation (Rørmose Jensen & Iliev 2022)
GRC,Greece,Europe,Electricity,blue_water_consumption,Mm3,0.019777469456035382,2019,EXIOBASE v3.8.2 IOT_2016_ixi with Danish sea-transport reallocation (Rørmose Jensen & Iliev 2022)
RoW Africa,RoW Africa,Africa,Metal Products,blue_water_consumption,Mm3,0.01975519061144827,2019,EXIOBASE v3.8.2 IOT_2016_ixi with Danish sea-transport reallocation (Rørmose Jensen & Iliev 2022)
ROU,Romania,Europe,"Electrical, electronic and measuring equipment",climate_change,kt CO2eq,0.01974552905297657,2019,EXIOBASE v3.8.2 IOT_2016_ixi with Danish sea-transport reallocation (Rørmose Jensen & Iliev 2022)
BGR,Bulgaria,Europe,Metal Products,waste_generation,kt,0.019734023635064712,2019,EXIOBASE v3.8.2 IOT_2016_ixi with Danish sea-transport reallocation (Rørmose Jensen & Iliev 2022)
EST,Estonia,Europe,Natural gas and gaseous fuels,material_extraction,kt,0.01964043439969894,2019,EXIOBASE v3.8.2 IOT_2016_ixi with Danish sea-transport reallocation (Rørmose Jensen & Iliev 2022)
TUR,Turkey,Middle East,Textile,waste_generation,kt,0.019523245456706875,2019,EXIOBASE v3.8.2 IOT_2016_ixi with Danish sea-transport reallocation (Rørmose Jensen & Iliev 2022)
USA,United States,America,Electricity,blue_water_consumption,Mm3,0.019337662503091147,2019,EXIOBASE v3.8.2 IOT_2016_ixi with Danish sea-transport reallocation (Rørmose Jensen & Iliev 2022)
FIN,Finland,Europe,Paper Products,blue_water_consumption,Mm3,0.0192754914162735,2019,EXIOBASE v3.8.2 IOT_2016_ixi with Danish sea-transport reallocation (Rørmose Jensen & Iliev 2022)
BEL,Belgium,Europe,Paper Products,waste_generation,kt,0.01921100610712168,2019,EXIOBASE v3.8.2 IOT_2016_ixi with Danish sea-transport reallocation (Rørmose Jensen & Iliev 2022)
SVK,Slovakia,Europe,Paper Products,land_use,km2,0.019182819283833554,2019,EXIOBASE v3.8.2 IOT_2016_ixi with Danish sea-transport reallocation (Rørmose Jensen & Iliev 2022)
RoW Africa,RoW Africa,Africa,Services,blue_water_consumption,Mm3,0.01915261278134867,2019,EXIOBASE v3.8.2 IOT_2016_ixi with Danish sea-transport reallocation (Rørmose Jensen & Iliev 2022)
ROU,Romania,Europe,Metal Products,waste_generation,kt,0.01911251289909722,2019,EXIOBASE v3.8.2 IOT_2016_ixi with Danish sea-transport reallocation (Rørmose Jensen & Iliev 2022)
AUS,Australia,Asia and Pacific,Construction,climate_change,kt CO2eq,0.01894237203666731,2019,EXIOBASE v3.8.2 IOT_2016_ixi with Danish sea-transport reallocation (Rørmose Jensen & Iliev 2022)
ROU,Romania,Europe,Coal and Petroleum,waste_generation,kt,0.018931117876365054,2019,EXIOBASE v3.8.2 IOT_2016_ixi with Danish sea-transport reallocation (Rørmose Jensen & Iliev 2022)
SVK,Slovakia,Europe,Food and catering,material_extraction,kt,0.018869040913096918,2019,EXIOBASE v3.8.2 IOT_2016_ixi with Danish sea-transport reallocation (Rørmose Jensen & Iliev 2022)
GRC,Greece,Europe,Chemical,waste_generation,kt,0.018782650063894638,2019,EXIOBASE v3.8.2 IOT_2016_ixi with Danish sea-transport reallocation (Rørmose Jensen & Iliev 2022)
BGR,Bulgaria,Europe,Food and catering,blue_water_consumption,Mm3,0.018764484898857823,2019,EXIOBASE v3.8.2 IOT_2016_ixi with Danish sea-transport reallocation (Rørmose Jensen & Iliev 2022)
PRT,Portugal,Europe,"Steam, hot water supply and water distribution",climate_change,kt CO2eq,0.018738400606484754,2019,EXIOBASE v3.8.2 IOT_2016_ixi with Danish sea-transport reallocation (Rørmose Jensen & Iliev 2022)
RoW Europe,RoW Europe,Europe,Transport Equipment,waste_generation,kt,0.01866835392867469,2019,EXIOBASE v3.8.2 IOT_2016_ixi with Danish sea-transport reallocation (Rørmose Jensen & Iliev 2022)
IRL,Ireland,Europe,Furniture and timber,climate_change,kt CO2eq,0.01848523736775269,2019,EXIOBASE v3.8.2 IOT_2016_ixi with Danish sea-transport reallocation (Rørmose Jensen & Iliev 2022)
CZE,Czech Republic,Europe,Waste management and disposal,material_extraction,kt,0.01847307636570779,2019,EXIOBASE v3.8.2 IOT_2016_ixi with Danish sea-transport reallocation (Rørmose Jensen & Iliev 2022)
FRA,France,Europe,Services,land_use,km2,0.018455595091558898,2019,EXIOBASE v3.8.2 IOT_2016_ixi with Danish sea-transport reallocation (Rørmose Jensen & Iliev 2022)
ITA,Italy,Europe,Services,blue_water_consumption,Mm3,0.018430181410414564,2019,EXIOBASE v3.8.2 IOT_2016_ixi with Danish sea-transport reallocation (Rørmose Jensen & Iliev 2022)
EST,Estonia,Europe,Textile,climate_change,kt CO2eq,0.018406347981116455,2019,EXIOBASE v3.8.2 IOT_2016_ixi with Danish sea-transport reallocation (Rørmose Jensen & Iliev 2022)
RoW America,RoW America,America,Transport Equipment,material_extraction,kt,0.018307917081463346,2019,EXIOBASE v3.8.2 IOT_2016_ixi with Danish sea-transport reallocation (Rørmose Jensen & Iliev 2022)
ROU,Romania,Europe,Construction,climate_change,kt CO2eq,0.01823303530744261,2019,EXIOBASE v3.8.2 IOT_2016_ixi with Danish sea-transport reallocation (Rørmose Jensen & Iliev 2022)
FIN,Finland,Europe,Construction,climate_change,kt CO2eq,0.01821045728968926,2019,EXIOBASE v3.8.2 IOT_2016_ixi with Danish sea-transport reallocation (Rørmose Jensen & Iliev 2022)
RoW Asia and Pacific,RoW Asia and Pacific,Asia and Pacific,Chemical,blue_water_consumption,Mm3,0.018179962143557785,2019,EXIOBASE v3.8.2 IOT_2016_ixi with Danish sea-transport reallocation (Rørmose Jensen & Iliev 2022)
BRA,Brazil,America,Furniture and timber,climate_change,kt CO2eq,0.01790954701068949,2019,EXIOBASE v3.8.2 IOT_2016_ixi with Danish sea-transport reallocation (Rørmose Jensen & Iliev 2022)
RUS,Russia,Europe,Chemical,blue_water_consumption,Mm3,0.017813870080173554,2019,EXIOBASE v3.8.2 IOT_2016_ixi with Danish sea-transport reallocation (Rørmose Jensen & Iliev 2022)
ZAF,South Africa,Africa,Waste management and disposal,climate_change,kt CO2eq,0.01780647961153207,2019,EXIOBASE v3.8.2 IOT_2016_ixi with Danish sea-transport reallocation (Rørmose Jensen & Iliev 2022)
SVK,Slovakia,Europe,Waste management and disposal,waste_generation,kt,0.017796956326248687,2019,EXIOBASE v3.8.2 IOT_2016_ixi with Danish sea-transport reallocation (Rørmose Jensen & Iliev 2022)
CHE,Switzerland,Europe,"Electrical, electronic and measuring equipment",waste_generation,kt,0.017693121171081728,2019,EXIOBASE v3.8.2 IOT_2016_ixi with Danish sea-transport reallocation (Rørmose Jensen & Iliev 2022)
POL,Poland,Europe,Paper Products,material_extraction,kt,0.01767534073454561,2019,EXIOBASE v3.8.2 IOT_2016_ixi with Danish sea-transport reallocation (Rørmose Jensen & Iliev 2022)
KOR,South Korea,Asia and Pacific,"Steam, hot water supply and water distribution",waste_generation,kt,0.017517936159103385,2019,EXIOBASE v3.8.2 IOT_2016_ixi with Danish sea-transport reallocation (Rørmose Jensen & Iliev 2022)
IND,India,Asia and Pacific,Electricity,blue_water_consumption,Mm3,0.01744254794445404,2019,EXIOBASE v3.8.2 IOT_2016_ixi with Danish sea-transport reallocation (Rørmose Jensen & Iliev 2022)
BGR,Bulgaria,Europe,Construction,waste_generation,kt,0.01737816421545314,2019,EXIOBASE v3.8.2 IOT_2016_ixi with Danish sea-transport reallocation (Rørmose Jensen & Iliev 2022)
EST,Estonia,Europe,Textile,land_use,km2,0.01732210908255682,2019,EXIOBASE v3.8.2 IOT_2016_ixi with Danish sea-transport reallocation (Rørmose Jensen & Iliev 2022)
CYP,Cyprus,Middle East,Services,climate_change,kt CO2eq,0.01727445503341325,2019,EXIOBASE v3.8.2 IOT_2016_ixi with Danish sea-transport reallocation (Rørmose Jensen & Iliev 2022)
MEX,Mexico,America,Furniture and timber,material_extraction,kt,0.01722550892480549,2019,EXIOBASE v3.8.2 IOT_2016_ixi with Danish sea-transport reallocation (Rørmose Jensen & Iliev 2022)
AUS,Australia,Asia and Pacific,General and special Machinery,climate_change,kt CO2eq,0.01719778731033817,2019,EXIOBASE v3.8.2 IOT_2016_ixi with Danish sea-transport reallocation (Rørmose Jensen & Iliev 2022)
RUS,Russia,Europe,General and special Machinery,material_extraction,kt,0.01715514200020587,2019,EXIOBASE v3.8.2 IOT_2016_ixi with Danish sea-transport reallocation (Rørmose Jensen & Iliev 2022)
DEU,Germany,Europe,Metal Products,blue_water_consumption,Mm3,0.017108712815510248,2019,EXIOBASE v3.8.2 IOT_2016_ixi with Danish sea-transport reallocation (Rørmose Jensen & Iliev 2022)
BGR,Bulgaria,Europe,Waste management and disposal,waste_generation,kt,0.017093458316706903,2019,EXIOBASE v3.8.2 IOT_2016_ixi with Danish sea-transport reallocation (Rørmose Jensen & Iliev 2022)
CZE,Czech Republic,Europe,"Electrical, electronic and measuring equipment",material_extraction,kt,0.01708422118103688,2019,EXIOBASE v3.8.2 IOT_2016_ixi with Danish sea-transport reallocation (Rørmose Jensen & Iliev 2022)
BEL,Belgium,Europe,Food and catering,material_extraction,kt,0.01706593080924784,2019,EXIOBASE v3.8.2 IOT_2016_ixi with Danish sea-transport reallocation (Rørmose Jensen & Iliev 2022)
RoW Europe,RoW Europe,Europe,Minerals and Metals,waste_generation,kt,0.01704940911756585,2019,EXIOBASE v3.8.2 IOT_2016_ixi with Danish sea-transport reallocation (Rørmose Jensen & Iliev 2022)
RoW Middle East,RoW Middle East,Middle East,Electricity,blue_water_consumption,Mm3,0.017021261538700812,2019,EXIOBASE v3.8.2 IOT_2016_ixi with Danish sea-transport reallocation (Rørmose Jensen & Iliev 2022)
NLD,Netherlands,Europe,"Electrical, electronic and measuring equipment",waste_generation,kt,0.016977889769951855,2019,EXIOBASE v3.8.2 IOT_2016_ixi with Danish sea-transport reallocation (Rørmose Jensen & Iliev 2022)
POL,Poland,Europe,Services,blue_water_consumption,Mm3,0.016943838390478767,2019,EXIOBASE v3.8.2 IOT_2016_ixi with Danish sea-transport reallocation (Rørmose Jensen & Iliev 2022)
NLD,Netherlands,Europe,Transport Equipment,climate_change,kt CO2eq,0.016888230255704215,2019,EXIOBASE v3.8.2 IOT_2016_ixi with Danish sea-transport reallocation (Rørmose Jensen & Iliev 2022)
PRT,Portugal,Europe,Transport,material_extraction,kt,0.0168151493957962,2019,EXIOBASE v3.8.2 IOT_2016_ixi with Danish sea-transport reallocation (Rørmose Jensen & Iliev 2022)
GBR,United Kingdom,Europe,Chemical,material_extraction,kt,0.01662796567311402,2019,EXIOBASE v3.8.2 IOT_2016_ixi with Danish sea-transport reallocation (Rørmose Jensen & Iliev 2022)
BEL,Belgium,Europe,General and special Machinery,climate_change,kt CO2eq,0.016618915193114404,2019,EXIOBASE v3.8.2 IOT_2016_ixi with Danish sea-transport reallocation (Rørmose Jensen & Iliev 2022)
LVA,Latvia,Europe,Chemical,blue_water_consumption,Mm3,0.01660750012327537,2019,EXIOBASE v3.8.2 IOT_2016_ixi with Danish sea-transport reallocation (Rørmose Jensen & Iliev 2022)
IND,India,Asia and Pacific,Transport,waste_generation,kt,0.016564587418427507,2019,EXIOBASE v3.8.2 IOT_2016_ixi with Danish sea-transport reallocation (Rørmose Jensen & Iliev 2022)
ROU,Romania,Europe,Textile,climate_change,kt CO2eq,0.01655848932094474,2019,EXIOBASE v3.8.2 IOT_2016_ixi with Danish sea-transport reallocation (Rørmose Jensen & Iliev 2022)
LTU,Lithuania,Europe,Chemical,waste_generation,kt,0.01653975020128011,2019,EXIOBASE v3.8.2 IOT_2016_ixi with Danish sea-transport reallocation (Rørmose Jensen & Iliev 2022)
CYP,Cyprus,Middle East,Metal Products,climate_change,kt CO2eq,0.016441950954292787,2019,EXIOBASE v3.8.2 IOT_2016_ixi with Danish sea-transport reallocation (Rørmose Jensen & Iliev 2022)
PRT,Portugal,Europe,Natural gas and gaseous fuels,climate_change,kt CO2eq,0.01642700759835838,2019,EXIOBASE v3.8.2 IOT_2016_ixi with Danish sea-transport reallocation (Rørmose Jensen & Iliev 2022)
IND,India,Asia and Pacific,Textile,blue_water_consumption,Mm3,0.016422137640758092,2019,EXIOBASE v3.8.2 IOT_2016_ixi with Danish sea-transport reallocation (Rørmose Jensen & Iliev 2022)
ZAF,South Africa,Africa,Transport Equipment,climate_change,kt CO2eq,0.016363888986645897,2019,EXIOBASE v3.8.2 IOT_2016_ixi with Danish sea-transport reallocation (Rørmose Jensen & Iliev 2022)
SVN,Slovenia,Europe,Furniture and timber,climate_change,kt CO2eq,0.016341913540172587,2019,EXIOBASE v3.8.2 IOT_2016_ixi with Danish sea-transport reallocation (Rørmose Jensen & Iliev 2022)
RoW Europe,RoW Europe,Europe,Non-metallic mineral products,land_use,km2,0.016317807952613395,2019,EXIOBASE v3.8.2 IOT_2016_ixi with Danish sea-transport reallocation (Rørmose Jensen & Iliev 2022)
RoW America,RoW America,America,Electricity,waste_generation,kt,0.016220794234205152,2019,EXIOBASE v3.8.2 IOT_2016_ixi with Danish sea-transport reallocation (Rørmose Jensen & Iliev 2022)
USA,United States,America,Chemical,material_extraction,kt,0.01620387987678728,2019,EXIOBASE v3.8.2 IOT_2016_ixi with Danish sea-transport reallocation (Rørmose Jensen & Iliev 2022)
SVK,Slovakia,Europe,Construction,waste_generation,kt,0.016195923370597942,2019,EXIOBASE v3.8.2 IOT_2016_ixi with Danish sea-transport reallocation (Rørmose Jensen & Iliev 2022)
BEL,Belgium,Europe,Services,blue_water_consumption,Mm3,0.016131592489685882,2019,EXIOBASE v3.8.2 IOT_2016_ixi with Danish sea-transport reallocation (Rørmose Jensen & Iliev 2022)
LUX,Luxembourg,Europe,Textile,climate_change,kt CO2eq,0.016098073610962986,2019,EXIOBASE v3.8.2 IOT_2016_ixi with Danish sea-transport reallocation (Rørmose Jensen & Iliev 2022)
HUN,Hungary,Europe,Transport Equipment,climate_change,kt CO2eq,0.016060406855637477,2019,EXIOBASE v3.8.2 IOT_2016_ixi with Danish sea-transport reallocation (Rørmose Jensen & Iliev 2022)
RoW Asia and Pacific,RoW Asia and Pacific,Asia and Pacific,"Electrical, electronic and measuring equipment",blue_water_consumption,Mm3,0.016053341300852654,2019,EXIOBASE v3.8.2 IOT_2016_ixi with Danish sea-transport reallocation (Rørmose Jensen & Iliev 2022)
BGR,Bulgaria,Europe,Waste management and disposal,land_use,km2,0.016040517169600574,2019,EXIOBASE v3.8.2 IOT_2016_ixi with Danish sea-transport reallocation (Rørmose Jensen & Iliev 2022)
BRA,Brazil,America,Transport,land_use,km2,0.01601563048030495,2019,EXIOBASE v3.8.2 IOT_2016_ixi with Danish sea-transport reallocation (Rørmose Jensen & Iliev 2022)
RoW Middle East,RoW Middle East,Middle East,Transport Equipment,material_extraction,kt,0.016011175299508046,2019,EXIOBASE v3.8.2 IOT_2016_ixi with Danish sea-transport reallocation (Rørmose Jensen & Iliev 2022)
ZAF,South Africa,Africa,Services,waste_generation,kt,0.015855450578013623,2019,EXIOBASE v3.8.2 IOT_2016_ixi with Danish sea-transport reallocation (Rørmose Jensen & Iliev 2022)
JPN,Japan,Asia and Pacific,"Steam, hot water supply and water distribution",climate_change,kt CO2eq,0.015696811973225193,2019,EXIOBASE v3.8.2 IOT_2016_ixi with Danish sea-transport reallocation (Rørmose Jensen & Iliev 2022)
RoW Middle East,RoW Middle East,Middle East,Minerals and Metals,waste_generation,kt,0.015686833408923895,2019,EXIOBASE v3.8.2 IOT_2016_ixi with Danish sea-transport reallocation (Rørmose Jensen & Iliev 2022)
ROU,Romania,Europe,General and special Machinery,climate_change,kt CO2eq,0.01558344297674557,2019,EXIOBASE v3.8.2 IOT_2016_ixi with Danish sea-transport reallocation (Rørmose Jensen & Iliev 2022)
TUR,Turkey,Middle East,Services,waste_generation,kt,0.01556486543664224,2019,EXIOBASE v3.8.2 IOT_2016_ixi with Danish sea-transport reallocation (Rørmose Jensen & Iliev 2022)
LTU,Lithuania,Europe,Construction,climate_change,kt CO2eq,0.015421283154760745,2019,EXIOBASE v3.8.2 IOT_2016_ixi with Danish sea-transport reallocation (Rørmose Jensen & Iliev 2022)
RoW America,RoW America,America,Construction,land_use,km2,0.0153950428265105,2019,EXIOBASE v3.8.2 IOT_2016_ixi with Danish sea-transport reallocation (Rørmose Jensen & Iliev 2022)
AUT,Austria,Europe,Electricity,waste_generation,kt,0.015388236011602259,2019,EXIOBASE v3.8.2 IOT_2016_ixi with Danish sea-transport reallocation (Rørmose Jensen & Iliev 2022)
BGR,Bulgaria,Europe,Natural gas and gaseous fuels,climate_change,kt CO2eq,0.015381774161406483,2019,EXIOBASE v3.8.2 IOT_2016_ixi with Danish sea-transport reallocation (Rørmose Jensen & Iliev 2022)
CHN,China,Asia and Pacific,Transport Equipment,waste_generation,kt,0.015331270139955482,2019,EXIOBASE v3.8.2 IOT_2016_ixi with Danish sea-transport reallocation (Rørmose Jensen & Iliev 2022)
SVK,Slovakia,Europe,Paper Products,waste_generation,kt,0.015178877967643539,2019,EXIOBASE v3.8.2 IOT_2016_ixi with Danish sea-transport reallocation (Rørmose Jensen & Iliev 2022)
AUT,Austria,Europe,Chemical,material_extraction,kt,0.015029023406331568,2019,EXIOBASE v3.8.2 IOT_2016_ixi with Danish sea-transport reallocation (Rørmose Jensen & Iliev 2022)
GRC,Greece,Europe,Furniture and timber,climate_change,kt CO2eq,0.014979428935031059,2019,EXIOBASE v3.8.2 IOT_2016_ixi with Danish sea-transport reallocation (Rørmose Jensen & Iliev 2022)
RoW Europe,RoW Europe,Europe,Transport,waste_generation,kt,0.014890675358536621,2019,EXIOBASE v3.8.2 IOT_2016_ixi with Danish sea-transport reallocation (Rørmose Jensen & Iliev 2022)
IND,India,Asia and Pacific,Non-metallic mineral products,waste_generation,kt,0.014760433701783092,2019,EXIOBASE v3.8.2 IOT_2016_ixi with Danish sea-transport reallocation (Rørmose Jensen & Iliev 2022)
ESP,Spain,Europe,Services,blue_water_consumption,Mm3,0.014728310057309315,2019,EXIOBASE v3.8.2 IOT_2016_ixi with Danish sea-transport reallocation (Rørmose Jensen & Iliev 2022)
NLD,Netherlands,Europe,Services,land_use,km2,0.014561550286962233,2019,EXIOBASE v3.8.2 IOT_2016_ixi with Danish sea-transport reallocation (Rørmose Jensen & Iliev 2022)
TUR,Turkey,Middle East,"Electrical, electronic and measuring equipment",climate_change,kt CO2eq,0.014546403230831239,2019,EXIOBASE v3.8.2 IOT_2016_ixi with Danish sea-transport reallocation (Rørmose Jensen & Iliev 2022)
POL,Poland,Europe,Transport Equipment,land_use,km2,0.01451390387386144,2019,EXIOBASE v3.8.2 IOT_2016_ixi with Danish sea-transport reallocation (Rørmose Jensen & Iliev 2022)
CAN,Canada,America,General and special Machinery,climate_change,kt CO2eq,0.014492012008531934,2019,EXIOBASE v3.8.2 IOT_2016_ixi with Danish sea-transport reallocation (Rørmose Jensen & Iliev 2022)
POL,Poland,Europe,General and special Machinery,waste_generation,kt,0.0144848132166164,2019,EXIOBASE v3.8.2 IOT_2016_ixi with Danish sea-transport reallocation (Rørmose Jensen & Iliev 2022)
RoW Africa,RoW Africa,Africa,Non-metallic mineral products,land_use,km2,0.014436106798145477,2019,EXIOBASE v3.8.2 IOT_2016_ixi with Danish sea-transport reallocation (Rørmose Jensen & Iliev 2022)
LVA,Latvia,Europe,Food and catering,blue_water_consumption,Mm3,0.014410730453663714,2019,EXIOBASE v3.8.2 IOT_2016_ixi with Danish sea-transport reallocation (Rørmose Jensen & Iliev 2022)
ROU,Romania,Europe,Services,waste_generation,kt,0.014320222634706059,2019,EXIOBASE v3.8.2 IOT_2016_ixi with Danish sea-transport reallocation (Rørmose Jensen & Iliev 2022)
HUN,Hungary,Europe,Metal Products,waste_generation,kt,0.014227260945145728,2019,EXIOBASE v3.8.2 IOT_2016_ixi with Danish sea-transport reallocation (Rørmose Jensen & Iliev 2022)
IND,India,Asia and Pacific,"Electrical, electronic and measuring equipment",waste_generation,kt,0.014205045662540217,2019,EXIOBASE v3.8.2 IOT_2016_ixi with Danish sea-transport reallocation (Rørmose Jensen & Iliev 2022)
NOR,Norway,Europe,Chemical,blue_water_consumption,Mm3,0.014138323349132087,2019,EXIOBASE v3.8.2 IOT_2016_ixi with Danish sea-transport reallocation (Rørmose Jensen & Iliev 2022)
HUN,Hungary,Europe,Transport,land_use,km2,0.014120442497541782,2019,EXIOBASE v3.8.2 IOT_2016_ixi with Danish sea-transport reallocation (Rørmose Jensen & Iliev 2022)
GRC,Greece,Europe,"Electrical, electronic and measuring equipment",climate_change,kt CO2eq,0.013984881945148396,2019,EXIOBASE v3.8.2 IOT_2016_ixi with Danish sea-transport reallocation (Rørmose Jensen & Iliev 2022)
LVA,Latvia,Europe,Furniture and timber,waste_generation,kt,0.013972139837952044,2019,EXIOBASE v3.8.2 IOT_2016_ixi with Danish sea-transport reallocation (Rørmose Jensen & Iliev 2022)
RoW Asia and Pacific,RoW Asia and Pacific,Asia and Pacific,Natural gas and gaseous fuels,land_use,km2,0.013857886499664485,2019,EXIOBASE v3.8.2 IOT_2016_ixi with Danish sea-transport reallocation (Rørmose Jensen & Iliev 2022)
RoW Africa,RoW Africa,Africa,Coal and Petroleum,land_use,km2,0.01377552347016089,2019,EXIOBASE v3.8.2 IOT_2016_ixi with Danish sea-transport reallocation (Rørmose Jensen & Iliev 2022)
TWN,Taiwan,Asia and Pacific,General and special Machinery,climate_change,kt CO2eq,0.013749322004467773,2019,EXIOBASE v3.8.2 IOT_2016_ixi with Danish sea-transport reallocation (Rørmose Jensen & Iliev 2022)
ROU,Romania,Europe,Paper Products,climate_change,kt CO2eq,0.013692716194396505,2019,EXIOBASE v3.8.2 IOT_2016_ixi with Danish sea-transport reallocation (Rørmose Jensen & Iliev 2022)
SVN,Slovenia,Europe,Natural gas and gaseous fuels,climate_change,kt CO2eq,0.013659806784460505,2019,EXIOBASE v3.8.2 IOT_2016_ixi with Danish sea-transport reallocation (Rørmose Jensen & Iliev 2022)
NOR,Norway,Europe,Transport Equipment,climate_change,kt CO2eq,0.013602596035268335,2019,EXIOBASE v3.8.2 IOT_2016_ixi with Danish sea-transport reallocation (Rørmose Jensen & Iliev 2022)
PRT,Portugal,Europe,Non-metallic mineral products,material_extraction,kt,0.013490138005435429,2019,EXIOBASE v3.8.2 IOT_2016_ixi with Danish sea-transport reallocation (Rørmose Jensen & Iliev 2022)
SVK,Slovakia,Europe,Construction,climate_change,kt CO2eq,0.013457145743040922,2019,EXIOBASE v3.8.2 IOT_2016_ixi with Danish sea-transport reallocation (Rørmose Jensen & Iliev 2022)
SVK,Slovakia,Europe,"Steam, hot water supply and water distribution",waste_generation,kt,0.013428128674523964,2019,EXIOBASE v3.8.2 IOT_2016_ixi with Danish sea-transport reallocation (Rørmose Jensen & Iliev 2022)
RoW Africa,RoW Africa,Africa,Textile,blue_water_consumption,Mm3,0.013403370515666327,2019,EXIOBASE v3.8.2 IOT_2016_ixi with Danish sea-transport reallocation (Rørmose Jensen & Iliev 2022)
SVK,Slovakia,Europe,Electricity,waste_generation,kt,0.013385539297911054,2019,EXIOBASE v3.8.2 IOT_2016_ixi with Danish sea-transport reallocation (Rørmose Jensen & Iliev 2022)
DNK,Denmark,Denmark,Metal Products,blue_water_consumption,Mm3,0.013348973706089947,2019,EXIOBASE v3.8.2 IOT_2016_ixi with Danish sea-transport reallocation (Rørmose Jensen & Iliev 2022)
RoW Europe,RoW Europe,Europe,General and special Machinery,waste_generation,kt,0.013332690389756843,2019,EXIOBASE v3.8.2 IOT_2016_ixi with Danish sea-transport reallocation (Rørmose Jensen & Iliev 2022)
CHE,Switzerland,Europe,Waste management and disposal,land_use,km2,0.013319855589561334,2019,EXIOBASE v3.8.2 IOT_2016_ixi with Danish sea-transport reallocation (Rørmose Jensen & Iliev 2022)
IRL,Ireland,Europe,Chemical,waste_generation,kt,0.013290392064946342,2019,EXIOBASE v3.8.2 IOT_2016_ixi with Danish sea-transport reallocation (Rørmose Jensen & Iliev 2022)
BGR,Bulgaria,Europe,"Electrical, electronic and measuring equipment",waste_generation,kt,0.01323617695157935,2019,EXIOBASE v3.8.2 IOT_2016_ixi with Danish sea-transport reallocation (Rørmose Jensen & Iliev 2022)
DEU,Germany,Europe,General and special Machinery,waste_generation,kt,0.013147604956131213,2019,EXIOBASE v3.8.2 IOT_2016_ixi with Danish sea-transport reallocation (Rørmose Jensen & Iliev 2022)
EST,Estonia,Europe,Furniture and timber,waste_generation,kt,0.013129064725946585,2019,EXIOBASE v3.8.2 IOT_2016_ixi with Danish sea-transport reallocation (Rørmose Jensen & Iliev 2022)
SWE,Sweden,Europe,General and special Machinery,waste_generation,kt,0.013108929638192063,2019,EXIOBASE v3.8.2 IOT_2016_ixi with Danish sea-transport reallocation (Rørmose Jensen & Iliev 2022)
GBR,United Kingdom,Europe,"Steam, hot water supply and water distribution",climate_change,kt CO2eq,0.01306447487655626,2019,EXIOBASE v3.8.2 IOT_2016_ixi with Danish sea-transport reallocation (Rørmose Jensen & Iliev 2022)
BEL,Belgium,Europe,Electricity,blue_water_consumption,Mm3,0.013032976572457113,2019,EXIOBASE v3.8.2 IOT_2016_ixi with Danish sea-transport reallocation (Rørmose Jensen & Iliev 2022)
ITA,Italy,Europe,"Electrical, electronic and measuring equipment",waste_generation,kt,0.013031740330605486,2019,EXIOBASE v3.8.2 IOT_2016_ixi with Danish sea-transport reallocation (Rørmose Jensen & Iliev 2022)
SVK,Slovakia,Europe,"Steam, hot water supply and water distribution",material_extraction,kt,0.01302002626782161,2019,EXIOBASE v3.8.2 IOT_2016_ixi with Danish sea-transport reallocation (Rørmose Jensen & Iliev 2022)
RUS,Russia,Europe,Metal Products,blue_water_consumption,Mm3,0.013002849951909132,2019,EXIOBASE v3.8.2 IOT_2016_ixi with Danish sea-transport reallocation (Rørmose Jensen & Iliev 2022)
RUS,Russia,Europe,Electricity,material_extraction,kt,0.012995799758619388,2019,EXIOBASE v3.8.2 IOT_2016_ixi with Danish sea-transport reallocation (Rørmose Jensen & Iliev 2022)
RoW America,RoW America,America,General and special Machinery,land_use,km2,0.01290521656744611,2019,EXIOBASE v3.8.2 IOT_2016_ixi with Danish sea-transport reallocation (Rørmose Jensen & Iliev 2022)
SVN,Slovenia,Europe,Metal Products,waste_generation,kt,0.012886382082606816,2019,EXIOBASE v3.8.2 IOT_2016_ixi with Danish sea-transport reallocation (Rørmose Jensen & Iliev 2022)
BGR,Bulgaria,Europe,Construction,land_use,km2,0.01284422009372925,2019,EXIOBASE v3.8.2 IOT_2016_ixi with Danish sea-transport reallocation (Rørmose Jensen & Iliev 2022)
ITA,Italy,Europe,Transport,waste_generation,kt,0.01283409845762882,2019,EXIOBASE v3.8.2 IOT_2016_ixi with Danish sea-transport reallocation (Rørmose Jensen & Iliev 2022)
RUS,Russia,Europe,Natural gas and gaseous fuels,land_use,km2,0.012831020457965558,2019,EXIOBASE v3.8.2 IOT_2016_ixi with Danish sea-transport reallocation (Rørmose Jensen & Iliev 2022)
RoW Asia and Pacific,RoW Asia and Pacific,Asia and Pacific,Non-metallic mineral products,blue_water_consumption,Mm3,0.012828180532340886,2019,EXIOBASE v3.8.2 IOT_2016_ixi with Danish sea-transport reallocation (Rørmose Jensen & Iliev 2022)
GBR,United Kingdom,Europe,Construction,climate_change,kt CO2eq,0.012824458603977816,2019,EXIOBASE v3.8.2 IOT_2016_ixi with Danish sea-transport reallocation (Rørmose Jensen & Iliev 2022)
SVN,Slovenia,Europe,Chemical,waste_generation,kt,0.012753192909646133,2019,EXIOBASE v3.8.2 IOT_2016_ixi with Danish sea-transport reallocation (Rørmose Jensen & Iliev 2022)
ROU,Romania,Europe,"Steam, hot water supply and water distribution",waste_generation,kt,0.012718380703303661,2019,EXIOBASE v3.8.2 IOT_2016_ixi with Danish sea-transport reallocation (Rørmose Jensen & Iliev 2022)
SVN,Slovenia,Europe,Electricity,climate_change,kt CO2eq,0.012706027248919212,2019,EXIOBASE v3.8.2 IOT_2016_ixi with Danish sea-transport reallocation (Rørmose Jensen & Iliev 2022)
IND,India,Asia and Pacific,Construction,waste_generation,kt,0.01268913928869282,2019,EXIOBASE v3.8.2 IOT_2016_ixi with Danish sea-transport reallocation (Rørmose Jensen & Iliev 2022)
ITA,Italy,Europe,Furniture and timber,climate_change,kt CO2eq,0.012637416515240186,2019,EXIOBASE v3.8.2 IOT_2016_ixi with Danish sea-transport reallocation (Rørmose Jensen & Iliev 2022)
PRT,Portugal,Europe,Services,waste_generation,kt,0.012627593528456398,2019,EXIOBASE v3.8.2 IOT_2016_ixi with Danish sea-transport reallocation (Rørmose Jensen & Iliev 2022)
TUR,Turkey,Middle East,Non-metallic mineral products,blue_water_consumption,Mm3,0.012601892375375819,2019,EXIOBASE v3.8.2 IOT_2016_ixi with Danish sea-transport reallocation (Rørmose Jensen & Iliev 2022)
ROU,Romania,Europe,Furniture and timber,climate_change,kt CO2eq,0.012523143199094295,2019,EXIOBASE v3.8.2 IOT_2016_ixi with Danish sea-transport reallocation (Rørmose Jensen & Iliev 2022)
SVN,Slovenia,Europe,Services,waste_generation,kt,0.012496958390698596,2019,EXIOBASE v3.8.2 IOT_2016_ixi with Danish sea-transport reallocation (Rørmose Jensen & Iliev 2022)
IND,India,Asia and Pacific,Textile,material_extraction,kt,0.01246888128150804,2019,EXIOBASE v3.8.2 IOT_2016_ixi with Danish sea-transport reallocation (Rørmose Jensen & Iliev 2022)
KOR,South Korea,Asia and Pacific,Services,waste_generation,kt,0.012453419000959438,2019,EXIOBASE v3.8.2 IOT_2016_ixi with Danish sea-transport reallocation (Rørmose Jensen & Iliev 2022)
KOR,South Korea,Asia and Pacific,Waste management and disposal,waste_generation,kt,0.012434365824606951,2019,EXIOBASE v3.8.2 IOT_2016_ixi with Danish sea-transport reallocation (Rørmose Jensen & Iliev 2022)
SWE,Sweden,Europe,Transport,waste_generation,kt,0.012396630253460387,2019,EXIOBASE v3.8.2 IOT_2016_ixi with Danish sea-transport reallocation (Rørmose Jensen & Iliev 2022)
BEL,Belgium,Europe,Paper Products,blue_water_consumption,Mm3,0.012368490766032076,2019,EXIOBASE v3.8.2 IOT_2016_ixi with Danish sea-transport reallocation (Rørmose Jensen & Iliev 2022)
ZAF,South Africa,Africa,Electricity,blue_water_consumption,Mm3,0.01233225601122667,2019,EXIOBASE v3.8.2 IOT_2016_ixi with Danish sea-transport reallocation (Rørmose Jensen & Iliev 2022)
RoW Asia and Pacific,RoW Asia and Pacific,Asia and Pacific,General and special Machinery,waste_generation,kt,0.012311014220725489,2019,EXIOBASE v3.8.2 IOT_2016_ixi with Danish sea-transport reallocation (Rørmose Jensen & Iliev 2022)
JPN,Japan,Asia and Pacific,Construction,climate_change,kt CO2eq,0.01224936980417115,2019,EXIOBASE v3.8.2 IOT_2016_ixi with Danish sea-transport reallocation (Rørmose Jensen & Iliev 2022)
IRL,Ireland,Europe,Paper Products,climate_change,kt CO2eq,0.01224717365670267,2019,EXIOBASE v3.8.2 IOT_2016_ixi with Danish sea-transport reallocation (Rørmose Jensen & Iliev 2022)
GBR,United Kingdom,Europe,Metal Products,blue_water_consumption,Mm3,0.01222314643266924,2019,EXIOBASE v3.8.2 IOT_2016_ixi with Danish sea-transport reallocation (Rørmose Jensen & Iliev 2022)
ITA,Italy,Europe,Non-metallic mineral products,waste_generation,kt,0.012214372322262416,2019,EXIOBASE v3.8.2 IOT_2016_ixi with Danish sea-transport reallocation (Rørmose Jensen & Iliev 2022)
JPN,Japan,Asia and Pacific,"Electrical, electronic and measuring equipment",waste_generation,kt,0.012127276518317503,2019,EXIOBASE v3.8.2 IOT_2016_ixi with Danish sea-transport reallocation (Rørmose Jensen & Iliev 2022)
CAN,Canada,America,Transport Equipment,waste_generation,kt,0.012107995344756907,2019,EXIOBASE v3.8.2 IOT_2016_ixi with Danish sea-transport reallocation (Rørmose Jensen & Iliev 2022)
RoW Asia and Pacific,RoW Asia and Pacific,Asia and Pacific,Transport Equipment,waste_generation,kt,0.012084025118417302,2019,EXIOBASE v3.8.2 IOT_2016_ixi with Danish sea-transport reallocation (Rørmose Jensen & Iliev 2022)
PRT,Portugal,Europe,Furniture and timber,climate_change,kt CO2eq,0.012067188059649417,2019,EXIOBASE v3.8.2 IOT_2016_ixi with Danish sea-transport reallocation (Rørmose Jensen & Iliev 2022)
HRV,Croatia,Europe,Chemical,waste_generation,kt,0.012010901409572639,2019,EXIOBASE v3.8.2 IOT_2016_ixi with Danish sea-transport reallocation (Rørmose Jensen & Iliev 2022)
RoW Africa,RoW Africa,Africa,Furniture and timber,blue_water_consumption,Mm3,0.011986518876935531,2019,EXIOBASE v3.8.2 IOT_2016_ixi with Danish sea-transport reallocation (Rørmose Jensen & Iliev 2022)
MLT,Malta,Europe,Metal Products,climate_change,kt CO2eq,0.011970989298741401,2019,EXIOBASE v3.8.2 IOT_2016_ixi with Danish sea-transport reallocation (Rørmose Jensen & Iliev 2022)
RoW Asia and Pacific,RoW Asia and Pacific,Asia and Pacific,Furniture and timber,blue_water_consumption,Mm3,0.011961454543839792,2019,EXIOBASE v3.8.2 IOT_2016_ixi with Danish sea-transport reallocation (Rørmose Jensen & Iliev 2022)
RoW Middle East,RoW Middle East,Middle East,Coal and Petroleum,waste_generation,kt,0.011927586271657784,2019,EXIOBASE v3.8.2 IOT_2016_ixi with Danish sea-transport reallocation (Rørmose Jensen & Iliev 2022)
CHN,China,Asia and Pacific,Furniture and timber,blue_water_consumption,Mm3,0.01178839766007484,2019,EXIOBASE v3.8.2 IOT_2016_ixi with Danish sea-transport reallocation (Rørmose Jensen & Iliev 2022)
BGR,Bulgaria,Europe,Transport Equipment,climate_change,kt CO2eq,0.011774149731893151,2019,EXIOBASE v3.8.2 IOT_2016_ixi with Danish sea-transport reallocation (Rørmose Jensen & Iliev 2022)
RoW Middle East,RoW Middle East,Middle East,Construction,waste_generation,kt,0.01173385536655684,2019,EXIOBASE v3.8.2 IOT_2016_ixi with Danish sea-transport reallocation (Rørmose Jensen & Iliev 2022)
PRT,Portugal,Europe,Metal Products,waste_generation,kt,0.011653279149926053,2019,EXIOBASE v3.8.2 IOT_2016_ixi with Danish sea-transport reallocation (Rørmose Jensen & Iliev 2022)
GRC,Greece,Europe,Services,land_use,km2,0.01163380658766721,2019,EXIOBASE v3.8.2 IOT_2016_ixi with Danish sea-transport reallocation (Rørmose Jensen & Iliev 2022)
TUR,Turkey,Middle East,Metal Products,blue_water_consumption,Mm3,0.011624011911783649,2019,EXIOBASE v3.8.2 IOT_2016_ixi with Danish sea-transport reallocation (Rørmose Jensen & Iliev 2022)
SWE,Sweden,Europe,"Electrical, electronic and measuring equipment",blue_water_consumption,Mm3,0.011556742168358104,2019,EXIOBASE v3.8.2 IOT_2016_ixi with Danish sea-transport reallocation (Rørmose Jensen & Iliev 2022)
SWE,Sweden,Europe,"Steam, hot water supply and water distribution",waste_generation,kt,0.011546751285303034,2019,EXIOBASE v3.8.2 IOT_2016_ixi with Danish sea-transport reallocation (Rørmose Jensen & Iliev 2022)
BGR,Bulgaria,Europe,Electricity,blue_water_consumption,Mm3,0.01150062706348472,2019,EXIOBASE v3.8.2 IOT_2016_ixi with Danish sea-transport reallocation (Rørmose Jensen & Iliev 2022)
BEL,Belgium,Europe,Services,land_use,km2,0.011467536682198298,2019,EXIOBASE v3.8.2 IOT_2016_ixi with Danish sea-transport reallocation (Rørmose Jensen & Iliev 2022)
RUS,Russia,Europe,Transport,waste_generation,kt,0.011442927356515167,2019,EXIOBASE v3.8.2 IOT_2016_ixi with Danish sea-transport reallocation (Rørmose Jensen & Iliev 2022)
SVK,Slovakia,Europe,General and special Machinery,waste_generation,kt,0.011440819381090078,2019,EXIOBASE v3.8.2 IOT_2016_ixi with Danish sea-transport reallocation (Rørmose Jensen & Iliev 2022)
FRA,France,Europe,"Electrical, electronic and measuring equipment",waste_generation,kt,0.01141372993422273,2019,EXIOBASE v3.8.2 IOT_2016_ixi with Danish sea-transport reallocation (Rørmose Jensen & Iliev 2022)
SVN,Slovenia,Europe,Paper Products,waste_generation,kt,0.011387646129762499,2019,EXIOBASE v3.8.2 IOT_2016_ixi with Danish sea-transport reallocation (Rørmose Jensen & Iliev 2022)
ZAF,South Africa,Africa,Furniture and timber,climate_change,kt CO2eq,0.011327141341871886,2019,EXIOBASE v3.8.2 IOT_2016_ixi with Danish sea-transport reallocation (Rørmose Jensen & Iliev 2022)
ITA,Italy,Europe,Chemical,blue_water_consumption,Mm3,0.011323800887884847,2019,EXIOBASE v3.8.2 IOT_2016_ixi with Danish sea-transport reallocation (Rørmose Jensen & Iliev 2022)
RoW Europe,RoW Europe,Europe,Furniture and timber,waste_generation,kt,0.011287312629144864,2019,EXIOBASE v3.8.2 IOT_2016_ixi with Danish sea-transport reallocation (Rørmose Jensen & Iliev 2022)
CHN,China,Asia and Pacific,Construction,climate_change,kt CO2eq,0.01123895580528899,2019,EXIOBASE v3.8.2 IOT_2016_ixi with Danish sea-transport reallocation (Rørmose Jensen & Iliev 2022)
RoW America,RoW America,America,Metal Products,waste_generation,kt,0.011211548518470815,2019,EXIOBASE v3.8.2 IOT_2016_ixi with Danish sea-transport reallocation (Rørmose Jensen & Iliev 2022)
RoW Europe,RoW Europe,Europe,Natural gas and gaseous fuels,land_use,km2,0.011129158858046174,2019,EXIOBASE v3.8.2 IOT_2016_ixi with Danish sea-transport reallocation (Rørmose Jensen & Iliev 2022)
BRA,Brazil,America,Electricity,waste_generation,kt,0.011120681137335341,2019,EXIOBASE v3.8.2 IOT_2016_ixi with Danish sea-transport reallocation (Rørmose Jensen & Iliev 2022)
FIN,Finland,Europe,Chemical,blue_water_consumption,Mm3,0.01099124526916871,2019,EXIOBASE v3.8.2 IOT_2016_ixi with Danish sea-transport reallocation (Rørmose Jensen & Iliev 2022)
IDN,Indonesia,Asia and Pacific,"Electrical, electronic and measuring equipment",climate_change,kt CO2eq,0.010973437091623605,2019,EXIOBASE v3.8.2 IOT_2016_ixi with Danish sea-transport reallocation (Rørmose Jensen & Iliev 2022)
CAN,Canada,America,Furniture and timber,waste_generation,kt,0.010926123240696193,2019,EXIOBASE v3.8.2 IOT_2016_ixi with Danish sea-transport reallocation (Rørmose Jensen & Iliev 2022)
USA,United States,America,Metal Products,blue_water_consumption,Mm3,0.010829499668230129,2019,EXIOBASE v3.8.2 IOT_2016_ixi with Danish sea-transport reallocation (Rørmose Jensen & Iliev 2022)
AUT,Austria,Europe,Metal Products,blue_water_consumption,Mm3,0.010798598327497633,2019,EXIOBASE v3.8.2 IOT_2016_ixi with Danish sea-transport reallocation (Rørmose Jensen & Iliev 2022)
ITA,Italy,Europe,Metal Products,blue_water_consumption,Mm3,0.010769357193031815,2019,EXIOBASE v3.8.2 IOT_2016_ixi with Danish sea-transport reallocation (Rørmose Jensen & Iliev 2022)
USA,United States,America,Furniture and timber,waste_generation,kt,0.010743456049145271,2019,EXIOBASE v3.8.2 IOT_2016_ixi with Danish sea-transport reallocation (Rørmose Jensen & Iliev 2022)
RoW Asia and Pacific,RoW Asia and Pacific,Asia and Pacific,Furniture and timber,waste_generation,kt,0.010741641057950993,2019,EXIOBASE v3.8.2 IOT_2016_ixi with Danish sea-transport reallocation (Rørmose Jensen & Iliev 2022)
ESP,Spain,Europe,Non-metallic mineral products,waste_generation,kt,0.010726350073203054,2019,EXIOBASE v3.8.2 IOT_2016_ixi with Danish sea-transport reallocation (Rørmose Jensen & Iliev 2022)
RoW Asia and Pacific,RoW Asia and Pacific,Asia and Pacific,Metal Products,land_use,km2,0.010631385205891289,2019,EXIOBASE v3.8.2 IOT_2016_ixi with Danish sea-transport reallocation (Rørmose Jensen & Iliev 2022)
RoW Africa,RoW Africa,Africa,General and special Machinery,land_use,km2,0.01060389920796913,2019,EXIOBASE v3.8.2 IOT_2016_ixi with Danish sea-transport reallocation (Rørmose Jensen & Iliev 2022)
MLT,Malta,Europe,Construction,material_extraction,kt,0.01055914046056941,2019,EXIOBASE v3.8.2 IOT_2016_ixi with Danish sea-transport reallocation (Rørmose Jensen & Iliev 2022)
ESP,Spain,Europe,Furniture and timber,waste_generation,kt,0.010532792282424121,2019,EXIOBASE v3.8.2 IOT_2016_ixi with Danish sea-transport reallocation (Rørmose Jensen & Iliev 2022)
PRT,Portugal,Europe,"Electrical, electronic and measuring equipment",climate_change,kt CO2eq,0.010491234410595669,2019,EXIOBASE v3.8.2 IOT_2016_ixi with Danish sea-transport reallocation (Rørmose Jensen & Iliev 2022)
HRV,Croatia,Europe,Waste management and disposal,material_extraction,kt,0.0104621147513126,2019,EXIOBASE v3.8.2 IOT_2016_ixi with Danish sea-transport reallocation (Rørmose Jensen & Iliev 2022)
RoW America,RoW America,America,Metal Products,land_use,km2,0.010404871143180726,2019,EXIOBASE v3.8.2 IOT_2016_ixi with Danish sea-transport reallocation (Rørmose Jensen & Iliev 2022)
CHE,Switzerland,Europe,General and special Machinery,climate_change,kt CO2eq,0.010366858754534598,2019,EXIOBASE v3.8.2 IOT_2016_ixi with Danish sea-transport reallocation (Rørmose Jensen & Iliev 2022)
ROU,Romania,Europe,Transport Equipment,climate_change,kt CO2eq,0.010297792192018073,2019,EXIOBASE v3.8.2 IOT_2016_ixi with Danish sea-transport reallocation (Rørmose Jensen & Iliev 2022)
RoW America,RoW America,America,"Steam, hot water supply and water distribution",climate_change,kt CO2eq,0.0102781628042145,2019,EXIOBASE v3.8.2 IOT_2016_ixi with Danish sea-transport reallocation (Rørmose Jensen & Iliev 2022)
CZE,Czech Republic,Europe,Furniture and timber,waste_generation,kt,0.010260897507727866,2019,EXIOBASE v3.8.2 IOT_2016_ixi with Danish sea-transport reallocation (Rørmose Jensen & Iliev 2022)
TWN,Taiwan,Asia and Pacific,Chemical,blue_water_consumption,Mm3,0.010196621718493882,2019,EXIOBASE v3.8.2 IOT_2016_ixi with Danish sea-transport reallocation (Rørmose Jensen & Iliev 2022)
KOR,South Korea,Asia and Pacific,"Electrical, electronic and measuring equipment",waste_generation,kt,0.010178883146343947,2019,EXIOBASE v3.8.2 IOT_2016_ixi with Danish sea-transport reallocation (Rørmose Jensen & Iliev 2022)
RoW Middle East,RoW Middle East,Middle East,"Steam, hot water supply and water distribution",material_extraction,kt,0.01016949409964361,2019,EXIOBASE v3.8.2 IOT_2016_ixi with Danish sea-transport reallocation (Rørmose Jensen & Iliev 2022)
IND,India,Asia and Pacific,Paper Products,waste_generation,kt,0.010155586489160132,2019,EXIOBASE v3.8.2 IOT_2016_ixi with Danish sea-transport reallocation (Rørmose Jensen & Iliev 2022)
DNK,Denmark,Denmark,"Electrical, electronic and measuring equipment",blue_water_consumption,Mm3,0.010143303751838906,2019,EXIOBASE v3.8.2 IOT_2016_ixi with Danish sea-transport reallocation (Rørmose Jensen & Iliev 2022)
NOR,Norway,Europe,Construction,climate_change,kt CO2eq,0.01013064970702104,2019,EXIOBASE v3.8.2 IOT_2016_ixi with Danish sea-transport reallocation (Rørmose Jensen & Iliev 2022)
RoW Middle East,RoW Middle East,Middle East,Furniture and timber,material_extraction,kt,0.010102290274799678,2019,EXIOBASE v3.8.2 IOT_2016_ixi with Danish sea-transport reallocation (Rørmose Jensen & Iliev 2022)
GRC,Greece,Europe,Paper Products,waste_generation,kt,0.010061536009408444,2019,EXIOBASE v3.8.2 IOT_2016_ixi with Danish sea-transport reallocation (Rørmose Jensen & Iliev 2022)
NOR,Norway,Europe,Furniture and timber,climate_change,kt CO2eq,0.010057455775148973,2019,EXIOBASE v3.8.2 IOT_2016_ixi with Danish sea-transport reallocation (Rørmose Jensen & Iliev 2022)
EST,Estonia,Europe,Natural gas and gaseous fuels,climate_change,kt CO2eq,0.010048756266817789,2019,EXIOBASE v3.8.2 IOT_2016_ixi with Danish sea-transport reallocation (Rørmose Jensen & Iliev 2022)
IND,India,Asia and Pacific,Coal and Petroleum,blue_water_consumption,Mm3,0.009990291514927887,2019,EXIOBASE v3.8.2 IOT_2016_ixi with Danish sea-transport reallocation (Rørmose Jensen & Iliev 2022)
CHE,Switzerland,Europe,Electricity,blue_water_consumption,Mm3,0.009914522516245855,2019,EXIOBASE v3.8.2 IOT_2016_ixi with Danish sea-transport reallocation (Rørmose Jensen & Iliev 2022)
CHE,Switzerland,Europe,Food and catering,blue_water_consumption,Mm3,0.009870345312828014,2019,EXIOBASE v3.8.2 IOT_2016_ixi with Danish sea-transport reallocation (Rørmose Jensen & Iliev 2022)
BEL,Belgium,Europe,"Steam, hot water supply and water distribution",climate_change,kt CO2eq,0.009848596469592071,2019,EXIOBASE v3.8.2 IOT_2016_ixi with Danish sea-transport reallocation (Rørmose Jensen & Iliev 2022)
SVK,Slovakia,Europe,General and special Machinery,climate_change,kt CO2eq,0.009798994674099774,2019,EXIOBASE v3.8.2 IOT_2016_ixi with Danish sea-transport reallocation (Rørmose Jensen & Iliev 2022)
HUN,Hungary,Europe,Textile,climate_change,kt CO2eq,0.00977730118096487,2019,EXIOBASE v3.8.2 IOT_2016_ixi with Danish sea-transport reallocation (Rørmose Jensen & Iliev 2022)
NOR,Norway,Europe,Textile,climate_change,kt CO2eq,0.009774586039510633,2019,EXIOBASE v3.8.2 IOT_2016_ixi with Danish sea-transport reallocation (Rørmose Jensen & Iliev 2022)
CYP,Cyprus,Middle East,Chemical,climate_change,kt CO2eq,0.00975428974212497,2019,EXIOBASE v3.8.2 IOT_2016_ixi with Danish sea-transport reallocation (Rørmose Jensen & Iliev 2022)
RoW America,RoW America,America,Transport,waste_generation,kt,0.00975190544767332,2019,EXIOBASE v3.8.2 IOT_2016_ixi with Danish sea-transport reallocation (Rørmose Jensen & Iliev 2022)
IND,India,Asia and Pacific,Furniture and timber,waste_generation,kt,0.009716527142151548,2019,EXIOBASE v3.8.2 IOT_2016_ixi with Danish sea-transport reallocation (Rørmose Jensen & Iliev 2022)
RUS,Russia,Europe,Construction,waste_generation,kt,0.009667600067962332,2019,EXIOBASE v3.8.2 IOT_2016_ixi with Danish sea-transport reallocation (Rørmose Jensen & Iliev 2022)
GBR,United Kingdom,Europe,Electricity,blue_water_consumption,Mm3,0.009649450919969346,2019,EXIOBASE v3.8.2 IOT_2016_ixi with Danish sea-transport reallocation (Rørmose Jensen & Iliev 2022)
CAN,Canada,America,Textile,climate_change,kt CO2eq,0.0096371782297246,2019,EXIOBASE v3.8.2 IOT_2016_ixi with Danish sea-transport reallocation (Rørmose Jensen & Iliev 2022)
FRA,France,Europe,Construction,climate_change,kt CO2eq,0.00962959935115202,2019,EXIOBASE v3.8.2 IOT_2016_ixi with Danish sea-transport reallocation (Rørmose Jensen & Iliev 2022)
BRA,Brazil,America,Furniture and timber,waste_generation,kt,0.009621051392570494,2019,EXIOBASE v3.8.2 IOT_2016_ixi with Danish sea-transport reallocation (Rørmose Jensen & Iliev 2022)
CZE,Czech Republic,Europe,Non-metallic mineral products,waste_generation,kt,0.009521482961100761,2019,EXIOBASE v3.8.2 IOT_2016_ixi with Danish sea-transport reallocation (Rørmose Jensen & Iliev 2022)
CAN,Canada,America,General and special Machinery,waste_generation,kt,0.009489274001456579,2019,EXIOBASE v3.8.2 IOT_2016_ixi with Danish sea-transport reallocation (Rørmose Jensen & Iliev 2022)
RoW Africa,RoW Africa,Africa,General and special Machinery,climate_change,kt CO2eq,0.009463539151728725,2019,EXIOBASE v3.8.2 IOT_2016_ixi with Danish sea-transport reallocation (Rørmose Jensen & Iliev 2022)
RoW Middle East,RoW Middle East,Middle East,General and special Machinery,material_extraction,kt,0.009385824764663781,2019,EXIOBASE v3.8.2 IOT_2016_ixi with Danish sea-transport reallocation (Rørmose Jensen & Iliev 2022)
CHE,Switzerland,Europe,Metal Products,waste_generation,kt,0.009344295523449064,2019,EXIOBASE v3.8.2 IOT_2016_ixi with Danish sea-transport reallocation (Rørmose Jensen & Iliev 2022)
SVN,Slovenia,Europe,"Electrical, electronic and measuring equipment",waste_generation,kt,0.00933322968382907,2019,EXIOBASE v3.8.2 IOT_2016_ixi with Danish sea-transport reallocation (Rørmose Jensen & Iliev 2022)
BGR,Bulgaria,Europe,Furniture and timber,material_extraction,kt,0.009313453307624016,2019,EXIOBASE v3.8.2 IOT_2016_ixi with Danish sea-transport reallocation (Rørmose Jensen & Iliev 2022)
RoW Middle East,RoW Middle East,Middle East,Construction,material_extraction,kt,0.00931275609951849,2019,EXIOBASE v3.8.2 IOT_2016_ixi with Danish sea-transport reallocation (Rørmose Jensen & Iliev 2022)
BEL,Belgium,Europe,Construction,material_extraction,kt,0.009309296956838464,2019,EXIOBASE v3.8.2 IOT_2016_ixi with Danish sea-transport reallocation (Rørmose Jensen & Iliev 2022)
DEU,Germany,Europe,Transport Equipment,waste_generation,kt,0.009285941058680948,2019,EXIOBASE v3.8.2 IOT_2016_ixi with Danish sea-transport reallocation (Rørmose Jensen & Iliev 2022)
LVA,Latvia,Europe,Waste management and disposal,waste_generation,kt,0.00927504060946322,2019,EXIOBASE v3.8.2 IOT_2016_ixi with Danish sea-transport reallocation (Rørmose Jensen & Iliev 2022)
AUS,Australia,Asia and Pacific,Electricity,blue_water_consumption,Mm3,0.009245477236542557,2019,EXIOBASE v3.8.2 IOT_2016_ixi with Danish sea-transport reallocation (Rørmose Jensen & Iliev 2022)
GBR,United Kingdom,Europe,Transport Equipment,waste_generation,kt,0.009206619927169701,2019,EXIOBASE v3.8.2 IOT_2016_ixi with Danish sea-transport reallocation (Rørmose Jensen & Iliev 2022)
AUS,Australia,Asia and Pacific,"Electrical, electronic and measuring equipment",waste_generation,kt,0.009189260783149356,2019,EXIOBASE v3.8.2 IOT_2016_ixi with Danish sea-transport reallocation (Rørmose Jensen & Iliev 2022)
RoW America,RoW America,America,Waste management and disposal,waste_generation,kt,0.009165210195097117,2019,EXIOBASE v3.8.2 IOT_2016_ixi with Danish sea-transport reallocation (Rørmose Jensen & Iliev 2022)
EST,Estonia,Europe,Waste management and disposal,waste_generation,kt,0.009164829360866277,2019,EXIOBASE v3.8.2 IOT_2016_ixi with Danish sea-transport reallocation (Rørmose Jensen & Iliev 2022)
AUT,Austria,Europe,Chemical,blue_water_consumption,Mm3,0.009137134455738249,2019,EXIOBASE v3.8.2 IOT_2016_ixi with Danish sea-transport reallocation (Rørmose Jensen & Iliev 2022)
FRA,France,Europe,Furniture and timber,waste_generation,kt,0.009117606004084308,2019,EXIOBASE v3.8.2 IOT_2016_ixi with Danish sea-transport reallocation (Rørmose Jensen & Iliev 2022)
CZE,Czech Republic,Europe,Food and catering,blue_water_consumption,Mm3,0.009085463879077547,2019,EXIOBASE v3.8.2 IOT_2016_ixi with Danish sea-transport reallocation (Rørmose Jensen & Iliev 2022)
BGR,Bulgaria,Europe,Metal Products,material_extraction,kt,0.008985614717199575,2019,EXIOBASE v3.8.2 IOT_2016_ixi with Danish sea-transport reallocation (Rørmose Jensen & Iliev 2022)
MEX,Mexico,America,Construction,material_extraction,kt,0.008963198768860401,2019,EXIOBASE v3.8.2 IOT_2016_ixi with Danish sea-transport reallocation (Rørmose Jensen & Iliev 2022)
PRT,Portugal,Europe,Construction,climate_change,kt CO2eq,0.008946542822093808,2019,EXIOBASE v3.8.2 IOT_2016_ixi with Danish sea-transport reallocation (Rørmose Jensen & Iliev 2022)
NLD,Netherlands,Europe,Textile,waste_generation,kt,0.008927192163484062,2019,EXIOBASE v3.8.2 IOT_2016_ixi with Danish sea-transport reallocation (Rørmose Jensen & Iliev 2022)
AUT,Austria,Europe,Furniture and timber,waste_generation,kt,0.008902212840060764,2019,EXIOBASE v3.8.2 IOT_2016_ixi with Danish sea-transport reallocation (Rørmose Jensen & Iliev 2022)
RoW Middle East,RoW Middle East,Middle East,Services,land_use,km2,0.008887443312095523,2019,EXIOBASE v3.8.2 IOT_2016_ixi with Danish sea-transport reallocation (Rørmose Jensen & Iliev 2022)
LTU,Lithuania,Europe,Services,waste_generation,kt,0.008882378515124549,2019,EXIOBASE v3.8.2 IOT_2016_ixi with Danish sea-transport reallocation (Rørmose Jensen & Iliev 2022)
HRV,Croatia,Europe,Textile,climate_change,kt CO2eq,0.00886340947346154,2019,EXIOBASE v3.8.2 IOT_2016_ixi with Danish sea-transport reallocation (Rørmose Jensen & Iliev 2022)
SWE,Sweden,Europe,Services,blue_water_consumption,Mm3,0.008856236938514736,2019,EXIOBASE v3.8.2 IOT_2016_ixi with Danish sea-transport reallocation (Rørmose Jensen & Iliev 2022)
RoW Middle East,RoW Middle East,Middle East,General and special Machinery,waste_generation,kt,0.00876493496274684,2019,EXIOBASE v3.8.2 IOT_2016_ixi with Danish sea-transport reallocation (Rørmose Jensen & Iliev 2022)
GBR,United Kingdom,Europe,Minerals and Metals,blue_water_consumption,Mm3,0.00871881398471352,2019,EXIOBASE v3.8.2 IOT_2016_ixi with Danish sea-transport reallocation (Rørmose Jensen & Iliev 2022)
BRA,Brazil,America,"Electrical, electronic and measuring equipment",waste_generation,kt,0.00870660987706825,2019,EXIOBASE v3.8.2 IOT_2016_ixi with Danish sea-transport reallocation (Rørmose Jensen & Iliev 2022)
BGR,Bulgaria,Europe,Paper Products,waste_generation,kt,0.00869576271869497,2019,EXIOBASE v3.8.2 IOT_2016_ixi with Danish sea-transport reallocation (Rørmose Jensen & Iliev 2022)
MLT,Malta,Europe,Paper Products,climate_change,kt CO2eq,0.00869244883906026,2019,EXIOBASE v3.8.2 IOT_2016_ixi with Danish sea-transport reallocation (Rørmose Jensen & Iliev 2022)
BRA,Brazil,America,Services,land_use,km2,0.00867443919232223,2019,EXIOBASE v3.8.2 IOT_2016_ixi with Danish sea-transport reallocation (Rørmose Jensen & Iliev 2022)
TUR,Turkey,Middle East,"Steam, hot water supply and water distribution",waste_generation,kt,0.008660026958452919,2019,EXIOBASE v3.8.2 IOT_2016_ixi with Danish sea-transport reallocation (Rørmose Jensen & Iliev 2022)
RoW Asia and Pacific,RoW Asia and Pacific,Asia and Pacific,Furniture and timber,material_extraction,kt,0.008625664059183082,2019,EXIOBASE v3.8.2 IOT_2016_ixi with Danish sea-transport reallocation (Rørmose Jensen & Iliev 2022)
RoW Asia and Pacific,RoW Asia and Pacific,Asia and Pacific,Transport Equipment,material_extraction,kt,0.008598167971672404,2019,EXIOBASE v3.8.2 IOT_2016_ixi with Danish sea-transport reallocation (Rørmose Jensen & Iliev 2022)
AUT,Austria,Europe,Textile,climate_change,kt CO2eq,0.008580113416253296,2019,EXIOBASE v3.8.2 IOT_2016_ixi with Danish sea-transport reallocation (Rørmose Jensen & Iliev 2022)
ESP,Spain,Europe,Food and catering,material_extraction,kt,0.008573414972801206,2019,EXIOBASE v3.8.2 IOT_2016_ixi with Danish sea-transport reallocation (Rørmose Jensen & Iliev 2022)
SVK,Slovakia,Europe,Transport Equipment,climate_change,kt CO2eq,0.008544738648622282,2019,EXIOBASE v3.8.2 IOT_2016_ixi with Danish sea-transport reallocation (Rørmose Jensen & Iliev 2022)
POL,Poland,Europe,Furniture and timber,land_use,km2,0.00852092928530985,2019,EXIOBASE v3.8.2 IOT_2016_ixi with Danish sea-transport reallocation (Rørmose Jensen & Iliev 2022)
CHN,China,Asia and Pacific,Construction,waste_generation,kt,0.008486899010307782,2019,EXIOBASE v3.8.2 IOT_2016_ixi with Danish sea-transport reallocation (Rørmose Jensen & Iliev 2022)
CZE,Czech Republic,Europe,Construction,land_use,km2,0.008480930365159595,2019,EXIOBASE v3.8.2 IOT_2016_ixi with Danish sea-transport reallocation (Rørmose Jensen & Iliev 2022)
CAN,Canada,America,Transport Equipment,climate_change,kt CO2eq,0.008462246492627098,2019,EXIOBASE v3.8.2 IOT_2016_ixi with Danish sea-transport reallocation (Rørmose Jensen & Iliev 2022)
RoW Middle East,RoW Middle East,Middle East,Paper Products,waste_generation,kt,0.008438604059932797,2019,EXIOBASE v3.8.2 IOT_2016_ixi with Danish sea-transport reallocation (Rørmose Jensen & Iliev 2022)
USA,United States,America,Non-metallic mineral products,waste_generation,kt,0.008363314076353765,2019,EXIOBASE v3.8.2 IOT_2016_ixi with Danish sea-transport reallocation (Rørmose Jensen & Iliev 2022)
IND,India,Asia and Pacific,General and special Machinery,waste_generation,kt,0.008279317698437637,2019,EXIOBASE v3.8.2 IOT_2016_ixi with Danish sea-transport reallocation (Rørmose Jensen & Iliev 2022)
RoW America,RoW America,America,Minerals and Metals,waste_generation,kt,0.008247409100303818,2019,EXIOBASE v3.8.2 IOT_2016_ixi with Danish sea-transport reallocation (Rørmose Jensen & Iliev 2022)
RoW Asia and Pacific,RoW Asia and Pacific,Asia and Pacific,Construction,land_use,km2,0.008239725480935508,2019,EXIOBASE v3.8.2 IOT_2016_ixi with Danish sea-transport reallocation (Rørmose Jensen & Iliev 2022)
BGR,Bulgaria,Europe,Transport,waste_generation,kt,0.008230082675669421,2019,EXIOBASE v3.8.2 IOT_2016_ixi with Danish sea-transport reallocation (Rørmose Jensen & Iliev 2022)
SVK,Slovakia,Europe,Transport,land_use,km2,0.008212540838839804,2019,EXIOBASE v3.8.2 IOT_2016_ixi with Danish sea-transport reallocation (Rørmose Jensen & Iliev 2022)
GBR,United Kingdom,Europe,Furniture and timber,waste_generation,kt,0.008133738150419035,2019,EXIOBASE v3.8.2 IOT_2016_ixi with Danish sea-transport reallocation (Rørmose Jensen & Iliev 2022)
FIN,Finland,Europe,General and special Machinery,climate_change,kt CO2eq,0.00810348567316571,2019,EXIOBASE v3.8.2 IOT_2016_ixi with Danish sea-transport reallocation (Rørmose Jensen & Iliev 2022)
BGR,Bulgaria,Europe,Metal Products,blue_water_consumption,Mm3,0.008022935211059333,2019,EXIOBASE v3.8.2 IOT_2016_ixi with Danish sea-transport reallocation (Rørmose Jensen & Iliev 2022)
LVA,Latvia,Europe,Food and catering,material_extraction,kt,0.008006985165549048,2019,EXIOBASE v3.8.2 IOT_2016_ixi with Danish sea-transport reallocation (Rørmose Jensen & Iliev 2022)
CZE,Czech Republic,Europe,"Steam, hot water supply and water distribution",material_extraction,kt,0.007951783813780205,2019,EXIOBASE v3.8.2 IOT_2016_ixi with Danish sea-transport reallocation (Rørmose Jensen & Iliev 2022)
GBR,United Kingdom,Europe,Non-metallic mineral products,waste_generation,kt,0.0079376109356414,2019,EXIOBASE v3.8.2 IOT_2016_ixi with Danish sea-transport reallocation (Rørmose Jensen & Iliev 2022)
RoW America,RoW America,America,Construction,waste_generation,kt,0.007912091785813435,2019,EXIOBASE v3.8.2 IOT_2016_ixi with Danish sea-transport reallocation (Rørmose Jensen & Iliev 2022)
FRA,France,Europe,Chemical,blue_water_consumption,Mm3,0.007877148221946354,2019,EXIOBASE v3.8.2 IOT_2016_ixi with Danish sea-transport reallocation (Rørmose Jensen & Iliev 2022)
MEX,Mexico,America,Metal Products,blue_water_consumption,Mm3,0.007871156092468688,2019,EXIOBASE v3.8.2 IOT_2016_ixi with Danish sea-transport reallocation (Rørmose Jensen & Iliev 2022)
CZE,Czech Republic,Europe,"Electrical, electronic and measuring equipment",waste_generation,kt,0.00787016843132966,2019,EXIOBASE v3.8.2 IOT_2016_ixi with Danish sea-transport reallocation (Rørmose Jensen & Iliev 2022)
LTU,Lithuania,Europe,Paper Products,waste_generation,kt,0.007851374366201872,2019,EXIOBASE v3.8.2 IOT_2016_ixi with Danish sea-transport reallocation (Rørmose Jensen & Iliev 2022)
SWE,Sweden,Europe,Textile,climate_change,kt CO2eq,0.007847471459295392,2019,EXIOBASE v3.8.2 IOT_2016_ixi with Danish sea-transport reallocation (Rørmose Jensen & Iliev 2022)
TUR,Turkey,Middle East,General and special Machinery,climate_change,kt CO2eq,0.007843389072984652,2019,EXIOBASE v3.8.2 IOT_2016_ixi with Danish sea-transport reallocation (Rørmose Jensen & Iliev 2022)
HUN,Hungary,Europe,Chemical,blue_water_consumption,Mm3,0.007806414240049255,2019,EXIOBASE v3.8.2 IOT_2016_ixi with Danish sea-transport reallocation (Rørmose Jensen & Iliev 2022)
HRV,Croatia,Europe,Paper Products,waste_generation,kt,0.00778476829190306,2019,EXIOBASE v3.8.2 IOT_2016_ixi with Danish sea-transport reallocation (Rørmose Jensen & Iliev 2022)
ROU,Romania,Europe,Paper Products,waste_generation,kt,0.007768214537569167,2019,EXIOBASE v3.8.2 IOT_2016_ixi with Danish sea-transport reallocation (Rørmose Jensen & Iliev 2022)
POL,Poland,Europe,Textile,land_use,km2,0.007747149139147404,2019,EXIOBASE v3.8.2 IOT_2016_ixi with Danish sea-transport reallocation (Rørmose Jensen & Iliev 2022)
RoW Asia and Pacific,RoW Asia and Pacific,Asia and Pacific,Textile,material_extraction,kt,0.007721526126229703,2019,EXIOBASE v3.8.2 IOT_2016_ixi with Danish sea-transport reallocation (Rørmose Jensen & Iliev 2022)
RoW Africa,RoW Africa,Africa,"Steam, hot water supply and water distribution",land_use,km2,0.007695604841462456,2019,EXIOBASE v3.8.2 IOT_2016_ixi with Danish sea-transport reallocation (Rørmose Jensen & Iliev 2022)
ESP,Spain,Europe,Electricity,blue_water_consumption,Mm3,0.0076921579477725165,2019,EXIOBASE v3.8.2 IOT_2016_ixi with Danish sea-transport reallocation (Rørmose Jensen & Iliev 2022)
RUS,Russia,Europe,Paper Products,material_extraction,kt,0.007638075257076523,2019,EXIOBASE v3.8.2 IOT_2016_ixi with Danish sea-transport reallocation (Rørmose Jensen & Iliev 2022)
RoW Europe,RoW Europe,Europe,Metal Products,land_use,km2,0.007601967859886407,2019,EXIOBASE v3.8.2 IOT_2016_ixi with Danish sea-transport reallocation (Rørmose Jensen & Iliev 2022)
ZAF,South Africa,Africa,Construction,climate_change,kt CO2eq,0.007599264659904817,2019,EXIOBASE v3.8.2 IOT_2016_ixi with Danish sea-transport reallocation (Rørmose Jensen & Iliev 2022)
RoW Africa,RoW Africa,Africa,Metal Products,material_extraction,kt,0.007584718501383625,2019,EXIOBASE v3.8.2 IOT_2016_ixi with Danish sea-transport reallocation (Rørmose Jensen & Iliev 2022)
AUT,Austria,Europe,Food and catering,blue_water_consumption,Mm3,0.007535007250040713,2019,EXIOBASE v3.8.2 IOT_2016_ixi with Danish sea-transport reallocation (Rørmose Jensen & Iliev 2022)
JPN,Japan,Asia and Pacific,Non-metallic mineral products,waste_generation,kt,0.007532395452327086,2019,EXIOBASE v3.8.2 IOT_2016_ixi with Danish sea-transport reallocation (Rørmose Jensen & Iliev 2022)
EST,Estonia,Europe,Construction,climate_change,kt CO2eq,0.007530918544662655,2019,EXIOBASE v3.8.2 IOT_2016_ixi with Danish sea-transport reallocation (Rørmose Jensen & Iliev 2022)
CZE,Czech Republic,Europe,Electricity,material_extraction,kt,0.007490330842641954,2019,EXIOBASE v3.8.2 IOT_2016_ixi with Danish sea-transport reallocation (Rørmose Jensen & Iliev 2022)
HUN,Hungary,Europe,Construction,climate_change,kt CO2eq,0.007486331387451441,2019,EXIOBASE v3.8.2 IOT_2016_ixi with Danish sea-transport reallocation (Rørmose Jensen & Iliev 2022)
JPN,Japan,Asia and Pacific,Coal and Petroleum,waste_generation,kt,0.007469826618791262,2019,EXIOBASE v3.8.2 IOT_2016_ixi with Danish sea-transport reallocation (Rørmose Jensen & Iliev 2022)
SVN,Slovenia,Europe,"Steam, hot water supply and water distribution",waste_generation,kt,0.007452381236831849,2019,EXIOBASE v3.8.2 IOT_2016_ixi with Danish sea-transport reallocation (Rørmose Jensen & Iliev 2022)
PRT,Portugal,Europe,Food and catering,material_extraction,kt,0.0074369708905091024,2019,EXIOBASE v3.8.2 IOT_2016_ixi with Danish sea-transport reallocation (Rørmose Jensen & Iliev 2022)
CHN,China,Asia and Pacific,Non-metallic mineral products,blue_water_consumption,Mm3,0.0074167185733267325,2019,EXIOBASE v3.8.2 IOT_2016_ixi with Danish sea-transport reallocation (Rørmose Jensen & Iliev 2022)
SVN,Slovenia,Europe,General and special Machinery,climate_change,kt CO2eq,0.007415520298001514,2019,EXIOBASE v3.8.2 IOT_2016_ixi with Danish sea-transport reallocation (Rørmose Jensen & Iliev 2022)
LVA,Latvia,Europe,Natural gas and gaseous fuels,climate_change,kt CO2eq,0.007407544109891242,2019,EXIOBASE v3.8.2 IOT_2016_ixi with Danish sea-transport reallocation (Rørmose Jensen & Iliev 2022)
ZAF,South Africa,Africa,General and special Machinery,climate_change,kt CO2eq,0.007387954610172765,2019,EXIOBASE v3.8.2 IOT_2016_ixi with Danish sea-transport reallocation (Rørmose Jensen & Iliev 2022)
RoW Europe,RoW Europe,Europe,Metal Products,blue_water_consumption,Mm3,0.007361215119809668,2019,EXIOBASE v3.8.2 IOT_2016_ixi with Danish sea-transport reallocation (Rørmose Jensen & Iliev 2022)
LUX,Luxembourg,Europe,Services,waste_generation,kt,0.0073446817009907685,2019,EXIOBASE v3.8.2 IOT_2016_ixi with Danish sea-transport reallocation (Rørmose Jensen & Iliev 2022)
NLD,Netherlands,Europe,Paper Products,blue_water_consumption,Mm3,0.007333632607037083,2019,EXIOBASE v3.8.2 IOT_2016_ixi with Danish sea-transport reallocation (Rørmose Jensen & Iliev 2022)
CAN,Canada,America,Services,material_extraction,kt,0.007331613137593987,2019,EXIOBASE v3.8.2 IOT_2016_ixi with Danish sea-transport reallocation (Rørmose Jensen & Iliev 2022)
TUR,Turkey,Middle East,"Electrical, electronic and measuring equipment",waste_generation,kt,0.007326717160427199,2019,EXIOBASE v3.8.2 IOT_2016_ixi with Danish sea-transport reallocation (Rørmose Jensen & Iliev 2022)
BGR,Bulgaria,Europe,Chemical,blue_water_consumption,Mm3,0.0073243213433138365,2019,EXIOBASE v3.8.2 IOT_2016_ixi with Danish sea-transport reallocation (Rørmose Jensen & Iliev 2022)
LUX,Luxembourg,Europe,Chemical,climate_change,kt CO2eq,0.007230914828468218,2019,EXIOBASE v3.8.2 IOT_2016_ixi with Danish sea-transport reallocation (Rørmose Jensen & Iliev 2022)
HRV,Croatia,Europe,Transport Equipment,climate_change,kt CO2eq,0.0072211908593737845,2019,EXIOBASE v3.8.2 IOT_2016_ixi with Danish sea-transport reallocation (Rørmose Jensen & Iliev 2022)
PRT,Portugal,Europe,Services,land_use,km2,0.0072041106180134925,2019,EXIOBASE v3.8.2 IOT_2016_ixi with Danish sea-transport reallocation (Rørmose Jensen & Iliev 2022)
POL,Poland,Europe,Transport Equipment,waste_generation,kt,0.007138484026843317,2019,EXIOBASE v3.8.2 IOT_2016_ixi with Danish sea-transport reallocation (Rørmose Jensen & Iliev 2022)
MLT,Malta,Europe,Chemical,climate_change,kt CO2eq,0.007128328886806427,2019,EXIOBASE v3.8.2 IOT_2016_ixi with Danish sea-transport reallocation (Rørmose Jensen & Iliev 2022)
USA,United States,America,General and special Machinery,waste_generation,kt,0.007100322919597837,2019,EXIOBASE v3.8.2 IOT_2016_ixi with Danish sea-transport reallocation (Rørmose Jensen & Iliev 2022)
BEL,Belgium,Europe,Transport,waste_generation,kt,0.007088256621188802,2019,EXIOBASE v3.8.2 IOT_2016_ixi with Danish sea-transport reallocation (Rørmose Jensen & Iliev 2022)
RoW Europe,RoW Europe,Europe,Non-metallic mineral products,waste_generation,kt,0.007051432055967876,2019,EXIOBASE v3.8.2 IOT_2016_ixi with Danish sea-transport reallocation (Rørmose Jensen & Iliev 2022)
RUS,Russia,Europe,Non-metallic mineral products,land_use,km2,0.0070395904086165036,2019,EXIOBASE v3.8.2 IOT_2016_ixi with Danish sea-transport reallocation (Rørmose Jensen & Iliev 2022)
USA,United States,America,Textile,waste_generation,kt,0.007030590741186501,2019,EXIOBASE v3.8.2 IOT_2016_ixi with Danish sea-transport reallocation (Rørmose Jensen & Iliev 2022)
IDN,Indonesia,Asia and Pacific,Services,waste_generation,kt,0.007023524534075269,2019,EXIOBASE v3.8.2 IOT_2016_ixi with Danish sea-transport reallocation (Rørmose Jensen & Iliev 2022)
KOR,South Korea,Asia and Pacific,Construction,climate_change,kt CO2eq,0.00700161883652329,2019,EXIOBASE v3.8.2 IOT_2016_ixi with Danish sea-transport reallocation (Rørmose Jensen & Iliev 2022)
DNK,Denmark,Denmark,Textile,blue_water_consumption,Mm3,0.006981029466938197,2019,EXIOBASE v3.8.2 IOT_2016_ixi with Danish sea-transport reallocation (Rørmose Jensen & Iliev 2022)
RoW Asia and Pacific,RoW Asia and Pacific,Asia and Pacific,General and special Machinery,material_extraction,kt,0.0069692938453079925,2019,EXIOBASE v3.8.2 IOT_2016_ixi with Danish sea-transport reallocation (Rørmose Jensen & Iliev 2022)
RoW America,RoW America,America,Chemical,blue_water_consumption,Mm3,0.006956967870904701,2019,EXIOBASE v3.8.2 IOT_2016_ixi with Danish sea-transport reallocation (Rørmose Jensen & Iliev 2022)
NOR,Norway,Europe,Coal and Petroleum,waste_generation,kt,0.006933833166802269,2019,EXIOBASE v3.8.2 IOT_2016_ixi with Danish sea-transport reallocation (Rørmose Jensen & Iliev 2022)
RoW Asia and Pacific,RoW Asia and Pacific,Asia and Pacific,General and special Machinery,blue_water_consumption,Mm3,0.006929294797994048,2019,EXIOBASE v3.8.2 IOT_2016_ixi with Danish sea-transport reallocation (Rørmose Jensen & Iliev 2022)
DNK,Denmark,Denmark,Non-metallic mineral products,blue_water_consumption,Mm3,0.006924395735654015,2019,EXIOBASE v3.8.2 IOT_2016_ixi with Danish sea-transport reallocation (Rørmose Jensen & Iliev 2022)
RoW Middle East,RoW Middle East,Middle East,Transport,land_use,km2,0.006922148828980467,2019,EXIOBASE v3.8.2 IOT_2016_ixi with Danish sea-transport reallocation (Rørmose Jensen & Iliev 2022)
HUN,Hungary,Europe,Transport,waste_generation,kt,0.0068985670993382845,2019,EXIOBASE v3.8.2 IOT_2016_ixi with Danish sea-transport reallocation (Rørmose Jensen & Iliev 2022)
LVA,Latvia,Europe,Paper Products,climate_change,kt CO2eq,0.0068496219994267455,2019,EXIOBASE v3.8.2 IOT_2016_ixi with Danish sea-transport reallocation (Rørmose Jensen & Iliev 2022)
POL,Poland,Europe,Metal Products,blue_water_consumption,Mm3,0.006835039539623203,2019,EXIOBASE v3.8.2 IOT_2016_ixi with Danish sea-transport reallocation (Rørmose Jensen & Iliev 2022)
AUS,Australia,Asia and Pacific,Furniture and timber,climate_change,kt CO2eq,0.006734390736079986,2019,EXIOBASE v3.8.2 IOT_2016_ixi with Danish sea-transport reallocation (Rørmose Jensen & Iliev 2022)
LVA,Latvia,Europe,Coal and Petroleum,climate_change,kt CO2eq,0.006690585771696761,2019,EXIOBASE v3.8.2 IOT_2016_ixi with Danish sea-transport reallocation (Rørmose Jensen & Iliev 2022)
BRA,Brazil,America,Textile,material_extraction,kt,0.006680058870396312,2019,EXIOBASE v3.8.2 IOT_2016_ixi with Danish sea-transport reallocation (Rørmose Jensen & Iliev 2022)
HUN,Hungary,Europe,Waste management and disposal,land_use,km2,0.006662600067125647,2019,EXIOBASE v3.8.2 IOT_2016_ixi with Danish sea-transport reallocation (Rørmose Jensen & Iliev 2022)
IDN,Indonesia,Asia and Pacific,"Electrical, electronic and measuring equipment",waste_generation,kt,0.0066625119746683515,2019,EXIOBASE v3.8.2 IOT_2016_ixi with Danish sea-transport reallocation (Rørmose Jensen & Iliev 2022)
BGR,Bulgaria,Europe,General and special Machinery,climate_change,kt CO2eq,0.006647886024538139,2019,EXIOBASE v3.8.2 IOT_2016_ixi with Danish sea-transport reallocation (Rørmose Jensen & Iliev 2022)
AUT,Austria,Europe,Food and catering,material_extraction,kt,0.00662057573902996,2019,EXIOBASE v3.8.2 IOT_2016_ixi with Danish sea-transport reallocation (Rørmose Jensen & Iliev 2022)
CHE,Switzerland,Europe,Textile,climate_change,kt CO2eq,0.006606709284178501,2019,EXIOBASE v3.8.2 IOT_2016_ixi with Danish sea-transport reallocation (Rørmose Jensen & Iliev 2022)
SVN,Slovenia,Europe,Construction,climate_change,kt CO2eq,0.006599898958786428,2019,EXIOBASE v3.8.2 IOT_2016_ixi with Danish sea-transport reallocation (Rørmose Jensen & Iliev 2022)
EST,Estonia,Europe,Services,waste_generation,kt,0.0065963526620137864,2019,EXIOBASE v3.8.2 IOT_2016_ixi with Danish sea-transport reallocation (Rørmose Jensen & Iliev 2022)
NLD,Netherlands,Europe,Non-metallic mineral products,waste_generation,kt,0.006591154698216351,2019,EXIOBASE v3.8.2 IOT_2016_ixi with Danish sea-transport reallocation (Rørmose Jensen & Iliev 2022)
SVK,Slovakia,Europe,Electricity,blue_water_consumption,Mm3,0.006590083400951055,2019,EXIOBASE v3.8.2 IOT_2016_ixi with Danish sea-transport reallocation (Rørmose Jensen & Iliev 2022)
RUS,Russia,Europe,Furniture and timber,material_extraction,kt,0.0065299348512571085,2019,EXIOBASE v3.8.2 IOT_2016_ixi with Danish sea-transport reallocation (Rørmose Jensen & Iliev 2022)
NLD,Netherlands,Europe,"Electrical, electronic and measuring equipment",blue_water_consumption,Mm3,0.006518947066848882,2019,EXIOBASE v3.8.2 IOT_2016_ixi with Danish sea-transport reallocation (Rørmose Jensen & Iliev 2022)
RoW America,RoW America,America,"Electrical, electronic and measuring equipment",material_extraction,kt,0.006496633654267557,2019,EXIOBASE v3.8.2 IOT_2016_ixi with Danish sea-transport reallocation (Rørmose Jensen & Iliev 2022)
RoW Middle East,RoW Middle East,Middle East,Textile,waste_generation,kt,0.006493142804978192,2019,EXIOBASE v3.8.2 IOT_2016_ixi with Danish sea-transport reallocation (Rørmose Jensen & Iliev 2022)
GBR,United Kingdom,Europe,"Electrical, electronic and measuring equipment",blue_water_consumption,Mm3,0.006475954132481042,2019,EXIOBASE v3.8.2 IOT_2016_ixi with Danish sea-transport reallocation (Rørmose Jensen & Iliev 2022)
FRA,France,Europe,Non-metallic mineral products,waste_generation,kt,0.00647545537835634,2019,EXIOBASE v3.8.2 IOT_2016_ixi with Danish sea-transport reallocation (Rørmose Jensen & Iliev 2022)
FIN,Finland,Europe,Furniture and timber,waste_generation,kt,0.006467316001688055,2019,EXIOBASE v3.8.2 IOT_2016_ixi with Danish sea-transport reallocation (Rørmose Jensen & Iliev 2022)
RoW Europe,RoW Europe,Europe,Waste management and disposal,waste_generation,kt,0.006462765082722893,2019,EXIOBASE v3.8.2 IOT_2016_ixi with Danish sea-transport reallocation (Rørmose Jensen & Iliev 2022)
BGR,Bulgaria,Europe,"Electrical, electronic and measuring equipment",climate_change,kt CO2eq,0.006357544124158667,2019,EXIOBASE v3.8.2 IOT_2016_ixi with Danish sea-transport reallocation (Rørmose Jensen & Iliev 2022)
NLD,Netherlands,Europe,Metal Products,blue_water_consumption,Mm3,0.006315952816396425,2019,EXIOBASE v3.8.2 IOT_2016_ixi with Danish sea-transport reallocation (Rørmose Jensen & Iliev 2022)
BRA,Brazil,America,"Electrical, electronic and measuring equipment",climate_change,kt CO2eq,0.006304392181349499,2019,EXIOBASE v3.8.2 IOT_2016_ixi with Danish sea-transport reallocation (Rørmose Jensen & Iliev 2022)
ITA,Italy,Europe,Furniture and timber,waste_generation,kt,0.0063021234649609705,2019,EXIOBASE v3.8.2 IOT_2016_ixi with Danish sea-transport reallocation (Rørmose Jensen & Iliev 2022)
RoW Asia and Pacific,RoW Asia and Pacific,Asia and Pacific,Waste management and disposal,blue_water_consumption,Mm3,0.006296961045517706,2019,EXIOBASE v3.8.2 IOT_2016_ixi with Danish sea-transport reallocation (Rørmose Jensen & Iliev 2022)
NOR,Norway,Europe,Textile,waste_generation,kt,0.006254504945832571,2019,EXIOBASE v3.8.2 IOT_2016_ixi with Danish sea-transport reallocation (Rørmose Jensen & Iliev 2022)
CZE,Czech Republic,Europe,Transport,land_use,km2,0.006231206137116661,2019,EXIOBASE v3.8.2 IOT_2016_ixi with Danish sea-transport reallocation (Rørmose Jensen & Iliev 2022)
NOR,Norway,Europe,"Electrical, electronic and measuring equipment",waste_generation,kt,0.006178669448460441,2019,EXIOBASE v3.8.2 IOT_2016_ixi with Danish sea-transport reallocation (Rørmose Jensen & Iliev 2022)
MEX,Mexico,America,Coal and Petroleum,waste_generation,kt,0.00617539283110991,2019,EXIOBASE v3.8.2 IOT_2016_ixi with Danish sea-transport reallocation (Rørmose Jensen & Iliev 2022)
POL,Poland,Europe,Paper Products,blue_water_consumption,Mm3,0.006134596246644851,2019,EXIOBASE v3.8.2 IOT_2016_ixi with Danish sea-transport reallocation (Rørmose Jensen & Iliev 2022)
EST,Estonia,Europe,Paper Products,waste_generation,kt,0.006124441041180512,2019,EXIOBASE v3.8.2 IOT_2016_ixi with Danish sea-transport reallocation (Rørmose Jensen & Iliev 2022)
RoW America,RoW America,America,Transport Equipment,land_use,km2,0.0061236867376227005,2019,EXIOBASE v3.8.2 IOT_2016_ixi with Danish sea-transport reallocation (Rørmose Jensen & Iliev 2022)
BGR,Bulgaria,Europe,Furniture and timber,climate_change,kt CO2eq,0.006046194544374274,2019,EXIOBASE v3.8.2 IOT_2016_ixi with Danish sea-transport reallocation (Rørmose Jensen & Iliev 2022)
RoW Europe,RoW Europe,Europe,Textile,waste_generation,kt,0.0060245820394437275,2019,EXIOBASE v3.8.2 IOT_2016_ixi with Danish sea-transport reallocation (Rørmose Jensen & Iliev 2022)
FIN,Finland,Europe,"Electrical, electronic and measuring equipment",waste_generation,kt,0.005938671256299927,2019,EXIOBASE v3.8.2 IOT_2016_ixi with Danish sea-transport reallocation (Rørmose Jensen & Iliev 2022)
JPN,Japan,Asia and Pacific,Metal Products,blue_water_consumption,Mm3,0.0059332794889852825,2019,EXIOBASE v3.8.2 IOT_2016_ixi with Danish sea-transport reallocation (Rørmose Jensen & Iliev 2022)
ESP,Spain,Europe,"Electrical, electronic and measuring equipment",waste_generation,kt,0.005913260595541305,2019,EXIOBASE v3.8.2 IOT_2016_ixi with Danish sea-transport reallocation (Rørmose Jensen & Iliev 2022)
ITA,Italy,Europe,Paper Products,blue_water_consumption,Mm3,0.005902762077075976,2019,EXIOBASE v3.8.2 IOT_2016_ixi with Danish sea-transport reallocation (Rørmose Jensen & Iliev 2022)
FIN,Finland,Europe,Food and catering,blue_water_consumption,Mm3,0.005892114215091832,2019,EXIOBASE v3.8.2 IOT_2016_ixi with Danish sea-transport reallocation (Rørmose Jensen & Iliev 2022)
BRA,Brazil,America,Paper Products,blue_water_consumption,Mm3,0.005882135307024093,2019,EXIOBASE v3.8.2 IOT_2016_ixi with Danish sea-transport reallocation (Rørmose Jensen & Iliev 2022)
DEU,Germany,Europe,Transport Equipment,material_extraction,kt,0.005878170110197951,2019,EXIOBASE v3.8.2 IOT_2016_ixi with Danish sea-transport reallocation (Rørmose Jensen & Iliev 2022)
NOR,Norway,Europe,Non-metallic mineral products,blue_water_consumption,Mm3,0.0058734882460288055,2019,EXIOBASE v3.8.2 IOT_2016_ixi with Danish sea-transport reallocation (Rørmose Jensen & Iliev 2022)
RoW America,RoW America,America,Textile,blue_water_consumption,Mm3,0.005829757527205742,2019,EXIOBASE v3.8.2 IOT_2016_ixi with Danish sea-transport reallocation (Rørmose Jensen & Iliev 2022)
SWE,Sweden,Europe,Non-metallic mineral products,waste_generation,kt,0.005822032612739777,2019,EXIOBASE v3.8.2 IOT_2016_ixi with Danish sea-transport reallocation (Rørmose Jensen & Iliev 2022)
AUT,Austria,Europe,Transport Equipment,climate_change,kt CO2eq,0.005803041019729336,2019,EXIOBASE v3.8.2 IOT_2016_ixi with Danish sea-transport reallocation (Rørmose Jensen & Iliev 2022)
CZE,Czech Republic,Europe,Chemical,blue_water_consumption,Mm3,0.0057972229744390836,2019,EXIOBASE v3.8.2 IOT_2016_ixi with Danish sea-transport reallocation (Rørmose Jensen & Iliev 2022)
RUS,Russia,Europe,Natural gas and gaseous fuels,material_extraction,kt,0.0057401569924492085,2019,EXIOBASE v3.8.2 IOT_2016_ixi with Danish sea-transport reallocation (Rørmose Jensen & Iliev 2022)
NOR,Norway,Europe,General and special Machinery,climate_change,kt CO2eq,0.00570974112674165,2019,EXIOBASE v3.8.2 IOT_2016_ixi with Danish sea-transport reallocation (Rørmose Jensen & Iliev 2022)
TUR,Turkey,Middle East,Chemical,blue_water_consumption,Mm3,0.005649764402108501,2019,EXIOBASE v3.8.2 IOT_2016_ixi with Danish sea-transport reallocation (Rørmose Jensen & Iliev 2022)
GRC,Greece,Europe,Services,waste_generation,kt,0.005584145585985029,2019,EXIOBASE v3.8.2 IOT_2016_ixi with Danish sea-transport reallocation (Rørmose Jensen & Iliev 2022)
DEU,Germany,Europe,Minerals and Metals,waste_generation,kt,0.0055808493018759415,2019,EXIOBASE v3.8.2 IOT_2016_ixi with Danish sea-transport reallocation (Rørmose Jensen & Iliev 2022)
MLT,Malta,Europe,Coal and Petroleum,climate_change,kt CO2eq,0.005563030536418795,2019,EXIOBASE v3.8.2 IOT_2016_ixi with Danish sea-transport reallocation (Rørmose Jensen & Iliev 2022)
CZE,Czech Republic,Europe,Paper Products,blue_water_consumption,Mm3,0.005563029567145766,2019,EXIOBASE v3.8.2 IOT_2016_ixi with Danish sea-transport reallocation (Rørmose Jensen & Iliev 2022)
SVK,Slovakia,Europe,Waste management and disposal,land_use,km2,0.005552948679036136,2019,EXIOBASE v3.8.2 IOT_2016_ixi with Danish sea-transport reallocation (Rørmose Jensen & Iliev 2022)
POL,Poland,Europe,Waste management and disposal,land_use,km2,0.0055359626639837674,2019,EXIOBASE v3.8.2 IOT_2016_ixi with Danish sea-transport reallocation (Rørmose Jensen & Iliev 2022)
MLT,Malta,Europe,Services,land_use,km2,0.005528982275244149,2019,EXIOBASE v3.8.2 IOT_2016_ixi with Danish sea-transport reallocation (Rørmose Jensen & Iliev 2022)
GBR,United Kingdom,Europe,Services,material_extraction,kt,0.005516815770263266,2019,EXIOBASE v3.8.2 IOT_2016_ixi with Danish sea-transport reallocation (Rørmose Jensen & Iliev 2022)
TUR,Turkey,Middle East,Metal Products,material_extraction,kt,0.005498439996746381,2019,EXIOBASE v3.8.2 IOT_2016_ixi with Danish sea-transport reallocation (Rørmose Jensen & Iliev 2022)
LVA,Latvia,Europe,Services,waste_generation,kt,0.005481783251933508,2019,EXIOBASE v3.8.2 IOT_2016_ixi with Danish sea-transport reallocation (Rørmose Jensen & Iliev 2022)
NLD,Netherlands,Europe,General and special Machinery,waste_generation,kt,0.005478163671431304,2019,EXIOBASE v3.8.2 IOT_2016_ixi with Danish sea-transport reallocation (Rørmose Jensen & Iliev 2022)
CZE,Czech Republic,Europe,General and special Machinery,waste_generation,kt,0.00546649246148668,2019,EXIOBASE v3.8.2 IOT_2016_ixi with Danish sea-transport reallocation (Rørmose Jensen & Iliev 2022)
LTU,Lithuania,Europe,Furniture and timber,land_use,km2,0.005446660693812498,2019,EXIOBASE v3.8.2 IOT_2016_ixi with Danish sea-transport reallocation (Rørmose Jensen & Iliev 2022)
GRC,Greece,Europe,Waste management and disposal,waste_generation,kt,0.005430940904104599,2019,EXIOBASE v3.8.2 IOT_2016_ixi with Danish sea-transport reallocation (Rørmose Jensen & Iliev 2022)
ESP,Spain,Europe,Construction,land_use,km2,0.005423569097542978,2019,EXIOBASE v3.8.2 IOT_2016_ixi with Danish sea-transport reallocation (Rørmose Jensen & Iliev 2022)
LTU,Lithuania,Europe,Construction,waste_generation,kt,0.00542207050616616,2019,EXIOBASE v3.8.2 IOT_2016_ixi with Danish sea-transport reallocation (Rørmose Jensen & Iliev 2022)
SVN,Slovenia,Europe,Transport Equipment,climate_change,kt CO2eq,0.005371942052411107,2019,EXIOBASE v3.8.2 IOT_2016_ixi with Danish sea-transport reallocation (Rørmose Jensen & Iliev 2022)
JPN,Japan,Asia and Pacific,Services,waste_generation,kt,0.005361792116120663,2019,EXIOBASE v3.8.2 IOT_2016_ixi with Danish sea-transport reallocation (Rørmose Jensen & Iliev 2022)
FRA,France,Europe,Textile,land_use,km2,0.005357194735725867,2019,EXIOBASE v3.8.2 IOT_2016_ixi with Danish sea-transport reallocation (Rørmose Jensen & Iliev 2022)
SWE,Sweden,Europe,Textile,waste_generation,kt,0.005350863784009725,2019,EXIOBASE v3.8.2 IOT_2016_ixi with Danish sea-transport reallocation (Rørmose Jensen & Iliev 2022)
RoW Africa,RoW Africa,Africa,Metal Products,land_use,km2,0.005298653530490491,2019,EXIOBASE v3.8.2 IOT_2016_ixi with Danish sea-transport reallocation (Rørmose Jensen & Iliev 2022)
LVA,Latvia,Europe,Waste management and disposal,land_use,km2,0.005295588068128904,2019,EXIOBASE v3.8.2 IOT_2016_ixi with Danish sea-transport reallocation (Rørmose Jensen & Iliev 2022)
IND,India,Asia and Pacific,Transport Equipment,waste_generation,kt,0.005293651996563202,2019,EXIOBASE v3.8.2 IOT_2016_ixi with Danish sea-transport reallocation (Rørmose Jensen & Iliev 2022)
IND,India,Asia and Pacific,"Electrical, electronic and measuring equipment",blue_water_consumption,Mm3,0.005289377194148237,2019,EXIOBASE v3.8.2 IOT_2016_ixi with Danish sea-transport reallocation (Rørmose Jensen & Iliev 2022)
TUR,Turkey,Middle East,Coal and Petroleum,waste_generation,kt,0.005287719044277763,2019,EXIOBASE v3.8.2 IOT_2016_ixi with Danish sea-transport reallocation (Rørmose Jensen & Iliev 2022)
RoW Africa,RoW Africa,Africa,Non-metallic mineral products,blue_water_consumption,Mm3,0.00527221248399549,2019,EXIOBASE v3.8.2 IOT_2016_ixi with Danish sea-transport reallocation (Rørmose Jensen & Iliev 2022)
RUS,Russia,Europe,Minerals and Metals,waste_generation,kt,0.005268399328758343,2019,EXIOBASE v3.8.2 IOT_2016_ixi with Danish sea-transport reallocation (Rørmose Jensen & Iliev 2022)
PRT,Portugal,Europe,Textile,land_use,km2,0.005266029659576864,2019,EXIOBASE v3.8.2 IOT_2016_ixi with Danish sea-transport reallocation (Rørmose Jensen & Iliev 2022)
RoW America,RoW America,America,Construction,material_extraction,kt,0.00522169372551792,2019,EXIOBASE v3.8.2 IOT_2016_ixi with Danish sea-transport reallocation (Rørmose Jensen & Iliev 2022)
LVA,Latvia,Europe,Textile,climate_change,kt CO2eq,0.0052013905368960296,2019,EXIOBASE v3.8.2 IOT_2016_ixi with Danish sea-transport reallocation (Rørmose Jensen & Iliev 2022)
MLT,Malta,Europe,Non-metallic mineral products,climate_change,kt CO2eq,0.005157554790672173,2019,EXIOBASE v3.8.2 IOT_2016_ixi with Danish sea-transport reallocation (Rørmose Jensen & Iliev 2022)
GBR,United Kingdom,Europe,General and special Machinery,waste_generation,kt,0.005082175563933488,2019,EXIOBASE v3.8.2 IOT_2016_ixi with Danish sea-transport reallocation (Rørmose Jensen & Iliev 2022)
BRA,Brazil,America,Chemical,blue_water_consumption,Mm3,0.005065666803640092,2019,EXIOBASE v3.8.2 IOT_2016_ixi with Danish sea-transport reallocation (Rørmose Jensen & Iliev 2022)
NOR,Norway,Europe,Transport Equipment,waste_generation,kt,0.0050394530739613745,2019,EXIOBASE v3.8.2 IOT_2016_ixi with Danish sea-transport reallocation (Rørmose Jensen & Iliev 2022)
SVK,Slovakia,Europe,Textile,climate_change,kt CO2eq,0.004947295903386171,2019,EXIOBASE v3.8.2 IOT_2016_ixi with Danish sea-transport reallocation (Rørmose Jensen & Iliev 2022)
LUX,Luxembourg,Europe,Furniture and timber,waste_generation,kt,0.0049424578058464425,2019,EXIOBASE v3.8.2 IOT_2016_ixi with Danish sea-transport reallocation (Rørmose Jensen & Iliev 2022)
HUN,Hungary,Europe,General and special Machinery,waste_generation,kt,0.004938799702484135,2019,EXIOBASE v3.8.2 IOT_2016_ixi with Danish sea-transport reallocation (Rørmose Jensen & Iliev 2022)
BEL,Belgium,Europe,Textile,waste_generation,kt,0.004926243836459682,2019,EXIOBASE v3.8.2 IOT_2016_ixi with Danish sea-transport reallocation (Rørmose Jensen & Iliev 2022)
HRV,Croatia,Europe,Furniture and timber,climate_change,kt CO2eq,0.004916292522012607,2019,EXIOBASE v3.8.2 IOT_2016_ixi with Danish sea-transport reallocation (Rørmose Jensen & Iliev 2022)
ROU,Romania,Europe,Electricity,blue_water_consumption,Mm3,0.004888722705258066,2019,EXIOBASE v3.8.2 IOT_2016_ixi with Danish sea-transport reallocation (Rørmose Jensen & Iliev 2022)
CZE,Czech Republic,Europe,Minerals and Metals,waste_generation,kt,0.004879640960607371,2019,EXIOBASE v3.8.2 IOT_2016_ixi with Danish sea-transport reallocation (Rørmose Jensen & Iliev 2022)
RoW Africa,RoW Africa,Africa,Chemical,material_extraction,kt,0.004879447606283325,2019,EXIOBASE v3.8.2 IOT_2016_ixi with Danish sea-transport reallocation (Rørmose Jensen & Iliev 2022)
IND,India,Asia and Pacific,General and special Machinery,blue_water_consumption,Mm3,0.004877732205475795,2019,EXIOBASE v3.8.2 IOT_2016_ixi with Danish sea-transport reallocation (Rørmose Jensen & Iliev 2022)
RoW America,RoW America,America,Textile,waste_generation,kt,0.004863738272754641,2019,EXIOBASE v3.8.2 IOT_2016_ixi with Danish sea-transport reallocation (Rørmose Jensen & Iliev 2022)
POL,Poland,Europe,Textile,waste_generation,kt,0.00485540019951493,2019,EXIOBASE v3.8.2 IOT_2016_ixi with Danish sea-transport reallocation (Rørmose Jensen & Iliev 2022)
EST,Estonia,Europe,"Electrical, electronic and measuring equipment",climate_change,kt CO2eq,0.004846133357081273,2019,EXIOBASE v3.8.2 IOT_2016_ixi with Danish sea-transport reallocation (Rørmose Jensen & Iliev 2022)
JPN,Japan,Asia and Pacific,Chemical,blue_water_consumption,Mm3,0.004830598777407765,2019,EXIOBASE v3.8.2 IOT_2016_ixi with Danish sea-transport reallocation (Rørmose Jensen & Iliev 2022)
BGR,Bulgaria,Europe,Non-metallic mineral products,waste_generation,kt,0.0048234632232730884,2019,EXIOBASE v3.8.2 IOT_2016_ixi with Danish sea-transport reallocation (Rørmose Jensen & Iliev 2022)
BGR,Bulgaria,Europe,Coal and Petroleum,waste_generation,kt,0.004817193363903645,2019,EXIOBASE v3.8.2 IOT_2016_ixi with Danish sea-transport reallocation (Rørmose Jensen & Iliev 2022)
JPN,Japan,Asia and Pacific,Food and catering,blue_water_consumption,Mm3,0.0048077345515038,2019,EXIOBASE v3.8.2 IOT_2016_ixi with Danish sea-transport reallocation (Rørmose Jensen & Iliev 2022)
BEL,Belgium,Europe,"Electrical, electronic and measuring equipment",waste_generation,kt,0.004776307025605666,2019,EXIOBASE v3.8.2 IOT_2016_ixi with Danish sea-transport reallocation (Rørmose Jensen & Iliev 2022)
NLD,Netherlands,Europe,Services,blue_water_consumption,Mm3,0.004755102244392568,2019,EXIOBASE v3.8.2 IOT_2016_ixi with Danish sea-transport reallocation (Rørmose Jensen & Iliev 2022)
SVK,Slovakia,Europe,Services,blue_water_consumption,Mm3,0.004754386451217181,2019,EXIOBASE v3.8.2 IOT_2016_ixi with Danish sea-transport reallocation (Rørmose Jensen & Iliev 2022)
USA,United States,America,"Steam, hot water supply and water distribution",waste_generation,kt,0.004753709085017396,2019,EXIOBASE v3.8.2 IOT_2016_ixi with Danish sea-transport reallocation (Rørmose Jensen & Iliev 2022)
IRL,Ireland,Europe,Metal Products,material_extraction,kt,0.004747518503357252,2019,EXIOBASE v3.8.2 IOT_2016_ixi with Danish sea-transport reallocation (Rørmose Jensen & Iliev 2022)
FIN,Finland,Europe,Metal Products,blue_water_consumption,Mm3,0.004711113157262827,2019,EXIOBASE v3.8.2 IOT_2016_ixi with Danish sea-transport reallocation (Rørmose Jensen & Iliev 2022)
DEU,Germany,Europe,"Electrical, electronic and measuring equipment",blue_water_consumption,Mm3,0.004708552917759501,2019,EXIOBASE v3.8.2 IOT_2016_ixi with Danish sea-transport reallocation (Rørmose Jensen & Iliev 2022)
CAN,Canada,America,Construction,waste_generation,kt,0.004692806438134804,2019,EXIOBASE v3.8.2 IOT_2016_ixi with Danish sea-transport reallocation (Rørmose Jensen & Iliev 2022)
AUT,Austria,Europe,Non-metallic mineral products,waste_generation,kt,0.004675695716449694,2019,EXIOBASE v3.8.2 IOT_2016_ixi with Danish sea-transport reallocation (Rørmose Jensen & Iliev 2022)
ITA,Italy,Europe,Electricity,blue_water_consumption,Mm3,0.00467101656932058,2019,EXIOBASE v3.8.2 IOT_2016_ixi with Danish sea-transport reallocation (Rørmose Jensen & Iliev 2022)
USA,United States,America,Transport Equipment,waste_generation,kt,0.004653855767872146,2019,EXIOBASE v3.8.2 IOT_2016_ixi with Danish sea-transport reallocation (Rørmose Jensen & Iliev 2022)
SVK,Slovakia,Europe,Metal Products,land_use,km2,0.004648668711165836,2019,EXIOBASE v3.8.2 IOT_2016_ixi with Danish sea-transport reallocation (Rørmose Jensen & Iliev 2022)
ESP,Spain,Europe,"Steam, hot water supply and water distribution",climate_change,kt CO2eq,0.004642258465302782,2019,EXIOBASE v3.8.2 IOT_2016_ixi with Danish sea-transport reallocation (Rørmose Jensen & Iliev 2022)
ROU,Romania,Europe,Non-metallic mineral products,waste_generation,kt,0.00462892049427489,2019,EXIOBASE v3.8.2 IOT_2016_ixi with Danish sea-transport reallocation (Rørmose Jensen & Iliev 2022)
ROU,Romania,Europe,Construction,waste_generation,kt,0.004623465946605191,2019,EXIOBASE v3.8.2 IOT_2016_ixi with Danish sea-transport reallocation (Rørmose Jensen & Iliev 2022)
SVK,Slovakia,Europe,Chemical,blue_water_consumption,Mm3,0.004611446014189765,2019,EXIOBASE v3.8.2 IOT_2016_ixi with Danish sea-transport reallocation (Rørmose Jensen & Iliev 2022)
RoW Middle East,RoW Middle East,Middle East,Textile,blue_water_consumption,Mm3,0.00460468613588084,2019,EXIOBASE v3.8.2 IOT_2016_ixi with Danish sea-transport reallocation (Rørmose Jensen & Iliev 2022)
LTU,Lithuania,Europe,Electricity,blue_water_consumption,Mm3,0.004601495453486388,2019,EXIOBASE v3.8.2 IOT_2016_ixi with Danish sea-transport reallocation (Rørmose Jensen & Iliev 2022)
BRA,Brazil,America,Textile,blue_water_consumption,Mm3,0.0045748666971165515,2019,EXIOBASE v3.8.2 IOT_2016_ixi with Danish sea-transport reallocation (Rørmose Jensen & Iliev 2022)
NOR,Norway,Europe,Metal Products,material_extraction,kt,0.004522255345779264,2019,EXIOBASE v3.8.2 IOT_2016_ixi with Danish sea-transport reallocation (Rørmose Jensen & Iliev 2022)
DNK,Denmark,Denmark,Transport,waste_generation,kt,0.004516593234397894,2019,EXIOBASE v3.8.2 IOT_2016_ixi with Danish sea-transport reallocation (Rørmose Jensen & Iliev 2022)
LVA,Latvia,Europe,Services,material_extraction,kt,0.004504749891259836,2019,EXIOBASE v3.8.2 IOT_2016_ixi with Danish sea-transport reallocation (Rørmose Jensen & Iliev 2022)
FRA,France,Europe,Paper Products,blue_water_consumption,Mm3,0.004493927129273474,2019,EXIOBASE v3.8.2 IOT_2016_ixi with Danish sea-transport reallocation (Rørmose Jensen & Iliev 2022)
HUN,Hungary,Europe,Electricity,blue_water_consumption,Mm3,0.004488969614701736,2019,EXIOBASE v3.8.2 IOT_2016_ixi with Danish sea-transport reallocation (Rørmose Jensen & Iliev 2022)
AUT,Austria,Europe,Natural gas and gaseous fuels,material_extraction,kt,0.004481178594946255,2019,EXIOBASE v3.8.2 IOT_2016_ixi with Danish sea-transport reallocation (Rørmose Jensen & Iliev 2022)
IRL,Ireland,Europe,Paper Products,blue_water_consumption,Mm3,0.004479345479340795,2019,EXIOBASE v3.8.2 IOT_2016_ixi with Danish sea-transport reallocation (Rørmose Jensen & Iliev 2022)
POL,Poland,Europe,Natural gas and gaseous fuels,waste_generation,kt,0.0044772679453567565,2019,EXIOBASE v3.8.2 IOT_2016_ixi with Danish sea-transport reallocation (Rørmose Jensen & Iliev 2022)
CAN,Canada,America,Electricity,blue_water_consumption,Mm3,0.004477264504476957,2019,EXIOBASE v3.8.2 IOT_2016_ixi with Danish sea-transport reallocation (Rørmose Jensen & Iliev 2022)
HRV,Croatia,Europe,Services,waste_generation,kt,0.004467880981129244,2019,EXIOBASE v3.8.2 IOT_2016_ixi with Danish sea-transport reallocation (Rørmose Jensen & Iliev 2022)
EST,Estonia,Europe,Metal Products,climate_change,kt CO2eq,0.004462137671873176,2019,EXIOBASE v3.8.2 IOT_2016_ixi with Danish sea-transport reallocation (Rørmose Jensen & Iliev 2022)
ITA,Italy,Europe,Textile,blue_water_consumption,Mm3,0.004449387412420213,2019,EXIOBASE v3.8.2 IOT_2016_ixi with Danish sea-transport reallocation (Rørmose Jensen & Iliev 2022)
LTU,Lithuania,Europe,Transport Equipment,climate_change,kt CO2eq,0.004427137450429218,2019,EXIOBASE v3.8.2 IOT_2016_ixi with Danish sea-transport reallocation (Rørmose Jensen & Iliev 2022)
GRC,Greece,Europe,Coal and Petroleum,material_extraction,kt,0.004417959630625971,2019,EXIOBASE v3.8.2 IOT_2016_ixi with Danish sea-transport reallocation (Rørmose Jensen & Iliev 2022)
TUR,Turkey,Middle East,Electricity,blue_water_consumption,Mm3,0.004417192548416837,2019,EXIOBASE v3.8.2 IOT_2016_ixi with Danish sea-transport reallocation (Rørmose Jensen & Iliev 2022)
ITA,Italy,Europe,"Electrical, electronic and measuring equipment",blue_water_consumption,Mm3,0.004413970139348657,2019,EXIOBASE v3.8.2 IOT_2016_ixi with Danish sea-transport reallocation (Rørmose Jensen & Iliev 2022)
SVN,Slovenia,Europe,Textile,land_use,km2,0.004409100975668632,2019,EXIOBASE v3.8.2 IOT_2016_ixi with Danish sea-transport reallocation (Rørmose Jensen & Iliev 2022)
CYP,Cyprus,Middle East,General and special Machinery,climate_change,kt CO2eq,0.004406724888048461,2019,EXIOBASE v3.8.2 IOT_2016_ixi with Danish sea-transport reallocation (Rørmose Jensen & Iliev 2022)
RoW Africa,RoW Africa,Africa,Paper Products,blue_water_consumption,Mm3,0.00440049959375269,2019,EXIOBASE v3.8.2 IOT_2016_ixi with Danish sea-transport reallocation (Rørmose Jensen & Iliev 2022)
RoW Europe,RoW Europe,Europe,"Electrical, electronic and measuring equipment",blue_water_consumption,Mm3,0.004399553343092099,2019,EXIOBASE v3.8.2 IOT_2016_ixi with Danish sea-transport reallocation (Rørmose Jensen & Iliev 2022)
DEU,Germany,Europe,Textile,blue_water_consumption,Mm3,0.00439386166042491,2019,EXIOBASE v3.8.2 IOT_2016_ixi with Danish sea-transport reallocation (Rørmose Jensen & Iliev 2022)
AUT,Austria,Europe,"Electrical, electronic and measuring equipment",waste_generation,kt,0.004368202553044359,2019,EXIOBASE v3.8.2 IOT_2016_ixi with Danish sea-transport reallocation (Rørmose Jensen & Iliev 2022)
BRA,Brazil,America,Metal Products,blue_water_consumption,Mm3,0.004330419553919447,2019,EXIOBASE v3.8.2 IOT_2016_ixi with Danish sea-transport reallocation (Rørmose Jensen & Iliev 2022)
RoW Europe,RoW Europe,Europe,Non-metallic mineral products,blue_water_consumption,Mm3,0.004285826681481165,2019,EXIOBASE v3.8.2 IOT_2016_ixi with Danish sea-transport reallocation (Rørmose Jensen & Iliev 2022)
RoW Europe,RoW Europe,Europe,Textile,blue_water_consumption,Mm3,0.004285108999247004,2019,EXIOBASE v3.8.2 IOT_2016_ixi with Danish sea-transport reallocation (Rørmose Jensen & Iliev 2022)
PRT,Portugal,Europe,Textile,waste_generation,kt,0.0042788767242318134,2019,EXIOBASE v3.8.2 IOT_2016_ixi with Danish sea-transport reallocation (Rørmose Jensen & Iliev 2022)
KOR,South Korea,Asia and Pacific,Chemical,blue_water_consumption,Mm3,0.004266427829981416,2019,EXIOBASE v3.8.2 IOT_2016_ixi with Danish sea-transport reallocation (Rørmose Jensen & Iliev 2022)
IDN,Indonesia,Asia and Pacific,Textile,land_use,km2,0.004264438764679962,2019,EXIOBASE v3.8.2 IOT_2016_ixi with Danish sea-transport reallocation (Rørmose Jensen & Iliev 2022)
IDN,Indonesia,Asia and Pacific,Transport Equipment,climate_change,kt CO2eq,0.004263632784483712,2019,EXIOBASE v3.8.2 IOT_2016_ixi with Danish sea-transport reallocation (Rørmose Jensen & Iliev 2022)
PRT,Portugal,Europe,Non-metallic mineral products,waste_generation,kt,0.00422868962182867,2019,EXIOBASE v3.8.2 IOT_2016_ixi with Danish sea-transport reallocation (Rørmose Jensen & Iliev 2022)
BGR,Bulgaria,Europe,Services,blue_water_consumption,Mm3,0.004227033254993695,2019,EXIOBASE v3.8.2 IOT_2016_ixi with Danish sea-transport reallocation (Rørmose Jensen & Iliev 2022)
TUR,Turkey,Middle East,Furniture and timber,waste_generation,kt,0.004197930482216975,2019,EXIOBASE v3.8.2 IOT_2016_ixi with Danish sea-transport reallocation (Rørmose Jensen & Iliev 2022)
HUN,Hungary,Europe,Furniture and timber,waste_generation,kt,0.004172635207354821,2019,EXIOBASE v3.8.2 IOT_2016_ixi with Danish sea-transport reallocation (Rørmose Jensen & Iliev 2022)
SWE,Sweden,Europe,General and special Machinery,blue_water_consumption,Mm3,0.004171611951744759,2019,EXIOBASE v3.8.2 IOT_2016_ixi with Danish sea-transport reallocation (Rørmose Jensen & Iliev 2022)
GRC,Greece,Europe,Construction,climate_change,kt CO2eq,0.004163443285804273,2019,EXIOBASE v3.8.2 IOT_2016_ixi with Danish sea-transport reallocation (Rørmose Jensen & Iliev 2022)
FIN,Finland,Europe,General and special Machinery,waste_generation,kt,0.004162551512420572,2019,EXIOBASE v3.8.2 IOT_2016_ixi with Danish sea-transport reallocation (Rørmose Jensen & Iliev 2022)
RoW Middle East,RoW Middle East,Middle East,Transport Equipment,waste_generation,kt,0.004119241385344566,2019,EXIOBASE v3.8.2 IOT_2016_ixi with Danish sea-transport reallocation (Rørmose Jensen & Iliev 2022)
RoW America,RoW America,America,Metal Products,blue_water_consumption,Mm3,0.004112397615576988,2019,EXIOBASE v3.8.2 IOT_2016_ixi with Danish sea-transport reallocation (Rørmose Jensen & Iliev 2022)
ITA,Italy,Europe,General and special Machinery,waste_generation,kt,0.004100477045682304,2019,EXIOBASE v3.8.2 IOT_2016_ixi with Danish sea-transport reallocation (Rørmose Jensen & Iliev 2022)
USA,United States,America,Paper Products,blue_water_consumption,Mm3,0.004096865622398847,2019,EXIOBASE v3.8.2 IOT_2016_ixi with Danish sea-transport reallocation (Rørmose Jensen & Iliev 2022)
RoW Europe,RoW Europe,Europe,Natural gas and gaseous fuels,waste_generation,kt,0.004090562287191092,2019,EXIOBASE v3.8.2 IOT_2016_ixi with Danish sea-transport reallocation (Rørmose Jensen & Iliev 2022)
JPN,Japan,Asia and Pacific,Paper Products,waste_generation,kt,0.004072494262957719,2019,EXIOBASE v3.8.2 IOT_2016_ixi with Danish sea-transport reallocation (Rørmose Jensen & Iliev 2022)
SVK,Slovakia,Europe,Paper Products,blue_water_consumption,Mm3,0.004040831906810577,2019,EXIOBASE v3.8.2 IOT_2016_ixi with Danish sea-transport reallocation (Rørmose Jensen & Iliev 2022)
SVK,Slovakia,Europe,Non-metallic mineral products,waste_generation,kt,0.004034453424380942,2019,EXIOBASE v3.8.2 IOT_2016_ixi with Danish sea-transport reallocation (Rørmose Jensen & Iliev 2022)
HUN,Hungary,Europe,"Steam, hot water supply and water distribution",waste_generation,kt,0.004032407320679339,2019,EXIOBASE v3.8.2 IOT_2016_ixi with Danish sea-transport reallocation (Rørmose Jensen & Iliev 2022)
LUX,Luxembourg,Europe,Transport Equipment,climate_change,kt CO2eq,0.004007469612519003,2019,EXIOBASE v3.8.2 IOT_2016_ixi with Danish sea-transport reallocation (Rørmose Jensen & Iliev 2022)
JPN,Japan,Asia and Pacific,Paper Products,blue_water_consumption,Mm3,0.004004267149181238,2019,EXIOBASE v3.8.2 IOT_2016_ixi with Danish sea-transport reallocation (Rørmose Jensen & Iliev 2022)
BRA,Brazil,America,Transport Equipment,waste_generation,kt,0.003997649047172606,2019,EXIOBASE v3.8.2 IOT_2016_ixi with Danish sea-transport reallocation (Rørmose Jensen & Iliev 2022)
RoW Asia and Pacific,RoW Asia and Pacific,Asia and Pacific,Minerals and Metals,blue_water_consumption,Mm3,0.003995938849971527,2019,EXIOBASE v3.8.2 IOT_2016_ixi with Danish sea-transport reallocation (Rørmose Jensen & Iliev 2022)
CZE,Czech Republic,Europe,Services,blue_water_consumption,Mm3,0.003912448062620625,2019,EXIOBASE v3.8.2 IOT_2016_ixi with Danish sea-transport reallocation (Rørmose Jensen & Iliev 2022)
MEX,Mexico,America,"Electrical, electronic and measuring equipment",waste_generation,kt,0.003911321921518202,2019,EXIOBASE v3.8.2 IOT_2016_ixi with Danish sea-transport reallocation (Rørmose Jensen & Iliev 2022)
SVN,Slovenia,Europe,Chemical,material_extraction,kt,0.003898841211371033,2019,EXIOBASE v3.8.2 IOT_2016_ixi with Danish sea-transport reallocation (Rørmose Jensen & Iliev 2022)
FIN,Finland,Europe,Transport Equipment,waste_generation,kt,0.003888113498219089,2019,EXIOBASE v3.8.2 IOT_2016_ixi with Danish sea-transport reallocation (Rørmose Jensen & Iliev 2022)
USA,United States,America,"Electrical, electronic and measuring equipment",blue_water_consumption,Mm3,0.003871432508610887,2019,EXIOBASE v3.8.2 IOT_2016_ixi with Danish sea-transport reallocation (Rørmose Jensen & Iliev 2022)
NOR,Norway,Europe,"Electrical, electronic and measuring equipment",material_extraction,kt,0.0038643691615909037,2019,EXIOBASE v3.8.2 IOT_2016_ixi with Danish sea-transport reallocation (Rørmose Jensen & Iliev 2022)
BEL,Belgium,Europe,Non-metallic mineral products,waste_generation,kt,0.003858379998287475,2019,EXIOBASE v3.8.2 IOT_2016_ixi with Danish sea-transport reallocation (Rørmose Jensen & Iliev 2022)
NLD,Netherlands,Europe,Furniture and timber,waste_generation,kt,0.003817936340900038,2019,EXIOBASE v3.8.2 IOT_2016_ixi with Danish sea-transport reallocation (Rørmose Jensen & Iliev 2022)
BEL,Belgium,Europe,Non-metallic mineral products,blue_water_consumption,Mm3,0.003807444976892246,2019,EXIOBASE v3.8.2 IOT_2016_ixi with Danish sea-transport reallocation (Rørmose Jensen & Iliev 2022)
ITA,Italy,Europe,Non-metallic mineral products,blue_water_consumption,Mm3,0.0038000379606428353,2019,EXIOBASE v3.8.2 IOT_2016_ixi with Danish sea-transport reallocation (Rørmose Jensen & Iliev 2022)
SVK,Slovakia,Europe,Natural gas and gaseous fuels,waste_generation,kt,0.0037796385471488975,2019,EXIOBASE v3.8.2 IOT_2016_ixi with Danish sea-transport reallocation (Rørmose Jensen & Iliev 2022)
TUR,Turkey,Middle East,Non-metallic mineral products,waste_generation,kt,0.0037715330184939825,2019,EXIOBASE v3.8.2 IOT_2016_ixi with Danish sea-transport reallocation (Rørmose Jensen & Iliev 2022)
AUT,Austria,Europe,Paper Products,blue_water_consumption,Mm3,0.0037671901868443656,2019,EXIOBASE v3.8.2 IOT_2016_ixi with Danish sea-transport reallocation (Rørmose Jensen & Iliev 2022)
RoW Middle East,RoW Middle East,Middle East,"Steam, hot water supply and water distribution",climate_change,kt CO2eq,0.003760396838112444,2019,EXIOBASE v3.8.2 IOT_2016_ixi with Danish sea-transport reallocation (Rørmose Jensen & Iliev 2022)
RoW Africa,RoW Africa,Africa,Natural gas and gaseous fuels,waste_generation,kt,0.003739217356004155,2019,EXIOBASE v3.8.2 IOT_2016_ixi with Danish sea-transport reallocation (Rørmose Jensen & Iliev 2022)
CAN,Canada,America,Metal Products,blue_water_consumption,Mm3,0.00373849466034483,2019,EXIOBASE v3.8.2 IOT_2016_ixi with Danish sea-transport reallocation (Rørmose Jensen & Iliev 2022)
RoW Middle East,RoW Middle East,Middle East,Services,blue_water_consumption,Mm3,0.003734689816124149,2019,EXIOBASE v3.8.2 IOT_2016_ixi with Danish sea-transport reallocation (Rørmose Jensen & Iliev 2022)
USA,United States,America,Textile,blue_water_consumption,Mm3,0.0037316003993248287,2019,EXIOBASE v3.8.2 IOT_2016_ixi with Danish sea-transport reallocation (Rørmose Jensen & Iliev 2022)
HUN,Hungary,Europe,Services,blue_water_consumption,Mm3,0.0037308145959269413,2019,EXIOBASE v3.8.2 IOT_2016_ixi with Danish sea-transport reallocation (Rørmose Jensen & Iliev 2022)
RoW America,RoW America,America,Electricity,blue_water_consumption,Mm3,0.0036938864962672096,2019,EXIOBASE v3.8.2 IOT_2016_ixi with Danish sea-transport reallocation (Rørmose Jensen & Iliev 2022)
ROU,Romania,Europe,Furniture and timber,waste_generation,kt,0.0036843902537472767,2019,EXIOBASE v3.8.2 IOT_2016_ixi with Danish sea-transport reallocation (Rørmose Jensen & Iliev 2022)
KOR,South Korea,Asia and Pacific,General and special Machinery,waste_generation,kt,0.003683002789920187,2019,EXIOBASE v3.8.2 IOT_2016_ixi with Danish sea-transport reallocation (Rørmose Jensen & Iliev 2022)
SVK,Slovakia,Europe,Furniture and timber,waste_generation,kt,0.003679828554248011,2019,EXIOBASE v3.8.2 IOT_2016_ixi with Danish sea-transport reallocation (Rørmose Jensen & Iliev 2022)
POL,Poland,Europe,Chemical,land_use,km2,0.0036650608643805697,2019,EXIOBASE v3.8.2 IOT_2016_ixi with Danish sea-transport reallocation (Rørmose Jensen & Iliev 2022)
SVK,Slovakia,Europe,Metal Products,blue_water_consumption,Mm3,0.0036623658967358226,2019,EXIOBASE v3.8.2 IOT_2016_ixi with Danish sea-transport reallocation (Rørmose Jensen & Iliev 2022)
RoW Africa,RoW Africa,Africa,"Steam, hot water supply and water distribution",waste_generation,kt,0.003649501966733948,2019,EXIOBASE v3.8.2 IOT_2016_ixi with Danish sea-transport reallocation (Rørmose Jensen & Iliev 2022)
CAN,Canada,America,Non-metallic mineral products,waste_generation,kt,0.003648747348233908,2019,EXIOBASE v3.8.2 IOT_2016_ixi with Danish sea-transport reallocation (Rørmose Jensen & Iliev 2022)
ZAF,South Africa,Africa,Services,material_extraction,kt,0.003617491932107835,2019,EXIOBASE v3.8.2 IOT_2016_ixi with Danish sea-transport reallocation (Rørmose Jensen & Iliev 2022)
CHE,Switzerland,Europe,Non-metallic mineral products,waste_generation,kt,0.0036063527702931805,2019,EXIOBASE v3.8.2 IOT_2016_ixi with Danish sea-transport reallocation (Rørmose Jensen & Iliev 2022)
RUS,Russia,Europe,Non-metallic mineral products,waste_generation,kt,0.0035828520124162465,2019,EXIOBASE v3.8.2 IOT_2016_ixi with Danish sea-transport reallocation (Rørmose Jensen & Iliev 2022)
GBR,United Kingdom,Europe,Paper Products,blue_water_consumption,Mm3,0.003529420986423377,2019,EXIOBASE v3.8.2 IOT_2016_ixi with Danish sea-transport reallocation (Rørmose Jensen & Iliev 2022)
RoW America,RoW America,America,"Electrical, electronic and measuring equipment",waste_generation,kt,0.0035102230380212873,2019,EXIOBASE v3.8.2 IOT_2016_ixi with Danish sea-transport reallocation (Rørmose Jensen & Iliev 2022)
RUS,Russia,Europe,Coal and Petroleum,blue_water_consumption,Mm3,0.0035014718178264063,2019,EXIOBASE v3.8.2 IOT_2016_ixi with Danish sea-transport reallocation (Rørmose Jensen & Iliev 2022)
AUT,Austria,Europe,Electricity,material_extraction,kt,0.003493107960787528,2019,EXIOBASE v3.8.2 IOT_2016_ixi with Danish sea-transport reallocation (Rørmose Jensen & Iliev 2022)
SWE,Sweden,Europe,Waste management and disposal,blue_water_consumption,Mm3,0.0034701914089698962,2019,EXIOBASE v3.8.2 IOT_2016_ixi with Danish sea-transport reallocation (Rørmose Jensen & Iliev 2022)
ITA,Italy,Europe,General and special Machinery,blue_water_consumption,Mm3,0.0034472023489445893,2019,EXIOBASE v3.8.2 IOT_2016_ixi with Danish sea-transport reallocation (Rørmose Jensen & Iliev 2022)
HUN,Hungary,Europe,Natural gas and gaseous fuels,waste_generation,kt,0.0034466351877574684,2019,EXIOBASE v3.8.2 IOT_2016_ixi with Danish sea-transport reallocation (Rørmose Jensen & Iliev 2022)
TUR,Turkey,Middle East,Textile,blue_water_consumption,Mm3,0.0034043111402340094,2019,EXIOBASE v3.8.2 IOT_2016_ixi with Danish sea-transport reallocation (Rørmose Jensen & Iliev 2022)
DNK,Denmark,Denmark,Textile,waste_generation,kt,0.003368506725434789,2019,EXIOBASE v3.8.2 IOT_2016_ixi with Danish sea-transport reallocation (Rørmose Jensen & Iliev 2022)
AUT,Austria,Europe,General and special Machinery,waste_generation,kt,0.003353615739619388,2019,EXIOBASE v3.8.2 IOT_2016_ixi with Danish sea-transport reallocation (Rørmose Jensen & Iliev 2022)
TWN,Taiwan,Asia and Pacific,Furniture and timber,climate_change,kt CO2eq,0.0033533164308013957,2019,EXIOBASE v3.8.2 IOT_2016_ixi with Danish sea-transport reallocation (Rørmose Jensen & Iliev 2022)
SVN,Slovenia,Europe,Electricity,blue_water_consumption,Mm3,0.003345622488242946,2019,EXIOBASE v3.8.2 IOT_2016_ixi with Danish sea-transport reallocation (Rørmose Jensen & Iliev 2022)
CZE,Czech Republic,Europe,Non-metallic mineral products,blue_water_consumption,Mm3,0.003343184055051014,2019,EXIOBASE v3.8.2 IOT_2016_ixi with Danish sea-transport reallocation (Rørmose Jensen & Iliev 2022)
EST,Estonia,Europe,"Steam, hot water supply and water distribution",waste_generation,kt,0.0033260274224069394,2019,EXIOBASE v3.8.2 IOT_2016_ixi with Danish sea-transport reallocation (Rørmose Jensen & Iliev 2022)
RoW America,RoW America,America,Services,blue_water_consumption,Mm3,0.0033182307453150438,2019,EXIOBASE v3.8.2 IOT_2016_ixi with Danish sea-transport reallocation (Rørmose Jensen & Iliev 2022)
NOR,Norway,Europe,General and special Machinery,blue_water_consumption,Mm3,0.0032962365690056505,2019,EXIOBASE v3.8.2 IOT_2016_ixi with Danish sea-transport reallocation (Rørmose Jensen & Iliev 2022)
BEL,Belgium,Europe,Textile,blue_water_consumption,Mm3,0.0032820296287312126,2019,EXIOBASE v3.8.2 IOT_2016_ixi with Danish sea-transport reallocation (Rørmose Jensen & Iliev 2022)
ZAF,South Africa,Africa,Non-metallic mineral products,waste_generation,kt,0.0032770710464714975,2019,EXIOBASE v3.8.2 IOT_2016_ixi with Danish sea-transport reallocation (Rørmose Jensen & Iliev 2022)
SVN,Slovenia,Europe,Textile,climate_change,kt CO2eq,0.0032262304142710455,2019,EXIOBASE v3.8.2 IOT_2016_ixi with Danish sea-transport reallocation (Rørmose Jensen & Iliev 2022)
NLD,Netherlands,Europe,Furniture and timber,material_extraction,kt,0.003225757117573875,2019,EXIOBASE v3.8.2 IOT_2016_ixi with Danish sea-transport reallocation (Rørmose Jensen & Iliev 2022)
RoW Europe,RoW Europe,Europe,General and special Machinery,blue_water_consumption,Mm3,0.0032212796336922606,2019,EXIOBASE v3.8.2 IOT_2016_ixi with Danish sea-transport reallocation (Rørmose Jensen & Iliev 2022)
CHE,Switzerland,Europe,Construction,land_use,km2,0.003203662666102224,2019,EXIOBASE v3.8.2 IOT_2016_ixi with Danish sea-transport reallocation (Rørmose Jensen & Iliev 2022)
KOR,South Korea,Asia and Pacific,Electricity,blue_water_consumption,Mm3,0.0031872232726257717,2019,EXIOBASE v3.8.2 IOT_2016_ixi with Danish sea-transport reallocation (Rørmose Jensen & Iliev 2022)
CAN,Canada,America,Services,land_use,km2,0.00318500506589732,2019,EXIOBASE v3.8.2 IOT_2016_ixi with Danish sea-transport reallocation (Rørmose Jensen & Iliev 2022)
RUS,Russia,Europe,Textile,material_extraction,kt,0.003178586693046088,2019,EXIOBASE v3.8.2 IOT_2016_ixi with Danish sea-transport reallocation (Rørmose Jensen & Iliev 2022)
BRA,Brazil,America,Services,waste_generation,kt,0.003172610992001428,2019,EXIOBASE v3.8.2 IOT_2016_ixi with Danish sea-transport reallocation (Rørmose Jensen & Iliev 2022)
NOR,Norway,Europe,Textile,blue_water_consumption,Mm3,0.003145636259640814,2019,EXIOBASE v3.8.2 IOT_2016_ixi with Danish sea-transport reallocation (Rørmose Jensen & Iliev 2022)
RoW Africa,RoW Africa,Africa,Non-metallic mineral products,material_extraction,kt,0.0031326891078139268,2019,EXIOBASE v3.8.2 IOT_2016_ixi with Danish sea-transport reallocation (Rørmose Jensen & Iliev 2022)
HRV,Croatia,Europe,Construction,climate_change,kt CO2eq,0.0031011462871070065,2019,EXIOBASE v3.8.2 IOT_2016_ixi with Danish sea-transport reallocation (Rørmose Jensen & Iliev 2022)
RoW Middle East,RoW Middle East,Middle East,Natural gas and gaseous fuels,waste_generation,kt,0.0030821151841505397,2019,EXIOBASE v3.8.2 IOT_2016_ixi with Danish sea-transport reallocation (Rørmose Jensen & Iliev 2022)
GBR,United Kingdom,Europe,Textile,waste_generation,kt,0.003067083814333649,2019,EXIOBASE v3.8.2 IOT_2016_ixi with Danish sea-transport reallocation (Rørmose Jensen & Iliev 2022)
FIN,Finland,Europe,Textile,waste_generation,kt,0.0030616312242514555,2019,EXIOBASE v3.8.2 IOT_2016_ixi with Danish sea-transport reallocation (Rørmose Jensen & Iliev 2022)
RoW Europe,RoW Europe,Europe,Paper Products,waste_generation,kt,0.0030587712640027347,2019,EXIOBASE v3.8.2 IOT_2016_ixi with Danish sea-transport reallocation (Rørmose Jensen & Iliev 2022)
FIN,Finland,Europe,Textile,climate_change,kt CO2eq,0.003053790755225593,2019,EXIOBASE v3.8.2 IOT_2016_ixi with Danish sea-transport reallocation (Rørmose Jensen & Iliev 2022)
ROU,Romania,Europe,Transport,waste_generation,kt,0.0030433837970869067,2019,EXIOBASE v3.8.2 IOT_2016_ixi with Danish sea-transport reallocation (Rørmose Jensen & Iliev 2022)
CHE,Switzerland,Europe,Furniture and timber,waste_generation,kt,0.0030429245093783175,2019,EXIOBASE v3.8.2 IOT_2016_ixi with Danish sea-transport reallocation (Rørmose Jensen & Iliev 2022)
ITA,Italy,Europe,Transport Equipment,waste_generation,kt,0.0030258484498087218,2019,EXIOBASE v3.8.2 IOT_2016_ixi with Danish sea-transport reallocation (Rørmose Jensen & Iliev 2022)
FRA,France,Europe,General and special Machinery,waste_generation,kt,0.003008669300019431,2019,EXIOBASE v3.8.2 IOT_2016_ixi with Danish sea-transport reallocation (Rørmose Jensen & Iliev 2022)
IDN,Indonesia,Asia and Pacific,Textile,waste_generation,kt,0.0030079832127628678,2019,EXIOBASE v3.8.2 IOT_2016_ixi with Danish sea-transport reallocation (Rørmose Jensen & Iliev 2022)
FRA,France,Europe,Coal and Petroleum,waste_generation,kt,0.003002543715089357,2019,EXIOBASE v3.8.2 IOT_2016_ixi with Danish sea-transport reallocation (Rørmose Jensen & Iliev 2022)
AUT,Austria,Europe,Transport Equipment,waste_generation,kt,0.0029781509398538256,2019,EXIOBASE v3.8.2 IOT_2016_ixi with Danish sea-transport reallocation (Rørmose Jensen & Iliev 2022)
RoW Africa,RoW Africa,Africa,Minerals and Metals,blue_water_consumption,Mm3,0.002971196623615871,2019,EXIOBASE v3.8.2 IOT_2016_ixi with Danish sea-transport reallocation (Rørmose Jensen & Iliev 2022)
NLD,Netherlands,Europe,Furniture and timber,blue_water_consumption,Mm3,0.002956811421683291,2019,EXIOBASE v3.8.2 IOT_2016_ixi with Danish sea-transport reallocation (Rørmose Jensen & Iliev 2022)
BRA,Brazil,America,General and special Machinery,waste_generation,kt,0.0029501994885037966,2019,EXIOBASE v3.8.2 IOT_2016_ixi with Danish sea-transport reallocation (Rørmose Jensen & Iliev 2022)
NLD,Netherlands,Europe,Electricity,blue_water_consumption,Mm3,0.002947744097289877,2019,EXIOBASE v3.8.2 IOT_2016_ixi with Danish sea-transport reallocation (Rørmose Jensen & Iliev 2022)
LUX,Luxembourg,Europe,Furniture and timber,climate_change,kt CO2eq,0.0029461275318175004,2019,EXIOBASE v3.8.2 IOT_2016_ixi with Danish sea-transport reallocation (Rørmose Jensen & Iliev 2022)
RUS,Russia,Europe,Natural gas and gaseous fuels,waste_generation,kt,0.0029367673508399125,2019,EXIOBASE v3.8.2 IOT_2016_ixi with Danish sea-transport reallocation (Rørmose Jensen & Iliev 2022)
BGR,Bulgaria,Europe,Furniture and timber,waste_generation,kt,0.002930381031874301,2019,EXIOBASE v3.8.2 IOT_2016_ixi with Danish sea-transport reallocation (Rørmose Jensen & Iliev 2022)
CAN,Canada,America,Chemical,blue_water_consumption,Mm3,0.0029244880626749306,2019,EXIOBASE v3.8.2 IOT_2016_ixi with Danish sea-transport reallocation (Rørmose Jensen & Iliev 2022)
LTU,Lithuania,Europe,Transport,waste_generation,kt,0.0029232879690900796,2019,EXIOBASE v3.8.2 IOT_2016_ixi with Danish sea-transport reallocation (Rørmose Jensen & Iliev 2022)
NLD,Netherlands,Europe,General and special Machinery,blue_water_consumption,Mm3,0.002921278847635916,2019,EXIOBASE v3.8.2 IOT_2016_ixi with Danish sea-transport reallocation (Rørmose Jensen & Iliev 2022)
PRT,Portugal,Europe,Transport,waste_generation,kt,0.0029012706493730415,2019,EXIOBASE v3.8.2 IOT_2016_ixi with Danish sea-transport reallocation (Rørmose Jensen & Iliev 2022)
FIN,Finland,Europe,Construction,waste_generation,kt,0.002893106010888029,2019,EXIOBASE v3.8.2 IOT_2016_ixi with Danish sea-transport reallocation (Rørmose Jensen & Iliev 2022)
RoW America,RoW America,America,Transport,blue_water_consumption,Mm3,0.0028837409302787565,2019,EXIOBASE v3.8.2 IOT_2016_ixi with Danish sea-transport reallocation (Rørmose Jensen & Iliev 2022)
RoW Africa,RoW Africa,Africa,"Electrical, electronic and measuring equipment",blue_water_consumption,Mm3,0.0028796292193393833,2019,EXIOBASE v3.8.2 IOT_2016_ixi with Danish sea-transport reallocation (Rørmose Jensen & Iliev 2022)
RoW America,RoW America,America,Transport Equipment,waste_generation,kt,0.0028668066447259197,2019,EXIOBASE v3.8.2 IOT_2016_ixi with Danish sea-transport reallocation (Rørmose Jensen & Iliev 2022)
LUX,Luxembourg,Europe,Transport,waste_generation,kt,0.0028534503391844396,2019,EXIOBASE v3.8.2 IOT_2016_ixi with Danish sea-transport reallocation (Rørmose Jensen & Iliev 2022)
AUS,Australia,Asia and Pacific,Construction,waste_generation,kt,0.002851530053391936,2019,EXIOBASE v3.8.2 IOT_2016_ixi with Danish sea-transport reallocation (Rørmose Jensen & Iliev 2022)
RoW Middle East,RoW Middle East,Middle East,Chemical,blue_water_consumption,Mm3,0.002846817956598413,2019,EXIOBASE v3.8.2 IOT_2016_ixi with Danish sea-transport reallocation (Rørmose Jensen & Iliev 2022)
BEL,Belgium,Europe,Coal and Petroleum,blue_water_consumption,Mm3,0.0028311245897243726,2019,EXIOBASE v3.8.2 IOT_2016_ixi with Danish sea-transport reallocation (Rørmose Jensen & Iliev 2022)
LTU,Lithuania,Europe,Furniture and timber,waste_generation,kt,0.002818284029956949,2019,EXIOBASE v3.8.2 IOT_2016_ixi with Danish sea-transport reallocation (Rørmose Jensen & Iliev 2022)
LUX,Luxembourg,Europe,Paper Products,waste_generation,kt,0.002816011978727616,2019,EXIOBASE v3.8.2 IOT_2016_ixi with Danish sea-transport reallocation (Rørmose Jensen & Iliev 2022)
BGR,Bulgaria,Europe,Non-metallic mineral products,blue_water_consumption,Mm3,0.002798304607225859,2019,EXIOBASE v3.8.2 IOT_2016_ixi with Danish sea-transport reallocation (Rørmose Jensen & Iliev 2022)
RoW America,RoW America,America,Natural gas and gaseous fuels,land_use,km2,0.0027836470383383947,2019,EXIOBASE v3.8.2 IOT_2016_ixi with Danish sea-transport reallocation (Rørmose Jensen & Iliev 2022)
GRC,Greece,Europe,Non-metallic mineral products,waste_generation,kt,0.0027788919975388206,2019,EXIOBASE v3.8.2 IOT_2016_ixi with Danish sea-transport reallocation (Rørmose Jensen & Iliev 2022)
JPN,Japan,Asia and Pacific,Construction,waste_generation,kt,0.002770347840937917,2019,EXIOBASE v3.8.2 IOT_2016_ixi with Danish sea-transport reallocation (Rørmose Jensen & Iliev 2022)
FIN,Finland,Europe,Transport,waste_generation,kt,0.002767781262341733,2019,EXIOBASE v3.8.2 IOT_2016_ixi with Danish sea-transport reallocation (Rørmose Jensen & Iliev 2022)
DNK,Denmark,Denmark,Furniture and timber,blue_water_consumption,Mm3,0.002763999916996989,2019,EXIOBASE v3.8.2 IOT_2016_ixi with Danish sea-transport reallocation (Rørmose Jensen & Iliev 2022)
GBR,United Kingdom,Europe,Transport Equipment,blue_water_consumption,Mm3,0.002751725247234071,2019,EXIOBASE v3.8.2 IOT_2016_ixi with Danish sea-transport reallocation (Rørmose Jensen & Iliev 2022)
GRC,Greece,Europe,Textile,waste_generation,kt,0.0027487850660997334,2019,EXIOBASE v3.8.2 IOT_2016_ixi with Danish sea-transport reallocation (Rørmose Jensen & Iliev 2022)
EST,Estonia,Europe,Non-metallic mineral products,waste_generation,kt,0.0027200805573631653,2019,EXIOBASE v3.8.2 IOT_2016_ixi with Danish sea-transport reallocation (Rørmose Jensen & Iliev 2022)
LTU,Lithuania,Europe,Food and catering,blue_water_consumption,Mm3,0.0027072073957082146,2019,EXIOBASE v3.8.2 IOT_2016_ixi with Danish sea-transport reallocation (Rørmose Jensen & Iliev 2022)
KOR,South Korea,Asia and Pacific,Metal Products,blue_water_consumption,Mm3,0.002701199693482004,2019,EXIOBASE v3.8.2 IOT_2016_ixi with Danish sea-transport reallocation (Rørmose Jensen & Iliev 2022)
EST,Estonia,Europe,Transport,waste_generation,kt,0.0026966368859215424,2019,EXIOBASE v3.8.2 IOT_2016_ixi with Danish sea-transport reallocation (Rørmose Jensen & Iliev 2022)
MEX,Mexico,America,Services,waste_generation,kt,0.002692505443928751,2019,EXIOBASE v3.8.2 IOT_2016_ixi with Danish sea-transport reallocation (Rørmose Jensen & Iliev 2022)
RoW Middle East,RoW Middle East,Middle East,Waste management and disposal,land_use,km2,0.0026711353875971473,2019,EXIOBASE v3.8.2 IOT_2016_ixi with Danish sea-transport reallocation (Rørmose Jensen & Iliev 2022)
BEL,Belgium,Europe,General and special Machinery,waste_generation,kt,0.002666067512938513,2019,EXIOBASE v3.8.2 IOT_2016_ixi with Danish sea-transport reallocation (Rørmose Jensen & Iliev 2022)
RoW Africa,RoW Africa,Africa,Construction,land_use,km2,0.002654508597489539,2019,EXIOBASE v3.8.2 IOT_2016_ixi with Danish sea-transport reallocation (Rørmose Jensen & Iliev 2022)
RUS,Russia,Europe,Paper Products,waste_generation,kt,0.0026494819939518353,2019,EXIOBASE v3.8.2 IOT_2016_ixi with Danish sea-transport reallocation (Rørmose Jensen & Iliev 2022)
SVK,Slovakia,Europe,Minerals and Metals,waste_generation,kt,0.002648928842922011,2019,EXIOBASE v3.8.2 IOT_2016_ixi with Danish sea-transport reallocation (Rørmose Jensen & Iliev 2022)
AUS,Australia,Asia and Pacific,Textile,waste_generation,kt,0.002643965664284029,2019,EXIOBASE v3.8.2 IOT_2016_ixi with Danish sea-transport reallocation (Rørmose Jensen & Iliev 2022)
HUN,Hungary,Europe,Chemical,material_extraction,kt,0.0026433955678538223,2019,EXIOBASE v3.8.2 IOT_2016_ixi with Danish sea-transport reallocation (Rørmose Jensen & Iliev 2022)
CAN,Canada,America,Paper Products,blue_water_consumption,Mm3,0.002633725263380875,2019,EXIOBASE v3.8.2 IOT_2016_ixi with Danish sea-transport reallocation (Rørmose Jensen & Iliev 2022)
KOR,South Korea,Asia and Pacific,Natural gas and gaseous fuels,waste_generation,kt,0.0026241875679867675,2019,EXIOBASE v3.8.2 IOT_2016_ixi with Danish sea-transport reallocation (Rørmose Jensen & Iliev 2022)
SVK,Slovakia,Europe,Non-metallic mineral products,blue_water_consumption,Mm3,0.0026066095523444195,2019,EXIOBASE v3.8.2 IOT_2016_ixi with Danish sea-transport reallocation (Rørmose Jensen & Iliev 2022)
HUN,Hungary,Europe,Non-metallic mineral products,waste_generation,kt,0.0025990366546233368,2019,EXIOBASE v3.8.2 IOT_2016_ixi with Danish sea-transport reallocation (Rørmose Jensen & Iliev 2022)
AUT,Austria,Europe,Coal and Petroleum,waste_generation,kt,0.0025951739351803152,2019,EXIOBASE v3.8.2 IOT_2016_ixi with Danish sea-transport reallocation (Rørmose Jensen & Iliev 2022)
TUR,Turkey,Middle East,Minerals and Metals,waste_generation,kt,0.0025759834406918693,2019,EXIOBASE v3.8.2 IOT_2016_ixi with Danish sea-transport reallocation (Rørmose Jensen & Iliev 2022)
TUR,Turkey,Middle East,General and special Machinery,waste_generation,kt,0.002548779614127826,2019,EXIOBASE v3.8.2 IOT_2016_ixi with Danish sea-transport reallocation (Rørmose Jensen & Iliev 2022)
NOR,Norway,Europe,Coal and Petroleum,blue_water_consumption,Mm3,0.002547383806468082,2019,EXIOBASE v3.8.2 IOT_2016_ixi with Danish sea-transport reallocation (Rørmose Jensen & Iliev 2022)
LUX,Luxembourg,Europe,Construction,climate_change,kt CO2eq,0.00250498829514852,2019,EXIOBASE v3.8.2 IOT_2016_ixi with Danish sea-transport reallocation (Rørmose Jensen & Iliev 2022)
IRL,Ireland,Europe,Textile,climate_change,kt CO2eq,0.0025006196299648133,2019,EXIOBASE v3.8.2 IOT_2016_ixi with Danish sea-transport reallocation (Rørmose Jensen & Iliev 2022)
SVN,Slovenia,Europe,"Electrical, electronic and measuring equipment",land_use,km2,0.002497587768748662,2019,EXIOBASE v3.8.2 IOT_2016_ixi with Danish sea-transport reallocation (Rørmose Jensen & Iliev 2022)
TWN,Taiwan,Asia and Pacific,Paper Products,blue_water_consumption,Mm3,0.0024922355774774307,2019,EXIOBASE v3.8.2 IOT_2016_ixi with Danish sea-transport reallocation (Rørmose Jensen & Iliev 2022)
KOR,South Korea,Asia and Pacific,Furniture and timber,waste_generation,kt,0.002481287415184154,2019,EXIOBASE v3.8.2 IOT_2016_ixi with Danish sea-transport reallocation (Rørmose Jensen & Iliev 2022)
CYP,Cyprus,Middle East,Chemical,waste_generation,kt,0.0024758988036478026,2019,EXIOBASE v3.8.2 IOT_2016_ixi with Danish sea-transport reallocation (Rørmose Jensen & Iliev 2022)
RUS,Russia,Europe,Services,blue_water_consumption,Mm3,0.0024696332016246785,2019,EXIOBASE v3.8.2 IOT_2016_ixi with Danish sea-transport reallocation (Rørmose Jensen & Iliev 2022)
HRV,Croatia,Europe,General and special Machinery,climate_change,kt CO2eq,0.0024691753082907693,2019,EXIOBASE v3.8.2 IOT_2016_ixi with Danish sea-transport reallocation (Rørmose Jensen & Iliev 2022)
ESP,Spain,Europe,Construction,material_extraction,kt,0.002460839402578191,2019,EXIOBASE v3.8.2 IOT_2016_ixi with Danish sea-transport reallocation (Rørmose Jensen & Iliev 2022)
GBR,United Kingdom,Europe,Non-metallic mineral products,blue_water_consumption,Mm3,0.0024195095118386394,2019,EXIOBASE v3.8.2 IOT_2016_ixi with Danish sea-transport reallocation (Rørmose Jensen & Iliev 2022)
GRC,Greece,Europe,Construction,waste_generation,kt,0.0024118520567771,2019,EXIOBASE v3.8.2 IOT_2016_ixi with Danish sea-transport reallocation (Rørmose Jensen & Iliev 2022)
BGR,Bulgaria,Europe,"Steam, hot water supply and water distribution",land_use,km2,0.002404936332515109,2019,EXIOBASE v3.8.2 IOT_2016_ixi with Danish sea-transport reallocation (Rørmose Jensen & Iliev 2022)
BRA,Brazil,America,General and special Machinery,climate_change,kt CO2eq,0.0023983653857522313,2019,EXIOBASE v3.8.2 IOT_2016_ixi with Danish sea-transport reallocation (Rørmose Jensen & Iliev 2022)
ESP,Spain,Europe,Textile,waste_generation,kt,0.002383486990017383,2019,EXIOBASE v3.8.2 IOT_2016_ixi with Danish sea-transport reallocation (Rørmose Jensen & Iliev 2022)
KOR,South Korea,Asia and Pacific,Construction,waste_generation,kt,0.002358981834412609,2019,EXIOBASE v3.8.2 IOT_2016_ixi with Danish sea-transport reallocation (Rørmose Jensen & Iliev 2022)
BGR,Bulgaria,Europe,General and special Machinery,waste_generation,kt,0.0023488453005909397,2019,EXIOBASE v3.8.2 IOT_2016_ixi with Danish sea-transport reallocation (Rørmose Jensen & Iliev 2022)
ZAF,South Africa,Africa,Minerals and Metals,waste_generation,kt,0.002342034337459761,2019,EXIOBASE v3.8.2 IOT_2016_ixi with Danish sea-transport reallocation (Rørmose Jensen & Iliev 2022)
AUS,Australia,Asia and Pacific,Transport,waste_generation,kt,0.002315221472085858,2019,EXIOBASE v3.8.2 IOT_2016_ixi with Danish sea-transport reallocation (Rørmose Jensen & Iliev 2022)
SWE,Sweden,Europe,Natural gas and gaseous fuels,waste_generation,kt,0.002310380234226639,2019,EXIOBASE v3.8.2 IOT_2016_ixi with Danish sea-transport reallocation (Rørmose Jensen & Iliev 2022)
KOR,South Korea,Asia and Pacific,Transport Equipment,waste_generation,kt,0.0023084605715044757,2019,EXIOBASE v3.8.2 IOT_2016_ixi with Danish sea-transport reallocation (Rørmose Jensen & Iliev 2022)
EST,Estonia,Europe,Chemical,waste_generation,kt,0.0023079620024731786,2019,EXIOBASE v3.8.2 IOT_2016_ixi with Danish sea-transport reallocation (Rørmose Jensen & Iliev 2022)
LVA,Latvia,Europe,Paper Products,blue_water_consumption,Mm3,0.0023028787752372845,2019,EXIOBASE v3.8.2 IOT_2016_ixi with Danish sea-transport reallocation (Rørmose Jensen & Iliev 2022)
CYP,Cyprus,Middle East,Paper Products,climate_change,kt CO2eq,0.0023017009565337266,2019,EXIOBASE v3.8.2 IOT_2016_ixi with Danish sea-transport reallocation (Rørmose Jensen & Iliev 2022)
PRT,Portugal,Europe,General and special Machinery,climate_change,kt CO2eq,0.0023005882404626464,2019,EXIOBASE v3.8.2 IOT_2016_ixi with Danish sea-transport reallocation (Rørmose Jensen & Iliev 2022)
MEX,Mexico,America,Paper Products,waste_generation,kt,0.002299872407665353,2019,EXIOBASE v3.8.2 IOT_2016_ixi with Danish sea-transport reallocation (Rørmose Jensen & Iliev 2022)
RoW Middle East,RoW Middle East,Middle East,Paper Products,land_use,km2,0.0022934201652325386,2019,EXIOBASE v3.8.2 IOT_2016_ixi with Danish sea-transport reallocation (Rørmose Jensen & Iliev 2022)
RoW America,RoW America,America,"Steam, hot water supply and water distribution",land_use,km2,0.002280071020571192,2019,EXIOBASE v3.8.2 IOT_2016_ixi with Danish sea-transport reallocation (Rørmose Jensen & Iliev 2022)
RoW Africa,RoW Africa,Africa,Coal and Petroleum,blue_water_consumption,Mm3,0.0022800114275756222,2019,EXIOBASE v3.8.2 IOT_2016_ixi with Danish sea-transport reallocation (Rørmose Jensen & Iliev 2022)
ITA,Italy,Europe,Textile,waste_generation,kt,0.0022788470339172922,2019,EXIOBASE v3.8.2 IOT_2016_ixi with Danish sea-transport reallocation (Rørmose Jensen & Iliev 2022)
RUS,Russia,Europe,Transport Equipment,material_extraction,kt,0.002276603469642868,2019,EXIOBASE v3.8.2 IOT_2016_ixi with Danish sea-transport reallocation (Rørmose Jensen & Iliev 2022)
CZE,Czech Republic,Europe,Textile,waste_generation,kt,0.0022663095593095416,2019,EXIOBASE v3.8.2 IOT_2016_ixi with Danish sea-transport reallocation (Rørmose Jensen & Iliev 2022)
DEU,Germany,Europe,Services,blue_water_consumption,Mm3,0.0022624564229760456,2019,EXIOBASE v3.8.2 IOT_2016_ixi with Danish sea-transport reallocation (Rørmose Jensen & Iliev 2022)
CAN,Canada,America,Electricity,material_extraction,kt,0.0022579941543189215,2019,EXIOBASE v3.8.2 IOT_2016_ixi with Danish sea-transport reallocation (Rørmose Jensen & Iliev 2022)
BGR,Bulgaria,Europe,Chemical,material_extraction,kt,0.002253728482216132,2019,EXIOBASE v3.8.2 IOT_2016_ixi with Danish sea-transport reallocation (Rørmose Jensen & Iliev 2022)
GRC,Greece,Europe,Minerals and Metals,waste_generation,kt,0.002251939923625052,2019,EXIOBASE v3.8.2 IOT_2016_ixi with Danish sea-transport reallocation (Rørmose Jensen & Iliev 2022)
ROU,Romania,Europe,Chemical,blue_water_consumption,Mm3,0.0022478929027896725,2019,EXIOBASE v3.8.2 IOT_2016_ixi with Danish sea-transport reallocation (Rørmose Jensen & Iliev 2022)
HRV,Croatia,Europe,Food and catering,blue_water_consumption,Mm3,0.002237838729886121,2019,EXIOBASE v3.8.2 IOT_2016_ixi with Danish sea-transport reallocation (Rørmose Jensen & Iliev 2022)
LUX,Luxembourg,Europe,"Electrical, electronic and measuring equipment",climate_change,kt CO2eq,0.0022283958276305463,2019,EXIOBASE v3.8.2 IOT_2016_ixi with Danish sea-transport reallocation (Rørmose Jensen & Iliev 2022)
IDN,Indonesia,Asia and Pacific,Metal Products,waste_generation,kt,0.002221108869417663,2019,EXIOBASE v3.8.2 IOT_2016_ixi with Danish sea-transport reallocation (Rørmose Jensen & Iliev 2022)
RUS,Russia,Europe,Paper Products,blue_water_consumption,Mm3,0.0022055677437303038,2019,EXIOBASE v3.8.2 IOT_2016_ixi with Danish sea-transport reallocation (Rørmose Jensen & Iliev 2022)
RoW America,RoW America,America,Non-metallic mineral products,waste_generation,kt,0.0022050478416081364,2019,EXIOBASE v3.8.2 IOT_2016_ixi with Danish sea-transport reallocation (Rørmose Jensen & Iliev 2022)
RoW Middle East,RoW Middle East,Middle East,Electricity,land_use,km2,0.002199417779249912,2019,EXIOBASE v3.8.2 IOT_2016_ixi with Danish sea-transport reallocation (Rørmose Jensen & Iliev 2022)
CAN,Canada,America,Furniture and timber,material_extraction,kt,0.002186864271663574,2019,EXIOBASE v3.8.2 IOT_2016_ixi with Danish sea-transport reallocation (Rørmose Jensen & Iliev 2022)
LUX,Luxembourg,Europe,Paper Products,climate_change,kt CO2eq,0.00214496816634965,2019,EXIOBASE v3.8.2 IOT_2016_ixi with Danish sea-transport reallocation (Rørmose Jensen & Iliev 2022)
LVA,Latvia,Europe,"Electrical, electronic and measuring equipment",climate_change,kt CO2eq,0.0021397348442267557,2019,EXIOBASE v3.8.2 IOT_2016_ixi with Danish sea-transport reallocation (Rørmose Jensen & Iliev 2022)
GBR,United Kingdom,Europe,Minerals and Metals,waste_generation,kt,0.0021363496497685945,2019,EXIOBASE v3.8.2 IOT_2016_ixi with Danish sea-transport reallocation (Rørmose Jensen & Iliev 2022)
ZAF,South Africa,Africa,Transport Equipment,waste_generation,kt,0.0021298502445729326,2019,EXIOBASE v3.8.2 IOT_2016_ixi with Danish sea-transport reallocation (Rørmose Jensen & Iliev 2022)
FIN,Finland,Europe,Non-metallic mineral products,waste_generation,kt,0.002127513990586599,2019,EXIOBASE v3.8.2 IOT_2016_ixi with Danish sea-transport reallocation (Rørmose Jensen & Iliev 2022)
TUR,Turkey,Middle East,Construction,climate_change,kt CO2eq,0.002120709311645067,2019,EXIOBASE v3.8.2 IOT_2016_ixi with Danish sea-transport reallocation (Rørmose Jensen & Iliev 2022)
CZE,Czech Republic,Europe,Transport Equipment,waste_generation,kt,0.0021103572971469986,2019,EXIOBASE v3.8.2 IOT_2016_ixi with Danish sea-transport reallocation (Rørmose Jensen & Iliev 2022)
CYP,Cyprus,Middle East,Coal and Petroleum,climate_change,kt CO2eq,0.002109580387449398,2019,EXIOBASE v3.8.2 IOT_2016_ixi with Danish sea-transport reallocation (Rørmose Jensen & Iliev 2022)
DNK,Denmark,Denmark,Natural gas and gaseous fuels,waste_generation,kt,0.0021043729868663605,2019,EXIOBASE v3.8.2 IOT_2016_ixi with Danish sea-transport reallocation (Rørmose Jensen & Iliev 2022)
HRV,Croatia,Europe,Metal Products,blue_water_consumption,Mm3,0.002101270652249995,2019,EXIOBASE v3.8.2 IOT_2016_ixi with Danish sea-transport reallocation (Rørmose Jensen & Iliev 2022)
RoW Middle East,RoW Middle East,Middle East,Non-metallic mineral products,waste_generation,kt,0.0020988523600904523,2019,EXIOBASE v3.8.2 IOT_2016_ixi with Danish sea-transport reallocation (Rørmose Jensen & Iliev 2022)
IRL,Ireland,Europe,"Steam, hot water supply and water distribution",climate_change,kt CO2eq,0.002087469481038348,2019,EXIOBASE v3.8.2 IOT_2016_ixi with Danish sea-transport reallocation (Rørmose Jensen & Iliev 2022)
KOR,South Korea,Asia and Pacific,Non-metallic mineral products,waste_generation,kt,0.00208634375474445,2019,EXIOBASE v3.8.2 IOT_2016_ixi with Danish sea-transport reallocation (Rørmose Jensen & Iliev 2022)
FRA,France,Europe,Metal Products,blue_water_consumption,Mm3,0.0020800327837641867,2019,EXIOBASE v3.8.2 IOT_2016_ixi with Danish sea-transport reallocation (Rørmose Jensen & Iliev 2022)
BRA,Brazil,America,Textile,waste_generation,kt,0.0020796902229107956,2019,EXIOBASE v3.8.2 IOT_2016_ixi with Danish sea-transport reallocation (Rørmose Jensen & Iliev 2022)
PRT,Portugal,Europe,"Electrical, electronic and measuring equipment",waste_generation,kt,0.0020729563555348836,2019,EXIOBASE v3.8.2 IOT_2016_ixi with Danish sea-transport reallocation (Rørmose Jensen & Iliev 2022)
IDN,Indonesia,Asia and Pacific,Coal and Petroleum,waste_generation,kt,0.002069267434528875,2019,EXIOBASE v3.8.2 IOT_2016_ixi with Danish sea-transport reallocation (Rørmose Jensen & Iliev 2022)
POL,Poland,Europe,"Electrical, electronic and measuring equipment",land_use,km2,0.002064066860294927,2019,EXIOBASE v3.8.2 IOT_2016_ixi with Danish sea-transport reallocation (Rørmose Jensen & Iliev 2022)
RoW Middle East,RoW Middle East,Middle East,Minerals and Metals,land_use,km2,0.0020618765968082767,2019,EXIOBASE v3.8.2 IOT_2016_ixi with Danish sea-transport reallocation (Rørmose Jensen & Iliev 2022)
RoW Africa,RoW Africa,Africa,Furniture and timber,waste_generation,kt,0.0020459172470205897,2019,EXIOBASE v3.8.2 IOT_2016_ixi with Danish sea-transport reallocation (Rørmose Jensen & Iliev 2022)
AUT,Austria,Europe,Electricity,blue_water_consumption,Mm3,0.0020442363133581416,2019,EXIOBASE v3.8.2 IOT_2016_ixi with Danish sea-transport reallocation (Rørmose Jensen & Iliev 2022)
CZE,Czech Republic,Europe,Metal Products,land_use,km2,0.002036135293131024,2019,EXIOBASE v3.8.2 IOT_2016_ixi with Danish sea-transport reallocation (Rørmose Jensen & Iliev 2022)
NOR,Norway,Europe,"Electrical, electronic and measuring equipment",blue_water_consumption,Mm3,0.0020277771457255784,2019,EXIOBASE v3.8.2 IOT_2016_ixi with Danish sea-transport reallocation (Rørmose Jensen & Iliev 2022)
RoW Africa,RoW Africa,Africa,Transport,blue_water_consumption,Mm3,0.00202211874807276,2019,EXIOBASE v3.8.2 IOT_2016_ixi with Danish sea-transport reallocation (Rørmose Jensen & Iliev 2022)
ITA,Italy,Europe,Coal and Petroleum,waste_generation,kt,0.002016263397493306,2019,EXIOBASE v3.8.2 IOT_2016_ixi with Danish sea-transport reallocation (Rørmose Jensen & Iliev 2022)
FRA,France,Europe,Textile,blue_water_consumption,Mm3,0.0020135659578542596,2019,EXIOBASE v3.8.2 IOT_2016_ixi with Danish sea-transport reallocation (Rørmose Jensen & Iliev 2022)
ROU,Romania,Europe,Textile,land_use,km2,0.002012899289276861,2019,EXIOBASE v3.8.2 IOT_2016_ixi with Danish sea-transport reallocation (Rørmose Jensen & Iliev 2022)
LUX,Luxembourg,Europe,Minerals and Metals,climate_change,kt CO2eq,0.001976891070552889,2019,EXIOBASE v3.8.2 IOT_2016_ixi with Danish sea-transport reallocation (Rørmose Jensen & Iliev 2022)
NOR,Norway,Europe,Services,land_use,km2,0.001967602459452524,2019,EXIOBASE v3.8.2 IOT_2016_ixi with Danish sea-transport reallocation (Rørmose Jensen & Iliev 2022)
GBR,United Kingdom,Europe,Transport,waste_generation,kt,0.0019535290538943537,2019,EXIOBASE v3.8.2 IOT_2016_ixi with Danish sea-transport reallocation (Rørmose Jensen & Iliev 2022)
FRA,France,Europe,"Steam, hot water supply and water distribution",waste_generation,kt,0.0019440943145737184,2019,EXIOBASE v3.8.2 IOT_2016_ixi with Danish sea-transport reallocation (Rørmose Jensen & Iliev 2022)
GRC,Greece,Europe,Transport Equipment,climate_change,kt CO2eq,0.001919724929827314,2019,EXIOBASE v3.8.2 IOT_2016_ixi with Danish sea-transport reallocation (Rørmose Jensen & Iliev 2022)
GBR,United Kingdom,Europe,General and special Machinery,blue_water_consumption,Mm3,0.0019178572053588643,2019,EXIOBASE v3.8.2 IOT_2016_ixi with Danish sea-transport reallocation (Rørmose Jensen & Iliev 2022)
BRA,Brazil,America,Minerals and Metals,waste_generation,kt,0.0019027835852451474,2019,EXIOBASE v3.8.2 IOT_2016_ixi with Danish sea-transport reallocation (Rørmose Jensen & Iliev 2022)
CYP,Cyprus,Middle East,Furniture and timber,climate_change,kt CO2eq,0.001893786514196249,2019,EXIOBASE v3.8.2 IOT_2016_ixi with Danish sea-transport reallocation (Rørmose Jensen & Iliev 2022)
HUN,Hungary,Europe,Coal and Petroleum,waste_generation,kt,0.0018672817024154337,2019,EXIOBASE v3.8.2 IOT_2016_ixi with Danish sea-transport reallocation (Rørmose Jensen & Iliev 2022)
AUS,Australia,Asia and Pacific,Furniture and timber,waste_generation,kt,0.0018649386698685953,2019,EXIOBASE v3.8.2 IOT_2016_ixi with Danish sea-transport reallocation (Rørmose Jensen & Iliev 2022)
MLT,Malta,Europe,Food and catering,blue_water_consumption,Mm3,0.001862006193730175,2019,EXIOBASE v3.8.2 IOT_2016_ixi with Danish sea-transport reallocation (Rørmose Jensen & Iliev 2022)
CHE,Switzerland,Europe,General and special Machinery,waste_generation,kt,0.0018102044457537028,2019,EXIOBASE v3.8.2 IOT_2016_ixi with Danish sea-transport reallocation (Rørmose Jensen & Iliev 2022)
CHE,Switzerland,Europe,Chemical,blue_water_consumption,Mm3,0.0017880912815756921,2019,EXIOBASE v3.8.2 IOT_2016_ixi with Danish sea-transport reallocation (Rørmose Jensen & Iliev 2022)
ROU,Romania,Europe,General and special Machinery,waste_generation,kt,0.0017827285798719204,2019,EXIOBASE v3.8.2 IOT_2016_ixi with Danish sea-transport reallocation (Rørmose Jensen & Iliev 2022)
ZAF,South Africa,Africa,Chemical,blue_water_consumption,Mm3,0.001782494010907195,2019,EXIOBASE v3.8.2 IOT_2016_ixi with Danish sea-transport reallocation (Rørmose Jensen & Iliev 2022)
BGR,Bulgaria,Europe,Electricity,land_use,km2,0.0017785257897095976,2019,EXIOBASE v3.8.2 IOT_2016_ixi with Danish sea-transport reallocation (Rørmose Jensen & Iliev 2022)
NLD,Netherlands,Europe,Textile,land_use,km2,0.001777813562014843,2019,EXIOBASE v3.8.2 IOT_2016_ixi with Danish sea-transport reallocation (Rørmose Jensen & Iliev 2022)
ROU,Romania,Europe,Metal Products,blue_water_consumption,Mm3,0.0017717603663832042,2019,EXIOBASE v3.8.2 IOT_2016_ixi with Danish sea-transport reallocation (Rørmose Jensen & Iliev 2022)
LVA,Latvia,Europe,General and special Machinery,climate_change,kt CO2eq,0.0017682965726029463,2019,EXIOBASE v3.8.2 IOT_2016_ixi with Danish sea-transport reallocation (Rørmose Jensen & Iliev 2022)
BGR,Bulgaria,Europe,"Electrical, electronic and measuring equipment",blue_water_consumption,Mm3,0.0017515533880118367,2019,EXIOBASE v3.8.2 IOT_2016_ixi with Danish sea-transport reallocation (Rørmose Jensen & Iliev 2022)
RoW America,RoW America,America,Non-metallic mineral products,blue_water_consumption,Mm3,0.0017509720708084628,2019,EXIOBASE v3.8.2 IOT_2016_ixi with Danish sea-transport reallocation (Rørmose Jensen & Iliev 2022)
ESP,Spain,Europe,Transport Equipment,waste_generation,kt,0.0017432599450406313,2019,EXIOBASE v3.8.2 IOT_2016_ixi with Danish sea-transport reallocation (Rørmose Jensen & Iliev 2022)
GRC,Greece,Europe,Furniture and timber,waste_generation,kt,0.0017344793865211182,2019,EXIOBASE v3.8.2 IOT_2016_ixi with Danish sea-transport reallocation (Rørmose Jensen & Iliev 2022)
RUS,Russia,Europe,"Electrical, electronic and measuring equipment",material_extraction,kt,0.0017269271564812297,2019,EXIOBASE v3.8.2 IOT_2016_ixi with Danish sea-transport reallocation (Rørmose Jensen & Iliev 2022)
PRT,Portugal,Europe,Construction,waste_generation,kt,0.001726354966021914,2019,EXIOBASE v3.8.2 IOT_2016_ixi with Danish sea-transport reallocation (Rørmose Jensen & Iliev 2022)
RoW America,RoW America,America,General and special Machinery,waste_generation,kt,0.001716918196020177,2019,EXIOBASE v3.8.2 IOT_2016_ixi with Danish sea-transport reallocation (Rørmose Jensen & Iliev 2022)
ESP,Spain,Europe,Chemical,blue_water_consumption,Mm3,0.0017138776108796033,2019,EXIOBASE v3.8.2 IOT_2016_ixi with Danish sea-transport reallocation (Rørmose Jensen & Iliev 2022)
EST,Estonia,Europe,Construction,land_use,km2,0.001712617688816283,2019,EXIOBASE v3.8.2 IOT_2016_ixi with Danish sea-transport reallocation (Rørmose Jensen & Iliev 2022)
POL,Poland,Europe,Non-metallic mineral products,blue_water_consumption,Mm3,0.001709840249402926,2019,EXIOBASE v3.8.2 IOT_2016_ixi with Danish sea-transport reallocation (Rørmose Jensen & Iliev 2022)
GRC,Greece,Europe,Natural gas and gaseous fuels,climate_change,kt CO2eq,0.0016988150996744675,2019,EXIOBASE v3.8.2 IOT_2016_ixi with Danish sea-transport reallocation (Rørmose Jensen & Iliev 2022)
RUS,Russia,Europe,General and special Machinery,blue_water_consumption,Mm3,0.0016980374146037419,2019,EXIOBASE v3.8.2 IOT_2016_ixi with Danish sea-transport reallocation (Rørmose Jensen & Iliev 2022)
MLT,Malta,Europe,Construction,climate_change,kt CO2eq,0.001694708383269174,2019,EXIOBASE v3.8.2 IOT_2016_ixi with Danish sea-transport reallocation (Rørmose Jensen & Iliev 2022)
RoW Asia and Pacific,RoW Asia and Pacific,Asia and Pacific,Natural gas and gaseous fuels,blue_water_consumption,Mm3,0.001693656102311796,2019,EXIOBASE v3.8.2 IOT_2016_ixi with Danish sea-transport reallocation (Rørmose Jensen & Iliev 2022)
FRA,France,Europe,Textile,waste_generation,kt,0.0016919066665360743,2019,EXIOBASE v3.8.2 IOT_2016_ixi with Danish sea-transport reallocation (Rørmose Jensen & Iliev 2022)
HUN,Hungary,Europe,Transport Equipment,waste_generation,kt,0.0016915331903888378,2019,EXIOBASE v3.8.2 IOT_2016_ixi with Danish sea-transport reallocation (Rørmose Jensen & Iliev 2022)
IND,India,Asia and Pacific,Natural gas and gaseous fuels,waste_generation,kt,0.0016858244292084937,2019,EXIOBASE v3.8.2 IOT_2016_ixi with Danish sea-transport reallocation (Rørmose Jensen & Iliev 2022)
RUS,Russia,Europe,General and special Machinery,waste_generation,kt,0.0016772800395690108,2019,EXIOBASE v3.8.2 IOT_2016_ixi with Danish sea-transport reallocation (Rørmose Jensen & Iliev 2022)
SWE,Sweden,Europe,Transport Equipment,waste_generation,kt,0.001673287022596792,2019,EXIOBASE v3.8.2 IOT_2016_ixi with Danish sea-transport reallocation (Rørmose Jensen & Iliev 2022)
SVN,Slovenia,Europe,General and special Machinery,land_use,km2,0.001672290453509413,2019,EXIOBASE v3.8.2 IOT_2016_ixi with Danish sea-transport reallocation (Rørmose Jensen & Iliev 2022)
TWN,Taiwan,Asia and Pacific,Construction,climate_change,kt CO2eq,0.001665276278422737,2019,EXIOBASE v3.8.2 IOT_2016_ixi with Danish sea-transport reallocation (Rørmose Jensen & Iliev 2022)
LUX,Luxembourg,Europe,Construction,waste_generation,kt,0.001662770446654231,2019,EXIOBASE v3.8.2 IOT_2016_ixi with Danish sea-transport reallocation (Rørmose Jensen & Iliev 2022)
ESP,Spain,Europe,General and special Machinery,waste_generation,kt,0.0016607539842657592,2019,EXIOBASE v3.8.2 IOT_2016_ixi with Danish sea-transport reallocation (Rørmose Jensen & Iliev 2022)
LVA,Latvia,Europe,Paper Products,waste_generation,kt,0.0016535490277514494,2019,EXIOBASE v3.8.2 IOT_2016_ixi with Danish sea-transport reallocation (Rørmose Jensen & Iliev 2022)
PRT,Portugal,Europe,Chemical,material_extraction,kt,0.0016509294887800464,2019,EXIOBASE v3.8.2 IOT_2016_ixi with Danish sea-transport reallocation (Rørmose Jensen & Iliev 2022)
RoW America,RoW America,America,Paper Products,blue_water_consumption,Mm3,0.001625063758097663,2019,EXIOBASE v3.8.2 IOT_2016_ixi with Danish sea-transport reallocation (Rørmose Jensen & Iliev 2022)
KOR,South Korea,Asia and Pacific,"Electrical, electronic and measuring equipment",blue_water_consumption,Mm3,0.00161684933556284,2019,EXIOBASE v3.8.2 IOT_2016_ixi with Danish sea-transport reallocation (Rørmose Jensen & Iliev 2022)
RUS,Russia,Europe,Textile,waste_generation,kt,0.0016087854214311718,2019,EXIOBASE v3.8.2 IOT_2016_ixi with Danish sea-transport reallocation (Rørmose Jensen & Iliev 2022)
SVN,Slovenia,Europe,Furniture and timber,waste_generation,kt,0.0016052026264522716,2019,EXIOBASE v3.8.2 IOT_2016_ixi with Danish sea-transport reallocation (Rørmose Jensen & Iliev 2022)
KOR,South Korea,Asia and Pacific,Textile,waste_generation,kt,0.0015962456059930934,2019,EXIOBASE v3.8.2 IOT_2016_ixi with Danish sea-transport reallocation (Rørmose Jensen & Iliev 2022)
LVA,Latvia,Europe,Textile,land_use,km2,0.0015853435119557932,2019,EXIOBASE v3.8.2 IOT_2016_ixi with Danish sea-transport reallocation (Rørmose Jensen & Iliev 2022)
TUR,Turkey,Middle East,Paper Products,blue_water_consumption,Mm3,0.0015809685766967237,2019,EXIOBASE v3.8.2 IOT_2016_ixi with Danish sea-transport reallocation (Rørmose Jensen & Iliev 2022)
NOR,Norway,Europe,Non-metallic mineral products,waste_generation,kt,0.0015782163047028694,2019,EXIOBASE v3.8.2 IOT_2016_ixi with Danish sea-transport reallocation (Rørmose Jensen & Iliev 2022)
SVK,Slovakia,Europe,Textile,blue_water_consumption,Mm3,0.0015712594999496014,2019,EXIOBASE v3.8.2 IOT_2016_ixi with Danish sea-transport reallocation (Rørmose Jensen & Iliev 2022)
SWE,Sweden,Europe,Furniture and timber,blue_water_consumption,Mm3,0.0015698215612854917,2019,EXIOBASE v3.8.2 IOT_2016_ixi with Danish sea-transport reallocation (Rørmose Jensen & Iliev 2022)
PRT,Portugal,Europe,Transport Equipment,climate_change,kt CO2eq,0.0015626383395901248,2019,EXIOBASE v3.8.2 IOT_2016_ixi with Danish sea-transport reallocation (Rørmose Jensen & Iliev 2022)
EST,Estonia,Europe,Electricity,blue_water_consumption,Mm3,0.001557719300153756,2019,EXIOBASE v3.8.2 IOT_2016_ixi with Danish sea-transport reallocation (Rørmose Jensen & Iliev 2022)
IRL,Ireland,Europe,Metal Products,blue_water_consumption,Mm3,0.0015440663311860356,2019,EXIOBASE v3.8.2 IOT_2016_ixi with Danish sea-transport reallocation (Rørmose Jensen & Iliev 2022)
FRA,France,Europe,Transport Equipment,waste_generation,kt,0.001541810056588153,2019,EXIOBASE v3.8.2 IOT_2016_ixi with Danish sea-transport reallocation (Rørmose Jensen & Iliev 2022)
EST,Estonia,Europe,Textile,waste_generation,kt,0.0015178760325961157,2019,EXIOBASE v3.8.2 IOT_2016_ixi with Danish sea-transport reallocation (Rørmose Jensen & Iliev 2022)
KOR,South Korea,Asia and Pacific,Paper Products,blue_water_consumption,Mm3,0.001507940138110596,2019,EXIOBASE v3.8.2 IOT_2016_ixi with Danish sea-transport reallocation (Rørmose Jensen & Iliev 2022)
IDN,Indonesia,Asia and Pacific,Transport Equipment,waste_generation,kt,0.001503811152089102,2019,EXIOBASE v3.8.2 IOT_2016_ixi with Danish sea-transport reallocation (Rørmose Jensen & Iliev 2022)
ROU,Romania,Europe,Textile,blue_water_consumption,Mm3,0.0014946349233853737,2019,EXIOBASE v3.8.2 IOT_2016_ixi with Danish sea-transport reallocation (Rørmose Jensen & Iliev 2022)
LVA,Latvia,Europe,Metal Products,blue_water_consumption,Mm3,0.001494159592056309,2019,EXIOBASE v3.8.2 IOT_2016_ixi with Danish sea-transport reallocation (Rørmose Jensen & Iliev 2022)
HUN,Hungary,Europe,Food and catering,material_extraction,kt,0.001493116382799076,2019,EXIOBASE v3.8.2 IOT_2016_ixi with Danish sea-transport reallocation (Rørmose Jensen & Iliev 2022)
MEX,Mexico,America,Non-metallic mineral products,material_extraction,kt,0.0014830861972972018,2019,EXIOBASE v3.8.2 IOT_2016_ixi with Danish sea-transport reallocation (Rørmose Jensen & Iliev 2022)
JPN,Japan,Asia and Pacific,Natural gas and gaseous fuels,waste_generation,kt,0.001468887888720924,2019,EXIOBASE v3.8.2 IOT_2016_ixi with Danish sea-transport reallocation (Rørmose Jensen & Iliev 2022)
ESP,Spain,Europe,Transport,blue_water_consumption,Mm3,0.001467312386456076,2019,EXIOBASE v3.8.2 IOT_2016_ixi with Danish sea-transport reallocation (Rørmose Jensen & Iliev 2022)
EST,Estonia,Europe,Transport Equipment,climate_change,kt CO2eq,0.0014566142929214863,2019,EXIOBASE v3.8.2 IOT_2016_ixi with Danish sea-transport reallocation (Rørmose Jensen & Iliev 2022)
CHE,Switzerland,Europe,Transport,waste_generation,kt,0.0014547527426073778,2019,EXIOBASE v3.8.2 IOT_2016_ixi with Danish sea-transport reallocation (Rørmose Jensen & Iliev 2022)
LVA,Latvia,Europe,Electricity,waste_generation,kt,0.0014441977040142641,2019,EXIOBASE v3.8.2 IOT_2016_ixi with Danish sea-transport reallocation (Rørmose Jensen & Iliev 2022)
CHE,Switzerland,Europe,Services,material_extraction,kt,0.0014413053025393633,2019,EXIOBASE v3.8.2 IOT_2016_ixi with Danish sea-transport reallocation (Rørmose Jensen & Iliev 2022)
IND,India,Asia and Pacific,Non-metallic mineral products,blue_water_consumption,Mm3,0.001434804281702776,2019,EXIOBASE v3.8.2 IOT_2016_ixi with Danish sea-transport reallocation (Rørmose Jensen & Iliev 2022)
AUT,Austria,Europe,Natural gas and gaseous fuels,waste_generation,kt,0.001433804672560069,2019,EXIOBASE v3.8.2 IOT_2016_ixi with Danish sea-transport reallocation (Rørmose Jensen & Iliev 2022)
JPN,Japan,Asia and Pacific,General and special Machinery,waste_generation,kt,0.0014335697248925605,2019,EXIOBASE v3.8.2 IOT_2016_ixi with Danish sea-transport reallocation (Rørmose Jensen & Iliev 2022)
DNK,Denmark,Denmark,General and special Machinery,blue_water_consumption,Mm3,0.0014248903733340428,2019,EXIOBASE v3.8.2 IOT_2016_ixi with Danish sea-transport reallocation (Rørmose Jensen & Iliev 2022)
NOR,Norway,Europe,Furniture and timber,blue_water_consumption,Mm3,0.0014178825184755404,2019,EXIOBASE v3.8.2 IOT_2016_ixi with Danish sea-transport reallocation (Rørmose Jensen & Iliev 2022)
RUS,Russia,Europe,Textile,blue_water_consumption,Mm3,0.0014131881215130929,2019,EXIOBASE v3.8.2 IOT_2016_ixi with Danish sea-transport reallocation (Rørmose Jensen & Iliev 2022)
HRV,Croatia,Europe,Transport,waste_generation,kt,0.0014074703614863726,2019,EXIOBASE v3.8.2 IOT_2016_ixi with Danish sea-transport reallocation (Rørmose Jensen & Iliev 2022)
NOR,Norway,Europe,Transport,land_use,km2,0.001394776318675685,2019,EXIOBASE v3.8.2 IOT_2016_ixi with Danish sea-transport reallocation (Rørmose Jensen & Iliev 2022)
SWE,Sweden,Europe,Electricity,blue_water_consumption,Mm3,0.0013845857864811146,2019,EXIOBASE v3.8.2 IOT_2016_ixi with Danish sea-transport reallocation (Rørmose Jensen & Iliev 2022)
RoW Europe,RoW Europe,Europe,Services,blue_water_consumption,Mm3,0.001383981197755393,2019,EXIOBASE v3.8.2 IOT_2016_ixi with Danish sea-transport reallocation (Rørmose Jensen & Iliev 2022)
SVN,Slovenia,Europe,General and special Machinery,waste_generation,kt,0.0013811557721117888,2019,EXIOBASE v3.8.2 IOT_2016_ixi with Danish sea-transport reallocation (Rørmose Jensen & Iliev 2022)
IND,India,Asia and Pacific,Furniture and timber,material_extraction,kt,0.001368646840733464,2019,EXIOBASE v3.8.2 IOT_2016_ixi with Danish sea-transport reallocation (Rørmose Jensen & Iliev 2022)
RoW America,RoW America,America,"Steam, hot water supply and water distribution",material_extraction,kt,0.001367192758723648,2019,EXIOBASE v3.8.2 IOT_2016_ixi with Danish sea-transport reallocation (Rørmose Jensen & Iliev 2022)
POL,Poland,Europe,Transport,blue_water_consumption,Mm3,0.0013607136012959782,2019,EXIOBASE v3.8.2 IOT_2016_ixi with Danish sea-transport reallocation (Rørmose Jensen & Iliev 2022)
CZE,Czech Republic,Europe,Textile,blue_water_consumption,Mm3,0.0013502007972501953,2019,EXIOBASE v3.8.2 IOT_2016_ixi with Danish sea-transport reallocation (Rørmose Jensen & Iliev 2022)
HUN,Hungary,Europe,"Electrical, electronic and measuring equipment",blue_water_consumption,Mm3,0.00134156724449696,2019,EXIOBASE v3.8.2 IOT_2016_ixi with Danish sea-transport reallocation (Rørmose Jensen & Iliev 2022)
NOR,Norway,Europe,Natural gas and gaseous fuels,blue_water_consumption,Mm3,0.0013366277516577711,2019,EXIOBASE v3.8.2 IOT_2016_ixi with Danish sea-transport reallocation (Rørmose Jensen & Iliev 2022)
EST,Estonia,Europe,Chemical,material_extraction,kt,0.001336000081094507,2019,EXIOBASE v3.8.2 IOT_2016_ixi with Danish sea-transport reallocation (Rørmose Jensen & Iliev 2022)
RoW Asia and Pacific,RoW Asia and Pacific,Asia and Pacific,Coal and Petroleum,blue_water_consumption,Mm3,0.0013348375960708916,2019,EXIOBASE v3.8.2 IOT_2016_ixi with Danish sea-transport reallocation (Rørmose Jensen & Iliev 2022)
CZE,Czech Republic,Europe,Metal Products,blue_water_consumption,Mm3,0.0013344852732560322,2019,EXIOBASE v3.8.2 IOT_2016_ixi with Danish sea-transport reallocation (Rørmose Jensen & Iliev 2022)
RUS,Russia,Europe,Non-metallic mineral products,blue_water_consumption,Mm3,0.0013109990871341705,2019,EXIOBASE v3.8.2 IOT_2016_ixi with Danish sea-transport reallocation (Rørmose Jensen & Iliev 2022)
MLT,Malta,Europe,Transport Equipment,climate_change,kt CO2eq,0.0013003331967422992,2019,EXIOBASE v3.8.2 IOT_2016_ixi with Danish sea-transport reallocation (Rørmose Jensen & Iliev 2022)
NOR,Norway,Europe,Natural gas and gaseous fuels,waste_generation,kt,0.0012964901716714617,2019,EXIOBASE v3.8.2 IOT_2016_ixi with Danish sea-transport reallocation (Rørmose Jensen & Iliev 2022)
MEX,Mexico,America,General and special Machinery,waste_generation,kt,0.0012942667078314238,2019,EXIOBASE v3.8.2 IOT_2016_ixi with Danish sea-transport reallocation (Rørmose Jensen & Iliev 2022)
RUS,Russia,Europe,"Steam, hot water supply and water distribution",material_extraction,kt,0.0012824437284509416,2019,EXIOBASE v3.8.2 IOT_2016_ixi with Danish sea-transport reallocation (Rørmose Jensen & Iliev 2022)
ZAF,South Africa,Africa,Construction,waste_generation,kt,0.001282439280754432,2019,EXIOBASE v3.8.2 IOT_2016_ixi with Danish sea-transport reallocation (Rørmose Jensen & Iliev 2022)
RUS,Russia,Europe,Transport,blue_water_consumption,Mm3,0.0012744414880308183,2019,EXIOBASE v3.8.2 IOT_2016_ixi with Danish sea-transport reallocation (Rørmose Jensen & Iliev 2022)
SWE,Sweden,Europe,Non-metallic mineral products,land_use,km2,0.0012707248291190765,2019,EXIOBASE v3.8.2 IOT_2016_ixi with Danish sea-transport reallocation (Rørmose Jensen & Iliev 2022)
AUS,Australia,Asia and Pacific,Non-metallic mineral products,waste_generation,kt,0.001257191717210138,2019,EXIOBASE v3.8.2 IOT_2016_ixi with Danish sea-transport reallocation (Rørmose Jensen & Iliev 2022)
SVN,Slovenia,Europe,Non-metallic mineral products,waste_generation,kt,0.0012515114983602475,2019,EXIOBASE v3.8.2 IOT_2016_ixi with Danish sea-transport reallocation (Rørmose Jensen & Iliev 2022)
BGR,Bulgaria,Europe,Paper Products,land_use,km2,0.0012483203095144642,2019,EXIOBASE v3.8.2 IOT_2016_ixi with Danish sea-transport reallocation (Rørmose Jensen & Iliev 2022)
SWE,Sweden,Europe,Construction,climate_change,kt CO2eq,0.001247879805577279,2019,EXIOBASE v3.8.2 IOT_2016_ixi with Danish sea-transport reallocation (Rørmose Jensen & Iliev 2022)
RoW Africa,RoW Africa,Africa,Natural gas and gaseous fuels,land_use,km2,0.001242549176902632,2019,EXIOBASE v3.8.2 IOT_2016_ixi with Danish sea-transport reallocation (Rørmose Jensen & Iliev 2022)
SVN,Slovenia,Europe,Services,blue_water_consumption,Mm3,0.001240805880852999,2019,EXIOBASE v3.8.2 IOT_2016_ixi with Danish sea-transport reallocation (Rørmose Jensen & Iliev 2022)
RoW Africa,RoW Africa,Africa,Waste management and disposal,material_extraction,kt,0.0012391345791099607,2019,EXIOBASE v3.8.2 IOT_2016_ixi with Danish sea-transport reallocation (Rørmose Jensen & Iliev 2022)
IND,India,Asia and Pacific,Furniture and timber,blue_water_consumption,Mm3,0.0012333992125085132,2019,EXIOBASE v3.8.2 IOT_2016_ixi with Danish sea-transport reallocation (Rørmose Jensen & Iliev 2022)
HUN,Hungary,Europe,Metal Products,blue_water_consumption,Mm3,0.0012309603879133335,2019,EXIOBASE v3.8.2 IOT_2016_ixi with Danish sea-transport reallocation (Rørmose Jensen & Iliev 2022)
BGR,Bulgaria,Europe,Transport Equipment,waste_generation,kt,0.0012251656156228377,2019,EXIOBASE v3.8.2 IOT_2016_ixi with Danish sea-transport reallocation (Rørmose Jensen & Iliev 2022)
IRL,Ireland,Europe,Furniture and timber,waste_generation,kt,0.0012217633894339205,2019,EXIOBASE v3.8.2 IOT_2016_ixi with Danish sea-transport reallocation (Rørmose Jensen & Iliev 2022)
MEX,Mexico,America,"Electrical, electronic and measuring equipment",land_use,km2,0.0012141315985275986,2019,EXIOBASE v3.8.2 IOT_2016_ixi with Danish sea-transport reallocation (Rørmose Jensen & Iliev 2022)
LTU,Lithuania,Europe,Non-metallic mineral products,waste_generation,kt,0.0012117643563757544,2019,EXIOBASE v3.8.2 IOT_2016_ixi with Danish sea-transport reallocation (Rørmose Jensen & Iliev 2022)
IRL,Ireland,Europe,Metal Products,waste_generation,kt,0.0012090007027274205,2019,EXIOBASE v3.8.2 IOT_2016_ixi with Danish sea-transport reallocation (Rørmose Jensen & Iliev 2022)
GRC,Greece,Europe,General and special Machinery,climate_change,kt CO2eq,0.001206179698341576,2019,EXIOBASE v3.8.2 IOT_2016_ixi with Danish sea-transport reallocation (Rørmose Jensen & Iliev 2022)
EST,Estonia,Europe,"Electrical, electronic and measuring equipment",waste_generation,kt,0.0012058265018186603,2019,EXIOBASE v3.8.2 IOT_2016_ixi with Danish sea-transport reallocation (Rørmose Jensen & Iliev 2022)
PRT,Portugal,Europe,Construction,material_extraction,kt,0.001203192476205819,2019,EXIOBASE v3.8.2 IOT_2016_ixi with Danish sea-transport reallocation (Rørmose Jensen & Iliev 2022)
PRT,Portugal,Europe,Electricity,blue_water_consumption,Mm3,0.0011961957117469799,2019,EXIOBASE v3.8.2 IOT_2016_ixi with Danish sea-transport reallocation (Rørmose Jensen & Iliev 2022)
EST,Estonia,Europe,Food and catering,blue_water_consumption,Mm3,0.0011954274646340424,2019,EXIOBASE v3.8.2 IOT_2016_ixi with Danish sea-transport reallocation (Rørmose Jensen & Iliev 2022)
IDN,Indonesia,Asia and Pacific,General and special Machinery,climate_change,kt CO2eq,0.001189495365055662,2019,EXIOBASE v3.8.2 IOT_2016_ixi with Danish sea-transport reallocation (Rørmose Jensen & Iliev 2022)
AUS,Australia,Asia and Pacific,General and special Machinery,waste_generation,kt,0.0011890417704022126,2019,EXIOBASE v3.8.2 IOT_2016_ixi with Danish sea-transport reallocation (Rørmose Jensen & Iliev 2022)
BRA,Brazil,America,Electricity,blue_water_consumption,Mm3,0.0011846759884518593,2019,EXIOBASE v3.8.2 IOT_2016_ixi with Danish sea-transport reallocation (Rørmose Jensen & Iliev 2022)
HUN,Hungary,Europe,"Steam, hot water supply and water distribution",material_extraction,kt,0.0011753902173642,2019,EXIOBASE v3.8.2 IOT_2016_ixi with Danish sea-transport reallocation (Rørmose Jensen & Iliev 2022)
NOR,Norway,Europe,Construction,waste_generation,kt,0.001166404338790047,2019,EXIOBASE v3.8.2 IOT_2016_ixi with Danish sea-transport reallocation (Rørmose Jensen & Iliev 2022)
AUT,Austria,Europe,"Steam, hot water supply and water distribution",material_extraction,kt,0.001162508855354836,2019,EXIOBASE v3.8.2 IOT_2016_ixi with Danish sea-transport reallocation (Rørmose Jensen & Iliev 2022)
BGR,Bulgaria,Europe,Textile,waste_generation,kt,0.0011548564233401827,2019,EXIOBASE v3.8.2 IOT_2016_ixi with Danish sea-transport reallocation (Rørmose Jensen & Iliev 2022)
ZAF,South Africa,Africa,Metal Products,blue_water_consumption,Mm3,0.0011516334726989234,2019,EXIOBASE v3.8.2 IOT_2016_ixi with Danish sea-transport reallocation (Rørmose Jensen & Iliev 2022)
EST,Estonia,Europe,Construction,waste_generation,kt,0.001148928034327247,2019,EXIOBASE v3.8.2 IOT_2016_ixi with Danish sea-transport reallocation (Rørmose Jensen & Iliev 2022)
CZE,Czech Republic,Europe,"Electrical, electronic and measuring equipment",land_use,km2,0.001147614918235405,2019,EXIOBASE v3.8.2 IOT_2016_ixi with Danish sea-transport reallocation (Rørmose Jensen & Iliev 2022)
ESP,Spain,Europe,Transport,waste_generation,kt,0.0011473268776842555,2019,EXIOBASE v3.8.2 IOT_2016_ixi with Danish sea-transport reallocation (Rørmose Jensen & Iliev 2022)
HUN,Hungary,Europe,Minerals and Metals,waste_generation,kt,0.0011350690539304919,2019,EXIOBASE v3.8.2 IOT_2016_ixi with Danish sea-transport reallocation (Rørmose Jensen & Iliev 2022)
SVK,Slovakia,Europe,Transport Equipment,waste_generation,kt,0.0011308456372836721,2019,EXIOBASE v3.8.2 IOT_2016_ixi with Danish sea-transport reallocation (Rørmose Jensen & Iliev 2022)
TWN,Taiwan,Asia and Pacific,Metal Products,blue_water_consumption,Mm3,0.0011304206239624228,2019,EXIOBASE v3.8.2 IOT_2016_ixi with Danish sea-transport reallocation (Rørmose Jensen & Iliev 2022)
AUT,Austria,Europe,Textile,waste_generation,kt,0.0011265229032258132,2019,EXIOBASE v3.8.2 IOT_2016_ixi with Danish sea-transport reallocation (Rørmose Jensen & Iliev 2022)
MLT,Malta,Europe,"Steam, hot water supply and water distribution",climate_change,kt CO2eq,0.001125418005626332,2019,EXIOBASE v3.8.2 IOT_2016_ixi with Danish sea-transport reallocation (Rørmose Jensen & Iliev 2022)
SVN,Slovenia,Europe,Transport Equipment,waste_generation,kt,0.0011246094190081927,2019,EXIOBASE v3.8.2 IOT_2016_ixi with Danish sea-transport reallocation (Rørmose Jensen & Iliev 2022)
RoW America,RoW America,America,General and special Machinery,blue_water_consumption,Mm3,0.0011233722614015964,2019,EXIOBASE v3.8.2 IOT_2016_ixi with Danish sea-transport reallocation (Rørmose Jensen & Iliev 2022)
CHE,Switzerland,Europe,Transport Equipment,climate_change,kt CO2eq,0.001122547912015862,2019,EXIOBASE v3.8.2 IOT_2016_ixi with Danish sea-transport reallocation (Rørmose Jensen & Iliev 2022)
NLD,Netherlands,Europe,Coal and Petroleum,blue_water_consumption,Mm3,0.001117379619017047,2019,EXIOBASE v3.8.2 IOT_2016_ixi with Danish sea-transport reallocation (Rørmose Jensen & Iliev 2022)
HUN,Hungary,Europe,General and special Machinery,blue_water_consumption,Mm3,0.0011168038702741706,2019,EXIOBASE v3.8.2 IOT_2016_ixi with Danish sea-transport reallocation (Rørmose Jensen & Iliev 2022)
BRA,Brazil,America,Construction,waste_generation,kt,0.001114662245809181,2019,EXIOBASE v3.8.2 IOT_2016_ixi with Danish sea-transport reallocation (Rørmose Jensen & Iliev 2022)
CAN,Canada,America,"Steam, hot water supply and water distribution",waste_generation,kt,0.001110533137380627,2019,EXIOBASE v3.8.2 IOT_2016_ixi with Danish sea-transport reallocation (Rørmose Jensen & Iliev 2022)
RoW America,RoW America,America,Natural gas and gaseous fuels,waste_generation,kt,0.00110962224759877,2019,EXIOBASE v3.8.2 IOT_2016_ixi with Danish sea-transport reallocation (Rørmose Jensen & Iliev 2022)
ESP,Spain,Europe,Metal Products,blue_water_consumption,Mm3,0.0011060233962311404,2019,EXIOBASE v3.8.2 IOT_2016_ixi with Danish sea-transport reallocation (Rørmose Jensen & Iliev 2022)
HRV,Croatia,Europe,Paper Products,blue_water_consumption,Mm3,0.0011043142335195944,2019,EXIOBASE v3.8.2 IOT_2016_ixi with Danish sea-transport reallocation (Rørmose Jensen & Iliev 2022)
RoW Europe,RoW Europe,Europe,Paper Products,blue_water_consumption,Mm3,0.0011040417506372007,2019,EXIOBASE v3.8.2 IOT_2016_ixi with Danish sea-transport reallocation (Rørmose Jensen & Iliev 2022)
BGR,Bulgaria,Europe,Paper Products,blue_water_consumption,Mm3,0.0010946233158876208,2019,EXIOBASE v3.8.2 IOT_2016_ixi with Danish sea-transport reallocation (Rørmose Jensen & Iliev 2022)
GBR,United Kingdom,Europe,Textile,blue_water_consumption,Mm3,0.0010938599358587325,2019,EXIOBASE v3.8.2 IOT_2016_ixi with Danish sea-transport reallocation (Rørmose Jensen & Iliev 2022)
JPN,Japan,Asia and Pacific,Furniture and timber,waste_generation,kt,0.0010840302697365447,2019,EXIOBASE v3.8.2 IOT_2016_ixi with Danish sea-transport reallocation (Rørmose Jensen & Iliev 2022)
TWN,Taiwan,Asia and Pacific,"Steam, hot water supply and water distribution",climate_change,kt CO2eq,0.001078027540650789,2019,EXIOBASE v3.8.2 IOT_2016_ixi with Danish sea-transport reallocation (Rørmose Jensen & Iliev 2022)
LVA,Latvia,Europe,Textile,blue_water_consumption,Mm3,0.0010778471973839979,2019,EXIOBASE v3.8.2 IOT_2016_ixi with Danish sea-transport reallocation (Rørmose Jensen & Iliev 2022)
DEU,Germany,Europe,Coal and Petroleum,blue_water_consumption,Mm3,0.001076513195976897,2019,EXIOBASE v3.8.2 IOT_2016_ixi with Danish sea-transport reallocation (Rørmose Jensen & Iliev 2022)
IND,India,Asia and Pacific,Transport Equipment,blue_water_consumption,Mm3,0.0010683001758652476,2019,EXIOBASE v3.8.2 IOT_2016_ixi with Danish sea-transport reallocation (Rørmose Jensen & Iliev 2022)
JPN,Japan,Asia and Pacific,Transport Equipment,waste_generation,kt,0.001061816019028567,2019,EXIOBASE v3.8.2 IOT_2016_ixi with Danish sea-transport reallocation (Rørmose Jensen & Iliev 2022)
GBR,United Kingdom,Europe,Furniture and timber,blue_water_consumption,Mm3,0.0010617031739485188,2019,EXIOBASE v3.8.2 IOT_2016_ixi with Danish sea-transport reallocation (Rørmose Jensen & Iliev 2022)
RoW Europe,RoW Europe,Europe,Transport,blue_water_consumption,Mm3,0.0010473691910187716,2019,EXIOBASE v3.8.2 IOT_2016_ixi with Danish sea-transport reallocation (Rørmose Jensen & Iliev 2022)
ZAF,South Africa,Africa,"Electrical, electronic and measuring equipment",waste_generation,kt,0.0010458707550549521,2019,EXIOBASE v3.8.2 IOT_2016_ixi with Danish sea-transport reallocation (Rørmose Jensen & Iliev 2022)
HRV,Croatia,Europe,"Electrical, electronic and measuring equipment",waste_generation,kt,0.0010439962916198322,2019,EXIOBASE v3.8.2 IOT_2016_ixi with Danish sea-transport reallocation (Rørmose Jensen & Iliev 2022)
BEL,Belgium,Europe,Transport Equipment,waste_generation,kt,0.0010398275537847764,2019,EXIOBASE v3.8.2 IOT_2016_ixi with Danish sea-transport reallocation (Rørmose Jensen & Iliev 2022)
JPN,Japan,Asia and Pacific,Textile,waste_generation,kt,0.0010387094445627487,2019,EXIOBASE v3.8.2 IOT_2016_ixi with Danish sea-transport reallocation (Rørmose Jensen & Iliev 2022)
AUS,Australia,Asia and Pacific,Transport Equipment,waste_generation,kt,0.0010364611613702067,2019,EXIOBASE v3.8.2 IOT_2016_ixi with Danish sea-transport reallocation (Rørmose Jensen & Iliev 2022)
IDN,Indonesia,Asia and Pacific,Electricity,blue_water_consumption,Mm3,0.0010318713992241294,2019,EXIOBASE v3.8.2 IOT_2016_ixi with Danish sea-transport reallocation (Rørmose Jensen & Iliev 2022)
BEL,Belgium,Europe,Natural gas and gaseous fuels,waste_generation,kt,0.001020415926609943,2019,EXIOBASE v3.8.2 IOT_2016_ixi with Danish sea-transport reallocation (Rørmose Jensen & Iliev 2022)
RoW America,RoW America,America,Coal and Petroleum,blue_water_consumption,Mm3,0.0010087221570753823,2019,EXIOBASE v3.8.2 IOT_2016_ixi with Danish sea-transport reallocation (Rørmose Jensen & Iliev 2022)
POL,Poland,Europe,"Electrical, electronic and measuring equipment",blue_water_consumption,Mm3,0.0010045791638615149,2019,EXIOBASE v3.8.2 IOT_2016_ixi with Danish sea-transport reallocation (Rørmose Jensen & Iliev 2022)
HRV,Croatia,Europe,Non-metallic mineral products,waste_generation,kt,0.0009984440169337873,2019,EXIOBASE v3.8.2 IOT_2016_ixi with Danish sea-transport reallocation (Rørmose Jensen & Iliev 2022)
SVK,Slovakia,Europe,Textile,waste_generation,kt,0.000997355982702296,2019,EXIOBASE v3.8.2 IOT_2016_ixi with Danish sea-transport reallocation (Rørmose Jensen & Iliev 2022)
RoW Middle East,RoW Middle East,Middle East,Minerals and Metals,blue_water_consumption,Mm3,0.0009947380112053728,2019,EXIOBASE v3.8.2 IOT_2016_ixi with Danish sea-transport reallocation (Rørmose Jensen & Iliev 2022)
ROU,Romania,Europe,"Electrical, electronic and measuring equipment",waste_generation,kt,0.0009913000969686652,2019,EXIOBASE v3.8.2 IOT_2016_ixi with Danish sea-transport reallocation (Rørmose Jensen & Iliev 2022)
USA,United States,America,Construction,waste_generation,kt,0.0009883082767500975,2019,EXIOBASE v3.8.2 IOT_2016_ixi with Danish sea-transport reallocation (Rørmose Jensen & Iliev 2022)
MEX,Mexico,America,Textile,blue_water_consumption,Mm3,0.000986602831977378,2019,EXIOBASE v3.8.2 IOT_2016_ixi with Danish sea-transport reallocation (Rørmose Jensen & Iliev 2022)
USA,United States,America,General and special Machinery,blue_water_consumption,Mm3,0.000985427373683992,2019,EXIOBASE v3.8.2 IOT_2016_ixi with Danish sea-transport reallocation (Rørmose Jensen & Iliev 2022)
RoW America,RoW America,America,"Electrical, electronic and measuring equipment",blue_water_consumption,Mm3,0.0009789031782294815,2019,EXIOBASE v3.8.2 IOT_2016_ixi with Danish sea-transport reallocation (Rørmose Jensen & Iliev 2022)
MEX,Mexico,America,Textile,waste_generation,kt,0.0009778539310080281,2019,EXIOBASE v3.8.2 IOT_2016_ixi with Danish sea-transport reallocation (Rørmose Jensen & Iliev 2022)
IDN,Indonesia,Asia and Pacific,General and special Machinery,waste_generation,kt,0.0009770524492454503,2019,EXIOBASE v3.8.2 IOT_2016_ixi with Danish sea-transport reallocation (Rørmose Jensen & Iliev 2022)
TWN,Taiwan,Asia and Pacific,Transport Equipment,blue_water_consumption,Mm3,0.0009761936431744661,2019,EXIOBASE v3.8.2 IOT_2016_ixi with Danish sea-transport reallocation (Rørmose Jensen & Iliev 2022)
CHE,Switzerland,Europe,Metal Products,land_use,km2,0.0009760218495241151,2019,EXIOBASE v3.8.2 IOT_2016_ixi with Danish sea-transport reallocation (Rørmose Jensen & Iliev 2022)
BRA,Brazil,America,Construction,climate_change,kt CO2eq,0.000971064827458264,2019,EXIOBASE v3.8.2 IOT_2016_ixi with Danish sea-transport reallocation (Rørmose Jensen & Iliev 2022)
NOR,Norway,Europe,General and special Machinery,land_use,km2,0.0009654357979854294,2019,EXIOBASE v3.8.2 IOT_2016_ixi with Danish sea-transport reallocation (Rørmose Jensen & Iliev 2022)
ZAF,South Africa,Africa,Furniture and timber,waste_generation,kt,0.000956390778942336,2019,EXIOBASE v3.8.2 IOT_2016_ixi with Danish sea-transport reallocation (Rørmose Jensen & Iliev 2022)
CHE,Switzerland,Europe,Minerals and Metals,waste_generation,kt,0.0009517592250050655,2019,EXIOBASE v3.8.2 IOT_2016_ixi with Danish sea-transport reallocation (Rørmose Jensen & Iliev 2022)
AUT,Austria,Europe,Services,blue_water_consumption,Mm3,0.0009490096680324524,2019,EXIOBASE v3.8.2 IOT_2016_ixi with Danish sea-transport reallocation (Rørmose Jensen & Iliev 2022)
BRA,Brazil,America,Coal and Petroleum,waste_generation,kt,0.0009452982500031592,2019,EXIOBASE v3.8.2 IOT_2016_ixi with Danish sea-transport reallocation (Rørmose Jensen & Iliev 2022)
NLD,Netherlands,Europe,Transport Equipment,waste_generation,kt,0.0009442129007403216,2019,EXIOBASE v3.8.2 IOT_2016_ixi with Danish sea-transport reallocation (Rørmose Jensen & Iliev 2022)
RoW Africa,RoW Africa,Africa,General and special Machinery,blue_water_consumption,Mm3,0.000942291738114033,2019,EXIOBASE v3.8.2 IOT_2016_ixi with Danish sea-transport reallocation (Rørmose Jensen & Iliev 2022)
MEX,Mexico,America,Transport Equipment,waste_generation,kt,0.0009389154116834523,2019,EXIOBASE v3.8.2 IOT_2016_ixi with Danish sea-transport reallocation (Rørmose Jensen & Iliev 2022)
IRL,Ireland,Europe,General and special Machinery,blue_water_consumption,Mm3,0.0009336047627813745,2019,EXIOBASE v3.8.2 IOT_2016_ixi with Danish sea-transport reallocation (Rørmose Jensen & Iliev 2022)
LUX,Luxembourg,Europe,Non-metallic mineral products,waste_generation,kt,0.0009328988480792536,2019,EXIOBASE v3.8.2 IOT_2016_ixi with Danish sea-transport reallocation (Rørmose Jensen & Iliev 2022)
LTU,Lithuania,Europe,Textile,blue_water_consumption,Mm3,0.0009296180344945084,2019,EXIOBASE v3.8.2 IOT_2016_ixi with Danish sea-transport reallocation (Rørmose Jensen & Iliev 2022)
HUN,Hungary,Europe,Paper Products,blue_water_consumption,Mm3,0.0009293310537479365,2019,EXIOBASE v3.8.2 IOT_2016_ixi with Danish sea-transport reallocation (Rørmose Jensen & Iliev 2022)
MEX,Mexico,America,Furniture and timber,waste_generation,kt,0.0009272557026701832,2019,EXIOBASE v3.8.2 IOT_2016_ixi with Danish sea-transport reallocation (Rørmose Jensen & Iliev 2022)
ITA,Italy,Europe,Natural gas and gaseous fuels,waste_generation,kt,0.000925861870336543,2019,EXIOBASE v3.8.2 IOT_2016_ixi with Danish sea-transport reallocation (Rørmose Jensen & Iliev 2022)
SVK,Slovakia,Europe,Waste management and disposal,blue_water_consumption,Mm3,0.0009237141631654327,2019,EXIOBASE v3.8.2 IOT_2016_ixi with Danish sea-transport reallocation (Rørmose Jensen & Iliev 2022)
NOR,Norway,Europe,Services,blue_water_consumption,Mm3,0.0009222066690046501,2019,EXIOBASE v3.8.2 IOT_2016_ixi with Danish sea-transport reallocation (Rørmose Jensen & Iliev 2022)
HUN,Hungary,Europe,Construction,waste_generation,kt,0.0009172742062321578,2019,EXIOBASE v3.8.2 IOT_2016_ixi with Danish sea-transport reallocation (Rørmose Jensen & Iliev 2022)
LVA,Latvia,Europe,"Steam, hot water supply and water distribution",waste_generation,kt,0.0009167947493969998,2019,EXIOBASE v3.8.2 IOT_2016_ixi with Danish sea-transport reallocation (Rørmose Jensen & Iliev 2022)
CZE,Czech Republic,Europe,Waste management and disposal,land_use,km2,0.0009158378560007706,2019,EXIOBASE v3.8.2 IOT_2016_ixi with Danish sea-transport reallocation (Rørmose Jensen & Iliev 2022)
RoW Middle East,RoW Middle East,Middle East,Electricity,waste_generation,kt,0.0009139208372977043,2019,EXIOBASE v3.8.2 IOT_2016_ixi with Danish sea-transport reallocation (Rørmose Jensen & Iliev 2022)
CHE,Switzerland,Europe,Paper Products,blue_water_consumption,Mm3,0.0009065492513908559,2019,EXIOBASE v3.8.2 IOT_2016_ixi with Danish sea-transport reallocation (Rørmose Jensen & Iliev 2022)
NOR,Norway,Europe,Transport,waste_generation,kt,0.0009047188475559232,2019,EXIOBASE v3.8.2 IOT_2016_ixi with Danish sea-transport reallocation (Rørmose Jensen & Iliev 2022)
HRV,Croatia,Europe,Services,blue_water_consumption,Mm3,0.0009003065758632776,2019,EXIOBASE v3.8.2 IOT_2016_ixi with Danish sea-transport reallocation (Rørmose Jensen & Iliev 2022)
MEX,Mexico,America,Chemical,land_use,km2,0.0008964741454043248,2019,EXIOBASE v3.8.2 IOT_2016_ixi with Danish sea-transport reallocation (Rørmose Jensen & Iliev 2022)
CAN,Canada,America,Textile,waste_generation,kt,0.0008959577583861196,2019,EXIOBASE v3.8.2 IOT_2016_ixi with Danish sea-transport reallocation (Rørmose Jensen & Iliev 2022)
ITA,Italy,Europe,Furniture and timber,blue_water_consumption,Mm3,0.0008910155097052369,2019,EXIOBASE v3.8.2 IOT_2016_ixi with Danish sea-transport reallocation (Rørmose Jensen & Iliev 2022)
USA,United States,America,Transport,waste_generation,kt,0.0008838698801383899,2019,EXIOBASE v3.8.2 IOT_2016_ixi with Danish sea-transport reallocation (Rørmose Jensen & Iliev 2022)
HUN,Hungary,Europe,Electricity,material_extraction,kt,0.0008814889708236068,2019,EXIOBASE v3.8.2 IOT_2016_ixi with Danish sea-transport reallocation (Rørmose Jensen & Iliev 2022)
LTU,Lithuania,Europe,"Steam, hot water supply and water distribution",waste_generation,kt,0.0008601770832640269,2019,EXIOBASE v3.8.2 IOT_2016_ixi with Danish sea-transport reallocation (Rørmose Jensen & Iliev 2022)
PRT,Portugal,Europe,Natural gas and gaseous fuels,waste_generation,kt,0.0008599299196612715,2019,EXIOBASE v3.8.2 IOT_2016_ixi with Danish sea-transport reallocation (Rørmose Jensen & Iliev 2022)
ITA,Italy,Europe,Transport Equipment,climate_change,kt CO2eq,0.0008598185396155797,2019,EXIOBASE v3.8.2 IOT_2016_ixi with Danish sea-transport reallocation (Rørmose Jensen & Iliev 2022)
CZE,Czech Republic,Europe,Natural gas and gaseous fuels,waste_generation,kt,0.0008571587399993958,2019,EXIOBASE v3.8.2 IOT_2016_ixi with Danish sea-transport reallocation (Rørmose Jensen & Iliev 2022)
DEU,Germany,Europe,Non-metallic mineral products,blue_water_consumption,Mm3,0.000852289008680416,2019,EXIOBASE v3.8.2 IOT_2016_ixi with Danish sea-transport reallocation (Rørmose Jensen & Iliev 2022)
MEX,Mexico,America,Natural gas and gaseous fuels,waste_generation,kt,0.0008479330301314628,2019,EXIOBASE v3.8.2 IOT_2016_ixi with Danish sea-transport reallocation (Rørmose Jensen & Iliev 2022)
IND,India,Asia and Pacific,Minerals and Metals,waste_generation,kt,0.0008476407346000001,2019,EXIOBASE v3.8.2 IOT_2016_ixi with Danish sea-transport reallocation (Rørmose Jensen & Iliev 2022)
LTU,Lithuania,Europe,Textile,waste_generation,kt,0.0008398241032463025,2019,EXIOBASE v3.8.2 IOT_2016_ixi with Danish sea-transport reallocation (Rørmose Jensen & Iliev 2022)
MEX,Mexico,America,Furniture and timber,blue_water_consumption,Mm3,0.0008376352595806919,2019,EXIOBASE v3.8.2 IOT_2016_ixi with Danish sea-transport reallocation (Rørmose Jensen & Iliev 2022)
ZAF,South Africa,Africa,General and special Machinery,waste_generation,kt,0.0008340640664625798,2019,EXIOBASE v3.8.2 IOT_2016_ixi with Danish sea-transport reallocation (Rørmose Jensen & Iliev 2022)
IDN,Indonesia,Asia and Pacific,Transport,waste_generation,kt,0.0008296546254248651,2019,EXIOBASE v3.8.2 IOT_2016_ixi with Danish sea-transport reallocation (Rørmose Jensen & Iliev 2022)
MEX,Mexico,America,Furniture and timber,land_use,km2,0.0008107715737493776,2019,EXIOBASE v3.8.2 IOT_2016_ixi with Danish sea-transport reallocation (Rørmose Jensen & Iliev 2022)
LTU,Lithuania,Europe,General and special Machinery,climate_change,kt CO2eq,0.0008072187291391845,2019,EXIOBASE v3.8.2 IOT_2016_ixi with Danish sea-transport reallocation (Rørmose Jensen & Iliev 2022)
FRA,France,Europe,Non-metallic mineral products,blue_water_consumption,Mm3,0.0008057526595931695,2019,EXIOBASE v3.8.2 IOT_2016_ixi with Danish sea-transport reallocation (Rørmose Jensen & Iliev 2022)
FIN,Finland,Europe,Electricity,blue_water_consumption,Mm3,0.0007991639852941519,2019,EXIOBASE v3.8.2 IOT_2016_ixi with Danish sea-transport reallocation (Rørmose Jensen & Iliev 2022)
CAN,Canada,America,Services,blue_water_consumption,Mm3,0.0007990056314693722,2019,EXIOBASE v3.8.2 IOT_2016_ixi with Danish sea-transport reallocation (Rørmose Jensen & Iliev 2022)
LVA,Latvia,Europe,Non-metallic mineral products,waste_generation,kt,0.0007934886311685638,2019,EXIOBASE v3.8.2 IOT_2016_ixi with Danish sea-transport reallocation (Rørmose Jensen & Iliev 2022)
SWE,Sweden,Europe,Minerals and Metals,waste_generation,kt,0.0007887359841138161,2019,EXIOBASE v3.8.2 IOT_2016_ixi with Danish sea-transport reallocation (Rørmose Jensen & Iliev 2022)
RUS,Russia,Europe,"Electrical, electronic and measuring equipment",waste_generation,kt,0.0007880979262345235,2019,EXIOBASE v3.8.2 IOT_2016_ixi with Danish sea-transport reallocation (Rørmose Jensen & Iliev 2022)
KOR,South Korea,Asia and Pacific,Transport,waste_generation,kt,0.0007842053914144002,2019,EXIOBASE v3.8.2 IOT_2016_ixi with Danish sea-transport reallocation (Rørmose Jensen & Iliev 2022)
TUR,Turkey,Middle East,Services,blue_water_consumption,Mm3,0.0007752381476343441,2019,EXIOBASE v3.8.2 IOT_2016_ixi with Danish sea-transport reallocation (Rørmose Jensen & Iliev 2022)
RUS,Russia,Europe,Minerals and Metals,blue_water_consumption,Mm3,0.0007721598702495698,2019,EXIOBASE v3.8.2 IOT_2016_ixi with Danish sea-transport reallocation (Rørmose Jensen & Iliev 2022)
RoW Europe,RoW Europe,Europe,Furniture and timber,blue_water_consumption,Mm3,0.0007690932851432874,2019,EXIOBASE v3.8.2 IOT_2016_ixi with Danish sea-transport reallocation (Rørmose Jensen & Iliev 2022)
CHE,Switzerland,Europe,Metal Products,blue_water_consumption,Mm3,0.0007614594545828669,2019,EXIOBASE v3.8.2 IOT_2016_ixi with Danish sea-transport reallocation (Rørmose Jensen & Iliev 2022)
GRC,Greece,Europe,"Electrical, electronic and measuring equipment",waste_generation,kt,0.0007613632443712183,2019,EXIOBASE v3.8.2 IOT_2016_ixi with Danish sea-transport reallocation (Rørmose Jensen & Iliev 2022)
IDN,Indonesia,Asia and Pacific,Chemical,blue_water_consumption,Mm3,0.0007586644571505454,2019,EXIOBASE v3.8.2 IOT_2016_ixi with Danish sea-transport reallocation (Rørmose Jensen & Iliev 2022)
TUR,Turkey,Middle East,Construction,waste_generation,kt,0.0007530158762178148,2019,EXIOBASE v3.8.2 IOT_2016_ixi with Danish sea-transport reallocation (Rørmose Jensen & Iliev 2022)
RoW Asia and Pacific,RoW Asia and Pacific,Asia and Pacific,Transport Equipment,blue_water_consumption,Mm3,0.0007524472653536544,2019,EXIOBASE v3.8.2 IOT_2016_ixi with Danish sea-transport reallocation (Rørmose Jensen & Iliev 2022)
CZE,Czech Republic,Europe,Natural gas and gaseous fuels,material_extraction,kt,0.0007482157463740194,2019,EXIOBASE v3.8.2 IOT_2016_ixi with Danish sea-transport reallocation (Rørmose Jensen & Iliev 2022)
DEU,Germany,Europe,Transport,waste_generation,kt,0.0007479742750259695,2019,EXIOBASE v3.8.2 IOT_2016_ixi with Danish sea-transport reallocation (Rørmose Jensen & Iliev 2022)
HRV,Croatia,Europe,Construction,waste_generation,kt,0.000747237241418501,2019,EXIOBASE v3.8.2 IOT_2016_ixi with Danish sea-transport reallocation (Rørmose Jensen & Iliev 2022)
SVN,Slovenia,Europe,Textile,waste_generation,kt,0.0007444594960180535,2019,EXIOBASE v3.8.2 IOT_2016_ixi with Danish sea-transport reallocation (Rørmose Jensen & Iliev 2022)
PRT,Portugal,Europe,General and special Machinery,waste_generation,kt,0.000735668201927096,2019,EXIOBASE v3.8.2 IOT_2016_ixi with Danish sea-transport reallocation (Rørmose Jensen & Iliev 2022)
CAN,Canada,America,Food and catering,material_extraction,kt,0.0007291581568375394,2019,EXIOBASE v3.8.2 IOT_2016_ixi with Danish sea-transport reallocation (Rørmose Jensen & Iliev 2022)
CAN,Canada,America,Minerals and Metals,waste_generation,kt,0.0007169176624716169,2019,EXIOBASE v3.8.2 IOT_2016_ixi with Danish sea-transport reallocation (Rørmose Jensen & Iliev 2022)
BGR,Bulgaria,Europe,Coal and Petroleum,material_extraction,kt,0.0007113206174630436,2019,EXIOBASE v3.8.2 IOT_2016_ixi with Danish sea-transport reallocation (Rørmose Jensen & Iliev 2022)
ZAF,South Africa,Africa,Transport,waste_generation,kt,0.0007080273594441036,2019,EXIOBASE v3.8.2 IOT_2016_ixi with Danish sea-transport reallocation (Rørmose Jensen & Iliev 2022)
RoW Europe,RoW Europe,Europe,Coal and Petroleum,blue_water_consumption,Mm3,0.0007013433949548651,2019,EXIOBASE v3.8.2 IOT_2016_ixi with Danish sea-transport reallocation (Rørmose Jensen & Iliev 2022)
RoW Asia and Pacific,RoW Asia and Pacific,Asia and Pacific,"Steam, hot water supply and water distribution",blue_water_consumption,Mm3,0.0006920535564444444,2019,EXIOBASE v3.8.2 IOT_2016_ixi with Danish sea-transport reallocation (Rørmose Jensen & Iliev 2022)
DEU,Germany,Europe,"Steam, hot water supply and water distribution",blue_water_consumption,Mm3,0.000691582428967018,2019,EXIOBASE v3.8.2 IOT_2016_ixi with Danish sea-transport reallocation (Rørmose Jensen & Iliev 2022)
NLD,Netherlands,Europe,Transport,blue_water_consumption,Mm3,0.0006813687072598427,2019,EXIOBASE v3.8.2 IOT_2016_ixi with Danish sea-transport reallocation (Rørmose Jensen & Iliev 2022)
JPN,Japan,Asia and Pacific,"Electrical, electronic and measuring equipment",blue_water_consumption,Mm3,0.0006765173358983189,2019,EXIOBASE v3.8.2 IOT_2016_ixi with Danish sea-transport reallocation (Rørmose Jensen & Iliev 2022)
BGR,Bulgaria,Europe,General and special Machinery,blue_water_consumption,Mm3,0.0006762729523486417,2019,EXIOBASE v3.8.2 IOT_2016_ixi with Danish sea-transport reallocation (Rørmose Jensen & Iliev 2022)
BRA,Brazil,America,Non-metallic mineral products,waste_generation,kt,0.0006728101520403554,2019,EXIOBASE v3.8.2 IOT_2016_ixi with Danish sea-transport reallocation (Rørmose Jensen & Iliev 2022)
SVK,Slovakia,Europe,"Electrical, electronic and measuring equipment",land_use,km2,0.0006695539244940213,2019,EXIOBASE v3.8.2 IOT_2016_ixi with Danish sea-transport reallocation (Rørmose Jensen & Iliev 2022)
ITA,Italy,Europe,"Steam, hot water supply and water distribution",waste_generation,kt,0.0006689229783597164,2019,EXIOBASE v3.8.2 IOT_2016_ixi with Danish sea-transport reallocation (Rørmose Jensen & Iliev 2022)
CHE,Switzerland,Europe,"Electrical, electronic and measuring equipment",blue_water_consumption,Mm3,0.0006669482562656952,2019,EXIOBASE v3.8.2 IOT_2016_ixi with Danish sea-transport reallocation (Rørmose Jensen & Iliev 2022)
CHE,Switzerland,Europe,Paper Products,waste_generation,kt,0.0006619744672785497,2019,EXIOBASE v3.8.2 IOT_2016_ixi with Danish sea-transport reallocation (Rørmose Jensen & Iliev 2022)
POL,Poland,Europe,Coal and Petroleum,blue_water_consumption,Mm3,0.000654586981011762,2019,EXIOBASE v3.8.2 IOT_2016_ixi with Danish sea-transport reallocation (Rørmose Jensen & Iliev 2022)
RoW Europe,RoW Europe,Europe,Transport Equipment,land_use,km2,0.0006538750089110591,2019,EXIOBASE v3.8.2 IOT_2016_ixi with Danish sea-transport reallocation (Rørmose Jensen & Iliev 2022)
ZAF,South Africa,Africa,Textile,blue_water_consumption,Mm3,0.0006537554082382411,2019,EXIOBASE v3.8.2 IOT_2016_ixi with Danish sea-transport reallocation (Rørmose Jensen & Iliev 2022)
IDN,Indonesia,Asia and Pacific,Furniture and timber,waste_generation,kt,0.000643885417701742,2019,EXIOBASE v3.8.2 IOT_2016_ixi with Danish sea-transport reallocation (Rørmose Jensen & Iliev 2022)
TUR,Turkey,Middle East,Paper Products,land_use,km2,0.0006418148476700658,2019,EXIOBASE v3.8.2 IOT_2016_ixi with Danish sea-transport reallocation (Rørmose Jensen & Iliev 2022)
CZE,Czech Republic,Europe,"Steam, hot water supply and water distribution",land_use,km2,0.0006355169007099285,2019,EXIOBASE v3.8.2 IOT_2016_ixi with Danish sea-transport reallocation (Rørmose Jensen & Iliev 2022)
GRC,Greece,Europe,Paper Products,blue_water_consumption,Mm3,0.0006299358385449097,2019,EXIOBASE v3.8.2 IOT_2016_ixi with Danish sea-transport reallocation (Rørmose Jensen & Iliev 2022)
TWN,Taiwan,Asia and Pacific,Food and catering,blue_water_consumption,Mm3,0.0006271071860131987,2019,EXIOBASE v3.8.2 IOT_2016_ixi with Danish sea-transport reallocation (Rørmose Jensen & Iliev 2022)
POL,Poland,Europe,Minerals and Metals,waste_generation,kt,0.0006228225508382175,2019,EXIOBASE v3.8.2 IOT_2016_ixi with Danish sea-transport reallocation (Rørmose Jensen & Iliev 2022)
CHE,Switzerland,Europe,Non-metallic mineral products,blue_water_consumption,Mm3,0.0006156435160909174,2019,EXIOBASE v3.8.2 IOT_2016_ixi with Danish sea-transport reallocation (Rørmose Jensen & Iliev 2022)
IRL,Ireland,Europe,"Electrical, electronic and measuring equipment",blue_water_consumption,Mm3,0.0006096551051795907,2019,EXIOBASE v3.8.2 IOT_2016_ixi with Danish sea-transport reallocation (Rørmose Jensen & Iliev 2022)
IRL,Ireland,Europe,Paper Products,waste_generation,kt,0.0006086450293944518,2019,EXIOBASE v3.8.2 IOT_2016_ixi with Danish sea-transport reallocation (Rørmose Jensen & Iliev 2022)
PRT,Portugal,Europe,Metal Products,blue_water_consumption,Mm3,0.0006069824102101013,2019,EXIOBASE v3.8.2 IOT_2016_ixi with Danish sea-transport reallocation (Rørmose Jensen & Iliev 2022)
PRT,Portugal,Europe,Paper Products,blue_water_consumption,Mm3,0.0006058863739891547,2019,EXIOBASE v3.8.2 IOT_2016_ixi with Danish sea-transport reallocation (Rørmose Jensen & Iliev 2022)
SVN,Slovenia,Europe,Food and catering,blue_water_consumption,Mm3,0.000605287255803969,2019,EXIOBASE v3.8.2 IOT_2016_ixi with Danish sea-transport reallocation (Rørmose Jensen & Iliev 2022)
NOR,Norway,Europe,Electricity,waste_generation,kt,0.0006043321555094671,2019,EXIOBASE v3.8.2 IOT_2016_ixi with Danish sea-transport reallocation (Rørmose Jensen & Iliev 2022)
RUS,Russia,Europe,Transport Equipment,waste_generation,kt,0.000597884707205731,2019,EXIOBASE v3.8.2 IOT_2016_ixi with Danish sea-transport reallocation (Rørmose Jensen & Iliev 2022)
IRL,Ireland,Europe,Construction,climate_change,kt CO2eq,0.0005963453724957135,2019,EXIOBASE v3.8.2 IOT_2016_ixi with Danish sea-transport reallocation (Rørmose Jensen & Iliev 2022)
BRA,Brazil,America,"Electrical, electronic and measuring equipment",blue_water_consumption,Mm3,0.0005957433838275997,2019,EXIOBASE v3.8.2 IOT_2016_ixi with Danish sea-transport reallocation (Rørmose Jensen & Iliev 2022)
AUT,Austria,Europe,Coal and Petroleum,material_extraction,kt,0.0005915966561783525,2019,EXIOBASE v3.8.2 IOT_2016_ixi with Danish sea-transport reallocation (Rørmose Jensen & Iliev 2022)
FIN,Finland,Europe,Services,blue_water_consumption,Mm3,0.0005878317494332312,2019,EXIOBASE v3.8.2 IOT_2016_ixi with Danish sea-transport reallocation (Rørmose Jensen & Iliev 2022)
MEX,Mexico,America,Chemical,blue_water_consumption,Mm3,0.0005865549315827946,2019,EXIOBASE v3.8.2 IOT_2016_ixi with Danish sea-transport reallocation (Rørmose Jensen & Iliev 2022)
RoW Middle East,RoW Middle East,Middle East,Metal Products,blue_water_consumption,Mm3,0.0005861762186094865,2019,EXIOBASE v3.8.2 IOT_2016_ixi with Danish sea-transport reallocation (Rørmose Jensen & Iliev 2022)
ZAF,South Africa,Africa,Services,land_use,km2,0.0005833284831609734,2019,EXIOBASE v3.8.2 IOT_2016_ixi with Danish sea-transport reallocation (Rørmose Jensen & Iliev 2022)
SVK,Slovakia,Europe,Coal and Petroleum,blue_water_consumption,Mm3,0.0005765553208536054,2019,EXIOBASE v3.8.2 IOT_2016_ixi with Danish sea-transport reallocation (Rørmose Jensen & Iliev 2022)
LVA,Latvia,Europe,General and special Machinery,waste_generation,kt,0.0005727196744191362,2019,EXIOBASE v3.8.2 IOT_2016_ixi with Danish sea-transport reallocation (Rørmose Jensen & Iliev 2022)
NLD,Netherlands,Europe,Minerals and Metals,waste_generation,kt,0.0005715081856588204,2019,EXIOBASE v3.8.2 IOT_2016_ixi with Danish sea-transport reallocation (Rørmose Jensen & Iliev 2022)
LUX,Luxembourg,Europe,General and special Machinery,waste_generation,kt,0.0005690505829075895,2019,EXIOBASE v3.8.2 IOT_2016_ixi with Danish sea-transport reallocation (Rørmose Jensen & Iliev 2022)
CAN,Canada,America,Textile,land_use,km2,0.0005621906280615053,2019,EXIOBASE v3.8.2 IOT_2016_ixi with Danish sea-transport reallocation (Rørmose Jensen & Iliev 2022)
POL,Poland,Europe,Textile,blue_water_consumption,Mm3,0.0005583528072996597,2019,EXIOBASE v3.8.2 IOT_2016_ixi with Danish sea-transport reallocation (Rørmose Jensen & Iliev 2022)
BEL,Belgium,Europe,Minerals and Metals,waste_generation,kt,0.0005517109034226345,2019,EXIOBASE v3.8.2 IOT_2016_ixi with Danish sea-transport reallocation (Rørmose Jensen & Iliev 2022)
TWN,Taiwan,Asia and Pacific,Non-metallic mineral products,blue_water_consumption,Mm3,0.0005487788163886975,2019,EXIOBASE v3.8.2 IOT_2016_ixi with Danish sea-transport reallocation (Rørmose Jensen & Iliev 2022)
SWE,Sweden,Europe,Non-metallic mineral products,blue_water_consumption,Mm3,0.0005443968525693,2019,EXIOBASE v3.8.2 IOT_2016_ixi with Danish sea-transport reallocation (Rørmose Jensen & Iliev 2022)
CAN,Canada,America,Natural gas and gaseous fuels,waste_generation,kt,0.0005393193814672039,2019,EXIOBASE v3.8.2 IOT_2016_ixi with Danish sea-transport reallocation (Rørmose Jensen & Iliev 2022)
NLD,Netherlands,Europe,Transport Equipment,blue_water_consumption,Mm3,0.000537981989953948,2019,EXIOBASE v3.8.2 IOT_2016_ixi with Danish sea-transport reallocation (Rørmose Jensen & Iliev 2022)
IDN,Indonesia,Asia and Pacific,Construction,climate_change,kt CO2eq,0.0005373781702476933,2019,EXIOBASE v3.8.2 IOT_2016_ixi with Danish sea-transport reallocation (Rørmose Jensen & Iliev 2022)
RoW Middle East,RoW Middle East,Middle East,Furniture and timber,waste_generation,kt,0.0005373168266281209,2019,EXIOBASE v3.8.2 IOT_2016_ixi with Danish sea-transport reallocation (Rørmose Jensen & Iliev 2022)
RoW Middle East,RoW Middle East,Middle East,Furniture and timber,land_use,km2,0.0005372079632706633,2019,EXIOBASE v3.8.2 IOT_2016_ixi with Danish sea-transport reallocation (Rørmose Jensen & Iliev 2022)
MEX,Mexico,America,"Electrical, electronic and measuring equipment",blue_water_consumption,Mm3,0.0005344375753015514,2019,EXIOBASE v3.8.2 IOT_2016_ixi with Danish sea-transport reallocation (Rørmose Jensen & Iliev 2022)
CHE,Switzerland,Europe,Textile,waste_generation,kt,0.0005341419797842313,2019,EXIOBASE v3.8.2 IOT_2016_ixi with Danish sea-transport reallocation (Rørmose Jensen & Iliev 2022)
RoW America,RoW America,America,Furniture and timber,blue_water_consumption,Mm3,0.0005326661568656405,2019,EXIOBASE v3.8.2 IOT_2016_ixi with Danish sea-transport reallocation (Rørmose Jensen & Iliev 2022)
IND,India,Asia and Pacific,Waste management and disposal,waste_generation,kt,0.0005219515644753747,2019,EXIOBASE v3.8.2 IOT_2016_ixi with Danish sea-transport reallocation (Rørmose Jensen & Iliev 2022)
HUN,Hungary,Europe,"Electrical, electronic and measuring equipment",land_use,km2,0.0005196421676905468,2019,EXIOBASE v3.8.2 IOT_2016_ixi with Danish sea-transport reallocation (Rørmose Jensen & Iliev 2022)
SVK,Slovakia,Europe,"Steam, hot water supply and water distribution",land_use,km2,0.0005188437773832448,2019,EXIOBASE v3.8.2 IOT_2016_ixi with Danish sea-transport reallocation (Rørmose Jensen & Iliev 2022)
HRV,Croatia,Europe,Furniture and timber,waste_generation,kt,0.0005143633928630167,2019,EXIOBASE v3.8.2 IOT_2016_ixi with Danish sea-transport reallocation (Rørmose Jensen & Iliev 2022)
RUS,Russia,Europe,"Steam, hot water supply and water distribution",land_use,km2,0.0005054198078963201,2019,EXIOBASE v3.8.2 IOT_2016_ixi with Danish sea-transport reallocation (Rørmose Jensen & Iliev 2022)
HRV,Croatia,Europe,Waste management and disposal,waste_generation,kt,0.0005007074879086817,2019,EXIOBASE v3.8.2 IOT_2016_ixi with Danish sea-transport reallocation (Rørmose Jensen & Iliev 2022)
BGR,Bulgaria,Europe,Textile,blue_water_consumption,Mm3,0.0005004406709062831,2019,EXIOBASE v3.8.2 IOT_2016_ixi with Danish sea-transport reallocation (Rørmose Jensen & Iliev 2022)
HUN,Hungary,Europe,Construction,material_extraction,kt,0.0004985482572459328,2019,EXIOBASE v3.8.2 IOT_2016_ixi with Danish sea-transport reallocation (Rørmose Jensen & Iliev 2022)
ZAF,South Africa,Africa,Textile,waste_generation,kt,0.0004982068681810799,2019,EXIOBASE v3.8.2 IOT_2016_ixi with Danish sea-transport reallocation (Rørmose Jensen & Iliev 2022)
BEL,Belgium,Europe,Waste management and disposal,blue_water_consumption,Mm3,0.0004966439150185042,2019,EXIOBASE v3.8.2 IOT_2016_ixi with Danish sea-transport reallocation (Rørmose Jensen & Iliev 2022)
BGR,Bulgaria,Europe,Natural gas and gaseous fuels,waste_generation,kt,0.0004961365477858505,2019,EXIOBASE v3.8.2 IOT_2016_ixi with Danish sea-transport reallocation (Rørmose Jensen & Iliev 2022)
LUX,Luxembourg,Europe,Food and catering,blue_water_consumption,Mm3,0.0004945458893130828,2019,EXIOBASE v3.8.2 IOT_2016_ixi with Danish sea-transport reallocation (Rørmose Jensen & Iliev 2022)
RoW Africa,RoW Africa,Africa,Electricity,blue_water_consumption,Mm3,0.0004901910753845773,2019,EXIOBASE v3.8.2 IOT_2016_ixi with Danish sea-transport reallocation (Rørmose Jensen & Iliev 2022)
LVA,Latvia,Europe,Transport Equipment,climate_change,kt CO2eq,0.0004901115120344111,2019,EXIOBASE v3.8.2 IOT_2016_ixi with Danish sea-transport reallocation (Rørmose Jensen & Iliev 2022)
LVA,Latvia,Europe,Non-metallic mineral products,blue_water_consumption,Mm3,0.0004869187271106738,2019,EXIOBASE v3.8.2 IOT_2016_ixi with Danish sea-transport reallocation (Rørmose Jensen & Iliev 2022)
LUX,Luxembourg,Europe,General and special Machinery,climate_change,kt CO2eq,0.0004793207259281901,2019,EXIOBASE v3.8.2 IOT_2016_ixi with Danish sea-transport reallocation (Rørmose Jensen & Iliev 2022)
AUS,Australia,Asia and Pacific,Services,blue_water_consumption,Mm3,0.00047533567702242804,2019,EXIOBASE v3.8.2 IOT_2016_ixi with Danish sea-transport reallocation (Rørmose Jensen & Iliev 2022)
CHE,Switzerland,Europe,Services,blue_water_consumption,Mm3,0.0004714984305290042,2019,EXIOBASE v3.8.2 IOT_2016_ixi with Danish sea-transport reallocation (Rørmose Jensen & Iliev 2022)
USA,United States,America,Furniture and timber,blue_water_consumption,Mm3,0.00046932251908338884,2019,EXIOBASE v3.8.2 IOT_2016_ixi with Danish sea-transport reallocation (Rørmose Jensen & Iliev 2022)
KOR,South Korea,Asia and Pacific,General and special Machinery,blue_water_consumption,Mm3,0.0004665762014277016,2019,EXIOBASE v3.8.2 IOT_2016_ixi with Danish sea-transport reallocation (Rørmose Jensen & Iliev 2022)
TUR,Turkey,Middle East,Transport Equipment,waste_generation,kt,0.00046614209322163344,2019,EXIOBASE v3.8.2 IOT_2016_ixi with Danish sea-transport reallocation (Rørmose Jensen & Iliev 2022)
POL,Poland,Europe,General and special Machinery,blue_water_consumption,Mm3,0.0004658136355414862,2019,EXIOBASE v3.8.2 IOT_2016_ixi with Danish sea-transport reallocation (Rørmose Jensen & Iliev 2022)
NOR,Norway,Europe,"Steam, hot water supply and water distribution",waste_generation,kt,0.0004656364310469264,2019,EXIOBASE v3.8.2 IOT_2016_ixi with Danish sea-transport reallocation (Rørmose Jensen & Iliev 2022)
ROU,Romania,Europe,Paper Products,blue_water_consumption,Mm3,0.00046412874742692305,2019,EXIOBASE v3.8.2 IOT_2016_ixi with Danish sea-transport reallocation (Rørmose Jensen & Iliev 2022)
CZE,Czech Republic,Europe,Electricity,land_use,km2,0.0004586560953332799,2019,EXIOBASE v3.8.2 IOT_2016_ixi with Danish sea-transport reallocation (Rørmose Jensen & Iliev 2022)
ROU,Romania,Europe,Transport Equipment,waste_generation,kt,0.00045670767946048466,2019,EXIOBASE v3.8.2 IOT_2016_ixi with Danish sea-transport reallocation (Rørmose Jensen & Iliev 2022)
TUR,Turkey,Middle East,Coal and Petroleum,material_extraction,kt,0.00045524831078843156,2019,EXIOBASE v3.8.2 IOT_2016_ixi with Danish sea-transport reallocation (Rørmose Jensen & Iliev 2022)
LVA,Latvia,Europe,Transport,waste_generation,kt,0.00045383708408407305,2019,EXIOBASE v3.8.2 IOT_2016_ixi with Danish sea-transport reallocation (Rørmose Jensen & Iliev 2022)
LVA,Latvia,Europe,Metal Products,material_extraction,kt,0.0004538320132552557,2019,EXIOBASE v3.8.2 IOT_2016_ixi with Danish sea-transport reallocation (Rørmose Jensen & Iliev 2022)
PRT,Portugal,Europe,Chemical,blue_water_consumption,Mm3,0.00044676650884161226,2019,EXIOBASE v3.8.2 IOT_2016_ixi with Danish sea-transport reallocation (Rørmose Jensen & Iliev 2022)
TUR,Turkey,Middle East,Furniture and timber,material_extraction,kt,0.0004435198887533232,2019,EXIOBASE v3.8.2 IOT_2016_ixi with Danish sea-transport reallocation (Rørmose Jensen & Iliev 2022)
ESP,Spain,Europe,Minerals and Metals,waste_generation,kt,0.00044006661627839146,2019,EXIOBASE v3.8.2 IOT_2016_ixi with Danish sea-transport reallocation (Rørmose Jensen & Iliev 2022)
ITA,Italy,Europe,Minerals and Metals,waste_generation,kt,0.00044003439522623483,2019,EXIOBASE v3.8.2 IOT_2016_ixi with Danish sea-transport reallocation (Rørmose Jensen & Iliev 2022)
HRV,Croatia,Europe,"Steam, hot water supply and water distribution",waste_generation,kt,0.0004367975792313463,2019,EXIOBASE v3.8.2 IOT_2016_ixi with Danish sea-transport reallocation (Rørmose Jensen & Iliev 2022)
PRT,Portugal,Europe,Non-metallic mineral products,blue_water_consumption,Mm3,0.00043562847361266446,2019,EXIOBASE v3.8.2 IOT_2016_ixi with Danish sea-transport reallocation (Rørmose Jensen & Iliev 2022)
IRL,Ireland,Europe,Construction,waste_generation,kt,0.0004347838280253992,2019,EXIOBASE v3.8.2 IOT_2016_ixi with Danish sea-transport reallocation (Rørmose Jensen & Iliev 2022)
BGR,Bulgaria,Europe,Textile,land_use,km2,0.0004319117831200314,2019,EXIOBASE v3.8.2 IOT_2016_ixi with Danish sea-transport reallocation (Rørmose Jensen & Iliev 2022)
CYP,Cyprus,Middle East,Paper Products,waste_generation,kt,0.00043043641767492023,2019,EXIOBASE v3.8.2 IOT_2016_ixi with Danish sea-transport reallocation (Rørmose Jensen & Iliev 2022)
AUS,Australia,Asia and Pacific,Minerals and Metals,waste_generation,kt,0.0004279234247957325,2019,EXIOBASE v3.8.2 IOT_2016_ixi with Danish sea-transport reallocation (Rørmose Jensen & Iliev 2022)
ESP,Spain,Europe,Paper Products,blue_water_consumption,Mm3,0.00042639804657447413,2019,EXIOBASE v3.8.2 IOT_2016_ixi with Danish sea-transport reallocation (Rørmose Jensen & Iliev 2022)
DEU,Germany,Europe,General and special Machinery,blue_water_consumption,Mm3,0.0004248999180391248,2019,EXIOBASE v3.8.2 IOT_2016_ixi with Danish sea-transport reallocation (Rørmose Jensen & Iliev 2022)
FIN,Finland,Europe,General and special Machinery,material_extraction,kt,0.0004241964880250137,2019,EXIOBASE v3.8.2 IOT_2016_ixi with Danish sea-transport reallocation (Rørmose Jensen & Iliev 2022)
EST,Estonia,Europe,General and special Machinery,climate_change,kt CO2eq,0.00042357517642553774,2019,EXIOBASE v3.8.2 IOT_2016_ixi with Danish sea-transport reallocation (Rørmose Jensen & Iliev 2022)
NLD,Netherlands,Europe,Non-metallic mineral products,blue_water_consumption,Mm3,0.0004225477401364488,2019,EXIOBASE v3.8.2 IOT_2016_ixi with Danish sea-transport reallocation (Rørmose Jensen & Iliev 2022)
IDN,Indonesia,Asia and Pacific,Non-metallic mineral products,waste_generation,kt,0.0004207015170587881,2019,EXIOBASE v3.8.2 IOT_2016_ixi with Danish sea-transport reallocation (Rørmose Jensen & Iliev 2022)
RoW Europe,RoW Europe,Europe,Minerals and Metals,blue_water_consumption,Mm3,0.00041927116357873934,2019,EXIOBASE v3.8.2 IOT_2016_ixi with Danish sea-transport reallocation (Rørmose Jensen & Iliev 2022)
MEX,Mexico,America,Construction,climate_change,kt CO2eq,0.0004143783223566197,2019,EXIOBASE v3.8.2 IOT_2016_ixi with Danish sea-transport reallocation (Rørmose Jensen & Iliev 2022)
RoW Africa,RoW Africa,Africa,Waste management and disposal,blue_water_consumption,Mm3,0.00041271488713244444,2019,EXIOBASE v3.8.2 IOT_2016_ixi with Danish sea-transport reallocation (Rørmose Jensen & Iliev 2022)
IRL,Ireland,Europe,Electricity,blue_water_consumption,Mm3,0.000411551086108867,2019,EXIOBASE v3.8.2 IOT_2016_ixi with Danish sea-transport reallocation (Rørmose Jensen & Iliev 2022)
SVK,Slovakia,Europe,Transport,blue_water_consumption,Mm3,0.0004105243804161494,2019,EXIOBASE v3.8.2 IOT_2016_ixi with Danish sea-transport reallocation (Rørmose Jensen & Iliev 2022)
JPN,Japan,Asia and Pacific,General and special Machinery,blue_water_consumption,Mm3,0.00040339551062068915,2019,EXIOBASE v3.8.2 IOT_2016_ixi with Danish sea-transport reallocation (Rørmose Jensen & Iliev 2022)
USA,United States,America,Natural gas and gaseous fuels,blue_water_consumption,Mm3,0.00039741350644199506,2019,EXIOBASE v3.8.2 IOT_2016_ixi with Danish sea-transport reallocation (Rørmose Jensen & Iliev 2022)
RoW Middle East,RoW Middle East,Middle East,"Electrical, electronic and measuring equipment",blue_water_consumption,Mm3,0.000396987306893822,2019,EXIOBASE v3.8.2 IOT_2016_ixi with Danish sea-transport reallocation (Rørmose Jensen & Iliev 2022)
HRV,Croatia,Europe,Chemical,blue_water_consumption,Mm3,0.0003939583683470558,2019,EXIOBASE v3.8.2 IOT_2016_ixi with Danish sea-transport reallocation (Rørmose Jensen & Iliev 2022)
RoW Europe,RoW Europe,Europe,Transport Equipment,blue_water_consumption,Mm3,0.00039331872156239255,2019,EXIOBASE v3.8.2 IOT_2016_ixi with Danish sea-transport reallocation (Rørmose Jensen & Iliev 2022)
SWE,Sweden,Europe,Textile,blue_water_consumption,Mm3,0.00039247967843823777,2019,EXIOBASE v3.8.2 IOT_2016_ixi with Danish sea-transport reallocation (Rørmose Jensen & Iliev 2022)
RoW Asia and Pacific,RoW Asia and Pacific,Asia and Pacific,Construction,blue_water_consumption,Mm3,0.0003918730862761002,2019,EXIOBASE v3.8.2 IOT_2016_ixi with Danish sea-transport reallocation (Rørmose Jensen & Iliev 2022)
BRA,Brazil,America,Coal and Petroleum,material_extraction,kt,0.0003869754101121817,2019,EXIOBASE v3.8.2 IOT_2016_ixi with Danish sea-transport reallocation (Rørmose Jensen & Iliev 2022)
KOR,South Korea,Asia and Pacific,Furniture and timber,blue_water_consumption,Mm3,0.0003868339796908383,2019,EXIOBASE v3.8.2 IOT_2016_ixi with Danish sea-transport reallocation (Rørmose Jensen & Iliev 2022)
GRC,Greece,Europe,Transport Equipment,waste_generation,kt,0.0003857082463862938,2019,EXIOBASE v3.8.2 IOT_2016_ixi with Danish sea-transport reallocation (Rørmose Jensen & Iliev 2022)
HUN,Hungary,Europe,Non-metallic mineral products,blue_water_consumption,Mm3,0.000382575433927326,2019,EXIOBASE v3.8.2 IOT_2016_ixi with Danish sea-transport reallocation (Rørmose Jensen & Iliev 2022)
IRL,Ireland,Europe,"Electrical, electronic and measuring equipment",waste_generation,kt,0.0003822258616487431,2019,EXIOBASE v3.8.2 IOT_2016_ixi with Danish sea-transport reallocation (Rørmose Jensen & Iliev 2022)
CAN,Canada,America,"Electrical, electronic and measuring equipment",blue_water_consumption,Mm3,0.0003797999133247768,2019,EXIOBASE v3.8.2 IOT_2016_ixi with Danish sea-transport reallocation (Rørmose Jensen & Iliev 2022)
FRA,France,Europe,Electricity,blue_water_consumption,Mm3,0.0003773399845100797,2019,EXIOBASE v3.8.2 IOT_2016_ixi with Danish sea-transport reallocation (Rørmose Jensen & Iliev 2022)
IRL,Ireland,Europe,Non-metallic mineral products,blue_water_consumption,Mm3,0.00037635484798577017,2019,EXIOBASE v3.8.2 IOT_2016_ixi with Danish sea-transport reallocation (Rørmose Jensen & Iliev 2022)
LUX,Luxembourg,Europe,Waste management and disposal,blue_water_consumption,Mm3,0.0003725412259818212,2019,EXIOBASE v3.8.2 IOT_2016_ixi with Danish sea-transport reallocation (Rørmose Jensen & Iliev 2022)
RoW Middle East,RoW Middle East,Middle East,"Steam, hot water supply and water distribution",waste_generation,kt,0.00037173603935561366,2019,EXIOBASE v3.8.2 IOT_2016_ixi with Danish sea-transport reallocation (Rørmose Jensen & Iliev 2022)
DNK,Denmark,Denmark,Chemical,land_use,km2,0.0003716290405737588,2019,EXIOBASE v3.8.2 IOT_2016_ixi with Danish sea-transport reallocation (Rørmose Jensen & Iliev 2022)
EST,Estonia,Europe,Metal Products,waste_generation,kt,0.00037065917585665277,2019,EXIOBASE v3.8.2 IOT_2016_ixi with Danish sea-transport reallocation (Rørmose Jensen & Iliev 2022)
RoW Middle East,RoW Middle East,Middle East,Non-metallic mineral products,land_use,km2,0.0003695684847349071,2019,EXIOBASE v3.8.2 IOT_2016_ixi with Danish sea-transport reallocation (Rørmose Jensen & Iliev 2022)
TUR,Turkey,Middle East,Chemical,material_extraction,kt,0.0003680962868233013,2019,EXIOBASE v3.8.2 IOT_2016_ixi with Danish sea-transport reallocation (Rørmose Jensen & Iliev 2022)
BEL,Belgium,Europe,Furniture and timber,land_use,km2,0.0003640083988499566,2019,EXIOBASE v3.8.2 IOT_2016_ixi with Danish sea-transport reallocation (Rørmose Jensen & Iliev 2022)
RoW Africa,RoW Africa,Africa,Transport Equipment,blue_water_consumption,Mm3,0.00036293963852417,2019,EXIOBASE v3.8.2 IOT_2016_ixi with Danish sea-transport reallocation (Rørmose Jensen & Iliev 2022)
IRL,Ireland,Europe,Textile,blue_water_consumption,Mm3,0.00036257422312721094,2019,EXIOBASE v3.8.2 IOT_2016_ixi with Danish sea-transport reallocation (Rørmose Jensen & Iliev 2022)
TUR,Turkey,Middle East,Transport,waste_generation,kt,0.0003622524062981663,2019,EXIOBASE v3.8.2 IOT_2016_ixi with Danish sea-transport reallocation (Rørmose Jensen & Iliev 2022)
RoW Africa,RoW Africa,Africa,Paper Products,material_extraction,kt,0.0003604396041584874,2019,EXIOBASE v3.8.2 IOT_2016_ixi with Danish sea-transport reallocation (Rørmose Jensen & Iliev 2022)
CHN,China,Asia and Pacific,Transport Equipment,blue_water_consumption,Mm3,0.00035968853834666807,2019,EXIOBASE v3.8.2 IOT_2016_ixi with Danish sea-transport reallocation (Rørmose Jensen & Iliev 2022)
MEX,Mexico,America,"Electrical, electronic and measuring equipment",material_extraction,kt,0.00035920666548075627,2019,EXIOBASE v3.8.2 IOT_2016_ixi with Danish sea-transport reallocation (Rørmose Jensen & Iliev 2022)
NLD,Netherlands,Europe,Waste management and disposal,blue_water_consumption,Mm3,0.0003574639507411634,2019,EXIOBASE v3.8.2 IOT_2016_ixi with Danish sea-transport reallocation (Rørmose Jensen & Iliev 2022)
IRL,Ireland,Europe,General and special Machinery,waste_generation,kt,0.0003573954413448691,2019,EXIOBASE v3.8.2 IOT_2016_ixi with Danish sea-transport reallocation (Rørmose Jensen & Iliev 2022)
RoW Europe,RoW Europe,Europe,Natural gas and gaseous fuels,blue_water_consumption,Mm3,0.0003563397630543118,2019,EXIOBASE v3.8.2 IOT_2016_ixi with Danish sea-transport reallocation (Rørmose Jensen & Iliev 2022)
AUT,Austria,Europe,Transport,waste_generation,kt,0.000355766003242992,2019,EXIOBASE v3.8.2 IOT_2016_ixi with Danish sea-transport reallocation (Rørmose Jensen & Iliev 2022)
RoW Africa,RoW Africa,Africa,Natural gas and gaseous fuels,blue_water_consumption,Mm3,0.00035333076776907104,2019,EXIOBASE v3.8.2 IOT_2016_ixi with Danish sea-transport reallocation (Rørmose Jensen & Iliev 2022)
CYP,Cyprus,Middle East,Services,waste_generation,kt,0.000352838078021215,2019,EXIOBASE v3.8.2 IOT_2016_ixi with Danish sea-transport reallocation (Rørmose Jensen & Iliev 2022)
ZAF,South Africa,Africa,Paper Products,blue_water_consumption,Mm3,0.0003527415788131418,2019,EXIOBASE v3.8.2 IOT_2016_ixi with Danish sea-transport reallocation (Rørmose Jensen & Iliev 2022)
ITA,Italy,Europe,Textile,land_use,km2,0.0003514578304276932,2019,EXIOBASE v3.8.2 IOT_2016_ixi with Danish sea-transport reallocation (Rørmose Jensen & Iliev 2022)
BGR,Bulgaria,Europe,Furniture and timber,blue_water_consumption,Mm3,0.0003508025623460595,2019,EXIOBASE v3.8.2 IOT_2016_ixi with Danish sea-transport reallocation (Rørmose Jensen & Iliev 2022)
MEX,Mexico,America,Electricity,blue_water_consumption,Mm3,0.0003496091784305548,2019,EXIOBASE v3.8.2 IOT_2016_ixi with Danish sea-transport reallocation (Rørmose Jensen & Iliev 2022)
ESP,Spain,Europe,"Electrical, electronic and measuring equipment",blue_water_consumption,Mm3,0.0003495717405968202,2019,EXIOBASE v3.8.2 IOT_2016_ixi with Danish sea-transport reallocation (Rørmose Jensen & Iliev 2022)
IDN,Indonesia,Asia and Pacific,Waste management and disposal,waste_generation,kt,0.0003428325578837252,2019,EXIOBASE v3.8.2 IOT_2016_ixi with Danish sea-transport reallocation (Rørmose Jensen & Iliev 2022)
MLT,Malta,Europe,Textile,climate_change,kt CO2eq,0.0003417725240530824,2019,EXIOBASE v3.8.2 IOT_2016_ixi with Danish sea-transport reallocation (Rørmose Jensen & Iliev 2022)
IRL,Ireland,Europe,Non-metallic mineral products,waste_generation,kt,0.00034025821857217226,2019,EXIOBASE v3.8.2 IOT_2016_ixi with Danish sea-transport reallocation (Rørmose Jensen & Iliev 2022)
RoW Africa,RoW Africa,Africa,Transport,material_extraction,kt,0.0003394099211087613,2019,EXIOBASE v3.8.2 IOT_2016_ixi with Danish sea-transport reallocation (Rørmose Jensen & Iliev 2022)
HRV,Croatia,Europe,Minerals and Metals,waste_generation,kt,0.0003348165153086072,2019,EXIOBASE v3.8.2 IOT_2016_ixi with Danish sea-transport reallocation (Rørmose Jensen & Iliev 2022)
AUS,Australia,Asia and Pacific,Metal Products,blue_water_consumption,Mm3,0.00033227089736893373,2019,EXIOBASE v3.8.2 IOT_2016_ixi with Danish sea-transport reallocation (Rørmose Jensen & Iliev 2022)
LTU,Lithuania,Europe,Paper Products,blue_water_consumption,Mm3,0.00032949956312467045,2019,EXIOBASE v3.8.2 IOT_2016_ixi with Danish sea-transport reallocation (Rørmose Jensen & Iliev 2022)
USA,United States,America,Non-metallic mineral products,blue_water_consumption,Mm3,0.0003289014517949568,2019,EXIOBASE v3.8.2 IOT_2016_ixi with Danish sea-transport reallocation (Rørmose Jensen & Iliev 2022)
LVA,Latvia,Europe,"Electrical, electronic and measuring equipment",blue_water_consumption,Mm3,0.0003282554524475495,2019,EXIOBASE v3.8.2 IOT_2016_ixi with Danish sea-transport reallocation (Rørmose Jensen & Iliev 2022)
BEL,Belgium,Europe,Minerals and Metals,blue_water_consumption,Mm3,0.0003270859521614727,2019,EXIOBASE v3.8.2 IOT_2016_ixi with Danish sea-transport reallocation (Rørmose Jensen & Iliev 2022)
SVK,Slovakia,Europe,Electricity,land_use,km2,0.00032233897643665313,2019,EXIOBASE v3.8.2 IOT_2016_ixi with Danish sea-transport reallocation (Rørmose Jensen & Iliev 2022)
ROU,Romania,Europe,Textile,waste_generation,kt,0.0003188718281499016,2019,EXIOBASE v3.8.2 IOT_2016_ixi with Danish sea-transport reallocation (Rørmose Jensen & Iliev 2022)
LTU,Lithuania,Europe,Chemical,blue_water_consumption,Mm3,0.0003181305224487236,2019,EXIOBASE v3.8.2 IOT_2016_ixi with Danish sea-transport reallocation (Rørmose Jensen & Iliev 2022)
HRV,Croatia,Europe,General and special Machinery,waste_generation,kt,0.00031710497331439985,2019,EXIOBASE v3.8.2 IOT_2016_ixi with Danish sea-transport reallocation (Rørmose Jensen & Iliev 2022)
EST,Estonia,Europe,Non-metallic mineral products,blue_water_consumption,Mm3,0.0003152885574234563,2019,EXIOBASE v3.8.2 IOT_2016_ixi with Danish sea-transport reallocation (Rørmose Jensen & Iliev 2022)
CHE,Switzerland,Europe,Natural gas and gaseous fuels,waste_generation,kt,0.0003101622319119615,2019,EXIOBASE v3.8.2 IOT_2016_ixi with Danish sea-transport reallocation (Rørmose Jensen & Iliev 2022)
USA,United States,America,Coal and Petroleum,blue_water_consumption,Mm3,0.00030650586204799873,2019,EXIOBASE v3.8.2 IOT_2016_ixi with Danish sea-transport reallocation (Rørmose Jensen & Iliev 2022)
GRC,Greece,Europe,Chemical,blue_water_consumption,Mm3,0.0003043580313947164,2019,EXIOBASE v3.8.2 IOT_2016_ixi with Danish sea-transport reallocation (Rørmose Jensen & Iliev 2022)
LVA,Latvia,Europe,Services,blue_water_consumption,Mm3,0.0003034753803003294,2019,EXIOBASE v3.8.2 IOT_2016_ixi with Danish sea-transport reallocation (Rørmose Jensen & Iliev 2022)
CHE,Switzerland,Europe,Transport Equipment,waste_generation,kt,0.00030214500331331623,2019,EXIOBASE v3.8.2 IOT_2016_ixi with Danish sea-transport reallocation (Rørmose Jensen & Iliev 2022)
AUS,Australia,Asia and Pacific,"Electrical, electronic and measuring equipment",blue_water_consumption,Mm3,0.00030205078027868655,2019,EXIOBASE v3.8.2 IOT_2016_ixi with Danish sea-transport reallocation (Rørmose Jensen & Iliev 2022)
HUN,Hungary,Europe,Construction,land_use,km2,0.000300472376485932,2019,EXIOBASE v3.8.2 IOT_2016_ixi with Danish sea-transport reallocation (Rørmose Jensen & Iliev 2022)
BRA,Brazil,America,Furniture and timber,material_extraction,kt,0.0002972103228905218,2019,EXIOBASE v3.8.2 IOT_2016_ixi with Danish sea-transport reallocation (Rørmose Jensen & Iliev 2022)
BEL,Belgium,Europe,Transport,blue_water_consumption,Mm3,0.000295687948539538,2019,EXIOBASE v3.8.2 IOT_2016_ixi with Danish sea-transport reallocation (Rørmose Jensen & Iliev 2022)
GRC,Greece,Europe,General and special Machinery,waste_generation,kt,0.0002926955766442619,2019,EXIOBASE v3.8.2 IOT_2016_ixi with Danish sea-transport reallocation (Rørmose Jensen & Iliev 2022)
CHN,China,Asia and Pacific,Natural gas and gaseous fuels,waste_generation,kt,0.00029244483565115195,2019,EXIOBASE v3.8.2 IOT_2016_ixi with Danish sea-transport reallocation (Rørmose Jensen & Iliev 2022)
RoW Middle East,RoW Middle East,Middle East,"Steam, hot water supply and water distribution",land_use,km2,0.0002911361085671945,2019,EXIOBASE v3.8.2 IOT_2016_ixi with Danish sea-transport reallocation (Rørmose Jensen & Iliev 2022)
RUS,Russia,Europe,Non-metallic mineral products,material_extraction,kt,0.0002858914089353651,2019,EXIOBASE v3.8.2 IOT_2016_ixi with Danish sea-transport reallocation (Rørmose Jensen & Iliev 2022)
RoW America,RoW America,America,Waste management and disposal,blue_water_consumption,Mm3,0.0002854184532655925,2019,EXIOBASE v3.8.2 IOT_2016_ixi with Danish sea-transport reallocation (Rørmose Jensen & Iliev 2022)
RUS,Russia,Europe,Waste management and disposal,blue_water_consumption,Mm3,0.0002842550739153378,2019,EXIOBASE v3.8.2 IOT_2016_ixi with Danish sea-transport reallocation (Rørmose Jensen & Iliev 2022)
HUN,Hungary,Europe,Transport Equipment,material_extraction,kt,0.0002821942641788816,2019,EXIOBASE v3.8.2 IOT_2016_ixi with Danish sea-transport reallocation (Rørmose Jensen & Iliev 2022)
KOR,South Korea,Asia and Pacific,Non-metallic mineral products,blue_water_consumption,Mm3,0.0002793178373592421,2019,EXIOBASE v3.8.2 IOT_2016_ixi with Danish sea-transport reallocation (Rørmose Jensen & Iliev 2022)
RoW Europe,RoW Europe,Europe,Construction,blue_water_consumption,Mm3,0.0002764943987481554,2019,EXIOBASE v3.8.2 IOT_2016_ixi with Danish sea-transport reallocation (Rørmose Jensen & Iliev 2022)
ESP,Spain,Europe,Textile,blue_water_consumption,Mm3,0.00027632748588689554,2019,EXIOBASE v3.8.2 IOT_2016_ixi with Danish sea-transport reallocation (Rørmose Jensen & Iliev 2022)
BRA,Brazil,America,Non-metallic mineral products,blue_water_consumption,Mm3,0.00027517761216899305,2019,EXIOBASE v3.8.2 IOT_2016_ixi with Danish sea-transport reallocation (Rørmose Jensen & Iliev 2022)
RoW America,RoW America,America,Transport Equipment,blue_water_consumption,Mm3,0.00027475711615928134,2019,EXIOBASE v3.8.2 IOT_2016_ixi with Danish sea-transport reallocation (Rørmose Jensen & Iliev 2022)
ROU,Romania,Europe,Waste management and disposal,waste_generation,kt,0.0002692711571850004,2019,EXIOBASE v3.8.2 IOT_2016_ixi with Danish sea-transport reallocation (Rørmose Jensen & Iliev 2022)
PRT,Portugal,Europe,Textile,blue_water_consumption,Mm3,0.0002672761170271018,2019,EXIOBASE v3.8.2 IOT_2016_ixi with Danish sea-transport reallocation (Rørmose Jensen & Iliev 2022)
BRA,Brazil,America,Transport Equipment,blue_water_consumption,Mm3,0.00026630742690734923,2019,EXIOBASE v3.8.2 IOT_2016_ixi with Danish sea-transport reallocation (Rørmose Jensen & Iliev 2022)
IDN,Indonesia,Asia and Pacific,General and special Machinery,blue_water_consumption,Mm3,0.0002661002318239434,2019,EXIOBASE v3.8.2 IOT_2016_ixi with Danish sea-transport reallocation (Rørmose Jensen & Iliev 2022)
RUS,Russia,Europe,Natural gas and gaseous fuels,blue_water_consumption,Mm3,0.0002659973461383584,2019,EXIOBASE v3.8.2 IOT_2016_ixi with Danish sea-transport reallocation (Rørmose Jensen & Iliev 2022)
NOR,Norway,Europe,Minerals and Metals,waste_generation,kt,0.0002652659597540221,2019,EXIOBASE v3.8.2 IOT_2016_ixi with Danish sea-transport reallocation (Rørmose Jensen & Iliev 2022)
HUN,Hungary,Europe,Textile,waste_generation,kt,0.0002652265034352292,2019,EXIOBASE v3.8.2 IOT_2016_ixi with Danish sea-transport reallocation (Rørmose Jensen & Iliev 2022)
RoW America,RoW America,America,Minerals and Metals,blue_water_consumption,Mm3,0.0002643091179486592,2019,EXIOBASE v3.8.2 IOT_2016_ixi with Danish sea-transport reallocation (Rørmose Jensen & Iliev 2022)
FIN,Finland,Europe,Minerals and Metals,waste_generation,kt,0.00026351239507259316,2019,EXIOBASE v3.8.2 IOT_2016_ixi with Danish sea-transport reallocation (Rørmose Jensen & Iliev 2022)
BRA,Brazil,America,Waste management and disposal,waste_generation,kt,0.00026301294995962834,2019,EXIOBASE v3.8.2 IOT_2016_ixi with Danish sea-transport reallocation (Rørmose Jensen & Iliev 2022)
GRC,Greece,Europe,Metal Products,blue_water_consumption,Mm3,0.0002615815566586697,2019,EXIOBASE v3.8.2 IOT_2016_ixi with Danish sea-transport reallocation (Rørmose Jensen & Iliev 2022)
LVA,Latvia,Europe,Transport,blue_water_consumption,Mm3,0.00026089893240760666,2019,EXIOBASE v3.8.2 IOT_2016_ixi with Danish sea-transport reallocation (Rørmose Jensen & Iliev 2022)
FIN,Finland,Europe,Non-metallic mineral products,blue_water_consumption,Mm3,0.00026087050287493577,2019,EXIOBASE v3.8.2 IOT_2016_ixi with Danish sea-transport reallocation (Rørmose Jensen & Iliev 2022)
SWE,Sweden,Europe,Transport Equipment,blue_water_consumption,Mm3,0.0002606240906373938,2019,EXIOBASE v3.8.2 IOT_2016_ixi with Danish sea-transport reallocation (Rørmose Jensen & Iliev 2022)
SVN,Slovenia,Europe,Natural gas and gaseous fuels,waste_generation,kt,0.0002600868705156383,2019,EXIOBASE v3.8.2 IOT_2016_ixi with Danish sea-transport reallocation (Rørmose Jensen & Iliev 2022)
CHE,Switzerland,Europe,Transport,blue_water_consumption,Mm3,0.0002592533610979553,2019,EXIOBASE v3.8.2 IOT_2016_ixi with Danish sea-transport reallocation (Rørmose Jensen & Iliev 2022)
LUX,Luxembourg,Europe,Electricity,land_use,km2,0.00025549030921139806,2019,EXIOBASE v3.8.2 IOT_2016_ixi with Danish sea-transport reallocation (Rørmose Jensen & Iliev 2022)
ITA,Italy,Europe,Waste management and disposal,blue_water_consumption,Mm3,0.00025531736013604037,2019,EXIOBASE v3.8.2 IOT_2016_ixi with Danish sea-transport reallocation (Rørmose Jensen & Iliev 2022)
MEX,Mexico,America,Metal Products,material_extraction,kt,0.00025418975723338964,2019,EXIOBASE v3.8.2 IOT_2016_ixi with Danish sea-transport reallocation (Rørmose Jensen & Iliev 2022)
JPN,Japan,Asia and Pacific,Furniture and timber,blue_water_consumption,Mm3,0.0002541148613738491,2019,EXIOBASE v3.8.2 IOT_2016_ixi with Danish sea-transport reallocation (Rørmose Jensen & Iliev 2022)
LUX,Luxembourg,Europe,"Electrical, electronic and measuring equipment",waste_generation,kt,0.0002516857280610772,2019,EXIOBASE v3.8.2 IOT_2016_ixi with Danish sea-transport reallocation (Rørmose Jensen & Iliev 2022)
LVA,Latvia,Europe,Waste management and disposal,blue_water_consumption,Mm3,0.0002506949191058364,2019,EXIOBASE v3.8.2 IOT_2016_ixi with Danish sea-transport reallocation (Rørmose Jensen & Iliev 2022)
MEX,Mexico,America,Waste management and disposal,material_extraction,kt,0.0002506639352620507,2019,EXIOBASE v3.8.2 IOT_2016_ixi with Danish sea-transport reallocation (Rørmose Jensen & Iliev 2022)
FRA,France,Europe,Natural gas and gaseous fuels,waste_generation,kt,0.00024726464827342357,2019,EXIOBASE v3.8.2 IOT_2016_ixi with Danish sea-transport reallocation (Rørmose Jensen & Iliev 2022)
RoW Asia and Pacific,RoW Asia and Pacific,Asia and Pacific,Transport Equipment,land_use,km2,0.0002449150340736581,2019,EXIOBASE v3.8.2 IOT_2016_ixi with Danish sea-transport reallocation (Rørmose Jensen & Iliev 2022)
NLD,Netherlands,Europe,Natural gas and gaseous fuels,waste_generation,kt,0.0002436252583666856,2019,EXIOBASE v3.8.2 IOT_2016_ixi with Danish sea-transport reallocation (Rørmose Jensen & Iliev 2022)
FIN,Finland,Europe,Natural gas and gaseous fuels,waste_generation,kt,0.0002423177202856709,2019,EXIOBASE v3.8.2 IOT_2016_ixi with Danish sea-transport reallocation (Rørmose Jensen & Iliev 2022)
LTU,Lithuania,Europe,"Electrical, electronic and measuring equipment",waste_generation,kt,0.0002401929846899362,2019,EXIOBASE v3.8.2 IOT_2016_ixi with Danish sea-transport reallocation (Rørmose Jensen & Iliev 2022)
CAN,Canada,America,Transport,blue_water_consumption,Mm3,0.0002399123620307882,2019,EXIOBASE v3.8.2 IOT_2016_ixi with Danish sea-transport reallocation (Rørmose Jensen & Iliev 2022)
GBR,United Kingdom,Europe,Natural gas and gaseous fuels,waste_generation,kt,0.00023981228560990107,2019,EXIOBASE v3.8.2 IOT_2016_ixi with Danish sea-transport reallocation (Rørmose Jensen & Iliev 2022)
CHE,Switzerland,Europe,Paper Products,land_use,km2,0.0002394908013585345,2019,EXIOBASE v3.8.2 IOT_2016_ixi with Danish sea-transport reallocation (Rørmose Jensen & Iliev 2022)
RUS,Russia,Europe,Furniture and timber,blue_water_consumption,Mm3,0.00023896173087246673,2019,EXIOBASE v3.8.2 IOT_2016_ixi with Danish sea-transport reallocation (Rørmose Jensen & Iliev 2022)
BRA,Brazil,America,General and special Machinery,blue_water_consumption,Mm3,0.00023705706860717007,2019,EXIOBASE v3.8.2 IOT_2016_ixi with Danish sea-transport reallocation (Rørmose Jensen & Iliev 2022)
TUR,Turkey,Middle East,Paper Products,material_extraction,kt,0.0002356439787430912,2019,EXIOBASE v3.8.2 IOT_2016_ixi with Danish sea-transport reallocation (Rørmose Jensen & Iliev 2022)
HUN,Hungary,Europe,Transport Equipment,blue_water_consumption,Mm3,0.00023503024201126734,2019,EXIOBASE v3.8.2 IOT_2016_ixi with Danish sea-transport reallocation (Rørmose Jensen & Iliev 2022)
PRT,Portugal,Europe,"Electrical, electronic and measuring equipment",blue_water_consumption,Mm3,0.0002325348151363786,2019,EXIOBASE v3.8.2 IOT_2016_ixi with Danish sea-transport reallocation (Rørmose Jensen & Iliev 2022)
FRA,France,Europe,Transport,waste_generation,kt,0.00023232485702351488,2019,EXIOBASE v3.8.2 IOT_2016_ixi with Danish sea-transport reallocation (Rørmose Jensen & Iliev 2022)
SVN,Slovenia,Europe,Transport,waste_generation,kt,0.0002321726687849106,2019,EXIOBASE v3.8.2 IOT_2016_ixi with Danish sea-transport reallocation (Rørmose Jensen & Iliev 2022)
TUR,Turkey,Middle East,Natural gas and gaseous fuels,waste_generation,kt,0.00023208196187393448,2019,EXIOBASE v3.8.2 IOT_2016_ixi with Danish sea-transport reallocation (Rørmose Jensen & Iliev 2022)
LUX,Luxembourg,Europe,Metal Products,blue_water_consumption,Mm3,0.0002302690549606075,2019,EXIOBASE v3.8.2 IOT_2016_ixi with Danish sea-transport reallocation (Rørmose Jensen & Iliev 2022)
POL,Poland,Europe,Minerals and Metals,blue_water_consumption,Mm3,0.0002300280751268019,2019,EXIOBASE v3.8.2 IOT_2016_ixi with Danish sea-transport reallocation (Rørmose Jensen & Iliev 2022)
DEU,Germany,Europe,Furniture and timber,material_extraction,kt,0.0002297588095587865,2019,EXIOBASE v3.8.2 IOT_2016_ixi with Danish sea-transport reallocation (Rørmose Jensen & Iliev 2022)
NOR,Norway,Europe,Transport,blue_water_consumption,Mm3,0.00022957756651245513,2019,EXIOBASE v3.8.2 IOT_2016_ixi with Danish sea-transport reallocation (Rørmose Jensen & Iliev 2022)
POL,Poland,Europe,Furniture and timber,blue_water_consumption,Mm3,0.00022794632423425907,2019,EXIOBASE v3.8.2 IOT_2016_ixi with Danish sea-transport reallocation (Rørmose Jensen & Iliev 2022)
AUS,Australia,Asia and Pacific,Chemical,blue_water_consumption,Mm3,0.0002269285749702588,2019,EXIOBASE v3.8.2 IOT_2016_ixi with Danish sea-transport reallocation (Rørmose Jensen & Iliev 2022)
BRA,Brazil,America,Furniture and timber,blue_water_consumption,Mm3,0.00022452548304295212,2019,EXIOBASE v3.8.2 IOT_2016_ixi with Danish sea-transport reallocation (Rørmose Jensen & Iliev 2022)
JPN,Japan,Asia and Pacific,Textile,blue_water_consumption,Mm3,0.00022189834445029288,2019,EXIOBASE v3.8.2 IOT_2016_ixi with Danish sea-transport reallocation (Rørmose Jensen & Iliev 2022)
GBR,United Kingdom,Europe,Services,blue_water_consumption,Mm3,0.00022137947869994314,2019,EXIOBASE v3.8.2 IOT_2016_ixi with Danish sea-transport reallocation (Rørmose Jensen & Iliev 2022)
BGR,Bulgaria,Europe,Natural gas and gaseous fuels,land_use,km2,0.0002191294343943418,2019,EXIOBASE v3.8.2 IOT_2016_ixi with Danish sea-transport reallocation (Rørmose Jensen & Iliev 2022)
PRT,Portugal,Europe,Services,blue_water_consumption,Mm3,0.00021799536464587978,2019,EXIOBASE v3.8.2 IOT_2016_ixi with Danish sea-transport reallocation (Rørmose Jensen & Iliev 2022)
EST,Estonia,Europe,Furniture and timber,blue_water_consumption,Mm3,0.00021559958300458053,2019,EXIOBASE v3.8.2 IOT_2016_ixi with Danish sea-transport reallocation (Rørmose Jensen & Iliev 2022)
AUT,Austria,Europe,Coal and Petroleum,blue_water_consumption,Mm3,0.00021551105819541826,2019,EXIOBASE v3.8.2 IOT_2016_ixi with Danish sea-transport reallocation (Rørmose Jensen & Iliev 2022)
AUT,Austria,Europe,Non-metallic mineral products,blue_water_consumption,Mm3,0.0002130177208508052,2019,EXIOBASE v3.8.2 IOT_2016_ixi with Danish sea-transport reallocation (Rørmose Jensen & Iliev 2022)
CYP,Cyprus,Middle East,Waste management and disposal,waste_generation,kt,0.00021027794405756545,2019,EXIOBASE v3.8.2 IOT_2016_ixi with Danish sea-transport reallocation (Rørmose Jensen & Iliev 2022)
CZE,Czech Republic,Europe,Textile,land_use,km2,0.0002097555912382864,2019,EXIOBASE v3.8.2 IOT_2016_ixi with Danish sea-transport reallocation (Rørmose Jensen & Iliev 2022)
ESP,Spain,Europe,General and special Machinery,blue_water_consumption,Mm3,0.0002096294552108936,2019,EXIOBASE v3.8.2 IOT_2016_ixi with Danish sea-transport reallocation (Rørmose Jensen & Iliev 2022)
USA,United States,America,Services,blue_water_consumption,Mm3,0.0002082399826086985,2019,EXIOBASE v3.8.2 IOT_2016_ixi with Danish sea-transport reallocation (Rørmose Jensen & Iliev 2022)
HUN,Hungary,Europe,Furniture and timber,blue_water_consumption,Mm3,0.0002074343744064161,2019,EXIOBASE v3.8.2 IOT_2016_ixi with Danish sea-transport reallocation (Rørmose Jensen & Iliev 2022)
RoW Europe,RoW Europe,Europe,"Steam, hot water supply and water distribution",blue_water_consumption,Mm3,0.00020702166655472035,2019,EXIOBASE v3.8.2 IOT_2016_ixi with Danish sea-transport reallocation (Rørmose Jensen & Iliev 2022)
HUN,Hungary,Europe,Coal and Petroleum,blue_water_consumption,Mm3,0.00020578865614021948,2019,EXIOBASE v3.8.2 IOT_2016_ixi with Danish sea-transport reallocation (Rørmose Jensen & Iliev 2022)
CAN,Canada,America,General and special Machinery,blue_water_consumption,Mm3,0.00020505583453494036,2019,EXIOBASE v3.8.2 IOT_2016_ixi with Danish sea-transport reallocation (Rørmose Jensen & Iliev 2022)
ROU,Romania,Europe,General and special Machinery,blue_water_consumption,Mm3,0.0002034209036718998,2019,EXIOBASE v3.8.2 IOT_2016_ixi with Danish sea-transport reallocation (Rørmose Jensen & Iliev 2022)
ZAF,South Africa,Africa,"Electrical, electronic and measuring equipment",blue_water_consumption,Mm3,0.00020274323312131177,2019,EXIOBASE v3.8.2 IOT_2016_ixi with Danish sea-transport reallocation (Rørmose Jensen & Iliev 2022)
IRL,Ireland,Europe,Coal and Petroleum,material_extraction,kt,0.0001987256926277329,2019,EXIOBASE v3.8.2 IOT_2016_ixi with Danish sea-transport reallocation (Rørmose Jensen & Iliev 2022)
RoW America,RoW America,America,"Steam, hot water supply and water distribution",waste_generation,kt,0.0001985963589490554,2019,EXIOBASE v3.8.2 IOT_2016_ixi with Danish sea-transport reallocation (Rørmose Jensen & Iliev 2022)
RoW America,RoW America,America,"Electrical, electronic and measuring equipment",land_use,km2,0.00019839468219575563,2019,EXIOBASE v3.8.2 IOT_2016_ixi with Danish sea-transport reallocation (Rørmose Jensen & Iliev 2022)
SVN,Slovenia,Europe,"Electrical, electronic and measuring equipment",blue_water_consumption,Mm3,0.00019833588356153674,2019,EXIOBASE v3.8.2 IOT_2016_ixi with Danish sea-transport reallocation (Rørmose Jensen & Iliev 2022)
BGR,Bulgaria,Europe,Construction,blue_water_consumption,Mm3,0.0001974366542870532,2019,EXIOBASE v3.8.2 IOT_2016_ixi with Danish sea-transport reallocation (Rørmose Jensen & Iliev 2022)
IRL,Ireland,Europe,Natural gas and gaseous fuels,waste_generation,kt,0.00019354795549375605,2019,EXIOBASE v3.8.2 IOT_2016_ixi with Danish sea-transport reallocation (Rørmose Jensen & Iliev 2022)
MLT,Malta,Europe,Construction,waste_generation,kt,0.0001930133898327309,2019,EXIOBASE v3.8.2 IOT_2016_ixi with Danish sea-transport reallocation (Rørmose Jensen & Iliev 2022)
JPN,Japan,Asia and Pacific,Non-metallic mineral products,blue_water_consumption,Mm3,0.00019267995398462092,2019,EXIOBASE v3.8.2 IOT_2016_ixi with Danish sea-transport reallocation (Rørmose Jensen & Iliev 2022)
LVA,Latvia,Europe,Textile,waste_generation,kt,0.00019059960983951044,2019,EXIOBASE v3.8.2 IOT_2016_ixi with Danish sea-transport reallocation (Rørmose Jensen & Iliev 2022)
PRT,Portugal,Europe,Transport Equipment,waste_generation,kt,0.00018978092516112465,2019,EXIOBASE v3.8.2 IOT_2016_ixi with Danish sea-transport reallocation (Rørmose Jensen & Iliev 2022)
CYP,Cyprus,Middle East,Construction,climate_change,kt CO2eq,0.0001895158227679094,2019,EXIOBASE v3.8.2 IOT_2016_ixi with Danish sea-transport reallocation (Rørmose Jensen & Iliev 2022)
MEX,Mexico,America,Non-metallic mineral products,waste_generation,kt,0.00018945872785997196,2019,EXIOBASE v3.8.2 IOT_2016_ixi with Danish sea-transport reallocation (Rørmose Jensen & Iliev 2022)
AUT,Austria,Europe,Furniture and timber,blue_water_consumption,Mm3,0.0001877759808950269,2019,EXIOBASE v3.8.2 IOT_2016_ixi with Danish sea-transport reallocation (Rørmose Jensen & Iliev 2022)
SVK,Slovakia,Europe,Coal and Petroleum,material_extraction,kt,0.0001873783870340553,2019,EXIOBASE v3.8.2 IOT_2016_ixi with Danish sea-transport reallocation (Rørmose Jensen & Iliev 2022)
CAN,Canada,America,Coal and Petroleum,blue_water_consumption,Mm3,0.00018627260584037355,2019,EXIOBASE v3.8.2 IOT_2016_ixi with Danish sea-transport reallocation (Rørmose Jensen & Iliev 2022)
CHE,Switzerland,Europe,Textile,blue_water_consumption,Mm3,0.00018620698139153343,2019,EXIOBASE v3.8.2 IOT_2016_ixi with Danish sea-transport reallocation (Rørmose Jensen & Iliev 2022)
RoW Middle East,RoW Middle East,Middle East,Construction,land_use,km2,0.000185685019758363,2019,EXIOBASE v3.8.2 IOT_2016_ixi with Danish sea-transport reallocation (Rørmose Jensen & Iliev 2022)
NOR,Norway,Europe,Transport Equipment,blue_water_consumption,Mm3,0.00018527057713848074,2019,EXIOBASE v3.8.2 IOT_2016_ixi with Danish sea-transport reallocation (Rørmose Jensen & Iliev 2022)
ZAF,South Africa,Africa,Waste management and disposal,waste_generation,kt,0.00018388506233352894,2019,EXIOBASE v3.8.2 IOT_2016_ixi with Danish sea-transport reallocation (Rørmose Jensen & Iliev 2022)
AUS,Australia,Asia and Pacific,Minerals and Metals,blue_water_consumption,Mm3,0.00018274811263208914,2019,EXIOBASE v3.8.2 IOT_2016_ixi with Danish sea-transport reallocation (Rørmose Jensen & Iliev 2022)
ESP,Spain,Europe,Natural gas and gaseous fuels,waste_generation,kt,0.0001826529798827348,2019,EXIOBASE v3.8.2 IOT_2016_ixi with Danish sea-transport reallocation (Rørmose Jensen & Iliev 2022)
RoW Middle East,RoW Middle East,Middle East,Metal Products,land_use,km2,0.00018048107133659881,2019,EXIOBASE v3.8.2 IOT_2016_ixi with Danish sea-transport reallocation (Rørmose Jensen & Iliev 2022)
CZE,Czech Republic,Europe,Transport Equipment,land_use,km2,0.00017986276941996682,2019,EXIOBASE v3.8.2 IOT_2016_ixi with Danish sea-transport reallocation (Rørmose Jensen & Iliev 2022)
AUS,Australia,Asia and Pacific,Waste management and disposal,waste_generation,kt,0.00017929086620201005,2019,EXIOBASE v3.8.2 IOT_2016_ixi with Danish sea-transport reallocation (Rørmose Jensen & Iliev 2022)
IDN,Indonesia,Asia and Pacific,Minerals and Metals,waste_generation,kt,0.00017928394181834732,2019,EXIOBASE v3.8.2 IOT_2016_ixi with Danish sea-transport reallocation (Rørmose Jensen & Iliev 2022)
ITA,Italy,Europe,Minerals and Metals,blue_water_consumption,Mm3,0.00017920751765711365,2019,EXIOBASE v3.8.2 IOT_2016_ixi with Danish sea-transport reallocation (Rørmose Jensen & Iliev 2022)
DNK,Denmark,Denmark,Textile,land_use,km2,0.00017885774475988312,2019,EXIOBASE v3.8.2 IOT_2016_ixi with Danish sea-transport reallocation (Rørmose Jensen & Iliev 2022)
ROU,Romania,Europe,"Electrical, electronic and measuring equipment",blue_water_consumption,Mm3,0.00017870984074973045,2019,EXIOBASE v3.8.2 IOT_2016_ixi with Danish sea-transport reallocation (Rørmose Jensen & Iliev 2022)
LUX,Luxembourg,Europe,Chemical,waste_generation,kt,0.0001783570676176407,2019,EXIOBASE v3.8.2 IOT_2016_ixi with Danish sea-transport reallocation (Rørmose Jensen & Iliev 2022)
MEX,Mexico,America,General and special Machinery,blue_water_consumption,Mm3,0.00017737837194053242,2019,EXIOBASE v3.8.2 IOT_2016_ixi with Danish sea-transport reallocation (Rørmose Jensen & Iliev 2022)
GRC,Greece,Europe,Services,blue_water_consumption,Mm3,0.00017607684032557307,2019,EXIOBASE v3.8.2 IOT_2016_ixi with Danish sea-transport reallocation (Rørmose Jensen & Iliev 2022)
ROU,Romania,Europe,Non-metallic mineral products,blue_water_consumption,Mm3,0.00017567736904784454,2019,EXIOBASE v3.8.2 IOT_2016_ixi with Danish sea-transport reallocation (Rørmose Jensen & Iliev 2022)
CAN,Canada,America,Textile,material_extraction,kt,0.0001739027130507791,2019,EXIOBASE v3.8.2 IOT_2016_ixi with Danish sea-transport reallocation (Rørmose Jensen & Iliev 2022)
MEX,Mexico,America,Food and catering,material_extraction,kt,0.00017369759131001606,2019,EXIOBASE v3.8.2 IOT_2016_ixi with Danish sea-transport reallocation (Rørmose Jensen & Iliev 2022)
HRV,Croatia,Europe,Natural gas and gaseous fuels,waste_generation,kt,0.000173338040167641,2019,EXIOBASE v3.8.2 IOT_2016_ixi with Danish sea-transport reallocation (Rørmose Jensen & Iliev 2022)
LVA,Latvia,Europe,General and special Machinery,blue_water_consumption,Mm3,0.00017199392088604229,2019,EXIOBASE v3.8.2 IOT_2016_ixi with Danish sea-transport reallocation (Rørmose Jensen & Iliev 2022)
RoW Middle East,RoW Middle East,Middle East,General and special Machinery,land_use,km2,0.0001714131247179787,2019,EXIOBASE v3.8.2 IOT_2016_ixi with Danish sea-transport reallocation (Rørmose Jensen & Iliev 2022)
EST,Estonia,Europe,Chemical,blue_water_consumption,Mm3,0.00017005533497776955,2019,EXIOBASE v3.8.2 IOT_2016_ixi with Danish sea-transport reallocation (Rørmose Jensen & Iliev 2022)
KOR,South Korea,Asia and Pacific,Textile,blue_water_consumption,Mm3,0.0001687315884632243,2019,EXIOBASE v3.8.2 IOT_2016_ixi with Danish sea-transport reallocation (Rørmose Jensen & Iliev 2022)
CYP,Cyprus,Middle East,Non-metallic mineral products,waste_generation,kt,0.00016462373065564802,2019,EXIOBASE v3.8.2 IOT_2016_ixi with Danish sea-transport reallocation (Rørmose Jensen & Iliev 2022)
CHE,Switzerland,Europe,"Steam, hot water supply and water distribution",waste_generation,kt,0.000164180455455308,2019,EXIOBASE v3.8.2 IOT_2016_ixi with Danish sea-transport reallocation (Rørmose Jensen & Iliev 2022)
AUS,Australia,Asia and Pacific,Paper Products,blue_water_consumption,Mm3,0.00016330017919306548,2019,EXIOBASE v3.8.2 IOT_2016_ixi with Danish sea-transport reallocation (Rørmose Jensen & Iliev 2022)
CYP,Cyprus,Middle East,Transport,waste_generation,kt,0.00016046803333428307,2019,EXIOBASE v3.8.2 IOT_2016_ixi with Danish sea-transport reallocation (Rørmose Jensen & Iliev 2022)
NLD,Netherlands,Europe,Textile,blue_water_consumption,Mm3,0.00015927549799083204,2019,EXIOBASE v3.8.2 IOT_2016_ixi with Danish sea-transport reallocation (Rørmose Jensen & Iliev 2022)
BRA,Brazil,America,Waste management and disposal,material_extraction,kt,0.0001590953830488055,2019,EXIOBASE v3.8.2 IOT_2016_ixi with Danish sea-transport reallocation (Rørmose Jensen & Iliev 2022)
ITA,Italy,Europe,Transport Equipment,blue_water_consumption,Mm3,0.00015602841654545978,2019,EXIOBASE v3.8.2 IOT_2016_ixi with Danish sea-transport reallocation (Rørmose Jensen & Iliev 2022)
EST,Estonia,Europe,Paper Products,blue_water_consumption,Mm3,0.00015387044946908472,2019,EXIOBASE v3.8.2 IOT_2016_ixi with Danish sea-transport reallocation (Rørmose Jensen & Iliev 2022)
EST,Estonia,Europe,Transport Equipment,waste_generation,kt,0.00015363025419318026,2019,EXIOBASE v3.8.2 IOT_2016_ixi with Danish sea-transport reallocation (Rørmose Jensen & Iliev 2022)
KOR,South Korea,Asia and Pacific,Minerals and Metals,waste_generation,kt,0.00015322128088634743,2019,EXIOBASE v3.8.2 IOT_2016_ixi with Danish sea-transport reallocation (Rørmose Jensen & Iliev 2022)
BRA,Brazil,America,Transport,waste_generation,kt,0.0001518760643114038,2019,EXIOBASE v3.8.2 IOT_2016_ixi with Danish sea-transport reallocation (Rørmose Jensen & Iliev 2022)
MLT,Malta,Europe,"Electrical, electronic and measuring equipment",climate_change,kt CO2eq,0.0001516330563183555,2019,EXIOBASE v3.8.2 IOT_2016_ixi with Danish sea-transport reallocation (Rørmose Jensen & Iliev 2022)
POL,Poland,Europe,Metal Products,land_use,km2,0.0001508107288795154,2019,EXIOBASE v3.8.2 IOT_2016_ixi with Danish sea-transport reallocation (Rørmose Jensen & Iliev 2022)
BGR,Bulgaria,Europe,Food and catering,material_extraction,kt,0.00015056396735810217,2019,EXIOBASE v3.8.2 IOT_2016_ixi with Danish sea-transport reallocation (Rørmose Jensen & Iliev 2022)
LUX,Luxembourg,Europe,Non-metallic mineral products,blue_water_consumption,Mm3,0.00014938224074915955,2019,EXIOBASE v3.8.2 IOT_2016_ixi with Danish sea-transport reallocation (Rørmose Jensen & Iliev 2022)
AUT,Austria,Europe,Textile,land_use,km2,0.0001487127049968382,2019,EXIOBASE v3.8.2 IOT_2016_ixi with Danish sea-transport reallocation (Rørmose Jensen & Iliev 2022)
ZAF,South Africa,Africa,General and special Machinery,blue_water_consumption,Mm3,0.0001486187732638145,2019,EXIOBASE v3.8.2 IOT_2016_ixi with Danish sea-transport reallocation (Rørmose Jensen & Iliev 2022)
RoW Africa,RoW Africa,Africa,Electricity,material_extraction,kt,0.00014846450237281677,2019,EXIOBASE v3.8.2 IOT_2016_ixi with Danish sea-transport reallocation (Rørmose Jensen & Iliev 2022)
AUS,Australia,Asia and Pacific,Textile,blue_water_consumption,Mm3,0.00014776118139575958,2019,EXIOBASE v3.8.2 IOT_2016_ixi with Danish sea-transport reallocation (Rørmose Jensen & Iliev 2022)
FIN,Finland,Europe,"Electrical, electronic and measuring equipment",blue_water_consumption,Mm3,0.0001447323515761522,2019,EXIOBASE v3.8.2 IOT_2016_ixi with Danish sea-transport reallocation (Rørmose Jensen & Iliev 2022)
HUN,Hungary,Europe,General and special Machinery,material_extraction,kt,0.0001446939312047399,2019,EXIOBASE v3.8.2 IOT_2016_ixi with Danish sea-transport reallocation (Rørmose Jensen & Iliev 2022)
HRV,Croatia,Europe,Textile,waste_generation,kt,0.00014312983213934816,2019,EXIOBASE v3.8.2 IOT_2016_ixi with Danish sea-transport reallocation (Rørmose Jensen & Iliev 2022)
DEU,Germany,Europe,Furniture and timber,blue_water_consumption,Mm3,0.00014269852371415534,2019,EXIOBASE v3.8.2 IOT_2016_ixi with Danish sea-transport reallocation (Rørmose Jensen & Iliev 2022)
USA,United States,America,Minerals and Metals,blue_water_consumption,Mm3,0.00014141133322069087,2019,EXIOBASE v3.8.2 IOT_2016_ixi with Danish sea-transport reallocation (Rørmose Jensen & Iliev 2022)
TWN,Taiwan,Asia and Pacific,Textile,blue_water_consumption,Mm3,0.00014051488151814678,2019,EXIOBASE v3.8.2 IOT_2016_ixi with Danish sea-transport reallocation (Rørmose Jensen & Iliev 2022)
IDN,Indonesia,Asia and Pacific,"Electrical, electronic and measuring equipment",blue_water_consumption,Mm3,0.00013906013957440234,2019,EXIOBASE v3.8.2 IOT_2016_ixi with Danish sea-transport reallocation (Rørmose Jensen & Iliev 2022)
DNK,Denmark,Denmark,Transport Equipment,blue_water_consumption,Mm3,0.0001383060720815876,2019,EXIOBASE v3.8.2 IOT_2016_ixi with Danish sea-transport reallocation (Rørmose Jensen & Iliev 2022)
RoW Middle East,RoW Middle East,Middle East,Paper Products,blue_water_consumption,Mm3,0.00013825488664341996,2019,EXIOBASE v3.8.2 IOT_2016_ixi with Danish sea-transport reallocation (Rørmose Jensen & Iliev 2022)
RoW Europe,RoW Europe,Europe,Waste management and disposal,blue_water_consumption,Mm3,0.00013783866918262976,2019,EXIOBASE v3.8.2 IOT_2016_ixi with Danish sea-transport reallocation (Rørmose Jensen & Iliev 2022)
ITA,Italy,Europe,Coal and Petroleum,material_extraction,kt,0.00013345268465232468,2019,EXIOBASE v3.8.2 IOT_2016_ixi with Danish sea-transport reallocation (Rørmose Jensen & Iliev 2022)
IRL,Ireland,Europe,Transport,waste_generation,kt,0.00013018142782876812,2019,EXIOBASE v3.8.2 IOT_2016_ixi with Danish sea-transport reallocation (Rørmose Jensen & Iliev 2022)
POL,Poland,Europe,Paper Products,land_use,km2,0.00013004129307738605,2019,EXIOBASE v3.8.2 IOT_2016_ixi with Danish sea-transport reallocation (Rørmose Jensen & Iliev 2022)
SVN,Slovenia,Europe,Metal Products,land_use,km2,0.0001270503590392479,2019,EXIOBASE v3.8.2 IOT_2016_ixi with Danish sea-transport reallocation (Rørmose Jensen & Iliev 2022)
FIN,Finland,Europe,Minerals and Metals,blue_water_consumption,Mm3,0.00012629972950394523,2019,EXIOBASE v3.8.2 IOT_2016_ixi with Danish sea-transport reallocation (Rørmose Jensen & Iliev 2022)
LUX,Luxembourg,Europe,Chemical,blue_water_consumption,Mm3,0.00012484447931117055,2019,EXIOBASE v3.8.2 IOT_2016_ixi with Danish sea-transport reallocation (Rørmose Jensen & Iliev 2022)
IDN,Indonesia,Asia and Pacific,Paper Products,blue_water_consumption,Mm3,0.00012425284682373897,2019,EXIOBASE v3.8.2 IOT_2016_ixi with Danish sea-transport reallocation (Rørmose Jensen & Iliev 2022)
NLD,Netherlands,Europe,Transport,waste_generation,kt,0.00012325638706395806,2019,EXIOBASE v3.8.2 IOT_2016_ixi with Danish sea-transport reallocation (Rørmose Jensen & Iliev 2022)
HRV,Croatia,Europe,"Electrical, electronic and measuring equipment",blue_water_consumption,Mm3,0.000121237246204163,2019,EXIOBASE v3.8.2 IOT_2016_ixi with Danish sea-transport reallocation (Rørmose Jensen & Iliev 2022)
LUX,Luxembourg,Europe,Services,blue_water_consumption,Mm3,0.00012056285433693277,2019,EXIOBASE v3.8.2 IOT_2016_ixi with Danish sea-transport reallocation (Rørmose Jensen & Iliev 2022)
RUS,Russia,Europe,"Electrical, electronic and measuring equipment",blue_water_consumption,Mm3,0.0001200541884538163,2019,EXIOBASE v3.8.2 IOT_2016_ixi with Danish sea-transport reallocation (Rørmose Jensen & Iliev 2022)
CHE,Switzerland,Europe,General and special Machinery,blue_water_consumption,Mm3,0.00011807436426757745,2019,EXIOBASE v3.8.2 IOT_2016_ixi with Danish sea-transport reallocation (Rørmose Jensen & Iliev 2022)
IDN,Indonesia,Asia and Pacific,Metal Products,blue_water_consumption,Mm3,0.00011693864514154443,2019,EXIOBASE v3.8.2 IOT_2016_ixi with Danish sea-transport reallocation (Rørmose Jensen & Iliev 2022)
LTU,Lithuania,Europe,Natural gas and gaseous fuels,waste_generation,kt,0.0001152202915829983,2019,EXIOBASE v3.8.2 IOT_2016_ixi with Danish sea-transport reallocation (Rørmose Jensen & Iliev 2022)
IRL,Ireland,Europe,Furniture and timber,blue_water_consumption,Mm3,0.00011502746362215353,2019,EXIOBASE v3.8.2 IOT_2016_ixi with Danish sea-transport reallocation (Rørmose Jensen & Iliev 2022)
RUS,Russia,Europe,"Steam, hot water supply and water distribution",blue_water_consumption,Mm3,0.00011492660187056852,2019,EXIOBASE v3.8.2 IOT_2016_ixi with Danish sea-transport reallocation (Rørmose Jensen & Iliev 2022)
CYP,Cyprus,Middle East,Construction,waste_generation,kt,0.0001145630560803279,2019,EXIOBASE v3.8.2 IOT_2016_ixi with Danish sea-transport reallocation (Rørmose Jensen & Iliev 2022)
HRV,Croatia,Europe,Non-metallic mineral products,blue_water_consumption,Mm3,0.00011195759223495354,2019,EXIOBASE v3.8.2 IOT_2016_ixi with Danish sea-transport reallocation (Rørmose Jensen & Iliev 2022)
IRL,Ireland,Europe,Textile,waste_generation,kt,0.00011139145283271768,2019,EXIOBASE v3.8.2 IOT_2016_ixi with Danish sea-transport reallocation (Rørmose Jensen & Iliev 2022)
DEU,Germany,Europe,Waste management and disposal,blue_water_consumption,Mm3,0.00011111520495565943,2019,EXIOBASE v3.8.2 IOT_2016_ixi with Danish sea-transport reallocation (Rørmose Jensen & Iliev 2022)
BEL,Belgium,Europe,Minerals and Metals,land_use,km2,0.00010962672749827612,2019,EXIOBASE v3.8.2 IOT_2016_ixi with Danish sea-transport reallocation (Rørmose Jensen & Iliev 2022)
MEX,Mexico,America,Paper Products,land_use,km2,0.00010841907374227193,2019,EXIOBASE v3.8.2 IOT_2016_ixi with Danish sea-transport reallocation (Rørmose Jensen & Iliev 2022)
USA,United States,America,Transport Equipment,blue_water_consumption,Mm3,0.0001075995460301397,2019,EXIOBASE v3.8.2 IOT_2016_ixi with Danish sea-transport reallocation (Rørmose Jensen & Iliev 2022)
HUN,Hungary,Europe,Textile,land_use,km2,0.00010663289553847621,2019,EXIOBASE v3.8.2 IOT_2016_ixi with Danish sea-transport reallocation (Rørmose Jensen & Iliev 2022)
RoW Middle East,RoW Middle East,Middle East,Non-metallic mineral products,blue_water_consumption,Mm3,0.0001055272391512364,2019,EXIOBASE v3.8.2 IOT_2016_ixi with Danish sea-transport reallocation (Rørmose Jensen & Iliev 2022)
SVN,Slovenia,Europe,Waste management and disposal,land_use,km2,0.00010543211433461067,2019,EXIOBASE v3.8.2 IOT_2016_ixi with Danish sea-transport reallocation (Rørmose Jensen & Iliev 2022)
LVA,Latvia,Europe,Natural gas and gaseous fuels,waste_generation,kt,0.0001043424417289171,2019,EXIOBASE v3.8.2 IOT_2016_ixi with Danish sea-transport reallocation (Rørmose Jensen & Iliev 2022)
LTU,Lithuania,Europe,Transport Equipment,waste_generation,kt,0.0001021061098062712,2019,EXIOBASE v3.8.2 IOT_2016_ixi with Danish sea-transport reallocation (Rørmose Jensen & Iliev 2022)
HUN,Hungary,Europe,Textile,blue_water_consumption,Mm3,0.00010206980014659425,2019,EXIOBASE v3.8.2 IOT_2016_ixi with Danish sea-transport reallocation (Rørmose Jensen & Iliev 2022)
NOR,Norway,Europe,Minerals and Metals,blue_water_consumption,Mm3,9.971499790204076e-05,2019,EXIOBASE v3.8.2 IOT_2016_ixi with Danish sea-transport reallocation (Rørmose Jensen & Iliev 2022)
LUX,Luxembourg,Europe,"Steam, hot water supply and water distribution",climate_change,kt CO2eq,9.829455331981925e-05,2019,EXIOBASE v3.8.2 IOT_2016_ixi with Danish sea-transport reallocation (Rørmose Jensen & Iliev 2022)
ZAF,South Africa,Africa,Furniture and timber,blue_water_consumption,Mm3,9.681546777255553e-05,2019,EXIOBASE v3.8.2 IOT_2016_ixi with Danish sea-transport reallocation (Rørmose Jensen & Iliev 2022)
CAN,Canada,America,Textile,blue_water_consumption,Mm3,9.62472171992179e-05,2019,EXIOBASE v3.8.2 IOT_2016_ixi with Danish sea-transport reallocation (Rørmose Jensen & Iliev 2022)
BGR,Bulgaria,Europe,Waste management and disposal,blue_water_consumption,Mm3,9.569277448887094e-05,2019,EXIOBASE v3.8.2 IOT_2016_ixi with Danish sea-transport reallocation (Rørmose Jensen & Iliev 2022)
SVK,Slovakia,Europe,Transport Equipment,land_use,km2,9.562220294935157e-05,2019,EXIOBASE v3.8.2 IOT_2016_ixi with Danish sea-transport reallocation (Rørmose Jensen & Iliev 2022)
GRC,Greece,Europe,Non-metallic mineral products,blue_water_consumption,Mm3,9.45584759640449e-05,2019,EXIOBASE v3.8.2 IOT_2016_ixi with Danish sea-transport reallocation (Rørmose Jensen & Iliev 2022)
PRT,Portugal,Europe,General and special Machinery,blue_water_consumption,Mm3,9.264331162708322e-05,2019,EXIOBASE v3.8.2 IOT_2016_ixi with Danish sea-transport reallocation (Rørmose Jensen & Iliev 2022)
RoW Asia and Pacific,RoW Asia and Pacific,Asia and Pacific,"Electrical, electronic and measuring equipment",land_use,km2,9.262301521742356e-05,2019,EXIOBASE v3.8.2 IOT_2016_ixi with Danish sea-transport reallocation (Rørmose Jensen & Iliev 2022)
LTU,Lithuania,Europe,Metal Products,waste_generation,kt,9.249752904578375e-05,2019,EXIOBASE v3.8.2 IOT_2016_ixi with Danish sea-transport reallocation (Rørmose Jensen & Iliev 2022)
POL,Poland,Europe,Waste management and disposal,blue_water_consumption,Mm3,9.10645872643862e-05,2019,EXIOBASE v3.8.2 IOT_2016_ixi with Danish sea-transport reallocation (Rørmose Jensen & Iliev 2022)
ESP,Spain,Europe,Furniture and timber,blue_water_consumption,Mm3,8.8171358937057e-05,2019,EXIOBASE v3.8.2 IOT_2016_ixi with Danish sea-transport reallocation (Rørmose Jensen & Iliev 2022)
RoW Africa,RoW Africa,Africa,Construction,blue_water_consumption,Mm3,8.709217199738683e-05,2019,EXIOBASE v3.8.2 IOT_2016_ixi with Danish sea-transport reallocation (Rørmose Jensen & Iliev 2022)
LUX,Luxembourg,Europe,Textile,blue_water_consumption,Mm3,8.601084482254669e-05,2019,EXIOBASE v3.8.2 IOT_2016_ixi with Danish sea-transport reallocation (Rørmose Jensen & Iliev 2022)
EST,Estonia,Europe,General and special Machinery,waste_generation,kt,8.53022058034504e-05,2019,EXIOBASE v3.8.2 IOT_2016_ixi with Danish sea-transport reallocation (Rørmose Jensen & Iliev 2022)
POL,Poland,Europe,Transport Equipment,blue_water_consumption,Mm3,8.29968867003844e-05,2019,EXIOBASE v3.8.2 IOT_2016_ixi with Danish sea-transport reallocation (Rørmose Jensen & Iliev 2022)
SVN,Slovenia,Europe,Metal Products,blue_water_consumption,Mm3,8.295579721599901e-05,2019,EXIOBASE v3.8.2 IOT_2016_ixi with Danish sea-transport reallocation (Rørmose Jensen & Iliev 2022)
USA,United States,America,Minerals and Metals,waste_generation,kt,8.265542081374186e-05,2019,EXIOBASE v3.8.2 IOT_2016_ixi with Danish sea-transport reallocation (Rørmose Jensen & Iliev 2022)
LVA,Latvia,Europe,"Electrical, electronic and measuring equipment",waste_generation,kt,8.23377574614994e-05,2019,EXIOBASE v3.8.2 IOT_2016_ixi with Danish sea-transport reallocation (Rørmose Jensen & Iliev 2022)
TWN,Taiwan,Asia and Pacific,Textile,land_use,km2,8.212273955830546e-05,2019,EXIOBASE v3.8.2 IOT_2016_ixi with Danish sea-transport reallocation (Rørmose Jensen & Iliev 2022)
PRT,Portugal,Europe,"Steam, hot water supply and water distribution",waste_generation,kt,8.187653423652816e-05,2019,EXIOBASE v3.8.2 IOT_2016_ixi with Danish sea-transport reallocation (Rørmose Jensen & Iliev 2022)
POL,Poland,Europe,Coal and Petroleum,land_use,km2,8.171485304872821e-05,2019,EXIOBASE v3.8.2 IOT_2016_ixi with Danish sea-transport reallocation (Rørmose Jensen & Iliev 2022)
AUT,Austria,Europe,Textile,blue_water_consumption,Mm3,8.165607793751884e-05,2019,EXIOBASE v3.8.2 IOT_2016_ixi with Danish sea-transport reallocation (Rørmose Jensen & Iliev 2022)
MLT,Malta,Europe,Natural gas and gaseous fuels,climate_change,kt CO2eq,8.004621633838529e-05,2019,EXIOBASE v3.8.2 IOT_2016_ixi with Danish sea-transport reallocation (Rørmose Jensen & Iliev 2022)
CAN,Canada,America,Furniture and timber,blue_water_consumption,Mm3,7.932168049119368e-05,2019,EXIOBASE v3.8.2 IOT_2016_ixi with Danish sea-transport reallocation (Rørmose Jensen & Iliev 2022)
RoW Middle East,RoW Middle East,Middle East,General and special Machinery,blue_water_consumption,Mm3,7.86217076182683e-05,2019,EXIOBASE v3.8.2 IOT_2016_ixi with Danish sea-transport reallocation (Rørmose Jensen & Iliev 2022)
LVA,Latvia,Europe,Transport Equipment,waste_generation,kt,7.860468459579289e-05,2019,EXIOBASE v3.8.2 IOT_2016_ixi with Danish sea-transport reallocation (Rørmose Jensen & Iliev 2022)
HRV,Croatia,Europe,Transport Equipment,waste_generation,kt,7.827453546122807e-05,2019,EXIOBASE v3.8.2 IOT_2016_ixi with Danish sea-transport reallocation (Rørmose Jensen & Iliev 2022)
SVK,Slovakia,Europe,Textile,land_use,km2,7.752703022076768e-05,2019,EXIOBASE v3.8.2 IOT_2016_ixi with Danish sea-transport reallocation (Rørmose Jensen & Iliev 2022)
RoW Middle East,RoW Middle East,Middle East,Natural gas and gaseous fuels,land_use,km2,7.694654879145055e-05,2019,EXIOBASE v3.8.2 IOT_2016_ixi with Danish sea-transport reallocation (Rørmose Jensen & Iliev 2022)
ZAF,South Africa,Africa,Transport Equipment,blue_water_consumption,Mm3,7.684967742142154e-05,2019,EXIOBASE v3.8.2 IOT_2016_ixi with Danish sea-transport reallocation (Rørmose Jensen & Iliev 2022)
USA,United States,America,Services,land_use,km2,7.684715994114804e-05,2019,EXIOBASE v3.8.2 IOT_2016_ixi with Danish sea-transport reallocation (Rørmose Jensen & Iliev 2022)
IDN,Indonesia,Asia and Pacific,Textile,blue_water_consumption,Mm3,7.683465420297905e-05,2019,EXIOBASE v3.8.2 IOT_2016_ixi with Danish sea-transport reallocation (Rørmose Jensen & Iliev 2022)
IRL,Ireland,Europe,Transport Equipment,waste_generation,kt,7.678455395526647e-05,2019,EXIOBASE v3.8.2 IOT_2016_ixi with Danish sea-transport reallocation (Rørmose Jensen & Iliev 2022)
TUR,Turkey,Middle East,"Electrical, electronic and measuring equipment",blue_water_consumption,Mm3,7.637640727644793e-05,2019,EXIOBASE v3.8.2 IOT_2016_ixi with Danish sea-transport reallocation (Rørmose Jensen & Iliev 2022)
BGR,Bulgaria,Europe,Transport,blue_water_consumption,Mm3,7.599724869643519e-05,2019,EXIOBASE v3.8.2 IOT_2016_ixi with Danish sea-transport reallocation (Rørmose Jensen & Iliev 2022)
CYP,Cyprus,Middle East,Textile,climate_change,kt CO2eq,7.527827489238978e-05,2019,EXIOBASE v3.8.2 IOT_2016_ixi with Danish sea-transport reallocation (Rørmose Jensen & Iliev 2022)
SVN,Slovenia,Europe,Coal and Petroleum,waste_generation,kt,7.491397659080454e-05,2019,EXIOBASE v3.8.2 IOT_2016_ixi with Danish sea-transport reallocation (Rørmose Jensen & Iliev 2022)
POL,Poland,Europe,"Steam, hot water supply and water distribution",blue_water_consumption,Mm3,7.421384814437468e-05,2019,EXIOBASE v3.8.2 IOT_2016_ixi with Danish sea-transport reallocation (Rørmose Jensen & Iliev 2022)
DEU,Germany,Europe,Natural gas and gaseous fuels,blue_water_consumption,Mm3,7.367424560010721e-05,2019,EXIOBASE v3.8.2 IOT_2016_ixi with Danish sea-transport reallocation (Rørmose Jensen & Iliev 2022)
LVA,Latvia,Europe,Furniture and timber,blue_water_consumption,Mm3,7.361352019703383e-05,2019,EXIOBASE v3.8.2 IOT_2016_ixi with Danish sea-transport reallocation (Rørmose Jensen & Iliev 2022)
LTU,Lithuania,Europe,Metal Products,blue_water_consumption,Mm3,7.276247914379519e-05,2019,EXIOBASE v3.8.2 IOT_2016_ixi with Danish sea-transport reallocation (Rørmose Jensen & Iliev 2022)
LUX,Luxembourg,Europe,"Electrical, electronic and measuring equipment",blue_water_consumption,Mm3,7.258156307449788e-05,2019,EXIOBASE v3.8.2 IOT_2016_ixi with Danish sea-transport reallocation (Rørmose Jensen & Iliev 2022)
DNK,Denmark,Denmark,Services,blue_water_consumption,Mm3,7.198402130308943e-05,2019,EXIOBASE v3.8.2 IOT_2016_ixi with Danish sea-transport reallocation (Rørmose Jensen & Iliev 2022)
ROU,Romania,Europe,Natural gas and gaseous fuels,waste_generation,kt,7.156155945136904e-05,2019,EXIOBASE v3.8.2 IOT_2016_ixi with Danish sea-transport reallocation (Rørmose Jensen & Iliev 2022)
RoW Africa,RoW Africa,Africa,General and special Machinery,material_extraction,kt,7.05711301012861e-05,2019,EXIOBASE v3.8.2 IOT_2016_ixi with Danish sea-transport reallocation (Rørmose Jensen & Iliev 2022)
BGR,Bulgaria,Europe,"Steam, hot water supply and water distribution",blue_water_consumption,Mm3,7.015442354555603e-05,2019,EXIOBASE v3.8.2 IOT_2016_ixi with Danish sea-transport reallocation (Rørmose Jensen & Iliev 2022)
USA,United States,America,Natural gas and gaseous fuels,waste_generation,kt,6.807343270299939e-05,2019,EXIOBASE v3.8.2 IOT_2016_ixi with Danish sea-transport reallocation (Rørmose Jensen & Iliev 2022)
LTU,Lithuania,Europe,Non-metallic mineral products,blue_water_consumption,Mm3,6.804449797644589e-05,2019,EXIOBASE v3.8.2 IOT_2016_ixi with Danish sea-transport reallocation (Rørmose Jensen & Iliev 2022)
MLT,Malta,Europe,Transport,land_use,km2,6.763244791965836e-05,2019,EXIOBASE v3.8.2 IOT_2016_ixi with Danish sea-transport reallocation (Rørmose Jensen & Iliev 2022)
LUX,Luxembourg,Europe,Electricity,waste_generation,kt,6.668036170639446e-05,2019,EXIOBASE v3.8.2 IOT_2016_ixi with Danish sea-transport reallocation (Rørmose Jensen & Iliev 2022)
SVN,Slovenia,Europe,Chemical,blue_water_consumption,Mm3,6.666919032456742e-05,2019,EXIOBASE v3.8.2 IOT_2016_ixi with Danish sea-transport reallocation (Rørmose Jensen & Iliev 2022)
POL,Poland,Europe,Minerals and Metals,land_use,km2,6.600328036553036e-05,2019,EXIOBASE v3.8.2 IOT_2016_ixi with Danish sea-transport reallocation (Rørmose Jensen & Iliev 2022)
RoW Africa,RoW Africa,Africa,Services,material_extraction,kt,6.582842932588193e-05,2019,EXIOBASE v3.8.2 IOT_2016_ixi with Danish sea-transport reallocation (Rørmose Jensen & Iliev 2022)
CYP,Cyprus,Middle East,Chemical,blue_water_consumption,Mm3,6.572685285968174e-05,2019,EXIOBASE v3.8.2 IOT_2016_ixi with Danish sea-transport reallocation (Rørmose Jensen & Iliev 2022)
USA,United States,America,Waste management and disposal,blue_water_consumption,Mm3,6.554621260088487e-05,2019,EXIOBASE v3.8.2 IOT_2016_ixi with Danish sea-transport reallocation (Rørmose Jensen & Iliev 2022)
IDN,Indonesia,Asia and Pacific,Furniture and timber,blue_water_consumption,Mm3,6.513595523125814e-05,2019,EXIOBASE v3.8.2 IOT_2016_ixi with Danish sea-transport reallocation (Rørmose Jensen & Iliev 2022)
HRV,Croatia,Europe,Waste management and disposal,land_use,km2,6.463726315044792e-05,2019,EXIOBASE v3.8.2 IOT_2016_ixi with Danish sea-transport reallocation (Rørmose Jensen & Iliev 2022)
ROU,Romania,Europe,Minerals and Metals,waste_generation,kt,6.456802941577102e-05,2019,EXIOBASE v3.8.2 IOT_2016_ixi with Danish sea-transport reallocation (Rørmose Jensen & Iliev 2022)
BGR,Bulgaria,Europe,Coal and Petroleum,blue_water_consumption,Mm3,6.454857478697043e-05,2019,EXIOBASE v3.8.2 IOT_2016_ixi with Danish sea-transport reallocation (Rørmose Jensen & Iliev 2022)
LTU,Lithuania,Europe,Services,blue_water_consumption,Mm3,6.353756130509175e-05,2019,EXIOBASE v3.8.2 IOT_2016_ixi with Danish sea-transport reallocation (Rørmose Jensen & Iliev 2022)
HUN,Hungary,Europe,Natural gas and gaseous fuels,material_extraction,kt,6.343903829008004e-05,2019,EXIOBASE v3.8.2 IOT_2016_ixi with Danish sea-transport reallocation (Rørmose Jensen & Iliev 2022)
LUX,Luxembourg,Europe,Transport Equipment,waste_generation,kt,6.31615175075065e-05,2019,EXIOBASE v3.8.2 IOT_2016_ixi with Danish sea-transport reallocation (Rørmose Jensen & Iliev 2022)
RoW America,RoW America,America,Natural gas and gaseous fuels,blue_water_consumption,Mm3,6.286732125182062e-05,2019,EXIOBASE v3.8.2 IOT_2016_ixi with Danish sea-transport reallocation (Rørmose Jensen & Iliev 2022)
ESP,Spain,Europe,Non-metallic mineral products,blue_water_consumption,Mm3,6.270936522292552e-05,2019,EXIOBASE v3.8.2 IOT_2016_ixi with Danish sea-transport reallocation (Rørmose Jensen & Iliev 2022)
AUS,Australia,Asia and Pacific,"Steam, hot water supply and water distribution",climate_change,kt CO2eq,6.216313010674738e-05,2019,EXIOBASE v3.8.2 IOT_2016_ixi with Danish sea-transport reallocation (Rørmose Jensen & Iliev 2022)
FIN,Finland,Europe,Coal and Petroleum,blue_water_consumption,Mm3,6.214785794735826e-05,2019,EXIOBASE v3.8.2 IOT_2016_ixi with Danish sea-transport reallocation (Rørmose Jensen & Iliev 2022)
ITA,Italy,Europe,Transport,blue_water_consumption,Mm3,6.18656118855809e-05,2019,EXIOBASE v3.8.2 IOT_2016_ixi with Danish sea-transport reallocation (Rørmose Jensen & Iliev 2022)
SWE,Sweden,Europe,Minerals and Metals,blue_water_consumption,Mm3,6.126026354663324e-05,2019,EXIOBASE v3.8.2 IOT_2016_ixi with Danish sea-transport reallocation (Rørmose Jensen & Iliev 2022)
MEX,Mexico,America,Paper Products,blue_water_consumption,Mm3,6.10613391835672e-05,2019,EXIOBASE v3.8.2 IOT_2016_ixi with Danish sea-transport reallocation (Rørmose Jensen & Iliev 2022)
RoW Middle East,RoW Middle East,Middle East,Transport,blue_water_consumption,Mm3,6.103332922191458e-05,2019,EXIOBASE v3.8.2 IOT_2016_ixi with Danish sea-transport reallocation (Rørmose Jensen & Iliev 2022)
CZE,Czech Republic,Europe,"Electrical, electronic and measuring equipment",blue_water_consumption,Mm3,6.014788672663899e-05,2019,EXIOBASE v3.8.2 IOT_2016_ixi with Danish sea-transport reallocation (Rørmose Jensen & Iliev 2022)
DNK,Denmark,Denmark,Minerals and Metals,blue_water_consumption,Mm3,6.010190278856059e-05,2019,EXIOBASE v3.8.2 IOT_2016_ixi with Danish sea-transport reallocation (Rørmose Jensen & Iliev 2022)
AUS,Australia,Asia and Pacific,General and special Machinery,blue_water_consumption,Mm3,5.998587664194979e-05,2019,EXIOBASE v3.8.2 IOT_2016_ixi with Danish sea-transport reallocation (Rørmose Jensen & Iliev 2022)
CAN,Canada,America,Non-metallic mineral products,blue_water_consumption,Mm3,5.845666311268737e-05,2019,EXIOBASE v3.8.2 IOT_2016_ixi with Danish sea-transport reallocation (Rørmose Jensen & Iliev 2022)
IRL,Ireland,Europe,Furniture and timber,material_extraction,kt,5.746563854730191e-05,2019,EXIOBASE v3.8.2 IOT_2016_ixi with Danish sea-transport reallocation (Rørmose Jensen & Iliev 2022)
EST,Estonia,Europe,"Electrical, electronic and measuring equipment",blue_water_consumption,Mm3,5.715231994085983e-05,2019,EXIOBASE v3.8.2 IOT_2016_ixi with Danish sea-transport reallocation (Rørmose Jensen & Iliev 2022)
GRC,Greece,Europe,Textile,blue_water_consumption,Mm3,5.6073594586465163e-05,2019,EXIOBASE v3.8.2 IOT_2016_ixi with Danish sea-transport reallocation (Rørmose Jensen & Iliev 2022)
CAN,Canada,America,"Steam, hot water supply and water distribution",material_extraction,kt,5.600385862727441e-05,2019,EXIOBASE v3.8.2 IOT_2016_ixi with Danish sea-transport reallocation (Rørmose Jensen & Iliev 2022)
CZE,Czech Republic,Europe,Coal and Petroleum,land_use,km2,5.593171736719932e-05,2019,EXIOBASE v3.8.2 IOT_2016_ixi with Danish sea-transport reallocation (Rørmose Jensen & Iliev 2022)
CYP,Cyprus,Middle East,Paper Products,blue_water_consumption,Mm3,5.585976494616234e-05,2019,EXIOBASE v3.8.2 IOT_2016_ixi with Danish sea-transport reallocation (Rørmose Jensen & Iliev 2022)
BEL,Belgium,Europe,Transport Equipment,blue_water_consumption,Mm3,5.5517407008824834e-05,2019,EXIOBASE v3.8.2 IOT_2016_ixi with Danish sea-transport reallocation (Rørmose Jensen & Iliev 2022)
TWN,Taiwan,Asia and Pacific,Electricity,blue_water_consumption,Mm3,5.541509658440541e-05,2019,EXIOBASE v3.8.2 IOT_2016_ixi with Danish sea-transport reallocation (Rørmose Jensen & Iliev 2022)
BGR,Bulgaria,Europe,Metal Products,land_use,km2,5.513744418549444e-05,2019,EXIOBASE v3.8.2 IOT_2016_ixi with Danish sea-transport reallocation (Rørmose Jensen & Iliev 2022)
POL,Poland,Europe,Natural gas and gaseous fuels,blue_water_consumption,Mm3,5.482585308718115e-05,2019,EXIOBASE v3.8.2 IOT_2016_ixi with Danish sea-transport reallocation (Rørmose Jensen & Iliev 2022)
AUT,Austria,Europe,Minerals and Metals,waste_generation,kt,5.4735321582231646e-05,2019,EXIOBASE v3.8.2 IOT_2016_ixi with Danish sea-transport reallocation (Rørmose Jensen & Iliev 2022)
NOR,Norway,Europe,Furniture and timber,material_extraction,kt,5.423440199098778e-05,2019,EXIOBASE v3.8.2 IOT_2016_ixi with Danish sea-transport reallocation (Rørmose Jensen & Iliev 2022)
HRV,Croatia,Europe,Furniture and timber,blue_water_consumption,Mm3,5.373149590986131e-05,2019,EXIOBASE v3.8.2 IOT_2016_ixi with Danish sea-transport reallocation (Rørmose Jensen & Iliev 2022)
CHE,Switzerland,Europe,Construction,blue_water_consumption,Mm3,5.371285353188341e-05,2019,EXIOBASE v3.8.2 IOT_2016_ixi with Danish sea-transport reallocation (Rørmose Jensen & Iliev 2022)
POL,Poland,Europe,Transport Equipment,material_extraction,kt,5.362544619484113e-05,2019,EXIOBASE v3.8.2 IOT_2016_ixi with Danish sea-transport reallocation (Rørmose Jensen & Iliev 2022)
EST,Estonia,Europe,Coal and Petroleum,waste_generation,kt,5.351565144799768e-05,2019,EXIOBASE v3.8.2 IOT_2016_ixi with Danish sea-transport reallocation (Rørmose Jensen & Iliev 2022)
ESP,Spain,Europe,"Steam, hot water supply and water distribution",waste_generation,kt,5.2920699180328626e-05,2019,EXIOBASE v3.8.2 IOT_2016_ixi with Danish sea-transport reallocation (Rørmose Jensen & Iliev 2022)
MLT,Malta,Europe,Services,blue_water_consumption,Mm3,5.171620441992478e-05,2019,EXIOBASE v3.8.2 IOT_2016_ixi with Danish sea-transport reallocation (Rørmose Jensen & Iliev 2022)
IRL,Ireland,Europe,Minerals and Metals,waste_generation,kt,5.154485193848706e-05,2019,EXIOBASE v3.8.2 IOT_2016_ixi with Danish sea-transport reallocation (Rørmose Jensen & Iliev 2022)
EST,Estonia,Europe,Services,blue_water_consumption,Mm3,5.102822400651513e-05,2019,EXIOBASE v3.8.2 IOT_2016_ixi with Danish sea-transport reallocation (Rørmose Jensen & Iliev 2022)
CAN,Canada,America,Natural gas and gaseous fuels,blue_water_consumption,Mm3,4.98322693239698e-05,2019,EXIOBASE v3.8.2 IOT_2016_ixi with Danish sea-transport reallocation (Rørmose Jensen & Iliev 2022)
HRV,Croatia,Europe,Textile,blue_water_consumption,Mm3,4.970026455636413e-05,2019,EXIOBASE v3.8.2 IOT_2016_ixi with Danish sea-transport reallocation (Rørmose Jensen & Iliev 2022)
CYP,Cyprus,Middle East,"Electrical, electronic and measuring equipment",climate_change,kt CO2eq,4.948184738153654e-05,2019,EXIOBASE v3.8.2 IOT_2016_ixi with Danish sea-transport reallocation (Rørmose Jensen & Iliev 2022)
HUN,Hungary,Europe,Metal Products,land_use,km2,4.925336403666079e-05,2019,EXIOBASE v3.8.2 IOT_2016_ixi with Danish sea-transport reallocation (Rørmose Jensen & Iliev 2022)
POL,Poland,Europe,Construction,blue_water_consumption,Mm3,4.9079230495123885e-05,2019,EXIOBASE v3.8.2 IOT_2016_ixi with Danish sea-transport reallocation (Rørmose Jensen & Iliev 2022)
SWE,Sweden,Europe,Minerals and Metals,land_use,km2,4.887188194048106e-05,2019,EXIOBASE v3.8.2 IOT_2016_ixi with Danish sea-transport reallocation (Rørmose Jensen & Iliev 2022)
ROU,Romania,Europe,Furniture and timber,blue_water_consumption,Mm3,4.824390788176186e-05,2019,EXIOBASE v3.8.2 IOT_2016_ixi with Danish sea-transport reallocation (Rørmose Jensen & Iliev 2022)
LUX,Luxembourg,Europe,Natural gas and gaseous fuels,climate_change,kt CO2eq,4.816183566779136e-05,2019,EXIOBASE v3.8.2 IOT_2016_ixi with Danish sea-transport reallocation (Rørmose Jensen & Iliev 2022)
EST,Estonia,Europe,Natural gas and gaseous fuels,waste_generation,kt,4.780591392391191e-05,2019,EXIOBASE v3.8.2 IOT_2016_ixi with Danish sea-transport reallocation (Rørmose Jensen & Iliev 2022)
BRA,Brazil,America,Natural gas and gaseous fuels,waste_generation,kt,4.685324377779806e-05,2019,EXIOBASE v3.8.2 IOT_2016_ixi with Danish sea-transport reallocation (Rørmose Jensen & Iliev 2022)
AUT,Austria,Europe,"Electrical, electronic and measuring equipment",blue_water_consumption,Mm3,4.600357386494838e-05,2019,EXIOBASE v3.8.2 IOT_2016_ixi with Danish sea-transport reallocation (Rørmose Jensen & Iliev 2022)
CZE,Czech Republic,Europe,Natural gas and gaseous fuels,land_use,km2,4.590209975622597e-05,2019,EXIOBASE v3.8.2 IOT_2016_ixi with Danish sea-transport reallocation (Rørmose Jensen & Iliev 2022)
CYP,Cyprus,Middle East,Metal Products,blue_water_consumption,Mm3,4.574570634477991e-05,2019,EXIOBASE v3.8.2 IOT_2016_ixi with Danish sea-transport reallocation (Rørmose Jensen & Iliev 2022)
CZE,Czech Republic,Europe,Furniture and timber,blue_water_consumption,Mm3,4.498149090150616e-05,2019,EXIOBASE v3.8.2 IOT_2016_ixi with Danish sea-transport reallocation (Rørmose Jensen & Iliev 2022)
PRT,Portugal,Europe,Minerals and Metals,waste_generation,kt,4.3989241395580854e-05,2019,EXIOBASE v3.8.2 IOT_2016_ixi with Danish sea-transport reallocation (Rørmose Jensen & Iliev 2022)
MEX,Mexico,America,Transport Equipment,blue_water_consumption,Mm3,4.398341681194141e-05,2019,EXIOBASE v3.8.2 IOT_2016_ixi with Danish sea-transport reallocation (Rørmose Jensen & Iliev 2022)
POL,Poland,Europe,Electricity,land_use,km2,4.3522279591598044e-05,2019,EXIOBASE v3.8.2 IOT_2016_ixi with Danish sea-transport reallocation (Rørmose Jensen & Iliev 2022)
LUX,Luxembourg,Europe,Natural gas and gaseous fuels,waste_generation,kt,4.324896092986963e-05,2019,EXIOBASE v3.8.2 IOT_2016_ixi with Danish sea-transport reallocation (Rørmose Jensen & Iliev 2022)
BEL,Belgium,Europe,Construction,blue_water_consumption,Mm3,4.287174035117064e-05,2019,EXIOBASE v3.8.2 IOT_2016_ixi with Danish sea-transport reallocation (Rørmose Jensen & Iliev 2022)
JPN,Japan,Asia and Pacific,Transport,waste_generation,kt,4.249062293557616e-05,2019,EXIOBASE v3.8.2 IOT_2016_ixi with Danish sea-transport reallocation (Rørmose Jensen & Iliev 2022)
HRV,Croatia,Europe,General and special Machinery,blue_water_consumption,Mm3,4.228270365672129e-05,2019,EXIOBASE v3.8.2 IOT_2016_ixi with Danish sea-transport reallocation (Rørmose Jensen & Iliev 2022)
BGR,Bulgaria,Europe,Minerals and Metals,waste_generation,kt,4.0961139195299746e-05,2019,EXIOBASE v3.8.2 IOT_2016_ixi with Danish sea-transport reallocation (Rørmose Jensen & Iliev 2022)
NOR,Norway,Europe,Transport Equipment,material_extraction,kt,4.013147937677425e-05,2019,EXIOBASE v3.8.2 IOT_2016_ixi with Danish sea-transport reallocation (Rørmose Jensen & Iliev 2022)
SVK,Slovakia,Europe,Construction,blue_water_consumption,Mm3,4.005222787218977e-05,2019,EXIOBASE v3.8.2 IOT_2016_ixi with Danish sea-transport reallocation (Rørmose Jensen & Iliev 2022)
HUN,Hungary,Europe,Transport,blue_water_consumption,Mm3,3.974539164130869e-05,2019,EXIOBASE v3.8.2 IOT_2016_ixi with Danish sea-transport reallocation (Rørmose Jensen & Iliev 2022)
LTU,Lithuania,Europe,Electricity,waste_generation,kt,3.9406217720508806e-05,2019,EXIOBASE v3.8.2 IOT_2016_ixi with Danish sea-transport reallocation (Rørmose Jensen & Iliev 2022)
JPN,Japan,Asia and Pacific,"Steam, hot water supply and water distribution",waste_generation,kt,3.841922533521473e-05,2019,EXIOBASE v3.8.2 IOT_2016_ixi with Danish sea-transport reallocation (Rørmose Jensen & Iliev 2022)
LUX,Luxembourg,Europe,Natural gas and gaseous fuels,land_use,km2,3.77574904859547e-05,2019,EXIOBASE v3.8.2 IOT_2016_ixi with Danish sea-transport reallocation (Rørmose Jensen & Iliev 2022)
DNK,Denmark,Denmark,Construction,blue_water_consumption,Mm3,3.68316248064041e-05,2019,EXIOBASE v3.8.2 IOT_2016_ixi with Danish sea-transport reallocation (Rørmose Jensen & Iliev 2022)
IND,India,Asia and Pacific,"Electrical, electronic and measuring equipment",material_extraction,kt,3.661159740758953e-05,2019,EXIOBASE v3.8.2 IOT_2016_ixi with Danish sea-transport reallocation (Rørmose Jensen & Iliev 2022)
SVK,Slovakia,Europe,Minerals and Metals,blue_water_consumption,Mm3,3.64514880573016e-05,2019,EXIOBASE v3.8.2 IOT_2016_ixi with Danish sea-transport reallocation (Rørmose Jensen & Iliev 2022)
AUT,Austria,Europe,General and special Machinery,blue_water_consumption,Mm3,3.636882523888361e-05,2019,EXIOBASE v3.8.2 IOT_2016_ixi with Danish sea-transport reallocation (Rørmose Jensen & Iliev 2022)
LVA,Latvia,Europe,Services,land_use,km2,3.607514599330418e-05,2019,EXIOBASE v3.8.2 IOT_2016_ixi with Danish sea-transport reallocation (Rørmose Jensen & Iliev 2022)
MEX,Mexico,America,General and special Machinery,land_use,km2,3.59148322489939e-05,2019,EXIOBASE v3.8.2 IOT_2016_ixi with Danish sea-transport reallocation (Rørmose Jensen & Iliev 2022)
MEX,Mexico,America,Waste management and disposal,waste_generation,kt,3.586274353501599e-05,2019,EXIOBASE v3.8.2 IOT_2016_ixi with Danish sea-transport reallocation (Rørmose Jensen & Iliev 2022)
BEL,Belgium,Europe,"Steam, hot water supply and water distribution",waste_generation,kt,3.566189232961957e-05,2019,EXIOBASE v3.8.2 IOT_2016_ixi with Danish sea-transport reallocation (Rørmose Jensen & Iliev 2022)
DEU,Germany,Europe,Metal Products,material_extraction,kt,3.5639254715219506e-05,2019,EXIOBASE v3.8.2 IOT_2016_ixi with Danish sea-transport reallocation (Rørmose Jensen & Iliev 2022)
IRL,Ireland,Europe,Coal and Petroleum,blue_water_consumption,Mm3,3.563451789361125e-05,2019,EXIOBASE v3.8.2 IOT_2016_ixi with Danish sea-transport reallocation (Rørmose Jensen & Iliev 2022)
JPN,Japan,Asia and Pacific,Electricity,blue_water_consumption,Mm3,3.539087090548874e-05,2019,EXIOBASE v3.8.2 IOT_2016_ixi with Danish sea-transport reallocation (Rørmose Jensen & Iliev 2022)
BGR,Bulgaria,Europe,Transport Equipment,blue_water_consumption,Mm3,3.531882700839234e-05,2019,EXIOBASE v3.8.2 IOT_2016_ixi with Danish sea-transport reallocation (Rørmose Jensen & Iliev 2022)
TUR,Turkey,Middle East,Coal and Petroleum,blue_water_consumption,Mm3,3.530860844565854e-05,2019,EXIOBASE v3.8.2 IOT_2016_ixi with Danish sea-transport reallocation (Rørmose Jensen & Iliev 2022)
FIN,Finland,Europe,General and special Machinery,blue_water_consumption,Mm3,3.5281638884474245e-05,2019,EXIOBASE v3.8.2 IOT_2016_ixi with Danish sea-transport reallocation (Rørmose Jensen & Iliev 2022)
CZE,Czech Republic,Europe,General and special Machinery,blue_water_consumption,Mm3,3.523721135696837e-05,2019,EXIOBASE v3.8.2 IOT_2016_ixi with Danish sea-transport reallocation (Rørmose Jensen & Iliev 2022)
CZE,Czech Republic,Europe,Coal and Petroleum,blue_water_consumption,Mm3,3.451845397966433e-05,2019,EXIOBASE v3.8.2 IOT_2016_ixi with Danish sea-transport reallocation (Rørmose Jensen & Iliev 2022)
LUX,Luxembourg,Europe,Paper Products,blue_water_consumption,Mm3,3.411072677181308e-05,2019,EXIOBASE v3.8.2 IOT_2016_ixi with Danish sea-transport reallocation (Rørmose Jensen & Iliev 2022)
BRA,Brazil,America,Services,blue_water_consumption,Mm3,3.408261920538936e-05,2019,EXIOBASE v3.8.2 IOT_2016_ixi with Danish sea-transport reallocation (Rørmose Jensen & Iliev 2022)
AUT,Austria,Europe,Waste management and disposal,blue_water_consumption,Mm3,3.389129608657405e-05,2019,EXIOBASE v3.8.2 IOT_2016_ixi with Danish sea-transport reallocation (Rørmose Jensen & Iliev 2022)
ZAF,South Africa,Africa,Services,blue_water_consumption,Mm3,3.350310937946396e-05,2019,EXIOBASE v3.8.2 IOT_2016_ixi with Danish sea-transport reallocation (Rørmose Jensen & Iliev 2022)
ESP,Spain,Europe,Coal and Petroleum,blue_water_consumption,Mm3,3.334857291950449e-05,2019,EXIOBASE v3.8.2 IOT_2016_ixi with Danish sea-transport reallocation (Rørmose Jensen & Iliev 2022)
MLT,Malta,Europe,Waste management and disposal,waste_generation,kt,3.2939380538478743e-05,2019,EXIOBASE v3.8.2 IOT_2016_ixi with Danish sea-transport reallocation (Rørmose Jensen & Iliev 2022)
LTU,Lithuania,Europe,General and special Machinery,waste_generation,kt,3.293452906164658e-05,2019,EXIOBASE v3.8.2 IOT_2016_ixi with Danish sea-transport reallocation (Rørmose Jensen & Iliev 2022)
TUR,Turkey,Middle East,General and special Machinery,blue_water_consumption,Mm3,3.262763282205849e-05,2019,EXIOBASE v3.8.2 IOT_2016_ixi with Danish sea-transport reallocation (Rørmose Jensen & Iliev 2022)
SVK,Slovakia,Europe,Construction,land_use,km2,3.218324543356928e-05,2019,EXIOBASE v3.8.2 IOT_2016_ixi with Danish sea-transport reallocation (Rørmose Jensen & Iliev 2022)
CHE,Switzerland,Europe,Furniture and timber,blue_water_consumption,Mm3,3.200104088505061e-05,2019,EXIOBASE v3.8.2 IOT_2016_ixi with Danish sea-transport reallocation (Rørmose Jensen & Iliev 2022)
RUS,Russia,Europe,Transport Equipment,land_use,km2,3.193284872802761e-05,2019,EXIOBASE v3.8.2 IOT_2016_ixi with Danish sea-transport reallocation (Rørmose Jensen & Iliev 2022)
CYP,Cyprus,Middle East,Furniture and timber,waste_generation,kt,3.191942631616026e-05,2019,EXIOBASE v3.8.2 IOT_2016_ixi with Danish sea-transport reallocation (Rørmose Jensen & Iliev 2022)
RoW America,RoW America,America,Construction,blue_water_consumption,Mm3,3.181587014991877e-05,2019,EXIOBASE v3.8.2 IOT_2016_ixi with Danish sea-transport reallocation (Rørmose Jensen & Iliev 2022)
DEU,Germany,Europe,Minerals and Metals,blue_water_consumption,Mm3,3.082256163794692e-05,2019,EXIOBASE v3.8.2 IOT_2016_ixi with Danish sea-transport reallocation (Rørmose Jensen & Iliev 2022)
BEL,Belgium,Europe,Furniture and timber,blue_water_consumption,Mm3,3.076119371759891e-05,2019,EXIOBASE v3.8.2 IOT_2016_ixi with Danish sea-transport reallocation (Rørmose Jensen & Iliev 2022)
AUS,Australia,Asia and Pacific,Non-metallic mineral products,blue_water_consumption,Mm3,2.9855189029501847e-05,2019,EXIOBASE v3.8.2 IOT_2016_ixi with Danish sea-transport reallocation (Rørmose Jensen & Iliev 2022)
IND,India,Asia and Pacific,Food and catering,material_extraction,kt,2.900666254854454e-05,2019,EXIOBASE v3.8.2 IOT_2016_ixi with Danish sea-transport reallocation (Rørmose Jensen & Iliev 2022)
CHE,Switzerland,Europe,Waste management and disposal,blue_water_consumption,Mm3,2.8653644533575473e-05,2019,EXIOBASE v3.8.2 IOT_2016_ixi with Danish sea-transport reallocation (Rørmose Jensen & Iliev 2022)
RUS,Russia,Europe,Transport Equipment,blue_water_consumption,Mm3,2.858199019185689e-05,2019,EXIOBASE v3.8.2 IOT_2016_ixi with Danish sea-transport reallocation (Rørmose Jensen & Iliev 2022)
LTU,Lithuania,Europe,Minerals and Metals,waste_generation,kt,2.8496046467189166e-05,2019,EXIOBASE v3.8.2 IOT_2016_ixi with Danish sea-transport reallocation (Rørmose Jensen & Iliev 2022)
HUN,Hungary,Europe,Paper Products,land_use,km2,2.8468333857737282e-05,2019,EXIOBASE v3.8.2 IOT_2016_ixi with Danish sea-transport reallocation (Rørmose Jensen & Iliev 2022)
SVK,Slovakia,Europe,"Electrical, electronic and measuring equipment",blue_water_consumption,Mm3,2.8300475493062957e-05,2019,EXIOBASE v3.8.2 IOT_2016_ixi with Danish sea-transport reallocation (Rørmose Jensen & Iliev 2022)
ESP,Spain,Europe,Construction,blue_water_consumption,Mm3,2.80926733101697e-05,2019,EXIOBASE v3.8.2 IOT_2016_ixi with Danish sea-transport reallocation (Rørmose Jensen & Iliev 2022)
NOR,Norway,Europe,Electricity,blue_water_consumption,Mm3,2.7960052198406537e-05,2019,EXIOBASE v3.8.2 IOT_2016_ixi with Danish sea-transport reallocation (Rørmose Jensen & Iliev 2022)
KOR,South Korea,Asia and Pacific,Transport Equipment,blue_water_consumption,Mm3,2.587679492553759e-05,2019,EXIOBASE v3.8.2 IOT_2016_ixi with Danish sea-transport reallocation (Rørmose Jensen & Iliev 2022)
RoW Middle East,RoW Middle East,Middle East,Coal and Petroleum,blue_water_consumption,Mm3,2.586262769914827e-05,2019,EXIOBASE v3.8.2 IOT_2016_ixi with Danish sea-transport reallocation (Rørmose Jensen & Iliev 2022)
CYP,Cyprus,Middle East,Textile,blue_water_consumption,Mm3,2.5268966747969447e-05,2019,EXIOBASE v3.8.2 IOT_2016_ixi with Danish sea-transport reallocation (Rørmose Jensen & Iliev 2022)
ITA,Italy,Europe,Coal and Petroleum,blue_water_consumption,Mm3,2.5027759463878728e-05,2019,EXIOBASE v3.8.2 IOT_2016_ixi with Danish sea-transport reallocation (Rørmose Jensen & Iliev 2022)
LTU,Lithuania,Europe,General and special Machinery,blue_water_consumption,Mm3,2.4918893226942895e-05,2019,EXIOBASE v3.8.2 IOT_2016_ixi with Danish sea-transport reallocation (Rørmose Jensen & Iliev 2022)
POL,Poland,Europe,Natural gas and gaseous fuels,land_use,km2,2.4873456172874733e-05,2019,EXIOBASE v3.8.2 IOT_2016_ixi with Danish sea-transport reallocation (Rørmose Jensen & Iliev 2022)
EST,Estonia,Europe,Textile,blue_water_consumption,Mm3,2.4825750911253578e-05,2019,EXIOBASE v3.8.2 IOT_2016_ixi with Danish sea-transport reallocation (Rørmose Jensen & Iliev 2022)
CZE,Czech Republic,Europe,Transport Equipment,blue_water_consumption,Mm3,2.4578324609363716e-05,2019,EXIOBASE v3.8.2 IOT_2016_ixi with Danish sea-transport reallocation (Rørmose Jensen & Iliev 2022)
IND,India,Asia and Pacific,Metal Products,material_extraction,kt,2.444690320592314e-05,2019,EXIOBASE v3.8.2 IOT_2016_ixi with Danish sea-transport reallocation (Rørmose Jensen & Iliev 2022)
EST,Estonia,Europe,Transport Equipment,blue_water_consumption,Mm3,2.439853633270877e-05,2019,EXIOBASE v3.8.2 IOT_2016_ixi with Danish sea-transport reallocation (Rørmose Jensen & Iliev 2022)
AUT,Austria,Europe,Minerals and Metals,blue_water_consumption,Mm3,2.4341030732991004e-05,2019,EXIOBASE v3.8.2 IOT_2016_ixi with Danish sea-transport reallocation (Rørmose Jensen & Iliev 2022)
CZE,Czech Republic,Europe,Chemical,land_use,km2,2.4137251528494494e-05,2019,EXIOBASE v3.8.2 IOT_2016_ixi with Danish sea-transport reallocation (Rørmose Jensen & Iliev 2022)
POL,Poland,Europe,General and special Machinery,land_use,km2,2.401364725835455e-05,2019,EXIOBASE v3.8.2 IOT_2016_ixi with Danish sea-transport reallocation (Rørmose Jensen & Iliev 2022)
LTU,Lithuania,Europe,"Electrical, electronic and measuring equipment",blue_water_consumption,Mm3,2.3910845104232515e-05,2019,EXIOBASE v3.8.2 IOT_2016_ixi with Danish sea-transport reallocation (Rørmose Jensen & Iliev 2022)
IND,India,Asia and Pacific,"Steam, hot water supply and water distribution",waste_generation,kt,2.3895432010826866e-05,2019,EXIOBASE v3.8.2 IOT_2016_ixi with Danish sea-transport reallocation (Rørmose Jensen & Iliev 2022)
AUT,Austria,Europe,Metal Products,material_extraction,kt,2.3822731319137237e-05,2019,EXIOBASE v3.8.2 IOT_2016_ixi with Danish sea-transport reallocation (Rørmose Jensen & Iliev 2022)
SVN,Slovenia,Europe,Paper Products,blue_water_consumption,Mm3,2.380706073708603e-05,2019,EXIOBASE v3.8.2 IOT_2016_ixi with Danish sea-transport reallocation (Rørmose Jensen & Iliev 2022)
DEU,Germany,Europe,Transport Equipment,blue_water_consumption,Mm3,2.350840860285521e-05,2019,EXIOBASE v3.8.2 IOT_2016_ixi with Danish sea-transport reallocation (Rørmose Jensen & Iliev 2022)
BGR,Bulgaria,Europe,Minerals and Metals,land_use,km2,2.302926941692462e-05,2019,EXIOBASE v3.8.2 IOT_2016_ixi with Danish sea-transport reallocation (Rørmose Jensen & Iliev 2022)
PRT,Portugal,Europe,Waste management and disposal,blue_water_consumption,Mm3,2.2891482840141257e-05,2019,EXIOBASE v3.8.2 IOT_2016_ixi with Danish sea-transport reallocation (Rørmose Jensen & Iliev 2022)
LVA,Latvia,Europe,Construction,blue_water_consumption,Mm3,2.2753036514170045e-05,2019,EXIOBASE v3.8.2 IOT_2016_ixi with Danish sea-transport reallocation (Rørmose Jensen & Iliev 2022)
MLT,Malta,Europe,Chemical,waste_generation,kt,2.2459164737049414e-05,2019,EXIOBASE v3.8.2 IOT_2016_ixi with Danish sea-transport reallocation (Rørmose Jensen & Iliev 2022)
SVK,Slovakia,Europe,Minerals and Metals,land_use,km2,2.2448477850327635e-05,2019,EXIOBASE v3.8.2 IOT_2016_ixi with Danish sea-transport reallocation (Rørmose Jensen & Iliev 2022)
MLT,Malta,Europe,Paper Products,waste_generation,kt,2.2096962957869094e-05,2019,EXIOBASE v3.8.2 IOT_2016_ixi with Danish sea-transport reallocation (Rørmose Jensen & Iliev 2022)
RoW America,RoW America,America,Textile,material_extraction,kt,2.1931913813801088e-05,2019,EXIOBASE v3.8.2 IOT_2016_ixi with Danish sea-transport reallocation (Rørmose Jensen & Iliev 2022)
POL,Poland,Europe,Construction,land_use,km2,2.1908182582691917e-05,2019,EXIOBASE v3.8.2 IOT_2016_ixi with Danish sea-transport reallocation (Rørmose Jensen & Iliev 2022)
POL,Poland,Europe,"Steam, hot water supply and water distribution",land_use,km2,2.1732936232649954e-05,2019,EXIOBASE v3.8.2 IOT_2016_ixi with Danish sea-transport reallocation (Rørmose Jensen & Iliev 2022)
SVK,Slovakia,Europe,Furniture and timber,blue_water_consumption,Mm3,2.1225239669744918e-05,2019,EXIOBASE v3.8.2 IOT_2016_ixi with Danish sea-transport reallocation (Rørmose Jensen & Iliev 2022)
SVN,Slovenia,Europe,"Steam, hot water supply and water distribution",blue_water_consumption,Mm3,2.069915800627108e-05,2019,EXIOBASE v3.8.2 IOT_2016_ixi with Danish sea-transport reallocation (Rørmose Jensen & Iliev 2022)
MLT,Malta,Europe,Electricity,waste_generation,kt,2.0425470811511578e-05,2019,EXIOBASE v3.8.2 IOT_2016_ixi with Danish sea-transport reallocation (Rørmose Jensen & Iliev 2022)
GRC,Greece,Europe,Natural gas and gaseous fuels,waste_generation,kt,2.0341436503579305e-05,2019,EXIOBASE v3.8.2 IOT_2016_ixi with Danish sea-transport reallocation (Rørmose Jensen & Iliev 2022)
BGR,Bulgaria,Europe,Natural gas and gaseous fuels,blue_water_consumption,Mm3,2.0240633076708653e-05,2019,EXIOBASE v3.8.2 IOT_2016_ixi with Danish sea-transport reallocation (Rørmose Jensen & Iliev 2022)
CZE,Czech Republic,Europe,Minerals and Metals,blue_water_consumption,Mm3,2.021758636062251e-05,2019,EXIOBASE v3.8.2 IOT_2016_ixi with Danish sea-transport reallocation (Rørmose Jensen & Iliev 2022)
LTU,Lithuania,Europe,Furniture and timber,blue_water_consumption,Mm3,2.020425880623992e-05,2019,EXIOBASE v3.8.2 IOT_2016_ixi with Danish sea-transport reallocation (Rørmose Jensen & Iliev 2022)
ITA,Italy,Europe,"Steam, hot water supply and water distribution",blue_water_consumption,Mm3,2.014284042941377e-05,2019,EXIOBASE v3.8.2 IOT_2016_ixi with Danish sea-transport reallocation (Rørmose Jensen & Iliev 2022)
HUN,Hungary,Europe,Coal and Petroleum,land_use,km2,1.99667655106965e-05,2019,EXIOBASE v3.8.2 IOT_2016_ixi with Danish sea-transport reallocation (Rørmose Jensen & Iliev 2022)
LUX,Luxembourg,Europe,General and special Machinery,blue_water_consumption,Mm3,1.9857161893547443e-05,2019,EXIOBASE v3.8.2 IOT_2016_ixi with Danish sea-transport reallocation (Rørmose Jensen & Iliev 2022)
NLD,Netherlands,Europe,Construction,blue_water_consumption,Mm3,1.953478088225877e-05,2019,EXIOBASE v3.8.2 IOT_2016_ixi with Danish sea-transport reallocation (Rørmose Jensen & Iliev 2022)
CZE,Czech Republic,Europe,Waste management and disposal,blue_water_consumption,Mm3,1.9480086362017743e-05,2019,EXIOBASE v3.8.2 IOT_2016_ixi with Danish sea-transport reallocation (Rørmose Jensen & Iliev 2022)
BGR,Bulgaria,Europe,Minerals and Metals,blue_water_consumption,Mm3,1.9395752939754022e-05,2019,EXIOBASE v3.8.2 IOT_2016_ixi with Danish sea-transport reallocation (Rørmose Jensen & Iliev 2022)
FIN,Finland,Europe,Waste management and disposal,blue_water_consumption,Mm3,1.929787250869083e-05,2019,EXIOBASE v3.8.2 IOT_2016_ixi with Danish sea-transport reallocation (Rørmose Jensen & Iliev 2022)
MEX,Mexico,America,Non-metallic mineral products,blue_water_consumption,Mm3,1.907209579224917e-05,2019,EXIOBASE v3.8.2 IOT_2016_ixi with Danish sea-transport reallocation (Rørmose Jensen & Iliev 2022)
MEX,Mexico,America,Minerals and Metals,waste_generation,kt,1.8973640389896005e-05,2019,EXIOBASE v3.8.2 IOT_2016_ixi with Danish sea-transport reallocation (Rørmose Jensen & Iliev 2022)
CYP,Cyprus,Middle East,Metal Products,waste_generation,kt,1.896660399526933e-05,2019,EXIOBASE v3.8.2 IOT_2016_ixi with Danish sea-transport reallocation (Rørmose Jensen & Iliev 2022)
RoW Middle East,RoW Middle East,Middle East,Natural gas and gaseous fuels,blue_water_consumption,Mm3,1.8758892072216507e-05,2019,EXIOBASE v3.8.2 IOT_2016_ixi with Danish sea-transport reallocation (Rørmose Jensen & Iliev 2022)
LTU,Lithuania,Europe,Waste management and disposal,waste_generation,kt,1.851189706726955e-05,2019,EXIOBASE v3.8.2 IOT_2016_ixi with Danish sea-transport reallocation (Rørmose Jensen & Iliev 2022)
ITA,Italy,Europe,Natural gas and gaseous fuels,blue_water_consumption,Mm3,1.824178286917239e-05,2019,EXIOBASE v3.8.2 IOT_2016_ixi with Danish sea-transport reallocation (Rørmose Jensen & Iliev 2022)
PRT,Portugal,Europe,Minerals and Metals,blue_water_consumption,Mm3,1.790306644126971e-05,2019,EXIOBASE v3.8.2 IOT_2016_ixi with Danish sea-transport reallocation (Rørmose Jensen & Iliev 2022)
LVA,Latvia,Europe,Construction,land_use,km2,1.773332716617979e-05,2019,EXIOBASE v3.8.2 IOT_2016_ixi with Danish sea-transport reallocation (Rørmose Jensen & Iliev 2022)
SVN,Slovenia,Europe,Transport,blue_water_consumption,Mm3,1.748327261260785e-05,2019,EXIOBASE v3.8.2 IOT_2016_ixi with Danish sea-transport reallocation (Rørmose Jensen & Iliev 2022)
TUR,Turkey,Middle East,Non-metallic mineral products,land_use,km2,1.7432434872476156e-05,2019,EXIOBASE v3.8.2 IOT_2016_ixi with Danish sea-transport reallocation (Rørmose Jensen & Iliev 2022)
HUN,Hungary,Europe,Transport Equipment,land_use,km2,1.735158343678002e-05,2019,EXIOBASE v3.8.2 IOT_2016_ixi with Danish sea-transport reallocation (Rørmose Jensen & Iliev 2022)
CZE,Czech Republic,Europe,General and special Machinery,land_use,km2,1.733963131837066e-05,2019,EXIOBASE v3.8.2 IOT_2016_ixi with Danish sea-transport reallocation (Rørmose Jensen & Iliev 2022)
SVK,Slovakia,Europe,General and special Machinery,blue_water_consumption,Mm3,1.733002227019482e-05,2019,EXIOBASE v3.8.2 IOT_2016_ixi with Danish sea-transport reallocation (Rørmose Jensen & Iliev 2022)
LUX,Luxembourg,Europe,Transport Equipment,blue_water_consumption,Mm3,1.6929928789420824e-05,2019,EXIOBASE v3.8.2 IOT_2016_ixi with Danish sea-transport reallocation (Rørmose Jensen & Iliev 2022)
SVN,Slovenia,Europe,General and special Machinery,blue_water_consumption,Mm3,1.6841465434886314e-05,2019,EXIOBASE v3.8.2 IOT_2016_ixi with Danish sea-transport reallocation (Rørmose Jensen & Iliev 2022)
IND,India,Asia and Pacific,Non-metallic mineral products,land_use,km2,1.6492072439538326e-05,2019,EXIOBASE v3.8.2 IOT_2016_ixi with Danish sea-transport reallocation (Rørmose Jensen & Iliev 2022)
HRV,Croatia,Europe,Construction,material_extraction,kt,1.6167701018680343e-05,2019,EXIOBASE v3.8.2 IOT_2016_ixi with Danish sea-transport reallocation (Rørmose Jensen & Iliev 2022)
ESP,Spain,Europe,Minerals and Metals,blue_water_consumption,Mm3,1.5860732857019282e-05,2019,EXIOBASE v3.8.2 IOT_2016_ixi with Danish sea-transport reallocation (Rørmose Jensen & Iliev 2022)
FIN,Finland,Europe,Furniture and timber,blue_water_consumption,Mm3,1.5712328876087646e-05,2019,EXIOBASE v3.8.2 IOT_2016_ixi with Danish sea-transport reallocation (Rørmose Jensen & Iliev 2022)
ESP,Spain,Europe,Transport Equipment,blue_water_consumption,Mm3,1.5383400451112884e-05,2019,EXIOBASE v3.8.2 IOT_2016_ixi with Danish sea-transport reallocation (Rørmose Jensen & Iliev 2022)
CZE,Czech Republic,Europe,Transport,blue_water_consumption,Mm3,1.5064547073051867e-05,2019,EXIOBASE v3.8.2 IOT_2016_ixi with Danish sea-transport reallocation (Rørmose Jensen & Iliev 2022)
HUN,Hungary,Europe,General and special Machinery,land_use,km2,1.479594730371451e-05,2019,EXIOBASE v3.8.2 IOT_2016_ixi with Danish sea-transport reallocation (Rørmose Jensen & Iliev 2022)
CZE,Czech Republic,Europe,Construction,blue_water_consumption,Mm3,1.4778927587971582e-05,2019,EXIOBASE v3.8.2 IOT_2016_ixi with Danish sea-transport reallocation (Rørmose Jensen & Iliev 2022)
MLT,Malta,Europe,General and special Machinery,climate_change,kt CO2eq,1.4480718423642093e-05,2019,EXIOBASE v3.8.2 IOT_2016_ixi with Danish sea-transport reallocation (Rørmose Jensen & Iliev 2022)
CYP,Cyprus,Middle East,Transport Equipment,climate_change,kt CO2eq,1.361208130517393e-05,2019,EXIOBASE v3.8.2 IOT_2016_ixi with Danish sea-transport reallocation (Rørmose Jensen & Iliev 2022)
RoW Africa,RoW Africa,Africa,"Steam, hot water supply and water distribution",blue_water_consumption,Mm3,1.360874244761844e-05,2019,EXIOBASE v3.8.2 IOT_2016_ixi with Danish sea-transport reallocation (Rørmose Jensen & Iliev 2022)
EST,Estonia,Europe,Waste management and disposal,blue_water_consumption,Mm3,1.334482814656964e-05,2019,EXIOBASE v3.8.2 IOT_2016_ixi with Danish sea-transport reallocation (Rørmose Jensen & Iliev 2022)
HRV,Croatia,Europe,Furniture and timber,material_extraction,kt,1.3281579181167402e-05,2019,EXIOBASE v3.8.2 IOT_2016_ixi with Danish sea-transport reallocation (Rørmose Jensen & Iliev 2022)
LUX,Luxembourg,Europe,Furniture and timber,blue_water_consumption,Mm3,1.3176758089218765e-05,2019,EXIOBASE v3.8.2 IOT_2016_ixi with Danish sea-transport reallocation (Rørmose Jensen & Iliev 2022)
TUR,Turkey,Middle East,Furniture and timber,blue_water_consumption,Mm3,1.3102006758405412e-05,2019,EXIOBASE v3.8.2 IOT_2016_ixi with Danish sea-transport reallocation (Rørmose Jensen & Iliev 2022)
MEX,Mexico,America,Waste management and disposal,land_use,km2,1.305555155376405e-05,2019,EXIOBASE v3.8.2 IOT_2016_ixi with Danish sea-transport reallocation (Rørmose Jensen & Iliev 2022)
RoW Middle East,RoW Middle East,Middle East,Transport Equipment,blue_water_consumption,Mm3,1.2876678418109657e-05,2019,EXIOBASE v3.8.2 IOT_2016_ixi with Danish sea-transport reallocation (Rørmose Jensen & Iliev 2022)
HRV,Croatia,Europe,Construction,blue_water_consumption,Mm3,1.2609023073703427e-05,2019,EXIOBASE v3.8.2 IOT_2016_ixi with Danish sea-transport reallocation (Rørmose Jensen & Iliev 2022)
IDN,Indonesia,Asia and Pacific,Non-metallic mineral products,blue_water_consumption,Mm3,1.2554764373420213e-05,2019,EXIOBASE v3.8.2 IOT_2016_ixi with Danish sea-transport reallocation (Rørmose Jensen & Iliev 2022)
HUN,Hungary,Europe,Waste management and disposal,blue_water_consumption,Mm3,1.24055623485551e-05,2019,EXIOBASE v3.8.2 IOT_2016_ixi with Danish sea-transport reallocation (Rørmose Jensen & Iliev 2022)
LUX,Luxembourg,Europe,Services,land_use,km2,1.214483835609827e-05,2019,EXIOBASE v3.8.2 IOT_2016_ixi with Danish sea-transport reallocation (Rørmose Jensen & Iliev 2022)
PRT,Portugal,Europe,Coal and Petroleum,blue_water_consumption,Mm3,1.211851076087794e-05,2019,EXIOBASE v3.8.2 IOT_2016_ixi with Danish sea-transport reallocation (Rørmose Jensen & Iliev 2022)
LVA,Latvia,Europe,Coal and Petroleum,waste_generation,kt,1.1772598817795275e-05,2019,EXIOBASE v3.8.2 IOT_2016_ixi with Danish sea-transport reallocation (Rørmose Jensen & Iliev 2022)
HUN,Hungary,Europe,Electricity,land_use,km2,1.175664756716178e-05,2019,EXIOBASE v3.8.2 IOT_2016_ixi with Danish sea-transport reallocation (Rørmose Jensen & Iliev 2022)
FRA,France,Europe,Minerals and Metals,waste_generation,kt,1.171752984945414e-05,2019,EXIOBASE v3.8.2 IOT_2016_ixi with Danish sea-transport reallocation (Rørmose Jensen & Iliev 2022)
CAN,Canada,America,Transport Equipment,blue_water_consumption,Mm3,1.1704604218110653e-05,2019,EXIOBASE v3.8.2 IOT_2016_ixi with Danish sea-transport reallocation (Rørmose Jensen & Iliev 2022)
SVK,Slovakia,Europe,Transport Equipment,blue_water_consumption,Mm3,1.1556940395129937e-05,2019,EXIOBASE v3.8.2 IOT_2016_ixi with Danish sea-transport reallocation (Rørmose Jensen & Iliev 2022)
RoW Middle East,RoW Middle East,Middle East,Furniture and timber,blue_water_consumption,Mm3,1.1423010096826111e-05,2019,EXIOBASE v3.8.2 IOT_2016_ixi with Danish sea-transport reallocation (Rørmose Jensen & Iliev 2022)
SVN,Slovenia,Europe,Coal and Petroleum,land_use,km2,1.119348036816831e-05,2019,EXIOBASE v3.8.2 IOT_2016_ixi with Danish sea-transport reallocation (Rørmose Jensen & Iliev 2022)
EST,Estonia,Europe,Metal Products,blue_water_consumption,Mm3,1.1171985849683894e-05,2019,EXIOBASE v3.8.2 IOT_2016_ixi with Danish sea-transport reallocation (Rørmose Jensen & Iliev 2022)
GRC,Greece,Europe,"Steam, hot water supply and water distribution",waste_generation,kt,1.1076374398380261e-05,2019,EXIOBASE v3.8.2 IOT_2016_ixi with Danish sea-transport reallocation (Rørmose Jensen & Iliev 2022)
PRT,Portugal,Europe,Transport,blue_water_consumption,Mm3,1.0701520881024754e-05,2019,EXIOBASE v3.8.2 IOT_2016_ixi with Danish sea-transport reallocation (Rørmose Jensen & Iliev 2022)
IRL,Ireland,Europe,Transport Equipment,blue_water_consumption,Mm3,1.0425090215085642e-05,2019,EXIOBASE v3.8.2 IOT_2016_ixi with Danish sea-transport reallocation (Rørmose Jensen & Iliev 2022)
BGR,Bulgaria,Europe,"Electrical, electronic and measuring equipment",land_use,km2,1.032720902128402e-05,2019,EXIOBASE v3.8.2 IOT_2016_ixi with Danish sea-transport reallocation (Rørmose Jensen & Iliev 2022)
SVN,Slovenia,Europe,Minerals and Metals,waste_generation,kt,1.0214542681832564e-05,2019,EXIOBASE v3.8.2 IOT_2016_ixi with Danish sea-transport reallocation (Rørmose Jensen & Iliev 2022)
GBR,United Kingdom,Europe,"Steam, hot water supply and water distribution",waste_generation,kt,1.0148461169530095e-05,2019,EXIOBASE v3.8.2 IOT_2016_ixi with Danish sea-transport reallocation (Rørmose Jensen & Iliev 2022)
FIN,Finland,Europe,Textile,blue_water_consumption,Mm3,9.98501086976188e-06,2019,EXIOBASE v3.8.2 IOT_2016_ixi with Danish sea-transport reallocation (Rørmose Jensen & Iliev 2022)
TUR,Turkey,Middle East,Transport Equipment,blue_water_consumption,Mm3,9.497979696999308e-06,2019,EXIOBASE v3.8.2 IOT_2016_ixi with Danish sea-transport reallocation (Rørmose Jensen & Iliev 2022)
SVN,Slovenia,Europe,Non-metallic mineral products,blue_water_consumption,Mm3,9.442882832045145e-06,2019,EXIOBASE v3.8.2 IOT_2016_ixi with Danish sea-transport reallocation (Rørmose Jensen & Iliev 2022)
SWE,Sweden,Europe,Coal and Petroleum,blue_water_consumption,Mm3,9.352450813525693e-06,2019,EXIOBASE v3.8.2 IOT_2016_ixi with Danish sea-transport reallocation (Rørmose Jensen & Iliev 2022)
CYP,Cyprus,Middle East,Services,blue_water_consumption,Mm3,9.319562161051918e-06,2019,EXIOBASE v3.8.2 IOT_2016_ixi with Danish sea-transport reallocation (Rørmose Jensen & Iliev 2022)
AUS,Australia,Asia and Pacific,Furniture and timber,blue_water_consumption,Mm3,9.058843136513376e-06,2019,EXIOBASE v3.8.2 IOT_2016_ixi with Danish sea-transport reallocation (Rørmose Jensen & Iliev 2022)
EST,Estonia,Europe,Minerals and Metals,waste_generation,kt,9.024867959360492e-06,2019,EXIOBASE v3.8.2 IOT_2016_ixi with Danish sea-transport reallocation (Rørmose Jensen & Iliev 2022)
CYP,Cyprus,Middle East,Non-metallic mineral products,blue_water_consumption,Mm3,8.839781277549044e-06,2019,EXIOBASE v3.8.2 IOT_2016_ixi with Danish sea-transport reallocation (Rørmose Jensen & Iliev 2022)
SVN,Slovenia,Europe,Waste management and disposal,blue_water_consumption,Mm3,8.565496253218679e-06,2019,EXIOBASE v3.8.2 IOT_2016_ixi with Danish sea-transport reallocation (Rørmose Jensen & Iliev 2022)
BGR,Bulgaria,Europe,General and special Machinery,land_use,km2,8.54687964962537e-06,2019,EXIOBASE v3.8.2 IOT_2016_ixi with Danish sea-transport reallocation (Rørmose Jensen & Iliev 2022)
RUS,Russia,Europe,"Electrical, electronic and measuring equipment",land_use,km2,8.488705452240634e-06,2019,EXIOBASE v3.8.2 IOT_2016_ixi with Danish sea-transport reallocation (Rørmose Jensen & Iliev 2022)
LVA,Latvia,Europe,Minerals and Metals,waste_generation,kt,8.298394896131099e-06,2019,EXIOBASE v3.8.2 IOT_2016_ixi with Danish sea-transport reallocation (Rørmose Jensen & Iliev 2022)
AUT,Austria,Europe,Natural gas and gaseous fuels,blue_water_consumption,Mm3,8.28154137911039e-06,2019,EXIOBASE v3.8.2 IOT_2016_ixi with Danish sea-transport reallocation (Rørmose Jensen & Iliev 2022)
MEX,Mexico,America,Construction,waste_generation,kt,8.272477331543904e-06,2019,EXIOBASE v3.8.2 IOT_2016_ixi with Danish sea-transport reallocation (Rørmose Jensen & Iliev 2022)
EST,Estonia,Europe,General and special Machinery,blue_water_consumption,Mm3,8.164117055827259e-06,2019,EXIOBASE v3.8.2 IOT_2016_ixi with Danish sea-transport reallocation (Rørmose Jensen & Iliev 2022)
MEX,Mexico,America,General and special Machinery,material_extraction,kt,8.129313956876343e-06,2019,EXIOBASE v3.8.2 IOT_2016_ixi with Danish sea-transport reallocation (Rørmose Jensen & Iliev 2022)
SWE,Sweden,Europe,Transport,blue_water_consumption,Mm3,8.128385785057514e-06,2019,EXIOBASE v3.8.2 IOT_2016_ixi with Danish sea-transport reallocation (Rørmose Jensen & Iliev 2022)
RoW Middle East,RoW Middle East,Middle East,Construction,blue_water_consumption,Mm3,8.094360889861082e-06,2019,EXIOBASE v3.8.2 IOT_2016_ixi with Danish sea-transport reallocation (Rørmose Jensen & Iliev 2022)
SWE,Sweden,Europe,Coal and Petroleum,land_use,km2,8.093397555527754e-06,2019,EXIOBASE v3.8.2 IOT_2016_ixi with Danish sea-transport reallocation (Rørmose Jensen & Iliev 2022)
IRL,Ireland,Europe,Minerals and Metals,blue_water_consumption,Mm3,7.832717046188661e-06,2019,EXIOBASE v3.8.2 IOT_2016_ixi with Danish sea-transport reallocation (Rørmose Jensen & Iliev 2022)
HUN,Hungary,Europe,Natural gas and gaseous fuels,land_use,km2,7.785542976932218e-06,2019,EXIOBASE v3.8.2 IOT_2016_ixi with Danish sea-transport reallocation (Rørmose Jensen & Iliev 2022)
RoW Middle East,RoW Middle East,Middle East,Waste management and disposal,blue_water_consumption,Mm3,7.739916477769819e-06,2019,EXIOBASE v3.8.2 IOT_2016_ixi with Danish sea-transport reallocation (Rørmose Jensen & Iliev 2022)
ZAF,South Africa,Africa,Non-metallic mineral products,blue_water_consumption,Mm3,7.5985256734299e-06,2019,EXIOBASE v3.8.2 IOT_2016_ixi with Danish sea-transport reallocation (Rørmose Jensen & Iliev 2022)
MEX,Mexico,America,Transport,waste_generation,kt,7.536239046645687e-06,2019,EXIOBASE v3.8.2 IOT_2016_ixi with Danish sea-transport reallocation (Rørmose Jensen & Iliev 2022)
MLT,Malta,Europe,Paper Products,blue_water_consumption,Mm3,7.5338822537858135e-06,2019,EXIOBASE v3.8.2 IOT_2016_ixi with Danish sea-transport reallocation (Rørmose Jensen & Iliev 2022)
MLT,Malta,Europe,Non-metallic mineral products,waste_generation,kt,7.513105781609191e-06,2019,EXIOBASE v3.8.2 IOT_2016_ixi with Danish sea-transport reallocation (Rørmose Jensen & Iliev 2022)
DEU,Germany,Europe,Construction,blue_water_consumption,Mm3,7.4557522149069744e-06,2019,EXIOBASE v3.8.2 IOT_2016_ixi with Danish sea-transport reallocation (Rørmose Jensen & Iliev 2022)
PRT,Portugal,Europe,Furniture and timber,blue_water_consumption,Mm3,7.416313057296854e-06,2019,EXIOBASE v3.8.2 IOT_2016_ixi with Danish sea-transport reallocation (Rørmose Jensen & Iliev 2022)
SVK,Slovakia,Europe,Coal and Petroleum,land_use,km2,7.4077858617869714e-06,2019,EXIOBASE v3.8.2 IOT_2016_ixi with Danish sea-transport reallocation (Rørmose Jensen & Iliev 2022)
TUR,Turkey,Middle East,General and special Machinery,land_use,km2,7.171421332973043e-06,2019,EXIOBASE v3.8.2 IOT_2016_ixi with Danish sea-transport reallocation (Rørmose Jensen & Iliev 2022)
RoW Middle East,RoW Middle East,Middle East,Coal and Petroleum,land_use,km2,7.139921043959686e-06,2019,EXIOBASE v3.8.2 IOT_2016_ixi with Danish sea-transport reallocation (Rørmose Jensen & Iliev 2022)
LUX,Luxembourg,Europe,Transport,blue_water_consumption,Mm3,7.084185587935352e-06,2019,EXIOBASE v3.8.2 IOT_2016_ixi with Danish sea-transport reallocation (Rørmose Jensen & Iliev 2022)
MEX,Mexico,America,Services,land_use,km2,7.082144888412109e-06,2019,EXIOBASE v3.8.2 IOT_2016_ixi with Danish sea-transport reallocation (Rørmose Jensen & Iliev 2022)
HUN,Hungary,Europe,"Steam, hot water supply and water distribution",blue_water_consumption,Mm3,6.931157626227939e-06,2019,EXIOBASE v3.8.2 IOT_2016_ixi with Danish sea-transport reallocation (Rørmose Jensen & Iliev 2022)
HUN,Hungary,Europe,Furniture and timber,material_extraction,kt,6.905322790653729e-06,2019,EXIOBASE v3.8.2 IOT_2016_ixi with Danish sea-transport reallocation (Rørmose Jensen & Iliev 2022)
MEX,Mexico,America,Non-metallic mineral products,land_use,km2,6.087766224268975e-06,2019,EXIOBASE v3.8.2 IOT_2016_ixi with Danish sea-transport reallocation (Rørmose Jensen & Iliev 2022)
BEL,Belgium,Europe,General and special Machinery,blue_water_consumption,Mm3,6.0159995020588796e-06,2019,EXIOBASE v3.8.2 IOT_2016_ixi with Danish sea-transport reallocation (Rørmose Jensen & Iliev 2022)
FRA,France,Europe,Services,blue_water_consumption,Mm3,5.964872812876426e-06,2019,EXIOBASE v3.8.2 IOT_2016_ixi with Danish sea-transport reallocation (Rørmose Jensen & Iliev 2022)
SVK,Slovakia,Europe,Chemical,land_use,km2,5.949120914360849e-06,2019,EXIOBASE v3.8.2 IOT_2016_ixi with Danish sea-transport reallocation (Rørmose Jensen & Iliev 2022)
LUX,Luxembourg,Europe,Textile,waste_generation,kt,5.757024877492808e-06,2019,EXIOBASE v3.8.2 IOT_2016_ixi with Danish sea-transport reallocation (Rørmose Jensen & Iliev 2022)
HRV,Croatia,Europe,Transport Equipment,blue_water_consumption,Mm3,5.75538945764907e-06,2019,EXIOBASE v3.8.2 IOT_2016_ixi with Danish sea-transport reallocation (Rørmose Jensen & Iliev 2022)
PRT,Portugal,Europe,Construction,blue_water_consumption,Mm3,5.690887544945553e-06,2019,EXIOBASE v3.8.2 IOT_2016_ixi with Danish sea-transport reallocation (Rørmose Jensen & Iliev 2022)
PRT,Portugal,Europe,Transport Equipment,blue_water_consumption,Mm3,5.675246970481964e-06,2019,EXIOBASE v3.8.2 IOT_2016_ixi with Danish sea-transport reallocation (Rørmose Jensen & Iliev 2022)
AUT,Austria,Europe,Transport Equipment,blue_water_consumption,Mm3,5.341280334358422e-06,2019,EXIOBASE v3.8.2 IOT_2016_ixi with Danish sea-transport reallocation (Rørmose Jensen & Iliev 2022)
JPN,Japan,Asia and Pacific,Transport Equipment,blue_water_consumption,Mm3,5.2381596639531924e-06,2019,EXIOBASE v3.8.2 IOT_2016_ixi with Danish sea-transport reallocation (Rørmose Jensen & Iliev 2022)
CYP,Cyprus,Middle East,Minerals and Metals,waste_generation,kt,5.21970544647104e-06,2019,EXIOBASE v3.8.2 IOT_2016_ixi with Danish sea-transport reallocation (Rørmose Jensen & Iliev 2022)
CYP,Cyprus,Middle East,Furniture and timber,blue_water_consumption,Mm3,5.1927791391630414e-06,2019,EXIOBASE v3.8.2 IOT_2016_ixi with Danish sea-transport reallocation (Rørmose Jensen & Iliev 2022)
JPN,Japan,Asia and Pacific,Minerals and Metals,waste_generation,kt,5.180247997667884e-06,2019,EXIOBASE v3.8.2 IOT_2016_ixi with Danish sea-transport reallocation (Rørmose Jensen & Iliev 2022)
MLT,Malta,Europe,Furniture and timber,waste_generation,kt,5.138346872399443e-06,2019,EXIOBASE v3.8.2 IOT_2016_ixi with Danish sea-transport reallocation (Rørmose Jensen & Iliev 2022)
FIN,Finland,Europe,Chemical,land_use,km2,4.929482044262348e-06,2019,EXIOBASE v3.8.2 IOT_2016_ixi with Danish sea-transport reallocation (Rørmose Jensen & Iliev 2022)
TUR,Turkey,Middle East,Minerals and Metals,blue_water_consumption,Mm3,4.857628915990083e-06,2019,EXIOBASE v3.8.2 IOT_2016_ixi with Danish sea-transport reallocation (Rørmose Jensen & Iliev 2022)
LTU,Lithuania,Europe,Transport,blue_water_consumption,Mm3,4.815492125616547e-06,2019,EXIOBASE v3.8.2 IOT_2016_ixi with Danish sea-transport reallocation (Rørmose Jensen & Iliev 2022)
CYP,Cyprus,Middle East,General and special Machinery,waste_generation,kt,4.732839055123966e-06,2019,EXIOBASE v3.8.2 IOT_2016_ixi with Danish sea-transport reallocation (Rørmose Jensen & Iliev 2022)
MLT,Malta,Europe,Metal Products,blue_water_consumption,Mm3,4.707210083521592e-06,2019,EXIOBASE v3.8.2 IOT_2016_ixi with Danish sea-transport reallocation (Rørmose Jensen & Iliev 2022)
HUN,Hungary,Europe,Chemical,land_use,km2,4.535738056663493e-06,2019,EXIOBASE v3.8.2 IOT_2016_ixi with Danish sea-transport reallocation (Rørmose Jensen & Iliev 2022)
LUX,Luxembourg,Europe,Minerals and Metals,waste_generation,kt,4.310698570044942e-06,2019,EXIOBASE v3.8.2 IOT_2016_ixi with Danish sea-transport reallocation (Rørmose Jensen & Iliev 2022)
CYP,Cyprus,Middle East,"Steam, hot water supply and water distribution",climate_change,kt CO2eq,4.299949930162572e-06,2019,EXIOBASE v3.8.2 IOT_2016_ixi with Danish sea-transport reallocation (Rørmose Jensen & Iliev 2022)
FIN,Finland,Europe,Transport Equipment,blue_water_consumption,Mm3,4.283498898625774e-06,2019,EXIOBASE v3.8.2 IOT_2016_ixi with Danish sea-transport reallocation (Rørmose Jensen & Iliev 2022)
NOR,Norway,Europe,Construction,blue_water_consumption,Mm3,4.257008990759444e-06,2019,EXIOBASE v3.8.2 IOT_2016_ixi with Danish sea-transport reallocation (Rørmose Jensen & Iliev 2022)
ESP,Spain,Europe,Waste management and disposal,blue_water_consumption,Mm3,4.115249356199171e-06,2019,EXIOBASE v3.8.2 IOT_2016_ixi with Danish sea-transport reallocation (Rørmose Jensen & Iliev 2022)
CYP,Cyprus,Middle East,General and special Machinery,blue_water_consumption,Mm3,4.056770120584956e-06,2019,EXIOBASE v3.8.2 IOT_2016_ixi with Danish sea-transport reallocation (Rørmose Jensen & Iliev 2022)
LUX,Luxembourg,Europe,"Steam, hot water supply and water distribution",waste_generation,kt,4.052940158835833e-06,2019,EXIOBASE v3.8.2 IOT_2016_ixi with Danish sea-transport reallocation (Rørmose Jensen & Iliev 2022)
RUS,Russia,Europe,Construction,blue_water_consumption,Mm3,4.036180156205467e-06,2019,EXIOBASE v3.8.2 IOT_2016_ixi with Danish sea-transport reallocation (Rørmose Jensen & Iliev 2022)
CYP,Cyprus,Middle East,Transport Equipment,waste_generation,kt,3.6874998027835438e-06,2019,EXIOBASE v3.8.2 IOT_2016_ixi with Danish sea-transport reallocation (Rørmose Jensen & Iliev 2022)
BGR,Bulgaria,Europe,Non-metallic mineral products,land_use,km2,3.590482700831416e-06,2019,EXIOBASE v3.8.2 IOT_2016_ixi with Danish sea-transport reallocation (Rørmose Jensen & Iliev 2022)
LVA,Latvia,Europe,Transport Equipment,blue_water_consumption,Mm3,3.555318212373043e-06,2019,EXIOBASE v3.8.2 IOT_2016_ixi with Danish sea-transport reallocation (Rørmose Jensen & Iliev 2022)
NOR,Norway,Europe,General and special Machinery,material_extraction,kt,3.544546448407909e-06,2019,EXIOBASE v3.8.2 IOT_2016_ixi with Danish sea-transport reallocation (Rørmose Jensen & Iliev 2022)
BRA,Brazil,America,Minerals and Metals,blue_water_consumption,Mm3,3.5314505737735327e-06,2019,EXIOBASE v3.8.2 IOT_2016_ixi with Danish sea-transport reallocation (Rørmose Jensen & Iliev 2022)
RoW Africa,RoW Africa,Africa,"Electrical, electronic and measuring equipment",material_extraction,kt,3.4636051462751138e-06,2019,EXIOBASE v3.8.2 IOT_2016_ixi with Danish sea-transport reallocation (Rørmose Jensen & Iliev 2022)
LUX,Luxembourg,Europe,Electricity,blue_water_consumption,Mm3,3.4104691494089725e-06,2019,EXIOBASE v3.8.2 IOT_2016_ixi with Danish sea-transport reallocation (Rørmose Jensen & Iliev 2022)
HRV,Croatia,Europe,Minerals and Metals,blue_water_consumption,Mm3,3.22135246586782e-06,2019,EXIOBASE v3.8.2 IOT_2016_ixi with Danish sea-transport reallocation (Rørmose Jensen & Iliev 2022)
CHE,Switzerland,Europe,Transport Equipment,blue_water_consumption,Mm3,3.184517509263195e-06,2019,EXIOBASE v3.8.2 IOT_2016_ixi with Danish sea-transport reallocation (Rørmose Jensen & Iliev 2022)
CAN,Canada,America,Minerals and Metals,blue_water_consumption,Mm3,3.1543936390424543e-06,2019,EXIOBASE v3.8.2 IOT_2016_ixi with Danish sea-transport reallocation (Rørmose Jensen & Iliev 2022)
EST,Estonia,Europe,Coal and Petroleum,blue_water_consumption,Mm3,3.1175235139268652e-06,2019,EXIOBASE v3.8.2 IOT_2016_ixi with Danish sea-transport reallocation (Rørmose Jensen & Iliev 2022)
ZAF,South Africa,Africa,Coal and Petroleum,blue_water_consumption,Mm3,3.111061479444279e-06,2019,EXIOBASE v3.8.2 IOT_2016_ixi with Danish sea-transport reallocation (Rørmose Jensen & Iliev 2022)
HRV,Croatia,Europe,Natural gas and gaseous fuels,blue_water_consumption,Mm3,3.078817756690103e-06,2019,EXIOBASE v3.8.2 IOT_2016_ixi with Danish sea-transport reallocation (Rørmose Jensen & Iliev 2022)
MLT,Malta,Europe,Transport Equipment,waste_generation,kt,3.0756211365911395e-06,2019,EXIOBASE v3.8.2 IOT_2016_ixi with Danish sea-transport reallocation (Rørmose Jensen & Iliev 2022)
LTU,Lithuania,Europe,Waste management and disposal,blue_water_consumption,Mm3,3.0596216399890327e-06,2019,EXIOBASE v3.8.2 IOT_2016_ixi with Danish sea-transport reallocation (Rørmose Jensen & Iliev 2022)
RoW America,RoW America,America,"Steam, hot water supply and water distribution",blue_water_consumption,Mm3,3.042750735282435e-06,2019,EXIOBASE v3.8.2 IOT_2016_ixi with Danish sea-transport reallocation (Rørmose Jensen & Iliev 2022)
LTU,Lithuania,Europe,Textile,land_use,km2,3.02430119359151e-06,2019,EXIOBASE v3.8.2 IOT_2016_ixi with Danish sea-transport reallocation (Rørmose Jensen & Iliev 2022)
MLT,Malta,Europe,Transport,blue_water_consumption,Mm3,3.012658831964143e-06,2019,EXIOBASE v3.8.2 IOT_2016_ixi with Danish sea-transport reallocation (Rørmose Jensen & Iliev 2022)
MEX,Mexico,America,Coal and Petroleum,blue_water_consumption,Mm3,2.997524725430313e-06,2019,EXIOBASE v3.8.2 IOT_2016_ixi with Danish sea-transport reallocation (Rørmose Jensen & Iliev 2022)
CZE,Czech Republic,Europe,"Steam, hot water supply and water distribution",blue_water_consumption,Mm3,2.962540765868764e-06,2019,EXIOBASE v3.8.2 IOT_2016_ixi with Danish sea-transport reallocation (Rørmose Jensen & Iliev 2022)
ESP,Spain,Europe,"Steam, hot water supply and water distribution",blue_water_consumption,Mm3,2.9375233220980224e-06,2019,EXIOBASE v3.8.2 IOT_2016_ixi with Danish sea-transport reallocation (Rørmose Jensen & Iliev 2022)
SVN,Slovenia,Europe,Textile,blue_water_consumption,Mm3,2.929854200932365e-06,2019,EXIOBASE v3.8.2 IOT_2016_ixi with Danish sea-transport reallocation (Rørmose Jensen & Iliev 2022)
EST,Estonia,Europe,Transport,blue_water_consumption,Mm3,2.901489900753989e-06,2019,EXIOBASE v3.8.2 IOT_2016_ixi with Danish sea-transport reallocation (Rørmose Jensen & Iliev 2022)
GBR,United Kingdom,Europe,Waste management and disposal,blue_water_consumption,Mm3,2.697865357380832e-06,2019,EXIOBASE v3.8.2 IOT_2016_ixi with Danish sea-transport reallocation (Rørmose Jensen & Iliev 2022)
CAN,Canada,America,Waste management and disposal,blue_water_consumption,Mm3,2.643767974558952e-06,2019,EXIOBASE v3.8.2 IOT_2016_ixi with Danish sea-transport reallocation (Rørmose Jensen & Iliev 2022)
HUN,Hungary,Europe,Construction,blue_water_consumption,Mm3,2.601991302964911e-06,2019,EXIOBASE v3.8.2 IOT_2016_ixi with Danish sea-transport reallocation (Rørmose Jensen & Iliev 2022)
MLT,Malta,Europe,Chemical,blue_water_consumption,Mm3,2.573259737765741e-06,2019,EXIOBASE v3.8.2 IOT_2016_ixi with Danish sea-transport reallocation (Rørmose Jensen & Iliev 2022)
CZE,Czech Republic,Europe,Natural gas and gaseous fuels,blue_water_consumption,Mm3,2.557989392947887e-06,2019,EXIOBASE v3.8.2 IOT_2016_ixi with Danish sea-transport reallocation (Rørmose Jensen & Iliev 2022)
AUS,Australia,Asia and Pacific,"Steam, hot water supply and water distribution",waste_generation,kt,2.537513811221456e-06,2019,EXIOBASE v3.8.2 IOT_2016_ixi with Danish sea-transport reallocation (Rørmose Jensen & Iliev 2022)
HUN,Hungary,Europe,"Steam, hot water supply and water distribution",land_use,km2,2.532504210501071e-06,2019,EXIOBASE v3.8.2 IOT_2016_ixi with Danish sea-transport reallocation (Rørmose Jensen & Iliev 2022)
SVN,Slovenia,Europe,Furniture and timber,blue_water_consumption,Mm3,2.5237351323035063e-06,2019,EXIOBASE v3.8.2 IOT_2016_ixi with Danish sea-transport reallocation (Rørmose Jensen & Iliev 2022)
GRC,Greece,Europe,Waste management and disposal,blue_water_consumption,Mm3,2.401425535195061e-06,2019,EXIOBASE v3.8.2 IOT_2016_ixi with Danish sea-transport reallocation (Rørmose Jensen & Iliev 2022)
HUN,Hungary,Europe,Minerals and Metals,land_use,km2,2.3575838726363293e-06,2019,EXIOBASE v3.8.2 IOT_2016_ixi with Danish sea-transport reallocation (Rørmose Jensen & Iliev 2022)
HRV,Croatia,Europe,Coal and Petroleum,blue_water_consumption,Mm3,2.3501299186005553e-06,2019,EXIOBASE v3.8.2 IOT_2016_ixi with Danish sea-transport reallocation (Rørmose Jensen & Iliev 2022)
MEX,Mexico,America,"Steam, hot water supply and water distribution",waste_generation,kt,2.330698992155901e-06,2019,EXIOBASE v3.8.2 IOT_2016_ixi with Danish sea-transport reallocation (Rørmose Jensen & Iliev 2022)
FRA,France,Europe,Waste management and disposal,blue_water_consumption,Mm3,2.309006569854506e-06,2019,EXIOBASE v3.8.2 IOT_2016_ixi with Danish sea-transport reallocation (Rørmose Jensen & Iliev 2022)
EST,Estonia,Europe,Services,land_use,km2,2.307685771110801e-06,2019,EXIOBASE v3.8.2 IOT_2016_ixi with Danish sea-transport reallocation (Rørmose Jensen & Iliev 2022)
SWE,Sweden,Europe,"Steam, hot water supply and water distribution",blue_water_consumption,Mm3,2.299036284695875e-06,2019,EXIOBASE v3.8.2 IOT_2016_ixi with Danish sea-transport reallocation (Rørmose Jensen & Iliev 2022)
IRL,Ireland,Europe,"Steam, hot water supply and water distribution",waste_generation,kt,2.232066107351457e-06,2019,EXIOBASE v3.8.2 IOT_2016_ixi with Danish sea-transport reallocation (Rørmose Jensen & Iliev 2022)
EST,Estonia,Europe,Natural gas and gaseous fuels,blue_water_consumption,Mm3,2.204865363128315e-06,2019,EXIOBASE v3.8.2 IOT_2016_ixi with Danish sea-transport reallocation (Rørmose Jensen & Iliev 2022)
CHE,Switzerland,Europe,Minerals and Metals,blue_water_consumption,Mm3,2.08489751830776e-06,2019,EXIOBASE v3.8.2 IOT_2016_ixi with Danish sea-transport reallocation (Rørmose Jensen & Iliev 2022)
SVK,Slovakia,Europe,Natural gas and gaseous fuels,land_use,km2,2.075487904647387e-06,2019,EXIOBASE v3.8.2 IOT_2016_ixi with Danish sea-transport reallocation (Rørmose Jensen & Iliev 2022)
BEL,Belgium,Europe,"Electrical, electronic and measuring equipment",blue_water_consumption,Mm3,1.9432192356431596e-06,2019,EXIOBASE v3.8.2 IOT_2016_ixi with Danish sea-transport reallocation (Rørmose Jensen & Iliev 2022)
EST,Estonia,Europe,Construction,blue_water_consumption,Mm3,1.934941932221032e-06,2019,EXIOBASE v3.8.2 IOT_2016_ixi with Danish sea-transport reallocation (Rørmose Jensen & Iliev 2022)
TUR,Turkey,Middle East,Waste management and disposal,blue_water_consumption,Mm3,1.87550064925e-06,2019,EXIOBASE v3.8.2 IOT_2016_ixi with Danish sea-transport reallocation (Rørmose Jensen & Iliev 2022)
DNK,Denmark,Denmark,Transport,blue_water_consumption,Mm3,1.8679145449921667e-06,2019,EXIOBASE v3.8.2 IOT_2016_ixi with Danish sea-transport reallocation (Rørmose Jensen & Iliev 2022)
MLT,Malta,Europe,"Electrical, electronic and measuring equipment",waste_generation,kt,1.8581139320501765e-06,2019,EXIOBASE v3.8.2 IOT_2016_ixi with Danish sea-transport reallocation (Rørmose Jensen & Iliev 2022)
MEX,Mexico,America,Transport Equipment,land_use,km2,1.8125184794063334e-06,2019,EXIOBASE v3.8.2 IOT_2016_ixi with Danish sea-transport reallocation (Rørmose Jensen & Iliev 2022)
DEU,Germany,Europe,Transport,blue_water_consumption,Mm3,1.7961044938370593e-06,2019,EXIOBASE v3.8.2 IOT_2016_ixi with Danish sea-transport reallocation (Rørmose Jensen & Iliev 2022)
NLD,Netherlands,Europe,Minerals and Metals,blue_water_consumption,Mm3,1.7862157870076802e-06,2019,EXIOBASE v3.8.2 IOT_2016_ixi with Danish sea-transport reallocation (Rørmose Jensen & Iliev 2022)
HUN,Hungary,Europe,Natural gas and gaseous fuels,blue_water_consumption,Mm3,1.718504846631288e-06,2019,EXIOBASE v3.8.2 IOT_2016_ixi with Danish sea-transport reallocation (Rørmose Jensen & Iliev 2022)
MEX,Mexico,America,Services,blue_water_consumption,Mm3,1.7014644058867208e-06,2019,EXIOBASE v3.8.2 IOT_2016_ixi with Danish sea-transport reallocation (Rørmose Jensen & Iliev 2022)
MLT,Malta,Europe,Furniture and timber,blue_water_consumption,Mm3,1.701042459673242e-06,2019,EXIOBASE v3.8.2 IOT_2016_ixi with Danish sea-transport reallocation (Rørmose Jensen & Iliev 2022)
MEX,Mexico,America,Transport,blue_water_consumption,Mm3,1.6043153215279876e-06,2019,EXIOBASE v3.8.2 IOT_2016_ixi with Danish sea-transport reallocation (Rørmose Jensen & Iliev 2022)
LTU,Lithuania,Europe,Transport Equipment,blue_water_consumption,Mm3,1.5896551329380383e-06,2019,EXIOBASE v3.8.2 IOT_2016_ixi with Danish sea-transport reallocation (Rørmose Jensen & Iliev 2022)
SVK,Slovakia,Europe,"Steam, hot water supply and water distribution",blue_water_consumption,Mm3,1.5774623298268985e-06,2019,EXIOBASE v3.8.2 IOT_2016_ixi with Danish sea-transport reallocation (Rørmose Jensen & Iliev 2022)
GRC,Greece,Europe,Furniture and timber,blue_water_consumption,Mm3,1.5628617154267685e-06,2019,EXIOBASE v3.8.2 IOT_2016_ixi with Danish sea-transport reallocation (Rørmose Jensen & Iliev 2022)
HRV,Croatia,Europe,Textile,land_use,km2,1.5450674587495737e-06,2019,EXIOBASE v3.8.2 IOT_2016_ixi with Danish sea-transport reallocation (Rørmose Jensen & Iliev 2022)
MEX,Mexico,America,Waste management and disposal,blue_water_consumption,Mm3,1.53104624380041e-06,2019,EXIOBASE v3.8.2 IOT_2016_ixi with Danish sea-transport reallocation (Rørmose Jensen & Iliev 2022)
CYP,Cyprus,Middle East,Textile,waste_generation,kt,1.5309353147280164e-06,2019,EXIOBASE v3.8.2 IOT_2016_ixi with Danish sea-transport reallocation (Rørmose Jensen & Iliev 2022)
GRC,Greece,Europe,"Electrical, electronic and measuring equipment",blue_water_consumption,Mm3,1.5197918618263764e-06,2019,EXIOBASE v3.8.2 IOT_2016_ixi with Danish sea-transport reallocation (Rørmose Jensen & Iliev 2022)
EST,Estonia,Europe,Minerals and Metals,blue_water_consumption,Mm3,1.4909260498615802e-06,2019,EXIOBASE v3.8.2 IOT_2016_ixi with Danish sea-transport reallocation (Rørmose Jensen & Iliev 2022)
BRA,Brazil,America,Coal and Petroleum,blue_water_consumption,Mm3,1.4878072756194532e-06,2019,EXIOBASE v3.8.2 IOT_2016_ixi with Danish sea-transport reallocation (Rørmose Jensen & Iliev 2022)
NOR,Norway,Europe,"Steam, hot water supply and water distribution",blue_water_consumption,Mm3,1.482749876595023e-06,2019,EXIOBASE v3.8.2 IOT_2016_ixi with Danish sea-transport reallocation (Rørmose Jensen & Iliev 2022)
CZE,Czech Republic,Europe,Electricity,blue_water_consumption,Mm3,1.4315183145915237e-06,2019,EXIOBASE v3.8.2 IOT_2016_ixi with Danish sea-transport reallocation (Rørmose Jensen & Iliev 2022)
TUR,Turkey,Middle East,"Steam, hot water supply and water distribution",blue_water_consumption,Mm3,1.4047573648029049e-06,2019,EXIOBASE v3.8.2 IOT_2016_ixi with Danish sea-transport reallocation (Rørmose Jensen & Iliev 2022)
MLT,Malta,Europe,Minerals and Metals,waste_generation,kt,1.4012876420452704e-06,2019,EXIOBASE v3.8.2 IOT_2016_ixi with Danish sea-transport reallocation (Rørmose Jensen & Iliev 2022)
MLT,Malta,Europe,Non-metallic mineral products,blue_water_consumption,Mm3,1.323248950801428e-06,2019,EXIOBASE v3.8.2 IOT_2016_ixi with Danish sea-transport reallocation (Rørmose Jensen & Iliev 2022)
HUN,Hungary,Europe,Minerals and Metals,blue_water_consumption,Mm3,1.3178001447782558e-06,2019,EXIOBASE v3.8.2 IOT_2016_ixi with Danish sea-transport reallocation (Rørmose Jensen & Iliev 2022)
HRV,Croatia,Europe,Waste management and disposal,blue_water_consumption,Mm3,1.2956478959770852e-06,2019,EXIOBASE v3.8.2 IOT_2016_ixi with Danish sea-transport reallocation (Rørmose Jensen & Iliev 2022)
LVA,Latvia,Europe,Electricity,blue_water_consumption,Mm3,1.2773776651794486e-06,2019,EXIOBASE v3.8.2 IOT_2016_ixi with Danish sea-transport reallocation (Rørmose Jensen & Iliev 2022)
MEX,Mexico,America,Paper Products,material_extraction,kt,1.230266802789729e-06,2019,EXIOBASE v3.8.2 IOT_2016_ixi with Danish sea-transport reallocation (Rørmose Jensen & Iliev 2022)
CYP,Cyprus,Middle East,"Electrical, electronic and measuring equipment",waste_generation,kt,1.180679875578685e-06,2019,EXIOBASE v3.8.2 IOT_2016_ixi with Danish sea-transport reallocation (Rørmose Jensen & Iliev 2022)
SVK,Slovakia,Europe,Natural gas and gaseous fuels,blue_water_consumption,Mm3,1.177830232964849e-06,2019,EXIOBASE v3.8.2 IOT_2016_ixi with Danish sea-transport reallocation (Rørmose Jensen & Iliev 2022)
LTU,Lithuania,Europe,Construction,blue_water_consumption,Mm3,1.051578737772216e-06,2019,EXIOBASE v3.8.2 IOT_2016_ixi with Danish sea-transport reallocation (Rørmose Jensen & Iliev 2022)
IRL,Ireland,Europe,Services,blue_water_consumption,Mm3,9.662986971358736e-07,2019,EXIOBASE v3.8.2 IOT_2016_ixi with Danish sea-transport reallocation (Rørmose Jensen & Iliev 2022)
RoW Middle East,RoW Middle East,Middle East,"Electrical, electronic and measuring equipment",land_use,km2,9.598459893631884e-07,2019,EXIOBASE v3.8.2 IOT_2016_ixi with Danish sea-transport reallocation (Rørmose Jensen & Iliev 2022)
RoW Middle East,RoW Middle East,Middle East,Transport Equipment,land_use,km2,9.49164946811253e-07,2019,EXIOBASE v3.8.2 IOT_2016_ixi with Danish sea-transport reallocation (Rørmose Jensen & Iliev 2022)
LTU,Lithuania,Europe,Construction,land_use,km2,9.271852641753503e-07,2019,EXIOBASE v3.8.2 IOT_2016_ixi with Danish sea-transport reallocation (Rørmose Jensen & Iliev 2022)
IND,India,Asia and Pacific,Waste management and disposal,blue_water_consumption,Mm3,8.939695583270036e-07,2019,EXIOBASE v3.8.2 IOT_2016_ixi with Danish sea-transport reallocation (Rørmose Jensen & Iliev 2022)
RoW Africa,RoW Africa,Africa,Textile,material_extraction,kt,8.602103054731332e-07,2019,EXIOBASE v3.8.2 IOT_2016_ixi with Danish sea-transport reallocation (Rørmose Jensen & Iliev 2022)
ROU,Romania,Europe,Transport Equipment,blue_water_consumption,Mm3,8.33554141921289e-07,2019,EXIOBASE v3.8.2 IOT_2016_ixi with Danish sea-transport reallocation (Rørmose Jensen & Iliev 2022)
SWE,Sweden,Europe,Construction,blue_water_consumption,Mm3,8.187886127856471e-07,2019,EXIOBASE v3.8.2 IOT_2016_ixi with Danish sea-transport reallocation (Rørmose Jensen & Iliev 2022)
KOR,South Korea,Asia and Pacific,Textile,land_use,km2,8.044843716688091e-07,2019,EXIOBASE v3.8.2 IOT_2016_ixi with Danish sea-transport reallocation (Rørmose Jensen & Iliev 2022)
ZAF,South Africa,Africa,"Steam, hot water supply and water distribution",waste_generation,kt,8.026190208228094e-07,2019,EXIOBASE v3.8.2 IOT_2016_ixi with Danish sea-transport reallocation (Rørmose Jensen & Iliev 2022)
AUS,Australia,Asia and Pacific,Transport Equipment,blue_water_consumption,Mm3,7.995327888767049e-07,2019,EXIOBASE v3.8.2 IOT_2016_ixi with Danish sea-transport reallocation (Rørmose Jensen & Iliev 2022)
LTU,Lithuania,Europe,"Steam, hot water supply and water distribution",blue_water_consumption,Mm3,7.844652681843391e-07,2019,EXIOBASE v3.8.2 IOT_2016_ixi with Danish sea-transport reallocation (Rørmose Jensen & Iliev 2022)
LUX,Luxembourg,Europe,Construction,blue_water_consumption,Mm3,7.761302046627625e-07,2019,EXIOBASE v3.8.2 IOT_2016_ixi with Danish sea-transport reallocation (Rørmose Jensen & Iliev 2022)
MLT,Malta,Europe,Textile,waste_generation,kt,7.740286647520398e-07,2019,EXIOBASE v3.8.2 IOT_2016_ixi with Danish sea-transport reallocation (Rørmose Jensen & Iliev 2022)
AUT,Austria,Europe,Construction,blue_water_consumption,Mm3,7.62882871303154e-07,2019,EXIOBASE v3.8.2 IOT_2016_ixi with Danish sea-transport reallocation (Rørmose Jensen & Iliev 2022)
GRC,Greece,Europe,General and special Machinery,blue_water_consumption,Mm3,7.618987646577626e-07,2019,EXIOBASE v3.8.2 IOT_2016_ixi with Danish sea-transport reallocation (Rørmose Jensen & Iliev 2022)
MLT,Malta,Europe,"Steam, hot water supply and water distribution",waste_generation,kt,7.608552829532152e-07,2019,EXIOBASE v3.8.2 IOT_2016_ixi with Danish sea-transport reallocation (Rørmose Jensen & Iliev 2022)
IDN,Indonesia,Asia and Pacific,Transport Equipment,blue_water_consumption,Mm3,7.376236394321147e-07,2019,EXIOBASE v3.8.2 IOT_2016_ixi with Danish sea-transport reallocation (Rørmose Jensen & Iliev 2022)
AUT,Austria,Europe,"Steam, hot water supply and water distribution",blue_water_consumption,Mm3,6.962701462530157e-07,2019,EXIOBASE v3.8.2 IOT_2016_ixi with Danish sea-transport reallocation (Rørmose Jensen & Iliev 2022)
AUT,Austria,Europe,Transport,blue_water_consumption,Mm3,6.622670851323839e-07,2019,EXIOBASE v3.8.2 IOT_2016_ixi with Danish sea-transport reallocation (Rørmose Jensen & Iliev 2022)
ZAF,South Africa,Africa,Transport,blue_water_consumption,Mm3,6.556553648267733e-07,2019,EXIOBASE v3.8.2 IOT_2016_ixi with Danish sea-transport reallocation (Rørmose Jensen & Iliev 2022)
HRV,Croatia,Europe,Transport,blue_water_consumption,Mm3,6.226912541918709e-07,2019,EXIOBASE v3.8.2 IOT_2016_ixi with Danish sea-transport reallocation (Rørmose Jensen & Iliev 2022)
MLT,Malta,Europe,Metal Products,waste_generation,kt,6.211647615595317e-07,2019,EXIOBASE v3.8.2 IOT_2016_ixi with Danish sea-transport reallocation (Rørmose Jensen & Iliev 2022)
HRV,Croatia,Europe,"Steam, hot water supply and water distribution",blue_water_consumption,Mm3,5.89209324271872e-07,2019,EXIOBASE v3.8.2 IOT_2016_ixi with Danish sea-transport reallocation (Rørmose Jensen & Iliev 2022)
TUR,Turkey,Middle East,Construction,blue_water_consumption,Mm3,5.802173974679118e-07,2019,EXIOBASE v3.8.2 IOT_2016_ixi with Danish sea-transport reallocation (Rørmose Jensen & Iliev 2022)
ZAF,South Africa,Africa,Waste management and disposal,blue_water_consumption,Mm3,5.723683842970101e-07,2019,EXIOBASE v3.8.2 IOT_2016_ixi with Danish sea-transport reallocation (Rørmose Jensen & Iliev 2022)
CYP,Cyprus,Middle East,Electricity,waste_generation,kt,5.552862736349736e-07,2019,EXIOBASE v3.8.2 IOT_2016_ixi with Danish sea-transport reallocation (Rørmose Jensen & Iliev 2022)
EST,Estonia,Europe,"Steam, hot water supply and water distribution",blue_water_consumption,Mm3,5.464648738179209e-07,2019,EXIOBASE v3.8.2 IOT_2016_ixi with Danish sea-transport reallocation (Rørmose Jensen & Iliev 2022)
ESP,Spain,Europe,Natural gas and gaseous fuels,blue_water_consumption,Mm3,5.454971337604228e-07,2019,EXIOBASE v3.8.2 IOT_2016_ixi with Danish sea-transport reallocation (Rørmose Jensen & Iliev 2022)
RoW Middle East,RoW Middle East,Middle East,"Steam, hot water supply and water distribution",blue_water_consumption,Mm3,5.161668864390079e-07,2019,EXIOBASE v3.8.2 IOT_2016_ixi with Danish sea-transport reallocation (Rørmose Jensen & Iliev 2022)
MLT,Malta,Europe,Transport Equipment,blue_water_consumption,Mm3,5.100918426298162e-07,2019,EXIOBASE v3.8.2 IOT_2016_ixi with Danish sea-transport reallocation (Rørmose Jensen & Iliev 2022)
IND,India,Asia and Pacific,General and special Machinery,material_extraction,kt,5.026534445977687e-07,2019,EXIOBASE v3.8.2 IOT_2016_ixi with Danish sea-transport reallocation (Rørmose Jensen & Iliev 2022)
MLT,Malta,Europe,"Electrical, electronic and measuring equipment",land_use,km2,4.93810625052029e-07,2019,EXIOBASE v3.8.2 IOT_2016_ixi with Danish sea-transport reallocation (Rørmose Jensen & Iliev 2022)
LTU,Lithuania,Europe,Minerals and Metals,blue_water_consumption,Mm3,4.92879116215191e-07,2019,EXIOBASE v3.8.2 IOT_2016_ixi with Danish sea-transport reallocation (Rørmose Jensen & Iliev 2022)
SVN,Slovenia,Europe,Minerals and Metals,blue_water_consumption,Mm3,4.892011606514846e-07,2019,EXIOBASE v3.8.2 IOT_2016_ixi with Danish sea-transport reallocation (Rørmose Jensen & Iliev 2022)
LUX,Luxembourg,Europe,Natural gas and gaseous fuels,blue_water_consumption,Mm3,4.533628691116263e-07,2019,EXIOBASE v3.8.2 IOT_2016_ixi with Danish sea-transport reallocation (Rørmose Jensen & Iliev 2022)
MLT,Malta,Europe,Textile,blue_water_consumption,Mm3,4.4643632707124144e-07,2019,EXIOBASE v3.8.2 IOT_2016_ixi with Danish sea-transport reallocation (Rørmose Jensen & Iliev 2022)
MLT,Malta,Europe,General and special Machinery,waste_generation,kt,4.429094141210136e-07,2019,EXIOBASE v3.8.2 IOT_2016_ixi with Danish sea-transport reallocation (Rørmose Jensen & Iliev 2022)
GRC,Greece,Europe,Natural gas and gaseous fuels,material_extraction,kt,4.285082046788332e-07,2019,EXIOBASE v3.8.2 IOT_2016_ixi with Danish sea-transport reallocation (Rørmose Jensen & Iliev 2022)
CYP,Cyprus,Middle East,"Electrical, electronic and measuring equipment",blue_water_consumption,Mm3,3.838963375065718e-07,2019,EXIOBASE v3.8.2 IOT_2016_ixi with Danish sea-transport reallocation (Rørmose Jensen & Iliev 2022)
MLT,Malta,Europe,"Electrical, electronic and measuring equipment",blue_water_consumption,Mm3,3.7341286648561275e-07,2019,EXIOBASE v3.8.2 IOT_2016_ixi with Danish sea-transport reallocation (Rørmose Jensen & Iliev 2022)
SVN,Slovenia,Europe,Transport Equipment,blue_water_consumption,Mm3,3.445783212579215e-07,2019,EXIOBASE v3.8.2 IOT_2016_ixi with Danish sea-transport reallocation (Rørmose Jensen & Iliev 2022)
GRC,Greece,Europe,Coal and Petroleum,blue_water_consumption,Mm3,3.278483792749156e-07,2019,EXIOBASE v3.8.2 IOT_2016_ixi with Danish sea-transport reallocation (Rørmose Jensen & Iliev 2022)
HUN,Hungary,Europe,Non-metallic mineral products,land_use,km2,3.0027119645815644e-07,2019,EXIOBASE v3.8.2 IOT_2016_ixi with Danish sea-transport reallocation (Rørmose Jensen & Iliev 2022)
SVN,Slovenia,Europe,Coal and Petroleum,blue_water_consumption,Mm3,2.943749425333596e-07,2019,EXIOBASE v3.8.2 IOT_2016_ixi with Danish sea-transport reallocation (Rørmose Jensen & Iliev 2022)
MLT,Malta,Europe,General and special Machinery,blue_water_consumption,Mm3,2.848511678644344e-07,2019,EXIOBASE v3.8.2 IOT_2016_ixi with Danish sea-transport reallocation (Rørmose Jensen & Iliev 2022)
RoW Africa,RoW Africa,Africa,Transport Equipment,material_extraction,kt,2.7750209146656036e-07,2019,EXIOBASE v3.8.2 IOT_2016_ixi with Danish sea-transport reallocation (Rørmose Jensen & Iliev 2022)
RoW Africa,RoW Africa,Africa,Furniture and timber,material_extraction,kt,2.4642873002426555e-07,2019,EXIOBASE v3.8.2 IOT_2016_ixi with Danish sea-transport reallocation (Rørmose Jensen & Iliev 2022)
CHE,Switzerland,Europe,Coal and Petroleum,blue_water_consumption,Mm3,2.35821044447035e-07,2019,EXIOBASE v3.8.2 IOT_2016_ixi with Danish sea-transport reallocation (Rørmose Jensen & Iliev 2022)
LVA,Latvia,Europe,Natural gas and gaseous fuels,blue_water_consumption,Mm3,2.270801842967384e-07,2019,EXIOBASE v3.8.2 IOT_2016_ixi with Danish sea-transport reallocation (Rørmose Jensen & Iliev 2022)
MLT,Malta,Europe,Construction,blue_water_consumption,Mm3,2.256872803418579e-07,2019,EXIOBASE v3.8.2 IOT_2016_ixi with Danish sea-transport reallocation (Rørmose Jensen & Iliev 2022)
SVN,Slovenia,Europe,Construction,blue_water_consumption,Mm3,2.2408487669550716e-07,2019,EXIOBASE v3.8.2 IOT_2016_ixi with Danish sea-transport reallocation (Rørmose Jensen & Iliev 2022)
LVA,Latvia,Europe,Coal and Petroleum,blue_water_consumption,Mm3,2.092318350713545e-07,2019,EXIOBASE v3.8.2 IOT_2016_ixi with Danish sea-transport reallocation (Rørmose Jensen & Iliev 2022)
LUX,Luxembourg,Europe,Minerals and Metals,blue_water_consumption,Mm3,2.011911190191268e-07,2019,EXIOBASE v3.8.2 IOT_2016_ixi with Danish sea-transport reallocation (Rørmose Jensen & Iliev 2022)
NLD,Netherlands,Europe,Natural gas and gaseous fuels,blue_water_consumption,Mm3,1.8046250906038597e-07,2019,EXIOBASE v3.8.2 IOT_2016_ixi with Danish sea-transport reallocation (Rørmose Jensen & Iliev 2022)
BRA,Brazil,America,Waste management and disposal,blue_water_consumption,Mm3,1.801798292069643e-07,2019,EXIOBASE v3.8.2 IOT_2016_ixi with Danish sea-transport reallocation (Rørmose Jensen & Iliev 2022)
MEX,Mexico,America,Transport Equipment,material_extraction,kt,1.695046925386878e-07,2019,EXIOBASE v3.8.2 IOT_2016_ixi with Danish sea-transport reallocation (Rørmose Jensen & Iliev 2022)
BRA,Brazil,America,Transport,blue_water_consumption,Mm3,1.680378620104119e-07,2019,EXIOBASE v3.8.2 IOT_2016_ixi with Danish sea-transport reallocation (Rørmose Jensen & Iliev 2022)
LTU,Lithuania,Europe,Coal and Petroleum,blue_water_consumption,Mm3,1.6032628290373663e-07,2019,EXIOBASE v3.8.2 IOT_2016_ixi with Danish sea-transport reallocation (Rørmose Jensen & Iliev 2022)
CHE,Switzerland,Europe,"Steam, hot water supply and water distribution",blue_water_consumption,Mm3,1.4578683278680507e-07,2019,EXIOBASE v3.8.2 IOT_2016_ixi with Danish sea-transport reallocation (Rørmose Jensen & Iliev 2022)
MLT,Malta,Europe,Electricity,blue_water_consumption,Mm3,1.4355194207843873e-07,2019,EXIOBASE v3.8.2 IOT_2016_ixi with Danish sea-transport reallocation (Rørmose Jensen & Iliev 2022)
MLT,Malta,Europe,Coal and Petroleum,blue_water_consumption,Mm3,1.286034485953063e-07,2019,EXIOBASE v3.8.2 IOT_2016_ixi with Danish sea-transport reallocation (Rørmose Jensen & Iliev 2022)
DNK,Denmark,Denmark,Coal and Petroleum,blue_water_consumption,Mm3,1.171488075961311e-07,2019,EXIOBASE v3.8.2 IOT_2016_ixi with Danish sea-transport reallocation (Rørmose Jensen & Iliev 2022)
IDN,Indonesia,Asia and Pacific,Natural gas and gaseous fuels,waste_generation,kt,1.0210565028916065e-07,2019,EXIOBASE v3.8.2 IOT_2016_ixi with Danish sea-transport reallocation (Rørmose Jensen & Iliev 2022)
MEX,Mexico,America,"Steam, hot water supply and water distribution",blue_water_consumption,Mm3,9.980365889450286e-08,2019,EXIOBASE v3.8.2 IOT_2016_ixi with Danish sea-transport reallocation (Rørmose Jensen & Iliev 2022)
AUS,Australia,Asia and Pacific,Natural gas and gaseous fuels,waste_generation,kt,9.808126031151785e-08,2019,EXIOBASE v3.8.2 IOT_2016_ixi with Danish sea-transport reallocation (Rørmose Jensen & Iliev 2022)
BRA,Brazil,America,"Steam, hot water supply and water distribution",climate_change,kt CO2eq,9.559076779134041e-08,2019,EXIOBASE v3.8.2 IOT_2016_ixi with Danish sea-transport reallocation (Rørmose Jensen & Iliev 2022)
MLT,Malta,Europe,Minerals and Metals,blue_water_consumption,Mm3,9.378965658039562e-08,2019,EXIOBASE v3.8.2 IOT_2016_ixi with Danish sea-transport reallocation (Rørmose Jensen & Iliev 2022)
FIN,Finland,Europe,"Steam, hot water supply and water distribution",blue_water_consumption,Mm3,8.576888584010431e-08,2019,EXIOBASE v3.8.2 IOT_2016_ixi with Danish sea-transport reallocation (Rørmose Jensen & Iliev 2022)
ZAF,South Africa,Africa,Natural gas and gaseous fuels,waste_generation,kt,7.028451644824002e-08,2019,EXIOBASE v3.8.2 IOT_2016_ixi with Danish sea-transport reallocation (Rørmose Jensen & Iliev 2022)
CYP,Cyprus,Middle East,Coal and Petroleum,waste_generation,kt,6.307088334264269e-08,2019,EXIOBASE v3.8.2 IOT_2016_ixi with Danish sea-transport reallocation (Rørmose Jensen & Iliev 2022)
CYP,Cyprus,Middle East,Transport Equipment,blue_water_consumption,Mm3,6.09798850918813e-08,2019,EXIOBASE v3.8.2 IOT_2016_ixi with Danish sea-transport reallocation (Rørmose Jensen & Iliev 2022)
CAN,Canada,America,Construction,blue_water_consumption,Mm3,5.694575613266349e-08,2019,EXIOBASE v3.8.2 IOT_2016_ixi with Danish sea-transport reallocation (Rørmose Jensen & Iliev 2022)
PRT,Portugal,Europe,"Steam, hot water supply and water distribution",blue_water_consumption,Mm3,4.6305525166977056e-08,2019,EXIOBASE v3.8.2 IOT_2016_ixi with Danish sea-transport reallocation (Rørmose Jensen & Iliev 2022)
GBR,United Kingdom,Europe,Natural gas and gaseous fuels,blue_water_consumption,Mm3,4.560614714651721e-08,2019,EXIOBASE v3.8.2 IOT_2016_ixi with Danish sea-transport reallocation (Rørmose Jensen & Iliev 2022)
MEX,Mexico,America,Natural gas and gaseous fuels,blue_water_consumption,Mm3,3.971288684106859e-08,2019,EXIOBASE v3.8.2 IOT_2016_ixi with Danish sea-transport reallocation (Rørmose Jensen & Iliev 2022)
TUR,Turkey,Middle East,Natural gas and gaseous fuels,blue_water_consumption,Mm3,3.729092511404423e-08,2019,EXIOBASE v3.8.2 IOT_2016_ixi with Danish sea-transport reallocation (Rørmose Jensen & Iliev 2022)
ITA,Italy,Europe,Construction,blue_water_consumption,Mm3,3.576780075793775e-08,2019,EXIOBASE v3.8.2 IOT_2016_ixi with Danish sea-transport reallocation (Rørmose Jensen & Iliev 2022)
MEX,Mexico,America,"Steam, hot water supply and water distribution",climate_change,kt CO2eq,3.0174588746101e-08,2019,EXIOBASE v3.8.2 IOT_2016_ixi with Danish sea-transport reallocation (Rørmose Jensen & Iliev 2022)
FIN,Finland,Europe,Transport,blue_water_consumption,Mm3,2.8536295795652398e-08,2019,EXIOBASE v3.8.2 IOT_2016_ixi with Danish sea-transport reallocation (Rørmose Jensen & Iliev 2022)
CYP,Cyprus,Middle East,Waste management and disposal,blue_water_consumption,Mm3,2.446127924221369e-08,2019,EXIOBASE v3.8.2 IOT_2016_ixi with Danish sea-transport reallocation (Rørmose Jensen & Iliev 2022)
CYP,Cyprus,Middle East,"Steam, hot water supply and water distribution",waste_generation,kt,2.393585421359447e-08,2019,EXIOBASE v3.8.2 IOT_2016_ixi with Danish sea-transport reallocation (Rørmose Jensen & Iliev 2022)
RoW Africa,RoW Africa,Africa,"Steam, hot water supply and water distribution",material_extraction,kt,2.247610384850809e-08,2019,EXIOBASE v3.8.2 IOT_2016_ixi with Danish sea-transport reallocation (Rørmose Jensen & Iliev 2022)
FIN,Finland,Europe,Construction,blue_water_consumption,Mm3,1.949993659482223e-08,2019,EXIOBASE v3.8.2 IOT_2016_ixi with Danish sea-transport reallocation (Rørmose Jensen & Iliev 2022)
PRT,Portugal,Europe,Natural gas and gaseous fuels,blue_water_consumption,Mm3,1.862338613014348e-08,2019,EXIOBASE v3.8.2 IOT_2016_ixi with Danish sea-transport reallocation (Rørmose Jensen & Iliev 2022)
AUS,Australia,Asia and Pacific,Transport,blue_water_consumption,Mm3,1.765242971857376e-08,2019,EXIOBASE v3.8.2 IOT_2016_ixi with Danish sea-transport reallocation (Rørmose Jensen & Iliev 2022)
GBR,United Kingdom,Europe,"Steam, hot water supply and water distribution",blue_water_consumption,Mm3,1.7018151516264178e-08,2019,EXIOBASE v3.8.2 IOT_2016_ixi with Danish sea-transport reallocation (Rørmose Jensen & Iliev 2022)
LVA,Latvia,Europe,"Steam, hot water supply and water distribution",blue_water_consumption,Mm3,1.637664975582527e-08,2019,EXIOBASE v3.8.2 IOT_2016_ixi with Danish sea-transport reallocation (Rørmose Jensen & Iliev 2022)
CHE,Switzerland,Europe,Natural gas and gaseous fuels,blue_water_consumption,Mm3,1.1873689625104615e-08,2019,EXIOBASE v3.8.2 IOT_2016_ixi with Danish sea-transport reallocation (Rørmose Jensen & Iliev 2022)
GRC,Greece,Europe,Transport,blue_water_consumption,Mm3,1.0225880264820573e-08,2019,EXIOBASE v3.8.2 IOT_2016_ixi with Danish sea-transport reallocation (Rørmose Jensen & Iliev 2022)
RoW Africa,RoW Africa,Africa,Transport Equipment,land_use,km2,9.936037125344831e-09,2019,EXIOBASE v3.8.2 IOT_2016_ixi with Danish sea-transport reallocation (Rørmose Jensen & Iliev 2022)
CYP,Cyprus,Middle East,Natural gas and gaseous fuels,waste_generation,kt,8.787100130320572e-09,2019,EXIOBASE v3.8.2 IOT_2016_ixi with Danish sea-transport reallocation (Rørmose Jensen & Iliev 2022)
RoW Africa,RoW Africa,Africa,"Electrical, electronic and measuring equipment",land_use,km2,5.800296611288051e-09,2019,EXIOBASE v3.8.2 IOT_2016_ixi with Danish sea-transport reallocation (Rørmose Jensen & Iliev 2022)
IND,India,Asia and Pacific,Waste management and disposal,material_extraction,kt,4.401050552625346e-09,2019,EXIOBASE v3.8.2 IOT_2016_ixi with Danish sea-transport reallocation (Rørmose Jensen & Iliev 2022)
GRC,Greece,Europe,Transport Equipment,blue_water_consumption,Mm3,4.101545480278044e-09,2019,EXIOBASE v3.8.2 IOT_2016_ixi with Danish sea-transport reallocation (Rørmose Jensen & Iliev 2022)
NLD,Netherlands,Europe,"Steam, hot water supply and water distribution",blue_water_consumption,Mm3,3.237432502898971e-09,2019,EXIOBASE v3.8.2 IOT_2016_ixi with Danish sea-transport reallocation (Rørmose Jensen & Iliev 2022)
LTU,Lithuania,Europe,Natural gas and gaseous fuels,blue_water_consumption,Mm3,2.473932466069691e-09,2019,EXIOBASE v3.8.2 IOT_2016_ixi with Danish sea-transport reallocation (Rørmose Jensen & Iliev 2022)
DNK,Denmark,Denmark,Natural gas and gaseous fuels,blue_water_consumption,Mm3,2.290341918381499e-09,2019,EXIOBASE v3.8.2 IOT_2016_ixi with Danish sea-transport reallocation (Rørmose Jensen & Iliev 2022)
IRL,Ireland,Europe,Natural gas and gaseous fuels,blue_water_consumption,Mm3,1.707232100852968e-09,2019,EXIOBASE v3.8.2 IOT_2016_ixi with Danish sea-transport reallocation (Rørmose Jensen & Iliev 2022)
IDN,Indonesia,Asia and Pacific,"Steam, hot water supply and water distribution",waste_generation,kt,1.409786874263844e-09,2019,EXIOBASE v3.8.2 IOT_2016_ixi with Danish sea-transport reallocation (Rørmose Jensen & Iliev 2022)
AUS,Australia,Asia and Pacific,Construction,blue_water_consumption,Mm3,1.270868705948942e-09,2019,EXIOBASE v3.8.2 IOT_2016_ixi with Danish sea-transport reallocation (Rørmose Jensen & Iliev 2022)
BRA,Brazil,America,"Steam, hot water supply and water distribution",waste_generation,kt,1.102278182673165e-09,2019,EXIOBASE v3.8.2 IOT_2016_ixi with Danish sea-transport reallocation (Rørmose Jensen & Iliev 2022)
FIN,Finland,Europe,Natural gas and gaseous fuels,blue_water_consumption,Mm3,9.178114468918228e-10,2019,EXIOBASE v3.8.2 IOT_2016_ixi with Danish sea-transport reallocation (Rørmose Jensen & Iliev 2022)
MLT,Malta,Europe,Coal and Petroleum,waste_generation,kt,2.792767409396702e-10,2019,EXIOBASE v3.8.2 IOT_2016_ixi with Danish sea-transport reallocation (Rørmose Jensen & Iliev 2022)
RoW Africa,RoW Africa,Africa,Construction,material_extraction,kt,1.885436333319788e-10,2019,EXIOBASE v3.8.2 IOT_2016_ixi with Danish sea-transport reallocation (Rørmose Jensen & Iliev 2022)
MEX,Mexico,America,Construction,blue_water_consumption,Mm3,1.674492182575412e-10,2019,EXIOBASE v3.8.2 IOT_2016_ixi with Danish sea-transport reallocation (Rørmose Jensen & Iliev 2022)
SWE,Sweden,Europe,Natural gas and gaseous fuels,blue_water_consumption,Mm3,5.081634706555319e-11,2019,EXIOBASE v3.8.2 IOT_2016_ixi with Danish sea-transport reallocation (Rørmose Jensen & Iliev 2022)
SVN,Slovenia,Europe,Natural gas and gaseous fuels,blue_water_consumption,Mm3,1.996185051702842e-11,2019,EXIOBASE v3.8.2 IOT_2016_ixi with Danish sea-transport reallocation (Rørmose Jensen & Iliev 2022)
FRA,France,Europe,Services,material_extraction,kt,5.853132539373187e-13,2019,EXIOBASE v3.8.2 IOT_2016_ixi with Danish sea-transport reallocation (Rørmose Jensen & Iliev 2022)
CYP,Cyprus,Middle East,Natural gas and gaseous fuels,climate_change,kt CO2eq,8.567935361047534e-14,2019,EXIOBASE v3.8.2 IOT_2016_ixi with Danish sea-transport reallocation (Rørmose Jensen & Iliev 2022)
MLT,Malta,Europe,Natural gas and gaseous fuels,waste_generation,kt,1.523776943403347e-14,2019,EXIOBASE v3.8.2 IOT_2016_ixi with Danish sea-transport reallocation (Rørmose Jensen & Iliev 2022)
