producing_country_iso3,producing_country_name,producing_world_region,producing_sector_group,indicator,unit,value,analysis_year,model
DNK,Denmark,Denmark,Minerals and Metals,material_extraction,kt,1567.48658952352,2022,EXIOBASE v3.8.2 IOT_2022_ixi with Danish sea-transport reallocation (Rørmose Jensen & Iliev 2022)
RoW Africa,RoW Africa,Africa,Food and catering,land_use,km2,858.8530625400775,2022,EXIOBASE v3.8.2 IOT_2022_ixi with Danish sea-transport reallocation (Rørmose Jensen & Iliev 2022)
RoW Asia and Pacific,RoW Asia and Pacific,Asia and Pacific,Food and catering,land_use,km2,481.9486593565995,2022,EXIOBASE v3.8.2 IOT_2022_ixi with Danish sea-transport reallocation (Rørmose Jensen & Iliev 2022)
RoW Europe,RoW Europe,Europe,Food and catering,land_use,km2,391.0118800765769,2022,EXIOBASE v3.8.2 IOT_2022_ixi with Danish sea-transport reallocation (Rørmose Jensen & Iliev 2022)
DNK,Denmark,Denmark,Food and catering,land_use,km2,369.4601633598822,2022,EXIOBASE v3.8.2 IOT_2022_ixi with Danish sea-transport reallocation (Rørmose Jensen & Iliev 2022)
DNK,Denmark,Denmark,Private travel,climate_change,kt CO2eq,358.1692971207127,2022,EXIOBASE v3.8.2 IOT_2022_ixi with Danish sea-transport reallocation (Rørmose Jensen & Iliev 2022)
CHN,China,Asia and Pacific,Minerals and Metals,material_extraction,kt,325.93098495564607,2022,EXIOBASE v3.8.2 IOT_2022_ixi with Danish sea-transport reallocation (Rørmose Jensen & Iliev 2022)
GLO,Unallocated,Unallocated,Private travel,climate_change,kt CO2eq,245.7291104137513,2022,EXIOBASE v3.8.2 IOT_2022_ixi with Danish sea-transport reallocation (Rørmose Jensen & Iliev 2022)
RUS,Russia,Europe,Food and catering,land_use,km2,230.9916217436516,2022,EXIOBASE v3.8.2 IOT_2022_ixi with Danish sea-transport reallocation (Rørmose Jensen & Iliev 2022)
DNK,Denmark,Denmark,Services,climate_change,kt CO2eq,188.86820811742743,2022,EXIOBASE v3.8.2 IOT_2022_ixi with Danish sea-transport reallocation (Rørmose Jensen & Iliev 2022)
RoW America,RoW America,America,Food and catering,land_use,km2,183.1504292868877,2022,EXIOBASE v3.8.2 IOT_2022_ixi with Danish sea-transport reallocation (Rørmose Jensen & Iliev 2022)
AUS,Australia,Asia and Pacific,Food and catering,land_use,km2,181.83716389791917,2022,EXIOBASE v3.8.2 IOT_2022_ixi with Danish sea-transport reallocation (Rørmose Jensen & Iliev 2022)
RoW Middle East,RoW Middle East,Middle East,Food and catering,land_use,km2,170.55079103396739,2022,EXIOBASE v3.8.2 IOT_2022_ixi with Danish sea-transport reallocation (Rørmose Jensen & Iliev 2022)
RoW Middle East,RoW Middle East,Middle East,Minerals and Metals,material_extraction,kt,170.49681015431807,2022,EXIOBASE v3.8.2 IOT_2022_ixi with Danish sea-transport reallocation (Rørmose Jensen & Iliev 2022)
CHN,China,Asia and Pacific,Food and catering,land_use,km2,149.0533351119506,2022,EXIOBASE v3.8.2 IOT_2022_ixi with Danish sea-transport reallocation (Rørmose Jensen & Iliev 2022)
RoW Asia and Pacific,RoW Asia and Pacific,Asia and Pacific,Minerals and Metals,material_extraction,kt,142.79064851798358,2022,EXIOBASE v3.8.2 IOT_2022_ixi with Danish sea-transport reallocation (Rørmose Jensen & Iliev 2022)
RoW Europe,RoW Europe,Europe,Chemical,material_extraction,kt,139.76578888339273,2022,EXIOBASE v3.8.2 IOT_2022_ixi with Danish sea-transport reallocation (Rørmose Jensen & Iliev 2022)
DNK,Denmark,Denmark,Operational impact,climate_change,kt CO2eq,130.3030621077094,2022,EXIOBASE v3.8.2 IOT_2022_ixi with Danish sea-transport reallocation (Rørmose Jensen & Iliev 2022)
DNK,Denmark,Denmark,Food and catering,climate_change,kt CO2eq,122.20308438937667,2022,EXIOBASE v3.8.2 IOT_2022_ixi with Danish sea-transport reallocation (Rørmose Jensen & Iliev 2022)
USA,United States,America,Food and catering,land_use,km2,120.15889808630502,2022,EXIOBASE v3.8.2 IOT_2022_ixi with Danish sea-transport reallocation (Rørmose Jensen & Iliev 2022)
RUS,Russia,Europe,Coal and Petroleum,climate_change,kt CO2eq,114.01691238490301,2022,EXIOBASE v3.8.2 IOT_2022_ixi with Danish sea-transport reallocation (Rørmose Jensen & Iliev 2022)
DNK,Denmark,Denmark,Transport,climate_change,kt CO2eq,111.1255705351083,2022,EXIOBASE v3.8.2 IOT_2022_ixi with Danish sea-transport reallocation (Rørmose Jensen & Iliev 2022)
NOR,Norway,Europe,Food and catering,land_use,km2,110.96382218494423,2022,EXIOBASE v3.8.2 IOT_2022_ixi with Danish sea-transport reallocation (Rørmose Jensen & Iliev 2022)
SWE,Sweden,Europe,Food and catering,land_use,km2,110.8350836841482,2022,EXIOBASE v3.8.2 IOT_2022_ixi with Danish sea-transport reallocation (Rørmose Jensen & Iliev 2022)
RoW Asia and Pacific,RoW Asia and Pacific,Asia and Pacific,Transport,climate_change,kt CO2eq,101.83638480857704,2022,EXIOBASE v3.8.2 IOT_2022_ixi with Danish sea-transport reallocation (Rørmose Jensen & Iliev 2022)
DNK,Denmark,Denmark,Non-metallic mineral products,material_extraction,kt,100.82022669342429,2022,EXIOBASE v3.8.2 IOT_2022_ixi with Danish sea-transport reallocation (Rørmose Jensen & Iliev 2022)
IND,India,Asia and Pacific,Minerals and Metals,material_extraction,kt,96.156704857993,2022,EXIOBASE v3.8.2 IOT_2022_ixi with Danish sea-transport reallocation (Rørmose Jensen & Iliev 2022)
IND,India,Asia and Pacific,Food and catering,land_use,km2,89.53475915741373,2022,EXIOBASE v3.8.2 IOT_2022_ixi with Danish sea-transport reallocation (Rørmose Jensen & Iliev 2022)
DNK,Denmark,Denmark,"Steam, hot water supply and water distribution",climate_change,kt CO2eq,88.27192298353287,2022,EXIOBASE v3.8.2 IOT_2022_ixi with Danish sea-transport reallocation (Rørmose Jensen & Iliev 2022)
BRA,Brazil,America,Food and catering,land_use,km2,88.0813578561519,2022,EXIOBASE v3.8.2 IOT_2022_ixi with Danish sea-transport reallocation (Rørmose Jensen & Iliev 2022)
DNK,Denmark,Denmark,Waste management and disposal,climate_change,kt CO2eq,85.54963845185954,2022,EXIOBASE v3.8.2 IOT_2022_ixi with Danish sea-transport reallocation (Rørmose Jensen & Iliev 2022)
DNK,Denmark,Denmark,Electricity,climate_change,kt CO2eq,72.19592918141667,2022,EXIOBASE v3.8.2 IOT_2022_ixi with Danish sea-transport reallocation (Rørmose Jensen & Iliev 2022)
DEU,Germany,Europe,Transport,climate_change,kt CO2eq,68.22747222788703,2022,EXIOBASE v3.8.2 IOT_2022_ixi with Danish sea-transport reallocation (Rørmose Jensen & Iliev 2022)
RoW Africa,RoW Africa,Africa,Food and catering,climate_change,kt CO2eq,68.22214330167034,2022,EXIOBASE v3.8.2 IOT_2022_ixi with Danish sea-transport reallocation (Rørmose Jensen & Iliev 2022)
POL,Poland,Europe,Food and catering,land_use,km2,63.238439983165705,2022,EXIOBASE v3.8.2 IOT_2022_ixi with Danish sea-transport reallocation (Rørmose Jensen & Iliev 2022)
DEU,Germany,Europe,Minerals and Metals,material_extraction,kt,63.094438090218155,2022,EXIOBASE v3.8.2 IOT_2022_ixi with Danish sea-transport reallocation (Rørmose Jensen & Iliev 2022)
RoW Middle East,RoW Middle East,Middle East,Transport,climate_change,kt CO2eq,62.36421826422423,2022,EXIOBASE v3.8.2 IOT_2022_ixi with Danish sea-transport reallocation (Rørmose Jensen & Iliev 2022)
RoW Europe,RoW Europe,Europe,"Steam, hot water supply and water distribution",climate_change,kt CO2eq,59.15579545581465,2022,EXIOBASE v3.8.2 IOT_2022_ixi with Danish sea-transport reallocation (Rørmose Jensen & Iliev 2022)
USA,United States,America,Coal and Petroleum,climate_change,kt CO2eq,57.59595093358263,2022,EXIOBASE v3.8.2 IOT_2022_ixi with Danish sea-transport reallocation (Rørmose Jensen & Iliev 2022)
RoW Africa,RoW Africa,Africa,Minerals and Metals,material_extraction,kt,57.22244036906791,2022,EXIOBASE v3.8.2 IOT_2022_ixi with Danish sea-transport reallocation (Rørmose Jensen & Iliev 2022)
RoW Asia and Pacific,RoW Asia and Pacific,Asia and Pacific,Food and catering,climate_change,kt CO2eq,54.988155641406664,2022,EXIOBASE v3.8.2 IOT_2022_ixi with Danish sea-transport reallocation (Rørmose Jensen & Iliev 2022)
POL,Poland,Europe,Minerals and Metals,material_extraction,kt,53.86702322605505,2022,EXIOBASE v3.8.2 IOT_2022_ixi with Danish sea-transport reallocation (Rørmose Jensen & Iliev 2022)
NOR,Norway,Europe,Coal and Petroleum,climate_change,kt CO2eq,53.81624458944646,2022,EXIOBASE v3.8.2 IOT_2022_ixi with Danish sea-transport reallocation (Rørmose Jensen & Iliev 2022)
DNK,Denmark,Denmark,Chemical,climate_change,kt CO2eq,53.33245064173232,2022,EXIOBASE v3.8.2 IOT_2022_ixi with Danish sea-transport reallocation (Rørmose Jensen & Iliev 2022)
RoW Europe,RoW Europe,Europe,Food and catering,climate_change,kt CO2eq,51.826318381864944,2022,EXIOBASE v3.8.2 IOT_2022_ixi with Danish sea-transport reallocation (Rørmose Jensen & Iliev 2022)
RoW America,RoW America,America,Minerals and Metals,material_extraction,kt,48.005563538774155,2022,EXIOBASE v3.8.2 IOT_2022_ixi with Danish sea-transport reallocation (Rørmose Jensen & Iliev 2022)
CAN,Canada,America,Food and catering,land_use,km2,45.56654691669299,2022,EXIOBASE v3.8.2 IOT_2022_ixi with Danish sea-transport reallocation (Rørmose Jensen & Iliev 2022)
EST,Estonia,Europe,Minerals and Metals,climate_change,kt CO2eq,43.33562167293818,2022,EXIOBASE v3.8.2 IOT_2022_ixi with Danish sea-transport reallocation (Rørmose Jensen & Iliev 2022)
DNK,Denmark,Denmark,Operational impact,waste_generation,kt,42.75704592555413,2022,EXIOBASE v3.8.2 IOT_2022_ixi with Danish sea-transport reallocation (Rørmose Jensen & Iliev 2022)
TUR,Turkey,Middle East,Minerals and Metals,material_extraction,kt,41.88476542750169,2022,EXIOBASE v3.8.2 IOT_2022_ixi with Danish sea-transport reallocation (Rørmose Jensen & Iliev 2022)
IND,India,Asia and Pacific,Food and catering,climate_change,kt CO2eq,41.56607210369987,2022,EXIOBASE v3.8.2 IOT_2022_ixi with Danish sea-transport reallocation (Rørmose Jensen & Iliev 2022)
SWE,Sweden,Europe,Minerals and Metals,material_extraction,kt,40.54112663821377,2022,EXIOBASE v3.8.2 IOT_2022_ixi with Danish sea-transport reallocation (Rørmose Jensen & Iliev 2022)
DEU,Germany,Europe,Chemical,material_extraction,kt,39.482994933800384,2022,EXIOBASE v3.8.2 IOT_2022_ixi with Danish sea-transport reallocation (Rørmose Jensen & Iliev 2022)
CHN,China,Asia and Pacific,Electricity,climate_change,kt CO2eq,39.43682089288232,2022,EXIOBASE v3.8.2 IOT_2022_ixi with Danish sea-transport reallocation (Rørmose Jensen & Iliev 2022)
LVA,Latvia,Europe,Food and catering,land_use,km2,39.229889713693915,2022,EXIOBASE v3.8.2 IOT_2022_ixi with Danish sea-transport reallocation (Rørmose Jensen & Iliev 2022)
RoW Asia and Pacific,RoW Asia and Pacific,Asia and Pacific,Coal and Petroleum,climate_change,kt CO2eq,39.1105207369249,2022,EXIOBASE v3.8.2 IOT_2022_ixi with Danish sea-transport reallocation (Rørmose Jensen & Iliev 2022)
NOR,Norway,Europe,Transport,climate_change,kt CO2eq,36.52669711316944,2022,EXIOBASE v3.8.2 IOT_2022_ixi with Danish sea-transport reallocation (Rørmose Jensen & Iliev 2022)
USA,United States,America,Minerals and Metals,material_extraction,kt,35.86467799163849,2022,EXIOBASE v3.8.2 IOT_2022_ixi with Danish sea-transport reallocation (Rørmose Jensen & Iliev 2022)
RoW Middle East,RoW Middle East,Middle East,Coal and Petroleum,climate_change,kt CO2eq,35.69334790981169,2022,EXIOBASE v3.8.2 IOT_2022_ixi with Danish sea-transport reallocation (Rørmose Jensen & Iliev 2022)
RUS,Russia,Europe,Minerals and Metals,material_extraction,kt,35.30110287835509,2022,EXIOBASE v3.8.2 IOT_2022_ixi with Danish sea-transport reallocation (Rørmose Jensen & Iliev 2022)
DEU,Germany,Europe,Food and catering,land_use,km2,33.75330161009328,2022,EXIOBASE v3.8.2 IOT_2022_ixi with Danish sea-transport reallocation (Rørmose Jensen & Iliev 2022)
RoW Asia and Pacific,RoW Asia and Pacific,Asia and Pacific,Electricity,climate_change,kt CO2eq,33.64973918013437,2022,EXIOBASE v3.8.2 IOT_2022_ixi with Danish sea-transport reallocation (Rørmose Jensen & Iliev 2022)
GBR,United Kingdom,Europe,Food and catering,material_extraction,kt,33.59813120586297,2022,EXIOBASE v3.8.2 IOT_2022_ixi with Danish sea-transport reallocation (Rørmose Jensen & Iliev 2022)
ESP,Spain,Europe,Food and catering,land_use,km2,31.72726640925263,2022,EXIOBASE v3.8.2 IOT_2022_ixi with Danish sea-transport reallocation (Rørmose Jensen & Iliev 2022)
NOR,Norway,Europe,Minerals and Metals,material_extraction,kt,31.179630512671263,2022,EXIOBASE v3.8.2 IOT_2022_ixi with Danish sea-transport reallocation (Rørmose Jensen & Iliev 2022)
AUS,Australia,Asia and Pacific,Minerals and Metals,material_extraction,kt,31.049237288422894,2022,EXIOBASE v3.8.2 IOT_2022_ixi with Danish sea-transport reallocation (Rørmose Jensen & Iliev 2022)
RUS,Russia,Europe,Transport,climate_change,kt CO2eq,30.657295809331046,2022,EXIOBASE v3.8.2 IOT_2022_ixi with Danish sea-transport reallocation (Rørmose Jensen & Iliev 2022)
RUS,Russia,Europe,Natural gas and gaseous fuels,climate_change,kt CO2eq,30.00026920205284,2022,EXIOBASE v3.8.2 IOT_2022_ixi with Danish sea-transport reallocation (Rørmose Jensen & Iliev 2022)
RoW Middle East,RoW Middle East,Middle East,Services,climate_change,kt CO2eq,29.89347484529407,2022,EXIOBASE v3.8.2 IOT_2022_ixi with Danish sea-transport reallocation (Rørmose Jensen & Iliev 2022)
RoW Africa,RoW Africa,Africa,Coal and Petroleum,climate_change,kt CO2eq,29.807613745339633,2022,EXIOBASE v3.8.2 IOT_2022_ixi with Danish sea-transport reallocation (Rørmose Jensen & Iliev 2022)
FRA,France,Europe,Food and catering,land_use,km2,28.826109161460927,2022,EXIOBASE v3.8.2 IOT_2022_ixi with Danish sea-transport reallocation (Rørmose Jensen & Iliev 2022)
RoW Middle East,RoW Middle East,Middle East,Electricity,climate_change,kt CO2eq,28.495262678793697,2022,EXIOBASE v3.8.2 IOT_2022_ixi with Danish sea-transport reallocation (Rørmose Jensen & Iliev 2022)
CHN,China,Asia and Pacific,Chemical,climate_change,kt CO2eq,28.451073729642353,2022,EXIOBASE v3.8.2 IOT_2022_ixi with Danish sea-transport reallocation (Rørmose Jensen & Iliev 2022)
DNK,Denmark,Denmark,Waste management and disposal,waste_generation,kt,28.27671895361164,2022,EXIOBASE v3.8.2 IOT_2022_ixi with Danish sea-transport reallocation (Rørmose Jensen & Iliev 2022)
GLO,Unallocated,Unallocated,Private travel,material_extraction,kt,27.65779995517178,2022,EXIOBASE v3.8.2 IOT_2022_ixi with Danish sea-transport reallocation (Rørmose Jensen & Iliev 2022)
RoW Europe,RoW Europe,Europe,Chemical,climate_change,kt CO2eq,27.41783742921399,2022,EXIOBASE v3.8.2 IOT_2022_ixi with Danish sea-transport reallocation (Rørmose Jensen & Iliev 2022)
FIN,Finland,Europe,Food and catering,land_use,km2,26.639348469325007,2022,EXIOBASE v3.8.2 IOT_2022_ixi with Danish sea-transport reallocation (Rørmose Jensen & Iliev 2022)
RoW Middle East,RoW Middle East,Middle East,Chemical,climate_change,kt CO2eq,25.39312139427084,2022,EXIOBASE v3.8.2 IOT_2022_ixi with Danish sea-transport reallocation (Rørmose Jensen & Iliev 2022)
GBR,United Kingdom,Europe,Transport,climate_change,kt CO2eq,25.050825503517313,2022,EXIOBASE v3.8.2 IOT_2022_ixi with Danish sea-transport reallocation (Rørmose Jensen & Iliev 2022)
ZAF,South Africa,Africa,Electricity,climate_change,kt CO2eq,24.230622046229183,2022,EXIOBASE v3.8.2 IOT_2022_ixi with Danish sea-transport reallocation (Rørmose Jensen & Iliev 2022)
DEU,Germany,Europe,Chemical,climate_change,kt CO2eq,24.217634360815705,2022,EXIOBASE v3.8.2 IOT_2022_ixi with Danish sea-transport reallocation (Rørmose Jensen & Iliev 2022)
IDN,Indonesia,Asia and Pacific,Food and catering,land_use,km2,24.133479231871586,2022,EXIOBASE v3.8.2 IOT_2022_ixi with Danish sea-transport reallocation (Rørmose Jensen & Iliev 2022)
IRL,Ireland,Europe,Food and catering,land_use,km2,23.315059811014756,2022,EXIOBASE v3.8.2 IOT_2022_ixi with Danish sea-transport reallocation (Rørmose Jensen & Iliev 2022)
RoW Europe,RoW Europe,Europe,Minerals and Metals,material_extraction,kt,23.237896157645597,2022,EXIOBASE v3.8.2 IOT_2022_ixi with Danish sea-transport reallocation (Rørmose Jensen & Iliev 2022)
NLD,Netherlands,Europe,Transport,climate_change,kt CO2eq,22.976269868086487,2022,EXIOBASE v3.8.2 IOT_2022_ixi with Danish sea-transport reallocation (Rørmose Jensen & Iliev 2022)
DNK,Denmark,Denmark,Chemical,waste_generation,kt,22.270013065754647,2022,EXIOBASE v3.8.2 IOT_2022_ixi with Danish sea-transport reallocation (Rørmose Jensen & Iliev 2022)
EST,Estonia,Europe,Food and catering,land_use,km2,22.166962096576533,2022,EXIOBASE v3.8.2 IOT_2022_ixi with Danish sea-transport reallocation (Rørmose Jensen & Iliev 2022)
DNK,Denmark,Denmark,Minerals and Metals,climate_change,kt CO2eq,22.12587655475908,2022,EXIOBASE v3.8.2 IOT_2022_ixi with Danish sea-transport reallocation (Rørmose Jensen & Iliev 2022)
ROU,Romania,Europe,Food and catering,land_use,km2,22.061472288478804,2022,EXIOBASE v3.8.2 IOT_2022_ixi with Danish sea-transport reallocation (Rørmose Jensen & Iliev 2022)
TUR,Turkey,Middle East,Food and catering,land_use,km2,21.778045804886546,2022,EXIOBASE v3.8.2 IOT_2022_ixi with Danish sea-transport reallocation (Rørmose Jensen & Iliev 2022)
GRC,Greece,Europe,Food and catering,land_use,km2,21.446473864862412,2022,EXIOBASE v3.8.2 IOT_2022_ixi with Danish sea-transport reallocation (Rørmose Jensen & Iliev 2022)
RUS,Russia,Europe,Chemical,climate_change,kt CO2eq,20.041630238335376,2022,EXIOBASE v3.8.2 IOT_2022_ixi with Danish sea-transport reallocation (Rørmose Jensen & Iliev 2022)
IND,India,Asia and Pacific,Electricity,climate_change,kt CO2eq,19.87834613506099,2022,EXIOBASE v3.8.2 IOT_2022_ixi with Danish sea-transport reallocation (Rørmose Jensen & Iliev 2022)
LTU,Lithuania,Europe,Food and catering,land_use,km2,19.876192737412026,2022,EXIOBASE v3.8.2 IOT_2022_ixi with Danish sea-transport reallocation (Rørmose Jensen & Iliev 2022)
BRA,Brazil,America,Minerals and Metals,material_extraction,kt,19.5270018573969,2022,EXIOBASE v3.8.2 IOT_2022_ixi with Danish sea-transport reallocation (Rørmose Jensen & Iliev 2022)
CHN,China,Asia and Pacific,Transport,climate_change,kt CO2eq,19.392676330317688,2022,EXIOBASE v3.8.2 IOT_2022_ixi with Danish sea-transport reallocation (Rørmose Jensen & Iliev 2022)
RoW Europe,RoW Europe,Europe,Electricity,climate_change,kt CO2eq,19.286328391779257,2022,EXIOBASE v3.8.2 IOT_2022_ixi with Danish sea-transport reallocation (Rørmose Jensen & Iliev 2022)
IND,India,Asia and Pacific,Chemical,climate_change,kt CO2eq,19.17037861093874,2022,EXIOBASE v3.8.2 IOT_2022_ixi with Danish sea-transport reallocation (Rørmose Jensen & Iliev 2022)
DEU,Germany,Europe,Electricity,climate_change,kt CO2eq,18.946294052206706,2022,EXIOBASE v3.8.2 IOT_2022_ixi with Danish sea-transport reallocation (Rørmose Jensen & Iliev 2022)
USA,United States,America,Transport,climate_change,kt CO2eq,18.858918252269845,2022,EXIOBASE v3.8.2 IOT_2022_ixi with Danish sea-transport reallocation (Rørmose Jensen & Iliev 2022)
GBR,United Kingdom,Europe,Food and catering,land_use,km2,18.626525065877406,2022,EXIOBASE v3.8.2 IOT_2022_ixi with Danish sea-transport reallocation (Rørmose Jensen & Iliev 2022)
RoW Middle East,RoW Middle East,Middle East,Food and catering,climate_change,kt CO2eq,18.580370690881164,2022,EXIOBASE v3.8.2 IOT_2022_ixi with Danish sea-transport reallocation (Rørmose Jensen & Iliev 2022)
RoW Asia and Pacific,RoW Asia and Pacific,Asia and Pacific,"Steam, hot water supply and water distribution",climate_change,kt CO2eq,18.5572226171641,2022,EXIOBASE v3.8.2 IOT_2022_ixi with Danish sea-transport reallocation (Rørmose Jensen & Iliev 2022)
RoW America,RoW America,America,Food and catering,climate_change,kt CO2eq,18.056135985604275,2022,EXIOBASE v3.8.2 IOT_2022_ixi with Danish sea-transport reallocation (Rørmose Jensen & Iliev 2022)
DNK,Denmark,Denmark,Coal and Petroleum,climate_change,kt CO2eq,18.019687934540087,2022,EXIOBASE v3.8.2 IOT_2022_ixi with Danish sea-transport reallocation (Rørmose Jensen & Iliev 2022)
FRA,France,Europe,Minerals and Metals,material_extraction,kt,18.006549498810045,2022,EXIOBASE v3.8.2 IOT_2022_ixi with Danish sea-transport reallocation (Rørmose Jensen & Iliev 2022)
RoW Middle East,RoW Middle East,Middle East,Food and catering,blue_water_consumption,Mm3,17.87784373163643,2022,EXIOBASE v3.8.2 IOT_2022_ixi with Danish sea-transport reallocation (Rørmose Jensen & Iliev 2022)
NLD,Netherlands,Europe,Chemical,climate_change,kt CO2eq,17.87094597065871,2022,EXIOBASE v3.8.2 IOT_2022_ixi with Danish sea-transport reallocation (Rørmose Jensen & Iliev 2022)
USA,United States,America,Electricity,climate_change,kt CO2eq,17.561063879479573,2022,EXIOBASE v3.8.2 IOT_2022_ixi with Danish sea-transport reallocation (Rørmose Jensen & Iliev 2022)
CHN,China,Asia and Pacific,Metal Products,climate_change,kt CO2eq,17.25090702294398,2022,EXIOBASE v3.8.2 IOT_2022_ixi with Danish sea-transport reallocation (Rørmose Jensen & Iliev 2022)
ITA,Italy,Europe,Food and catering,land_use,km2,17.21369537904043,2022,EXIOBASE v3.8.2 IOT_2022_ixi with Danish sea-transport reallocation (Rørmose Jensen & Iliev 2022)
ESP,Spain,Europe,Minerals and Metals,material_extraction,kt,17.089524624320333,2022,EXIOBASE v3.8.2 IOT_2022_ixi with Danish sea-transport reallocation (Rørmose Jensen & Iliev 2022)
ZAF,South Africa,Africa,Minerals and Metals,material_extraction,kt,16.707771075673513,2022,EXIOBASE v3.8.2 IOT_2022_ixi with Danish sea-transport reallocation (Rørmose Jensen & Iliev 2022)
AUS,Australia,Asia and Pacific,Food and catering,climate_change,kt CO2eq,15.447191824968375,2022,EXIOBASE v3.8.2 IOT_2022_ixi with Danish sea-transport reallocation (Rørmose Jensen & Iliev 2022)
RUS,Russia,Europe,"Steam, hot water supply and water distribution",climate_change,kt CO2eq,15.353081588721396,2022,EXIOBASE v3.8.2 IOT_2022_ixi with Danish sea-transport reallocation (Rørmose Jensen & Iliev 2022)
JPN,Japan,Asia and Pacific,Transport,climate_change,kt CO2eq,15.30128383900084,2022,EXIOBASE v3.8.2 IOT_2022_ixi with Danish sea-transport reallocation (Rørmose Jensen & Iliev 2022)
NOR,Norway,Europe,Chemical,climate_change,kt CO2eq,14.904264782469054,2022,EXIOBASE v3.8.2 IOT_2022_ixi with Danish sea-transport reallocation (Rørmose Jensen & Iliev 2022)
RoW Asia and Pacific,RoW Asia and Pacific,Asia and Pacific,Waste management and disposal,climate_change,kt CO2eq,14.643074112765573,2022,EXIOBASE v3.8.2 IOT_2022_ixi with Danish sea-transport reallocation (Rørmose Jensen & Iliev 2022)
CHN,China,Asia and Pacific,Coal and Petroleum,climate_change,kt CO2eq,14.603113130851773,2022,EXIOBASE v3.8.2 IOT_2022_ixi with Danish sea-transport reallocation (Rørmose Jensen & Iliev 2022)
CHN,China,Asia and Pacific,Food and catering,climate_change,kt CO2eq,14.376615442151937,2022,EXIOBASE v3.8.2 IOT_2022_ixi with Danish sea-transport reallocation (Rørmose Jensen & Iliev 2022)
TWN,Taiwan,Asia and Pacific,Transport,climate_change,kt CO2eq,14.268364780342807,2022,EXIOBASE v3.8.2 IOT_2022_ixi with Danish sea-transport reallocation (Rørmose Jensen & Iliev 2022)
RoW Middle East,RoW Middle East,Middle East,Natural gas and gaseous fuels,climate_change,kt CO2eq,14.191859317873522,2022,EXIOBASE v3.8.2 IOT_2022_ixi with Danish sea-transport reallocation (Rørmose Jensen & Iliev 2022)
DNK,Denmark,Denmark,Non-metallic mineral products,climate_change,kt CO2eq,13.922587445678786,2022,EXIOBASE v3.8.2 IOT_2022_ixi with Danish sea-transport reallocation (Rørmose Jensen & Iliev 2022)
USA,United States,America,Chemical,climate_change,kt CO2eq,13.616531366789099,2022,EXIOBASE v3.8.2 IOT_2022_ixi with Danish sea-transport reallocation (Rørmose Jensen & Iliev 2022)
POL,Poland,Europe,"Steam, hot water supply and water distribution",climate_change,kt CO2eq,13.4188797077198,2022,EXIOBASE v3.8.2 IOT_2022_ixi with Danish sea-transport reallocation (Rørmose Jensen & Iliev 2022)
CAN,Canada,America,Minerals and Metals,material_extraction,kt,13.342779865166492,2022,EXIOBASE v3.8.2 IOT_2022_ixi with Danish sea-transport reallocation (Rørmose Jensen & Iliev 2022)
DEU,Germany,Europe,Food and catering,climate_change,kt CO2eq,12.901684581029084,2022,EXIOBASE v3.8.2 IOT_2022_ixi with Danish sea-transport reallocation (Rørmose Jensen & Iliev 2022)
FRA,France,Europe,Transport,climate_change,kt CO2eq,12.868083384023956,2022,EXIOBASE v3.8.2 IOT_2022_ixi with Danish sea-transport reallocation (Rørmose Jensen & Iliev 2022)
RoW Europe,RoW Europe,Europe,Waste management and disposal,climate_change,kt CO2eq,12.730181800586973,2022,EXIOBASE v3.8.2 IOT_2022_ixi with Danish sea-transport reallocation (Rørmose Jensen & Iliev 2022)
ZAF,South Africa,Africa,Food and catering,land_use,km2,12.671363860759039,2022,EXIOBASE v3.8.2 IOT_2022_ixi with Danish sea-transport reallocation (Rørmose Jensen & Iliev 2022)
IND,India,Asia and Pacific,Coal and Petroleum,climate_change,kt CO2eq,12.636483700003536,2022,EXIOBASE v3.8.2 IOT_2022_ixi with Danish sea-transport reallocation (Rørmose Jensen & Iliev 2022)
ITA,Italy,Europe,Minerals and Metals,material_extraction,kt,12.149316941370671,2022,EXIOBASE v3.8.2 IOT_2022_ixi with Danish sea-transport reallocation (Rørmose Jensen & Iliev 2022)
IND,India,Asia and Pacific,Food and catering,blue_water_consumption,Mm3,12.075080149132296,2022,EXIOBASE v3.8.2 IOT_2022_ixi with Danish sea-transport reallocation (Rørmose Jensen & Iliev 2022)
RoW Asia and Pacific,RoW Asia and Pacific,Asia and Pacific,Food and catering,blue_water_consumption,Mm3,12.020541064990804,2022,EXIOBASE v3.8.2 IOT_2022_ixi with Danish sea-transport reallocation (Rørmose Jensen & Iliev 2022)
IDN,Indonesia,Asia and Pacific,Minerals and Metals,material_extraction,kt,11.07057275222232,2022,EXIOBASE v3.8.2 IOT_2022_ixi with Danish sea-transport reallocation (Rørmose Jensen & Iliev 2022)
BEL,Belgium,Europe,Minerals and Metals,material_extraction,kt,11.051620731797176,2022,EXIOBASE v3.8.2 IOT_2022_ixi with Danish sea-transport reallocation (Rørmose Jensen & Iliev 2022)
POL,Poland,Europe,Chemical,climate_change,kt CO2eq,11.036486843106807,2022,EXIOBASE v3.8.2 IOT_2022_ixi with Danish sea-transport reallocation (Rørmose Jensen & Iliev 2022)
TUR,Turkey,Middle East,Transport,climate_change,kt CO2eq,10.893684951134485,2022,EXIOBASE v3.8.2 IOT_2022_ixi with Danish sea-transport reallocation (Rørmose Jensen & Iliev 2022)
GBR,United Kingdom,Europe,Electricity,climate_change,kt CO2eq,10.873551525761911,2022,EXIOBASE v3.8.2 IOT_2022_ixi with Danish sea-transport reallocation (Rørmose Jensen & Iliev 2022)
DNK,Denmark,Denmark,Food and catering,waste_generation,kt,10.72082671475341,2022,EXIOBASE v3.8.2 IOT_2022_ixi with Danish sea-transport reallocation (Rørmose Jensen & Iliev 2022)
IND,India,Asia and Pacific,Transport,climate_change,kt CO2eq,10.646566744812256,2022,EXIOBASE v3.8.2 IOT_2022_ixi with Danish sea-transport reallocation (Rørmose Jensen & Iliev 2022)
POL,Poland,Europe,Transport,material_extraction,kt,10.42706308097043,2022,EXIOBASE v3.8.2 IOT_2022_ixi with Danish sea-transport reallocation (Rørmose Jensen & Iliev 2022)
RoW Africa,RoW Africa,Africa,Waste management and disposal,climate_change,kt CO2eq,10.201486829785578,2022,EXIOBASE v3.8.2 IOT_2022_ixi with Danish sea-transport reallocation (Rørmose Jensen & Iliev 2022)
SWE,Sweden,Europe,Transport,climate_change,kt CO2eq,10.174731979626998,2022,EXIOBASE v3.8.2 IOT_2022_ixi with Danish sea-transport reallocation (Rørmose Jensen & Iliev 2022)
FIN,Finland,Europe,Minerals and Metals,material_extraction,kt,9.77830195643163,2022,EXIOBASE v3.8.2 IOT_2022_ixi with Danish sea-transport reallocation (Rørmose Jensen & Iliev 2022)
POL,Poland,Europe,Chemical,material_extraction,kt,9.71417739480524,2022,EXIOBASE v3.8.2 IOT_2022_ixi with Danish sea-transport reallocation (Rørmose Jensen & Iliev 2022)
ROU,Romania,Europe,Minerals and Metals,material_extraction,kt,9.309891798379505,2022,EXIOBASE v3.8.2 IOT_2022_ixi with Danish sea-transport reallocation (Rørmose Jensen & Iliev 2022)
HUN,Hungary,Europe,Services,material_extraction,kt,9.188134711776788,2022,EXIOBASE v3.8.2 IOT_2022_ixi with Danish sea-transport reallocation (Rørmose Jensen & Iliev 2022)
RoW Asia and Pacific,RoW Asia and Pacific,Asia and Pacific,Services,climate_change,kt CO2eq,9.17397905399461,2022,EXIOBASE v3.8.2 IOT_2022_ixi with Danish sea-transport reallocation (Rørmose Jensen & Iliev 2022)
CZE,Czech Republic,Europe,Minerals and Metals,material_extraction,kt,9.1708621324263,2022,EXIOBASE v3.8.2 IOT_2022_ixi with Danish sea-transport reallocation (Rørmose Jensen & Iliev 2022)
HUN,Hungary,Europe,Food and catering,land_use,km2,9.07367509590071,2022,EXIOBASE v3.8.2 IOT_2022_ixi with Danish sea-transport reallocation (Rørmose Jensen & Iliev 2022)
NLD,Netherlands,Europe,Coal and Petroleum,climate_change,kt CO2eq,8.951921093328377,2022,EXIOBASE v3.8.2 IOT_2022_ixi with Danish sea-transport reallocation (Rørmose Jensen & Iliev 2022)
RoW America,RoW America,America,Coal and Petroleum,climate_change,kt CO2eq,8.857504256122478,2022,EXIOBASE v3.8.2 IOT_2022_ixi with Danish sea-transport reallocation (Rørmose Jensen & Iliev 2022)
AUS,Australia,Asia and Pacific,Electricity,climate_change,kt CO2eq,8.837283085960483,2022,EXIOBASE v3.8.2 IOT_2022_ixi with Danish sea-transport reallocation (Rørmose Jensen & Iliev 2022)
BEL,Belgium,Europe,Chemical,climate_change,kt CO2eq,8.804396658613014,2022,EXIOBASE v3.8.2 IOT_2022_ixi with Danish sea-transport reallocation (Rørmose Jensen & Iliev 2022)
USA,United States,America,Food and catering,climate_change,kt CO2eq,8.407067537875633,2022,EXIOBASE v3.8.2 IOT_2022_ixi with Danish sea-transport reallocation (Rørmose Jensen & Iliev 2022)
TUR,Turkey,Middle East,Food and catering,climate_change,kt CO2eq,8.329225619305403,2022,EXIOBASE v3.8.2 IOT_2022_ixi with Danish sea-transport reallocation (Rørmose Jensen & Iliev 2022)
POL,Poland,Europe,Food and catering,climate_change,kt CO2eq,8.3132714451074,2022,EXIOBASE v3.8.2 IOT_2022_ixi with Danish sea-transport reallocation (Rørmose Jensen & Iliev 2022)
RoW Asia and Pacific,RoW Asia and Pacific,Asia and Pacific,Natural gas and gaseous fuels,climate_change,kt CO2eq,8.258224533591518,2022,EXIOBASE v3.8.2 IOT_2022_ixi with Danish sea-transport reallocation (Rørmose Jensen & Iliev 2022)
GRC,Greece,Europe,Transport,climate_change,kt CO2eq,8.245949530744797,2022,EXIOBASE v3.8.2 IOT_2022_ixi with Danish sea-transport reallocation (Rørmose Jensen & Iliev 2022)
BGR,Bulgaria,Europe,Minerals and Metals,material_extraction,kt,8.080728149354089,2022,EXIOBASE v3.8.2 IOT_2022_ixi with Danish sea-transport reallocation (Rørmose Jensen & Iliev 2022)
CHE,Switzerland,Europe,Minerals and Metals,material_extraction,kt,7.940501778336747,2022,EXIOBASE v3.8.2 IOT_2022_ixi with Danish sea-transport reallocation (Rørmose Jensen & Iliev 2022)
POL,Poland,Europe,Natural gas and gaseous fuels,material_extraction,kt,7.846268765892947,2022,EXIOBASE v3.8.2 IOT_2022_ixi with Danish sea-transport reallocation (Rørmose Jensen & Iliev 2022)
AUT,Austria,Europe,Minerals and Metals,material_extraction,kt,7.703983371701897,2022,EXIOBASE v3.8.2 IOT_2022_ixi with Danish sea-transport reallocation (Rørmose Jensen & Iliev 2022)
NLD,Netherlands,Europe,Chemical,material_extraction,kt,7.59075289024211,2022,EXIOBASE v3.8.2 IOT_2022_ixi with Danish sea-transport reallocation (Rørmose Jensen & Iliev 2022)
FRA,France,Europe,Food and catering,climate_change,kt CO2eq,7.56029250746725,2022,EXIOBASE v3.8.2 IOT_2022_ixi with Danish sea-transport reallocation (Rørmose Jensen & Iliev 2022)
DEU,Germany,Europe,"Steam, hot water supply and water distribution",climate_change,kt CO2eq,7.532339355113515,2022,EXIOBASE v3.8.2 IOT_2022_ixi with Danish sea-transport reallocation (Rørmose Jensen & Iliev 2022)
RoW Asia and Pacific,RoW Asia and Pacific,Asia and Pacific,Non-metallic mineral products,climate_change,kt CO2eq,7.488685537484557,2022,EXIOBASE v3.8.2 IOT_2022_ixi with Danish sea-transport reallocation (Rørmose Jensen & Iliev 2022)
RUS,Russia,Europe,Waste management and disposal,climate_change,kt CO2eq,7.453367932309537,2022,EXIOBASE v3.8.2 IOT_2022_ixi with Danish sea-transport reallocation (Rørmose Jensen & Iliev 2022)
CAN,Canada,America,Transport,climate_change,kt CO2eq,7.401443246709573,2022,EXIOBASE v3.8.2 IOT_2022_ixi with Danish sea-transport reallocation (Rørmose Jensen & Iliev 2022)
KOR,South Korea,Asia and Pacific,Transport,climate_change,kt CO2eq,7.33260299902147,2022,EXIOBASE v3.8.2 IOT_2022_ixi with Danish sea-transport reallocation (Rørmose Jensen & Iliev 2022)
GBR,United Kingdom,Europe,Food and catering,climate_change,kt CO2eq,7.2093875522875095,2022,EXIOBASE v3.8.2 IOT_2022_ixi with Danish sea-transport reallocation (Rørmose Jensen & Iliev 2022)
RoW Asia and Pacific,RoW Asia and Pacific,Asia and Pacific,Chemical,climate_change,kt CO2eq,7.2086565213105835,2022,EXIOBASE v3.8.2 IOT_2022_ixi with Danish sea-transport reallocation (Rørmose Jensen & Iliev 2022)
RoW Europe,RoW Europe,Europe,Transport,climate_change,kt CO2eq,7.148996758219548,2022,EXIOBASE v3.8.2 IOT_2022_ixi with Danish sea-transport reallocation (Rørmose Jensen & Iliev 2022)
BRA,Brazil,America,Food and catering,climate_change,kt CO2eq,7.113397290465696,2022,EXIOBASE v3.8.2 IOT_2022_ixi with Danish sea-transport reallocation (Rørmose Jensen & Iliev 2022)
MEX,Mexico,America,Food and catering,land_use,km2,7.0825282528739795,2022,EXIOBASE v3.8.2 IOT_2022_ixi with Danish sea-transport reallocation (Rørmose Jensen & Iliev 2022)
RoW Africa,RoW Africa,Africa,Electricity,climate_change,kt CO2eq,7.06225334924995,2022,EXIOBASE v3.8.2 IOT_2022_ixi with Danish sea-transport reallocation (Rørmose Jensen & Iliev 2022)
PRT,Portugal,Europe,Minerals and Metals,material_extraction,kt,7.03980262702616,2022,EXIOBASE v3.8.2 IOT_2022_ixi with Danish sea-transport reallocation (Rørmose Jensen & Iliev 2022)
RUS,Russia,Europe,Food and catering,climate_change,kt CO2eq,7.018737955716704,2022,EXIOBASE v3.8.2 IOT_2022_ixi with Danish sea-transport reallocation (Rørmose Jensen & Iliev 2022)
HUN,Hungary,Europe,Chemical,climate_change,kt CO2eq,7.018137481915394,2022,EXIOBASE v3.8.2 IOT_2022_ixi with Danish sea-transport reallocation (Rørmose Jensen & Iliev 2022)
NOR,Norway,Europe,Food and catering,climate_change,kt CO2eq,6.936970783022689,2022,EXIOBASE v3.8.2 IOT_2022_ixi with Danish sea-transport reallocation (Rørmose Jensen & Iliev 2022)
IDN,Indonesia,Asia and Pacific,Coal and Petroleum,climate_change,kt CO2eq,6.926698413516167,2022,EXIOBASE v3.8.2 IOT_2022_ixi with Danish sea-transport reallocation (Rørmose Jensen & Iliev 2022)
GBR,United Kingdom,Europe,Coal and Petroleum,climate_change,kt CO2eq,6.878737747962355,2022,EXIOBASE v3.8.2 IOT_2022_ixi with Danish sea-transport reallocation (Rørmose Jensen & Iliev 2022)
POL,Poland,Europe,Electricity,material_extraction,kt,6.8718594859595985,2022,EXIOBASE v3.8.2 IOT_2022_ixi with Danish sea-transport reallocation (Rørmose Jensen & Iliev 2022)
RoW Europe,RoW Europe,Europe,Coal and Petroleum,climate_change,kt CO2eq,6.618566119835887,2022,EXIOBASE v3.8.2 IOT_2022_ixi with Danish sea-transport reallocation (Rørmose Jensen & Iliev 2022)
RoW Africa,RoW Africa,Africa,Food and catering,waste_generation,kt,6.599501019070527,2022,EXIOBASE v3.8.2 IOT_2022_ixi with Danish sea-transport reallocation (Rørmose Jensen & Iliev 2022)
POL,Poland,Europe,Waste management and disposal,climate_change,kt CO2eq,6.5898473183211985,2022,EXIOBASE v3.8.2 IOT_2022_ixi with Danish sea-transport reallocation (Rørmose Jensen & Iliev 2022)
USA,United States,America,Waste management and disposal,climate_change,kt CO2eq,6.578999651157643,2022,EXIOBASE v3.8.2 IOT_2022_ixi with Danish sea-transport reallocation (Rørmose Jensen & Iliev 2022)
GRC,Greece,Europe,Minerals and Metals,material_extraction,kt,6.548734315114465,2022,EXIOBASE v3.8.2 IOT_2022_ixi with Danish sea-transport reallocation (Rørmose Jensen & Iliev 2022)
RoW Middle East,RoW Middle East,Middle East,Minerals and Metals,climate_change,kt CO2eq,6.523388547228532,2022,EXIOBASE v3.8.2 IOT_2022_ixi with Danish sea-transport reallocation (Rørmose Jensen & Iliev 2022)
RoW Europe,RoW Europe,Europe,Services,material_extraction,kt,6.50953350127299,2022,EXIOBASE v3.8.2 IOT_2022_ixi with Danish sea-transport reallocation (Rørmose Jensen & Iliev 2022)
IND,India,Asia and Pacific,Waste management and disposal,climate_change,kt CO2eq,6.456598488492027,2022,EXIOBASE v3.8.2 IOT_2022_ixi with Danish sea-transport reallocation (Rørmose Jensen & Iliev 2022)
CHN,China,Asia and Pacific,"Steam, hot water supply and water distribution",climate_change,kt CO2eq,6.1710074385720235,2022,EXIOBASE v3.8.2 IOT_2022_ixi with Danish sea-transport reallocation (Rørmose Jensen & Iliev 2022)
SWE,Sweden,Europe,Chemical,material_extraction,kt,6.15147599851899,2022,EXIOBASE v3.8.2 IOT_2022_ixi with Danish sea-transport reallocation (Rørmose Jensen & Iliev 2022)
SVK,Slovakia,Europe,Food and catering,land_use,km2,6.084305273043197,2022,EXIOBASE v3.8.2 IOT_2022_ixi with Danish sea-transport reallocation (Rørmose Jensen & Iliev 2022)
POL,Poland,Europe,Coal and Petroleum,climate_change,kt CO2eq,5.916943428380521,2022,EXIOBASE v3.8.2 IOT_2022_ixi with Danish sea-transport reallocation (Rørmose Jensen & Iliev 2022)
RoW America,RoW America,America,Electricity,climate_change,kt CO2eq,5.901682915771121,2022,EXIOBASE v3.8.2 IOT_2022_ixi with Danish sea-transport reallocation (Rørmose Jensen & Iliev 2022)
CHE,Switzerland,Europe,Transport,climate_change,kt CO2eq,5.8975208282993545,2022,EXIOBASE v3.8.2 IOT_2022_ixi with Danish sea-transport reallocation (Rørmose Jensen & Iliev 2022)
IND,India,Asia and Pacific,Metal Products,climate_change,kt CO2eq,5.8971345526534495,2022,EXIOBASE v3.8.2 IOT_2022_ixi with Danish sea-transport reallocation (Rørmose Jensen & Iliev 2022)
SWE,Sweden,Europe,Food and catering,climate_change,kt CO2eq,5.880585784222079,2022,EXIOBASE v3.8.2 IOT_2022_ixi with Danish sea-transport reallocation (Rørmose Jensen & Iliev 2022)
ITA,Italy,Europe,Transport,climate_change,kt CO2eq,5.870983743878558,2022,EXIOBASE v3.8.2 IOT_2022_ixi with Danish sea-transport reallocation (Rørmose Jensen & Iliev 2022)
DEU,Germany,Europe,Coal and Petroleum,climate_change,kt CO2eq,5.765628408274085,2022,EXIOBASE v3.8.2 IOT_2022_ixi with Danish sea-transport reallocation (Rørmose Jensen & Iliev 2022)
CAN,Canada,America,Coal and Petroleum,climate_change,kt CO2eq,5.73950277876233,2022,EXIOBASE v3.8.2 IOT_2022_ixi with Danish sea-transport reallocation (Rørmose Jensen & Iliev 2022)
BGR,Bulgaria,Europe,Food and catering,land_use,km2,5.673820044077714,2022,EXIOBASE v3.8.2 IOT_2022_ixi with Danish sea-transport reallocation (Rørmose Jensen & Iliev 2022)
ESP,Spain,Europe,Transport,climate_change,kt CO2eq,5.624194337635084,2022,EXIOBASE v3.8.2 IOT_2022_ixi with Danish sea-transport reallocation (Rørmose Jensen & Iliev 2022)
ZAF,South Africa,Africa,Coal and Petroleum,climate_change,kt CO2eq,5.6113900638958425,2022,EXIOBASE v3.8.2 IOT_2022_ixi with Danish sea-transport reallocation (Rørmose Jensen & Iliev 2022)
CHN,China,Asia and Pacific,Non-metallic mineral products,climate_change,kt CO2eq,5.522976136793931,2022,EXIOBASE v3.8.2 IOT_2022_ixi with Danish sea-transport reallocation (Rørmose Jensen & Iliev 2022)
NLD,Netherlands,Europe,Food and catering,land_use,km2,5.450345775769354,2022,EXIOBASE v3.8.2 IOT_2022_ixi with Danish sea-transport reallocation (Rørmose Jensen & Iliev 2022)
POL,Poland,Europe,Services,climate_change,kt CO2eq,5.27858134024536,2022,EXIOBASE v3.8.2 IOT_2022_ixi with Danish sea-transport reallocation (Rørmose Jensen & Iliev 2022)
RoW Middle East,RoW Middle East,Middle East,Waste management and disposal,climate_change,kt CO2eq,5.1768983270587485,2022,EXIOBASE v3.8.2 IOT_2022_ixi with Danish sea-transport reallocation (Rørmose Jensen & Iliev 2022)
RoW America,RoW America,America,Transport,climate_change,kt CO2eq,5.13164934993275,2022,EXIOBASE v3.8.2 IOT_2022_ixi with Danish sea-transport reallocation (Rørmose Jensen & Iliev 2022)
DEU,Germany,Europe,Natural gas and gaseous fuels,climate_change,kt CO2eq,5.125710865331084,2022,EXIOBASE v3.8.2 IOT_2022_ixi with Danish sea-transport reallocation (Rørmose Jensen & Iliev 2022)
PRT,Portugal,Europe,Food and catering,land_use,km2,5.109726910166027,2022,EXIOBASE v3.8.2 IOT_2022_ixi with Danish sea-transport reallocation (Rørmose Jensen & Iliev 2022)
IRL,Ireland,Europe,Transport,climate_change,kt CO2eq,5.0961183168447,2022,EXIOBASE v3.8.2 IOT_2022_ixi with Danish sea-transport reallocation (Rørmose Jensen & Iliev 2022)
SWE,Sweden,Europe,Paper Products,waste_generation,kt,5.065994041767934,2022,EXIOBASE v3.8.2 IOT_2022_ixi with Danish sea-transport reallocation (Rørmose Jensen & Iliev 2022)
ESP,Spain,Europe,Electricity,climate_change,kt CO2eq,5.0493287350083795,2022,EXIOBASE v3.8.2 IOT_2022_ixi with Danish sea-transport reallocation (Rørmose Jensen & Iliev 2022)
CZE,Czech Republic,Europe,"Steam, hot water supply and water distribution",climate_change,kt CO2eq,4.992679452876572,2022,EXIOBASE v3.8.2 IOT_2022_ixi with Danish sea-transport reallocation (Rørmose Jensen & Iliev 2022)
DNK,Denmark,Denmark,Chemical,material_extraction,kt,4.911950471249816,2022,EXIOBASE v3.8.2 IOT_2022_ixi with Danish sea-transport reallocation (Rørmose Jensen & Iliev 2022)
RUS,Russia,Europe,Metal Products,climate_change,kt CO2eq,4.887423378890206,2022,EXIOBASE v3.8.2 IOT_2022_ixi with Danish sea-transport reallocation (Rørmose Jensen & Iliev 2022)
RoW Europe,RoW Europe,Europe,Transport,material_extraction,kt,4.883640881880011,2022,EXIOBASE v3.8.2 IOT_2022_ixi with Danish sea-transport reallocation (Rørmose Jensen & Iliev 2022)
CHN,China,Asia and Pacific,Waste management and disposal,climate_change,kt CO2eq,4.867170525964809,2022,EXIOBASE v3.8.2 IOT_2022_ixi with Danish sea-transport reallocation (Rørmose Jensen & Iliev 2022)
CZE,Czech Republic,Europe,Food and catering,land_use,km2,4.825114226662207,2022,EXIOBASE v3.8.2 IOT_2022_ixi with Danish sea-transport reallocation (Rørmose Jensen & Iliev 2022)
BEL,Belgium,Europe,Transport,climate_change,kt CO2eq,4.788087016471829,2022,EXIOBASE v3.8.2 IOT_2022_ixi with Danish sea-transport reallocation (Rørmose Jensen & Iliev 2022)
POL,Poland,Europe,"Steam, hot water supply and water distribution",material_extraction,kt,4.708471095857612,2022,EXIOBASE v3.8.2 IOT_2022_ixi with Danish sea-transport reallocation (Rørmose Jensen & Iliev 2022)
POL,Poland,Europe,Natural gas and gaseous fuels,climate_change,kt CO2eq,4.662135497046678,2022,EXIOBASE v3.8.2 IOT_2022_ixi with Danish sea-transport reallocation (Rørmose Jensen & Iliev 2022)
IND,India,Asia and Pacific,Food and catering,waste_generation,kt,4.647464709722024,2022,EXIOBASE v3.8.2 IOT_2022_ixi with Danish sea-transport reallocation (Rørmose Jensen & Iliev 2022)
MEX,Mexico,America,Minerals and Metals,material_extraction,kt,4.5805283319005685,2022,EXIOBASE v3.8.2 IOT_2022_ixi with Danish sea-transport reallocation (Rørmose Jensen & Iliev 2022)
AUS,Australia,Asia and Pacific,Coal and Petroleum,climate_change,kt CO2eq,4.575238135500154,2022,EXIOBASE v3.8.2 IOT_2022_ixi with Danish sea-transport reallocation (Rørmose Jensen & Iliev 2022)
RoW Asia and Pacific,RoW Asia and Pacific,Asia and Pacific,Food and catering,waste_generation,kt,4.491859095532206,2022,EXIOBASE v3.8.2 IOT_2022_ixi with Danish sea-transport reallocation (Rørmose Jensen & Iliev 2022)
AUT,Austria,Europe,Food and catering,land_use,km2,4.443448829042849,2022,EXIOBASE v3.8.2 IOT_2022_ixi with Danish sea-transport reallocation (Rørmose Jensen & Iliev 2022)
POL,Poland,Europe,Non-metallic mineral products,material_extraction,kt,4.411030787660268,2022,EXIOBASE v3.8.2 IOT_2022_ixi with Danish sea-transport reallocation (Rørmose Jensen & Iliev 2022)
RoW America,RoW America,America,Waste management and disposal,climate_change,kt CO2eq,4.318719084712916,2022,EXIOBASE v3.8.2 IOT_2022_ixi with Danish sea-transport reallocation (Rørmose Jensen & Iliev 2022)
CHN,China,Asia and Pacific,Natural gas and gaseous fuels,climate_change,kt CO2eq,4.3074966121979665,2022,EXIOBASE v3.8.2 IOT_2022_ixi with Danish sea-transport reallocation (Rørmose Jensen & Iliev 2022)
SWE,Sweden,Europe,Chemical,climate_change,kt CO2eq,4.245133379911076,2022,EXIOBASE v3.8.2 IOT_2022_ixi with Danish sea-transport reallocation (Rørmose Jensen & Iliev 2022)
RoW Middle East,RoW Middle East,Middle East,Chemical,material_extraction,kt,4.176487171046864,2022,EXIOBASE v3.8.2 IOT_2022_ixi with Danish sea-transport reallocation (Rørmose Jensen & Iliev 2022)
NLD,Netherlands,Europe,Food and catering,climate_change,kt CO2eq,4.141506434001213,2022,EXIOBASE v3.8.2 IOT_2022_ixi with Danish sea-transport reallocation (Rørmose Jensen & Iliev 2022)
POL,Poland,Europe,Non-metallic mineral products,climate_change,kt CO2eq,4.129896381204255,2022,EXIOBASE v3.8.2 IOT_2022_ixi with Danish sea-transport reallocation (Rørmose Jensen & Iliev 2022)
RoW America,RoW America,America,Chemical,climate_change,kt CO2eq,4.125331829368445,2022,EXIOBASE v3.8.2 IOT_2022_ixi with Danish sea-transport reallocation (Rørmose Jensen & Iliev 2022)
BGR,Bulgaria,Europe,Electricity,climate_change,kt CO2eq,4.120602621528233,2022,EXIOBASE v3.8.2 IOT_2022_ixi with Danish sea-transport reallocation (Rørmose Jensen & Iliev 2022)
DNK,Denmark,Denmark,Metal Products,climate_change,kt CO2eq,4.04766327069942,2022,EXIOBASE v3.8.2 IOT_2022_ixi with Danish sea-transport reallocation (Rørmose Jensen & Iliev 2022)
RoW Asia and Pacific,RoW Asia and Pacific,Asia and Pacific,Textile,land_use,km2,4.04587084108437,2022,EXIOBASE v3.8.2 IOT_2022_ixi with Danish sea-transport reallocation (Rørmose Jensen & Iliev 2022)
HRV,Croatia,Europe,Food and catering,land_use,km2,4.023664126533865,2022,EXIOBASE v3.8.2 IOT_2022_ixi with Danish sea-transport reallocation (Rørmose Jensen & Iliev 2022)
IRL,Ireland,Europe,Food and catering,climate_change,kt CO2eq,4.01777223590542,2022,EXIOBASE v3.8.2 IOT_2022_ixi with Danish sea-transport reallocation (Rørmose Jensen & Iliev 2022)
RoW Africa,RoW Africa,Africa,Transport,climate_change,kt CO2eq,4.016676074402964,2022,EXIOBASE v3.8.2 IOT_2022_ixi with Danish sea-transport reallocation (Rørmose Jensen & Iliev 2022)
FIN,Finland,Europe,Waste management and disposal,climate_change,kt CO2eq,3.9626806697567853,2022,EXIOBASE v3.8.2 IOT_2022_ixi with Danish sea-transport reallocation (Rørmose Jensen & Iliev 2022)
RoW Europe,RoW Europe,Europe,Chemical,waste_generation,kt,3.9416583215895398,2022,EXIOBASE v3.8.2 IOT_2022_ixi with Danish sea-transport reallocation (Rørmose Jensen & Iliev 2022)
CAN,Canada,America,Food and catering,climate_change,kt CO2eq,3.8645507231792897,2022,EXIOBASE v3.8.2 IOT_2022_ixi with Danish sea-transport reallocation (Rørmose Jensen & Iliev 2022)
FRA,France,Europe,Coal and Petroleum,climate_change,kt CO2eq,3.783990500751675,2022,EXIOBASE v3.8.2 IOT_2022_ixi with Danish sea-transport reallocation (Rørmose Jensen & Iliev 2022)
MEX,Mexico,America,Coal and Petroleum,climate_change,kt CO2eq,3.7630522326931293,2022,EXIOBASE v3.8.2 IOT_2022_ixi with Danish sea-transport reallocation (Rørmose Jensen & Iliev 2022)
HUN,Hungary,Europe,Minerals and Metals,material_extraction,kt,3.7566830782811,2022,EXIOBASE v3.8.2 IOT_2022_ixi with Danish sea-transport reallocation (Rørmose Jensen & Iliev 2022)
ITA,Italy,Europe,Food and catering,climate_change,kt CO2eq,3.7491092312051837,2022,EXIOBASE v3.8.2 IOT_2022_ixi with Danish sea-transport reallocation (Rørmose Jensen & Iliev 2022)
RoW Asia and Pacific,RoW Asia and Pacific,Asia and Pacific,Minerals and Metals,climate_change,kt CO2eq,3.738537435483416,2022,EXIOBASE v3.8.2 IOT_2022_ixi with Danish sea-transport reallocation (Rørmose Jensen & Iliev 2022)
NLD,Netherlands,Europe,Electricity,climate_change,kt CO2eq,3.7298725220658966,2022,EXIOBASE v3.8.2 IOT_2022_ixi with Danish sea-transport reallocation (Rørmose Jensen & Iliev 2022)
AUS,Australia,Asia and Pacific,Transport,climate_change,kt CO2eq,3.725645355451074,2022,EXIOBASE v3.8.2 IOT_2022_ixi with Danish sea-transport reallocation (Rørmose Jensen & Iliev 2022)
DEU,Germany,Europe,Services,climate_change,kt CO2eq,3.701905209814519,2022,EXIOBASE v3.8.2 IOT_2022_ixi with Danish sea-transport reallocation (Rørmose Jensen & Iliev 2022)
USA,United States,America,Food and catering,blue_water_consumption,Mm3,3.664756764088903,2022,EXIOBASE v3.8.2 IOT_2022_ixi with Danish sea-transport reallocation (Rørmose Jensen & Iliev 2022)
RoW Asia and Pacific,RoW Asia and Pacific,Asia and Pacific,Transport,material_extraction,kt,3.65393168204175,2022,EXIOBASE v3.8.2 IOT_2022_ixi with Danish sea-transport reallocation (Rørmose Jensen & Iliev 2022)
RoW Europe,RoW Europe,Europe,Paper Products,climate_change,kt CO2eq,3.6375821230223564,2022,EXIOBASE v3.8.2 IOT_2022_ixi with Danish sea-transport reallocation (Rørmose Jensen & Iliev 2022)
RoW Africa,RoW Africa,Africa,Food and catering,blue_water_consumption,Mm3,3.607387888964665,2022,EXIOBASE v3.8.2 IOT_2022_ixi with Danish sea-transport reallocation (Rørmose Jensen & Iliev 2022)
DNK,Denmark,Denmark,Services,waste_generation,kt,3.582068845426251,2022,EXIOBASE v3.8.2 IOT_2022_ixi with Danish sea-transport reallocation (Rørmose Jensen & Iliev 2022)
ESP,Spain,Europe,Food and catering,climate_change,kt CO2eq,3.49544599571118,2022,EXIOBASE v3.8.2 IOT_2022_ixi with Danish sea-transport reallocation (Rørmose Jensen & Iliev 2022)
GBR,United Kingdom,Europe,Chemical,climate_change,kt CO2eq,3.4729064339552855,2022,EXIOBASE v3.8.2 IOT_2022_ixi with Danish sea-transport reallocation (Rørmose Jensen & Iliev 2022)
ITA,Italy,Europe,Non-metallic mineral products,material_extraction,kt,3.4657875664484106,2022,EXIOBASE v3.8.2 IOT_2022_ixi with Danish sea-transport reallocation (Rørmose Jensen & Iliev 2022)
CHN,China,Asia and Pacific,Food and catering,blue_water_consumption,Mm3,3.4501153802259457,2022,EXIOBASE v3.8.2 IOT_2022_ixi with Danish sea-transport reallocation (Rørmose Jensen & Iliev 2022)
TWN,Taiwan,Asia and Pacific,Electricity,climate_change,kt CO2eq,3.446467409236109,2022,EXIOBASE v3.8.2 IOT_2022_ixi with Danish sea-transport reallocation (Rørmose Jensen & Iliev 2022)
DEU,Germany,Europe,Waste management and disposal,climate_change,kt CO2eq,3.4302989883398847,2022,EXIOBASE v3.8.2 IOT_2022_ixi with Danish sea-transport reallocation (Rørmose Jensen & Iliev 2022)
KOR,South Korea,Asia and Pacific,Electricity,climate_change,kt CO2eq,3.4280062248022225,2022,EXIOBASE v3.8.2 IOT_2022_ixi with Danish sea-transport reallocation (Rørmose Jensen & Iliev 2022)
RoW Europe,RoW Europe,Europe,Natural gas and gaseous fuels,climate_change,kt CO2eq,3.4254752946205502,2022,EXIOBASE v3.8.2 IOT_2022_ixi with Danish sea-transport reallocation (Rørmose Jensen & Iliev 2022)
DEU,Germany,Europe,Metal Products,climate_change,kt CO2eq,3.3713602660308366,2022,EXIOBASE v3.8.2 IOT_2022_ixi with Danish sea-transport reallocation (Rørmose Jensen & Iliev 2022)
SWE,Sweden,Europe,Waste management and disposal,climate_change,kt CO2eq,3.3584400864870427,2022,EXIOBASE v3.8.2 IOT_2022_ixi with Danish sea-transport reallocation (Rørmose Jensen & Iliev 2022)
JPN,Japan,Asia and Pacific,Minerals and Metals,material_extraction,kt,3.3538199617876563,2022,EXIOBASE v3.8.2 IOT_2022_ixi with Danish sea-transport reallocation (Rørmose Jensen & Iliev 2022)
DNK,Denmark,Denmark,"Steam, hot water supply and water distribution",waste_generation,kt,3.347594221671996,2022,EXIOBASE v3.8.2 IOT_2022_ixi with Danish sea-transport reallocation (Rørmose Jensen & Iliev 2022)
GBR,United Kingdom,Europe,Waste management and disposal,climate_change,kt CO2eq,3.333644038967236,2022,EXIOBASE v3.8.2 IOT_2022_ixi with Danish sea-transport reallocation (Rørmose Jensen & Iliev 2022)
RoW Middle East,RoW Middle East,Middle East,Textile,climate_change,kt CO2eq,3.3232549835560845,2022,EXIOBASE v3.8.2 IOT_2022_ixi with Danish sea-transport reallocation (Rørmose Jensen & Iliev 2022)
NLD,Netherlands,Europe,Services,material_extraction,kt,3.2765955732264,2022,EXIOBASE v3.8.2 IOT_2022_ixi with Danish sea-transport reallocation (Rørmose Jensen & Iliev 2022)
FIN,Finland,Europe,Non-metallic mineral products,material_extraction,kt,3.267247470433153,2022,EXIOBASE v3.8.2 IOT_2022_ixi with Danish sea-transport reallocation (Rørmose Jensen & Iliev 2022)
LTU,Lithuania,Europe,Minerals and Metals,material_extraction,kt,3.2530339201929848,2022,EXIOBASE v3.8.2 IOT_2022_ixi with Danish sea-transport reallocation (Rørmose Jensen & Iliev 2022)
CHE,Switzerland,Europe,Food and catering,land_use,km2,3.249839243377832,2022,EXIOBASE v3.8.2 IOT_2022_ixi with Danish sea-transport reallocation (Rørmose Jensen & Iliev 2022)
HRV,Croatia,Europe,Minerals and Metals,material_extraction,kt,3.2480218858889813,2022,EXIOBASE v3.8.2 IOT_2022_ixi with Danish sea-transport reallocation (Rørmose Jensen & Iliev 2022)
ITA,Italy,Europe,Electricity,climate_change,kt CO2eq,3.2019506220603664,2022,EXIOBASE v3.8.2 IOT_2022_ixi with Danish sea-transport reallocation (Rørmose Jensen & Iliev 2022)
IRL,Ireland,Europe,Non-metallic mineral products,material_extraction,kt,3.201894794721969,2022,EXIOBASE v3.8.2 IOT_2022_ixi with Danish sea-transport reallocation (Rørmose Jensen & Iliev 2022)
BGR,Bulgaria,Europe,"Steam, hot water supply and water distribution",climate_change,kt CO2eq,3.134770768768276,2022,EXIOBASE v3.8.2 IOT_2022_ixi with Danish sea-transport reallocation (Rørmose Jensen & Iliev 2022)
DNK,Denmark,Denmark,Furniture and timber,land_use,km2,3.130732500389462,2022,EXIOBASE v3.8.2 IOT_2022_ixi with Danish sea-transport reallocation (Rørmose Jensen & Iliev 2022)
RoW Europe,RoW Europe,Europe,Food and catering,material_extraction,kt,3.125624010853503,2022,EXIOBASE v3.8.2 IOT_2022_ixi with Danish sea-transport reallocation (Rørmose Jensen & Iliev 2022)
ESP,Spain,Europe,Coal and Petroleum,climate_change,kt CO2eq,3.0781119816686258,2022,EXIOBASE v3.8.2 IOT_2022_ixi with Danish sea-transport reallocation (Rørmose Jensen & Iliev 2022)
RoW Europe,RoW Europe,Europe,Metal Products,climate_change,kt CO2eq,3.070918529551591,2022,EXIOBASE v3.8.2 IOT_2022_ixi with Danish sea-transport reallocation (Rørmose Jensen & Iliev 2022)
CHN,China,Asia and Pacific,Food and catering,waste_generation,kt,3.0581498970971124,2022,EXIOBASE v3.8.2 IOT_2022_ixi with Danish sea-transport reallocation (Rørmose Jensen & Iliev 2022)
RoW Africa,RoW Africa,Africa,Natural gas and gaseous fuels,climate_change,kt CO2eq,3.000493680504731,2022,EXIOBASE v3.8.2 IOT_2022_ixi with Danish sea-transport reallocation (Rørmose Jensen & Iliev 2022)
CAN,Canada,America,Chemical,climate_change,kt CO2eq,2.9869549542145317,2022,EXIOBASE v3.8.2 IOT_2022_ixi with Danish sea-transport reallocation (Rørmose Jensen & Iliev 2022)
IND,India,Asia and Pacific,Textile,land_use,km2,2.9832209922937327,2022,EXIOBASE v3.8.2 IOT_2022_ixi with Danish sea-transport reallocation (Rørmose Jensen & Iliev 2022)
TUR,Turkey,Middle East,Electricity,climate_change,kt CO2eq,2.976541291065261,2022,EXIOBASE v3.8.2 IOT_2022_ixi with Danish sea-transport reallocation (Rørmose Jensen & Iliev 2022)
POL,Poland,Europe,Minerals and Metals,climate_change,kt CO2eq,2.9708875535247206,2022,EXIOBASE v3.8.2 IOT_2022_ixi with Danish sea-transport reallocation (Rørmose Jensen & Iliev 2022)
SWE,Sweden,Europe,Paper Products,land_use,km2,2.8862493817857255,2022,EXIOBASE v3.8.2 IOT_2022_ixi with Danish sea-transport reallocation (Rørmose Jensen & Iliev 2022)
SWE,Sweden,Europe,Coal and Petroleum,climate_change,kt CO2eq,2.8637879767474117,2022,EXIOBASE v3.8.2 IOT_2022_ixi with Danish sea-transport reallocation (Rørmose Jensen & Iliev 2022)
RoW Europe,RoW Europe,Europe,Non-metallic mineral products,climate_change,kt CO2eq,2.8618949143290355,2022,EXIOBASE v3.8.2 IOT_2022_ixi with Danish sea-transport reallocation (Rørmose Jensen & Iliev 2022)
SVK,Slovakia,Europe,Minerals and Metals,material_extraction,kt,2.829345112835412,2022,EXIOBASE v3.8.2 IOT_2022_ixi with Danish sea-transport reallocation (Rørmose Jensen & Iliev 2022)
GRC,Greece,Europe,Food and catering,climate_change,kt CO2eq,2.818505600985784,2022,EXIOBASE v3.8.2 IOT_2022_ixi with Danish sea-transport reallocation (Rørmose Jensen & Iliev 2022)
POL,Poland,Europe,Metal Products,climate_change,kt CO2eq,2.713811854812082,2022,EXIOBASE v3.8.2 IOT_2022_ixi with Danish sea-transport reallocation (Rørmose Jensen & Iliev 2022)
TUR,Turkey,Middle East,Chemical,climate_change,kt CO2eq,2.6723205583826393,2022,EXIOBASE v3.8.2 IOT_2022_ixi with Danish sea-transport reallocation (Rørmose Jensen & Iliev 2022)
POL,Poland,Europe,Metal Products,material_extraction,kt,2.632198670054455,2022,EXIOBASE v3.8.2 IOT_2022_ixi with Danish sea-transport reallocation (Rørmose Jensen & Iliev 2022)
RoW America,RoW America,America,Minerals and Metals,climate_change,kt CO2eq,2.5937712897230236,2022,EXIOBASE v3.8.2 IOT_2022_ixi with Danish sea-transport reallocation (Rørmose Jensen & Iliev 2022)
DNK,Denmark,Denmark,Electricity,blue_water_consumption,Mm3,2.584564089017326,2022,EXIOBASE v3.8.2 IOT_2022_ixi with Danish sea-transport reallocation (Rørmose Jensen & Iliev 2022)
JPN,Japan,Asia and Pacific,Electricity,climate_change,kt CO2eq,2.574299533935441,2022,EXIOBASE v3.8.2 IOT_2022_ixi with Danish sea-transport reallocation (Rørmose Jensen & Iliev 2022)
FRA,France,Europe,Services,climate_change,kt CO2eq,2.5467433566999933,2022,EXIOBASE v3.8.2 IOT_2022_ixi with Danish sea-transport reallocation (Rørmose Jensen & Iliev 2022)
IND,India,Asia and Pacific,Non-metallic mineral products,climate_change,kt CO2eq,2.5260370449394696,2022,EXIOBASE v3.8.2 IOT_2022_ixi with Danish sea-transport reallocation (Rørmose Jensen & Iliev 2022)
CAN,Canada,America,Electricity,climate_change,kt CO2eq,2.488381666817233,2022,EXIOBASE v3.8.2 IOT_2022_ixi with Danish sea-transport reallocation (Rørmose Jensen & Iliev 2022)
BGR,Bulgaria,Europe,Services,land_use,km2,2.4789501911742073,2022,EXIOBASE v3.8.2 IOT_2022_ixi with Danish sea-transport reallocation (Rørmose Jensen & Iliev 2022)
RUS,Russia,Europe,Services,climate_change,kt CO2eq,2.460518657626334,2022,EXIOBASE v3.8.2 IOT_2022_ixi with Danish sea-transport reallocation (Rørmose Jensen & Iliev 2022)
CZE,Czech Republic,Europe,Chemical,climate_change,kt CO2eq,2.4525853029878273,2022,EXIOBASE v3.8.2 IOT_2022_ixi with Danish sea-transport reallocation (Rørmose Jensen & Iliev 2022)
DNK,Denmark,Denmark,Electricity,waste_generation,kt,2.4213408160898577,2022,EXIOBASE v3.8.2 IOT_2022_ixi with Danish sea-transport reallocation (Rørmose Jensen & Iliev 2022)
FRA,France,Europe,Chemical,climate_change,kt CO2eq,2.4162054469032563,2022,EXIOBASE v3.8.2 IOT_2022_ixi with Danish sea-transport reallocation (Rørmose Jensen & Iliev 2022)
USA,United States,America,Services,climate_change,kt CO2eq,2.403069188227062,2022,EXIOBASE v3.8.2 IOT_2022_ixi with Danish sea-transport reallocation (Rørmose Jensen & Iliev 2022)
BEL,Belgium,Europe,Food and catering,land_use,km2,2.3893474520261666,2022,EXIOBASE v3.8.2 IOT_2022_ixi with Danish sea-transport reallocation (Rørmose Jensen & Iliev 2022)
IDN,Indonesia,Asia and Pacific,Food and catering,climate_change,kt CO2eq,2.3699873589404534,2022,EXIOBASE v3.8.2 IOT_2022_ixi with Danish sea-transport reallocation (Rørmose Jensen & Iliev 2022)
ESP,Spain,Europe,Chemical,climate_change,kt CO2eq,2.3644216752183014,2022,EXIOBASE v3.8.2 IOT_2022_ixi with Danish sea-transport reallocation (Rørmose Jensen & Iliev 2022)
RoW Asia and Pacific,RoW Asia and Pacific,Asia and Pacific,Metal Products,climate_change,kt CO2eq,2.3620769657925345,2022,EXIOBASE v3.8.2 IOT_2022_ixi with Danish sea-transport reallocation (Rørmose Jensen & Iliev 2022)
USA,United States,America,Chemical,waste_generation,kt,2.3569385607038535,2022,EXIOBASE v3.8.2 IOT_2022_ixi with Danish sea-transport reallocation (Rørmose Jensen & Iliev 2022)
IND,India,Asia and Pacific,Furniture and timber,climate_change,kt CO2eq,2.344269753824581,2022,EXIOBASE v3.8.2 IOT_2022_ixi with Danish sea-transport reallocation (Rørmose Jensen & Iliev 2022)
LVA,Latvia,Europe,Transport,climate_change,kt CO2eq,2.3285817434749965,2022,EXIOBASE v3.8.2 IOT_2022_ixi with Danish sea-transport reallocation (Rørmose Jensen & Iliev 2022)
ITA,Italy,Europe,"Steam, hot water supply and water distribution",climate_change,kt CO2eq,2.304724329128267,2022,EXIOBASE v3.8.2 IOT_2022_ixi with Danish sea-transport reallocation (Rørmose Jensen & Iliev 2022)
RoW Asia and Pacific,RoW Asia and Pacific,Asia and Pacific,Services,land_use,km2,2.2221392307199817,2022,EXIOBASE v3.8.2 IOT_2022_ixi with Danish sea-transport reallocation (Rørmose Jensen & Iliev 2022)
EST,Estonia,Europe,Minerals and Metals,material_extraction,kt,2.2081994063789487,2022,EXIOBASE v3.8.2 IOT_2022_ixi with Danish sea-transport reallocation (Rørmose Jensen & Iliev 2022)
POL,Poland,Europe,Chemical,waste_generation,kt,2.204767693960332,2022,EXIOBASE v3.8.2 IOT_2022_ixi with Danish sea-transport reallocation (Rørmose Jensen & Iliev 2022)
CZE,Czech Republic,Europe,Transport,climate_change,kt CO2eq,2.203619422930242,2022,EXIOBASE v3.8.2 IOT_2022_ixi with Danish sea-transport reallocation (Rørmose Jensen & Iliev 2022)
NLD,Netherlands,Europe,Waste management and disposal,climate_change,kt CO2eq,2.1996582876455792,2022,EXIOBASE v3.8.2 IOT_2022_ixi with Danish sea-transport reallocation (Rørmose Jensen & Iliev 2022)
BEL,Belgium,Europe,Food and catering,climate_change,kt CO2eq,2.1843388936361308,2022,EXIOBASE v3.8.2 IOT_2022_ixi with Danish sea-transport reallocation (Rørmose Jensen & Iliev 2022)
FRA,France,Europe,Waste management and disposal,climate_change,kt CO2eq,2.155624509446162,2022,EXIOBASE v3.8.2 IOT_2022_ixi with Danish sea-transport reallocation (Rørmose Jensen & Iliev 2022)
TUR,Turkey,Middle East,Waste management and disposal,climate_change,kt CO2eq,2.1318076689555405,2022,EXIOBASE v3.8.2 IOT_2022_ixi with Danish sea-transport reallocation (Rørmose Jensen & Iliev 2022)
BRA,Brazil,America,Electricity,climate_change,kt CO2eq,2.119847058317064,2022,EXIOBASE v3.8.2 IOT_2022_ixi with Danish sea-transport reallocation (Rørmose Jensen & Iliev 2022)
RoW Middle East,RoW Middle East,Middle East,Services,material_extraction,kt,2.1145558038673586,2022,EXIOBASE v3.8.2 IOT_2022_ixi with Danish sea-transport reallocation (Rørmose Jensen & Iliev 2022)
DNK,Denmark,Denmark,Paper Products,climate_change,kt CO2eq,2.1052265841095785,2022,EXIOBASE v3.8.2 IOT_2022_ixi with Danish sea-transport reallocation (Rørmose Jensen & Iliev 2022)
SVN,Slovenia,Europe,Minerals and Metals,material_extraction,kt,2.0889980179610794,2022,EXIOBASE v3.8.2 IOT_2022_ixi with Danish sea-transport reallocation (Rørmose Jensen & Iliev 2022)
RoW Europe,RoW Europe,Europe,Food and catering,blue_water_consumption,Mm3,2.077010640158691,2022,EXIOBASE v3.8.2 IOT_2022_ixi with Danish sea-transport reallocation (Rørmose Jensen & Iliev 2022)
NLD,Netherlands,Europe,Services,climate_change,kt CO2eq,2.0732245783151146,2022,EXIOBASE v3.8.2 IOT_2022_ixi with Danish sea-transport reallocation (Rørmose Jensen & Iliev 2022)
RoW Europe,RoW Europe,Europe,Coal and Petroleum,waste_generation,kt,2.0709193431728288,2022,EXIOBASE v3.8.2 IOT_2022_ixi with Danish sea-transport reallocation (Rørmose Jensen & Iliev 2022)
GRC,Greece,Europe,"Steam, hot water supply and water distribution",climate_change,kt CO2eq,2.0414874957498057,2022,EXIOBASE v3.8.2 IOT_2022_ixi with Danish sea-transport reallocation (Rørmose Jensen & Iliev 2022)
BRA,Brazil,America,Coal and Petroleum,climate_change,kt CO2eq,2.0045327217289257,2022,EXIOBASE v3.8.2 IOT_2022_ixi with Danish sea-transport reallocation (Rørmose Jensen & Iliev 2022)
GBR,United Kingdom,Europe,Natural gas and gaseous fuels,climate_change,kt CO2eq,2.002225405956876,2022,EXIOBASE v3.8.2 IOT_2022_ixi with Danish sea-transport reallocation (Rørmose Jensen & Iliev 2022)
TWN,Taiwan,Asia and Pacific,Food and catering,land_use,km2,1.9952106816498223,2022,EXIOBASE v3.8.2 IOT_2022_ixi with Danish sea-transport reallocation (Rørmose Jensen & Iliev 2022)
DEU,Germany,Europe,Non-metallic mineral products,climate_change,kt CO2eq,1.9852084815450863,2022,EXIOBASE v3.8.2 IOT_2022_ixi with Danish sea-transport reallocation (Rørmose Jensen & Iliev 2022)
TUR,Turkey,Middle East,Non-metallic mineral products,climate_change,kt CO2eq,1.9784882875311696,2022,EXIOBASE v3.8.2 IOT_2022_ixi with Danish sea-transport reallocation (Rørmose Jensen & Iliev 2022)
RoW Middle East,RoW Middle East,Middle East,Non-metallic mineral products,climate_change,kt CO2eq,1.973405971764107,2022,EXIOBASE v3.8.2 IOT_2022_ixi with Danish sea-transport reallocation (Rørmose Jensen & Iliev 2022)
IDN,Indonesia,Asia and Pacific,Chemical,climate_change,kt CO2eq,1.953851031062033,2022,EXIOBASE v3.8.2 IOT_2022_ixi with Danish sea-transport reallocation (Rørmose Jensen & Iliev 2022)
GBR,United Kingdom,Europe,Services,climate_change,kt CO2eq,1.9529591601851475,2022,EXIOBASE v3.8.2 IOT_2022_ixi with Danish sea-transport reallocation (Rørmose Jensen & Iliev 2022)
ESP,Spain,Europe,Non-metallic mineral products,climate_change,kt CO2eq,1.9521015478223067,2022,EXIOBASE v3.8.2 IOT_2022_ixi with Danish sea-transport reallocation (Rørmose Jensen & Iliev 2022)
RoW Asia and Pacific,RoW Asia and Pacific,Asia and Pacific,Textile,climate_change,kt CO2eq,1.9407934692537736,2022,EXIOBASE v3.8.2 IOT_2022_ixi with Danish sea-transport reallocation (Rørmose Jensen & Iliev 2022)
KOR,South Korea,Asia and Pacific,Minerals and Metals,material_extraction,kt,1.9268087179215834,2022,EXIOBASE v3.8.2 IOT_2022_ixi with Danish sea-transport reallocation (Rørmose Jensen & Iliev 2022)
ITA,Italy,Europe,Chemical,material_extraction,kt,1.9234981191499023,2022,EXIOBASE v3.8.2 IOT_2022_ixi with Danish sea-transport reallocation (Rørmose Jensen & Iliev 2022)
TWN,Taiwan,Asia and Pacific,Minerals and Metals,material_extraction,kt,1.9130426994747263,2022,EXIOBASE v3.8.2 IOT_2022_ixi with Danish sea-transport reallocation (Rørmose Jensen & Iliev 2022)
CHN,China,Asia and Pacific,Minerals and Metals,climate_change,kt CO2eq,1.908416438503005,2022,EXIOBASE v3.8.2 IOT_2022_ixi with Danish sea-transport reallocation (Rørmose Jensen & Iliev 2022)
DNK,Denmark,Denmark,"Electrical, electronic and measuring equipment",climate_change,kt CO2eq,1.9039244591111637,2022,EXIOBASE v3.8.2 IOT_2022_ixi with Danish sea-transport reallocation (Rørmose Jensen & Iliev 2022)
BEL,Belgium,Europe,Chemical,material_extraction,kt,1.8986355409585025,2022,EXIOBASE v3.8.2 IOT_2022_ixi with Danish sea-transport reallocation (Rørmose Jensen & Iliev 2022)
CHN,China,Asia and Pacific,Electricity,waste_generation,kt,1.890036010577309,2022,EXIOBASE v3.8.2 IOT_2022_ixi with Danish sea-transport reallocation (Rørmose Jensen & Iliev 2022)
DNK,Denmark,Denmark,Textile,climate_change,kt CO2eq,1.8747650100521678,2022,EXIOBASE v3.8.2 IOT_2022_ixi with Danish sea-transport reallocation (Rørmose Jensen & Iliev 2022)
CHN,China,Asia and Pacific,Chemical,blue_water_consumption,Mm3,1.869809439756722,2022,EXIOBASE v3.8.2 IOT_2022_ixi with Danish sea-transport reallocation (Rørmose Jensen & Iliev 2022)
GRC,Greece,Europe,Waste management and disposal,climate_change,kt CO2eq,1.8607894288920677,2022,EXIOBASE v3.8.2 IOT_2022_ixi with Danish sea-transport reallocation (Rørmose Jensen & Iliev 2022)
ITA,Italy,Europe,Coal and Petroleum,climate_change,kt CO2eq,1.8595950909900996,2022,EXIOBASE v3.8.2 IOT_2022_ixi with Danish sea-transport reallocation (Rørmose Jensen & Iliev 2022)
DEU,Germany,Europe,Services,material_extraction,kt,1.851203487639809,2022,EXIOBASE v3.8.2 IOT_2022_ixi with Danish sea-transport reallocation (Rørmose Jensen & Iliev 2022)
BGR,Bulgaria,Europe,Non-metallic mineral products,material_extraction,kt,1.8503077213758503,2022,EXIOBASE v3.8.2 IOT_2022_ixi with Danish sea-transport reallocation (Rørmose Jensen & Iliev 2022)
SWE,Sweden,Europe,Services,material_extraction,kt,1.843371661867462,2022,EXIOBASE v3.8.2 IOT_2022_ixi with Danish sea-transport reallocation (Rørmose Jensen & Iliev 2022)
DEU,Germany,Europe,Non-metallic mineral products,material_extraction,kt,1.8402784162292165,2022,EXIOBASE v3.8.2 IOT_2022_ixi with Danish sea-transport reallocation (Rørmose Jensen & Iliev 2022)
LUX,Luxembourg,Europe,Transport,climate_change,kt CO2eq,1.8159743479333965,2022,EXIOBASE v3.8.2 IOT_2022_ixi with Danish sea-transport reallocation (Rørmose Jensen & Iliev 2022)
LVA,Latvia,Europe,Food and catering,climate_change,kt CO2eq,1.8090513888373279,2022,EXIOBASE v3.8.2 IOT_2022_ixi with Danish sea-transport reallocation (Rørmose Jensen & Iliev 2022)
GLO,Unallocated,Unallocated,Private travel,land_use,km2,1.8004505070789105,2022,EXIOBASE v3.8.2 IOT_2022_ixi with Danish sea-transport reallocation (Rørmose Jensen & Iliev 2022)
TWN,Taiwan,Asia and Pacific,Chemical,climate_change,kt CO2eq,1.7980873883234825,2022,EXIOBASE v3.8.2 IOT_2022_ixi with Danish sea-transport reallocation (Rørmose Jensen & Iliev 2022)
RoW Middle East,RoW Middle East,Middle East,Furniture and timber,climate_change,kt CO2eq,1.7777265744115698,2022,EXIOBASE v3.8.2 IOT_2022_ixi with Danish sea-transport reallocation (Rørmose Jensen & Iliev 2022)
IRL,Ireland,Europe,Electricity,climate_change,kt CO2eq,1.7730892990815466,2022,EXIOBASE v3.8.2 IOT_2022_ixi with Danish sea-transport reallocation (Rørmose Jensen & Iliev 2022)
DEU,Germany,Europe,Food and catering,waste_generation,kt,1.7619362224710793,2022,EXIOBASE v3.8.2 IOT_2022_ixi with Danish sea-transport reallocation (Rørmose Jensen & Iliev 2022)
CHN,China,Asia and Pacific,Textile,climate_change,kt CO2eq,1.7514661984453421,2022,EXIOBASE v3.8.2 IOT_2022_ixi with Danish sea-transport reallocation (Rørmose Jensen & Iliev 2022)
RoW Africa,RoW Africa,Africa,Minerals and Metals,climate_change,kt CO2eq,1.7215623436290537,2022,EXIOBASE v3.8.2 IOT_2022_ixi with Danish sea-transport reallocation (Rørmose Jensen & Iliev 2022)
BEL,Belgium,Europe,Coal and Petroleum,climate_change,kt CO2eq,1.7073787468665225,2022,EXIOBASE v3.8.2 IOT_2022_ixi with Danish sea-transport reallocation (Rørmose Jensen & Iliev 2022)
DEU,Germany,Europe,Chemical,waste_generation,kt,1.7016962507529136,2022,EXIOBASE v3.8.2 IOT_2022_ixi with Danish sea-transport reallocation (Rørmose Jensen & Iliev 2022)
NOR,Norway,Europe,Natural gas and gaseous fuels,climate_change,kt CO2eq,1.684932168273154,2022,EXIOBASE v3.8.2 IOT_2022_ixi with Danish sea-transport reallocation (Rørmose Jensen & Iliev 2022)
RoW Africa,RoW Africa,Africa,Non-metallic mineral products,climate_change,kt CO2eq,1.6766881751875893,2022,EXIOBASE v3.8.2 IOT_2022_ixi with Danish sea-transport reallocation (Rørmose Jensen & Iliev 2022)
BEL,Belgium,Europe,Electricity,climate_change,kt CO2eq,1.6664104176984036,2022,EXIOBASE v3.8.2 IOT_2022_ixi with Danish sea-transport reallocation (Rørmose Jensen & Iliev 2022)
IDN,Indonesia,Asia and Pacific,Transport,climate_change,kt CO2eq,1.6639203874837214,2022,EXIOBASE v3.8.2 IOT_2022_ixi with Danish sea-transport reallocation (Rørmose Jensen & Iliev 2022)
MEX,Mexico,America,Transport,climate_change,kt CO2eq,1.6609714771074573,2022,EXIOBASE v3.8.2 IOT_2022_ixi with Danish sea-transport reallocation (Rørmose Jensen & Iliev 2022)
KOR,South Korea,Asia and Pacific,Coal and Petroleum,climate_change,kt CO2eq,1.6569463219643827,2022,EXIOBASE v3.8.2 IOT_2022_ixi with Danish sea-transport reallocation (Rørmose Jensen & Iliev 2022)
HUN,Hungary,Europe,Electricity,climate_change,kt CO2eq,1.654895480415452,2022,EXIOBASE v3.8.2 IOT_2022_ixi with Danish sea-transport reallocation (Rørmose Jensen & Iliev 2022)
ROU,Romania,Europe,Food and catering,climate_change,kt CO2eq,1.6525118179966316,2022,EXIOBASE v3.8.2 IOT_2022_ixi with Danish sea-transport reallocation (Rørmose Jensen & Iliev 2022)
SWE,Sweden,Europe,Non-metallic mineral products,material_extraction,kt,1.6426015937426244,2022,EXIOBASE v3.8.2 IOT_2022_ixi with Danish sea-transport reallocation (Rørmose Jensen & Iliev 2022)
JPN,Japan,Asia and Pacific,Coal and Petroleum,climate_change,kt CO2eq,1.6382440566261067,2022,EXIOBASE v3.8.2 IOT_2022_ixi with Danish sea-transport reallocation (Rørmose Jensen & Iliev 2022)
FIN,Finland,Europe,"Electrical, electronic and measuring equipment",material_extraction,kt,1.6331667415827273,2022,EXIOBASE v3.8.2 IOT_2022_ixi with Danish sea-transport reallocation (Rørmose Jensen & Iliev 2022)
BRA,Brazil,America,Transport,climate_change,kt CO2eq,1.6316242517620727,2022,EXIOBASE v3.8.2 IOT_2022_ixi with Danish sea-transport reallocation (Rørmose Jensen & Iliev 2022)
FIN,Finland,Europe,Coal and Petroleum,climate_change,kt CO2eq,1.6219215323900067,2022,EXIOBASE v3.8.2 IOT_2022_ixi with Danish sea-transport reallocation (Rørmose Jensen & Iliev 2022)
PRT,Portugal,Europe,Transport,climate_change,kt CO2eq,1.5974782778870837,2022,EXIOBASE v3.8.2 IOT_2022_ixi with Danish sea-transport reallocation (Rørmose Jensen & Iliev 2022)
POL,Poland,Europe,Electricity,climate_change,kt CO2eq,1.5969249743043463,2022,EXIOBASE v3.8.2 IOT_2022_ixi with Danish sea-transport reallocation (Rørmose Jensen & Iliev 2022)
DEU,Germany,Europe,Paper Products,climate_change,kt CO2eq,1.591834367073931,2022,EXIOBASE v3.8.2 IOT_2022_ixi with Danish sea-transport reallocation (Rørmose Jensen & Iliev 2022)
HUN,Hungary,Europe,Waste management and disposal,climate_change,kt CO2eq,1.5703685508564413,2022,EXIOBASE v3.8.2 IOT_2022_ixi with Danish sea-transport reallocation (Rørmose Jensen & Iliev 2022)
FIN,Finland,Europe,"Steam, hot water supply and water distribution",climate_change,kt CO2eq,1.5579095053257759,2022,EXIOBASE v3.8.2 IOT_2022_ixi with Danish sea-transport reallocation (Rørmose Jensen & Iliev 2022)
USA,United States,America,"Steam, hot water supply and water distribution",climate_change,kt CO2eq,1.5482482707819782,2022,EXIOBASE v3.8.2 IOT_2022_ixi with Danish sea-transport reallocation (Rørmose Jensen & Iliev 2022)
RoW Africa,RoW Africa,Africa,Services,climate_change,kt CO2eq,1.5472477037034418,2022,EXIOBASE v3.8.2 IOT_2022_ixi with Danish sea-transport reallocation (Rørmose Jensen & Iliev 2022)
FIN,Finland,Europe,Transport,climate_change,kt CO2eq,1.5370322401457899,2022,EXIOBASE v3.8.2 IOT_2022_ixi with Danish sea-transport reallocation (Rørmose Jensen & Iliev 2022)
BRA,Brazil,America,Metal Products,climate_change,kt CO2eq,1.5290022856649255,2022,EXIOBASE v3.8.2 IOT_2022_ixi with Danish sea-transport reallocation (Rørmose Jensen & Iliev 2022)
RoW Europe,RoW Europe,Europe,Transport,land_use,km2,1.5093678791786531,2022,EXIOBASE v3.8.2 IOT_2022_ixi with Danish sea-transport reallocation (Rørmose Jensen & Iliev 2022)
IND,India,Asia and Pacific,Natural gas and gaseous fuels,climate_change,kt CO2eq,1.5005820691566516,2022,EXIOBASE v3.8.2 IOT_2022_ixi with Danish sea-transport reallocation (Rørmose Jensen & Iliev 2022)
IDN,Indonesia,Asia and Pacific,Electricity,climate_change,kt CO2eq,1.4998076798719484,2022,EXIOBASE v3.8.2 IOT_2022_ixi with Danish sea-transport reallocation (Rørmose Jensen & Iliev 2022)
SWE,Sweden,Europe,Paper Products,climate_change,kt CO2eq,1.4925563618570656,2022,EXIOBASE v3.8.2 IOT_2022_ixi with Danish sea-transport reallocation (Rørmose Jensen & Iliev 2022)
EST,Estonia,Europe,Electricity,climate_change,kt CO2eq,1.482262997464667,2022,EXIOBASE v3.8.2 IOT_2022_ixi with Danish sea-transport reallocation (Rørmose Jensen & Iliev 2022)
RoW America,RoW America,America,Services,material_extraction,kt,1.4790472160455048,2022,EXIOBASE v3.8.2 IOT_2022_ixi with Danish sea-transport reallocation (Rørmose Jensen & Iliev 2022)
SWE,Sweden,Europe,"Steam, hot water supply and water distribution",climate_change,kt CO2eq,1.4682800685301898,2022,EXIOBASE v3.8.2 IOT_2022_ixi with Danish sea-transport reallocation (Rørmose Jensen & Iliev 2022)
BEL,Belgium,Europe,Services,climate_change,kt CO2eq,1.4670221837621626,2022,EXIOBASE v3.8.2 IOT_2022_ixi with Danish sea-transport reallocation (Rørmose Jensen & Iliev 2022)
ITA,Italy,Europe,Chemical,climate_change,kt CO2eq,1.4640905904720611,2022,EXIOBASE v3.8.2 IOT_2022_ixi with Danish sea-transport reallocation (Rørmose Jensen & Iliev 2022)
NOR,Norway,Europe,Metal Products,climate_change,kt CO2eq,1.4589127782541302,2022,EXIOBASE v3.8.2 IOT_2022_ixi with Danish sea-transport reallocation (Rørmose Jensen & Iliev 2022)
RoW Africa,RoW Africa,Africa,Services,waste_generation,kt,1.4558902039580444,2022,EXIOBASE v3.8.2 IOT_2022_ixi with Danish sea-transport reallocation (Rørmose Jensen & Iliev 2022)
NLD,Netherlands,Europe,Minerals and Metals,material_extraction,kt,1.4516930335201677,2022,EXIOBASE v3.8.2 IOT_2022_ixi with Danish sea-transport reallocation (Rørmose Jensen & Iliev 2022)
CZE,Czech Republic,Europe,Coal and Petroleum,climate_change,kt CO2eq,1.449912803239397,2022,EXIOBASE v3.8.2 IOT_2022_ixi with Danish sea-transport reallocation (Rørmose Jensen & Iliev 2022)
KOR,South Korea,Asia and Pacific,Food and catering,land_use,km2,1.4477187723562894,2022,EXIOBASE v3.8.2 IOT_2022_ixi with Danish sea-transport reallocation (Rørmose Jensen & Iliev 2022)
HUN,Hungary,Europe,Coal and Petroleum,climate_change,kt CO2eq,1.4374900638554606,2022,EXIOBASE v3.8.2 IOT_2022_ixi with Danish sea-transport reallocation (Rørmose Jensen & Iliev 2022)
LTU,Lithuania,Europe,Food and catering,climate_change,kt CO2eq,1.4358667266044771,2022,EXIOBASE v3.8.2 IOT_2022_ixi with Danish sea-transport reallocation (Rørmose Jensen & Iliev 2022)
GBR,United Kingdom,Europe,Minerals and Metals,material_extraction,kt,1.42698716019714,2022,EXIOBASE v3.8.2 IOT_2022_ixi with Danish sea-transport reallocation (Rørmose Jensen & Iliev 2022)
JPN,Japan,Asia and Pacific,Chemical,climate_change,kt CO2eq,1.4243872829284394,2022,EXIOBASE v3.8.2 IOT_2022_ixi with Danish sea-transport reallocation (Rørmose Jensen & Iliev 2022)
HUN,Hungary,Europe,Food and catering,climate_change,kt CO2eq,1.36989709096492,2022,EXIOBASE v3.8.2 IOT_2022_ixi with Danish sea-transport reallocation (Rørmose Jensen & Iliev 2022)
NLD,Netherlands,Europe,"Electrical, electronic and measuring equipment",climate_change,kt CO2eq,1.3648395272236993,2022,EXIOBASE v3.8.2 IOT_2022_ixi with Danish sea-transport reallocation (Rørmose Jensen & Iliev 2022)
POL,Poland,Europe,Transport,climate_change,kt CO2eq,1.358078114285012,2022,EXIOBASE v3.8.2 IOT_2022_ixi with Danish sea-transport reallocation (Rørmose Jensen & Iliev 2022)
HRV,Croatia,Europe,Coal and Petroleum,climate_change,kt CO2eq,1.3397469269970008,2022,EXIOBASE v3.8.2 IOT_2022_ixi with Danish sea-transport reallocation (Rørmose Jensen & Iliev 2022)
ZAF,South Africa,Africa,Food and catering,climate_change,kt CO2eq,1.339038772994879,2022,EXIOBASE v3.8.2 IOT_2022_ixi with Danish sea-transport reallocation (Rørmose Jensen & Iliev 2022)
FIN,Finland,Europe,Paper Products,waste_generation,kt,1.3374290523628718,2022,EXIOBASE v3.8.2 IOT_2022_ixi with Danish sea-transport reallocation (Rørmose Jensen & Iliev 2022)
USA,United States,America,Natural gas and gaseous fuels,climate_change,kt CO2eq,1.320380735721762,2022,EXIOBASE v3.8.2 IOT_2022_ixi with Danish sea-transport reallocation (Rørmose Jensen & Iliev 2022)
ZAF,South Africa,Africa,Paper Products,climate_change,kt CO2eq,1.3155803452916974,2022,EXIOBASE v3.8.2 IOT_2022_ixi with Danish sea-transport reallocation (Rørmose Jensen & Iliev 2022)
BGR,Bulgaria,Europe,Chemical,climate_change,kt CO2eq,1.314110106321449,2022,EXIOBASE v3.8.2 IOT_2022_ixi with Danish sea-transport reallocation (Rørmose Jensen & Iliev 2022)
DNK,Denmark,Denmark,Food and catering,blue_water_consumption,Mm3,1.3112820664860851,2022,EXIOBASE v3.8.2 IOT_2022_ixi with Danish sea-transport reallocation (Rørmose Jensen & Iliev 2022)
CHN,China,Asia and Pacific,Chemical,waste_generation,kt,1.3027141532991517,2022,EXIOBASE v3.8.2 IOT_2022_ixi with Danish sea-transport reallocation (Rørmose Jensen & Iliev 2022)
RoW Asia and Pacific,RoW Asia and Pacific,Asia and Pacific,Transport,land_use,km2,1.2953518177272654,2022,EXIOBASE v3.8.2 IOT_2022_ixi with Danish sea-transport reallocation (Rørmose Jensen & Iliev 2022)
LVA,Latvia,Europe,Minerals and Metals,material_extraction,kt,1.2888258170805298,2022,EXIOBASE v3.8.2 IOT_2022_ixi with Danish sea-transport reallocation (Rørmose Jensen & Iliev 2022)
NOR,Norway,Europe,Chemical,material_extraction,kt,1.2686952174887858,2022,EXIOBASE v3.8.2 IOT_2022_ixi with Danish sea-transport reallocation (Rørmose Jensen & Iliev 2022)
AUT,Austria,Europe,Chemical,climate_change,kt CO2eq,1.2420629250651891,2022,EXIOBASE v3.8.2 IOT_2022_ixi with Danish sea-transport reallocation (Rørmose Jensen & Iliev 2022)
TUR,Turkey,Middle East,Coal and Petroleum,climate_change,kt CO2eq,1.2353011026136724,2022,EXIOBASE v3.8.2 IOT_2022_ixi with Danish sea-transport reallocation (Rørmose Jensen & Iliev 2022)
RoW Africa,RoW Africa,Africa,Transport,waste_generation,kt,1.2238543745342918,2022,EXIOBASE v3.8.2 IOT_2022_ixi with Danish sea-transport reallocation (Rørmose Jensen & Iliev 2022)
RoW Europe,RoW Europe,Europe,Paper Products,land_use,km2,1.2234185569729341,2022,EXIOBASE v3.8.2 IOT_2022_ixi with Danish sea-transport reallocation (Rørmose Jensen & Iliev 2022)
ESP,Spain,Europe,Waste management and disposal,climate_change,kt CO2eq,1.2203979548227215,2022,EXIOBASE v3.8.2 IOT_2022_ixi with Danish sea-transport reallocation (Rørmose Jensen & Iliev 2022)
CZE,Czech Republic,Europe,Electricity,climate_change,kt CO2eq,1.2174693080887262,2022,EXIOBASE v3.8.2 IOT_2022_ixi with Danish sea-transport reallocation (Rørmose Jensen & Iliev 2022)
BEL,Belgium,Europe,Waste management and disposal,climate_change,kt CO2eq,1.2108758435533267,2022,EXIOBASE v3.8.2 IOT_2022_ixi with Danish sea-transport reallocation (Rørmose Jensen & Iliev 2022)
JPN,Japan,Asia and Pacific,Minerals and Metals,climate_change,kt CO2eq,1.2036571932854598,2022,EXIOBASE v3.8.2 IOT_2022_ixi with Danish sea-transport reallocation (Rørmose Jensen & Iliev 2022)
CHN,China,Asia and Pacific,Services,climate_change,kt CO2eq,1.2003257158912028,2022,EXIOBASE v3.8.2 IOT_2022_ixi with Danish sea-transport reallocation (Rørmose Jensen & Iliev 2022)
CHE,Switzerland,Europe,Food and catering,climate_change,kt CO2eq,1.1964970131270574,2022,EXIOBASE v3.8.2 IOT_2022_ixi with Danish sea-transport reallocation (Rørmose Jensen & Iliev 2022)
SWE,Sweden,Europe,Food and catering,waste_generation,kt,1.1939696217513767,2022,EXIOBASE v3.8.2 IOT_2022_ixi with Danish sea-transport reallocation (Rørmose Jensen & Iliev 2022)
RoW America,RoW America,America,Natural gas and gaseous fuels,climate_change,kt CO2eq,1.191729703553248,2022,EXIOBASE v3.8.2 IOT_2022_ixi with Danish sea-transport reallocation (Rørmose Jensen & Iliev 2022)
RoW Europe,RoW Europe,Europe,Food and catering,waste_generation,kt,1.1880620121343002,2022,EXIOBASE v3.8.2 IOT_2022_ixi with Danish sea-transport reallocation (Rørmose Jensen & Iliev 2022)
RUS,Russia,Europe,Coal and Petroleum,land_use,km2,1.1682548355875355,2022,EXIOBASE v3.8.2 IOT_2022_ixi with Danish sea-transport reallocation (Rørmose Jensen & Iliev 2022)
RoW Europe,RoW Europe,Europe,Coal and Petroleum,material_extraction,kt,1.167408413875864,2022,EXIOBASE v3.8.2 IOT_2022_ixi with Danish sea-transport reallocation (Rørmose Jensen & Iliev 2022)
NLD,Netherlands,Europe,"Steam, hot water supply and water distribution",climate_change,kt CO2eq,1.159653712830705,2022,EXIOBASE v3.8.2 IOT_2022_ixi with Danish sea-transport reallocation (Rørmose Jensen & Iliev 2022)
LTU,Lithuania,Europe,Non-metallic mineral products,material_extraction,kt,1.1526581388664336,2022,EXIOBASE v3.8.2 IOT_2022_ixi with Danish sea-transport reallocation (Rørmose Jensen & Iliev 2022)
AUT,Austria,Europe,Food and catering,climate_change,kt CO2eq,1.148856643890131,2022,EXIOBASE v3.8.2 IOT_2022_ixi with Danish sea-transport reallocation (Rørmose Jensen & Iliev 2022)
CAN,Canada,America,Waste management and disposal,climate_change,kt CO2eq,1.1477893509293937,2022,EXIOBASE v3.8.2 IOT_2022_ixi with Danish sea-transport reallocation (Rørmose Jensen & Iliev 2022)
ESP,Spain,Europe,Food and catering,blue_water_consumption,Mm3,1.1436108310723052,2022,EXIOBASE v3.8.2 IOT_2022_ixi with Danish sea-transport reallocation (Rørmose Jensen & Iliev 2022)
RUS,Russia,Europe,Transport,material_extraction,kt,1.139131201474352,2022,EXIOBASE v3.8.2 IOT_2022_ixi with Danish sea-transport reallocation (Rørmose Jensen & Iliev 2022)
SWE,Sweden,Europe,Metal Products,climate_change,kt CO2eq,1.1386211898417082,2022,EXIOBASE v3.8.2 IOT_2022_ixi with Danish sea-transport reallocation (Rørmose Jensen & Iliev 2022)
POL,Poland,Europe,Services,material_extraction,kt,1.1364790520074317,2022,EXIOBASE v3.8.2 IOT_2022_ixi with Danish sea-transport reallocation (Rørmose Jensen & Iliev 2022)
SWE,Sweden,Europe,"Electrical, electronic and measuring equipment",climate_change,kt CO2eq,1.1350120522067784,2022,EXIOBASE v3.8.2 IOT_2022_ixi with Danish sea-transport reallocation (Rørmose Jensen & Iliev 2022)
FIN,Finland,Europe,Food and catering,climate_change,kt CO2eq,1.1345626704489946,2022,EXIOBASE v3.8.2 IOT_2022_ixi with Danish sea-transport reallocation (Rørmose Jensen & Iliev 2022)
HUN,Hungary,Europe,"Steam, hot water supply and water distribution",climate_change,kt CO2eq,1.133855805629327,2022,EXIOBASE v3.8.2 IOT_2022_ixi with Danish sea-transport reallocation (Rørmose Jensen & Iliev 2022)
SWE,Sweden,Europe,Non-metallic mineral products,climate_change,kt CO2eq,1.125865986370632,2022,EXIOBASE v3.8.2 IOT_2022_ixi with Danish sea-transport reallocation (Rørmose Jensen & Iliev 2022)
USA,United States,America,Textile,land_use,km2,1.1168077853167229,2022,EXIOBASE v3.8.2 IOT_2022_ixi with Danish sea-transport reallocation (Rørmose Jensen & Iliev 2022)
DEU,Germany,Europe,Paper Products,waste_generation,kt,1.0942042433439183,2022,EXIOBASE v3.8.2 IOT_2022_ixi with Danish sea-transport reallocation (Rørmose Jensen & Iliev 2022)
USA,United States,America,Minerals and Metals,climate_change,kt CO2eq,1.0808982508624903,2022,EXIOBASE v3.8.2 IOT_2022_ixi with Danish sea-transport reallocation (Rørmose Jensen & Iliev 2022)
BRA,Brazil,America,Chemical,material_extraction,kt,1.080390139121541,2022,EXIOBASE v3.8.2 IOT_2022_ixi with Danish sea-transport reallocation (Rørmose Jensen & Iliev 2022)
ITA,Italy,Europe,Waste management and disposal,climate_change,kt CO2eq,1.0787158580563303,2022,EXIOBASE v3.8.2 IOT_2022_ixi with Danish sea-transport reallocation (Rørmose Jensen & Iliev 2022)
IRL,Ireland,Europe,Minerals and Metals,material_extraction,kt,1.0731588967780183,2022,EXIOBASE v3.8.2 IOT_2022_ixi with Danish sea-transport reallocation (Rørmose Jensen & Iliev 2022)
AUS,Australia,Asia and Pacific,Waste management and disposal,climate_change,kt CO2eq,1.066834323837082,2022,EXIOBASE v3.8.2 IOT_2022_ixi with Danish sea-transport reallocation (Rørmose Jensen & Iliev 2022)
TUR,Turkey,Middle East,Services,climate_change,kt CO2eq,1.063912089097299,2022,EXIOBASE v3.8.2 IOT_2022_ixi with Danish sea-transport reallocation (Rørmose Jensen & Iliev 2022)
GBR,United Kingdom,Europe,Minerals and Metals,climate_change,kt CO2eq,1.0636520914635526,2022,EXIOBASE v3.8.2 IOT_2022_ixi with Danish sea-transport reallocation (Rørmose Jensen & Iliev 2022)
RoW Africa,RoW Africa,Africa,Textile,land_use,km2,1.0574458398935598,2022,EXIOBASE v3.8.2 IOT_2022_ixi with Danish sea-transport reallocation (Rørmose Jensen & Iliev 2022)
JPN,Japan,Asia and Pacific,Metal Products,climate_change,kt CO2eq,1.055001543735907,2022,EXIOBASE v3.8.2 IOT_2022_ixi with Danish sea-transport reallocation (Rørmose Jensen & Iliev 2022)
RoW America,RoW America,America,Food and catering,blue_water_consumption,Mm3,1.0461196557153427,2022,EXIOBASE v3.8.2 IOT_2022_ixi with Danish sea-transport reallocation (Rørmose Jensen & Iliev 2022)
SWE,Sweden,Europe,Electricity,climate_change,kt CO2eq,1.0458143136355769,2022,EXIOBASE v3.8.2 IOT_2022_ixi with Danish sea-transport reallocation (Rørmose Jensen & Iliev 2022)
SWE,Sweden,Europe,Coal and Petroleum,waste_generation,kt,1.0438428806015005,2022,EXIOBASE v3.8.2 IOT_2022_ixi with Danish sea-transport reallocation (Rørmose Jensen & Iliev 2022)
HUN,Hungary,Europe,Minerals and Metals,climate_change,kt CO2eq,1.0420247640592128,2022,EXIOBASE v3.8.2 IOT_2022_ixi with Danish sea-transport reallocation (Rørmose Jensen & Iliev 2022)
GRC,Greece,Europe,Electricity,climate_change,kt CO2eq,1.036154694979259,2022,EXIOBASE v3.8.2 IOT_2022_ixi with Danish sea-transport reallocation (Rørmose Jensen & Iliev 2022)
EST,Estonia,Europe,Food and catering,climate_change,kt CO2eq,1.0313107038041032,2022,EXIOBASE v3.8.2 IOT_2022_ixi with Danish sea-transport reallocation (Rørmose Jensen & Iliev 2022)
DEU,Germany,Europe,Minerals and Metals,climate_change,kt CO2eq,1.0275530080943533,2022,EXIOBASE v3.8.2 IOT_2022_ixi with Danish sea-transport reallocation (Rørmose Jensen & Iliev 2022)
BRA,Brazil,America,Waste management and disposal,climate_change,kt CO2eq,1.027219014092184,2022,EXIOBASE v3.8.2 IOT_2022_ixi with Danish sea-transport reallocation (Rørmose Jensen & Iliev 2022)
ITA,Italy,Europe,Services,climate_change,kt CO2eq,1.0247928929438925,2022,EXIOBASE v3.8.2 IOT_2022_ixi with Danish sea-transport reallocation (Rørmose Jensen & Iliev 2022)
CHN,China,Asia and Pacific,Furniture and timber,climate_change,kt CO2eq,1.0065112990853042,2022,EXIOBASE v3.8.2 IOT_2022_ixi with Danish sea-transport reallocation (Rørmose Jensen & Iliev 2022)
DNK,Denmark,Denmark,Construction,climate_change,kt CO2eq,0.9943002514983393,2022,EXIOBASE v3.8.2 IOT_2022_ixi with Danish sea-transport reallocation (Rørmose Jensen & Iliev 2022)
ESP,Spain,Europe,Construction,land_use,km2,0.9926092927367921,2022,EXIOBASE v3.8.2 IOT_2022_ixi with Danish sea-transport reallocation (Rørmose Jensen & Iliev 2022)
RUS,Russia,Europe,Chemical,material_extraction,kt,0.9837993762480028,2022,EXIOBASE v3.8.2 IOT_2022_ixi with Danish sea-transport reallocation (Rørmose Jensen & Iliev 2022)
CHE,Switzerland,Europe,Services,climate_change,kt CO2eq,0.9823129935781848,2022,EXIOBASE v3.8.2 IOT_2022_ixi with Danish sea-transport reallocation (Rørmose Jensen & Iliev 2022)
DEU,Germany,Europe,Chemical,blue_water_consumption,Mm3,0.9754180623406418,2022,EXIOBASE v3.8.2 IOT_2022_ixi with Danish sea-transport reallocation (Rørmose Jensen & Iliev 2022)
AUS,Australia,Asia and Pacific,Natural gas and gaseous fuels,climate_change,kt CO2eq,0.9726479002756944,2022,EXIOBASE v3.8.2 IOT_2022_ixi with Danish sea-transport reallocation (Rørmose Jensen & Iliev 2022)
RoW Africa,RoW Africa,Africa,Coal and Petroleum,waste_generation,kt,0.965736057495537,2022,EXIOBASE v3.8.2 IOT_2022_ixi with Danish sea-transport reallocation (Rørmose Jensen & Iliev 2022)
LTU,Lithuania,Europe,Coal and Petroleum,climate_change,kt CO2eq,0.9656208210784181,2022,EXIOBASE v3.8.2 IOT_2022_ixi with Danish sea-transport reallocation (Rørmose Jensen & Iliev 2022)
POL,Poland,Europe,Paper Products,climate_change,kt CO2eq,0.9648670980647952,2022,EXIOBASE v3.8.2 IOT_2022_ixi with Danish sea-transport reallocation (Rørmose Jensen & Iliev 2022)
PRT,Portugal,Europe,Food and catering,climate_change,kt CO2eq,0.9618672597185474,2022,EXIOBASE v3.8.2 IOT_2022_ixi with Danish sea-transport reallocation (Rørmose Jensen & Iliev 2022)
ITA,Italy,Europe,Natural gas and gaseous fuels,climate_change,kt CO2eq,0.9528805443264599,2022,EXIOBASE v3.8.2 IOT_2022_ixi with Danish sea-transport reallocation (Rørmose Jensen & Iliev 2022)
CHN,China,Asia and Pacific,Paper Products,climate_change,kt CO2eq,0.9526060142665526,2022,EXIOBASE v3.8.2 IOT_2022_ixi with Danish sea-transport reallocation (Rørmose Jensen & Iliev 2022)
NOR,Norway,Europe,Waste management and disposal,climate_change,kt CO2eq,0.9525466256602486,2022,EXIOBASE v3.8.2 IOT_2022_ixi with Danish sea-transport reallocation (Rørmose Jensen & Iliev 2022)
LTU,Lithuania,Europe,Transport,climate_change,kt CO2eq,0.9490491386752312,2022,EXIOBASE v3.8.2 IOT_2022_ixi with Danish sea-transport reallocation (Rørmose Jensen & Iliev 2022)
SVN,Slovenia,Europe,"Steam, hot water supply and water distribution",climate_change,kt CO2eq,0.9477248114585846,2022,EXIOBASE v3.8.2 IOT_2022_ixi with Danish sea-transport reallocation (Rørmose Jensen & Iliev 2022)
AUT,Austria,Europe,Natural gas and gaseous fuels,climate_change,kt CO2eq,0.9386138515294578,2022,EXIOBASE v3.8.2 IOT_2022_ixi with Danish sea-transport reallocation (Rørmose Jensen & Iliev 2022)
AUS,Australia,Asia and Pacific,Food and catering,blue_water_consumption,Mm3,0.9384972400214283,2022,EXIOBASE v3.8.2 IOT_2022_ixi with Danish sea-transport reallocation (Rørmose Jensen & Iliev 2022)
SWE,Sweden,Europe,Construction,material_extraction,kt,0.9362824481383407,2022,EXIOBASE v3.8.2 IOT_2022_ixi with Danish sea-transport reallocation (Rørmose Jensen & Iliev 2022)
ZAF,South Africa,Africa,Chemical,climate_change,kt CO2eq,0.9322400030369902,2022,EXIOBASE v3.8.2 IOT_2022_ixi with Danish sea-transport reallocation (Rørmose Jensen & Iliev 2022)
EST,Estonia,Europe,Furniture and timber,land_use,km2,0.9300395663918128,2022,EXIOBASE v3.8.2 IOT_2022_ixi with Danish sea-transport reallocation (Rørmose Jensen & Iliev 2022)
BGR,Bulgaria,Europe,Waste management and disposal,climate_change,kt CO2eq,0.929145115582451,2022,EXIOBASE v3.8.2 IOT_2022_ixi with Danish sea-transport reallocation (Rørmose Jensen & Iliev 2022)
GRC,Greece,Europe,Coal and Petroleum,climate_change,kt CO2eq,0.9228068076164997,2022,EXIOBASE v3.8.2 IOT_2022_ixi with Danish sea-transport reallocation (Rørmose Jensen & Iliev 2022)
FIN,Finland,Europe,Chemical,climate_change,kt CO2eq,0.9143655191682956,2022,EXIOBASE v3.8.2 IOT_2022_ixi with Danish sea-transport reallocation (Rørmose Jensen & Iliev 2022)
NOR,Norway,Europe,Services,climate_change,kt CO2eq,0.9119314883847939,2022,EXIOBASE v3.8.2 IOT_2022_ixi with Danish sea-transport reallocation (Rørmose Jensen & Iliev 2022)
FRA,France,Europe,Natural gas and gaseous fuels,climate_change,kt CO2eq,0.9108717957854843,2022,EXIOBASE v3.8.2 IOT_2022_ixi with Danish sea-transport reallocation (Rørmose Jensen & Iliev 2022)
NLD,Netherlands,Europe,Metal Products,climate_change,kt CO2eq,0.9087201252511677,2022,EXIOBASE v3.8.2 IOT_2022_ixi with Danish sea-transport reallocation (Rørmose Jensen & Iliev 2022)
BRA,Brazil,America,Minerals and Metals,climate_change,kt CO2eq,0.9084757918726483,2022,EXIOBASE v3.8.2 IOT_2022_ixi with Danish sea-transport reallocation (Rørmose Jensen & Iliev 2022)
MEX,Mexico,America,Chemical,climate_change,kt CO2eq,0.9081822249746204,2022,EXIOBASE v3.8.2 IOT_2022_ixi with Danish sea-transport reallocation (Rørmose Jensen & Iliev 2022)
BRA,Brazil,America,Chemical,climate_change,kt CO2eq,0.9073898866832405,2022,EXIOBASE v3.8.2 IOT_2022_ixi with Danish sea-transport reallocation (Rørmose Jensen & Iliev 2022)
CZE,Czech Republic,Europe,Non-metallic mineral products,material_extraction,kt,0.9065481840488139,2022,EXIOBASE v3.8.2 IOT_2022_ixi with Danish sea-transport reallocation (Rørmose Jensen & Iliev 2022)
ITA,Italy,Europe,Metal Products,climate_change,kt CO2eq,0.9047860094762565,2022,EXIOBASE v3.8.2 IOT_2022_ixi with Danish sea-transport reallocation (Rørmose Jensen & Iliev 2022)
RUS,Russia,Europe,Minerals and Metals,climate_change,kt CO2eq,0.9047859656715445,2022,EXIOBASE v3.8.2 IOT_2022_ixi with Danish sea-transport reallocation (Rørmose Jensen & Iliev 2022)
PRT,Portugal,Europe,Metal Products,climate_change,kt CO2eq,0.9019931448274189,2022,EXIOBASE v3.8.2 IOT_2022_ixi with Danish sea-transport reallocation (Rørmose Jensen & Iliev 2022)
EST,Estonia,Europe,Transport,climate_change,kt CO2eq,0.8996673432660535,2022,EXIOBASE v3.8.2 IOT_2022_ixi with Danish sea-transport reallocation (Rørmose Jensen & Iliev 2022)
BRA,Brazil,America,Textile,land_use,km2,0.8850883126299022,2022,EXIOBASE v3.8.2 IOT_2022_ixi with Danish sea-transport reallocation (Rørmose Jensen & Iliev 2022)
AUT,Austria,Europe,Transport,climate_change,kt CO2eq,0.8759006927645245,2022,EXIOBASE v3.8.2 IOT_2022_ixi with Danish sea-transport reallocation (Rørmose Jensen & Iliev 2022)
ROU,Romania,Europe,Coal and Petroleum,climate_change,kt CO2eq,0.8658714375060438,2022,EXIOBASE v3.8.2 IOT_2022_ixi with Danish sea-transport reallocation (Rørmose Jensen & Iliev 2022)
CAN,Canada,America,Services,climate_change,kt CO2eq,0.8545538039532994,2022,EXIOBASE v3.8.2 IOT_2022_ixi with Danish sea-transport reallocation (Rørmose Jensen & Iliev 2022)
RUS,Russia,Europe,Coal and Petroleum,waste_generation,kt,0.8431382007699848,2022,EXIOBASE v3.8.2 IOT_2022_ixi with Danish sea-transport reallocation (Rørmose Jensen & Iliev 2022)
SWE,Sweden,Europe,Furniture and timber,land_use,km2,0.8425805519419975,2022,EXIOBASE v3.8.2 IOT_2022_ixi with Danish sea-transport reallocation (Rørmose Jensen & Iliev 2022)
SVN,Slovenia,Europe,Food and catering,land_use,km2,0.8404693665660659,2022,EXIOBASE v3.8.2 IOT_2022_ixi with Danish sea-transport reallocation (Rørmose Jensen & Iliev 2022)
RoW Asia and Pacific,RoW Asia and Pacific,Asia and Pacific,Construction,climate_change,kt CO2eq,0.8380408059620506,2022,EXIOBASE v3.8.2 IOT_2022_ixi with Danish sea-transport reallocation (Rørmose Jensen & Iliev 2022)
DNK,Denmark,Denmark,Paper Products,waste_generation,kt,0.83673678510009,2022,EXIOBASE v3.8.2 IOT_2022_ixi with Danish sea-transport reallocation (Rørmose Jensen & Iliev 2022)
POL,Poland,Europe,Waste management and disposal,material_extraction,kt,0.8318243799972244,2022,EXIOBASE v3.8.2 IOT_2022_ixi with Danish sea-transport reallocation (Rørmose Jensen & Iliev 2022)
TUR,Turkey,Middle East,"Steam, hot water supply and water distribution",climate_change,kt CO2eq,0.8280090800103158,2022,EXIOBASE v3.8.2 IOT_2022_ixi with Danish sea-transport reallocation (Rørmose Jensen & Iliev 2022)
SVK,Slovakia,Europe,Coal and Petroleum,climate_change,kt CO2eq,0.8277367149040715,2022,EXIOBASE v3.8.2 IOT_2022_ixi with Danish sea-transport reallocation (Rørmose Jensen & Iliev 2022)
RoW Asia and Pacific,RoW Asia and Pacific,Asia and Pacific,Services,material_extraction,kt,0.8263016926922064,2022,EXIOBASE v3.8.2 IOT_2022_ixi with Danish sea-transport reallocation (Rørmose Jensen & Iliev 2022)
DNK,Denmark,Denmark,Furniture and timber,climate_change,kt CO2eq,0.825511517901685,2022,EXIOBASE v3.8.2 IOT_2022_ixi with Danish sea-transport reallocation (Rørmose Jensen & Iliev 2022)
ZAF,South Africa,Africa,Electricity,waste_generation,kt,0.8229112109593449,2022,EXIOBASE v3.8.2 IOT_2022_ixi with Danish sea-transport reallocation (Rørmose Jensen & Iliev 2022)
IND,India,Asia and Pacific,Chemical,waste_generation,kt,0.8206756124921035,2022,EXIOBASE v3.8.2 IOT_2022_ixi with Danish sea-transport reallocation (Rørmose Jensen & Iliev 2022)
IDN,Indonesia,Asia and Pacific,Services,climate_change,kt CO2eq,0.8196005574591284,2022,EXIOBASE v3.8.2 IOT_2022_ixi with Danish sea-transport reallocation (Rørmose Jensen & Iliev 2022)
KOR,South Korea,Asia and Pacific,Chemical,climate_change,kt CO2eq,0.8113974927528355,2022,EXIOBASE v3.8.2 IOT_2022_ixi with Danish sea-transport reallocation (Rørmose Jensen & Iliev 2022)
SVN,Slovenia,Europe,Services,land_use,km2,0.8076889672051021,2022,EXIOBASE v3.8.2 IOT_2022_ixi with Danish sea-transport reallocation (Rørmose Jensen & Iliev 2022)
CZE,Czech Republic,Europe,Food and catering,climate_change,kt CO2eq,0.8075928439043221,2022,EXIOBASE v3.8.2 IOT_2022_ixi with Danish sea-transport reallocation (Rørmose Jensen & Iliev 2022)
USA,United States,America,Paper Products,climate_change,kt CO2eq,0.8073777661260368,2022,EXIOBASE v3.8.2 IOT_2022_ixi with Danish sea-transport reallocation (Rørmose Jensen & Iliev 2022)
RUS,Russia,Europe,Non-metallic mineral products,climate_change,kt CO2eq,0.807021194485321,2022,EXIOBASE v3.8.2 IOT_2022_ixi with Danish sea-transport reallocation (Rørmose Jensen & Iliev 2022)
TUR,Turkey,Middle East,Food and catering,blue_water_consumption,Mm3,0.8029379074113002,2022,EXIOBASE v3.8.2 IOT_2022_ixi with Danish sea-transport reallocation (Rørmose Jensen & Iliev 2022)
RoW Middle East,RoW Middle East,Middle East,Coal and Petroleum,material_extraction,kt,0.8024262981763729,2022,EXIOBASE v3.8.2 IOT_2022_ixi with Danish sea-transport reallocation (Rørmose Jensen & Iliev 2022)
SVN,Slovenia,Europe,Transport,climate_change,kt CO2eq,0.7918810335677254,2022,EXIOBASE v3.8.2 IOT_2022_ixi with Danish sea-transport reallocation (Rørmose Jensen & Iliev 2022)
SVK,Slovakia,Europe,Non-metallic mineral products,material_extraction,kt,0.7918594538713761,2022,EXIOBASE v3.8.2 IOT_2022_ixi with Danish sea-transport reallocation (Rørmose Jensen & Iliev 2022)
NOR,Norway,Europe,"Electrical, electronic and measuring equipment",climate_change,kt CO2eq,0.7876541413987996,2022,EXIOBASE v3.8.2 IOT_2022_ixi with Danish sea-transport reallocation (Rørmose Jensen & Iliev 2022)
FIN,Finland,Europe,Chemical,material_extraction,kt,0.7855581756778723,2022,EXIOBASE v3.8.2 IOT_2022_ixi with Danish sea-transport reallocation (Rørmose Jensen & Iliev 2022)
RUS,Russia,Europe,Food and catering,blue_water_consumption,Mm3,0.7833917147892404,2022,EXIOBASE v3.8.2 IOT_2022_ixi with Danish sea-transport reallocation (Rørmose Jensen & Iliev 2022)
ROU,Romania,Europe,Electricity,climate_change,kt CO2eq,0.7793671138921726,2022,EXIOBASE v3.8.2 IOT_2022_ixi with Danish sea-transport reallocation (Rørmose Jensen & Iliev 2022)
PRT,Portugal,Europe,Waste management and disposal,climate_change,kt CO2eq,0.7743834329966408,2022,EXIOBASE v3.8.2 IOT_2022_ixi with Danish sea-transport reallocation (Rørmose Jensen & Iliev 2022)
DEU,Germany,Europe,Electricity,waste_generation,kt,0.7725411453255705,2022,EXIOBASE v3.8.2 IOT_2022_ixi with Danish sea-transport reallocation (Rørmose Jensen & Iliev 2022)
IND,India,Asia and Pacific,Services,climate_change,kt CO2eq,0.7640804303225304,2022,EXIOBASE v3.8.2 IOT_2022_ixi with Danish sea-transport reallocation (Rørmose Jensen & Iliev 2022)
ESP,Spain,Europe,Food and catering,waste_generation,kt,0.7634682599368272,2022,EXIOBASE v3.8.2 IOT_2022_ixi with Danish sea-transport reallocation (Rørmose Jensen & Iliev 2022)
MEX,Mexico,America,Electricity,climate_change,kt CO2eq,0.7631624477211046,2022,EXIOBASE v3.8.2 IOT_2022_ixi with Danish sea-transport reallocation (Rørmose Jensen & Iliev 2022)
PRT,Portugal,Europe,Electricity,climate_change,kt CO2eq,0.7593333868902536,2022,EXIOBASE v3.8.2 IOT_2022_ixi with Danish sea-transport reallocation (Rørmose Jensen & Iliev 2022)
IND,India,Asia and Pacific,Minerals and Metals,climate_change,kt CO2eq,0.7582975422421732,2022,EXIOBASE v3.8.2 IOT_2022_ixi with Danish sea-transport reallocation (Rørmose Jensen & Iliev 2022)
IRL,Ireland,Europe,Services,climate_change,kt CO2eq,0.7574056392933972,2022,EXIOBASE v3.8.2 IOT_2022_ixi with Danish sea-transport reallocation (Rørmose Jensen & Iliev 2022)
RUS,Russia,Europe,Services,material_extraction,kt,0.7570904445263419,2022,EXIOBASE v3.8.2 IOT_2022_ixi with Danish sea-transport reallocation (Rørmose Jensen & Iliev 2022)
ITA,Italy,Europe,Non-metallic mineral products,climate_change,kt CO2eq,0.7567817438018473,2022,EXIOBASE v3.8.2 IOT_2022_ixi with Danish sea-transport reallocation (Rørmose Jensen & Iliev 2022)
RoW Asia and Pacific,RoW Asia and Pacific,Asia and Pacific,Furniture and timber,climate_change,kt CO2eq,0.7559988251246941,2022,EXIOBASE v3.8.2 IOT_2022_ixi with Danish sea-transport reallocation (Rørmose Jensen & Iliev 2022)
SWE,Sweden,Europe,Services,climate_change,kt CO2eq,0.7519203476280807,2022,EXIOBASE v3.8.2 IOT_2022_ixi with Danish sea-transport reallocation (Rørmose Jensen & Iliev 2022)
CYP,Cyprus,Middle East,Transport,climate_change,kt CO2eq,0.746341422947098,2022,EXIOBASE v3.8.2 IOT_2022_ixi with Danish sea-transport reallocation (Rørmose Jensen & Iliev 2022)
DEU,Germany,Europe,"Electrical, electronic and measuring equipment",climate_change,kt CO2eq,0.7448609877246928,2022,EXIOBASE v3.8.2 IOT_2022_ixi with Danish sea-transport reallocation (Rørmose Jensen & Iliev 2022)
ZAF,South Africa,Africa,Transport,climate_change,kt CO2eq,0.7392428777370093,2022,EXIOBASE v3.8.2 IOT_2022_ixi with Danish sea-transport reallocation (Rørmose Jensen & Iliev 2022)
RoW Europe,RoW Europe,Europe,Paper Products,material_extraction,kt,0.7324426865344751,2022,EXIOBASE v3.8.2 IOT_2022_ixi with Danish sea-transport reallocation (Rørmose Jensen & Iliev 2022)
RoW Africa,RoW Africa,Africa,Food and catering,material_extraction,kt,0.7322285118545678,2022,EXIOBASE v3.8.2 IOT_2022_ixi with Danish sea-transport reallocation (Rørmose Jensen & Iliev 2022)
USA,United States,America,Non-metallic mineral products,climate_change,kt CO2eq,0.730123219016431,2022,EXIOBASE v3.8.2 IOT_2022_ixi with Danish sea-transport reallocation (Rørmose Jensen & Iliev 2022)
CHN,China,Asia and Pacific,"Electrical, electronic and measuring equipment",climate_change,kt CO2eq,0.7180824986369302,2022,EXIOBASE v3.8.2 IOT_2022_ixi with Danish sea-transport reallocation (Rørmose Jensen & Iliev 2022)
ZAF,South Africa,Africa,Textile,land_use,km2,0.7173201027210739,2022,EXIOBASE v3.8.2 IOT_2022_ixi with Danish sea-transport reallocation (Rørmose Jensen & Iliev 2022)
FRA,France,Europe,Electricity,climate_change,kt CO2eq,0.7164009986238521,2022,EXIOBASE v3.8.2 IOT_2022_ixi with Danish sea-transport reallocation (Rørmose Jensen & Iliev 2022)
SWE,Sweden,Europe,Minerals and Metals,climate_change,kt CO2eq,0.7155077798353267,2022,EXIOBASE v3.8.2 IOT_2022_ixi with Danish sea-transport reallocation (Rørmose Jensen & Iliev 2022)
LTU,Lithuania,Europe,Chemical,climate_change,kt CO2eq,0.7078201870615534,2022,EXIOBASE v3.8.2 IOT_2022_ixi with Danish sea-transport reallocation (Rørmose Jensen & Iliev 2022)
JPN,Japan,Asia and Pacific,Waste management and disposal,climate_change,kt CO2eq,0.7053310967861866,2022,EXIOBASE v3.8.2 IOT_2022_ixi with Danish sea-transport reallocation (Rørmose Jensen & Iliev 2022)
MEX,Mexico,America,Natural gas and gaseous fuels,climate_change,kt CO2eq,0.7016673121244089,2022,EXIOBASE v3.8.2 IOT_2022_ixi with Danish sea-transport reallocation (Rørmose Jensen & Iliev 2022)
TUR,Turkey,Middle East,Textile,climate_change,kt CO2eq,0.6995816341676705,2022,EXIOBASE v3.8.2 IOT_2022_ixi with Danish sea-transport reallocation (Rørmose Jensen & Iliev 2022)
AUT,Austria,Europe,Coal and Petroleum,climate_change,kt CO2eq,0.6995323684378891,2022,EXIOBASE v3.8.2 IOT_2022_ixi with Danish sea-transport reallocation (Rørmose Jensen & Iliev 2022)
EST,Estonia,Europe,Waste management and disposal,climate_change,kt CO2eq,0.6987099059924009,2022,EXIOBASE v3.8.2 IOT_2022_ixi with Danish sea-transport reallocation (Rørmose Jensen & Iliev 2022)
RoW America,RoW America,America,Textile,climate_change,kt CO2eq,0.6930738984244758,2022,EXIOBASE v3.8.2 IOT_2022_ixi with Danish sea-transport reallocation (Rørmose Jensen & Iliev 2022)
RoW Asia and Pacific,RoW Asia and Pacific,Asia and Pacific,"Electrical, electronic and measuring equipment",climate_change,kt CO2eq,0.6888299776521991,2022,EXIOBASE v3.8.2 IOT_2022_ixi with Danish sea-transport reallocation (Rørmose Jensen & Iliev 2022)
TUR,Turkey,Middle East,Food and catering,waste_generation,kt,0.6846445068171956,2022,EXIOBASE v3.8.2 IOT_2022_ixi with Danish sea-transport reallocation (Rørmose Jensen & Iliev 2022)
RUS,Russia,Europe,Coal and Petroleum,material_extraction,kt,0.683549369817218,2022,EXIOBASE v3.8.2 IOT_2022_ixi with Danish sea-transport reallocation (Rørmose Jensen & Iliev 2022)
RoW Europe,RoW Europe,Europe,Electricity,waste_generation,kt,0.6826219515636069,2022,EXIOBASE v3.8.2 IOT_2022_ixi with Danish sea-transport reallocation (Rørmose Jensen & Iliev 2022)
RoW Middle East,RoW Middle East,Middle East,Metal Products,climate_change,kt CO2eq,0.6795353264289279,2022,EXIOBASE v3.8.2 IOT_2022_ixi with Danish sea-transport reallocation (Rørmose Jensen & Iliev 2022)
BEL,Belgium,Europe,Non-metallic mineral products,climate_change,kt CO2eq,0.6790947815638363,2022,EXIOBASE v3.8.2 IOT_2022_ixi with Danish sea-transport reallocation (Rørmose Jensen & Iliev 2022)
ZAF,South Africa,Africa,Chemical,waste_generation,kt,0.6720607009570932,2022,EXIOBASE v3.8.2 IOT_2022_ixi with Danish sea-transport reallocation (Rørmose Jensen & Iliev 2022)
RoW Middle East,RoW Middle East,Middle East,Food and catering,waste_generation,kt,0.6708478108249815,2022,EXIOBASE v3.8.2 IOT_2022_ixi with Danish sea-transport reallocation (Rørmose Jensen & Iliev 2022)
NLD,Netherlands,Europe,Chemical,waste_generation,kt,0.6699151094292078,2022,EXIOBASE v3.8.2 IOT_2022_ixi with Danish sea-transport reallocation (Rørmose Jensen & Iliev 2022)
POL,Poland,Europe,"Electrical, electronic and measuring equipment",climate_change,kt CO2eq,0.6677167807660429,2022,EXIOBASE v3.8.2 IOT_2022_ixi with Danish sea-transport reallocation (Rørmose Jensen & Iliev 2022)
RoW Asia and Pacific,RoW Asia and Pacific,Asia and Pacific,Food and catering,material_extraction,kt,0.6649714152955672,2022,EXIOBASE v3.8.2 IOT_2022_ixi with Danish sea-transport reallocation (Rørmose Jensen & Iliev 2022)
BEL,Belgium,Europe,Coal and Petroleum,waste_generation,kt,0.6631317443323463,2022,EXIOBASE v3.8.2 IOT_2022_ixi with Danish sea-transport reallocation (Rørmose Jensen & Iliev 2022)
GRC,Greece,Europe,Coal and Petroleum,waste_generation,kt,0.6630342562390834,2022,EXIOBASE v3.8.2 IOT_2022_ixi with Danish sea-transport reallocation (Rørmose Jensen & Iliev 2022)
DEU,Germany,Europe,Waste management and disposal,waste_generation,kt,0.6599617919065432,2022,EXIOBASE v3.8.2 IOT_2022_ixi with Danish sea-transport reallocation (Rørmose Jensen & Iliev 2022)
FIN,Finland,Europe,Coal and Petroleum,waste_generation,kt,0.6562968827888878,2022,EXIOBASE v3.8.2 IOT_2022_ixi with Danish sea-transport reallocation (Rørmose Jensen & Iliev 2022)
CHE,Switzerland,Europe,Chemical,climate_change,kt CO2eq,0.6461713840812425,2022,EXIOBASE v3.8.2 IOT_2022_ixi with Danish sea-transport reallocation (Rørmose Jensen & Iliev 2022)
NLD,Netherlands,Europe,Furniture and timber,land_use,km2,0.6447525839775771,2022,EXIOBASE v3.8.2 IOT_2022_ixi with Danish sea-transport reallocation (Rørmose Jensen & Iliev 2022)
RoW Africa,RoW Africa,Africa,Coal and Petroleum,material_extraction,kt,0.6437805570023598,2022,EXIOBASE v3.8.2 IOT_2022_ixi with Danish sea-transport reallocation (Rørmose Jensen & Iliev 2022)
TWN,Taiwan,Asia and Pacific,Coal and Petroleum,climate_change,kt CO2eq,0.6418821301545397,2022,EXIOBASE v3.8.2 IOT_2022_ixi with Danish sea-transport reallocation (Rørmose Jensen & Iliev 2022)
ESP,Spain,Europe,Chemical,waste_generation,kt,0.6411463287301282,2022,EXIOBASE v3.8.2 IOT_2022_ixi with Danish sea-transport reallocation (Rørmose Jensen & Iliev 2022)
FIN,Finland,Europe,Electricity,climate_change,kt CO2eq,0.6379659444715224,2022,EXIOBASE v3.8.2 IOT_2022_ixi with Danish sea-transport reallocation (Rørmose Jensen & Iliev 2022)
NLD,Netherlands,Europe,Coal and Petroleum,waste_generation,kt,0.6358047159810126,2022,EXIOBASE v3.8.2 IOT_2022_ixi with Danish sea-transport reallocation (Rørmose Jensen & Iliev 2022)
GRC,Greece,Europe,Food and catering,waste_generation,kt,0.6343335412573889,2022,EXIOBASE v3.8.2 IOT_2022_ixi with Danish sea-transport reallocation (Rørmose Jensen & Iliev 2022)
USA,United States,America,Electricity,waste_generation,kt,0.6338736740786772,2022,EXIOBASE v3.8.2 IOT_2022_ixi with Danish sea-transport reallocation (Rørmose Jensen & Iliev 2022)
RoW Europe,RoW Europe,Europe,Services,land_use,km2,0.6324320792645933,2022,EXIOBASE v3.8.2 IOT_2022_ixi with Danish sea-transport reallocation (Rørmose Jensen & Iliev 2022)
IND,India,Asia and Pacific,Electricity,waste_generation,kt,0.628860408278044,2022,EXIOBASE v3.8.2 IOT_2022_ixi with Danish sea-transport reallocation (Rørmose Jensen & Iliev 2022)
RoW Europe,RoW Europe,Europe,Minerals and Metals,climate_change,kt CO2eq,0.627513868622853,2022,EXIOBASE v3.8.2 IOT_2022_ixi with Danish sea-transport reallocation (Rørmose Jensen & Iliev 2022)
USA,United States,America,Metal Products,climate_change,kt CO2eq,0.6216748419062664,2022,EXIOBASE v3.8.2 IOT_2022_ixi with Danish sea-transport reallocation (Rørmose Jensen & Iliev 2022)
RoW America,RoW America,America,Non-metallic mineral products,climate_change,kt CO2eq,0.6209298670983492,2022,EXIOBASE v3.8.2 IOT_2022_ixi with Danish sea-transport reallocation (Rørmose Jensen & Iliev 2022)
RoW Europe,RoW Europe,Europe,Services,climate_change,kt CO2eq,0.6166376931636676,2022,EXIOBASE v3.8.2 IOT_2022_ixi with Danish sea-transport reallocation (Rørmose Jensen & Iliev 2022)
ROU,Romania,Europe,Transport,climate_change,kt CO2eq,0.6158478603669081,2022,EXIOBASE v3.8.2 IOT_2022_ixi with Danish sea-transport reallocation (Rørmose Jensen & Iliev 2022)
NOR,Norway,Europe,Electricity,climate_change,kt CO2eq,0.6074222381491148,2022,EXIOBASE v3.8.2 IOT_2022_ixi with Danish sea-transport reallocation (Rørmose Jensen & Iliev 2022)
RoW America,RoW America,America,Services,climate_change,kt CO2eq,0.6022245637499529,2022,EXIOBASE v3.8.2 IOT_2022_ixi with Danish sea-transport reallocation (Rørmose Jensen & Iliev 2022)
ITA,Italy,Europe,Food and catering,waste_generation,kt,0.6021736394099432,2022,EXIOBASE v3.8.2 IOT_2022_ixi with Danish sea-transport reallocation (Rørmose Jensen & Iliev 2022)
JPN,Japan,Asia and Pacific,Food and catering,land_use,km2,0.5961776283120133,2022,EXIOBASE v3.8.2 IOT_2022_ixi with Danish sea-transport reallocation (Rørmose Jensen & Iliev 2022)
RUS,Russia,Europe,Food and catering,material_extraction,kt,0.5959915110434549,2022,EXIOBASE v3.8.2 IOT_2022_ixi with Danish sea-transport reallocation (Rørmose Jensen & Iliev 2022)
ROU,Romania,Europe,Chemical,climate_change,kt CO2eq,0.5947919021838767,2022,EXIOBASE v3.8.2 IOT_2022_ixi with Danish sea-transport reallocation (Rørmose Jensen & Iliev 2022)
CHN,China,Asia and Pacific,General and special Machinery,climate_change,kt CO2eq,0.5946893013847109,2022,EXIOBASE v3.8.2 IOT_2022_ixi with Danish sea-transport reallocation (Rørmose Jensen & Iliev 2022)
NOR,Norway,Europe,Chemical,waste_generation,kt,0.5915031000505173,2022,EXIOBASE v3.8.2 IOT_2022_ixi with Danish sea-transport reallocation (Rørmose Jensen & Iliev 2022)
SVN,Slovenia,Europe,Waste management and disposal,climate_change,kt CO2eq,0.5906898744630033,2022,EXIOBASE v3.8.2 IOT_2022_ixi with Danish sea-transport reallocation (Rørmose Jensen & Iliev 2022)
NLD,Netherlands,Europe,Food and catering,waste_generation,kt,0.5848989395348851,2022,EXIOBASE v3.8.2 IOT_2022_ixi with Danish sea-transport reallocation (Rørmose Jensen & Iliev 2022)
USA,United States,America,Paper Products,waste_generation,kt,0.584343712602013,2022,EXIOBASE v3.8.2 IOT_2022_ixi with Danish sea-transport reallocation (Rørmose Jensen & Iliev 2022)
GBR,United Kingdom,Europe,Metal Products,climate_change,kt CO2eq,0.5841833054560777,2022,EXIOBASE v3.8.2 IOT_2022_ixi with Danish sea-transport reallocation (Rørmose Jensen & Iliev 2022)
POL,Poland,Europe,"Electrical, electronic and measuring equipment",material_extraction,kt,0.583732448910365,2022,EXIOBASE v3.8.2 IOT_2022_ixi with Danish sea-transport reallocation (Rørmose Jensen & Iliev 2022)
NLD,Netherlands,Europe,Non-metallic mineral products,climate_change,kt CO2eq,0.5835909255467036,2022,EXIOBASE v3.8.2 IOT_2022_ixi with Danish sea-transport reallocation (Rørmose Jensen & Iliev 2022)
RoW Europe,RoW Europe,Europe,Electricity,land_use,km2,0.583271790473978,2022,EXIOBASE v3.8.2 IOT_2022_ixi with Danish sea-transport reallocation (Rørmose Jensen & Iliev 2022)
RoW Asia and Pacific,RoW Asia and Pacific,Asia and Pacific,Electricity,land_use,km2,0.5804711273792506,2022,EXIOBASE v3.8.2 IOT_2022_ixi with Danish sea-transport reallocation (Rørmose Jensen & Iliev 2022)
GBR,United Kingdom,Europe,Electricity,waste_generation,kt,0.5801972057238975,2022,EXIOBASE v3.8.2 IOT_2022_ixi with Danish sea-transport reallocation (Rørmose Jensen & Iliev 2022)
RoW Asia and Pacific,RoW Asia and Pacific,Asia and Pacific,Paper Products,climate_change,kt CO2eq,0.5799780131804562,2022,EXIOBASE v3.8.2 IOT_2022_ixi with Danish sea-transport reallocation (Rørmose Jensen & Iliev 2022)
HRV,Croatia,Europe,Transport,climate_change,kt CO2eq,0.5763749628174717,2022,EXIOBASE v3.8.2 IOT_2022_ixi with Danish sea-transport reallocation (Rørmose Jensen & Iliev 2022)
SWE,Sweden,Europe,Transport Equipment,climate_change,kt CO2eq,0.573289324849179,2022,EXIOBASE v3.8.2 IOT_2022_ixi with Danish sea-transport reallocation (Rørmose Jensen & Iliev 2022)
RUS,Russia,Europe,Electricity,climate_change,kt CO2eq,0.568249605625358,2022,EXIOBASE v3.8.2 IOT_2022_ixi with Danish sea-transport reallocation (Rørmose Jensen & Iliev 2022)
IND,India,Asia and Pacific,Textile,climate_change,kt CO2eq,0.5678147490274125,2022,EXIOBASE v3.8.2 IOT_2022_ixi with Danish sea-transport reallocation (Rørmose Jensen & Iliev 2022)
RoW America,RoW America,America,Food and catering,waste_generation,kt,0.5641475384564014,2022,EXIOBASE v3.8.2 IOT_2022_ixi with Danish sea-transport reallocation (Rørmose Jensen & Iliev 2022)
BGR,Bulgaria,Europe,Food and catering,climate_change,kt CO2eq,0.559806904890796,2022,EXIOBASE v3.8.2 IOT_2022_ixi with Danish sea-transport reallocation (Rørmose Jensen & Iliev 2022)
RoW Europe,RoW Europe,Europe,"Steam, hot water supply and water distribution",material_extraction,kt,0.5597210028396766,2022,EXIOBASE v3.8.2 IOT_2022_ixi with Danish sea-transport reallocation (Rørmose Jensen & Iliev 2022)
JPN,Japan,Asia and Pacific,Non-metallic mineral products,climate_change,kt CO2eq,0.5589198766362444,2022,EXIOBASE v3.8.2 IOT_2022_ixi with Danish sea-transport reallocation (Rørmose Jensen & Iliev 2022)
CZE,Czech Republic,Europe,Natural gas and gaseous fuels,climate_change,kt CO2eq,0.5579706586399646,2022,EXIOBASE v3.8.2 IOT_2022_ixi with Danish sea-transport reallocation (Rørmose Jensen & Iliev 2022)
CZE,Czech Republic,Europe,Waste management and disposal,climate_change,kt CO2eq,0.556659829779861,2022,EXIOBASE v3.8.2 IOT_2022_ixi with Danish sea-transport reallocation (Rørmose Jensen & Iliev 2022)
GBR,United Kingdom,Europe,"Electrical, electronic and measuring equipment",climate_change,kt CO2eq,0.5538482097831605,2022,EXIOBASE v3.8.2 IOT_2022_ixi with Danish sea-transport reallocation (Rørmose Jensen & Iliev 2022)
RoW Asia and Pacific,RoW Asia and Pacific,Asia and Pacific,Chemical,waste_generation,kt,0.549865926969139,2022,EXIOBASE v3.8.2 IOT_2022_ixi with Danish sea-transport reallocation (Rørmose Jensen & Iliev 2022)
SVK,Slovakia,Europe,"Steam, hot water supply and water distribution",climate_change,kt CO2eq,0.5494270374206118,2022,EXIOBASE v3.8.2 IOT_2022_ixi with Danish sea-transport reallocation (Rørmose Jensen & Iliev 2022)
MEX,Mexico,America,Food and catering,climate_change,kt CO2eq,0.5491922660556162,2022,EXIOBASE v3.8.2 IOT_2022_ixi with Danish sea-transport reallocation (Rørmose Jensen & Iliev 2022)
CAN,Canada,America,Construction,material_extraction,kt,0.5490549050455676,2022,EXIOBASE v3.8.2 IOT_2022_ixi with Danish sea-transport reallocation (Rørmose Jensen & Iliev 2022)
PRT,Portugal,Europe,Minerals and Metals,climate_change,kt CO2eq,0.5486517891463967,2022,EXIOBASE v3.8.2 IOT_2022_ixi with Danish sea-transport reallocation (Rørmose Jensen & Iliev 2022)
HRV,Croatia,Europe,Chemical,climate_change,kt CO2eq,0.5470085542954279,2022,EXIOBASE v3.8.2 IOT_2022_ixi with Danish sea-transport reallocation (Rørmose Jensen & Iliev 2022)
USA,United States,America,Textile,climate_change,kt CO2eq,0.5459100983951791,2022,EXIOBASE v3.8.2 IOT_2022_ixi with Danish sea-transport reallocation (Rørmose Jensen & Iliev 2022)
POL,Poland,Europe,Construction,material_extraction,kt,0.5451413548539167,2022,EXIOBASE v3.8.2 IOT_2022_ixi with Danish sea-transport reallocation (Rørmose Jensen & Iliev 2022)
CHN,China,Asia and Pacific,Paper Products,waste_generation,kt,0.544103374388355,2022,EXIOBASE v3.8.2 IOT_2022_ixi with Danish sea-transport reallocation (Rørmose Jensen & Iliev 2022)
IND,India,Asia and Pacific,Transport Equipment,climate_change,kt CO2eq,0.5389827960506429,2022,EXIOBASE v3.8.2 IOT_2022_ixi with Danish sea-transport reallocation (Rørmose Jensen & Iliev 2022)
DEU,Germany,Europe,"Steam, hot water supply and water distribution",waste_generation,kt,0.5387571312835956,2022,EXIOBASE v3.8.2 IOT_2022_ixi with Danish sea-transport reallocation (Rørmose Jensen & Iliev 2022)
GRC,Greece,Europe,Transport,waste_generation,kt,0.5337770892034176,2022,EXIOBASE v3.8.2 IOT_2022_ixi with Danish sea-transport reallocation (Rørmose Jensen & Iliev 2022)
BEL,Belgium,Europe,Non-metallic mineral products,material_extraction,kt,0.5319059883179093,2022,EXIOBASE v3.8.2 IOT_2022_ixi with Danish sea-transport reallocation (Rørmose Jensen & Iliev 2022)
FRA,France,Europe,Metal Products,climate_change,kt CO2eq,0.5303137597963264,2022,EXIOBASE v3.8.2 IOT_2022_ixi with Danish sea-transport reallocation (Rørmose Jensen & Iliev 2022)
RoW Europe,RoW Europe,Europe,Non-metallic mineral products,material_extraction,kt,0.527542728766408,2022,EXIOBASE v3.8.2 IOT_2022_ixi with Danish sea-transport reallocation (Rørmose Jensen & Iliev 2022)
HUN,Hungary,Europe,Food and catering,waste_generation,kt,0.5215976127577941,2022,EXIOBASE v3.8.2 IOT_2022_ixi with Danish sea-transport reallocation (Rørmose Jensen & Iliev 2022)
RoW Europe,RoW Europe,Europe,Chemical,blue_water_consumption,Mm3,0.5212958431295639,2022,EXIOBASE v3.8.2 IOT_2022_ixi with Danish sea-transport reallocation (Rørmose Jensen & Iliev 2022)
CZE,Czech Republic,Europe,Metal Products,climate_change,kt CO2eq,0.5180514298752465,2022,EXIOBASE v3.8.2 IOT_2022_ixi with Danish sea-transport reallocation (Rørmose Jensen & Iliev 2022)
ZAF,South Africa,Africa,Metal Products,climate_change,kt CO2eq,0.5175109544121539,2022,EXIOBASE v3.8.2 IOT_2022_ixi with Danish sea-transport reallocation (Rørmose Jensen & Iliev 2022)
FRA,France,Europe,"Electrical, electronic and measuring equipment",climate_change,kt CO2eq,0.5157101678186858,2022,EXIOBASE v3.8.2 IOT_2022_ixi with Danish sea-transport reallocation (Rørmose Jensen & Iliev 2022)
PRT,Portugal,Europe,Coal and Petroleum,climate_change,kt CO2eq,0.5156893534433971,2022,EXIOBASE v3.8.2 IOT_2022_ixi with Danish sea-transport reallocation (Rørmose Jensen & Iliev 2022)
HUN,Hungary,Europe,Non-metallic mineral products,material_extraction,kt,0.5124721490630351,2022,EXIOBASE v3.8.2 IOT_2022_ixi with Danish sea-transport reallocation (Rørmose Jensen & Iliev 2022)
AUT,Austria,Europe,Transport,material_extraction,kt,0.5105648216459495,2022,EXIOBASE v3.8.2 IOT_2022_ixi with Danish sea-transport reallocation (Rørmose Jensen & Iliev 2022)
GBR,United Kingdom,Europe,Non-metallic mineral products,climate_change,kt CO2eq,0.5070614071894655,2022,EXIOBASE v3.8.2 IOT_2022_ixi with Danish sea-transport reallocation (Rørmose Jensen & Iliev 2022)
RoW Africa,RoW Africa,Africa,"Electrical, electronic and measuring equipment",climate_change,kt CO2eq,0.5061101727016953,2022,EXIOBASE v3.8.2 IOT_2022_ixi with Danish sea-transport reallocation (Rørmose Jensen & Iliev 2022)
POL,Poland,Europe,Coal and Petroleum,waste_generation,kt,0.5054840217018638,2022,EXIOBASE v3.8.2 IOT_2022_ixi with Danish sea-transport reallocation (Rørmose Jensen & Iliev 2022)
DEU,Germany,Europe,Metal Products,waste_generation,kt,0.5032520484106883,2022,EXIOBASE v3.8.2 IOT_2022_ixi with Danish sea-transport reallocation (Rørmose Jensen & Iliev 2022)
RoW Middle East,RoW Middle East,Middle East,Food and catering,material_extraction,kt,0.4996451335890569,2022,EXIOBASE v3.8.2 IOT_2022_ixi with Danish sea-transport reallocation (Rørmose Jensen & Iliev 2022)
TUR,Turkey,Middle East,Minerals and Metals,climate_change,kt CO2eq,0.49239020093395325,2022,EXIOBASE v3.8.2 IOT_2022_ixi with Danish sea-transport reallocation (Rørmose Jensen & Iliev 2022)
RoW Europe,RoW Europe,Europe,"Steam, hot water supply and water distribution",waste_generation,kt,0.48964486476076247,2022,EXIOBASE v3.8.2 IOT_2022_ixi with Danish sea-transport reallocation (Rørmose Jensen & Iliev 2022)
BRA,Brazil,America,Chemical,waste_generation,kt,0.48757569667324385,2022,EXIOBASE v3.8.2 IOT_2022_ixi with Danish sea-transport reallocation (Rørmose Jensen & Iliev 2022)
HUN,Hungary,Europe,Transport,climate_change,kt CO2eq,0.48748163195685024,2022,EXIOBASE v3.8.2 IOT_2022_ixi with Danish sea-transport reallocation (Rørmose Jensen & Iliev 2022)
GBR,United Kingdom,Europe,Chemical,waste_generation,kt,0.4863032368304344,2022,EXIOBASE v3.8.2 IOT_2022_ixi with Danish sea-transport reallocation (Rørmose Jensen & Iliev 2022)
HRV,Croatia,Europe,Non-metallic mineral products,material_extraction,kt,0.48595659422794335,2022,EXIOBASE v3.8.2 IOT_2022_ixi with Danish sea-transport reallocation (Rørmose Jensen & Iliev 2022)
KOR,South Korea,Asia and Pacific,Food and catering,climate_change,kt CO2eq,0.48325981171625176,2022,EXIOBASE v3.8.2 IOT_2022_ixi with Danish sea-transport reallocation (Rørmose Jensen & Iliev 2022)
SVK,Slovakia,Europe,Metal Products,climate_change,kt CO2eq,0.4830822905392114,2022,EXIOBASE v3.8.2 IOT_2022_ixi with Danish sea-transport reallocation (Rørmose Jensen & Iliev 2022)
NOR,Norway,Europe,Non-metallic mineral products,material_extraction,kt,0.48205566789662846,2022,EXIOBASE v3.8.2 IOT_2022_ixi with Danish sea-transport reallocation (Rørmose Jensen & Iliev 2022)
ESP,Spain,Europe,Construction,climate_change,kt CO2eq,0.48190148836757873,2022,EXIOBASE v3.8.2 IOT_2022_ixi with Danish sea-transport reallocation (Rørmose Jensen & Iliev 2022)
RoW Europe,RoW Europe,Europe,Natural gas and gaseous fuels,material_extraction,kt,0.4815231701606905,2022,EXIOBASE v3.8.2 IOT_2022_ixi with Danish sea-transport reallocation (Rørmose Jensen & Iliev 2022)
POL,Poland,Europe,Food and catering,waste_generation,kt,0.47996556081764985,2022,EXIOBASE v3.8.2 IOT_2022_ixi with Danish sea-transport reallocation (Rørmose Jensen & Iliev 2022)
IDN,Indonesia,Asia and Pacific,Waste management and disposal,climate_change,kt CO2eq,0.4760150100304479,2022,EXIOBASE v3.8.2 IOT_2022_ixi with Danish sea-transport reallocation (Rørmose Jensen & Iliev 2022)
CZE,Czech Republic,Europe,Services,climate_change,kt CO2eq,0.47458263070500006,2022,EXIOBASE v3.8.2 IOT_2022_ixi with Danish sea-transport reallocation (Rørmose Jensen & Iliev 2022)
AUT,Austria,Europe,Waste management and disposal,climate_change,kt CO2eq,0.47438748033605804,2022,EXIOBASE v3.8.2 IOT_2022_ixi with Danish sea-transport reallocation (Rørmose Jensen & Iliev 2022)
ESP,Spain,Europe,Metal Products,climate_change,kt CO2eq,0.47434302569871484,2022,EXIOBASE v3.8.2 IOT_2022_ixi with Danish sea-transport reallocation (Rørmose Jensen & Iliev 2022)
CHN,China,Asia and Pacific,Textile,land_use,km2,0.4742480412130599,2022,EXIOBASE v3.8.2 IOT_2022_ixi with Danish sea-transport reallocation (Rørmose Jensen & Iliev 2022)
BGR,Bulgaria,Europe,Coal and Petroleum,climate_change,kt CO2eq,0.47360467300188025,2022,EXIOBASE v3.8.2 IOT_2022_ixi with Danish sea-transport reallocation (Rørmose Jensen & Iliev 2022)
SVN,Slovenia,Europe,Chemical,climate_change,kt CO2eq,0.471830942382064,2022,EXIOBASE v3.8.2 IOT_2022_ixi with Danish sea-transport reallocation (Rørmose Jensen & Iliev 2022)
ESP,Spain,Europe,Services,climate_change,kt CO2eq,0.4714707775188391,2022,EXIOBASE v3.8.2 IOT_2022_ixi with Danish sea-transport reallocation (Rørmose Jensen & Iliev 2022)
SVK,Slovakia,Europe,Chemical,climate_change,kt CO2eq,0.47127906774154493,2022,EXIOBASE v3.8.2 IOT_2022_ixi with Danish sea-transport reallocation (Rørmose Jensen & Iliev 2022)
MLT,Malta,Europe,Minerals and Metals,material_extraction,kt,0.469442146486471,2022,EXIOBASE v3.8.2 IOT_2022_ixi with Danish sea-transport reallocation (Rørmose Jensen & Iliev 2022)
NOR,Norway,Europe,Paper Products,waste_generation,kt,0.46609994244876835,2022,EXIOBASE v3.8.2 IOT_2022_ixi with Danish sea-transport reallocation (Rørmose Jensen & Iliev 2022)
FIN,Finland,Europe,Paper Products,climate_change,kt CO2eq,0.4646107717783477,2022,EXIOBASE v3.8.2 IOT_2022_ixi with Danish sea-transport reallocation (Rørmose Jensen & Iliev 2022)
KOR,South Korea,Asia and Pacific,Metal Products,climate_change,kt CO2eq,0.46403984942102156,2022,EXIOBASE v3.8.2 IOT_2022_ixi with Danish sea-transport reallocation (Rørmose Jensen & Iliev 2022)
SWE,Sweden,Europe,Chemical,waste_generation,kt,0.45833687663712047,2022,EXIOBASE v3.8.2 IOT_2022_ixi with Danish sea-transport reallocation (Rørmose Jensen & Iliev 2022)
NLD,Netherlands,Europe,Construction,waste_generation,kt,0.4567399640153487,2022,EXIOBASE v3.8.2 IOT_2022_ixi with Danish sea-transport reallocation (Rørmose Jensen & Iliev 2022)
RoW Africa,RoW Africa,Africa,Chemical,climate_change,kt CO2eq,0.45659663818350626,2022,EXIOBASE v3.8.2 IOT_2022_ixi with Danish sea-transport reallocation (Rørmose Jensen & Iliev 2022)
POL,Poland,Europe,Construction,waste_generation,kt,0.45085960903912015,2022,EXIOBASE v3.8.2 IOT_2022_ixi with Danish sea-transport reallocation (Rørmose Jensen & Iliev 2022)
RoW Europe,RoW Europe,Europe,"Steam, hot water supply and water distribution",land_use,km2,0.4506722107161859,2022,EXIOBASE v3.8.2 IOT_2022_ixi with Danish sea-transport reallocation (Rørmose Jensen & Iliev 2022)
RoW Africa,RoW Africa,Africa,"Steam, hot water supply and water distribution",climate_change,kt CO2eq,0.4502032131234218,2022,EXIOBASE v3.8.2 IOT_2022_ixi with Danish sea-transport reallocation (Rørmose Jensen & Iliev 2022)
CZE,Czech Republic,Europe,Non-metallic mineral products,climate_change,kt CO2eq,0.44944311300124984,2022,EXIOBASE v3.8.2 IOT_2022_ixi with Danish sea-transport reallocation (Rørmose Jensen & Iliev 2022)
PRT,Portugal,Europe,Non-metallic mineral products,climate_change,kt CO2eq,0.44896562698516884,2022,EXIOBASE v3.8.2 IOT_2022_ixi with Danish sea-transport reallocation (Rørmose Jensen & Iliev 2022)
DEU,Germany,Europe,Construction,material_extraction,kt,0.44787394150214643,2022,EXIOBASE v3.8.2 IOT_2022_ixi with Danish sea-transport reallocation (Rørmose Jensen & Iliev 2022)
RoW Middle East,RoW Middle East,Middle East,Natural gas and gaseous fuels,material_extraction,kt,0.44648651269789336,2022,EXIOBASE v3.8.2 IOT_2022_ixi with Danish sea-transport reallocation (Rørmose Jensen & Iliev 2022)
AUS,Australia,Asia and Pacific,Food and catering,waste_generation,kt,0.44644329248328796,2022,EXIOBASE v3.8.2 IOT_2022_ixi with Danish sea-transport reallocation (Rørmose Jensen & Iliev 2022)
DEU,Germany,Europe,Construction,waste_generation,kt,0.44611559402979867,2022,EXIOBASE v3.8.2 IOT_2022_ixi with Danish sea-transport reallocation (Rørmose Jensen & Iliev 2022)
HRV,Croatia,Europe,Food and catering,climate_change,kt CO2eq,0.44488766332610896,2022,EXIOBASE v3.8.2 IOT_2022_ixi with Danish sea-transport reallocation (Rørmose Jensen & Iliev 2022)
BGR,Bulgaria,Europe,Transport,climate_change,kt CO2eq,0.44358468911455406,2022,EXIOBASE v3.8.2 IOT_2022_ixi with Danish sea-transport reallocation (Rørmose Jensen & Iliev 2022)
HRV,Croatia,Europe,Waste management and disposal,climate_change,kt CO2eq,0.441624235960028,2022,EXIOBASE v3.8.2 IOT_2022_ixi with Danish sea-transport reallocation (Rørmose Jensen & Iliev 2022)
RoW Asia and Pacific,RoW Asia and Pacific,Asia and Pacific,Coal and Petroleum,waste_generation,kt,0.44022650758383475,2022,EXIOBASE v3.8.2 IOT_2022_ixi with Danish sea-transport reallocation (Rørmose Jensen & Iliev 2022)
TWN,Taiwan,Asia and Pacific,Natural gas and gaseous fuels,climate_change,kt CO2eq,0.4378294359489832,2022,EXIOBASE v3.8.2 IOT_2022_ixi with Danish sea-transport reallocation (Rørmose Jensen & Iliev 2022)
SWE,Sweden,Europe,Electricity,waste_generation,kt,0.4345127043344712,2022,EXIOBASE v3.8.2 IOT_2022_ixi with Danish sea-transport reallocation (Rørmose Jensen & Iliev 2022)
HUN,Hungary,Europe,Services,climate_change,kt CO2eq,0.4344021018042771,2022,EXIOBASE v3.8.2 IOT_2022_ixi with Danish sea-transport reallocation (Rørmose Jensen & Iliev 2022)
CHN,China,Asia and Pacific,Metal Products,waste_generation,kt,0.43319652079147447,2022,EXIOBASE v3.8.2 IOT_2022_ixi with Danish sea-transport reallocation (Rørmose Jensen & Iliev 2022)
BEL,Belgium,Europe,Metal Products,climate_change,kt CO2eq,0.4312928228226972,2022,EXIOBASE v3.8.2 IOT_2022_ixi with Danish sea-transport reallocation (Rørmose Jensen & Iliev 2022)
SWE,Sweden,Europe,Natural gas and gaseous fuels,climate_change,kt CO2eq,0.426208485280137,2022,EXIOBASE v3.8.2 IOT_2022_ixi with Danish sea-transport reallocation (Rørmose Jensen & Iliev 2022)
AUS,Australia,Asia and Pacific,Chemical,climate_change,kt CO2eq,0.4240617085534101,2022,EXIOBASE v3.8.2 IOT_2022_ixi with Danish sea-transport reallocation (Rørmose Jensen & Iliev 2022)
CAN,Canada,America,Minerals and Metals,climate_change,kt CO2eq,0.42344017713747,2022,EXIOBASE v3.8.2 IOT_2022_ixi with Danish sea-transport reallocation (Rørmose Jensen & Iliev 2022)
NOR,Norway,Europe,Food and catering,waste_generation,kt,0.42302893204000813,2022,EXIOBASE v3.8.2 IOT_2022_ixi with Danish sea-transport reallocation (Rørmose Jensen & Iliev 2022)
HRV,Croatia,Europe,Electricity,climate_change,kt CO2eq,0.4226276663121844,2022,EXIOBASE v3.8.2 IOT_2022_ixi with Danish sea-transport reallocation (Rørmose Jensen & Iliev 2022)
LTU,Lithuania,Europe,"Steam, hot water supply and water distribution",climate_change,kt CO2eq,0.4213186713468014,2022,EXIOBASE v3.8.2 IOT_2022_ixi with Danish sea-transport reallocation (Rørmose Jensen & Iliev 2022)
NLD,Netherlands,Europe,Natural gas and gaseous fuels,climate_change,kt CO2eq,0.4206370390868355,2022,EXIOBASE v3.8.2 IOT_2022_ixi with Danish sea-transport reallocation (Rørmose Jensen & Iliev 2022)
ZAF,South Africa,Africa,Minerals and Metals,climate_change,kt CO2eq,0.4198610822257506,2022,EXIOBASE v3.8.2 IOT_2022_ixi with Danish sea-transport reallocation (Rørmose Jensen & Iliev 2022)
ESP,Spain,Europe,Furniture and timber,climate_change,kt CO2eq,0.41809082628862126,2022,EXIOBASE v3.8.2 IOT_2022_ixi with Danish sea-transport reallocation (Rørmose Jensen & Iliev 2022)
RoW America,RoW America,America,Transport,material_extraction,kt,0.4177364215556641,2022,EXIOBASE v3.8.2 IOT_2022_ixi with Danish sea-transport reallocation (Rørmose Jensen & Iliev 2022)
IND,India,Asia and Pacific,Chemical,blue_water_consumption,Mm3,0.4152854103860601,2022,EXIOBASE v3.8.2 IOT_2022_ixi with Danish sea-transport reallocation (Rørmose Jensen & Iliev 2022)
ESP,Spain,Europe,Natural gas and gaseous fuels,climate_change,kt CO2eq,0.41440884202270467,2022,EXIOBASE v3.8.2 IOT_2022_ixi with Danish sea-transport reallocation (Rørmose Jensen & Iliev 2022)
FIN,Finland,Europe,Natural gas and gaseous fuels,climate_change,kt CO2eq,0.41394586705148245,2022,EXIOBASE v3.8.2 IOT_2022_ixi with Danish sea-transport reallocation (Rørmose Jensen & Iliev 2022)
AUT,Austria,Europe,Metal Products,climate_change,kt CO2eq,0.41191077515534336,2022,EXIOBASE v3.8.2 IOT_2022_ixi with Danish sea-transport reallocation (Rørmose Jensen & Iliev 2022)
USA,United States,America,Furniture and timber,climate_change,kt CO2eq,0.4110517477673647,2022,EXIOBASE v3.8.2 IOT_2022_ixi with Danish sea-transport reallocation (Rørmose Jensen & Iliev 2022)
CHE,Switzerland,Europe,Waste management and disposal,climate_change,kt CO2eq,0.41091116715367304,2022,EXIOBASE v3.8.2 IOT_2022_ixi with Danish sea-transport reallocation (Rørmose Jensen & Iliev 2022)
CAN,Canada,America,Food and catering,waste_generation,kt,0.41047976850915874,2022,EXIOBASE v3.8.2 IOT_2022_ixi with Danish sea-transport reallocation (Rørmose Jensen & Iliev 2022)
FRA,France,Europe,Food and catering,waste_generation,kt,0.40898425657251924,2022,EXIOBASE v3.8.2 IOT_2022_ixi with Danish sea-transport reallocation (Rørmose Jensen & Iliev 2022)
ZAF,South Africa,Africa,Non-metallic mineral products,climate_change,kt CO2eq,0.4050513729292328,2022,EXIOBASE v3.8.2 IOT_2022_ixi with Danish sea-transport reallocation (Rørmose Jensen & Iliev 2022)
SWE,Sweden,Europe,Construction,waste_generation,kt,0.39978681699648094,2022,EXIOBASE v3.8.2 IOT_2022_ixi with Danish sea-transport reallocation (Rørmose Jensen & Iliev 2022)
BEL,Belgium,Europe,Waste management and disposal,waste_generation,kt,0.3992333654601282,2022,EXIOBASE v3.8.2 IOT_2022_ixi with Danish sea-transport reallocation (Rørmose Jensen & Iliev 2022)
GBR,United Kingdom,Europe,Construction,waste_generation,kt,0.3974292082864699,2022,EXIOBASE v3.8.2 IOT_2022_ixi with Danish sea-transport reallocation (Rørmose Jensen & Iliev 2022)
RoW Europe,RoW Europe,Europe,Electricity,material_extraction,kt,0.39628942775982945,2022,EXIOBASE v3.8.2 IOT_2022_ixi with Danish sea-transport reallocation (Rørmose Jensen & Iliev 2022)
GRC,Greece,Europe,Food and catering,blue_water_consumption,Mm3,0.3936362308930108,2022,EXIOBASE v3.8.2 IOT_2022_ixi with Danish sea-transport reallocation (Rørmose Jensen & Iliev 2022)
POL,Poland,Europe,Electricity,waste_generation,kt,0.3915403677727267,2022,EXIOBASE v3.8.2 IOT_2022_ixi with Danish sea-transport reallocation (Rørmose Jensen & Iliev 2022)
FRA,France,Europe,Minerals and Metals,climate_change,kt CO2eq,0.39003484182775766,2022,EXIOBASE v3.8.2 IOT_2022_ixi with Danish sea-transport reallocation (Rørmose Jensen & Iliev 2022)
CYP,Cyprus,Middle East,Food and catering,land_use,km2,0.38757852217819105,2022,EXIOBASE v3.8.2 IOT_2022_ixi with Danish sea-transport reallocation (Rørmose Jensen & Iliev 2022)
RoW Middle East,RoW Middle East,Middle East,Chemical,waste_generation,kt,0.38472746444572414,2022,EXIOBASE v3.8.2 IOT_2022_ixi with Danish sea-transport reallocation (Rørmose Jensen & Iliev 2022)
SWE,Sweden,Europe,Waste management and disposal,waste_generation,kt,0.38313092191419046,2022,EXIOBASE v3.8.2 IOT_2022_ixi with Danish sea-transport reallocation (Rørmose Jensen & Iliev 2022)
SVK,Slovakia,Europe,Non-metallic mineral products,climate_change,kt CO2eq,0.382586994351603,2022,EXIOBASE v3.8.2 IOT_2022_ixi with Danish sea-transport reallocation (Rørmose Jensen & Iliev 2022)
PRT,Portugal,Europe,Coal and Petroleum,waste_generation,kt,0.3762155230194349,2022,EXIOBASE v3.8.2 IOT_2022_ixi with Danish sea-transport reallocation (Rørmose Jensen & Iliev 2022)
SVK,Slovakia,Europe,Transport,climate_change,kt CO2eq,0.37565300345374686,2022,EXIOBASE v3.8.2 IOT_2022_ixi with Danish sea-transport reallocation (Rørmose Jensen & Iliev 2022)
AUT,Austria,Europe,Electricity,climate_change,kt CO2eq,0.3727212308985713,2022,EXIOBASE v3.8.2 IOT_2022_ixi with Danish sea-transport reallocation (Rørmose Jensen & Iliev 2022)
USA,United States,America,Waste management and disposal,waste_generation,kt,0.3724395766493148,2022,EXIOBASE v3.8.2 IOT_2022_ixi with Danish sea-transport reallocation (Rørmose Jensen & Iliev 2022)
CHN,China,Asia and Pacific,Metal Products,blue_water_consumption,Mm3,0.3717995297176729,2022,EXIOBASE v3.8.2 IOT_2022_ixi with Danish sea-transport reallocation (Rørmose Jensen & Iliev 2022)
AUS,Australia,Asia and Pacific,Metal Products,climate_change,kt CO2eq,0.3699061871232291,2022,EXIOBASE v3.8.2 IOT_2022_ixi with Danish sea-transport reallocation (Rørmose Jensen & Iliev 2022)
BEL,Belgium,Europe,Food and catering,waste_generation,kt,0.363445493858529,2022,EXIOBASE v3.8.2 IOT_2022_ixi with Danish sea-transport reallocation (Rørmose Jensen & Iliev 2022)
FRA,France,Europe,"Steam, hot water supply and water distribution",climate_change,kt CO2eq,0.36284296079397815,2022,EXIOBASE v3.8.2 IOT_2022_ixi with Danish sea-transport reallocation (Rørmose Jensen & Iliev 2022)
CAN,Canada,America,Natural gas and gaseous fuels,climate_change,kt CO2eq,0.36272202493239514,2022,EXIOBASE v3.8.2 IOT_2022_ixi with Danish sea-transport reallocation (Rørmose Jensen & Iliev 2022)
RoW Africa,RoW Africa,Africa,Transport,land_use,km2,0.3588471029553225,2022,EXIOBASE v3.8.2 IOT_2022_ixi with Danish sea-transport reallocation (Rørmose Jensen & Iliev 2022)
ITA,Italy,Europe,Minerals and Metals,climate_change,kt CO2eq,0.35470282650001034,2022,EXIOBASE v3.8.2 IOT_2022_ixi with Danish sea-transport reallocation (Rørmose Jensen & Iliev 2022)
IRL,Ireland,Europe,Waste management and disposal,climate_change,kt CO2eq,0.35434599924873833,2022,EXIOBASE v3.8.2 IOT_2022_ixi with Danish sea-transport reallocation (Rørmose Jensen & Iliev 2022)
BEL,Belgium,Europe,Chemical,waste_generation,kt,0.35305941151097603,2022,EXIOBASE v3.8.2 IOT_2022_ixi with Danish sea-transport reallocation (Rørmose Jensen & Iliev 2022)
TWN,Taiwan,Asia and Pacific,Food and catering,climate_change,kt CO2eq,0.34850290694565195,2022,EXIOBASE v3.8.2 IOT_2022_ixi with Danish sea-transport reallocation (Rørmose Jensen & Iliev 2022)
RoW Asia and Pacific,RoW Asia and Pacific,Asia and Pacific,Services,waste_generation,kt,0.3484669691616189,2022,EXIOBASE v3.8.2 IOT_2022_ixi with Danish sea-transport reallocation (Rørmose Jensen & Iliev 2022)
AUT,Austria,Europe,Services,climate_change,kt CO2eq,0.34816503300983875,2022,EXIOBASE v3.8.2 IOT_2022_ixi with Danish sea-transport reallocation (Rørmose Jensen & Iliev 2022)
ESP,Spain,Europe,Construction,waste_generation,kt,0.34461040754776834,2022,EXIOBASE v3.8.2 IOT_2022_ixi with Danish sea-transport reallocation (Rørmose Jensen & Iliev 2022)
RoW Asia and Pacific,RoW Asia and Pacific,Asia and Pacific,Electricity,waste_generation,kt,0.34369796762299953,2022,EXIOBASE v3.8.2 IOT_2022_ixi with Danish sea-transport reallocation (Rørmose Jensen & Iliev 2022)
RoW America,RoW America,America,Coal and Petroleum,material_extraction,kt,0.3431417742907239,2022,EXIOBASE v3.8.2 IOT_2022_ixi with Danish sea-transport reallocation (Rørmose Jensen & Iliev 2022)
ESP,Spain,Europe,Services,material_extraction,kt,0.34156992198701924,2022,EXIOBASE v3.8.2 IOT_2022_ixi with Danish sea-transport reallocation (Rørmose Jensen & Iliev 2022)
JPN,Japan,Asia and Pacific,Services,climate_change,kt CO2eq,0.34118038210745505,2022,EXIOBASE v3.8.2 IOT_2022_ixi with Danish sea-transport reallocation (Rørmose Jensen & Iliev 2022)
HUN,Hungary,Europe,Paper Products,climate_change,kt CO2eq,0.34079931818695414,2022,EXIOBASE v3.8.2 IOT_2022_ixi with Danish sea-transport reallocation (Rørmose Jensen & Iliev 2022)
RoW America,RoW America,America,Chemical,waste_generation,kt,0.33631537994475613,2022,EXIOBASE v3.8.2 IOT_2022_ixi with Danish sea-transport reallocation (Rørmose Jensen & Iliev 2022)
CAN,Canada,America,Metal Products,climate_change,kt CO2eq,0.3360312444208619,2022,EXIOBASE v3.8.2 IOT_2022_ixi with Danish sea-transport reallocation (Rørmose Jensen & Iliev 2022)
GBR,United Kingdom,Europe,Chemical,blue_water_consumption,Mm3,0.33464209454487537,2022,EXIOBASE v3.8.2 IOT_2022_ixi with Danish sea-transport reallocation (Rørmose Jensen & Iliev 2022)
SVK,Slovakia,Europe,Food and catering,climate_change,kt CO2eq,0.3321066798046637,2022,EXIOBASE v3.8.2 IOT_2022_ixi with Danish sea-transport reallocation (Rørmose Jensen & Iliev 2022)
RoW America,RoW America,America,Services,land_use,km2,0.33070341255275737,2022,EXIOBASE v3.8.2 IOT_2022_ixi with Danish sea-transport reallocation (Rørmose Jensen & Iliev 2022)
SVK,Slovakia,Europe,Waste management and disposal,climate_change,kt CO2eq,0.3306492779037251,2022,EXIOBASE v3.8.2 IOT_2022_ixi with Danish sea-transport reallocation (Rørmose Jensen & Iliev 2022)
HRV,Croatia,Europe,Coal and Petroleum,waste_generation,kt,0.3287828982463823,2022,EXIOBASE v3.8.2 IOT_2022_ixi with Danish sea-transport reallocation (Rørmose Jensen & Iliev 2022)
NLD,Netherlands,Europe,Textile,climate_change,kt CO2eq,0.32698936949410545,2022,EXIOBASE v3.8.2 IOT_2022_ixi with Danish sea-transport reallocation (Rørmose Jensen & Iliev 2022)
NOR,Norway,Europe,"Steam, hot water supply and water distribution",climate_change,kt CO2eq,0.3247131899446234,2022,EXIOBASE v3.8.2 IOT_2022_ixi with Danish sea-transport reallocation (Rørmose Jensen & Iliev 2022)
KOR,South Korea,Asia and Pacific,Natural gas and gaseous fuels,climate_change,kt CO2eq,0.3234700222809449,2022,EXIOBASE v3.8.2 IOT_2022_ixi with Danish sea-transport reallocation (Rørmose Jensen & Iliev 2022)
RoW Africa,RoW Africa,Africa,Electricity,land_use,km2,0.32180564244980864,2022,EXIOBASE v3.8.2 IOT_2022_ixi with Danish sea-transport reallocation (Rørmose Jensen & Iliev 2022)
HUN,Hungary,Europe,Non-metallic mineral products,climate_change,kt CO2eq,0.3217038341779861,2022,EXIOBASE v3.8.2 IOT_2022_ixi with Danish sea-transport reallocation (Rørmose Jensen & Iliev 2022)
ESP,Spain,Europe,Construction,material_extraction,kt,0.3207420280243412,2022,EXIOBASE v3.8.2 IOT_2022_ixi with Danish sea-transport reallocation (Rørmose Jensen & Iliev 2022)
TUR,Turkey,Middle East,Metal Products,climate_change,kt CO2eq,0.31971935492292464,2022,EXIOBASE v3.8.2 IOT_2022_ixi with Danish sea-transport reallocation (Rørmose Jensen & Iliev 2022)
RUS,Russia,Europe,Transport,land_use,km2,0.3166977388531305,2022,EXIOBASE v3.8.2 IOT_2022_ixi with Danish sea-transport reallocation (Rørmose Jensen & Iliev 2022)
SVK,Slovakia,Europe,Services,land_use,km2,0.3163950879388106,2022,EXIOBASE v3.8.2 IOT_2022_ixi with Danish sea-transport reallocation (Rørmose Jensen & Iliev 2022)
POL,Poland,Europe,Paper Products,waste_generation,kt,0.31537457592282386,2022,EXIOBASE v3.8.2 IOT_2022_ixi with Danish sea-transport reallocation (Rørmose Jensen & Iliev 2022)
RoW Europe,RoW Europe,Europe,Construction,material_extraction,kt,0.3144095537426605,2022,EXIOBASE v3.8.2 IOT_2022_ixi with Danish sea-transport reallocation (Rørmose Jensen & Iliev 2022)
NOR,Norway,Europe,Non-metallic mineral products,climate_change,kt CO2eq,0.31397813535757246,2022,EXIOBASE v3.8.2 IOT_2022_ixi with Danish sea-transport reallocation (Rørmose Jensen & Iliev 2022)
RoW Europe,RoW Europe,Europe,Metal Products,material_extraction,kt,0.3135024441118103,2022,EXIOBASE v3.8.2 IOT_2022_ixi with Danish sea-transport reallocation (Rørmose Jensen & Iliev 2022)
RoW Africa,RoW Africa,Africa,Metal Products,climate_change,kt CO2eq,0.3106964477127378,2022,EXIOBASE v3.8.2 IOT_2022_ixi with Danish sea-transport reallocation (Rørmose Jensen & Iliev 2022)
RoW Asia and Pacific,RoW Asia and Pacific,Asia and Pacific,Waste management and disposal,land_use,km2,0.3094631505829747,2022,EXIOBASE v3.8.2 IOT_2022_ixi with Danish sea-transport reallocation (Rørmose Jensen & Iliev 2022)
BRA,Brazil,America,Services,climate_change,kt CO2eq,0.30835984078004325,2022,EXIOBASE v3.8.2 IOT_2022_ixi with Danish sea-transport reallocation (Rørmose Jensen & Iliev 2022)
BRA,Brazil,America,Non-metallic mineral products,climate_change,kt CO2eq,0.3081979551038825,2022,EXIOBASE v3.8.2 IOT_2022_ixi with Danish sea-transport reallocation (Rørmose Jensen & Iliev 2022)
NLD,Netherlands,Europe,Waste management and disposal,waste_generation,kt,0.3074473188850542,2022,EXIOBASE v3.8.2 IOT_2022_ixi with Danish sea-transport reallocation (Rørmose Jensen & Iliev 2022)
KOR,South Korea,Asia and Pacific,Services,climate_change,kt CO2eq,0.30630736390746116,2022,EXIOBASE v3.8.2 IOT_2022_ixi with Danish sea-transport reallocation (Rørmose Jensen & Iliev 2022)
GBR,United Kingdom,Europe,Paper Products,climate_change,kt CO2eq,0.30609058643496756,2022,EXIOBASE v3.8.2 IOT_2022_ixi with Danish sea-transport reallocation (Rørmose Jensen & Iliev 2022)
TWN,Taiwan,Asia and Pacific,Non-metallic mineral products,climate_change,kt CO2eq,0.3012604714157118,2022,EXIOBASE v3.8.2 IOT_2022_ixi with Danish sea-transport reallocation (Rørmose Jensen & Iliev 2022)
RoW Africa,RoW Africa,Africa,Services,land_use,km2,0.2982358062551315,2022,EXIOBASE v3.8.2 IOT_2022_ixi with Danish sea-transport reallocation (Rørmose Jensen & Iliev 2022)
USA,United States,America,Transport Equipment,climate_change,kt CO2eq,0.2901121493894534,2022,EXIOBASE v3.8.2 IOT_2022_ixi with Danish sea-transport reallocation (Rørmose Jensen & Iliev 2022)
BGR,Bulgaria,Europe,Non-metallic mineral products,climate_change,kt CO2eq,0.2899418045839745,2022,EXIOBASE v3.8.2 IOT_2022_ixi with Danish sea-transport reallocation (Rørmose Jensen & Iliev 2022)
NOR,Norway,Europe,Coal and Petroleum,material_extraction,kt,0.2893144185493028,2022,EXIOBASE v3.8.2 IOT_2022_ixi with Danish sea-transport reallocation (Rørmose Jensen & Iliev 2022)
FRA,France,Europe,Food and catering,blue_water_consumption,Mm3,0.2891763286349916,2022,EXIOBASE v3.8.2 IOT_2022_ixi with Danish sea-transport reallocation (Rørmose Jensen & Iliev 2022)
SVK,Slovakia,Europe,Metal Products,material_extraction,kt,0.28878418185666616,2022,EXIOBASE v3.8.2 IOT_2022_ixi with Danish sea-transport reallocation (Rørmose Jensen & Iliev 2022)
IRL,Ireland,Europe,Chemical,climate_change,kt CO2eq,0.28836177591195394,2022,EXIOBASE v3.8.2 IOT_2022_ixi with Danish sea-transport reallocation (Rørmose Jensen & Iliev 2022)
ROU,Romania,Europe,Natural gas and gaseous fuels,climate_change,kt CO2eq,0.2851565845267671,2022,EXIOBASE v3.8.2 IOT_2022_ixi with Danish sea-transport reallocation (Rørmose Jensen & Iliev 2022)
AUS,Australia,Asia and Pacific,Textile,climate_change,kt CO2eq,0.2848409613615942,2022,EXIOBASE v3.8.2 IOT_2022_ixi with Danish sea-transport reallocation (Rørmose Jensen & Iliev 2022)
FRA,France,Europe,Paper Products,climate_change,kt CO2eq,0.28416405672611517,2022,EXIOBASE v3.8.2 IOT_2022_ixi with Danish sea-transport reallocation (Rørmose Jensen & Iliev 2022)
MEX,Mexico,America,Food and catering,blue_water_consumption,Mm3,0.27689289795650834,2022,EXIOBASE v3.8.2 IOT_2022_ixi with Danish sea-transport reallocation (Rørmose Jensen & Iliev 2022)
SVK,Slovakia,Europe,Services,climate_change,kt CO2eq,0.2765271855806082,2022,EXIOBASE v3.8.2 IOT_2022_ixi with Danish sea-transport reallocation (Rørmose Jensen & Iliev 2022)
NOR,Norway,Europe,Minerals and Metals,climate_change,kt CO2eq,0.2759073770902306,2022,EXIOBASE v3.8.2 IOT_2022_ixi with Danish sea-transport reallocation (Rørmose Jensen & Iliev 2022)
RoW America,RoW America,America,Metal Products,material_extraction,kt,0.27463928990276887,2022,EXIOBASE v3.8.2 IOT_2022_ixi with Danish sea-transport reallocation (Rørmose Jensen & Iliev 2022)
IDN,Indonesia,Asia and Pacific,Metal Products,climate_change,kt CO2eq,0.27277484102008887,2022,EXIOBASE v3.8.2 IOT_2022_ixi with Danish sea-transport reallocation (Rørmose Jensen & Iliev 2022)
AUT,Austria,Europe,Non-metallic mineral products,material_extraction,kt,0.2726661183387337,2022,EXIOBASE v3.8.2 IOT_2022_ixi with Danish sea-transport reallocation (Rørmose Jensen & Iliev 2022)
IDN,Indonesia,Asia and Pacific,Non-metallic mineral products,climate_change,kt CO2eq,0.2724727786427475,2022,EXIOBASE v3.8.2 IOT_2022_ixi with Danish sea-transport reallocation (Rørmose Jensen & Iliev 2022)
AUT,Austria,Europe,Minerals and Metals,climate_change,kt CO2eq,0.2705109105889647,2022,EXIOBASE v3.8.2 IOT_2022_ixi with Danish sea-transport reallocation (Rørmose Jensen & Iliev 2022)
AUT,Austria,Europe,Chemical,waste_generation,kt,0.2705098721071827,2022,EXIOBASE v3.8.2 IOT_2022_ixi with Danish sea-transport reallocation (Rørmose Jensen & Iliev 2022)
DNK,Denmark,Denmark,"Electrical, electronic and measuring equipment",waste_generation,kt,0.2699380874642189,2022,EXIOBASE v3.8.2 IOT_2022_ixi with Danish sea-transport reallocation (Rørmose Jensen & Iliev 2022)
BEL,Belgium,Europe,"Electrical, electronic and measuring equipment",climate_change,kt CO2eq,0.2696097513052419,2022,EXIOBASE v3.8.2 IOT_2022_ixi with Danish sea-transport reallocation (Rørmose Jensen & Iliev 2022)
ZAF,South Africa,Africa,Services,climate_change,kt CO2eq,0.2687490193079065,2022,EXIOBASE v3.8.2 IOT_2022_ixi with Danish sea-transport reallocation (Rørmose Jensen & Iliev 2022)
BRA,Brazil,America,Natural gas and gaseous fuels,climate_change,kt CO2eq,0.267797302617794,2022,EXIOBASE v3.8.2 IOT_2022_ixi with Danish sea-transport reallocation (Rørmose Jensen & Iliev 2022)
DNK,Denmark,Denmark,Natural gas and gaseous fuels,climate_change,kt CO2eq,0.2663227222856265,2022,EXIOBASE v3.8.2 IOT_2022_ixi with Danish sea-transport reallocation (Rørmose Jensen & Iliev 2022)
GBR,United Kingdom,Europe,Furniture and timber,climate_change,kt CO2eq,0.26622253365424414,2022,EXIOBASE v3.8.2 IOT_2022_ixi with Danish sea-transport reallocation (Rørmose Jensen & Iliev 2022)
RoW America,RoW America,America,Metal Products,climate_change,kt CO2eq,0.26479491504493,2022,EXIOBASE v3.8.2 IOT_2022_ixi with Danish sea-transport reallocation (Rørmose Jensen & Iliev 2022)
AUS,Australia,Asia and Pacific,Minerals and Metals,climate_change,kt CO2eq,0.2636782723597535,2022,EXIOBASE v3.8.2 IOT_2022_ixi with Danish sea-transport reallocation (Rørmose Jensen & Iliev 2022)
NLD,Netherlands,Europe,Construction,climate_change,kt CO2eq,0.26253525249983134,2022,EXIOBASE v3.8.2 IOT_2022_ixi with Danish sea-transport reallocation (Rørmose Jensen & Iliev 2022)
RUS,Russia,Europe,Metal Products,material_extraction,kt,0.2621550678633911,2022,EXIOBASE v3.8.2 IOT_2022_ixi with Danish sea-transport reallocation (Rørmose Jensen & Iliev 2022)
FRA,France,Europe,Non-metallic mineral products,climate_change,kt CO2eq,0.26020160183745905,2022,EXIOBASE v3.8.2 IOT_2022_ixi with Danish sea-transport reallocation (Rørmose Jensen & Iliev 2022)
RoW America,RoW America,America,Textile,land_use,km2,0.25933067563225437,2022,EXIOBASE v3.8.2 IOT_2022_ixi with Danish sea-transport reallocation (Rørmose Jensen & Iliev 2022)
IRL,Ireland,Europe,Food and catering,waste_generation,kt,0.25925989954006873,2022,EXIOBASE v3.8.2 IOT_2022_ixi with Danish sea-transport reallocation (Rørmose Jensen & Iliev 2022)
KOR,South Korea,Asia and Pacific,Waste management and disposal,climate_change,kt CO2eq,0.2587238429021168,2022,EXIOBASE v3.8.2 IOT_2022_ixi with Danish sea-transport reallocation (Rørmose Jensen & Iliev 2022)
LVA,Latvia,Europe,Services,climate_change,kt CO2eq,0.25708843144420185,2022,EXIOBASE v3.8.2 IOT_2022_ixi with Danish sea-transport reallocation (Rørmose Jensen & Iliev 2022)
BEL,Belgium,Europe,Waste management and disposal,material_extraction,kt,0.2557921151186925,2022,EXIOBASE v3.8.2 IOT_2022_ixi with Danish sea-transport reallocation (Rørmose Jensen & Iliev 2022)
DNK,Denmark,Denmark,Coal and Petroleum,material_extraction,kt,0.2556199804707561,2022,EXIOBASE v3.8.2 IOT_2022_ixi with Danish sea-transport reallocation (Rørmose Jensen & Iliev 2022)
MEX,Mexico,America,Non-metallic mineral products,climate_change,kt CO2eq,0.25153628715323806,2022,EXIOBASE v3.8.2 IOT_2022_ixi with Danish sea-transport reallocation (Rørmose Jensen & Iliev 2022)
IND,India,Asia and Pacific,Paper Products,climate_change,kt CO2eq,0.25041022067564583,2022,EXIOBASE v3.8.2 IOT_2022_ixi with Danish sea-transport reallocation (Rørmose Jensen & Iliev 2022)
RoW Middle East,RoW Middle East,Middle East,Transport,material_extraction,kt,0.2500842508804775,2022,EXIOBASE v3.8.2 IOT_2022_ixi with Danish sea-transport reallocation (Rørmose Jensen & Iliev 2022)
FIN,Finland,Europe,Metal Products,climate_change,kt CO2eq,0.24946674011774356,2022,EXIOBASE v3.8.2 IOT_2022_ixi with Danish sea-transport reallocation (Rørmose Jensen & Iliev 2022)
ESP,Spain,Europe,Paper Products,climate_change,kt CO2eq,0.24810074865690823,2022,EXIOBASE v3.8.2 IOT_2022_ixi with Danish sea-transport reallocation (Rørmose Jensen & Iliev 2022)
DNK,Denmark,Denmark,General and special Machinery,climate_change,kt CO2eq,0.24785768648073597,2022,EXIOBASE v3.8.2 IOT_2022_ixi with Danish sea-transport reallocation (Rørmose Jensen & Iliev 2022)
CAN,Canada,America,Furniture and timber,land_use,km2,0.2473660512884333,2022,EXIOBASE v3.8.2 IOT_2022_ixi with Danish sea-transport reallocation (Rørmose Jensen & Iliev 2022)
SVN,Slovenia,Europe,"Electrical, electronic and measuring equipment",climate_change,kt CO2eq,0.2468222522075551,2022,EXIOBASE v3.8.2 IOT_2022_ixi with Danish sea-transport reallocation (Rørmose Jensen & Iliev 2022)
USA,United States,America,"Electrical, electronic and measuring equipment",climate_change,kt CO2eq,0.24083517341526522,2022,EXIOBASE v3.8.2 IOT_2022_ixi with Danish sea-transport reallocation (Rørmose Jensen & Iliev 2022)
RUS,Russia,Europe,Food and catering,waste_generation,kt,0.24041707283849265,2022,EXIOBASE v3.8.2 IOT_2022_ixi with Danish sea-transport reallocation (Rørmose Jensen & Iliev 2022)
ITA,Italy,Europe,Chemical,waste_generation,kt,0.23953508410101354,2022,EXIOBASE v3.8.2 IOT_2022_ixi with Danish sea-transport reallocation (Rørmose Jensen & Iliev 2022)
NLD,Netherlands,Europe,Coal and Petroleum,material_extraction,kt,0.23949025853966122,2022,EXIOBASE v3.8.2 IOT_2022_ixi with Danish sea-transport reallocation (Rørmose Jensen & Iliev 2022)
POL,Poland,Europe,Food and catering,blue_water_consumption,Mm3,0.23892753356399654,2022,EXIOBASE v3.8.2 IOT_2022_ixi with Danish sea-transport reallocation (Rørmose Jensen & Iliev 2022)
POL,Poland,Europe,General and special Machinery,material_extraction,kt,0.2386525140753021,2022,EXIOBASE v3.8.2 IOT_2022_ixi with Danish sea-transport reallocation (Rørmose Jensen & Iliev 2022)
HUN,Hungary,Europe,Waste management and disposal,material_extraction,kt,0.23863444574492357,2022,EXIOBASE v3.8.2 IOT_2022_ixi with Danish sea-transport reallocation (Rørmose Jensen & Iliev 2022)
RoW Asia and Pacific,RoW Asia and Pacific,Asia and Pacific,Coal and Petroleum,material_extraction,kt,0.238403947582585,2022,EXIOBASE v3.8.2 IOT_2022_ixi with Danish sea-transport reallocation (Rørmose Jensen & Iliev 2022)
LVA,Latvia,Europe,Furniture and timber,land_use,km2,0.23812755353498447,2022,EXIOBASE v3.8.2 IOT_2022_ixi with Danish sea-transport reallocation (Rørmose Jensen & Iliev 2022)
AUT,Austria,Europe,"Steam, hot water supply and water distribution",climate_change,kt CO2eq,0.2372115236568064,2022,EXIOBASE v3.8.2 IOT_2022_ixi with Danish sea-transport reallocation (Rørmose Jensen & Iliev 2022)
CAN,Canada,America,Chemical,waste_generation,kt,0.2368386877023592,2022,EXIOBASE v3.8.2 IOT_2022_ixi with Danish sea-transport reallocation (Rørmose Jensen & Iliev 2022)
NLD,Netherlands,Europe,Waste management and disposal,material_extraction,kt,0.23630559842047075,2022,EXIOBASE v3.8.2 IOT_2022_ixi with Danish sea-transport reallocation (Rørmose Jensen & Iliev 2022)
DEU,Germany,Europe,General and special Machinery,climate_change,kt CO2eq,0.2345024971608393,2022,EXIOBASE v3.8.2 IOT_2022_ixi with Danish sea-transport reallocation (Rørmose Jensen & Iliev 2022)
RoW America,RoW America,America,Transport,land_use,km2,0.23417044470234552,2022,EXIOBASE v3.8.2 IOT_2022_ixi with Danish sea-transport reallocation (Rørmose Jensen & Iliev 2022)
ITA,Italy,Europe,Metal Products,waste_generation,kt,0.23389583430759783,2022,EXIOBASE v3.8.2 IOT_2022_ixi with Danish sea-transport reallocation (Rørmose Jensen & Iliev 2022)
POL,Poland,Europe,Food and catering,material_extraction,kt,0.23312328568155094,2022,EXIOBASE v3.8.2 IOT_2022_ixi with Danish sea-transport reallocation (Rørmose Jensen & Iliev 2022)
NOR,Norway,Europe,Waste management and disposal,waste_generation,kt,0.23133754651236396,2022,EXIOBASE v3.8.2 IOT_2022_ixi with Danish sea-transport reallocation (Rørmose Jensen & Iliev 2022)
EST,Estonia,Europe,Chemical,climate_change,kt CO2eq,0.23040026779619485,2022,EXIOBASE v3.8.2 IOT_2022_ixi with Danish sea-transport reallocation (Rørmose Jensen & Iliev 2022)
CZE,Czech Republic,Europe,Food and catering,material_extraction,kt,0.229576917697471,2022,EXIOBASE v3.8.2 IOT_2022_ixi with Danish sea-transport reallocation (Rørmose Jensen & Iliev 2022)
RoW Africa,RoW Africa,Africa,Construction,climate_change,kt CO2eq,0.2284737018038474,2022,EXIOBASE v3.8.2 IOT_2022_ixi with Danish sea-transport reallocation (Rørmose Jensen & Iliev 2022)
ESP,Spain,Europe,Transport,land_use,km2,0.22715099671101646,2022,EXIOBASE v3.8.2 IOT_2022_ixi with Danish sea-transport reallocation (Rørmose Jensen & Iliev 2022)
GBR,United Kingdom,Europe,Waste management and disposal,waste_generation,kt,0.22688495717515428,2022,EXIOBASE v3.8.2 IOT_2022_ixi with Danish sea-transport reallocation (Rørmose Jensen & Iliev 2022)
FRA,France,Europe,Electricity,waste_generation,kt,0.2247199874851926,2022,EXIOBASE v3.8.2 IOT_2022_ixi with Danish sea-transport reallocation (Rørmose Jensen & Iliev 2022)
RoW Africa,RoW Africa,Africa,Textile,climate_change,kt CO2eq,0.222997276713204,2022,EXIOBASE v3.8.2 IOT_2022_ixi with Danish sea-transport reallocation (Rørmose Jensen & Iliev 2022)
IND,India,Asia and Pacific,"Electrical, electronic and measuring equipment",climate_change,kt CO2eq,0.22298304718364842,2022,EXIOBASE v3.8.2 IOT_2022_ixi with Danish sea-transport reallocation (Rørmose Jensen & Iliev 2022)
SVK,Slovakia,Europe,Furniture and timber,land_use,km2,0.22272427094770414,2022,EXIOBASE v3.8.2 IOT_2022_ixi with Danish sea-transport reallocation (Rørmose Jensen & Iliev 2022)
MEX,Mexico,America,Chemical,material_extraction,kt,0.22259788910905118,2022,EXIOBASE v3.8.2 IOT_2022_ixi with Danish sea-transport reallocation (Rørmose Jensen & Iliev 2022)
RoW America,RoW America,America,Electricity,material_extraction,kt,0.2215688453692766,2022,EXIOBASE v3.8.2 IOT_2022_ixi with Danish sea-transport reallocation (Rørmose Jensen & Iliev 2022)
ESP,Spain,Europe,Services,land_use,km2,0.22153870088934904,2022,EXIOBASE v3.8.2 IOT_2022_ixi with Danish sea-transport reallocation (Rørmose Jensen & Iliev 2022)
ROU,Romania,Europe,Metal Products,climate_change,kt CO2eq,0.221432363076294,2022,EXIOBASE v3.8.2 IOT_2022_ixi with Danish sea-transport reallocation (Rørmose Jensen & Iliev 2022)
DNK,Denmark,Denmark,Non-metallic mineral products,waste_generation,kt,0.22113051634749759,2022,EXIOBASE v3.8.2 IOT_2022_ixi with Danish sea-transport reallocation (Rørmose Jensen & Iliev 2022)
RUS,Russia,Europe,"Electrical, electronic and measuring equipment",climate_change,kt CO2eq,0.21946801619585193,2022,EXIOBASE v3.8.2 IOT_2022_ixi with Danish sea-transport reallocation (Rørmose Jensen & Iliev 2022)
AUS,Australia,Asia and Pacific,Non-metallic mineral products,climate_change,kt CO2eq,0.21932041894972956,2022,EXIOBASE v3.8.2 IOT_2022_ixi with Danish sea-transport reallocation (Rørmose Jensen & Iliev 2022)
BEL,Belgium,Europe,Construction,waste_generation,kt,0.21863847113673257,2022,EXIOBASE v3.8.2 IOT_2022_ixi with Danish sea-transport reallocation (Rørmose Jensen & Iliev 2022)
IRL,Ireland,Europe,Metal Products,climate_change,kt CO2eq,0.21759439288346635,2022,EXIOBASE v3.8.2 IOT_2022_ixi with Danish sea-transport reallocation (Rørmose Jensen & Iliev 2022)
SVK,Slovakia,Europe,Natural gas and gaseous fuels,climate_change,kt CO2eq,0.2137887277633739,2022,EXIOBASE v3.8.2 IOT_2022_ixi with Danish sea-transport reallocation (Rørmose Jensen & Iliev 2022)
IRL,Ireland,Europe,Chemical,blue_water_consumption,Mm3,0.21358808274005883,2022,EXIOBASE v3.8.2 IOT_2022_ixi with Danish sea-transport reallocation (Rørmose Jensen & Iliev 2022)
AUT,Austria,Europe,Food and catering,waste_generation,kt,0.21326222266701494,2022,EXIOBASE v3.8.2 IOT_2022_ixi with Danish sea-transport reallocation (Rørmose Jensen & Iliev 2022)
TWN,Taiwan,Asia and Pacific,Waste management and disposal,climate_change,kt CO2eq,0.2131046046716947,2022,EXIOBASE v3.8.2 IOT_2022_ixi with Danish sea-transport reallocation (Rørmose Jensen & Iliev 2022)
BEL,Belgium,Europe,Minerals and Metals,climate_change,kt CO2eq,0.21224473199544713,2022,EXIOBASE v3.8.2 IOT_2022_ixi with Danish sea-transport reallocation (Rørmose Jensen & Iliev 2022)
DNK,Denmark,Denmark,Construction,waste_generation,kt,0.2060527800081133,2022,EXIOBASE v3.8.2 IOT_2022_ixi with Danish sea-transport reallocation (Rørmose Jensen & Iliev 2022)
LTU,Lithuania,Europe,Non-metallic mineral products,climate_change,kt CO2eq,0.203415675877987,2022,EXIOBASE v3.8.2 IOT_2022_ixi with Danish sea-transport reallocation (Rørmose Jensen & Iliev 2022)
ESP,Spain,Europe,Paper Products,waste_generation,kt,0.20318502655190554,2022,EXIOBASE v3.8.2 IOT_2022_ixi with Danish sea-transport reallocation (Rørmose Jensen & Iliev 2022)
AUT,Austria,Europe,Paper Products,climate_change,kt CO2eq,0.20209500740054642,2022,EXIOBASE v3.8.2 IOT_2022_ixi with Danish sea-transport reallocation (Rørmose Jensen & Iliev 2022)
TWN,Taiwan,Asia and Pacific,Minerals and Metals,climate_change,kt CO2eq,0.20200766117744057,2022,EXIOBASE v3.8.2 IOT_2022_ixi with Danish sea-transport reallocation (Rørmose Jensen & Iliev 2022)
CHE,Switzerland,Europe,Non-metallic mineral products,climate_change,kt CO2eq,0.20180045307614844,2022,EXIOBASE v3.8.2 IOT_2022_ixi with Danish sea-transport reallocation (Rørmose Jensen & Iliev 2022)
AUS,Australia,Asia and Pacific,Electricity,waste_generation,kt,0.20177017584969784,2022,EXIOBASE v3.8.2 IOT_2022_ixi with Danish sea-transport reallocation (Rørmose Jensen & Iliev 2022)
SVK,Slovakia,Europe,Services,material_extraction,kt,0.2011454105211941,2022,EXIOBASE v3.8.2 IOT_2022_ixi with Danish sea-transport reallocation (Rørmose Jensen & Iliev 2022)
RUS,Russia,Europe,Metal Products,waste_generation,kt,0.19853273658605555,2022,EXIOBASE v3.8.2 IOT_2022_ixi with Danish sea-transport reallocation (Rørmose Jensen & Iliev 2022)
USA,United States,America,Chemical,blue_water_consumption,Mm3,0.19730689096760076,2022,EXIOBASE v3.8.2 IOT_2022_ixi with Danish sea-transport reallocation (Rørmose Jensen & Iliev 2022)
TWN,Taiwan,Asia and Pacific,Metal Products,climate_change,kt CO2eq,0.19729685630534147,2022,EXIOBASE v3.8.2 IOT_2022_ixi with Danish sea-transport reallocation (Rørmose Jensen & Iliev 2022)
IDN,Indonesia,Asia and Pacific,Food and catering,waste_generation,kt,0.19700845217205692,2022,EXIOBASE v3.8.2 IOT_2022_ixi with Danish sea-transport reallocation (Rørmose Jensen & Iliev 2022)
KOR,South Korea,Asia and Pacific,Food and catering,waste_generation,kt,0.19470856484035315,2022,EXIOBASE v3.8.2 IOT_2022_ixi with Danish sea-transport reallocation (Rørmose Jensen & Iliev 2022)
CZE,Czech Republic,Europe,Construction,material_extraction,kt,0.19467925131763245,2022,EXIOBASE v3.8.2 IOT_2022_ixi with Danish sea-transport reallocation (Rørmose Jensen & Iliev 2022)
RoW Africa,RoW Africa,Africa,Construction,waste_generation,kt,0.1946345272413951,2022,EXIOBASE v3.8.2 IOT_2022_ixi with Danish sea-transport reallocation (Rørmose Jensen & Iliev 2022)
CAN,Canada,America,Non-metallic mineral products,climate_change,kt CO2eq,0.19441805474897977,2022,EXIOBASE v3.8.2 IOT_2022_ixi with Danish sea-transport reallocation (Rørmose Jensen & Iliev 2022)
AUT,Austria,Europe,Non-metallic mineral products,climate_change,kt CO2eq,0.19425264392574418,2022,EXIOBASE v3.8.2 IOT_2022_ixi with Danish sea-transport reallocation (Rørmose Jensen & Iliev 2022)
FIN,Finland,Europe,Chemical,waste_generation,kt,0.19387925333916145,2022,EXIOBASE v3.8.2 IOT_2022_ixi with Danish sea-transport reallocation (Rørmose Jensen & Iliev 2022)
RoW Asia and Pacific,RoW Asia and Pacific,Asia and Pacific,Transport,waste_generation,kt,0.1938214732794698,2022,EXIOBASE v3.8.2 IOT_2022_ixi with Danish sea-transport reallocation (Rørmose Jensen & Iliev 2022)
GLO,Unallocated,Unallocated,Private travel,blue_water_consumption,Mm3,0.19237580184708641,2022,EXIOBASE v3.8.2 IOT_2022_ixi with Danish sea-transport reallocation (Rørmose Jensen & Iliev 2022)
EST,Estonia,Europe,Non-metallic mineral products,material_extraction,kt,0.19230967147471312,2022,EXIOBASE v3.8.2 IOT_2022_ixi with Danish sea-transport reallocation (Rørmose Jensen & Iliev 2022)
ZAF,South Africa,Africa,Coal and Petroleum,waste_generation,kt,0.19207242182139517,2022,EXIOBASE v3.8.2 IOT_2022_ixi with Danish sea-transport reallocation (Rørmose Jensen & Iliev 2022)
RoW Asia and Pacific,RoW Asia and Pacific,Asia and Pacific,General and special Machinery,climate_change,kt CO2eq,0.19170674414355493,2022,EXIOBASE v3.8.2 IOT_2022_ixi with Danish sea-transport reallocation (Rørmose Jensen & Iliev 2022)
NLD,Netherlands,Europe,Paper Products,climate_change,kt CO2eq,0.19166759880296763,2022,EXIOBASE v3.8.2 IOT_2022_ixi with Danish sea-transport reallocation (Rørmose Jensen & Iliev 2022)
CHN,China,Asia and Pacific,Transport Equipment,climate_change,kt CO2eq,0.19084635384066456,2022,EXIOBASE v3.8.2 IOT_2022_ixi with Danish sea-transport reallocation (Rørmose Jensen & Iliev 2022)
IDN,Indonesia,Asia and Pacific,Paper Products,climate_change,kt CO2eq,0.1904064954029921,2022,EXIOBASE v3.8.2 IOT_2022_ixi with Danish sea-transport reallocation (Rørmose Jensen & Iliev 2022)
TWN,Taiwan,Asia and Pacific,"Electrical, electronic and measuring equipment",climate_change,kt CO2eq,0.19033045309397553,2022,EXIOBASE v3.8.2 IOT_2022_ixi with Danish sea-transport reallocation (Rørmose Jensen & Iliev 2022)
MEX,Mexico,America,Waste management and disposal,climate_change,kt CO2eq,0.19005759285487692,2022,EXIOBASE v3.8.2 IOT_2022_ixi with Danish sea-transport reallocation (Rørmose Jensen & Iliev 2022)
AUS,Australia,Asia and Pacific,Textile,land_use,km2,0.1895086184957456,2022,EXIOBASE v3.8.2 IOT_2022_ixi with Danish sea-transport reallocation (Rørmose Jensen & Iliev 2022)
CHE,Switzerland,Europe,Minerals and Metals,climate_change,kt CO2eq,0.1884737509881848,2022,EXIOBASE v3.8.2 IOT_2022_ixi with Danish sea-transport reallocation (Rørmose Jensen & Iliev 2022)
ESP,Spain,Europe,Minerals and Metals,climate_change,kt CO2eq,0.18736907092578794,2022,EXIOBASE v3.8.2 IOT_2022_ixi with Danish sea-transport reallocation (Rørmose Jensen & Iliev 2022)
FRA,France,Europe,Paper Products,waste_generation,kt,0.18736657626069395,2022,EXIOBASE v3.8.2 IOT_2022_ixi with Danish sea-transport reallocation (Rørmose Jensen & Iliev 2022)
FIN,Finland,Europe,"Electrical, electronic and measuring equipment",climate_change,kt CO2eq,0.18680777567964152,2022,EXIOBASE v3.8.2 IOT_2022_ixi with Danish sea-transport reallocation (Rørmose Jensen & Iliev 2022)
POL,Poland,Europe,Services,land_use,km2,0.18497042380044168,2022,EXIOBASE v3.8.2 IOT_2022_ixi with Danish sea-transport reallocation (Rørmose Jensen & Iliev 2022)
POL,Poland,Europe,Metal Products,waste_generation,kt,0.18394882218536868,2022,EXIOBASE v3.8.2 IOT_2022_ixi with Danish sea-transport reallocation (Rørmose Jensen & Iliev 2022)
LVA,Latvia,Europe,"Steam, hot water supply and water distribution",climate_change,kt CO2eq,0.18371335229134514,2022,EXIOBASE v3.8.2 IOT_2022_ixi with Danish sea-transport reallocation (Rørmose Jensen & Iliev 2022)
DEU,Germany,Europe,Food and catering,material_extraction,kt,0.18269888030689346,2022,EXIOBASE v3.8.2 IOT_2022_ixi with Danish sea-transport reallocation (Rørmose Jensen & Iliev 2022)
KOR,South Korea,Asia and Pacific,Non-metallic mineral products,climate_change,kt CO2eq,0.18237923403289605,2022,EXIOBASE v3.8.2 IOT_2022_ixi with Danish sea-transport reallocation (Rørmose Jensen & Iliev 2022)
RoW Asia and Pacific,RoW Asia and Pacific,Asia and Pacific,Transport Equipment,climate_change,kt CO2eq,0.1814968427771447,2022,EXIOBASE v3.8.2 IOT_2022_ixi with Danish sea-transport reallocation (Rørmose Jensen & Iliev 2022)
CHN,China,Asia and Pacific,Non-metallic mineral products,waste_generation,kt,0.18016577246218324,2022,EXIOBASE v3.8.2 IOT_2022_ixi with Danish sea-transport reallocation (Rørmose Jensen & Iliev 2022)
RUS,Russia,Europe,Furniture and timber,land_use,km2,0.18000796789516496,2022,EXIOBASE v3.8.2 IOT_2022_ixi with Danish sea-transport reallocation (Rørmose Jensen & Iliev 2022)
USA,United States,America,Non-metallic mineral products,material_extraction,kt,0.17993359607013767,2022,EXIOBASE v3.8.2 IOT_2022_ixi with Danish sea-transport reallocation (Rørmose Jensen & Iliev 2022)
AUS,Australia,Asia and Pacific,Services,climate_change,kt CO2eq,0.17959226762090524,2022,EXIOBASE v3.8.2 IOT_2022_ixi with Danish sea-transport reallocation (Rørmose Jensen & Iliev 2022)
LTU,Lithuania,Europe,Services,climate_change,kt CO2eq,0.17761062236442024,2022,EXIOBASE v3.8.2 IOT_2022_ixi with Danish sea-transport reallocation (Rørmose Jensen & Iliev 2022)
RoW Europe,RoW Europe,Europe,"Electrical, electronic and measuring equipment",material_extraction,kt,0.1773035515328353,2022,EXIOBASE v3.8.2 IOT_2022_ixi with Danish sea-transport reallocation (Rørmose Jensen & Iliev 2022)
LVA,Latvia,Europe,Waste management and disposal,climate_change,kt CO2eq,0.17687526976934753,2022,EXIOBASE v3.8.2 IOT_2022_ixi with Danish sea-transport reallocation (Rørmose Jensen & Iliev 2022)
LUX,Luxembourg,Europe,Minerals and Metals,material_extraction,kt,0.176589635502988,2022,EXIOBASE v3.8.2 IOT_2022_ixi with Danish sea-transport reallocation (Rørmose Jensen & Iliev 2022)
RoW America,RoW America,America,Waste management and disposal,land_use,km2,0.17655715034993336,2022,EXIOBASE v3.8.2 IOT_2022_ixi with Danish sea-transport reallocation (Rørmose Jensen & Iliev 2022)
GBR,United Kingdom,Europe,Textile,climate_change,kt CO2eq,0.1765098564408168,2022,EXIOBASE v3.8.2 IOT_2022_ixi with Danish sea-transport reallocation (Rørmose Jensen & Iliev 2022)
ZAF,South Africa,Africa,Food and catering,waste_generation,kt,0.1758829502045686,2022,EXIOBASE v3.8.2 IOT_2022_ixi with Danish sea-transport reallocation (Rørmose Jensen & Iliev 2022)
RoW America,RoW America,America,Waste management and disposal,material_extraction,kt,0.1755972211488278,2022,EXIOBASE v3.8.2 IOT_2022_ixi with Danish sea-transport reallocation (Rørmose Jensen & Iliev 2022)
ITA,Italy,Europe,Paper Products,climate_change,kt CO2eq,0.17513681761124889,2022,EXIOBASE v3.8.2 IOT_2022_ixi with Danish sea-transport reallocation (Rørmose Jensen & Iliev 2022)
SWE,Sweden,Europe,Metal Products,waste_generation,kt,0.17512286422009254,2022,EXIOBASE v3.8.2 IOT_2022_ixi with Danish sea-transport reallocation (Rørmose Jensen & Iliev 2022)
POL,Poland,Europe,Furniture and timber,material_extraction,kt,0.1728646127940096,2022,EXIOBASE v3.8.2 IOT_2022_ixi with Danish sea-transport reallocation (Rørmose Jensen & Iliev 2022)
RoW Europe,RoW Europe,Europe,Textile,land_use,km2,0.17282984234670695,2022,EXIOBASE v3.8.2 IOT_2022_ixi with Danish sea-transport reallocation (Rørmose Jensen & Iliev 2022)
JPN,Japan,Asia and Pacific,Natural gas and gaseous fuels,climate_change,kt CO2eq,0.17274908822780408,2022,EXIOBASE v3.8.2 IOT_2022_ixi with Danish sea-transport reallocation (Rørmose Jensen & Iliev 2022)
USA,United States,America,General and special Machinery,climate_change,kt CO2eq,0.17237194284954696,2022,EXIOBASE v3.8.2 IOT_2022_ixi with Danish sea-transport reallocation (Rørmose Jensen & Iliev 2022)
IRL,Ireland,Europe,Non-metallic mineral products,climate_change,kt CO2eq,0.17185806029956363,2022,EXIOBASE v3.8.2 IOT_2022_ixi with Danish sea-transport reallocation (Rørmose Jensen & Iliev 2022)
PRT,Portugal,Europe,Food and catering,blue_water_consumption,Mm3,0.1715215574671412,2022,EXIOBASE v3.8.2 IOT_2022_ixi with Danish sea-transport reallocation (Rørmose Jensen & Iliev 2022)
HUN,Hungary,Europe,Chemical,waste_generation,kt,0.17057636214183752,2022,EXIOBASE v3.8.2 IOT_2022_ixi with Danish sea-transport reallocation (Rørmose Jensen & Iliev 2022)
RoW Middle East,RoW Middle East,Middle East,Construction,climate_change,kt CO2eq,0.1705668552550236,2022,EXIOBASE v3.8.2 IOT_2022_ixi with Danish sea-transport reallocation (Rørmose Jensen & Iliev 2022)
ROU,Romania,Europe,"Steam, hot water supply and water distribution",climate_change,kt CO2eq,0.17055567470453442,2022,EXIOBASE v3.8.2 IOT_2022_ixi with Danish sea-transport reallocation (Rørmose Jensen & Iliev 2022)
EST,Estonia,Europe,"Steam, hot water supply and water distribution",climate_change,kt CO2eq,0.1703355065109918,2022,EXIOBASE v3.8.2 IOT_2022_ixi with Danish sea-transport reallocation (Rørmose Jensen & Iliev 2022)
MEX,Mexico,America,Metal Products,climate_change,kt CO2eq,0.17022484957742953,2022,EXIOBASE v3.8.2 IOT_2022_ixi with Danish sea-transport reallocation (Rørmose Jensen & Iliev 2022)
RUS,Russia,Europe,General and special Machinery,land_use,km2,0.1701698110931978,2022,EXIOBASE v3.8.2 IOT_2022_ixi with Danish sea-transport reallocation (Rørmose Jensen & Iliev 2022)
GBR,United Kingdom,Europe,Food and catering,waste_generation,kt,0.1700204866153605,2022,EXIOBASE v3.8.2 IOT_2022_ixi with Danish sea-transport reallocation (Rørmose Jensen & Iliev 2022)
CHE,Switzerland,Europe,Non-metallic mineral products,material_extraction,kt,0.16991589601583543,2022,EXIOBASE v3.8.2 IOT_2022_ixi with Danish sea-transport reallocation (Rørmose Jensen & Iliev 2022)
RoW Africa,RoW Africa,Africa,Chemical,waste_generation,kt,0.169750317818851,2022,EXIOBASE v3.8.2 IOT_2022_ixi with Danish sea-transport reallocation (Rørmose Jensen & Iliev 2022)
LUX,Luxembourg,Europe,Food and catering,climate_change,kt CO2eq,0.16948667919323576,2022,EXIOBASE v3.8.2 IOT_2022_ixi with Danish sea-transport reallocation (Rørmose Jensen & Iliev 2022)
JPN,Japan,Asia and Pacific,Waste management and disposal,waste_generation,kt,0.16885955554895302,2022,EXIOBASE v3.8.2 IOT_2022_ixi with Danish sea-transport reallocation (Rørmose Jensen & Iliev 2022)
RoW Africa,RoW Africa,Africa,Paper Products,land_use,km2,0.16827863889745323,2022,EXIOBASE v3.8.2 IOT_2022_ixi with Danish sea-transport reallocation (Rørmose Jensen & Iliev 2022)
HRV,Croatia,Europe,Natural gas and gaseous fuels,climate_change,kt CO2eq,0.16732576680694516,2022,EXIOBASE v3.8.2 IOT_2022_ixi with Danish sea-transport reallocation (Rørmose Jensen & Iliev 2022)
GRC,Greece,Europe,Minerals and Metals,climate_change,kt CO2eq,0.16722120269357912,2022,EXIOBASE v3.8.2 IOT_2022_ixi with Danish sea-transport reallocation (Rørmose Jensen & Iliev 2022)
LUX,Luxembourg,Europe,Food and catering,land_use,km2,0.16720279304464472,2022,EXIOBASE v3.8.2 IOT_2022_ixi with Danish sea-transport reallocation (Rørmose Jensen & Iliev 2022)
ROU,Romania,Europe,Food and catering,blue_water_consumption,Mm3,0.16688297507781982,2022,EXIOBASE v3.8.2 IOT_2022_ixi with Danish sea-transport reallocation (Rørmose Jensen & Iliev 2022)
BRA,Brazil,America,Food and catering,waste_generation,kt,0.16640740276384028,2022,EXIOBASE v3.8.2 IOT_2022_ixi with Danish sea-transport reallocation (Rørmose Jensen & Iliev 2022)
CAN,Canada,America,Paper Products,waste_generation,kt,0.1658748936193069,2022,EXIOBASE v3.8.2 IOT_2022_ixi with Danish sea-transport reallocation (Rørmose Jensen & Iliev 2022)
BGR,Bulgaria,Europe,Electricity,waste_generation,kt,0.16575205172764074,2022,EXIOBASE v3.8.2 IOT_2022_ixi with Danish sea-transport reallocation (Rørmose Jensen & Iliev 2022)
NLD,Netherlands,Europe,Paper Products,waste_generation,kt,0.16553440910076728,2022,EXIOBASE v3.8.2 IOT_2022_ixi with Danish sea-transport reallocation (Rørmose Jensen & Iliev 2022)
BRA,Brazil,America,Food and catering,blue_water_consumption,Mm3,0.16528640379966894,2022,EXIOBASE v3.8.2 IOT_2022_ixi with Danish sea-transport reallocation (Rørmose Jensen & Iliev 2022)
CHN,China,Asia and Pacific,Coal and Petroleum,waste_generation,kt,0.16507058809020536,2022,EXIOBASE v3.8.2 IOT_2022_ixi with Danish sea-transport reallocation (Rørmose Jensen & Iliev 2022)
CHN,China,Asia and Pacific,"Electrical, electronic and measuring equipment",blue_water_consumption,Mm3,0.1642651195595987,2022,EXIOBASE v3.8.2 IOT_2022_ixi with Danish sea-transport reallocation (Rørmose Jensen & Iliev 2022)
ITA,Italy,Europe,Food and catering,blue_water_consumption,Mm3,0.1640513368021378,2022,EXIOBASE v3.8.2 IOT_2022_ixi with Danish sea-transport reallocation (Rørmose Jensen & Iliev 2022)
BEL,Belgium,Europe,Services,material_extraction,kt,0.16398475623212241,2022,EXIOBASE v3.8.2 IOT_2022_ixi with Danish sea-transport reallocation (Rørmose Jensen & Iliev 2022)
RUS,Russia,Europe,Chemical,land_use,km2,0.1622905004805957,2022,EXIOBASE v3.8.2 IOT_2022_ixi with Danish sea-transport reallocation (Rørmose Jensen & Iliev 2022)
USA,United States,America,Food and catering,waste_generation,kt,0.1620050126618823,2022,EXIOBASE v3.8.2 IOT_2022_ixi with Danish sea-transport reallocation (Rørmose Jensen & Iliev 2022)
RoW Europe,RoW Europe,Europe,Textile,climate_change,kt CO2eq,0.16168176992945002,2022,EXIOBASE v3.8.2 IOT_2022_ixi with Danish sea-transport reallocation (Rørmose Jensen & Iliev 2022)
ITA,Italy,Europe,Waste management and disposal,waste_generation,kt,0.16114586996746175,2022,EXIOBASE v3.8.2 IOT_2022_ixi with Danish sea-transport reallocation (Rørmose Jensen & Iliev 2022)
RoW America,RoW America,America,Furniture and timber,land_use,km2,0.1590648375870166,2022,EXIOBASE v3.8.2 IOT_2022_ixi with Danish sea-transport reallocation (Rørmose Jensen & Iliev 2022)
BGR,Bulgaria,Europe,Services,climate_change,kt CO2eq,0.15886248131434086,2022,EXIOBASE v3.8.2 IOT_2022_ixi with Danish sea-transport reallocation (Rørmose Jensen & Iliev 2022)
RoW Asia and Pacific,RoW Asia and Pacific,Asia and Pacific,"Steam, hot water supply and water distribution",waste_generation,kt,0.1586763027500657,2022,EXIOBASE v3.8.2 IOT_2022_ixi with Danish sea-transport reallocation (Rørmose Jensen & Iliev 2022)
PRT,Portugal,Europe,Food and catering,waste_generation,kt,0.15822170130491586,2022,EXIOBASE v3.8.2 IOT_2022_ixi with Danish sea-transport reallocation (Rørmose Jensen & Iliev 2022)
RoW Europe,RoW Europe,Europe,Waste management and disposal,material_extraction,kt,0.15760441853992513,2022,EXIOBASE v3.8.2 IOT_2022_ixi with Danish sea-transport reallocation (Rørmose Jensen & Iliev 2022)
NLD,Netherlands,Europe,Construction,material_extraction,kt,0.15560302855257568,2022,EXIOBASE v3.8.2 IOT_2022_ixi with Danish sea-transport reallocation (Rørmose Jensen & Iliev 2022)
DNK,Denmark,Denmark,Coal and Petroleum,waste_generation,kt,0.15485376415284433,2022,EXIOBASE v3.8.2 IOT_2022_ixi with Danish sea-transport reallocation (Rørmose Jensen & Iliev 2022)
RoW Asia and Pacific,RoW Asia and Pacific,Asia and Pacific,Waste management and disposal,waste_generation,kt,0.15321035783714992,2022,EXIOBASE v3.8.2 IOT_2022_ixi with Danish sea-transport reallocation (Rørmose Jensen & Iliev 2022)
CAN,Canada,America,Electricity,waste_generation,kt,0.1529739336765035,2022,EXIOBASE v3.8.2 IOT_2022_ixi with Danish sea-transport reallocation (Rørmose Jensen & Iliev 2022)
SWE,Sweden,Europe,Services,land_use,km2,0.15218242329816034,2022,EXIOBASE v3.8.2 IOT_2022_ixi with Danish sea-transport reallocation (Rørmose Jensen & Iliev 2022)
RoW Europe,RoW Europe,Europe,Waste management and disposal,land_use,km2,0.15111615522852626,2022,EXIOBASE v3.8.2 IOT_2022_ixi with Danish sea-transport reallocation (Rørmose Jensen & Iliev 2022)
RoW America,RoW America,America,Non-metallic mineral products,material_extraction,kt,0.150590085456179,2022,EXIOBASE v3.8.2 IOT_2022_ixi with Danish sea-transport reallocation (Rørmose Jensen & Iliev 2022)
POL,Poland,Europe,Coal and Petroleum,material_extraction,kt,0.14945110623897936,2022,EXIOBASE v3.8.2 IOT_2022_ixi with Danish sea-transport reallocation (Rørmose Jensen & Iliev 2022)
DEU,Germany,Europe,Food and catering,blue_water_consumption,Mm3,0.14921792098352865,2022,EXIOBASE v3.8.2 IOT_2022_ixi with Danish sea-transport reallocation (Rørmose Jensen & Iliev 2022)
LTU,Lithuania,Europe,Waste management and disposal,climate_change,kt CO2eq,0.14919480930849427,2022,EXIOBASE v3.8.2 IOT_2022_ixi with Danish sea-transport reallocation (Rørmose Jensen & Iliev 2022)
RoW America,RoW America,America,Electricity,land_use,km2,0.1490742918033771,2022,EXIOBASE v3.8.2 IOT_2022_ixi with Danish sea-transport reallocation (Rørmose Jensen & Iliev 2022)
HUN,Hungary,Europe,Metal Products,climate_change,kt CO2eq,0.148726690336616,2022,EXIOBASE v3.8.2 IOT_2022_ixi with Danish sea-transport reallocation (Rørmose Jensen & Iliev 2022)
CZE,Czech Republic,Europe,Minerals and Metals,climate_change,kt CO2eq,0.1486240676484965,2022,EXIOBASE v3.8.2 IOT_2022_ixi with Danish sea-transport reallocation (Rørmose Jensen & Iliev 2022)
TUR,Turkey,Middle East,Textile,land_use,km2,0.14802019043871004,2022,EXIOBASE v3.8.2 IOT_2022_ixi with Danish sea-transport reallocation (Rørmose Jensen & Iliev 2022)
SVK,Slovakia,Europe,Transport,material_extraction,kt,0.14755681876810023,2022,EXIOBASE v3.8.2 IOT_2022_ixi with Danish sea-transport reallocation (Rørmose Jensen & Iliev 2022)
SVN,Slovenia,Europe,Coal and Petroleum,climate_change,kt CO2eq,0.1472284454386172,2022,EXIOBASE v3.8.2 IOT_2022_ixi with Danish sea-transport reallocation (Rørmose Jensen & Iliev 2022)
FIN,Finland,Europe,Food and catering,waste_generation,kt,0.14613837251178788,2022,EXIOBASE v3.8.2 IOT_2022_ixi with Danish sea-transport reallocation (Rørmose Jensen & Iliev 2022)
RoW Africa,RoW Africa,Africa,Waste management and disposal,land_use,km2,0.14532477590480622,2022,EXIOBASE v3.8.2 IOT_2022_ixi with Danish sea-transport reallocation (Rørmose Jensen & Iliev 2022)
SVN,Slovenia,Europe,Food and catering,climate_change,kt CO2eq,0.14469907964355172,2022,EXIOBASE v3.8.2 IOT_2022_ixi with Danish sea-transport reallocation (Rørmose Jensen & Iliev 2022)
CZE,Czech Republic,Europe,Chemical,waste_generation,kt,0.14456089542615685,2022,EXIOBASE v3.8.2 IOT_2022_ixi with Danish sea-transport reallocation (Rørmose Jensen & Iliev 2022)
PRT,Portugal,Europe,Services,climate_change,kt CO2eq,0.1441603051411569,2022,EXIOBASE v3.8.2 IOT_2022_ixi with Danish sea-transport reallocation (Rørmose Jensen & Iliev 2022)
RUS,Russia,Europe,Furniture and timber,climate_change,kt CO2eq,0.14413282910607383,2022,EXIOBASE v3.8.2 IOT_2022_ixi with Danish sea-transport reallocation (Rørmose Jensen & Iliev 2022)
POL,Poland,Europe,Waste management and disposal,waste_generation,kt,0.14316093846026762,2022,EXIOBASE v3.8.2 IOT_2022_ixi with Danish sea-transport reallocation (Rørmose Jensen & Iliev 2022)
RoW Asia and Pacific,RoW Asia and Pacific,Asia and Pacific,Electricity,material_extraction,kt,0.14291048375818388,2022,EXIOBASE v3.8.2 IOT_2022_ixi with Danish sea-transport reallocation (Rørmose Jensen & Iliev 2022)
SVN,Slovenia,Europe,Non-metallic mineral products,climate_change,kt CO2eq,0.14189579923060375,2022,EXIOBASE v3.8.2 IOT_2022_ixi with Danish sea-transport reallocation (Rørmose Jensen & Iliev 2022)
FIN,Finland,Europe,Minerals and Metals,climate_change,kt CO2eq,0.14184108328025863,2022,EXIOBASE v3.8.2 IOT_2022_ixi with Danish sea-transport reallocation (Rørmose Jensen & Iliev 2022)
CAN,Canada,America,Chemical,material_extraction,kt,0.14166979336980706,2022,EXIOBASE v3.8.2 IOT_2022_ixi with Danish sea-transport reallocation (Rørmose Jensen & Iliev 2022)
LTU,Lithuania,Europe,Services,land_use,km2,0.14151883232428353,2022,EXIOBASE v3.8.2 IOT_2022_ixi with Danish sea-transport reallocation (Rørmose Jensen & Iliev 2022)
ITA,Italy,Europe,Metal Products,material_extraction,kt,0.14105725638978436,2022,EXIOBASE v3.8.2 IOT_2022_ixi with Danish sea-transport reallocation (Rørmose Jensen & Iliev 2022)
RoW Africa,RoW Africa,Africa,Natural gas and gaseous fuels,material_extraction,kt,0.14096117826336296,2022,EXIOBASE v3.8.2 IOT_2022_ixi with Danish sea-transport reallocation (Rørmose Jensen & Iliev 2022)
CHN,China,Asia and Pacific,Services,waste_generation,kt,0.140703816715976,2022,EXIOBASE v3.8.2 IOT_2022_ixi with Danish sea-transport reallocation (Rørmose Jensen & Iliev 2022)
RoW Middle East,RoW Middle East,Middle East,"Electrical, electronic and measuring equipment",climate_change,kt CO2eq,0.14057243705471492,2022,EXIOBASE v3.8.2 IOT_2022_ixi with Danish sea-transport reallocation (Rørmose Jensen & Iliev 2022)
BGR,Bulgaria,Europe,Transport,land_use,km2,0.14026684651037455,2022,EXIOBASE v3.8.2 IOT_2022_ixi with Danish sea-transport reallocation (Rørmose Jensen & Iliev 2022)
RoW America,RoW America,America,Food and catering,material_extraction,kt,0.1394518585001831,2022,EXIOBASE v3.8.2 IOT_2022_ixi with Danish sea-transport reallocation (Rørmose Jensen & Iliev 2022)
IDN,Indonesia,Asia and Pacific,Textile,climate_change,kt CO2eq,0.1364017167252064,2022,EXIOBASE v3.8.2 IOT_2022_ixi with Danish sea-transport reallocation (Rørmose Jensen & Iliev 2022)
BGR,Bulgaria,Europe,Construction,material_extraction,kt,0.1363147046326477,2022,EXIOBASE v3.8.2 IOT_2022_ixi with Danish sea-transport reallocation (Rørmose Jensen & Iliev 2022)
ROU,Romania,Europe,Non-metallic mineral products,climate_change,kt CO2eq,0.13479573573487702,2022,EXIOBASE v3.8.2 IOT_2022_ixi with Danish sea-transport reallocation (Rørmose Jensen & Iliev 2022)
TUR,Turkey,Middle East,Non-metallic mineral products,material_extraction,kt,0.13401901811933134,2022,EXIOBASE v3.8.2 IOT_2022_ixi with Danish sea-transport reallocation (Rørmose Jensen & Iliev 2022)
KOR,South Korea,Asia and Pacific,"Steam, hot water supply and water distribution",climate_change,kt CO2eq,0.13391498688958967,2022,EXIOBASE v3.8.2 IOT_2022_ixi with Danish sea-transport reallocation (Rørmose Jensen & Iliev 2022)
POL,Poland,Europe,Furniture and timber,climate_change,kt CO2eq,0.1337170207887115,2022,EXIOBASE v3.8.2 IOT_2022_ixi with Danish sea-transport reallocation (Rørmose Jensen & Iliev 2022)
LVA,Latvia,Europe,Non-metallic mineral products,climate_change,kt CO2eq,0.1336960826240859,2022,EXIOBASE v3.8.2 IOT_2022_ixi with Danish sea-transport reallocation (Rørmose Jensen & Iliev 2022)
POL,Poland,Europe,"Steam, hot water supply and water distribution",waste_generation,kt,0.13360443687601162,2022,EXIOBASE v3.8.2 IOT_2022_ixi with Danish sea-transport reallocation (Rørmose Jensen & Iliev 2022)
GRC,Greece,Europe,Chemical,climate_change,kt CO2eq,0.13294106331889288,2022,EXIOBASE v3.8.2 IOT_2022_ixi with Danish sea-transport reallocation (Rørmose Jensen & Iliev 2022)
HRV,Croatia,Europe,"Steam, hot water supply and water distribution",climate_change,kt CO2eq,0.13287772053442468,2022,EXIOBASE v3.8.2 IOT_2022_ixi with Danish sea-transport reallocation (Rørmose Jensen & Iliev 2022)
PRT,Portugal,Europe,Paper Products,climate_change,kt CO2eq,0.1325789645027225,2022,EXIOBASE v3.8.2 IOT_2022_ixi with Danish sea-transport reallocation (Rørmose Jensen & Iliev 2022)
NLD,Netherlands,Europe,Food and catering,blue_water_consumption,Mm3,0.13249950000046448,2022,EXIOBASE v3.8.2 IOT_2022_ixi with Danish sea-transport reallocation (Rørmose Jensen & Iliev 2022)
RUS,Russia,Europe,Furniture and timber,waste_generation,kt,0.1324043563761487,2022,EXIOBASE v3.8.2 IOT_2022_ixi with Danish sea-transport reallocation (Rørmose Jensen & Iliev 2022)
HRV,Croatia,Europe,Non-metallic mineral products,climate_change,kt CO2eq,0.13224191942560978,2022,EXIOBASE v3.8.2 IOT_2022_ixi with Danish sea-transport reallocation (Rørmose Jensen & Iliev 2022)
GRC,Greece,Europe,Non-metallic mineral products,climate_change,kt CO2eq,0.13204683809463766,2022,EXIOBASE v3.8.2 IOT_2022_ixi with Danish sea-transport reallocation (Rørmose Jensen & Iliev 2022)
LTU,Lithuania,Europe,Coal and Petroleum,waste_generation,kt,0.13175545799057195,2022,EXIOBASE v3.8.2 IOT_2022_ixi with Danish sea-transport reallocation (Rørmose Jensen & Iliev 2022)
JPN,Japan,Asia and Pacific,Paper Products,climate_change,kt CO2eq,0.13047085224833285,2022,EXIOBASE v3.8.2 IOT_2022_ixi with Danish sea-transport reallocation (Rørmose Jensen & Iliev 2022)
LUX,Luxembourg,Europe,Services,climate_change,kt CO2eq,0.12975313420943563,2022,EXIOBASE v3.8.2 IOT_2022_ixi with Danish sea-transport reallocation (Rørmose Jensen & Iliev 2022)
RoW America,RoW America,America,Natural gas and gaseous fuels,material_extraction,kt,0.12950330110373606,2022,EXIOBASE v3.8.2 IOT_2022_ixi with Danish sea-transport reallocation (Rørmose Jensen & Iliev 2022)
TUR,Turkey,Middle East,Paper Products,climate_change,kt CO2eq,0.1293939398862713,2022,EXIOBASE v3.8.2 IOT_2022_ixi with Danish sea-transport reallocation (Rørmose Jensen & Iliev 2022)
CAN,Canada,America,Paper Products,climate_change,kt CO2eq,0.12829596078527947,2022,EXIOBASE v3.8.2 IOT_2022_ixi with Danish sea-transport reallocation (Rørmose Jensen & Iliev 2022)
MLT,Malta,Europe,Electricity,climate_change,kt CO2eq,0.1271352474631828,2022,EXIOBASE v3.8.2 IOT_2022_ixi with Danish sea-transport reallocation (Rørmose Jensen & Iliev 2022)
GBR,United Kingdom,Europe,Transport Equipment,climate_change,kt CO2eq,0.12702400198261016,2022,EXIOBASE v3.8.2 IOT_2022_ixi with Danish sea-transport reallocation (Rørmose Jensen & Iliev 2022)
CZE,Czech Republic,Europe,Electricity,waste_generation,kt,0.1264920652563761,2022,EXIOBASE v3.8.2 IOT_2022_ixi with Danish sea-transport reallocation (Rørmose Jensen & Iliev 2022)
RUS,Russia,Europe,Paper Products,climate_change,kt CO2eq,0.12565593192850383,2022,EXIOBASE v3.8.2 IOT_2022_ixi with Danish sea-transport reallocation (Rørmose Jensen & Iliev 2022)
RoW Europe,RoW Europe,Europe,Metal Products,waste_generation,kt,0.12557584486690915,2022,EXIOBASE v3.8.2 IOT_2022_ixi with Danish sea-transport reallocation (Rørmose Jensen & Iliev 2022)
IDN,Indonesia,Asia and Pacific,Chemical,waste_generation,kt,0.12501870911692478,2022,EXIOBASE v3.8.2 IOT_2022_ixi with Danish sea-transport reallocation (Rørmose Jensen & Iliev 2022)
ROU,Romania,Europe,Waste management and disposal,climate_change,kt CO2eq,0.12441687410928234,2022,EXIOBASE v3.8.2 IOT_2022_ixi with Danish sea-transport reallocation (Rørmose Jensen & Iliev 2022)
CZE,Czech Republic,Europe,Paper Products,climate_change,kt CO2eq,0.12288487400526146,2022,EXIOBASE v3.8.2 IOT_2022_ixi with Danish sea-transport reallocation (Rørmose Jensen & Iliev 2022)
TWN,Taiwan,Asia and Pacific,Services,climate_change,kt CO2eq,0.12276156025976559,2022,EXIOBASE v3.8.2 IOT_2022_ixi with Danish sea-transport reallocation (Rørmose Jensen & Iliev 2022)
RoW America,RoW America,America,Paper Products,climate_change,kt CO2eq,0.1226296949064083,2022,EXIOBASE v3.8.2 IOT_2022_ixi with Danish sea-transport reallocation (Rørmose Jensen & Iliev 2022)
FIN,Finland,Europe,Non-metallic mineral products,climate_change,kt CO2eq,0.12237161473227004,2022,EXIOBASE v3.8.2 IOT_2022_ixi with Danish sea-transport reallocation (Rørmose Jensen & Iliev 2022)
HUN,Hungary,Europe,Natural gas and gaseous fuels,climate_change,kt CO2eq,0.12164410710503688,2022,EXIOBASE v3.8.2 IOT_2022_ixi with Danish sea-transport reallocation (Rørmose Jensen & Iliev 2022)
FRA,France,Europe,Waste management and disposal,waste_generation,kt,0.1215191960885397,2022,EXIOBASE v3.8.2 IOT_2022_ixi with Danish sea-transport reallocation (Rørmose Jensen & Iliev 2022)
CHN,China,Asia and Pacific,Textile,waste_generation,kt,0.12098149602173658,2022,EXIOBASE v3.8.2 IOT_2022_ixi with Danish sea-transport reallocation (Rørmose Jensen & Iliev 2022)
IND,India,Asia and Pacific,Construction,climate_change,kt CO2eq,0.1209233846941077,2022,EXIOBASE v3.8.2 IOT_2022_ixi with Danish sea-transport reallocation (Rørmose Jensen & Iliev 2022)
IRL,Ireland,Europe,"Electrical, electronic and measuring equipment",climate_change,kt CO2eq,0.11972923340920054,2022,EXIOBASE v3.8.2 IOT_2022_ixi with Danish sea-transport reallocation (Rørmose Jensen & Iliev 2022)
FRA,France,Europe,Metal Products,waste_generation,kt,0.11927800685933876,2022,EXIOBASE v3.8.2 IOT_2022_ixi with Danish sea-transport reallocation (Rørmose Jensen & Iliev 2022)
RoW Europe,RoW Europe,Europe,Furniture and timber,climate_change,kt CO2eq,0.11917021085699353,2022,EXIOBASE v3.8.2 IOT_2022_ixi with Danish sea-transport reallocation (Rørmose Jensen & Iliev 2022)
ROU,Romania,Europe,Services,climate_change,kt CO2eq,0.11901715829664242,2022,EXIOBASE v3.8.2 IOT_2022_ixi with Danish sea-transport reallocation (Rørmose Jensen & Iliev 2022)
TUR,Turkey,Middle East,Natural gas and gaseous fuels,climate_change,kt CO2eq,0.1188067023809105,2022,EXIOBASE v3.8.2 IOT_2022_ixi with Danish sea-transport reallocation (Rørmose Jensen & Iliev 2022)
EST,Estonia,Europe,Services,climate_change,kt CO2eq,0.11803865055371217,2022,EXIOBASE v3.8.2 IOT_2022_ixi with Danish sea-transport reallocation (Rørmose Jensen & Iliev 2022)
CHN,China,Asia and Pacific,"Electrical, electronic and measuring equipment",waste_generation,kt,0.11786027096955237,2022,EXIOBASE v3.8.2 IOT_2022_ixi with Danish sea-transport reallocation (Rørmose Jensen & Iliev 2022)
POL,Poland,Europe,Chemical,blue_water_consumption,Mm3,0.11707468252633986,2022,EXIOBASE v3.8.2 IOT_2022_ixi with Danish sea-transport reallocation (Rørmose Jensen & Iliev 2022)
RoW Asia and Pacific,RoW Asia and Pacific,Asia and Pacific,Textile,blue_water_consumption,Mm3,0.11663215573870934,2022,EXIOBASE v3.8.2 IOT_2022_ixi with Danish sea-transport reallocation (Rørmose Jensen & Iliev 2022)
RoW Africa,RoW Africa,Africa,Furniture and timber,climate_change,kt CO2eq,0.11650262328077851,2022,EXIOBASE v3.8.2 IOT_2022_ixi with Danish sea-transport reallocation (Rørmose Jensen & Iliev 2022)
RoW Middle East,RoW Middle East,Middle East,Textile,land_use,km2,0.11573397538756872,2022,EXIOBASE v3.8.2 IOT_2022_ixi with Danish sea-transport reallocation (Rørmose Jensen & Iliev 2022)
IRL,Ireland,Europe,General and special Machinery,climate_change,kt CO2eq,0.11530651938445406,2022,EXIOBASE v3.8.2 IOT_2022_ixi with Danish sea-transport reallocation (Rørmose Jensen & Iliev 2022)
RoW Europe,RoW Europe,Europe,Minerals and Metals,land_use,km2,0.11515053532099895,2022,EXIOBASE v3.8.2 IOT_2022_ixi with Danish sea-transport reallocation (Rørmose Jensen & Iliev 2022)
HUN,Hungary,Europe,Services,land_use,km2,0.11501810615035442,2022,EXIOBASE v3.8.2 IOT_2022_ixi with Danish sea-transport reallocation (Rørmose Jensen & Iliev 2022)
RoW Asia and Pacific,RoW Asia and Pacific,Asia and Pacific,Non-metallic mineral products,material_extraction,kt,0.11452443262592342,2022,EXIOBASE v3.8.2 IOT_2022_ixi with Danish sea-transport reallocation (Rørmose Jensen & Iliev 2022)
BRA,Brazil,America,Food and catering,material_extraction,kt,0.11403242775992387,2022,EXIOBASE v3.8.2 IOT_2022_ixi with Danish sea-transport reallocation (Rørmose Jensen & Iliev 2022)
CHE,Switzerland,Europe,Services,land_use,km2,0.11328360774156185,2022,EXIOBASE v3.8.2 IOT_2022_ixi with Danish sea-transport reallocation (Rørmose Jensen & Iliev 2022)
RUS,Russia,Europe,"Steam, hot water supply and water distribution",waste_generation,kt,0.11326249200380395,2022,EXIOBASE v3.8.2 IOT_2022_ixi with Danish sea-transport reallocation (Rørmose Jensen & Iliev 2022)
RUS,Russia,Europe,Services,land_use,km2,0.11304137166511899,2022,EXIOBASE v3.8.2 IOT_2022_ixi with Danish sea-transport reallocation (Rørmose Jensen & Iliev 2022)
MEX,Mexico,America,Chemical,waste_generation,kt,0.11302912732588577,2022,EXIOBASE v3.8.2 IOT_2022_ixi with Danish sea-transport reallocation (Rørmose Jensen & Iliev 2022)
TWN,Taiwan,Asia and Pacific,Paper Products,climate_change,kt CO2eq,0.11296633621916168,2022,EXIOBASE v3.8.2 IOT_2022_ixi with Danish sea-transport reallocation (Rørmose Jensen & Iliev 2022)
RoW Asia and Pacific,RoW Asia and Pacific,Asia and Pacific,Paper Products,land_use,km2,0.11266132094265251,2022,EXIOBASE v3.8.2 IOT_2022_ixi with Danish sea-transport reallocation (Rørmose Jensen & Iliev 2022)
LUX,Luxembourg,Europe,Non-metallic mineral products,climate_change,kt CO2eq,0.112351534959015,2022,EXIOBASE v3.8.2 IOT_2022_ixi with Danish sea-transport reallocation (Rørmose Jensen & Iliev 2022)
NLD,Netherlands,Europe,Electricity,waste_generation,kt,0.1118414112978642,2022,EXIOBASE v3.8.2 IOT_2022_ixi with Danish sea-transport reallocation (Rørmose Jensen & Iliev 2022)
SWE,Sweden,Europe,Furniture and timber,climate_change,kt CO2eq,0.11111554897862072,2022,EXIOBASE v3.8.2 IOT_2022_ixi with Danish sea-transport reallocation (Rørmose Jensen & Iliev 2022)
RoW Asia and Pacific,RoW Asia and Pacific,Asia and Pacific,Chemical,land_use,km2,0.1111049017365487,2022,EXIOBASE v3.8.2 IOT_2022_ixi with Danish sea-transport reallocation (Rørmose Jensen & Iliev 2022)
SWE,Sweden,Europe,Services,waste_generation,kt,0.11088728504260985,2022,EXIOBASE v3.8.2 IOT_2022_ixi with Danish sea-transport reallocation (Rørmose Jensen & Iliev 2022)
BGR,Bulgaria,Europe,Food and catering,waste_generation,kt,0.11087025732919642,2022,EXIOBASE v3.8.2 IOT_2022_ixi with Danish sea-transport reallocation (Rørmose Jensen & Iliev 2022)
ESP,Spain,Europe,Metal Products,waste_generation,kt,0.11082877549979062,2022,EXIOBASE v3.8.2 IOT_2022_ixi with Danish sea-transport reallocation (Rørmose Jensen & Iliev 2022)
SVN,Slovenia,Europe,Services,climate_change,kt CO2eq,0.11042061772654191,2022,EXIOBASE v3.8.2 IOT_2022_ixi with Danish sea-transport reallocation (Rørmose Jensen & Iliev 2022)
RUS,Russia,Europe,Chemical,waste_generation,kt,0.10959358821923765,2022,EXIOBASE v3.8.2 IOT_2022_ixi with Danish sea-transport reallocation (Rørmose Jensen & Iliev 2022)
RoW Europe,RoW Europe,Europe,Furniture and timber,land_use,km2,0.10946599399104354,2022,EXIOBASE v3.8.2 IOT_2022_ixi with Danish sea-transport reallocation (Rørmose Jensen & Iliev 2022)
GRC,Greece,Europe,Metal Products,climate_change,kt CO2eq,0.1090674111047559,2022,EXIOBASE v3.8.2 IOT_2022_ixi with Danish sea-transport reallocation (Rørmose Jensen & Iliev 2022)
RoW America,RoW America,America,Chemical,material_extraction,kt,0.10872679935808154,2022,EXIOBASE v3.8.2 IOT_2022_ixi with Danish sea-transport reallocation (Rørmose Jensen & Iliev 2022)
CHE,Switzerland,Europe,Food and catering,waste_generation,kt,0.1085080664983845,2022,EXIOBASE v3.8.2 IOT_2022_ixi with Danish sea-transport reallocation (Rørmose Jensen & Iliev 2022)
TUR,Turkey,Middle East,Paper Products,waste_generation,kt,0.10746271107037068,2022,EXIOBASE v3.8.2 IOT_2022_ixi with Danish sea-transport reallocation (Rørmose Jensen & Iliev 2022)
IND,India,Asia and Pacific,"Steam, hot water supply and water distribution",climate_change,kt CO2eq,0.10626571446790896,2022,EXIOBASE v3.8.2 IOT_2022_ixi with Danish sea-transport reallocation (Rørmose Jensen & Iliev 2022)
GBR,United Kingdom,Europe,Metal Products,waste_generation,kt,0.10624942127362587,2022,EXIOBASE v3.8.2 IOT_2022_ixi with Danish sea-transport reallocation (Rørmose Jensen & Iliev 2022)
NLD,Netherlands,Europe,Non-metallic mineral products,material_extraction,kt,0.10546255420051048,2022,EXIOBASE v3.8.2 IOT_2022_ixi with Danish sea-transport reallocation (Rørmose Jensen & Iliev 2022)
PRT,Portugal,Europe,Chemical,climate_change,kt CO2eq,0.10482922355171141,2022,EXIOBASE v3.8.2 IOT_2022_ixi with Danish sea-transport reallocation (Rørmose Jensen & Iliev 2022)
LTU,Lithuania,Europe,Natural gas and gaseous fuels,climate_change,kt CO2eq,0.10434180912012782,2022,EXIOBASE v3.8.2 IOT_2022_ixi with Danish sea-transport reallocation (Rørmose Jensen & Iliev 2022)
FIN,Finland,Europe,Metal Products,material_extraction,kt,0.10400967294414545,2022,EXIOBASE v3.8.2 IOT_2022_ixi with Danish sea-transport reallocation (Rørmose Jensen & Iliev 2022)
MLT,Malta,Europe,Transport,climate_change,kt CO2eq,0.1038288763135753,2022,EXIOBASE v3.8.2 IOT_2022_ixi with Danish sea-transport reallocation (Rørmose Jensen & Iliev 2022)
RoW Middle East,RoW Middle East,Middle East,General and special Machinery,climate_change,kt CO2eq,0.10344736370669216,2022,EXIOBASE v3.8.2 IOT_2022_ixi with Danish sea-transport reallocation (Rørmose Jensen & Iliev 2022)
MEX,Mexico,America,Food and catering,waste_generation,kt,0.10304622189849981,2022,EXIOBASE v3.8.2 IOT_2022_ixi with Danish sea-transport reallocation (Rørmose Jensen & Iliev 2022)
GBR,United Kingdom,Europe,Non-metallic mineral products,material_extraction,kt,0.1027622664492955,2022,EXIOBASE v3.8.2 IOT_2022_ixi with Danish sea-transport reallocation (Rørmose Jensen & Iliev 2022)
CHE,Switzerland,Europe,Coal and Petroleum,climate_change,kt CO2eq,0.10261167978645445,2022,EXIOBASE v3.8.2 IOT_2022_ixi with Danish sea-transport reallocation (Rørmose Jensen & Iliev 2022)
ZAF,South Africa,Africa,Food and catering,blue_water_consumption,Mm3,0.10219596604643116,2022,EXIOBASE v3.8.2 IOT_2022_ixi with Danish sea-transport reallocation (Rørmose Jensen & Iliev 2022)
KOR,South Korea,Asia and Pacific,Minerals and Metals,climate_change,kt CO2eq,0.1019200283982899,2022,EXIOBASE v3.8.2 IOT_2022_ixi with Danish sea-transport reallocation (Rørmose Jensen & Iliev 2022)
RoW Asia and Pacific,RoW Asia and Pacific,Asia and Pacific,Metal Products,material_extraction,kt,0.10177245307102138,2022,EXIOBASE v3.8.2 IOT_2022_ixi with Danish sea-transport reallocation (Rørmose Jensen & Iliev 2022)
IND,India,Asia and Pacific,Paper Products,material_extraction,kt,0.10148132623702451,2022,EXIOBASE v3.8.2 IOT_2022_ixi with Danish sea-transport reallocation (Rørmose Jensen & Iliev 2022)
RoW Asia and Pacific,RoW Asia and Pacific,Asia and Pacific,Minerals and Metals,land_use,km2,0.10110699742078565,2022,EXIOBASE v3.8.2 IOT_2022_ixi with Danish sea-transport reallocation (Rørmose Jensen & Iliev 2022)
JPN,Japan,Asia and Pacific,Metal Products,waste_generation,kt,0.10073427488557972,2022,EXIOBASE v3.8.2 IOT_2022_ixi with Danish sea-transport reallocation (Rørmose Jensen & Iliev 2022)
RoW Asia and Pacific,RoW Asia and Pacific,Asia and Pacific,Paper Products,waste_generation,kt,0.1007231216155374,2022,EXIOBASE v3.8.2 IOT_2022_ixi with Danish sea-transport reallocation (Rørmose Jensen & Iliev 2022)
LVA,Latvia,Europe,Coal and Petroleum,climate_change,kt CO2eq,0.10042229084428085,2022,EXIOBASE v3.8.2 IOT_2022_ixi with Danish sea-transport reallocation (Rørmose Jensen & Iliev 2022)
FIN,Finland,Europe,Services,climate_change,kt CO2eq,0.10032980459870611,2022,EXIOBASE v3.8.2 IOT_2022_ixi with Danish sea-transport reallocation (Rørmose Jensen & Iliev 2022)
SVN,Slovenia,Europe,Non-metallic mineral products,material_extraction,kt,0.09951918132008242,2022,EXIOBASE v3.8.2 IOT_2022_ixi with Danish sea-transport reallocation (Rørmose Jensen & Iliev 2022)
ITA,Italy,Europe,"Electrical, electronic and measuring equipment",climate_change,kt CO2eq,0.09909811301527872,2022,EXIOBASE v3.8.2 IOT_2022_ixi with Danish sea-transport reallocation (Rørmose Jensen & Iliev 2022)
RoW Europe,RoW Europe,Europe,Construction,climate_change,kt CO2eq,0.09811370286738733,2022,EXIOBASE v3.8.2 IOT_2022_ixi with Danish sea-transport reallocation (Rørmose Jensen & Iliev 2022)
MLT,Malta,Europe,Transport,waste_generation,kt,0.09786833847785431,2022,EXIOBASE v3.8.2 IOT_2022_ixi with Danish sea-transport reallocation (Rørmose Jensen & Iliev 2022)
RoW Middle East,RoW Middle East,Middle East,Paper Products,climate_change,kt CO2eq,0.09745581585949567,2022,EXIOBASE v3.8.2 IOT_2022_ixi with Danish sea-transport reallocation (Rørmose Jensen & Iliev 2022)
CAN,Canada,America,Electricity,land_use,km2,0.09726297394891131,2022,EXIOBASE v3.8.2 IOT_2022_ixi with Danish sea-transport reallocation (Rørmose Jensen & Iliev 2022)
CHN,China,Asia and Pacific,General and special Machinery,waste_generation,kt,0.09698947693867692,2022,EXIOBASE v3.8.2 IOT_2022_ixi with Danish sea-transport reallocation (Rørmose Jensen & Iliev 2022)
KOR,South Korea,Asia and Pacific,Electricity,waste_generation,kt,0.09686534956066613,2022,EXIOBASE v3.8.2 IOT_2022_ixi with Danish sea-transport reallocation (Rørmose Jensen & Iliev 2022)
BEL,Belgium,Europe,Textile,climate_change,kt CO2eq,0.09683121393361065,2022,EXIOBASE v3.8.2 IOT_2022_ixi with Danish sea-transport reallocation (Rørmose Jensen & Iliev 2022)
RoW Europe,RoW Europe,Europe,Chemical,land_use,km2,0.09629040781789674,2022,EXIOBASE v3.8.2 IOT_2022_ixi with Danish sea-transport reallocation (Rørmose Jensen & Iliev 2022)
BGR,Bulgaria,Europe,Transport,material_extraction,kt,0.09624488319997226,2022,EXIOBASE v3.8.2 IOT_2022_ixi with Danish sea-transport reallocation (Rørmose Jensen & Iliev 2022)
RoW Europe,RoW Europe,Europe,Coal and Petroleum,land_use,km2,0.09622694378559254,2022,EXIOBASE v3.8.2 IOT_2022_ixi with Danish sea-transport reallocation (Rørmose Jensen & Iliev 2022)
HUN,Hungary,Europe,"Electrical, electronic and measuring equipment",climate_change,kt CO2eq,0.09580380243984897,2022,EXIOBASE v3.8.2 IOT_2022_ixi with Danish sea-transport reallocation (Rørmose Jensen & Iliev 2022)
IDN,Indonesia,Asia and Pacific,Furniture and timber,climate_change,kt CO2eq,0.09570317563613008,2022,EXIOBASE v3.8.2 IOT_2022_ixi with Danish sea-transport reallocation (Rørmose Jensen & Iliev 2022)
BEL,Belgium,Europe,Electricity,waste_generation,kt,0.09569237914344458,2022,EXIOBASE v3.8.2 IOT_2022_ixi with Danish sea-transport reallocation (Rørmose Jensen & Iliev 2022)
RoW Middle East,RoW Middle East,Middle East,Metal Products,material_extraction,kt,0.09534220406887876,2022,EXIOBASE v3.8.2 IOT_2022_ixi with Danish sea-transport reallocation (Rørmose Jensen & Iliev 2022)
IND,India,Asia and Pacific,Metal Products,waste_generation,kt,0.09526156200277305,2022,EXIOBASE v3.8.2 IOT_2022_ixi with Danish sea-transport reallocation (Rørmose Jensen & Iliev 2022)
GBR,United Kingdom,Europe,Services,waste_generation,kt,0.09525210079574602,2022,EXIOBASE v3.8.2 IOT_2022_ixi with Danish sea-transport reallocation (Rørmose Jensen & Iliev 2022)
LVA,Latvia,Europe,Non-metallic mineral products,material_extraction,kt,0.0951844981275157,2022,EXIOBASE v3.8.2 IOT_2022_ixi with Danish sea-transport reallocation (Rørmose Jensen & Iliev 2022)
RoW Africa,RoW Africa,Africa,"Electrical, electronic and measuring equipment",waste_generation,kt,0.09485063536908218,2022,EXIOBASE v3.8.2 IOT_2022_ixi with Danish sea-transport reallocation (Rørmose Jensen & Iliev 2022)
HRV,Croatia,Europe,Services,climate_change,kt CO2eq,0.0946525632583496,2022,EXIOBASE v3.8.2 IOT_2022_ixi with Danish sea-transport reallocation (Rørmose Jensen & Iliev 2022)
ZAF,South Africa,Africa,Textile,climate_change,kt CO2eq,0.09421314040719289,2022,EXIOBASE v3.8.2 IOT_2022_ixi with Danish sea-transport reallocation (Rørmose Jensen & Iliev 2022)
DNK,Denmark,Denmark,Furniture and timber,waste_generation,kt,0.09333565028588335,2022,EXIOBASE v3.8.2 IOT_2022_ixi with Danish sea-transport reallocation (Rørmose Jensen & Iliev 2022)
LTU,Lithuania,Europe,Chemical,material_extraction,kt,0.09312154179476986,2022,EXIOBASE v3.8.2 IOT_2022_ixi with Danish sea-transport reallocation (Rørmose Jensen & Iliev 2022)
DEU,Germany,Europe,Textile,climate_change,kt CO2eq,0.09283693211966608,2022,EXIOBASE v3.8.2 IOT_2022_ixi with Danish sea-transport reallocation (Rørmose Jensen & Iliev 2022)
LVA,Latvia,Europe,Chemical,waste_generation,kt,0.09266501690792191,2022,EXIOBASE v3.8.2 IOT_2022_ixi with Danish sea-transport reallocation (Rørmose Jensen & Iliev 2022)
FIN,Finland,Europe,Services,waste_generation,kt,0.09221685047625121,2022,EXIOBASE v3.8.2 IOT_2022_ixi with Danish sea-transport reallocation (Rørmose Jensen & Iliev 2022)
RoW Asia and Pacific,RoW Asia and Pacific,Asia and Pacific,Natural gas and gaseous fuels,material_extraction,kt,0.09203819396859583,2022,EXIOBASE v3.8.2 IOT_2022_ixi with Danish sea-transport reallocation (Rørmose Jensen & Iliev 2022)
EST,Estonia,Europe,Non-metallic mineral products,climate_change,kt CO2eq,0.09184452360209747,2022,EXIOBASE v3.8.2 IOT_2022_ixi with Danish sea-transport reallocation (Rørmose Jensen & Iliev 2022)
LVA,Latvia,Europe,Waste management and disposal,material_extraction,kt,0.09152275592195659,2022,EXIOBASE v3.8.2 IOT_2022_ixi with Danish sea-transport reallocation (Rørmose Jensen & Iliev 2022)
USA,United States,America,Coal and Petroleum,waste_generation,kt,0.09089810838680215,2022,EXIOBASE v3.8.2 IOT_2022_ixi with Danish sea-transport reallocation (Rørmose Jensen & Iliev 2022)
MEX,Mexico,America,Textile,land_use,km2,0.09082864036737508,2022,EXIOBASE v3.8.2 IOT_2022_ixi with Danish sea-transport reallocation (Rørmose Jensen & Iliev 2022)
FIN,Finland,Europe,Waste management and disposal,waste_generation,kt,0.09058183066197978,2022,EXIOBASE v3.8.2 IOT_2022_ixi with Danish sea-transport reallocation (Rørmose Jensen & Iliev 2022)
ESP,Spain,Europe,Transport Equipment,climate_change,kt CO2eq,0.09024724097126396,2022,EXIOBASE v3.8.2 IOT_2022_ixi with Danish sea-transport reallocation (Rørmose Jensen & Iliev 2022)
GBR,United Kingdom,Europe,General and special Machinery,climate_change,kt CO2eq,0.08981089640446788,2022,EXIOBASE v3.8.2 IOT_2022_ixi with Danish sea-transport reallocation (Rørmose Jensen & Iliev 2022)
IND,India,Asia and Pacific,Metal Products,blue_water_consumption,Mm3,0.08972661903070848,2022,EXIOBASE v3.8.2 IOT_2022_ixi with Danish sea-transport reallocation (Rørmose Jensen & Iliev 2022)
RoW Asia and Pacific,RoW Asia and Pacific,Asia and Pacific,"Steam, hot water supply and water distribution",land_use,km2,0.0896743768771473,2022,EXIOBASE v3.8.2 IOT_2022_ixi with Danish sea-transport reallocation (Rørmose Jensen & Iliev 2022)
RoW Middle East,RoW Middle East,Middle East,Electricity,material_extraction,kt,0.08953666220783474,2022,EXIOBASE v3.8.2 IOT_2022_ixi with Danish sea-transport reallocation (Rørmose Jensen & Iliev 2022)
AUT,Austria,Europe,Services,material_extraction,kt,0.08927071634097365,2022,EXIOBASE v3.8.2 IOT_2022_ixi with Danish sea-transport reallocation (Rørmose Jensen & Iliev 2022)
GRC,Greece,Europe,Services,climate_change,kt CO2eq,0.08921328727086345,2022,EXIOBASE v3.8.2 IOT_2022_ixi with Danish sea-transport reallocation (Rørmose Jensen & Iliev 2022)
DEU,Germany,Europe,Services,waste_generation,kt,0.08869252655520031,2022,EXIOBASE v3.8.2 IOT_2022_ixi with Danish sea-transport reallocation (Rørmose Jensen & Iliev 2022)
BEL,Belgium,Europe,Services,blue_water_consumption,Mm3,0.08858369659364733,2022,EXIOBASE v3.8.2 IOT_2022_ixi with Danish sea-transport reallocation (Rørmose Jensen & Iliev 2022)
RoW Europe,RoW Europe,Europe,Electricity,blue_water_consumption,Mm3,0.08759585646860123,2022,EXIOBASE v3.8.2 IOT_2022_ixi with Danish sea-transport reallocation (Rørmose Jensen & Iliev 2022)
AUT,Austria,Europe,Waste management and disposal,waste_generation,kt,0.08751223861740036,2022,EXIOBASE v3.8.2 IOT_2022_ixi with Danish sea-transport reallocation (Rørmose Jensen & Iliev 2022)
IRL,Ireland,Europe,Transport Equipment,climate_change,kt CO2eq,0.0871515753502125,2022,EXIOBASE v3.8.2 IOT_2022_ixi with Danish sea-transport reallocation (Rørmose Jensen & Iliev 2022)
DNK,Denmark,Denmark,Chemical,blue_water_consumption,Mm3,0.08686341530915624,2022,EXIOBASE v3.8.2 IOT_2022_ixi with Danish sea-transport reallocation (Rørmose Jensen & Iliev 2022)
IRL,Ireland,Europe,Food and catering,material_extraction,kt,0.08651191474848641,2022,EXIOBASE v3.8.2 IOT_2022_ixi with Danish sea-transport reallocation (Rørmose Jensen & Iliev 2022)
FIN,Finland,Europe,Electricity,waste_generation,kt,0.08618997376698272,2022,EXIOBASE v3.8.2 IOT_2022_ixi with Danish sea-transport reallocation (Rørmose Jensen & Iliev 2022)
ZAF,South Africa,Africa,Natural gas and gaseous fuels,climate_change,kt CO2eq,0.08594438605819488,2022,EXIOBASE v3.8.2 IOT_2022_ixi with Danish sea-transport reallocation (Rørmose Jensen & Iliev 2022)
HRV,Croatia,Europe,Services,land_use,km2,0.08578595707687256,2022,EXIOBASE v3.8.2 IOT_2022_ixi with Danish sea-transport reallocation (Rørmose Jensen & Iliev 2022)
CHE,Switzerland,Europe,"Steam, hot water supply and water distribution",climate_change,kt CO2eq,0.08557422997682393,2022,EXIOBASE v3.8.2 IOT_2022_ixi with Danish sea-transport reallocation (Rørmose Jensen & Iliev 2022)
IDN,Indonesia,Asia and Pacific,"Steam, hot water supply and water distribution",climate_change,kt CO2eq,0.0848743422758538,2022,EXIOBASE v3.8.2 IOT_2022_ixi with Danish sea-transport reallocation (Rørmose Jensen & Iliev 2022)
CHN,China,Asia and Pacific,Paper Products,blue_water_consumption,Mm3,0.08444672584085361,2022,EXIOBASE v3.8.2 IOT_2022_ixi with Danish sea-transport reallocation (Rørmose Jensen & Iliev 2022)
ITA,Italy,Europe,Paper Products,waste_generation,kt,0.08413040422371089,2022,EXIOBASE v3.8.2 IOT_2022_ixi with Danish sea-transport reallocation (Rørmose Jensen & Iliev 2022)
POL,Poland,Europe,Services,waste_generation,kt,0.0838089231574753,2022,EXIOBASE v3.8.2 IOT_2022_ixi with Danish sea-transport reallocation (Rørmose Jensen & Iliev 2022)
TUR,Turkey,Middle East,Chemical,waste_generation,kt,0.08379450984403546,2022,EXIOBASE v3.8.2 IOT_2022_ixi with Danish sea-transport reallocation (Rørmose Jensen & Iliev 2022)
BRA,Brazil,America,Metal Products,material_extraction,kt,0.08377442036557102,2022,EXIOBASE v3.8.2 IOT_2022_ixi with Danish sea-transport reallocation (Rørmose Jensen & Iliev 2022)
BRA,Brazil,America,Paper Products,waste_generation,kt,0.08314154660388286,2022,EXIOBASE v3.8.2 IOT_2022_ixi with Danish sea-transport reallocation (Rørmose Jensen & Iliev 2022)
SVN,Slovenia,Europe,Paper Products,climate_change,kt CO2eq,0.08234755308266463,2022,EXIOBASE v3.8.2 IOT_2022_ixi with Danish sea-transport reallocation (Rørmose Jensen & Iliev 2022)
BGR,Bulgaria,Europe,"Steam, hot water supply and water distribution",waste_generation,kt,0.08168275354989514,2022,EXIOBASE v3.8.2 IOT_2022_ixi with Danish sea-transport reallocation (Rørmose Jensen & Iliev 2022)
SVK,Slovakia,Europe,Construction,material_extraction,kt,0.08126274178016,2022,EXIOBASE v3.8.2 IOT_2022_ixi with Danish sea-transport reallocation (Rørmose Jensen & Iliev 2022)
JPN,Japan,Asia and Pacific,Food and catering,climate_change,kt CO2eq,0.08123700663314823,2022,EXIOBASE v3.8.2 IOT_2022_ixi with Danish sea-transport reallocation (Rørmose Jensen & Iliev 2022)
DEU,Germany,Europe,Coal and Petroleum,waste_generation,kt,0.08121189684157487,2022,EXIOBASE v3.8.2 IOT_2022_ixi with Danish sea-transport reallocation (Rørmose Jensen & Iliev 2022)
BGR,Bulgaria,Europe,Furniture and timber,land_use,km2,0.08102636806267309,2022,EXIOBASE v3.8.2 IOT_2022_ixi with Danish sea-transport reallocation (Rørmose Jensen & Iliev 2022)
NLD,Netherlands,Europe,Services,waste_generation,kt,0.08065696973721241,2022,EXIOBASE v3.8.2 IOT_2022_ixi with Danish sea-transport reallocation (Rørmose Jensen & Iliev 2022)
LTU,Lithuania,Europe,Minerals and Metals,climate_change,kt CO2eq,0.08052778951996464,2022,EXIOBASE v3.8.2 IOT_2022_ixi with Danish sea-transport reallocation (Rørmose Jensen & Iliev 2022)
RUS,Russia,Europe,Electricity,waste_generation,kt,0.0804388000461698,2022,EXIOBASE v3.8.2 IOT_2022_ixi with Danish sea-transport reallocation (Rørmose Jensen & Iliev 2022)
CZE,Czech Republic,Europe,Paper Products,waste_generation,kt,0.08022369406939422,2022,EXIOBASE v3.8.2 IOT_2022_ixi with Danish sea-transport reallocation (Rørmose Jensen & Iliev 2022)
RUS,Russia,Europe,Textile,climate_change,kt CO2eq,0.08002590566881258,2022,EXIOBASE v3.8.2 IOT_2022_ixi with Danish sea-transport reallocation (Rørmose Jensen & Iliev 2022)
RoW Africa,RoW Africa,Africa,Chemical,blue_water_consumption,Mm3,0.0799163771440008,2022,EXIOBASE v3.8.2 IOT_2022_ixi with Danish sea-transport reallocation (Rørmose Jensen & Iliev 2022)
FRA,France,Europe,Chemical,waste_generation,kt,0.07976336752260162,2022,EXIOBASE v3.8.2 IOT_2022_ixi with Danish sea-transport reallocation (Rørmose Jensen & Iliev 2022)
CHN,China,Asia and Pacific,General and special Machinery,blue_water_consumption,Mm3,0.07960956235525599,2022,EXIOBASE v3.8.2 IOT_2022_ixi with Danish sea-transport reallocation (Rørmose Jensen & Iliev 2022)
RUS,Russia,Europe,Minerals and Metals,land_use,km2,0.07946863730564635,2022,EXIOBASE v3.8.2 IOT_2022_ixi with Danish sea-transport reallocation (Rørmose Jensen & Iliev 2022)
CAN,Canada,America,Coal and Petroleum,waste_generation,kt,0.07924188716388883,2022,EXIOBASE v3.8.2 IOT_2022_ixi with Danish sea-transport reallocation (Rørmose Jensen & Iliev 2022)
ESP,Spain,Europe,Electricity,waste_generation,kt,0.07914581672595217,2022,EXIOBASE v3.8.2 IOT_2022_ixi with Danish sea-transport reallocation (Rørmose Jensen & Iliev 2022)
HUN,Hungary,Europe,Furniture and timber,land_use,km2,0.07863546171248213,2022,EXIOBASE v3.8.2 IOT_2022_ixi with Danish sea-transport reallocation (Rørmose Jensen & Iliev 2022)
RoW Africa,RoW Africa,Africa,Minerals and Metals,land_use,km2,0.07839225718431153,2022,EXIOBASE v3.8.2 IOT_2022_ixi with Danish sea-transport reallocation (Rørmose Jensen & Iliev 2022)
BEL,Belgium,Europe,Paper Products,climate_change,kt CO2eq,0.07824860131887279,2022,EXIOBASE v3.8.2 IOT_2022_ixi with Danish sea-transport reallocation (Rørmose Jensen & Iliev 2022)
DEU,Germany,Europe,Furniture and timber,climate_change,kt CO2eq,0.0778203437724421,2022,EXIOBASE v3.8.2 IOT_2022_ixi with Danish sea-transport reallocation (Rørmose Jensen & Iliev 2022)
IDN,Indonesia,Asia and Pacific,Natural gas and gaseous fuels,climate_change,kt CO2eq,0.07774475709946982,2022,EXIOBASE v3.8.2 IOT_2022_ixi with Danish sea-transport reallocation (Rørmose Jensen & Iliev 2022)
DEU,Germany,Europe,Electricity,blue_water_consumption,Mm3,0.07770740101576729,2022,EXIOBASE v3.8.2 IOT_2022_ixi with Danish sea-transport reallocation (Rørmose Jensen & Iliev 2022)
AUT,Austria,Europe,"Electrical, electronic and measuring equipment",climate_change,kt CO2eq,0.07729319198287996,2022,EXIOBASE v3.8.2 IOT_2022_ixi with Danish sea-transport reallocation (Rørmose Jensen & Iliev 2022)
BGR,Bulgaria,Europe,Minerals and Metals,climate_change,kt CO2eq,0.07716184235543821,2022,EXIOBASE v3.8.2 IOT_2022_ixi with Danish sea-transport reallocation (Rørmose Jensen & Iliev 2022)
HRV,Croatia,Europe,Chemical,waste_generation,kt,0.07707411519638646,2022,EXIOBASE v3.8.2 IOT_2022_ixi with Danish sea-transport reallocation (Rørmose Jensen & Iliev 2022)
RoW Asia and Pacific,RoW Asia and Pacific,Asia and Pacific,Services,blue_water_consumption,Mm3,0.07668544112630442,2022,EXIOBASE v3.8.2 IOT_2022_ixi with Danish sea-transport reallocation (Rørmose Jensen & Iliev 2022)
RoW America,RoW America,America,Construction,climate_change,kt CO2eq,0.0765303770516176,2022,EXIOBASE v3.8.2 IOT_2022_ixi with Danish sea-transport reallocation (Rørmose Jensen & Iliev 2022)
GBR,United Kingdom,Europe,Food and catering,blue_water_consumption,Mm3,0.07601131726488951,2022,EXIOBASE v3.8.2 IOT_2022_ixi with Danish sea-transport reallocation (Rørmose Jensen & Iliev 2022)
CHE,Switzerland,Europe,Furniture and timber,climate_change,kt CO2eq,0.07578951256329605,2022,EXIOBASE v3.8.2 IOT_2022_ixi with Danish sea-transport reallocation (Rørmose Jensen & Iliev 2022)
RoW Africa,RoW Africa,Africa,Transport Equipment,climate_change,kt CO2eq,0.07550496390756127,2022,EXIOBASE v3.8.2 IOT_2022_ixi with Danish sea-transport reallocation (Rørmose Jensen & Iliev 2022)
LVA,Latvia,Europe,Metal Products,climate_change,kt CO2eq,0.07548483292791507,2022,EXIOBASE v3.8.2 IOT_2022_ixi with Danish sea-transport reallocation (Rørmose Jensen & Iliev 2022)
LUX,Luxembourg,Europe,Metal Products,climate_change,kt CO2eq,0.07526093483716749,2022,EXIOBASE v3.8.2 IOT_2022_ixi with Danish sea-transport reallocation (Rørmose Jensen & Iliev 2022)
BEL,Belgium,Europe,Transport Equipment,climate_change,kt CO2eq,0.07416325455428772,2022,EXIOBASE v3.8.2 IOT_2022_ixi with Danish sea-transport reallocation (Rørmose Jensen & Iliev 2022)
RoW Asia and Pacific,RoW Asia and Pacific,Asia and Pacific,Metal Products,waste_generation,kt,0.07360481714857903,2022,EXIOBASE v3.8.2 IOT_2022_ixi with Danish sea-transport reallocation (Rørmose Jensen & Iliev 2022)
RUS,Russia,Europe,Waste management and disposal,material_extraction,kt,0.07351913822708066,2022,EXIOBASE v3.8.2 IOT_2022_ixi with Danish sea-transport reallocation (Rørmose Jensen & Iliev 2022)
ITA,Italy,Europe,General and special Machinery,climate_change,kt CO2eq,0.0733812590637247,2022,EXIOBASE v3.8.2 IOT_2022_ixi with Danish sea-transport reallocation (Rørmose Jensen & Iliev 2022)
PRT,Portugal,Europe,Paper Products,waste_generation,kt,0.07325283845078458,2022,EXIOBASE v3.8.2 IOT_2022_ixi with Danish sea-transport reallocation (Rørmose Jensen & Iliev 2022)
SVK,Slovakia,Europe,Chemical,waste_generation,kt,0.07310636915749794,2022,EXIOBASE v3.8.2 IOT_2022_ixi with Danish sea-transport reallocation (Rørmose Jensen & Iliev 2022)
RoW Europe,RoW Europe,Europe,Furniture and timber,material_extraction,kt,0.07248649025036605,2022,EXIOBASE v3.8.2 IOT_2022_ixi with Danish sea-transport reallocation (Rørmose Jensen & Iliev 2022)
BGR,Bulgaria,Europe,Chemical,land_use,km2,0.07234040167318669,2022,EXIOBASE v3.8.2 IOT_2022_ixi with Danish sea-transport reallocation (Rørmose Jensen & Iliev 2022)
LVA,Latvia,Europe,Minerals and Metals,climate_change,kt CO2eq,0.07180004304317879,2022,EXIOBASE v3.8.2 IOT_2022_ixi with Danish sea-transport reallocation (Rørmose Jensen & Iliev 2022)
LVA,Latvia,Europe,Chemical,climate_change,kt CO2eq,0.07169915331696525,2022,EXIOBASE v3.8.2 IOT_2022_ixi with Danish sea-transport reallocation (Rørmose Jensen & Iliev 2022)
MEX,Mexico,America,Furniture and timber,climate_change,kt CO2eq,0.07161609048692533,2022,EXIOBASE v3.8.2 IOT_2022_ixi with Danish sea-transport reallocation (Rørmose Jensen & Iliev 2022)
GRC,Greece,Europe,Electricity,waste_generation,kt,0.0716055279508022,2022,EXIOBASE v3.8.2 IOT_2022_ixi with Danish sea-transport reallocation (Rørmose Jensen & Iliev 2022)
RoW Europe,RoW Europe,Europe,General and special Machinery,material_extraction,kt,0.0713678866823387,2022,EXIOBASE v3.8.2 IOT_2022_ixi with Danish sea-transport reallocation (Rørmose Jensen & Iliev 2022)
POL,Poland,Europe,General and special Machinery,climate_change,kt CO2eq,0.07121987191823172,2022,EXIOBASE v3.8.2 IOT_2022_ixi with Danish sea-transport reallocation (Rørmose Jensen & Iliev 2022)
LUX,Luxembourg,Europe,Waste management and disposal,climate_change,kt CO2eq,0.07030705874068163,2022,EXIOBASE v3.8.2 IOT_2022_ixi with Danish sea-transport reallocation (Rørmose Jensen & Iliev 2022)
POL,Poland,Europe,Construction,climate_change,kt CO2eq,0.07009878830057793,2022,EXIOBASE v3.8.2 IOT_2022_ixi with Danish sea-transport reallocation (Rørmose Jensen & Iliev 2022)
CAN,Canada,America,Services,waste_generation,kt,0.06995174419159435,2022,EXIOBASE v3.8.2 IOT_2022_ixi with Danish sea-transport reallocation (Rørmose Jensen & Iliev 2022)
HUN,Hungary,Europe,Electricity,waste_generation,kt,0.06970712596299164,2022,EXIOBASE v3.8.2 IOT_2022_ixi with Danish sea-transport reallocation (Rørmose Jensen & Iliev 2022)
ROU,Romania,Europe,Food and catering,waste_generation,kt,0.06969271742406663,2022,EXIOBASE v3.8.2 IOT_2022_ixi with Danish sea-transport reallocation (Rørmose Jensen & Iliev 2022)
IDN,Indonesia,Asia and Pacific,Food and catering,blue_water_consumption,Mm3,0.06960030395087823,2022,EXIOBASE v3.8.2 IOT_2022_ixi with Danish sea-transport reallocation (Rørmose Jensen & Iliev 2022)
NOR,Norway,Europe,Furniture and timber,waste_generation,kt,0.06927868654446753,2022,EXIOBASE v3.8.2 IOT_2022_ixi with Danish sea-transport reallocation (Rørmose Jensen & Iliev 2022)
EST,Estonia,Europe,Food and catering,waste_generation,kt,0.0692220514392575,2022,EXIOBASE v3.8.2 IOT_2022_ixi with Danish sea-transport reallocation (Rørmose Jensen & Iliev 2022)
BGR,Bulgaria,Europe,Chemical,waste_generation,kt,0.06914453214940233,2022,EXIOBASE v3.8.2 IOT_2022_ixi with Danish sea-transport reallocation (Rørmose Jensen & Iliev 2022)
BRA,Brazil,America,Paper Products,climate_change,kt CO2eq,0.06910391556681776,2022,EXIOBASE v3.8.2 IOT_2022_ixi with Danish sea-transport reallocation (Rørmose Jensen & Iliev 2022)
RoW Africa,RoW Africa,Africa,Electricity,waste_generation,kt,0.06890619511127793,2022,EXIOBASE v3.8.2 IOT_2022_ixi with Danish sea-transport reallocation (Rørmose Jensen & Iliev 2022)
RUS,Russia,Europe,Metal Products,land_use,km2,0.06882413806918822,2022,EXIOBASE v3.8.2 IOT_2022_ixi with Danish sea-transport reallocation (Rørmose Jensen & Iliev 2022)
AUS,Australia,Asia and Pacific,"Electrical, electronic and measuring equipment",climate_change,kt CO2eq,0.06857891940404817,2022,EXIOBASE v3.8.2 IOT_2022_ixi with Danish sea-transport reallocation (Rørmose Jensen & Iliev 2022)
ITA,Italy,Europe,Electricity,waste_generation,kt,0.06828852292108703,2022,EXIOBASE v3.8.2 IOT_2022_ixi with Danish sea-transport reallocation (Rørmose Jensen & Iliev 2022)
IND,India,Asia and Pacific,General and special Machinery,climate_change,kt CO2eq,0.06806485642328962,2022,EXIOBASE v3.8.2 IOT_2022_ixi with Danish sea-transport reallocation (Rørmose Jensen & Iliev 2022)
CHE,Switzerland,Europe,Coal and Petroleum,waste_generation,kt,0.06772175670548904,2022,EXIOBASE v3.8.2 IOT_2022_ixi with Danish sea-transport reallocation (Rørmose Jensen & Iliev 2022)
RUS,Russia,Europe,Transport Equipment,climate_change,kt CO2eq,0.06753474604447801,2022,EXIOBASE v3.8.2 IOT_2022_ixi with Danish sea-transport reallocation (Rørmose Jensen & Iliev 2022)
GBR,United Kingdom,Europe,Chemical,material_extraction,kt,0.06750440589077622,2022,EXIOBASE v3.8.2 IOT_2022_ixi with Danish sea-transport reallocation (Rørmose Jensen & Iliev 2022)
BGR,Bulgaria,Europe,Metal Products,climate_change,kt CO2eq,0.06698595878853082,2022,EXIOBASE v3.8.2 IOT_2022_ixi with Danish sea-transport reallocation (Rørmose Jensen & Iliev 2022)
RoW America,RoW America,America,Furniture and timber,climate_change,kt CO2eq,0.06676096604494858,2022,EXIOBASE v3.8.2 IOT_2022_ixi with Danish sea-transport reallocation (Rørmose Jensen & Iliev 2022)
IRL,Ireland,Europe,Natural gas and gaseous fuels,climate_change,kt CO2eq,0.06652940552235087,2022,EXIOBASE v3.8.2 IOT_2022_ixi with Danish sea-transport reallocation (Rørmose Jensen & Iliev 2022)
USA,United States,America,Construction,climate_change,kt CO2eq,0.06632696165273393,2022,EXIOBASE v3.8.2 IOT_2022_ixi with Danish sea-transport reallocation (Rørmose Jensen & Iliev 2022)
KOR,South Korea,Asia and Pacific,Metal Products,waste_generation,kt,0.0663200131001057,2022,EXIOBASE v3.8.2 IOT_2022_ixi with Danish sea-transport reallocation (Rørmose Jensen & Iliev 2022)
RoW Asia and Pacific,RoW Asia and Pacific,Asia and Pacific,Waste management and disposal,material_extraction,kt,0.06621404642358014,2022,EXIOBASE v3.8.2 IOT_2022_ixi with Danish sea-transport reallocation (Rørmose Jensen & Iliev 2022)
RoW Africa,RoW Africa,Africa,Waste management and disposal,waste_generation,kt,0.06579444086555883,2022,EXIOBASE v3.8.2 IOT_2022_ixi with Danish sea-transport reallocation (Rørmose Jensen & Iliev 2022)
RUS,Russia,Europe,General and special Machinery,climate_change,kt CO2eq,0.06534944707607344,2022,EXIOBASE v3.8.2 IOT_2022_ixi with Danish sea-transport reallocation (Rørmose Jensen & Iliev 2022)
GBR,United Kingdom,Europe,Coal and Petroleum,waste_generation,kt,0.06514239392052085,2022,EXIOBASE v3.8.2 IOT_2022_ixi with Danish sea-transport reallocation (Rørmose Jensen & Iliev 2022)
ROU,Romania,Europe,Minerals and Metals,climate_change,kt CO2eq,0.06498293952487909,2022,EXIOBASE v3.8.2 IOT_2022_ixi with Danish sea-transport reallocation (Rørmose Jensen & Iliev 2022)
LUX,Luxembourg,Europe,Electricity,climate_change,kt CO2eq,0.06477735921871074,2022,EXIOBASE v3.8.2 IOT_2022_ixi with Danish sea-transport reallocation (Rørmose Jensen & Iliev 2022)
MEX,Mexico,America,Minerals and Metals,climate_change,kt CO2eq,0.06457043982539565,2022,EXIOBASE v3.8.2 IOT_2022_ixi with Danish sea-transport reallocation (Rørmose Jensen & Iliev 2022)
LTU,Lithuania,Europe,Chemical,waste_generation,kt,0.06388197211310415,2022,EXIOBASE v3.8.2 IOT_2022_ixi with Danish sea-transport reallocation (Rørmose Jensen & Iliev 2022)
AUT,Austria,Europe,Chemical,material_extraction,kt,0.06373516619463854,2022,EXIOBASE v3.8.2 IOT_2022_ixi with Danish sea-transport reallocation (Rørmose Jensen & Iliev 2022)
RUS,Russia,Europe,Construction,climate_change,kt CO2eq,0.06371122502918193,2022,EXIOBASE v3.8.2 IOT_2022_ixi with Danish sea-transport reallocation (Rørmose Jensen & Iliev 2022)
SVN,Slovenia,Europe,Metal Products,climate_change,kt CO2eq,0.06353851762990549,2022,EXIOBASE v3.8.2 IOT_2022_ixi with Danish sea-transport reallocation (Rørmose Jensen & Iliev 2022)
JPN,Japan,Asia and Pacific,"Electrical, electronic and measuring equipment",climate_change,kt CO2eq,0.06312897580021604,2022,EXIOBASE v3.8.2 IOT_2022_ixi with Danish sea-transport reallocation (Rørmose Jensen & Iliev 2022)
IRL,Ireland,Europe,Chemical,material_extraction,kt,0.06288431282606599,2022,EXIOBASE v3.8.2 IOT_2022_ixi with Danish sea-transport reallocation (Rørmose Jensen & Iliev 2022)
RoW America,RoW America,America,Paper Products,land_use,km2,0.06248829050224424,2022,EXIOBASE v3.8.2 IOT_2022_ixi with Danish sea-transport reallocation (Rørmose Jensen & Iliev 2022)
RoW Middle East,RoW Middle East,Middle East,Non-metallic mineral products,material_extraction,kt,0.06198475899449503,2022,EXIOBASE v3.8.2 IOT_2022_ixi with Danish sea-transport reallocation (Rørmose Jensen & Iliev 2022)
RoW Africa,RoW Africa,Africa,Chemical,land_use,km2,0.061872471614418355,2022,EXIOBASE v3.8.2 IOT_2022_ixi with Danish sea-transport reallocation (Rørmose Jensen & Iliev 2022)
ESP,Spain,Europe,Waste management and disposal,waste_generation,kt,0.0617212892140572,2022,EXIOBASE v3.8.2 IOT_2022_ixi with Danish sea-transport reallocation (Rørmose Jensen & Iliev 2022)
USA,United States,America,Metal Products,waste_generation,kt,0.06164305343192778,2022,EXIOBASE v3.8.2 IOT_2022_ixi with Danish sea-transport reallocation (Rørmose Jensen & Iliev 2022)
IND,India,Asia and Pacific,Non-metallic mineral products,material_extraction,kt,0.061616466568751034,2022,EXIOBASE v3.8.2 IOT_2022_ixi with Danish sea-transport reallocation (Rørmose Jensen & Iliev 2022)
HRV,Croatia,Europe,Metal Products,climate_change,kt CO2eq,0.06133809282698779,2022,EXIOBASE v3.8.2 IOT_2022_ixi with Danish sea-transport reallocation (Rørmose Jensen & Iliev 2022)
RUS,Russia,Europe,Electricity,land_use,km2,0.061181547565063645,2022,EXIOBASE v3.8.2 IOT_2022_ixi with Danish sea-transport reallocation (Rørmose Jensen & Iliev 2022)
CAN,Canada,America,"Steam, hot water supply and water distribution",climate_change,kt CO2eq,0.0611724326089336,2022,EXIOBASE v3.8.2 IOT_2022_ixi with Danish sea-transport reallocation (Rørmose Jensen & Iliev 2022)
ESP,Spain,Europe,Textile,climate_change,kt CO2eq,0.06110887142161173,2022,EXIOBASE v3.8.2 IOT_2022_ixi with Danish sea-transport reallocation (Rørmose Jensen & Iliev 2022)
DNK,Denmark,Denmark,Transport Equipment,climate_change,kt CO2eq,0.06104335907844432,2022,EXIOBASE v3.8.2 IOT_2022_ixi with Danish sea-transport reallocation (Rørmose Jensen & Iliev 2022)
JPN,Japan,Asia and Pacific,Textile,climate_change,kt CO2eq,0.06102057436919629,2022,EXIOBASE v3.8.2 IOT_2022_ixi with Danish sea-transport reallocation (Rørmose Jensen & Iliev 2022)
CHN,China,Asia and Pacific,Furniture and timber,waste_generation,kt,0.06064589805015518,2022,EXIOBASE v3.8.2 IOT_2022_ixi with Danish sea-transport reallocation (Rørmose Jensen & Iliev 2022)
SWE,Sweden,Europe,Chemical,blue_water_consumption,Mm3,0.060590332948425515,2022,EXIOBASE v3.8.2 IOT_2022_ixi with Danish sea-transport reallocation (Rørmose Jensen & Iliev 2022)
RoW Asia and Pacific,RoW Asia and Pacific,Asia and Pacific,Chemical,material_extraction,kt,0.06056330967647542,2022,EXIOBASE v3.8.2 IOT_2022_ixi with Danish sea-transport reallocation (Rørmose Jensen & Iliev 2022)
SVN,Slovenia,Europe,Construction,material_extraction,kt,0.06034182848168795,2022,EXIOBASE v3.8.2 IOT_2022_ixi with Danish sea-transport reallocation (Rørmose Jensen & Iliev 2022)
RoW Asia and Pacific,RoW Asia and Pacific,Asia and Pacific,Minerals and Metals,waste_generation,kt,0.060204568084403,2022,EXIOBASE v3.8.2 IOT_2022_ixi with Danish sea-transport reallocation (Rørmose Jensen & Iliev 2022)
SWE,Sweden,Europe,Furniture and timber,waste_generation,kt,0.0600355753592763,2022,EXIOBASE v3.8.2 IOT_2022_ixi with Danish sea-transport reallocation (Rørmose Jensen & Iliev 2022)
ESP,Spain,Europe,"Electrical, electronic and measuring equipment",climate_change,kt CO2eq,0.05977662296965765,2022,EXIOBASE v3.8.2 IOT_2022_ixi with Danish sea-transport reallocation (Rørmose Jensen & Iliev 2022)
RoW Africa,RoW Africa,Africa,Transport Equipment,waste_generation,kt,0.05964736766916563,2022,EXIOBASE v3.8.2 IOT_2022_ixi with Danish sea-transport reallocation (Rørmose Jensen & Iliev 2022)
KOR,South Korea,Asia and Pacific,Chemical,waste_generation,kt,0.059641501310270434,2022,EXIOBASE v3.8.2 IOT_2022_ixi with Danish sea-transport reallocation (Rørmose Jensen & Iliev 2022)
RoW America,RoW America,America,Coal and Petroleum,land_use,km2,0.05947570773116642,2022,EXIOBASE v3.8.2 IOT_2022_ixi with Danish sea-transport reallocation (Rørmose Jensen & Iliev 2022)
SVN,Slovenia,Europe,Minerals and Metals,climate_change,kt CO2eq,0.05930052659367929,2022,EXIOBASE v3.8.2 IOT_2022_ixi with Danish sea-transport reallocation (Rørmose Jensen & Iliev 2022)
BEL,Belgium,Europe,Metal Products,waste_generation,kt,0.05910279379990072,2022,EXIOBASE v3.8.2 IOT_2022_ixi with Danish sea-transport reallocation (Rørmose Jensen & Iliev 2022)
BEL,Belgium,Europe,Services,waste_generation,kt,0.058577380950733705,2022,EXIOBASE v3.8.2 IOT_2022_ixi with Danish sea-transport reallocation (Rørmose Jensen & Iliev 2022)
CYP,Cyprus,Middle East,Electricity,climate_change,kt CO2eq,0.05856103753139616,2022,EXIOBASE v3.8.2 IOT_2022_ixi with Danish sea-transport reallocation (Rørmose Jensen & Iliev 2022)
RoW Middle East,RoW Middle East,Middle East,Transport Equipment,climate_change,kt CO2eq,0.058535947760674945,2022,EXIOBASE v3.8.2 IOT_2022_ixi with Danish sea-transport reallocation (Rørmose Jensen & Iliev 2022)
RoW Asia and Pacific,RoW Asia and Pacific,Asia and Pacific,Non-metallic mineral products,waste_generation,kt,0.058515798091138736,2022,EXIOBASE v3.8.2 IOT_2022_ixi with Danish sea-transport reallocation (Rørmose Jensen & Iliev 2022)
CZE,Czech Republic,Europe,Coal and Petroleum,waste_generation,kt,0.058463689832982044,2022,EXIOBASE v3.8.2 IOT_2022_ixi with Danish sea-transport reallocation (Rørmose Jensen & Iliev 2022)
AUT,Austria,Europe,Metal Products,waste_generation,kt,0.058388711971691994,2022,EXIOBASE v3.8.2 IOT_2022_ixi with Danish sea-transport reallocation (Rørmose Jensen & Iliev 2022)
CHE,Switzerland,Europe,Paper Products,climate_change,kt CO2eq,0.05838439120302466,2022,EXIOBASE v3.8.2 IOT_2022_ixi with Danish sea-transport reallocation (Rørmose Jensen & Iliev 2022)
RoW Europe,RoW Europe,Europe,Services,waste_generation,kt,0.05808376233065345,2022,EXIOBASE v3.8.2 IOT_2022_ixi with Danish sea-transport reallocation (Rørmose Jensen & Iliev 2022)
ZAF,South Africa,Africa,"Steam, hot water supply and water distribution",climate_change,kt CO2eq,0.058056877725692,2022,EXIOBASE v3.8.2 IOT_2022_ixi with Danish sea-transport reallocation (Rørmose Jensen & Iliev 2022)
RoW Africa,RoW Africa,Africa,Minerals and Metals,waste_generation,kt,0.05782697590555049,2022,EXIOBASE v3.8.2 IOT_2022_ixi with Danish sea-transport reallocation (Rørmose Jensen & Iliev 2022)
BEL,Belgium,Europe,Natural gas and gaseous fuels,climate_change,kt CO2eq,0.05771494221732816,2022,EXIOBASE v3.8.2 IOT_2022_ixi with Danish sea-transport reallocation (Rørmose Jensen & Iliev 2022)
JPN,Japan,Asia and Pacific,Chemical,waste_generation,kt,0.057695834083463196,2022,EXIOBASE v3.8.2 IOT_2022_ixi with Danish sea-transport reallocation (Rørmose Jensen & Iliev 2022)
EST,Estonia,Europe,Electricity,waste_generation,kt,0.05768727288418458,2022,EXIOBASE v3.8.2 IOT_2022_ixi with Danish sea-transport reallocation (Rørmose Jensen & Iliev 2022)
SVK,Slovakia,Europe,General and special Machinery,land_use,km2,0.057517974812698665,2022,EXIOBASE v3.8.2 IOT_2022_ixi with Danish sea-transport reallocation (Rørmose Jensen & Iliev 2022)
ITA,Italy,Europe,Textile,climate_change,kt CO2eq,0.05699415450312965,2022,EXIOBASE v3.8.2 IOT_2022_ixi with Danish sea-transport reallocation (Rørmose Jensen & Iliev 2022)
ITA,Italy,Europe,Services,waste_generation,kt,0.05666340639064849,2022,EXIOBASE v3.8.2 IOT_2022_ixi with Danish sea-transport reallocation (Rørmose Jensen & Iliev 2022)
DEU,Germany,Europe,Construction,climate_change,kt CO2eq,0.056625694050975464,2022,EXIOBASE v3.8.2 IOT_2022_ixi with Danish sea-transport reallocation (Rørmose Jensen & Iliev 2022)
RoW Asia and Pacific,RoW Asia and Pacific,Asia and Pacific,Construction,material_extraction,kt,0.05655494801009574,2022,EXIOBASE v3.8.2 IOT_2022_ixi with Danish sea-transport reallocation (Rørmose Jensen & Iliev 2022)
RoW Asia and Pacific,RoW Asia and Pacific,Asia and Pacific,Metal Products,blue_water_consumption,Mm3,0.05638506447770658,2022,EXIOBASE v3.8.2 IOT_2022_ixi with Danish sea-transport reallocation (Rørmose Jensen & Iliev 2022)
TUR,Turkey,Middle East,Metal Products,waste_generation,kt,0.05613212591789254,2022,EXIOBASE v3.8.2 IOT_2022_ixi with Danish sea-transport reallocation (Rørmose Jensen & Iliev 2022)
CHE,Switzerland,Europe,Waste management and disposal,waste_generation,kt,0.05599105551566239,2022,EXIOBASE v3.8.2 IOT_2022_ixi with Danish sea-transport reallocation (Rørmose Jensen & Iliev 2022)
RoW Africa,RoW Africa,Africa,Textile,waste_generation,kt,0.05544585021922193,2022,EXIOBASE v3.8.2 IOT_2022_ixi with Danish sea-transport reallocation (Rørmose Jensen & Iliev 2022)
CYP,Cyprus,Middle East,Minerals and Metals,material_extraction,kt,0.05531333625970944,2022,EXIOBASE v3.8.2 IOT_2022_ixi with Danish sea-transport reallocation (Rørmose Jensen & Iliev 2022)
DEU,Germany,Europe,Transport Equipment,climate_change,kt CO2eq,0.05494662217528361,2022,EXIOBASE v3.8.2 IOT_2022_ixi with Danish sea-transport reallocation (Rørmose Jensen & Iliev 2022)
KOR,South Korea,Asia and Pacific,Paper Products,climate_change,kt CO2eq,0.05425305365500982,2022,EXIOBASE v3.8.2 IOT_2022_ixi with Danish sea-transport reallocation (Rørmose Jensen & Iliev 2022)
AUT,Austria,Europe,Paper Products,waste_generation,kt,0.05411666657075066,2022,EXIOBASE v3.8.2 IOT_2022_ixi with Danish sea-transport reallocation (Rørmose Jensen & Iliev 2022)
CZE,Czech Republic,Europe,Chemical,material_extraction,kt,0.05405524566999248,2022,EXIOBASE v3.8.2 IOT_2022_ixi with Danish sea-transport reallocation (Rørmose Jensen & Iliev 2022)
RoW Middle East,RoW Middle East,Middle East,Waste management and disposal,material_extraction,kt,0.053920968066577236,2022,EXIOBASE v3.8.2 IOT_2022_ixi with Danish sea-transport reallocation (Rørmose Jensen & Iliev 2022)
CAN,Canada,America,Furniture and timber,climate_change,kt CO2eq,0.0536275343076903,2022,EXIOBASE v3.8.2 IOT_2022_ixi with Danish sea-transport reallocation (Rørmose Jensen & Iliev 2022)
POL,Poland,Europe,Textile,climate_change,kt CO2eq,0.053424361322148645,2022,EXIOBASE v3.8.2 IOT_2022_ixi with Danish sea-transport reallocation (Rørmose Jensen & Iliev 2022)
SVK,Slovakia,Europe,Minerals and Metals,climate_change,kt CO2eq,0.05332680114444065,2022,EXIOBASE v3.8.2 IOT_2022_ixi with Danish sea-transport reallocation (Rørmose Jensen & Iliev 2022)
CHE,Switzerland,Europe,Chemical,waste_generation,kt,0.0532067077487877,2022,EXIOBASE v3.8.2 IOT_2022_ixi with Danish sea-transport reallocation (Rørmose Jensen & Iliev 2022)
KOR,South Korea,Asia and Pacific,Coal and Petroleum,waste_generation,kt,0.05306423160643186,2022,EXIOBASE v3.8.2 IOT_2022_ixi with Danish sea-transport reallocation (Rørmose Jensen & Iliev 2022)
CHE,Switzerland,Europe,Services,waste_generation,kt,0.05300569366797911,2022,EXIOBASE v3.8.2 IOT_2022_ixi with Danish sea-transport reallocation (Rørmose Jensen & Iliev 2022)
RoW Middle East,RoW Middle East,Middle East,Transport,waste_generation,kt,0.05296732118105207,2022,EXIOBASE v3.8.2 IOT_2022_ixi with Danish sea-transport reallocation (Rørmose Jensen & Iliev 2022)
MLT,Malta,Europe,Food and catering,waste_generation,kt,0.05284207688329246,2022,EXIOBASE v3.8.2 IOT_2022_ixi with Danish sea-transport reallocation (Rørmose Jensen & Iliev 2022)
CHN,China,Asia and Pacific,"Steam, hot water supply and water distribution",waste_generation,kt,0.05276667215302982,2022,EXIOBASE v3.8.2 IOT_2022_ixi with Danish sea-transport reallocation (Rørmose Jensen & Iliev 2022)
CZE,Czech Republic,Europe,Metal Products,material_extraction,kt,0.05266505203784665,2022,EXIOBASE v3.8.2 IOT_2022_ixi with Danish sea-transport reallocation (Rørmose Jensen & Iliev 2022)
SVN,Slovenia,Europe,Chemical,waste_generation,kt,0.052479195874947274,2022,EXIOBASE v3.8.2 IOT_2022_ixi with Danish sea-transport reallocation (Rørmose Jensen & Iliev 2022)
KOR,South Korea,Asia and Pacific,"Electrical, electronic and measuring equipment",climate_change,kt CO2eq,0.0523613129460896,2022,EXIOBASE v3.8.2 IOT_2022_ixi with Danish sea-transport reallocation (Rørmose Jensen & Iliev 2022)
RoW Europe,RoW Europe,Europe,Textile,material_extraction,kt,0.052316651434184694,2022,EXIOBASE v3.8.2 IOT_2022_ixi with Danish sea-transport reallocation (Rørmose Jensen & Iliev 2022)
CZE,Czech Republic,Europe,Food and catering,waste_generation,kt,0.052199669431370777,2022,EXIOBASE v3.8.2 IOT_2022_ixi with Danish sea-transport reallocation (Rørmose Jensen & Iliev 2022)
LUX,Luxembourg,Europe,Metal Products,waste_generation,kt,0.052116934940144154,2022,EXIOBASE v3.8.2 IOT_2022_ixi with Danish sea-transport reallocation (Rørmose Jensen & Iliev 2022)
LTU,Lithuania,Europe,Electricity,climate_change,kt CO2eq,0.05207463716713297,2022,EXIOBASE v3.8.2 IOT_2022_ixi with Danish sea-transport reallocation (Rørmose Jensen & Iliev 2022)
GBR,United Kingdom,Europe,Paper Products,waste_generation,kt,0.051886768809263656,2022,EXIOBASE v3.8.2 IOT_2022_ixi with Danish sea-transport reallocation (Rørmose Jensen & Iliev 2022)
PRT,Portugal,Europe,Furniture and timber,waste_generation,kt,0.05163902215884507,2022,EXIOBASE v3.8.2 IOT_2022_ixi with Danish sea-transport reallocation (Rørmose Jensen & Iliev 2022)
HUN,Hungary,Europe,Waste management and disposal,waste_generation,kt,0.051531453864815495,2022,EXIOBASE v3.8.2 IOT_2022_ixi with Danish sea-transport reallocation (Rørmose Jensen & Iliev 2022)
RUS,Russia,Europe,Construction,land_use,km2,0.05150245548854401,2022,EXIOBASE v3.8.2 IOT_2022_ixi with Danish sea-transport reallocation (Rørmose Jensen & Iliev 2022)
NOR,Norway,Europe,Services,waste_generation,kt,0.050860723037497065,2022,EXIOBASE v3.8.2 IOT_2022_ixi with Danish sea-transport reallocation (Rørmose Jensen & Iliev 2022)
SVK,Slovakia,Europe,Coal and Petroleum,waste_generation,kt,0.05084965368753117,2022,EXIOBASE v3.8.2 IOT_2022_ixi with Danish sea-transport reallocation (Rørmose Jensen & Iliev 2022)
SVK,Slovakia,Europe,"Electrical, electronic and measuring equipment",climate_change,kt CO2eq,0.05075867171659436,2022,EXIOBASE v3.8.2 IOT_2022_ixi with Danish sea-transport reallocation (Rørmose Jensen & Iliev 2022)
NLD,Netherlands,Europe,Metal Products,waste_generation,kt,0.050458144006171574,2022,EXIOBASE v3.8.2 IOT_2022_ixi with Danish sea-transport reallocation (Rørmose Jensen & Iliev 2022)
RoW Africa,RoW Africa,Africa,Metal Products,waste_generation,kt,0.050100739736459704,2022,EXIOBASE v3.8.2 IOT_2022_ixi with Danish sea-transport reallocation (Rørmose Jensen & Iliev 2022)
RoW Europe,RoW Europe,Europe,"Electrical, electronic and measuring equipment",climate_change,kt CO2eq,0.04973923525329636,2022,EXIOBASE v3.8.2 IOT_2022_ixi with Danish sea-transport reallocation (Rørmose Jensen & Iliev 2022)
DNK,Denmark,Denmark,Paper Products,blue_water_consumption,Mm3,0.04969307659474,2022,EXIOBASE v3.8.2 IOT_2022_ixi with Danish sea-transport reallocation (Rørmose Jensen & Iliev 2022)
AUS,Australia,Asia and Pacific,Paper Products,climate_change,kt CO2eq,0.04966527138629725,2022,EXIOBASE v3.8.2 IOT_2022_ixi with Danish sea-transport reallocation (Rørmose Jensen & Iliev 2022)
BRA,Brazil,America,Metal Products,waste_generation,kt,0.04950870362220956,2022,EXIOBASE v3.8.2 IOT_2022_ixi with Danish sea-transport reallocation (Rørmose Jensen & Iliev 2022)
EST,Estonia,Europe,Furniture and timber,climate_change,kt CO2eq,0.049476215464864394,2022,EXIOBASE v3.8.2 IOT_2022_ixi with Danish sea-transport reallocation (Rørmose Jensen & Iliev 2022)
USA,United States,America,Coal and Petroleum,material_extraction,kt,0.049461167416346125,2022,EXIOBASE v3.8.2 IOT_2022_ixi with Danish sea-transport reallocation (Rørmose Jensen & Iliev 2022)
AUS,Australia,Asia and Pacific,Chemical,waste_generation,kt,0.049294654910969835,2022,EXIOBASE v3.8.2 IOT_2022_ixi with Danish sea-transport reallocation (Rørmose Jensen & Iliev 2022)
RUS,Russia,Europe,Paper Products,land_use,km2,0.049270531094006635,2022,EXIOBASE v3.8.2 IOT_2022_ixi with Danish sea-transport reallocation (Rørmose Jensen & Iliev 2022)
NOR,Norway,Europe,Food and catering,blue_water_consumption,Mm3,0.04913618407412636,2022,EXIOBASE v3.8.2 IOT_2022_ixi with Danish sea-transport reallocation (Rørmose Jensen & Iliev 2022)
IRL,Ireland,Europe,Minerals and Metals,climate_change,kt CO2eq,0.04911947344321633,2022,EXIOBASE v3.8.2 IOT_2022_ixi with Danish sea-transport reallocation (Rørmose Jensen & Iliev 2022)
RoW Europe,RoW Europe,Europe,General and special Machinery,climate_change,kt CO2eq,0.04813028753316804,2022,EXIOBASE v3.8.2 IOT_2022_ixi with Danish sea-transport reallocation (Rørmose Jensen & Iliev 2022)
IRL,Ireland,Europe,Electricity,waste_generation,kt,0.04810061771281423,2022,EXIOBASE v3.8.2 IOT_2022_ixi with Danish sea-transport reallocation (Rørmose Jensen & Iliev 2022)
PRT,Portugal,Europe,Chemical,waste_generation,kt,0.047907905993198795,2022,EXIOBASE v3.8.2 IOT_2022_ixi with Danish sea-transport reallocation (Rørmose Jensen & Iliev 2022)
CAN,Canada,America,Coal and Petroleum,material_extraction,kt,0.04789815907988908,2022,EXIOBASE v3.8.2 IOT_2022_ixi with Danish sea-transport reallocation (Rørmose Jensen & Iliev 2022)
AUT,Austria,Europe,Construction,material_extraction,kt,0.04779210645648414,2022,EXIOBASE v3.8.2 IOT_2022_ixi with Danish sea-transport reallocation (Rørmose Jensen & Iliev 2022)
CZE,Czech Republic,Europe,Construction,waste_generation,kt,0.04769517109261494,2022,EXIOBASE v3.8.2 IOT_2022_ixi with Danish sea-transport reallocation (Rørmose Jensen & Iliev 2022)
CHE,Switzerland,Europe,Metal Products,climate_change,kt CO2eq,0.047509701870586396,2022,EXIOBASE v3.8.2 IOT_2022_ixi with Danish sea-transport reallocation (Rørmose Jensen & Iliev 2022)
FIN,Finland,Europe,"Steam, hot water supply and water distribution",waste_generation,kt,0.04750634492131626,2022,EXIOBASE v3.8.2 IOT_2022_ixi with Danish sea-transport reallocation (Rørmose Jensen & Iliev 2022)
NOR,Norway,Europe,General and special Machinery,waste_generation,kt,0.047477180750192784,2022,EXIOBASE v3.8.2 IOT_2022_ixi with Danish sea-transport reallocation (Rørmose Jensen & Iliev 2022)
CHE,Switzerland,Europe,Natural gas and gaseous fuels,climate_change,kt CO2eq,0.04733548256235373,2022,EXIOBASE v3.8.2 IOT_2022_ixi with Danish sea-transport reallocation (Rørmose Jensen & Iliev 2022)
AUT,Austria,Europe,"Steam, hot water supply and water distribution",waste_generation,kt,0.047154873712732547,2022,EXIOBASE v3.8.2 IOT_2022_ixi with Danish sea-transport reallocation (Rørmose Jensen & Iliev 2022)
CHE,Switzerland,Europe,Electricity,waste_generation,kt,0.04652982661963884,2022,EXIOBASE v3.8.2 IOT_2022_ixi with Danish sea-transport reallocation (Rørmose Jensen & Iliev 2022)
CZE,Czech Republic,Europe,"Electrical, electronic and measuring equipment",climate_change,kt CO2eq,0.0464749642023022,2022,EXIOBASE v3.8.2 IOT_2022_ixi with Danish sea-transport reallocation (Rørmose Jensen & Iliev 2022)
RoW Africa,RoW Africa,Africa,Non-metallic mineral products,waste_generation,kt,0.04646894066555941,2022,EXIOBASE v3.8.2 IOT_2022_ixi with Danish sea-transport reallocation (Rørmose Jensen & Iliev 2022)
MLT,Malta,Europe,Waste management and disposal,climate_change,kt CO2eq,0.0464256731783158,2022,EXIOBASE v3.8.2 IOT_2022_ixi with Danish sea-transport reallocation (Rørmose Jensen & Iliev 2022)
BRA,Brazil,America,Transport Equipment,material_extraction,kt,0.04636593023688787,2022,EXIOBASE v3.8.2 IOT_2022_ixi with Danish sea-transport reallocation (Rørmose Jensen & Iliev 2022)
FRA,France,Europe,Furniture and timber,climate_change,kt CO2eq,0.04614415994314666,2022,EXIOBASE v3.8.2 IOT_2022_ixi with Danish sea-transport reallocation (Rørmose Jensen & Iliev 2022)
JPN,Japan,Asia and Pacific,Electricity,waste_generation,kt,0.046104189518070784,2022,EXIOBASE v3.8.2 IOT_2022_ixi with Danish sea-transport reallocation (Rørmose Jensen & Iliev 2022)
CZE,Czech Republic,Europe,Services,material_extraction,kt,0.045507345522890055,2022,EXIOBASE v3.8.2 IOT_2022_ixi with Danish sea-transport reallocation (Rørmose Jensen & Iliev 2022)
IRL,Ireland,Europe,Coal and Petroleum,waste_generation,kt,0.045418661765639606,2022,EXIOBASE v3.8.2 IOT_2022_ixi with Danish sea-transport reallocation (Rørmose Jensen & Iliev 2022)
RoW Europe,RoW Europe,Europe,Transport Equipment,material_extraction,kt,0.0453045038652161,2022,EXIOBASE v3.8.2 IOT_2022_ixi with Danish sea-transport reallocation (Rørmose Jensen & Iliev 2022)
CAN,Canada,America,Food and catering,blue_water_consumption,Mm3,0.04527487154658703,2022,EXIOBASE v3.8.2 IOT_2022_ixi with Danish sea-transport reallocation (Rørmose Jensen & Iliev 2022)
HUN,Hungary,Europe,Services,waste_generation,kt,0.044995325420879625,2022,EXIOBASE v3.8.2 IOT_2022_ixi with Danish sea-transport reallocation (Rørmose Jensen & Iliev 2022)
EST,Estonia,Europe,Coal and Petroleum,climate_change,kt CO2eq,0.04491750151305498,2022,EXIOBASE v3.8.2 IOT_2022_ixi with Danish sea-transport reallocation (Rørmose Jensen & Iliev 2022)
FIN,Finland,Europe,Coal and Petroleum,material_extraction,kt,0.044743542846202404,2022,EXIOBASE v3.8.2 IOT_2022_ixi with Danish sea-transport reallocation (Rørmose Jensen & Iliev 2022)
BRA,Brazil,America,Non-metallic mineral products,material_extraction,kt,0.044701656016102875,2022,EXIOBASE v3.8.2 IOT_2022_ixi with Danish sea-transport reallocation (Rørmose Jensen & Iliev 2022)
SVN,Slovenia,Europe,Food and catering,waste_generation,kt,0.04366982354545163,2022,EXIOBASE v3.8.2 IOT_2022_ixi with Danish sea-transport reallocation (Rørmose Jensen & Iliev 2022)
RoW America,RoW America,America,Furniture and timber,material_extraction,kt,0.04366092071446213,2022,EXIOBASE v3.8.2 IOT_2022_ixi with Danish sea-transport reallocation (Rørmose Jensen & Iliev 2022)
FIN,Finland,Europe,Metal Products,waste_generation,kt,0.04327475973542256,2022,EXIOBASE v3.8.2 IOT_2022_ixi with Danish sea-transport reallocation (Rørmose Jensen & Iliev 2022)
GRC,Greece,Europe,Textile,land_use,km2,0.0431413603167643,2022,EXIOBASE v3.8.2 IOT_2022_ixi with Danish sea-transport reallocation (Rørmose Jensen & Iliev 2022)
ITA,Italy,Europe,Chemical,blue_water_consumption,Mm3,0.042983564343656605,2022,EXIOBASE v3.8.2 IOT_2022_ixi with Danish sea-transport reallocation (Rørmose Jensen & Iliev 2022)
SVK,Slovakia,Europe,Furniture and timber,climate_change,kt CO2eq,0.04295132809173702,2022,EXIOBASE v3.8.2 IOT_2022_ixi with Danish sea-transport reallocation (Rørmose Jensen & Iliev 2022)
RoW Asia and Pacific,RoW Asia and Pacific,Asia and Pacific,Furniture and timber,land_use,km2,0.04279164651117363,2022,EXIOBASE v3.8.2 IOT_2022_ixi with Danish sea-transport reallocation (Rørmose Jensen & Iliev 2022)
MLT,Malta,Europe,Metal Products,climate_change,kt CO2eq,0.04270760158975421,2022,EXIOBASE v3.8.2 IOT_2022_ixi with Danish sea-transport reallocation (Rørmose Jensen & Iliev 2022)
RUS,Russia,Europe,General and special Machinery,material_extraction,kt,0.0426743558007147,2022,EXIOBASE v3.8.2 IOT_2022_ixi with Danish sea-transport reallocation (Rørmose Jensen & Iliev 2022)
MEX,Mexico,America,Transport Equipment,climate_change,kt CO2eq,0.04257425575244676,2022,EXIOBASE v3.8.2 IOT_2022_ixi with Danish sea-transport reallocation (Rørmose Jensen & Iliev 2022)
CAN,Canada,America,Construction,climate_change,kt CO2eq,0.042451834003805165,2022,EXIOBASE v3.8.2 IOT_2022_ixi with Danish sea-transport reallocation (Rørmose Jensen & Iliev 2022)
MEX,Mexico,America,"Electrical, electronic and measuring equipment",climate_change,kt CO2eq,0.04226228123441021,2022,EXIOBASE v3.8.2 IOT_2022_ixi with Danish sea-transport reallocation (Rørmose Jensen & Iliev 2022)
LVA,Latvia,Europe,Food and catering,waste_generation,kt,0.042155765948407205,2022,EXIOBASE v3.8.2 IOT_2022_ixi with Danish sea-transport reallocation (Rørmose Jensen & Iliev 2022)
SVK,Slovakia,Europe,Metal Products,waste_generation,kt,0.04210571566466926,2022,EXIOBASE v3.8.2 IOT_2022_ixi with Danish sea-transport reallocation (Rørmose Jensen & Iliev 2022)
HUN,Hungary,Europe,Metal Products,material_extraction,kt,0.042009545304536995,2022,EXIOBASE v3.8.2 IOT_2022_ixi with Danish sea-transport reallocation (Rørmose Jensen & Iliev 2022)
IRL,Ireland,Europe,Waste management and disposal,waste_generation,kt,0.04168395819125393,2022,EXIOBASE v3.8.2 IOT_2022_ixi with Danish sea-transport reallocation (Rørmose Jensen & Iliev 2022)
POL,Poland,Europe,Transport Equipment,climate_change,kt CO2eq,0.0415021031918056,2022,EXIOBASE v3.8.2 IOT_2022_ixi with Danish sea-transport reallocation (Rørmose Jensen & Iliev 2022)
FIN,Finland,Europe,Chemical,blue_water_consumption,Mm3,0.04148810511240988,2022,EXIOBASE v3.8.2 IOT_2022_ixi with Danish sea-transport reallocation (Rørmose Jensen & Iliev 2022)
CZE,Czech Republic,Europe,Services,land_use,km2,0.04128834721355607,2022,EXIOBASE v3.8.2 IOT_2022_ixi with Danish sea-transport reallocation (Rørmose Jensen & Iliev 2022)
SWE,Sweden,Europe,Paper Products,blue_water_consumption,Mm3,0.041246639231326605,2022,EXIOBASE v3.8.2 IOT_2022_ixi with Danish sea-transport reallocation (Rørmose Jensen & Iliev 2022)
DEU,Germany,Europe,Furniture and timber,waste_generation,kt,0.04124663522638339,2022,EXIOBASE v3.8.2 IOT_2022_ixi with Danish sea-transport reallocation (Rørmose Jensen & Iliev 2022)
TWN,Taiwan,Asia and Pacific,Transport Equipment,climate_change,kt CO2eq,0.04108741949018958,2022,EXIOBASE v3.8.2 IOT_2022_ixi with Danish sea-transport reallocation (Rørmose Jensen & Iliev 2022)
MEX,Mexico,America,Textile,climate_change,kt CO2eq,0.041000680382328035,2022,EXIOBASE v3.8.2 IOT_2022_ixi with Danish sea-transport reallocation (Rørmose Jensen & Iliev 2022)
DEU,Germany,Europe,"Electrical, electronic and measuring equipment",waste_generation,kt,0.0409950308137115,2022,EXIOBASE v3.8.2 IOT_2022_ixi with Danish sea-transport reallocation (Rørmose Jensen & Iliev 2022)
IND,India,Asia and Pacific,Paper Products,blue_water_consumption,Mm3,0.04092568723067578,2022,EXIOBASE v3.8.2 IOT_2022_ixi with Danish sea-transport reallocation (Rørmose Jensen & Iliev 2022)
IND,India,Asia and Pacific,Services,waste_generation,kt,0.04092304994936063,2022,EXIOBASE v3.8.2 IOT_2022_ixi with Danish sea-transport reallocation (Rørmose Jensen & Iliev 2022)
BGR,Bulgaria,Europe,Textile,climate_change,kt CO2eq,0.04086118202136178,2022,EXIOBASE v3.8.2 IOT_2022_ixi with Danish sea-transport reallocation (Rørmose Jensen & Iliev 2022)
SVN,Slovenia,Europe,Furniture and timber,land_use,km2,0.04069489636445804,2022,EXIOBASE v3.8.2 IOT_2022_ixi with Danish sea-transport reallocation (Rørmose Jensen & Iliev 2022)
NLD,Netherlands,Europe,Chemical,blue_water_consumption,Mm3,0.040174403579759384,2022,EXIOBASE v3.8.2 IOT_2022_ixi with Danish sea-transport reallocation (Rørmose Jensen & Iliev 2022)
BEL,Belgium,Europe,Chemical,blue_water_consumption,Mm3,0.040012990138671656,2022,EXIOBASE v3.8.2 IOT_2022_ixi with Danish sea-transport reallocation (Rørmose Jensen & Iliev 2022)
RoW Africa,RoW Africa,Africa,Paper Products,waste_generation,kt,0.039970415253595,2022,EXIOBASE v3.8.2 IOT_2022_ixi with Danish sea-transport reallocation (Rørmose Jensen & Iliev 2022)
RoW Africa,RoW Africa,Africa,Metal Products,blue_water_consumption,Mm3,0.03992242418270918,2022,EXIOBASE v3.8.2 IOT_2022_ixi with Danish sea-transport reallocation (Rørmose Jensen & Iliev 2022)
SVK,Slovakia,Europe,Services,waste_generation,kt,0.03976721161516939,2022,EXIOBASE v3.8.2 IOT_2022_ixi with Danish sea-transport reallocation (Rørmose Jensen & Iliev 2022)
EST,Estonia,Europe,Paper Products,climate_change,kt CO2eq,0.03975791338290261,2022,EXIOBASE v3.8.2 IOT_2022_ixi with Danish sea-transport reallocation (Rørmose Jensen & Iliev 2022)
HRV,Croatia,Europe,Electricity,blue_water_consumption,Mm3,0.03958938695199109,2022,EXIOBASE v3.8.2 IOT_2022_ixi with Danish sea-transport reallocation (Rørmose Jensen & Iliev 2022)
RoW Asia and Pacific,RoW Asia and Pacific,Asia and Pacific,Electricity,blue_water_consumption,Mm3,0.039578083408044806,2022,EXIOBASE v3.8.2 IOT_2022_ixi with Danish sea-transport reallocation (Rørmose Jensen & Iliev 2022)
RoW Africa,RoW Africa,Africa,Paper Products,climate_change,kt CO2eq,0.039480945953286356,2022,EXIOBASE v3.8.2 IOT_2022_ixi with Danish sea-transport reallocation (Rørmose Jensen & Iliev 2022)
POL,Poland,Europe,Transport,waste_generation,kt,0.03945749483541118,2022,EXIOBASE v3.8.2 IOT_2022_ixi with Danish sea-transport reallocation (Rørmose Jensen & Iliev 2022)
SVK,Slovakia,Europe,Food and catering,waste_generation,kt,0.0394399828879129,2022,EXIOBASE v3.8.2 IOT_2022_ixi with Danish sea-transport reallocation (Rørmose Jensen & Iliev 2022)
HRV,Croatia,Europe,Food and catering,waste_generation,kt,0.03921877781357272,2022,EXIOBASE v3.8.2 IOT_2022_ixi with Danish sea-transport reallocation (Rørmose Jensen & Iliev 2022)
TUR,Turkey,Middle East,Textile,waste_generation,kt,0.03918457820785444,2022,EXIOBASE v3.8.2 IOT_2022_ixi with Danish sea-transport reallocation (Rørmose Jensen & Iliev 2022)
MEX,Mexico,America,Metal Products,land_use,km2,0.03917393356392227,2022,EXIOBASE v3.8.2 IOT_2022_ixi with Danish sea-transport reallocation (Rørmose Jensen & Iliev 2022)
POL,Poland,Europe,Non-metallic mineral products,waste_generation,kt,0.03907834377211758,2022,EXIOBASE v3.8.2 IOT_2022_ixi with Danish sea-transport reallocation (Rørmose Jensen & Iliev 2022)
RoW Europe,RoW Europe,Europe,General and special Machinery,land_use,km2,0.03895643715950933,2022,EXIOBASE v3.8.2 IOT_2022_ixi with Danish sea-transport reallocation (Rørmose Jensen & Iliev 2022)
BRA,Brazil,America,Transport,land_use,km2,0.03895604525667077,2022,EXIOBASE v3.8.2 IOT_2022_ixi with Danish sea-transport reallocation (Rørmose Jensen & Iliev 2022)
CHN,China,Asia and Pacific,Waste management and disposal,waste_generation,kt,0.03891556201022236,2022,EXIOBASE v3.8.2 IOT_2022_ixi with Danish sea-transport reallocation (Rørmose Jensen & Iliev 2022)
LVA,Latvia,Europe,Chemical,blue_water_consumption,Mm3,0.038883176421598095,2022,EXIOBASE v3.8.2 IOT_2022_ixi with Danish sea-transport reallocation (Rørmose Jensen & Iliev 2022)
ZAF,South Africa,Africa,"Electrical, electronic and measuring equipment",climate_change,kt CO2eq,0.03874705806305327,2022,EXIOBASE v3.8.2 IOT_2022_ixi with Danish sea-transport reallocation (Rørmose Jensen & Iliev 2022)
USA,United States,America,Chemical,material_extraction,kt,0.03861085271754017,2022,EXIOBASE v3.8.2 IOT_2022_ixi with Danish sea-transport reallocation (Rørmose Jensen & Iliev 2022)
RoW America,RoW America,America,Minerals and Metals,land_use,km2,0.038601751055887,2022,EXIOBASE v3.8.2 IOT_2022_ixi with Danish sea-transport reallocation (Rørmose Jensen & Iliev 2022)
RoW Europe,RoW Europe,Europe,Natural gas and gaseous fuels,land_use,km2,0.03809046319936963,2022,EXIOBASE v3.8.2 IOT_2022_ixi with Danish sea-transport reallocation (Rørmose Jensen & Iliev 2022)
NOR,Norway,Europe,Paper Products,climate_change,kt CO2eq,0.03804390649101308,2022,EXIOBASE v3.8.2 IOT_2022_ixi with Danish sea-transport reallocation (Rørmose Jensen & Iliev 2022)
BRA,Brazil,America,Textile,climate_change,kt CO2eq,0.03797338681319437,2022,EXIOBASE v3.8.2 IOT_2022_ixi with Danish sea-transport reallocation (Rørmose Jensen & Iliev 2022)
IRL,Ireland,Europe,Chemical,waste_generation,kt,0.03795748476076873,2022,EXIOBASE v3.8.2 IOT_2022_ixi with Danish sea-transport reallocation (Rørmose Jensen & Iliev 2022)
CHN,China,Asia and Pacific,Textile,blue_water_consumption,Mm3,0.03791357147731793,2022,EXIOBASE v3.8.2 IOT_2022_ixi with Danish sea-transport reallocation (Rørmose Jensen & Iliev 2022)
RoW Middle East,RoW Middle East,Middle East,Paper Products,material_extraction,kt,0.037875798759508944,2022,EXIOBASE v3.8.2 IOT_2022_ixi with Danish sea-transport reallocation (Rørmose Jensen & Iliev 2022)
RoW Asia and Pacific,RoW Asia and Pacific,Asia and Pacific,Chemical,blue_water_consumption,Mm3,0.037857534799975195,2022,EXIOBASE v3.8.2 IOT_2022_ixi with Danish sea-transport reallocation (Rørmose Jensen & Iliev 2022)
RUS,Russia,Europe,Waste management and disposal,land_use,km2,0.03778862266384846,2022,EXIOBASE v3.8.2 IOT_2022_ixi with Danish sea-transport reallocation (Rørmose Jensen & Iliev 2022)
RoW Africa,RoW Africa,Africa,Services,blue_water_consumption,Mm3,0.03761958089367598,2022,EXIOBASE v3.8.2 IOT_2022_ixi with Danish sea-transport reallocation (Rørmose Jensen & Iliev 2022)
MLT,Malta,Europe,Furniture and timber,climate_change,kt CO2eq,0.03758239251437021,2022,EXIOBASE v3.8.2 IOT_2022_ixi with Danish sea-transport reallocation (Rørmose Jensen & Iliev 2022)
HUN,Hungary,Europe,Chemical,material_extraction,kt,0.037477350105343414,2022,EXIOBASE v3.8.2 IOT_2022_ixi with Danish sea-transport reallocation (Rørmose Jensen & Iliev 2022)
IND,India,Asia and Pacific,Coal and Petroleum,waste_generation,kt,0.03719464754211723,2022,EXIOBASE v3.8.2 IOT_2022_ixi with Danish sea-transport reallocation (Rørmose Jensen & Iliev 2022)
RoW Middle East,RoW Middle East,Middle East,Textile,material_extraction,kt,0.036953791037322985,2022,EXIOBASE v3.8.2 IOT_2022_ixi with Danish sea-transport reallocation (Rørmose Jensen & Iliev 2022)
CHN,China,Asia and Pacific,Minerals and Metals,waste_generation,kt,0.036878177210193985,2022,EXIOBASE v3.8.2 IOT_2022_ixi with Danish sea-transport reallocation (Rørmose Jensen & Iliev 2022)
SWE,Sweden,Europe,"Electrical, electronic and measuring equipment",waste_generation,kt,0.03679566095998246,2022,EXIOBASE v3.8.2 IOT_2022_ixi with Danish sea-transport reallocation (Rørmose Jensen & Iliev 2022)
TWN,Taiwan,Asia and Pacific,Textile,climate_change,kt CO2eq,0.036781552677526405,2022,EXIOBASE v3.8.2 IOT_2022_ixi with Danish sea-transport reallocation (Rørmose Jensen & Iliev 2022)
ESP,Spain,Europe,Textile,land_use,km2,0.03634145536680255,2022,EXIOBASE v3.8.2 IOT_2022_ixi with Danish sea-transport reallocation (Rørmose Jensen & Iliev 2022)
CAN,Canada,America,Metal Products,waste_generation,kt,0.03623357976881329,2022,EXIOBASE v3.8.2 IOT_2022_ixi with Danish sea-transport reallocation (Rørmose Jensen & Iliev 2022)
IRL,Ireland,Europe,Coal and Petroleum,climate_change,kt CO2eq,0.03622745437778326,2022,EXIOBASE v3.8.2 IOT_2022_ixi with Danish sea-transport reallocation (Rørmose Jensen & Iliev 2022)
ITA,Italy,Europe,Services,land_use,km2,0.036017181373327295,2022,EXIOBASE v3.8.2 IOT_2022_ixi with Danish sea-transport reallocation (Rørmose Jensen & Iliev 2022)
BEL,Belgium,Europe,Food and catering,blue_water_consumption,Mm3,0.035976103448726045,2022,EXIOBASE v3.8.2 IOT_2022_ixi with Danish sea-transport reallocation (Rørmose Jensen & Iliev 2022)
CZE,Czech Republic,Europe,General and special Machinery,climate_change,kt CO2eq,0.035777434867639,2022,EXIOBASE v3.8.2 IOT_2022_ixi with Danish sea-transport reallocation (Rørmose Jensen & Iliev 2022)
NOR,Norway,Europe,Metal Products,waste_generation,kt,0.03552474553928271,2022,EXIOBASE v3.8.2 IOT_2022_ixi with Danish sea-transport reallocation (Rørmose Jensen & Iliev 2022)
ROU,Romania,Europe,Chemical,waste_generation,kt,0.03542707282230826,2022,EXIOBASE v3.8.2 IOT_2022_ixi with Danish sea-transport reallocation (Rørmose Jensen & Iliev 2022)
POL,Poland,Europe,Services,blue_water_consumption,Mm3,0.03541612346889401,2022,EXIOBASE v3.8.2 IOT_2022_ixi with Danish sea-transport reallocation (Rørmose Jensen & Iliev 2022)
NLD,Netherlands,Europe,General and special Machinery,climate_change,kt CO2eq,0.03519775379004108,2022,EXIOBASE v3.8.2 IOT_2022_ixi with Danish sea-transport reallocation (Rørmose Jensen & Iliev 2022)
FIN,Finland,Europe,Furniture and timber,land_use,km2,0.03512615351443337,2022,EXIOBASE v3.8.2 IOT_2022_ixi with Danish sea-transport reallocation (Rørmose Jensen & Iliev 2022)
RoW Asia and Pacific,RoW Asia and Pacific,Asia and Pacific,Non-metallic mineral products,land_use,km2,0.035124053620526646,2022,EXIOBASE v3.8.2 IOT_2022_ixi with Danish sea-transport reallocation (Rørmose Jensen & Iliev 2022)
KOR,South Korea,Asia and Pacific,Transport Equipment,climate_change,kt CO2eq,0.035101309808543764,2022,EXIOBASE v3.8.2 IOT_2022_ixi with Danish sea-transport reallocation (Rørmose Jensen & Iliev 2022)
RoW America,RoW America,America,Construction,material_extraction,kt,0.03488156587132411,2022,EXIOBASE v3.8.2 IOT_2022_ixi with Danish sea-transport reallocation (Rørmose Jensen & Iliev 2022)
PRT,Portugal,Europe,Textile,climate_change,kt CO2eq,0.03476813046025295,2022,EXIOBASE v3.8.2 IOT_2022_ixi with Danish sea-transport reallocation (Rørmose Jensen & Iliev 2022)
RoW Europe,RoW Europe,Europe,Construction,land_use,km2,0.03470517417041439,2022,EXIOBASE v3.8.2 IOT_2022_ixi with Danish sea-transport reallocation (Rørmose Jensen & Iliev 2022)
SVK,Slovakia,Europe,Paper Products,climate_change,kt CO2eq,0.03464978009538353,2022,EXIOBASE v3.8.2 IOT_2022_ixi with Danish sea-transport reallocation (Rørmose Jensen & Iliev 2022)
FRA,France,Europe,Textile,climate_change,kt CO2eq,0.034551689064187534,2022,EXIOBASE v3.8.2 IOT_2022_ixi with Danish sea-transport reallocation (Rørmose Jensen & Iliev 2022)
RoW Middle East,RoW Middle East,Middle East,Services,waste_generation,kt,0.03448558378372984,2022,EXIOBASE v3.8.2 IOT_2022_ixi with Danish sea-transport reallocation (Rørmose Jensen & Iliev 2022)
CZE,Czech Republic,Europe,Construction,climate_change,kt CO2eq,0.034151546793247514,2022,EXIOBASE v3.8.2 IOT_2022_ixi with Danish sea-transport reallocation (Rørmose Jensen & Iliev 2022)
RUS,Russia,Europe,Chemical,blue_water_consumption,Mm3,0.034050695155248153,2022,EXIOBASE v3.8.2 IOT_2022_ixi with Danish sea-transport reallocation (Rørmose Jensen & Iliev 2022)
LTU,Lithuania,Europe,Paper Products,climate_change,kt CO2eq,0.03397334990806168,2022,EXIOBASE v3.8.2 IOT_2022_ixi with Danish sea-transport reallocation (Rørmose Jensen & Iliev 2022)
RoW Middle East,RoW Middle East,Middle East,Chemical,land_use,km2,0.03397075469739202,2022,EXIOBASE v3.8.2 IOT_2022_ixi with Danish sea-transport reallocation (Rørmose Jensen & Iliev 2022)
POL,Poland,Europe,Furniture and timber,waste_generation,kt,0.033925447124135547,2022,EXIOBASE v3.8.2 IOT_2022_ixi with Danish sea-transport reallocation (Rørmose Jensen & Iliev 2022)
TUR,Turkey,Middle East,Furniture and timber,climate_change,kt CO2eq,0.03380544241630472,2022,EXIOBASE v3.8.2 IOT_2022_ixi with Danish sea-transport reallocation (Rørmose Jensen & Iliev 2022)
BEL,Belgium,Europe,Furniture and timber,climate_change,kt CO2eq,0.03370535529660988,2022,EXIOBASE v3.8.2 IOT_2022_ixi with Danish sea-transport reallocation (Rørmose Jensen & Iliev 2022)
RoW Africa,RoW Africa,Africa,General and special Machinery,waste_generation,kt,0.033590318833752617,2022,EXIOBASE v3.8.2 IOT_2022_ixi with Danish sea-transport reallocation (Rørmose Jensen & Iliev 2022)
SWE,Sweden,Europe,Food and catering,blue_water_consumption,Mm3,0.03353680484495407,2022,EXIOBASE v3.8.2 IOT_2022_ixi with Danish sea-transport reallocation (Rørmose Jensen & Iliev 2022)
NLD,Netherlands,Europe,Furniture and timber,climate_change,kt CO2eq,0.03342202022024494,2022,EXIOBASE v3.8.2 IOT_2022_ixi with Danish sea-transport reallocation (Rørmose Jensen & Iliev 2022)
RUS,Russia,Europe,Services,waste_generation,kt,0.03335014494543961,2022,EXIOBASE v3.8.2 IOT_2022_ixi with Danish sea-transport reallocation (Rørmose Jensen & Iliev 2022)
RoW America,RoW America,America,Chemical,land_use,km2,0.03327545789712367,2022,EXIOBASE v3.8.2 IOT_2022_ixi with Danish sea-transport reallocation (Rørmose Jensen & Iliev 2022)
IDN,Indonesia,Asia and Pacific,Minerals and Metals,climate_change,kt CO2eq,0.03327377474464381,2022,EXIOBASE v3.8.2 IOT_2022_ixi with Danish sea-transport reallocation (Rørmose Jensen & Iliev 2022)
TUR,Turkey,Middle East,Coal and Petroleum,waste_generation,kt,0.03312953098099403,2022,EXIOBASE v3.8.2 IOT_2022_ixi with Danish sea-transport reallocation (Rørmose Jensen & Iliev 2022)
HUN,Hungary,Europe,Transport,material_extraction,kt,0.03311070792751662,2022,EXIOBASE v3.8.2 IOT_2022_ixi with Danish sea-transport reallocation (Rørmose Jensen & Iliev 2022)
BEL,Belgium,Europe,Waste management and disposal,land_use,km2,0.033102626071597294,2022,EXIOBASE v3.8.2 IOT_2022_ixi with Danish sea-transport reallocation (Rørmose Jensen & Iliev 2022)
TUR,Turkey,Middle East,Services,waste_generation,kt,0.033047183185538766,2022,EXIOBASE v3.8.2 IOT_2022_ixi with Danish sea-transport reallocation (Rørmose Jensen & Iliev 2022)
FRA,France,Europe,Services,waste_generation,kt,0.03288126888435288,2022,EXIOBASE v3.8.2 IOT_2022_ixi with Danish sea-transport reallocation (Rørmose Jensen & Iliev 2022)
CYP,Cyprus,Middle East,Food and catering,climate_change,kt CO2eq,0.032668175760778684,2022,EXIOBASE v3.8.2 IOT_2022_ixi with Danish sea-transport reallocation (Rørmose Jensen & Iliev 2022)
RoW Asia and Pacific,RoW Asia and Pacific,Asia and Pacific,Natural gas and gaseous fuels,waste_generation,kt,0.032578719149487886,2022,EXIOBASE v3.8.2 IOT_2022_ixi with Danish sea-transport reallocation (Rørmose Jensen & Iliev 2022)
SVN,Slovenia,Europe,Chemical,material_extraction,kt,0.032025842061892656,2022,EXIOBASE v3.8.2 IOT_2022_ixi with Danish sea-transport reallocation (Rørmose Jensen & Iliev 2022)
LVA,Latvia,Europe,Construction,material_extraction,kt,0.03201225070611825,2022,EXIOBASE v3.8.2 IOT_2022_ixi with Danish sea-transport reallocation (Rørmose Jensen & Iliev 2022)
HRV,Croatia,Europe,Minerals and Metals,climate_change,kt CO2eq,0.03183262477858228,2022,EXIOBASE v3.8.2 IOT_2022_ixi with Danish sea-transport reallocation (Rørmose Jensen & Iliev 2022)
RoW America,RoW America,America,Services,waste_generation,kt,0.031362199547612664,2022,EXIOBASE v3.8.2 IOT_2022_ixi with Danish sea-transport reallocation (Rørmose Jensen & Iliev 2022)
RoW Europe,RoW Europe,Europe,Transport Equipment,climate_change,kt CO2eq,0.031281823516504964,2022,EXIOBASE v3.8.2 IOT_2022_ixi with Danish sea-transport reallocation (Rørmose Jensen & Iliev 2022)
USA,United States,America,Electricity,blue_water_consumption,Mm3,0.03106525246392864,2022,EXIOBASE v3.8.2 IOT_2022_ixi with Danish sea-transport reallocation (Rørmose Jensen & Iliev 2022)
DEU,Germany,Europe,Natural gas and gaseous fuels,waste_generation,kt,0.03078457098892513,2022,EXIOBASE v3.8.2 IOT_2022_ixi with Danish sea-transport reallocation (Rørmose Jensen & Iliev 2022)
CZE,Czech Republic,Europe,Furniture and timber,climate_change,kt CO2eq,0.030779662066086264,2022,EXIOBASE v3.8.2 IOT_2022_ixi with Danish sea-transport reallocation (Rørmose Jensen & Iliev 2022)
LTU,Lithuania,Europe,Textile,climate_change,kt CO2eq,0.03077648841525906,2022,EXIOBASE v3.8.2 IOT_2022_ixi with Danish sea-transport reallocation (Rørmose Jensen & Iliev 2022)
TUR,Turkey,Middle East,Electricity,waste_generation,kt,0.030699919078095782,2022,EXIOBASE v3.8.2 IOT_2022_ixi with Danish sea-transport reallocation (Rørmose Jensen & Iliev 2022)
RoW Asia and Pacific,RoW Asia and Pacific,Asia and Pacific,Paper Products,blue_water_consumption,Mm3,0.030683710151462776,2022,EXIOBASE v3.8.2 IOT_2022_ixi with Danish sea-transport reallocation (Rørmose Jensen & Iliev 2022)
USA,United States,America,Services,waste_generation,kt,0.030607319557368905,2022,EXIOBASE v3.8.2 IOT_2022_ixi with Danish sea-transport reallocation (Rørmose Jensen & Iliev 2022)
LTU,Lithuania,Europe,Furniture and timber,climate_change,kt CO2eq,0.03058581686530138,2022,EXIOBASE v3.8.2 IOT_2022_ixi with Danish sea-transport reallocation (Rørmose Jensen & Iliev 2022)
RoW Asia and Pacific,RoW Asia and Pacific,Asia and Pacific,"Steam, hot water supply and water distribution",material_extraction,kt,0.03053218126335628,2022,EXIOBASE v3.8.2 IOT_2022_ixi with Danish sea-transport reallocation (Rørmose Jensen & Iliev 2022)
SWE,Sweden,Europe,Transport,waste_generation,kt,0.030410118681125475,2022,EXIOBASE v3.8.2 IOT_2022_ixi with Danish sea-transport reallocation (Rørmose Jensen & Iliev 2022)
AUS,Australia,Asia and Pacific,Paper Products,waste_generation,kt,0.030234298122082788,2022,EXIOBASE v3.8.2 IOT_2022_ixi with Danish sea-transport reallocation (Rørmose Jensen & Iliev 2022)
AUT,Austria,Europe,Construction,climate_change,kt CO2eq,0.03014763954451103,2022,EXIOBASE v3.8.2 IOT_2022_ixi with Danish sea-transport reallocation (Rørmose Jensen & Iliev 2022)
ITA,Italy,Europe,Construction,climate_change,kt CO2eq,0.030126815236365158,2022,EXIOBASE v3.8.2 IOT_2022_ixi with Danish sea-transport reallocation (Rørmose Jensen & Iliev 2022)
FIN,Finland,Europe,Furniture and timber,material_extraction,kt,0.03011799778216197,2022,EXIOBASE v3.8.2 IOT_2022_ixi with Danish sea-transport reallocation (Rørmose Jensen & Iliev 2022)
FRA,France,Europe,General and special Machinery,climate_change,kt CO2eq,0.02998394465139812,2022,EXIOBASE v3.8.2 IOT_2022_ixi with Danish sea-transport reallocation (Rørmose Jensen & Iliev 2022)
MLT,Malta,Europe,Food and catering,land_use,km2,0.02980379195481814,2022,EXIOBASE v3.8.2 IOT_2022_ixi with Danish sea-transport reallocation (Rørmose Jensen & Iliev 2022)
SVK,Slovakia,Europe,Food and catering,blue_water_consumption,Mm3,0.02977092227323159,2022,EXIOBASE v3.8.2 IOT_2022_ixi with Danish sea-transport reallocation (Rørmose Jensen & Iliev 2022)
RoW Asia and Pacific,RoW Asia and Pacific,Asia and Pacific,Textile,waste_generation,kt,0.029630634807558707,2022,EXIOBASE v3.8.2 IOT_2022_ixi with Danish sea-transport reallocation (Rørmose Jensen & Iliev 2022)
CYP,Cyprus,Middle East,Waste management and disposal,climate_change,kt CO2eq,0.029520778264231873,2022,EXIOBASE v3.8.2 IOT_2022_ixi with Danish sea-transport reallocation (Rørmose Jensen & Iliev 2022)
PRT,Portugal,Europe,Waste management and disposal,waste_generation,kt,0.029407213771798255,2022,EXIOBASE v3.8.2 IOT_2022_ixi with Danish sea-transport reallocation (Rørmose Jensen & Iliev 2022)
HRV,Croatia,Europe,"Electrical, electronic and measuring equipment",climate_change,kt CO2eq,0.02939869606992588,2022,EXIOBASE v3.8.2 IOT_2022_ixi with Danish sea-transport reallocation (Rørmose Jensen & Iliev 2022)
IND,India,Asia and Pacific,Textile,blue_water_consumption,Mm3,0.029145938691228872,2022,EXIOBASE v3.8.2 IOT_2022_ixi with Danish sea-transport reallocation (Rørmose Jensen & Iliev 2022)
ESP,Spain,Europe,Services,blue_water_consumption,Mm3,0.029069119274218683,2022,EXIOBASE v3.8.2 IOT_2022_ixi with Danish sea-transport reallocation (Rørmose Jensen & Iliev 2022)
MLT,Malta,Europe,Food and catering,climate_change,kt CO2eq,0.029060025369342726,2022,EXIOBASE v3.8.2 IOT_2022_ixi with Danish sea-transport reallocation (Rørmose Jensen & Iliev 2022)
CZE,Czech Republic,Europe,Furniture and timber,land_use,km2,0.029005266416620056,2022,EXIOBASE v3.8.2 IOT_2022_ixi with Danish sea-transport reallocation (Rørmose Jensen & Iliev 2022)
NOR,Norway,Europe,Chemical,blue_water_consumption,Mm3,0.028939941517958454,2022,EXIOBASE v3.8.2 IOT_2022_ixi with Danish sea-transport reallocation (Rørmose Jensen & Iliev 2022)
CZE,Czech Republic,Europe,Textile,climate_change,kt CO2eq,0.028711674909014256,2022,EXIOBASE v3.8.2 IOT_2022_ixi with Danish sea-transport reallocation (Rørmose Jensen & Iliev 2022)
LVA,Latvia,Europe,Furniture and timber,climate_change,kt CO2eq,0.02866173416894985,2022,EXIOBASE v3.8.2 IOT_2022_ixi with Danish sea-transport reallocation (Rørmose Jensen & Iliev 2022)
RUS,Russia,Europe,Electricity,blue_water_consumption,Mm3,0.028478170557259437,2022,EXIOBASE v3.8.2 IOT_2022_ixi with Danish sea-transport reallocation (Rørmose Jensen & Iliev 2022)
CAN,Canada,America,Non-metallic mineral products,material_extraction,kt,0.028447049395615372,2022,EXIOBASE v3.8.2 IOT_2022_ixi with Danish sea-transport reallocation (Rørmose Jensen & Iliev 2022)
CHN,China,Asia and Pacific,Electricity,blue_water_consumption,Mm3,0.028261148461954523,2022,EXIOBASE v3.8.2 IOT_2022_ixi with Danish sea-transport reallocation (Rørmose Jensen & Iliev 2022)
CZE,Czech Republic,Europe,Metal Products,waste_generation,kt,0.02793906496736462,2022,EXIOBASE v3.8.2 IOT_2022_ixi with Danish sea-transport reallocation (Rørmose Jensen & Iliev 2022)
GRC,Greece,Europe,Electricity,blue_water_consumption,Mm3,0.027898197230375794,2022,EXIOBASE v3.8.2 IOT_2022_ixi with Danish sea-transport reallocation (Rørmose Jensen & Iliev 2022)
GBR,United Kingdom,Europe,"Steam, hot water supply and water distribution",climate_change,kt CO2eq,0.02789566975615465,2022,EXIOBASE v3.8.2 IOT_2022_ixi with Danish sea-transport reallocation (Rørmose Jensen & Iliev 2022)
CAN,Canada,America,Natural gas and gaseous fuels,material_extraction,kt,0.027891075120218236,2022,EXIOBASE v3.8.2 IOT_2022_ixi with Danish sea-transport reallocation (Rørmose Jensen & Iliev 2022)
AUT,Austria,Europe,Furniture and timber,climate_change,kt CO2eq,0.027821984051960263,2022,EXIOBASE v3.8.2 IOT_2022_ixi with Danish sea-transport reallocation (Rørmose Jensen & Iliev 2022)
FRA,France,Europe,Construction,waste_generation,kt,0.02780128602945053,2022,EXIOBASE v3.8.2 IOT_2022_ixi with Danish sea-transport reallocation (Rørmose Jensen & Iliev 2022)
RoW Asia and Pacific,RoW Asia and Pacific,Asia and Pacific,"Electrical, electronic and measuring equipment",waste_generation,kt,0.02774589126930917,2022,EXIOBASE v3.8.2 IOT_2022_ixi with Danish sea-transport reallocation (Rørmose Jensen & Iliev 2022)
LTU,Lithuania,Europe,Food and catering,waste_generation,kt,0.027171787358274108,2022,EXIOBASE v3.8.2 IOT_2022_ixi with Danish sea-transport reallocation (Rørmose Jensen & Iliev 2022)
ROU,Romania,Europe,Coal and Petroleum,waste_generation,kt,0.027109420123311957,2022,EXIOBASE v3.8.2 IOT_2022_ixi with Danish sea-transport reallocation (Rørmose Jensen & Iliev 2022)
FRA,France,Europe,Transport Equipment,climate_change,kt CO2eq,0.0270732540578821,2022,EXIOBASE v3.8.2 IOT_2022_ixi with Danish sea-transport reallocation (Rørmose Jensen & Iliev 2022)
GRC,Greece,Europe,Chemical,waste_generation,kt,0.026969297319377923,2022,EXIOBASE v3.8.2 IOT_2022_ixi with Danish sea-transport reallocation (Rørmose Jensen & Iliev 2022)
CZE,Czech Republic,Europe,"Steam, hot water supply and water distribution",waste_generation,kt,0.026960053326360353,2022,EXIOBASE v3.8.2 IOT_2022_ixi with Danish sea-transport reallocation (Rørmose Jensen & Iliev 2022)
MLT,Malta,Europe,Services,climate_change,kt CO2eq,0.02682935819524208,2022,EXIOBASE v3.8.2 IOT_2022_ixi with Danish sea-transport reallocation (Rørmose Jensen & Iliev 2022)
DNK,Denmark,Denmark,Transport Equipment,waste_generation,kt,0.026681949382429557,2022,EXIOBASE v3.8.2 IOT_2022_ixi with Danish sea-transport reallocation (Rørmose Jensen & Iliev 2022)
NOR,Norway,Europe,Metal Products,blue_water_consumption,Mm3,0.02658014186440876,2022,EXIOBASE v3.8.2 IOT_2022_ixi with Danish sea-transport reallocation (Rørmose Jensen & Iliev 2022)
DEU,Germany,Europe,Non-metallic mineral products,waste_generation,kt,0.026524449790443858,2022,EXIOBASE v3.8.2 IOT_2022_ixi with Danish sea-transport reallocation (Rørmose Jensen & Iliev 2022)
IRL,Ireland,Europe,Food and catering,blue_water_consumption,Mm3,0.02640281126706815,2022,EXIOBASE v3.8.2 IOT_2022_ixi with Danish sea-transport reallocation (Rørmose Jensen & Iliev 2022)
CAN,Canada,America,"Electrical, electronic and measuring equipment",climate_change,kt CO2eq,0.02631396448894347,2022,EXIOBASE v3.8.2 IOT_2022_ixi with Danish sea-transport reallocation (Rørmose Jensen & Iliev 2022)
HUN,Hungary,Europe,Furniture and timber,climate_change,kt CO2eq,0.0259813587644502,2022,EXIOBASE v3.8.2 IOT_2022_ixi with Danish sea-transport reallocation (Rørmose Jensen & Iliev 2022)
USA,United States,America,"Electrical, electronic and measuring equipment",waste_generation,kt,0.025610517918911686,2022,EXIOBASE v3.8.2 IOT_2022_ixi with Danish sea-transport reallocation (Rørmose Jensen & Iliev 2022)
AUT,Austria,Europe,Services,waste_generation,kt,0.02546637636854338,2022,EXIOBASE v3.8.2 IOT_2022_ixi with Danish sea-transport reallocation (Rørmose Jensen & Iliev 2022)
MEX,Mexico,America,Paper Products,climate_change,kt CO2eq,0.025453792777187467,2022,EXIOBASE v3.8.2 IOT_2022_ixi with Danish sea-transport reallocation (Rørmose Jensen & Iliev 2022)
ZAF,South Africa,Africa,Paper Products,waste_generation,kt,0.025420370155720476,2022,EXIOBASE v3.8.2 IOT_2022_ixi with Danish sea-transport reallocation (Rørmose Jensen & Iliev 2022)
LVA,Latvia,Europe,Food and catering,blue_water_consumption,Mm3,0.025377061456427256,2022,EXIOBASE v3.8.2 IOT_2022_ixi with Danish sea-transport reallocation (Rørmose Jensen & Iliev 2022)
CHE,Switzerland,Europe,"Electrical, electronic and measuring equipment",climate_change,kt CO2eq,0.025160963056924703,2022,EXIOBASE v3.8.2 IOT_2022_ixi with Danish sea-transport reallocation (Rørmose Jensen & Iliev 2022)
GBR,United Kingdom,Europe,Textile,land_use,km2,0.02510705172238736,2022,EXIOBASE v3.8.2 IOT_2022_ixi with Danish sea-transport reallocation (Rørmose Jensen & Iliev 2022)
RoW Africa,RoW Africa,Africa,Textile,blue_water_consumption,Mm3,0.024778866501562625,2022,EXIOBASE v3.8.2 IOT_2022_ixi with Danish sea-transport reallocation (Rørmose Jensen & Iliev 2022)
ROU,Romania,Europe,Electricity,waste_generation,kt,0.02464860269703935,2022,EXIOBASE v3.8.2 IOT_2022_ixi with Danish sea-transport reallocation (Rørmose Jensen & Iliev 2022)
ESP,Spain,Europe,Services,waste_generation,kt,0.024644607074401415,2022,EXIOBASE v3.8.2 IOT_2022_ixi with Danish sea-transport reallocation (Rørmose Jensen & Iliev 2022)
SWE,Sweden,Europe,"Steam, hot water supply and water distribution",waste_generation,kt,0.024563080269080925,2022,EXIOBASE v3.8.2 IOT_2022_ixi with Danish sea-transport reallocation (Rørmose Jensen & Iliev 2022)
POL,Poland,Europe,"Electrical, electronic and measuring equipment",waste_generation,kt,0.02448896989985029,2022,EXIOBASE v3.8.2 IOT_2022_ixi with Danish sea-transport reallocation (Rørmose Jensen & Iliev 2022)
DNK,Denmark,Denmark,Minerals and Metals,waste_generation,kt,0.02448654019123255,2022,EXIOBASE v3.8.2 IOT_2022_ixi with Danish sea-transport reallocation (Rørmose Jensen & Iliev 2022)
RoW Asia and Pacific,RoW Asia and Pacific,Asia and Pacific,"Electrical, electronic and measuring equipment",material_extraction,kt,0.024466205533843616,2022,EXIOBASE v3.8.2 IOT_2022_ixi with Danish sea-transport reallocation (Rørmose Jensen & Iliev 2022)
NLD,Netherlands,Europe,Minerals and Metals,climate_change,kt CO2eq,0.024418658087862276,2022,EXIOBASE v3.8.2 IOT_2022_ixi with Danish sea-transport reallocation (Rørmose Jensen & Iliev 2022)
BEL,Belgium,Europe,Metal Products,blue_water_consumption,Mm3,0.02426278150899319,2022,EXIOBASE v3.8.2 IOT_2022_ixi with Danish sea-transport reallocation (Rørmose Jensen & Iliev 2022)
SWE,Sweden,Europe,Food and catering,material_extraction,kt,0.024260464159207823,2022,EXIOBASE v3.8.2 IOT_2022_ixi with Danish sea-transport reallocation (Rørmose Jensen & Iliev 2022)
POL,Poland,Europe,Electricity,blue_water_consumption,Mm3,0.024226053176890167,2022,EXIOBASE v3.8.2 IOT_2022_ixi with Danish sea-transport reallocation (Rørmose Jensen & Iliev 2022)
SVN,Slovenia,Europe,Electricity,waste_generation,kt,0.02419864302467055,2022,EXIOBASE v3.8.2 IOT_2022_ixi with Danish sea-transport reallocation (Rørmose Jensen & Iliev 2022)
RoW America,RoW America,America,Transport Equipment,climate_change,kt CO2eq,0.02417499856860173,2022,EXIOBASE v3.8.2 IOT_2022_ixi with Danish sea-transport reallocation (Rørmose Jensen & Iliev 2022)
KOR,South Korea,Asia and Pacific,Textile,climate_change,kt CO2eq,0.024131539696270278,2022,EXIOBASE v3.8.2 IOT_2022_ixi with Danish sea-transport reallocation (Rørmose Jensen & Iliev 2022)
AUT,Austria,Europe,Construction,waste_generation,kt,0.02379897283466274,2022,EXIOBASE v3.8.2 IOT_2022_ixi with Danish sea-transport reallocation (Rørmose Jensen & Iliev 2022)
DNK,Denmark,Denmark,Metal Products,waste_generation,kt,0.0237968892288187,2022,EXIOBASE v3.8.2 IOT_2022_ixi with Danish sea-transport reallocation (Rørmose Jensen & Iliev 2022)
POL,Poland,Europe,Transport,land_use,km2,0.023763032804547023,2022,EXIOBASE v3.8.2 IOT_2022_ixi with Danish sea-transport reallocation (Rørmose Jensen & Iliev 2022)
RoW Africa,RoW Africa,Africa,Non-metallic mineral products,land_use,km2,0.023608091442725788,2022,EXIOBASE v3.8.2 IOT_2022_ixi with Danish sea-transport reallocation (Rørmose Jensen & Iliev 2022)
RoW America,RoW America,America,General and special Machinery,climate_change,kt CO2eq,0.02342862182142344,2022,EXIOBASE v3.8.2 IOT_2022_ixi with Danish sea-transport reallocation (Rørmose Jensen & Iliev 2022)
TUR,Turkey,Middle East,Services,land_use,km2,0.02338468089898314,2022,EXIOBASE v3.8.2 IOT_2022_ixi with Danish sea-transport reallocation (Rørmose Jensen & Iliev 2022)
JPN,Japan,Asia and Pacific,Furniture and timber,climate_change,kt CO2eq,0.02326184830809207,2022,EXIOBASE v3.8.2 IOT_2022_ixi with Danish sea-transport reallocation (Rørmose Jensen & Iliev 2022)
CZE,Czech Republic,Europe,Waste management and disposal,waste_generation,kt,0.023231169276484248,2022,EXIOBASE v3.8.2 IOT_2022_ixi with Danish sea-transport reallocation (Rørmose Jensen & Iliev 2022)
ZAF,South Africa,Africa,Transport Equipment,climate_change,kt CO2eq,0.023063932878103183,2022,EXIOBASE v3.8.2 IOT_2022_ixi with Danish sea-transport reallocation (Rørmose Jensen & Iliev 2022)
RoW Asia and Pacific,RoW Asia and Pacific,Asia and Pacific,Coal and Petroleum,land_use,km2,0.022926854195963797,2022,EXIOBASE v3.8.2 IOT_2022_ixi with Danish sea-transport reallocation (Rørmose Jensen & Iliev 2022)
POL,Poland,Europe,Paper Products,material_extraction,kt,0.02278441030910803,2022,EXIOBASE v3.8.2 IOT_2022_ixi with Danish sea-transport reallocation (Rørmose Jensen & Iliev 2022)
RoW Africa,RoW Africa,Africa,Furniture and timber,blue_water_consumption,Mm3,0.022688533270378577,2022,EXIOBASE v3.8.2 IOT_2022_ixi with Danish sea-transport reallocation (Rørmose Jensen & Iliev 2022)
BEL,Belgium,Europe,Furniture and timber,waste_generation,kt,0.02253632044873162,2022,EXIOBASE v3.8.2 IOT_2022_ixi with Danish sea-transport reallocation (Rørmose Jensen & Iliev 2022)
ZAF,South Africa,Africa,Metal Products,waste_generation,kt,0.022488711326210626,2022,EXIOBASE v3.8.2 IOT_2022_ixi with Danish sea-transport reallocation (Rørmose Jensen & Iliev 2022)
RoW Asia and Pacific,RoW Asia and Pacific,Asia and Pacific,General and special Machinery,land_use,km2,0.02231099342726047,2022,EXIOBASE v3.8.2 IOT_2022_ixi with Danish sea-transport reallocation (Rørmose Jensen & Iliev 2022)
TUR,Turkey,Middle East,Transport Equipment,climate_change,kt CO2eq,0.022134179495680206,2022,EXIOBASE v3.8.2 IOT_2022_ixi with Danish sea-transport reallocation (Rørmose Jensen & Iliev 2022)
CZE,Czech Republic,Europe,Coal and Petroleum,material_extraction,kt,0.02207939827795142,2022,EXIOBASE v3.8.2 IOT_2022_ixi with Danish sea-transport reallocation (Rørmose Jensen & Iliev 2022)
SWE,Sweden,Europe,Metal Products,blue_water_consumption,Mm3,0.02205432086040677,2022,EXIOBASE v3.8.2 IOT_2022_ixi with Danish sea-transport reallocation (Rørmose Jensen & Iliev 2022)
MLT,Malta,Europe,Construction,material_extraction,kt,0.02200990851452589,2022,EXIOBASE v3.8.2 IOT_2022_ixi with Danish sea-transport reallocation (Rørmose Jensen & Iliev 2022)
SVK,Slovakia,Europe,Transport,waste_generation,kt,0.02197541356724194,2022,EXIOBASE v3.8.2 IOT_2022_ixi with Danish sea-transport reallocation (Rørmose Jensen & Iliev 2022)
ESP,Spain,Europe,Coal and Petroleum,waste_generation,kt,0.02195799815911264,2022,EXIOBASE v3.8.2 IOT_2022_ixi with Danish sea-transport reallocation (Rørmose Jensen & Iliev 2022)
NOR,Norway,Europe,Paper Products,blue_water_consumption,Mm3,0.021894560167715644,2022,EXIOBASE v3.8.2 IOT_2022_ixi with Danish sea-transport reallocation (Rørmose Jensen & Iliev 2022)
EST,Estonia,Europe,Natural gas and gaseous fuels,material_extraction,kt,0.02184905266150853,2022,EXIOBASE v3.8.2 IOT_2022_ixi with Danish sea-transport reallocation (Rørmose Jensen & Iliev 2022)
KOR,South Korea,Asia and Pacific,Furniture and timber,climate_change,kt CO2eq,0.021754344293704323,2022,EXIOBASE v3.8.2 IOT_2022_ixi with Danish sea-transport reallocation (Rørmose Jensen & Iliev 2022)
RoW Asia and Pacific,RoW Asia and Pacific,Asia and Pacific,Construction,waste_generation,kt,0.02163896446697908,2022,EXIOBASE v3.8.2 IOT_2022_ixi with Danish sea-transport reallocation (Rørmose Jensen & Iliev 2022)
RUS,Russia,Europe,Waste management and disposal,waste_generation,kt,0.021625416013325748,2022,EXIOBASE v3.8.2 IOT_2022_ixi with Danish sea-transport reallocation (Rørmose Jensen & Iliev 2022)
CHE,Switzerland,Europe,Electricity,climate_change,kt CO2eq,0.02152273882803591,2022,EXIOBASE v3.8.2 IOT_2022_ixi with Danish sea-transport reallocation (Rørmose Jensen & Iliev 2022)
BEL,Belgium,Europe,Metal Products,material_extraction,kt,0.021443426591887603,2022,EXIOBASE v3.8.2 IOT_2022_ixi with Danish sea-transport reallocation (Rørmose Jensen & Iliev 2022)
MLT,Malta,Europe,Minerals and Metals,climate_change,kt CO2eq,0.021427780193171368,2022,EXIOBASE v3.8.2 IOT_2022_ixi with Danish sea-transport reallocation (Rørmose Jensen & Iliev 2022)
DEU,Germany,Europe,Paper Products,blue_water_consumption,Mm3,0.021335803360142503,2022,EXIOBASE v3.8.2 IOT_2022_ixi with Danish sea-transport reallocation (Rørmose Jensen & Iliev 2022)
DNK,Denmark,Denmark,General and special Machinery,waste_generation,kt,0.02124388184210099,2022,EXIOBASE v3.8.2 IOT_2022_ixi with Danish sea-transport reallocation (Rørmose Jensen & Iliev 2022)
TUR,Turkey,Middle East,Chemical,blue_water_consumption,Mm3,0.02122413988471509,2022,EXIOBASE v3.8.2 IOT_2022_ixi with Danish sea-transport reallocation (Rørmose Jensen & Iliev 2022)
IRL,Ireland,Europe,Furniture and timber,climate_change,kt CO2eq,0.02120291487273063,2022,EXIOBASE v3.8.2 IOT_2022_ixi with Danish sea-transport reallocation (Rørmose Jensen & Iliev 2022)
SWE,Sweden,Europe,General and special Machinery,climate_change,kt CO2eq,0.02117217075296515,2022,EXIOBASE v3.8.2 IOT_2022_ixi with Danish sea-transport reallocation (Rørmose Jensen & Iliev 2022)
IND,India,Asia and Pacific,Textile,waste_generation,kt,0.02109373986484798,2022,EXIOBASE v3.8.2 IOT_2022_ixi with Danish sea-transport reallocation (Rørmose Jensen & Iliev 2022)
RoW Africa,RoW Africa,Africa,Furniture and timber,land_use,km2,0.021073715150074796,2022,EXIOBASE v3.8.2 IOT_2022_ixi with Danish sea-transport reallocation (Rørmose Jensen & Iliev 2022)
HUN,Hungary,Europe,Food and catering,blue_water_consumption,Mm3,0.021060157676597274,2022,EXIOBASE v3.8.2 IOT_2022_ixi with Danish sea-transport reallocation (Rørmose Jensen & Iliev 2022)
IND,India,Asia and Pacific,Electricity,blue_water_consumption,Mm3,0.021008374857309286,2022,EXIOBASE v3.8.2 IOT_2022_ixi with Danish sea-transport reallocation (Rørmose Jensen & Iliev 2022)
HUN,Hungary,Europe,General and special Machinery,climate_change,kt CO2eq,0.02096502765202929,2022,EXIOBASE v3.8.2 IOT_2022_ixi with Danish sea-transport reallocation (Rørmose Jensen & Iliev 2022)
ESP,Spain,Europe,Non-metallic mineral products,waste_generation,kt,0.020963928949004628,2022,EXIOBASE v3.8.2 IOT_2022_ixi with Danish sea-transport reallocation (Rørmose Jensen & Iliev 2022)
PRT,Portugal,Europe,Electricity,waste_generation,kt,0.02078536256301496,2022,EXIOBASE v3.8.2 IOT_2022_ixi with Danish sea-transport reallocation (Rørmose Jensen & Iliev 2022)
IDN,Indonesia,Asia and Pacific,Paper Products,waste_generation,kt,0.020696478469288453,2022,EXIOBASE v3.8.2 IOT_2022_ixi with Danish sea-transport reallocation (Rørmose Jensen & Iliev 2022)
FIN,Finland,Europe,Transport Equipment,climate_change,kt CO2eq,0.020581274983227142,2022,EXIOBASE v3.8.2 IOT_2022_ixi with Danish sea-transport reallocation (Rørmose Jensen & Iliev 2022)
FIN,Finland,Europe,Paper Products,blue_water_consumption,Mm3,0.020356341117970293,2022,EXIOBASE v3.8.2 IOT_2022_ixi with Danish sea-transport reallocation (Rørmose Jensen & Iliev 2022)
LVA,Latvia,Europe,Waste management and disposal,waste_generation,kt,0.02021352217673858,2022,EXIOBASE v3.8.2 IOT_2022_ixi with Danish sea-transport reallocation (Rørmose Jensen & Iliev 2022)
FRA,France,Europe,Services,land_use,km2,0.020079358290537024,2022,EXIOBASE v3.8.2 IOT_2022_ixi with Danish sea-transport reallocation (Rørmose Jensen & Iliev 2022)
KOR,South Korea,Asia and Pacific,General and special Machinery,climate_change,kt CO2eq,0.020013627538691302,2022,EXIOBASE v3.8.2 IOT_2022_ixi with Danish sea-transport reallocation (Rørmose Jensen & Iliev 2022)
GRC,Greece,Europe,Services,land_use,km2,0.019857143950213228,2022,EXIOBASE v3.8.2 IOT_2022_ixi with Danish sea-transport reallocation (Rørmose Jensen & Iliev 2022)
GBR,United Kingdom,Europe,Electricity,blue_water_consumption,Mm3,0.019852470903055853,2022,EXIOBASE v3.8.2 IOT_2022_ixi with Danish sea-transport reallocation (Rørmose Jensen & Iliev 2022)
RoW America,RoW America,America,Furniture and timber,waste_generation,kt,0.019841576814163434,2022,EXIOBASE v3.8.2 IOT_2022_ixi with Danish sea-transport reallocation (Rørmose Jensen & Iliev 2022)
NOR,Norway,Europe,Transport Equipment,climate_change,kt CO2eq,0.0198070075039793,2022,EXIOBASE v3.8.2 IOT_2022_ixi with Danish sea-transport reallocation (Rørmose Jensen & Iliev 2022)
BEL,Belgium,Europe,Construction,climate_change,kt CO2eq,0.019763271725152902,2022,EXIOBASE v3.8.2 IOT_2022_ixi with Danish sea-transport reallocation (Rørmose Jensen & Iliev 2022)
RoW Middle East,RoW Middle East,Middle East,Transport Equipment,material_extraction,kt,0.019751458972404944,2022,EXIOBASE v3.8.2 IOT_2022_ixi with Danish sea-transport reallocation (Rørmose Jensen & Iliev 2022)
LTU,Lithuania,Europe,"Electrical, electronic and measuring equipment",climate_change,kt CO2eq,0.01974798743081348,2022,EXIOBASE v3.8.2 IOT_2022_ixi with Danish sea-transport reallocation (Rørmose Jensen & Iliev 2022)
RoW America,RoW America,America,Non-metallic mineral products,land_use,km2,0.019736664300561972,2022,EXIOBASE v3.8.2 IOT_2022_ixi with Danish sea-transport reallocation (Rørmose Jensen & Iliev 2022)
IDN,Indonesia,Asia and Pacific,Electricity,waste_generation,kt,0.019709425833091373,2022,EXIOBASE v3.8.2 IOT_2022_ixi with Danish sea-transport reallocation (Rørmose Jensen & Iliev 2022)
ITA,Italy,Europe,Construction,waste_generation,kt,0.01969716815205091,2022,EXIOBASE v3.8.2 IOT_2022_ixi with Danish sea-transport reallocation (Rørmose Jensen & Iliev 2022)
RoW Middle East,RoW Middle East,Middle East,Electricity,blue_water_consumption,Mm3,0.019543652385778324,2022,EXIOBASE v3.8.2 IOT_2022_ixi with Danish sea-transport reallocation (Rørmose Jensen & Iliev 2022)
CHN,China,Asia and Pacific,Construction,climate_change,kt CO2eq,0.01953187045285876,2022,EXIOBASE v3.8.2 IOT_2022_ixi with Danish sea-transport reallocation (Rørmose Jensen & Iliev 2022)
GBR,United Kingdom,Europe,Construction,climate_change,kt CO2eq,0.019436658604111895,2022,EXIOBASE v3.8.2 IOT_2022_ixi with Danish sea-transport reallocation (Rørmose Jensen & Iliev 2022)
CZE,Czech Republic,Europe,Services,waste_generation,kt,0.01935468785869887,2022,EXIOBASE v3.8.2 IOT_2022_ixi with Danish sea-transport reallocation (Rørmose Jensen & Iliev 2022)
BEL,Belgium,Europe,Textile,land_use,km2,0.01933729221239196,2022,EXIOBASE v3.8.2 IOT_2022_ixi with Danish sea-transport reallocation (Rørmose Jensen & Iliev 2022)
JPN,Japan,Asia and Pacific,General and special Machinery,climate_change,kt CO2eq,0.019283973398961794,2022,EXIOBASE v3.8.2 IOT_2022_ixi with Danish sea-transport reallocation (Rørmose Jensen & Iliev 2022)
BGR,Bulgaria,Europe,Services,material_extraction,kt,0.019274432061792038,2022,EXIOBASE v3.8.2 IOT_2022_ixi with Danish sea-transport reallocation (Rørmose Jensen & Iliev 2022)
RoW America,RoW America,America,General and special Machinery,material_extraction,kt,0.01918618525520514,2022,EXIOBASE v3.8.2 IOT_2022_ixi with Danish sea-transport reallocation (Rørmose Jensen & Iliev 2022)
LTU,Lithuania,Europe,Metal Products,climate_change,kt CO2eq,0.01912146737034922,2022,EXIOBASE v3.8.2 IOT_2022_ixi with Danish sea-transport reallocation (Rørmose Jensen & Iliev 2022)
CAN,Canada,America,Metal Products,material_extraction,kt,0.019114146026719132,2022,EXIOBASE v3.8.2 IOT_2022_ixi with Danish sea-transport reallocation (Rørmose Jensen & Iliev 2022)
BGR,Bulgaria,Europe,Natural gas and gaseous fuels,climate_change,kt CO2eq,0.019091286853715746,2022,EXIOBASE v3.8.2 IOT_2022_ixi with Danish sea-transport reallocation (Rørmose Jensen & Iliev 2022)
HUN,Hungary,Europe,Chemical,blue_water_consumption,Mm3,0.019087874057905664,2022,EXIOBASE v3.8.2 IOT_2022_ixi with Danish sea-transport reallocation (Rørmose Jensen & Iliev 2022)
MEX,Mexico,America,Metal Products,waste_generation,kt,0.01889066595819587,2022,EXIOBASE v3.8.2 IOT_2022_ixi with Danish sea-transport reallocation (Rørmose Jensen & Iliev 2022)
EST,Estonia,Europe,Coal and Petroleum,material_extraction,kt,0.018852202790635927,2022,EXIOBASE v3.8.2 IOT_2022_ixi with Danish sea-transport reallocation (Rørmose Jensen & Iliev 2022)
JPN,Japan,Asia and Pacific,Transport Equipment,climate_change,kt CO2eq,0.01885019994347812,2022,EXIOBASE v3.8.2 IOT_2022_ixi with Danish sea-transport reallocation (Rørmose Jensen & Iliev 2022)
SVK,Slovakia,Europe,Electricity,climate_change,kt CO2eq,0.018841741820824983,2022,EXIOBASE v3.8.2 IOT_2022_ixi with Danish sea-transport reallocation (Rørmose Jensen & Iliev 2022)
ZAF,South Africa,Africa,Natural gas and gaseous fuels,material_extraction,kt,0.018840953168919556,2022,EXIOBASE v3.8.2 IOT_2022_ixi with Danish sea-transport reallocation (Rørmose Jensen & Iliev 2022)
EST,Estonia,Europe,Construction,material_extraction,kt,0.01879314067871639,2022,EXIOBASE v3.8.2 IOT_2022_ixi with Danish sea-transport reallocation (Rørmose Jensen & Iliev 2022)
LVA,Latvia,Europe,Metal Products,waste_generation,kt,0.018645344125444538,2022,EXIOBASE v3.8.2 IOT_2022_ixi with Danish sea-transport reallocation (Rørmose Jensen & Iliev 2022)
LTU,Lithuania,Europe,Construction,climate_change,kt CO2eq,0.01855730525994249,2022,EXIOBASE v3.8.2 IOT_2022_ixi with Danish sea-transport reallocation (Rørmose Jensen & Iliev 2022)
IND,India,Asia and Pacific,Coal and Petroleum,blue_water_consumption,Mm3,0.018488621829601176,2022,EXIOBASE v3.8.2 IOT_2022_ixi with Danish sea-transport reallocation (Rørmose Jensen & Iliev 2022)
DEU,Germany,Europe,General and special Machinery,material_extraction,kt,0.01843103261823674,2022,EXIOBASE v3.8.2 IOT_2022_ixi with Danish sea-transport reallocation (Rørmose Jensen & Iliev 2022)
BGR,Bulgaria,Europe,Paper Products,climate_change,kt CO2eq,0.018375811236574606,2022,EXIOBASE v3.8.2 IOT_2022_ixi with Danish sea-transport reallocation (Rørmose Jensen & Iliev 2022)
RoW Africa,RoW Africa,Africa,Coal and Petroleum,land_use,km2,0.018372126001993554,2022,EXIOBASE v3.8.2 IOT_2022_ixi with Danish sea-transport reallocation (Rørmose Jensen & Iliev 2022)
FRA,France,Europe,Chemical,blue_water_consumption,Mm3,0.018356342814136565,2022,EXIOBASE v3.8.2 IOT_2022_ixi with Danish sea-transport reallocation (Rørmose Jensen & Iliev 2022)
ITA,Italy,Europe,Services,blue_water_consumption,Mm3,0.01828343558929251,2022,EXIOBASE v3.8.2 IOT_2022_ixi with Danish sea-transport reallocation (Rørmose Jensen & Iliev 2022)
MEX,Mexico,America,Furniture and timber,material_extraction,kt,0.018167316066645293,2022,EXIOBASE v3.8.2 IOT_2022_ixi with Danish sea-transport reallocation (Rørmose Jensen & Iliev 2022)
NLD,Netherlands,Europe,"Steam, hot water supply and water distribution",waste_generation,kt,0.018127649379789383,2022,EXIOBASE v3.8.2 IOT_2022_ixi with Danish sea-transport reallocation (Rørmose Jensen & Iliev 2022)
RoW Asia and Pacific,RoW Asia and Pacific,Asia and Pacific,Transport,blue_water_consumption,Mm3,0.018050012417428443,2022,EXIOBASE v3.8.2 IOT_2022_ixi with Danish sea-transport reallocation (Rørmose Jensen & Iliev 2022)
ZAF,South Africa,Africa,Furniture and timber,climate_change,kt CO2eq,0.01801356361034765,2022,EXIOBASE v3.8.2 IOT_2022_ixi with Danish sea-transport reallocation (Rørmose Jensen & Iliev 2022)
RoW Asia and Pacific,RoW Asia and Pacific,Asia and Pacific,Paper Products,material_extraction,kt,0.01800294493130041,2022,EXIOBASE v3.8.2 IOT_2022_ixi with Danish sea-transport reallocation (Rørmose Jensen & Iliev 2022)
GRC,Greece,Europe,Metal Products,waste_generation,kt,0.017936232422192833,2022,EXIOBASE v3.8.2 IOT_2022_ixi with Danish sea-transport reallocation (Rørmose Jensen & Iliev 2022)
DEU,Germany,Europe,Textile,waste_generation,kt,0.017771585544187365,2022,EXIOBASE v3.8.2 IOT_2022_ixi with Danish sea-transport reallocation (Rørmose Jensen & Iliev 2022)
ZAF,South Africa,Africa,Services,waste_generation,kt,0.0177267541933864,2022,EXIOBASE v3.8.2 IOT_2022_ixi with Danish sea-transport reallocation (Rørmose Jensen & Iliev 2022)
RoW Europe,RoW Europe,Europe,Paper Products,blue_water_consumption,Mm3,0.01772496672023506,2022,EXIOBASE v3.8.2 IOT_2022_ixi with Danish sea-transport reallocation (Rørmose Jensen & Iliev 2022)
RoW America,RoW America,America,"Electrical, electronic and measuring equipment",climate_change,kt CO2eq,0.017680022441683332,2022,EXIOBASE v3.8.2 IOT_2022_ixi with Danish sea-transport reallocation (Rørmose Jensen & Iliev 2022)
ESP,Spain,Europe,General and special Machinery,climate_change,kt CO2eq,0.01756434312470274,2022,EXIOBASE v3.8.2 IOT_2022_ixi with Danish sea-transport reallocation (Rørmose Jensen & Iliev 2022)
RoW Europe,RoW Europe,Europe,Non-metallic mineral products,land_use,km2,0.017546147812378635,2022,EXIOBASE v3.8.2 IOT_2022_ixi with Danish sea-transport reallocation (Rørmose Jensen & Iliev 2022)
IRL,Ireland,Europe,Services,waste_generation,kt,0.017443571816088858,2022,EXIOBASE v3.8.2 IOT_2022_ixi with Danish sea-transport reallocation (Rørmose Jensen & Iliev 2022)
RoW Europe,RoW Europe,Europe,Minerals and Metals,waste_generation,kt,0.017414128518823273,2022,EXIOBASE v3.8.2 IOT_2022_ixi with Danish sea-transport reallocation (Rørmose Jensen & Iliev 2022)
RoW America,RoW America,America,Paper Products,material_extraction,kt,0.017349863277609387,2022,EXIOBASE v3.8.2 IOT_2022_ixi with Danish sea-transport reallocation (Rørmose Jensen & Iliev 2022)
RUS,Russia,Europe,Natural gas and gaseous fuels,land_use,km2,0.017294509110776533,2022,EXIOBASE v3.8.2 IOT_2022_ixi with Danish sea-transport reallocation (Rørmose Jensen & Iliev 2022)
RoW Africa,RoW Africa,Africa,General and special Machinery,land_use,km2,0.01724068677357688,2022,EXIOBASE v3.8.2 IOT_2022_ixi with Danish sea-transport reallocation (Rørmose Jensen & Iliev 2022)
AUT,Austria,Europe,Chemical,blue_water_consumption,Mm3,0.017217672411356588,2022,EXIOBASE v3.8.2 IOT_2022_ixi with Danish sea-transport reallocation (Rørmose Jensen & Iliev 2022)
RoW Europe,RoW Europe,Europe,Transport,waste_generation,kt,0.01715943957037026,2022,EXIOBASE v3.8.2 IOT_2022_ixi with Danish sea-transport reallocation (Rørmose Jensen & Iliev 2022)
MEX,Mexico,America,Construction,material_extraction,kt,0.01709464277530748,2022,EXIOBASE v3.8.2 IOT_2022_ixi with Danish sea-transport reallocation (Rørmose Jensen & Iliev 2022)
BGR,Bulgaria,Europe,Food and catering,blue_water_consumption,Mm3,0.01708008214548012,2022,EXIOBASE v3.8.2 IOT_2022_ixi with Danish sea-transport reallocation (Rørmose Jensen & Iliev 2022)
RoW Europe,RoW Europe,Europe,"Electrical, electronic and measuring equipment",waste_generation,kt,0.01704151347620727,2022,EXIOBASE v3.8.2 IOT_2022_ixi with Danish sea-transport reallocation (Rørmose Jensen & Iliev 2022)
POL,Poland,Europe,Transport Equipment,land_use,km2,0.01703437739440957,2022,EXIOBASE v3.8.2 IOT_2022_ixi with Danish sea-transport reallocation (Rørmose Jensen & Iliev 2022)
AUS,Australia,Asia and Pacific,Transport Equipment,climate_change,kt CO2eq,0.016925066596957177,2022,EXIOBASE v3.8.2 IOT_2022_ixi with Danish sea-transport reallocation (Rørmose Jensen & Iliev 2022)
RoW America,RoW America,America,Construction,land_use,km2,0.01690884460938303,2022,EXIOBASE v3.8.2 IOT_2022_ixi with Danish sea-transport reallocation (Rørmose Jensen & Iliev 2022)
FIN,Finland,Europe,Construction,climate_change,kt CO2eq,0.01686864419562498,2022,EXIOBASE v3.8.2 IOT_2022_ixi with Danish sea-transport reallocation (Rørmose Jensen & Iliev 2022)
RoW America,RoW America,America,Paper Products,waste_generation,kt,0.016860540576221373,2022,EXIOBASE v3.8.2 IOT_2022_ixi with Danish sea-transport reallocation (Rørmose Jensen & Iliev 2022)
AUS,Australia,Asia and Pacific,Metal Products,waste_generation,kt,0.01685618204553228,2022,EXIOBASE v3.8.2 IOT_2022_ixi with Danish sea-transport reallocation (Rørmose Jensen & Iliev 2022)
SVK,Slovakia,Europe,Paper Products,land_use,km2,0.016845775690059225,2022,EXIOBASE v3.8.2 IOT_2022_ixi with Danish sea-transport reallocation (Rørmose Jensen & Iliev 2022)
LUX,Luxembourg,Europe,Chemical,climate_change,kt CO2eq,0.01678853601187074,2022,EXIOBASE v3.8.2 IOT_2022_ixi with Danish sea-transport reallocation (Rørmose Jensen & Iliev 2022)
RoW Middle East,RoW Middle East,Middle East,Metal Products,waste_generation,kt,0.016748216913484736,2022,EXIOBASE v3.8.2 IOT_2022_ixi with Danish sea-transport reallocation (Rørmose Jensen & Iliev 2022)
TUR,Turkey,Middle East,Metal Products,blue_water_consumption,Mm3,0.01665921831515191,2022,EXIOBASE v3.8.2 IOT_2022_ixi with Danish sea-transport reallocation (Rørmose Jensen & Iliev 2022)
TUR,Turkey,Middle East,Non-metallic mineral products,blue_water_consumption,Mm3,0.016633769325752223,2022,EXIOBASE v3.8.2 IOT_2022_ixi with Danish sea-transport reallocation (Rørmose Jensen & Iliev 2022)
RUS,Russia,Europe,Textile,land_use,km2,0.016427779694713197,2022,EXIOBASE v3.8.2 IOT_2022_ixi with Danish sea-transport reallocation (Rørmose Jensen & Iliev 2022)
SVK,Slovakia,Europe,"Electrical, electronic and measuring equipment",waste_generation,kt,0.016393088472007145,2022,EXIOBASE v3.8.2 IOT_2022_ixi with Danish sea-transport reallocation (Rørmose Jensen & Iliev 2022)
RoW Middle East,RoW Middle East,Middle East,Minerals and Metals,waste_generation,kt,0.016341774384263368,2022,EXIOBASE v3.8.2 IOT_2022_ixi with Danish sea-transport reallocation (Rørmose Jensen & Iliev 2022)
SVN,Slovenia,Europe,Natural gas and gaseous fuels,climate_change,kt CO2eq,0.016308728651750835,2022,EXIOBASE v3.8.2 IOT_2022_ixi with Danish sea-transport reallocation (Rørmose Jensen & Iliev 2022)
FIN,Finland,Europe,Furniture and timber,climate_change,kt CO2eq,0.01620606456949814,2022,EXIOBASE v3.8.2 IOT_2022_ixi with Danish sea-transport reallocation (Rørmose Jensen & Iliev 2022)
BRA,Brazil,America,Transport Equipment,climate_change,kt CO2eq,0.016077137346614367,2022,EXIOBASE v3.8.2 IOT_2022_ixi with Danish sea-transport reallocation (Rørmose Jensen & Iliev 2022)
PRT,Portugal,Europe,"Steam, hot water supply and water distribution",climate_change,kt CO2eq,0.01598114532423337,2022,EXIOBASE v3.8.2 IOT_2022_ixi with Danish sea-transport reallocation (Rørmose Jensen & Iliev 2022)
RoW Asia and Pacific,RoW Asia and Pacific,Asia and Pacific,Natural gas and gaseous fuels,land_use,km2,0.015947689331909938,2022,EXIOBASE v3.8.2 IOT_2022_ixi with Danish sea-transport reallocation (Rørmose Jensen & Iliev 2022)
ROU,Romania,Europe,Textile,climate_change,kt CO2eq,0.01589236189704376,2022,EXIOBASE v3.8.2 IOT_2022_ixi with Danish sea-transport reallocation (Rørmose Jensen & Iliev 2022)
AUT,Austria,Europe,General and special Machinery,climate_change,kt CO2eq,0.01576939078909936,2022,EXIOBASE v3.8.2 IOT_2022_ixi with Danish sea-transport reallocation (Rørmose Jensen & Iliev 2022)
IND,India,Asia and Pacific,Non-metallic mineral products,waste_generation,kt,0.015755970407315974,2022,EXIOBASE v3.8.2 IOT_2022_ixi with Danish sea-transport reallocation (Rørmose Jensen & Iliev 2022)
CHN,China,Asia and Pacific,Transport,waste_generation,kt,0.015463393037547396,2022,EXIOBASE v3.8.2 IOT_2022_ixi with Danish sea-transport reallocation (Rørmose Jensen & Iliev 2022)
KOR,South Korea,Asia and Pacific,"Steam, hot water supply and water distribution",waste_generation,kt,0.015347923149251453,2022,EXIOBASE v3.8.2 IOT_2022_ixi with Danish sea-transport reallocation (Rørmose Jensen & Iliev 2022)
CAN,Canada,America,Transport,waste_generation,kt,0.015343378317185885,2022,EXIOBASE v3.8.2 IOT_2022_ixi with Danish sea-transport reallocation (Rørmose Jensen & Iliev 2022)
SVK,Slovakia,Europe,Construction,waste_generation,kt,0.01533470578936558,2022,EXIOBASE v3.8.2 IOT_2022_ixi with Danish sea-transport reallocation (Rørmose Jensen & Iliev 2022)
MEX,Mexico,America,General and special Machinery,climate_change,kt CO2eq,0.015333258170958758,2022,EXIOBASE v3.8.2 IOT_2022_ixi with Danish sea-transport reallocation (Rørmose Jensen & Iliev 2022)
SVK,Slovakia,Europe,Food and catering,material_extraction,kt,0.015303076504067054,2022,EXIOBASE v3.8.2 IOT_2022_ixi with Danish sea-transport reallocation (Rørmose Jensen & Iliev 2022)
NLD,Netherlands,Europe,Services,land_use,km2,0.01529132370623925,2022,EXIOBASE v3.8.2 IOT_2022_ixi with Danish sea-transport reallocation (Rørmose Jensen & Iliev 2022)
LVA,Latvia,Europe,Electricity,climate_change,kt CO2eq,0.01527747691429924,2022,EXIOBASE v3.8.2 IOT_2022_ixi with Danish sea-transport reallocation (Rørmose Jensen & Iliev 2022)
SVK,Slovakia,Europe,Construction,climate_change,kt CO2eq,0.015194221697001423,2022,EXIOBASE v3.8.2 IOT_2022_ixi with Danish sea-transport reallocation (Rørmose Jensen & Iliev 2022)
RoW Middle East,RoW Middle East,Middle East,"Electrical, electronic and measuring equipment",material_extraction,kt,0.015065782821233251,2022,EXIOBASE v3.8.2 IOT_2022_ixi with Danish sea-transport reallocation (Rørmose Jensen & Iliev 2022)
IND,India,Asia and Pacific,Furniture and timber,waste_generation,kt,0.015019270356017647,2022,EXIOBASE v3.8.2 IOT_2022_ixi with Danish sea-transport reallocation (Rørmose Jensen & Iliev 2022)
GRC,Greece,Europe,"Electrical, electronic and measuring equipment",climate_change,kt CO2eq,0.014818301760982412,2022,EXIOBASE v3.8.2 IOT_2022_ixi with Danish sea-transport reallocation (Rørmose Jensen & Iliev 2022)
DEU,Germany,Europe,Metal Products,blue_water_consumption,Mm3,0.014803148411108339,2022,EXIOBASE v3.8.2 IOT_2022_ixi with Danish sea-transport reallocation (Rørmose Jensen & Iliev 2022)
RoW Asia and Pacific,RoW Asia and Pacific,Asia and Pacific,Furniture and timber,blue_water_consumption,Mm3,0.014797956348174737,2022,EXIOBASE v3.8.2 IOT_2022_ixi with Danish sea-transport reallocation (Rørmose Jensen & Iliev 2022)
RoW Asia and Pacific,RoW Asia and Pacific,Asia and Pacific,Non-metallic mineral products,blue_water_consumption,Mm3,0.014789341241169497,2022,EXIOBASE v3.8.2 IOT_2022_ixi with Danish sea-transport reallocation (Rørmose Jensen & Iliev 2022)
ROU,Romania,Europe,Construction,climate_change,kt CO2eq,0.01476531141235254,2022,EXIOBASE v3.8.2 IOT_2022_ixi with Danish sea-transport reallocation (Rørmose Jensen & Iliev 2022)
SVN,Slovenia,Europe,Services,waste_generation,kt,0.014674994964303353,2022,EXIOBASE v3.8.2 IOT_2022_ixi with Danish sea-transport reallocation (Rørmose Jensen & Iliev 2022)
SVN,Slovenia,Europe,Paper Products,waste_generation,kt,0.014598575683814815,2022,EXIOBASE v3.8.2 IOT_2022_ixi with Danish sea-transport reallocation (Rørmose Jensen & Iliev 2022)
RUS,Russia,Europe,Metal Products,blue_water_consumption,Mm3,0.014490251384614922,2022,EXIOBASE v3.8.2 IOT_2022_ixi with Danish sea-transport reallocation (Rørmose Jensen & Iliev 2022)
RoW Africa,RoW Africa,Africa,General and special Machinery,climate_change,kt CO2eq,0.01439491100333109,2022,EXIOBASE v3.8.2 IOT_2022_ixi with Danish sea-transport reallocation (Rørmose Jensen & Iliev 2022)
AUS,Australia,Asia and Pacific,General and special Machinery,climate_change,kt CO2eq,0.014323432269068435,2022,EXIOBASE v3.8.2 IOT_2022_ixi with Danish sea-transport reallocation (Rørmose Jensen & Iliev 2022)
BEL,Belgium,Europe,Electricity,blue_water_consumption,Mm3,0.014210406811678544,2022,EXIOBASE v3.8.2 IOT_2022_ixi with Danish sea-transport reallocation (Rørmose Jensen & Iliev 2022)
RUS,Russia,Europe,Paper Products,material_extraction,kt,0.014162616593873887,2022,EXIOBASE v3.8.2 IOT_2022_ixi with Danish sea-transport reallocation (Rørmose Jensen & Iliev 2022)
RoW America,RoW America,America,Transport Equipment,material_extraction,kt,0.014096535733373392,2022,EXIOBASE v3.8.2 IOT_2022_ixi with Danish sea-transport reallocation (Rørmose Jensen & Iliev 2022)
HUN,Hungary,Europe,"Electrical, electronic and measuring equipment",waste_generation,kt,0.014070111592716997,2022,EXIOBASE v3.8.2 IOT_2022_ixi with Danish sea-transport reallocation (Rørmose Jensen & Iliev 2022)
MEX,Mexico,America,Services,climate_change,kt CO2eq,0.01406707542180989,2022,EXIOBASE v3.8.2 IOT_2022_ixi with Danish sea-transport reallocation (Rørmose Jensen & Iliev 2022)
KOR,South Korea,Asia and Pacific,Food and catering,blue_water_consumption,Mm3,0.014050536191510544,2022,EXIOBASE v3.8.2 IOT_2022_ixi with Danish sea-transport reallocation (Rørmose Jensen & Iliev 2022)
ZAF,South Africa,Africa,Electricity,blue_water_consumption,Mm3,0.01403511828424663,2022,EXIOBASE v3.8.2 IOT_2022_ixi with Danish sea-transport reallocation (Rørmose Jensen & Iliev 2022)
RoW America,RoW America,America,Coal and Petroleum,waste_generation,kt,0.01402928188937871,2022,EXIOBASE v3.8.2 IOT_2022_ixi with Danish sea-transport reallocation (Rørmose Jensen & Iliev 2022)
CAN,Canada,America,General and special Machinery,climate_change,kt CO2eq,0.01399439671179699,2022,EXIOBASE v3.8.2 IOT_2022_ixi with Danish sea-transport reallocation (Rørmose Jensen & Iliev 2022)
RUS,Russia,Europe,Electricity,material_extraction,kt,0.0138442057799597,2022,EXIOBASE v3.8.2 IOT_2022_ixi with Danish sea-transport reallocation (Rørmose Jensen & Iliev 2022)
PRT,Portugal,Europe,Furniture and timber,climate_change,kt CO2eq,0.013793581244503295,2022,EXIOBASE v3.8.2 IOT_2022_ixi with Danish sea-transport reallocation (Rørmose Jensen & Iliev 2022)
RoW America,RoW America,America,Electricity,waste_generation,kt,0.013716234755751702,2022,EXIOBASE v3.8.2 IOT_2022_ixi with Danish sea-transport reallocation (Rørmose Jensen & Iliev 2022)
AUS,Australia,Asia and Pacific,Construction,climate_change,kt CO2eq,0.01371500482947542,2022,EXIOBASE v3.8.2 IOT_2022_ixi with Danish sea-transport reallocation (Rørmose Jensen & Iliev 2022)
HRV,Croatia,Europe,Electricity,waste_generation,kt,0.013681335587590738,2022,EXIOBASE v3.8.2 IOT_2022_ixi with Danish sea-transport reallocation (Rørmose Jensen & Iliev 2022)
RoW Europe,RoW Europe,Europe,General and special Machinery,waste_generation,kt,0.013666561837196608,2022,EXIOBASE v3.8.2 IOT_2022_ixi with Danish sea-transport reallocation (Rørmose Jensen & Iliev 2022)
TUR,Turkey,Middle East,"Electrical, electronic and measuring equipment",climate_change,kt CO2eq,0.013613792803212586,2022,EXIOBASE v3.8.2 IOT_2022_ixi with Danish sea-transport reallocation (Rørmose Jensen & Iliev 2022)
BGR,Bulgaria,Europe,Services,waste_generation,kt,0.013543031193781172,2022,EXIOBASE v3.8.2 IOT_2022_ixi with Danish sea-transport reallocation (Rørmose Jensen & Iliev 2022)
NOR,Norway,Europe,Furniture and timber,climate_change,kt CO2eq,0.01345461393229765,2022,EXIOBASE v3.8.2 IOT_2022_ixi with Danish sea-transport reallocation (Rørmose Jensen & Iliev 2022)
PRT,Portugal,Europe,Services,material_extraction,kt,0.013436579948707145,2022,EXIOBASE v3.8.2 IOT_2022_ixi with Danish sea-transport reallocation (Rørmose Jensen & Iliev 2022)
SVN,Slovenia,Europe,Furniture and timber,climate_change,kt CO2eq,0.013259303178547366,2022,EXIOBASE v3.8.2 IOT_2022_ixi with Danish sea-transport reallocation (Rørmose Jensen & Iliev 2022)
CZE,Czech Republic,Europe,"Electrical, electronic and measuring equipment",material_extraction,kt,0.01325465952764685,2022,EXIOBASE v3.8.2 IOT_2022_ixi with Danish sea-transport reallocation (Rørmose Jensen & Iliev 2022)
ESP,Spain,Europe,Furniture and timber,waste_generation,kt,0.01324048452977881,2022,EXIOBASE v3.8.2 IOT_2022_ixi with Danish sea-transport reallocation (Rørmose Jensen & Iliev 2022)
PRT,Portugal,Europe,Natural gas and gaseous fuels,climate_change,kt CO2eq,0.01319989964699745,2022,EXIOBASE v3.8.2 IOT_2022_ixi with Danish sea-transport reallocation (Rørmose Jensen & Iliev 2022)
AUT,Austria,Europe,Electricity,waste_generation,kt,0.013068275963390039,2022,EXIOBASE v3.8.2 IOT_2022_ixi with Danish sea-transport reallocation (Rørmose Jensen & Iliev 2022)
KOR,South Korea,Asia and Pacific,Paper Products,waste_generation,kt,0.013053559206817122,2022,EXIOBASE v3.8.2 IOT_2022_ixi with Danish sea-transport reallocation (Rørmose Jensen & Iliev 2022)
BRA,Brazil,America,Furniture and timber,climate_change,kt CO2eq,0.012992183264481257,2022,EXIOBASE v3.8.2 IOT_2022_ixi with Danish sea-transport reallocation (Rørmose Jensen & Iliev 2022)
BEL,Belgium,Europe,Construction,material_extraction,kt,0.012934426469872494,2022,EXIOBASE v3.8.2 IOT_2022_ixi with Danish sea-transport reallocation (Rørmose Jensen & Iliev 2022)
BGR,Bulgaria,Europe,Waste management and disposal,land_use,km2,0.012899762817724293,2022,EXIOBASE v3.8.2 IOT_2022_ixi with Danish sea-transport reallocation (Rørmose Jensen & Iliev 2022)
GRC,Greece,Europe,Textile,climate_change,kt CO2eq,0.012887674756446452,2022,EXIOBASE v3.8.2 IOT_2022_ixi with Danish sea-transport reallocation (Rørmose Jensen & Iliev 2022)
TUR,Turkey,Middle East,Waste management and disposal,waste_generation,kt,0.0128177103989756,2022,EXIOBASE v3.8.2 IOT_2022_ixi with Danish sea-transport reallocation (Rørmose Jensen & Iliev 2022)
RoW Europe,RoW Europe,Europe,Construction,waste_generation,kt,0.01279265471627952,2022,EXIOBASE v3.8.2 IOT_2022_ixi with Danish sea-transport reallocation (Rørmose Jensen & Iliev 2022)
BGR,Bulgaria,Europe,Metal Products,waste_generation,kt,0.012784893730098,2022,EXIOBASE v3.8.2 IOT_2022_ixi with Danish sea-transport reallocation (Rørmose Jensen & Iliev 2022)
IND,India,Asia and Pacific,Construction,waste_generation,kt,0.01278415855721706,2022,EXIOBASE v3.8.2 IOT_2022_ixi with Danish sea-transport reallocation (Rørmose Jensen & Iliev 2022)
BEL,Belgium,Europe,Food and catering,material_extraction,kt,0.0127510830423769,2022,EXIOBASE v3.8.2 IOT_2022_ixi with Danish sea-transport reallocation (Rørmose Jensen & Iliev 2022)
RoW Middle East,RoW Middle East,Middle East,Coal and Petroleum,waste_generation,kt,0.012747769162147444,2022,EXIOBASE v3.8.2 IOT_2022_ixi with Danish sea-transport reallocation (Rørmose Jensen & Iliev 2022)
ZAF,South Africa,Africa,Waste management and disposal,climate_change,kt CO2eq,0.012610896119565444,2022,EXIOBASE v3.8.2 IOT_2022_ixi with Danish sea-transport reallocation (Rørmose Jensen & Iliev 2022)
ROU,Romania,Europe,"Electrical, electronic and measuring equipment",climate_change,kt CO2eq,0.01260718541774863,2022,EXIOBASE v3.8.2 IOT_2022_ixi with Danish sea-transport reallocation (Rørmose Jensen & Iliev 2022)
ZAF,South Africa,Africa,General and special Machinery,climate_change,kt CO2eq,0.012599000199281188,2022,EXIOBASE v3.8.2 IOT_2022_ixi with Danish sea-transport reallocation (Rørmose Jensen & Iliev 2022)
BEL,Belgium,Europe,Paper Products,waste_generation,kt,0.012591144724774165,2022,EXIOBASE v3.8.2 IOT_2022_ixi with Danish sea-transport reallocation (Rørmose Jensen & Iliev 2022)
RoW Africa,RoW Africa,Africa,"Steam, hot water supply and water distribution",land_use,km2,0.01258441761052942,2022,EXIOBASE v3.8.2 IOT_2022_ixi with Danish sea-transport reallocation (Rørmose Jensen & Iliev 2022)
HRV,Croatia,Europe,Paper Products,climate_change,kt CO2eq,0.012555597598990819,2022,EXIOBASE v3.8.2 IOT_2022_ixi with Danish sea-transport reallocation (Rørmose Jensen & Iliev 2022)
HUN,Hungary,Europe,Construction,climate_change,kt CO2eq,0.01251557923288381,2022,EXIOBASE v3.8.2 IOT_2022_ixi with Danish sea-transport reallocation (Rørmose Jensen & Iliev 2022)
RoW Asia and Pacific,RoW Asia and Pacific,Asia and Pacific,"Electrical, electronic and measuring equipment",blue_water_consumption,Mm3,0.012426581674132643,2022,EXIOBASE v3.8.2 IOT_2022_ixi with Danish sea-transport reallocation (Rørmose Jensen & Iliev 2022)
ROU,Romania,Europe,Metal Products,waste_generation,kt,0.012386339173391072,2022,EXIOBASE v3.8.2 IOT_2022_ixi with Danish sea-transport reallocation (Rørmose Jensen & Iliev 2022)
IDN,Indonesia,Asia and Pacific,Construction,waste_generation,kt,0.01237696106074158,2022,EXIOBASE v3.8.2 IOT_2022_ixi with Danish sea-transport reallocation (Rørmose Jensen & Iliev 2022)
PRT,Portugal,Europe,Non-metallic mineral products,material_extraction,kt,0.012341323423245853,2022,EXIOBASE v3.8.2 IOT_2022_ixi with Danish sea-transport reallocation (Rørmose Jensen & Iliev 2022)
GBR,United Kingdom,Europe,Metal Products,blue_water_consumption,Mm3,0.012296713302559078,2022,EXIOBASE v3.8.2 IOT_2022_ixi with Danish sea-transport reallocation (Rørmose Jensen & Iliev 2022)
CHN,China,Asia and Pacific,Furniture and timber,blue_water_consumption,Mm3,0.01227667579261795,2022,EXIOBASE v3.8.2 IOT_2022_ixi with Danish sea-transport reallocation (Rørmose Jensen & Iliev 2022)
EST,Estonia,Europe,Textile,climate_change,kt CO2eq,0.01219666775010186,2022,EXIOBASE v3.8.2 IOT_2022_ixi with Danish sea-transport reallocation (Rørmose Jensen & Iliev 2022)
ITA,Italy,Europe,Non-metallic mineral products,waste_generation,kt,0.012188976003659462,2022,EXIOBASE v3.8.2 IOT_2022_ixi with Danish sea-transport reallocation (Rørmose Jensen & Iliev 2022)
CZE,Czech Republic,Europe,Transport,waste_generation,kt,0.012179950577329594,2022,EXIOBASE v3.8.2 IOT_2022_ixi with Danish sea-transport reallocation (Rørmose Jensen & Iliev 2022)
GBR,United Kingdom,Europe,Minerals and Metals,blue_water_consumption,Mm3,0.011976742267351992,2022,EXIOBASE v3.8.2 IOT_2022_ixi with Danish sea-transport reallocation (Rørmose Jensen & Iliev 2022)
ROU,Romania,Europe,Paper Products,climate_change,kt CO2eq,0.01197609647420387,2022,EXIOBASE v3.8.2 IOT_2022_ixi with Danish sea-transport reallocation (Rørmose Jensen & Iliev 2022)
AUS,Australia,Asia and Pacific,Coal and Petroleum,waste_generation,kt,0.01190432261540948,2022,EXIOBASE v3.8.2 IOT_2022_ixi with Danish sea-transport reallocation (Rørmose Jensen & Iliev 2022)
GRC,Greece,Europe,Natural gas and gaseous fuels,climate_change,kt CO2eq,0.011867932346693021,2022,EXIOBASE v3.8.2 IOT_2022_ixi with Danish sea-transport reallocation (Rørmose Jensen & Iliev 2022)
DNK,Denmark,Denmark,Metal Products,land_use,km2,0.01179853236461152,2022,EXIOBASE v3.8.2 IOT_2022_ixi with Danish sea-transport reallocation (Rørmose Jensen & Iliev 2022)
RoW Europe,RoW Europe,Europe,Transport Equipment,waste_generation,kt,0.011690896276730981,2022,EXIOBASE v3.8.2 IOT_2022_ixi with Danish sea-transport reallocation (Rørmose Jensen & Iliev 2022)
RoW Europe,RoW Europe,Europe,Furniture and timber,waste_generation,kt,0.0116868935121341,2022,EXIOBASE v3.8.2 IOT_2022_ixi with Danish sea-transport reallocation (Rørmose Jensen & Iliev 2022)
JPN,Japan,Asia and Pacific,Chemical,blue_water_consumption,Mm3,0.011642364657263465,2022,EXIOBASE v3.8.2 IOT_2022_ixi with Danish sea-transport reallocation (Rørmose Jensen & Iliev 2022)
ESP,Spain,Europe,Chemical,blue_water_consumption,Mm3,0.011633923404932215,2022,EXIOBASE v3.8.2 IOT_2022_ixi with Danish sea-transport reallocation (Rørmose Jensen & Iliev 2022)
SVN,Slovenia,Europe,Construction,waste_generation,kt,0.011542691803411508,2022,EXIOBASE v3.8.2 IOT_2022_ixi with Danish sea-transport reallocation (Rørmose Jensen & Iliev 2022)
POL,Poland,Europe,Metal Products,land_use,km2,0.01150726824114442,2022,EXIOBASE v3.8.2 IOT_2022_ixi with Danish sea-transport reallocation (Rørmose Jensen & Iliev 2022)
CHN,China,Asia and Pacific,Transport Equipment,waste_generation,kt,0.011476675534495013,2022,EXIOBASE v3.8.2 IOT_2022_ixi with Danish sea-transport reallocation (Rørmose Jensen & Iliev 2022)
GBR,United Kingdom,Europe,"Electrical, electronic and measuring equipment",waste_generation,kt,0.011406799105354545,2022,EXIOBASE v3.8.2 IOT_2022_ixi with Danish sea-transport reallocation (Rørmose Jensen & Iliev 2022)
NLD,Netherlands,Europe,Transport Equipment,climate_change,kt CO2eq,0.011406770569624886,2022,EXIOBASE v3.8.2 IOT_2022_ixi with Danish sea-transport reallocation (Rørmose Jensen & Iliev 2022)
CHE,Switzerland,Europe,General and special Machinery,climate_change,kt CO2eq,0.011367298138767318,2022,EXIOBASE v3.8.2 IOT_2022_ixi with Danish sea-transport reallocation (Rørmose Jensen & Iliev 2022)
RoW Asia and Pacific,RoW Asia and Pacific,Asia and Pacific,Metal Products,land_use,km2,0.011354936337808753,2022,EXIOBASE v3.8.2 IOT_2022_ixi with Danish sea-transport reallocation (Rørmose Jensen & Iliev 2022)
HUN,Hungary,Europe,Transport,land_use,km2,0.011335973533824087,2022,EXIOBASE v3.8.2 IOT_2022_ixi with Danish sea-transport reallocation (Rørmose Jensen & Iliev 2022)
CAN,Canada,America,Waste management and disposal,waste_generation,kt,0.011300838799332413,2022,EXIOBASE v3.8.2 IOT_2022_ixi with Danish sea-transport reallocation (Rørmose Jensen & Iliev 2022)
BRA,Brazil,America,Electricity,waste_generation,kt,0.011259865442663396,2022,EXIOBASE v3.8.2 IOT_2022_ixi with Danish sea-transport reallocation (Rørmose Jensen & Iliev 2022)
RoW Middle East,RoW Middle East,Middle East,"Electrical, electronic and measuring equipment",waste_generation,kt,0.011211333840660469,2022,EXIOBASE v3.8.2 IOT_2022_ixi with Danish sea-transport reallocation (Rørmose Jensen & Iliev 2022)
RoW Africa,RoW Africa,Africa,Metal Products,material_extraction,kt,0.011105866674597585,2022,EXIOBASE v3.8.2 IOT_2022_ixi with Danish sea-transport reallocation (Rørmose Jensen & Iliev 2022)
POL,Poland,Europe,Furniture and timber,land_use,km2,0.01110570684772259,2022,EXIOBASE v3.8.2 IOT_2022_ixi with Danish sea-transport reallocation (Rørmose Jensen & Iliev 2022)
AUS,Australia,Asia and Pacific,Electricity,blue_water_consumption,Mm3,0.011054713280993604,2022,EXIOBASE v3.8.2 IOT_2022_ixi with Danish sea-transport reallocation (Rørmose Jensen & Iliev 2022)
POL,Poland,Europe,Chemical,land_use,km2,0.011035562364431619,2022,EXIOBASE v3.8.2 IOT_2022_ixi with Danish sea-transport reallocation (Rørmose Jensen & Iliev 2022)
DEU,Germany,Europe,"Electrical, electronic and measuring equipment",material_extraction,kt,0.011002542729841955,2022,EXIOBASE v3.8.2 IOT_2022_ixi with Danish sea-transport reallocation (Rørmose Jensen & Iliev 2022)
HUN,Hungary,Europe,Textile,climate_change,kt CO2eq,0.010945711098073796,2022,EXIOBASE v3.8.2 IOT_2022_ixi with Danish sea-transport reallocation (Rørmose Jensen & Iliev 2022)
NOR,Norway,Europe,Coal and Petroleum,waste_generation,kt,0.010886961049029545,2022,EXIOBASE v3.8.2 IOT_2022_ixi with Danish sea-transport reallocation (Rørmose Jensen & Iliev 2022)
DEU,Germany,Europe,General and special Machinery,waste_generation,kt,0.01088528919041095,2022,EXIOBASE v3.8.2 IOT_2022_ixi with Danish sea-transport reallocation (Rørmose Jensen & Iliev 2022)
CZE,Czech Republic,Europe,Waste management and disposal,material_extraction,kt,0.010672930197442912,2022,EXIOBASE v3.8.2 IOT_2022_ixi with Danish sea-transport reallocation (Rørmose Jensen & Iliev 2022)
GBR,United Kingdom,Europe,Furniture and timber,waste_generation,kt,0.0106016666391168,2022,EXIOBASE v3.8.2 IOT_2022_ixi with Danish sea-transport reallocation (Rørmose Jensen & Iliev 2022)
SVN,Slovenia,Europe,Waste management and disposal,waste_generation,kt,0.010594883948674262,2022,EXIOBASE v3.8.2 IOT_2022_ixi with Danish sea-transport reallocation (Rørmose Jensen & Iliev 2022)
CZE,Czech Republic,Europe,Food and catering,blue_water_consumption,Mm3,0.010594144341930158,2022,EXIOBASE v3.8.2 IOT_2022_ixi with Danish sea-transport reallocation (Rørmose Jensen & Iliev 2022)
TWN,Taiwan,Asia and Pacific,General and special Machinery,climate_change,kt CO2eq,0.010548263477293325,2022,EXIOBASE v3.8.2 IOT_2022_ixi with Danish sea-transport reallocation (Rørmose Jensen & Iliev 2022)
RoW Asia and Pacific,RoW Asia and Pacific,Asia and Pacific,Furniture and timber,waste_generation,kt,0.010546490783367708,2022,EXIOBASE v3.8.2 IOT_2022_ixi with Danish sea-transport reallocation (Rørmose Jensen & Iliev 2022)
NOR,Norway,Europe,Construction,climate_change,kt CO2eq,0.01053812827107832,2022,EXIOBASE v3.8.2 IOT_2022_ixi with Danish sea-transport reallocation (Rørmose Jensen & Iliev 2022)
EST,Estonia,Europe,Textile,land_use,km2,0.01053625075901621,2022,EXIOBASE v3.8.2 IOT_2022_ixi with Danish sea-transport reallocation (Rørmose Jensen & Iliev 2022)
ZAF,South Africa,Africa,Services,material_extraction,kt,0.01043429503299961,2022,EXIOBASE v3.8.2 IOT_2022_ixi with Danish sea-transport reallocation (Rørmose Jensen & Iliev 2022)
CHN,China,Asia and Pacific,Construction,waste_generation,kt,0.01040504851183393,2022,EXIOBASE v3.8.2 IOT_2022_ixi with Danish sea-transport reallocation (Rørmose Jensen & Iliev 2022)
BGR,Bulgaria,Europe,Electricity,blue_water_consumption,Mm3,0.010399777441955624,2022,EXIOBASE v3.8.2 IOT_2022_ixi with Danish sea-transport reallocation (Rørmose Jensen & Iliev 2022)
SVK,Slovakia,Europe,Paper Products,waste_generation,kt,0.010388111339929663,2022,EXIOBASE v3.8.2 IOT_2022_ixi with Danish sea-transport reallocation (Rørmose Jensen & Iliev 2022)
PRT,Portugal,Europe,"Electrical, electronic and measuring equipment",climate_change,kt CO2eq,0.010374653399324384,2022,EXIOBASE v3.8.2 IOT_2022_ixi with Danish sea-transport reallocation (Rørmose Jensen & Iliev 2022)
LUX,Luxembourg,Europe,Textile,climate_change,kt CO2eq,0.010320470969572934,2022,EXIOBASE v3.8.2 IOT_2022_ixi with Danish sea-transport reallocation (Rørmose Jensen & Iliev 2022)
RoW America,RoW America,America,"Steam, hot water supply and water distribution",climate_change,kt CO2eq,0.010293161922294198,2022,EXIOBASE v3.8.2 IOT_2022_ixi with Danish sea-transport reallocation (Rørmose Jensen & Iliev 2022)
RoW Africa,RoW Africa,Africa,Non-metallic mineral products,blue_water_consumption,Mm3,0.010258663651054805,2022,EXIOBASE v3.8.2 IOT_2022_ixi with Danish sea-transport reallocation (Rørmose Jensen & Iliev 2022)
IRL,Ireland,Europe,Paper Products,climate_change,kt CO2eq,0.010253395178126996,2022,EXIOBASE v3.8.2 IOT_2022_ixi with Danish sea-transport reallocation (Rørmose Jensen & Iliev 2022)
CHE,Switzerland,Europe,"Electrical, electronic and measuring equipment",waste_generation,kt,0.010253336413075909,2022,EXIOBASE v3.8.2 IOT_2022_ixi with Danish sea-transport reallocation (Rørmose Jensen & Iliev 2022)
LUX,Luxembourg,Europe,Waste management and disposal,waste_generation,kt,0.010250281917731018,2022,EXIOBASE v3.8.2 IOT_2022_ixi with Danish sea-transport reallocation (Rørmose Jensen & Iliev 2022)
CZE,Czech Republic,Europe,Transport Equipment,climate_change,kt CO2eq,0.010221249729878841,2022,EXIOBASE v3.8.2 IOT_2022_ixi with Danish sea-transport reallocation (Rørmose Jensen & Iliev 2022)
PRT,Portugal,Europe,Metal Products,waste_generation,kt,0.010220368534147189,2022,EXIOBASE v3.8.2 IOT_2022_ixi with Danish sea-transport reallocation (Rørmose Jensen & Iliev 2022)
RoW America,RoW America,America,Chemical,blue_water_consumption,Mm3,0.010152875614327123,2022,EXIOBASE v3.8.2 IOT_2022_ixi with Danish sea-transport reallocation (Rørmose Jensen & Iliev 2022)
IDN,Indonesia,Asia and Pacific,"Electrical, electronic and measuring equipment",climate_change,kt CO2eq,0.010148939353569784,2022,EXIOBASE v3.8.2 IOT_2022_ixi with Danish sea-transport reallocation (Rørmose Jensen & Iliev 2022)
RoW Asia and Pacific,RoW Asia and Pacific,Asia and Pacific,Transport Equipment,waste_generation,kt,0.010095659706281318,2022,EXIOBASE v3.8.2 IOT_2022_ixi with Danish sea-transport reallocation (Rørmose Jensen & Iliev 2022)
RoW Asia and Pacific,RoW Asia and Pacific,Asia and Pacific,Construction,land_use,km2,0.01008065002220532,2022,EXIOBASE v3.8.2 IOT_2022_ixi with Danish sea-transport reallocation (Rørmose Jensen & Iliev 2022)
USA,United States,America,Furniture and timber,waste_generation,kt,0.01005535329201589,2022,EXIOBASE v3.8.2 IOT_2022_ixi with Danish sea-transport reallocation (Rørmose Jensen & Iliev 2022)
IND,India,Asia and Pacific,Transport,waste_generation,kt,0.010038764124551939,2022,EXIOBASE v3.8.2 IOT_2022_ixi with Danish sea-transport reallocation (Rørmose Jensen & Iliev 2022)
BEL,Belgium,Europe,General and special Machinery,climate_change,kt CO2eq,0.010030664207796303,2022,EXIOBASE v3.8.2 IOT_2022_ixi with Danish sea-transport reallocation (Rørmose Jensen & Iliev 2022)
RoW Europe,RoW Europe,Europe,Metal Products,land_use,km2,0.01001756449351099,2022,EXIOBASE v3.8.2 IOT_2022_ixi with Danish sea-transport reallocation (Rørmose Jensen & Iliev 2022)
IND,India,Asia and Pacific,"Electrical, electronic and measuring equipment",waste_generation,kt,0.010009234267708587,2022,EXIOBASE v3.8.2 IOT_2022_ixi with Danish sea-transport reallocation (Rørmose Jensen & Iliev 2022)
GRC,Greece,Europe,Furniture and timber,climate_change,kt CO2eq,0.009998587992916964,2022,EXIOBASE v3.8.2 IOT_2022_ixi with Danish sea-transport reallocation (Rørmose Jensen & Iliev 2022)
CHN,China,Asia and Pacific,Non-metallic mineral products,blue_water_consumption,Mm3,0.00997298356537407,2022,EXIOBASE v3.8.2 IOT_2022_ixi with Danish sea-transport reallocation (Rørmose Jensen & Iliev 2022)
RoW Asia and Pacific,RoW Asia and Pacific,Asia and Pacific,Textile,material_extraction,kt,0.009944490773883721,2022,EXIOBASE v3.8.2 IOT_2022_ixi with Danish sea-transport reallocation (Rørmose Jensen & Iliev 2022)
USA,United States,America,General and special Machinery,waste_generation,kt,0.009901115778376003,2022,EXIOBASE v3.8.2 IOT_2022_ixi with Danish sea-transport reallocation (Rørmose Jensen & Iliev 2022)
AUS,Australia,Asia and Pacific,Services,waste_generation,kt,0.009900296068010671,2022,EXIOBASE v3.8.2 IOT_2022_ixi with Danish sea-transport reallocation (Rørmose Jensen & Iliev 2022)
SVK,Slovakia,Europe,Waste management and disposal,waste_generation,kt,0.009885473665173287,2022,EXIOBASE v3.8.2 IOT_2022_ixi with Danish sea-transport reallocation (Rørmose Jensen & Iliev 2022)
BRA,Brazil,America,Furniture and timber,waste_generation,kt,0.00982554051688716,2022,EXIOBASE v3.8.2 IOT_2022_ixi with Danish sea-transport reallocation (Rørmose Jensen & Iliev 2022)
RoW America,RoW America,America,Metal Products,waste_generation,kt,0.0098249543707517,2022,EXIOBASE v3.8.2 IOT_2022_ixi with Danish sea-transport reallocation (Rørmose Jensen & Iliev 2022)
JPN,Japan,Asia and Pacific,Coal and Petroleum,waste_generation,kt,0.00980296843322382,2022,EXIOBASE v3.8.2 IOT_2022_ixi with Danish sea-transport reallocation (Rørmose Jensen & Iliev 2022)
LUX,Luxembourg,Europe,Food and catering,waste_generation,kt,0.009768193986028018,2022,EXIOBASE v3.8.2 IOT_2022_ixi with Danish sea-transport reallocation (Rørmose Jensen & Iliev 2022)
BRA,Brazil,America,Textile,material_extraction,kt,0.00974998638637714,2022,EXIOBASE v3.8.2 IOT_2022_ixi with Danish sea-transport reallocation (Rørmose Jensen & Iliev 2022)
USA,United States,America,Metal Products,blue_water_consumption,Mm3,0.009708933830188468,2022,EXIOBASE v3.8.2 IOT_2022_ixi with Danish sea-transport reallocation (Rørmose Jensen & Iliev 2022)
RoW Middle East,RoW Middle East,Middle East,"Steam, hot water supply and water distribution",material_extraction,kt,0.009659908447737026,2022,EXIOBASE v3.8.2 IOT_2022_ixi with Danish sea-transport reallocation (Rørmose Jensen & Iliev 2022)
POL,Poland,Europe,General and special Machinery,waste_generation,kt,0.009590722948798609,2022,EXIOBASE v3.8.2 IOT_2022_ixi with Danish sea-transport reallocation (Rørmose Jensen & Iliev 2022)
USA,United States,America,Textile,blue_water_consumption,Mm3,0.009564881990921098,2022,EXIOBASE v3.8.2 IOT_2022_ixi with Danish sea-transport reallocation (Rørmose Jensen & Iliev 2022)
SWE,Sweden,Europe,General and special Machinery,waste_generation,kt,0.009510583819466376,2022,EXIOBASE v3.8.2 IOT_2022_ixi with Danish sea-transport reallocation (Rørmose Jensen & Iliev 2022)
JPN,Japan,Asia and Pacific,Construction,climate_change,kt CO2eq,0.009507614933178218,2022,EXIOBASE v3.8.2 IOT_2022_ixi with Danish sea-transport reallocation (Rørmose Jensen & Iliev 2022)
RoW Europe,RoW Europe,Europe,Textile,blue_water_consumption,Mm3,0.009421984772309683,2022,EXIOBASE v3.8.2 IOT_2022_ixi with Danish sea-transport reallocation (Rørmose Jensen & Iliev 2022)
HUN,Hungary,Europe,Metal Products,waste_generation,kt,0.009386892133199693,2022,EXIOBASE v3.8.2 IOT_2022_ixi with Danish sea-transport reallocation (Rørmose Jensen & Iliev 2022)
ESP,Spain,Europe,Electricity,blue_water_consumption,Mm3,0.009377919266367787,2022,EXIOBASE v3.8.2 IOT_2022_ixi with Danish sea-transport reallocation (Rørmose Jensen & Iliev 2022)
RoW Middle East,RoW Middle East,Middle East,Services,land_use,km2,0.00937753913016388,2022,EXIOBASE v3.8.2 IOT_2022_ixi with Danish sea-transport reallocation (Rørmose Jensen & Iliev 2022)
CHE,Switzerland,Europe,Electricity,blue_water_consumption,Mm3,0.00929250313751766,2022,EXIOBASE v3.8.2 IOT_2022_ixi with Danish sea-transport reallocation (Rørmose Jensen & Iliev 2022)
CYP,Cyprus,Middle East,Food and catering,waste_generation,kt,0.009259650393668526,2022,EXIOBASE v3.8.2 IOT_2022_ixi with Danish sea-transport reallocation (Rørmose Jensen & Iliev 2022)
ITA,Italy,Europe,Metal Products,blue_water_consumption,Mm3,0.009219726626498653,2022,EXIOBASE v3.8.2 IOT_2022_ixi with Danish sea-transport reallocation (Rørmose Jensen & Iliev 2022)
FRA,France,Europe,Furniture and timber,waste_generation,kt,0.009186492124878383,2022,EXIOBASE v3.8.2 IOT_2022_ixi with Danish sea-transport reallocation (Rørmose Jensen & Iliev 2022)
SWE,Sweden,Europe,Services,blue_water_consumption,Mm3,0.009165916100934073,2022,EXIOBASE v3.8.2 IOT_2022_ixi with Danish sea-transport reallocation (Rørmose Jensen & Iliev 2022)
RoW Europe,RoW Europe,Europe,Metal Products,blue_water_consumption,Mm3,0.00916464393120596,2022,EXIOBASE v3.8.2 IOT_2022_ixi with Danish sea-transport reallocation (Rørmose Jensen & Iliev 2022)
JPN,Japan,Asia and Pacific,Food and catering,waste_generation,kt,0.00915045076229395,2022,EXIOBASE v3.8.2 IOT_2022_ixi with Danish sea-transport reallocation (Rørmose Jensen & Iliev 2022)
SVK,Slovakia,Europe,"Steam, hot water supply and water distribution",material_extraction,kt,0.009144506189366245,2022,EXIOBASE v3.8.2 IOT_2022_ixi with Danish sea-transport reallocation (Rørmose Jensen & Iliev 2022)
EST,Estonia,Europe,Furniture and timber,waste_generation,kt,0.009136879827895385,2022,EXIOBASE v3.8.2 IOT_2022_ixi with Danish sea-transport reallocation (Rørmose Jensen & Iliev 2022)
TUR,Turkey,Middle East,"Steam, hot water supply and water distribution",waste_generation,kt,0.009113544131602747,2022,EXIOBASE v3.8.2 IOT_2022_ixi with Danish sea-transport reallocation (Rørmose Jensen & Iliev 2022)
RoW Asia and Pacific,RoW Asia and Pacific,Asia and Pacific,Furniture and timber,material_extraction,kt,0.00908303048773628,2022,EXIOBASE v3.8.2 IOT_2022_ixi with Danish sea-transport reallocation (Rørmose Jensen & Iliev 2022)
POL,Poland,Europe,Textile,land_use,km2,0.009082589029338473,2022,EXIOBASE v3.8.2 IOT_2022_ixi with Danish sea-transport reallocation (Rørmose Jensen & Iliev 2022)
IND,India,Asia and Pacific,Paper Products,waste_generation,kt,0.008988437218920215,2022,EXIOBASE v3.8.2 IOT_2022_ixi with Danish sea-transport reallocation (Rørmose Jensen & Iliev 2022)
RoW America,RoW America,America,General and special Machinery,land_use,km2,0.008917504731035454,2022,EXIOBASE v3.8.2 IOT_2022_ixi with Danish sea-transport reallocation (Rørmose Jensen & Iliev 2022)
SWE,Sweden,Europe,"Electrical, electronic and measuring equipment",blue_water_consumption,Mm3,0.008889884560831987,2022,EXIOBASE v3.8.2 IOT_2022_ixi with Danish sea-transport reallocation (Rørmose Jensen & Iliev 2022)
BEL,Belgium,Europe,Paper Products,blue_water_consumption,Mm3,0.00888534940876541,2022,EXIOBASE v3.8.2 IOT_2022_ixi with Danish sea-transport reallocation (Rørmose Jensen & Iliev 2022)
GBR,United Kingdom,Europe,Non-metallic mineral products,waste_generation,kt,0.00887737679211636,2022,EXIOBASE v3.8.2 IOT_2022_ixi with Danish sea-transport reallocation (Rørmose Jensen & Iliev 2022)
PRT,Portugal,Europe,Food and catering,material_extraction,kt,0.008812994407414603,2022,EXIOBASE v3.8.2 IOT_2022_ixi with Danish sea-transport reallocation (Rørmose Jensen & Iliev 2022)
EST,Estonia,Europe,Natural gas and gaseous fuels,climate_change,kt CO2eq,0.008767775240701117,2022,EXIOBASE v3.8.2 IOT_2022_ixi with Danish sea-transport reallocation (Rørmose Jensen & Iliev 2022)
RoW Middle East,RoW Middle East,Middle East,Furniture and timber,material_extraction,kt,0.008758177958634396,2022,EXIOBASE v3.8.2 IOT_2022_ixi with Danish sea-transport reallocation (Rørmose Jensen & Iliev 2022)
BRA,Brazil,America,Textile,blue_water_consumption,Mm3,0.008750859191292502,2022,EXIOBASE v3.8.2 IOT_2022_ixi with Danish sea-transport reallocation (Rørmose Jensen & Iliev 2022)
LVA,Latvia,Europe,Furniture and timber,waste_generation,kt,0.008743533805558684,2022,EXIOBASE v3.8.2 IOT_2022_ixi with Danish sea-transport reallocation (Rørmose Jensen & Iliev 2022)
JPN,Japan,Asia and Pacific,"Steam, hot water supply and water distribution",climate_change,kt CO2eq,0.008717232193416576,2022,EXIOBASE v3.8.2 IOT_2022_ixi with Danish sea-transport reallocation (Rørmose Jensen & Iliev 2022)
HUN,Hungary,Europe,Waste management and disposal,land_use,km2,0.00871285826835149,2022,EXIOBASE v3.8.2 IOT_2022_ixi with Danish sea-transport reallocation (Rørmose Jensen & Iliev 2022)
RoW America,RoW America,America,Metal Products,land_use,km2,0.008681410869052528,2022,EXIOBASE v3.8.2 IOT_2022_ixi with Danish sea-transport reallocation (Rørmose Jensen & Iliev 2022)
USA,United States,America,"Steam, hot water supply and water distribution",waste_generation,kt,0.00867090942398028,2022,EXIOBASE v3.8.2 IOT_2022_ixi with Danish sea-transport reallocation (Rørmose Jensen & Iliev 2022)
USA,United States,America,Non-metallic mineral products,waste_generation,kt,0.008666787500718077,2022,EXIOBASE v3.8.2 IOT_2022_ixi with Danish sea-transport reallocation (Rørmose Jensen & Iliev 2022)
RoW Asia and Pacific,RoW Asia and Pacific,Asia and Pacific,General and special Machinery,waste_generation,kt,0.00864685567565732,2022,EXIOBASE v3.8.2 IOT_2022_ixi with Danish sea-transport reallocation (Rørmose Jensen & Iliev 2022)
NOR,Norway,Europe,Textile,climate_change,kt CO2eq,0.008626610233537366,2022,EXIOBASE v3.8.2 IOT_2022_ixi with Danish sea-transport reallocation (Rørmose Jensen & Iliev 2022)
SVN,Slovenia,Europe,Electricity,climate_change,kt CO2eq,0.008558219660076149,2022,EXIOBASE v3.8.2 IOT_2022_ixi with Danish sea-transport reallocation (Rørmose Jensen & Iliev 2022)
HRV,Croatia,Europe,Metal Products,waste_generation,kt,0.008491608675028251,2022,EXIOBASE v3.8.2 IOT_2022_ixi with Danish sea-transport reallocation (Rørmose Jensen & Iliev 2022)
AUT,Austria,Europe,Food and catering,material_extraction,kt,0.008487296821311024,2022,EXIOBASE v3.8.2 IOT_2022_ixi with Danish sea-transport reallocation (Rørmose Jensen & Iliev 2022)
MLT,Malta,Europe,Services,waste_generation,kt,0.00845420214377001,2022,EXIOBASE v3.8.2 IOT_2022_ixi with Danish sea-transport reallocation (Rørmose Jensen & Iliev 2022)
GRC,Greece,Europe,Paper Products,climate_change,kt CO2eq,0.008440069330919035,2022,EXIOBASE v3.8.2 IOT_2022_ixi with Danish sea-transport reallocation (Rørmose Jensen & Iliev 2022)
GBR,United Kingdom,Europe,Services,material_extraction,kt,0.008427657093021136,2022,EXIOBASE v3.8.2 IOT_2022_ixi with Danish sea-transport reallocation (Rørmose Jensen & Iliev 2022)
RoW Africa,RoW Africa,Africa,Metal Products,land_use,km2,0.008353831850558324,2022,EXIOBASE v3.8.2 IOT_2022_ixi with Danish sea-transport reallocation (Rørmose Jensen & Iliev 2022)
TUR,Turkey,Middle East,Coal and Petroleum,material_extraction,kt,0.008333862429550799,2022,EXIOBASE v3.8.2 IOT_2022_ixi with Danish sea-transport reallocation (Rørmose Jensen & Iliev 2022)
MEX,Mexico,America,Metal Products,blue_water_consumption,Mm3,0.00829429191374004,2022,EXIOBASE v3.8.2 IOT_2022_ixi with Danish sea-transport reallocation (Rørmose Jensen & Iliev 2022)
ITA,Italy,Europe,Furniture and timber,climate_change,kt CO2eq,0.008264496286277026,2022,EXIOBASE v3.8.2 IOT_2022_ixi with Danish sea-transport reallocation (Rørmose Jensen & Iliev 2022)
BGR,Bulgaria,Europe,Coal and Petroleum,waste_generation,kt,0.008256727028091219,2022,EXIOBASE v3.8.2 IOT_2022_ixi with Danish sea-transport reallocation (Rørmose Jensen & Iliev 2022)
ROU,Romania,Europe,General and special Machinery,climate_change,kt CO2eq,0.008251421686597833,2022,EXIOBASE v3.8.2 IOT_2022_ixi with Danish sea-transport reallocation (Rørmose Jensen & Iliev 2022)
BGR,Bulgaria,Europe,Construction,climate_change,kt CO2eq,0.008251124743168723,2022,EXIOBASE v3.8.2 IOT_2022_ixi with Danish sea-transport reallocation (Rørmose Jensen & Iliev 2022)
DEU,Germany,Europe,Transport Equipment,waste_generation,kt,0.008229889548311388,2022,EXIOBASE v3.8.2 IOT_2022_ixi with Danish sea-transport reallocation (Rørmose Jensen & Iliev 2022)
FIN,Finland,Europe,Food and catering,blue_water_consumption,Mm3,0.00817192735543204,2022,EXIOBASE v3.8.2 IOT_2022_ixi with Danish sea-transport reallocation (Rørmose Jensen & Iliev 2022)
FRA,France,Europe,Construction,climate_change,kt CO2eq,0.008159158155637126,2022,EXIOBASE v3.8.2 IOT_2022_ixi with Danish sea-transport reallocation (Rørmose Jensen & Iliev 2022)
RoW America,RoW America,America,Construction,waste_generation,kt,0.008153346591252952,2022,EXIOBASE v3.8.2 IOT_2022_ixi with Danish sea-transport reallocation (Rørmose Jensen & Iliev 2022)
CAN,Canada,America,Transport Equipment,waste_generation,kt,0.008120165642133517,2022,EXIOBASE v3.8.2 IOT_2022_ixi with Danish sea-transport reallocation (Rørmose Jensen & Iliev 2022)
BGR,Bulgaria,Europe,Metal Products,material_extraction,kt,0.008089161044371622,2022,EXIOBASE v3.8.2 IOT_2022_ixi with Danish sea-transport reallocation (Rørmose Jensen & Iliev 2022)
RUS,Russia,Europe,Transport,waste_generation,kt,0.008083788101924005,2022,EXIOBASE v3.8.2 IOT_2022_ixi with Danish sea-transport reallocation (Rørmose Jensen & Iliev 2022)
TUR,Turkey,Middle East,General and special Machinery,climate_change,kt CO2eq,0.00808026583834301,2022,EXIOBASE v3.8.2 IOT_2022_ixi with Danish sea-transport reallocation (Rørmose Jensen & Iliev 2022)
ROU,Romania,Europe,Furniture and timber,climate_change,kt CO2eq,0.008059085918699378,2022,EXIOBASE v3.8.2 IOT_2022_ixi with Danish sea-transport reallocation (Rørmose Jensen & Iliev 2022)
IND,India,Asia and Pacific,Textile,material_extraction,kt,0.00796395451263051,2022,EXIOBASE v3.8.2 IOT_2022_ixi with Danish sea-transport reallocation (Rørmose Jensen & Iliev 2022)
KOR,South Korea,Asia and Pacific,Chemical,blue_water_consumption,Mm3,0.007953996548532892,2022,EXIOBASE v3.8.2 IOT_2022_ixi with Danish sea-transport reallocation (Rørmose Jensen & Iliev 2022)
CAN,Canada,America,Services,material_extraction,kt,0.007937239323247252,2022,EXIOBASE v3.8.2 IOT_2022_ixi with Danish sea-transport reallocation (Rørmose Jensen & Iliev 2022)
PRT,Portugal,Europe,Textile,land_use,km2,0.007936767144682553,2022,EXIOBASE v3.8.2 IOT_2022_ixi with Danish sea-transport reallocation (Rørmose Jensen & Iliev 2022)
SVN,Slovenia,Europe,Metal Products,waste_generation,kt,0.00791733430912734,2022,EXIOBASE v3.8.2 IOT_2022_ixi with Danish sea-transport reallocation (Rørmose Jensen & Iliev 2022)
ESP,Spain,Europe,Food and catering,material_extraction,kt,0.007915250693824054,2022,EXIOBASE v3.8.2 IOT_2022_ixi with Danish sea-transport reallocation (Rørmose Jensen & Iliev 2022)
POL,Poland,Europe,Natural gas and gaseous fuels,waste_generation,kt,0.00786275948662429,2022,EXIOBASE v3.8.2 IOT_2022_ixi with Danish sea-transport reallocation (Rørmose Jensen & Iliev 2022)
USA,United States,America,Textile,waste_generation,kt,0.007856186056160262,2022,EXIOBASE v3.8.2 IOT_2022_ixi with Danish sea-transport reallocation (Rørmose Jensen & Iliev 2022)
BGR,Bulgaria,Europe,Chemical,blue_water_consumption,Mm3,0.007841314377299945,2022,EXIOBASE v3.8.2 IOT_2022_ixi with Danish sea-transport reallocation (Rørmose Jensen & Iliev 2022)
NOR,Norway,Europe,Non-metallic mineral products,blue_water_consumption,Mm3,0.007831736074514959,2022,EXIOBASE v3.8.2 IOT_2022_ixi with Danish sea-transport reallocation (Rørmose Jensen & Iliev 2022)
CAN,Canada,America,"Electrical, electronic and measuring equipment",waste_generation,kt,0.007803630754316409,2022,EXIOBASE v3.8.2 IOT_2022_ixi with Danish sea-transport reallocation (Rørmose Jensen & Iliev 2022)
POL,Poland,Europe,Metal Products,blue_water_consumption,Mm3,0.007694449342494887,2022,EXIOBASE v3.8.2 IOT_2022_ixi with Danish sea-transport reallocation (Rørmose Jensen & Iliev 2022)
ITA,Italy,Europe,"Electrical, electronic and measuring equipment",waste_generation,kt,0.007690078895832848,2022,EXIOBASE v3.8.2 IOT_2022_ixi with Danish sea-transport reallocation (Rørmose Jensen & Iliev 2022)
IND,India,Asia and Pacific,General and special Machinery,waste_generation,kt,0.0076899407770570855,2022,EXIOBASE v3.8.2 IOT_2022_ixi with Danish sea-transport reallocation (Rørmose Jensen & Iliev 2022)
RUS,Russia,Europe,Construction,waste_generation,kt,0.007688534755294444,2022,EXIOBASE v3.8.2 IOT_2022_ixi with Danish sea-transport reallocation (Rørmose Jensen & Iliev 2022)
LTU,Lithuania,Europe,Services,waste_generation,kt,0.007665867833161134,2022,EXIOBASE v3.8.2 IOT_2022_ixi with Danish sea-transport reallocation (Rørmose Jensen & Iliev 2022)
RUS,Russia,Europe,Furniture and timber,material_extraction,kt,0.007630633437633996,2022,EXIOBASE v3.8.2 IOT_2022_ixi with Danish sea-transport reallocation (Rørmose Jensen & Iliev 2022)
RoW Asia and Pacific,RoW Asia and Pacific,Asia and Pacific,Transport Equipment,material_extraction,kt,0.007612480064583584,2022,EXIOBASE v3.8.2 IOT_2022_ixi with Danish sea-transport reallocation (Rørmose Jensen & Iliev 2022)
NLD,Netherlands,Europe,Non-metallic mineral products,waste_generation,kt,0.00755759496840238,2022,EXIOBASE v3.8.2 IOT_2022_ixi with Danish sea-transport reallocation (Rørmose Jensen & Iliev 2022)
CZE,Czech Republic,Europe,Chemical,blue_water_consumption,Mm3,0.007541144828922086,2022,EXIOBASE v3.8.2 IOT_2022_ixi with Danish sea-transport reallocation (Rørmose Jensen & Iliev 2022)
CAN,Canada,America,Transport Equipment,climate_change,kt CO2eq,0.007501832500566867,2022,EXIOBASE v3.8.2 IOT_2022_ixi with Danish sea-transport reallocation (Rørmose Jensen & Iliev 2022)
LVA,Latvia,Europe,Construction,climate_change,kt CO2eq,0.007413675810643438,2022,EXIOBASE v3.8.2 IOT_2022_ixi with Danish sea-transport reallocation (Rørmose Jensen & Iliev 2022)
BGR,Bulgaria,Europe,Transport Equipment,climate_change,kt CO2eq,0.007404938210610236,2022,EXIOBASE v3.8.2 IOT_2022_ixi with Danish sea-transport reallocation (Rørmose Jensen & Iliev 2022)
RoW America,RoW America,America,Services,blue_water_consumption,Mm3,0.007396478534751302,2022,EXIOBASE v3.8.2 IOT_2022_ixi with Danish sea-transport reallocation (Rørmose Jensen & Iliev 2022)
RoW Africa,RoW Africa,Africa,Chemical,material_extraction,kt,0.007393216049811093,2022,EXIOBASE v3.8.2 IOT_2022_ixi with Danish sea-transport reallocation (Rørmose Jensen & Iliev 2022)
PRT,Portugal,Europe,Transport,material_extraction,kt,0.007376437846964843,2022,EXIOBASE v3.8.2 IOT_2022_ixi with Danish sea-transport reallocation (Rørmose Jensen & Iliev 2022)
BGR,Bulgaria,Europe,Paper Products,waste_generation,kt,0.00736855654715411,2022,EXIOBASE v3.8.2 IOT_2022_ixi with Danish sea-transport reallocation (Rørmose Jensen & Iliev 2022)
GBR,United Kingdom,Europe,Transport Equipment,waste_generation,kt,0.007337437889555195,2022,EXIOBASE v3.8.2 IOT_2022_ixi with Danish sea-transport reallocation (Rørmose Jensen & Iliev 2022)
AUT,Austria,Europe,Food and catering,blue_water_consumption,Mm3,0.007288860430860388,2022,EXIOBASE v3.8.2 IOT_2022_ixi with Danish sea-transport reallocation (Rørmose Jensen & Iliev 2022)
LVA,Latvia,Europe,Paper Products,climate_change,kt CO2eq,0.0072871630598323415,2022,EXIOBASE v3.8.2 IOT_2022_ixi with Danish sea-transport reallocation (Rørmose Jensen & Iliev 2022)
SVK,Slovakia,Europe,"Steam, hot water supply and water distribution",waste_generation,kt,0.0072664803367265525,2022,EXIOBASE v3.8.2 IOT_2022_ixi with Danish sea-transport reallocation (Rørmose Jensen & Iliev 2022)
RoW Middle East,RoW Middle East,Middle East,Waste management and disposal,waste_generation,kt,0.00723478757844669,2022,EXIOBASE v3.8.2 IOT_2022_ixi with Danish sea-transport reallocation (Rørmose Jensen & Iliev 2022)
BRA,Brazil,America,"Electrical, electronic and measuring equipment",waste_generation,kt,0.007209739688969015,2022,EXIOBASE v3.8.2 IOT_2022_ixi with Danish sea-transport reallocation (Rørmose Jensen & Iliev 2022)
RUS,Russia,Europe,Non-metallic mineral products,land_use,km2,0.007180965943405189,2022,EXIOBASE v3.8.2 IOT_2022_ixi with Danish sea-transport reallocation (Rørmose Jensen & Iliev 2022)
CAN,Canada,America,Chemical,blue_water_consumption,Mm3,0.007169615378850132,2022,EXIOBASE v3.8.2 IOT_2022_ixi with Danish sea-transport reallocation (Rørmose Jensen & Iliev 2022)
BRA,Brazil,America,Chemical,blue_water_consumption,Mm3,0.007166877811457851,2022,EXIOBASE v3.8.2 IOT_2022_ixi with Danish sea-transport reallocation (Rørmose Jensen & Iliev 2022)
CZE,Czech Republic,Europe,Paper Products,blue_water_consumption,Mm3,0.007158287128717114,2022,EXIOBASE v3.8.2 IOT_2022_ixi with Danish sea-transport reallocation (Rørmose Jensen & Iliev 2022)
SVK,Slovakia,Europe,Chemical,blue_water_consumption,Mm3,0.007156744909747571,2022,EXIOBASE v3.8.2 IOT_2022_ixi with Danish sea-transport reallocation (Rørmose Jensen & Iliev 2022)
NOR,Norway,Europe,Textile,waste_generation,kt,0.00715499904572784,2022,EXIOBASE v3.8.2 IOT_2022_ixi with Danish sea-transport reallocation (Rørmose Jensen & Iliev 2022)
CHE,Switzerland,Europe,Metal Products,waste_generation,kt,0.007119706589328846,2022,EXIOBASE v3.8.2 IOT_2022_ixi with Danish sea-transport reallocation (Rørmose Jensen & Iliev 2022)
KOR,South Korea,Asia and Pacific,Services,waste_generation,kt,0.007090665766360972,2022,EXIOBASE v3.8.2 IOT_2022_ixi with Danish sea-transport reallocation (Rørmose Jensen & Iliev 2022)
CAN,Canada,America,Furniture and timber,waste_generation,kt,0.007056641711717081,2022,EXIOBASE v3.8.2 IOT_2022_ixi with Danish sea-transport reallocation (Rørmose Jensen & Iliev 2022)
RUS,Russia,Europe,Natural gas and gaseous fuels,material_extraction,kt,0.007047879149590252,2022,EXIOBASE v3.8.2 IOT_2022_ixi with Danish sea-transport reallocation (Rørmose Jensen & Iliev 2022)
DNK,Denmark,Denmark,"Electrical, electronic and measuring equipment",blue_water_consumption,Mm3,0.006988605674752647,2022,EXIOBASE v3.8.2 IOT_2022_ixi with Danish sea-transport reallocation (Rørmose Jensen & Iliev 2022)
CHE,Switzerland,Europe,Waste management and disposal,land_use,km2,0.006985147408075063,2022,EXIOBASE v3.8.2 IOT_2022_ixi with Danish sea-transport reallocation (Rørmose Jensen & Iliev 2022)
CHE,Switzerland,Europe,Construction,material_extraction,kt,0.006942492450078754,2022,EXIOBASE v3.8.2 IOT_2022_ixi with Danish sea-transport reallocation (Rørmose Jensen & Iliev 2022)
MEX,Mexico,America,Electricity,waste_generation,kt,0.00688422981234416,2022,EXIOBASE v3.8.2 IOT_2022_ixi with Danish sea-transport reallocation (Rørmose Jensen & Iliev 2022)
LTU,Lithuania,Europe,Paper Products,waste_generation,kt,0.006871906528103132,2022,EXIOBASE v3.8.2 IOT_2022_ixi with Danish sea-transport reallocation (Rørmose Jensen & Iliev 2022)
LVA,Latvia,Europe,Construction,waste_generation,kt,0.006858397000625061,2022,EXIOBASE v3.8.2 IOT_2022_ixi with Danish sea-transport reallocation (Rørmose Jensen & Iliev 2022)
SWE,Sweden,Europe,Textile,climate_change,kt CO2eq,0.006822372132730683,2022,EXIOBASE v3.8.2 IOT_2022_ixi with Danish sea-transport reallocation (Rørmose Jensen & Iliev 2022)
NLD,Netherlands,Europe,"Electrical, electronic and measuring equipment",waste_generation,kt,0.00678524989090735,2022,EXIOBASE v3.8.2 IOT_2022_ixi with Danish sea-transport reallocation (Rørmose Jensen & Iliev 2022)
CHE,Switzerland,Europe,Food and catering,blue_water_consumption,Mm3,0.00678431161269618,2022,EXIOBASE v3.8.2 IOT_2022_ixi with Danish sea-transport reallocation (Rørmose Jensen & Iliev 2022)
RoW Europe,RoW Europe,Europe,Textile,waste_generation,kt,0.0067779692215990004,2022,EXIOBASE v3.8.2 IOT_2022_ixi with Danish sea-transport reallocation (Rørmose Jensen & Iliev 2022)
SVN,Slovenia,Europe,"Steam, hot water supply and water distribution",waste_generation,kt,0.006753308549064662,2022,EXIOBASE v3.8.2 IOT_2022_ixi with Danish sea-transport reallocation (Rørmose Jensen & Iliev 2022)
RoW America,RoW America,America,Minerals and Metals,waste_generation,kt,0.006718800953617773,2022,EXIOBASE v3.8.2 IOT_2022_ixi with Danish sea-transport reallocation (Rørmose Jensen & Iliev 2022)
LVA,Latvia,Europe,Natural gas and gaseous fuels,climate_change,kt CO2eq,0.006693736223160567,2022,EXIOBASE v3.8.2 IOT_2022_ixi with Danish sea-transport reallocation (Rørmose Jensen & Iliev 2022)
PRT,Portugal,Europe,Services,waste_generation,kt,0.0066744329924491586,2022,EXIOBASE v3.8.2 IOT_2022_ixi with Danish sea-transport reallocation (Rørmose Jensen & Iliev 2022)
RoW Middle East,RoW Middle East,Middle East,Textile,blue_water_consumption,Mm3,0.006664566255579557,2022,EXIOBASE v3.8.2 IOT_2022_ixi with Danish sea-transport reallocation (Rørmose Jensen & Iliev 2022)
AUT,Austria,Europe,Textile,climate_change,kt CO2eq,0.0066253787433085,2022,EXIOBASE v3.8.2 IOT_2022_ixi with Danish sea-transport reallocation (Rørmose Jensen & Iliev 2022)
RoW Europe,RoW Europe,Europe,Paper Products,waste_generation,kt,0.006569399524633659,2022,EXIOBASE v3.8.2 IOT_2022_ixi with Danish sea-transport reallocation (Rørmose Jensen & Iliev 2022)
SWE,Sweden,Europe,Non-metallic mineral products,waste_generation,kt,0.006536480911127598,2022,EXIOBASE v3.8.2 IOT_2022_ixi with Danish sea-transport reallocation (Rørmose Jensen & Iliev 2022)
SVK,Slovakia,Europe,General and special Machinery,waste_generation,kt,0.006463462948617638,2022,EXIOBASE v3.8.2 IOT_2022_ixi with Danish sea-transport reallocation (Rørmose Jensen & Iliev 2022)
DEU,Germany,Europe,Minerals and Metals,waste_generation,kt,0.006455507637343124,2022,EXIOBASE v3.8.2 IOT_2022_ixi with Danish sea-transport reallocation (Rørmose Jensen & Iliev 2022)
GRC,Greece,Europe,Services,waste_generation,kt,0.006422466174573556,2022,EXIOBASE v3.8.2 IOT_2022_ixi with Danish sea-transport reallocation (Rørmose Jensen & Iliev 2022)
CAN,Canada,America,General and special Machinery,waste_generation,kt,0.006385225432143509,2022,EXIOBASE v3.8.2 IOT_2022_ixi with Danish sea-transport reallocation (Rørmose Jensen & Iliev 2022)
ROU,Romania,Europe,Paper Products,waste_generation,kt,0.006334317382309419,2022,EXIOBASE v3.8.2 IOT_2022_ixi with Danish sea-transport reallocation (Rørmose Jensen & Iliev 2022)
IDN,Indonesia,Asia and Pacific,"Electrical, electronic and measuring equipment",waste_generation,kt,0.00631560332452923,2022,EXIOBASE v3.8.2 IOT_2022_ixi with Danish sea-transport reallocation (Rørmose Jensen & Iliev 2022)
FRA,France,Europe,Non-metallic mineral products,waste_generation,kt,0.0063146509770602805,2022,EXIOBASE v3.8.2 IOT_2022_ixi with Danish sea-transport reallocation (Rørmose Jensen & Iliev 2022)
POL,Poland,Europe,Waste management and disposal,land_use,km2,0.00628352042171971,2022,EXIOBASE v3.8.2 IOT_2022_ixi with Danish sea-transport reallocation (Rørmose Jensen & Iliev 2022)
HUN,Hungary,Europe,Transport Equipment,climate_change,kt CO2eq,0.006276496582481971,2022,EXIOBASE v3.8.2 IOT_2022_ixi with Danish sea-transport reallocation (Rørmose Jensen & Iliev 2022)
RoW Middle East,RoW Middle East,Middle East,General and special Machinery,waste_generation,kt,0.006256738696950113,2022,EXIOBASE v3.8.2 IOT_2022_ixi with Danish sea-transport reallocation (Rørmose Jensen & Iliev 2022)
NOR,Norway,Europe,Transport Equipment,waste_generation,kt,0.006250417102003802,2022,EXIOBASE v3.8.2 IOT_2022_ixi with Danish sea-transport reallocation (Rørmose Jensen & Iliev 2022)
FRA,France,Europe,Textile,land_use,km2,0.006212479017740893,2022,EXIOBASE v3.8.2 IOT_2022_ixi with Danish sea-transport reallocation (Rørmose Jensen & Iliev 2022)
RoW Asia and Pacific,RoW Asia and Pacific,Asia and Pacific,General and special Machinery,blue_water_consumption,Mm3,0.006108655578573248,2022,EXIOBASE v3.8.2 IOT_2022_ixi with Danish sea-transport reallocation (Rørmose Jensen & Iliev 2022)
SVK,Slovakia,Europe,Transport,land_use,km2,0.006101338871490785,2022,EXIOBASE v3.8.2 IOT_2022_ixi with Danish sea-transport reallocation (Rørmose Jensen & Iliev 2022)
AUT,Austria,Europe,Metal Products,blue_water_consumption,Mm3,0.006073921844012103,2022,EXIOBASE v3.8.2 IOT_2022_ixi with Danish sea-transport reallocation (Rørmose Jensen & Iliev 2022)
RUS,Russia,Europe,Minerals and Metals,waste_generation,kt,0.006073551465167734,2022,EXIOBASE v3.8.2 IOT_2022_ixi with Danish sea-transport reallocation (Rørmose Jensen & Iliev 2022)
KOR,South Korea,Asia and Pacific,"Electrical, electronic and measuring equipment",waste_generation,kt,0.006049898356922577,2022,EXIOBASE v3.8.2 IOT_2022_ixi with Danish sea-transport reallocation (Rørmose Jensen & Iliev 2022)
SVK,Slovakia,Europe,General and special Machinery,climate_change,kt CO2eq,0.006034504074573864,2022,EXIOBASE v3.8.2 IOT_2022_ixi with Danish sea-transport reallocation (Rørmose Jensen & Iliev 2022)
SVK,Slovakia,Europe,Electricity,waste_generation,kt,0.006031399466404834,2022,EXIOBASE v3.8.2 IOT_2022_ixi with Danish sea-transport reallocation (Rørmose Jensen & Iliev 2022)
HUN,Hungary,Europe,Electricity,blue_water_consumption,Mm3,0.006014010400363139,2022,EXIOBASE v3.8.2 IOT_2022_ixi with Danish sea-transport reallocation (Rørmose Jensen & Iliev 2022)
LTU,Lithuania,Europe,Construction,waste_generation,kt,0.006007895241579076,2022,EXIOBASE v3.8.2 IOT_2022_ixi with Danish sea-transport reallocation (Rørmose Jensen & Iliev 2022)
RoW Africa,RoW Africa,Africa,Paper Products,blue_water_consumption,Mm3,0.006005432148543599,2022,EXIOBASE v3.8.2 IOT_2022_ixi with Danish sea-transport reallocation (Rørmose Jensen & Iliev 2022)
BGR,Bulgaria,Europe,Waste management and disposal,waste_generation,kt,0.005984901828513263,2022,EXIOBASE v3.8.2 IOT_2022_ixi with Danish sea-transport reallocation (Rørmose Jensen & Iliev 2022)
LTU,Lithuania,Europe,Electricity,blue_water_consumption,Mm3,0.005972914125677804,2022,EXIOBASE v3.8.2 IOT_2022_ixi with Danish sea-transport reallocation (Rørmose Jensen & Iliev 2022)
NOR,Norway,Europe,General and special Machinery,climate_change,kt CO2eq,0.005967359265486608,2022,EXIOBASE v3.8.2 IOT_2022_ixi with Danish sea-transport reallocation (Rørmose Jensen & Iliev 2022)
IRL,Ireland,Europe,Metal Products,material_extraction,kt,0.005936034065583351,2022,EXIOBASE v3.8.2 IOT_2022_ixi with Danish sea-transport reallocation (Rørmose Jensen & Iliev 2022)
ITA,Italy,Europe,Electricity,blue_water_consumption,Mm3,0.005924406385128629,2022,EXIOBASE v3.8.2 IOT_2022_ixi with Danish sea-transport reallocation (Rørmose Jensen & Iliev 2022)
RoW Africa,RoW Africa,Africa,Minerals and Metals,blue_water_consumption,Mm3,0.005865434761754055,2022,EXIOBASE v3.8.2 IOT_2022_ixi with Danish sea-transport reallocation (Rørmose Jensen & Iliev 2022)
NOR,Norway,Europe,"Electrical, electronic and measuring equipment",waste_generation,kt,0.005857270598865256,2022,EXIOBASE v3.8.2 IOT_2022_ixi with Danish sea-transport reallocation (Rørmose Jensen & Iliev 2022)
FIN,Finland,Europe,General and special Machinery,climate_change,kt CO2eq,0.00585258128577691,2022,EXIOBASE v3.8.2 IOT_2022_ixi with Danish sea-transport reallocation (Rørmose Jensen & Iliev 2022)
RoW America,RoW America,America,Textile,blue_water_consumption,Mm3,0.005842815151719899,2022,EXIOBASE v3.8.2 IOT_2022_ixi with Danish sea-transport reallocation (Rørmose Jensen & Iliev 2022)
RoW Europe,RoW Europe,Europe,Waste management and disposal,waste_generation,kt,0.005832257928648703,2022,EXIOBASE v3.8.2 IOT_2022_ixi with Danish sea-transport reallocation (Rørmose Jensen & Iliev 2022)
LTU,Lithuania,Europe,Furniture and timber,land_use,km2,0.005831823357739029,2022,EXIOBASE v3.8.2 IOT_2022_ixi with Danish sea-transport reallocation (Rørmose Jensen & Iliev 2022)
HRV,Croatia,Europe,Textile,climate_change,kt CO2eq,0.005828561929994142,2022,EXIOBASE v3.8.2 IOT_2022_ixi with Danish sea-transport reallocation (Rørmose Jensen & Iliev 2022)
CHE,Switzerland,Europe,Textile,climate_change,kt CO2eq,0.005825262954216637,2022,EXIOBASE v3.8.2 IOT_2022_ixi with Danish sea-transport reallocation (Rørmose Jensen & Iliev 2022)
CZE,Czech Republic,Europe,Furniture and timber,waste_generation,kt,0.005818764602388731,2022,EXIOBASE v3.8.2 IOT_2022_ixi with Danish sea-transport reallocation (Rørmose Jensen & Iliev 2022)
ROU,Romania,Europe,Transport Equipment,climate_change,kt CO2eq,0.005810612350898433,2022,EXIOBASE v3.8.2 IOT_2022_ixi with Danish sea-transport reallocation (Rørmose Jensen & Iliev 2022)
DNK,Denmark,Denmark,Non-metallic mineral products,blue_water_consumption,Mm3,0.0058105587341333595,2022,EXIOBASE v3.8.2 IOT_2022_ixi with Danish sea-transport reallocation (Rørmose Jensen & Iliev 2022)
BEL,Belgium,Europe,"Steam, hot water supply and water distribution",climate_change,kt CO2eq,0.005801284050797705,2022,EXIOBASE v3.8.2 IOT_2022_ixi with Danish sea-transport reallocation (Rørmose Jensen & Iliev 2022)
RoW Middle East,RoW Middle East,Middle East,Transport Equipment,waste_generation,kt,0.005786728060038112,2022,EXIOBASE v3.8.2 IOT_2022_ixi with Danish sea-transport reallocation (Rørmose Jensen & Iliev 2022)
CAN,Canada,America,Textile,climate_change,kt CO2eq,0.005765959974468718,2022,EXIOBASE v3.8.2 IOT_2022_ixi with Danish sea-transport reallocation (Rørmose Jensen & Iliev 2022)
AUS,Australia,Asia and Pacific,Services,land_use,km2,0.00575204768067291,2022,EXIOBASE v3.8.2 IOT_2022_ixi with Danish sea-transport reallocation (Rørmose Jensen & Iliev 2022)
RoW Middle East,RoW Middle East,Middle East,Construction,waste_generation,kt,0.005728934402958227,2022,EXIOBASE v3.8.2 IOT_2022_ixi with Danish sea-transport reallocation (Rørmose Jensen & Iliev 2022)
RoW Europe,RoW Europe,Europe,"Electrical, electronic and measuring equipment",blue_water_consumption,Mm3,0.005672593276849465,2022,EXIOBASE v3.8.2 IOT_2022_ixi with Danish sea-transport reallocation (Rørmose Jensen & Iliev 2022)
RoW Middle East,RoW Middle East,Middle East,Textile,waste_generation,kt,0.005648282853742744,2022,EXIOBASE v3.8.2 IOT_2022_ixi with Danish sea-transport reallocation (Rørmose Jensen & Iliev 2022)
AUT,Austria,Europe,Furniture and timber,waste_generation,kt,0.005616036356495921,2022,EXIOBASE v3.8.2 IOT_2022_ixi with Danish sea-transport reallocation (Rørmose Jensen & Iliev 2022)
DNK,Denmark,Denmark,Metal Products,blue_water_consumption,Mm3,0.005609751835282234,2022,EXIOBASE v3.8.2 IOT_2022_ixi with Danish sea-transport reallocation (Rørmose Jensen & Iliev 2022)
BGR,Bulgaria,Europe,Furniture and timber,material_extraction,kt,0.005593534701393606,2022,EXIOBASE v3.8.2 IOT_2022_ixi with Danish sea-transport reallocation (Rørmose Jensen & Iliev 2022)
NLD,Netherlands,Europe,Textile,waste_generation,kt,0.0055873660839422315,2022,EXIOBASE v3.8.2 IOT_2022_ixi with Danish sea-transport reallocation (Rørmose Jensen & Iliev 2022)
LVA,Latvia,Europe,Textile,climate_change,kt CO2eq,0.005573950349076903,2022,EXIOBASE v3.8.2 IOT_2022_ixi with Danish sea-transport reallocation (Rørmose Jensen & Iliev 2022)
TUR,Turkey,Middle East,"Electrical, electronic and measuring equipment",waste_generation,kt,0.0055421607956507545,2022,EXIOBASE v3.8.2 IOT_2022_ixi with Danish sea-transport reallocation (Rørmose Jensen & Iliev 2022)
FRA,France,Europe,"Electrical, electronic and measuring equipment",waste_generation,kt,0.005540110740393503,2022,EXIOBASE v3.8.2 IOT_2022_ixi with Danish sea-transport reallocation (Rørmose Jensen & Iliev 2022)
CZE,Czech Republic,Europe,General and special Machinery,waste_generation,kt,0.005534753701735689,2022,EXIOBASE v3.8.2 IOT_2022_ixi with Danish sea-transport reallocation (Rørmose Jensen & Iliev 2022)
RoW America,RoW America,America,Transport Equipment,land_use,km2,0.005520293801820353,2022,EXIOBASE v3.8.2 IOT_2022_ixi with Danish sea-transport reallocation (Rørmose Jensen & Iliev 2022)
RoW Asia and Pacific,RoW Asia and Pacific,Asia and Pacific,Waste management and disposal,blue_water_consumption,Mm3,0.005499550842466638,2022,EXIOBASE v3.8.2 IOT_2022_ixi with Danish sea-transport reallocation (Rørmose Jensen & Iliev 2022)
RoW America,RoW America,America,Transport,waste_generation,kt,0.005480349784419552,2022,EXIOBASE v3.8.2 IOT_2022_ixi with Danish sea-transport reallocation (Rørmose Jensen & Iliev 2022)
TUR,Turkey,Middle East,Furniture and timber,waste_generation,kt,0.00547812946122857,2022,EXIOBASE v3.8.2 IOT_2022_ixi with Danish sea-transport reallocation (Rørmose Jensen & Iliev 2022)
TUR,Turkey,Middle East,Electricity,blue_water_consumption,Mm3,0.005459163061595118,2022,EXIOBASE v3.8.2 IOT_2022_ixi with Danish sea-transport reallocation (Rørmose Jensen & Iliev 2022)
ITA,Italy,Europe,Transport,waste_generation,kt,0.00545019606930735,2022,EXIOBASE v3.8.2 IOT_2022_ixi with Danish sea-transport reallocation (Rørmose Jensen & Iliev 2022)
RoW Europe,RoW Europe,Europe,Non-metallic mineral products,waste_generation,kt,0.005432737241543877,2022,EXIOBASE v3.8.2 IOT_2022_ixi with Danish sea-transport reallocation (Rørmose Jensen & Iliev 2022)
CZE,Czech Republic,Europe,Non-metallic mineral products,waste_generation,kt,0.005405959003845681,2022,EXIOBASE v3.8.2 IOT_2022_ixi with Danish sea-transport reallocation (Rørmose Jensen & Iliev 2022)
AUS,Australia,Asia and Pacific,Furniture and timber,climate_change,kt CO2eq,0.005394418922724752,2022,EXIOBASE v3.8.2 IOT_2022_ixi with Danish sea-transport reallocation (Rørmose Jensen & Iliev 2022)
MEX,Mexico,America,Coal and Petroleum,waste_generation,kt,0.005373612985193218,2022,EXIOBASE v3.8.2 IOT_2022_ixi with Danish sea-transport reallocation (Rørmose Jensen & Iliev 2022)
RoW Middle East,RoW Middle East,Middle East,General and special Machinery,material_extraction,kt,0.005348803679009618,2022,EXIOBASE v3.8.2 IOT_2022_ixi with Danish sea-transport reallocation (Rørmose Jensen & Iliev 2022)
EST,Estonia,Europe,Waste management and disposal,waste_generation,kt,0.005337460014012566,2022,EXIOBASE v3.8.2 IOT_2022_ixi with Danish sea-transport reallocation (Rørmose Jensen & Iliev 2022)
CAN,Canada,America,Construction,waste_generation,kt,0.005319531327530276,2022,EXIOBASE v3.8.2 IOT_2022_ixi with Danish sea-transport reallocation (Rørmose Jensen & Iliev 2022)
TWN,Taiwan,Asia and Pacific,Chemical,blue_water_consumption,Mm3,0.005285827185788435,2022,EXIOBASE v3.8.2 IOT_2022_ixi with Danish sea-transport reallocation (Rørmose Jensen & Iliev 2022)
RoW Middle East,RoW Middle East,Middle East,Construction,material_extraction,kt,0.005253002970273943,2022,EXIOBASE v3.8.2 IOT_2022_ixi with Danish sea-transport reallocation (Rørmose Jensen & Iliev 2022)
CZE,Czech Republic,Europe,Electricity,material_extraction,kt,0.00522667669266616,2022,EXIOBASE v3.8.2 IOT_2022_ixi with Danish sea-transport reallocation (Rørmose Jensen & Iliev 2022)
BGR,Bulgaria,Europe,"Electrical, electronic and measuring equipment",climate_change,kt CO2eq,0.005224211586804141,2022,EXIOBASE v3.8.2 IOT_2022_ixi with Danish sea-transport reallocation (Rørmose Jensen & Iliev 2022)
RoW Europe,RoW Europe,Europe,Non-metallic mineral products,blue_water_consumption,Mm3,0.005216955123997383,2022,EXIOBASE v3.8.2 IOT_2022_ixi with Danish sea-transport reallocation (Rørmose Jensen & Iliev 2022)
IDN,Indonesia,Asia and Pacific,Transport Equipment,climate_change,kt CO2eq,0.0051932776235737365,2022,EXIOBASE v3.8.2 IOT_2022_ixi with Danish sea-transport reallocation (Rørmose Jensen & Iliev 2022)
ROU,Romania,Europe,"Steam, hot water supply and water distribution",waste_generation,kt,0.005173728300143001,2022,EXIOBASE v3.8.2 IOT_2022_ixi with Danish sea-transport reallocation (Rørmose Jensen & Iliev 2022)
RoW Europe,RoW Europe,Europe,Natural gas and gaseous fuels,waste_generation,kt,0.005169070382981717,2022,EXIOBASE v3.8.2 IOT_2022_ixi with Danish sea-transport reallocation (Rørmose Jensen & Iliev 2022)
POL,Poland,Europe,Paper Products,blue_water_consumption,Mm3,0.005164085461448859,2022,EXIOBASE v3.8.2 IOT_2022_ixi with Danish sea-transport reallocation (Rørmose Jensen & Iliev 2022)
RoW Asia and Pacific,RoW Asia and Pacific,Asia and Pacific,General and special Machinery,material_extraction,kt,0.005146241695762807,2022,EXIOBASE v3.8.2 IOT_2022_ixi with Danish sea-transport reallocation (Rørmose Jensen & Iliev 2022)
SVN,Slovenia,Europe,General and special Machinery,climate_change,kt CO2eq,0.0051122857842568325,2022,EXIOBASE v3.8.2 IOT_2022_ixi with Danish sea-transport reallocation (Rørmose Jensen & Iliev 2022)
RoW America,RoW America,America,Textile,waste_generation,kt,0.005079753427240197,2022,EXIOBASE v3.8.2 IOT_2022_ixi with Danish sea-transport reallocation (Rørmose Jensen & Iliev 2022)
ESP,Spain,Europe,"Steam, hot water supply and water distribution",climate_change,kt CO2eq,0.0050633088765501474,2022,EXIOBASE v3.8.2 IOT_2022_ixi with Danish sea-transport reallocation (Rørmose Jensen & Iliev 2022)
DEU,Germany,Europe,Transport Equipment,material_extraction,kt,0.005033754529783412,2022,EXIOBASE v3.8.2 IOT_2022_ixi with Danish sea-transport reallocation (Rørmose Jensen & Iliev 2022)
BRA,Brazil,America,Services,land_use,km2,0.005028615173040958,2022,EXIOBASE v3.8.2 IOT_2022_ixi with Danish sea-transport reallocation (Rørmose Jensen & Iliev 2022)
EST,Estonia,Europe,Paper Products,waste_generation,kt,0.005018785799076404,2022,EXIOBASE v3.8.2 IOT_2022_ixi with Danish sea-transport reallocation (Rørmose Jensen & Iliev 2022)
HUN,Hungary,Europe,Services,blue_water_consumption,Mm3,0.005011775310808753,2022,EXIOBASE v3.8.2 IOT_2022_ixi with Danish sea-transport reallocation (Rørmose Jensen & Iliev 2022)
ZAF,South Africa,Africa,Construction,climate_change,kt CO2eq,0.004985721265057417,2022,EXIOBASE v3.8.2 IOT_2022_ixi with Danish sea-transport reallocation (Rørmose Jensen & Iliev 2022)
JPN,Japan,Asia and Pacific,Non-metallic mineral products,waste_generation,kt,0.004969968516505422,2022,EXIOBASE v3.8.2 IOT_2022_ixi with Danish sea-transport reallocation (Rørmose Jensen & Iliev 2022)
PRT,Portugal,Europe,Construction,climate_change,kt CO2eq,0.00494514721761196,2022,EXIOBASE v3.8.2 IOT_2022_ixi with Danish sea-transport reallocation (Rørmose Jensen & Iliev 2022)
BGR,Bulgaria,Europe,Transport,waste_generation,kt,0.004909283960875458,2022,EXIOBASE v3.8.2 IOT_2022_ixi with Danish sea-transport reallocation (Rørmose Jensen & Iliev 2022)
ITA,Italy,Europe,Paper Products,blue_water_consumption,Mm3,0.004905303824901045,2022,EXIOBASE v3.8.2 IOT_2022_ixi with Danish sea-transport reallocation (Rørmose Jensen & Iliev 2022)
LVA,Latvia,Europe,Waste management and disposal,land_use,km2,0.004893097353635064,2022,EXIOBASE v3.8.2 IOT_2022_ixi with Danish sea-transport reallocation (Rørmose Jensen & Iliev 2022)
SWE,Sweden,Europe,Textile,waste_generation,kt,0.004889283300868573,2022,EXIOBASE v3.8.2 IOT_2022_ixi with Danish sea-transport reallocation (Rørmose Jensen & Iliev 2022)
RoW Middle East,RoW Middle East,Middle East,"Steam, hot water supply and water distribution",climate_change,kt CO2eq,0.00486799109956662,2022,EXIOBASE v3.8.2 IOT_2022_ixi with Danish sea-transport reallocation (Rørmose Jensen & Iliev 2022)
ITA,Italy,Europe,Textile,blue_water_consumption,Mm3,0.0048596504326295295,2022,EXIOBASE v3.8.2 IOT_2022_ixi with Danish sea-transport reallocation (Rørmose Jensen & Iliev 2022)
RoW America,RoW America,America,"Electrical, electronic and measuring equipment",material_extraction,kt,0.004855211185475502,2022,EXIOBASE v3.8.2 IOT_2022_ixi with Danish sea-transport reallocation (Rørmose Jensen & Iliev 2022)
AUT,Austria,Europe,Natural gas and gaseous fuels,material_extraction,kt,0.004842652920451345,2022,EXIOBASE v3.8.2 IOT_2022_ixi with Danish sea-transport reallocation (Rørmose Jensen & Iliev 2022)
TUR,Turkey,Middle East,Textile,blue_water_consumption,Mm3,0.004832357266032214,2022,EXIOBASE v3.8.2 IOT_2022_ixi with Danish sea-transport reallocation (Rørmose Jensen & Iliev 2022)
RoW Middle East,RoW Middle East,Middle East,Transport,land_use,km2,0.004817098630345447,2022,EXIOBASE v3.8.2 IOT_2022_ixi with Danish sea-transport reallocation (Rørmose Jensen & Iliev 2022)
IDN,Indonesia,Asia and Pacific,Textile,land_use,km2,0.004793103744673396,2022,EXIOBASE v3.8.2 IOT_2022_ixi with Danish sea-transport reallocation (Rørmose Jensen & Iliev 2022)
LTU,Lithuania,Europe,Food and catering,blue_water_consumption,Mm3,0.004791972549535027,2022,EXIOBASE v3.8.2 IOT_2022_ixi with Danish sea-transport reallocation (Rørmose Jensen & Iliev 2022)
FIN,Finland,Europe,"Electrical, electronic and measuring equipment",waste_generation,kt,0.004776269691947086,2022,EXIOBASE v3.8.2 IOT_2022_ixi with Danish sea-transport reallocation (Rørmose Jensen & Iliev 2022)
FIN,Finland,Europe,Furniture and timber,waste_generation,kt,0.004759856240926674,2022,EXIOBASE v3.8.2 IOT_2022_ixi with Danish sea-transport reallocation (Rørmose Jensen & Iliev 2022)
NLD,Netherlands,Europe,Paper Products,blue_water_consumption,Mm3,0.004739410932400578,2022,EXIOBASE v3.8.2 IOT_2022_ixi with Danish sea-transport reallocation (Rørmose Jensen & Iliev 2022)
NLD,Netherlands,Europe,Metal Products,blue_water_consumption,Mm3,0.004737952437466726,2022,EXIOBASE v3.8.2 IOT_2022_ixi with Danish sea-transport reallocation (Rørmose Jensen & Iliev 2022)
RoW Africa,RoW Africa,Africa,Non-metallic mineral products,material_extraction,kt,0.004729345987424185,2022,EXIOBASE v3.8.2 IOT_2022_ixi with Danish sea-transport reallocation (Rørmose Jensen & Iliev 2022)
ITA,Italy,Europe,Non-metallic mineral products,blue_water_consumption,Mm3,0.004714840784433649,2022,EXIOBASE v3.8.2 IOT_2022_ixi with Danish sea-transport reallocation (Rørmose Jensen & Iliev 2022)
RoW Africa,RoW Africa,Africa,Construction,land_use,km2,0.004688042226578817,2022,EXIOBASE v3.8.2 IOT_2022_ixi with Danish sea-transport reallocation (Rørmose Jensen & Iliev 2022)
HRV,Croatia,Europe,Paper Products,waste_generation,kt,0.004662117721285029,2022,EXIOBASE v3.8.2 IOT_2022_ixi with Danish sea-transport reallocation (Rørmose Jensen & Iliev 2022)
FIN,Finland,Europe,Transport,waste_generation,kt,0.0046600893740603245,2022,EXIOBASE v3.8.2 IOT_2022_ixi with Danish sea-transport reallocation (Rørmose Jensen & Iliev 2022)
LVA,Latvia,Europe,Food and catering,material_extraction,kt,0.004658155838949023,2022,EXIOBASE v3.8.2 IOT_2022_ixi with Danish sea-transport reallocation (Rørmose Jensen & Iliev 2022)
BEL,Belgium,Europe,Coal and Petroleum,blue_water_consumption,Mm3,0.0046270206208736155,2022,EXIOBASE v3.8.2 IOT_2022_ixi with Danish sea-transport reallocation (Rørmose Jensen & Iliev 2022)
BEL,Belgium,Europe,Transport,waste_generation,kt,0.004602332605854522,2022,EXIOBASE v3.8.2 IOT_2022_ixi with Danish sea-transport reallocation (Rørmose Jensen & Iliev 2022)
KOR,South Korea,Asia and Pacific,Waste management and disposal,waste_generation,kt,0.004581847684194329,2022,EXIOBASE v3.8.2 IOT_2022_ixi with Danish sea-transport reallocation (Rørmose Jensen & Iliev 2022)
IND,India,Asia and Pacific,"Electrical, electronic and measuring equipment",blue_water_consumption,Mm3,0.004578690731727811,2022,EXIOBASE v3.8.2 IOT_2022_ixi with Danish sea-transport reallocation (Rørmose Jensen & Iliev 2022)
KOR,South Korea,Asia and Pacific,Construction,climate_change,kt CO2eq,0.004575201565042779,2022,EXIOBASE v3.8.2 IOT_2022_ixi with Danish sea-transport reallocation (Rørmose Jensen & Iliev 2022)
RoW Asia and Pacific,RoW Asia and Pacific,Asia and Pacific,Minerals and Metals,blue_water_consumption,Mm3,0.0045434778044689435,2022,EXIOBASE v3.8.2 IOT_2022_ixi with Danish sea-transport reallocation (Rørmose Jensen & Iliev 2022)
SVN,Slovenia,Europe,Textile,land_use,km2,0.0045307320392357665,2022,EXIOBASE v3.8.2 IOT_2022_ixi with Danish sea-transport reallocation (Rørmose Jensen & Iliev 2022)
RoW Europe,RoW Europe,Europe,General and special Machinery,blue_water_consumption,Mm3,0.004522183834114958,2022,EXIOBASE v3.8.2 IOT_2022_ixi with Danish sea-transport reallocation (Rørmose Jensen & Iliev 2022)
POL,Poland,Europe,Textile,waste_generation,kt,0.004515724691330658,2022,EXIOBASE v3.8.2 IOT_2022_ixi with Danish sea-transport reallocation (Rørmose Jensen & Iliev 2022)
JPN,Japan,Asia and Pacific,"Electrical, electronic and measuring equipment",waste_generation,kt,0.0045120678950170265,2022,EXIOBASE v3.8.2 IOT_2022_ixi with Danish sea-transport reallocation (Rørmose Jensen & Iliev 2022)
EST,Estonia,Europe,Metal Products,climate_change,kt CO2eq,0.004503181612827149,2022,EXIOBASE v3.8.2 IOT_2022_ixi with Danish sea-transport reallocation (Rørmose Jensen & Iliev 2022)
BRA,Brazil,America,Metal Products,blue_water_consumption,Mm3,0.0044591464925510735,2022,EXIOBASE v3.8.2 IOT_2022_ixi with Danish sea-transport reallocation (Rørmose Jensen & Iliev 2022)
RoW Africa,RoW Africa,Africa,Natural gas and gaseous fuels,waste_generation,kt,0.004442418936866997,2022,EXIOBASE v3.8.2 IOT_2022_ixi with Danish sea-transport reallocation (Rørmose Jensen & Iliev 2022)
RoW Middle East,RoW Middle East,Middle East,Services,blue_water_consumption,Mm3,0.004429390552400061,2022,EXIOBASE v3.8.2 IOT_2022_ixi with Danish sea-transport reallocation (Rørmose Jensen & Iliev 2022)
IRL,Ireland,Europe,Paper Products,blue_water_consumption,Mm3,0.0044148660274180825,2022,EXIOBASE v3.8.2 IOT_2022_ixi with Danish sea-transport reallocation (Rørmose Jensen & Iliev 2022)
RoW America,RoW America,America,Waste management and disposal,waste_generation,kt,0.0044022497133522475,2022,EXIOBASE v3.8.2 IOT_2022_ixi with Danish sea-transport reallocation (Rørmose Jensen & Iliev 2022)
SVN,Slovenia,Europe,Textile,climate_change,kt CO2eq,0.004400042776790194,2022,EXIOBASE v3.8.2 IOT_2022_ixi with Danish sea-transport reallocation (Rørmose Jensen & Iliev 2022)
ITA,Italy,Europe,Furniture and timber,waste_generation,kt,0.004397128452119861,2022,EXIOBASE v3.8.2 IOT_2022_ixi with Danish sea-transport reallocation (Rørmose Jensen & Iliev 2022)
IND,India,Asia and Pacific,General and special Machinery,blue_water_consumption,Mm3,0.004394372286763164,2022,EXIOBASE v3.8.2 IOT_2022_ixi with Danish sea-transport reallocation (Rørmose Jensen & Iliev 2022)
POL,Poland,Europe,Transport Equipment,waste_generation,kt,0.004390673662609031,2022,EXIOBASE v3.8.2 IOT_2022_ixi with Danish sea-transport reallocation (Rørmose Jensen & Iliev 2022)
CZE,Czech Republic,Europe,"Electrical, electronic and measuring equipment",waste_generation,kt,0.00437491198520917,2022,EXIOBASE v3.8.2 IOT_2022_ixi with Danish sea-transport reallocation (Rørmose Jensen & Iliev 2022)
FRA,France,Europe,Paper Products,blue_water_consumption,Mm3,0.004371612878852309,2022,EXIOBASE v3.8.2 IOT_2022_ixi with Danish sea-transport reallocation (Rørmose Jensen & Iliev 2022)
DEU,Germany,Europe,Textile,blue_water_consumption,Mm3,0.004328272730290176,2022,EXIOBASE v3.8.2 IOT_2022_ixi with Danish sea-transport reallocation (Rørmose Jensen & Iliev 2022)
IND,India,Asia and Pacific,Transport Equipment,waste_generation,kt,0.004322075250360937,2022,EXIOBASE v3.8.2 IOT_2022_ixi with Danish sea-transport reallocation (Rørmose Jensen & Iliev 2022)
CHE,Switzerland,Europe,Furniture and timber,waste_generation,kt,0.0043036038228591545,2022,EXIOBASE v3.8.2 IOT_2022_ixi with Danish sea-transport reallocation (Rørmose Jensen & Iliev 2022)
GBR,United Kingdom,Europe,General and special Machinery,waste_generation,kt,0.0042887525487156405,2022,EXIOBASE v3.8.2 IOT_2022_ixi with Danish sea-transport reallocation (Rørmose Jensen & Iliev 2022)
BGR,Bulgaria,Europe,Chemical,material_extraction,kt,0.0042506170895321585,2022,EXIOBASE v3.8.2 IOT_2022_ixi with Danish sea-transport reallocation (Rørmose Jensen & Iliev 2022)
RoW Africa,RoW Africa,Africa,"Steam, hot water supply and water distribution",waste_generation,kt,0.004244273541112178,2022,EXIOBASE v3.8.2 IOT_2022_ixi with Danish sea-transport reallocation (Rørmose Jensen & Iliev 2022)
FIN,Finland,Europe,General and special Machinery,waste_generation,kt,0.004225169560168551,2022,EXIOBASE v3.8.2 IOT_2022_ixi with Danish sea-transport reallocation (Rørmose Jensen & Iliev 2022)
HUN,Hungary,Europe,"Steam, hot water supply and water distribution",waste_generation,kt,0.004206609420149389,2022,EXIOBASE v3.8.2 IOT_2022_ixi with Danish sea-transport reallocation (Rørmose Jensen & Iliev 2022)
CZE,Czech Republic,Europe,Minerals and Metals,waste_generation,kt,0.00418307906374954,2022,EXIOBASE v3.8.2 IOT_2022_ixi with Danish sea-transport reallocation (Rørmose Jensen & Iliev 2022)
ZAF,South Africa,Africa,Chemical,blue_water_consumption,Mm3,0.004177678404253527,2022,EXIOBASE v3.8.2 IOT_2022_ixi with Danish sea-transport reallocation (Rørmose Jensen & Iliev 2022)
BGR,Bulgaria,Europe,General and special Machinery,climate_change,kt CO2eq,0.004173967201226456,2022,EXIOBASE v3.8.2 IOT_2022_ixi with Danish sea-transport reallocation (Rørmose Jensen & Iliev 2022)
NLD,Netherlands,Europe,Services,blue_water_consumption,Mm3,0.004156879109606961,2022,EXIOBASE v3.8.2 IOT_2022_ixi with Danish sea-transport reallocation (Rørmose Jensen & Iliev 2022)
USA,United States,America,Transport Equipment,waste_generation,kt,0.004113195258018025,2022,EXIOBASE v3.8.2 IOT_2022_ixi with Danish sea-transport reallocation (Rørmose Jensen & Iliev 2022)
LTU,Lithuania,Europe,Transport,waste_generation,kt,0.004096063471906847,2022,EXIOBASE v3.8.2 IOT_2022_ixi with Danish sea-transport reallocation (Rørmose Jensen & Iliev 2022)
RUS,Russia,Europe,Coal and Petroleum,blue_water_consumption,Mm3,0.004085908545809044,2022,EXIOBASE v3.8.2 IOT_2022_ixi with Danish sea-transport reallocation (Rørmose Jensen & Iliev 2022)
BEL,Belgium,Europe,Non-metallic mineral products,blue_water_consumption,Mm3,0.0040764010147077805,2022,EXIOBASE v3.8.2 IOT_2022_ixi with Danish sea-transport reallocation (Rørmose Jensen & Iliev 2022)
ZAF,South Africa,Africa,Non-metallic mineral products,waste_generation,kt,0.004066679490317108,2022,EXIOBASE v3.8.2 IOT_2022_ixi with Danish sea-transport reallocation (Rørmose Jensen & Iliev 2022)
EST,Estonia,Europe,"Steam, hot water supply and water distribution",waste_generation,kt,0.0040560874544262404,2022,EXIOBASE v3.8.2 IOT_2022_ixi with Danish sea-transport reallocation (Rørmose Jensen & Iliev 2022)
SWE,Sweden,Europe,Construction,climate_change,kt CO2eq,0.004046412451010757,2022,EXIOBASE v3.8.2 IOT_2022_ixi with Danish sea-transport reallocation (Rørmose Jensen & Iliev 2022)
MLT,Malta,Europe,Chemical,climate_change,kt CO2eq,0.004040749526464324,2022,EXIOBASE v3.8.2 IOT_2022_ixi with Danish sea-transport reallocation (Rørmose Jensen & Iliev 2022)
JPN,Japan,Asia and Pacific,Metal Products,blue_water_consumption,Mm3,0.004033196148997873,2022,EXIOBASE v3.8.2 IOT_2022_ixi with Danish sea-transport reallocation (Rørmose Jensen & Iliev 2022)
RoW Middle East,RoW Middle East,Middle East,Paper Products,waste_generation,kt,0.0040287828705889706,2022,EXIOBASE v3.8.2 IOT_2022_ixi with Danish sea-transport reallocation (Rørmose Jensen & Iliev 2022)
PRT,Portugal,Europe,Services,land_use,km2,0.00400555015726779,2022,EXIOBASE v3.8.2 IOT_2022_ixi with Danish sea-transport reallocation (Rørmose Jensen & Iliev 2022)
PRT,Portugal,Europe,Textile,waste_generation,kt,0.004000577872360661,2022,EXIOBASE v3.8.2 IOT_2022_ixi with Danish sea-transport reallocation (Rørmose Jensen & Iliev 2022)
SVK,Slovakia,Europe,Transport Equipment,climate_change,kt CO2eq,0.003969341564239564,2022,EXIOBASE v3.8.2 IOT_2022_ixi with Danish sea-transport reallocation (Rørmose Jensen & Iliev 2022)
DNK,Denmark,Denmark,Textile,blue_water_consumption,Mm3,0.003955429469953029,2022,EXIOBASE v3.8.2 IOT_2022_ixi with Danish sea-transport reallocation (Rørmose Jensen & Iliev 2022)
SVN,Slovenia,Europe,Transport Equipment,climate_change,kt CO2eq,0.00394958567052663,2022,EXIOBASE v3.8.2 IOT_2022_ixi with Danish sea-transport reallocation (Rørmose Jensen & Iliev 2022)
HUN,Hungary,Europe,General and special Machinery,waste_generation,kt,0.00392648843317388,2022,EXIOBASE v3.8.2 IOT_2022_ixi with Danish sea-transport reallocation (Rørmose Jensen & Iliev 2022)
BGR,Bulgaria,Europe,Furniture and timber,climate_change,kt CO2eq,0.003923634149850025,2022,EXIOBASE v3.8.2 IOT_2022_ixi with Danish sea-transport reallocation (Rørmose Jensen & Iliev 2022)
HUN,Hungary,Europe,Natural gas and gaseous fuels,waste_generation,kt,0.003920324010837796,2022,EXIOBASE v3.8.2 IOT_2022_ixi with Danish sea-transport reallocation (Rørmose Jensen & Iliev 2022)
NOR,Norway,Europe,Coal and Petroleum,blue_water_consumption,Mm3,0.0039018681560651614,2022,EXIOBASE v3.8.2 IOT_2022_ixi with Danish sea-transport reallocation (Rørmose Jensen & Iliev 2022)
GBR,United Kingdom,Europe,"Electrical, electronic and measuring equipment",blue_water_consumption,Mm3,0.0038879843075707767,2022,EXIOBASE v3.8.2 IOT_2022_ixi with Danish sea-transport reallocation (Rørmose Jensen & Iliev 2022)
ESP,Spain,Europe,"Electrical, electronic and measuring equipment",waste_generation,kt,0.0038809314487177893,2022,EXIOBASE v3.8.2 IOT_2022_ixi with Danish sea-transport reallocation (Rørmose Jensen & Iliev 2022)
LUX,Luxembourg,Europe,Furniture and timber,waste_generation,kt,0.0038804953563696697,2022,EXIOBASE v3.8.2 IOT_2022_ixi with Danish sea-transport reallocation (Rørmose Jensen & Iliev 2022)
RoW Africa,RoW Africa,Africa,"Electrical, electronic and measuring equipment",blue_water_consumption,Mm3,0.0038311245841526793,2022,EXIOBASE v3.8.2 IOT_2022_ixi with Danish sea-transport reallocation (Rørmose Jensen & Iliev 2022)
SWE,Sweden,Europe,Waste management and disposal,blue_water_consumption,Mm3,0.0038282348072596435,2022,EXIOBASE v3.8.2 IOT_2022_ixi with Danish sea-transport reallocation (Rørmose Jensen & Iliev 2022)
RoW America,RoW America,America,Metal Products,blue_water_consumption,Mm3,0.003825916718976667,2022,EXIOBASE v3.8.2 IOT_2022_ixi with Danish sea-transport reallocation (Rørmose Jensen & Iliev 2022)
CAN,Canada,America,Electricity,blue_water_consumption,Mm3,0.0038195627362884285,2022,EXIOBASE v3.8.2 IOT_2022_ixi with Danish sea-transport reallocation (Rørmose Jensen & Iliev 2022)
FRA,France,Europe,Coal and Petroleum,waste_generation,kt,0.0037952210609581275,2022,EXIOBASE v3.8.2 IOT_2022_ixi with Danish sea-transport reallocation (Rørmose Jensen & Iliev 2022)
FIN,Finland,Europe,Textile,climate_change,kt CO2eq,0.0037916764657540264,2022,EXIOBASE v3.8.2 IOT_2022_ixi with Danish sea-transport reallocation (Rørmose Jensen & Iliev 2022)
RUS,Russia,Europe,Paper Products,blue_water_consumption,Mm3,0.0037764390283912355,2022,EXIOBASE v3.8.2 IOT_2022_ixi with Danish sea-transport reallocation (Rørmose Jensen & Iliev 2022)
NLD,Netherlands,Europe,Furniture and timber,waste_generation,kt,0.003746052188040815,2022,EXIOBASE v3.8.2 IOT_2022_ixi with Danish sea-transport reallocation (Rørmose Jensen & Iliev 2022)
MEX,Mexico,America,Services,waste_generation,kt,0.0037427525404137634,2022,EXIOBASE v3.8.2 IOT_2022_ixi with Danish sea-transport reallocation (Rørmose Jensen & Iliev 2022)
HRV,Croatia,Europe,Transport Equipment,climate_change,kt CO2eq,0.0037291884205665283,2022,EXIOBASE v3.8.2 IOT_2022_ixi with Danish sea-transport reallocation (Rørmose Jensen & Iliev 2022)
CYP,Cyprus,Middle East,Minerals and Metals,climate_change,kt CO2eq,0.0037261588152876003,2022,EXIOBASE v3.8.2 IOT_2022_ixi with Danish sea-transport reallocation (Rørmose Jensen & Iliev 2022)
RUS,Russia,Europe,General and special Machinery,blue_water_consumption,Mm3,0.0037202731016209053,2022,EXIOBASE v3.8.2 IOT_2022_ixi with Danish sea-transport reallocation (Rørmose Jensen & Iliev 2022)
MLT,Malta,Europe,Paper Products,climate_change,kt CO2eq,0.003710215914402194,2022,EXIOBASE v3.8.2 IOT_2022_ixi with Danish sea-transport reallocation (Rørmose Jensen & Iliev 2022)
PRT,Portugal,Europe,Chemical,material_extraction,kt,0.0037100199627972882,2022,EXIOBASE v3.8.2 IOT_2022_ixi with Danish sea-transport reallocation (Rørmose Jensen & Iliev 2022)
MLT,Malta,Europe,Coal and Petroleum,climate_change,kt CO2eq,0.0037087784755189127,2022,EXIOBASE v3.8.2 IOT_2022_ixi with Danish sea-transport reallocation (Rørmose Jensen & Iliev 2022)
BEL,Belgium,Europe,Textile,waste_generation,kt,0.0036990355148530402,2022,EXIOBASE v3.8.2 IOT_2022_ixi with Danish sea-transport reallocation (Rørmose Jensen & Iliev 2022)
HUN,Hungary,Europe,Furniture and timber,waste_generation,kt,0.0036666536520076364,2022,EXIOBASE v3.8.2 IOT_2022_ixi with Danish sea-transport reallocation (Rørmose Jensen & Iliev 2022)
TUR,Turkey,Middle East,Non-metallic mineral products,waste_generation,kt,0.003648953840821343,2022,EXIOBASE v3.8.2 IOT_2022_ixi with Danish sea-transport reallocation (Rørmose Jensen & Iliev 2022)
CAN,Canada,America,Services,land_use,km2,0.003643215987399847,2022,EXIOBASE v3.8.2 IOT_2022_ixi with Danish sea-transport reallocation (Rørmose Jensen & Iliev 2022)
NOR,Norway,Europe,Services,land_use,km2,0.003641348205136832,2022,EXIOBASE v3.8.2 IOT_2022_ixi with Danish sea-transport reallocation (Rørmose Jensen & Iliev 2022)
FIN,Finland,Europe,Metal Products,blue_water_consumption,Mm3,0.0036393001762907765,2022,EXIOBASE v3.8.2 IOT_2022_ixi with Danish sea-transport reallocation (Rørmose Jensen & Iliev 2022)
EST,Estonia,Europe,Construction,climate_change,kt CO2eq,0.003636477908066582,2022,EXIOBASE v3.8.2 IOT_2022_ixi with Danish sea-transport reallocation (Rørmose Jensen & Iliev 2022)
CAN,Canada,America,Metal Products,blue_water_consumption,Mm3,0.003630954785319325,2022,EXIOBASE v3.8.2 IOT_2022_ixi with Danish sea-transport reallocation (Rørmose Jensen & Iliev 2022)
GBR,United Kingdom,Europe,Paper Products,blue_water_consumption,Mm3,0.003629608130019331,2022,EXIOBASE v3.8.2 IOT_2022_ixi with Danish sea-transport reallocation (Rørmose Jensen & Iliev 2022)
NOR,Norway,Europe,Transport,waste_generation,kt,0.0036247236718229712,2022,EXIOBASE v3.8.2 IOT_2022_ixi with Danish sea-transport reallocation (Rørmose Jensen & Iliev 2022)
LVA,Latvia,Europe,Services,material_extraction,kt,0.003620283722742807,2022,EXIOBASE v3.8.2 IOT_2022_ixi with Danish sea-transport reallocation (Rørmose Jensen & Iliev 2022)
NLD,Netherlands,Europe,General and special Machinery,waste_generation,kt,0.003613492619928095,2022,EXIOBASE v3.8.2 IOT_2022_ixi with Danish sea-transport reallocation (Rørmose Jensen & Iliev 2022)
BEL,Belgium,Europe,"Electrical, electronic and measuring equipment",waste_generation,kt,0.0035864659478193318,2022,EXIOBASE v3.8.2 IOT_2022_ixi with Danish sea-transport reallocation (Rørmose Jensen & Iliev 2022)
SVK,Slovakia,Europe,Electricity,blue_water_consumption,Mm3,0.0035836801264645386,2022,EXIOBASE v3.8.2 IOT_2022_ixi with Danish sea-transport reallocation (Rørmose Jensen & Iliev 2022)
BRA,Brazil,America,Paper Products,blue_water_consumption,Mm3,0.0035588349735341165,2022,EXIOBASE v3.8.2 IOT_2022_ixi with Danish sea-transport reallocation (Rørmose Jensen & Iliev 2022)
CZE,Czech Republic,Europe,"Steam, hot water supply and water distribution",material_extraction,kt,0.003555171759034666,2022,EXIOBASE v3.8.2 IOT_2022_ixi with Danish sea-transport reallocation (Rørmose Jensen & Iliev 2022)
TWN,Taiwan,Asia and Pacific,Furniture and timber,climate_change,kt CO2eq,0.0035517677229285477,2022,EXIOBASE v3.8.2 IOT_2022_ixi with Danish sea-transport reallocation (Rørmose Jensen & Iliev 2022)
RoW America,RoW America,America,Transport Equipment,waste_generation,kt,0.003550447565206694,2022,EXIOBASE v3.8.2 IOT_2022_ixi with Danish sea-transport reallocation (Rørmose Jensen & Iliev 2022)
SWE,Sweden,Europe,General and special Machinery,blue_water_consumption,Mm3,0.0035451097056403372,2022,EXIOBASE v3.8.2 IOT_2022_ixi with Danish sea-transport reallocation (Rørmose Jensen & Iliev 2022)
SVK,Slovakia,Europe,Metal Products,land_use,km2,0.003543726064351348,2022,EXIOBASE v3.8.2 IOT_2022_ixi with Danish sea-transport reallocation (Rørmose Jensen & Iliev 2022)
GBR,United Kingdom,Europe,Non-metallic mineral products,blue_water_consumption,Mm3,0.003543173392207513,2022,EXIOBASE v3.8.2 IOT_2022_ixi with Danish sea-transport reallocation (Rørmose Jensen & Iliev 2022)
TUR,Turkey,Middle East,Chemical,material_extraction,kt,0.0035035752987925654,2022,EXIOBASE v3.8.2 IOT_2022_ixi with Danish sea-transport reallocation (Rørmose Jensen & Iliev 2022)
RoW Africa,RoW Africa,Africa,Coal and Petroleum,blue_water_consumption,Mm3,0.0034966010791269097,2022,EXIOBASE v3.8.2 IOT_2022_ixi with Danish sea-transport reallocation (Rørmose Jensen & Iliev 2022)
NLD,Netherlands,Europe,"Electrical, electronic and measuring equipment",blue_water_consumption,Mm3,0.0034800900282931486,2022,EXIOBASE v3.8.2 IOT_2022_ixi with Danish sea-transport reallocation (Rørmose Jensen & Iliev 2022)
ROU,Romania,Europe,Services,waste_generation,kt,0.0034789230899923283,2022,EXIOBASE v3.8.2 IOT_2022_ixi with Danish sea-transport reallocation (Rørmose Jensen & Iliev 2022)
KOR,South Korea,Asia and Pacific,Electricity,blue_water_consumption,Mm3,0.0034711103356052063,2022,EXIOBASE v3.8.2 IOT_2022_ixi with Danish sea-transport reallocation (Rørmose Jensen & Iliev 2022)
PRT,Portugal,Europe,Non-metallic mineral products,waste_generation,kt,0.0034558830007974982,2022,EXIOBASE v3.8.2 IOT_2022_ixi with Danish sea-transport reallocation (Rørmose Jensen & Iliev 2022)
SVN,Slovenia,Europe,Electricity,blue_water_consumption,Mm3,0.0034458820458797687,2022,EXIOBASE v3.8.2 IOT_2022_ixi with Danish sea-transport reallocation (Rørmose Jensen & Iliev 2022)
LTU,Lithuania,Europe,Transport Equipment,climate_change,kt CO2eq,0.0034435799663991955,2022,EXIOBASE v3.8.2 IOT_2022_ixi with Danish sea-transport reallocation (Rørmose Jensen & Iliev 2022)
HRV,Croatia,Europe,General and special Machinery,climate_change,kt CO2eq,0.00344238592988762,2022,EXIOBASE v3.8.2 IOT_2022_ixi with Danish sea-transport reallocation (Rørmose Jensen & Iliev 2022)
RoW America,RoW America,America,Natural gas and gaseous fuels,land_use,km2,0.003418959296721342,2022,EXIOBASE v3.8.2 IOT_2022_ixi with Danish sea-transport reallocation (Rørmose Jensen & Iliev 2022)
DNK,Denmark,Denmark,Transport,waste_generation,kt,0.003414921519543927,2022,EXIOBASE v3.8.2 IOT_2022_ixi with Danish sea-transport reallocation (Rørmose Jensen & Iliev 2022)
EST,Estonia,Europe,Services,waste_generation,kt,0.003388121112404274,2022,EXIOBASE v3.8.2 IOT_2022_ixi with Danish sea-transport reallocation (Rørmose Jensen & Iliev 2022)
BGR,Bulgaria,Europe,"Electrical, electronic and measuring equipment",waste_generation,kt,0.0033879093751018998,2022,EXIOBASE v3.8.2 IOT_2022_ixi with Danish sea-transport reallocation (Rørmose Jensen & Iliev 2022)
BRA,Brazil,America,"Electrical, electronic and measuring equipment",climate_change,kt CO2eq,0.0033843834206157305,2022,EXIOBASE v3.8.2 IOT_2022_ixi with Danish sea-transport reallocation (Rørmose Jensen & Iliev 2022)
GBR,United Kingdom,Europe,Textile,waste_generation,kt,0.003371869828252526,2022,EXIOBASE v3.8.2 IOT_2022_ixi with Danish sea-transport reallocation (Rørmose Jensen & Iliev 2022)
GRC,Greece,Europe,Coal and Petroleum,material_extraction,kt,0.003357697604567355,2022,EXIOBASE v3.8.2 IOT_2022_ixi with Danish sea-transport reallocation (Rørmose Jensen & Iliev 2022)
BGR,Bulgaria,Europe,"Steam, hot water supply and water distribution",land_use,km2,0.003354724343710282,2022,EXIOBASE v3.8.2 IOT_2022_ixi with Danish sea-transport reallocation (Rørmose Jensen & Iliev 2022)
GRC,Greece,Europe,Paper Products,waste_generation,kt,0.0033513922390714596,2022,EXIOBASE v3.8.2 IOT_2022_ixi with Danish sea-transport reallocation (Rørmose Jensen & Iliev 2022)
CYP,Cyprus,Middle East,Non-metallic mineral products,climate_change,kt CO2eq,0.0033450514273355514,2022,EXIOBASE v3.8.2 IOT_2022_ixi with Danish sea-transport reallocation (Rørmose Jensen & Iliev 2022)
FIN,Finland,Europe,Transport Equipment,waste_generation,kt,0.00333340924880138,2022,EXIOBASE v3.8.2 IOT_2022_ixi with Danish sea-transport reallocation (Rørmose Jensen & Iliev 2022)
NOR,Norway,Europe,Textile,blue_water_consumption,Mm3,0.0033332503915000505,2022,EXIOBASE v3.8.2 IOT_2022_ixi with Danish sea-transport reallocation (Rørmose Jensen & Iliev 2022)
RUS,Russia,Europe,Natural gas and gaseous fuels,waste_generation,kt,0.003319923083858164,2022,EXIOBASE v3.8.2 IOT_2022_ixi with Danish sea-transport reallocation (Rørmose Jensen & Iliev 2022)
MLT,Malta,Europe,Construction,climate_change,kt CO2eq,0.003309614663444829,2022,EXIOBASE v3.8.2 IOT_2022_ixi with Danish sea-transport reallocation (Rørmose Jensen & Iliev 2022)
EST,Estonia,Europe,Chemical,waste_generation,kt,0.0032991420224047214,2022,EXIOBASE v3.8.2 IOT_2022_ixi with Danish sea-transport reallocation (Rørmose Jensen & Iliev 2022)
ITA,Italy,Europe,General and special Machinery,blue_water_consumption,Mm3,0.003290508146764976,2022,EXIOBASE v3.8.2 IOT_2022_ixi with Danish sea-transport reallocation (Rørmose Jensen & Iliev 2022)
SVN,Slovenia,Europe,Construction,climate_change,kt CO2eq,0.0032855322631081063,2022,EXIOBASE v3.8.2 IOT_2022_ixi with Danish sea-transport reallocation (Rørmose Jensen & Iliev 2022)
RoW Middle East,RoW Middle East,Middle East,Minerals and Metals,land_use,km2,0.003268456650570119,2022,EXIOBASE v3.8.2 IOT_2022_ixi with Danish sea-transport reallocation (Rørmose Jensen & Iliev 2022)
DEU,Germany,Europe,Services,blue_water_consumption,Mm3,0.0032434178677295355,2022,EXIOBASE v3.8.2 IOT_2022_ixi with Danish sea-transport reallocation (Rørmose Jensen & Iliev 2022)
BEL,Belgium,Europe,Non-metallic mineral products,waste_generation,kt,0.0032428790465058067,2022,EXIOBASE v3.8.2 IOT_2022_ixi with Danish sea-transport reallocation (Rørmose Jensen & Iliev 2022)
RUS,Russia,Europe,Services,blue_water_consumption,Mm3,0.003236714533912089,2022,EXIOBASE v3.8.2 IOT_2022_ixi with Danish sea-transport reallocation (Rørmose Jensen & Iliev 2022)
CAN,Canada,America,Non-metallic mineral products,waste_generation,kt,0.003220183685400473,2022,EXIOBASE v3.8.2 IOT_2022_ixi with Danish sea-transport reallocation (Rørmose Jensen & Iliev 2022)
SVK,Slovakia,Europe,Waste management and disposal,land_use,km2,0.003198381417291595,2022,EXIOBASE v3.8.2 IOT_2022_ixi with Danish sea-transport reallocation (Rørmose Jensen & Iliev 2022)
CZE,Czech Republic,Europe,Transport,land_use,km2,0.0031954678349714696,2022,EXIOBASE v3.8.2 IOT_2022_ixi with Danish sea-transport reallocation (Rørmose Jensen & Iliev 2022)
RUS,Russia,Europe,Textile,material_extraction,kt,0.0031952034830083935,2022,EXIOBASE v3.8.2 IOT_2022_ixi with Danish sea-transport reallocation (Rørmose Jensen & Iliev 2022)
FIN,Finland,Europe,Textile,waste_generation,kt,0.0031945409405508486,2022,EXIOBASE v3.8.2 IOT_2022_ixi with Danish sea-transport reallocation (Rørmose Jensen & Iliev 2022)
RUS,Russia,Europe,Paper Products,waste_generation,kt,0.0031753214583884457,2022,EXIOBASE v3.8.2 IOT_2022_ixi with Danish sea-transport reallocation (Rørmose Jensen & Iliev 2022)
RoW America,RoW America,America,Electricity,blue_water_consumption,Mm3,0.0031607909840699056,2022,EXIOBASE v3.8.2 IOT_2022_ixi with Danish sea-transport reallocation (Rørmose Jensen & Iliev 2022)
CHE,Switzerland,Europe,Chemical,blue_water_consumption,Mm3,0.003160731086262875,2022,EXIOBASE v3.8.2 IOT_2022_ixi with Danish sea-transport reallocation (Rørmose Jensen & Iliev 2022)
RoW Middle East,RoW Middle East,Middle East,Chemical,blue_water_consumption,Mm3,0.003151349037914355,2022,EXIOBASE v3.8.2 IOT_2022_ixi with Danish sea-transport reallocation (Rørmose Jensen & Iliev 2022)
ITA,Italy,Europe,"Electrical, electronic and measuring equipment",blue_water_consumption,Mm3,0.003118349794955252,2022,EXIOBASE v3.8.2 IOT_2022_ixi with Danish sea-transport reallocation (Rørmose Jensen & Iliev 2022)
HRV,Croatia,Europe,Waste management and disposal,material_extraction,kt,0.0031073998386276216,2022,EXIOBASE v3.8.2 IOT_2022_ixi with Danish sea-transport reallocation (Rørmose Jensen & Iliev 2022)
BRA,Brazil,America,Transport Equipment,waste_generation,kt,0.003095458529485794,2022,EXIOBASE v3.8.2 IOT_2022_ixi with Danish sea-transport reallocation (Rørmose Jensen & Iliev 2022)
LVA,Latvia,Europe,Services,waste_generation,kt,0.0030832468603178573,2022,EXIOBASE v3.8.2 IOT_2022_ixi with Danish sea-transport reallocation (Rørmose Jensen & Iliev 2022)
BGR,Bulgaria,Europe,Services,blue_water_consumption,Mm3,0.0030424238592147708,2022,EXIOBASE v3.8.2 IOT_2022_ixi with Danish sea-transport reallocation (Rørmose Jensen & Iliev 2022)
ZAF,South Africa,Africa,Minerals and Metals,waste_generation,kt,0.0030398412743979936,2022,EXIOBASE v3.8.2 IOT_2022_ixi with Danish sea-transport reallocation (Rørmose Jensen & Iliev 2022)
SVK,Slovakia,Europe,Non-metallic mineral products,waste_generation,kt,0.0030246511175245354,2022,EXIOBASE v3.8.2 IOT_2022_ixi with Danish sea-transport reallocation (Rørmose Jensen & Iliev 2022)
RoW Asia and Pacific,RoW Asia and Pacific,Asia and Pacific,Coal and Petroleum,blue_water_consumption,Mm3,0.003022863040111746,2022,EXIOBASE v3.8.2 IOT_2022_ixi with Danish sea-transport reallocation (Rørmose Jensen & Iliev 2022)
SVK,Slovakia,Europe,Non-metallic mineral products,blue_water_consumption,Mm3,0.0030130042080693743,2022,EXIOBASE v3.8.2 IOT_2022_ixi with Danish sea-transport reallocation (Rørmose Jensen & Iliev 2022)
RoW America,RoW America,America,"Steam, hot water supply and water distribution",land_use,km2,0.003003966183581004,2022,EXIOBASE v3.8.2 IOT_2022_ixi with Danish sea-transport reallocation (Rørmose Jensen & Iliev 2022)
ROU,Romania,Europe,Construction,waste_generation,kt,0.003002953257748625,2022,EXIOBASE v3.8.2 IOT_2022_ixi with Danish sea-transport reallocation (Rørmose Jensen & Iliev 2022)
EST,Estonia,Europe,Transport,waste_generation,kt,0.0029992059343803964,2022,EXIOBASE v3.8.2 IOT_2022_ixi with Danish sea-transport reallocation (Rørmose Jensen & Iliev 2022)
SVK,Slovakia,Europe,Textile,climate_change,kt CO2eq,0.002973278451945257,2022,EXIOBASE v3.8.2 IOT_2022_ixi with Danish sea-transport reallocation (Rørmose Jensen & Iliev 2022)
CHE,Switzerland,Europe,General and special Machinery,waste_generation,kt,0.002966103236714516,2022,EXIOBASE v3.8.2 IOT_2022_ixi with Danish sea-transport reallocation (Rørmose Jensen & Iliev 2022)
FRA,France,Europe,Textile,blue_water_consumption,Mm3,0.002962063929007813,2022,EXIOBASE v3.8.2 IOT_2022_ixi with Danish sea-transport reallocation (Rørmose Jensen & Iliev 2022)
HRV,Croatia,Europe,Furniture and timber,climate_change,kt CO2eq,0.002953370880987032,2022,EXIOBASE v3.8.2 IOT_2022_ixi with Danish sea-transport reallocation (Rørmose Jensen & Iliev 2022)
SWE,Sweden,Europe,Electricity,blue_water_consumption,Mm3,0.0029482513566169255,2022,EXIOBASE v3.8.2 IOT_2022_ixi with Danish sea-transport reallocation (Rørmose Jensen & Iliev 2022)
JPN,Japan,Asia and Pacific,Services,waste_generation,kt,0.0029371110303481733,2022,EXIOBASE v3.8.2 IOT_2022_ixi with Danish sea-transport reallocation (Rørmose Jensen & Iliev 2022)
USA,United States,America,Paper Products,blue_water_consumption,Mm3,0.002929970738136435,2022,EXIOBASE v3.8.2 IOT_2022_ixi with Danish sea-transport reallocation (Rørmose Jensen & Iliev 2022)
SWE,Sweden,Europe,Natural gas and gaseous fuels,waste_generation,kt,0.002917010028986879,2022,EXIOBASE v3.8.2 IOT_2022_ixi with Danish sea-transport reallocation (Rørmose Jensen & Iliev 2022)
RoW Middle East,RoW Middle East,Middle East,Natural gas and gaseous fuels,waste_generation,kt,0.002909535491313667,2022,EXIOBASE v3.8.2 IOT_2022_ixi with Danish sea-transport reallocation (Rørmose Jensen & Iliev 2022)
POL,Poland,Europe,Transport,blue_water_consumption,Mm3,0.0029087603969882164,2022,EXIOBASE v3.8.2 IOT_2022_ixi with Danish sea-transport reallocation (Rørmose Jensen & Iliev 2022)
MLT,Malta,Europe,Non-metallic mineral products,climate_change,kt CO2eq,0.0029071207779153875,2022,EXIOBASE v3.8.2 IOT_2022_ixi with Danish sea-transport reallocation (Rørmose Jensen & Iliev 2022)
ROU,Romania,Europe,Non-metallic mineral products,waste_generation,kt,0.0028988210206768966,2022,EXIOBASE v3.8.2 IOT_2022_ixi with Danish sea-transport reallocation (Rørmose Jensen & Iliev 2022)
RoW Africa,RoW Africa,Africa,Transport,blue_water_consumption,Mm3,0.002886959899649315,2022,EXIOBASE v3.8.2 IOT_2022_ixi with Danish sea-transport reallocation (Rørmose Jensen & Iliev 2022)
HUN,Hungary,Europe,Non-metallic mineral products,waste_generation,kt,0.0028795590767677686,2022,EXIOBASE v3.8.2 IOT_2022_ixi with Danish sea-transport reallocation (Rørmose Jensen & Iliev 2022)
ITA,Italy,Europe,General and special Machinery,waste_generation,kt,0.0028709929578624857,2022,EXIOBASE v3.8.2 IOT_2022_ixi with Danish sea-transport reallocation (Rørmose Jensen & Iliev 2022)
AUT,Austria,Europe,Non-metallic mineral products,waste_generation,kt,0.002864554378708764,2022,EXIOBASE v3.8.2 IOT_2022_ixi with Danish sea-transport reallocation (Rørmose Jensen & Iliev 2022)
IRL,Ireland,Europe,"Electrical, electronic and measuring equipment",blue_water_consumption,Mm3,0.002860905195961058,2022,EXIOBASE v3.8.2 IOT_2022_ixi with Danish sea-transport reallocation (Rørmose Jensen & Iliev 2022)
RUS,Russia,Europe,General and special Machinery,waste_generation,kt,0.002858679747266672,2022,EXIOBASE v3.8.2 IOT_2022_ixi with Danish sea-transport reallocation (Rørmose Jensen & Iliev 2022)
TUR,Turkey,Middle East,Minerals and Metals,waste_generation,kt,0.00285651436998788,2022,EXIOBASE v3.8.2 IOT_2022_ixi with Danish sea-transport reallocation (Rørmose Jensen & Iliev 2022)
NOR,Norway,Europe,Transport,land_use,km2,0.0028458796790441503,2022,EXIOBASE v3.8.2 IOT_2022_ixi with Danish sea-transport reallocation (Rørmose Jensen & Iliev 2022)
FIN,Finland,Europe,Construction,waste_generation,kt,0.00283263184658809,2022,EXIOBASE v3.8.2 IOT_2022_ixi with Danish sea-transport reallocation (Rørmose Jensen & Iliev 2022)
LUX,Luxembourg,Europe,Services,waste_generation,kt,0.0028179219005044485,2022,EXIOBASE v3.8.2 IOT_2022_ixi with Danish sea-transport reallocation (Rørmose Jensen & Iliev 2022)
ROU,Romania,Europe,Furniture and timber,waste_generation,kt,0.002808927809490838,2022,EXIOBASE v3.8.2 IOT_2022_ixi with Danish sea-transport reallocation (Rørmose Jensen & Iliev 2022)
RoW Middle East,RoW Middle East,Middle East,Electricity,land_use,km2,0.002781486828152776,2022,EXIOBASE v3.8.2 IOT_2022_ixi with Danish sea-transport reallocation (Rørmose Jensen & Iliev 2022)
CHE,Switzerland,Europe,Paper Products,waste_generation,kt,0.0027693854267714082,2022,EXIOBASE v3.8.2 IOT_2022_ixi with Danish sea-transport reallocation (Rørmose Jensen & Iliev 2022)
AUT,Austria,Europe,Electricity,material_extraction,kt,0.002766017126287763,2022,EXIOBASE v3.8.2 IOT_2022_ixi with Danish sea-transport reallocation (Rørmose Jensen & Iliev 2022)
ROU,Romania,Europe,Electricity,blue_water_consumption,Mm3,0.002761425114880589,2022,EXIOBASE v3.8.2 IOT_2022_ixi with Danish sea-transport reallocation (Rørmose Jensen & Iliev 2022)
SVK,Slovakia,Europe,Metal Products,blue_water_consumption,Mm3,0.002759326210553841,2022,EXIOBASE v3.8.2 IOT_2022_ixi with Danish sea-transport reallocation (Rørmose Jensen & Iliev 2022)
RUS,Russia,Europe,Non-metallic mineral products,waste_generation,kt,0.0027455961630104596,2022,EXIOBASE v3.8.2 IOT_2022_ixi with Danish sea-transport reallocation (Rørmose Jensen & Iliev 2022)
HUN,Hungary,Europe,Coal and Petroleum,waste_generation,kt,0.0027422020252288906,2022,EXIOBASE v3.8.2 IOT_2022_ixi with Danish sea-transport reallocation (Rørmose Jensen & Iliev 2022)
USA,United States,America,Natural gas and gaseous fuels,material_extraction,kt,0.002739503775198862,2022,EXIOBASE v3.8.2 IOT_2022_ixi with Danish sea-transport reallocation (Rørmose Jensen & Iliev 2022)
NOR,Norway,Europe,Metal Products,material_extraction,kt,0.0027310366107556965,2022,EXIOBASE v3.8.2 IOT_2022_ixi with Danish sea-transport reallocation (Rørmose Jensen & Iliev 2022)
HUN,Hungary,Europe,Transport,waste_generation,kt,0.0027125319232400823,2022,EXIOBASE v3.8.2 IOT_2022_ixi with Danish sea-transport reallocation (Rørmose Jensen & Iliev 2022)
GBR,United Kingdom,Europe,Transport Equipment,blue_water_consumption,Mm3,0.0027020902297097238,2022,EXIOBASE v3.8.2 IOT_2022_ixi with Danish sea-transport reallocation (Rørmose Jensen & Iliev 2022)
SVK,Slovakia,Europe,Services,blue_water_consumption,Mm3,0.002700328030205068,2022,EXIOBASE v3.8.2 IOT_2022_ixi with Danish sea-transport reallocation (Rørmose Jensen & Iliev 2022)
TUR,Turkey,Middle East,Paper Products,blue_water_consumption,Mm3,0.0026969880625826526,2022,EXIOBASE v3.8.2 IOT_2022_ixi with Danish sea-transport reallocation (Rørmose Jensen & Iliev 2022)
RUS,Russia,Europe,Transport Equipment,material_extraction,kt,0.002689780827890586,2022,EXIOBASE v3.8.2 IOT_2022_ixi with Danish sea-transport reallocation (Rørmose Jensen & Iliev 2022)
NOR,Norway,Europe,General and special Machinery,blue_water_consumption,Mm3,0.0026864774080648858,2022,EXIOBASE v3.8.2 IOT_2022_ixi with Danish sea-transport reallocation (Rørmose Jensen & Iliev 2022)
BRA,Brazil,America,Services,waste_generation,kt,0.002678387315699394,2022,EXIOBASE v3.8.2 IOT_2022_ixi with Danish sea-transport reallocation (Rørmose Jensen & Iliev 2022)
CZE,Czech Republic,Europe,Non-metallic mineral products,blue_water_consumption,Mm3,0.0026700649480997764,2022,EXIOBASE v3.8.2 IOT_2022_ixi with Danish sea-transport reallocation (Rørmose Jensen & Iliev 2022)
SVK,Slovakia,Europe,Natural gas and gaseous fuels,waste_generation,kt,0.002658930239674079,2022,EXIOBASE v3.8.2 IOT_2022_ixi with Danish sea-transport reallocation (Rørmose Jensen & Iliev 2022)
POL,Poland,Europe,Non-metallic mineral products,blue_water_consumption,Mm3,0.002635357705072605,2022,EXIOBASE v3.8.2 IOT_2022_ixi with Danish sea-transport reallocation (Rørmose Jensen & Iliev 2022)
RoW Europe,RoW Europe,Europe,Services,blue_water_consumption,Mm3,0.0026108750168571497,2022,EXIOBASE v3.8.2 IOT_2022_ixi with Danish sea-transport reallocation (Rørmose Jensen & Iliev 2022)
CYP,Cyprus,Middle East,Metal Products,climate_change,kt CO2eq,0.002605682514143437,2022,EXIOBASE v3.8.2 IOT_2022_ixi with Danish sea-transport reallocation (Rørmose Jensen & Iliev 2022)
BEL,Belgium,Europe,Textile,blue_water_consumption,Mm3,0.002602557198298843,2022,EXIOBASE v3.8.2 IOT_2022_ixi with Danish sea-transport reallocation (Rørmose Jensen & Iliev 2022)
IDN,Indonesia,Asia and Pacific,Services,waste_generation,kt,0.002595763956241506,2022,EXIOBASE v3.8.2 IOT_2022_ixi with Danish sea-transport reallocation (Rørmose Jensen & Iliev 2022)
ITA,Italy,Europe,Textile,waste_generation,kt,0.0025790104130125227,2022,EXIOBASE v3.8.2 IOT_2022_ixi with Danish sea-transport reallocation (Rørmose Jensen & Iliev 2022)
NLD,Netherlands,Europe,Furniture and timber,blue_water_consumption,Mm3,0.002562560950653755,2022,EXIOBASE v3.8.2 IOT_2022_ixi with Danish sea-transport reallocation (Rørmose Jensen & Iliev 2022)
AUT,Austria,Europe,Coal and Petroleum,waste_generation,kt,0.002557058624060992,2022,EXIOBASE v3.8.2 IOT_2022_ixi with Danish sea-transport reallocation (Rørmose Jensen & Iliev 2022)
SVN,Slovenia,Europe,"Electrical, electronic and measuring equipment",waste_generation,kt,0.0024889038421317374,2022,EXIOBASE v3.8.2 IOT_2022_ixi with Danish sea-transport reallocation (Rørmose Jensen & Iliev 2022)
DEU,Germany,Europe,Coal and Petroleum,blue_water_consumption,Mm3,0.002486424178357059,2022,EXIOBASE v3.8.2 IOT_2022_ixi with Danish sea-transport reallocation (Rørmose Jensen & Iliev 2022)
AUT,Austria,Europe,Transport Equipment,climate_change,kt CO2eq,0.0024838880282815395,2022,EXIOBASE v3.8.2 IOT_2022_ixi with Danish sea-transport reallocation (Rørmose Jensen & Iliev 2022)
GBR,United Kingdom,Europe,Minerals and Metals,waste_generation,kt,0.002482983028425171,2022,EXIOBASE v3.8.2 IOT_2022_ixi with Danish sea-transport reallocation (Rørmose Jensen & Iliev 2022)
CYP,Cyprus,Middle East,Food and catering,blue_water_consumption,Mm3,0.002455679670349635,2022,EXIOBASE v3.8.2 IOT_2022_ixi with Danish sea-transport reallocation (Rørmose Jensen & Iliev 2022)
DEU,Germany,Europe,"Electrical, electronic and measuring equipment",blue_water_consumption,Mm3,0.0024481486656345473,2022,EXIOBASE v3.8.2 IOT_2022_ixi with Danish sea-transport reallocation (Rørmose Jensen & Iliev 2022)
CYP,Cyprus,Middle East,Construction,material_extraction,kt,0.002447405390105857,2022,EXIOBASE v3.8.2 IOT_2022_ixi with Danish sea-transport reallocation (Rørmose Jensen & Iliev 2022)
MEX,Mexico,America,"Electrical, electronic and measuring equipment",waste_generation,kt,0.0024314787332810105,2022,EXIOBASE v3.8.2 IOT_2022_ixi with Danish sea-transport reallocation (Rørmose Jensen & Iliev 2022)
BRA,Brazil,America,General and special Machinery,waste_generation,kt,0.002422851717689489,2022,EXIOBASE v3.8.2 IOT_2022_ixi with Danish sea-transport reallocation (Rørmose Jensen & Iliev 2022)
CAN,Canada,America,Electricity,material_extraction,kt,0.0024170548377518883,2022,EXIOBASE v3.8.2 IOT_2022_ixi with Danish sea-transport reallocation (Rørmose Jensen & Iliev 2022)
EST,Estonia,Europe,Non-metallic mineral products,waste_generation,kt,0.002413596612735637,2022,EXIOBASE v3.8.2 IOT_2022_ixi with Danish sea-transport reallocation (Rørmose Jensen & Iliev 2022)
LTU,Lithuania,Europe,Furniture and timber,waste_generation,kt,0.002409399738201354,2022,EXIOBASE v3.8.2 IOT_2022_ixi with Danish sea-transport reallocation (Rørmose Jensen & Iliev 2022)
LUX,Luxembourg,Europe,Minerals and Metals,climate_change,kt CO2eq,0.002403772939288284,2022,EXIOBASE v3.8.2 IOT_2022_ixi with Danish sea-transport reallocation (Rørmose Jensen & Iliev 2022)
KOR,South Korea,Asia and Pacific,General and special Machinery,waste_generation,kt,0.0024009529502759443,2022,EXIOBASE v3.8.2 IOT_2022_ixi with Danish sea-transport reallocation (Rørmose Jensen & Iliev 2022)
ZAF,South Africa,Africa,Transport,waste_generation,kt,0.0023921710013734437,2022,EXIOBASE v3.8.2 IOT_2022_ixi with Danish sea-transport reallocation (Rørmose Jensen & Iliev 2022)
NLD,Netherlands,Europe,General and special Machinery,blue_water_consumption,Mm3,0.0023911521928900847,2022,EXIOBASE v3.8.2 IOT_2022_ixi with Danish sea-transport reallocation (Rørmose Jensen & Iliev 2022)
NLD,Netherlands,Europe,Electricity,blue_water_consumption,Mm3,0.0023812275240658494,2022,EXIOBASE v3.8.2 IOT_2022_ixi with Danish sea-transport reallocation (Rørmose Jensen & Iliev 2022)
IND,India,Asia and Pacific,Furniture and timber,blue_water_consumption,Mm3,0.002360228966280647,2022,EXIOBASE v3.8.2 IOT_2022_ixi with Danish sea-transport reallocation (Rørmose Jensen & Iliev 2022)
BGR,Bulgaria,Europe,Non-metallic mineral products,waste_generation,kt,0.00234139452393567,2022,EXIOBASE v3.8.2 IOT_2022_ixi with Danish sea-transport reallocation (Rørmose Jensen & Iliev 2022)
ITA,Italy,Europe,Coal and Petroleum,waste_generation,kt,0.0023370106032572354,2022,EXIOBASE v3.8.2 IOT_2022_ixi with Danish sea-transport reallocation (Rørmose Jensen & Iliev 2022)
GRC,Greece,Europe,Textile,waste_generation,kt,0.0023269988641093486,2022,EXIOBASE v3.8.2 IOT_2022_ixi with Danish sea-transport reallocation (Rørmose Jensen & Iliev 2022)
RoW America,RoW America,America,"Electrical, electronic and measuring equipment",waste_generation,kt,0.0023263783851468463,2022,EXIOBASE v3.8.2 IOT_2022_ixi with Danish sea-transport reallocation (Rørmose Jensen & Iliev 2022)
JPN,Japan,Asia and Pacific,Construction,waste_generation,kt,0.002320609105618904,2022,EXIOBASE v3.8.2 IOT_2022_ixi with Danish sea-transport reallocation (Rørmose Jensen & Iliev 2022)
CAN,Canada,America,Paper Products,blue_water_consumption,Mm3,0.002319844578899063,2022,EXIOBASE v3.8.2 IOT_2022_ixi with Danish sea-transport reallocation (Rørmose Jensen & Iliev 2022)
LVA,Latvia,Europe,Paper Products,blue_water_consumption,Mm3,0.0023187743319832725,2022,EXIOBASE v3.8.2 IOT_2022_ixi with Danish sea-transport reallocation (Rørmose Jensen & Iliev 2022)
RoW Africa,RoW Africa,Africa,Furniture and timber,waste_generation,kt,0.002314281459444863,2022,EXIOBASE v3.8.2 IOT_2022_ixi with Danish sea-transport reallocation (Rørmose Jensen & Iliev 2022)
GRC,Greece,Europe,Non-metallic mineral products,waste_generation,kt,0.0023097145940690245,2022,EXIOBASE v3.8.2 IOT_2022_ixi with Danish sea-transport reallocation (Rørmose Jensen & Iliev 2022)
RUS,Russia,Europe,"Electrical, electronic and measuring equipment",material_extraction,kt,0.0023076537257071487,2022,EXIOBASE v3.8.2 IOT_2022_ixi with Danish sea-transport reallocation (Rørmose Jensen & Iliev 2022)
AUT,Austria,Europe,"Electrical, electronic and measuring equipment",waste_generation,kt,0.002277540410315257,2022,EXIOBASE v3.8.2 IOT_2022_ixi with Danish sea-transport reallocation (Rørmose Jensen & Iliev 2022)
BRA,Brazil,America,Textile,waste_generation,kt,0.00227537549168648,2022,EXIOBASE v3.8.2 IOT_2022_ixi with Danish sea-transport reallocation (Rørmose Jensen & Iliev 2022)
LUX,Luxembourg,Europe,Transport Equipment,climate_change,kt CO2eq,0.0022675809975414435,2022,EXIOBASE v3.8.2 IOT_2022_ixi with Danish sea-transport reallocation (Rørmose Jensen & Iliev 2022)
RoW Middle East,RoW Middle East,Middle East,Non-metallic mineral products,waste_generation,kt,0.0022557348608328656,2022,EXIOBASE v3.8.2 IOT_2022_ixi with Danish sea-transport reallocation (Rørmose Jensen & Iliev 2022)
SVN,Slovenia,Europe,Services,blue_water_consumption,Mm3,0.002241509925766226,2022,EXIOBASE v3.8.2 IOT_2022_ixi with Danish sea-transport reallocation (Rørmose Jensen & Iliev 2022)
JPN,Japan,Asia and Pacific,Paper Products,blue_water_consumption,Mm3,0.002231671828586967,2022,EXIOBASE v3.8.2 IOT_2022_ixi with Danish sea-transport reallocation (Rørmose Jensen & Iliev 2022)
USA,United States,America,"Electrical, electronic and measuring equipment",blue_water_consumption,Mm3,0.002230453225368731,2022,EXIOBASE v3.8.2 IOT_2022_ixi with Danish sea-transport reallocation (Rørmose Jensen & Iliev 2022)
ESP,Spain,Europe,Textile,waste_generation,kt,0.002224795072052182,2022,EXIOBASE v3.8.2 IOT_2022_ixi with Danish sea-transport reallocation (Rørmose Jensen & Iliev 2022)
IRL,Ireland,Europe,Textile,climate_change,kt CO2eq,0.0022234675158418135,2022,EXIOBASE v3.8.2 IOT_2022_ixi with Danish sea-transport reallocation (Rørmose Jensen & Iliev 2022)
MEX,Mexico,America,Paper Products,waste_generation,kt,0.00221734125396948,2022,EXIOBASE v3.8.2 IOT_2022_ixi with Danish sea-transport reallocation (Rørmose Jensen & Iliev 2022)
IND,India,Asia and Pacific,Natural gas and gaseous fuels,waste_generation,kt,0.00220009789309541,2022,EXIOBASE v3.8.2 IOT_2022_ixi with Danish sea-transport reallocation (Rørmose Jensen & Iliev 2022)
GRC,Greece,Europe,Transport Equipment,climate_change,kt CO2eq,0.0021939866069393323,2022,EXIOBASE v3.8.2 IOT_2022_ixi with Danish sea-transport reallocation (Rørmose Jensen & Iliev 2022)
AUT,Austria,Europe,Paper Products,blue_water_consumption,Mm3,0.0021764956459716135,2022,EXIOBASE v3.8.2 IOT_2022_ixi with Danish sea-transport reallocation (Rørmose Jensen & Iliev 2022)
DNK,Denmark,Denmark,Textile,waste_generation,kt,0.002174483142493939,2022,EXIOBASE v3.8.2 IOT_2022_ixi with Danish sea-transport reallocation (Rørmose Jensen & Iliev 2022)
AUS,Australia,Asia and Pacific,Construction,waste_generation,kt,0.00217427339270115,2022,EXIOBASE v3.8.2 IOT_2022_ixi with Danish sea-transport reallocation (Rørmose Jensen & Iliev 2022)
CHE,Switzerland,Europe,Non-metallic mineral products,waste_generation,kt,0.002164963897533285,2022,EXIOBASE v3.8.2 IOT_2022_ixi with Danish sea-transport reallocation (Rørmose Jensen & Iliev 2022)
TUR,Turkey,Middle East,Construction,climate_change,kt CO2eq,0.002158604972672186,2022,EXIOBASE v3.8.2 IOT_2022_ixi with Danish sea-transport reallocation (Rørmose Jensen & Iliev 2022)
HRV,Croatia,Europe,Services,waste_generation,kt,0.0021542574686791993,2022,EXIOBASE v3.8.2 IOT_2022_ixi with Danish sea-transport reallocation (Rørmose Jensen & Iliev 2022)
ROU,Romania,Europe,Chemical,blue_water_consumption,Mm3,0.0021525594951796855,2022,EXIOBASE v3.8.2 IOT_2022_ixi with Danish sea-transport reallocation (Rørmose Jensen & Iliev 2022)
TUR,Turkey,Middle East,General and special Machinery,waste_generation,kt,0.0021515889464480444,2022,EXIOBASE v3.8.2 IOT_2022_ixi with Danish sea-transport reallocation (Rørmose Jensen & Iliev 2022)
SVK,Slovakia,Europe,Furniture and timber,waste_generation,kt,0.0021350421992762155,2022,EXIOBASE v3.8.2 IOT_2022_ixi with Danish sea-transport reallocation (Rørmose Jensen & Iliev 2022)
ZAF,South Africa,Africa,Transport Equipment,waste_generation,kt,0.0021204683165069876,2022,EXIOBASE v3.8.2 IOT_2022_ixi with Danish sea-transport reallocation (Rørmose Jensen & Iliev 2022)
MEX,Mexico,America,Non-metallic mineral products,material_extraction,kt,0.0021160601771808884,2022,EXIOBASE v3.8.2 IOT_2022_ixi with Danish sea-transport reallocation (Rørmose Jensen & Iliev 2022)
RoW Africa,RoW Africa,Africa,Natural gas and gaseous fuels,land_use,km2,0.0021089667096047316,2022,EXIOBASE v3.8.2 IOT_2022_ixi with Danish sea-transport reallocation (Rørmose Jensen & Iliev 2022)
JPN,Japan,Asia and Pacific,Natural gas and gaseous fuels,waste_generation,kt,0.00210696483008125,2022,EXIOBASE v3.8.2 IOT_2022_ixi with Danish sea-transport reallocation (Rørmose Jensen & Iliev 2022)
HRV,Croatia,Europe,Construction,climate_change,kt CO2eq,0.0020918469370109403,2022,EXIOBASE v3.8.2 IOT_2022_ixi with Danish sea-transport reallocation (Rørmose Jensen & Iliev 2022)
SVK,Slovakia,Europe,Paper Products,blue_water_consumption,Mm3,0.002080253928106413,2022,EXIOBASE v3.8.2 IOT_2022_ixi with Danish sea-transport reallocation (Rørmose Jensen & Iliev 2022)
FIN,Finland,Europe,Non-metallic mineral products,waste_generation,kt,0.0020666075000764254,2022,EXIOBASE v3.8.2 IOT_2022_ixi with Danish sea-transport reallocation (Rørmose Jensen & Iliev 2022)
BGR,Bulgaria,Europe,Construction,waste_generation,kt,0.002063113084821749,2022,EXIOBASE v3.8.2 IOT_2022_ixi with Danish sea-transport reallocation (Rørmose Jensen & Iliev 2022)
RoW America,RoW America,America,Non-metallic mineral products,waste_generation,kt,0.0020549536822369297,2022,EXIOBASE v3.8.2 IOT_2022_ixi with Danish sea-transport reallocation (Rørmose Jensen & Iliev 2022)
ROU,Romania,Europe,Textile,land_use,km2,0.002048272979659688,2022,EXIOBASE v3.8.2 IOT_2022_ixi with Danish sea-transport reallocation (Rørmose Jensen & Iliev 2022)
GBR,United Kingdom,Europe,General and special Machinery,blue_water_consumption,Mm3,0.002044756463287001,2022,EXIOBASE v3.8.2 IOT_2022_ixi with Danish sea-transport reallocation (Rørmose Jensen & Iliev 2022)
FRA,France,Europe,"Steam, hot water supply and water distribution",waste_generation,kt,0.002018304790154911,2022,EXIOBASE v3.8.2 IOT_2022_ixi with Danish sea-transport reallocation (Rørmose Jensen & Iliev 2022)
LUX,Luxembourg,Europe,Paper Products,waste_generation,kt,0.002013323802036398,2022,EXIOBASE v3.8.2 IOT_2022_ixi with Danish sea-transport reallocation (Rørmose Jensen & Iliev 2022)
GRC,Greece,Europe,Construction,climate_change,kt CO2eq,0.002004581458871611,2022,EXIOBASE v3.8.2 IOT_2022_ixi with Danish sea-transport reallocation (Rørmose Jensen & Iliev 2022)
SWE,Sweden,Europe,Furniture and timber,blue_water_consumption,Mm3,0.0019912578173259766,2022,EXIOBASE v3.8.2 IOT_2022_ixi with Danish sea-transport reallocation (Rørmose Jensen & Iliev 2022)
RoW America,RoW America,America,Non-metallic mineral products,blue_water_consumption,Mm3,0.001988183526470525,2022,EXIOBASE v3.8.2 IOT_2022_ixi with Danish sea-transport reallocation (Rørmose Jensen & Iliev 2022)
KOR,South Korea,Asia and Pacific,Natural gas and gaseous fuels,waste_generation,kt,0.001984851856520989,2022,EXIOBASE v3.8.2 IOT_2022_ixi with Danish sea-transport reallocation (Rørmose Jensen & Iliev 2022)
USA,United States,America,Construction,waste_generation,kt,0.001983422159265265,2022,EXIOBASE v3.8.2 IOT_2022_ixi with Danish sea-transport reallocation (Rørmose Jensen & Iliev 2022)
FRA,France,Europe,Metal Products,blue_water_consumption,Mm3,0.0019713051255525237,2022,EXIOBASE v3.8.2 IOT_2022_ixi with Danish sea-transport reallocation (Rørmose Jensen & Iliev 2022)
RUS,Russia,Europe,Non-metallic mineral products,blue_water_consumption,Mm3,0.0019706841382697974,2022,EXIOBASE v3.8.2 IOT_2022_ixi with Danish sea-transport reallocation (Rørmose Jensen & Iliev 2022)
IRL,Ireland,Europe,Metal Products,blue_water_consumption,Mm3,0.0019679961757440565,2022,EXIOBASE v3.8.2 IOT_2022_ixi with Danish sea-transport reallocation (Rørmose Jensen & Iliev 2022)
NOR,Norway,Europe,Furniture and timber,blue_water_consumption,Mm3,0.0019637416468214234,2022,EXIOBASE v3.8.2 IOT_2022_ixi with Danish sea-transport reallocation (Rørmose Jensen & Iliev 2022)
NOR,Norway,Europe,Non-metallic mineral products,waste_generation,kt,0.0019270378488696522,2022,EXIOBASE v3.8.2 IOT_2022_ixi with Danish sea-transport reallocation (Rørmose Jensen & Iliev 2022)
SVK,Slovakia,Europe,Minerals and Metals,waste_generation,kt,0.0019245882518720036,2022,EXIOBASE v3.8.2 IOT_2022_ixi with Danish sea-transport reallocation (Rørmose Jensen & Iliev 2022)
LUX,Luxembourg,Europe,Furniture and timber,climate_change,kt CO2eq,0.001915075896009577,2022,EXIOBASE v3.8.2 IOT_2022_ixi with Danish sea-transport reallocation (Rørmose Jensen & Iliev 2022)
LVA,Latvia,Europe,Paper Products,waste_generation,kt,0.001914943671303855,2022,EXIOBASE v3.8.2 IOT_2022_ixi with Danish sea-transport reallocation (Rørmose Jensen & Iliev 2022)
ITA,Italy,Europe,Transport Equipment,waste_generation,kt,0.0019112396884258557,2022,EXIOBASE v3.8.2 IOT_2022_ixi with Danish sea-transport reallocation (Rørmose Jensen & Iliev 2022)
GBR,United Kingdom,Europe,Transport,waste_generation,kt,0.0019061552226877052,2022,EXIOBASE v3.8.2 IOT_2022_ixi with Danish sea-transport reallocation (Rørmose Jensen & Iliev 2022)
EST,Estonia,Europe,"Electrical, electronic and measuring equipment",climate_change,kt CO2eq,0.001892126358026157,2022,EXIOBASE v3.8.2 IOT_2022_ixi with Danish sea-transport reallocation (Rørmose Jensen & Iliev 2022)
IDN,Indonesia,Asia and Pacific,Chemical,blue_water_consumption,Mm3,0.0018861577384714499,2022,EXIOBASE v3.8.2 IOT_2022_ixi with Danish sea-transport reallocation (Rørmose Jensen & Iliev 2022)
BRA,Brazil,America,General and special Machinery,climate_change,kt CO2eq,0.0018790550544108913,2022,EXIOBASE v3.8.2 IOT_2022_ixi with Danish sea-transport reallocation (Rørmose Jensen & Iliev 2022)
BRA,Brazil,America,Minerals and Metals,waste_generation,kt,0.0018756443900468324,2022,EXIOBASE v3.8.2 IOT_2022_ixi with Danish sea-transport reallocation (Rørmose Jensen & Iliev 2022)
IDN,Indonesia,Asia and Pacific,Textile,waste_generation,kt,0.0018749973914000916,2022,EXIOBASE v3.8.2 IOT_2022_ixi with Danish sea-transport reallocation (Rørmose Jensen & Iliev 2022)
CZE,Czech Republic,Europe,Textile,waste_generation,kt,0.0018557005179895985,2022,EXIOBASE v3.8.2 IOT_2022_ixi with Danish sea-transport reallocation (Rørmose Jensen & Iliev 2022)
CAN,Canada,America,Textile,land_use,km2,0.0018556227684176662,2022,EXIOBASE v3.8.2 IOT_2022_ixi with Danish sea-transport reallocation (Rørmose Jensen & Iliev 2022)
BGR,Bulgaria,Europe,Metal Products,blue_water_consumption,Mm3,0.0018395553692359117,2022,EXIOBASE v3.8.2 IOT_2022_ixi with Danish sea-transport reallocation (Rørmose Jensen & Iliev 2022)
AUT,Austria,Europe,Electricity,blue_water_consumption,Mm3,0.0018369156694047657,2022,EXIOBASE v3.8.2 IOT_2022_ixi with Danish sea-transport reallocation (Rørmose Jensen & Iliev 2022)
AUS,Australia,Asia and Pacific,Textile,waste_generation,kt,0.0018278365243967023,2022,EXIOBASE v3.8.2 IOT_2022_ixi with Danish sea-transport reallocation (Rørmose Jensen & Iliev 2022)
SVK,Slovakia,Europe,Waste management and disposal,blue_water_consumption,Mm3,0.0018172753754235318,2022,EXIOBASE v3.8.2 IOT_2022_ixi with Danish sea-transport reallocation (Rørmose Jensen & Iliev 2022)
NLD,Netherlands,Europe,Furniture and timber,material_extraction,kt,0.001816083888222119,2022,EXIOBASE v3.8.2 IOT_2022_ixi with Danish sea-transport reallocation (Rørmose Jensen & Iliev 2022)
GRC,Greece,Europe,Waste management and disposal,waste_generation,kt,0.001815068764823814,2022,EXIOBASE v3.8.2 IOT_2022_ixi with Danish sea-transport reallocation (Rørmose Jensen & Iliev 2022)
KOR,South Korea,Asia and Pacific,Transport Equipment,waste_generation,kt,0.001810396411779104,2022,EXIOBASE v3.8.2 IOT_2022_ixi with Danish sea-transport reallocation (Rørmose Jensen & Iliev 2022)
CYP,Cyprus,Middle East,Services,climate_change,kt CO2eq,0.0017887972787025957,2022,EXIOBASE v3.8.2 IOT_2022_ixi with Danish sea-transport reallocation (Rørmose Jensen & Iliev 2022)
RoW America,RoW America,America,"Steam, hot water supply and water distribution",material_extraction,kt,0.001784571301621608,2022,EXIOBASE v3.8.2 IOT_2022_ixi with Danish sea-transport reallocation (Rørmose Jensen & Iliev 2022)
NOR,Norway,Europe,Electricity,waste_generation,kt,0.0017792054140988581,2022,EXIOBASE v3.8.2 IOT_2022_ixi with Danish sea-transport reallocation (Rørmose Jensen & Iliev 2022)
IND,India,Asia and Pacific,Non-metallic mineral products,blue_water_consumption,Mm3,0.001778713075367133,2022,EXIOBASE v3.8.2 IOT_2022_ixi with Danish sea-transport reallocation (Rørmose Jensen & Iliev 2022)
MEX,Mexico,America,Textile,blue_water_consumption,Mm3,0.0017769231484267112,2022,EXIOBASE v3.8.2 IOT_2022_ixi with Danish sea-transport reallocation (Rørmose Jensen & Iliev 2022)
GRC,Greece,Europe,Construction,waste_generation,kt,0.001764538250757155,2022,EXIOBASE v3.8.2 IOT_2022_ixi with Danish sea-transport reallocation (Rørmose Jensen & Iliev 2022)
BRA,Brazil,America,Electricity,blue_water_consumption,Mm3,0.0017629962435765697,2022,EXIOBASE v3.8.2 IOT_2022_ixi with Danish sea-transport reallocation (Rørmose Jensen & Iliev 2022)
POL,Poland,Europe,Coal and Petroleum,blue_water_consumption,Mm3,0.0017408938302506693,2022,EXIOBASE v3.8.2 IOT_2022_ixi with Danish sea-transport reallocation (Rørmose Jensen & Iliev 2022)
NOR,Norway,Europe,"Electrical, electronic and measuring equipment",blue_water_consumption,Mm3,0.0017137892518164304,2022,EXIOBASE v3.8.2 IOT_2022_ixi with Danish sea-transport reallocation (Rørmose Jensen & Iliev 2022)
ROU,Romania,Europe,Textile,blue_water_consumption,Mm3,0.0017111301213581004,2022,EXIOBASE v3.8.2 IOT_2022_ixi with Danish sea-transport reallocation (Rørmose Jensen & Iliev 2022)
FRA,France,Europe,General and special Machinery,waste_generation,kt,0.0017039515732517573,2022,EXIOBASE v3.8.2 IOT_2022_ixi with Danish sea-transport reallocation (Rørmose Jensen & Iliev 2022)
ESP,Spain,Europe,Construction,blue_water_consumption,Mm3,0.0017029713051521333,2022,EXIOBASE v3.8.2 IOT_2022_ixi with Danish sea-transport reallocation (Rørmose Jensen & Iliev 2022)
USA,United States,America,Transport,waste_generation,kt,0.001689601716379715,2022,EXIOBASE v3.8.2 IOT_2022_ixi with Danish sea-transport reallocation (Rørmose Jensen & Iliev 2022)
BGR,Bulgaria,Europe,Non-metallic mineral products,blue_water_consumption,Mm3,0.0016800606484247253,2022,EXIOBASE v3.8.2 IOT_2022_ixi with Danish sea-transport reallocation (Rørmose Jensen & Iliev 2022)
LVA,Latvia,Europe,Textile,land_use,km2,0.0016688802672041865,2022,EXIOBASE v3.8.2 IOT_2022_ixi with Danish sea-transport reallocation (Rørmose Jensen & Iliev 2022)
IRL,Ireland,Europe,General and special Machinery,blue_water_consumption,Mm3,0.0016673971652493588,2022,EXIOBASE v3.8.2 IOT_2022_ixi with Danish sea-transport reallocation (Rørmose Jensen & Iliev 2022)
BEL,Belgium,Europe,Services,land_use,km2,0.0016654758869106,2022,EXIOBASE v3.8.2 IOT_2022_ixi with Danish sea-transport reallocation (Rørmose Jensen & Iliev 2022)
CHE,Switzerland,Europe,Construction,climate_change,kt CO2eq,0.001660558647663086,2022,EXIOBASE v3.8.2 IOT_2022_ixi with Danish sea-transport reallocation (Rørmose Jensen & Iliev 2022)
JPN,Japan,Asia and Pacific,Paper Products,waste_generation,kt,0.0016592811075242808,2022,EXIOBASE v3.8.2 IOT_2022_ixi with Danish sea-transport reallocation (Rørmose Jensen & Iliev 2022)
EST,Estonia,Europe,Food and catering,blue_water_consumption,Mm3,0.0016579631233719495,2022,EXIOBASE v3.8.2 IOT_2022_ixi with Danish sea-transport reallocation (Rørmose Jensen & Iliev 2022)
RoW Middle East,RoW Middle East,Middle East,Waste management and disposal,land_use,km2,0.0016576158887137036,2022,EXIOBASE v3.8.2 IOT_2022_ixi with Danish sea-transport reallocation (Rørmose Jensen & Iliev 2022)
RoW Europe,RoW Europe,Europe,Transport,blue_water_consumption,Mm3,0.0016543581330261067,2022,EXIOBASE v3.8.2 IOT_2022_ixi with Danish sea-transport reallocation (Rørmose Jensen & Iliev 2022)
EST,Estonia,Europe,Textile,waste_generation,kt,0.0016415072906125364,2022,EXIOBASE v3.8.2 IOT_2022_ixi with Danish sea-transport reallocation (Rørmose Jensen & Iliev 2022)
RoW Africa,RoW Africa,Africa,General and special Machinery,blue_water_consumption,Mm3,0.001622648988485762,2022,EXIOBASE v3.8.2 IOT_2022_ixi with Danish sea-transport reallocation (Rørmose Jensen & Iliev 2022)
RoW Africa,RoW Africa,Africa,Waste management and disposal,material_extraction,kt,0.0016192067767559757,2022,EXIOBASE v3.8.2 IOT_2022_ixi with Danish sea-transport reallocation (Rørmose Jensen & Iliev 2022)
HRV,Croatia,Europe,Food and catering,blue_water_consumption,Mm3,0.0015963210183670517,2022,EXIOBASE v3.8.2 IOT_2022_ixi with Danish sea-transport reallocation (Rørmose Jensen & Iliev 2022)
HUN,Hungary,Europe,"Steam, hot water supply and water distribution",material_extraction,kt,0.001593396559919713,2022,EXIOBASE v3.8.2 IOT_2022_ixi with Danish sea-transport reallocation (Rørmose Jensen & Iliev 2022)
BGR,Bulgaria,Europe,Furniture and timber,waste_generation,kt,0.0015931239482274864,2022,EXIOBASE v3.8.2 IOT_2022_ixi with Danish sea-transport reallocation (Rørmose Jensen & Iliev 2022)
RUS,Russia,Europe,Minerals and Metals,blue_water_consumption,Mm3,0.0015896614192761156,2022,EXIOBASE v3.8.2 IOT_2022_ixi with Danish sea-transport reallocation (Rørmose Jensen & Iliev 2022)
NLD,Netherlands,Europe,Textile,land_use,km2,0.001588522935231861,2022,EXIOBASE v3.8.2 IOT_2022_ixi with Danish sea-transport reallocation (Rørmose Jensen & Iliev 2022)
FRA,France,Europe,Textile,waste_generation,kt,0.001584319640555564,2022,EXIOBASE v3.8.2 IOT_2022_ixi with Danish sea-transport reallocation (Rørmose Jensen & Iliev 2022)
CHE,Switzerland,Europe,Construction,waste_generation,kt,0.001571685705312007,2022,EXIOBASE v3.8.2 IOT_2022_ixi with Danish sea-transport reallocation (Rørmose Jensen & Iliev 2022)
LUX,Luxembourg,Europe,Construction,climate_change,kt CO2eq,0.001571432191761207,2022,EXIOBASE v3.8.2 IOT_2022_ixi with Danish sea-transport reallocation (Rørmose Jensen & Iliev 2022)
CZE,Czech Republic,Europe,Natural gas and gaseous fuels,waste_generation,kt,0.0015703872816898697,2022,EXIOBASE v3.8.2 IOT_2022_ixi with Danish sea-transport reallocation (Rørmose Jensen & Iliev 2022)
MEX,Mexico,America,Chemical,land_use,km2,0.0015669078824865584,2022,EXIOBASE v3.8.2 IOT_2022_ixi with Danish sea-transport reallocation (Rørmose Jensen & Iliev 2022)
RoW Europe,RoW Europe,Europe,"Steam, hot water supply and water distribution",blue_water_consumption,Mm3,0.0015662119071104654,2022,EXIOBASE v3.8.2 IOT_2022_ixi with Danish sea-transport reallocation (Rørmose Jensen & Iliev 2022)
ZAF,South Africa,Africa,General and special Machinery,waste_generation,kt,0.001565290670648524,2022,EXIOBASE v3.8.2 IOT_2022_ixi with Danish sea-transport reallocation (Rørmose Jensen & Iliev 2022)
RoW Middle East,RoW Middle East,Middle East,Paper Products,land_use,km2,0.0015551996063737383,2022,EXIOBASE v3.8.2 IOT_2022_ixi with Danish sea-transport reallocation (Rørmose Jensen & Iliev 2022)
POL,Poland,Europe,"Electrical, electronic and measuring equipment",land_use,km2,0.0015357833163355005,2022,EXIOBASE v3.8.2 IOT_2022_ixi with Danish sea-transport reallocation (Rørmose Jensen & Iliev 2022)
IDN,Indonesia,Asia and Pacific,Metal Products,waste_generation,kt,0.0015346440017794413,2022,EXIOBASE v3.8.2 IOT_2022_ixi with Danish sea-transport reallocation (Rørmose Jensen & Iliev 2022)
BEL,Belgium,Europe,General and special Machinery,waste_generation,kt,0.0015346003580567677,2022,EXIOBASE v3.8.2 IOT_2022_ixi with Danish sea-transport reallocation (Rørmose Jensen & Iliev 2022)
PRT,Portugal,Europe,General and special Machinery,climate_change,kt CO2eq,0.001528030796669082,2022,EXIOBASE v3.8.2 IOT_2022_ixi with Danish sea-transport reallocation (Rørmose Jensen & Iliev 2022)
SWE,Sweden,Europe,Non-metallic mineral products,land_use,km2,0.0015273682155119812,2022,EXIOBASE v3.8.2 IOT_2022_ixi with Danish sea-transport reallocation (Rørmose Jensen & Iliev 2022)
CHE,Switzerland,Europe,Transport,waste_generation,kt,0.0015265077333054956,2022,EXIOBASE v3.8.2 IOT_2022_ixi with Danish sea-transport reallocation (Rørmose Jensen & Iliev 2022)
AUT,Austria,Europe,General and special Machinery,waste_generation,kt,0.0015246830433377297,2022,EXIOBASE v3.8.2 IOT_2022_ixi with Danish sea-transport reallocation (Rørmose Jensen & Iliev 2022)
USA,United States,America,General and special Machinery,blue_water_consumption,Mm3,0.0015180136696630864,2022,EXIOBASE v3.8.2 IOT_2022_ixi with Danish sea-transport reallocation (Rørmose Jensen & Iliev 2022)
RUS,Russia,Europe,Textile,waste_generation,kt,0.0015005122743664207,2022,EXIOBASE v3.8.2 IOT_2022_ixi with Danish sea-transport reallocation (Rørmose Jensen & Iliev 2022)
NOR,Norway,Europe,Services,blue_water_consumption,Mm3,0.0015004834950825827,2022,EXIOBASE v3.8.2 IOT_2022_ixi with Danish sea-transport reallocation (Rørmose Jensen & Iliev 2022)
HUN,Hungary,Europe,Paper Products,blue_water_consumption,Mm3,0.001499065307535503,2022,EXIOBASE v3.8.2 IOT_2022_ixi with Danish sea-transport reallocation (Rørmose Jensen & Iliev 2022)
RoW Asia and Pacific,RoW Asia and Pacific,Asia and Pacific,Natural gas and gaseous fuels,blue_water_consumption,Mm3,0.0014956614274972465,2022,EXIOBASE v3.8.2 IOT_2022_ixi with Danish sea-transport reallocation (Rørmose Jensen & Iliev 2022)
TUR,Turkey,Middle East,Metal Products,material_extraction,kt,0.0014917234001653686,2022,EXIOBASE v3.8.2 IOT_2022_ixi with Danish sea-transport reallocation (Rørmose Jensen & Iliev 2022)
LTU,Lithuania,Europe,Non-metallic mineral products,waste_generation,kt,0.0014900069224305632,2022,EXIOBASE v3.8.2 IOT_2022_ixi with Danish sea-transport reallocation (Rørmose Jensen & Iliev 2022)
LVA,Latvia,Europe,General and special Machinery,climate_change,kt CO2eq,0.0014818768274868005,2022,EXIOBASE v3.8.2 IOT_2022_ixi with Danish sea-transport reallocation (Rørmose Jensen & Iliev 2022)
IND,India,Asia and Pacific,Furniture and timber,material_extraction,kt,0.00147593987600129,2022,EXIOBASE v3.8.2 IOT_2022_ixi with Danish sea-transport reallocation (Rørmose Jensen & Iliev 2022)
GRC,Greece,Europe,Minerals and Metals,waste_generation,kt,0.0014677829240552426,2022,EXIOBASE v3.8.2 IOT_2022_ixi with Danish sea-transport reallocation (Rørmose Jensen & Iliev 2022)
AUT,Austria,Europe,Transport Equipment,waste_generation,kt,0.0014594855272856888,2022,EXIOBASE v3.8.2 IOT_2022_ixi with Danish sea-transport reallocation (Rørmose Jensen & Iliev 2022)
LUX,Luxembourg,Europe,Transport,waste_generation,kt,0.0014472671784866887,2022,EXIOBASE v3.8.2 IOT_2022_ixi with Danish sea-transport reallocation (Rørmose Jensen & Iliev 2022)
RoW Middle East,RoW Middle East,Middle East,Minerals and Metals,blue_water_consumption,Mm3,0.001446190953902064,2022,EXIOBASE v3.8.2 IOT_2022_ixi with Danish sea-transport reallocation (Rørmose Jensen & Iliev 2022)
RoW Europe,RoW Europe,Europe,Coal and Petroleum,blue_water_consumption,Mm3,0.0014448740900819092,2022,EXIOBASE v3.8.2 IOT_2022_ixi with Danish sea-transport reallocation (Rørmose Jensen & Iliev 2022)
BGR,Bulgaria,Europe,Electricity,land_use,km2,0.0014409519725687853,2022,EXIOBASE v3.8.2 IOT_2022_ixi with Danish sea-transport reallocation (Rørmose Jensen & Iliev 2022)
KOR,South Korea,Asia and Pacific,Non-metallic mineral products,waste_generation,kt,0.001440321259196762,2022,EXIOBASE v3.8.2 IOT_2022_ixi with Danish sea-transport reallocation (Rørmose Jensen & Iliev 2022)
CZE,Czech Republic,Europe,Natural gas and gaseous fuels,material_extraction,kt,0.001426734587895453,2022,EXIOBASE v3.8.2 IOT_2022_ixi with Danish sea-transport reallocation (Rørmose Jensen & Iliev 2022)
ZAF,South Africa,Africa,Metal Products,blue_water_consumption,Mm3,0.001423524507635567,2022,EXIOBASE v3.8.2 IOT_2022_ixi with Danish sea-transport reallocation (Rørmose Jensen & Iliev 2022)
CHE,Switzerland,Europe,Minerals and Metals,waste_generation,kt,0.0014196754079909462,2022,EXIOBASE v3.8.2 IOT_2022_ixi with Danish sea-transport reallocation (Rørmose Jensen & Iliev 2022)
MLT,Malta,Europe,Services,land_use,km2,0.0014143897374555617,2022,EXIOBASE v3.8.2 IOT_2022_ixi with Danish sea-transport reallocation (Rørmose Jensen & Iliev 2022)
ROU,Romania,Europe,Metal Products,blue_water_consumption,Mm3,0.0014101209389764014,2022,EXIOBASE v3.8.2 IOT_2022_ixi with Danish sea-transport reallocation (Rørmose Jensen & Iliev 2022)
RoW America,RoW America,America,Transport,blue_water_consumption,Mm3,0.001403783024000724,2022,EXIOBASE v3.8.2 IOT_2022_ixi with Danish sea-transport reallocation (Rørmose Jensen & Iliev 2022)
BRA,Brazil,America,Construction,waste_generation,kt,0.001400848537340373,2022,EXIOBASE v3.8.2 IOT_2022_ixi with Danish sea-transport reallocation (Rørmose Jensen & Iliev 2022)
RUS,Russia,Europe,"Steam, hot water supply and water distribution",material_extraction,kt,0.00139733021290909,2022,EXIOBASE v3.8.2 IOT_2022_ixi with Danish sea-transport reallocation (Rørmose Jensen & Iliev 2022)
KOR,South Korea,Asia and Pacific,Furniture and timber,waste_generation,kt,0.0013909043597111724,2022,EXIOBASE v3.8.2 IOT_2022_ixi with Danish sea-transport reallocation (Rørmose Jensen & Iliev 2022)
EST,Estonia,Europe,Electricity,blue_water_consumption,Mm3,0.0013871726946095753,2022,EXIOBASE v3.8.2 IOT_2022_ixi with Danish sea-transport reallocation (Rørmose Jensen & Iliev 2022)
ZAF,South Africa,Africa,Furniture and timber,waste_generation,kt,0.0013834830969545386,2022,EXIOBASE v3.8.2 IOT_2022_ixi with Danish sea-transport reallocation (Rørmose Jensen & Iliev 2022)
BGR,Bulgaria,Europe,Paper Products,land_use,km2,0.001378293029901628,2022,EXIOBASE v3.8.2 IOT_2022_ixi with Danish sea-transport reallocation (Rørmose Jensen & Iliev 2022)
ZAF,South Africa,Africa,Services,land_use,km2,0.001374708999987715,2022,EXIOBASE v3.8.2 IOT_2022_ixi with Danish sea-transport reallocation (Rørmose Jensen & Iliev 2022)
NOR,Norway,Europe,"Electrical, electronic and measuring equipment",material_extraction,kt,0.001358368723493983,2022,EXIOBASE v3.8.2 IOT_2022_ixi with Danish sea-transport reallocation (Rørmose Jensen & Iliev 2022)
KOR,South Korea,Asia and Pacific,Metal Products,blue_water_consumption,Mm3,0.0013477529975774241,2022,EXIOBASE v3.8.2 IOT_2022_ixi with Danish sea-transport reallocation (Rørmose Jensen & Iliev 2022)
SWE,Sweden,Europe,Transport Equipment,waste_generation,kt,0.0013459437682834948,2022,EXIOBASE v3.8.2 IOT_2022_ixi with Danish sea-transport reallocation (Rørmose Jensen & Iliev 2022)
MEX,Mexico,America,Chemical,blue_water_consumption,Mm3,0.0013394370049304423,2022,EXIOBASE v3.8.2 IOT_2022_ixi with Danish sea-transport reallocation (Rørmose Jensen & Iliev 2022)
IDN,Indonesia,Asia and Pacific,General and special Machinery,climate_change,kt CO2eq,0.00133352956686489,2022,EXIOBASE v3.8.2 IOT_2022_ixi with Danish sea-transport reallocation (Rørmose Jensen & Iliev 2022)
KOR,South Korea,Asia and Pacific,Textile,waste_generation,kt,0.0013296506954503023,2022,EXIOBASE v3.8.2 IOT_2022_ixi with Danish sea-transport reallocation (Rørmose Jensen & Iliev 2022)
LVA,Latvia,Europe,"Electrical, electronic and measuring equipment",climate_change,kt CO2eq,0.0013189005968381074,2022,EXIOBASE v3.8.2 IOT_2022_ixi with Danish sea-transport reallocation (Rørmose Jensen & Iliev 2022)
NOR,Norway,Europe,Transport,blue_water_consumption,Mm3,0.0013153099035118291,2022,EXIOBASE v3.8.2 IOT_2022_ixi with Danish sea-transport reallocation (Rørmose Jensen & Iliev 2022)
LVA,Latvia,Europe,Electricity,waste_generation,kt,0.0013120389501223451,2022,EXIOBASE v3.8.2 IOT_2022_ixi with Danish sea-transport reallocation (Rørmose Jensen & Iliev 2022)
RoW America,RoW America,America,Paper Products,blue_water_consumption,Mm3,0.001307117245791692,2022,EXIOBASE v3.8.2 IOT_2022_ixi with Danish sea-transport reallocation (Rørmose Jensen & Iliev 2022)
GBR,United Kingdom,Europe,Furniture and timber,blue_water_consumption,Mm3,0.0012985563599529181,2022,EXIOBASE v3.8.2 IOT_2022_ixi with Danish sea-transport reallocation (Rørmose Jensen & Iliev 2022)
IRL,Ireland,Europe,"Steam, hot water supply and water distribution",climate_change,kt CO2eq,0.001297459878621189,2022,EXIOBASE v3.8.2 IOT_2022_ixi with Danish sea-transport reallocation (Rørmose Jensen & Iliev 2022)
BGR,Bulgaria,Europe,General and special Machinery,waste_generation,kt,0.0012923367708553065,2022,EXIOBASE v3.8.2 IOT_2022_ixi with Danish sea-transport reallocation (Rørmose Jensen & Iliev 2022)
IRL,Ireland,Europe,Furniture and timber,waste_generation,kt,0.0012871222347994274,2022,EXIOBASE v3.8.2 IOT_2022_ixi with Danish sea-transport reallocation (Rørmose Jensen & Iliev 2022)
CZE,Czech Republic,Europe,Metal Products,land_use,km2,0.00128092553757457,2022,EXIOBASE v3.8.2 IOT_2022_ixi with Danish sea-transport reallocation (Rørmose Jensen & Iliev 2022)
BRA,Brazil,America,Construction,climate_change,kt CO2eq,0.001279332056756841,2022,EXIOBASE v3.8.2 IOT_2022_ixi with Danish sea-transport reallocation (Rørmose Jensen & Iliev 2022)
RoW America,RoW America,America,Natural gas and gaseous fuels,waste_generation,kt,0.0012584961337270772,2022,EXIOBASE v3.8.2 IOT_2022_ixi with Danish sea-transport reallocation (Rørmose Jensen & Iliev 2022)
CZE,Czech Republic,Europe,Metal Products,blue_water_consumption,Mm3,0.0012574873108270397,2022,EXIOBASE v3.8.2 IOT_2022_ixi with Danish sea-transport reallocation (Rørmose Jensen & Iliev 2022)
NOR,Norway,Europe,Construction,waste_generation,kt,0.001250249473440844,2022,EXIOBASE v3.8.2 IOT_2022_ixi with Danish sea-transport reallocation (Rørmose Jensen & Iliev 2022)
CZE,Czech Republic,Europe,Services,blue_water_consumption,Mm3,0.0012483094076349989,2022,EXIOBASE v3.8.2 IOT_2022_ixi with Danish sea-transport reallocation (Rørmose Jensen & Iliev 2022)
IDN,Indonesia,Asia and Pacific,Transport Equipment,waste_generation,kt,0.001243309192938966,2022,EXIOBASE v3.8.2 IOT_2022_ixi with Danish sea-transport reallocation (Rørmose Jensen & Iliev 2022)
HUN,Hungary,Europe,Food and catering,material_extraction,kt,0.001229649235605431,2022,EXIOBASE v3.8.2 IOT_2022_ixi with Danish sea-transport reallocation (Rørmose Jensen & Iliev 2022)
KOR,South Korea,Asia and Pacific,Construction,waste_generation,kt,0.001225780468800443,2022,EXIOBASE v3.8.2 IOT_2022_ixi with Danish sea-transport reallocation (Rørmose Jensen & Iliev 2022)
ESP,Spain,Europe,General and special Machinery,waste_generation,kt,0.0012212061311844395,2022,EXIOBASE v3.8.2 IOT_2022_ixi with Danish sea-transport reallocation (Rørmose Jensen & Iliev 2022)
FRA,France,Europe,Transport Equipment,waste_generation,kt,0.0012182755561992201,2022,EXIOBASE v3.8.2 IOT_2022_ixi with Danish sea-transport reallocation (Rørmose Jensen & Iliev 2022)
RoW America,RoW America,America,General and special Machinery,waste_generation,kt,0.001216999460225592,2022,EXIOBASE v3.8.2 IOT_2022_ixi with Danish sea-transport reallocation (Rørmose Jensen & Iliev 2022)
RoW Europe,RoW Europe,Europe,Natural gas and gaseous fuels,blue_water_consumption,Mm3,0.0012118794500217973,2022,EXIOBASE v3.8.2 IOT_2022_ixi with Danish sea-transport reallocation (Rørmose Jensen & Iliev 2022)
HUN,Hungary,Europe,Metal Products,blue_water_consumption,Mm3,0.0012118653622658709,2022,EXIOBASE v3.8.2 IOT_2022_ixi with Danish sea-transport reallocation (Rørmose Jensen & Iliev 2022)
LUX,Luxembourg,Europe,Paper Products,climate_change,kt CO2eq,0.0012045118617402574,2022,EXIOBASE v3.8.2 IOT_2022_ixi with Danish sea-transport reallocation (Rørmose Jensen & Iliev 2022)
TWN,Taiwan,Asia and Pacific,"Steam, hot water supply and water distribution",climate_change,kt CO2eq,0.001195272049702143,2022,EXIOBASE v3.8.2 IOT_2022_ixi with Danish sea-transport reallocation (Rørmose Jensen & Iliev 2022)
SVN,Slovenia,Europe,Furniture and timber,waste_generation,kt,0.0011880494673105156,2022,EXIOBASE v3.8.2 IOT_2022_ixi with Danish sea-transport reallocation (Rørmose Jensen & Iliev 2022)
AUS,Australia,Asia and Pacific,Non-metallic mineral products,waste_generation,kt,0.0011870254219548627,2022,EXIOBASE v3.8.2 IOT_2022_ixi with Danish sea-transport reallocation (Rørmose Jensen & Iliev 2022)
IDN,Indonesia,Asia and Pacific,Electricity,blue_water_consumption,Mm3,0.0011854488471772008,2022,EXIOBASE v3.8.2 IOT_2022_ixi with Danish sea-transport reallocation (Rørmose Jensen & Iliev 2022)
ZAF,South Africa,Africa,Textile,blue_water_consumption,Mm3,0.001183713345545914,2022,EXIOBASE v3.8.2 IOT_2022_ixi with Danish sea-transport reallocation (Rørmose Jensen & Iliev 2022)
ZAF,South Africa,Africa,Construction,waste_generation,kt,0.00118224796630444,2022,EXIOBASE v3.8.2 IOT_2022_ixi with Danish sea-transport reallocation (Rørmose Jensen & Iliev 2022)
MLT,Malta,Europe,Food and catering,blue_water_consumption,Mm3,0.0011786853165747999,2022,EXIOBASE v3.8.2 IOT_2022_ixi with Danish sea-transport reallocation (Rørmose Jensen & Iliev 2022)
ESP,Spain,Europe,Metal Products,blue_water_consumption,Mm3,0.0011735507303068694,2022,EXIOBASE v3.8.2 IOT_2022_ixi with Danish sea-transport reallocation (Rørmose Jensen & Iliev 2022)
GRC,Greece,Europe,General and special Machinery,climate_change,kt CO2eq,0.0011721316775596465,2022,EXIOBASE v3.8.2 IOT_2022_ixi with Danish sea-transport reallocation (Rørmose Jensen & Iliev 2022)
HUN,Hungary,Europe,Minerals and Metals,waste_generation,kt,0.0011701615072333119,2022,EXIOBASE v3.8.2 IOT_2022_ixi with Danish sea-transport reallocation (Rørmose Jensen & Iliev 2022)
ZAF,South Africa,Africa,"Electrical, electronic and measuring equipment",waste_generation,kt,0.0011675190620396526,2022,EXIOBASE v3.8.2 IOT_2022_ixi with Danish sea-transport reallocation (Rørmose Jensen & Iliev 2022)
AUT,Austria,Europe,Natural gas and gaseous fuels,waste_generation,kt,0.0011642203591109973,2022,EXIOBASE v3.8.2 IOT_2022_ixi with Danish sea-transport reallocation (Rørmose Jensen & Iliev 2022)
AUS,Australia,Asia and Pacific,Furniture and timber,waste_generation,kt,0.0011623878779157373,2022,EXIOBASE v3.8.2 IOT_2022_ixi with Danish sea-transport reallocation (Rørmose Jensen & Iliev 2022)
DEU,Germany,Europe,Transport,waste_generation,kt,0.0011452069415350539,2022,EXIOBASE v3.8.2 IOT_2022_ixi with Danish sea-transport reallocation (Rørmose Jensen & Iliev 2022)
CZE,Czech Republic,Europe,Textile,blue_water_consumption,Mm3,0.0011417454499960634,2022,EXIOBASE v3.8.2 IOT_2022_ixi with Danish sea-transport reallocation (Rørmose Jensen & Iliev 2022)
HUN,Hungary,Europe,Paper Products,waste_generation,kt,0.0011386088494759745,2022,EXIOBASE v3.8.2 IOT_2022_ixi with Danish sea-transport reallocation (Rørmose Jensen & Iliev 2022)
ESP,Spain,Europe,Transport Equipment,waste_generation,kt,0.0011381283265778763,2022,EXIOBASE v3.8.2 IOT_2022_ixi with Danish sea-transport reallocation (Rørmose Jensen & Iliev 2022)
MEX,Mexico,America,Furniture and timber,blue_water_consumption,Mm3,0.0011306893880733992,2022,EXIOBASE v3.8.2 IOT_2022_ixi with Danish sea-transport reallocation (Rørmose Jensen & Iliev 2022)
LUX,Luxembourg,Europe,Construction,waste_generation,kt,0.001127053263095103,2022,EXIOBASE v3.8.2 IOT_2022_ixi with Danish sea-transport reallocation (Rørmose Jensen & Iliev 2022)
GRC,Greece,Europe,Furniture and timber,waste_generation,kt,0.001122009058892985,2022,EXIOBASE v3.8.2 IOT_2022_ixi with Danish sea-transport reallocation (Rørmose Jensen & Iliev 2022)
BGR,Bulgaria,Europe,Paper Products,blue_water_consumption,Mm3,0.0011202962862837873,2022,EXIOBASE v3.8.2 IOT_2022_ixi with Danish sea-transport reallocation (Rørmose Jensen & Iliev 2022)
IDN,Indonesia,Asia and Pacific,Coal and Petroleum,waste_generation,kt,0.001116493404666321,2022,EXIOBASE v3.8.2 IOT_2022_ixi with Danish sea-transport reallocation (Rørmose Jensen & Iliev 2022)
FRA,France,Europe,Non-metallic mineral products,blue_water_consumption,Mm3,0.0011140372593331767,2022,EXIOBASE v3.8.2 IOT_2022_ixi with Danish sea-transport reallocation (Rørmose Jensen & Iliev 2022)
MEX,Mexico,America,Furniture and timber,waste_generation,kt,0.001111815543117409,2022,EXIOBASE v3.8.2 IOT_2022_ixi with Danish sea-transport reallocation (Rørmose Jensen & Iliev 2022)
ESP,Spain,Europe,Transport,blue_water_consumption,Mm3,0.0011102433729404655,2022,EXIOBASE v3.8.2 IOT_2022_ixi with Danish sea-transport reallocation (Rørmose Jensen & Iliev 2022)
RUS,Russia,Europe,Textile,blue_water_consumption,Mm3,0.0011052669104660115,2022,EXIOBASE v3.8.2 IOT_2022_ixi with Danish sea-transport reallocation (Rørmose Jensen & Iliev 2022)
GBR,United Kingdom,Europe,Textile,blue_water_consumption,Mm3,0.001105070100805979,2022,EXIOBASE v3.8.2 IOT_2022_ixi with Danish sea-transport reallocation (Rørmose Jensen & Iliev 2022)
TWN,Taiwan,Asia and Pacific,Construction,climate_change,kt CO2eq,0.001104313221898219,2022,EXIOBASE v3.8.2 IOT_2022_ixi with Danish sea-transport reallocation (Rørmose Jensen & Iliev 2022)
SWE,Sweden,Europe,Non-metallic mineral products,blue_water_consumption,Mm3,0.0010920234780298107,2022,EXIOBASE v3.8.2 IOT_2022_ixi with Danish sea-transport reallocation (Rørmose Jensen & Iliev 2022)
LTU,Lithuania,Europe,"Steam, hot water supply and water distribution",waste_generation,kt,0.001086319741494931,2022,EXIOBASE v3.8.2 IOT_2022_ixi with Danish sea-transport reallocation (Rørmose Jensen & Iliev 2022)
POL,Poland,Europe,Minerals and Metals,blue_water_consumption,Mm3,0.001076808767760794,2022,EXIOBASE v3.8.2 IOT_2022_ixi with Danish sea-transport reallocation (Rørmose Jensen & Iliev 2022)
CZE,Czech Republic,Europe,Transport Equipment,waste_generation,kt,0.0010713571178270016,2022,EXIOBASE v3.8.2 IOT_2022_ixi with Danish sea-transport reallocation (Rørmose Jensen & Iliev 2022)
RUS,Russia,Europe,Transport,blue_water_consumption,Mm3,0.0010701338421162478,2022,EXIOBASE v3.8.2 IOT_2022_ixi with Danish sea-transport reallocation (Rørmose Jensen & Iliev 2022)
HUN,Hungary,Europe,"Electrical, electronic and measuring equipment",material_extraction,kt,0.0010675902606874735,2022,EXIOBASE v3.8.2 IOT_2022_ixi with Danish sea-transport reallocation (Rørmose Jensen & Iliev 2022)
CAN,Canada,America,Furniture and timber,material_extraction,kt,0.001066428202480774,2022,EXIOBASE v3.8.2 IOT_2022_ixi with Danish sea-transport reallocation (Rørmose Jensen & Iliev 2022)
MEX,Mexico,America,General and special Machinery,waste_generation,kt,0.0010655146559167214,2022,EXIOBASE v3.8.2 IOT_2022_ixi with Danish sea-transport reallocation (Rørmose Jensen & Iliev 2022)
HUN,Hungary,Europe,Electricity,material_extraction,kt,0.0010611499763694932,2022,EXIOBASE v3.8.2 IOT_2022_ixi with Danish sea-transport reallocation (Rørmose Jensen & Iliev 2022)
ITA,Italy,Europe,Natural gas and gaseous fuels,waste_generation,kt,0.0010550084741948345,2022,EXIOBASE v3.8.2 IOT_2022_ixi with Danish sea-transport reallocation (Rørmose Jensen & Iliev 2022)
SVN,Slovenia,Europe,Non-metallic mineral products,waste_generation,kt,0.0010517790320761363,2022,EXIOBASE v3.8.2 IOT_2022_ixi with Danish sea-transport reallocation (Rørmose Jensen & Iliev 2022)
IRL,Ireland,Europe,Metal Products,waste_generation,kt,0.0010422244989969948,2022,EXIOBASE v3.8.2 IOT_2022_ixi with Danish sea-transport reallocation (Rørmose Jensen & Iliev 2022)
RoW Europe,RoW Europe,Europe,Furniture and timber,blue_water_consumption,Mm3,0.0010182461455712703,2022,EXIOBASE v3.8.2 IOT_2022_ixi with Danish sea-transport reallocation (Rørmose Jensen & Iliev 2022)
IRL,Ireland,Europe,Non-metallic mineral products,blue_water_consumption,Mm3,0.0010118629214464752,2022,EXIOBASE v3.8.2 IOT_2022_ixi with Danish sea-transport reallocation (Rørmose Jensen & Iliev 2022)
FIN,Finland,Europe,Electricity,blue_water_consumption,Mm3,0.001001567925533918,2022,EXIOBASE v3.8.2 IOT_2022_ixi with Danish sea-transport reallocation (Rørmose Jensen & Iliev 2022)
TUR,Turkey,Middle East,Services,blue_water_consumption,Mm3,0.0009980340550285256,2022,EXIOBASE v3.8.2 IOT_2022_ixi with Danish sea-transport reallocation (Rørmose Jensen & Iliev 2022)
CHE,Switzerland,Europe,Services,material_extraction,kt,0.0009965645750896308,2022,EXIOBASE v3.8.2 IOT_2022_ixi with Danish sea-transport reallocation (Rørmose Jensen & Iliev 2022)
HRV,Croatia,Europe,Metal Products,blue_water_consumption,Mm3,0.000987549903051419,2022,EXIOBASE v3.8.2 IOT_2022_ixi with Danish sea-transport reallocation (Rørmose Jensen & Iliev 2022)
BRA,Brazil,America,Coal and Petroleum,waste_generation,kt,0.0009842530308748613,2022,EXIOBASE v3.8.2 IOT_2022_ixi with Danish sea-transport reallocation (Rørmose Jensen & Iliev 2022)
EST,Estonia,Europe,Transport Equipment,climate_change,kt CO2eq,0.0009744660441887606,2022,EXIOBASE v3.8.2 IOT_2022_ixi with Danish sea-transport reallocation (Rørmose Jensen & Iliev 2022)
PRT,Portugal,Europe,Construction,waste_generation,kt,0.0009692844894362482,2022,EXIOBASE v3.8.2 IOT_2022_ixi with Danish sea-transport reallocation (Rørmose Jensen & Iliev 2022)
SVK,Slovakia,Europe,Textile,waste_generation,kt,0.0009667425684901379,2022,EXIOBASE v3.8.2 IOT_2022_ixi with Danish sea-transport reallocation (Rørmose Jensen & Iliev 2022)
TUR,Turkey,Middle East,Construction,waste_generation,kt,0.0009591779569281854,2022,EXIOBASE v3.8.2 IOT_2022_ixi with Danish sea-transport reallocation (Rørmose Jensen & Iliev 2022)
DEU,Germany,Europe,"Steam, hot water supply and water distribution",blue_water_consumption,Mm3,0.0009545524363370947,2022,EXIOBASE v3.8.2 IOT_2022_ixi with Danish sea-transport reallocation (Rørmose Jensen & Iliev 2022)
NOR,Norway,Europe,Natural gas and gaseous fuels,blue_water_consumption,Mm3,0.0009532212407656543,2022,EXIOBASE v3.8.2 IOT_2022_ixi with Danish sea-transport reallocation (Rørmose Jensen & Iliev 2022)
HUN,Hungary,Europe,"Electrical, electronic and measuring equipment",blue_water_consumption,Mm3,0.0009526224892397427,2022,EXIOBASE v3.8.2 IOT_2022_ixi with Danish sea-transport reallocation (Rørmose Jensen & Iliev 2022)
CZE,Czech Republic,Europe,"Electrical, electronic and measuring equipment",land_use,km2,0.0009505298355010684,2022,EXIOBASE v3.8.2 IOT_2022_ixi with Danish sea-transport reallocation (Rørmose Jensen & Iliev 2022)
ROU,Romania,Europe,General and special Machinery,waste_generation,kt,0.0009445175012472031,2022,EXIOBASE v3.8.2 IOT_2022_ixi with Danish sea-transport reallocation (Rørmose Jensen & Iliev 2022)
HUN,Hungary,Europe,General and special Machinery,blue_water_consumption,Mm3,0.0009443214080166742,2022,EXIOBASE v3.8.2 IOT_2022_ixi with Danish sea-transport reallocation (Rørmose Jensen & Iliev 2022)
JPN,Japan,Asia and Pacific,General and special Machinery,waste_generation,kt,0.0009401754067363104,2022,EXIOBASE v3.8.2 IOT_2022_ixi with Danish sea-transport reallocation (Rørmose Jensen & Iliev 2022)
TWN,Taiwan,Asia and Pacific,Paper Products,blue_water_consumption,Mm3,0.0009260232994881531,2022,EXIOBASE v3.8.2 IOT_2022_ixi with Danish sea-transport reallocation (Rørmose Jensen & Iliev 2022)
PRT,Portugal,Europe,Transport,waste_generation,kt,0.000924382951916226,2022,EXIOBASE v3.8.2 IOT_2022_ixi with Danish sea-transport reallocation (Rørmose Jensen & Iliev 2022)
ESP,Spain,Europe,Transport,waste_generation,kt,0.0009230735666740527,2022,EXIOBASE v3.8.2 IOT_2022_ixi with Danish sea-transport reallocation (Rørmose Jensen & Iliev 2022)
MEX,Mexico,America,"Electrical, electronic and measuring equipment",land_use,km2,0.0009190490546842112,2022,EXIOBASE v3.8.2 IOT_2022_ixi with Danish sea-transport reallocation (Rørmose Jensen & Iliev 2022)
BGR,Bulgaria,Europe,Transport Equipment,waste_generation,kt,0.000916028348604281,2022,EXIOBASE v3.8.2 IOT_2022_ixi with Danish sea-transport reallocation (Rørmose Jensen & Iliev 2022)
TWN,Taiwan,Asia and Pacific,Transport Equipment,blue_water_consumption,Mm3,0.0009148298227666639,2022,EXIOBASE v3.8.2 IOT_2022_ixi with Danish sea-transport reallocation (Rørmose Jensen & Iliev 2022)
PRT,Portugal,Europe,Transport Equipment,climate_change,kt CO2eq,0.0009136229093031021,2022,EXIOBASE v3.8.2 IOT_2022_ixi with Danish sea-transport reallocation (Rørmose Jensen & Iliev 2022)
AUT,Austria,Europe,"Steam, hot water supply and water distribution",material_extraction,kt,0.0009130258277237124,2022,EXIOBASE v3.8.2 IOT_2022_ixi with Danish sea-transport reallocation (Rørmose Jensen & Iliev 2022)
LUX,Luxembourg,Europe,"Electrical, electronic and measuring equipment",climate_change,kt CO2eq,0.0009115259666357656,2022,EXIOBASE v3.8.2 IOT_2022_ixi with Danish sea-transport reallocation (Rørmose Jensen & Iliev 2022)
RoW Africa,RoW Africa,Africa,Electricity,blue_water_consumption,Mm3,0.0009044654282882228,2022,EXIOBASE v3.8.2 IOT_2022_ixi with Danish sea-transport reallocation (Rørmose Jensen & Iliev 2022)
HUN,Hungary,Europe,Transport Equipment,waste_generation,kt,0.0008935932361992137,2022,EXIOBASE v3.8.2 IOT_2022_ixi with Danish sea-transport reallocation (Rørmose Jensen & Iliev 2022)
BGR,Bulgaria,Europe,Textile,waste_generation,kt,0.000892646437195834,2022,EXIOBASE v3.8.2 IOT_2022_ixi with Danish sea-transport reallocation (Rørmose Jensen & Iliev 2022)
IND,India,Asia and Pacific,Minerals and Metals,waste_generation,kt,0.0008742149078110414,2022,EXIOBASE v3.8.2 IOT_2022_ixi with Danish sea-transport reallocation (Rørmose Jensen & Iliev 2022)
IND,India,Asia and Pacific,Transport Equipment,blue_water_consumption,Mm3,0.0008710934523926612,2022,EXIOBASE v3.8.2 IOT_2022_ixi with Danish sea-transport reallocation (Rørmose Jensen & Iliev 2022)
BRA,Brazil,America,Coal and Petroleum,material_extraction,kt,0.0008675619371331955,2022,EXIOBASE v3.8.2 IOT_2022_ixi with Danish sea-transport reallocation (Rørmose Jensen & Iliev 2022)
KOR,South Korea,Asia and Pacific,"Electrical, electronic and measuring equipment",blue_water_consumption,Mm3,0.0008654616648910839,2022,EXIOBASE v3.8.2 IOT_2022_ixi with Danish sea-transport reallocation (Rørmose Jensen & Iliev 2022)
MEX,Mexico,America,Furniture and timber,land_use,km2,0.0008594728380753584,2022,EXIOBASE v3.8.2 IOT_2022_ixi with Danish sea-transport reallocation (Rørmose Jensen & Iliev 2022)
CHE,Switzerland,Europe,Transport Equipment,climate_change,kt CO2eq,0.0008536657384455647,2022,EXIOBASE v3.8.2 IOT_2022_ixi with Danish sea-transport reallocation (Rørmose Jensen & Iliev 2022)
PRT,Portugal,Europe,Construction,material_extraction,kt,0.0008521508606873194,2022,EXIOBASE v3.8.2 IOT_2022_ixi with Danish sea-transport reallocation (Rørmose Jensen & Iliev 2022)
AUT,Austria,Europe,Textile,waste_generation,kt,0.0008472281447500674,2022,EXIOBASE v3.8.2 IOT_2022_ixi with Danish sea-transport reallocation (Rørmose Jensen & Iliev 2022)
USA,United States,America,Furniture and timber,blue_water_consumption,Mm3,0.000840380529627224,2022,EXIOBASE v3.8.2 IOT_2022_ixi with Danish sea-transport reallocation (Rørmose Jensen & Iliev 2022)
IRL,Ireland,Europe,Construction,climate_change,kt CO2eq,0.0008333498254087275,2022,EXIOBASE v3.8.2 IOT_2022_ixi with Danish sea-transport reallocation (Rørmose Jensen & Iliev 2022)
SVN,Slovenia,Europe,General and special Machinery,waste_generation,kt,0.0008263754607047741,2022,EXIOBASE v3.8.2 IOT_2022_ixi with Danish sea-transport reallocation (Rørmose Jensen & Iliev 2022)
RoW Asia and Pacific,RoW Asia and Pacific,Asia and Pacific,Transport Equipment,blue_water_consumption,Mm3,0.0008261082385013248,2022,EXIOBASE v3.8.2 IOT_2022_ixi with Danish sea-transport reallocation (Rørmose Jensen & Iliev 2022)
SVK,Slovakia,Europe,Textile,blue_water_consumption,Mm3,0.0008251294631545197,2022,EXIOBASE v3.8.2 IOT_2022_ixi with Danish sea-transport reallocation (Rørmose Jensen & Iliev 2022)
DEU,Germany,Europe,Non-metallic mineral products,blue_water_consumption,Mm3,0.0008214877190962378,2022,EXIOBASE v3.8.2 IOT_2022_ixi with Danish sea-transport reallocation (Rørmose Jensen & Iliev 2022)
MEX,Mexico,America,Transport Equipment,waste_generation,kt,0.000813087552408593,2022,EXIOBASE v3.8.2 IOT_2022_ixi with Danish sea-transport reallocation (Rørmose Jensen & Iliev 2022)
CAN,Canada,America,"Steam, hot water supply and water distribution",waste_generation,kt,0.0008086636250049018,2022,EXIOBASE v3.8.2 IOT_2022_ixi with Danish sea-transport reallocation (Rørmose Jensen & Iliev 2022)
BEL,Belgium,Europe,Transport Equipment,waste_generation,kt,0.0008051075541146756,2022,EXIOBASE v3.8.2 IOT_2022_ixi with Danish sea-transport reallocation (Rørmose Jensen & Iliev 2022)
AUS,Australia,Asia and Pacific,"Electrical, electronic and measuring equipment",waste_generation,kt,0.000803491838203171,2022,EXIOBASE v3.8.2 IOT_2022_ixi with Danish sea-transport reallocation (Rørmose Jensen & Iliev 2022)
GRC,Greece,Europe,"Electrical, electronic and measuring equipment",waste_generation,kt,0.0007942276958721633,2022,EXIOBASE v3.8.2 IOT_2022_ixi with Danish sea-transport reallocation (Rørmose Jensen & Iliev 2022)
TWN,Taiwan,Asia and Pacific,Non-metallic mineral products,blue_water_consumption,Mm3,0.0007904120527853111,2022,EXIOBASE v3.8.2 IOT_2022_ixi with Danish sea-transport reallocation (Rørmose Jensen & Iliev 2022)
USA,United States,America,Coal and Petroleum,blue_water_consumption,Mm3,0.0007892085328094122,2022,EXIOBASE v3.8.2 IOT_2022_ixi with Danish sea-transport reallocation (Rørmose Jensen & Iliev 2022)
TWN,Taiwan,Asia and Pacific,Food and catering,blue_water_consumption,Mm3,0.0007884274268735176,2022,EXIOBASE v3.8.2 IOT_2022_ixi with Danish sea-transport reallocation (Rørmose Jensen & Iliev 2022)
NOR,Norway,Europe,Natural gas and gaseous fuels,waste_generation,kt,0.0007843632349385679,2022,EXIOBASE v3.8.2 IOT_2022_ixi with Danish sea-transport reallocation (Rørmose Jensen & Iliev 2022)
EST,Estonia,Europe,Construction,land_use,km2,0.0007841695575191423,2022,EXIOBASE v3.8.2 IOT_2022_ixi with Danish sea-transport reallocation (Rørmose Jensen & Iliev 2022)
IDN,Indonesia,Asia and Pacific,Non-metallic mineral products,waste_generation,kt,0.0007764130071088548,2022,EXIOBASE v3.8.2 IOT_2022_ixi with Danish sea-transport reallocation (Rørmose Jensen & Iliev 2022)
AUS,Australia,Asia and Pacific,General and special Machinery,waste_generation,kt,0.000773770476375291,2022,EXIOBASE v3.8.2 IOT_2022_ixi with Danish sea-transport reallocation (Rørmose Jensen & Iliev 2022)
TUR,Turkey,Middle East,Furniture and timber,material_extraction,kt,0.0007632990800618046,2022,EXIOBASE v3.8.2 IOT_2022_ixi with Danish sea-transport reallocation (Rørmose Jensen & Iliev 2022)
ROU,Romania,Europe,Transport,waste_generation,kt,0.0007597323837010946,2022,EXIOBASE v3.8.2 IOT_2022_ixi with Danish sea-transport reallocation (Rørmose Jensen & Iliev 2022)
LVA,Latvia,Europe,Metal Products,blue_water_consumption,Mm3,0.0007532177951108895,2022,EXIOBASE v3.8.2 IOT_2022_ixi with Danish sea-transport reallocation (Rørmose Jensen & Iliev 2022)
PRT,Portugal,Europe,Electricity,blue_water_consumption,Mm3,0.0007429587215406372,2022,EXIOBASE v3.8.2 IOT_2022_ixi with Danish sea-transport reallocation (Rørmose Jensen & Iliev 2022)
NLD,Netherlands,Europe,Coal and Petroleum,blue_water_consumption,Mm3,0.0007325574784286593,2022,EXIOBASE v3.8.2 IOT_2022_ixi with Danish sea-transport reallocation (Rørmose Jensen & Iliev 2022)
RoW Europe,RoW Europe,Europe,Minerals and Metals,blue_water_consumption,Mm3,0.0007309132468615745,2022,EXIOBASE v3.8.2 IOT_2022_ixi with Danish sea-transport reallocation (Rørmose Jensen & Iliev 2022)
SWE,Sweden,Europe,Minerals and Metals,waste_generation,kt,0.0007301432545439708,2022,EXIOBASE v3.8.2 IOT_2022_ixi with Danish sea-transport reallocation (Rørmose Jensen & Iliev 2022)
ESP,Spain,Europe,Minerals and Metals,waste_generation,kt,0.0007295076696767046,2022,EXIOBASE v3.8.2 IOT_2022_ixi with Danish sea-transport reallocation (Rørmose Jensen & Iliev 2022)
IDN,Indonesia,Asia and Pacific,General and special Machinery,waste_generation,kt,0.0007284420082771791,2022,EXIOBASE v3.8.2 IOT_2022_ixi with Danish sea-transport reallocation (Rørmose Jensen & Iliev 2022)
RUS,Russia,Europe,"Electrical, electronic and measuring equipment",waste_generation,kt,0.0007254933127156477,2022,EXIOBASE v3.8.2 IOT_2022_ixi with Danish sea-transport reallocation (Rørmose Jensen & Iliev 2022)
HUN,Hungary,Europe,Construction,material_extraction,kt,0.0007182460788804539,2022,EXIOBASE v3.8.2 IOT_2022_ixi with Danish sea-transport reallocation (Rørmose Jensen & Iliev 2022)
LVA,Latvia,Europe,Waste management and disposal,blue_water_consumption,Mm3,0.0007171690766288222,2022,EXIOBASE v3.8.2 IOT_2022_ixi with Danish sea-transport reallocation (Rørmose Jensen & Iliev 2022)
PRT,Portugal,Europe,"Electrical, electronic and measuring equipment",waste_generation,kt,0.0007140475425407317,2022,EXIOBASE v3.8.2 IOT_2022_ixi with Danish sea-transport reallocation (Rørmose Jensen & Iliev 2022)
SVN,Slovenia,Europe,Textile,waste_generation,kt,0.0007136878771403216,2022,EXIOBASE v3.8.2 IOT_2022_ixi with Danish sea-transport reallocation (Rørmose Jensen & Iliev 2022)
JPN,Japan,Asia and Pacific,Furniture and timber,waste_generation,kt,0.0007081093688321779,2022,EXIOBASE v3.8.2 IOT_2022_ixi with Danish sea-transport reallocation (Rørmose Jensen & Iliev 2022)
LVA,Latvia,Europe,Textile,blue_water_consumption,Mm3,0.0007050557602819367,2022,EXIOBASE v3.8.2 IOT_2022_ixi with Danish sea-transport reallocation (Rørmose Jensen & Iliev 2022)
JPN,Japan,Asia and Pacific,Transport Equipment,waste_generation,kt,0.0007024028282023068,2022,EXIOBASE v3.8.2 IOT_2022_ixi with Danish sea-transport reallocation (Rørmose Jensen & Iliev 2022)
BRA,Brazil,America,Non-metallic mineral products,waste_generation,kt,0.0006964435993338599,2022,EXIOBASE v3.8.2 IOT_2022_ixi with Danish sea-transport reallocation (Rørmose Jensen & Iliev 2022)
HRV,Croatia,Europe,Services,blue_water_consumption,Mm3,0.0006873816975343293,2022,EXIOBASE v3.8.2 IOT_2022_ixi with Danish sea-transport reallocation (Rørmose Jensen & Iliev 2022)
IND,India,Asia and Pacific,Waste management and disposal,waste_generation,kt,0.0006863858887778539,2022,EXIOBASE v3.8.2 IOT_2022_ixi with Danish sea-transport reallocation (Rørmose Jensen & Iliev 2022)
MEX,Mexico,America,Textile,waste_generation,kt,0.000685831958940786,2022,EXIOBASE v3.8.2 IOT_2022_ixi with Danish sea-transport reallocation (Rørmose Jensen & Iliev 2022)
RoW Middle East,RoW Middle East,Middle East,Electricity,waste_generation,kt,0.0006849286522217688,2022,EXIOBASE v3.8.2 IOT_2022_ixi with Danish sea-transport reallocation (Rørmose Jensen & Iliev 2022)
POL,Poland,Europe,"Electrical, electronic and measuring equipment",blue_water_consumption,Mm3,0.0006768851998020103,2022,EXIOBASE v3.8.2 IOT_2022_ixi with Danish sea-transport reallocation (Rørmose Jensen & Iliev 2022)
RoW Asia and Pacific,RoW Asia and Pacific,Asia and Pacific,"Steam, hot water supply and water distribution",blue_water_consumption,Mm3,0.0006741025359693452,2022,EXIOBASE v3.8.2 IOT_2022_ixi with Danish sea-transport reallocation (Rørmose Jensen & Iliev 2022)
CAN,Canada,America,Minerals and Metals,waste_generation,kt,0.0006736983592092119,2022,EXIOBASE v3.8.2 IOT_2022_ixi with Danish sea-transport reallocation (Rørmose Jensen & Iliev 2022)
SVN,Slovenia,Europe,Transport Equipment,waste_generation,kt,0.0006725197717527871,2022,EXIOBASE v3.8.2 IOT_2022_ixi with Danish sea-transport reallocation (Rørmose Jensen & Iliev 2022)
TUR,Turkey,Middle East,Paper Products,land_use,km2,0.0006706762562138643,2022,EXIOBASE v3.8.2 IOT_2022_ixi with Danish sea-transport reallocation (Rørmose Jensen & Iliev 2022)
CYP,Cyprus,Middle East,Chemical,climate_change,kt CO2eq,0.0006662043630775312,2022,EXIOBASE v3.8.2 IOT_2022_ixi with Danish sea-transport reallocation (Rørmose Jensen & Iliev 2022)
PRT,Portugal,Europe,Chemical,blue_water_consumption,Mm3,0.0006589085475071032,2022,EXIOBASE v3.8.2 IOT_2022_ixi with Danish sea-transport reallocation (Rørmose Jensen & Iliev 2022)
RoW America,RoW America,America,"Electrical, electronic and measuring equipment",blue_water_consumption,Mm3,0.0006520220445215215,2022,EXIOBASE v3.8.2 IOT_2022_ixi with Danish sea-transport reallocation (Rørmose Jensen & Iliev 2022)
AUT,Austria,Europe,Coal and Petroleum,material_extraction,kt,0.0006505048268114848,2022,EXIOBASE v3.8.2 IOT_2022_ixi with Danish sea-transport reallocation (Rørmose Jensen & Iliev 2022)
JPN,Japan,Asia and Pacific,Textile,waste_generation,kt,0.0006446967122014337,2022,EXIOBASE v3.8.2 IOT_2022_ixi with Danish sea-transport reallocation (Rørmose Jensen & Iliev 2022)
POL,Poland,Europe,Textile,blue_water_consumption,Mm3,0.000643170759300422,2022,EXIOBASE v3.8.2 IOT_2022_ixi with Danish sea-transport reallocation (Rørmose Jensen & Iliev 2022)
DNK,Denmark,Denmark,Furniture and timber,blue_water_consumption,Mm3,0.000641757555335881,2022,EXIOBASE v3.8.2 IOT_2022_ixi with Danish sea-transport reallocation (Rørmose Jensen & Iliev 2022)
KOR,South Korea,Asia and Pacific,Transport,waste_generation,kt,0.0006407215190788429,2022,EXIOBASE v3.8.2 IOT_2022_ixi with Danish sea-transport reallocation (Rørmose Jensen & Iliev 2022)
RoW America,RoW America,America,Furniture and timber,blue_water_consumption,Mm3,0.0006345676141750829,2022,EXIOBASE v3.8.2 IOT_2022_ixi with Danish sea-transport reallocation (Rørmose Jensen & Iliev 2022)
MEX,Mexico,America,Construction,climate_change,kt CO2eq,0.0006307384066486438,2022,EXIOBASE v3.8.2 IOT_2022_ixi with Danish sea-transport reallocation (Rørmose Jensen & Iliev 2022)
NLD,Netherlands,Europe,Transport,blue_water_consumption,Mm3,0.0006265286693327446,2022,EXIOBASE v3.8.2 IOT_2022_ixi with Danish sea-transport reallocation (Rørmose Jensen & Iliev 2022)
LTU,Lithuania,Europe,Textile,blue_water_consumption,Mm3,0.0006223850480118693,2022,EXIOBASE v3.8.2 IOT_2022_ixi with Danish sea-transport reallocation (Rørmose Jensen & Iliev 2022)
CHE,Switzerland,Europe,Paper Products,blue_water_consumption,Mm3,0.0006223414683357133,2022,EXIOBASE v3.8.2 IOT_2022_ixi with Danish sea-transport reallocation (Rørmose Jensen & Iliev 2022)
FRA,France,Europe,Electricity,blue_water_consumption,Mm3,0.0006215076177428449,2022,EXIOBASE v3.8.2 IOT_2022_ixi with Danish sea-transport reallocation (Rørmose Jensen & Iliev 2022)
NLD,Netherlands,Europe,Non-metallic mineral products,blue_water_consumption,Mm3,0.0006196062963752234,2022,EXIOBASE v3.8.2 IOT_2022_ixi with Danish sea-transport reallocation (Rørmose Jensen & Iliev 2022)
NOR,Norway,Europe,"Steam, hot water supply and water distribution",waste_generation,kt,0.0006168797946622651,2022,EXIOBASE v3.8.2 IOT_2022_ixi with Danish sea-transport reallocation (Rørmose Jensen & Iliev 2022)
PRT,Portugal,Europe,Natural gas and gaseous fuels,waste_generation,kt,0.0006166639071526574,2022,EXIOBASE v3.8.2 IOT_2022_ixi with Danish sea-transport reallocation (Rørmose Jensen & Iliev 2022)
EST,Estonia,Europe,"Electrical, electronic and measuring equipment",waste_generation,kt,0.000613067896143165,2022,EXIOBASE v3.8.2 IOT_2022_ixi with Danish sea-transport reallocation (Rørmose Jensen & Iliev 2022)
LVA,Latvia,Europe,"Steam, hot water supply and water distribution",waste_generation,kt,0.0006127218610389334,2022,EXIOBASE v3.8.2 IOT_2022_ixi with Danish sea-transport reallocation (Rørmose Jensen & Iliev 2022)
BEL,Belgium,Europe,Natural gas and gaseous fuels,waste_generation,kt,0.0006067472390694118,2022,EXIOBASE v3.8.2 IOT_2022_ixi with Danish sea-transport reallocation (Rørmose Jensen & Iliev 2022)
CHE,Switzerland,Europe,Metal Products,land_use,km2,0.0006038387957962513,2022,EXIOBASE v3.8.2 IOT_2022_ixi with Danish sea-transport reallocation (Rørmose Jensen & Iliev 2022)
NLD,Netherlands,Europe,Transport Equipment,waste_generation,kt,0.0006027458603637143,2022,EXIOBASE v3.8.2 IOT_2022_ixi with Danish sea-transport reallocation (Rørmose Jensen & Iliev 2022)
IDN,Indonesia,Asia and Pacific,Furniture and timber,waste_generation,kt,0.0006025674328458156,2022,EXIOBASE v3.8.2 IOT_2022_ixi with Danish sea-transport reallocation (Rørmose Jensen & Iliev 2022)
RoW America,RoW America,America,General and special Machinery,blue_water_consumption,Mm3,0.0006024724303331141,2022,EXIOBASE v3.8.2 IOT_2022_ixi with Danish sea-transport reallocation (Rørmose Jensen & Iliev 2022)
RoW Middle East,RoW Middle East,Middle East,Furniture and timber,land_use,km2,0.0005973987148198816,2022,EXIOBASE v3.8.2 IOT_2022_ixi with Danish sea-transport reallocation (Rørmose Jensen & Iliev 2022)
HUN,Hungary,Europe,Construction,waste_generation,kt,0.0005946163347751979,2022,EXIOBASE v3.8.2 IOT_2022_ixi with Danish sea-transport reallocation (Rørmose Jensen & Iliev 2022)
HRV,Croatia,Europe,Non-metallic mineral products,waste_generation,kt,0.0005925435771471836,2022,EXIOBASE v3.8.2 IOT_2022_ixi with Danish sea-transport reallocation (Rørmose Jensen & Iliev 2022)
BGR,Bulgaria,Europe,Coal and Petroleum,material_extraction,kt,0.000590724302260539,2022,EXIOBASE v3.8.2 IOT_2022_ixi with Danish sea-transport reallocation (Rørmose Jensen & Iliev 2022)
DNK,Denmark,Denmark,General and special Machinery,blue_water_consumption,Mm3,0.0005876577417224237,2022,EXIOBASE v3.8.2 IOT_2022_ixi with Danish sea-transport reallocation (Rørmose Jensen & Iliev 2022)
PRT,Portugal,Europe,Metal Products,blue_water_consumption,Mm3,0.0005864682625416356,2022,EXIOBASE v3.8.2 IOT_2022_ixi with Danish sea-transport reallocation (Rørmose Jensen & Iliev 2022)
ITA,Italy,Europe,Transport Equipment,climate_change,kt CO2eq,0.0005859331389998654,2022,EXIOBASE v3.8.2 IOT_2022_ixi with Danish sea-transport reallocation (Rørmose Jensen & Iliev 2022)
RoW Africa,RoW Africa,Africa,Paper Products,material_extraction,kt,0.000583863099118987,2022,EXIOBASE v3.8.2 IOT_2022_ixi with Danish sea-transport reallocation (Rørmose Jensen & Iliev 2022)
AUS,Australia,Asia and Pacific,Transport,waste_generation,kt,0.0005793948532300618,2022,EXIOBASE v3.8.2 IOT_2022_ixi with Danish sea-transport reallocation (Rørmose Jensen & Iliev 2022)
NOR,Norway,Europe,Minerals and Metals,waste_generation,kt,0.0005779409722315217,2022,EXIOBASE v3.8.2 IOT_2022_ixi with Danish sea-transport reallocation (Rørmose Jensen & Iliev 2022)
CAN,Canada,America,Food and catering,material_extraction,kt,0.0005764144844479557,2022,EXIOBASE v3.8.2 IOT_2022_ixi with Danish sea-transport reallocation (Rørmose Jensen & Iliev 2022)
CAN,Canada,America,Textile,waste_generation,kt,0.000576143737368486,2022,EXIOBASE v3.8.2 IOT_2022_ixi with Danish sea-transport reallocation (Rørmose Jensen & Iliev 2022)
ITA,Italy,Europe,"Steam, hot water supply and water distribution",waste_generation,kt,0.0005757508355546264,2022,EXIOBASE v3.8.2 IOT_2022_ixi with Danish sea-transport reallocation (Rørmose Jensen & Iliev 2022)
PRT,Portugal,Europe,Paper Products,blue_water_consumption,Mm3,0.0005754991359466224,2022,EXIOBASE v3.8.2 IOT_2022_ixi with Danish sea-transport reallocation (Rørmose Jensen & Iliev 2022)
RoW Africa,RoW Africa,Africa,Transport Equipment,blue_water_consumption,Mm3,0.0005742802109239046,2022,EXIOBASE v3.8.2 IOT_2022_ixi with Danish sea-transport reallocation (Rørmose Jensen & Iliev 2022)
RoW America,RoW America,America,Coal and Petroleum,blue_water_consumption,Mm3,0.0005729635857500291,2022,EXIOBASE v3.8.2 IOT_2022_ixi with Danish sea-transport reallocation (Rørmose Jensen & Iliev 2022)
ZAF,South Africa,Africa,Textile,waste_generation,kt,0.0005722972410518017,2022,EXIOBASE v3.8.2 IOT_2022_ixi with Danish sea-transport reallocation (Rørmose Jensen & Iliev 2022)
ITA,Italy,Europe,Furniture and timber,blue_water_consumption,Mm3,0.0005717755046190831,2022,EXIOBASE v3.8.2 IOT_2022_ixi with Danish sea-transport reallocation (Rørmose Jensen & Iliev 2022)
HRV,Croatia,Europe,Paper Products,blue_water_consumption,Mm3,0.0005707503794833338,2022,EXIOBASE v3.8.2 IOT_2022_ixi with Danish sea-transport reallocation (Rørmose Jensen & Iliev 2022)
POL,Poland,Europe,Minerals and Metals,waste_generation,kt,0.0005691040345528948,2022,EXIOBASE v3.8.2 IOT_2022_ixi with Danish sea-transport reallocation (Rørmose Jensen & Iliev 2022)
TWN,Taiwan,Asia and Pacific,Metal Products,blue_water_consumption,Mm3,0.0005621326567424294,2022,EXIOBASE v3.8.2 IOT_2022_ixi with Danish sea-transport reallocation (Rørmose Jensen & Iliev 2022)
RoW Middle East,RoW Middle East,Middle East,Metal Products,blue_water_consumption,Mm3,0.0005595853452343596,2022,EXIOBASE v3.8.2 IOT_2022_ixi with Danish sea-transport reallocation (Rørmose Jensen & Iliev 2022)
RoW Middle East,RoW Middle East,Middle East,Non-metallic mineral products,land_use,km2,0.0005533829825686096,2022,EXIOBASE v3.8.2 IOT_2022_ixi with Danish sea-transport reallocation (Rørmose Jensen & Iliev 2022)
LTU,Lithuania,Europe,Textile,waste_generation,kt,0.0005531020360222073,2022,EXIOBASE v3.8.2 IOT_2022_ixi with Danish sea-transport reallocation (Rørmose Jensen & Iliev 2022)
LTU,Lithuania,Europe,Chemical,blue_water_consumption,Mm3,0.0005470975014865332,2022,EXIOBASE v3.8.2 IOT_2022_ixi with Danish sea-transport reallocation (Rørmose Jensen & Iliev 2022)
LTU,Lithuania,Europe,General and special Machinery,climate_change,kt CO2eq,0.0005394570488162007,2022,EXIOBASE v3.8.2 IOT_2022_ixi with Danish sea-transport reallocation (Rørmose Jensen & Iliev 2022)
KOR,South Korea,Asia and Pacific,Paper Products,blue_water_consumption,Mm3,0.0005296473065261589,2022,EXIOBASE v3.8.2 IOT_2022_ixi with Danish sea-transport reallocation (Rørmose Jensen & Iliev 2022)
MLT,Malta,Europe,"Steam, hot water supply and water distribution",climate_change,kt CO2eq,0.0005295249613083876,2022,EXIOBASE v3.8.2 IOT_2022_ixi with Danish sea-transport reallocation (Rørmose Jensen & Iliev 2022)
NLD,Netherlands,Europe,Minerals and Metals,waste_generation,kt,0.0005280757104769697,2022,EXIOBASE v3.8.2 IOT_2022_ixi with Danish sea-transport reallocation (Rørmose Jensen & Iliev 2022)
ROU,Romania,Europe,Paper Products,blue_water_consumption,Mm3,0.0005247784077213895,2022,EXIOBASE v3.8.2 IOT_2022_ixi with Danish sea-transport reallocation (Rørmose Jensen & Iliev 2022)
IDN,Indonesia,Asia and Pacific,Waste management and disposal,waste_generation,kt,0.0005236114152436502,2022,EXIOBASE v3.8.2 IOT_2022_ixi with Danish sea-transport reallocation (Rørmose Jensen & Iliev 2022)
BEL,Belgium,Europe,Minerals and Metals,waste_generation,kt,0.0005127096031950172,2022,EXIOBASE v3.8.2 IOT_2022_ixi with Danish sea-transport reallocation (Rørmose Jensen & Iliev 2022)
HUN,Hungary,Europe,"Electrical, electronic and measuring equipment",land_use,km2,0.0005115649212238915,2022,EXIOBASE v3.8.2 IOT_2022_ixi with Danish sea-transport reallocation (Rørmose Jensen & Iliev 2022)
LVA,Latvia,Europe,Non-metallic mineral products,waste_generation,kt,0.0005098092795715461,2022,EXIOBASE v3.8.2 IOT_2022_ixi with Danish sea-transport reallocation (Rørmose Jensen & Iliev 2022)
SVN,Slovenia,Europe,Food and catering,blue_water_consumption,Mm3,0.0005087902031238366,2022,EXIOBASE v3.8.2 IOT_2022_ixi with Danish sea-transport reallocation (Rørmose Jensen & Iliev 2022)
NOR,Norway,Europe,General and special Machinery,land_use,km2,0.0005074152085426085,2022,EXIOBASE v3.8.2 IOT_2022_ixi with Danish sea-transport reallocation (Rørmose Jensen & Iliev 2022)
JPN,Japan,Asia and Pacific,Food and catering,blue_water_consumption,Mm3,0.00050356723040549,2022,EXIOBASE v3.8.2 IOT_2022_ixi with Danish sea-transport reallocation (Rørmose Jensen & Iliev 2022)
RoW Africa,RoW Africa,Africa,Waste management and disposal,blue_water_consumption,Mm3,0.0005023776262756968,2022,EXIOBASE v3.8.2 IOT_2022_ixi with Danish sea-transport reallocation (Rørmose Jensen & Iliev 2022)
SVK,Slovakia,Europe,Transport Equipment,waste_generation,kt,0.0005018243332510943,2022,EXIOBASE v3.8.2 IOT_2022_ixi with Danish sea-transport reallocation (Rørmose Jensen & Iliev 2022)
CZE,Czech Republic,Europe,Waste management and disposal,land_use,km2,0.0005012177352325672,2022,EXIOBASE v3.8.2 IOT_2022_ixi with Danish sea-transport reallocation (Rørmose Jensen & Iliev 2022)
RoW Middle East,RoW Middle East,Middle East,Furniture and timber,waste_generation,kt,0.0004992099332884595,2022,EXIOBASE v3.8.2 IOT_2022_ixi with Danish sea-transport reallocation (Rørmose Jensen & Iliev 2022)
DEU,Germany,Europe,General and special Machinery,blue_water_consumption,Mm3,0.0004958020093342395,2022,EXIOBASE v3.8.2 IOT_2022_ixi with Danish sea-transport reallocation (Rørmose Jensen & Iliev 2022)
BGR,Bulgaria,Europe,Textile,blue_water_consumption,Mm3,0.0004950744882673875,2022,EXIOBASE v3.8.2 IOT_2022_ixi with Danish sea-transport reallocation (Rørmose Jensen & Iliev 2022)
RUS,Russia,Europe,Transport Equipment,waste_generation,kt,0.0004949307907641407,2022,EXIOBASE v3.8.2 IOT_2022_ixi with Danish sea-transport reallocation (Rørmose Jensen & Iliev 2022)
CHE,Switzerland,Europe,Metal Products,blue_water_consumption,Mm3,0.0004934373463090174,2022,EXIOBASE v3.8.2 IOT_2022_ixi with Danish sea-transport reallocation (Rørmose Jensen & Iliev 2022)
LUX,Luxembourg,Europe,Non-metallic mineral products,waste_generation,kt,0.0004887762752997704,2022,EXIOBASE v3.8.2 IOT_2022_ixi with Danish sea-transport reallocation (Rørmose Jensen & Iliev 2022)
RUS,Russia,Europe,Natural gas and gaseous fuels,blue_water_consumption,Mm3,0.0004887043692601267,2022,EXIOBASE v3.8.2 IOT_2022_ixi with Danish sea-transport reallocation (Rørmose Jensen & Iliev 2022)
ITA,Italy,Europe,Textile,land_use,km2,0.0004841648404364371,2022,EXIOBASE v3.8.2 IOT_2022_ixi with Danish sea-transport reallocation (Rørmose Jensen & Iliev 2022)
HUN,Hungary,Europe,Construction,land_use,km2,0.0004802115266389191,2022,EXIOBASE v3.8.2 IOT_2022_ixi with Danish sea-transport reallocation (Rørmose Jensen & Iliev 2022)
USA,United States,America,Minerals and Metals,blue_water_consumption,Mm3,0.0004763211476836344,2022,EXIOBASE v3.8.2 IOT_2022_ixi with Danish sea-transport reallocation (Rørmose Jensen & Iliev 2022)
IRL,Ireland,Europe,Non-metallic mineral products,waste_generation,kt,0.0004720148235673498,2022,EXIOBASE v3.8.2 IOT_2022_ixi with Danish sea-transport reallocation (Rørmose Jensen & Iliev 2022)
RUS,Russia,Europe,"Steam, hot water supply and water distribution",land_use,km2,0.0004713868590360881,2022,EXIOBASE v3.8.2 IOT_2022_ixi with Danish sea-transport reallocation (Rørmose Jensen & Iliev 2022)
CHE,Switzerland,Europe,"Electrical, electronic and measuring equipment",blue_water_consumption,Mm3,0.0004712867880395188,2022,EXIOBASE v3.8.2 IOT_2022_ixi with Danish sea-transport reallocation (Rørmose Jensen & Iliev 2022)
IRL,Ireland,Europe,Textile,blue_water_consumption,Mm3,0.0004699495108993394,2022,EXIOBASE v3.8.2 IOT_2022_ixi with Danish sea-transport reallocation (Rørmose Jensen & Iliev 2022)
IRL,Ireland,Europe,Paper Products,waste_generation,kt,0.0004647782864240029,2022,EXIOBASE v3.8.2 IOT_2022_ixi with Danish sea-transport reallocation (Rørmose Jensen & Iliev 2022)
USA,United States,America,Non-metallic mineral products,blue_water_consumption,Mm3,0.0004628240419003513,2022,EXIOBASE v3.8.2 IOT_2022_ixi with Danish sea-transport reallocation (Rørmose Jensen & Iliev 2022)
CHE,Switzerland,Europe,Textile,waste_generation,kt,0.00046140785541929805,2022,EXIOBASE v3.8.2 IOT_2022_ixi with Danish sea-transport reallocation (Rørmose Jensen & Iliev 2022)
IRL,Ireland,Europe,Electricity,blue_water_consumption,Mm3,0.0004588173332633775,2022,EXIOBASE v3.8.2 IOT_2022_ixi with Danish sea-transport reallocation (Rørmose Jensen & Iliev 2022)
TUR,Turkey,Middle East,Paper Products,material_extraction,kt,0.0004565985098970113,2022,EXIOBASE v3.8.2 IOT_2022_ixi with Danish sea-transport reallocation (Rørmose Jensen & Iliev 2022)
RoW Africa,RoW Africa,Africa,Natural gas and gaseous fuels,blue_water_consumption,Mm3,0.00045473211989270775,2022,EXIOBASE v3.8.2 IOT_2022_ixi with Danish sea-transport reallocation (Rørmose Jensen & Iliev 2022)
DNK,Denmark,Denmark,Natural gas and gaseous fuels,waste_generation,kt,0.00045164648179859255,2022,EXIOBASE v3.8.2 IOT_2022_ixi with Danish sea-transport reallocation (Rørmose Jensen & Iliev 2022)
IRL,Ireland,Europe,Construction,waste_generation,kt,0.0004515477253655071,2022,EXIOBASE v3.8.2 IOT_2022_ixi with Danish sea-transport reallocation (Rørmose Jensen & Iliev 2022)
SVK,Slovakia,Europe,"Electrical, electronic and measuring equipment",land_use,km2,0.00044479339176130197,2022,EXIOBASE v3.8.2 IOT_2022_ixi with Danish sea-transport reallocation (Rørmose Jensen & Iliev 2022)
ROU,Romania,Europe,"Electrical, electronic and measuring equipment",waste_generation,kt,0.0004445582736784508,2022,EXIOBASE v3.8.2 IOT_2022_ixi with Danish sea-transport reallocation (Rørmose Jensen & Iliev 2022)
HRV,Croatia,Europe,Transport,waste_generation,kt,0.00044317921851106046,2022,EXIOBASE v3.8.2 IOT_2022_ixi with Danish sea-transport reallocation (Rørmose Jensen & Iliev 2022)
HUN,Hungary,Europe,Non-metallic mineral products,blue_water_consumption,Mm3,0.0004431519678163796,2022,EXIOBASE v3.8.2 IOT_2022_ixi with Danish sea-transport reallocation (Rørmose Jensen & Iliev 2022)
ZAF,South Africa,Africa,Paper Products,blue_water_consumption,Mm3,0.0004376411003312299,2022,EXIOBASE v3.8.2 IOT_2022_ixi with Danish sea-transport reallocation (Rørmose Jensen & Iliev 2022)
HUN,Hungary,Europe,Coal and Petroleum,blue_water_consumption,Mm3,0.00043258154623504897,2022,EXIOBASE v3.8.2 IOT_2022_ixi with Danish sea-transport reallocation (Rørmose Jensen & Iliev 2022)
HRV,Croatia,Europe,Chemical,blue_water_consumption,Mm3,0.00043115592828452023,2022,EXIOBASE v3.8.2 IOT_2022_ixi with Danish sea-transport reallocation (Rørmose Jensen & Iliev 2022)
MEX,Mexico,America,Electricity,blue_water_consumption,Mm3,0.00043019941904687124,2022,EXIOBASE v3.8.2 IOT_2022_ixi with Danish sea-transport reallocation (Rørmose Jensen & Iliev 2022)
PRT,Portugal,Europe,Non-metallic mineral products,blue_water_consumption,Mm3,0.0004257432445952798,2022,EXIOBASE v3.8.2 IOT_2022_ixi with Danish sea-transport reallocation (Rørmose Jensen & Iliev 2022)
LVA,Latvia,Europe,Non-metallic mineral products,blue_water_consumption,Mm3,0.00042208499688565663,2022,EXIOBASE v3.8.2 IOT_2022_ixi with Danish sea-transport reallocation (Rørmose Jensen & Iliev 2022)
CHE,Switzerland,Europe,Services,blue_water_consumption,Mm3,0.00042206324178295,2022,EXIOBASE v3.8.2 IOT_2022_ixi with Danish sea-transport reallocation (Rørmose Jensen & Iliev 2022)
HRV,Croatia,Europe,"Electrical, electronic and measuring equipment",waste_generation,kt,0.0004147690043682932,2022,EXIOBASE v3.8.2 IOT_2022_ixi with Danish sea-transport reallocation (Rørmose Jensen & Iliev 2022)
RoW Middle East,RoW Middle East,Middle East,"Steam, hot water supply and water distribution",land_use,km2,0.0004137241252105925,2022,EXIOBASE v3.8.2 IOT_2022_ixi with Danish sea-transport reallocation (Rørmose Jensen & Iliev 2022)
MEX,Mexico,America,Natural gas and gaseous fuels,waste_generation,kt,0.0004133564573350947,2022,EXIOBASE v3.8.2 IOT_2022_ixi with Danish sea-transport reallocation (Rørmose Jensen & Iliev 2022)
POL,Poland,Europe,General and special Machinery,blue_water_consumption,Mm3,0.0004133485929439641,2022,EXIOBASE v3.8.2 IOT_2022_ixi with Danish sea-transport reallocation (Rørmose Jensen & Iliev 2022)
EST,Estonia,Europe,Construction,waste_generation,kt,0.0004109112747965619,2022,EXIOBASE v3.8.2 IOT_2022_ixi with Danish sea-transport reallocation (Rørmose Jensen & Iliev 2022)
IDN,Indonesia,Asia and Pacific,Transport,waste_generation,kt,0.00040931520946166166,2022,EXIOBASE v3.8.2 IOT_2022_ixi with Danish sea-transport reallocation (Rørmose Jensen & Iliev 2022)
BGR,Bulgaria,Europe,"Electrical, electronic and measuring equipment",blue_water_consumption,Mm3,0.0004078932863669233,2022,EXIOBASE v3.8.2 IOT_2022_ixi with Danish sea-transport reallocation (Rørmose Jensen & Iliev 2022)
PRT,Portugal,Europe,General and special Machinery,waste_generation,kt,0.00040780577761484834,2022,EXIOBASE v3.8.2 IOT_2022_ixi with Danish sea-transport reallocation (Rørmose Jensen & Iliev 2022)
FIN,Finland,Europe,Minerals and Metals,waste_generation,kt,0.0004055413728035812,2022,EXIOBASE v3.8.2 IOT_2022_ixi with Danish sea-transport reallocation (Rørmose Jensen & Iliev 2022)
LVA,Latvia,Europe,Transport,waste_generation,kt,0.0004047667576414698,2022,EXIOBASE v3.8.2 IOT_2022_ixi with Danish sea-transport reallocation (Rørmose Jensen & Iliev 2022)
GRC,Greece,Europe,Chemical,blue_water_consumption,Mm3,0.00040473875558844107,2022,EXIOBASE v3.8.2 IOT_2022_ixi with Danish sea-transport reallocation (Rørmose Jensen & Iliev 2022)
HUN,Hungary,Europe,Natural gas and gaseous fuels,material_extraction,kt,0.0004031158239648681,2022,EXIOBASE v3.8.2 IOT_2022_ixi with Danish sea-transport reallocation (Rørmose Jensen & Iliev 2022)
MEX,Mexico,America,"Electrical, electronic and measuring equipment",blue_water_consumption,Mm3,0.000402103476612233,2022,EXIOBASE v3.8.2 IOT_2022_ixi with Danish sea-transport reallocation (Rørmose Jensen & Iliev 2022)
LUX,Luxembourg,Europe,Chemical,blue_water_consumption,Mm3,0.00039804458489835416,2022,EXIOBASE v3.8.2 IOT_2022_ixi with Danish sea-transport reallocation (Rørmose Jensen & Iliev 2022)
TUR,Turkey,Middle East,Transport,waste_generation,kt,0.0003979311363388045,2022,EXIOBASE v3.8.2 IOT_2022_ixi with Danish sea-transport reallocation (Rørmose Jensen & Iliev 2022)
RoW Europe,RoW Europe,Europe,Transport Equipment,land_use,km2,0.000391077910023781,2022,EXIOBASE v3.8.2 IOT_2022_ixi with Danish sea-transport reallocation (Rørmose Jensen & Iliev 2022)
TUR,Turkey,Middle East,Transport Equipment,waste_generation,kt,0.00039062384301885865,2022,EXIOBASE v3.8.2 IOT_2022_ixi with Danish sea-transport reallocation (Rørmose Jensen & Iliev 2022)
BEL,Belgium,Europe,Minerals and Metals,blue_water_consumption,Mm3,0.0003864170066300418,2022,EXIOBASE v3.8.2 IOT_2022_ixi with Danish sea-transport reallocation (Rørmose Jensen & Iliev 2022)
IDN,Indonesia,Asia and Pacific,Construction,climate_change,kt CO2eq,0.000385067336458542,2022,EXIOBASE v3.8.2 IOT_2022_ixi with Danish sea-transport reallocation (Rørmose Jensen & Iliev 2022)
RoW Africa,RoW Africa,Africa,Transport,material_extraction,kt,0.00038031838144840063,2022,EXIOBASE v3.8.2 IOT_2022_ixi with Danish sea-transport reallocation (Rørmose Jensen & Iliev 2022)
BEL,Belgium,Europe,Waste management and disposal,blue_water_consumption,Mm3,0.00037952430236075883,2022,EXIOBASE v3.8.2 IOT_2022_ixi with Danish sea-transport reallocation (Rørmose Jensen & Iliev 2022)
SWE,Sweden,Europe,Textile,blue_water_consumption,Mm3,0.0003772541437421727,2022,EXIOBASE v3.8.2 IOT_2022_ixi with Danish sea-transport reallocation (Rørmose Jensen & Iliev 2022)
RUS,Russia,Europe,Non-metallic mineral products,material_extraction,kt,0.00037354998859420106,2022,EXIOBASE v3.8.2 IOT_2022_ixi with Danish sea-transport reallocation (Rørmose Jensen & Iliev 2022)
BEL,Belgium,Europe,Furniture and timber,land_use,km2,0.0003673493859473288,2022,EXIOBASE v3.8.2 IOT_2022_ixi with Danish sea-transport reallocation (Rørmose Jensen & Iliev 2022)
BRA,Brazil,America,"Electrical, electronic and measuring equipment",blue_water_consumption,Mm3,0.00036663731286037233,2022,EXIOBASE v3.8.2 IOT_2022_ixi with Danish sea-transport reallocation (Rørmose Jensen & Iliev 2022)
ESP,Spain,Europe,Paper Products,blue_water_consumption,Mm3,0.0003649889998277693,2022,EXIOBASE v3.8.2 IOT_2022_ixi with Danish sea-transport reallocation (Rørmose Jensen & Iliev 2022)
LTU,Lithuania,Europe,Paper Products,blue_water_consumption,Mm3,0.00036398284734761655,2022,EXIOBASE v3.8.2 IOT_2022_ixi with Danish sea-transport reallocation (Rørmose Jensen & Iliev 2022)
MLT,Malta,Europe,Textile,climate_change,kt CO2eq,0.0003630732211867163,2022,EXIOBASE v3.8.2 IOT_2022_ixi with Danish sea-transport reallocation (Rørmose Jensen & Iliev 2022)
ITA,Italy,Europe,Minerals and Metals,waste_generation,kt,0.000362129309001054,2022,EXIOBASE v3.8.2 IOT_2022_ixi with Danish sea-transport reallocation (Rørmose Jensen & Iliev 2022)
SVK,Slovakia,Europe,"Steam, hot water supply and water distribution",land_use,km2,0.000361556785059854,2022,EXIOBASE v3.8.2 IOT_2022_ixi with Danish sea-transport reallocation (Rørmose Jensen & Iliev 2022)
RoW Asia and Pacific,RoW Asia and Pacific,Asia and Pacific,Construction,blue_water_consumption,Mm3,0.0003611595025540614,2022,EXIOBASE v3.8.2 IOT_2022_ixi with Danish sea-transport reallocation (Rørmose Jensen & Iliev 2022)
CAN,Canada,America,Services,blue_water_consumption,Mm3,0.0003557883675363529,2022,EXIOBASE v3.8.2 IOT_2022_ixi with Danish sea-transport reallocation (Rørmose Jensen & Iliev 2022)
ESP,Spain,Europe,Textile,blue_water_consumption,Mm3,0.00035326733472520805,2022,EXIOBASE v3.8.2 IOT_2022_ixi with Danish sea-transport reallocation (Rørmose Jensen & Iliev 2022)
BGR,Bulgaria,Europe,General and special Machinery,blue_water_consumption,Mm3,0.00035143939800934905,2022,EXIOBASE v3.8.2 IOT_2022_ixi with Danish sea-transport reallocation (Rørmose Jensen & Iliev 2022)
KOR,South Korea,Asia and Pacific,General and special Machinery,blue_water_consumption,Mm3,0.00034981028012591437,2022,EXIOBASE v3.8.2 IOT_2022_ixi with Danish sea-transport reallocation (Rørmose Jensen & Iliev 2022)
RoW Europe,RoW Europe,Europe,Transport Equipment,blue_water_consumption,Mm3,0.0003480469369663097,2022,EXIOBASE v3.8.2 IOT_2022_ixi with Danish sea-transport reallocation (Rørmose Jensen & Iliev 2022)
FRA,France,Europe,Natural gas and gaseous fuels,waste_generation,kt,0.00034002470677330863,2022,EXIOBASE v3.8.2 IOT_2022_ixi with Danish sea-transport reallocation (Rørmose Jensen & Iliev 2022)
LVA,Latvia,Europe,General and special Machinery,waste_generation,kt,0.0003363170589361228,2022,EXIOBASE v3.8.2 IOT_2022_ixi with Danish sea-transport reallocation (Rørmose Jensen & Iliev 2022)
LUX,Luxembourg,Europe,Waste management and disposal,blue_water_consumption,Mm3,0.0003359120277786364,2022,EXIOBASE v3.8.2 IOT_2022_ixi with Danish sea-transport reallocation (Rørmose Jensen & Iliev 2022)
NLD,Netherlands,Europe,Waste management and disposal,blue_water_consumption,Mm3,0.0003327735069691832,2022,EXIOBASE v3.8.2 IOT_2022_ixi with Danish sea-transport reallocation (Rørmose Jensen & Iliev 2022)
RoW America,RoW America,America,Minerals and Metals,blue_water_consumption,Mm3,0.00033114973003933853,2022,EXIOBASE v3.8.2 IOT_2022_ixi with Danish sea-transport reallocation (Rørmose Jensen & Iliev 2022)
ESP,Spain,Europe,"Electrical, electronic and measuring equipment",blue_water_consumption,Mm3,0.0003308563376020397,2022,EXIOBASE v3.8.2 IOT_2022_ixi with Danish sea-transport reallocation (Rørmose Jensen & Iliev 2022)
GBR,United Kingdom,Europe,Natural gas and gaseous fuels,waste_generation,kt,0.00032858472335417304,2022,EXIOBASE v3.8.2 IOT_2022_ixi with Danish sea-transport reallocation (Rørmose Jensen & Iliev 2022)
KOR,South Korea,Asia and Pacific,Furniture and timber,blue_water_consumption,Mm3,0.0003265503819238697,2022,EXIOBASE v3.8.2 IOT_2022_ixi with Danish sea-transport reallocation (Rørmose Jensen & Iliev 2022)
ZAF,South Africa,Africa,"Electrical, electronic and measuring equipment",blue_water_consumption,Mm3,0.00032420915961603046,2022,EXIOBASE v3.8.2 IOT_2022_ixi with Danish sea-transport reallocation (Rørmose Jensen & Iliev 2022)
FIN,Finland,Europe,Non-metallic mineral products,blue_water_consumption,Mm3,0.0003208656840810982,2022,EXIOBASE v3.8.2 IOT_2022_ixi with Danish sea-transport reallocation (Rørmose Jensen & Iliev 2022)
AUS,Australia,Asia and Pacific,Chemical,blue_water_consumption,Mm3,0.00032061411330891454,2022,EXIOBASE v3.8.2 IOT_2022_ixi with Danish sea-transport reallocation (Rørmose Jensen & Iliev 2022)
LUX,Luxembourg,Europe,General and special Machinery,waste_generation,kt,0.0003199823150439034,2022,EXIOBASE v3.8.2 IOT_2022_ixi with Danish sea-transport reallocation (Rørmose Jensen & Iliev 2022)
HRV,Croatia,Europe,Minerals and Metals,waste_generation,kt,0.0003196235727065782,2022,EXIOBASE v3.8.2 IOT_2022_ixi with Danish sea-transport reallocation (Rørmose Jensen & Iliev 2022)
RoW Middle East,RoW Middle East,Middle East,"Steam, hot water supply and water distribution",waste_generation,kt,0.00031913791581171346,2022,EXIOBASE v3.8.2 IOT_2022_ixi with Danish sea-transport reallocation (Rørmose Jensen & Iliev 2022)
BGR,Bulgaria,Europe,Furniture and timber,blue_water_consumption,Mm3,0.0003158403018841925,2022,EXIOBASE v3.8.2 IOT_2022_ixi with Danish sea-transport reallocation (Rørmose Jensen & Iliev 2022)
AUS,Australia,Asia and Pacific,Transport Equipment,waste_generation,kt,0.0003156065935694777,2022,EXIOBASE v3.8.2 IOT_2022_ixi with Danish sea-transport reallocation (Rørmose Jensen & Iliev 2022)
JPN,Japan,Asia and Pacific,"Electrical, electronic and measuring equipment",blue_water_consumption,Mm3,0.0003152025859261978,2022,EXIOBASE v3.8.2 IOT_2022_ixi with Danish sea-transport reallocation (Rørmose Jensen & Iliev 2022)
HUN,Hungary,Europe,Textile,waste_generation,kt,0.0003148258799938235,2022,EXIOBASE v3.8.2 IOT_2022_ixi with Danish sea-transport reallocation (Rørmose Jensen & Iliev 2022)
NLD,Netherlands,Europe,Transport Equipment,blue_water_consumption,Mm3,0.00031381094833864766,2022,EXIOBASE v3.8.2 IOT_2022_ixi with Danish sea-transport reallocation (Rørmose Jensen & Iliev 2022)
BRA,Brazil,America,Transport Equipment,blue_water_consumption,Mm3,0.0003137358320709597,2022,EXIOBASE v3.8.2 IOT_2022_ixi with Danish sea-transport reallocation (Rørmose Jensen & Iliev 2022)
RoW America,RoW America,America,Transport Equipment,blue_water_consumption,Mm3,0.00031290762590899474,2022,EXIOBASE v3.8.2 IOT_2022_ixi with Danish sea-transport reallocation (Rørmose Jensen & Iliev 2022)
SVN,Slovenia,Europe,Chemical,blue_water_consumption,Mm3,0.0003100691022841581,2022,EXIOBASE v3.8.2 IOT_2022_ixi with Danish sea-transport reallocation (Rørmose Jensen & Iliev 2022)
HRV,Croatia,Europe,Construction,waste_generation,kt,0.0003094776041648508,2022,EXIOBASE v3.8.2 IOT_2022_ixi with Danish sea-transport reallocation (Rørmose Jensen & Iliev 2022)
CYP,Cyprus,Middle East,Paper Products,climate_change,kt CO2eq,0.0003068225932694975,2022,EXIOBASE v3.8.2 IOT_2022_ixi with Danish sea-transport reallocation (Rørmose Jensen & Iliev 2022)
AUS,Australia,Asia and Pacific,Services,blue_water_consumption,Mm3,0.00030564586285482774,2022,EXIOBASE v3.8.2 IOT_2022_ixi with Danish sea-transport reallocation (Rørmose Jensen & Iliev 2022)
CHN,China,Asia and Pacific,Transport Equipment,blue_water_consumption,Mm3,0.0003046145631565967,2022,EXIOBASE v3.8.2 IOT_2022_ixi with Danish sea-transport reallocation (Rørmose Jensen & Iliev 2022)
IRL,Ireland,Europe,Coal and Petroleum,material_extraction,kt,0.0003041244649957481,2022,EXIOBASE v3.8.2 IOT_2022_ixi with Danish sea-transport reallocation (Rørmose Jensen & Iliev 2022)
RUS,Russia,Europe,Furniture and timber,blue_water_consumption,Mm3,0.0003032417156365676,2022,EXIOBASE v3.8.2 IOT_2022_ixi with Danish sea-transport reallocation (Rørmose Jensen & Iliev 2022)
GBR,United Kingdom,Europe,Services,blue_water_consumption,Mm3,0.00030165177702495675,2022,EXIOBASE v3.8.2 IOT_2022_ixi with Danish sea-transport reallocation (Rørmose Jensen & Iliev 2022)
CHE,Switzerland,Europe,Natural gas and gaseous fuels,waste_generation,kt,0.0002993385510296452,2022,EXIOBASE v3.8.2 IOT_2022_ixi with Danish sea-transport reallocation (Rørmose Jensen & Iliev 2022)
CZE,Czech Republic,Europe,Electricity,land_use,km2,0.00029920896276413027,2022,EXIOBASE v3.8.2 IOT_2022_ixi with Danish sea-transport reallocation (Rørmose Jensen & Iliev 2022)
EST,Estonia,Europe,Metal Products,waste_generation,kt,0.0002989243008312668,2022,EXIOBASE v3.8.2 IOT_2022_ixi with Danish sea-transport reallocation (Rørmose Jensen & Iliev 2022)
BRA,Brazil,America,General and special Machinery,blue_water_consumption,Mm3,0.0002987710820521933,2022,EXIOBASE v3.8.2 IOT_2022_ixi with Danish sea-transport reallocation (Rørmose Jensen & Iliev 2022)
CYP,Cyprus,Middle East,Coal and Petroleum,climate_change,kt CO2eq,0.0002984059380545352,2022,EXIOBASE v3.8.2 IOT_2022_ixi with Danish sea-transport reallocation (Rørmose Jensen & Iliev 2022)
JPN,Japan,Asia and Pacific,General and special Machinery,blue_water_consumption,Mm3,0.00029438542333025316,2022,EXIOBASE v3.8.2 IOT_2022_ixi with Danish sea-transport reallocation (Rørmose Jensen & Iliev 2022)
CHE,Switzerland,Europe,Paper Products,land_use,km2,0.0002911297967643008,2022,EXIOBASE v3.8.2 IOT_2022_ixi with Danish sea-transport reallocation (Rørmose Jensen & Iliev 2022)
HRV,Croatia,Europe,Furniture and timber,waste_generation,kt,0.0002909996151671247,2022,EXIOBASE v3.8.2 IOT_2022_ixi with Danish sea-transport reallocation (Rørmose Jensen & Iliev 2022)
IDN,Indonesia,Asia and Pacific,General and special Machinery,blue_water_consumption,Mm3,0.00029026910241225035,2022,EXIOBASE v3.8.2 IOT_2022_ixi with Danish sea-transport reallocation (Rørmose Jensen & Iliev 2022)
MEX,Mexico,America,Metal Products,material_extraction,kt,0.00028958949932399934,2022,EXIOBASE v3.8.2 IOT_2022_ixi with Danish sea-transport reallocation (Rørmose Jensen & Iliev 2022)
ROU,Romania,Europe,Textile,waste_generation,kt,0.0002889548104653437,2022,EXIOBASE v3.8.2 IOT_2022_ixi with Danish sea-transport reallocation (Rørmose Jensen & Iliev 2022)
FIN,Finland,Europe,General and special Machinery,material_extraction,kt,0.0002883491383981723,2022,EXIOBASE v3.8.2 IOT_2022_ixi with Danish sea-transport reallocation (Rørmose Jensen & Iliev 2022)
CHE,Switzerland,Europe,Transport,blue_water_consumption,Mm3,0.0002823885546916438,2022,EXIOBASE v3.8.2 IOT_2022_ixi with Danish sea-transport reallocation (Rørmose Jensen & Iliev 2022)
POL,Poland,Europe,Furniture and timber,blue_water_consumption,Mm3,0.0002822579739118426,2022,EXIOBASE v3.8.2 IOT_2022_ixi with Danish sea-transport reallocation (Rørmose Jensen & Iliev 2022)
GRC,Greece,Europe,Transport Equipment,waste_generation,kt,0.000281617590799743,2022,EXIOBASE v3.8.2 IOT_2022_ixi with Danish sea-transport reallocation (Rørmose Jensen & Iliev 2022)
AUS,Australia,Asia and Pacific,Minerals and Metals,waste_generation,kt,0.00028019582043128965,2022,EXIOBASE v3.8.2 IOT_2022_ixi with Danish sea-transport reallocation (Rørmose Jensen & Iliev 2022)
MLT,Malta,Europe,Construction,waste_generation,kt,0.0002795695591667454,2022,EXIOBASE v3.8.2 IOT_2022_ixi with Danish sea-transport reallocation (Rørmose Jensen & Iliev 2022)
BRA,Brazil,America,Non-metallic mineral products,blue_water_consumption,Mm3,0.00027542883047881515,2022,EXIOBASE v3.8.2 IOT_2022_ixi with Danish sea-transport reallocation (Rørmose Jensen & Iliev 2022)
ZAF,South Africa,Africa,General and special Machinery,blue_water_consumption,Mm3,0.0002754095350947606,2022,EXIOBASE v3.8.2 IOT_2022_ixi with Danish sea-transport reallocation (Rørmose Jensen & Iliev 2022)
IRL,Ireland,Europe,"Electrical, electronic and measuring equipment",waste_generation,kt,0.00027431691284971984,2022,EXIOBASE v3.8.2 IOT_2022_ixi with Danish sea-transport reallocation (Rørmose Jensen & Iliev 2022)
CAN,Canada,America,Natural gas and gaseous fuels,waste_generation,kt,0.0002737283770514751,2022,EXIOBASE v3.8.2 IOT_2022_ixi with Danish sea-transport reallocation (Rørmose Jensen & Iliev 2022)
IRL,Ireland,Europe,General and special Machinery,waste_generation,kt,0.0002727764733501444,2022,EXIOBASE v3.8.2 IOT_2022_ixi with Danish sea-transport reallocation (Rørmose Jensen & Iliev 2022)
CZE,Czech Republic,Europe,"Steam, hot water supply and water distribution",land_use,km2,0.00027199895895879434,2022,EXIOBASE v3.8.2 IOT_2022_ixi with Danish sea-transport reallocation (Rørmose Jensen & Iliev 2022)
AUT,Austria,Europe,Textile,land_use,km2,0.0002708369049161381,2022,EXIOBASE v3.8.2 IOT_2022_ixi with Danish sea-transport reallocation (Rørmose Jensen & Iliev 2022)
ROU,Romania,Europe,Transport Equipment,waste_generation,kt,0.0002705428082197183,2022,EXIOBASE v3.8.2 IOT_2022_ixi with Danish sea-transport reallocation (Rørmose Jensen & Iliev 2022)
CYP,Cyprus,Middle East,Furniture and timber,climate_change,kt CO2eq,0.00027016532577767686,2022,EXIOBASE v3.8.2 IOT_2022_ixi with Danish sea-transport reallocation (Rørmose Jensen & Iliev 2022)
NOR,Norway,Europe,Electricity,blue_water_consumption,Mm3,0.00027013665663019735,2022,EXIOBASE v3.8.2 IOT_2022_ixi with Danish sea-transport reallocation (Rørmose Jensen & Iliev 2022)
USA,United States,America,Services,blue_water_consumption,Mm3,0.0002693746084730552,2022,EXIOBASE v3.8.2 IOT_2022_ixi with Danish sea-transport reallocation (Rørmose Jensen & Iliev 2022)
RoW Asia and Pacific,RoW Asia and Pacific,Asia and Pacific,Transport Equipment,land_use,km2,0.0002674591896602081,2022,EXIOBASE v3.8.2 IOT_2022_ixi with Danish sea-transport reallocation (Rørmose Jensen & Iliev 2022)
EST,Estonia,Europe,General and special Machinery,climate_change,kt CO2eq,0.00026609599108347965,2022,EXIOBASE v3.8.2 IOT_2022_ixi with Danish sea-transport reallocation (Rørmose Jensen & Iliev 2022)
BGR,Bulgaria,Europe,Construction,land_use,km2,0.0002657855795081865,2022,EXIOBASE v3.8.2 IOT_2022_ixi with Danish sea-transport reallocation (Rørmose Jensen & Iliev 2022)
MEX,Mexico,America,Non-metallic mineral products,waste_generation,kt,0.00026482843718408,2022,EXIOBASE v3.8.2 IOT_2022_ixi with Danish sea-transport reallocation (Rørmose Jensen & Iliev 2022)
AUT,Austria,Europe,Services,blue_water_consumption,Mm3,0.0002627026280146096,2022,EXIOBASE v3.8.2 IOT_2022_ixi with Danish sea-transport reallocation (Rørmose Jensen & Iliev 2022)
AUT,Austria,Europe,Coal and Petroleum,blue_water_consumption,Mm3,0.00026192296791191115,2022,EXIOBASE v3.8.2 IOT_2022_ixi with Danish sea-transport reallocation (Rørmose Jensen & Iliev 2022)
BGR,Bulgaria,Europe,Natural gas and gaseous fuels,waste_generation,kt,0.0002581492666299457,2022,EXIOBASE v3.8.2 IOT_2022_ixi with Danish sea-transport reallocation (Rørmose Jensen & Iliev 2022)
GRC,Greece,Europe,General and special Machinery,waste_generation,kt,0.00025577383213458383,2022,EXIOBASE v3.8.2 IOT_2022_ixi with Danish sea-transport reallocation (Rørmose Jensen & Iliev 2022)
PRT,Portugal,Europe,Textile,blue_water_consumption,Mm3,0.0002555739575792515,2022,EXIOBASE v3.8.2 IOT_2022_ixi with Danish sea-transport reallocation (Rørmose Jensen & Iliev 2022)
MEX,Mexico,America,"Electrical, electronic and measuring equipment",material_extraction,kt,0.0002552838391087771,2022,EXIOBASE v3.8.2 IOT_2022_ixi with Danish sea-transport reallocation (Rørmose Jensen & Iliev 2022)
NOR,Norway,Europe,Transport Equipment,blue_water_consumption,Mm3,0.00024977505413454156,2022,EXIOBASE v3.8.2 IOT_2022_ixi with Danish sea-transport reallocation (Rørmose Jensen & Iliev 2022)
IDN,Indonesia,Asia and Pacific,Minerals and Metals,waste_generation,kt,0.0002484394841611734,2022,EXIOBASE v3.8.2 IOT_2022_ixi with Danish sea-transport reallocation (Rørmose Jensen & Iliev 2022)
GRC,Greece,Europe,Metal Products,blue_water_consumption,Mm3,0.00024803494051065737,2022,EXIOBASE v3.8.2 IOT_2022_ixi with Danish sea-transport reallocation (Rørmose Jensen & Iliev 2022)
SVK,Slovakia,Europe,Transport,blue_water_consumption,Mm3,0.00024722330335790154,2022,EXIOBASE v3.8.2 IOT_2022_ixi with Danish sea-transport reallocation (Rørmose Jensen & Iliev 2022)
RoW Africa,RoW Africa,Africa,Electricity,material_extraction,kt,0.00024446959707765406,2022,EXIOBASE v3.8.2 IOT_2022_ixi with Danish sea-transport reallocation (Rørmose Jensen & Iliev 2022)
RoW Middle East,RoW Middle East,Middle East,"Electrical, electronic and measuring equipment",blue_water_consumption,Mm3,0.0002425711921166728,2022,EXIOBASE v3.8.2 IOT_2022_ixi with Danish sea-transport reallocation (Rørmose Jensen & Iliev 2022)
USA,United States,America,Natural gas and gaseous fuels,blue_water_consumption,Mm3,0.0002420156192568339,2022,EXIOBASE v3.8.2 IOT_2022_ixi with Danish sea-transport reallocation (Rørmose Jensen & Iliev 2022)
CHN,China,Asia and Pacific,Natural gas and gaseous fuels,waste_generation,kt,0.00024116380956996198,2022,EXIOBASE v3.8.2 IOT_2022_ixi with Danish sea-transport reallocation (Rørmose Jensen & Iliev 2022)
BEL,Belgium,Europe,Transport,blue_water_consumption,Mm3,0.00023889539920891772,2022,EXIOBASE v3.8.2 IOT_2022_ixi with Danish sea-transport reallocation (Rørmose Jensen & Iliev 2022)
EST,Estonia,Europe,Non-metallic mineral products,blue_water_consumption,Mm3,0.00023825836644594475,2022,EXIOBASE v3.8.2 IOT_2022_ixi with Danish sea-transport reallocation (Rørmose Jensen & Iliev 2022)
MEX,Mexico,America,Food and catering,material_extraction,kt,0.00023744143569455172,2022,EXIOBASE v3.8.2 IOT_2022_ixi with Danish sea-transport reallocation (Rørmose Jensen & Iliev 2022)
RUS,Russia,Europe,Waste management and disposal,blue_water_consumption,Mm3,0.0002323692500175165,2022,EXIOBASE v3.8.2 IOT_2022_ixi with Danish sea-transport reallocation (Rørmose Jensen & Iliev 2022)
LUX,Luxembourg,Europe,Food and catering,blue_water_consumption,Mm3,0.00023150204282047253,2022,EXIOBASE v3.8.2 IOT_2022_ixi with Danish sea-transport reallocation (Rørmose Jensen & Iliev 2022)
GRC,Greece,Europe,Paper Products,blue_water_consumption,Mm3,0.0002313344035144216,2022,EXIOBASE v3.8.2 IOT_2022_ixi with Danish sea-transport reallocation (Rørmose Jensen & Iliev 2022)
CAN,Canada,America,"Electrical, electronic and measuring equipment",blue_water_consumption,Mm3,0.00023031645647333745,2022,EXIOBASE v3.8.2 IOT_2022_ixi with Danish sea-transport reallocation (Rørmose Jensen & Iliev 2022)
LVA,Latvia,Europe,Textile,waste_generation,kt,0.0002295121367515764,2022,EXIOBASE v3.8.2 IOT_2022_ixi with Danish sea-transport reallocation (Rørmose Jensen & Iliev 2022)
DNK,Denmark,Denmark,Chemical,land_use,km2,0.00022632235906511108,2022,EXIOBASE v3.8.2 IOT_2022_ixi with Danish sea-transport reallocation (Rørmose Jensen & Iliev 2022)
IDN,Indonesia,Asia and Pacific,Metal Products,blue_water_consumption,Mm3,0.0002257887093557048,2022,EXIOBASE v3.8.2 IOT_2022_ixi with Danish sea-transport reallocation (Rørmose Jensen & Iliev 2022)
AUS,Australia,Asia and Pacific,Metal Products,blue_water_consumption,Mm3,0.00022314558539970414,2022,EXIOBASE v3.8.2 IOT_2022_ixi with Danish sea-transport reallocation (Rørmose Jensen & Iliev 2022)
KOR,South Korea,Asia and Pacific,Non-metallic mineral products,blue_water_consumption,Mm3,0.00022247957524561843,2022,EXIOBASE v3.8.2 IOT_2022_ixi with Danish sea-transport reallocation (Rørmose Jensen & Iliev 2022)
RoW America,RoW America,America,Waste management and disposal,blue_water_consumption,Mm3,0.0002221328028586577,2022,EXIOBASE v3.8.2 IOT_2022_ixi with Danish sea-transport reallocation (Rørmose Jensen & Iliev 2022)
MEX,Mexico,America,Waste management and disposal,material_extraction,kt,0.0002181657638798812,2022,EXIOBASE v3.8.2 IOT_2022_ixi with Danish sea-transport reallocation (Rørmose Jensen & Iliev 2022)
SVN,Slovenia,Europe,"Electrical, electronic and measuring equipment",land_use,km2,0.0002179924005219885,2022,EXIOBASE v3.8.2 IOT_2022_ixi with Danish sea-transport reallocation (Rørmose Jensen & Iliev 2022)
HRV,Croatia,Europe,General and special Machinery,waste_generation,kt,0.0002173471757865603,2022,EXIOBASE v3.8.2 IOT_2022_ixi with Danish sea-transport reallocation (Rørmose Jensen & Iliev 2022)
LVA,Latvia,Europe,Metal Products,material_extraction,kt,0.0002172203497856509,2022,EXIOBASE v3.8.2 IOT_2022_ixi with Danish sea-transport reallocation (Rørmose Jensen & Iliev 2022)
CHE,Switzerland,Europe,Transport Equipment,waste_generation,kt,0.00021542473723940185,2022,EXIOBASE v3.8.2 IOT_2022_ixi with Danish sea-transport reallocation (Rørmose Jensen & Iliev 2022)
MLT,Malta,Europe,Transport Equipment,climate_change,kt CO2eq,0.000214971929843902,2022,EXIOBASE v3.8.2 IOT_2022_ixi with Danish sea-transport reallocation (Rørmose Jensen & Iliev 2022)
LUX,Luxembourg,Europe,General and special Machinery,climate_change,kt CO2eq,0.0002146341173672655,2022,EXIOBASE v3.8.2 IOT_2022_ixi with Danish sea-transport reallocation (Rørmose Jensen & Iliev 2022)
RoW Middle East,RoW Middle East,Middle East,Transport,blue_water_consumption,Mm3,0.00021184771317671216,2022,EXIOBASE v3.8.2 IOT_2022_ixi with Danish sea-transport reallocation (Rørmose Jensen & Iliev 2022)
PRT,Portugal,Europe,Services,blue_water_consumption,Mm3,0.00021184502394673774,2022,EXIOBASE v3.8.2 IOT_2022_ixi with Danish sea-transport reallocation (Rørmose Jensen & Iliev 2022)
ITA,Italy,Europe,Minerals and Metals,blue_water_consumption,Mm3,0.00021157797881554452,2022,EXIOBASE v3.8.2 IOT_2022_ixi with Danish sea-transport reallocation (Rørmose Jensen & Iliev 2022)
RoW Europe,RoW Europe,Europe,Waste management and disposal,blue_water_consumption,Mm3,0.00020893546235205708,2022,EXIOBASE v3.8.2 IOT_2022_ixi with Danish sea-transport reallocation (Rørmose Jensen & Iliev 2022)
ESP,Spain,Europe,Natural gas and gaseous fuels,waste_generation,kt,0.00020821024775733875,2022,EXIOBASE v3.8.2 IOT_2022_ixi with Danish sea-transport reallocation (Rørmose Jensen & Iliev 2022)
JPN,Japan,Asia and Pacific,Furniture and timber,blue_water_consumption,Mm3,0.0002061313403176832,2022,EXIOBASE v3.8.2 IOT_2022_ixi with Danish sea-transport reallocation (Rørmose Jensen & Iliev 2022)
CYP,Cyprus,Middle East,General and special Machinery,climate_change,kt CO2eq,0.0002049437163275534,2022,EXIOBASE v3.8.2 IOT_2022_ixi with Danish sea-transport reallocation (Rørmose Jensen & Iliev 2022)
RoW Africa,RoW Africa,Africa,Construction,blue_water_consumption,Mm3,0.0002046555633720285,2022,EXIOBASE v3.8.2 IOT_2022_ixi with Danish sea-transport reallocation (Rørmose Jensen & Iliev 2022)
LUX,Luxembourg,Europe,Metal Products,blue_water_consumption,Mm3,0.00020299488747061253,2022,EXIOBASE v3.8.2 IOT_2022_ixi with Danish sea-transport reallocation (Rørmose Jensen & Iliev 2022)
AUT,Austria,Europe,Transport,waste_generation,kt,0.0002028599655345556,2022,EXIOBASE v3.8.2 IOT_2022_ixi with Danish sea-transport reallocation (Rørmose Jensen & Iliev 2022)
HUN,Hungary,Europe,General and special Machinery,material_extraction,kt,0.000198965610239805,2022,EXIOBASE v3.8.2 IOT_2022_ixi with Danish sea-transport reallocation (Rørmose Jensen & Iliev 2022)
BRA,Brazil,America,Waste management and disposal,waste_generation,kt,0.00019782229887238027,2022,EXIOBASE v3.8.2 IOT_2022_ixi with Danish sea-transport reallocation (Rørmose Jensen & Iliev 2022)
ZAF,South Africa,Africa,Waste management and disposal,waste_generation,kt,0.0001972089142494178,2022,EXIOBASE v3.8.2 IOT_2022_ixi with Danish sea-transport reallocation (Rørmose Jensen & Iliev 2022)
CAN,Canada,America,Coal and Petroleum,blue_water_consumption,Mm3,0.0001957370325244344,2022,EXIOBASE v3.8.2 IOT_2022_ixi with Danish sea-transport reallocation (Rørmose Jensen & Iliev 2022)
RoW Middle East,RoW Middle East,Middle East,Metal Products,land_use,km2,0.00019484710143964542,2022,EXIOBASE v3.8.2 IOT_2022_ixi with Danish sea-transport reallocation (Rørmose Jensen & Iliev 2022)
DNK,Denmark,Denmark,Textile,land_use,km2,0.00019082307429637717,2022,EXIOBASE v3.8.2 IOT_2022_ixi with Danish sea-transport reallocation (Rørmose Jensen & Iliev 2022)
SWE,Sweden,Europe,Transport Equipment,blue_water_consumption,Mm3,0.00018829047317448817,2022,EXIOBASE v3.8.2 IOT_2022_ixi with Danish sea-transport reallocation (Rørmose Jensen & Iliev 2022)
ITA,Italy,Europe,Coal and Petroleum,material_extraction,kt,0.0001880875926459048,2022,EXIOBASE v3.8.2 IOT_2022_ixi with Danish sea-transport reallocation (Rørmose Jensen & Iliev 2022)
FIN,Finland,Europe,Natural gas and gaseous fuels,waste_generation,kt,0.0001878343699529007,2022,EXIOBASE v3.8.2 IOT_2022_ixi with Danish sea-transport reallocation (Rørmose Jensen & Iliev 2022)
LUX,Luxembourg,Europe,Electricity,land_use,km2,0.0001877072960017935,2022,EXIOBASE v3.8.2 IOT_2022_ixi with Danish sea-transport reallocation (Rørmose Jensen & Iliev 2022)
HUN,Hungary,Europe,Transport Equipment,material_extraction,kt,0.0001872128974526075,2022,EXIOBASE v3.8.2 IOT_2022_ixi with Danish sea-transport reallocation (Rørmose Jensen & Iliev 2022)
AUS,Australia,Asia and Pacific,Paper Products,blue_water_consumption,Mm3,0.0001870813988603033,2022,EXIOBASE v3.8.2 IOT_2022_ixi with Danish sea-transport reallocation (Rørmose Jensen & Iliev 2022)
EST,Estonia,Europe,Furniture and timber,blue_water_consumption,Mm3,0.0001850879914826825,2022,EXIOBASE v3.8.2 IOT_2022_ixi with Danish sea-transport reallocation (Rørmose Jensen & Iliev 2022)
LVA,Latvia,Europe,Transport Equipment,climate_change,kt CO2eq,0.00018345891248213044,2022,EXIOBASE v3.8.2 IOT_2022_ixi with Danish sea-transport reallocation (Rørmose Jensen & Iliev 2022)
RoW America,RoW America,America,"Steam, hot water supply and water distribution",waste_generation,kt,0.00018090684631906726,2022,EXIOBASE v3.8.2 IOT_2022_ixi with Danish sea-transport reallocation (Rørmose Jensen & Iliev 2022)
MEX,Mexico,America,Paper Products,land_use,km2,0.00017856239935054046,2022,EXIOBASE v3.8.2 IOT_2022_ixi with Danish sea-transport reallocation (Rørmose Jensen & Iliev 2022)
CHE,Switzerland,Europe,Textile,blue_water_consumption,Mm3,0.00017777838298967688,2022,EXIOBASE v3.8.2 IOT_2022_ixi with Danish sea-transport reallocation (Rørmose Jensen & Iliev 2022)
FRA,France,Europe,Transport,waste_generation,kt,0.00017650281135838248,2022,EXIOBASE v3.8.2 IOT_2022_ixi with Danish sea-transport reallocation (Rørmose Jensen & Iliev 2022)
FIN,Finland,Europe,Minerals and Metals,blue_water_consumption,Mm3,0.00017364156269009175,2022,EXIOBASE v3.8.2 IOT_2022_ixi with Danish sea-transport reallocation (Rørmose Jensen & Iliev 2022)
GRC,Greece,Europe,Services,blue_water_consumption,Mm3,0.00017277851667384515,2022,EXIOBASE v3.8.2 IOT_2022_ixi with Danish sea-transport reallocation (Rørmose Jensen & Iliev 2022)
SVK,Slovakia,Europe,Electricity,land_use,km2,0.0001722399033764115,2022,EXIOBASE v3.8.2 IOT_2022_ixi with Danish sea-transport reallocation (Rørmose Jensen & Iliev 2022)
MEX,Mexico,America,General and special Machinery,blue_water_consumption,Mm3,0.00016859789169858572,2022,EXIOBASE v3.8.2 IOT_2022_ixi with Danish sea-transport reallocation (Rørmose Jensen & Iliev 2022)
CAN,Canada,America,General and special Machinery,blue_water_consumption,Mm3,0.00016805516098867987,2022,EXIOBASE v3.8.2 IOT_2022_ixi with Danish sea-transport reallocation (Rørmose Jensen & Iliev 2022)
HRV,Croatia,Europe,Waste management and disposal,waste_generation,kt,0.00016745519467366594,2022,EXIOBASE v3.8.2 IOT_2022_ixi with Danish sea-transport reallocation (Rørmose Jensen & Iliev 2022)
TUR,Turkey,Middle East,Natural gas and gaseous fuels,waste_generation,kt,0.00016667054076871442,2022,EXIOBASE v3.8.2 IOT_2022_ixi with Danish sea-transport reallocation (Rørmose Jensen & Iliev 2022)
LVA,Latvia,Europe,"Electrical, electronic and measuring equipment",blue_water_consumption,Mm3,0.00016363815325064025,2022,EXIOBASE v3.8.2 IOT_2022_ixi with Danish sea-transport reallocation (Rørmose Jensen & Iliev 2022)
JPN,Japan,Asia and Pacific,Textile,blue_water_consumption,Mm3,0.0001634501847112293,2022,EXIOBASE v3.8.2 IOT_2022_ixi with Danish sea-transport reallocation (Rørmose Jensen & Iliev 2022)
HRV,Croatia,Europe,"Steam, hot water supply and water distribution",waste_generation,kt,0.00016300685204720015,2022,EXIOBASE v3.8.2 IOT_2022_ixi with Danish sea-transport reallocation (Rørmose Jensen & Iliev 2022)
ZAF,South Africa,Africa,Furniture and timber,blue_water_consumption,Mm3,0.0001622276387418041,2022,EXIOBASE v3.8.2 IOT_2022_ixi with Danish sea-transport reallocation (Rørmose Jensen & Iliev 2022)
ITA,Italy,Europe,Waste management and disposal,blue_water_consumption,Mm3,0.0001611400224566906,2022,EXIOBASE v3.8.2 IOT_2022_ixi with Danish sea-transport reallocation (Rørmose Jensen & Iliev 2022)
JPN,Japan,Asia and Pacific,Non-metallic mineral products,blue_water_consumption,Mm3,0.00016007805152387373,2022,EXIOBASE v3.8.2 IOT_2022_ixi with Danish sea-transport reallocation (Rørmose Jensen & Iliev 2022)
SVN,Slovenia,Europe,Natural gas and gaseous fuels,waste_generation,kt,0.00015919400748436638,2022,EXIOBASE v3.8.2 IOT_2022_ixi with Danish sea-transport reallocation (Rørmose Jensen & Iliev 2022)
NLD,Netherlands,Europe,Natural gas and gaseous fuels,waste_generation,kt,0.00015867166651897097,2022,EXIOBASE v3.8.2 IOT_2022_ixi with Danish sea-transport reallocation (Rørmose Jensen & Iliev 2022)
KOR,South Korea,Asia and Pacific,Textile,blue_water_consumption,Mm3,0.0001570593883444878,2022,EXIOBASE v3.8.2 IOT_2022_ixi with Danish sea-transport reallocation (Rørmose Jensen & Iliev 2022)
IRL,Ireland,Europe,Natural gas and gaseous fuels,waste_generation,kt,0.0001565038792846128,2022,EXIOBASE v3.8.2 IOT_2022_ixi with Danish sea-transport reallocation (Rørmose Jensen & Iliev 2022)
RUS,Russia,Europe,"Electrical, electronic and measuring equipment",blue_water_consumption,Mm3,0.00015625070546375033,2022,EXIOBASE v3.8.2 IOT_2022_ixi with Danish sea-transport reallocation (Rørmose Jensen & Iliev 2022)
ESP,Spain,Europe,General and special Machinery,blue_water_consumption,Mm3,0.00015584002651648573,2022,EXIOBASE v3.8.2 IOT_2022_ixi with Danish sea-transport reallocation (Rørmose Jensen & Iliev 2022)
ESP,Spain,Europe,Non-metallic mineral products,blue_water_consumption,Mm3,0.000155364004524966,2022,EXIOBASE v3.8.2 IOT_2022_ixi with Danish sea-transport reallocation (Rørmose Jensen & Iliev 2022)
BRA,Brazil,America,Furniture and timber,material_extraction,kt,0.000154776104543848,2022,EXIOBASE v3.8.2 IOT_2022_ixi with Danish sea-transport reallocation (Rørmose Jensen & Iliev 2022)
CHE,Switzerland,Europe,Non-metallic mineral products,blue_water_consumption,Mm3,0.00015447654530159412,2022,EXIOBASE v3.8.2 IOT_2022_ixi with Danish sea-transport reallocation (Rørmose Jensen & Iliev 2022)
NLD,Netherlands,Europe,Textile,blue_water_consumption,Mm3,0.00015328830572778807,2022,EXIOBASE v3.8.2 IOT_2022_ixi with Danish sea-transport reallocation (Rørmose Jensen & Iliev 2022)
NOR,Norway,Europe,Minerals and Metals,blue_water_consumption,Mm3,0.000152911385494357,2022,EXIOBASE v3.8.2 IOT_2022_ixi with Danish sea-transport reallocation (Rørmose Jensen & Iliev 2022)
BGR,Bulgaria,Europe,Textile,land_use,km2,0.00015221406517959638,2022,EXIOBASE v3.8.2 IOT_2022_ixi with Danish sea-transport reallocation (Rørmose Jensen & Iliev 2022)
HUN,Hungary,Europe,Textile,blue_water_consumption,Mm3,0.00015055015796874556,2022,EXIOBASE v3.8.2 IOT_2022_ixi with Danish sea-transport reallocation (Rørmose Jensen & Iliev 2022)
BGR,Bulgaria,Europe,Food and catering,material_extraction,kt,0.0001491779645186017,2022,EXIOBASE v3.8.2 IOT_2022_ixi with Danish sea-transport reallocation (Rørmose Jensen & Iliev 2022)
TWN,Taiwan,Asia and Pacific,Textile,blue_water_consumption,Mm3,0.00014837535049657595,2022,EXIOBASE v3.8.2 IOT_2022_ixi with Danish sea-transport reallocation (Rørmose Jensen & Iliev 2022)
CHE,Switzerland,Europe,"Steam, hot water supply and water distribution",waste_generation,kt,0.00014775616987690055,2022,EXIOBASE v3.8.2 IOT_2022_ixi with Danish sea-transport reallocation (Rørmose Jensen & Iliev 2022)
AUT,Austria,Europe,Non-metallic mineral products,blue_water_consumption,Mm3,0.00014629747313079554,2022,EXIOBASE v3.8.2 IOT_2022_ixi with Danish sea-transport reallocation (Rørmose Jensen & Iliev 2022)
DEU,Germany,Europe,Furniture and timber,material_extraction,kt,0.0001462108478673776,2022,EXIOBASE v3.8.2 IOT_2022_ixi with Danish sea-transport reallocation (Rørmose Jensen & Iliev 2022)
AUS,Australia,Asia and Pacific,Waste management and disposal,waste_generation,kt,0.00014548680046263697,2022,EXIOBASE v3.8.2 IOT_2022_ixi with Danish sea-transport reallocation (Rørmose Jensen & Iliev 2022)
LTU,Lithuania,Europe,Non-metallic mineral products,blue_water_consumption,Mm3,0.0001442546678516963,2022,EXIOBASE v3.8.2 IOT_2022_ixi with Danish sea-transport reallocation (Rørmose Jensen & Iliev 2022)
RoW Middle East,RoW Middle East,Middle East,General and special Machinery,land_use,km2,0.0001440736214525863,2022,EXIOBASE v3.8.2 IOT_2022_ixi with Danish sea-transport reallocation (Rørmose Jensen & Iliev 2022)
CYP,Cyprus,Middle East,Chemical,waste_generation,kt,0.00014365962877361691,2022,EXIOBASE v3.8.2 IOT_2022_ixi with Danish sea-transport reallocation (Rørmose Jensen & Iliev 2022)
AUS,Australia,Asia and Pacific,Minerals and Metals,blue_water_consumption,Mm3,0.0001432231781825135,2022,EXIOBASE v3.8.2 IOT_2022_ixi with Danish sea-transport reallocation (Rørmose Jensen & Iliev 2022)
LVA,Latvia,Europe,Services,blue_water_consumption,Mm3,0.00014219716623224693,2022,EXIOBASE v3.8.2 IOT_2022_ixi with Danish sea-transport reallocation (Rørmose Jensen & Iliev 2022)
FIN,Finland,Europe,Services,blue_water_consumption,Mm3,0.00014143223570088083,2022,EXIOBASE v3.8.2 IOT_2022_ixi with Danish sea-transport reallocation (Rørmose Jensen & Iliev 2022)
POL,Poland,Europe,Natural gas and gaseous fuels,blue_water_consumption,Mm3,0.00014007985326543155,2022,EXIOBASE v3.8.2 IOT_2022_ixi with Danish sea-transport reallocation (Rørmose Jensen & Iliev 2022)
DEU,Germany,Europe,Furniture and timber,blue_water_consumption,Mm3,0.00013868143601390452,2022,EXIOBASE v3.8.2 IOT_2022_ixi with Danish sea-transport reallocation (Rørmose Jensen & Iliev 2022)
BGR,Bulgaria,Europe,Coal and Petroleum,blue_water_consumption,Mm3,0.000137214006623515,2022,EXIOBASE v3.8.2 IOT_2022_ixi with Danish sea-transport reallocation (Rørmose Jensen & Iliev 2022)
CHE,Switzerland,Europe,General and special Machinery,blue_water_consumption,Mm3,0.00013676965596452553,2022,EXIOBASE v3.8.2 IOT_2022_ixi with Danish sea-transport reallocation (Rørmose Jensen & Iliev 2022)
EST,Estonia,Europe,Chemical,blue_water_consumption,Mm3,0.00013334261091911017,2022,EXIOBASE v3.8.2 IOT_2022_ixi with Danish sea-transport reallocation (Rørmose Jensen & Iliev 2022)
HUN,Hungary,Europe,Textile,land_use,km2,0.00013298497070222465,2022,EXIOBASE v3.8.2 IOT_2022_ixi with Danish sea-transport reallocation (Rørmose Jensen & Iliev 2022)
POL,Poland,Europe,Paper Products,land_use,km2,0.0001323139665321005,2022,EXIOBASE v3.8.2 IOT_2022_ixi with Danish sea-transport reallocation (Rørmose Jensen & Iliev 2022)
ROU,Romania,Europe,Non-metallic mineral products,blue_water_consumption,Mm3,0.00013071566727649924,2022,EXIOBASE v3.8.2 IOT_2022_ixi with Danish sea-transport reallocation (Rørmose Jensen & Iliev 2022)
SVK,Slovakia,Europe,Coal and Petroleum,blue_water_consumption,Mm3,0.00013000098835476973,2022,EXIOBASE v3.8.2 IOT_2022_ixi with Danish sea-transport reallocation (Rørmose Jensen & Iliev 2022)
ITA,Italy,Europe,Transport Equipment,blue_water_consumption,Mm3,0.0001280983980465607,2022,EXIOBASE v3.8.2 IOT_2022_ixi with Danish sea-transport reallocation (Rørmose Jensen & Iliev 2022)
LTU,Lithuania,Europe,Natural gas and gaseous fuels,waste_generation,kt,0.0001280280160851332,2022,EXIOBASE v3.8.2 IOT_2022_ixi with Danish sea-transport reallocation (Rørmose Jensen & Iliev 2022)
EST,Estonia,Europe,Services,blue_water_consumption,Mm3,0.00012775800969216185,2022,EXIOBASE v3.8.2 IOT_2022_ixi with Danish sea-transport reallocation (Rørmose Jensen & Iliev 2022)
RoW America,RoW America,America,"Electrical, electronic and measuring equipment",land_use,km2,0.00012755723222762383,2022,EXIOBASE v3.8.2 IOT_2022_ixi with Danish sea-transport reallocation (Rørmose Jensen & Iliev 2022)
DEU,Germany,Europe,Waste management and disposal,blue_water_consumption,Mm3,0.00012723885230840032,2022,EXIOBASE v3.8.2 IOT_2022_ixi with Danish sea-transport reallocation (Rørmose Jensen & Iliev 2022)
ESP,Spain,Europe,Furniture and timber,blue_water_consumption,Mm3,0.0001270708039387964,2022,EXIOBASE v3.8.2 IOT_2022_ixi with Danish sea-transport reallocation (Rørmose Jensen & Iliev 2022)
POL,Poland,Europe,Waste management and disposal,blue_water_consumption,Mm3,0.00012666291909064082,2022,EXIOBASE v3.8.2 IOT_2022_ixi with Danish sea-transport reallocation (Rørmose Jensen & Iliev 2022)
HUN,Hungary,Europe,Furniture and timber,blue_water_consumption,Mm3,0.00012662039410560438,2022,EXIOBASE v3.8.2 IOT_2022_ixi with Danish sea-transport reallocation (Rørmose Jensen & Iliev 2022)
IRL,Ireland,Europe,Furniture and timber,blue_water_consumption,Mm3,0.00012658794265392513,2022,EXIOBASE v3.8.2 IOT_2022_ixi with Danish sea-transport reallocation (Rørmose Jensen & Iliev 2022)
USA,United States,America,Services,land_use,km2,0.0001246391252979055,2022,EXIOBASE v3.8.2 IOT_2022_ixi with Danish sea-transport reallocation (Rørmose Jensen & Iliev 2022)
NLD,Netherlands,Europe,Transport,waste_generation,kt,0.00012421704263659554,2022,EXIOBASE v3.8.2 IOT_2022_ixi with Danish sea-transport reallocation (Rørmose Jensen & Iliev 2022)
RUS,Russia,Europe,"Steam, hot water supply and water distribution",blue_water_consumption,Mm3,0.0001239901995427238,2022,EXIOBASE v3.8.2 IOT_2022_ixi with Danish sea-transport reallocation (Rørmose Jensen & Iliev 2022)
USA,United States,America,Transport Equipment,blue_water_consumption,Mm3,0.0001237488827373759,2022,EXIOBASE v3.8.2 IOT_2022_ixi with Danish sea-transport reallocation (Rørmose Jensen & Iliev 2022)
PRT,Portugal,Europe,"Electrical, electronic and measuring equipment",blue_water_consumption,Mm3,0.0001231731931290073,2022,EXIOBASE v3.8.2 IOT_2022_ixi with Danish sea-transport reallocation (Rørmose Jensen & Iliev 2022)
POL,Poland,Europe,"Steam, hot water supply and water distribution",blue_water_consumption,Mm3,0.00012237297252814053,2022,EXIOBASE v3.8.2 IOT_2022_ixi with Danish sea-transport reallocation (Rørmose Jensen & Iliev 2022)
USA,United States,America,Waste management and disposal,blue_water_consumption,Mm3,0.0001220031520714337,2022,EXIOBASE v3.8.2 IOT_2022_ixi with Danish sea-transport reallocation (Rørmose Jensen & Iliev 2022)
CAN,Canada,America,Transport,blue_water_consumption,Mm3,0.00012185740452863236,2022,EXIOBASE v3.8.2 IOT_2022_ixi with Danish sea-transport reallocation (Rørmose Jensen & Iliev 2022)
CZE,Czech Republic,Europe,Textile,land_use,km2,0.0001214706607790725,2022,EXIOBASE v3.8.2 IOT_2022_ixi with Danish sea-transport reallocation (Rørmose Jensen & Iliev 2022)
RoW Africa,RoW Africa,Africa,Services,material_extraction,kt,0.00012056317474448003,2022,EXIOBASE v3.8.2 IOT_2022_ixi with Danish sea-transport reallocation (Rørmose Jensen & Iliev 2022)
RoW Africa,RoW Africa,Africa,General and special Machinery,material_extraction,kt,0.000119717534665365,2022,EXIOBASE v3.8.2 IOT_2022_ixi with Danish sea-transport reallocation (Rørmose Jensen & Iliev 2022)
PRT,Portugal,Europe,Transport Equipment,waste_generation,kt,0.00011897268061431304,2022,EXIOBASE v3.8.2 IOT_2022_ixi with Danish sea-transport reallocation (Rørmose Jensen & Iliev 2022)
IDN,Indonesia,Asia and Pacific,Paper Products,blue_water_consumption,Mm3,0.00011879454618490733,2022,EXIOBASE v3.8.2 IOT_2022_ixi with Danish sea-transport reallocation (Rørmose Jensen & Iliev 2022)
BGR,Bulgaria,Europe,Natural gas and gaseous fuels,land_use,km2,0.0001181553103159099,2022,EXIOBASE v3.8.2 IOT_2022_ixi with Danish sea-transport reallocation (Rørmose Jensen & Iliev 2022)
LTU,Lithuania,Europe,Services,blue_water_consumption,Mm3,0.00011801161134995369,2022,EXIOBASE v3.8.2 IOT_2022_ixi with Danish sea-transport reallocation (Rørmose Jensen & Iliev 2022)
LUX,Luxembourg,Europe,Chemical,waste_generation,kt,0.00011769923686253376,2022,EXIOBASE v3.8.2 IOT_2022_ixi with Danish sea-transport reallocation (Rørmose Jensen & Iliev 2022)
HRV,Croatia,Europe,Construction,material_extraction,kt,0.0001170245212179241,2022,EXIOBASE v3.8.2 IOT_2022_ixi with Danish sea-transport reallocation (Rørmose Jensen & Iliev 2022)
EST,Estonia,Europe,Paper Products,blue_water_consumption,Mm3,0.0001159637270547631,2022,EXIOBASE v3.8.2 IOT_2022_ixi with Danish sea-transport reallocation (Rørmose Jensen & Iliev 2022)
BRA,Brazil,America,Furniture and timber,blue_water_consumption,Mm3,0.00011526674740617379,2022,EXIOBASE v3.8.2 IOT_2022_ixi with Danish sea-transport reallocation (Rørmose Jensen & Iliev 2022)
AUS,Australia,Asia and Pacific,Textile,blue_water_consumption,Mm3,0.0001145498690603324,2022,EXIOBASE v3.8.2 IOT_2022_ixi with Danish sea-transport reallocation (Rørmose Jensen & Iliev 2022)
RoW America,RoW America,America,Natural gas and gaseous fuels,blue_water_consumption,Mm3,0.00011393903719611402,2022,EXIOBASE v3.8.2 IOT_2022_ixi with Danish sea-transport reallocation (Rørmose Jensen & Iliev 2022)
TWN,Taiwan,Asia and Pacific,Textile,land_use,km2,0.0001138588335721557,2022,EXIOBASE v3.8.2 IOT_2022_ixi with Danish sea-transport reallocation (Rørmose Jensen & Iliev 2022)
IRL,Ireland,Europe,Transport Equipment,waste_generation,kt,0.00011168720546074967,2022,EXIOBASE v3.8.2 IOT_2022_ixi with Danish sea-transport reallocation (Rørmose Jensen & Iliev 2022)
CAN,Canada,America,Textile,material_extraction,kt,0.0001114583296907763,2022,EXIOBASE v3.8.2 IOT_2022_ixi with Danish sea-transport reallocation (Rørmose Jensen & Iliev 2022)
RoW Middle East,RoW Middle East,Middle East,Natural gas and gaseous fuels,land_use,km2,0.00011062525987075226,2022,EXIOBASE v3.8.2 IOT_2022_ixi with Danish sea-transport reallocation (Rørmose Jensen & Iliev 2022)
RoW Middle East,RoW Middle East,Middle East,Construction,land_use,km2,0.0001093851774436368,2022,EXIOBASE v3.8.2 IOT_2022_ixi with Danish sea-transport reallocation (Rørmose Jensen & Iliev 2022)
MLT,Malta,Europe,"Electrical, electronic and measuring equipment",climate_change,kt CO2eq,0.0001092449085890579,2022,EXIOBASE v3.8.2 IOT_2022_ixi with Danish sea-transport reallocation (Rørmose Jensen & Iliev 2022)
RoW Middle East,RoW Middle East,Middle East,Paper Products,blue_water_consumption,Mm3,0.00010816595618727845,2022,EXIOBASE v3.8.2 IOT_2022_ixi with Danish sea-transport reallocation (Rørmose Jensen & Iliev 2022)
HRV,Croatia,Europe,Natural gas and gaseous fuels,waste_generation,kt,0.00010788846808119812,2022,EXIOBASE v3.8.2 IOT_2022_ixi with Danish sea-transport reallocation (Rørmose Jensen & Iliev 2022)
AUT,Austria,Europe,Furniture and timber,blue_water_consumption,Mm3,0.00010720489670000259,2022,EXIOBASE v3.8.2 IOT_2022_ixi with Danish sea-transport reallocation (Rørmose Jensen & Iliev 2022)
BRA,Brazil,America,Waste management and disposal,material_extraction,kt,0.0001069378917534254,2022,EXIOBASE v3.8.2 IOT_2022_ixi with Danish sea-transport reallocation (Rørmose Jensen & Iliev 2022)
HRV,Croatia,Europe,Textile,waste_generation,kt,0.00010486616146588803,2022,EXIOBASE v3.8.2 IOT_2022_ixi with Danish sea-transport reallocation (Rørmose Jensen & Iliev 2022)
LUX,Luxembourg,Europe,Non-metallic mineral products,blue_water_consumption,Mm3,0.0001042456808305098,2022,EXIOBASE v3.8.2 IOT_2022_ixi with Danish sea-transport reallocation (Rørmose Jensen & Iliev 2022)
USA,United States,America,Minerals and Metals,waste_generation,kt,0.00010356629235629955,2022,EXIOBASE v3.8.2 IOT_2022_ixi with Danish sea-transport reallocation (Rørmose Jensen & Iliev 2022)
FIN,Finland,Europe,"Electrical, electronic and measuring equipment",blue_water_consumption,Mm3,0.00010180397538733354,2022,EXIOBASE v3.8.2 IOT_2022_ixi with Danish sea-transport reallocation (Rørmose Jensen & Iliev 2022)
BGR,Bulgaria,Europe,"Steam, hot water supply and water distribution",blue_water_consumption,Mm3,0.00010168759617788263,2022,EXIOBASE v3.8.2 IOT_2022_ixi with Danish sea-transport reallocation (Rørmose Jensen & Iliev 2022)
FIN,Finland,Europe,Coal and Petroleum,blue_water_consumption,Mm3,0.00010168454160068578,2022,EXIOBASE v3.8.2 IOT_2022_ixi with Danish sea-transport reallocation (Rørmose Jensen & Iliev 2022)
SVK,Slovakia,Europe,Coal and Petroleum,material_extraction,kt,0.0001003672895056811,2022,EXIOBASE v3.8.2 IOT_2022_ixi with Danish sea-transport reallocation (Rørmose Jensen & Iliev 2022)
LVA,Latvia,Europe,Natural gas and gaseous fuels,waste_generation,kt,9.963432540452363e-05,2022,EXIOBASE v3.8.2 IOT_2022_ixi with Danish sea-transport reallocation (Rørmose Jensen & Iliev 2022)
LTU,Lithuania,Europe,"Electrical, electronic and measuring equipment",waste_generation,kt,9.81731943082113e-05,2022,EXIOBASE v3.8.2 IOT_2022_ixi with Danish sea-transport reallocation (Rørmose Jensen & Iliev 2022)
RoW Middle East,RoW Middle East,Middle East,Non-metallic mineral products,blue_water_consumption,Mm3,9.805556174242316e-05,2022,EXIOBASE v3.8.2 IOT_2022_ixi with Danish sea-transport reallocation (Rørmose Jensen & Iliev 2022)
CZE,Czech Republic,Europe,Transport Equipment,land_use,km2,9.710013542475354e-05,2022,EXIOBASE v3.8.2 IOT_2022_ixi with Danish sea-transport reallocation (Rørmose Jensen & Iliev 2022)
ZAF,South Africa,Africa,Services,blue_water_consumption,Mm3,9.580629485164592e-05,2022,EXIOBASE v3.8.2 IOT_2022_ixi with Danish sea-transport reallocation (Rørmose Jensen & Iliev 2022)
DNK,Denmark,Denmark,Transport Equipment,blue_water_consumption,Mm3,9.555765827345867e-05,2022,EXIOBASE v3.8.2 IOT_2022_ixi with Danish sea-transport reallocation (Rørmose Jensen & Iliev 2022)
BEL,Belgium,Europe,Minerals and Metals,land_use,km2,9.554228995632054e-05,2022,EXIOBASE v3.8.2 IOT_2022_ixi with Danish sea-transport reallocation (Rørmose Jensen & Iliev 2022)
RoW Europe,RoW Europe,Europe,Construction,blue_water_consumption,Mm3,9.40784530284257e-05,2022,EXIOBASE v3.8.2 IOT_2022_ixi with Danish sea-transport reallocation (Rørmose Jensen & Iliev 2022)
RoW Asia and Pacific,RoW Asia and Pacific,Asia and Pacific,"Electrical, electronic and measuring equipment",land_use,km2,9.268379750202261e-05,2022,EXIOBASE v3.8.2 IOT_2022_ixi with Danish sea-transport reallocation (Rørmose Jensen & Iliev 2022)
POL,Poland,Europe,Construction,blue_water_consumption,Mm3,9.26210377932837e-05,2022,EXIOBASE v3.8.2 IOT_2022_ixi with Danish sea-transport reallocation (Rørmose Jensen & Iliev 2022)
POL,Poland,Europe,Minerals and Metals,land_use,km2,9.26210152558215e-05,2022,EXIOBASE v3.8.2 IOT_2022_ixi with Danish sea-transport reallocation (Rørmose Jensen & Iliev 2022)
ROU,Romania,Europe,General and special Machinery,blue_water_consumption,Mm3,9.164751269738777e-05,2022,EXIOBASE v3.8.2 IOT_2022_ixi with Danish sea-transport reallocation (Rørmose Jensen & Iliev 2022)
BRA,Brazil,America,Transport,waste_generation,kt,9.127842088153468e-05,2022,EXIOBASE v3.8.2 IOT_2022_ixi with Danish sea-transport reallocation (Rørmose Jensen & Iliev 2022)
MLT,Malta,Europe,Transport,blue_water_consumption,Mm3,9.038933214815087e-05,2022,EXIOBASE v3.8.2 IOT_2022_ixi with Danish sea-transport reallocation (Rørmose Jensen & Iliev 2022)
IDN,Indonesia,Asia and Pacific,Furniture and timber,blue_water_consumption,Mm3,8.907125730449081e-05,2022,EXIOBASE v3.8.2 IOT_2022_ixi with Danish sea-transport reallocation (Rørmose Jensen & Iliev 2022)
CAN,Canada,America,Textile,blue_water_consumption,Mm3,8.863262183076472e-05,2022,EXIOBASE v3.8.2 IOT_2022_ixi with Danish sea-transport reallocation (Rørmose Jensen & Iliev 2022)
SVN,Slovenia,Europe,Metal Products,land_use,km2,8.821696090356337e-05,2022,EXIOBASE v3.8.2 IOT_2022_ixi with Danish sea-transport reallocation (Rørmose Jensen & Iliev 2022)
IDN,Indonesia,Asia and Pacific,"Electrical, electronic and measuring equipment",blue_water_consumption,Mm3,8.722251531105809e-05,2022,EXIOBASE v3.8.2 IOT_2022_ixi with Danish sea-transport reallocation (Rørmose Jensen & Iliev 2022)
KOR,South Korea,Asia and Pacific,Minerals and Metals,waste_generation,kt,8.650051588813066e-05,2022,EXIOBASE v3.8.2 IOT_2022_ixi with Danish sea-transport reallocation (Rørmose Jensen & Iliev 2022)
IRL,Ireland,Europe,Textile,waste_generation,kt,8.646774439360912e-05,2022,EXIOBASE v3.8.2 IOT_2022_ixi with Danish sea-transport reallocation (Rørmose Jensen & Iliev 2022)
EST,Estonia,Europe,Transport Equipment,waste_generation,kt,8.581229668456923e-05,2022,EXIOBASE v3.8.2 IOT_2022_ixi with Danish sea-transport reallocation (Rørmose Jensen & Iliev 2022)
GRC,Greece,Europe,Non-metallic mineral products,blue_water_consumption,Mm3,8.503203106259353e-05,2022,EXIOBASE v3.8.2 IOT_2022_ixi with Danish sea-transport reallocation (Rørmose Jensen & Iliev 2022)
USA,United States,America,Natural gas and gaseous fuels,waste_generation,kt,8.474774810842421e-05,2022,EXIOBASE v3.8.2 IOT_2022_ixi with Danish sea-transport reallocation (Rørmose Jensen & Iliev 2022)
SWE,Sweden,Europe,Minerals and Metals,blue_water_consumption,Mm3,8.256603055674143e-05,2022,EXIOBASE v3.8.2 IOT_2022_ixi with Danish sea-transport reallocation (Rørmose Jensen & Iliev 2022)
HRV,Croatia,Europe,Non-metallic mineral products,blue_water_consumption,Mm3,8.234028891622422e-05,2022,EXIOBASE v3.8.2 IOT_2022_ixi with Danish sea-transport reallocation (Rørmose Jensen & Iliev 2022)
ROU,Romania,Europe,Waste management and disposal,waste_generation,kt,8.200258466267958e-05,2022,EXIOBASE v3.8.2 IOT_2022_ixi with Danish sea-transport reallocation (Rørmose Jensen & Iliev 2022)
CZE,Czech Republic,Europe,Natural gas and gaseous fuels,land_use,km2,8.166605082483222e-05,2022,EXIOBASE v3.8.2 IOT_2022_ixi with Danish sea-transport reallocation (Rørmose Jensen & Iliev 2022)
IRL,Ireland,Europe,Coal and Petroleum,blue_water_consumption,Mm3,8.0820049375223e-05,2022,EXIOBASE v3.8.2 IOT_2022_ixi with Danish sea-transport reallocation (Rørmose Jensen & Iliev 2022)
SVN,Slovenia,Europe,Transport,waste_generation,kt,8.047962349598542e-05,2022,EXIOBASE v3.8.2 IOT_2022_ixi with Danish sea-transport reallocation (Rørmose Jensen & Iliev 2022)
LTU,Lithuania,Europe,Transport Equipment,waste_generation,kt,7.894701120079707e-05,2022,EXIOBASE v3.8.2 IOT_2022_ixi with Danish sea-transport reallocation (Rørmose Jensen & Iliev 2022)
IRL,Ireland,Europe,Furniture and timber,material_extraction,kt,7.880684488917463e-05,2022,EXIOBASE v3.8.2 IOT_2022_ixi with Danish sea-transport reallocation (Rørmose Jensen & Iliev 2022)
BEL,Belgium,Europe,Transport Equipment,blue_water_consumption,Mm3,7.855408180824953e-05,2022,EXIOBASE v3.8.2 IOT_2022_ixi with Danish sea-transport reallocation (Rørmose Jensen & Iliev 2022)
ROU,Romania,Europe,"Electrical, electronic and measuring equipment",blue_water_consumption,Mm3,7.761793504317376e-05,2022,EXIOBASE v3.8.2 IOT_2022_ixi with Danish sea-transport reallocation (Rørmose Jensen & Iliev 2022)
IRL,Ireland,Europe,Transport,waste_generation,kt,7.571885686905471e-05,2022,EXIOBASE v3.8.2 IOT_2022_ixi with Danish sea-transport reallocation (Rørmose Jensen & Iliev 2022)
POL,Poland,Europe,Coal and Petroleum,land_use,km2,7.240411731502643e-05,2022,EXIOBASE v3.8.2 IOT_2022_ixi with Danish sea-transport reallocation (Rørmose Jensen & Iliev 2022)
CAN,Canada,America,"Steam, hot water supply and water distribution",material_extraction,kt,7.172106349649022e-05,2022,EXIOBASE v3.8.2 IOT_2022_ixi with Danish sea-transport reallocation (Rørmose Jensen & Iliev 2022)
MEX,Mexico,America,Paper Products,blue_water_consumption,Mm3,7.075495905667806e-05,2022,EXIOBASE v3.8.2 IOT_2022_ixi with Danish sea-transport reallocation (Rørmose Jensen & Iliev 2022)
ESP,Spain,Europe,Coal and Petroleum,blue_water_consumption,Mm3,7.05362696611345e-05,2022,EXIOBASE v3.8.2 IOT_2022_ixi with Danish sea-transport reallocation (Rørmose Jensen & Iliev 2022)
AUS,Australia,Asia and Pacific,"Electrical, electronic and measuring equipment",blue_water_consumption,Mm3,6.942790207219961e-05,2022,EXIOBASE v3.8.2 IOT_2022_ixi with Danish sea-transport reallocation (Rørmose Jensen & Iliev 2022)
LUX,Luxembourg,Europe,"Electrical, electronic and measuring equipment",waste_generation,kt,6.897280332885967e-05,2022,EXIOBASE v3.8.2 IOT_2022_ixi with Danish sea-transport reallocation (Rørmose Jensen & Iliev 2022)
BEL,Belgium,Europe,Construction,blue_water_consumption,Mm3,6.884412145061987e-05,2022,EXIOBASE v3.8.2 IOT_2022_ixi with Danish sea-transport reallocation (Rørmose Jensen & Iliev 2022)
ZAF,South Africa,Africa,Transport Equipment,blue_water_consumption,Mm3,6.867415749587879e-05,2022,EXIOBASE v3.8.2 IOT_2022_ixi with Danish sea-transport reallocation (Rørmose Jensen & Iliev 2022)
LVA,Latvia,Europe,General and special Machinery,blue_water_consumption,Mm3,6.859002026628654e-05,2022,EXIOBASE v3.8.2 IOT_2022_ixi with Danish sea-transport reallocation (Rørmose Jensen & Iliev 2022)
IRL,Ireland,Europe,Minerals and Metals,waste_generation,kt,6.816584552989084e-05,2022,EXIOBASE v3.8.2 IOT_2022_ixi with Danish sea-transport reallocation (Rørmose Jensen & Iliev 2022)
AUS,Australia,Asia and Pacific,"Steam, hot water supply and water distribution",climate_change,kt CO2eq,6.782174165182382e-05,2022,EXIOBASE v3.8.2 IOT_2022_ixi with Danish sea-transport reallocation (Rørmose Jensen & Iliev 2022)
CHE,Switzerland,Europe,Construction,land_use,km2,6.761973948275344e-05,2022,EXIOBASE v3.8.2 IOT_2022_ixi with Danish sea-transport reallocation (Rørmose Jensen & Iliev 2022)
BGR,Bulgaria,Europe,Waste management and disposal,blue_water_consumption,Mm3,6.692338478288924e-05,2022,EXIOBASE v3.8.2 IOT_2022_ixi with Danish sea-transport reallocation (Rørmose Jensen & Iliev 2022)
POL,Poland,Europe,Transport Equipment,blue_water_consumption,Mm3,6.678551487639108e-05,2022,EXIOBASE v3.8.2 IOT_2022_ixi with Danish sea-transport reallocation (Rørmose Jensen & Iliev 2022)
ITA,Italy,Europe,Transport,blue_water_consumption,Mm3,6.66539259230523e-05,2022,EXIOBASE v3.8.2 IOT_2022_ixi with Danish sea-transport reallocation (Rørmose Jensen & Iliev 2022)
POL,Poland,Europe,Transport Equipment,material_extraction,kt,6.624010165133212e-05,2022,EXIOBASE v3.8.2 IOT_2022_ixi with Danish sea-transport reallocation (Rørmose Jensen & Iliev 2022)
BGR,Bulgaria,Europe,Transport,blue_water_consumption,Mm3,6.519197625545216e-05,2022,EXIOBASE v3.8.2 IOT_2022_ixi with Danish sea-transport reallocation (Rørmose Jensen & Iliev 2022)
IDN,Indonesia,Asia and Pacific,Textile,blue_water_consumption,Mm3,6.465485662266318e-05,2022,EXIOBASE v3.8.2 IOT_2022_ixi with Danish sea-transport reallocation (Rørmose Jensen & Iliev 2022)
MLT,Malta,Europe,Chemical,waste_generation,kt,6.420639392039273e-05,2022,EXIOBASE v3.8.2 IOT_2022_ixi with Danish sea-transport reallocation (Rørmose Jensen & Iliev 2022)
LTU,Lithuania,Europe,Metal Products,waste_generation,kt,6.419074980863277e-05,2022,EXIOBASE v3.8.2 IOT_2022_ixi with Danish sea-transport reallocation (Rørmose Jensen & Iliev 2022)
SVN,Slovenia,Europe,Metal Products,blue_water_consumption,Mm3,6.415866851326119e-05,2022,EXIOBASE v3.8.2 IOT_2022_ixi with Danish sea-transport reallocation (Rørmose Jensen & Iliev 2022)
HUN,Hungary,Europe,Transport Equipment,blue_water_consumption,Mm3,6.414266069341553e-05,2022,EXIOBASE v3.8.2 IOT_2022_ixi with Danish sea-transport reallocation (Rørmose Jensen & Iliev 2022)
TUR,Turkey,Middle East,Coal and Petroleum,blue_water_consumption,Mm3,6.398394352572531e-05,2022,EXIOBASE v3.8.2 IOT_2022_ixi with Danish sea-transport reallocation (Rørmose Jensen & Iliev 2022)
AUT,Austria,Europe,Textile,blue_water_consumption,Mm3,6.255495133195187e-05,2022,EXIOBASE v3.8.2 IOT_2022_ixi with Danish sea-transport reallocation (Rørmose Jensen & Iliev 2022)
RoW Middle East,RoW Middle East,Middle East,General and special Machinery,blue_water_consumption,Mm3,6.143368089694207e-05,2022,EXIOBASE v3.8.2 IOT_2022_ixi with Danish sea-transport reallocation (Rørmose Jensen & Iliev 2022)
ROU,Romania,Europe,Minerals and Metals,waste_generation,kt,6.0332994161942315e-05,2022,EXIOBASE v3.8.2 IOT_2022_ixi with Danish sea-transport reallocation (Rørmose Jensen & Iliev 2022)
MLT,Malta,Europe,Natural gas and gaseous fuels,climate_change,kt CO2eq,6.01318298196838e-05,2022,EXIOBASE v3.8.2 IOT_2022_ixi with Danish sea-transport reallocation (Rørmose Jensen & Iliev 2022)
DNK,Denmark,Denmark,Services,blue_water_consumption,Mm3,5.970442347062704e-05,2022,EXIOBASE v3.8.2 IOT_2022_ixi with Danish sea-transport reallocation (Rørmose Jensen & Iliev 2022)
PRT,Portugal,Europe,General and special Machinery,blue_water_consumption,Mm3,5.708524523015322e-05,2022,EXIOBASE v3.8.2 IOT_2022_ixi with Danish sea-transport reallocation (Rørmose Jensen & Iliev 2022)
MLT,Malta,Europe,Transport,land_use,km2,5.63960091617618e-05,2022,EXIOBASE v3.8.2 IOT_2022_ixi with Danish sea-transport reallocation (Rørmose Jensen & Iliev 2022)
CYP,Cyprus,Middle East,Paper Products,waste_generation,kt,5.626683600973377e-05,2022,EXIOBASE v3.8.2 IOT_2022_ixi with Danish sea-transport reallocation (Rørmose Jensen & Iliev 2022)
CAN,Canada,America,Non-metallic mineral products,blue_water_consumption,Mm3,5.563890416648317e-05,2022,EXIOBASE v3.8.2 IOT_2022_ixi with Danish sea-transport reallocation (Rørmose Jensen & Iliev 2022)
BGR,Bulgaria,Europe,Metal Products,land_use,km2,5.556438322408837e-05,2022,EXIOBASE v3.8.2 IOT_2022_ixi with Danish sea-transport reallocation (Rørmose Jensen & Iliev 2022)
LTU,Lithuania,Europe,Metal Products,blue_water_consumption,Mm3,5.550004884932565e-05,2022,EXIOBASE v3.8.2 IOT_2022_ixi with Danish sea-transport reallocation (Rørmose Jensen & Iliev 2022)
GRC,Greece,Europe,Textile,blue_water_consumption,Mm3,5.549690677845921e-05,2022,EXIOBASE v3.8.2 IOT_2022_ixi with Danish sea-transport reallocation (Rørmose Jensen & Iliev 2022)
POL,Poland,Europe,Natural gas and gaseous fuels,land_use,km2,5.540586468978044e-05,2022,EXIOBASE v3.8.2 IOT_2022_ixi with Danish sea-transport reallocation (Rørmose Jensen & Iliev 2022)
LUX,Luxembourg,Europe,Textile,blue_water_consumption,Mm3,5.364358567096657e-05,2022,EXIOBASE v3.8.2 IOT_2022_ixi with Danish sea-transport reallocation (Rørmose Jensen & Iliev 2022)
EST,Estonia,Europe,Coal and Petroleum,waste_generation,kt,5.3199443737619155e-05,2022,EXIOBASE v3.8.2 IOT_2022_ixi with Danish sea-transport reallocation (Rørmose Jensen & Iliev 2022)
CZE,Czech Republic,Europe,Coal and Petroleum,land_use,km2,5.297697178785235e-05,2022,EXIOBASE v3.8.2 IOT_2022_ixi with Danish sea-transport reallocation (Rørmose Jensen & Iliev 2022)
SVN,Slovenia,Europe,Coal and Petroleum,waste_generation,kt,5.217868769116544e-05,2022,EXIOBASE v3.8.2 IOT_2022_ixi with Danish sea-transport reallocation (Rørmose Jensen & Iliev 2022)
NOR,Norway,Europe,Furniture and timber,material_extraction,kt,5.206069285919125e-05,2022,EXIOBASE v3.8.2 IOT_2022_ixi with Danish sea-transport reallocation (Rørmose Jensen & Iliev 2022)
SVK,Slovakia,Europe,Textile,land_use,km2,5.204170652685194e-05,2022,EXIOBASE v3.8.2 IOT_2022_ixi with Danish sea-transport reallocation (Rørmose Jensen & Iliev 2022)
CAN,Canada,America,Furniture and timber,blue_water_consumption,Mm3,5.1892502825825896e-05,2022,EXIOBASE v3.8.2 IOT_2022_ixi with Danish sea-transport reallocation (Rørmose Jensen & Iliev 2022)
DEU,Germany,Europe,Minerals and Metals,blue_water_consumption,Mm3,5.0637473458314346e-05,2022,EXIOBASE v3.8.2 IOT_2022_ixi with Danish sea-transport reallocation (Rørmose Jensen & Iliev 2022)
SWE,Sweden,Europe,Minerals and Metals,land_use,km2,5.005368556386085e-05,2022,EXIOBASE v3.8.2 IOT_2022_ixi with Danish sea-transport reallocation (Rørmose Jensen & Iliev 2022)
POL,Poland,Europe,Electricity,land_use,km2,4.9318034605625295e-05,2022,EXIOBASE v3.8.2 IOT_2022_ixi with Danish sea-transport reallocation (Rørmose Jensen & Iliev 2022)
MEX,Mexico,America,Transport Equipment,blue_water_consumption,Mm3,4.872242692026869e-05,2022,EXIOBASE v3.8.2 IOT_2022_ixi with Danish sea-transport reallocation (Rørmose Jensen & Iliev 2022)
LUX,Luxembourg,Europe,"Steam, hot water supply and water distribution",climate_change,kt CO2eq,4.82534917892388e-05,2022,EXIOBASE v3.8.2 IOT_2022_ixi with Danish sea-transport reallocation (Rørmose Jensen & Iliev 2022)
ESP,Spain,Europe,"Steam, hot water supply and water distribution",waste_generation,kt,4.798338002796537e-05,2022,EXIOBASE v3.8.2 IOT_2022_ixi with Danish sea-transport reallocation (Rørmose Jensen & Iliev 2022)
AUT,Austria,Europe,Minerals and Metals,waste_generation,kt,4.7877392363894524e-05,2022,EXIOBASE v3.8.2 IOT_2022_ixi with Danish sea-transport reallocation (Rørmose Jensen & Iliev 2022)
SVK,Slovakia,Europe,Construction,blue_water_consumption,Mm3,4.7499960486645067e-05,2022,EXIOBASE v3.8.2 IOT_2022_ixi with Danish sea-transport reallocation (Rørmose Jensen & Iliev 2022)
DNK,Denmark,Denmark,Minerals and Metals,blue_water_consumption,Mm3,4.7474120789418527e-05,2022,EXIOBASE v3.8.2 IOT_2022_ixi with Danish sea-transport reallocation (Rørmose Jensen & Iliev 2022)
TWN,Taiwan,Asia and Pacific,Electricity,blue_water_consumption,Mm3,4.687976359313955e-05,2022,EXIOBASE v3.8.2 IOT_2022_ixi with Danish sea-transport reallocation (Rørmose Jensen & Iliev 2022)
CAN,Canada,America,Natural gas and gaseous fuels,blue_water_consumption,Mm3,4.634737077823625e-05,2022,EXIOBASE v3.8.2 IOT_2022_ixi with Danish sea-transport reallocation (Rørmose Jensen & Iliev 2022)
LVA,Latvia,Europe,"Electrical, electronic and measuring equipment",waste_generation,kt,4.5942368820379275e-05,2022,EXIOBASE v3.8.2 IOT_2022_ixi with Danish sea-transport reallocation (Rørmose Jensen & Iliev 2022)
LTU,Lithuania,Europe,Minerals and Metals,waste_generation,kt,4.579626241903095e-05,2022,EXIOBASE v3.8.2 IOT_2022_ixi with Danish sea-transport reallocation (Rørmose Jensen & Iliev 2022)
EST,Estonia,Europe,Natural gas and gaseous fuels,waste_generation,kt,4.484403288955381e-05,2022,EXIOBASE v3.8.2 IOT_2022_ixi with Danish sea-transport reallocation (Rørmose Jensen & Iliev 2022)
SVK,Slovakia,Europe,Transport Equipment,land_use,km2,4.454237169782505e-05,2022,EXIOBASE v3.8.2 IOT_2022_ixi with Danish sea-transport reallocation (Rørmose Jensen & Iliev 2022)
EST,Estonia,Europe,General and special Machinery,waste_generation,kt,4.4510122250663354e-05,2022,EXIOBASE v3.8.2 IOT_2022_ixi with Danish sea-transport reallocation (Rørmose Jensen & Iliev 2022)
SVN,Slovenia,Europe,Waste management and disposal,land_use,km2,4.3804941218270514e-05,2022,EXIOBASE v3.8.2 IOT_2022_ixi with Danish sea-transport reallocation (Rørmose Jensen & Iliev 2022)
TUR,Turkey,Middle East,"Electrical, electronic and measuring equipment",blue_water_consumption,Mm3,4.348237790268708e-05,2022,EXIOBASE v3.8.2 IOT_2022_ixi with Danish sea-transport reallocation (Rørmose Jensen & Iliev 2022)
LUX,Luxembourg,Europe,Natural gas and gaseous fuels,climate_change,kt CO2eq,4.344990153031029e-05,2022,EXIOBASE v3.8.2 IOT_2022_ixi with Danish sea-transport reallocation (Rørmose Jensen & Iliev 2022)
NOR,Norway,Europe,Transport Equipment,material_extraction,kt,4.152025337919384e-05,2022,EXIOBASE v3.8.2 IOT_2022_ixi with Danish sea-transport reallocation (Rørmose Jensen & Iliev 2022)
RUS,Russia,Europe,Construction,blue_water_consumption,Mm3,4.119350258320895e-05,2022,EXIOBASE v3.8.2 IOT_2022_ixi with Danish sea-transport reallocation (Rørmose Jensen & Iliev 2022)
LTU,Lithuania,Europe,Electricity,waste_generation,kt,4.110965993997625e-05,2022,EXIOBASE v3.8.2 IOT_2022_ixi with Danish sea-transport reallocation (Rørmose Jensen & Iliev 2022)
PRT,Portugal,Europe,Minerals and Metals,waste_generation,kt,4.096836987933157e-05,2022,EXIOBASE v3.8.2 IOT_2022_ixi with Danish sea-transport reallocation (Rørmose Jensen & Iliev 2022)
FIN,Finland,Europe,General and special Machinery,blue_water_consumption,Mm3,4.090554870083111e-05,2022,EXIOBASE v3.8.2 IOT_2022_ixi with Danish sea-transport reallocation (Rørmose Jensen & Iliev 2022)
ROU,Romania,Europe,Natural gas and gaseous fuels,waste_generation,kt,4.025976224942935e-05,2022,EXIOBASE v3.8.2 IOT_2022_ixi with Danish sea-transport reallocation (Rørmose Jensen & Iliev 2022)
HUN,Hungary,Europe,Metal Products,land_use,km2,4.022892933695867e-05,2022,EXIOBASE v3.8.2 IOT_2022_ixi with Danish sea-transport reallocation (Rørmose Jensen & Iliev 2022)
LUX,Luxembourg,Europe,Transport Equipment,waste_generation,kt,3.966547146056003e-05,2022,EXIOBASE v3.8.2 IOT_2022_ixi with Danish sea-transport reallocation (Rørmose Jensen & Iliev 2022)
BRA,Brazil,America,Services,blue_water_consumption,Mm3,3.9451778568331115e-05,2022,EXIOBASE v3.8.2 IOT_2022_ixi with Danish sea-transport reallocation (Rørmose Jensen & Iliev 2022)
HRV,Croatia,Europe,Textile,blue_water_consumption,Mm3,3.932328093508219e-05,2022,EXIOBASE v3.8.2 IOT_2022_ixi with Danish sea-transport reallocation (Rørmose Jensen & Iliev 2022)
IND,India,Asia and Pacific,"Electrical, electronic and measuring equipment",material_extraction,kt,3.861033365053155e-05,2022,EXIOBASE v3.8.2 IOT_2022_ixi with Danish sea-transport reallocation (Rørmose Jensen & Iliev 2022)
HRV,Croatia,Europe,"Electrical, electronic and measuring equipment",blue_water_consumption,Mm3,3.785262617570398e-05,2022,EXIOBASE v3.8.2 IOT_2022_ixi with Danish sea-transport reallocation (Rørmose Jensen & Iliev 2022)
SVK,Slovakia,Europe,Minerals and Metals,blue_water_consumption,Mm3,3.779101385355022e-05,2022,EXIOBASE v3.8.2 IOT_2022_ixi with Danish sea-transport reallocation (Rørmose Jensen & Iliev 2022)
NLD,Netherlands,Europe,Construction,blue_water_consumption,Mm3,3.7720004150904e-05,2022,EXIOBASE v3.8.2 IOT_2022_ixi with Danish sea-transport reallocation (Rørmose Jensen & Iliev 2022)
ITA,Italy,Europe,Coal and Petroleum,blue_water_consumption,Mm3,3.771420388427798e-05,2022,EXIOBASE v3.8.2 IOT_2022_ixi with Danish sea-transport reallocation (Rørmose Jensen & Iliev 2022)
IND,India,Asia and Pacific,Food and catering,material_extraction,kt,3.743610049427803e-05,2022,EXIOBASE v3.8.2 IOT_2022_ixi with Danish sea-transport reallocation (Rørmose Jensen & Iliev 2022)
CZE,Czech Republic,Europe,Furniture and timber,blue_water_consumption,Mm3,3.7102367050077966e-05,2022,EXIOBASE v3.8.2 IOT_2022_ixi with Danish sea-transport reallocation (Rørmose Jensen & Iliev 2022)
CZE,Czech Republic,Europe,"Electrical, electronic and measuring equipment",blue_water_consumption,Mm3,3.681202805854715e-05,2022,EXIOBASE v3.8.2 IOT_2022_ixi with Danish sea-transport reallocation (Rørmose Jensen & Iliev 2022)
RoW Middle East,RoW Middle East,Middle East,Coal and Petroleum,blue_water_consumption,Mm3,3.649952176783345e-05,2022,EXIOBASE v3.8.2 IOT_2022_ixi with Danish sea-transport reallocation (Rørmose Jensen & Iliev 2022)
POL,Poland,Europe,"Steam, hot water supply and water distribution",land_use,km2,3.614095710304623e-05,2022,EXIOBASE v3.8.2 IOT_2022_ixi with Danish sea-transport reallocation (Rørmose Jensen & Iliev 2022)
MEX,Mexico,America,General and special Machinery,land_use,km2,3.569414705954684e-05,2022,EXIOBASE v3.8.2 IOT_2022_ixi with Danish sea-transport reallocation (Rørmose Jensen & Iliev 2022)
AUS,Australia,Asia and Pacific,General and special Machinery,blue_water_consumption,Mm3,3.5089096508070736e-05,2022,EXIOBASE v3.8.2 IOT_2022_ixi with Danish sea-transport reallocation (Rørmose Jensen & Iliev 2022)
SVK,Slovakia,Europe,Construction,land_use,km2,3.4934478486452305e-05,2022,EXIOBASE v3.8.2 IOT_2022_ixi with Danish sea-transport reallocation (Rørmose Jensen & Iliev 2022)
RUS,Russia,Europe,Transport Equipment,blue_water_consumption,Mm3,3.488855959518894e-05,2022,EXIOBASE v3.8.2 IOT_2022_ixi with Danish sea-transport reallocation (Rørmose Jensen & Iliev 2022)
TUR,Turkey,Middle East,General and special Machinery,blue_water_consumption,Mm3,3.454171357172675e-05,2022,EXIOBASE v3.8.2 IOT_2022_ixi with Danish sea-transport reallocation (Rørmose Jensen & Iliev 2022)
BGR,Bulgaria,Europe,Transport Equipment,blue_water_consumption,Mm3,3.4480052810636644e-05,2022,EXIOBASE v3.8.2 IOT_2022_ixi with Danish sea-transport reallocation (Rørmose Jensen & Iliev 2022)
AUT,Austria,Europe,Minerals and Metals,blue_water_consumption,Mm3,3.4441183027230705e-05,2022,EXIOBASE v3.8.2 IOT_2022_ixi with Danish sea-transport reallocation (Rørmose Jensen & Iliev 2022)
POL,Poland,Europe,Construction,land_use,km2,3.335075029030584e-05,2022,EXIOBASE v3.8.2 IOT_2022_ixi with Danish sea-transport reallocation (Rørmose Jensen & Iliev 2022)
HRV,Croatia,Europe,Furniture and timber,blue_water_consumption,Mm3,3.3329208982271584e-05,2022,EXIOBASE v3.8.2 IOT_2022_ixi with Danish sea-transport reallocation (Rørmose Jensen & Iliev 2022)
HRV,Croatia,Europe,Transport Equipment,waste_generation,kt,3.312635427481486e-05,2022,EXIOBASE v3.8.2 IOT_2022_ixi with Danish sea-transport reallocation (Rørmose Jensen & Iliev 2022)
MLT,Malta,Europe,Services,blue_water_consumption,Mm3,3.295906869331524e-05,2022,EXIOBASE v3.8.2 IOT_2022_ixi with Danish sea-transport reallocation (Rørmose Jensen & Iliev 2022)
HUN,Hungary,Europe,Coal and Petroleum,land_use,km2,3.289140521739435e-05,2022,EXIOBASE v3.8.2 IOT_2022_ixi with Danish sea-transport reallocation (Rørmose Jensen & Iliev 2022)
BGR,Bulgaria,Europe,Construction,blue_water_consumption,Mm3,3.223957704013437e-05,2022,EXIOBASE v3.8.2 IOT_2022_ixi with Danish sea-transport reallocation (Rørmose Jensen & Iliev 2022)
AUT,Austria,Europe,"Electrical, electronic and measuring equipment",blue_water_consumption,Mm3,3.188732285156564e-05,2022,EXIOBASE v3.8.2 IOT_2022_ixi with Danish sea-transport reallocation (Rørmose Jensen & Iliev 2022)
RoW Africa,RoW Africa,Africa,"Steam, hot water supply and water distribution",blue_water_consumption,Mm3,3.09311311371169e-05,2022,EXIOBASE v3.8.2 IOT_2022_ixi with Danish sea-transport reallocation (Rørmose Jensen & Iliev 2022)
ESP,Spain,Europe,Minerals and Metals,blue_water_consumption,Mm3,3.078428836034787e-05,2022,EXIOBASE v3.8.2 IOT_2022_ixi with Danish sea-transport reallocation (Rørmose Jensen & Iliev 2022)
BEL,Belgium,Europe,Furniture and timber,blue_water_consumption,Mm3,3.0702860903023435e-05,2022,EXIOBASE v3.8.2 IOT_2022_ixi with Danish sea-transport reallocation (Rørmose Jensen & Iliev 2022)
RoW Middle East,RoW Middle East,Middle East,Natural gas and gaseous fuels,blue_water_consumption,Mm3,3.0552311782978465e-05,2022,EXIOBASE v3.8.2 IOT_2022_ixi with Danish sea-transport reallocation (Rørmose Jensen & Iliev 2022)
LUX,Luxembourg,Europe,Electricity,waste_generation,kt,3.0298978278502037e-05,2022,EXIOBASE v3.8.2 IOT_2022_ixi with Danish sea-transport reallocation (Rørmose Jensen & Iliev 2022)
SWE,Sweden,Europe,Transport,blue_water_consumption,Mm3,3.0132344586466222e-05,2022,EXIOBASE v3.8.2 IOT_2022_ixi with Danish sea-transport reallocation (Rørmose Jensen & Iliev 2022)
CHE,Switzerland,Europe,Furniture and timber,blue_water_consumption,Mm3,2.9938504958749623e-05,2022,EXIOBASE v3.8.2 IOT_2022_ixi with Danish sea-transport reallocation (Rørmose Jensen & Iliev 2022)
AUS,Australia,Asia and Pacific,Non-metallic mineral products,blue_water_consumption,Mm3,2.9700409274516635e-05,2022,EXIOBASE v3.8.2 IOT_2022_ixi with Danish sea-transport reallocation (Rørmose Jensen & Iliev 2022)
LUX,Luxembourg,Europe,Paper Products,blue_water_consumption,Mm3,2.932213435205305e-05,2022,EXIOBASE v3.8.2 IOT_2022_ixi with Danish sea-transport reallocation (Rørmose Jensen & Iliev 2022)
DNK,Denmark,Denmark,Construction,blue_water_consumption,Mm3,2.891506537833418e-05,2022,EXIOBASE v3.8.2 IOT_2022_ixi with Danish sea-transport reallocation (Rørmose Jensen & Iliev 2022)
LVA,Latvia,Europe,Services,land_use,km2,2.870685324330833e-05,2022,EXIOBASE v3.8.2 IOT_2022_ixi with Danish sea-transport reallocation (Rørmose Jensen & Iliev 2022)
PRT,Portugal,Europe,"Steam, hot water supply and water distribution",waste_generation,kt,2.817156729183161e-05,2022,EXIOBASE v3.8.2 IOT_2022_ixi with Danish sea-transport reallocation (Rørmose Jensen & Iliev 2022)
HUN,Hungary,Europe,Paper Products,land_use,km2,2.7833544758626642e-05,2022,EXIOBASE v3.8.2 IOT_2022_ixi with Danish sea-transport reallocation (Rørmose Jensen & Iliev 2022)
DEU,Germany,Europe,Natural gas and gaseous fuels,blue_water_consumption,Mm3,2.7556097589189478e-05,2022,EXIOBASE v3.8.2 IOT_2022_ixi with Danish sea-transport reallocation (Rørmose Jensen & Iliev 2022)
RUS,Russia,Europe,Transport Equipment,land_use,km2,2.716136111307383e-05,2022,EXIOBASE v3.8.2 IOT_2022_ixi with Danish sea-transport reallocation (Rørmose Jensen & Iliev 2022)
CZE,Czech Republic,Europe,Coal and Petroleum,blue_water_consumption,Mm3,2.714164382566935e-05,2022,EXIOBASE v3.8.2 IOT_2022_ixi with Danish sea-transport reallocation (Rørmose Jensen & Iliev 2022)
BEL,Belgium,Europe,"Steam, hot water supply and water distribution",waste_generation,kt,2.711890873308105e-05,2022,EXIOBASE v3.8.2 IOT_2022_ixi with Danish sea-transport reallocation (Rørmose Jensen & Iliev 2022)
EST,Estonia,Europe,Textile,blue_water_consumption,Mm3,2.6663403089372104e-05,2022,EXIOBASE v3.8.2 IOT_2022_ixi with Danish sea-transport reallocation (Rørmose Jensen & Iliev 2022)
LVA,Latvia,Europe,Furniture and timber,blue_water_consumption,Mm3,2.6655513608373376e-05,2022,EXIOBASE v3.8.2 IOT_2022_ixi with Danish sea-transport reallocation (Rørmose Jensen & Iliev 2022)
HUN,Hungary,Europe,Transport,blue_water_consumption,Mm3,2.6527194949016825e-05,2022,EXIOBASE v3.8.2 IOT_2022_ixi with Danish sea-transport reallocation (Rørmose Jensen & Iliev 2022)
CZE,Czech Republic,Europe,General and special Machinery,blue_water_consumption,Mm3,2.6496175570350506e-05,2022,EXIOBASE v3.8.2 IOT_2022_ixi with Danish sea-transport reallocation (Rørmose Jensen & Iliev 2022)
CZE,Czech Republic,Europe,Chemical,land_use,km2,2.6469049565452176e-05,2022,EXIOBASE v3.8.2 IOT_2022_ixi with Danish sea-transport reallocation (Rørmose Jensen & Iliev 2022)
RoW America,RoW America,America,Construction,blue_water_consumption,Mm3,2.63824191424678e-05,2022,EXIOBASE v3.8.2 IOT_2022_ixi with Danish sea-transport reallocation (Rørmose Jensen & Iliev 2022)
CYP,Cyprus,Middle East,Services,waste_generation,kt,2.584432022326973e-05,2022,EXIOBASE v3.8.2 IOT_2022_ixi with Danish sea-transport reallocation (Rørmose Jensen & Iliev 2022)
LUX,Luxembourg,Europe,"Electrical, electronic and measuring equipment",blue_water_consumption,Mm3,2.5725313703121936e-05,2022,EXIOBASE v3.8.2 IOT_2022_ixi with Danish sea-transport reallocation (Rørmose Jensen & Iliev 2022)
LTU,Lithuania,Europe,Textile,land_use,km2,2.540188817480646e-05,2022,EXIOBASE v3.8.2 IOT_2022_ixi with Danish sea-transport reallocation (Rørmose Jensen & Iliev 2022)
ROU,Romania,Europe,Furniture and timber,blue_water_consumption,Mm3,2.467061070206166e-05,2022,EXIOBASE v3.8.2 IOT_2022_ixi with Danish sea-transport reallocation (Rørmose Jensen & Iliev 2022)
DEU,Germany,Europe,Metal Products,material_extraction,kt,2.433916125823462e-05,2022,EXIOBASE v3.8.2 IOT_2022_ixi with Danish sea-transport reallocation (Rørmose Jensen & Iliev 2022)
BGR,Bulgaria,Europe,Minerals and Metals,waste_generation,kt,2.4177009173767285e-05,2022,EXIOBASE v3.8.2 IOT_2022_ixi with Danish sea-transport reallocation (Rørmose Jensen & Iliev 2022)
MEX,Mexico,America,Non-metallic mineral products,blue_water_consumption,Mm3,2.3893686800370254e-05,2022,EXIOBASE v3.8.2 IOT_2022_ixi with Danish sea-transport reallocation (Rørmose Jensen & Iliev 2022)
HRV,Croatia,Europe,Waste management and disposal,land_use,km2,2.3576739836659756e-05,2022,EXIOBASE v3.8.2 IOT_2022_ixi with Danish sea-transport reallocation (Rørmose Jensen & Iliev 2022)
MEX,Mexico,America,Waste management and disposal,waste_generation,kt,2.3546050351261258e-05,2022,EXIOBASE v3.8.2 IOT_2022_ixi with Danish sea-transport reallocation (Rørmose Jensen & Iliev 2022)
DEU,Germany,Europe,Transport Equipment,blue_water_consumption,Mm3,2.3525090862439032e-05,2022,EXIOBASE v3.8.2 IOT_2022_ixi with Danish sea-transport reallocation (Rørmose Jensen & Iliev 2022)
AUT,Austria,Europe,Waste management and disposal,blue_water_consumption,Mm3,2.332262135096243e-05,2022,EXIOBASE v3.8.2 IOT_2022_ixi with Danish sea-transport reallocation (Rørmose Jensen & Iliev 2022)
IND,India,Asia and Pacific,Metal Products,material_extraction,kt,2.33082544264363e-05,2022,EXIOBASE v3.8.2 IOT_2022_ixi with Danish sea-transport reallocation (Rørmose Jensen & Iliev 2022)
MEX,Mexico,America,Minerals and Metals,waste_generation,kt,2.3136435312498962e-05,2022,EXIOBASE v3.8.2 IOT_2022_ixi with Danish sea-transport reallocation (Rørmose Jensen & Iliev 2022)
BRA,Brazil,America,Natural gas and gaseous fuels,waste_generation,kt,2.3033461142676143e-05,2022,EXIOBASE v3.8.2 IOT_2022_ixi with Danish sea-transport reallocation (Rørmose Jensen & Iliev 2022)
CYP,Cyprus,Middle East,"Electrical, electronic and measuring equipment",climate_change,kt CO2eq,2.2920028812318587e-05,2022,EXIOBASE v3.8.2 IOT_2022_ixi with Danish sea-transport reallocation (Rørmose Jensen & Iliev 2022)
SVK,Slovakia,Europe,Chemical,land_use,km2,2.268434794400684e-05,2022,EXIOBASE v3.8.2 IOT_2022_ixi with Danish sea-transport reallocation (Rørmose Jensen & Iliev 2022)
GRC,Greece,Europe,Natural gas and gaseous fuels,waste_generation,kt,2.257364190530807e-05,2022,EXIOBASE v3.8.2 IOT_2022_ixi with Danish sea-transport reallocation (Rørmose Jensen & Iliev 2022)
HUN,Hungary,Europe,General and special Machinery,land_use,km2,2.242138824388668e-05,2022,EXIOBASE v3.8.2 IOT_2022_ixi with Danish sea-transport reallocation (Rørmose Jensen & Iliev 2022)
PRT,Portugal,Europe,Minerals and Metals,blue_water_consumption,Mm3,2.221482923957738e-05,2022,EXIOBASE v3.8.2 IOT_2022_ixi with Danish sea-transport reallocation (Rørmose Jensen & Iliev 2022)
AUT,Austria,Europe,Natural gas and gaseous fuels,blue_water_consumption,Mm3,2.1896046362877437e-05,2022,EXIOBASE v3.8.2 IOT_2022_ixi with Danish sea-transport reallocation (Rørmose Jensen & Iliev 2022)
ITA,Italy,Europe,"Steam, hot water supply and water distribution",blue_water_consumption,Mm3,2.180024105163284e-05,2022,EXIOBASE v3.8.2 IOT_2022_ixi with Danish sea-transport reallocation (Rørmose Jensen & Iliev 2022)
LTU,Lithuania,Europe,General and special Machinery,waste_generation,kt,2.171566910591641e-05,2022,EXIOBASE v3.8.2 IOT_2022_ixi with Danish sea-transport reallocation (Rørmose Jensen & Iliev 2022)
EST,Estonia,Europe,"Electrical, electronic and measuring equipment",blue_water_consumption,Mm3,2.1590026970727065e-05,2022,EXIOBASE v3.8.2 IOT_2022_ixi with Danish sea-transport reallocation (Rørmose Jensen & Iliev 2022)
LVA,Latvia,Europe,Transport,blue_water_consumption,Mm3,2.154337888313447e-05,2022,EXIOBASE v3.8.2 IOT_2022_ixi with Danish sea-transport reallocation (Rørmose Jensen & Iliev 2022)
HRV,Croatia,Europe,General and special Machinery,blue_water_consumption,Mm3,2.098718180415275e-05,2022,EXIOBASE v3.8.2 IOT_2022_ixi with Danish sea-transport reallocation (Rørmose Jensen & Iliev 2022)
RoW America,RoW America,America,Textile,material_extraction,kt,2.0477895553890913e-05,2022,EXIOBASE v3.8.2 IOT_2022_ixi with Danish sea-transport reallocation (Rørmose Jensen & Iliev 2022)
LVA,Latvia,Europe,Transport Equipment,waste_generation,kt,2.0250617238890053e-05,2022,EXIOBASE v3.8.2 IOT_2022_ixi with Danish sea-transport reallocation (Rørmose Jensen & Iliev 2022)
IND,India,Asia and Pacific,Non-metallic mineral products,land_use,km2,2.024841570513878e-05,2022,EXIOBASE v3.8.2 IOT_2022_ixi with Danish sea-transport reallocation (Rørmose Jensen & Iliev 2022)
KOR,South Korea,Asia and Pacific,Transport Equipment,blue_water_consumption,Mm3,1.985966004740072e-05,2022,EXIOBASE v3.8.2 IOT_2022_ixi with Danish sea-transport reallocation (Rørmose Jensen & Iliev 2022)
TUR,Turkey,Middle East,Non-metallic mineral products,land_use,km2,1.9242900682350608e-05,2022,EXIOBASE v3.8.2 IOT_2022_ixi with Danish sea-transport reallocation (Rørmose Jensen & Iliev 2022)
PRT,Portugal,Europe,Waste management and disposal,blue_water_consumption,Mm3,1.9111631367765968e-05,2022,EXIOBASE v3.8.2 IOT_2022_ixi with Danish sea-transport reallocation (Rørmose Jensen & Iliev 2022)
RoW Middle East,RoW Middle East,Middle East,Transport Equipment,blue_water_consumption,Mm3,1.907991472366384e-05,2022,EXIOBASE v3.8.2 IOT_2022_ixi with Danish sea-transport reallocation (Rørmose Jensen & Iliev 2022)
SVK,Slovakia,Europe,Minerals and Metals,land_use,km2,1.9020702192487435e-05,2022,EXIOBASE v3.8.2 IOT_2022_ixi with Danish sea-transport reallocation (Rørmose Jensen & Iliev 2022)
HUN,Hungary,Europe,Waste management and disposal,blue_water_consumption,Mm3,1.898219028576413e-05,2022,EXIOBASE v3.8.2 IOT_2022_ixi with Danish sea-transport reallocation (Rørmose Jensen & Iliev 2022)
POL,Poland,Europe,General and special Machinery,land_use,km2,1.88271189647483e-05,2022,EXIOBASE v3.8.2 IOT_2022_ixi with Danish sea-transport reallocation (Rørmose Jensen & Iliev 2022)
IND,India,Asia and Pacific,"Steam, hot water supply and water distribution",waste_generation,kt,1.877338248621966e-05,2022,EXIOBASE v3.8.2 IOT_2022_ixi with Danish sea-transport reallocation (Rørmose Jensen & Iliev 2022)
MLT,Malta,Europe,General and special Machinery,climate_change,kt CO2eq,1.8746761448345152e-05,2022,EXIOBASE v3.8.2 IOT_2022_ixi with Danish sea-transport reallocation (Rørmose Jensen & Iliev 2022)
LUX,Luxembourg,Europe,Natural gas and gaseous fuels,land_use,km2,1.851873153958123e-05,2022,EXIOBASE v3.8.2 IOT_2022_ixi with Danish sea-transport reallocation (Rørmose Jensen & Iliev 2022)
CZE,Czech Republic,Europe,Minerals and Metals,blue_water_consumption,Mm3,1.8515281517220588e-05,2022,EXIOBASE v3.8.2 IOT_2022_ixi with Danish sea-transport reallocation (Rørmose Jensen & Iliev 2022)
AUT,Austria,Europe,Metal Products,material_extraction,kt,1.8090981373094555e-05,2022,EXIOBASE v3.8.2 IOT_2022_ixi with Danish sea-transport reallocation (Rørmose Jensen & Iliev 2022)
TUR,Turkey,Middle East,Furniture and timber,blue_water_consumption,Mm3,1.7563483343310455e-05,2022,EXIOBASE v3.8.2 IOT_2022_ixi with Danish sea-transport reallocation (Rørmose Jensen & Iliev 2022)
LTU,Lithuania,Europe,Construction,land_use,km2,1.7251606668178e-05,2022,EXIOBASE v3.8.2 IOT_2022_ixi with Danish sea-transport reallocation (Rørmose Jensen & Iliev 2022)
RoW Middle East,RoW Middle East,Middle East,Furniture and timber,blue_water_consumption,Mm3,1.723547960336029e-05,2022,EXIOBASE v3.8.2 IOT_2022_ixi with Danish sea-transport reallocation (Rørmose Jensen & Iliev 2022)
IRL,Ireland,Europe,Transport Equipment,blue_water_consumption,Mm3,1.673383783634272e-05,2022,EXIOBASE v3.8.2 IOT_2022_ixi with Danish sea-transport reallocation (Rørmose Jensen & Iliev 2022)
JPN,Japan,Asia and Pacific,Transport,waste_generation,kt,1.6506269634215367e-05,2022,EXIOBASE v3.8.2 IOT_2022_ixi with Danish sea-transport reallocation (Rørmose Jensen & Iliev 2022)
CYP,Cyprus,Middle East,Waste management and disposal,waste_generation,kt,1.6443739293228075e-05,2022,EXIOBASE v3.8.2 IOT_2022_ixi with Danish sea-transport reallocation (Rørmose Jensen & Iliev 2022)
SVK,Slovakia,Europe,"Electrical, electronic and measuring equipment",blue_water_consumption,Mm3,1.6413757471959217e-05,2022,EXIOBASE v3.8.2 IOT_2022_ixi with Danish sea-transport reallocation (Rørmose Jensen & Iliev 2022)
SVN,Slovenia,Europe,Paper Products,blue_water_consumption,Mm3,1.6337190074152086e-05,2022,EXIOBASE v3.8.2 IOT_2022_ixi with Danish sea-transport reallocation (Rørmose Jensen & Iliev 2022)
AUT,Austria,Europe,General and special Machinery,blue_water_consumption,Mm3,1.61933183102307e-05,2022,EXIOBASE v3.8.2 IOT_2022_ixi with Danish sea-transport reallocation (Rørmose Jensen & Iliev 2022)
MEX,Mexico,America,Construction,waste_generation,kt,1.603714790419855e-05,2022,EXIOBASE v3.8.2 IOT_2022_ixi with Danish sea-transport reallocation (Rørmose Jensen & Iliev 2022)
CYP,Cyprus,Middle East,Non-metallic mineral products,waste_generation,kt,1.5842841965349744e-05,2022,EXIOBASE v3.8.2 IOT_2022_ixi with Danish sea-transport reallocation (Rørmose Jensen & Iliev 2022)
CZE,Czech Republic,Europe,Transport Equipment,blue_water_consumption,Mm3,1.5783304887246774e-05,2022,EXIOBASE v3.8.2 IOT_2022_ixi with Danish sea-transport reallocation (Rørmose Jensen & Iliev 2022)
JPN,Japan,Asia and Pacific,Electricity,blue_water_consumption,Mm3,1.566902144205532e-05,2022,EXIOBASE v3.8.2 IOT_2022_ixi with Danish sea-transport reallocation (Rørmose Jensen & Iliev 2022)
GBR,United Kingdom,Europe,"Steam, hot water supply and water distribution",waste_generation,kt,1.559166166355752e-05,2022,EXIOBASE v3.8.2 IOT_2022_ixi with Danish sea-transport reallocation (Rørmose Jensen & Iliev 2022)
LTU,Lithuania,Europe,"Electrical, electronic and measuring equipment",blue_water_consumption,Mm3,1.5445107600103068e-05,2022,EXIOBASE v3.8.2 IOT_2022_ixi with Danish sea-transport reallocation (Rørmose Jensen & Iliev 2022)
LTU,Lithuania,Europe,Furniture and timber,blue_water_consumption,Mm3,1.5113028155444867e-05,2022,EXIOBASE v3.8.2 IOT_2022_ixi with Danish sea-transport reallocation (Rørmose Jensen & Iliev 2022)
LTU,Lithuania,Europe,General and special Machinery,blue_water_consumption,Mm3,1.4937668060952908e-05,2022,EXIOBASE v3.8.2 IOT_2022_ixi with Danish sea-transport reallocation (Rørmose Jensen & Iliev 2022)
SVK,Slovakia,Europe,Furniture and timber,blue_water_consumption,Mm3,1.48605683932289e-05,2022,EXIOBASE v3.8.2 IOT_2022_ixi with Danish sea-transport reallocation (Rørmose Jensen & Iliev 2022)
LUX,Luxembourg,Europe,Transport Equipment,blue_water_consumption,Mm3,1.4537005988793493e-05,2022,EXIOBASE v3.8.2 IOT_2022_ixi with Danish sea-transport reallocation (Rørmose Jensen & Iliev 2022)
CZE,Czech Republic,Europe,Construction,land_use,km2,1.439947229980042e-05,2022,EXIOBASE v3.8.2 IOT_2022_ixi with Danish sea-transport reallocation (Rørmose Jensen & Iliev 2022)
CYP,Cyprus,Middle East,Construction,climate_change,kt CO2eq,1.439310940833991e-05,2022,EXIOBASE v3.8.2 IOT_2022_ixi with Danish sea-transport reallocation (Rørmose Jensen & Iliev 2022)
LTU,Lithuania,Europe,Waste management and disposal,waste_generation,kt,1.426649724069118e-05,2022,EXIOBASE v3.8.2 IOT_2022_ixi with Danish sea-transport reallocation (Rørmose Jensen & Iliev 2022)
BGR,Bulgaria,Europe,Minerals and Metals,land_use,km2,1.4262104434573567e-05,2022,EXIOBASE v3.8.2 IOT_2022_ixi with Danish sea-transport reallocation (Rørmose Jensen & Iliev 2022)
LUX,Luxembourg,Europe,Natural gas and gaseous fuels,waste_generation,kt,1.425413311002488e-05,2022,EXIOBASE v3.8.2 IOT_2022_ixi with Danish sea-transport reallocation (Rørmose Jensen & Iliev 2022)
JPN,Japan,Asia and Pacific,"Steam, hot water supply and water distribution",waste_generation,kt,1.3912188065446691e-05,2022,EXIOBASE v3.8.2 IOT_2022_ixi with Danish sea-transport reallocation (Rørmose Jensen & Iliev 2022)
FIN,Finland,Europe,Furniture and timber,blue_water_consumption,Mm3,1.3748722844168327e-05,2022,EXIOBASE v3.8.2 IOT_2022_ixi with Danish sea-transport reallocation (Rørmose Jensen & Iliev 2022)
LTU,Lithuania,Europe,Transport,blue_water_consumption,Mm3,1.338719746251194e-05,2022,EXIOBASE v3.8.2 IOT_2022_ixi with Danish sea-transport reallocation (Rørmose Jensen & Iliev 2022)
CZE,Czech Republic,Europe,Waste management and disposal,blue_water_consumption,Mm3,1.335579953937107e-05,2022,EXIOBASE v3.8.2 IOT_2022_ixi with Danish sea-transport reallocation (Rørmose Jensen & Iliev 2022)
SVN,Slovenia,Europe,General and special Machinery,blue_water_consumption,Mm3,1.3206654258658062e-05,2022,EXIOBASE v3.8.2 IOT_2022_ixi with Danish sea-transport reallocation (Rørmose Jensen & Iliev 2022)
CYP,Cyprus,Middle East,Textile,climate_change,kt CO2eq,1.3184972051639508e-05,2022,EXIOBASE v3.8.2 IOT_2022_ixi with Danish sea-transport reallocation (Rørmose Jensen & Iliev 2022)
LUX,Luxembourg,Europe,General and special Machinery,blue_water_consumption,Mm3,1.3173723870077402e-05,2022,EXIOBASE v3.8.2 IOT_2022_ixi with Danish sea-transport reallocation (Rørmose Jensen & Iliev 2022)
CZE,Czech Republic,Europe,General and special Machinery,land_use,km2,1.315593757900126e-05,2022,EXIOBASE v3.8.2 IOT_2022_ixi with Danish sea-transport reallocation (Rørmose Jensen & Iliev 2022)
EST,Estonia,Europe,Transport Equipment,blue_water_consumption,Mm3,1.3136898011379736e-05,2022,EXIOBASE v3.8.2 IOT_2022_ixi with Danish sea-transport reallocation (Rørmose Jensen & Iliev 2022)
CHE,Switzerland,Europe,Waste management and disposal,blue_water_consumption,Mm3,1.3071941741746435e-05,2022,EXIOBASE v3.8.2 IOT_2022_ixi with Danish sea-transport reallocation (Rørmose Jensen & Iliev 2022)
HUN,Hungary,Europe,Electricity,land_use,km2,1.3036936399825523e-05,2022,EXIOBASE v3.8.2 IOT_2022_ixi with Danish sea-transport reallocation (Rørmose Jensen & Iliev 2022)
PRT,Portugal,Europe,Coal and Petroleum,blue_water_consumption,Mm3,1.300952384255111e-05,2022,EXIOBASE v3.8.2 IOT_2022_ixi with Danish sea-transport reallocation (Rørmose Jensen & Iliev 2022)
FIN,Finland,Europe,Waste management and disposal,blue_water_consumption,Mm3,1.3003287011395384e-05,2022,EXIOBASE v3.8.2 IOT_2022_ixi with Danish sea-transport reallocation (Rørmose Jensen & Iliev 2022)
SVN,Slovenia,Europe,Minerals and Metals,waste_generation,kt,1.293836750125222e-05,2022,EXIOBASE v3.8.2 IOT_2022_ixi with Danish sea-transport reallocation (Rørmose Jensen & Iliev 2022)
HUN,Hungary,Europe,Transport Equipment,land_use,km2,1.291769661407171e-05,2022,EXIOBASE v3.8.2 IOT_2022_ixi with Danish sea-transport reallocation (Rørmose Jensen & Iliev 2022)
ESP,Spain,Europe,Transport Equipment,blue_water_consumption,Mm3,1.2683595063370836e-05,2022,EXIOBASE v3.8.2 IOT_2022_ixi with Danish sea-transport reallocation (Rørmose Jensen & Iliev 2022)
SVN,Slovenia,Europe,"Steam, hot water supply and water distribution",blue_water_consumption,Mm3,1.2543756462481046e-05,2022,EXIOBASE v3.8.2 IOT_2022_ixi with Danish sea-transport reallocation (Rørmose Jensen & Iliev 2022)
IDN,Indonesia,Asia and Pacific,Non-metallic mineral products,blue_water_consumption,Mm3,1.249485683936247e-05,2022,EXIOBASE v3.8.2 IOT_2022_ixi with Danish sea-transport reallocation (Rørmose Jensen & Iliev 2022)
HRV,Croatia,Europe,Construction,blue_water_consumption,Mm3,1.2074838699474648e-05,2022,EXIOBASE v3.8.2 IOT_2022_ixi with Danish sea-transport reallocation (Rørmose Jensen & Iliev 2022)
SVN,Slovenia,Europe,"Electrical, electronic and measuring equipment",blue_water_consumption,Mm3,1.2004751314418288e-05,2022,EXIOBASE v3.8.2 IOT_2022_ixi with Danish sea-transport reallocation (Rørmose Jensen & Iliev 2022)
SVN,Slovenia,Europe,General and special Machinery,land_use,km2,1.194920303731263e-05,2022,EXIOBASE v3.8.2 IOT_2022_ixi with Danish sea-transport reallocation (Rørmose Jensen & Iliev 2022)
RoW Middle East,RoW Middle East,Middle East,Coal and Petroleum,land_use,km2,1.183216511457683e-05,2022,EXIOBASE v3.8.2 IOT_2022_ixi with Danish sea-transport reallocation (Rørmose Jensen & Iliev 2022)
LUX,Luxembourg,Europe,Furniture and timber,blue_water_consumption,Mm3,1.172108335881411e-05,2022,EXIOBASE v3.8.2 IOT_2022_ixi with Danish sea-transport reallocation (Rørmose Jensen & Iliev 2022)
DEU,Germany,Europe,Construction,blue_water_consumption,Mm3,1.148226781080626e-05,2022,EXIOBASE v3.8.2 IOT_2022_ixi with Danish sea-transport reallocation (Rørmose Jensen & Iliev 2022)
MEX,Mexico,America,Waste management and disposal,land_use,km2,1.115499495759648e-05,2022,EXIOBASE v3.8.2 IOT_2022_ixi with Danish sea-transport reallocation (Rørmose Jensen & Iliev 2022)
LVA,Latvia,Europe,Coal and Petroleum,waste_generation,kt,1.1035423653693146e-05,2022,EXIOBASE v3.8.2 IOT_2022_ixi with Danish sea-transport reallocation (Rørmose Jensen & Iliev 2022)
EST,Estonia,Europe,Waste management and disposal,blue_water_consumption,Mm3,1.088036073320215e-05,2022,EXIOBASE v3.8.2 IOT_2022_ixi with Danish sea-transport reallocation (Rørmose Jensen & Iliev 2022)
SWE,Sweden,Europe,Coal and Petroleum,land_use,km2,1.087332659945931e-05,2022,EXIOBASE v3.8.2 IOT_2022_ixi with Danish sea-transport reallocation (Rørmose Jensen & Iliev 2022)
PRT,Portugal,Europe,Transport,blue_water_consumption,Mm3,1.0656295664330429e-05,2022,EXIOBASE v3.8.2 IOT_2022_ixi with Danish sea-transport reallocation (Rørmose Jensen & Iliev 2022)
ITA,Italy,Europe,Natural gas and gaseous fuels,blue_water_consumption,Mm3,1.0467957414841192e-05,2022,EXIOBASE v3.8.2 IOT_2022_ixi with Danish sea-transport reallocation (Rørmose Jensen & Iliev 2022)
CAN,Canada,America,Transport Equipment,blue_water_consumption,Mm3,1.046458962453236e-05,2022,EXIOBASE v3.8.2 IOT_2022_ixi with Danish sea-transport reallocation (Rørmose Jensen & Iliev 2022)
TUR,Turkey,Middle East,Transport Equipment,blue_water_consumption,Mm3,1.0351388587959792e-05,2022,EXIOBASE v3.8.2 IOT_2022_ixi with Danish sea-transport reallocation (Rørmose Jensen & Iliev 2022)
MLT,Malta,Europe,Paper Products,waste_generation,kt,1.023757172966071e-05,2022,EXIOBASE v3.8.2 IOT_2022_ixi with Danish sea-transport reallocation (Rørmose Jensen & Iliev 2022)
ZAF,South Africa,Africa,Non-metallic mineral products,blue_water_consumption,Mm3,1.0163393726619854e-05,2022,EXIOBASE v3.8.2 IOT_2022_ixi with Danish sea-transport reallocation (Rørmose Jensen & Iliev 2022)
SVN,Slovenia,Europe,Transport,blue_water_consumption,Mm3,1.0044752393509145e-05,2022,EXIOBASE v3.8.2 IOT_2022_ixi with Danish sea-transport reallocation (Rørmose Jensen & Iliev 2022)
SVN,Slovenia,Europe,Non-metallic mineral products,blue_water_consumption,Mm3,9.991313696416995e-06,2022,EXIOBASE v3.8.2 IOT_2022_ixi with Danish sea-transport reallocation (Rørmose Jensen & Iliev 2022)
MLT,Malta,Europe,Chemical,blue_water_consumption,Mm3,9.966506558167035e-06,2022,EXIOBASE v3.8.2 IOT_2022_ixi with Danish sea-transport reallocation (Rørmose Jensen & Iliev 2022)
LVA,Latvia,Europe,Construction,blue_water_consumption,Mm3,9.933163364586657e-06,2022,EXIOBASE v3.8.2 IOT_2022_ixi with Danish sea-transport reallocation (Rørmose Jensen & Iliev 2022)
RUS,Russia,Europe,"Electrical, electronic and measuring equipment",land_use,km2,9.674545394430467e-06,2022,EXIOBASE v3.8.2 IOT_2022_ixi with Danish sea-transport reallocation (Rørmose Jensen & Iliev 2022)
BGR,Bulgaria,Europe,Minerals and Metals,blue_water_consumption,Mm3,9.63996983127349e-06,2022,EXIOBASE v3.8.2 IOT_2022_ixi with Danish sea-transport reallocation (Rørmose Jensen & Iliev 2022)
GRC,Greece,Europe,"Steam, hot water supply and water distribution",waste_generation,kt,9.62991022830746e-06,2022,EXIOBASE v3.8.2 IOT_2022_ixi with Danish sea-transport reallocation (Rørmose Jensen & Iliev 2022)
CZE,Czech Republic,Europe,Transport,blue_water_consumption,Mm3,9.597717531489228e-06,2022,EXIOBASE v3.8.2 IOT_2022_ixi with Danish sea-transport reallocation (Rørmose Jensen & Iliev 2022)
FRA,France,Europe,Minerals and Metals,waste_generation,kt,9.58739232257109e-06,2022,EXIOBASE v3.8.2 IOT_2022_ixi with Danish sea-transport reallocation (Rørmose Jensen & Iliev 2022)
CZE,Czech Republic,Europe,Construction,blue_water_consumption,Mm3,9.362733966378593e-06,2022,EXIOBASE v3.8.2 IOT_2022_ixi with Danish sea-transport reallocation (Rørmose Jensen & Iliev 2022)
EST,Estonia,Europe,Metal Products,blue_water_consumption,Mm3,8.98185052181668e-06,2022,EXIOBASE v3.8.2 IOT_2022_ixi with Danish sea-transport reallocation (Rørmose Jensen & Iliev 2022)
SVK,Slovakia,Europe,General and special Machinery,blue_water_consumption,Mm3,8.769373703607142e-06,2022,EXIOBASE v3.8.2 IOT_2022_ixi with Danish sea-transport reallocation (Rørmose Jensen & Iliev 2022)
AUS,Australia,Asia and Pacific,Furniture and timber,blue_water_consumption,Mm3,8.667908749337996e-06,2022,EXIOBASE v3.8.2 IOT_2022_ixi with Danish sea-transport reallocation (Rørmose Jensen & Iliev 2022)
HUN,Hungary,Europe,Natural gas and gaseous fuels,land_use,km2,8.6560154313453e-06,2022,EXIOBASE v3.8.2 IOT_2022_ixi with Danish sea-transport reallocation (Rørmose Jensen & Iliev 2022)
FIN,Finland,Europe,Textile,blue_water_consumption,Mm3,8.447903470522698e-06,2022,EXIOBASE v3.8.2 IOT_2022_ixi with Danish sea-transport reallocation (Rørmose Jensen & Iliev 2022)
SWE,Sweden,Europe,Coal and Petroleum,blue_water_consumption,Mm3,8.382857095846297e-06,2022,EXIOBASE v3.8.2 IOT_2022_ixi with Danish sea-transport reallocation (Rørmose Jensen & Iliev 2022)
MLT,Malta,Europe,Electricity,waste_generation,kt,8.214776920320151e-06,2022,EXIOBASE v3.8.2 IOT_2022_ixi with Danish sea-transport reallocation (Rørmose Jensen & Iliev 2022)
LUX,Luxembourg,Europe,Services,land_use,km2,8.206543967375642e-06,2022,EXIOBASE v3.8.2 IOT_2022_ixi with Danish sea-transport reallocation (Rørmose Jensen & Iliev 2022)
MEX,Mexico,America,Non-metallic mineral products,land_use,km2,8.037836511702056e-06,2022,EXIOBASE v3.8.2 IOT_2022_ixi with Danish sea-transport reallocation (Rørmose Jensen & Iliev 2022)
CAN,Canada,America,Minerals and Metals,blue_water_consumption,Mm3,7.511992574876977e-06,2022,EXIOBASE v3.8.2 IOT_2022_ixi with Danish sea-transport reallocation (Rørmose Jensen & Iliev 2022)
EST,Estonia,Europe,Minerals and Metals,waste_generation,kt,7.420193076997141e-06,2022,EXIOBASE v3.8.2 IOT_2022_ixi with Danish sea-transport reallocation (Rørmose Jensen & Iliev 2022)
MEX,Mexico,America,General and special Machinery,material_extraction,kt,7.3274770453284415e-06,2022,EXIOBASE v3.8.2 IOT_2022_ixi with Danish sea-transport reallocation (Rørmose Jensen & Iliev 2022)
NOR,Norway,Europe,General and special Machinery,material_extraction,kt,7.094441937587999e-06,2022,EXIOBASE v3.8.2 IOT_2022_ixi with Danish sea-transport reallocation (Rørmose Jensen & Iliev 2022)
RoW Middle East,RoW Middle East,Middle East,Waste management and disposal,blue_water_consumption,Mm3,7.055154846466818e-06,2022,EXIOBASE v3.8.2 IOT_2022_ixi with Danish sea-transport reallocation (Rørmose Jensen & Iliev 2022)
BRA,Brazil,America,Minerals and Metals,blue_water_consumption,Mm3,7.050656489346715e-06,2022,EXIOBASE v3.8.2 IOT_2022_ixi with Danish sea-transport reallocation (Rørmose Jensen & Iliev 2022)
SVN,Slovenia,Europe,Coal and Petroleum,land_use,km2,7.039986490831917e-06,2022,EXIOBASE v3.8.2 IOT_2022_ixi with Danish sea-transport reallocation (Rørmose Jensen & Iliev 2022)
SWE,Sweden,Europe,Construction,blue_water_consumption,Mm3,6.9026154625245634e-06,2022,EXIOBASE v3.8.2 IOT_2022_ixi with Danish sea-transport reallocation (Rørmose Jensen & Iliev 2022)
HRV,Croatia,Europe,Furniture and timber,material_extraction,kt,6.861607295801448e-06,2022,EXIOBASE v3.8.2 IOT_2022_ixi with Danish sea-transport reallocation (Rørmose Jensen & Iliev 2022)
TUR,Turkey,Middle East,Minerals and Metals,blue_water_consumption,Mm3,6.8466325638341406e-06,2022,EXIOBASE v3.8.2 IOT_2022_ixi with Danish sea-transport reallocation (Rørmose Jensen & Iliev 2022)
HUN,Hungary,Europe,"Steam, hot water supply and water distribution",blue_water_consumption,Mm3,6.613033324708006e-06,2022,EXIOBASE v3.8.2 IOT_2022_ixi with Danish sea-transport reallocation (Rørmose Jensen & Iliev 2022)
MLT,Malta,Europe,Waste management and disposal,waste_generation,kt,6.372541858326371e-06,2022,EXIOBASE v3.8.2 IOT_2022_ixi with Danish sea-transport reallocation (Rørmose Jensen & Iliev 2022)
JPN,Japan,Asia and Pacific,Minerals and Metals,waste_generation,kt,6.370921031456025e-06,2022,EXIOBASE v3.8.2 IOT_2022_ixi with Danish sea-transport reallocation (Rørmose Jensen & Iliev 2022)
CYP,Cyprus,Middle East,Construction,waste_generation,kt,6.038737122514612e-06,2022,EXIOBASE v3.8.2 IOT_2022_ixi with Danish sea-transport reallocation (Rørmose Jensen & Iliev 2022)
LVA,Latvia,Europe,Minerals and Metals,waste_generation,kt,6.029263806707845e-06,2022,EXIOBASE v3.8.2 IOT_2022_ixi with Danish sea-transport reallocation (Rørmose Jensen & Iliev 2022)
BGR,Bulgaria,Europe,"Electrical, electronic and measuring equipment",land_use,km2,5.981935779610842e-06,2022,EXIOBASE v3.8.2 IOT_2022_ixi with Danish sea-transport reallocation (Rørmose Jensen & Iliev 2022)
IRL,Ireland,Europe,Minerals and Metals,blue_water_consumption,Mm3,5.764128240958037e-06,2022,EXIOBASE v3.8.2 IOT_2022_ixi with Danish sea-transport reallocation (Rørmose Jensen & Iliev 2022)
HUN,Hungary,Europe,Furniture and timber,material_extraction,kt,5.65909880819725e-06,2022,EXIOBASE v3.8.2 IOT_2022_ixi with Danish sea-transport reallocation (Rørmose Jensen & Iliev 2022)
MEX,Mexico,America,Transport,waste_generation,kt,5.632501480380639e-06,2022,EXIOBASE v3.8.2 IOT_2022_ixi with Danish sea-transport reallocation (Rørmose Jensen & Iliev 2022)
PRT,Portugal,Europe,Construction,blue_water_consumption,Mm3,5.517912073024848e-06,2022,EXIOBASE v3.8.2 IOT_2022_ixi with Danish sea-transport reallocation (Rørmose Jensen & Iliev 2022)
LTU,Lithuania,Europe,Waste management and disposal,blue_water_consumption,Mm3,5.496120967373498e-06,2022,EXIOBASE v3.8.2 IOT_2022_ixi with Danish sea-transport reallocation (Rørmose Jensen & Iliev 2022)
FRA,France,Europe,Services,blue_water_consumption,Mm3,5.448380627916994e-06,2022,EXIOBASE v3.8.2 IOT_2022_ixi with Danish sea-transport reallocation (Rørmose Jensen & Iliev 2022)
CYP,Cyprus,Middle East,Paper Products,blue_water_consumption,Mm3,5.288991993526499e-06,2022,EXIOBASE v3.8.2 IOT_2022_ixi with Danish sea-transport reallocation (Rørmose Jensen & Iliev 2022)
GRC,Greece,Europe,Natural gas and gaseous fuels,material_extraction,kt,5.226642155167414e-06,2022,EXIOBASE v3.8.2 IOT_2022_ixi with Danish sea-transport reallocation (Rørmose Jensen & Iliev 2022)
JPN,Japan,Asia and Pacific,Transport Equipment,blue_water_consumption,Mm3,5.209017576521792e-06,2022,EXIOBASE v3.8.2 IOT_2022_ixi with Danish sea-transport reallocation (Rørmose Jensen & Iliev 2022)
BGR,Bulgaria,Europe,General and special Machinery,land_use,km2,5.128115564735805e-06,2022,EXIOBASE v3.8.2 IOT_2022_ixi with Danish sea-transport reallocation (Rørmose Jensen & Iliev 2022)
PRT,Portugal,Europe,Furniture and timber,blue_water_consumption,Mm3,5.103240629709395e-06,2022,EXIOBASE v3.8.2 IOT_2022_ixi with Danish sea-transport reallocation (Rørmose Jensen & Iliev 2022)
CYP,Cyprus,Middle East,Transport Equipment,climate_change,kt CO2eq,4.937239826794655e-06,2022,EXIOBASE v3.8.2 IOT_2022_ixi with Danish sea-transport reallocation (Rørmose Jensen & Iliev 2022)
DEU,Germany,Europe,Transport,blue_water_consumption,Mm3,4.930987701760423e-06,2022,EXIOBASE v3.8.2 IOT_2022_ixi with Danish sea-transport reallocation (Rørmose Jensen & Iliev 2022)
SWE,Sweden,Europe,"Steam, hot water supply and water distribution",blue_water_consumption,Mm3,4.883622978912296e-06,2022,EXIOBASE v3.8.2 IOT_2022_ixi with Danish sea-transport reallocation (Rørmose Jensen & Iliev 2022)
CYP,Cyprus,Middle East,Transport,waste_generation,kt,4.755617630989892e-06,2022,EXIOBASE v3.8.2 IOT_2022_ixi with Danish sea-transport reallocation (Rørmose Jensen & Iliev 2022)
TUR,Turkey,Middle East,"Steam, hot water supply and water distribution",blue_water_consumption,Mm3,4.685875021545796e-06,2022,EXIOBASE v3.8.2 IOT_2022_ixi with Danish sea-transport reallocation (Rørmose Jensen & Iliev 2022)
TUR,Turkey,Middle East,General and special Machinery,land_use,km2,4.660801540713156e-06,2022,EXIOBASE v3.8.2 IOT_2022_ixi with Danish sea-transport reallocation (Rørmose Jensen & Iliev 2022)
ZAF,South Africa,Africa,Coal and Petroleum,blue_water_consumption,Mm3,4.4418808452629864e-06,2022,EXIOBASE v3.8.2 IOT_2022_ixi with Danish sea-transport reallocation (Rørmose Jensen & Iliev 2022)
BEL,Belgium,Europe,General and special Machinery,blue_water_consumption,Mm3,4.1167760882225535e-06,2022,EXIOBASE v3.8.2 IOT_2022_ixi with Danish sea-transport reallocation (Rørmose Jensen & Iliev 2022)
EST,Estonia,Europe,General and special Machinery,blue_water_consumption,Mm3,4.011964613738498e-06,2022,EXIOBASE v3.8.2 IOT_2022_ixi with Danish sea-transport reallocation (Rørmose Jensen & Iliev 2022)
PRT,Portugal,Europe,Transport Equipment,blue_water_consumption,Mm3,3.993712172920386e-06,2022,EXIOBASE v3.8.2 IOT_2022_ixi with Danish sea-transport reallocation (Rørmose Jensen & Iliev 2022)
SVK,Slovakia,Europe,Coal and Petroleum,land_use,km2,3.954807224989762e-06,2022,EXIOBASE v3.8.2 IOT_2022_ixi with Danish sea-transport reallocation (Rørmose Jensen & Iliev 2022)
RoW Africa,RoW Africa,Africa,"Electrical, electronic and measuring equipment",material_extraction,kt,3.857522073211356e-06,2022,EXIOBASE v3.8.2 IOT_2022_ixi with Danish sea-transport reallocation (Rørmose Jensen & Iliev 2022)
RoW America,RoW America,America,"Steam, hot water supply and water distribution",blue_water_consumption,Mm3,3.791033039121647e-06,2022,EXIOBASE v3.8.2 IOT_2022_ixi with Danish sea-transport reallocation (Rørmose Jensen & Iliev 2022)
BGR,Bulgaria,Europe,Natural gas and gaseous fuels,blue_water_consumption,Mm3,3.7067425271918972e-06,2022,EXIOBASE v3.8.2 IOT_2022_ixi with Danish sea-transport reallocation (Rørmose Jensen & Iliev 2022)
LUX,Luxembourg,Europe,Minerals and Metals,waste_generation,kt,3.663538884006188e-06,2022,EXIOBASE v3.8.2 IOT_2022_ixi with Danish sea-transport reallocation (Rørmose Jensen & Iliev 2022)
SVK,Slovakia,Europe,Transport Equipment,blue_water_consumption,Mm3,3.6592723588886563e-06,2022,EXIOBASE v3.8.2 IOT_2022_ixi with Danish sea-transport reallocation (Rørmose Jensen & Iliev 2022)
LTU,Lithuania,Europe,Construction,blue_water_consumption,Mm3,3.5926232356894486e-06,2022,EXIOBASE v3.8.2 IOT_2022_ixi with Danish sea-transport reallocation (Rørmose Jensen & Iliev 2022)
HRV,Croatia,Europe,Minerals and Metals,blue_water_consumption,Mm3,3.5779937107466017e-06,2022,EXIOBASE v3.8.2 IOT_2022_ixi with Danish sea-transport reallocation (Rørmose Jensen & Iliev 2022)
HUN,Hungary,Europe,Chemical,land_use,km2,3.475707559859105e-06,2022,EXIOBASE v3.8.2 IOT_2022_ixi with Danish sea-transport reallocation (Rørmose Jensen & Iliev 2022)
HUN,Hungary,Europe,"Steam, hot water supply and water distribution",land_use,km2,3.474219694899044e-06,2022,EXIOBASE v3.8.2 IOT_2022_ixi with Danish sea-transport reallocation (Rørmose Jensen & Iliev 2022)
SVN,Slovenia,Europe,Waste management and disposal,blue_water_consumption,Mm3,3.449745883721056e-06,2022,EXIOBASE v3.8.2 IOT_2022_ixi with Danish sea-transport reallocation (Rørmose Jensen & Iliev 2022)
SVN,Slovenia,Europe,Textile,blue_water_consumption,Mm3,3.353269536959697e-06,2022,EXIOBASE v3.8.2 IOT_2022_ixi with Danish sea-transport reallocation (Rørmose Jensen & Iliev 2022)
ESP,Spain,Europe,Waste management and disposal,blue_water_consumption,Mm3,3.2881590853885004e-06,2022,EXIOBASE v3.8.2 IOT_2022_ixi with Danish sea-transport reallocation (Rørmose Jensen & Iliev 2022)
FIN,Finland,Europe,Transport Equipment,blue_water_consumption,Mm3,3.2845886430648474e-06,2022,EXIOBASE v3.8.2 IOT_2022_ixi with Danish sea-transport reallocation (Rørmose Jensen & Iliev 2022)
MLT,Malta,Europe,Non-metallic mineral products,waste_generation,kt,3.215635544113509e-06,2022,EXIOBASE v3.8.2 IOT_2022_ixi with Danish sea-transport reallocation (Rørmose Jensen & Iliev 2022)
CZE,Czech Republic,Europe,Natural gas and gaseous fuels,blue_water_consumption,Mm3,3.1667883013046703e-06,2022,EXIOBASE v3.8.2 IOT_2022_ixi with Danish sea-transport reallocation (Rørmose Jensen & Iliev 2022)
LUX,Luxembourg,Europe,Textile,waste_generation,kt,3.106479490387287e-06,2022,EXIOBASE v3.8.2 IOT_2022_ixi with Danish sea-transport reallocation (Rørmose Jensen & Iliev 2022)
ESP,Spain,Europe,"Steam, hot water supply and water distribution",blue_water_consumption,Mm3,3.06087215498375e-06,2022,EXIOBASE v3.8.2 IOT_2022_ixi with Danish sea-transport reallocation (Rørmose Jensen & Iliev 2022)
MLT,Malta,Europe,Furniture and timber,waste_generation,kt,3.0104984151250865e-06,2022,EXIOBASE v3.8.2 IOT_2022_ixi with Danish sea-transport reallocation (Rørmose Jensen & Iliev 2022)
GBR,United Kingdom,Europe,Waste management and disposal,blue_water_consumption,Mm3,2.9150976173979462e-06,2022,EXIOBASE v3.8.2 IOT_2022_ixi with Danish sea-transport reallocation (Rørmose Jensen & Iliev 2022)
CYP,Cyprus,Middle East,Furniture and timber,waste_generation,kt,2.9022326753740938e-06,2022,EXIOBASE v3.8.2 IOT_2022_ixi with Danish sea-transport reallocation (Rørmose Jensen & Iliev 2022)
EST,Estonia,Europe,Coal and Petroleum,blue_water_consumption,Mm3,2.870688078546087e-06,2022,EXIOBASE v3.8.2 IOT_2022_ixi with Danish sea-transport reallocation (Rørmose Jensen & Iliev 2022)
LUX,Luxembourg,Europe,Electricity,blue_water_consumption,Mm3,2.8571982396053406e-06,2022,EXIOBASE v3.8.2 IOT_2022_ixi with Danish sea-transport reallocation (Rørmose Jensen & Iliev 2022)
EST,Estonia,Europe,Services,land_use,km2,2.74404317281804e-06,2022,EXIOBASE v3.8.2 IOT_2022_ixi with Danish sea-transport reallocation (Rørmose Jensen & Iliev 2022)
HUN,Hungary,Europe,Construction,blue_water_consumption,Mm3,2.728520271408698e-06,2022,EXIOBASE v3.8.2 IOT_2022_ixi with Danish sea-transport reallocation (Rørmose Jensen & Iliev 2022)
NOR,Norway,Europe,Construction,blue_water_consumption,Mm3,2.703578945156632e-06,2022,EXIOBASE v3.8.2 IOT_2022_ixi with Danish sea-transport reallocation (Rørmose Jensen & Iliev 2022)
SVN,Slovenia,Europe,Furniture and timber,blue_water_consumption,Mm3,2.597636730500006e-06,2022,EXIOBASE v3.8.2 IOT_2022_ixi with Danish sea-transport reallocation (Rørmose Jensen & Iliev 2022)
LUX,Luxembourg,Europe,Transport,blue_water_consumption,Mm3,2.569541992198644e-06,2022,EXIOBASE v3.8.2 IOT_2022_ixi with Danish sea-transport reallocation (Rørmose Jensen & Iliev 2022)
CYP,Cyprus,Middle East,Metal Products,blue_water_consumption,Mm3,2.5290640362542327e-06,2022,EXIOBASE v3.8.2 IOT_2022_ixi with Danish sea-transport reallocation (Rørmose Jensen & Iliev 2022)
EST,Estonia,Europe,Natural gas and gaseous fuels,blue_water_consumption,Mm3,2.495141520284555e-06,2022,EXIOBASE v3.8.2 IOT_2022_ixi with Danish sea-transport reallocation (Rørmose Jensen & Iliev 2022)
CYP,Cyprus,Middle East,Chemical,blue_water_consumption,Mm3,2.480363021407713e-06,2022,EXIOBASE v3.8.2 IOT_2022_ixi with Danish sea-transport reallocation (Rørmose Jensen & Iliev 2022)
MLT,Malta,Europe,Paper Products,blue_water_consumption,Mm3,2.4339775547880744e-06,2022,EXIOBASE v3.8.2 IOT_2022_ixi with Danish sea-transport reallocation (Rørmose Jensen & Iliev 2022)
CHE,Switzerland,Europe,Transport Equipment,blue_water_consumption,Mm3,2.313781496358073e-06,2022,EXIOBASE v3.8.2 IOT_2022_ixi with Danish sea-transport reallocation (Rørmose Jensen & Iliev 2022)
HRV,Croatia,Europe,Transport Equipment,blue_water_consumption,Mm3,2.3055026701309762e-06,2022,EXIOBASE v3.8.2 IOT_2022_ixi with Danish sea-transport reallocation (Rørmose Jensen & Iliev 2022)
CHE,Switzerland,Europe,Minerals and Metals,blue_water_consumption,Mm3,2.2758369839036227e-06,2022,EXIOBASE v3.8.2 IOT_2022_ixi with Danish sea-transport reallocation (Rørmose Jensen & Iliev 2022)
TUR,Turkey,Middle East,Waste management and disposal,blue_water_consumption,Mm3,2.272395536638429e-06,2022,EXIOBASE v3.8.2 IOT_2022_ixi with Danish sea-transport reallocation (Rørmose Jensen & Iliev 2022)
FRA,France,Europe,Waste management and disposal,blue_water_consumption,Mm3,2.243721436493772e-06,2022,EXIOBASE v3.8.2 IOT_2022_ixi with Danish sea-transport reallocation (Rørmose Jensen & Iliev 2022)
CYP,Cyprus,Middle East,Metal Products,waste_generation,kt,2.240848675666964e-06,2022,EXIOBASE v3.8.2 IOT_2022_ixi with Danish sea-transport reallocation (Rørmose Jensen & Iliev 2022)
NOR,Norway,Europe,"Steam, hot water supply and water distribution",blue_water_consumption,Mm3,2.170942243628293e-06,2022,EXIOBASE v3.8.2 IOT_2022_ixi with Danish sea-transport reallocation (Rørmose Jensen & Iliev 2022)
AUT,Austria,Europe,Transport Equipment,blue_water_consumption,Mm3,2.159735361350692e-06,2022,EXIOBASE v3.8.2 IOT_2022_ixi with Danish sea-transport reallocation (Rørmose Jensen & Iliev 2022)
BGR,Bulgaria,Europe,Non-metallic mineral products,land_use,km2,2.062660241435408e-06,2022,EXIOBASE v3.8.2 IOT_2022_ixi with Danish sea-transport reallocation (Rørmose Jensen & Iliev 2022)
AUS,Australia,Asia and Pacific,"Steam, hot water supply and water distribution",waste_generation,kt,2.046954220210815e-06,2022,EXIOBASE v3.8.2 IOT_2022_ixi with Danish sea-transport reallocation (Rørmose Jensen & Iliev 2022)
MEX,Mexico,America,Coal and Petroleum,blue_water_consumption,Mm3,2.025634578091588e-06,2022,EXIOBASE v3.8.2 IOT_2022_ixi with Danish sea-transport reallocation (Rørmose Jensen & Iliev 2022)
DNK,Denmark,Denmark,Transport,blue_water_consumption,Mm3,1.9046872255162067e-06,2022,EXIOBASE v3.8.2 IOT_2022_ixi with Danish sea-transport reallocation (Rørmose Jensen & Iliev 2022)
MEX,Mexico,America,Services,land_use,km2,1.893506653747917e-06,2022,EXIOBASE v3.8.2 IOT_2022_ixi with Danish sea-transport reallocation (Rørmose Jensen & Iliev 2022)
BRA,Brazil,America,Coal and Petroleum,blue_water_consumption,Mm3,1.7742177395622492e-06,2022,EXIOBASE v3.8.2 IOT_2022_ixi with Danish sea-transport reallocation (Rørmose Jensen & Iliev 2022)
MEX,Mexico,America,Transport Equipment,land_use,km2,1.7644894972037666e-06,2022,EXIOBASE v3.8.2 IOT_2022_ixi with Danish sea-transport reallocation (Rørmose Jensen & Iliev 2022)
RoW Africa,RoW Africa,Africa,Textile,material_extraction,kt,1.7379297460575712e-06,2022,EXIOBASE v3.8.2 IOT_2022_ixi with Danish sea-transport reallocation (Rørmose Jensen & Iliev 2022)
MEX,Mexico,America,Paper Products,material_extraction,kt,1.6631002285685438e-06,2022,EXIOBASE v3.8.2 IOT_2022_ixi with Danish sea-transport reallocation (Rørmose Jensen & Iliev 2022)
CYP,Cyprus,Middle East,Textile,blue_water_consumption,Mm3,1.6551251727622442e-06,2022,EXIOBASE v3.8.2 IOT_2022_ixi with Danish sea-transport reallocation (Rørmose Jensen & Iliev 2022)
GRC,Greece,Europe,"Electrical, electronic and measuring equipment",blue_water_consumption,Mm3,1.6237642878004908e-06,2022,EXIOBASE v3.8.2 IOT_2022_ixi with Danish sea-transport reallocation (Rørmose Jensen & Iliev 2022)
IRL,Ireland,Europe,"Steam, hot water supply and water distribution",waste_generation,kt,1.616020238482216e-06,2022,EXIOBASE v3.8.2 IOT_2022_ixi with Danish sea-transport reallocation (Rørmose Jensen & Iliev 2022)
GRC,Greece,Europe,Waste management and disposal,blue_water_consumption,Mm3,1.591258359324088e-06,2022,EXIOBASE v3.8.2 IOT_2022_ixi with Danish sea-transport reallocation (Rørmose Jensen & Iliev 2022)
LTU,Lithuania,Europe,Transport Equipment,blue_water_consumption,Mm3,1.5798786636843856e-06,2022,EXIOBASE v3.8.2 IOT_2022_ixi with Danish sea-transport reallocation (Rørmose Jensen & Iliev 2022)
HUN,Hungary,Europe,Minerals and Metals,land_use,km2,1.5555721088345841e-06,2022,EXIOBASE v3.8.2 IOT_2022_ixi with Danish sea-transport reallocation (Rørmose Jensen & Iliev 2022)
BEL,Belgium,Europe,"Electrical, electronic and measuring equipment",blue_water_consumption,Mm3,1.5038270827244403e-06,2022,EXIOBASE v3.8.2 IOT_2022_ixi with Danish sea-transport reallocation (Rørmose Jensen & Iliev 2022)
LTU,Lithuania,Europe,"Steam, hot water supply and water distribution",blue_water_consumption,Mm3,1.4729580757644057e-06,2022,EXIOBASE v3.8.2 IOT_2022_ixi with Danish sea-transport reallocation (Rørmose Jensen & Iliev 2022)
MEX,Mexico,America,Waste management and disposal,blue_water_consumption,Mm3,1.439603077352478e-06,2022,EXIOBASE v3.8.2 IOT_2022_ixi with Danish sea-transport reallocation (Rørmose Jensen & Iliev 2022)
LUX,Luxembourg,Europe,Services,blue_water_consumption,Mm3,1.3618412801701281e-06,2022,EXIOBASE v3.8.2 IOT_2022_ixi with Danish sea-transport reallocation (Rørmose Jensen & Iliev 2022)
LUX,Luxembourg,Europe,"Steam, hot water supply and water distribution",waste_generation,kt,1.329103115870721e-06,2022,EXIOBASE v3.8.2 IOT_2022_ixi with Danish sea-transport reallocation (Rørmose Jensen & Iliev 2022)
MLT,Malta,Europe,Transport Equipment,waste_generation,kt,1.3034816327541341e-06,2022,EXIOBASE v3.8.2 IOT_2022_ixi with Danish sea-transport reallocation (Rørmose Jensen & Iliev 2022)
SVK,Slovakia,Europe,Natural gas and gaseous fuels,land_use,km2,1.2940681292604511e-06,2022,EXIOBASE v3.8.2 IOT_2022_ixi with Danish sea-transport reallocation (Rørmose Jensen & Iliev 2022)
KOR,South Korea,Asia and Pacific,Textile,land_use,km2,1.284944107613695e-06,2022,EXIOBASE v3.8.2 IOT_2022_ixi with Danish sea-transport reallocation (Rørmose Jensen & Iliev 2022)
MLT,Malta,Europe,Metal Products,blue_water_consumption,Mm3,1.2603736044738285e-06,2022,EXIOBASE v3.8.2 IOT_2022_ixi with Danish sea-transport reallocation (Rørmose Jensen & Iliev 2022)
HRV,Croatia,Europe,Natural gas and gaseous fuels,blue_water_consumption,Mm3,1.2379681743597216e-06,2022,EXIOBASE v3.8.2 IOT_2022_ixi with Danish sea-transport reallocation (Rørmose Jensen & Iliev 2022)
HRV,Croatia,Europe,Coal and Petroleum,blue_water_consumption,Mm3,1.149528531560925e-06,2022,EXIOBASE v3.8.2 IOT_2022_ixi with Danish sea-transport reallocation (Rørmose Jensen & Iliev 2022)
EST,Estonia,Europe,Minerals and Metals,blue_water_consumption,Mm3,1.1417636710840395e-06,2022,EXIOBASE v3.8.2 IOT_2022_ixi with Danish sea-transport reallocation (Rørmose Jensen & Iliev 2022)
HUN,Hungary,Europe,Natural gas and gaseous fuels,blue_water_consumption,Mm3,1.137692288483546e-06,2022,EXIOBASE v3.8.2 IOT_2022_ixi with Danish sea-transport reallocation (Rørmose Jensen & Iliev 2022)
GRC,Greece,Europe,Furniture and timber,blue_water_consumption,Mm3,1.1361809699993825e-06,2022,EXIOBASE v3.8.2 IOT_2022_ixi with Danish sea-transport reallocation (Rørmose Jensen & Iliev 2022)
MLT,Malta,Europe,"Electrical, electronic and measuring equipment",waste_generation,kt,1.1210658642468978e-06,2022,EXIOBASE v3.8.2 IOT_2022_ixi with Danish sea-transport reallocation (Rørmose Jensen & Iliev 2022)
ZAF,South Africa,Africa,"Steam, hot water supply and water distribution",waste_generation,kt,1.104499095223947e-06,2022,EXIOBASE v3.8.2 IOT_2022_ixi with Danish sea-transport reallocation (Rørmose Jensen & Iliev 2022)
CHE,Switzerland,Europe,Construction,blue_water_consumption,Mm3,1.103321303588128e-06,2022,EXIOBASE v3.8.2 IOT_2022_ixi with Danish sea-transport reallocation (Rørmose Jensen & Iliev 2022)
SVK,Slovakia,Europe,"Steam, hot water supply and water distribution",blue_water_consumption,Mm3,1.0881413734399341e-06,2022,EXIOBASE v3.8.2 IOT_2022_ixi with Danish sea-transport reallocation (Rørmose Jensen & Iliev 2022)
MLT,Malta,Europe,Minerals and Metals,waste_generation,kt,1.0690065366518995e-06,2022,EXIOBASE v3.8.2 IOT_2022_ixi with Danish sea-transport reallocation (Rørmose Jensen & Iliev 2022)
ESP,Spain,Europe,Natural gas and gaseous fuels,blue_water_consumption,Mm3,1.0536597618563518e-06,2022,EXIOBASE v3.8.2 IOT_2022_ixi with Danish sea-transport reallocation (Rørmose Jensen & Iliev 2022)
RoW Middle East,RoW Middle East,Middle East,"Electrical, electronic and measuring equipment",land_use,km2,1.0422070762089186e-06,2022,EXIOBASE v3.8.2 IOT_2022_ixi with Danish sea-transport reallocation (Rørmose Jensen & Iliev 2022)
CZE,Czech Republic,Europe,Electricity,blue_water_consumption,Mm3,1.0324170092462929e-06,2022,EXIOBASE v3.8.2 IOT_2022_ixi with Danish sea-transport reallocation (Rørmose Jensen & Iliev 2022)
ZAF,South Africa,Africa,Transport,blue_water_consumption,Mm3,9.56665510190418e-07,2022,EXIOBASE v3.8.2 IOT_2022_ixi with Danish sea-transport reallocation (Rørmose Jensen & Iliev 2022)
RoW Middle East,RoW Middle East,Middle East,Transport Equipment,land_use,km2,9.410535079871548e-07,2022,EXIOBASE v3.8.2 IOT_2022_ixi with Danish sea-transport reallocation (Rørmose Jensen & Iliev 2022)
IND,India,Asia and Pacific,Waste management and disposal,blue_water_consumption,Mm3,8.861720557220219e-07,2022,EXIOBASE v3.8.2 IOT_2022_ixi with Danish sea-transport reallocation (Rørmose Jensen & Iliev 2022)
IDN,Indonesia,Asia and Pacific,Transport Equipment,blue_water_consumption,Mm3,8.335013258259644e-07,2022,EXIOBASE v3.8.2 IOT_2022_ixi with Danish sea-transport reallocation (Rørmose Jensen & Iliev 2022)
EST,Estonia,Europe,Construction,blue_water_consumption,Mm3,8.275072609924856e-07,2022,EXIOBASE v3.8.2 IOT_2022_ixi with Danish sea-transport reallocation (Rørmose Jensen & Iliev 2022)
CZE,Czech Republic,Europe,"Steam, hot water supply and water distribution",blue_water_consumption,Mm3,8.192690910444975e-07,2022,EXIOBASE v3.8.2 IOT_2022_ixi with Danish sea-transport reallocation (Rørmose Jensen & Iliev 2022)
SVN,Slovenia,Europe,Minerals and Metals,blue_water_consumption,Mm3,8.011417293080628e-07,2022,EXIOBASE v3.8.2 IOT_2022_ixi with Danish sea-transport reallocation (Rørmose Jensen & Iliev 2022)
LVA,Latvia,Europe,Transport Equipment,blue_water_consumption,Mm3,7.749167978253915e-07,2022,EXIOBASE v3.8.2 IOT_2022_ixi with Danish sea-transport reallocation (Rørmose Jensen & Iliev 2022)
AUT,Austria,Europe,Construction,blue_water_consumption,Mm3,7.510729038719364e-07,2022,EXIOBASE v3.8.2 IOT_2022_ixi with Danish sea-transport reallocation (Rørmose Jensen & Iliev 2022)
ZAF,South Africa,Africa,Waste management and disposal,blue_water_consumption,Mm3,7.02494465019877e-07,2022,EXIOBASE v3.8.2 IOT_2022_ixi with Danish sea-transport reallocation (Rørmose Jensen & Iliev 2022)
LUX,Luxembourg,Europe,Construction,blue_water_consumption,Mm3,6.991604997652253e-07,2022,EXIOBASE v3.8.2 IOT_2022_ixi with Danish sea-transport reallocation (Rørmose Jensen & Iliev 2022)
RoW Middle East,RoW Middle East,Middle East,"Steam, hot water supply and water distribution",blue_water_consumption,Mm3,6.98803748859727e-07,2022,EXIOBASE v3.8.2 IOT_2022_ixi with Danish sea-transport reallocation (Rørmose Jensen & Iliev 2022)
IND,India,Asia and Pacific,General and special Machinery,material_extraction,kt,6.936109096979591e-07,2022,EXIOBASE v3.8.2 IOT_2022_ixi with Danish sea-transport reallocation (Rørmose Jensen & Iliev 2022)
MEX,Mexico,America,Services,blue_water_consumption,Mm3,6.900797050605768e-07,2022,EXIOBASE v3.8.2 IOT_2022_ixi with Danish sea-transport reallocation (Rørmose Jensen & Iliev 2022)
LVA,Latvia,Europe,Electricity,blue_water_consumption,Mm3,6.786812064342277e-07,2022,EXIOBASE v3.8.2 IOT_2022_ixi with Danish sea-transport reallocation (Rørmose Jensen & Iliev 2022)
NLD,Netherlands,Europe,Minerals and Metals,blue_water_consumption,Mm3,6.626323922189525e-07,2022,EXIOBASE v3.8.2 IOT_2022_ixi with Danish sea-transport reallocation (Rørmose Jensen & Iliev 2022)
SVK,Slovakia,Europe,Natural gas and gaseous fuels,blue_water_consumption,Mm3,6.602593341244531e-07,2022,EXIOBASE v3.8.2 IOT_2022_ixi with Danish sea-transport reallocation (Rørmose Jensen & Iliev 2022)
GRC,Greece,Europe,General and special Machinery,blue_water_consumption,Mm3,6.433372253126939e-07,2022,EXIOBASE v3.8.2 IOT_2022_ixi with Danish sea-transport reallocation (Rørmose Jensen & Iliev 2022)
HUN,Hungary,Europe,Minerals and Metals,blue_water_consumption,Mm3,6.331731833453017e-07,2022,EXIOBASE v3.8.2 IOT_2022_ixi with Danish sea-transport reallocation (Rørmose Jensen & Iliev 2022)
HRV,Croatia,Europe,Waste management and disposal,blue_water_consumption,Mm3,6.30267029679379e-07,2022,EXIOBASE v3.8.2 IOT_2022_ixi with Danish sea-transport reallocation (Rørmose Jensen & Iliev 2022)
EST,Estonia,Europe,"Steam, hot water supply and water distribution",blue_water_consumption,Mm3,5.995465618845967e-07,2022,EXIOBASE v3.8.2 IOT_2022_ixi with Danish sea-transport reallocation (Rørmose Jensen & Iliev 2022)
MLT,Malta,Europe,Non-metallic mineral products,blue_water_consumption,Mm3,5.894586396749311e-07,2022,EXIOBASE v3.8.2 IOT_2022_ixi with Danish sea-transport reallocation (Rørmose Jensen & Iliev 2022)
HRV,Croatia,Europe,"Steam, hot water supply and water distribution",blue_water_consumption,Mm3,5.875316657664179e-07,2022,EXIOBASE v3.8.2 IOT_2022_ixi with Danish sea-transport reallocation (Rørmose Jensen & Iliev 2022)
MEX,Mexico,America,Transport,blue_water_consumption,Mm3,5.845197950929119e-07,2022,EXIOBASE v3.8.2 IOT_2022_ixi with Danish sea-transport reallocation (Rørmose Jensen & Iliev 2022)
RoW Middle East,RoW Middle East,Middle East,Construction,blue_water_consumption,Mm3,5.777058838401453e-07,2022,EXIOBASE v3.8.2 IOT_2022_ixi with Danish sea-transport reallocation (Rørmose Jensen & Iliev 2022)
CYP,Cyprus,Middle East,General and special Machinery,waste_generation,kt,5.684814675119981e-07,2022,EXIOBASE v3.8.2 IOT_2022_ixi with Danish sea-transport reallocation (Rørmose Jensen & Iliev 2022)
ROU,Romania,Europe,Transport Equipment,blue_water_consumption,Mm3,5.51270354898404e-07,2022,EXIOBASE v3.8.2 IOT_2022_ixi with Danish sea-transport reallocation (Rørmose Jensen & Iliev 2022)
HRV,Croatia,Europe,Textile,land_use,km2,5.463398661809159e-07,2022,EXIOBASE v3.8.2 IOT_2022_ixi with Danish sea-transport reallocation (Rørmose Jensen & Iliev 2022)
AUT,Austria,Europe,Transport,blue_water_consumption,Mm3,5.232770104630091e-07,2022,EXIOBASE v3.8.2 IOT_2022_ixi with Danish sea-transport reallocation (Rørmose Jensen & Iliev 2022)
MLT,Malta,Europe,Textile,waste_generation,kt,5.131747590379465e-07,2022,EXIOBASE v3.8.2 IOT_2022_ixi with Danish sea-transport reallocation (Rørmose Jensen & Iliev 2022)
EST,Estonia,Europe,Transport,blue_water_consumption,Mm3,5.07425318151594e-07,2022,EXIOBASE v3.8.2 IOT_2022_ixi with Danish sea-transport reallocation (Rørmose Jensen & Iliev 2022)
CYP,Cyprus,Middle East,Non-metallic mineral products,blue_water_consumption,Mm3,4.918956087969206e-07,2022,EXIOBASE v3.8.2 IOT_2022_ixi with Danish sea-transport reallocation (Rørmose Jensen & Iliev 2022)
MLT,Malta,Europe,"Steam, hot water supply and water distribution",waste_generation,kt,4.613464733253268e-07,2022,EXIOBASE v3.8.2 IOT_2022_ixi with Danish sea-transport reallocation (Rørmose Jensen & Iliev 2022)
GRC,Greece,Europe,Coal and Petroleum,blue_water_consumption,Mm3,4.590835576012484e-07,2022,EXIOBASE v3.8.2 IOT_2022_ixi with Danish sea-transport reallocation (Rørmose Jensen & Iliev 2022)
CYP,Cyprus,Middle East,Furniture and timber,blue_water_consumption,Mm3,4.441816013963922e-07,2022,EXIOBASE v3.8.2 IOT_2022_ixi with Danish sea-transport reallocation (Rørmose Jensen & Iliev 2022)
CYP,Cyprus,Middle East,Transport Equipment,waste_generation,kt,4.411159489737345e-07,2022,EXIOBASE v3.8.2 IOT_2022_ixi with Danish sea-transport reallocation (Rørmose Jensen & Iliev 2022)
MLT,Malta,Europe,Construction,blue_water_consumption,Mm3,4.358484715901388e-07,2022,EXIOBASE v3.8.2 IOT_2022_ixi with Danish sea-transport reallocation (Rørmose Jensen & Iliev 2022)
MLT,Malta,Europe,"Electrical, electronic and measuring equipment",land_use,km2,4.303660002060646e-07,2022,EXIOBASE v3.8.2 IOT_2022_ixi with Danish sea-transport reallocation (Rørmose Jensen & Iliev 2022)
CYP,Cyprus,Middle East,"Steam, hot water supply and water distribution",climate_change,kt CO2eq,3.873056580301597e-07,2022,EXIOBASE v3.8.2 IOT_2022_ixi with Danish sea-transport reallocation (Rørmose Jensen & Iliev 2022)
MLT,Malta,Europe,Metal Products,waste_generation,kt,3.799649260411402e-07,2022,EXIOBASE v3.8.2 IOT_2022_ixi with Danish sea-transport reallocation (Rørmose Jensen & Iliev 2022)
HUN,Hungary,Europe,Non-metallic mineral products,land_use,km2,3.7403023769838087e-07,2022,EXIOBASE v3.8.2 IOT_2022_ixi with Danish sea-transport reallocation (Rørmose Jensen & Iliev 2022)
HRV,Croatia,Europe,Transport,blue_water_consumption,Mm3,3.6985313063625337e-07,2022,EXIOBASE v3.8.2 IOT_2022_ixi with Danish sea-transport reallocation (Rørmose Jensen & Iliev 2022)
RoW Africa,RoW Africa,Africa,Furniture and timber,material_extraction,kt,3.5656583958835593e-07,2022,EXIOBASE v3.8.2 IOT_2022_ixi with Danish sea-transport reallocation (Rørmose Jensen & Iliev 2022)
GBR,United Kingdom,Europe,Natural gas and gaseous fuels,blue_water_consumption,Mm3,3.47032218378022e-07,2022,EXIOBASE v3.8.2 IOT_2022_ixi with Danish sea-transport reallocation (Rørmose Jensen & Iliev 2022)
RoW Africa,RoW Africa,Africa,Transport Equipment,material_extraction,kt,3.4543677517196384e-07,2022,EXIOBASE v3.8.2 IOT_2022_ixi with Danish sea-transport reallocation (Rørmose Jensen & Iliev 2022)
CYP,Cyprus,Middle East,Textile,waste_generation,kt,3.3391147751079794e-07,2022,EXIOBASE v3.8.2 IOT_2022_ixi with Danish sea-transport reallocation (Rørmose Jensen & Iliev 2022)
LUX,Luxembourg,Europe,Minerals and Metals,blue_water_consumption,Mm3,3.324356831519957e-07,2022,EXIOBASE v3.8.2 IOT_2022_ixi with Danish sea-transport reallocation (Rørmose Jensen & Iliev 2022)
MLT,Malta,Europe,General and special Machinery,waste_generation,kt,3.220437365307304e-07,2022,EXIOBASE v3.8.2 IOT_2022_ixi with Danish sea-transport reallocation (Rørmose Jensen & Iliev 2022)
MLT,Malta,Europe,Textile,blue_water_consumption,Mm3,2.9622370477565245e-07,2022,EXIOBASE v3.8.2 IOT_2022_ixi with Danish sea-transport reallocation (Rørmose Jensen & Iliev 2022)
AUT,Austria,Europe,"Steam, hot water supply and water distribution",blue_water_consumption,Mm3,2.9325136954052894e-07,2022,EXIOBASE v3.8.2 IOT_2022_ixi with Danish sea-transport reallocation (Rørmose Jensen & Iliev 2022)
LTU,Lithuania,Europe,Coal and Petroleum,blue_water_consumption,Mm3,2.662470463714075e-07,2022,EXIOBASE v3.8.2 IOT_2022_ixi with Danish sea-transport reallocation (Rørmose Jensen & Iliev 2022)
SVN,Slovenia,Europe,Coal and Petroleum,blue_water_consumption,Mm3,2.496908835882479e-07,2022,EXIOBASE v3.8.2 IOT_2022_ixi with Danish sea-transport reallocation (Rørmose Jensen & Iliev 2022)
LTU,Lithuania,Europe,Minerals and Metals,blue_water_consumption,Mm3,2.3700200099516188e-07,2022,EXIOBASE v3.8.2 IOT_2022_ixi with Danish sea-transport reallocation (Rørmose Jensen & Iliev 2022)
SVN,Slovenia,Europe,Transport Equipment,blue_water_consumption,Mm3,2.3261064660768664e-07,2022,EXIOBASE v3.8.2 IOT_2022_ixi with Danish sea-transport reallocation (Rørmose Jensen & Iliev 2022)
CYP,Cyprus,Middle East,Minerals and Metals,waste_generation,kt,2.2579282362528637e-07,2022,EXIOBASE v3.8.2 IOT_2022_ixi with Danish sea-transport reallocation (Rørmose Jensen & Iliev 2022)
SVN,Slovenia,Europe,Construction,blue_water_consumption,Mm3,2.23208045515308e-07,2022,EXIOBASE v3.8.2 IOT_2022_ixi with Danish sea-transport reallocation (Rørmose Jensen & Iliev 2022)
MLT,Malta,Europe,"Electrical, electronic and measuring equipment",blue_water_consumption,Mm3,1.983337873851861e-07,2022,EXIOBASE v3.8.2 IOT_2022_ixi with Danish sea-transport reallocation (Rørmose Jensen & Iliev 2022)
FRA,France,Europe,Services,material_extraction,kt,1.966626716117929e-07,2022,EXIOBASE v3.8.2 IOT_2022_ixi with Danish sea-transport reallocation (Rørmose Jensen & Iliev 2022)
LUX,Luxembourg,Europe,Natural gas and gaseous fuels,blue_water_consumption,Mm3,1.936939946750895e-07,2022,EXIOBASE v3.8.2 IOT_2022_ixi with Danish sea-transport reallocation (Rørmose Jensen & Iliev 2022)
GBR,United Kingdom,Europe,"Steam, hot water supply and water distribution",blue_water_consumption,Mm3,1.9131978700244432e-07,2022,EXIOBASE v3.8.2 IOT_2022_ixi with Danish sea-transport reallocation (Rørmose Jensen & Iliev 2022)
MLT,Malta,Europe,General and special Machinery,blue_water_consumption,Mm3,1.875971524474654e-07,2022,EXIOBASE v3.8.2 IOT_2022_ixi with Danish sea-transport reallocation (Rørmose Jensen & Iliev 2022)
LVA,Latvia,Europe,Coal and Petroleum,blue_water_consumption,Mm3,1.800376793223873e-07,2022,EXIOBASE v3.8.2 IOT_2022_ixi with Danish sea-transport reallocation (Rørmose Jensen & Iliev 2022)
MLT,Malta,Europe,Furniture and timber,blue_water_consumption,Mm3,1.665825710738078e-07,2022,EXIOBASE v3.8.2 IOT_2022_ixi with Danish sea-transport reallocation (Rørmose Jensen & Iliev 2022)
AUS,Australia,Asia and Pacific,Transport Equipment,blue_water_consumption,Mm3,1.649815764223881e-07,2022,EXIOBASE v3.8.2 IOT_2022_ixi with Danish sea-transport reallocation (Rørmose Jensen & Iliev 2022)
CHE,Switzerland,Europe,Coal and Petroleum,blue_water_consumption,Mm3,1.643173431710426e-07,2022,EXIOBASE v3.8.2 IOT_2022_ixi with Danish sea-transport reallocation (Rørmose Jensen & Iliev 2022)
CYP,Cyprus,Middle East,General and special Machinery,blue_water_consumption,Mm3,1.557566307066397e-07,2022,EXIOBASE v3.8.2 IOT_2022_ixi with Danish sea-transport reallocation (Rørmose Jensen & Iliev 2022)
CHE,Switzerland,Europe,"Steam, hot water supply and water distribution",blue_water_consumption,Mm3,1.5309985957316918e-07,2022,EXIOBASE v3.8.2 IOT_2022_ixi with Danish sea-transport reallocation (Rørmose Jensen & Iliev 2022)
BRA,Brazil,America,Waste management and disposal,blue_water_consumption,Mm3,1.510246238567361e-07,2022,EXIOBASE v3.8.2 IOT_2022_ixi with Danish sea-transport reallocation (Rørmose Jensen & Iliev 2022)
CAN,Canada,America,Waste management and disposal,blue_water_consumption,Mm3,1.4955652697961464e-07,2022,EXIOBASE v3.8.2 IOT_2022_ixi with Danish sea-transport reallocation (Rørmose Jensen & Iliev 2022)
MEX,Mexico,America,"Steam, hot water supply and water distribution",waste_generation,kt,1.480187249478024e-07,2022,EXIOBASE v3.8.2 IOT_2022_ixi with Danish sea-transport reallocation (Rørmose Jensen & Iliev 2022)
CYP,Cyprus,Middle East,"Electrical, electronic and measuring equipment",waste_generation,kt,1.438458895425041e-07,2022,EXIOBASE v3.8.2 IOT_2022_ixi with Danish sea-transport reallocation (Rørmose Jensen & Iliev 2022)
MLT,Malta,Europe,Coal and Petroleum,blue_water_consumption,Mm3,1.418381077577583e-07,2022,EXIOBASE v3.8.2 IOT_2022_ixi with Danish sea-transport reallocation (Rørmose Jensen & Iliev 2022)
IRL,Ireland,Europe,Services,blue_water_consumption,Mm3,1.3485931959949188e-07,2022,EXIOBASE v3.8.2 IOT_2022_ixi with Danish sea-transport reallocation (Rørmose Jensen & Iliev 2022)
MEX,Mexico,America,Transport Equipment,material_extraction,kt,1.291404013031116e-07,2022,EXIOBASE v3.8.2 IOT_2022_ixi with Danish sea-transport reallocation (Rørmose Jensen & Iliev 2022)
FIN,Finland,Europe,"Steam, hot water supply and water distribution",blue_water_consumption,Mm3,1.096734406018551e-07,2022,EXIOBASE v3.8.2 IOT_2022_ixi with Danish sea-transport reallocation (Rørmose Jensen & Iliev 2022)
LVA,Latvia,Europe,Natural gas and gaseous fuels,blue_water_consumption,Mm3,1.094072320277483e-07,2022,EXIOBASE v3.8.2 IOT_2022_ixi with Danish sea-transport reallocation (Rørmose Jensen & Iliev 2022)
NLD,Netherlands,Europe,Natural gas and gaseous fuels,blue_water_consumption,Mm3,9.056730151214185e-08,2022,EXIOBASE v3.8.2 IOT_2022_ixi with Danish sea-transport reallocation (Rørmose Jensen & Iliev 2022)
BRA,Brazil,America,"Steam, hot water supply and water distribution",climate_change,kt CO2eq,8.904243594374819e-08,2022,EXIOBASE v3.8.2 IOT_2022_ixi with Danish sea-transport reallocation (Rørmose Jensen & Iliev 2022)
BRA,Brazil,America,Transport,blue_water_consumption,Mm3,8.70202742131966e-08,2022,EXIOBASE v3.8.2 IOT_2022_ixi with Danish sea-transport reallocation (Rørmose Jensen & Iliev 2022)
CAN,Canada,America,Construction,blue_water_consumption,Mm3,7.792404463525763e-08,2022,EXIOBASE v3.8.2 IOT_2022_ixi with Danish sea-transport reallocation (Rørmose Jensen & Iliev 2022)
MLT,Malta,Europe,Minerals and Metals,blue_water_consumption,Mm3,7.553666186081719e-08,2022,EXIOBASE v3.8.2 IOT_2022_ixi with Danish sea-transport reallocation (Rørmose Jensen & Iliev 2022)
DNK,Denmark,Denmark,Coal and Petroleum,blue_water_consumption,Mm3,7.493213318808191e-08,2022,EXIOBASE v3.8.2 IOT_2022_ixi with Danish sea-transport reallocation (Rørmose Jensen & Iliev 2022)
AUS,Australia,Asia and Pacific,Natural gas and gaseous fuels,waste_generation,kt,6.400859015080094e-08,2022,EXIOBASE v3.8.2 IOT_2022_ixi with Danish sea-transport reallocation (Rørmose Jensen & Iliev 2022)
MLT,Malta,Europe,Transport Equipment,blue_water_consumption,Mm3,5.772387745705547e-08,2022,EXIOBASE v3.8.2 IOT_2022_ixi with Danish sea-transport reallocation (Rørmose Jensen & Iliev 2022)
ZAF,South Africa,Africa,Natural gas and gaseous fuels,waste_generation,kt,5.720795979306442e-08,2022,EXIOBASE v3.8.2 IOT_2022_ixi with Danish sea-transport reallocation (Rørmose Jensen & Iliev 2022)
IDN,Indonesia,Asia and Pacific,Natural gas and gaseous fuels,waste_generation,kt,5.018820018875001e-08,2022,EXIOBASE v3.8.2 IOT_2022_ixi with Danish sea-transport reallocation (Rørmose Jensen & Iliev 2022)
CYP,Cyprus,Middle East,Services,blue_water_consumption,Mm3,4.089410667522829e-08,2022,EXIOBASE v3.8.2 IOT_2022_ixi with Danish sea-transport reallocation (Rørmose Jensen & Iliev 2022)
MLT,Malta,Europe,Electricity,blue_water_consumption,Mm3,3.84265200946081e-08,2022,EXIOBASE v3.8.2 IOT_2022_ixi with Danish sea-transport reallocation (Rørmose Jensen & Iliev 2022)
RoW Africa,RoW Africa,Africa,"Steam, hot water supply and water distribution",material_extraction,kt,3.755393876251483e-08,2022,EXIOBASE v3.8.2 IOT_2022_ixi with Danish sea-transport reallocation (Rørmose Jensen & Iliev 2022)
CYP,Cyprus,Middle East,Electricity,waste_generation,kt,3.255149581996541e-08,2022,EXIOBASE v3.8.2 IOT_2022_ixi with Danish sea-transport reallocation (Rørmose Jensen & Iliev 2022)
ITA,Italy,Europe,Construction,blue_water_consumption,Mm3,3.196197271428051e-08,2022,EXIOBASE v3.8.2 IOT_2022_ixi with Danish sea-transport reallocation (Rørmose Jensen & Iliev 2022)
CYP,Cyprus,Middle East,"Electrical, electronic and measuring equipment",blue_water_consumption,Mm3,3.01596566581694e-08,2022,EXIOBASE v3.8.2 IOT_2022_ixi with Danish sea-transport reallocation (Rørmose Jensen & Iliev 2022)
TUR,Turkey,Middle East,Natural gas and gaseous fuels,blue_water_consumption,Mm3,3.008382485076179e-08,2022,EXIOBASE v3.8.2 IOT_2022_ixi with Danish sea-transport reallocation (Rørmose Jensen & Iliev 2022)
FIN,Finland,Europe,Transport,blue_water_consumption,Mm3,2.8606019156818718e-08,2022,EXIOBASE v3.8.2 IOT_2022_ixi with Danish sea-transport reallocation (Rørmose Jensen & Iliev 2022)
FIN,Finland,Europe,Construction,blue_water_consumption,Mm3,2.411693440298859e-08,2022,EXIOBASE v3.8.2 IOT_2022_ixi with Danish sea-transport reallocation (Rørmose Jensen & Iliev 2022)
MEX,Mexico,America,"Steam, hot water supply and water distribution",blue_water_consumption,Mm3,2.241115366928694e-08,2022,EXIOBASE v3.8.2 IOT_2022_ixi with Danish sea-transport reallocation (Rørmose Jensen & Iliev 2022)
RoW Africa,RoW Africa,Africa,Transport Equipment,land_use,km2,1.645892265069194e-08,2022,EXIOBASE v3.8.2 IOT_2022_ixi with Danish sea-transport reallocation (Rørmose Jensen & Iliev 2022)
PRT,Portugal,Europe,"Steam, hot water supply and water distribution",blue_water_consumption,Mm3,1.5106866315560537e-08,2022,EXIOBASE v3.8.2 IOT_2022_ixi with Danish sea-transport reallocation (Rørmose Jensen & Iliev 2022)
PRT,Portugal,Europe,Natural gas and gaseous fuels,blue_water_consumption,Mm3,1.215557076988892e-08,2022,EXIOBASE v3.8.2 IOT_2022_ixi with Danish sea-transport reallocation (Rørmose Jensen & Iliev 2022)
CHE,Switzerland,Europe,Natural gas and gaseous fuels,blue_water_consumption,Mm3,1.2010225592141925e-08,2022,EXIOBASE v3.8.2 IOT_2022_ixi with Danish sea-transport reallocation (Rørmose Jensen & Iliev 2022)
IND,India,Asia and Pacific,Waste management and disposal,material_extraction,kt,8.803704684253852e-09,2022,EXIOBASE v3.8.2 IOT_2022_ixi with Danish sea-transport reallocation (Rørmose Jensen & Iliev 2022)
MEX,Mexico,America,Natural gas and gaseous fuels,blue_water_consumption,Mm3,7.583907899590568e-09,2022,EXIOBASE v3.8.2 IOT_2022_ixi with Danish sea-transport reallocation (Rørmose Jensen & Iliev 2022)
RoW Africa,RoW Africa,Africa,"Electrical, electronic and measuring equipment",land_use,km2,7.39757608612858e-09,2022,EXIOBASE v3.8.2 IOT_2022_ixi with Danish sea-transport reallocation (Rørmose Jensen & Iliev 2022)
GRC,Greece,Europe,Transport,blue_water_consumption,Mm3,6.876383033669465e-09,2022,EXIOBASE v3.8.2 IOT_2022_ixi with Danish sea-transport reallocation (Rørmose Jensen & Iliev 2022)
CYP,Cyprus,Middle East,Coal and Petroleum,waste_generation,kt,6.134825878528243e-09,2022,EXIOBASE v3.8.2 IOT_2022_ixi with Danish sea-transport reallocation (Rørmose Jensen & Iliev 2022)
LVA,Latvia,Europe,"Steam, hot water supply and water distribution",blue_water_consumption,Mm3,5.865324800335732e-09,2022,EXIOBASE v3.8.2 IOT_2022_ixi with Danish sea-transport reallocation (Rørmose Jensen & Iliev 2022)
CYP,Cyprus,Middle East,Transport Equipment,blue_water_consumption,Mm3,5.77045116011826e-09,2022,EXIOBASE v3.8.2 IOT_2022_ixi with Danish sea-transport reallocation (Rørmose Jensen & Iliev 2022)
AUS,Australia,Asia and Pacific,Transport,blue_water_consumption,Mm3,4.59523701299845e-09,2022,EXIOBASE v3.8.2 IOT_2022_ixi with Danish sea-transport reallocation (Rørmose Jensen & Iliev 2022)
MEX,Mexico,America,"Steam, hot water supply and water distribution",climate_change,kt CO2eq,4.566069192191118e-09,2022,EXIOBASE v3.8.2 IOT_2022_ixi with Danish sea-transport reallocation (Rørmose Jensen & Iliev 2022)
GRC,Greece,Europe,Transport Equipment,blue_water_consumption,Mm3,3.3097362624629978e-09,2022,EXIOBASE v3.8.2 IOT_2022_ixi with Danish sea-transport reallocation (Rørmose Jensen & Iliev 2022)
CYP,Cyprus,Middle East,"Steam, hot water supply and water distribution",waste_generation,kt,2.374100668145974e-09,2022,EXIOBASE v3.8.2 IOT_2022_ixi with Danish sea-transport reallocation (Rørmose Jensen & Iliev 2022)
IRL,Ireland,Europe,Natural gas and gaseous fuels,blue_water_consumption,Mm3,2.300724233800746e-09,2022,EXIOBASE v3.8.2 IOT_2022_ixi with Danish sea-transport reallocation (Rørmose Jensen & Iliev 2022)
CYP,Cyprus,Middle East,Natural gas and gaseous fuels,climate_change,kt CO2eq,1.813735810056754e-09,2022,EXIOBASE v3.8.2 IOT_2022_ixi with Danish sea-transport reallocation (Rørmose Jensen & Iliev 2022)
TUR,Turkey,Middle East,Construction,blue_water_consumption,Mm3,1.304426108612189e-09,2022,EXIOBASE v3.8.2 IOT_2022_ixi with Danish sea-transport reallocation (Rørmose Jensen & Iliev 2022)
CYP,Cyprus,Middle East,Waste management and disposal,blue_water_consumption,Mm3,1.2989092332773848e-09,2022,EXIOBASE v3.8.2 IOT_2022_ixi with Danish sea-transport reallocation (Rørmose Jensen & Iliev 2022)
NLD,Netherlands,Europe,"Steam, hot water supply and water distribution",blue_water_consumption,Mm3,1.073139723628861e-09,2022,EXIOBASE v3.8.2 IOT_2022_ixi with Danish sea-transport reallocation (Rørmose Jensen & Iliev 2022)
AUS,Australia,Asia and Pacific,Construction,blue_water_consumption,Mm3,1.00871258703193e-09,2022,EXIOBASE v3.8.2 IOT_2022_ixi with Danish sea-transport reallocation (Rørmose Jensen & Iliev 2022)
FIN,Finland,Europe,Natural gas and gaseous fuels,blue_water_consumption,Mm3,9.218041999295081e-10,2022,EXIOBASE v3.8.2 IOT_2022_ixi with Danish sea-transport reallocation (Rørmose Jensen & Iliev 2022)
IDN,Indonesia,Asia and Pacific,"Steam, hot water supply and water distribution",waste_generation,kt,9.068973634689526e-10,2022,EXIOBASE v3.8.2 IOT_2022_ixi with Danish sea-transport reallocation (Rørmose Jensen & Iliev 2022)
CYP,Cyprus,Middle East,Natural gas and gaseous fuels,waste_generation,kt,7.939148930650281e-10,2022,EXIOBASE v3.8.2 IOT_2022_ixi with Danish sea-transport reallocation (Rørmose Jensen & Iliev 2022)
BRA,Brazil,America,"Steam, hot water supply and water distribution",waste_generation,kt,7.494648663002258e-10,2022,EXIOBASE v3.8.2 IOT_2022_ixi with Danish sea-transport reallocation (Rørmose Jensen & Iliev 2022)
MEX,Mexico,America,Construction,blue_water_consumption,Mm3,4.245823414545625e-10,2022,EXIOBASE v3.8.2 IOT_2022_ixi with Danish sea-transport reallocation (Rørmose Jensen & Iliev 2022)
RoW Africa,RoW Africa,Africa,Construction,material_extraction,kt,3.56803746087749e-10,2022,EXIOBASE v3.8.2 IOT_2022_ixi with Danish sea-transport reallocation (Rørmose Jensen & Iliev 2022)
MLT,Malta,Europe,Coal and Petroleum,waste_generation,kt,2.434664168761238e-10,2022,EXIOBASE v3.8.2 IOT_2022_ixi with Danish sea-transport reallocation (Rørmose Jensen & Iliev 2022)
BRA,Brazil,America,Natural gas and gaseous fuels,blue_water_consumption,Mm3,1.748328706555007e-10,2022,EXIOBASE v3.8.2 IOT_2022_ixi with Danish sea-transport reallocation (Rørmose Jensen & Iliev 2022)
SWE,Sweden,Europe,Natural gas and gaseous fuels,blue_water_consumption,Mm3,7.415841862223069e-11,2022,EXIOBASE v3.8.2 IOT_2022_ixi with Danish sea-transport reallocation (Rørmose Jensen & Iliev 2022)
SVN,Slovenia,Europe,Natural gas and gaseous fuels,blue_water_consumption,Mm3,1.325587654067606e-11,2022,EXIOBASE v3.8.2 IOT_2022_ixi with Danish sea-transport reallocation (Rørmose Jensen & Iliev 2022)
MLT,Malta,Europe,Natural gas and gaseous fuels,waste_generation,kt,9.52008793116559e-15,2022,EXIOBASE v3.8.2 IOT_2022_ixi with Danish sea-transport reallocation (Rørmose Jensen & Iliev 2022)
